cat,h_tier1,h_tier2,h_tier3,h_tier4,h_tier5,hospital_1,hospital_2,hospital_3,hospital_4,hospital_5,schools,school_total_demand,lat,lon,distance_grid_km,pop_sum,density,cooling,rwi,rwi_std,pv (kW),battery (kWh),capital_cost (k€),o_and_m_cost (k€),battery_replacement_cost (k€),lcoe (€/kWh),salvage_value (k€),demand_year1_kwh
GHSL_1,6,104,5,0,0,0,0,0,0,0,2,6057400.0,7.669098415810463,16.448283203835484,349.26,576.641749382019,3986.37946936475,OM,-0.159,0.2416978781442573,43.131313,50.948514,65.47061386355875,8.522058288311557,13.748960637712845,0.6648710388721801,1.5762330164766412,12156.802345028877
GHSL_2,36,93,0,0,0,0,0,0,0,0,0,0.0,7.598566418376982,16.510511345645575,339.11,644.384867668152,3785.6185831599,OM,-0.471,0.2416978781442573,7.903134,34.334134,31.34797125352353,5.2000303619456245,9.705596976066984,0.7850066909854376,0.6587077441685899,6187.885381620999
GHSL_3,72,48,0,0,0,0,0,0,0,0,1,4120600.000000001,7.535462997934513,18.640302146484768,297.8,601.46232509613,3211.8417052724,OM,-0.725,0.3711250603242535,22.271995,43.368613,44.22001996762267,6.396433486652961,11.414131407000008,0.6173159430245531,0.8556627817280963,9435.13752090549
GHSL_4,20,206,6,0,0,0,0,0,0,0,1,2251100.0,7.53676650942089,17.886368635639208,289.7,1157.09932231903,5910.32262544454,OM,-0.239,0.3711250603242535,23.977036,87.90425,78.78848862706292,13.214344949397535,20.42305446431658,0.7902267719428955,2.3023333600246003,14233.4233453899
GHSL_5,10,136,5,0,0,0,0,0,0,0,0,0.0,7.5083308413228975,15.544677425363703,394.82,753.909065246582,3850.87582362793,OM,-0.198,0.2213951926979405,6.496622,94.416704,69.43095203548687,13.53672554373073,12.488593398704875,1.287794572258964,0.0159495044159158,7895.592792883669
GHSL_6,94,199,1,0,0,0,0,0,0,0,3,5428200.000000001,7.46083459946641,15.623194220439018,385.05,1466.03039169312,5938.30284592374,OM,-0.508,0.2213951926979405,46.812909,83.151789,92.89485969130637,13.274695667434228,25.7394177072128,0.6650338100861694,1.262883429395624,19450.5143859007
GHSL_7,47,203,2,0,0,0,0,0,0,0,2,2364000.0,7.427538650979016,15.516124166849291,390.62,1262.45429706573,5295.70747787566,OM,-0.383,0.2213951926979405,14.833456,122.771416,91.58715594888264,16.762016496697235,21.604923465146456,0.8907104781665964,0.5575961521331706,14832.988687829431
GHSL_8,5,106,6,0,0,1,0,0,0,0,2,1680000.0,7.369809712449317,16.35042624306758,326.81,585.96853351593,3621.89655107662,OM,-0.145,0.2416978781442573,14.630193,170.52944,118.33766918034426,22.399370141504065,13.15458972274796,1.458768140868176,0.8194901899026936,10721.525645192896
GHSL_9,20,116,1,0,0,0,0,0,0,0,0,0.0,7.363644019245125,21.597865057800387,466.46,688.581916809082,3850.8062344271,OM,-0.335,0.3795888474677102,14.041853,25.87694,32.30416622330109,4.684624432636782,10.704443281857234,0.7422679095547123,0.0547983469504624,6837.482767421333
GHSL_10,4,169,19,0,0,0,0,0,0,0,1,10122100.0,7.31301342015633,18.32204110113898,267.06,958.43718624115,3880.87812896272,OM,-0.029,0.3711250603242535,60.088399,90.48637,103.42489460723382,14.060598418338625,24.428084196048054,0.6266625299919322,2.2926889768890413,20979.17152309189
GHSL_11,20,423,25,0,0,0,0,0,0,0,2,6354000.0,7.300290313211486,15.528718949497822,379.78,2338.5223236084,6240.71413636907,OM,-0.131,0.2213951926979405,55.010126,143.127795,144.55007290806333,22.447049052667055,43.96048573915763,0.6678551851524288,2.699251446278374,31490.672781386776
GHSL_12,14,120,3,0,0,0,0,0,0,0,0,0.0,7.302900627831911,16.5963037690397,306.02,678.73414516449,3985.05251975393,OM,-0.264,0.2416978781442573,18.709783,25.543365,35.631157157459704,5.714253854252007,11.015276879962965,0.7828881713258188,0.7753009104839987,7019.826853989667
GHSL_13,49,73,0,0,0,0,0,0,0,0,2,2765000.0,7.293990335859988,15.5326793276224,378.98,608.253746032715,4761.09542509268,OM,-0.574,0.2213951926979405,14.577191,133.056712,89.86863534694479,16.408919833751963,11.120173493666186,1.3465107246825556,1.1344101881595394,8445.628449454915
GHSL_14,64,68,0,0,0,0,0,0,0,0,0,0.0,7.292198882167678,16.67525335846292,300.66,656.738880157471,3671.86568128433,OM,-0.637,0.2416978781442573,6.948544,37.26309,32.53634708054672,5.648384105187082,9.446153899305724,0.8392378981336492,0.2062866827640169,6020.298335916
GHSL_15,10,169,8,0,0,0,0,0,0,0,0,0.0,7.289050562957398,21.886298454403565,484.09,933.200737953186,4214.19937479424,OM,-0.16,0.3795888474677102,9.608586,61.681082,52.47728078334831,8.885049653136143,15.58505752101752,0.8144939133560346,1.199117776102997,9907.961608392668
GHSL_16,59,232,2,0,0,0,0,0,0,0,2,3074600.0,7.272163437652189,15.37976192684099,389.74,1465.34515190125,5932.73959950786,OM,-0.398,0.2213951926979405,48.291412,70.661557,90.35272607881112,13.852728090457235,24.73713961967057,0.7370940229622608,2.0441679054787243,17503.880447177085
GHSL_17,58,259,2,0,0,0,0,0,0,0,0,0.0,7.259565935413565,15.836327065541218,352.71,1596.99301052094,5682.01568528161,OM,-0.376,0.2213951926979405,19.291971,201.607459,154.8675579576611,29.341907097999936,24.867686339702953,1.4120996401702806,0.0375423026535989,15771.125256346666
GHSL_18,22,127,2,0,0,0,1,0,0,0,2,2229200.0,7.256887873594052,15.528726575587314,376.48,752.26894569397,4906.97654164853,OM,-0.33,0.2213951926979405,35.304655,319.230431,236.90910597153535,44.339376274100765,25.799289613744858,1.3180253661777448,0.9543187674923084,24134.467684869953
GHSL_19,151,126,0,0,0,0,0,0,0,0,0,0.0,7.230335590857997,18.876048833059805,273.25,1382.57514095306,4773.8876184449,OM,-0.683,0.3482519792665085,17.715665,96.622961,84.40205487952015,14.744468157867,19.46387419358964,1.0154282609531842,0.0223031105745799,12442.031078327831
GHSL_20,69,47,0,0,0,0,0,0,0,0,2,2361400.0,7.2054691354892775,15.317502845394191,390.1,583.792730331421,4283.52261630826,OM,-0.72,0.2213951926979405,19.787714,32.400518,37.08539596417167,5.281053943418066,9.722624442029888,0.6741108501592412,0.5268107172772274,7505.666784533974
GHSL_21,36,134,1,0,0,0,0,0,0,0,0,0.0,7.209092654101195,18.32619550294697,255.71,856.230381965637,4569.09636259919,OM,-0.407,0.3711250603242535,9.022231,50.676817,44.43383529098054,7.457787154559265,13.17146467642,0.8150587028615682,0.846943183855496,8393.725708800666
GHSL_22,72,63,0,0,0,0,0,0,0,0,2,1680000.0,7.195116538036609,17.690798356438858,253.98,676.469278335571,4179.32224770372,OM,-0.673,0.3711250603242535,18.735373,29.781834,36.76980066446164,5.122469027838743,10.610271799572743,0.6761456033982702,0.3354277787476449,7762.062835172998
GHSL_23,67,67,0,0,0,0,0,0,0,0,0,0.0,7.189258144598457,18.93095245489053,271.26,672.524065971375,4643.76560333217,OM,-0.65,0.3482519792665085,6.494211,39.69468,34.11044226631441,5.815306141992605,9.538953563268535,0.8546281596127776,0.6254530710612421,6088.2323237981645
GHSL_24,40,64,0,0,0,0,0,0,0,0,1,2399900.0,7.183896509697929,17.596329233191245,254.38,521.849542617798,4375.50972295372,OM,-0.56,0.3711250603242535,27.277089,29.045699,41.03726959245456,6.17184434744692,9.300321569685387,0.7394055087835131,1.566280783713189,7262.70619001275
GHSL_25,93,106,0,0,0,0,0,0,0,0,2,2400000.0,7.172535447273826,16.39083221489687,306.38,998.202890396118,4040.47298086678,OM,-0.624,0.2416978781442573,29.922736,42.371867,55.484869778070866,7.691502370688515,15.859444938161255,0.686175985521514,0.6533248408910395,11516.01863415283
GHSL_26,283,252,0,0,0,0,0,0,0,0,1,4218100.0,7.170006337292925,17.386103227907004,258.02,2679.37578773499,7862.94103690276,OM,-0.671,0.2146528583959602,28.956417,227.937497,172.16697811984906,31.324566869901027,41.32291823225261,0.880565773073152,1.0118567651476962,28347.84738397644
GHSL_27,174,97,0,0,0,0,0,0,0,0,1,2008900.0,7.168649055211842,17.426480100275157,256.73,1361.78423786163,5512.1583715979,OM,-0.758,0.2495933009421506,13.914634,158.234669,113.8132200151093,21.658983220873846,20.260074334616036,1.14613413283376,0.5207283767155452,13880.166732687763
GHSL_28,88,112,0,0,0,0,0,0,0,0,2,3311600.0,7.150490756345846,18.97942747284168,269.41,1003.89780235291,4063.52454494378,OM,-0.604,0.3482519792665085,21.921257,83.21773,69.94968315067544,11.698047254993435,16.945041699465147,0.7685503003067841,1.6502079174237854,12536.124887207805
GHSL_29,87,287,2,0,0,0,0,0,0,0,2,4177399.999999999,7.138749822248756,16.39028494141825,303.42,1878.9725894928,4241.58801026845,OM,-0.429,0.2416978781442573,26.796077,188.348048,143.59821486049393,25.68280965931003,32.09698722649502,0.9014815608308232,1.0854318267282506,22532.562014617375
GHSL_30,29,97,1,0,0,0,0,0,0,0,2,5878000.0,7.117764290744698,16.31444282374983,306.55,633.593884468079,4131.41552209232,OM,-0.426,0.2416978781442573,31.607433,53.842999,57.75258940011967,8.09779697850101,14.053219527437792,0.6117501897069401,1.2259052560281136,12100.5911252262
GHSL_31,82,310,2,0,0,0,0,0,0,0,0,0.0,7.111368093257477,16.39156613259498,300.85,1970.26691913605,4363.24501536019,OM,-0.404,0.2416978781442573,17.589303,147.999771,118.0035784915691,21.81654130531581,30.472374983423588,0.9382297436964016,0.0292442962675203,19333.530246023667
GHSL_32,76,226,1,0,0,0,0,0,0,0,0,0.0,7.1063150350346245,16.429103917235015,297.96,1515.38339328766,5231.23237119462,OM,-0.448,0.2416978781442573,14.67416,112.555695,90.98767620683309,16.69572920533022,23.13455337725152,0.948619819677133,0.0226235582959294,14689.245860064664
GHSL_33,38,295,6,0,0,0,0,0,0,0,2,15810200.0,7.094586128806238,16.384856537864774,299.81,1692.65669536591,4054.46175952358,OM,-0.284,0.2416978781442573,52.810618,331.476957,235.2468597553098,40.71243022684701,40.87668490225108,0.8917516087647243,4.053150131748699,33061.12148537134
GHSL_34,32,94,0,0,0,0,0,0,0,0,0,0.0,7.094219496637551,16.2798072738732,306.86,631.026634216309,6733.10535868874,OM,-0.448,0.2416978781442573,13.231476,22.235936,28.528365079495675,4.131299491705605,9.525513902236533,0.7389776157262705,0.0103500163331157,6080.250611977999
GHSL_35,26,99,1,0,0,0,0,0,0,0,2,2698400.0,7.088847731584601,15.67614881089712,351.89,627.860048294067,4912.83292874857,OM,-0.405,0.2213951926979405,12.365675,165.187916,106.22318268606378,20.110750218112756,11.99991284883266,1.5148603074778717,1.2716390655935723,8904.225433855026
GHSL_36,50,153,1,0,0,0,1,0,0,0,1,9794500.0,7.086258090737653,15.5404606179201,362.84,1014.96391105652,4254.54355741331,OM,-0.441,0.2213951926979405,64.610339,143.67109,149.73872419062573,22.073777903770825,35.125910955172536,0.5944674917134442,2.1444900541047116,34033.82933769145
GHSL_37,56,166,1,0,0,0,0,0,0,0,1,4921700.0,7.087339879435493,16.27370197439626,306.69,1115.96173477173,4677.90800960651,OM,-0.448,0.2416978781442573,47.912804,59.601699,79.12141515533531,10.579127377424248,20.238307757833248,0.6778012672420541,1.2257397333319444,15746.828875078556
GHSL_38,96,99,0,0,0,0,0,0,0,0,0,0.0,7.075422424226658,16.24785875163689,307.46,971.816837310791,4958.67925948062,OM,-0.643,0.2416978781442573,19.634326,32.318074,41.37255131156028,6.651353887311136,13.908314413158088,0.7350358923556801,0.6869555875368129,8876.942431672998
GHSL_39,10,121,4,0,0,0,0,0,0,0,0,0.0,7.06668322078194,19.183862252312235,271.13,677.331851959229,3613.16881266192,OM,-0.222,0.3482519792665085,14.576156,30.103389,35.51512083525073,5.968590847172385,11.031168936025882,0.7876132874198088,0.6159110606489272,7020.129758112667
GHSL_40,75,100,0,0,0,1,0,0,0,0,2,5567000.0,7.063194235296843,16.00134913080377,324.39,873.97749042511,5128.37396095006,OM,-0.595,0.2213951926979405,17.71125,202.155439,136.6485691263746,25.79287252292474,20.16232000459998,1.075776879438371,1.355822629979677,16432.944255889273
GHSL_41,43,121,1,0,0,0,0,0,0,0,2,5198800.0,7.056276371503482,19.183745769198087,270.11,820.863416671753,4188.441939718,OM,-0.457,0.3482519792665085,41.782716,54.133196,69.34827013155659,9.25488541809656,16.27398752605127,0.6819588770404723,1.283113465143822,13205.242634479186
GHSL_42,19,121,2,0,0,0,0,0,0,0,0,0.0,7.045574485924887,15.609232155502072,354.16,709.608758926392,3785.34721130891,OM,-0.313,0.2213951926979405,15.035502,26.12228,32.939061519855244,5.1030312743460655,11.24199321023602,0.728329991660442,0.3246419362656773,7161.561446428168
GHSL_43,41,212,2,0,0,0,0,0,0,0,0,0.0,7.04959253814343,15.957409795875334,326.65,1278.84055900574,6525.26269628354,OM,-0.351,0.2213951926979405,14.48537,73.913659,65.52943615349058,10.851494902528929,19.942110152467777,0.7967454039591093,1.4099299350773642,12691.299168596832
GHSL_44,66,95,0,0,0,0,0,0,0,0,0,0.0,7.044477438219933,16.356706260408522,297.29,806.081457138062,3051.59343382407,OM,-0.58,0.2416978781442573,6.716421,57.518257,45.68688055381055,8.468717047520814,11.787973301490933,0.9389094619067782,0.0112769329414717,7481.245549246665
GHSL_45,40,110,0,0,0,0,0,0,0,0,2,2159000.0,7.033119755609877,19.38307160548953,279.33,755.857714653015,4031.81788202187,OM,-0.463,0.3482519792665085,23.59029,39.874783,46.77582147489132,7.29517349792162,12.798162145966522,0.7019316830644179,1.2221777347053042,9375.550625814849
GHSL_46,21,140,2,0,0,0,0,0,0,0,0,0.0,7.029293041927748,17.070003605428436,255.07,815.466698646545,4160.41702114499,OM,-0.313,0.2146528583959602,16.672731,33.001319,40.15922584128455,6.032684121214668,12.8735365806492,0.762237174811746,0.302838107327828,8213.161800556167
GHSL_47,44,542,18,0,0,0,0,0,0,0,0,0.0,7.037256985860583,17.41586913251188,242.98,3015.16070365906,6938.24194268099,OM,-0.211,0.2495933009421506,29.132619,239.304105,191.3608974210627,35.33018635999502,49.56354898078395,0.936456152777642,0.0473457247053836,31422.962236245337
GHSL_48,65,151,1,0,0,0,0,0,0,0,2,2485000.0,7.023550014506388,19.329055707249506,275.21,1082.37484645844,4704.0550664443,OM,-0.493,0.3482519792665085,13.320311,107.625022,79.600511838179,14.491612818262931,18.447777973742436,0.8784965381901217,0.5860325690843625,12899.910503258247
GHSL_49,43,321,6,0,0,0,0,0,0,0,0,0.0,7.0268526182643045,16.338909908182405,296.97,1847.56157588959,5161.88234342929,OM,-0.29,0.2416978781442573,17.110966,143.364331,114.37689083113318,21.13557089419657,29.62030128041889,0.9366176728304256,0.0301573630507367,18779.802383818835
GHSL_50,14,128,3,0,0,0,0,0,0,0,3,2749200.0,7.020722115366024,19.26445760188303,271.18,722.419536590576,4238.55630480272,OM,-0.256,0.3482519792665085,12.909497,181.793678,117.97257800315434,22.38369437326488,14.071862848405717,1.4930561441199524,1.2882871452417448,10178.373765839517
GHSL_51,3,179,29,0,0,0,0,0,0,0,0,0.0,7.000409559260099,19.668387662732727,294.97,1052.73233985901,4751.19753334812,OM,0.029,0.2014710231837554,25.267607,51.25165,61.149356548244896,9.799867283796564,19.51316764792659,0.7711245946578875,0.6488169667591944,12408.430859156178
GHSL_52,9,123,5,0,0,0,0,0,0,0,1,6287800.0,6.996100490760537,16.42571800271017,288.4,681.548811912537,3477.18341230644,OM,-0.197,0.2416978781442573,24.517898,170.669914,117.3389959769403,20.465597338277323,16.468129688902692,1.068258380648215,1.947271436721292,13478.503485329871
GHSL_53,0,62,149,1,0,0,0,0,0,0,0,0.0,6.984166107599462,19.17642659868729,262.78,1060.96124601364,5187.36430226493,OM,0.517,0.3482519792665085,38.905501,83.794934,97.94435826529774,14.68389637678293,31.082112396440596,0.7634182184932271,0.030553304107846,20050.84478786739
GHSL_54,36,106,1,0,0,0,0,0,0,0,2,13854400.0,6.980016348380517,17.286873965420106,241.21,710.861877441406,6416.53166863508,OM,-0.448,0.2495933009421506,71.566339,148.078246,141.9061439728463,19.9688161668924,21.24457655948999,0.7747792774958635,4.295245793281237,20815.41196690309
GHSL_55,25,75,0,0,0,0,0,0,0,0,0,0.0,6.970231962435814,17.287610208407045,240.14,505.021993637085,5926.09708562644,OM,-0.448,0.2495933009421506,7.5179,26.823482,25.967085437926805,4.212115156721341,7.562587859090661,0.8266954821151148,0.2611987612818324,4830.146349045834
GHSL_56,198,391,1,0,0,0,0,0,0,0,1,2319700.0,6.967229928607751,17.529335534477198,232.43,2951.51930809021,8446.99126622689,OM,-0.521,0.2495933009421506,54.71643,138.196868,147.81131871783504,22.790570731745227,45.34256445206902,0.7358331707757745,2.3355593967912167,30295.22025036359
GHSL_57,103,64,0,0,0,0,0,0,0,0,0,0.0,6.9596800425010255,17.29421986215582,238.81,834.489065170288,6119.39065741441,OM,-0.737,0.2495933009421506,14.109811,34.852066,38.449589920585595,5.923178203959937,11.494822922940054,0.8066824796740671,0.1086733834751813,7363.955394987165
GHSL_58,41,169,1,0,0,0,0,0,0,0,2,1890200.0,6.944049609769373,17.536581942899613,229.73,1060.72162818909,7778.37636534295,OM,-0.391,0.2495933009421506,38.658985,47.998113,65.97734387234654,10.223667488355431,17.545990096635677,0.7635129016249987,2.0981502746368696,12273.322162813827
GHSL_59,36,90,0,0,0,0,0,0,0,0,2,8564200.0,6.934617076965295,18.98985708260985,248.26,632.762212753296,3712.08619472777,OM,-0.48,0.3482519792665085,24.895733,202.957767,130.7087963612157,23.157429994867417,17.57674370459225,1.0625402016043148,2.577301154525204,14598.580473424427
GHSL_60,20,102,1,0,0,0,0,0,0,0,1,3985700.0,6.933894160555514,15.465132163568503,358.48,612.80512046814,4229.42156840756,OM,-0.351,0.2213951926979405,20.576232,119.701463,87.18635365131982,14.934027060950184,12.75857619807603,1.081218929559606,1.2881838055929882,10106.825840142823
GHSL_61,10,102,3,0,0,0,0,0,0,0,1,1002800.0,6.928750173338548,18.3129166083763,224.84,573.167161941528,3955.85068735483,OM,-0.249,0.2088739628756101,23.584237,25.044303,37.65386461943319,5.9650364162601655,10.003048828478708,0.7714228629941379,1.371844963018746,6942.793312943954
GHSL_62,130,151,0,0,0,0,0,0,0,0,2,1954800.0,6.93015703771683,17.479985959398096,229.71,1406.83881664276,6877.65857406802,OM,-0.621,0.2495933009421506,34.211048,61.044902,73.31583709570354,11.553698465508033,21.49352206897048,0.7250662925305598,1.7253373240089944,14842.323633793085
GHSL_63,8,128,5,0,0,0,0,0,0,0,1,5982200.0,6.906449199507462,15.578745730765824,346.76,705.816959381104,3943.48602594159,OM,-0.175,0.2213951926979405,52.833717,53.04792,74.93190474445966,10.68550976180805,15.8743259694472,0.7011258371103093,2.6531611562526813,13389.044484718464
GHSL_64,4,110,7,0,0,0,0,0,0,0,0,0.0,6.903328124650173,21.80658810524961,450.02,610.67594575882,3980.57508284002,OM,-0.111,0.3795888474677102,5.034534,67.358129,50.07904683470614,9.689090451137435,10.335644865023871,1.14129490846592,0.0118866295405551,6542.886157442003
GHSL_65,16,155,4,0,0,0,0,0,0,0,0,0.0,6.895755499279518,16.62126129726333,266.68,870.323033332825,5373.82396041409,OM,-0.246,0.2416978781442573,9.794816,96.357983,74.30143198495954,14.0694810808274,14.168552672825063,1.2138412947721104,0.0188309679284738,8998.058600289001
GHSL_66,102,96,0,0,0,0,0,0,0,0,0,0.0,6.89595448465423,17.081376869398376,241.15,991.843132019043,5289.04020743059,OM,-0.659,0.2495933009421506,8.28696,53.040149,45.18127585057859,7.769867712657279,14.05334612457314,0.7899123532675658,0.5587622921412975,8961.642050036997
GHSL_67,149,22,0,0,0,0,0,0,0,0,0,0.0,6.884287418280618,16.56028105494586,269.58,870.557593345642,3928.0835710286,OM,-0.99,0.2416978781442573,10.448596,33.909424,33.95887524514412,5.392273974548645,10.997323142902506,0.7550066987069263,0.4493240169133792,7041.120345171497
GHSL_68,70,256,2,0,0,0,0,0,0,0,1,12000000.0,6.88489155534256,16.285468275430144,288.69,1640.39702224731,5498.41463513882,OM,-0.41,0.2416978781442573,68.729672,187.24693,166.78702890790495,25.668866867473465,34.06205148112099,0.7460730663191648,6.884856666319927,28094.02979507566
GHSL_69,141,70,0,0,0,0,0,0,0,0,0,0.0,6.877529358029095,18.304104407725927,219.11,1060.41749477386,4976.14967045455,OM,-0.779,0.2088739628756101,24.446009,33.579185,46.86124789746664,7.558778059703818,14.344217565230831,0.7859858190974526,1.0408356133148915,9179.595246300829
GHSL_70,30,115,1,0,0,0,0,0,0,0,2,2053200.0,6.874333422569377,17.717578904149406,218.44,730.966500282288,4764.10722849397,OM,-0.402,0.3711250603242535,29.670206,34.400104,48.269743705848136,7.275470369074768,12.665764007970251,0.7275138522796438,1.3176675769888733,9236.522266948114
GHSL_71,150,235,0,0,0,0,0,0,0,0,2,1914800.0,6.868739999597876,17.49289829512257,222.77,1927.12024688721,7536.05602568124,OM,-0.565,0.2495933009421506,21.509119,154.502707,120.83176255494516,21.966227639773933,29.689908129602212,0.8976307051348528,0.4711965593915522,19894.481289871754
GHSL_72,4,145,12,0,0,0,0,0,0,0,3,5972100.0,6.861550250597383,19.170401088738757,250.74,809.857836723328,5000.48060413524,OM,-0.074,0.3482519792665085,40.91283,90.719196,87.59780541704215,13.392823247991997,18.390167281259345,0.7515490553880922,3.1785597373227508,14845.567149649385
GHSL_73,88,107,0,0,0,0,1,0,0,0,0,0.0,6.84652030774039,17.27528558641296,227.75,974.457313537598,4396.37858577757,OM,-0.613,0.2495933009421506,41.157615,128.420971,127.2006733425209,20.997748009437117,25.59433231869811,0.785585278034778,2.083400655260572,23286.276742857102
GHSL_74,154,113,0,0,0,0,0,0,0,0,1,4800600.0,6.842893358573948,16.962742161353038,241.8,1332.9211473465,6013.63026098126,OM,-0.707,0.2495933009421506,39.20906,100.206025,96.00032403027583,15.215245006111711,22.04870352994732,0.766429328181871,3.741058747297546,16696.544869337486
GHSL_75,98,196,1,0,0,0,0,0,0,0,1,5203000.0,6.827388013056068,17.670136738597474,214.14,1469.47391605377,7182.17945285324,OM,-0.519,0.2495933009421506,58.999946,93.553411,109.09834252568848,16.554537631415783,25.49752856703122,0.7607434948011749,3.71041619654248,19230.61243643045
GHSL_76,70,90,0,0,0,0,0,0,0,0,1,2665100.0,6.82220621088486,17.373606444674394,221.61,799.842552185059,5863.94832980248,OM,-0.6,0.2495933009421506,16.410472,54.197318,49.91966612228254,7.962940298328382,13.517787209465522,0.6949328324828726,1.1138225611767285,10049.306940324996
GHSL_77,32,92,0,0,0,0,0,0,0,0,1,3901200.0,6.808238090033358,16.32935419628807,279.13,624.203092575073,3183.49148323383,OM,-0.452,0.2416978781442573,15.357749,200.939635,125.62660610128908,23.640431279563664,12.789509615100036,1.5599530497862577,1.8421786883035087,9879.113971885314
GHSL_78,49,109,0,0,0,0,0,0,0,0,0,0.0,6.782197512988415,18.656455548092737,218.38,791.673025131226,3571.30688541487,OM,-0.499,0.2088739628756101,6.246377,88.83457,65.46991997268545,12.747061263391227,11.847783109141975,1.2752855927828162,0.0152992150845689,7522.689262917166
GHSL_79,38,75,0,0,0,0,0,0,0,0,1,5025200.0,6.775253694305685,18.258157888867615,207.16,567.914589881897,3700.54076342884,OM,-0.523,0.2088739628756101,41.832293,47.895472,61.993301185769646,8.553781998521917,11.94356671726849,0.729271644301751,2.124984636422167,10371.456608169246
GHSL_80,93,332,2,0,0,0,1,0,0,0,3,3226200.0000000005,6.777368011668563,19.255237830470303,247.95,2136.0373468399,5010.64355345978,OM,-0.416,0.3482519792665085,59.635589,152.05196,160.77614861267116,24.91537284542194,46.64974440988577,0.6280507813360203,0.5521801319228866,38439.736476050006
GHSL_81,86,175,0,0,0,0,0,0,0,0,1,1456100.0,6.775178066484711,17.626470234624893,209.36,1306.89478588104,5474.40931051675,OM,-0.515,0.2495933009421506,29.26843,65.851196,70.92711319710843,11.439275962932152,20.370880258149633,0.7542967217213488,2.0470058012011765,13824.829804374313
GHSL_82,22,119,1,0,0,0,0,0,0,0,0,0.0,6.768656308253631,21.981567674807625,456.69,712.656373977661,3799.37503453426,OM,-0.346,0.3795888474677102,5.533432,73.891457,54.93121109346897,10.629863970202436,11.143223884181896,1.155587402964429,0.0128940663296525,7070.389403144
GHSL_83,194,228,0,0,0,0,0,0,0,0,0,0.0,6.767348168701847,19.12988509467184,239.52,2111.59741783142,5159.70125164062,OM,-0.619,0.3482519792665085,45.025126,70.301115,93.72331782667814,13.328691063943028,30.242388331002505,0.7549627226751819,0.0424843577486676,19368.337148877665
GHSL_84,19,136,2,0,0,0,0,0,0,0,1,3505200.0,6.75932267967587,16.4993982207162,262.8,782.187282562256,3822.55885214958,OM,-0.294,0.2416978781442573,26.386542,55.406631,58.344034780698145,9.05578070755111,14.930528991834878,0.6932391450653498,1.7138396498423183,11434.286874557747
GHSL_85,98,87,0,0,0,0,0,0,0,0,1,1654800.0,6.749793752712662,17.307785301827625,216.49,927.395846366882,5179.31754971611,OM,-0.671,0.2495933009421506,18.906788,55.991254,53.62635007531022,8.555785829034965,14.204410181972802,0.7618918237147945,1.6689707973813568,9997.123738080083
GHSL_86,48,116,0,0,0,0,0,0,0,0,0,0.0,6.736795491020013,16.401347333835414,267.93,820.529626846313,4582.24925221461,OM,-0.484,0.2416978781442573,7.612879,60.156304,48.353599476357545,8.90439277857789,12.347906301302602,0.9455595305656052,0.0121643484654081,7841.166982958664
GHSL_87,18,138,3,0,0,0,0,0,0,0,2,2818500.0,6.730104446383696,16.84066983766113,237.94,795.035659790039,6215.82940299472,OM,-0.288,0.2495933009421506,40.060575,41.734917,60.9816676348557,9.50721971484446,14.65910604942554,0.7539796127762692,2.4445767189587704,10918.160468213275
GHSL_88,63,71,0,0,0,0,0,0,0,0,0,0.0,6.713815548995474,16.795698821948523,239.17,670.670881271362,3932.63094447849,OM,-0.624,0.2146528583959602,7.421526,78.673502,59.91555712261099,11.441273548077213,9.645124918525584,1.4065715028300008,0.0153096103231819,6134.102626356165
GHSL_89,8,181,11,0,0,0,0,0,0,0,1,2521600.0,6.716224532623738,19.32169136888408,246.67,1001.68875026703,4518.17642721775,OM,-0.126,0.3482519792665085,17.853708,214.508989,146.6742048272227,27.58522808720895,18.963973023092297,1.46374089316177,1.2181770861008172,13287.993403261642
GHSL_90,100,153,0,0,0,0,0,0,0,0,2,6560800.0,6.7092994732986035,16.780857473695786,239.67,1267.66370010376,4955.48923069372,OM,-0.57,0.2146528583959602,27.777405,360.28,227.91932061661308,42.98734990395194,24.077171731790784,1.5433562654779645,3.1246877623524645,18359.63698397365
GHSL_91,29,161,2,0,0,0,0,0,0,0,1,1783900.0,6.711074523263577,17.333940154997517,211.46,959.646040916443,4328.54029695918,OM,-0.342,0.2495933009421506,20.917604,65.096506,61.804081147960545,9.62322115582704,16.25768121629595,0.7715398330163441,1.6851092344635237,11389.203594211518
GHSL_92,69,231,1,0,0,0,0,0,0,0,1,4307200.0,6.706647337585562,17.41894618431251,207.89,1505.60857963562,5517.79853566473,OM,-0.427,0.2495933009421506,60.097031,80.720079,103.21804749570012,16.098685880927842,26.002218014643113,0.750699097130671,3.3506179048842775,18974.38225722338
GHSL_93,20,118,2,0,0,0,1,0,0,0,2,3350200.0,6.696767383594076,19.52624993687419,259.1,701.273284912109,4837.73539353962,OM,-0.331,0.311328742466528,39.965044,107.500001,108.16832612309732,17.251439710710713,25.45728426731246,0.6242602507043253,0.7068944374915893,24715.550926212436
GHSL_94,28,194,3,0,0,0,0,0,0,0,1,1176500.0,6.689940159540575,17.560550321103907,201.77,1126.17125797272,6003.23708632855,OM,-0.3,0.2495933009421506,20.93298,73.055925,68.2545849120852,11.05890445346459,18.61007646600344,0.7951738650389047,1.9453816297025155,12538.596268795976
GHSL_95,7,128,6,0,0,0,0,0,0,0,2,4801400.0,6.673315760716369,19.112142930815946,229.65,705.438216209412,4353.69690067031,OM,-0.154,0.3482519792665085,31.737594,71.040688,70.71599566529828,10.3009510404876,15.48327888789108,0.7467990802380321,1.2765795666051811,12276.481354111314
GHSL_96,65,276,2,0,0,0,0,0,0,0,1,3295600.0,6.668886655698461,16.283424484198914,271.33,1717.4875087738,5163.94714477138,OM,-0.386,0.2416978781442573,22.924652,167.428251,127.56857339833904,23.001566159280877,29.2445717500169,0.9031248281439164,0.8438298847736001,20214.492867588902
GHSL_97,137,194,0,0,0,0,1,0,0,0,1,3027400.0,6.655209648937966,17.42739024490937,202.21,1658.26884269714,5255.40300535325,OM,-0.583,0.2495933009421506,70.142688,129.081999,152.07302814830047,22.829073782791056,37.54498703774594,0.6719930679825367,0.9190077654910418,32710.662200941646
GHSL_98,58,82,0,0,0,0,1,0,0,0,0,0.0,6.643880018423484,17.42878370402196,200.95,703.702699661255,5501.115538315,OM,-0.583,0.2495933009421506,47.419713,98.109803,111.45069390557516,18.507891772931817,22.01066906552259,0.7679973203312985,1.9114908122321483,20816.04435502377
GHSL_99,44,70,0,0,0,0,0,0,0,0,0,0.0,6.620234831023992,16.857990188738384,226.73,570.045422554016,4456.26502934659,OM,-0.559,0.2495933009421506,5.99283,32.086286,28.230332368746044,4.714657507985103,8.355521642188782,0.8133042070332837,0.6216974785904149,5328.6194154999985
GHSL_100,61,93,0,0,0,0,0,0,0,0,1,7546600.0,6.602725077257525,17.382629933050563,198.34,769.977939605713,5015.42410602854,OM,-0.571,0.2495933009421506,61.746894,68.070964,88.68908039549795,12.288597558862827,16.50087570075617,0.7278547837817649,2.8196406542305903,14727.005070159223
GHSL_101,77,142,0,0,0,0,1,0,0,0,1,12000000.0,6.587704198386945,17.506847579541112,192.44,1094.30109977722,6109.69353732767,OM,-0.534,0.2495933009421506,45.908292,283.786725,203.90918050985903,35.421335466018846,39.66680758938196,0.736340102130753,3.159906425733591,36640.460882299594
GHSL_102,60,124,0,0,0,0,1,0,0,0,2,2747500.0,6.564897639451505,17.318160195939907,197.06,924.902408599854,4337.34421021228,OM,-0.513,0.2495933009421506,30.179644,152.360365,130.02571901015972,22.59945551557091,28.108298380484708,0.7236523383320433,0.4571262415918312,25792.016981974062
GHSL_103,11,168,7,0,0,0,0,0,0,0,1,12000000.0,6.545738885172863,17.453495066250444,189.81,929.980304718018,4740.20237890829,OM,-0.178,0.2495933009421506,29.405731,274.102436,178.33160190358535,32.56066921754357,27.18674330206053,0.9995337657668866,2.989073920899741,21788.55658878717
GHSL_104,22,233,6,0,0,0,0,0,0,0,4,4320800.0,6.526328502386445,19.113644136404933,216.2,1309.04897880554,3836.60310318154,OM,-0.236,0.3482519792665085,54.966784,66.87828,91.85384152170408,13.968622465411936,24.146396878787485,0.7168626700109838,2.518494138541855,17764.070598355323
GHSL_105,24,220,5,0,0,0,0,0,0,0,1,3164800.0,6.520983026900465,16.93267570471481,213.03,1246.10419750214,6640.2227299485,OM,-0.261,0.2495933009421506,50.408848,58.456135,83.00511533707923,12.389263796392072,22.063367697976776,0.7335684315304276,1.9419883871618149,15914.345819769256
GHSL_106,72,82,0,0,0,0,0,0,0,0,1,12000000.0,6.4892843321080615,17.119471192260672,199.19,771.215692520142,4109.1617337845,OM,-0.624,0.2495933009421506,91.779244,105.077887,128.5462074048572,18.414380118676252,19.744344419909428,0.7674928668710308,5.8888318614178585,19054.26182340733
GHSL_107,83,288,2,0,0,0,0,0,0,0,0,0.0,6.483655549633591,17.078584220220726,200.91,1863.88978672028,6242.40931969213,OM,-0.419,0.2495933009421506,24.376421,105.940858,97.07644367091656,15.95510231304386,28.606412268391225,0.8151628183762967,2.0175375477287485,18247.527164977168
GHSL_108,99,91,0,0,0,0,0,0,0,0,1,6132000.0,6.445615334914649,17.225616878567195,189.38,950.798970222473,5306.62698536866,OM,-0.666,0.2495933009421506,50.13747,61.819984,79.76479381879746,10.585741665823218,17.68022571357011,0.6920907713309309,1.5629997774238724,14718.698035180632
GHSL_109,83,92,0,0,0,0,0,0,0,0,1,4529500.0,6.440778640019144,17.63610323168484,173.02,876.441018104553,4280.16593464093,OM,-0.631,0.2495933009421506,21.232022,246.885525,158.89045477110955,29.574094618835833,16.30287285855808,1.5676595302430498,2.20435232333222,12532.153853719754
GHSL_110,6,134,8,0,0,0,0,0,0,0,0,0.0,6.430305364023922,19.142967940534213,209.51,742.797943115234,4582.11774320351,OM,-0.127,0.2378587058887229,17.588916,29.207494,37.629748822521385,5.442834416438212,12.468422890780127,0.7433582721886667,0.0123466228908407,7958.265972337671
GHSL_111,41,99,0,0,0,0,1,0,0,0,0,0.0,6.3319572909096795,19.924402159041225,257.67,700.681811332703,3158.03558650759,OM,-0.483,0.0391546436654194,36.669588,90.043522,97.42036849674564,15.562259397394287,22.1362396889817,0.6838467056083495,0.2518041705174024,21010.993140895273
GHSL_112,64,109,0,0,0,0,0,0,0,0,0,0.0,6.299013432922205,19.186172927023453,201.23,863.62592792511,4399.92423108135,OM,-0.548,0.2378587058887229,9.553226,47.434053,42.63503641072773,7.049858285956649,12.712558180027768,0.8078967080218474,0.834959791816743,8118.200989329666
GHSL_113,50,208,2,0,0,0,0,0,0,0,2,8464800.0,6.277341636454063,15.2996130182751,334.92,1295.74300098419,4337.57804329799,OM,-0.387,0.4384121331202486,27.264691,256.567056,174.13167623825746,32.19982826808727,27.813015992083617,1.046799540629086,2.114474156295864,21308.73293694392
GHSL_114,202,44,0,0,0,0,0,0,0,0,0,0.0,6.271739464099695,19.257737264800458,204.15,1238.39543628693,3720.41348981397,OM,-0.926,0.2378587058887229,9.630673,70.085758,57.06111986729462,10.431232117770962,16.102650961167168,0.8667463489953519,0.0339587060036118,10270.965641302995
GHSL_115,117,14,0,0,0,0,0,0,0,0,0,0.0,6.207231691824659,16.048474588447107,259.05,668.557975769043,4895.70866849036,OM,-1.02,0.3311983903901762,13.829803,19.541552,27.116411232223392,4.172707682848804,8.371244571355241,0.7808902807795125,0.3628913616231932,5361.348469622163
GHSL_116,28,143,2,0,0,0,1,0,0,0,1,4173100.000000001,6.127858177067325,16.49473633022472,213.85,863.559359550476,4214.78739384676,OM,-0.351,0.3311983903901762,72.584639,113.653896,141.06370970508894,20.272041978163116,27.681182616013977,0.7088068392714253,0.918356100863362,27135.26613106597
GHSL_117,191,70,0,0,0,0,0,0,0,0,0,0.0,6.122401940495043,20.82881818736028,311.62,1310.58114957809,5482.77727864462,OM,-0.834,0.2630651501157071,11.227729,69.468047,59.557927813356535,10.083353750134105,17.445804221891848,0.819212474947776,1.2368243719902328,11164.634334342494
GHSL_118,12,121,3,0,0,0,0,0,0,0,0,0.0,6.097859812359317,19.549524962597314,210.91,677.081418037415,3604.64137884865,OM,-0.239,0.2378587058887229,6.444807,53.190055,42.43534260178229,7.850394729580946,10.9960230679197,0.9336428371343176,0.0104018312119864,6991.593647868333
GHSL_119,10,133,5,0,0,0,0,0,0,0,1,9326800.0,5.9556822628985975,15.528626837503946,297.05,738.46750831604,3326.22045598944,OM,-0.201,0.4384121331202486,30.936977,177.774558,125.65043219270878,21.514554261875652,20.715123595859804,0.8988332626409546,2.437582801711596,17068.88789929089
GHSL_120,0,3,243,42,0,0,1,0,0,0,1,6337800.0,5.93488854033931,15.619536516532571,286.87,1441.42757987976,4116.71782681145,OM,1.035,0.4384121331202486,108.710701,726.25392,580.3984096646941,103.78464735142968,90.91653667335402,1.0021220992440023,2.05450176014166,80456.86961710817
GHSL_121,23,85,1,0,0,0,0,0,0,0,1,920000.0,5.881510809550896,20.909551941555826,303.44,543.342501163483,3180.80494979388,OM,-0.409,0.2906729252791875,9.646992,57.808504,45.61853939750423,8.012680372031053,9.111475414926998,1.0172904329278822,0.2846810912403513,6290.3660509115
GHSL_122,1,111,20,0,0,0,0,0,0,0,0,0.0,5.879088367180139,19.630685683872468,198.57,661.216951370239,4838.55045786676,OM,0.045,0.2313707720909064,11.067736,41.91296,39.878175436202845,6.39343595285932,12.366975360266077,0.7853311944655074,0.565192478017227,7878.141928517842
GHSL_123,16,103,2,0,0,0,0,0,0,0,0,0.0,5.845412770318332,20.642163007216425,276.73,601.684944629669,3202.12102388303,OM,-0.31,0.2906729252791875,9.224802,46.766935,41.31840761721187,7.189026290876,9.593939258712004,1.0109940247208016,0.0112973731802905,6121.428667939667
GHSL_124,40,106,0,0,0,0,0,0,0,0,2,3240200.0,5.813266032889572,20.28871971772135,243.67,732.418725967407,5043.71979263299,OM,-0.467,0.2313707720909064,11.234326,120.853786,82.41055481341716,15.517580674628553,14.0233232745206,1.0633630535916831,0.8137570825500265,10252.077216918497
GHSL_125,133,275,1,0,0,0,0,0,0,0,0,0.0,5.796295626144,19.631421112339627,191.74,2047.11918354034,6477.11841501878,OM,-0.513,0.2313707720909064,40.14175,84.677855,98.9401172293938,16.311704829154735,30.441232262074035,0.7900579531385334,1.385240611429741,19459.4399330485
GHSL_126,64,132,0,0,0,0,0,0,0,0,1,12000000.0,5.790891803565741,19.63871294589739,191.82,978.217522621155,4089.94850077414,OM,-0.513,0.2313707720909064,57.236093,112.7601,110.2015499463924,15.780268007344889,24.033191423599273,0.6389959110518558,2.6832862133564848,21295.07343933733
GHSL_127,24,255,7,0,0,0,0,0,0,0,0,0.0,5.763095876028293,19.70200419804113,194.11,1427.63295555115,5570.38103535506,OM,-0.234,0.2313707720909064,20.816559,84.912945,79.55798110616593,12.8592272467931,23.138094203446187,0.8238822182607606,1.4400836776827175,14756.313615707
GHSL_128,6,116,6,0,0,0,0,0,0,0,1,2965100.0,5.758997865721474,19.848925587549203,204.48,639.786287307739,4160.56217115858,OM,-0.142,0.2313707720909064,34.874699,36.785685,53.45649453539333,7.891966162818597,12.780719142566769,0.7278643860065335,1.7493201064317352,9786.460248381334
GHSL_129,92,41,0,0,0,0,0,0,0,0,1,6807100.0,5.760958663561633,19.741580144773884,196.8,667.184518814087,4593.95389974652,OM,-0.8,0.2313707720909064,53.413157,56.164327,75.30572320681752,10.534183409874858,14.116111641965515,0.7186471392086156,2.741060283524269,12557.474705766297
GHSL_130,141,63,0,0,0,0,0,0,0,0,1,6807100.0,5.758748692249477,19.749987882659177,197.23,1021.83238697052,5980.52432968817,OM,-0.8,0.2313707720909064,63.387098,66.710212,91.33015029964577,13.379419218874926,18.86127249108923,0.73230217363271,3.3992622268387636,15628.51687485446
GHSL_131,210,299,0,0,0,0,0,0,0,0,1,5186300.0,5.754318523875502,19.80125909178459,200.59,2548.1124792099,6213.93850523308,OM,-0.582,0.2313707720909064,93.974743,108.260891,155.2422457085035,24.282767328582384,40.534008479085585,0.7578179797717621,4.987142184461369,28822.80313179231
GHSL_132,19,117,2,0,0,0,0,0,0,0,0,0.0,5.752878738599362,19.79012842393254,199.66,692.70659160614,5791.76428158509,OM,-0.325,0.2313707720909064,15.752884,30.729818,36.60963765134591,5.799664036086086,10.892742552780597,0.8053708118072241,0.7110404897834399,6956.888016826833
GHSL_133,66,86,0,0,0,0,0,0,0,0,0,0.0,5.730567844557798,25.30247097323088,756.18,764.28574514389,3889.71263095588,OM,-0.599,0.1478942001717594,7.964709,45.621956,39.6059192153636,6.650793234382105,11.027022573757844,0.8553116764279632,0.9190279664437702,7020.730332643665
GHSL_134,2,136,22,0,0,0,0,0,0,0,1,12000000.0,5.626305529144018,15.597160992826597,277.76,797.704015731812,4243.33217581686,OM,0.025,0.2476789434150617,91.036123,91.043046,122.71413146151366,15.610288603162612,23.257561527847734,0.6824058327835516,3.4864435563157556,21412.927222619008
GHSL_135,59,87,0,0,0,0,0,0,0,0,0,0.0,5.626398926745531,16.99546987982818,136.19,731.907242298126,3059.04556673964,OM,-0.575,0.2501343624972278,5.989595,79.255686,58.819787173890866,11.405460087699185,10.70380184958752,1.2688280015336575,0.0141634674848382,6793.993217718165
GHSL_136,87,112,0,0,0,0,0,0,0,0,1,7252700.0,5.614381456686237,16.16713007035763,217.39,996.50873374939,4021.34232057218,OM,-0.602,0.2476789434150617,21.836574,202.748855,136.07798234652245,25.100182852619703,21.140502088854312,1.044248743915544,1.8368446679289796,16437.524180919037
GHSL_137,50,57,0,0,0,0,0,0,0,0,0,0.0,5.562831240688913,15.454135946814054,291.22,534.647297859192,3910.52733952013,OM,-0.626,0.2476789434150617,13.73171,17.786901,25.63030181901895,3.8722375174628687,7.6841229169376035,0.8012521433752545,0.3219562561386889,4901.635459860666
GHSL_138,17,113,2,0,0,0,0,0,0,0,0,0.0,5.529338906020882,17.613935769905464,79.96,659.931277275085,3088.84286110501,OM,-0.306,0.2501343624972278,9.63832,36.227022,34.361214677120905,5.644372997866086,10.465342086773804,0.7941413377232796,0.7307534721377733,6672.813023703833
GHSL_139,58,76,0,0,0,0,0,0,0,0,1,5811100.0,5.5258093527538925,14.787349915471092,362.59,672.492301940918,2538.41564037096,OM,-0.598,0.261436737990008,40.399212,52.14876,63.072995160851,8.449820370767645,13.887327945200289,0.658077515036033,1.4924734486946538,12002.54061583623
GHSL_140,29,145,2,0,0,0,0,0,0,0,0,0.0,5.4423458871833015,15.615808644548508,270.78,877.207913398743,3947.4395577339,OM,-0.357,0.2476789434150617,13.26056,91.836294,75.37094620581365,13.725856259407529,13.826988224561385,1.247704496708146,0.0194619455780849,8786.6098416445
GHSL_141,7,117,5,0,0,0,0,0,0,0,0,0.0,5.410019951778518,15.239510540108885,310.99,645.74307346344,4443.71626980814,OM,-0.174,0.261436737990008,17.619609,24.921882,34.81066389630547,4.995047080919167,10.694557992957153,0.7882594985343647,0.1556921408734467,6804.291656994835
GHSL_142,14,155,5,0,0,0,0,0,0,0,0,0.0,5.300478381205194,15.794685835081486,248.3,865.733108520508,4050.68713777288,OM,-0.228,0.2476789434150617,22.823375,35.157933,46.5973137204405,7.494472936758,14.192495165394956,0.7952450612674261,0.9051384558786558,9026.594710533336
GHSL_143,28,155,2,0,0,0,0,0,0,0,0,0.0,5.3005903979737585,21.888269566245317,376.8,924.871368408203,4006.84233550471,OM,-0.342,0.311328742466528,13.315849,57.151828,53.01066971455096,8.94958920788022,14.5671927689383,0.8803893972518538,0.0170748608782639,9258.592633887001
GHSL_144,17,177,5,0,0,0,0,0,0,0,0,0.0,5.248294058600607,15.783618120183386,248.6,992.627969741821,4003.33926090672,OM,-0.24,0.2476789434150617,26.803933,39.084195,52.21787947085731,8.598010344231078,16.17550828551735,0.7846087021033905,1.3458519124904038,10271.400918623169
GHSL_145,81,50,0,0,0,0,0,0,0,0,0,0.0,5.238685576431532,17.454654770887423,70.17,656.948330879211,2955.23315735138,OM,-0.741,0.2501343624972278,5.381742,62.94452,47.42295079995531,9.109046102081376,9.092035108558951,1.2105918871552768,0.0112083331301558,5774.181192644164
GHSL_146,39,110,1,0,0,0,0,0,0,0,0,0.0,5.235914469542903,17.378038768814037,77.49,747.630013465881,3974.64121991431,OM,-0.459,0.2501343624972278,7.856651,44.107757,38.53680028163595,6.497006175555967,11.430449229969987,0.8152312391032648,0.7202387706047158,7284.787476475167
GHSL_147,6,154,11,0,0,0,0,0,0,0,1,8260100.0,5.223659943493493,20.18506820505864,197.24,854.848369598389,6665.48436334026,OM,-0.095,0.2163097313149591,23.049689,174.996802,119.12872947892888,21.2661251538142,22.785880618127177,0.8668446947644197,1.9493101267531432,17565.54629982325
GHSL_148,56,156,1,0,0,0,0,0,0,0,0,0.0,5.209595130170841,21.88909002598292,374.33,1065.63588905334,5418.9468042377,OM,-0.46,0.311328742466528,12.855945,63.160304,56.78789403319552,9.378734655132858,16.1651955197695,0.8384035143757156,1.1689502394544704,10313.445206824668
GHSL_149,15,101,2,0,0,0,0,0,0,0,0,0.0,5.158202678704677,21.257987012652553,305.31,590.568026542664,3453.21030606165,OM,-0.308,0.2305991576436656,6.307635,38.208547,33.046440138357475,5.540037155159751,9.384588118188374,0.8413465628984325,0.7503620181954586,5979.391171378167
GHSL_150,57,44,0,0,0,0,1,0,0,0,0,0.0,5.155898691028606,19.66971356152039,144.72,507.303385734558,4237.62789426933,OM,-0.696,0.2625022026151127,61.901058,78.946012,114.4048805858639,16.722935998941548,18.298282940346173,0.8397372313965906,0.990124295473222,18831.945992050267
GHSL_151,45,103,0,0,0,0,0,0,0,0,0,0.0,5.150463989005849,21.864152029848903,370.11,741.995169639587,6674.83937676734,OM,-0.493,0.163724125692516,10.021651,41.645309,38.83086226960928,6.314587804274215,11.051193991815293,0.8372964215586635,0.7350583888685402,7056.875991471833
GHSL_152,8,95,3,0,0,0,0,0,0,0,0,0.0,5.14041684707216,20.37708326681672,212.48,529.619812011719,3871.03710100952,OM,-0.221,0.2163097313149591,8.42404,31.347687,30.279649579210965,5.000365235590478,8.648130267668023,0.8502255414906487,0.0156705205307281,5502.413228416334
GHSL_153,36,127,1,0,0,0,0,0,0,0,0,0.0,5.132915385752042,17.775404970264134,34.43,821.268251419067,2744.10094531656,OM,-0.417,0.2501343624972278,7.488734,50.824456,42.43643399360631,7.510595311101872,12.636925052276831,0.8245081400708946,0.3953277681395475,8035.547206998332
GHSL_154,58,84,0,0,0,0,0,0,0,0,0,0.0,5.123636831089591,21.070193933548083,284.24,714.409910202026,4641.49683729016,OM,-0.58,0.2305991576436656,7.675237,40.988584,35.999441485422366,6.087233045636438,10.334185630568024,0.8360321692293048,0.6221085914200455,6600.787363756332
GHSL_155,29,117,1,0,0,0,0,0,0,0,0,0.0,5.042920767319806,25.15316049094498,728.84,731.777262687683,3719.91146095539,OM,-0.393,0.1478942001717594,8.652251,41.486941,37.31801634983336,6.195501057024354,11.389439325459538,0.7967825162681968,0.7108319755655969,7245.958160669165
GHSL_156,42,104,0,0,0,0,0,0,0,0,0,0.0,4.994464653245284,21.801037951123924,359.71,727.626573562622,6076.61951163854,OM,-0.479,0.163724125692516,9.822676,40.970652,38.01130322735569,6.201837507901723,10.945271871377068,0.8291395955740001,0.7658333534053847,6988.9420035896665
GHSL_157,73,71,0,0,0,0,0,0,0,0,0,0.0,4.9881471319672706,20.99656102559504,272.39,716.419013023376,4653.46150813474,OM,-0.654,0.2305991576436656,6.199037,68.937294,52.43538818329317,9.92566791115016,10.259049430733045,1.1819110938717956,0.1644319275875465,6531.110443964498
GHSL_158,13,142,4,0,0,0,0,0,0,0,2,23896000.0,4.916631788658627,15.848906578974171,238.76,796.600597381592,3003.89501017719,OM,-0.231,0.2649349232022477,145.338499,151.576315,194.75419601291196,25.88344941924596,31.04426937128813,0.6723870220945666,7.944430574226573,32109.76806641057
GHSL_159,8,151,8,0,0,0,0,0,0,0,0,0.0,4.787377929402015,17.08346078970628,102.88,835.737518310547,4439.93326485692,OM,-0.147,0.2494307140802241,10.843072,53.631747,47.96369944467549,7.92631033873884,13.984250355580498,0.8234571135355396,1.0250722940162271,8907.529611665002
GHSL_160,234,489,1,0,0,0,1,0,0,0,2,6417400.0,4.790003710482476,14.983519837092691,335.08,3623.32631206512,6320.65184607315,OM,-0.511,0.3375442166019814,88.238783,340.483296,305.60738603529245,49.97277096491847,70.37516120378123,0.7806622401209218,8.995650707793269,55154.24120352531
GHSL_161,50,141,1,0,0,1,0,0,0,0,3,18536000.0,4.774747403680234,14.864850165927864,348.31,954.401970863342,4461.90729716383,OM,-0.456,0.3375442166019814,126.733067,147.119265,182.9226031650797,25.851295623207783,30.542102290039427,0.692995941495584,7.32674409190919,30615.265287404454
GHSL_162,11,120,3,0,0,0,0,0,0,0,0,0.0,4.739518654605637,21.395370671671422,310.86,674.566650390625,3942.06784940758,OM,-0.232,0.2305991576436656,17.35827,25.153575,34.24395682795553,5.389138973330216,10.801986302461744,0.7696911132578227,0.5797374002008484,6900.724508707167
GHSL_163,36,108,1,0,0,0,0,0,0,0,0,0.0,4.66098038523774,20.603403021297854,222.6,724.38557767868,3135.33895869823,OM,-0.444,0.2163097313149591,18.134913,26.827906,36.39002352318259,5.894260371710472,11.062772334151164,0.7933506526498056,0.748191094781726,7063.348416391999
GHSL_164,29,98,1,0,0,0,0,0,0,0,0,0.0,4.657732513208499,21.284822264774807,297.64,635.143523216248,3534.524912582,OM,-0.422,0.2083995974008294,6.183954,47.81899,38.48488968719472,7.089079688262896,9.860662668482329,0.941190914067164,0.0095755360931241,6273.759370062833
GHSL_165,15,98,2,0,0,0,0,0,0,0,0,0.0,4.658516590428546,16.629406313536087,154.95,571.873900413513,2905.70090296535,OM,-0.308,0.2649349232022477,8.586073,44.650511,39.50038084326143,6.845918464178152,9.154073656315228,1.014733665677803,0.0103863620410846,5825.886099177167
GHSL_166,8,112,4,0,0,0,0,0,0,0,0,0.0,4.6575112315216805,17.07917091979146,106.35,621.365606307983,3821.83627013884,OM,-0.2,0.2494307140802241,9.47297,49.93983,44.0404188016052,7.646165997960301,10.177095990083656,1.0168534501119029,0.0124697725197396,6480.2129779880015
GHSL_167,13,150,5,0,0,0,0,0,0,0,0,0.0,4.65632125686778,20.982270898714837,264.24,835.616443634033,3616.77657726199,OM,-0.222,0.1974245806891539,14.741786,47.36899,47.44542550573382,7.460828666742954,13.700475198630931,0.8282062445411073,0.7323855945395986,8731.052141770835
GHSL_168,5,122,8,0,0,0,0,0,0,0,0,0.0,4.62477902619442,21.277260789112923,296.47,676.246024131775,3950.95830878578,OM,-0.123,0.2083995974008294,17.512434,26.561438,35.56213728301931,5.5045436433563735,11.443119840863227,0.7596283939112881,0.4269300173405677,7304.544901772837
GHSL_169,7,165,10,0,0,0,0,0,0,0,0,0.0,4.609814208811454,21.28036629573544,296.68,912.353136062622,4100.31610576978,OM,-0.123,0.2083995974008294,23.482951,35.601035,47.68818796820807,7.397689115024447,15.349635120376684,0.7593004693379806,0.5892746752095014,9800.061181040837
GHSL_170,58,56,0,0,0,0,0,0,0,0,0,0.0,4.603921852366548,15.291589152181148,302.66,571.619522094727,9541.94107593107,OM,-0.653,0.2528304296984365,6.020046,31.178811,27.661036822580016,4.5250863985263186,8.120700900772016,0.818828455888267,0.5856426647086921,5168.073356546998
GHSL_171,38,75,0,0,0,0,0,0,0,0,0,0.0,4.599671003818449,21.1493702147206,282.1,567.663126945496,3015.05835552856,OM,-0.522,0.1974245806891539,4.597693,56.718938,42.490546617392035,8.187817525600487,8.41739585252828,1.1774211088913409,0.0100891047400906,5346.256511936665
GHSL_172,8,115,4,0,0,0,0,0,0,0,0,0.0,4.476487149732699,17.045144190297464,116.88,638.57263469696,3926.29509774324,OM,-0.189,0.2494307140802241,15.536025,24.264608,32.347915681290836,4.846626582425011,10.406309584402134,0.76054593489775,0.2439786705324517,6633.718050189001
GHSL_173,77,57,0,0,0,0,0,0,0,0,0,0.0,4.470257012409621,21.018036495192884,266.7,675.074235916138,4639.04780041326,OM,-0.705,0.1974245806891539,7.63787,64.659871,51.14484817036368,9.527185940131355,9.38436985364799,1.2492110879882636,0.0126567061972622,5973.556567403165
GHSL_174,98,172,0,0,0,0,0,0,0,0,0,0.0,4.47153856011799,15.36311050808719,296.9,1352.13803100586,10530.6700234101,OM,-0.543,0.2528304296984365,26.711709,97.501725,92.01234305612785,15.589345606386953,19.946178286343805,1.0704408641443397,0.0271388881955406,12691.634085418998
GHSL_175,88,59,0,0,0,0,1,0,0,0,2,9891200.0,4.453379019960876,15.012751342264137,335.61,735.185610771179,2862.87231608715,OM,-0.724,0.3375442166019814,35.40713,492.627962,328.4079704564137,63.34095955594694,32.38725520640829,1.3432955841765868,2.804670505193268,30721.39577705758
GHSL_176,80,72,0,0,0,0,0,0,0,0,0,0.0,4.450487854346111,16.01639220658969,226.28,760.217258453369,5920.69515929415,OM,-0.668,0.2528304296984365,18.8151,24.92246,35.10926832740731,5.629758725547978,10.75638177934373,0.7868839764779209,0.8258591494416081,6860.184273690666
GHSL_177,26,97,1,0,0,0,0,0,0,0,0,0.0,4.431114043581947,16.27651339471208,198.87,620.560203552246,3452.15956582246,OM,-0.406,0.2649349232022477,7.233682,64.045485,50.26689713577466,9.408970926582032,9.626368393548214,1.2094493537798394,0.0129018785625134,6103.488667379999
GHSL_178,72,69,0,0,0,0,0,0,0,0,0,0.0,4.424894014194552,15.43916661982892,289.52,704.220176696777,10283.5890288665,OM,-0.655,0.2528304296984365,9.116805,36.636729,34.61373221910107,5.6094689798040545,10.034918306922352,0.8282598051087265,0.5868804314897399,6389.072947402998
GHSL_179,44,69,0,0,0,0,0,0,0,0,0,0.0,4.381245968029615,21.18337381207468,284.9,563.065900802612,3288.55215980967,OM,-0.564,0.1974245806891539,6.011111,31.563984,27.959291465763865,4.6570440825050445,8.259452323440616,0.8141763475908826,0.5443916162127014,5277.451058099667
GHSL_180,103,24,0,0,0,0,0,0,0,0,0,0.0,4.369326066476943,16.083554587100988,221.35,636.190505027771,3715.63196488594,OM,-0.918,0.2528304296984365,12.477315,19.309812,25.606206131471815,3.907647574288896,8.31220167495553,0.7528765163045094,0.2501865209265319,5317.221098973831
GHSL_181,0,1,149,47,0,0,0,0,0,0,0,0.0,4.354408850937544,18.569387017446953,5.87,983.381494522095,7657.83977356302,OM,1.136,0.7158279617754639,47.067234,358.426555,288.80106889052666,53.1921241774004,63.34486914069412,0.8065464378837254,0.0730988992797985,53531.46393042983
GHSL_182,6,164,12,0,0,0,0,0,0,0,0,0.0,4.324124661888416,21.66670410139687,338.6,910.071175575256,3322.00960597205,OM,-0.098,0.2083995974008294,22.263087,38.791778,48.80487651201598,7.557031661545496,15.565699860776052,0.7660184616963305,0.5645812143962466,9925.067389411672
GHSL_183,3,133,16,0,0,0,0,0,0,0,0,0.0,4.317126212723282,21.18997789242485,285.75,757.705550193787,5900.37906205287,AS,-0.021,0.1974245806891539,7.988254,102.664938,76.40486086695905,14.793130713105096,13.88377213173585,1.2770057622730178,0.0183879481022071,8765.121341376007
GHSL_184,16,133,3,0,0,0,0,0,0,0,0,0.0,4.313902963749093,21.73114555500412,345.79,757.402481555939,3402.34345657888,OM,-0.275,0.2083995974008294,11.988729,59.19779,53.0536014605751,9.125008220855545,12.184544179539657,1.020153115909075,0.0142145665290547,7764.417063715668
GHSL_185,50,89,0,0,0,0,0,0,0,0,0,0.0,4.310967747278263,22.0670574341058,383.09,697.408003330231,3393.91109617219,OM,-0.54,0.2083995974008294,10.958281,37.230906,36.27920155893115,5.94736750624645,10.221739160729248,0.8506509366849918,0.2369725074399156,6539.022896671332
GHSL_186,75,141,0,0,0,0,0,0,0,0,0,0.0,4.265759570521456,22.53605525074001,435.26,1083.96171855927,4083.9181324806,AS,-0.53,0.2430293766450495,29.026104,37.942448,53.975939960066825,8.536449728115855,16.189519064290298,0.8034346038193918,1.0637041253787576,10294.953510287998
GHSL_187,119,143,0,0,0,0,0,0,0,0,0,0.0,4.237390536680978,15.69679469971935,266.64,1307.39631652832,9543.5960970591,OM,-0.614,0.2528304296984365,19.287932,64.707889,63.80589697977376,10.122831590513808,18.88414710920308,0.8127089825264787,0.9552825111038404,12041.46813778683
GHSL_188,96,45,0,0,0,0,0,0,0,0,0,0.0,4.2346120371485325,15.708533881029972,265.49,707.663688659668,7513.78913868539,OM,-0.789,0.2528304296984365,9.774859,66.821243,54.56161261909275,9.99719590355246,9.59912834877015,1.2919834609275254,0.0145577789599804,6113.851132054998
GHSL_189,9,117,4,0,0,0,0,0,0,0,0,0.0,4.231472046457031,15.720352106549749,264.34,653.171127319336,7628.72141227909,OM,-0.209,0.2528304296984365,10.195505,70.158059,57.227180617436375,10.490717206920532,10.676575941085144,1.232383819951824,0.0146507779182851,6775.755546750501
GHSL_190,14,169,5,0,0,0,0,0,0,0,0,0.0,4.230537739079101,15.637070818671877,273.2,939.948375701904,7841.528812543,OM,-0.215,0.2528304296984365,11.219961,59.991474,52.45684367667864,8.789853902143449,15.344500384355207,0.8238953783359148,1.244681502445259,9742.951714138002
GHSL_191,23,141,2,0,0,0,0,0,0,0,0,0.0,4.226885954355363,22.5479961666586,436.75,827.998403549194,4395.73593440994,AS,-0.32,0.2430293766450495,10.905974,50.296692,45.48212506900361,7.512621155309052,13.32976419483275,0.8236350379992022,0.9594062025279818,8454.941035232
GHSL_192,35,429,14,0,0,0,0,0,0,0,1,12000000.0,4.23003555451341,15.650711138980386,271.78,2391.26557922363,11637.0083860062,OM,-0.215,0.2528304296984365,95.759847,216.046143,212.64175701249965,31.190923478580668,47.39825103800665,0.7551296033709592,6.856319087420126,36851.88034889617
GHSL_193,60,65,0,0,0,0,0,0,0,0,0,0.0,4.214684606602867,22.54127512901975,436.04,626.967887878418,4067.79302506971,AS,-0.635,0.2430293766450495,7.494346,33.549832,30.511203353277843,5.037236067077849,9.035097975656424,0.8143442813031391,0.6199517051569882,5751.544632494999
GHSL_194,10,124,4,0,0,0,0,0,0,0,0,0.0,4.192195456766585,22.509513621175433,432.66,692.385263442993,3675.35413163926,AS,-0.208,0.2430293766450495,21.203029,26.51204,38.604397542754306,6.2555700123716305,11.466193212120634,0.8101769587491547,1.0105610434189731,7273.8974894500025
GHSL_195,12,113,3,0,0,0,0,0,0,0,0,0.0,4.173808894296167,17.227542583033106,119.08,637.351690292358,4962.05917157039,OM,-0.258,0.2494307140802241,6.441115,50.180598,40.499393953561224,7.435291116910689,10.368859798691076,0.943507724072587,0.0100380427448956,6582.246788665666
GHSL_196,1,116,27,0,0,0,0,0,0,0,0,0.0,4.167251713688564,22.4878276962882,430.42,715.54625415802,3798.29846250793,AS,0.086,0.2430293766450495,10.457275,64.686941,54.14026344370006,9.758046084628903,14.21723237406595,0.9250884036021414,0.0147263109741418,8994.39116361701
GHSL_197,94,101,0,0,0,0,0,0,0,0,0,0.0,4.150721745807118,22.468112514534752,428.35,974.628939628601,3924.78038887677,AS,-0.635,0.2430293766450495,10.346237,57.375441,49.30393133996423,8.741686285413962,14.106512120142488,0.8570371920108565,0.0133593752877673,8967.440527872996
GHSL_198,1,119,25,0,0,0,0,0,0,0,0,0.0,4.129505813947471,22.39160942617764,420.03,727.780264854431,3399.25392272037,AS,0.072,0.2430293766450495,13.334811,57.545075,52.83093162054699,8.735314216947666,14.09894283536926,0.8917294222088377,0.8895618405414825,8933.59797866201
GHSL_199,149,389,2,0,0,0,1,0,0,0,0,0.0,4.112332060656018,17.387137992551885,112.11,2695.32078361511,4697.41574172885,OM,-0.47,0.2494307140802241,99.223165,171.301252,214.6008147567101,31.57721248656995,51.860131026009626,0.7865749904292789,0.1038100156584323,40353.376564693936
GHSL_200,67,49,0,0,0,0,0,0,0,0,0,0.0,4.031797773580805,17.030386311633713,145.8,582.384902000427,3237.99667706443,OM,-0.709,0.2494307140802241,5.634821,30.835685,26.774515532517192,4.704345125146711,8.109774796853022,0.816077630625868,0.0075713822183685,5167.201890592165
GHSL_201,189,42,0,0,0,0,0,0,0,0,2,1680000.0,4.036730857125933,15.155312490000949,330.61,1163.66394138336,4852.76222929315,OM,-0.923,0.3375442166019814,16.384639,74.105118,63.56167395195468,10.361125861882844,16.317644179096824,0.7990141943453213,1.8155308007280375,11332.518795783493
GHSL_202,2,164,30,0,0,0,0,0,0,0,0,0.0,4.000621346018071,17.828620834210202,89.3,980.434108734131,3468.78277957909,OM,0.05,0.240243551166617,29.277691,92.716076,91.16294598175853,16.571861826633565,18.42889980172364,1.1327564075348204,1.665764575098609,11709.142390156343
GHSL_203,108,100,0,0,0,0,1,0,0,0,2,16259600.0,3.988952576394549,15.179616901028409,329.68,1038.38985919952,3788.63784004497,OM,-0.664,0.3375442166019814,121.125104,165.075779,203.67677366124505,27.80799918694423,38.12674584695611,0.6374166931027031,3.898117427509474,39981.71418764278
GHSL_204,8,107,4,0,0,0,0,0,0,0,0,0.0,3.968550936015636,18.15900759271368,67.94,595.116220474243,3158.28806705006,OM,-0.202,0.240243551166617,10.064262,34.558988,33.87846922207127,5.407619236819526,9.753177204056952,0.830514728546588,0.516741616000368,6224.371190986334
GHSL_205,23,181,4,0,0,0,0,0,0,0,0,0.0,3.9597086097050584,15.1779694016919,330.88,1037.80383014679,4038.93298364191,OM,-0.28,0.3375442166019814,12.585095,66.841068,59.05567960941989,9.94069201564053,16.716446419306983,0.8524758217067511,0.843984689944445,10606.341365023502
GHSL_206,13,119,3,0,0,0,0,0,0,0,0,0.0,3.949217367432156,17.86341139121485,91.07,675.626941680908,3033.93480479998,OM,-0.261,0.240243551166617,6.703891,52.833436,42.45417639638914,7.822109525140868,10.91662326010446,0.9407153144460476,0.0104841892034997,6928.957714828502
GHSL_207,7,109,5,0,0,0,0,0,0,0,0,0.0,3.8957118814381015,18.144678012322796,75.08,604.851755142212,5043.62558905817,OM,-0.167,0.240243551166617,17.940625,23.407748,33.69301144120198,5.416997979807153,10.022230121012768,0.8057571400411989,0.7660889462090466,6394.944797792169
GHSL_208,4,159,17,0,0,0,0,0,0,0,0,0.0,3.8693153846147257,17.997365004670414,87.99,900.853176116943,3755.93365847096,OM,-0.042,0.240243551166617,23.00406,47.335228,55.453461227657826,8.233804570710745,15.873666854189764,0.8317856461288878,0.4747663592009041,10129.512407718341
GHSL_209,16,98,1,0,0,0,0,0,0,0,0,0.0,3.837294884204943,18.030080863842816,88.28,580.765382766724,2711.95602506058,OM,-0.325,0.240243551166617,5.195413,44.00451,34.993936835316624,6.483760159943644,9.074484125547189,0.935227763330518,0.0089323693528164,5757.649207172
GHSL_210,161,48,0,0,0,0,0,0,0,0,0,0.0,3.7155494830655136,18.586169330263058,73.9,1051.31632423401,4719.33277775088,AS,-0.872,0.294557323852941,24.437405,33.154671,46.76819143825649,7.43201353882369,13.84719065501003,0.8066254171755003,0.944392146232278,8862.770334658995
GHSL_211,51,134,1,0,0,0,0,0,0,0,0,0.0,3.696353589167965,18.53516452612792,76.49,929.582560539246,3499.82892284587,AS,-0.47,0.294557323852941,11.163146,66.553045,55.86226093227582,10.072218214708288,14.32570331060378,0.9404689759500594,0.0148673070266627,9090.225400449
GHSL_212,92,152,0,0,0,0,0,0,0,0,0,0.0,3.6873520986645274,18.085245805796625,96.98,1219.78194236755,8897.80245074371,OM,-0.554,0.240243551166617,24.20571,56.569858,63.08309533923703,9.519606024344109,17.857813742146593,0.8368162335234262,0.680586994406582,11430.062246847332
GHSL_213,65,107,0,0,0,0,0,0,0,0,0,0.0,3.673606100204158,18.097239351288607,97.4,861.303696632385,4021.02566121562,OM,-0.554,0.240243551166617,17.05644,39.873196,44.45852414194034,6.70881164979528,12.585704317201492,0.8368018873864634,0.4799242485727527,8055.565056289832
GHSL_214,15,123,3,0,0,0,0,0,0,0,0,0.0,3.6105001622439374,18.592795617463132,85.5,701.857918739319,2824.36657695268,AS,-0.272,0.294557323852941,10.925464,43.353147,40.98681570152603,6.633575875252383,11.51109509965287,0.8523939080749834,0.6340267313012774,7311.325350840002
GHSL_215,2,145,21,0,0,0,0,0,0,0,0,0.0,3.5226179354728515,16.049397702318743,266.15,841.796216964722,4270.69259278942,OM,0.01,0.3011340913402752,10.209635,112.829839,85.38011616027379,16.372681447252663,15.41204495985887,1.277967867066417,0.0221555973776175,9765.504535656008
GHSL_217,40,127,1,0,0,0,0,0,0,0,4,16948400.0,6.237563551967377,21.193860281108464,351.67,838.326820850372,3274.07467623656,OM,-0.438,0.2630651501157071,85.478111,182.086392,170.53464780988278,24.127622837685013,27.04062403255434,0.7759665899008753,4.947435635426202,25142.750658603523
GHSL_218,12,90,2,0,0,0,0,0,0,0,0,0.0,4.671619031288363,15.802362771728315,245.5,518.869411468506,2526.53486165569,OM,-0.286,0.2528304296984365,12.137436,41.631198,40.399236004151696,7.409066147888514,8.35596724668459,1.1152955175206638,0.7072773672804612,5297.436894692
GHSL_219,34,978,74,0,0,0,0,0,0,0,1,12000000.0,4.240797686758615,15.556365216656085,281.51,5435.39091491699,12955.6581642592,OM,-0.092,0.2528304296984365,179.188064,281.756944,354.872310825525,49.95364378555649,101.54432299313952,0.7164783251067214,4.3445924933018825,71379.86820587836
GHSL_220,35,1257,117,0,0,0,2,0,0,0,7,22895100.000000004,6.492501614392814,15.647394650261296,313.44,7047.63012218475,5068.22114812219,OM,-0.061,0.2213951926979405,235.77161,504.412755,545.1161712061762,81.55927254185444,162.17020047771103,0.614268818989576,4.099002756102112,129867.14829504759
GHSL_221,97,2371,158,0,0,0,1,0,0,0,16,40669400.0,6.257107966779087,21.19867315721464,353.28,13124.4643874168,3942.87906130619,OM,-0.112,0.2630651501157071,536.181897,766.848746,986.4922360134816,150.27747348012343,263.67593314968184,0.7048169223826809,22.45282293456013,197212.29816690634
GHSL_222,168,1289,24,0,0,1,0,0,0,0,3,36000000.0,4.663541855911441,15.798845822442097,245.98,7404.03927707672,4392.18835119804,OM,-0.286,0.2528304296984365,380.197582,535.498488,653.580474765423,96.63835396705736,145.09610336982,0.749987467604582,23.839149666535185,113987.79866181906
GHSL_223,11,407,38,0,0,0,0,0,0,0,5,12910100.0,6.498626132998399,15.65357137063742,313.55,2282.15396499634,3664.56254625971,OM,-0.061,0.2213951926979405,110.545743,153.846996,191.7397517560231,25.67399037621747,48.635760491569535,0.6701936960618378,3.155452197374844,38273.96191164127
GHSL_224,361,90,0,0,0,0,0,0,0,0,2,11942000.0,8.40596580376486,20.65529536852663,484.48,2272.95774459839,3616.58368035741,OM,-0.903,0.2444044831500113,49.46992,367.837585,255.25212936548152,45.19208092163995,40.13594973347007,1.0518395329101204,3.5924463592845393,30879.134610380126
GHSL_225,612,153,0,0,0,0,0,0,0,0,1,1556000.0,8.408465380807568,20.64081350582245,483.72,3850.6609621048,3656.38966635217,OM,-0.903,0.2444044831500113,35.525292,214.672794,181.45549840352055,30.82958175931017,51.37700560625449,0.8133580327168926,3.282634663169164,33681.63714967838
GHSL_226,0,507,956,3,0,0,0,0,0,0,6,72000000.0,7.699593440220308,18.621717338010825,314.92,7330.99076747894,3881.0578376272,OM,0.473,0.3711250603242535,581.427987,825.19832,985.9357373509396,136.51347797863494,254.87734399048628,0.6492772465578055,17.478151337849045,203517.85441480335
GHSL_229,73,1429,76,0,0,0,2,1,0,0,6,14840400.000000002,7.241896289282213,16.43803405873692,309.72,7888.97749948502,3118.71648904091,OM,-0.145,0.2416978781442573,670.701476,816.224217,1186.0219999265005,181.543595817597,312.8206685541338,0.6045258245054542,25.8385496402385,287541.5465092836
GHSL_231,0,58,164,1,0,0,0,0,0,0,0,0.0,4.753087349363328,22.8079861757241,466.9,1112.63678693771,3514.6405460297,OM,0.546,0.4183195351390903,46.98389,91.353227,111.4703327464892,16.376723924790326,33.452279966442724,0.8003809068222099,0.0369962854034875,21465.23646475606
GHSL_241,112,332,2,0,0,0,0,0,0,0,2,24000000.0,4.526110728943267,15.31815125216345,300.82,2229.25484085083,13708.2839292024,OM,-0.447,0.2528304296984365,131.615958,691.791164,488.01235257748453,86.92097710540816,54.45483602325764,1.2567796150361157,13.743823581962973,45650.258021256
GHSL_242,0,0,256,363,1,0,1,0,0,0,1,12000000.0,4.348075254663388,18.52443487169493,9.62,3095.45693302155,3064.20813842588,OM,1.417,0.6400336044944506,639.603506,1119.167514,1377.6750688578995,215.5876561084761,345.73883131844235,0.5891549984736464,17.822035878697182,344137.5606208722
GHSL_243,4,714,235,0,0,0,0,0,0,0,0,0.0,3.870499902138025,17.98127625805061,89.5,4767.64462947845,4122.79782212057,OM,0.149,0.240243551166617,180.056317,232.132689,337.79707574743793,52.07529653614882,97.34929935073237,0.8273791813993218,5.267803649250812,62058.36364589142
GHSL_245,24,2018,375,0,0,0,1,0,0,0,0,0.0,4.315589356830895,17.471675560314715,89.11,12089.0596523285,5515.68609043241,OM,0.05,0.2494307140802241,404.324677,579.054119,794.2352770994838,126.88392082834974,237.98882306580657,0.7668237993440036,14.6329442751892,159004.78536445095
GHSL_246,0,569,1249,4,0,0,0,0,0,0,1,12000000.0,4.429035597487416,18.519678508344125,3.1,9113.76879262924,3537.18477063575,OM,0.501,0.6400336044944506,177.265596,1480.642034,1146.6513491030937,211.7912554292641,271.5950102927013,0.9508632254893448,2.252119624793804,179111.72307597482
GHSL_247,0,34,179,2,0,0,0,0,0,0,0,0.0,7.240526229232302,16.419847032028336,310.67,1073.61174535751,2682.02455004263,OM,0.655,0.2416978781442573,51.58312,94.359144,117.46223068612794,17.85173144174426,34.58145083089011,0.7959529931728676,0.6590603010956279,22651.95423155074
GHSL_248,1,166,49,0,0,0,0,0,0,0,0,0.0,6.549763200675137,21.981663719517087,443.24,1080.46148872375,3166.65149098404,OM,0.13,0.3795888474677102,24.869054,67.376485,70.93174906730513,11.082651405283428,21.74633969283207,0.7957871793822292,0.5114545824416583,13822.594124750183
GHSL_249,0,49,86,0,0,0,0,0,0,0,0,0.0,6.51580741910032,17.452108499041902,186.71,674.772969245911,2471.87490879407,OM,0.462,0.2495933009421506,10.842487,116.142865,88.60281839108106,16.883829068888076,18.6608696418738,1.1216988612876806,0.0147109009364717,11789.889456492367
GHSL_250,3,299,71,0,0,0,0,0,0,0,0,0.0,5.322155441933317,17.102443667899625,109.14,1862.43871212006,3890.26016434682,OM,0.092,0.2501343624972278,21.448031,175.752811,140.76255820748008,25.950853137525897,36.44609137477158,0.9375327584834818,0.0357314291420859,23082.016045368193
GHSL_251,0,3,147,21,0,0,0,0,0,0,0,0.0,4.432174563202525,18.534597469564044,1.91,856.70382976532,3849.31627320866,OM,1.006,0.6400336044944506,31.744247,231.035243,187.6329006939655,34.40599476289464,41.84123219143376,0.8587778273439263,0.0489734926395403,32729.901111969102
GHSL_252,0,14,74,1,0,0,0,0,0,0,0,0.0,7.232590471719897,16.42671312700127,309.55,442.492437362671,2734.28109240053,OM,0.655,0.2416978781442573,21.624773,39.272067,49.05180648389365,7.4566956872294705,14.417534214893594,0.7922364084379946,0.2856159168008488,9499.438100201363
GHSL_253,0,44,65,0,0,0,0,0,0,0,0,0.0,6.548725813348163,21.958204658186062,440.97,547.464946269989,4278.74127604524,OM,0.427,0.3795888474677102,18.136334,39.112132,45.163169120541674,6.851826889568016,14.649737267739257,0.7662096888010479,0.0141320251289797,9267.356520404692
GHSL_254,0,96,79,0,0,0,0,0,0,0,0,0.0,6.32514073444403,16.381979794073477,237.36,873.138094902039,4448.38596968667,OM,0.318,0.3311983903901762,28.026761,53.64885,64.06075911504107,10.13857798192455,21.100427970491527,0.7509484934164309,0.57023692715393,13439.23853794603
GHSL_255,15,95,1,0,0,0,0,0,0,0,0,0.0,5.317675698068106,25.944197075513667,819.33,555.22550201416,6494.62512591134,OM,-0.313,0.4528295695376121,12.974573,42.200198,41.83031684619623,7.269581850386003,8.760592625281696,1.1004767293248718,0.3822925095741195,5564.443353210166
GHSL_257,1,231,90,0,0,0,0,0,0,0,0,0.0,4.322373043182302,17.463473903712046,88.97,1609.73559951782,11060.6622337813,OM,0.179,0.2494307140802241,58.803002,81.791094,114.50227387584351,17.807437369279512,33.830909511093154,0.8121093305594913,1.6862678748797084,21573.98198017787
GHSL_258,56,50,0,0,0,0,0,0,0,0,0,0.0,5.311441224663893,25.961609379278077,821.15,531.505537033081,7771.45772945784,OM,-0.668,0.4528295695376121,12.146361,36.819612,36.884971588751874,6.453826716104972,7.5079170894642,1.123491165171975,0.4213487178310402,4781.661648623332
GHSL_259,4,131,12,0,0,0,0,0,0,0,0,0.0,6.5086210556459365,18.273818671950934,178.28,735.638095855713,6633.16678408801,OM,-0.064,0.2088739628756101,14.802615,37.076377,39.93251045902099,6.302844560200225,12.789748535526948,0.7707415180086958,0.0123831004840613,8157.110031679005
GHSL_260,101,3102,254,0,0,1,0,0,0,0,2,24000000.0,4.259302715311888,15.378843056631174,300.04,17282.6767921448,20597.2722281948,OM,-0.081,0.2528304296984365,363.44634,1956.398461,1618.1713816972265,279.6778561748278,318.3079440968228,1.0528603811929418,7.796363175238094,216921.74298702768
GHSL_261,51,1720,153,0,0,0,1,0,0,0,4,48000000.0,7.691140182191732,18.623807099506735,314.25,9623.46870994568,3683.98389445912,OM,-0.068,0.3711250603242535,525.872224,613.640026,839.9731148672122,111.09433421893154,209.91527927340888,0.6730884874487824,11.493015256432248,168866.373309842
GHSL_262,0,277,1458,18,0,0,0,0,0,0,0,0.0,7.238954284969231,16.429294012547437,309.97,8766.53584098816,3611.53518552863,OM,0.655,0.2416978781442573,423.193012,771.280886,961.7653820007196,146.18851242982376,282.9092195101118,0.7940633441326661,5.501223312205892,185869.24163314895
GHSL_263,2,651,339,0,0,0,0,0,1,0,3,36000000.0,6.531200087405018,21.99935161645512,443.75,4958.86149311066,4243.38444229525,OM,0.232,0.3795888474677102,647.242154,1289.072796,1464.7003958829464,217.00654017712935,356.2339983654587,0.6028990128386801,25.830891589424485,345748.3080468936
GHSL_264,20,3223,955,0,0,0,0,0,0,0,2,24000000.0,6.5402641867458895,21.989330437345423,443.36,20986.4080991745,6423.77481999471,OM,0.13,0.3795888474677102,542.318292,1420.654755,1480.7479378879766,229.0354435683531,439.1551428716213,0.759159512925248,15.9886419747471,292790.11044262134
GHSL_265,0,1327,3735,18,0,0,2,0,0,0,4,36992500.0,4.7410864722409904,22.815985343146167,467.61,25404.4457654953,4379.30601158735,OM,0.546,0.4183195351390903,1173.502385,2174.943314,2650.0722587591117,386.7920960914192,806.577678272279,0.7280369842568062,9.242815757028334,550997.7881892243
GHSL_266,401,1193,6,0,0,0,0,0,0,0,2,24000000.0,4.525996831336421,15.315267155611576,301.21,7999.2698135376,24594.8242033243,OM,-0.447,0.2528304296984365,256.791594,1139.308572,915.3335152049584,166.7186713931635,141.2025944609751,1.183579166540575,21.762189749212705,101611.49036688783
GHSL_267,0,110,6364,924,0,0,1,0,0,0,2,24000000.0,4.41581329583955,18.530646655113827,3.35,36994.1152434349,5627.23408230336,OM,1.006,0.6400336044944506,1397.714099,10435.107871,8376.489006435424,1537.8044810360675,1855.4204649636283,0.8510411571761041,6.073737178448175,1466082.0211578375
GHSL_268,0,1,1844,2617,4,0,2,0,0,0,1,12000000.0,4.365971990458951,18.52637392858867,8.06,22331.3018131256,6974.57810263982,OM,1.417,0.6400336044944506,3868.7845,8239.918725,9372.589593282397,1491.9903813186647,2382.286895464432,0.5993002393833344,135.85104365680553,2327457.7373957327
GHSL_269,334,148,0,0,0,0,0,0,0,0,5,8932400.0,4.126579730816666,15.139668060352603,329.58,2416.02079105377,2738.96690033894,OM,-0.801,0.3375442166019814,76.798714,366.864094,284.71968536025344,52.032538673652574,39.94969957871079,1.2229888106251217,7.078071791577361,29765.378174423116
GHSL_270,22,1167,151,0,0,0,1,0,0,0,9,12406800.0,4.1203593475092175,15.135326424054108,330.14,6700.40970134735,4183.91731920173,OM,-0.009,0.3375442166019814,237.426801,1018.601154,872.0418861528843,160.91423522838542,142.55958746558684,1.15332229938663,17.291780518192542,103609.87296725171
GHSL_271,7,1371,452,0,0,0,1,1,0,0,0,0.0,3.8707479533402354,17.98656196564136,88.68,9148.66178321838,7120.13525038398,OM,0.149,0.240243551166617,587.562221,1116.032364,1346.801062871676,196.0472685209558,341.49658460767427,0.68056545996637,10.208843678239448,293380.1015296036
GHSL_272,1208,302,0,0,0,0,0,1,0,0,1,2111400.0,8.411846395261573,20.6457712392996,484.63,7600.6399679184,3455.22777816984,OM,-0.903,0.2444044831500113,361.541368,1064.154659,1070.3031248310558,174.91677204503523,248.85163584205424,0.6947800722285791,20.58351658233807,225367.74415554112
GHSL_273,0,761,1121,2,0,0,0,0,0,0,1,12000000.0,6.548685286336886,21.96594989604305,441.7,9418.76935958862,7123.82812811604,OM,0.427,0.3795888474677102,295.556051,770.68299,814.2254513591336,125.12344953627262,262.5666154127238,0.7223867920970498,3.1163403428783716,173528.6389789654
GHSL_274,0,252,310,0,0,0,1,0,0,0,0,0.0,5.325324768536137,17.085423088603076,111.12,2811.92048549652,3575.19629234098,OM,0.393,0.2501343624972278,58.165825,411.112185,336.8260554479824,61.352011727887266,85.14755614609751,0.8485308170621995,0.087161632022952,60672.69863841222
GHSL_275,18,2139,509,0,0,0,2,0,0,0,0,0.0,5.313842772628625,17.100033727113782,109.03,13333.1468162537,5530.5488909796,OM,0.092,0.2501343624972278,175.059023,1376.626554,1109.3838776632278,203.96834687827288,284.48879241903074,0.8784641226738732,0.3365586113802039,193739.1939100384
GHSL_276,2840,2565,2,0,0,0,0,0,0,0,0,0.0,5.317325566942019,25.95567359022693,820.55,27047.0449142456,15978.6217031974,OM,-0.668,0.4528295695376121,620.563373,1880.779382,1884.193669294405,329.65202825019753,383.5321925516962,1.1236654239894386,21.61289373675099,244212.93228015356
GHSL_277,0,175,493,2,0,0,0,0,0,0,1,12000000.0,4.760363755127128,22.816578134124324,467.93,3353.13383340836,4040.25128975429,OM,0.546,0.4183195351390903,180.508763,329.057273,392.9132190537144,56.384171125464825,108.3195911745281,0.7481020817841195,2.681835696396473,75759.12241732185
GHSL_278,41,920,56,0,0,0,0,0,0,0,2,24000000.0,4.750304538890447,22.835952170939823,469.93,5086.44278812408,4099.92003040745,OM,-0.125,0.4183195351390903,225.835779,309.772647,397.2775312821036,53.34955022908923,103.6243316202416,0.6854279009090823,5.552535620258982,78747.13105099686
GHSL_279,0,226,133,0,0,0,0,0,0,0,2,12992500.0,4.735424881668628,22.79376246551712,465.23,1797.16913223267,2059.27239219214,OM,0.254,0.4183195351390903,98.034686,243.477153,239.84428723706517,35.71927972702809,51.50531391396541,0.8119797097412317,3.5211097236860835,38912.25963215976
GHSL_280,8,1288,392,0,0,0,0,0,0,0,0,0.0,4.3815585468074065,18.510509318998004,8.01,8438.26450490952,3129.09020972165,OM,0.135,0.6400336044944506,159.374096,584.179772,556.9130759412217,92.45765713471224,170.70025492915713,0.8012292679028594,3.8208825835030233,108534.01870198816
GHSL_281,6,1416,552,0,0,0,0,0,0,0,0,0.0,4.322033748747693,17.463709818855143,88.55,9865.88131427765,6661.36679972647,OM,0.179,0.2494307140802241,360.533891,501.508652,702.056620917429,109.16443784746376,207.43635698334413,0.8121371338929126,10.321919443629165,132274.1946882692
GHSL_282,3,535,159,0,0,0,0,0,0,0,0,0.0,6.536827983528073,21.97948082614685,442.32,3485.79421710968,2982.85503042904,OM,0.13,0.3795888474677102,80.323766,217.590749,229.05931014370717,35.79338875873781,70.25096176996664,0.7955348851583106,1.6448679211502033,44656.26368325489
GHSL_283,45,303,5,0,0,0,0,0,0,0,6,24907199.999999996,5.769288647230629,20.648296041420178,272.57,1763.00500440598,4299.76818308095,OM,-0.307,0.2906729252791875,75.777977,591.274567,382.7787245562058,67.758459701555,52.075537750743656,1.0649300069508358,7.593590992211119,42737.43631734137
GHSL_284,3,921,442,0,0,7,0,0,0,0,5,9850000.0,5.768213061702646,20.655212082096817,273.05,6827.81524896622,7333.05103955677,OM,0.217,0.2906729252791875,285.06232,418.692194,560.2002966699416,79.46675862186699,168.66546717197477,0.6780092718021187,0.8084075184646934,124204.45994448691
GHSL_285,0,97,178,0,0,0,0,0,0,0,0,0.0,4.3627103395408025,18.520772094321146,8.7,1374.3376083374,4338.77580712471,OM,0.468,0.6400336044944506,52.374203,111.28472,128.3576592710694,19.576045439634843,38.05879806264079,0.8193460752552518,0.0594344634328192,24176.2365981804
GHSL_286,0,1552,7011,69,0,0,2,0,1,0,6,53393400.0,6.495496577785978,17.44523616325161,184.75,43162.9734287262,4422.67868693672,OM,0.629,0.2495933009421506,1591.286761,5856.746036,5470.083791903124,902.0928538732834,1649.6173774181625,0.6899349784900545,73.06703958823717,1212863.1770290206
GHSL_287,125,4283,387,0,0,0,0,1,0,0,1,12000000.0,6.3159098175040675,16.376534785543065,237.2,23973.232711792,5852.38280012108,OM,-0.066,0.3311983903901762,847.024977,1799.471839,2034.3976415810744,334.52385454009277,573.7712265050129,0.6965071478381563,59.54400349678155,437733.5082560945
GHSL_288,0,2,260,80,0,0,0,0,0,0,0,0.0,4.42120728273002,18.55752307464879,1.16,1707.17287826538,5698.17382598592,OM,1.133,0.6400336044944506,159.094844,346.991261,395.6568342725706,60.4185289321278,104.39043718465452,0.6494788293679554,0.6948282050422037,91821.59092697428
GHSL_295,0,2,76,8,0,0,0,0,0,0,2,24000000.0,4.35522552968134,18.55789187835998,6.59,430.201511383057,6281.41442855765,OM,0.948,0.311328742466528,56.076209,414.815204,272.4504152619954,47.88913077232722,44.48744865301653,0.8463852210311947,5.663705336624292,38671.146283918046
GHSL_296,0,6,41890,116593,534,0,22,3,0,0,35,393266000.0,4.38236659951947,18.55064468033234,5.12,795117.051417351,22854.1302057766,OM,1.541,0.311328742466528,89970.78301,1280067.424937,605251.6523489543,101048.93371891984,103914.64693513536,0.8126530520105474,52682.8074621521,99203447.62047516
GHSL_297,5,137,10,0,0,0,0,0,0,0,0,0.0,10.923885587502806,22.841960400898035,851.79,758.893895626068,2000.51112594192,,-0.091,0.2271497259856818,35.048586,64.274989,80.26366850195029,11.682880416746276,28.43842616941004,0.6409823114177438,0.0269797011889959,20004.529420885898
GHSL_298,57,339,5,0,0,0,1,0,0,0,0,0.0,10.465043666243949,23.294600428426826,846.0,2004.10811710358,2157.90177673121,,-0.328,0.2271497259856818,52.536758,323.657608,274.78904316115876,47.63185079711292,71.16887242799905,0.8098375903259508,4.287542641814236,51213.96397234871
GHSL_299,5,136,10,0,0,0,0,0,0,0,0,0.0,10.142039129825823,22.012664371467395,727.58,757.398209095001,3318.95238074267,OM,-0.091,0.2271497259856818,20.700656,30.583115,40.96074455676974,6.782096469674043,12.746373434290335,0.7747054393537908,1.0571636457875402,8173.0386027941695
GHSL_300,24,687,53,0,0,0,1,0,0,0,0,0.0,10.088269594558795,21.93016020016418,717.37,3816.10866832733,3420.07738719921,OM,-0.091,0.2271497259856818,129.004081,207.437773,271.40425811734025,40.87839114912886,75.7600541578191,0.7369421924984475,1.876656347653741,55826.46173294712
GHSL_301,26,755,58,0,0,0,1,0,0,0,0,0.0,9.82027229869792,21.641853806421665,674.65,4196.10766267776,3674.02824855771,OM,-0.091,0.2271497259856818,55.645581,741.233743,550.5021487248316,106.65159033453726,84.7580382209869,1.3118003127299536,0.1406918024616962,60242.308947529455
GHSL_302,5,110,7,0,0,0,0,0,0,0,0,0.0,9.773915414157443,21.0400273620423,632.98,607.45796585083,3418.81217378803,OM,-0.125,0.311328742466528,5.949609,81.952042,60.60450100230449,11.77558906636416,10.38927332152402,1.3393555517296958,0.0145912537201329,6582.586939202837
GHSL_303,5,135,10,0,0,0,0,0,0,0,0,0.0,9.719829546614706,21.591110168511157,662.43,750.459563732147,3167.35136801561,OM,-0.091,0.2271497259856818,8.129895,52.813368,44.05640396302007,7.933753850352207,12.897275886868387,0.8443496700850766,0.0129537152598155,8185.60889550917
GHSL_304,4,113,9,0,0,0,0,0,0,0,0,0.0,9.61002996949049,21.684528135195613,659.09,626.111352443695,2550.50757660833,OM,-0.091,0.2271497259856818,10.290292,54.232908,47.67456758736537,8.303729629989455,10.87362365138588,1.0301738310104336,0.0126731112815285,6912.266577175003
GHSL_305,248,115,0,0,0,0,0,0,0,0,0,0.0,9.557977576853904,22.133806754395856,686.49,1816.15246105194,2979.13543602604,OM,-0.793,0.2271497259856818,29.721752,57.716561,70.32029435177557,11.0587579248785,24.580946502621515,0.7128196138734363,0.7121557995790504,15730.154977724993
GHSL_306,173,80,0,0,0,0,1,0,0,0,0,0.0,9.5475562758226,21.85484869702603,665.54,1268.76589012146,2996.96678899601,OM,-0.793,0.2271497259856818,23.166232,286.053733,213.9182114965835,41.28905980196022,29.66141463707683,1.2003188925897068,0.0541143831332876,25279.29754271893
GHSL_307,14,320,19,0,0,0,0,0,0,0,1,840000.0,8.98815869292353,20.73112081120844,541.63,1766.76636838913,2853.98063573747,OM,-0.125,0.2444044831500113,21.372891,263.485344,192.57985617777652,36.904416707972345,30.59416028003551,1.379696574177046,0.4311401529610838,19820.50113039834
GHSL_308,285,132,0,0,0,0,1,0,0,0,0,0.0,8.901453101007718,22.80111260774363,680.89,2088.0598423481,2511.93696161662,OM,-0.793,0.311328742466528,91.87332,127.783598,177.9074816439266,28.681408974097693,39.779650264403216,0.798254962864882,3.7037669714785166,32386.5396847496
GHSL_309,8,176,11,0,0,0,0,0,0,0,0,0.0,8.745649518834835,20.020376134876603,478.35,974.723074436188,2297.24976298889,OM,-0.125,0.2444044831500113,17.587382,82.026076,74.78117848563491,12.72256593326723,16.517318868651564,1.054151534846388,0.0220751074612797,10510.551567971337
GHSL_310,5,108,7,0,0,0,0,0,0,0,0,0.0,8.709492025582527,19.107072393449027,436.57,597.197743415833,2198.9430283663,OM,-0.125,0.2444044831500113,15.728223,23.778473,31.904919713397117,5.056644656621756,10.165649438213237,0.7667012207271057,0.4915146819446595,6480.25022440217
GHSL_311,6,125,8,0,0,0,1,0,0,0,0,0.0,8.684703811599315,20.252919661821032,485.06,689.510065078735,2137.97229055095,OM,-0.125,0.2444044831500113,25.575081,135.337935,117.87562031647202,20.711107924034156,23.89653405287258,0.793331929661937,0.0340648906487101,21815.344461802775
GHSL_312,6,137,8,0,0,0,0,0,0,0,0,0.0,8.527315917570823,20.49035893260023,484.63,755.091101169586,3066.49678227083,OM,-0.125,0.2444044831500113,11.837548,63.180428,55.47589419088436,9.661790332589318,12.755074178551991,1.0228158280601372,0.0149567210481245,8111.771044538671
GHSL_313,90,163,0,0,0,0,0,0,0,0,0,0.0,8.207690677200278,18.71124966913508,371.98,1266.52007961273,3171.00914761604,OM,-0.536,0.0615182899632296,17.505906,91.449177,80.75177683867601,14.014566290374074,18.700926482397243,1.014487856243471,0.0217775931096371,11913.512614729332
GHSL_314,129,119,0,0,0,0,0,0,0,0,1,2594000.0,8.146034954838928,20.390534357014445,443.96,1242.13412666321,2706.1766569177,OM,-0.663,0.311328742466528,21.821221,134.438231,104.29988633477969,18.213703406601137,19.528727861712344,1.036873652670172,0.8128719136779924,13804.435427462266
GHSL_315,110,438,3,0,0,0,1,0,0,0,0,0.0,8.070068876862655,22.39589502081089,584.02,2754.82507276535,3240.58942802653,OM,-0.396,0.0842931393016853,77.411294,158.13079,187.73162212702775,28.032403307313476,53.8110485475752,0.6932061828025049,0.0646736322685948,41420.23326240377
GHSL_316,24,94,1,0,0,0,0,0,0,0,0,0.0,8.05007609834047,22.40489434842589,583.21,589.863641262054,2891.05956345223,OM,-0.396,0.0842931393016853,13.616593,22.27146,28.877788544269755,4.738042061496788,9.20559857983265,0.7667270733584554,0.5718370447532704,5870.582031657333
GHSL_317,23,179,3,0,0,0,0,0,0,0,0,0.0,7.932856172511888,17.627834984643883,335.78,1024.85413074493,2939.3746723061,OM,-0.284,0.2146528583959602,25.910547,37.935081,51.560722076262174,8.24680117051582,16.297142485288788,0.7701712114230762,0.9498332825959866,10396.066976456834
GHSL_318,10,148,6,0,0,0,0,0,0,0,0,0.0,7.875758242354078,17.770538773441203,327.91,820.712516784668,3216.58834718663,OM,-0.184,0.3711250603242535,12.27927,44.750583,42.57119749865012,7.162667305386347,13.522318178820314,0.7817938889607438,0.0183931925239361,8617.550755453669
GHSL_319,15,122,2,0,0,0,0,0,0,0,0,0.0,7.851270335252635,17.47824656120637,329.33,698.539263725281,2415.38988213312,OM,-0.276,0.2146528583959602,8.381098,38.012954,34.6199795853999,5.839192169342119,11.080562090356334,0.773970270172037,0.2942283919710939,7053.926676785168
GHSL_320,27,89,1,0,0,0,0,0,0,0,2,5008600.0,7.814464809034389,16.526501845102445,359.34,579.741928100586,2621.41623153153,OM,-0.426,0.2416978781442573,40.40201,41.092599,57.71047957558384,8.243659519166119,12.50878585416688,0.6725142527370971,2.038610143041169,10742.442685852857
GHSL_321,20,125,2,0,0,0,0,0,0,0,0,0.0,7.78539463976789,16.44620477652638,360.61,731.17181968689,2864.98107318244,OM,-0.316,0.2416978781442573,7.434292,77.121468,59.14218706788876,11.22846425605226,11.666914290092109,1.17991977746921,0.0150704564887763,7405.935657790333
GHSL_322,10,231,14,0,0,0,0,0,0,0,2,3786200.0,7.749517956806265,16.488769893115066,354.94,1278.69959259033,3578.42364774423,OM,-0.123,0.2416978781442573,16.413921,195.998895,136.50006986823428,25.965857528399496,24.853538644359087,1.0707722665513053,0.9226117962421791,17514.225882315066
GHSL_323,23,497,30,0,0,0,1,0,0,0,2,5062600.0,7.702465460539318,16.446991051996285,352.5,2745.50450325012,3796.37850640878,OM,-0.127,0.2416978781442573,132.519276,211.305127,260.7197063722008,41.70880988577035,61.26172703252835,0.7527816777017261,7.982722421158821,48962.11562446174
GHSL_324,25,155,2,0,0,0,0,0,0,0,2,2164400.0,7.696695248653685,16.516236890235614,348.33,913.588833808899,2496.93068905598,OM,-0.322,0.2416978781442573,17.819251,53.586596,53.39305269852217,8.30306469246809,15.883498190991762,0.6917626638496474,0.3530616221395357,11303.890330052762
GHSL_325,7,152,9,0,0,0,0,0,0,0,0,0.0,7.691290770710522,16.445396094956713,351.57,839.544044494629,4289.80079657155,OM,-0.127,0.2416978781442573,19.377307,33.46787,42.358771729300145,6.236189931500022,14.16611796624946,0.7394204667519908,0.109454994558635,9026.934861070502
GHSL_326,23,792,71,0,0,0,0,0,0,0,0,0.0,7.682499846331817,18.61637566382099,313.05,4429.89319705963,3098.88493210245,OM,-0.068,0.3711250603242535,112.171782,180.579331,235.18021262929796,33.92995919081537,76.97892844581598,0.7507316428910155,0.0822104740968889,49102.03187894919
GHSL_327,44,104,0,0,0,0,0,0,0,0,2,1816400.0,7.651632592031285,16.636262723941098,337.8,741.099273681641,2721.42800264997,OM,-0.489,0.2416978781442573,25.544805,35.898241,46.68370491819222,7.488915244681333,12.324620645834706,0.7394924990338341,1.3920278697414064,8884.743601895392
GHSL_328,75,139,0,0,0,0,0,0,0,0,2,2514400.0,7.65053544705372,16.545774240332122,342.27,1071.3529291153,3228.0361840227,OM,-0.533,0.2416978781442573,19.589954,58.768675,58.4287702658721,9.068451748721134,17.62022744936464,0.6791374835713881,0.402489378831698,12604.360358859592
GHSL_329,78,73,0,0,0,0,0,0,0,0,1,5389300.0,7.635865593807837,18.62950077660167,308.33,756.016108989716,2612.89869699909,OM,-0.661,0.3711250603242535,39.642561,52.6812,63.68088988976797,8.546292692937428,14.397340438751767,0.6642769571969016,1.26902419470866,12221.251170774425
GHSL_330,69,184,1,0,0,0,1,0,0,0,4,6528800.0,7.636957096244514,17.137465497432693,315.35,1269.4099779129,2762.34925776407,OM,-0.467,0.2146528583959602,82.598566,127.997757,157.53844817267148,22.531006471700017,34.88507196900042,0.6520691175586548,1.424248936750237,33108.66320801946
GHSL_331,71,89,0,0,0,0,0,0,0,0,2,2567600.0,7.634680265648869,16.358930306883146,350.97,804.415169715881,3375.92399578597,OM,-0.607,0.2416978781442573,19.594473,39.21576,43.331395739985226,6.229732284119425,13.32738510402614,0.6248626020193303,0.4838492191568241,9940.339362818373
GHSL_332,9,657,107,0,0,0,0,0,0,0,6,5750600.0,7.616984758511586,16.96285732235842,319.62,3867.00786304474,3951.36960409211,OM,0.028,0.2146528583959602,153.717863,201.748796,272.2729134481179,44.04263065131565,75.37848449211737,0.7723085383876503,8.635472916186117,51274.849050952536
GHSL_333,61,190,1,0,0,0,0,0,0,0,0,0.0,7.611674175136442,16.551472433705865,338.22,1258.79172515869,2689.43857527762,OM,-0.44,0.2416978781442573,32.005064,44.745805,61.22699978919343,10.233461845807112,19.236038453720827,0.7745367899128434,1.6251533430432357,12251.673267240167
GHSL_334,38,169,2,0,0,0,0,0,0,0,2,7234400.0,7.6034770632473005,16.45418933400265,342.65,1037.89365577698,3811.30161492721,OM,-0.375,0.2416978781442573,58.194914,70.679706,91.52615962990168,12.495329521054366,21.248420717546846,0.6688551524645867,2.362080857125963,17606.357593638764
GHSL_335,5,121,8,0,0,0,0,0,0,0,0,0.0,7.599456354463826,16.332853723423835,349.18,670.861548423767,2627.54407906647,OM,-0.111,0.2416978781442573,16.828831,26.634561,35.15516331612946,5.027491776681773,11.379344472106784,0.7571551517439823,0.0123560307554136,7253.376544372503
GHSL_336,117,492,4,0,0,0,0,0,0,0,2,6076400.0,7.588461612189329,16.55762500172136,335.64,3062.53934001923,3049.43287751168,OM,-0.386,0.2416978781442573,84.083823,151.921476,178.98479895500324,25.27991994273434,51.41001619068521,0.7135864757079636,1.2620214231711917,36327.97411840856
GHSL_337,324,139,0,0,0,0,0,0,0,0,2,9909800.0,7.582259778284921,16.610528323221768,332.25,2320.60914707184,3029.55540812783,OM,-0.807,0.2416978781442573,35.354604,269.294015,191.32802349053017,34.27098287166378,40.033775099438735,0.8606692005201413,2.393419574898419,29885.255158928994
GHSL_338,23,141,2,0,0,0,0,0,0,0,0,0.0,7.575374558027129,16.993983502177702,314.15,827.052746772766,3239.15226088891,OM,-0.321,0.2146528583959602,11.850788,41.715,40.78348382036464,6.541676684071248,13.086611727823508,0.7645759176332508,0.5318114107683258,8343.731721478167
GHSL_339,23,269,8,0,0,0,0,0,0,0,2,3404100.0000000005,7.570483694268403,18.516771460081603,298.62,1504.48756980896,3156.6031560186,OM,-0.221,0.3711250603242535,20.436732,159.746178,119.57202240823248,21.688733518575305,27.25080287711848,0.8988709099513906,0.8451920304063302,18945.007576505348
GHSL_340,33,116,1,0,0,0,0,0,0,0,2,6740200.0,7.564724355636919,16.446297658214704,339.38,747.28152179718,3512.07388930645,OM,-0.418,0.2416978781442573,50.037989,54.880268,74.31990246342788,10.449895736650506,16.201428364701485,0.6580839104423072,2.571595093638613,14093.793059386995
GHSL_341,223,207,0,0,0,0,1,0,0,0,2,2827800.0,7.559491411045091,20.17689241355381,378.35,2152.27078485489,3046.75987680704,OM,-0.663,0.311328742466528,64.950728,157.335777,166.46531487240975,26.487840900221244,44.082707328783,0.6697951142595165,2.148880170807716,36590.518074755295
GHSL_342,91,45,0,0,0,0,0,0,0,0,0,0.0,7.548878248483823,16.913811312902304,314.69,683.835884094238,3825.70364523574,OM,-0.781,0.2146528583959602,15.772425,21.345593,30.1229328090597,4.829797777801998,9.23964177959306,0.7845914330082542,0.628711828425745,5915.347223250831
GHSL_343,23,95,1,0,0,0,0,0,0,0,0,0.0,7.542431059942083,16.603893282404968,328.71,592.155297279358,2675.65833429438,OM,-0.391,0.2416978781442573,12.496293,21.468003,27.341914763790204,3.96569673185427,9.214347073578004,0.7337769642075499,0.0090598995301441,5882.049607296833
GHSL_344,50,96,0,0,0,0,0,0,0,0,0,0.0,7.525147012608234,23.23190235270888,617.88,734.147603988647,2536.72187357864,OM,-0.527,0.311328742466528,7.793822,88.473557,66.98075275039812,12.821683816980665,10.835566108196636,1.3997739238730744,0.0164773872787644,6897.201398473665
GHSL_345,71,98,0,0,0,0,0,0,0,0,2,4233800.0,7.5235826775615875,17.199791158249898,301.32,847.985523223877,3213.62449681617,OM,-0.587,0.2146528583959602,12.034462,164.369281,107.3071292170504,20.474214151847637,16.338153665205677,1.1520328932811212,1.1614418841037304,12067.0546113291
GHSL_346,197,344,1,0,0,0,0,0,0,0,1,12000000.0,7.525811386301744,17.766343652569823,289.39,2705.42489433289,4674.06722401054,OM,-0.544,0.3711250603242535,42.163428,341.792973,241.3767517335057,43.62197184726807,50.73484920045998,0.869386960211316,2.789572156503906,37530.90685616483
GHSL_347,61,110,0,0,0,0,0,0,0,0,1,3234700.0,7.503799206793374,17.951308226763445,285.86,856.303941726685,4373.8964006144,OM,-0.538,0.3711250603242535,31.696864,44.291022,56.836820062842506,7.703992463213206,14.745615262160182,0.6870001385742429,0.8334979326867793,11284.967063392003
GHSL_348,55,134,0,0,0,0,0,0,0,0,2,1388000.0,7.496883752638764,16.496541408742555,330.11,948.586574554443,3011.92140366047,OM,-0.485,0.2416978781442573,14.004321,60.460924,53.1114881832615,8.707125108455386,15.137080645686,0.7442692623558687,1.463227679346755,10428.102915070702
GHSL_349,236,945,7,0,0,0,1,0,0,0,4,15308600.0,7.476409337743354,15.602134817128228,387.9,5944.02189254761,4504.70202502253,OM,-0.395,0.2213951926979405,216.964626,319.601672,411.2988227169495,56.79347876824906,113.23140123084816,0.666933625614896,3.668196453850168,88105.23995446146
GHSL_350,63,300,3,0,0,0,1,0,0,0,2,6496000.0,7.477224213287274,15.538990022685136,392.8,1834.26732063293,4224.83565074162,OM,-0.366,0.2213951926979405,65.427609,263.016185,223.14503876175027,37.806868201908415,45.39521425644288,0.7963628769000974,1.6763445129487418,38989.06332279701
GHSL_351,72,340,3,0,0,0,0,0,0,0,2,2462200.0,7.472403407342989,15.550814284282582,391.48,2077.19565010071,4280.75049326151,OM,-0.366,0.2213951926979405,21.578067,183.735195,139.39109015379145,25.65149904518078,34.46304894061791,0.8936783031778613,0.595136728376124,23041.71087134246
GHSL_352,128,127,0,0,0,0,0,0,0,0,3,5378100.0,7.469369483807517,15.571063206724729,389.69,1278.63178634644,5562.87241015456,OM,-0.651,0.2213951926979405,18.872336,153.186116,108.29068640021998,19.55207558910625,23.096938804054904,0.8656304190571549,1.2478920733847552,16958.181558219607
GHSL_353,96,213,1,0,0,0,0,0,0,0,4,4165000.0,7.462945404655083,16.49857716939826,326.78,1545.38577747345,3129.86988960788,OM,-0.5,0.2416978781442573,36.948064,99.452558,96.64839485878912,15.541664361504562,26.179418484158997,0.7163654940584339,3.0961647318589307,18983.072928836744
GHSL_354,30,192,3,0,0,0,0,0,0,0,0,0.0,7.458448253583963,16.622432921493953,319.56,1122.00120353699,3468.38335034649,OM,-0.316,0.2416978781442573,13.860857,67.338972,60.10301374730353,9.940145410011,17.787394902232815,0.8129872204642858,1.300852575206517,11339.161094987001
GHSL_355,19,181,4,0,0,0,0,0,0,0,0,0.0,7.453463070108871,15.96692144834714,359.46,1021.72525119781,4445.16339366727,OM,-0.253,0.2213951926979405,18.309071,80.019251,74.39612135555181,12.504148715168965,16.40608186377428,1.0532395677690471,0.0202953050107524,10447.538237980169
GHSL_356,123,383,2,0,0,0,0,0,0,0,4,10239200.0,7.451750484555062,18.438720930431604,284.15,2543.87323665619,3984.29576202073,OM,-0.439,0.3711250603242535,75.822046,230.341325,206.57484371864396,33.543753197700234,46.31177638651648,0.7937013873333642,5.378585465845622,34935.752584522845
GHSL_357,24,237,6,0,0,0,1,0,0,0,2,11107000.0,7.446062894614978,15.635469216823097,382.91,1333.04979038239,4893.4342710501,OM,-0.246,0.2213951926979405,110.388939,186.565816,216.12921354505272,30.122282520295546,40.65575539803571,0.7169161762569555,3.082639959995148,39151.93942750216
GHSL_358,92,90,0,0,0,0,0,0,0,0,1,4283500.0,7.440976611584845,16.265246509098674,338.64,907.146003723145,4098.46480822608,OM,-0.653,0.2416978781442573,27.095295,53.656394,57.11531175310156,8.223277046509468,15.896144481037668,0.6252594889945293,0.7832885365660879,12541.12417005569
GHSL_359,138,159,0,0,0,0,0,0,0,0,0,0.0,7.440430647720591,15.85738462656108,366.08,1486.81688308716,4366.31294222706,OM,-0.621,0.2213951926979405,31.522406,49.40988,65.17391674747802,10.297418946321388,21.33640027414574,0.7499182333952092,0.9746600714578132,13614.476709647995
GHSL_360,119,138,0,0,0,0,0,0,0,0,0,0.0,7.4298765310639725,15.818024060272212,368.04,1288.18572235107,5217.3123470109,OM,-0.621,0.2213951926979405,23.434707,42.921803,53.76042476779008,7.820600905665659,18.45142865734447,0.7231118574770395,0.0382150934662501,11785.626350785162
GHSL_361,28,140,1,0,0,0,0,0,0,0,0,0.0,7.426050398251548,15.438773875708002,396.57,851.983424186707,5266.76448812919,OM,-0.359,0.2213951926979405,23.557791,32.248529,45.329045925933265,7.084216787633068,13.161232416297914,0.8229104828910893,0.8215783048361986,8383.129599115999
GHSL_362,9,184,10,0,0,0,1,0,0,0,4,4882800.0,7.416683210829199,17.132945091925365,292.41,1014.31464481354,2534.78537181198,OM,-0.143,0.2146528583959602,33.868126,415.450629,286.3926850419659,54.6767016161074,33.52365633506714,1.2637481847038483,2.3352730501645373,30052.055334742563
GHSL_363,36,139,1,0,0,0,0,0,0,0,0,0.0,7.4139088375821665,16.610337673648953,315.92,876.887578010559,3322.37444971303,OM,-0.4,0.2416978781442573,9.147549,52.197097,45.50956729309631,7.622100103319139,13.584706713370204,0.8112328106108361,0.8535330088818752,8649.567495802334
GHSL_364,354,112,0,0,0,0,1,0,0,0,0,0.0,7.412076266644215,15.503487327642564,390.4,2337.57679843903,5491.13647742313,OM,-0.862,0.2213951926979405,32.736311,221.187432,182.1950234967052,33.12193088729958,43.3215949083654,0.8078428410838354,0.0471973146407839,34102.526478240434
GHSL_365,107,232,1,0,0,0,0,0,0,0,2,8090800.0,7.397972380718957,15.666601008080963,376.68,1694.56604385376,4628.27459443623,OM,-0.504,0.2213951926979405,70.107548,113.894238,131.36625602254327,19.911605869969428,31.297862846365103,0.7173993761431815,3.983053282569588,24317.780393991317
GHSL_366,164,195,0,0,0,0,0,0,0,0,0,0.0,7.397391012310017,15.775959393100951,368.44,1799.06118583679,3986.50138563931,OM,-0.616,0.2213951926979405,48.566078,59.873444,87.95345714144544,14.07205238875208,25.84399656204897,0.8129187837874582,2.053567602382739,16488.75790184166
GHSL_367,25,318,11,0,0,1,0,0,0,0,3,7962900.000000001,7.389916743396493,15.960702858885652,354.48,1767.50687885284,3991.83991791148,OM,-0.206,0.2213951926979405,82.726238,111.65997,145.4907307878334,19.56478084112571,36.19607351346025,0.6771245224989084,1.9663414172836533,29185.821538427765
GHSL_368,95,77,0,0,0,1,0,0,0,0,2,1713200.0,7.388143263685776,16.46986933751467,321.36,861.304564476013,2975.04253558085,OM,-0.688,0.2416978781442573,17.562113,192.182338,135.86083973821118,25.56986697217943,15.46006826920567,1.4809938182984783,0.8596884653080776,12196.287597098006
GHSL_369,64,269,2,0,0,0,0,0,0,0,2,2897600.0,7.382339478967426,18.742249413492875,284.41,1674.34916496277,3781.44714070818,OM,-0.386,0.3711250603242535,33.789887,113.006804,104.86797610579504,17.110174844974654,27.950163962589823,0.7734802427536469,3.214292528753609,19418.613576404037
GHSL_370,135,480,3,0,0,0,1,0,0,0,5,12905000.0,7.372958685392149,15.48628040500169,388.69,3093.01733493805,4223.76017006657,OM,-0.416,0.2213951926979405,58.388383,668.265039,467.70440776454785,88.70919275372702,71.58122207871551,1.0915431805094855,3.189785195084653,57466.82406436935
GHSL_371,54,219,2,0,0,0,0,0,0,0,0,0.0,7.3733467366137555,16.45802519147793,320.64,1375.81842422485,3231.5171443919,OM,-0.392,0.2416978781442573,18.890319,173.313494,135.73548792463808,25.409315950878646,21.35359018600341,1.4329747660450454,0.0341712349116183,13565.58783329
GHSL_372,146,403,2,0,0,1,0,0,0,0,2,22368000.0,7.36607870703836,15.727152918232186,369.52,2753.50155830383,3716.90466223073,OM,-0.46,0.2213951926979405,78.724733,1092.030968,673.2512907668778,126.49702478691746,63.76574957636199,1.5701459595471416,10.685193321522384,51772.587722480595
GHSL_373,110,297,1,0,0,0,0,0,0,0,3,11076000.0,7.347799634733643,15.746073976601146,366.64,2036.94644260406,4349.4292267209,OM,-0.464,0.2213951926979405,95.37073,115.244543,154.4703596596545,21.458678254598976,38.475273077325674,0.6651143495366982,3.6066408715305327,30748.026027462067
GHSL_374,103,79,0,0,0,0,0,0,0,0,0,0.0,7.340247058374192,16.628243866116787,307.83,910.082731246948,2812.63013025604,OM,-0.7,0.2416978781442573,22.626128,29.396147,41.83759698368477,6.852067931330001,12.726795873111184,0.7908057444920041,1.0577416390296597,8131.480755992165
GHSL_375,36,280,5,0,0,0,0,0,0,0,2,19723000.0,7.337582769482701,16.646828959447166,306.6,1607.14281177521,3044.23467462582,OM,-0.285,0.2416978781442573,119.964766,161.452665,191.18935115999403,25.384951954375413,39.41049160607856,0.6469912736396696,4.61564318214925,36019.05696200879
GHSL_376,36,532,21,0,0,0,1,0,0,0,2,19369200.0,7.315241667788917,15.788587204440494,360.83,2946.51225471497,3844.41346317385,OM,-0.185,0.2213951926979405,197.55905,229.886447,318.02703708542606,45.963561923756544,73.58585115267246,0.6553247447848458,7.730084168598063,64604.27950644162
GHSL_377,0,32,884,69,0,0,0,0,0,0,1,11827300.0,7.3097725084200675,18.29959128414773,266.33,4920.94300556183,5610.16271548453,OM,0.908,0.3711250603242535,297.357719,732.378062,766.6431780300619,120.09539506178584,212.10483575478656,0.699254244612293,2.6975924205825104,163784.42468842195
GHSL_378,13,118,3,0,0,0,0,0,0,0,2,15446000.0,7.310034403205539,16.602872880842963,306.34,670.68604183197,2916.88865330607,OM,-0.264,0.2416978781442573,79.510559,110.292005,123.86675024444962,16.34783942742481,22.02483682081626,0.6372193445098514,3.549761825809632,22323.789653219068
GHSL_379,34,206,3,0,0,0,0,0,0,0,2,4538200.0,7.29881959689831,16.439640566728343,314.82,1214.37338066101,3752.34926361065,OM,-0.326,0.2416978781442573,24.935697,300.206438,198.35902380478515,37.20108111403411,22.681224145733033,1.5163580358688813,2.204081224513094,16752.521312541532
GHSL_380,156,236,0,0,0,0,0,0,0,0,1,5207900.0,7.296641970344657,15.427711027821958,387.64,1962.10530185699,5235.96097789598,OM,-0.571,0.2213951926979405,60.305398,97.756418,116.54562264628036,16.550362849099542,32.17083622285772,0.7003768997531995,1.602103547801928,23476.954400899947
GHSL_381,3,401,112,0,0,1,0,0,0,0,2,6332200.0,7.300061866626663,15.919328674903772,349.89,2576.74488925934,4654.82629858189,OM,0.119,0.2213951926979405,119.153576,145.292035,204.41228144201256,28.573218974108254,57.40334657404962,0.7040220142970266,2.564329633954379,41830.383023055234
GHSL_382,1,133,38,0,0,0,0,0,0,0,0,0.0,7.277802875976395,16.57247485274002,305.01,861.254811286926,3611.49470507274,OM,0.123,0.2416978781442573,10.674775,83.361745,66.91980635033143,12.349880093073706,17.275397576901714,0.939440328731997,0.0169466044548402,10946.723919113181
GHSL_383,0,54,100,0,0,0,0,0,0,0,4,6019600.0,7.262809995007453,16.435718104535777,311.74,771.601119995117,1887.40440686059,OM,0.469,0.2416978781442573,26.745653,329.892996,210.9556442580993,39.42331876130472,26.21722711362463,1.3743326747784492,2.9052378002156667,19576.45879149338
GHSL_384,90,85,0,0,0,0,0,0,0,0,3,2597700.0,7.24546394423648,18.102123799868636,257.46,872.836197853088,4880.07848646174,OM,-0.659,0.3711250603242535,24.066485,66.069305,61.82361769025226,10.210768257471472,14.28148666835955,0.8031583148804757,1.6725569691259945,10520.080787249288
GHSL_385,1,128,29,0,0,0,0,0,0,0,1,4668000.0,7.238893994701101,15.805440432729077,353.38,793.390627861023,4050.16375362331,OM,0.085,0.2213951926979405,45.595878,52.871599,72.32558315010904,9.456974819223786,18.37683138192655,0.6733385859934095,1.1904904709102453,14387.44315760971
GHSL_386,52,131,1,0,0,1,0,0,0,0,3,2762399.9999999995,7.229501920965418,15.516359422485165,375.41,918.900374412537,4903.52181696801,OM,-0.477,0.2213951926979405,21.426762,240.195147,165.6558703315945,31.07213564837247,18.198031320427308,1.5005537224931684,1.373417910179444,14409.382974858352
GHSL_387,94,267,1,0,0,0,0,0,0,0,2,9443600.0,7.223389663244487,16.290153266889277,317.5,1812.77514743805,2728.422988781,OM,-0.455,0.2416978781442573,36.699047,249.985549,178.19594712902153,31.860528485148432,35.500485500886015,0.8775049166539781,2.429169345408533,26945.362766018276
GHSL_388,18,107,1,0,0,0,0,0,0,0,4,3360000.0,7.222894530674739,16.121157996094205,328.94,633.16846704483,2477.7665611835,OM,-0.326,0.2416978781442573,12.249379,90.189559,64.34406387176725,11.467006166501076,12.86984074297674,0.8852051022361022,0.8320312837709214,9657.566051640668
GHSL_389,19,87,1,0,0,0,0,0,0,0,2,3803800.0,7.222353020604305,18.319609668981112,257.07,531.20884513855,4454.50680188634,OM,-0.371,0.3711250603242535,25.277335,54.713174,53.302496236657205,8.04054814626966,11.078830964066828,0.7379167382057037,2.0920615077410085,9117.699693893604
GHSL_390,57,263,2,0,0,0,1,0,0,0,2,3409600.0,7.1967169804276345,17.673426874389126,254.43,1613.6210308075,4404.98538371819,OM,-0.372,0.3711250603242535,86.407869,128.607437,170.57966076688197,24.10714096464549,38.27617265153774,0.7155405376325205,0.6296691739525676,33663.29167554911
GHSL_391,96,84,0,0,0,0,0,0,0,0,2,2709400.0,7.191776795307782,17.703479645485746,253.43,899.881450653076,5030.10889190591,OM,-0.673,0.3711250603242535,32.099018,125.430673,102.79391360303752,18.41696603094072,14.793593250269597,1.229282459939055,2.65466812990633,10818.817122553006
GHSL_392,107,466,4,0,0,0,1,0,0,0,3,5324100.0,7.180753340962393,15.732051153813762,354.46,2885.31277084351,4908.5722636077,OM,-0.38,0.2213951926979405,43.706368,680.735928,476.5896688086567,93.35115332612394,62.026074674987974,1.3535808672445706,1.5785819458792294,48165.88270005312
GHSL_393,60,106,0,0,0,0,0,0,0,0,0,0.0,7.182878910430233,17.72454966666851,252.17,831.758266448975,4881.78346313519,OM,-0.544,0.3711250603242535,20.730951,62.669874,62.46531910356008,11.161437379540793,12.24654693375698,1.1588382416613778,0.9658213796119106,7805.892790085332
GHSL_394,128,68,0,0,0,0,0,0,0,0,4,3258200.0,7.181525263434449,16.84127669352453,281.19,977.752209663391,4990.13565413062,OM,-0.768,0.2146528583959602,13.150331,103.008618,74.24716658885765,13.388983165925389,16.264168659729403,0.8647138451322948,0.763820055900052,11819.348431003864
GHSL_395,53,79,0,0,0,0,0,0,0,0,0,0.0,7.183238086268788,18.937224902151804,270.9,665.135670661926,3717.93956736441,OM,-0.574,0.3482519792665085,6.905734,39.624087,34.41879487854123,5.8440214901790695,9.632895919103408,0.8542802810701118,0.609583507062993,6146.4416679505
GHSL_396,61,72,0,0,0,0,0,0,0,0,3,2520000.0,7.177806673467648,17.549965863672465,254.69,664.385317802429,4332.7028328992,OM,-0.616,0.3711250603242535,25.018057,35.722645,44.449206657044954,6.1112938620815385,11.257324598440356,0.700268453692393,0.6076915639472927,8625.869468492832
GHSL_397,40,89,0,0,0,0,0,0,0,0,2,1985800.0,7.166173927667919,16.103296080389068,325.39,642.918115615845,2795.13816878109,OM,-0.499,0.2416978781442573,12.193362,51.538292,43.36133077382505,7.258306243059899,11.138100831615986,0.7462931806573069,1.0328489739032567,8127.815117091068
GHSL_398,92,143,0,0,0,0,1,0,0,0,3,3142500.0,7.156362955396158,17.872390949465025,247.76,1177.42814922333,3735.45984404757,OM,-0.565,0.3711250603242535,73.250467,108.246987,140.4944099095435,21.22037502227938,30.700322921301257,0.6928211353723097,1.966920661937851,28429.640796491312
GHSL_399,58,333,4,0,0,0,0,0,0,0,1,5281100.0,7.1527727051878625,17.30655652030064,258.69,1974.56979370117,5943.18519900064,OM,-0.334,0.2146528583959602,70.507724,108.23149,133.16504793453137,20.941645296824426,34.751579190771835,0.7446836926223749,3.673187359022737,25054.5591526364
GHSL_400,313,199,0,0,0,0,1,0,0,0,3,4420500.0,7.1391905624007554,15.524058291657052,368.05,2566.60970592499,4782.22159875821,OM,-0.734,0.2213951926979405,116.845058,156.489027,212.60995919678768,32.13862329406801,49.77783111061931,0.7276929890787562,3.8836168411323664,41346.941604527834
GHSL_401,20,116,1,0,0,0,0,0,0,0,0,0.0,7.144425105171168,18.98689080979816,269.13,687.690127372742,3669.28538012753,OM,-0.335,0.3482519792665085,16.140435,25.007752,33.38440375925055,4.747425367737003,10.708450190704989,0.7608048966432983,0.0121478581450907,6837.482767421333
GHSL_402,19,182,5,0,0,1,0,0,0,0,2,4892600.0,7.1385134505906205,15.26683184179796,389.71,1028.1324005127,5028.62425418034,OM,-0.249,0.2213951926979405,28.952132,215.977942,158.13405147248412,28.94938070176439,22.76495171071528,1.1331692116029954,1.3367979303404476,18270.794140025184
GHSL_403,53,301,4,0,0,1,0,0,0,0,2,6670800.0,7.136424521552424,15.705442607733891,353.14,1788.20582580566,4770.63522662088,OM,-0.335,0.2213951926979405,54.881677,160.242197,147.8991208853939,23.34016465418581,34.81088539520884,0.7373389480955032,3.977781454712998,27379.917610819713
GHSL_404,22,128,2,0,0,0,0,0,0,0,0,0.0,7.132411461254374,19.001678619103412,268.59,759.376172065735,4244.39907967696,OM,-0.335,0.3482519792665085,7.162769,51.388068,41.98042912374683,7.65987559207702,12.019639006975591,0.8598006251178848,0.0109685093069853,7638.842293513
GHSL_405,39,312,6,0,0,0,1,0,0,0,3,5245500.0,7.111506521811784,19.03070883762011,267.85,1786.16555595398,4031.61239606803,OM,-0.278,0.3482519792665085,56.713737,235.424313,202.44850889768404,34.301940946462274,44.16971156633605,0.755934424979237,3.112726808123769,37723.57784669194
GHSL_406,106,137,0,0,0,0,0,0,0,0,1,8360500.0,7.109990288043028,17.01835285863961,265.56,1215.70541286469,3318.33555209271,OM,-0.601,0.2146528583959602,71.131914,80.953561,108.6654353456803,14.88596919444445,23.37374269897711,0.7033824438664971,2.624490535558422,19578.847990597573
GHSL_407,91,23,0,0,0,0,0,0,0,0,0,0.0,7.106192657772194,21.35176592384933,427.12,576.883474349976,3077.69672615224,OM,-0.898,0.2630651501157071,4.91043,29.944096,25.69091598994355,4.4052713559964465,7.488415151251337,0.8267223503558442,0.4170967763209727,4789.643360443498
GHSL_408,36,143,1,0,0,0,0,0,0,0,0,0.0,7.102944796147263,15.524650789407744,365.36,899.647954940796,4799.65831701235,OM,-0.398,0.2213951926979405,12.534571,49.35967,46.68893075312633,7.551880354881714,13.895820249546777,0.8096862724129081,0.8438200198509795,8854.240925403667
GHSL_409,56,102,0,0,0,0,0,0,0,0,0,0.0,7.095242211180498,19.126373918728273,270.91,788.43288230896,3701.5628277416,OM,-0.537,0.3482519792665085,16.473581,30.773498,37.7053752665514,6.2530491517876525,11.674767239558664,0.7867006299506188,0.6760654891941317,7442.4162334406665
GHSL_410,1,127,29,0,0,0,0,0,0,0,2,2211400.0,7.08957618775938,19.06258811688423,267.18,784.797684669495,3070.41347679771,OM,0.086,0.3482519792665085,25.689373,46.49882,54.40506090294485,7.758248812725658,16.693056454764246,0.6693889303402898,0.4293596136478535,11879.674753165487
GHSL_411,273,95,0,0,0,0,0,0,0,0,2,6344600.0,7.081617565087794,15.557180873434165,361.1,1846.8434419632,4423.32215214045,OM,-0.844,0.2213951926979405,46.409842,86.981335,97.60801873232305,14.365065351812566,29.11530231637134,0.6274539983490931,1.0807179014577288,22043.90749523825
GHSL_412,34,80,0,0,0,0,0,0,0,0,0,0.0,7.081507254761082,19.074927378874698,266.97,571.136967658997,3351.39022407839,OM,-0.486,0.3482519792665085,11.206134,19.876332,24.90232588434337,3.642317642910826,8.514017542085533,0.7251571004818765,0.0081203633332007,5443.295171894999
GHSL_413,2,133,22,0,0,0,1,0,0,0,2,2732200.0,7.073674407633043,19.08482936648953,266.7,780.997247695923,2864.2370602626,OM,0.027,0.3482519792665085,68.389182,100.086499,132.78505575214467,18.852283976156116,27.653980294381434,0.7040998312758288,0.4952820359214237,26309.215679007746
GHSL_414,173,546,3,0,0,0,0,0,0,0,2,14283600.0,7.066705898467425,15.889554160949851,333.24,3610.79255390167,6519.26471956464,OM,-0.436,0.2213951926979405,80.436787,303.777417,261.0317738258519,43.724325959114985,65.751227409843,0.7320557643298219,4.231372129125386,49413.57168003511
GHSL_415,24,182,3,0,0,1,0,0,0,0,2,7511200.0,7.063463777263046,15.78257591100918,341.41,1045.26217746735,6133.44781989993,OM,-0.286,0.2213951926979405,43.581035,132.678698,116.908796873069,18.861572681520972,24.288849675454177,0.7288150705999799,3.2770975471278367,20872.02275144354
GHSL_416,46,128,1,0,0,0,0,0,0,0,0,0.0,7.063771179763872,16.21993795826628,308.43,875.434731483459,4669.93167406439,OM,-0.46,0.2416978781442573,17.715665,31.066775,39.19003885428123,5.742907423298715,13.295967722123857,0.7306219173633,0.0481048411250601,8483.723382007
GHSL_417,342,213,0,0,0,0,1,0,0,0,3,5698500.0,7.053939358321131,19.44210063095386,284.85,2778.51927185059,4795.27960652676,OM,-0.738,0.3482519792665085,87.549779,222.704962,225.5149890048679,35.364543294835826,53.7413017074257,0.7167760733264646,4.832026374069129,44492.62130367037
GHSL_418,118,119,0,0,0,0,1,0,0,0,2,8445800.0,7.035058005812104,18.345233058377513,236.97,1186.71901702881,4220.24327684968,OM,-0.648,0.2088739628756101,115.430332,130.763152,184.67013834980364,24.871608977084637,33.74673510475653,0.7152743337582462,2.678083792741099,33537.12064622317
GHSL_419,18,133,2,0,0,0,0,0,0,0,0,0.0,7.019570292216269,17.13573673812139,251.23,766.925860404968,2999.78823595779,OM,-0.294,0.2146528583959602,17.149699,28.2433,36.94483643366462,5.274913762162978,12.119631880455673,0.7481769460695646,0.0125149787831,7735.880953471335
GHSL_420,103,152,0,0,0,0,0,0,0,0,0,0.0,7.018696066999991,17.474296040613115,239.34,1274.5930519104,7871.8428581776,OM,-0.576,0.2495933009421506,12.113918,74.522473,63.85398007346025,10.989551506990162,18.61624897326583,0.8311627142801604,0.8793556033836375,11866.770846216497
GHSL_421,396,354,0,0,0,0,1,0,0,0,2,12406000.0,7.015706783160871,17.512639706594282,238.03,3750.55077552795,5868.02906286154,OM,-0.67,0.2495933009421506,218.063233,217.749323,331.5996905561484,50.49510410689104,72.77119728670203,0.7394231509323774,11.10040959118381,60558.70204065099
GHSL_422,1,428,283,0,0,0,0,0,0,0,0,0.0,7.002078974563568,19.183386593599018,264.88,3559.22473907471,7200.88521205704,OM,0.276,0.3482519792665085,118.935023,207.932728,262.7517189775436,38.24175119316023,82.48344339468946,0.7782015653646221,0.0901404594793729,52486.11942488161
GHSL_423,322,952,5,0,0,0,2,0,0,0,3,21653200.0,6.99229917778685,17.275880947734464,242.89,6390.93168640137,6756.15596558919,OM,-0.448,0.2495933009421506,209.714588,685.715869,625.6317595117976,100.08526911309043,135.63843305808803,0.7589210894267746,19.19080776544497,112324.00416773066
GHSL_424,51,74,0,0,0,0,0,0,0,0,0,0.0,6.986066780827354,16.759123808316286,266.73,623.507967948914,3181.06572221725,OM,-0.578,0.2146528583959602,5.038883,62.011841,46.56267646646444,8.952935732340933,9.158157964559386,1.185464280960685,0.0109367299988618,5811.198317427165
GHSL_425,28,104,1,0,0,0,0,0,0,0,0,0.0,6.976032279505547,16.29508226498348,295.66,663.825772285461,3709.31131908149,OM,-0.41,0.2416978781442573,6.927761,40.302973,34.69607389902293,6.012709222686129,10.280494377736384,0.8241883159062464,0.3863401142801018,6541.0687327040005
GHSL_426,71,193,1,0,0,0,0,0,0,0,0,0.0,6.974937838821169,19.10766933996592,258.18,1327.01610088348,3539.01159801232,OM,-0.463,0.3482519792665085,10.63806,151.69982,111.80453746334028,21.76372531586273,20.16980105876975,1.279143372982957,0.0274261070024238,12802.1861570495
GHSL_427,0,111,265,1,0,0,0,0,0,0,0,0.0,6.9716800244329065,19.172568184549338,261.38,1883.7283000946,4511.08128324434,OM,0.517,0.3482519792665085,68.122875,147.833695,172.25018021649632,25.864573255493816,54.76247288065369,0.7678094134317702,0.0641578598334672,35078.86445733976
GHSL_428,2,222,49,0,0,1,0,0,0,0,3,4992800.0,6.959489552129038,19.04346717076705,253.36,1366.87127017975,5530.15277193051,OM,0.08,0.3482519792665085,40.865285,154.748563,133.30199008916608,22.299427404616303,32.01342801743463,0.7613707639422254,2.861170798810702,24492.072793727202
GHSL_429,7,465,72,0,0,0,1,0,0,0,1,2831500.0,6.963850607820592,15.33369868194723,371.92,2716.43235397339,3984.00187821216,OM,0.019,0.2213951926979405,55.94051,645.743317,470.20197472513826,89.63710778995686,64.50785307399299,1.333504800789955,1.4694267310953892,48991.79793492419
GHSL_430,90,94,0,0,0,0,0,0,0,0,2,1266200.0,6.946783148370377,19.015125920566057,250.7,921.435866355896,4504.65341994161,OM,-0.64,0.3482519792665085,8.855128,118.533878,83.5095210696744,16.102557155269434,14.228256816880966,1.2096775471266104,0.3627427633098325,9649.09597835406
GHSL_431,216,104,0,0,0,0,0,0,0,0,0,0.0,6.944713341677807,16.687376027552745,267.08,1607.8227558136,4387.09690008049,OM,-0.785,0.311328742466528,19.111285,72.238117,69.13229983636592,11.144389584852243,21.740240324564517,0.773533577923825,1.115579582886822,13896.878029974661
GHSL_432,42,342,7,0,0,0,0,0,0,0,1,6509900.0,6.942772789264164,15.659305394840658,342.52,1955.95636558533,4499.83404901001,OM,-0.278,0.2213951926979405,54.760806,157.100822,145.2502821673675,23.168212328608593,35.76785077299282,0.7596426119649567,3.0695998061851726,26432.47490589559
GHSL_433,25,90,1,0,0,0,0,0,0,0,1,3102600.0,6.946189257023414,15.297198343108724,374.01,576.852385520935,4512.12316102261,OM,-0.412,0.2213951926979405,12.728092,81.998541,59.9607868595148,10.518547679867892,11.61756825906215,0.8973965639287801,0.7831747474203354,8808.209443231624
GHSL_434,11,105,3,0,0,0,0,0,0,0,2,2639200.0,6.943105885326696,15.401730911425622,364.6,593.413564682007,3481.24817952603,OM,-0.246,0.2213951926979405,25.555384,34.299733,43.92276169736121,5.966626238949779,11.442109728284024,0.6815563546347679,0.6118467373325309,8772.399198242849
GHSL_435,85,1468,69,0,0,0,1,0,0,0,4,21403600.000000004,6.937024184306885,15.447455370826122,360.24,8111.05582714081,5985.32555795439,OM,-0.162,0.2213951926979405,355.441458,417.764131,604.3523490740268,81.31176390008049,160.39935950074047,0.7020559235256486,5.936209292178481,121658.60871916125
GHSL_436,80,122,0,0,0,0,1,0,0,0,2,1680000.0,6.929548469363153,17.77996101518793,223.63,1007.68553733826,4547.35844790231,OM,-0.569,0.3711250603242535,36.134842,150.996079,134.9114703960324,23.1776733664458,27.895807786501976,0.7644391121933135,0.330978048707321,25416.195881947435
GHSL_437,45,77,0,0,0,0,0,0,0,0,1,2633500.0,6.925048861092263,16.479357421993125,278.55,613.49241065979,3788.46348061153,OM,-0.547,0.2416978781442573,11.507622,75.562008,55.725474683526784,9.803137685133937,11.166892830473014,0.8921771388026369,0.678304771187777,8359.99874949469
GHSL_438,158,78,0,0,0,0,0,0,0,0,1,3892800.0,6.922368550139356,15.625315994159315,343.97,1182.66727542877,4204.9046445759,OM,-0.782,0.2213951926979405,34.223037,55.093878,65.15560755084553,9.129987698400583,18.70466604971242,0.6458264473528013,0.744295720411913,14156.655469984784
GHSL_439,29,130,1,0,0,0,0,0,0,0,0,0.0,6.922030890362307,16.658189215695128,266.76,798.085602760315,4681.95238038434,OM,-0.375,0.2416978781442573,20.732346,28.913237,40.265773511069106,6.07295612113137,12.397726664905262,0.7853439734690704,0.4188190069666869,7911.146806873499
GHSL_440,34,104,1,0,0,0,0,0,0,0,0,0.0,6.90861646447883,16.637866302558606,266.8,692.485756874084,3532.56792043057,OM,-0.445,0.2416978781442573,10.206715,51.952157,46.232189586374105,7.982574455882394,10.63867749476317,1.0189782160201706,0.0126047001281511,6779.273423268999
GHSL_441,122,637,7,0,0,0,1,0,0,0,6,19752600.0,6.903907949532398,19.18975461712895,255.9,3831.82735443115,4886.77017194946,OM,-0.35,0.3482519792665085,99.772451,1289.238966,842.2339507871142,158.88796725711805,89.58418286138112,1.4834480029545094,9.566481637333176,72263.49683952639
GHSL_442,35,158,1,0,0,0,0,0,0,0,0,0.0,6.904347912305073,17.325080127207368,231.92,973.818309783936,5712.88460509172,OM,-0.375,0.2495933009421506,10.016732,60.692086,52.06236592249717,8.859293021857509,15.045493273628637,0.8331806471524535,1.0297091609889986,9582.065504647833
GHSL_443,43,123,1,0,0,0,0,0,0,0,0,0.0,6.902141134654935,17.118522845697733,240.07,833.729152679443,5754.18178271558,OM,-0.452,0.2495933009421506,22.183874,29.627834,41.62465782217867,6.74755814097829,12.715122974463869,0.7893114355117591,1.0108651506990176,8108.779249722833
GHSL_444,22,525,35,0,0,0,0,0,0,0,0,0.0,6.894833382333962,21.76233421608013,445.59,2906.07879686356,4941.00000146824,OM,-0.113,0.3795888474677102,28.783097,238.05059,190.06837888365072,35.12838925435808,49.66572584519616,0.9290238887265312,0.0480439627088717,31514.62341572334
GHSL_445,67,191,1,0,0,0,0,0,0,0,0,0.0,6.893847679079859,16.577494837644032,269.31,1292.33437919617,5615.23184731637,OM,-0.454,0.2416978781442573,17.715829,69.444417,65.00837582292515,10.924101215322157,19.691783172450304,0.7986921085165087,1.605671808778566,12541.0463152055
GHSL_446,31,382,12,0,0,0,0,0,0,0,1,10061200.0,6.890176408314723,16.515924309608504,273.04,2130.56824302673,4900.96760939523,OM,-0.213,0.2416978781442573,52.851872,234.049898,186.9645539100106,31.462120257963782,42.43749793174246,0.7807664582333939,5.284727229954204,32133.489039377146
GHSL_447,56,250,2,0,0,0,0,0,0,0,3,16779300.000000004,6.889184553998241,17.333907160449,230.0,1539.93279838562,5645.57718788722,OM,-0.375,0.2495933009421506,138.695776,144.039716,195.60739233882688,26.97078790337174,35.78423785192754,0.7322628653446512,6.927186467928029,32010.508797545597
GHSL_448,25,598,39,0,0,0,1,0,0,0,1,7048900.0,6.880695168030094,15.553608616905034,347.12,3311.47988891602,5045.31115950077,OM,-0.115,0.2213951926979405,65.640615,842.704968,584.1333189627153,111.86149280378834,74.40829814009447,1.382872629939068,3.4343567806298787,57167.260387348724
GHSL_449,98,80,0,0,0,0,0,0,0,0,0,0.0,6.883663170386485,16.537606128209973,271.02,893.012796401978,4190.58093102758,OM,-0.687,0.2416978781442573,7.999111,47.307076,40.26826105059841,7.159238410455251,12.538067266300994,0.7996705149952729,0.0361471962607056,7984.145204588331
GHSL_450,41,155,1,0,0,0,0,0,0,0,0,0.0,6.871087620197828,16.530840468225296,270.35,986.792242050171,4630.65341177931,OM,-0.405,0.2416978781442573,9.542507,61.191041,51.16594575436003,9.194028792209874,15.20837683866732,0.8322459962502874,0.0533139032474263,9666.765123011834
GHSL_451,104,55,0,0,0,0,0,0,0,0,1,3811300.0,6.871872198468342,17.15712764960037,235.26,795.864647865295,4243.97768794684,OM,-0.77,0.2495933009421506,32.331894,41.840549,53.93909590333696,7.297807462769629,13.498628690141029,0.6661364644923847,1.00025905829449,10754.441033131392
GHSL_452,55,105,0,0,0,0,0,0,0,0,0,0.0,6.857634012122317,21.775067990671403,444.17,800.018611431122,3351.95838402126,OM,-0.528,0.3795888474677102,6.686466,57.782921,45.79061408916267,8.502724305251585,11.87916790069224,0.932817802134322,0.0115138827318076,7556.220523880833
GHSL_453,14,182,6,0,0,0,0,0,0,0,1,2663400.0,6.859808513787503,17.165501640175773,233.68,1013.3853302002,6604.78472678578,OM,-0.209,0.2495933009421506,36.483092,48.424269,65.15662793909893,9.901977096526476,18.32303082751944,0.7047372707915736,1.4005076624390789,13179.478085112445
GHSL_454,51,238,2,0,0,0,0,0,0,0,2,2493200.0,6.8536377745349375,17.579757318279167,218.91,1454.75699329376,7420.26091696979,OM,-0.368,0.2495933009421506,47.465785,75.611789,91.15112218650256,14.88670336560371,24.35673206355603,0.7690270468929573,3.415026299965871,16911.884326358613
GHSL_455,161,38,0,0,0,0,1,0,0,0,1,3747500.0,6.844678649060577,15.178103115309224,378.21,1002.04271316528,3358.34399733954,OM,-0.914,0.2213951926979405,36.628319,313.071382,233.8236111057701,43.69966018003174,28.396115439920543,1.184409717246658,1.0568743794745554,26401.317222539557
GHSL_456,31,268,6,0,0,0,0,0,0,0,0,0.0,6.854985092722005,19.208917463834144,252.34,1523.84772014618,3972.68318438815,OM,-0.266,0.3482519792665085,13.480936,118.727516,93.84029752485294,17.45022863945457,24.572371294041904,0.928197272079951,0.0228220272431774,15591.470060471169
GHSL_457,72,108,0,0,0,0,0,0,0,0,1,4584700.0,6.837208530382535,15.815566563862603,321.82,898.48904132843,4790.66404334007,OM,-0.573,0.2213951926979405,30.238075,51.724374,57.70417708179875,8.170129179898431,16.39288297406383,0.6095976550626896,0.9112385439665605,12969.338973813004
GHSL_458,11,100,2,0,0,0,0,0,0,0,2,3920000.0,6.840242637316115,19.21874624209222,251.55,566.698310852051,3165.47024634577,OM,-0.266,0.3482519792665085,31.123961,40.161139,51.03914225967873,7.2622658962256335,11.896947729664042,0.6823326346716015,1.3017784611050638,9689.419762002502
GHSL_459,73,94,0,0,0,0,0,0,0,0,0,0.0,6.835067838123621,17.365849377021085,223.21,834.927215576172,6121.16726962003,OM,-0.6,0.2495933009421506,10.200789,44.078644,40.96219775209963,6.718134356468348,12.067300595221848,0.8173538435454546,0.6117069863243704,7707.982664172165
GHSL_460,5,169,14,0,0,0,0,0,0,0,0,0.0,6.831874717257116,18.2755264419774,213.65,944.454471588135,4816.80209913622,OM,-0.076,0.2088739628756101,10.149942,64.600044,55.06506747527375,9.343687209509996,16.28787679298159,0.8174339752099377,1.2289150392004378,10357.083742184506
GHSL_461,88,173,0,0,0,0,0,0,0,0,1,12000000.0,6.825277909296463,17.97464933618998,210.72,1310.13718414307,4520.05238621034,OM,-0.522,0.2088739628756101,40.83037,314.417112,209.8571574950843,37.059374671093146,30.02081867152095,1.0543991786586129,3.633980662769612,24345.794855010994
GHSL_462,9,161,8,0,0,0,0,0,0,0,0,0.0,6.813434022992937,21.881179507344807,450.57,890.447412014008,4352.13788863151,OM,-0.149,0.3795888474677102,18.522881,41.779694,47.494801327443554,7.9629280003711775,14.876175347347043,0.7840929413249144,0.7178541962692392,9458.913967429171
GHSL_463,5,193,19,0,0,0,1,0,0,0,0,0.0,6.816010113298036,19.232752455604544,250.13,1085.35936069489,4243.82936733093,OM,-0.05,0.3482519792665085,72.671507,109.929658,145.85893105353588,21.166243144180793,30.17788186087077,0.7936552264769542,0.2179378304811255,26442.40639469061
GHSL_464,231,472,1,0,0,0,1,0,0,0,1,9088000.0,6.813072065494089,17.2313964767433,226.12,3517.28735256195,6251.2882832346,OM,-0.515,0.2495933009421506,142.261294,202.176323,266.8910392661911,40.46542203035504,69.8725871653438,0.6701401790901429,4.146453045987605,56835.87683357914
GHSL_465,47,180,1,0,0,0,0,0,0,0,1,3947800.0,6.805652842826983,15.5408563392703,343.13,1143.46252441406,4967.79634805719,OM,-0.402,0.2213951926979405,45.058691,61.156357,78.26593776473246,11.308307909868583,20.166118475337505,0.7117010766989926,1.4696907152844991,15131.978824185537
GHSL_466,139,32,0,0,0,0,0,0,0,0,1,2789500.0,6.808750173812753,16.989166613651758,237.1,860.260607719421,5606.12973424191,OM,-0.917,0.2495933009421506,22.809207,60.314916,57.283030659898394,9.0905523874467,13.171326600278068,0.7695500503636415,2.217965977418486,9945.296154985423
GHSL_467,3,131,13,0,0,0,1,0,0,0,2,1943800.0,6.807426604921814,19.237444155506036,249.63,736.940282821655,3929.30036161906,OM,-0.05,0.3482519792665085,71.461944,103.708963,136.92953047836355,19.56265730477253,25.416689672068426,0.7725826681403105,0.4962396774009775,24486.740666976046
GHSL_468,97,412,4,0,0,0,0,0,0,0,1,2700400.0,6.802338625821783,17.45874662000543,216.7,2562.47876739502,6534.23913979263,OM,-0.385,0.2495933009421506,88.664639,98.718368,147.8743292594945,23.130152326745858,41.51970733298542,0.7711910721622636,4.0480383250048355,28064.48982651483
GHSL_469,37,95,0,0,0,0,0,0,0,0,0,0.0,6.790243605385983,17.0155662713188,233.91,664.216232299805,5193.65261005399,OM,-0.473,0.2495933009421506,5.88131,40.713934,34.2221933501835,5.8861876798264055,9.939925023877745,0.8328015262167424,0.5670754105020444,6329.922878182499
GHSL_470,298,610,2,0,0,0,1,0,0,0,1,12000000.0,6.79205951982998,17.640243279564995,210.97,4549.88951396942,4807.69281138597,OM,-0.515,0.2495933009421506,212.358538,245.826925,349.90469050270883,52.85167617691522,87.32643927947271,0.7034004705215688,9.123871897371552,69577.00026233177
GHSL_471,34,97,0,0,0,0,0,0,0,0,0,0.0,6.786172457774283,18.461068517547748,212.59,657.023790359497,3669.58094768661,OM,-0.457,0.2088739628756101,6.523793,39.311524,33.737277597069394,5.685769868229805,9.903891716963685,0.8192791828375952,0.7780734175438901,6313.157247700667
GHSL_472,67,644,16,0,0,0,0,0,0,0,1,12000000.0,6.775954935898375,16.600817267602277,257.21,3635.50253105164,5397.49230358908,OM,-0.251,0.2416978781442573,80.612685,506.083439,382.80345713293895,66.66483346330074,67.52512714311095,1.0394287995627216,3.7198179007312273,49339.377553846505
GHSL_473,100,413,3,0,0,0,1,0,0,0,1,4851400.0,6.772666226533436,15.89722036261402,310.32,2579.57359886169,5216.44462548977,OM,-0.389,0.2213951926979405,41.325797,501.082853,361.55224569140023,69.3829143105317,56.32778532629013,1.1278275655692296,1.173318662589177,44595.41660269141
GHSL_474,101,291,1,0,0,0,0,0,0,0,2,2177100.0,6.772856718383225,16.33796426162554,275.55,1970.95244026184,3918.12966968802,OM,-0.453,0.2416978781442573,30.780447,107.888448,103.4862243815872,16.758107235330048,31.262532176298837,0.731041585520635,2.0699742591809667,21184.80867679863
GHSL_475,278,82,0,0,0,0,0,0,0,0,1,3746200.0,6.777946872135538,17.273895822816524,220.73,1811.57713699341,4619.06071707363,OM,-0.874,0.2495933009421506,62.228785,73.593978,101.81784195128854,15.91479651968998,26.416481822225116,0.750220893889898,3.316084864100751,18978.822708078722
GHSL_476,47,214,2,0,0,0,0,0,0,0,0,0.0,6.766271564566837,16.13724191330403,290.4,1317.04545688629,5149.13385286688,OM,-0.374,0.2416978781442573,33.953878,47.602463,65.65936949061093,10.53268954877442,20.44191985130385,0.7790056110996022,1.3440713688735793,13031.8405739625
GHSL_477,27,134,1,0,0,0,0,0,0,0,1,3872500.0,6.7643201782274165,16.460041948337125,266.0,814.186832427979,3672.86865708502,OM,-0.358,0.2416978781442573,28.241392,56.719684,60.53897221367389,9.295176474850072,15.349005955365795,0.6857480222088137,1.7386940133082949,11908.91874711154
GHSL_478,220,413,1,0,0,0,1,0,0,0,2,11331600.0,6.762687573007749,17.404362131050256,214.3,3169.86088371277,5996.57382676286,OM,-0.531,0.2495933009421506,96.760903,360.112598,312.0718156285153,51.780903373801486,66.80844360304707,0.7700854801917756,6.280048734679682,55623.83519055525
GHSL_479,109,55,0,0,0,0,0,0,0,0,1,3898400.0,6.760104189241988,17.053531305254932,229.03,822.096534729004,6026.39378613215,OM,-0.778,0.2495933009421506,24.592667,50.344245,52.81182566418906,7.546132599184184,13.95547036849318,0.645494646030719,0.988819301022225,11040.044943603523
GHSL_480,52,97,0,0,0,0,0,0,0,0,0,0.0,6.7525635924942975,17.410146538884867,213.03,748.455472946167,4389.23803394412,OM,-0.531,0.2495933009421506,7.392228,43.028948,36.68371232838044,6.525660481333831,11.033806743955523,0.8221164259296149,0.0116931365348409,7027.771319395665
GHSL_481,164,302,1,0,0,0,0,0,0,0,2,9248800.0,6.757892647163447,16.881870843833198,238.13,2335.07464694977,5705.76923271407,OM,-0.534,0.2495933009421506,36.492732,281.807734,201.31808531835216,36.382884815001866,42.57243298755659,0.8752936635768614,2.2485405865807055,31320.50999455785
GHSL_482,161,340,1,0,0,0,1,0,0,0,1,2589700.0,6.7360228115180485,19.114984135993343,235.71,2510.39577484131,4088.9654021235,OM,-0.509,0.3482519792665085,60.488937,201.430687,193.8007500483112,30.46650023563997,50.67446994733919,0.7008198562441822,1.8824033272008127,40804.29880903436
GHSL_483,149,131,0,0,0,0,1,0,0,0,2,3527800.0,6.738941233869308,19.28484871991846,246.32,1399.61971092224,4436.20965810428,OM,-0.673,0.3482519792665085,41.368191,186.946536,159.12695249139765,27.810245241356665,34.80583612151588,0.7487243258774131,0.893885971262203,30463.865075433307
GHSL_484,4,126,11,0,0,0,0,0,0,0,2,2646400.0,6.725249204590482,19.81472979314627,282.47,706.77657365799,2511.72416195966,OM,-0.069,0.2014710231837554,35.88315,41.642052,57.70158892583899,8.714200917657669,14.098090164388523,0.7518155194576849,1.7548867090859737,10439.730621589897
GHSL_485,35,78,0,0,0,0,0,0,0,0,0,0.0,6.7234773880384235,16.659860498891632,248.75,567.625736236572,3698.22482986443,OM,-0.498,0.2416978781442573,4.961678,34.452652,28.845478353805852,4.879318965070535,8.44289868178211,0.8210854200440778,0.6986169674362493,5380.659238855166
GHSL_486,107,82,0,0,0,0,0,0,0,0,0,0.0,6.72450292780222,17.00460870349382,228.11,946.420223236084,6528.88212002072,OM,-0.7,0.2495933009421506,7.608582,50.518028,42.63098165536471,7.221250273129591,13.242227779972172,0.7838234930571576,0.9709179720179184,8443.788955236496
GHSL_487,88,215,1,0,0,0,0,0,0,0,2,1830400.0,6.717131623573141,19.112909427176895,233.79,1518.96284389496,4567.58123936623,OM,-0.482,0.3482519792665085,25.762338,97.101184,88.23617854423209,14.522014685040167,24.210699871733983,0.7825441037489451,2.599705636223048,16433.203344843158
GHSL_488,192,108,0,0,0,0,0,0,0,0,0,0.0,6.713799386597189,16.71399144631018,244.34,1502.94844245911,6077.84781994357,OM,-0.756,0.2416978781442573,24.604127,57.124657,65.0411570863898,9.99645046243776,20.60476170805745,0.7735525956848478,0.1707462412014034,13148.732697315994
GHSL_489,133,119,0,0,0,0,1,0,0,0,1,3654700.0,6.70467778099785,19.374105415502168,249.16,1261.44428253174,3893.03414704912,OM,-0.669,0.3482519792665085,36.039626,434.90203,305.0791995900072,57.86888615053057,33.02208401301663,1.3841581107009189,1.821445670552684,29341.532280886102
GHSL_490,322,185,0,0,0,0,1,0,0,0,3,11651700.0,6.705304675690551,17.09579509411773,221.49,2538.62397861481,5954.31917113828,OM,-0.753,0.2495933009421506,158.10188,207.890827,273.98338001948656,38.61430520521396,54.34339592542897,0.750097987265081,5.095713428568706,48219.09177524815
GHSL_491,78,320,3,0,0,0,0,0,0,0,1,6327600.0,6.691616837194509,15.99190983181087,296.59,2001.21997070312,3911.53584829195,OM,-0.391,0.2213951926979405,54.187017,127.465508,133.02502635298856,19.62031715713355,35.582540698066445,0.7073354603573376,3.350951710953119,26121.948487923204
GHSL_492,68,109,0,0,0,0,0,0,0,0,1,4771300.0,6.694746103898158,19.468814965173213,254.82,887.566164016724,3469.63044453588,OM,-0.561,0.3482519792665085,31.331606,82.899562,77.02800188957454,12.006405307265773,16.578639800690986,0.76823650665659,2.149445788348519,13048.304207743395
GHSL_493,49,158,1,0,0,0,0,0,0,0,1,3735000.0,6.688099550689216,16.255689001992213,275.0,1039.82702732086,4205.00813772423,OM,-0.435,0.2416978781442573,17.569083,122.909705,90.80039433524512,16.17612230683066,19.078329476660528,0.8951207602571979,0.9466503321366468,13872.876520824751
GHSL_494,27,176,3,0,0,0,0,0,0,0,1,6723700.0,6.682684038857176,16.366994536019646,266.05,1028.56431674957,3890.88048462562,OM,-0.31,0.2416978781442573,28.313924,346.644242,217.67091426451415,40.86893732639379,22.13661755159198,1.5592305097113457,3.234652549740776,17125.06516005802
GHSL_495,77,99,0,0,0,0,1,0,0,0,3,2659200.0,6.676016920819873,19.6189444575784,264.11,880.393506526947,2647.06759791861,OM,-0.601,0.2014710231837554,35.483153,146.653715,128.14787487424564,22.12348534459844,26.824642525087896,0.7279971835024538,0.6343420890009128,25099.421335208954
GHSL_496,82,364,3,0,0,0,1,0,0,0,2,1758000.0,6.672691242318248,16.37024158923873,265.02,2246.4965801239,4052.70706473499,OM,-0.376,0.2416978781442573,45.665362,512.479151,377.02945000289145,72.0759002978718,48.35603285525592,1.364795935761066,0.9362028587436464,38280.15295914147
GHSL_497,149,904,13,0,0,0,1,0,0,0,3,18227400.0,6.668518370241162,19.796132846193807,276.44,5328.86517906189,3220.96355671426,OM,-0.325,0.2014710231837554,244.707165,332.037968,436.4849519262628,63.92167489232127,107.777669059559,0.7017879173284349,8.181410773524442,86119.7953863463
GHSL_498,28,175,3,0,0,1,0,0,0,0,2,2533400.0,6.668645559490347,19.72702191445688,271.37,1026.53280353546,2935.90354738326,OM,-0.321,0.2014710231837554,46.440248,55.683675,79.307718788581,11.655967722575854,19.931305441434123,0.7097054319862167,1.7449427040153684,15694.847281359669
GHSL_499,49,82,0,0,0,0,0,0,0,0,2,3347600.0,6.666618595227658,19.76403225823709,273.89,657.499212741852,2202.82502258728,OM,-0.553,0.2014710231837554,30.041991,41.803686,52.10354881989307,6.99485212853548,11.940711132432218,0.7161380578054641,1.126187397245218,9488.743677214705
GHSL_500,62,92,0,0,0,0,0,0,0,0,1,840000.0,6.669581797074476,17.14608618766169,215.46,775.439249038696,5348.74219897567,OM,-0.575,0.2495933009421506,7.840989,62.883596,48.21035340041502,8.81220224854198,11.908224525772118,0.8887962597257274,0.2062583147693991,8008.937366088332
GHSL_501,34,310,7,0,0,0,0,0,0,0,1,3905000.0,6.663366792907775,17.376036485351158,204.91,1757.57926845551,5152.37824945915,OM,-0.26,0.2495933009421506,23.553528,242.932247,174.4230108190872,32.90699900259654,31.42205583454147,1.1042856737207851,1.0101869599817077,21872.581165114418
GHSL_502,319,381,0,0,0,0,1,0,0,0,1,12000000.0,6.647980794177661,15.560734833695763,331.13,3502.53675365448,3987.47786122525,OM,-0.615,0.2213951926979405,193.693712,209.563035,305.3259738946448,45.89953724298072,70.07209685699132,0.7123113814340105,8.45910187776366,58477.28748710092
GHSL_503,43,65,0,0,0,0,0,0,0,0,0,0.0,6.63389430719481,17.215897730595874,208.6,539.17126750946,5268.63730758932,OM,-0.571,0.2495933009421506,7.050979,29.007805,27.068360355689357,4.412201792973635,7.887802446888812,0.8226658209671669,0.5034626050516621,5033.076846737499
GHSL_504,117,199,0,0,0,0,1,0,0,0,1,5874100.0,6.628500596793156,15.405156895178692,344.11,1580.26975250244,4519.60186388151,OM,-0.549,0.2213951926979405,113.593707,134.122419,187.76876785324788,28.19369149391068,38.77094388409234,0.7282890667960498,4.402443267381567,35019.18840724095
GHSL_505,8,135,6,0,0,0,0,0,0,0,0,0.0,6.6315857786934815,15.57144935179691,329.06,748.515418052673,4619.55303923097,OM,-0.168,0.2213951926979405,21.761857,28.844613,40.630491902739585,6.645380703866836,12.379648228675318,0.7933123424995983,1.0305219508151555,7872.96054572767
GHSL_506,23,101,1,0,0,0,0,0,0,0,0,0.0,6.616482831275591,17.28110829161425,203.92,628.275279045105,3683.39608673877,OM,-0.381,0.2495933009421506,9.558317,34.574102,33.90147465302834,5.370385875204756,9.729242734134338,0.8372225917131105,0.3641708476072366,6189.059751698833
GHSL_507,21,166,3,0,0,0,1,0,0,0,1,4187200.0,6.601240412138491,17.436148688395644,196.23,951.807844161987,4649.86049635551,OM,-0.285,0.2495933009421506,84.888238,125.987108,156.2838418745174,24.857046777931416,29.833321623655955,0.7502962227522201,4.647867049865499,28156.270552983817
GHSL_508,49,220,2,0,0,0,0,0,0,0,1,4312000.0,6.580829240874927,15.354629492368549,345.99,1355.45426845551,3454.84782979682,OM,-0.375,0.2213951926979405,25.220432,202.803299,148.61378817110466,27.181404864865794,24.659833672581243,1.1227734116525896,1.2198238339879124,17730.252364460965
GHSL_509,22,101,1,0,0,0,0,0,0,0,1,1262500.0,6.578166549634646,15.246210176360298,356.06,615.797836303711,3438.11777355527,OM,-0.368,0.4384121331202486,13.626294,43.635096,40.568852637191824,6.52197508245149,10.54104829863538,0.7730622965632423,1.3537149848734684,7411.858994114875
GHSL_510,67,215,1,0,0,0,1,0,0,0,2,10134100.0,6.577001317338283,16.004873068511813,287.22,1415.97320652008,5030.86868161062,OM,-0.434,0.2213951926979405,64.433162,278.664055,221.6411964100591,37.602379977782405,41.58932787239754,0.7751130115958519,2.671232514275199,38220.78079294963
GHSL_511,16,105,2,0,0,0,0,0,0,0,1,8890800.0,6.573055342167709,15.625753508911512,320.42,612.484156608582,4224.23259473617,OM,-0.316,0.2213951926979405,30.442188,362.536057,216.31995131084457,40.23428229874135,17.787410648970923,1.6402808428882116,4.343670154670642,15114.565552999156
GHSL_512,19,105,1,0,0,0,0,0,0,0,1,4242700.0,6.5692977495299445,16.90377087766914,219.26,626.203585624695,4078.91758591404,OM,-0.339,0.2495933009421506,35.481803,55.530701,62.24890435289271,9.158066582990674,12.748859442632698,0.7512546059094151,2.122041575273871,10477.630135504538
GHSL_513,28,197,3,0,0,0,1,0,0,0,1,3396700.0,6.547413717158578,16.060497434349823,280.39,1140.06431674957,3612.25663556152,OM,-0.302,0.3311983903901762,37.043529,177.861014,153.60474935832116,26.43779206526788,32.89276872832504,0.7504016536237368,0.5345313894376047,29229.895089581907
GHSL_514,69,92,0,0,0,1,0,0,0,0,3,5124900.0,6.526721876052019,19.83404294690032,267.34,805.139894008636,2359.73005278029,OM,-0.594,0.2014710231837554,31.288972,66.081108,68.28660968220318,10.043007380067444,17.782252900119015,0.6052382635755579,1.015241771580858,15343.292697655395
GHSL_515,18,265,10,0,0,0,1,0,0,0,0,0.0,6.518415708926482,15.262207046782274,351.17,1469.69899749756,3190.63470494784,OM,-0.189,0.4384121331202486,61.555577,121.222418,144.04483313691395,21.6973958791809,35.61635768023879,0.7227072851864197,0.079759385861853,29671.199226511442
GHSL_516,53,152,1,0,0,0,0,0,0,0,2,22451600.0,6.499478684699444,18.282783586059217,177.47,1027.39278173447,2867.3933769124,OM,-0.453,0.2088739628756101,158.753977,157.81722,208.75608355982007,28.240927615033645,32.27005502405295,0.7202724976611404,8.590182624722205,32441.26986188897
GHSL_517,105,127,0,0,0,0,0,0,0,0,0,0.0,6.487173131380296,19.13224436405982,213.87,1160.23700428009,4250.07694100959,OM,-0.614,0.3482519792665085,11.972581,67.987984,58.35802957067643,10.331654759860216,16.72730076979511,0.8527721065974739,0.0334059556651124,10666.963474729831
GHSL_518,2,178,34,0,0,0,0,0,0,0,2,17535600.0,6.475874156874347,17.456504792142777,182.37,1070.3565864563,3584.76342232965,OM,0.052,0.2495933009421506,86.238477,147.543438,153.64308631791516,21.2655830782218,33.8284172895006,0.6201374023292622,4.019070219728996,30392.850424631753
GHSL_519,54,129,0,0,0,0,0,0,0,0,1,4452700.0,6.477848144837025,17.163076484597553,195.75,917.779773712158,4677.46670053543,OM,-0.485,0.2495933009421506,43.163394,69.167102,78.16366004750196,11.644855084868974,16.7545946504492,0.7678818814753179,2.6991790086970977,13197.260404997203
GHSL_520,90,399,4,0,0,0,1,0,0,0,2,24000000.0,6.45977823839425,19.14407284920616,212.13,2467.92308425903,4017.43474595206,OM,-0.378,0.3482519792665085,176.076441,372.595031,364.9143171307824,54.23935255347833,67.54830283769604,0.7259087362739672,14.674659702031915,62738.5898219401
GHSL_521,25,89,1,0,0,0,0,0,0,0,0,0.0,6.462296849819003,17.19620216090446,192.51,573.195770263672,3199.13697599888,OM,-0.415,0.2495933009421506,6.588197,34.443584,30.69473882632325,5.0862643181460605,8.87163848231275,0.8296410755185903,0.619417481853723,5654.441026416499
GHSL_522,54,263,3,0,0,0,1,0,0,0,1,1531100.0,6.441334168267194,17.66937647717966,172.26,1600.88126468658,3992.1827829313,OM,-0.361,0.2495933009421506,44.484682,424.657505,318.9328341005058,60.0222963962228,38.20654477421917,1.3779230835743723,0.814124213950554,31773.626968059332
GHSL_523,83,64,0,0,0,0,0,0,0,0,0,0.0,6.4343130595662865,17.659207854168194,171.75,737.928576469421,3459.58076169443,OM,-0.698,0.2495933009421506,9.556594,84.254491,66.03287433306798,12.382666691348364,10.319981244362513,1.438653937693357,0.0161853049774883,6569.939759770497
GHSL_524,125,227,1,0,0,0,0,0,0,0,0,0.0,6.429733513942673,17.727957180201344,169.73,1764.31756687164,5043.61647648349,OM,-0.537,0.2088739628756101,23.940681,128.311394,112.64207731519087,19.6135312789663,26.197685936048345,1.011517013194172,0.0298137716433929,16685.752523745832
GHSL_525,62,49,0,0,0,0,0,0,0,0,3,6809400.000000001,6.429256866687778,21.620711867461576,402.51,555.842158317566,3102.28249010764,OM,-0.692,0.2630651501157071,34.283967,61.291807,63.32755273433366,8.737371610805232,13.40601591052967,0.6554028120426069,1.602143715807844,11778.098112188007
GHSL_526,47,151,1,0,0,0,0,0,0,0,0,0.0,6.429217019630744,18.31551500119092,170.52,991.525284767151,3521.59174291136,OM,-0.433,0.2088739628756101,11.517442,59.401554,52.17590328277878,9.114680474404675,15.21514605178418,0.8400480692510208,0.0183641915757959,9700.2963839755
GHSL_527,42,555,20,0,0,0,1,0,0,0,1,10568000.0,6.420445864623484,15.26743425631594,345.37,3084.26337814331,4462.8839259365,OM,-0.203,0.4384121331202486,68.785926,650.607913,469.1121695008498,88.44425004116226,71.91034339268944,1.112986307138214,2.7636331139049615,57110.21857490532
GHSL_528,26,95,1,0,0,0,0,0,0,0,0,0.0,6.411685359480432,19.138106043155094,207.54,607.405678749084,3390.0703165064,OM,-0.413,0.2378587058887229,13.69334,21.891243,28.65306019809149,4.120400276175544,9.38751982756432,0.7483023492760703,0.0095521813300188,6001.151952579334
GHSL_529,47,317,5,0,0,0,0,0,0,0,0,0.0,6.3946917014530085,19.131877875946135,205.55,1844.47140216827,3664.11476270446,OM,-0.306,0.2378587058887229,20.97509,117.379827,103.0869610762963,17.269330852677985,29.23681485718732,0.8449917528355797,1.86181353152756,18625.994407494833
GHSL_530,35,112,1,0,0,0,0,0,0,0,1,3750700.0,6.376549770049882,15.615550249582595,309.55,737.003616333008,3454.83940622528,OM,-0.435,0.2213951926979405,32.903428,45.314721,57.43048956428451,7.820839796326483,13.915791448530046,0.6935345053757332,1.0446197867978642,10979.021136058407
GHSL_531,45,143,1,0,0,0,0,0,0,0,0,0.0,6.373628888179385,18.931413688076827,190.96,944.283448219299,2573.54742659633,OM,-0.436,0.2378587058887229,10.628644,59.50691,51.13434938028943,9.057991102310565,14.455099038372296,0.863179298364139,0.013873131684032,9211.547961251166
GHSL_532,75,158,0,0,0,0,0,0,0,0,0,0.0,6.364652905306827,19.11244389039977,201.71,1166.27377986908,2971.26190357915,OM,-0.51,0.2378587058887229,12.562913,69.29885,61.017174772750074,10.21104190109122,17.340133206660106,0.842350589950114,1.1035421034280832,11062.159101315165
GHSL_533,12,127,4,0,0,0,0,0,0,0,0,0.0,6.345749895957431,19.09479703142018,198.83,709.691199302673,2599.06832042758,OM,-0.233,0.2378587058887229,12.167507,32.678847,35.503178509180714,5.487554691404941,11.64730651641691,0.7569581064283909,0.0135540592090297,7406.541466036335
GHSL_534,113,107,0,0,0,0,0,0,0,0,0,0.0,6.335931152739809,21.424204587391063,378.75,1100.10332918167,2432.51688601118,OM,-0.658,0.2630651501157071,13.055539,53.060696,49.92337144328654,7.993645030164127,15.561267795420196,0.777675997877488,0.7654574503971104,9961.202580809831
GHSL_535,36,76,0,0,0,0,0,0,0,0,0,0.0,6.3413155803656105,16.082751521392414,264.42,560.420691490173,3283.84326432775,OM,-0.507,0.3311983903901762,8.492334,19.400974,22.085462958593247,3.3582694181663957,8.338399314998865,0.6766262493293014,0.006798695379255,5318.0233058153335
GHSL_536,75,1763,112,0,0,0,1,0,0,0,0,0.0,6.323775230818079,19.07872930547003,195.72,9753.3703584671,4052.78016152331,OM,-0.119,0.2378587058887229,192.043179,502.557722,550.8530179175976,84.85269989667702,176.98619935398867,0.7237049461056473,0.2890591449847745,119593.9858967103
GHSL_537,21,225,6,0,0,0,1,0,0,0,1,11524800.0,6.311122836963344,16.444838147416924,231.14,1263.89868450165,3291.14570346496,OM,-0.237,0.3311983903901762,124.036549,155.661805,201.97020931487535,30.302764714938917,39.88776717418507,0.6768582866908174,5.475173822565097,38836.61680141652
GHSL_538,116,73,0,0,0,0,0,0,0,0,4,5924800.0,6.3096246148415736,15.111135744876297,355.2,948.508798599243,3832.57557437287,OM,-0.736,0.4384121331202486,20.575988,175.966359,120.49301548087432,22.137345465897397,18.376542001183985,1.0700756069738973,1.5119759300210105,14265.380887940917
GHSL_539,53,91,0,0,0,0,0,0,0,0,0,0.0,6.304395339510284,19.08699292831923,194.72,717.199996948242,2710.9777094591,OM,-0.547,0.2378587058887229,10.328798,30.077906,31.85943708248637,4.977604818024818,10.612330279308422,0.7475734745627154,0.0108864278117588,6760.461956754498
GHSL_540,69,109,0,0,0,0,0,0,0,0,1,2636900.0,6.298947875815488,16.81291158272066,201.51,891.294083595276,4177.61464070905,OM,-0.563,0.3311983903901762,12.831438,94.691704,69.97389790181674,12.549407492296329,15.227116081634522,0.8863785755760757,0.6409481031417829,10953.604948630467
GHSL_541,157,217,0,0,0,0,0,0,0,0,0,0.0,6.295369683995699,19.224743989709538,203.73,1870.32376003265,4472.68252328657,OM,-0.588,0.2378587058887229,20.388588,97.666733,86.81764942749048,15.103069489887938,27.155934744803023,0.7930355962949266,0.0272277466432881,17336.55629232316
GHSL_542,71,182,1,0,0,0,0,0,0,0,0,0.0,6.282452546598579,18.357436276178746,155.8,1269.18081188202,3540.72342774942,OM,-0.475,0.2088739628756101,25.786396,46.718231,58.785698534625816,8.592735606725771,19.15451170309092,0.7515800592976828,0.1886594227783697,12239.334225645833
GHSL_543,10,164,8,0,0,0,0,0,0,0,1,3529600.0,6.267744061118279,18.353600982826652,154.08,906.478043556213,3318.97350452627,OM,-0.164,0.2088739628756101,36.1007,51.787381,65.26375314725752,9.193623409844976,17.587459641713096,0.6851304057173287,1.0909293796928168,13181.719888982841
GHSL_544,99,82,0,0,0,0,0,0,0,0,0,0.0,6.2726290139680625,19.32484009157057,209.12,906.324280738831,4247.56546333371,OM,-0.683,0.2378587058887229,9.999224,62.48081,51.99720386935203,9.4173511722726,12.723846425944052,0.9718018591795065,0.0133736783248877,8126.182701149831
GHSL_545,199,264,0,0,0,1,0,0,0,0,2,4021600.0,6.26486948057563,14.81309879540535,383.28,2317.28683567047,5027.85227640103,OM,-0.595,0.261436737990008,63.71001,103.04163,128.27025013330896,18.139328231623747,38.2217193983695,0.6683689494431521,0.8301851344674654,28202.051778292865
GHSL_546,35,88,0,0,0,0,0,0,0,0,0,0.0,6.254613076832555,19.101668218504475,191.43,613.818144798279,2397.25891348674,OM,-0.477,0.2378587058887229,9.993719,25.766861,28.380568991163976,4.356820582431514,9.236202639467672,0.7586189130328578,0.0158381517420974,5892.342812858498
GHSL_547,182,55,0,0,0,0,0,0,0,0,0,0.0,6.252103540276755,19.34704368066479,209.02,1189.55595397949,5161.99507031826,OM,-0.869,0.2378587058887229,11.444432,77.580216,63.55132668320944,11.614881398287908,15.70814219081512,0.9641347393867185,0.0162947770930305,10039.801937489996
GHSL_548,10,107,3,0,0,0,1,0,0,0,1,1806700.0,6.2380193865307465,15.588779462313338,304.5,599.693817138672,2702.4190759257,OM,-0.237,0.4384121331202486,31.529969,112.040192,104.868044585315,17.357362884330424,23.103679627838662,0.6769435353897937,0.3779222302285772,22320.128821408412
GHSL_549,44,137,1,0,0,0,1,0,0,0,2,5351200.0,6.212482147698918,20.221408171283684,269.35,907.117562294006,3036.63088892462,OM,-0.439,0.0391546436654194,34.420324,179.039383,143.17181805595987,24.679999773503063,30.877501363393694,0.7015699026163015,1.2293407426562566,28533.63084363192
GHSL_550,86,41,0,0,0,0,0,0,0,0,0,0.0,6.206732658712285,16.141942004722868,250.45,637.80345249176,3396.72712622762,OM,-0.785,0.3311983903901762,4.600428,60.224626,44.88052590263658,8.671107911429338,8.697680636736717,1.202920752269903,0.0106632226729984,5512.169884845331
GHSL_551,48,108,0,0,0,0,0,0,0,0,0,0.0,6.205274564287081,19.401197603716927,209.07,784.665468215942,4178.86493165012,OM,-0.497,0.2378587058887229,6.150801,87.793021,64.6602800533649,12.595420967230242,11.709648046687205,1.2751034718275127,0.0163267010407982,7431.820123755999
GHSL_552,116,281,1,0,0,0,1,0,0,0,1,4659500.0,6.195524428383341,20.76327393205378,311.1,1990.33036804199,3587.22171224174,OM,-0.485,0.2630651501157071,95.751435,143.115893,186.8085971498068,26.526912031259496,44.13675341079816,0.694840554037977,0.9075992068373732,38068.63058281386
GHSL_553,141,310,1,0,0,0,0,0,0,0,2,4325600.0,6.196137291179745,20.37379912611562,279.47,2260.62609195709,4341.54687563778,OM,-0.501,0.0391546436654194,29.739171,210.361674,159.638898635711,28.930036255137775,37.40508773885266,0.8852842532120366,1.0161457833414398,25893.538778982074
GHSL_554,65,143,0,0,0,0,0,0,0,0,3,5968200.000000001,6.1948848786900506,20.390623282997502,280.71,1042.51768112183,4885.27498182674,OM,-0.501,0.0391546436654194,21.074148,147.515238,104.35251215113192,18.623114469037457,21.029634026646615,0.8684607637191815,1.418257099636468,15865.826036992863
GHSL_555,98,70,0,0,0,0,0,0,0,0,0,0.0,6.186056636645497,19.41321602531348,208.34,841.628503799438,3792.2126369739,OM,-0.711,0.2378587058887229,17.736588,29.254707,38.16494829449944,5.76478208784723,11.67674131687684,0.7887115222307454,0.2864374378336065,7472.461630584997
GHSL_556,17,115,2,0,0,0,0,0,0,0,0,0.0,6.183894572852689,19.11193763097075,186.21,668.871180534363,2009.20139299727,OM,-0.303,0.2378587058887229,7.084933,44.582795,37.28168552189604,6.705358452809071,10.642634976790518,0.8582421930103077,0.0502081003324772,6775.1497385045
GHSL_557,39,89,0,0,0,0,0,0,0,0,0,0.0,6.174583509652116,22.00499992699573,424.62,642.465410709381,4181.41082675584,OM,-0.494,0.3795888474677102,9.189796,34.746326,33.02650535122261,5.464562004216457,9.55898375433049,0.834280812131148,0.2633128192718507,6102.314297302166
GHSL_558,108,345,2,0,0,0,0,0,0,0,0,0.0,6.167898195871435,19.442730925837083,208.96,2279.40731906891,3608.57563367377,OM,-0.435,0.2378587058887229,48.093597,93.449135,113.57647810609144,17.84644567645475,34.723850336091964,0.7940150720781249,1.01400284843498,22156.643080817
GHSL_559,43,210,2,0,0,0,1,0,0,0,0,0.0,6.160020038585469,20.794542892589508,311.23,1274.70324611664,3642.25902952385,OM,-0.36,0.2630651501157071,66.160847,107.270672,138.72872702738795,20.130559143436667,30.94963785628069,0.7490980332621382,0.0609909861916755,26985.95772338594
GHSL_560,109,54,0,0,0,0,0,0,0,0,0,0.0,6.137829395200726,19.476896131222286,208.94,817.586205482483,3192.32441326962,OM,-0.778,0.2378587058887229,6.248822,54.698159,43.24447907217818,8.042514017898698,11.14660290664422,0.9379263570271696,0.0105834117066364,7090.476511548832
GHSL_561,3,230,38,0,0,0,0,0,0,0,0,0.0,6.130280634381386,17.24990616167927,157.67,1355.03352451324,3174.49578192162,OM,0.03,0.2495933009421506,19.447241,96.437737,84.69751010021133,14.857556984187614,25.147486330551548,0.830730469395866,0.0232425015895604,15989.45615046718
GHSL_562,2,189,40,0,0,0,0,0,0,0,0,0.0,6.131591206846949,15.874866808602894,271.09,1155.0664768219,4100.03683368261,OM,0.072,0.3311983903901762,21.808689,72.085662,71.06179809799922,11.664021539243311,22.113585910780788,0.783034692427162,1.4429789387249334,14067.72806282468
GHSL_563,73,314,3,0,0,0,0,0,0,0,0,0.0,6.120846993373661,19.121205496461,181.66,1951.0965013504,3047.27890570521,OM,-0.383,0.2378587058887229,43.916679,71.108745,93.90254482240007,13.39187128869752,30.16528902245965,0.7586079088094704,0.1112085604096764,19288.8343135435
GHSL_564,33,197,3,0,0,0,0,0,0,0,0,0.0,6.11682263234723,15.8530689959388,272.41,1160.49983692169,4119.32314922101,OM,-0.326,0.3311983903901762,32.018038,46.810179,63.255812381794854,10.3209633229253,18.397025718833905,0.8231727648781985,1.4629447770422137,11714.105227271168
GHSL_565,48,314,5,0,0,0,0,0,0,0,2,6722400.0,6.110555497057308,14.636185379912623,395.46,1835.27823829651,4215.28028695507,OM,-0.311,0.261436737990008,58.585365,98.163069,115.53666581851635,16.260607426837428,33.70347464067195,0.646636437873225,1.2219377044608235,25234.590245788626
GHSL_566,15,152,4,0,0,0,0,0,0,0,0,0.0,6.102711732565615,19.54137500543594,210.71,854.244784355164,3227.86498375256,OM,-0.239,0.2378587058887229,17.351665,37.470139,44.10393899919504,6.8915264510079774,13.791339834533826,0.7769575804153027,0.5742479277530252,8804.852746327168
GHSL_567,32,205,3,0,0,0,0,0,0,0,0,0.0,6.079219545090887,19.584277300616577,211.89,1200.75504589081,3700.9624030366,OM,-0.317,0.2378587058887229,23.950743,52.710954,61.05870562440924,9.794189201396543,18.931384903269084,0.7867156259226427,0.552384741382416,12083.751304713
GHSL_568,24,91,1,0,0,0,0,0,0,0,2,5979600.0,6.051874948874461,15.399798052293756,314.31,579.278960704803,2713.88597191288,OM,-0.402,0.4384121331202486,35.027581,54.99022,60.7120151266285,8.36523900248072,13.36284734668993,0.6485958850283661,1.3141818352613717,11696.677073965677
GHSL_569,2,218,50,0,0,0,1,0,0,0,0,0.0,6.037889550793894,18.404624794603436,131.52,1348.08755779266,3289.43048184748,OM,0.086,0.2088739628756101,55.184771,120.385,136.23002393411858,21.71876265679964,37.65727036268097,0.6698640372093895,1.012721003962423,30948.58087116246
GHSL_570,22,125,2,0,0,0,0,0,0,0,0,0.0,6.029935113605485,19.659438588076092,213.25,743.430641174316,3785.78957079,OM,-0.337,0.2378587058887229,15.965324,30.685771,37.59514993027165,6.053788633576076,11.726384905286276,0.7782570647122206,0.694505384972432,7485.337221312001
GHSL_571,27,107,1,0,0,0,1,0,0,0,2,2507600.0,6.01940543777891,14.646879099088627,391.14,673.662663459778,2720.74806932003,OM,-0.4,0.261436737990008,53.264798,102.259247,117.57393001945178,18.276919825641556,23.850946454162433,0.6997426836686815,0.9961386216683312,23480.066777232812
GHSL_572,81,73,0,0,0,0,0,0,0,0,1,3514700.0,6.009949852424679,15.558567707667628,296.37,767.009440422058,2566.40771057855,OM,-0.669,0.4384121331202486,16.575769,94.983523,71.36804964205643,12.354782989882253,13.80275970255095,0.9008000976151674,0.9392655971489592,10465.753480158337
GHSL_573,30,183,3,0,0,0,1,0,0,0,1,6593800.0,5.970975651543215,16.544182981106474,199.01,1078.39311695099,3826.97965822053,OM,-0.325,0.3311983903901762,63.928135,219.697948,192.8790603028375,32.17415009618946,33.99713209831276,0.8013578887885694,6.4184698698767075,31790.039710723377
GHSL_574,227,178,0,0,0,0,2,0,0,0,2,21972200.0,5.935573298904631,14.60648019380803,392.67,2023.83579683304,2369.8311438326,OM,-0.695,0.261436737990008,155.869161,287.392582,320.09138651889884,46.47356710539896,67.76463327097555,0.6141265916291071,3.6511465630955784,68727.43290987234
GHSL_575,58,158,1,0,0,0,1,0,0,0,2,24000000.0,5.932369373827069,15.645373149511208,284.13,1083.11904716492,3523.02578442921,OM,-0.462,0.4384121331202486,72.651124,596.53378,387.35023459088586,68.92822929288909,51.791559561588336,0.9638716246126056,7.296874364463232,48812.77765081511
GHSL_576,81,142,0,0,0,0,1,0,0,0,1,6319600.0,5.9203808526536505,15.688338625954575,279.2,1115.99985313416,2722.4820773179,OM,-0.545,0.4384121331202486,44.964826,205.456664,168.7432582190154,28.248317091588405,33.763280261612124,0.7429912246927749,1.725067688298064,31118.863900563276
GHSL_577,1,256,146,0,0,0,0,0,0,0,0,0.0,5.907529359174384,14.536787332316695,399.2,2013.39631652832,2381.42113941324,OM,0.249,0.261436737990008,53.482325,113.651991,131.5338337357371,20.22418736852416,45.46538432573951,0.7260872227689753,0.2749208452040131,28897.70064608222
GHSL_578,2,563,256,0,0,1,0,0,0,0,0,0.0,5.908525159509684,14.559528705381492,396.87,4106.54586315155,3062.80363903963,OM,0.207,0.261436737990008,86.805914,255.916242,260.3920793594001,42.37926336798618,90.87747682421757,0.7024505601678819,2.714772207205126,59290.78104119083
GHSL_579,7,148,8,0,0,0,1,0,0,0,0,0.0,5.893851017223744,15.82099671903984,264.57,817.17104434967,2453.52502356834,OM,-0.137,0.4384121331202486,26.392446,134.168196,117.81412333635052,20.617754479139407,25.995904379106893,0.7604243268860442,0.0335187117117107,23031.917463771275
GHSL_580,23,165,3,0,0,0,0,0,0,0,0,0.0,5.882856738812472,18.3488372826998,113.23,953.488382339478,3017.39842584463,OM,-0.298,0.2088739628756101,11.677249,58.040684,51.84978014832505,8.606183694426164,15.206574435461846,0.8219280023912948,0.9838496589683202,9679.709972852166
GHSL_581,2,115,18,0,0,0,0,0,0,0,2,6222400.0,5.880226553306195,21.06565948587561,317.98,674.535776138306,2393.21836609263,OM,0.019,0.2906729252791875,64.647842,71.903568,93.78823219201512,13.862675082989576,17.12111820686185,0.8113777485590118,4.257005707028817,14129.040911506965
GHSL_582,34,85,0,0,0,0,0,0,0,0,0,0.0,5.85820230955365,15.337583220355285,312.97,596.429966449738,2685.82298258057,OM,-0.481,0.4384121331202486,14.960662,21.544329,29.817172848419997,4.790238360321282,8.952598906614465,0.8026472345615835,0.6227459711346692,5699.1369588966645
GHSL_583,76,49,0,0,0,0,0,0,0,0,2,8863600.0,5.857699981856092,20.475885789696356,262.81,626.639719009399,2292.76328521762,OM,-0.732,0.2906729252791875,74.351371,64.485187,93.74379363637466,12.79227718191676,15.201174096386405,0.745620111686504,4.1407690798258985,14388.109096177604
GHSL_584,16,294,15,0,0,0,1,0,0,0,4,13420400.0,5.848806307399538,21.063540298413592,316.03,1622.67062950134,4042.25582609377,OM,-0.154,0.2906729252791875,181.310497,179.08773,261.21743302919026,38.46608287425841,48.49713236453662,0.7412108647758564,9.417779804422148,45035.7686534301
GHSL_585,65,85,0,0,0,0,0,0,0,0,0,0.0,5.845320827826603,20.658714108694685,278.21,751.12915802002,3382.4590798232,OM,-0.598,0.2906729252791875,6.961564,43.549013,37.038944862613775,6.273187425761073,10.84517882934749,0.818987505327948,0.8848975978943072,6929.8611934824985
GHSL_586,44,73,0,0,0,0,0,0,0,0,0,0.0,5.840979811853734,15.306701634080609,315.58,584.546234130859,2975.65316214301,OM,-0.554,0.4384121331202486,14.510346,19.961577,28.303589061709175,4.070254486420707,8.594999055730266,0.7931097622548076,0.1573244876072254,5482.1244877009985
GHSL_587,9,198,11,0,0,0,1,0,0,0,1,3327500.0,5.836920170301964,16.512716909079856,193.69,1093.85605049133,4269.03973184769,OM,-0.132,0.3311983903901762,42.349519,139.040508,133.53404161887508,21.842110211811757,32.80511976924394,0.6605002691548065,0.7787611210140652,29321.049982329234
GHSL_588,78,130,0,0,0,0,0,0,0,0,2,2104000.0,5.835140381990613,15.297092964647067,316.37,1042.93117523193,2839.73930189519,OM,-0.554,0.4384121331202486,37.685709,42.469325,61.42032693524445,9.366497158982844,16.731628446480162,0.7351963631506417,1.7704043300145418,11852.547479679932
GHSL_589,15,233,10,0,0,0,0,0,0,0,1,2038800.0,5.830351465588274,15.86569075402124,257.28,1291.39061355591,2799.98138295001,OM,-0.179,0.4384121331202486,19.138978,169.913478,127.09445080133568,23.664225881133863,22.92321512892175,1.1392022352717006,0.5476758830465792,15635.915777393191
GHSL_590,2,197,36,0,0,0,1,0,0,0,2,6746600.0,5.8228305424655655,14.954558767307928,352.17,1175.78137350082,2256.77373652032,OM,0.047,0.261436737990008,101.173805,137.460286,180.09733443530823,25.79485013530745,38.14968523074144,0.6958951173042743,2.7030121752227316,35109.518062228846
GHSL_591,66,104,0,0,0,0,0,0,0,0,2,10194200.0,5.8206902631242805,15.198907598667784,326.22,847.6837682724,3675.88047315303,OM,-0.563,0.4384121331202486,47.268897,88.519768,88.78454715960294,12.425569898236365,20.24512741309346,0.6090376240705478,1.90267607012542,18135.9609610686
GHSL_592,26,150,2,0,0,0,0,0,0,0,1,8830000.0,5.819324928452452,20.421089308658104,255.44,892.834597587585,3372.10116511093,OM,-0.335,0.2906729252791875,69.413216,98.113072,111.662753615312,16.187485026535327,20.584640933701586,0.7582663477324771,4.957214506563024,17753.349452458166
GHSL_593,113,184,0,0,0,0,1,0,0,0,5,11001500.0,5.814157763907153,21.587333214120537,365.42,1486.00965452194,3163.019678437,OM,-0.557,0.2630651501157071,74.568769,168.88553,174.39402907849487,26.260932821533643,42.648936997944126,0.6087298630234316,2.083707414985454,39220.26001738233
GHSL_594,94,83,0,0,0,0,0,0,0,0,0,0.0,5.813418514722097,20.633060790602016,273.84,885.128851890564,3454.02658195022,OM,-0.674,0.2906729252791875,12.015154,61.738922,54.35091990770413,9.477423321115502,12.46949178835445,1.0185647194659264,0.0145589749446186,7978.847149745997
GHSL_595,8,140,6,0,0,0,1,0,0,0,0,0.0,5.805279679242121,20.510124195625306,262.31,772.441802024841,3478.02623248402,OM,-0.166,0.2906729252791875,35.761197,97.928624,102.42194220128631,16.378300471832816,24.559753648984017,0.6802707007731741,0.0326867194169259,22446.39603879744
GHSL_596,241,688,3,0,0,0,1,0,0,0,2,12565000.0,5.800733598946003,15.169485093298228,328.72,4661.18074512482,4042.0586254627,OM,-0.454,0.261436737990008,175.7306,269.756594,335.88952279980606,48.0255818330622,90.6971599250046,0.6671494203725011,2.440434767574657,71978.125263776
GHSL_597,98,105,0,0,0,0,0,0,0,0,1,2196700.0,5.7994115939491575,19.56095833656571,186.86,1019.64837312698,2436.0981587426,OM,-0.636,0.2625022026151127,27.351837,43.258334,54.04484918748154,7.587138060447915,15.935071280093414,0.6811918994758863,0.4658328856125175,11460.054181663469
GHSL_598,134,139,0,0,0,0,0,0,0,0,2,1680000.0,5.792077493601898,15.016392932121033,344.61,1369.59834957123,3143.86204629312,OM,-0.642,0.261436737990008,14.297906,172.333556,123.21872718661452,23.631373199979556,20.89814943969923,1.2229327891685202,0.50020415540832,14112.306466769996
GHSL_599,26,101,1,0,0,0,0,0,0,0,1,4684800.0,5.785434724197698,15.593845930944228,283.52,637.784340858459,3393.84187681435,OM,-0.4,0.4384121331202486,39.544962,50.428299,63.189625686229014,9.625730253639096,13.411660216558998,0.7275044047161423,2.445240167724402,10992.962186695253
GHSL_600,18,166,4,0,0,0,0,0,0,0,4,2952400.0,5.785556141858754,15.075636552554409,338.14,940.959934234619,3239.90777140847,OM,-0.261,0.261436737990008,28.010173,48.236457,56.86573101973513,7.984642252739235,17.183919986787203,0.6480572541810695,0.541333366871492,12592.712151752794
GHSL_601,97,48,0,0,0,0,0,0,0,0,0,0.0,5.779583470449643,24.854999808780907,708.74,729.89321231842,2848.25260406782,OM,-0.78,0.3301146353518906,8.470703,36.848437,33.4095410755174,5.76100491967062,9.882201423393134,0.8284224337980778,0.00950588130633,6307.056986016831
GHSL_602,85,189,1,0,0,0,0,0,0,0,3,5385299.999999999,5.766427798438032,19.97823181640216,214.92,1368.77011013031,3081.34965236751,OM,-0.499,0.2313707720909064,30.700009,199.43666,147.111470913798,25.661325580070844,24.97702130361524,1.0442266757726648,1.6636726729104836,18538.623775228323
GHSL_603,57,639,19,0,0,0,0,0,0,0,1,12000000.0,5.7473291812037015,20.0441972827009,218.65,3573.70642948151,8044.61238954409,OM,-0.228,0.2313707720909064,49.115495,556.967819,387.0989017190151,73.27043215677116,68.77489541007567,1.072371648782119,2.9153325942603128,49010.340970534504
GHSL_604,111,1239,36,0,0,0,1,0,0,0,2,18084400.0,5.740159683868546,20.058457827546025,219.22,6932.64912891388,5374.17577375527,OM,-0.228,0.2313707720909064,312.42483,420.593825,553.1675700744327,88.27418345328924,136.29826057984192,0.74344542427887,16.976960743482028,104092.13190242588
GHSL_605,76,99,0,0,0,0,0,0,0,0,0,0.0,5.740097869662825,25.308164997979645,757.0,872.536020755768,3404.48718543746,OM,-0.599,0.1478942001717594,9.169025,52.523929,45.59600152718663,7.656990881765136,12.694903704488292,0.8552996118711153,1.0564456328754623,8082.926796456331
GHSL_606,12,125,3,0,0,0,0,0,0,0,1,12000000.0,5.735156131670603,19.140999734484417,150.92,700.047945976257,1998.6351569428,OM,-0.239,0.2625022026151127,32.644383,274.944542,174.484343003914,30.970074492348672,22.587130115789027,1.064379828419826,3.5986999682384067,19196.26730726967
GHSL_607,32,99,1,0,0,0,0,0,0,0,1,2568000.0,5.732935629140129,15.61449717945898,279.45,656.034504890442,3199.66885603438,OM,-0.439,0.4384121331202486,26.756897,40.388459,48.24859546607795,7.497716582434283,12.008049842693651,0.7265794583954813,1.5216105466242325,9012.030121922866
GHSL_608,19,162,3,0,0,0,0,0,0,0,0,0.0,5.733212161264276,19.11485072513295,148.88,924.694881439209,3092.57330626314,OM,-0.272,0.2625022026151127,13.143045,71.642555,62.63456713416193,10.932750632873226,14.710967728240684,1.0038058376308558,0.0171671520197594,9367.401773607835
GHSL_609,48,65,0,0,0,0,0,0,0,0,0,0.0,5.73211266511879,16.97440520789084,145.03,564.906994342804,2449.0789268355,OM,-0.591,0.2501343624972278,7.273487,29.332619,27.683678514166484,4.473787640800232,8.191946890786468,0.8113724243383021,0.5062564537411923,5231.580755541665
GHSL_610,0,182,168,0,0,0,0,0,0,0,0,0.0,5.727512034612781,19.078506828287765,145.76,1753.65533542633,3801.36940234008,OM,0.339,0.2625022026151127,45.767532,248.578685,217.5956437600312,37.94723039205494,43.21995404064259,1.1594703632827017,0.0581899291572491,27446.170239548726
GHSL_611,133,353,2,0,0,0,1,0,0,0,3,14918099.999999998,5.726721636231273,21.485130892629854,351.07,2438.82049322128,3524.39365305402,OM,-0.467,0.2906729252791875,59.269567,407.920528,296.25626542069296,52.543315751343435,64.16122006902235,0.7672341455823412,3.4930813674232564,52794.203475790215
GHSL_612,91,52,0,0,0,0,0,0,0,0,0,0.0,5.725969244980231,22.76167248626104,483.01,718.21050453186,2212.36994440465,OM,-0.752,0.0456106712659804,13.143557,25.823371,31.48352980940156,4.6460912575005695,9.79311166952256,0.7776785797913901,0.1283318722548361,6273.525725053164
GHSL_613,80,176,1,0,0,0,0,0,0,0,0,0.0,5.723819876353055,19.184856823413515,153.19,1284.35552883148,1978.15929451549,OM,-0.501,0.2625022026151127,17.204709,94.332846,82.34701931332398,14.38785755675583,19.280346554047167,1.0055049042520885,0.0244079359090929,12289.631117091332
GHSL_614,27,162,2,0,0,0,1,0,0,0,0,0.0,5.7191396994675365,20.84445241344027,287.83,955.574558734894,3023.09954644357,OM,-0.327,0.2906729252791875,23.644127,149.522744,125.45912325444992,22.51296761513939,27.53652868286496,0.7823529888085753,0.0380699600940143,23894.664059996605
GHSL_615,58,325,4,0,0,0,0,0,0,0,1,7495100.0,5.709132503752445,20.06898958973745,217.8,1938.28462028503,5402.04071360299,OM,-0.339,0.2313707720909064,86.197471,116.824558,148.48516725021395,23.050278329238047,35.65028221554012,0.7463691328692125,4.713400783937641,26859.21233583183
GHSL_616,24,597,40,0,0,0,1,0,0,0,1,12000000.0,5.699624734154723,15.946252983333666,243.41,3306.45217990875,3794.47475620305,OM,-0.112,0.2476789434150617,198.678593,260.41552,334.9489991824025,52.64328989207689,76.21968040084667,0.7361031305170185,11.908840597862882,62135.42901676711
GHSL_617,16,647,66,0,0,0,0,0,0,0,0,0.0,5.701314607264677,17.601169871593353,97.1,3649.5814666748,3919.27879864603,OM,-0.047,0.2501343624972278,65.841319,150.358326,171.25145629647116,26.02850325751584,64.13204892627454,0.6813742178903985,0.0526595300503136,40865.02621474502
GHSL_618,437,252,0,0,0,0,0,0,0,0,0,0.0,5.696913660719776,22.786585108489295,484.74,3452.65586471558,3085.11666148311,OM,-0.752,0.0456106712659804,43.798884,173.510636,164.45523023919088,26.00185646726397,47.287809250932064,0.8275439152993853,2.8216090612414813,30243.667694368156
GHSL_619,70,137,0,0,0,0,0,0,0,0,1,4784200.0,5.69456698881737,19.292710336437032,158.6,1036.92053699493,2822.71228993392,OM,-0.522,0.2625022026151127,42.804875,84.363276,86.4595249885236,13.229659316063826,18.732219882392904,0.7806296692164271,2.0886949257046874,14573.319778721429
GHSL_620,22,91,1,0,0,0,0,0,0,0,0,0.0,5.660039582226156,16.989022044979848,138.93,570.565100669861,2671.18492822969,OM,-0.388,0.2501343624972278,6.746097,35.539231,30.80567566034288,5.441881780212161,8.857678295597806,0.8522072175672694,0.0084243361162533,5637.675395934666
GHSL_621,41,196,2,0,0,0,0,0,0,0,0,0.0,5.625284321331824,15.187440028970832,321.57,1192.56846046448,3771.98127706886,OM,-0.365,0.261436737990008,11.783568,90.806387,73.42613418959932,13.464618053556304,18.764784412050204,0.9478996800808024,0.0202601271842045,11872.6054501915
GHSL_622,221,146,0,0,0,0,0,0,0,0,1,3769300.0,5.615071589595434,16.25024509932499,208.86,1838.5382566452,3646.77183930577,OM,-0.726,0.2476789434150617,22.899046,230.594575,165.40302083491872,31.225773645812797,28.626939571549695,1.1356417278267767,0.9716491038404482,20013.753021774926
GHSL_623,107,187,0,0,0,0,0,0,0,0,1,3767300.0,5.596652238835772,16.378340562498778,194.93,1471.60279941559,3914.04542639392,OM,-0.545,0.2476789434150617,55.655906,68.600465,92.77527746673763,14.670479849314145,24.35970150443592,0.7360967984169874,3.223008744887194,17583.76655441529
GHSL_624,95,241,1,0,0,0,1,0,0,0,1,2727800.0,5.592785502492346,16.35955617156468,196.65,1688.48153591156,4391.08389808611,OM,-0.476,0.2476789434150617,54.82493,144.951531,148.72138713182648,23.80186016944813,39.1282087620741,0.6610500497574736,0.6876377996670621,33256.47983283097
GHSL_625,2,136,24,0,0,0,0,0,0,0,1,4236000.0,5.584025958433714,14.792987947798812,363.19,806.696633338928,2622.38031772618,OM,0.039,0.261436737990008,52.05776,49.94212,75.52644952807596,11.156778104727763,18.120819916815663,0.7249699897576795,2.60353871159061,13864.802421470411
GHSL_626,13,141,4,0,0,0,1,0,0,0,3,4414799.999999999,5.57628598737111,20.819711026385956,277.66,791.132266044617,3560.93201622459,OM,-0.227,0.2906729252791875,50.540867,120.949664,123.66117799062675,19.44909131871039,28.08214439978221,0.6453114390390843,1.000405953052265,26894.993042013357
GHSL_627,7,438,62,0,0,0,0,0,0,0,0,0.0,5.573157909524485,18.247882719110063,77.26,2534.93236541748,3090.17501148025,OM,0.005,0.1954581466942441,76.431119,108.200471,148.67621355096347,23.597590723443886,46.09546759237571,0.7820946283796533,2.6753071913025965,29381.781787163854
GHSL_628,81,37,0,0,0,0,0,0,0,0,0,0.0,5.569287629896474,15.372161999709828,300.19,591.469724655151,3146.28291215039,OM,-0.797,0.261436737990008,13.200254,18.547385,25.9239736860869,3.647352974314407,7.992906506005006,0.7825318635934653,0.0377504483039104,5108.992546439831
GHSL_629,31,238,5,0,0,0,1,0,0,0,1,4824500.0,5.553772864123147,16.495225480943812,181.12,1365.8086271286,4566.77631740734,OM,-0.285,0.2476789434150617,68.758982,137.369993,157.63418403413854,23.5241364602892,36.78288656298912,0.6714905865399018,1.0912389558225055,33090.57546315245
GHSL_630,59,215,1,0,0,0,1,0,0,0,0,0.0,5.548943965642232,25.233568861045903,745.05,1376.41085338593,4129.86917927051,OM,-0.412,0.1478942001717594,43.343494,118.371278,125.16739357839624,19.80578336294649,33.144220445546196,0.6832028637913748,0.038834346509278,27769.07434479494
GHSL_631,11,128,4,0,0,0,0,0,0,0,0,0.0,5.5174991216817695,21.73816198028828,368.23,713.544511318207,2879.12276490799,OM,-0.226,0.163724125692516,14.53708,30.977991,35.90532815381097,5.383620319077012,11.628119101416708,0.757158765523164,0.1971316099640221,7418.009041675835
GHSL_632,17,210,7,0,0,0,0,0,0,0,1,6160800.0,5.491661879897121,20.045809071425396,200.36,1168.18309879303,4881.91258564169,OM,-0.208,0.2313707720909064,59.797054,87.306398,102.7788677950752,14.762951604412734,23.406030343354647,0.7337239095008123,3.1045322464739593,18336.632178345488
GHSL_633,18,425,27,0,0,0,0,0,0,0,0,0.0,5.490881912226972,16.979981272544673,129.69,2349.31610631943,3159.79796465837,OM,-0.116,0.2501343624972278,59.436762,93.165553,123.27082016371642,18.923091398780713,39.80582409019684,0.7588287980562309,1.2579012850787852,25375.48315851868
GHSL_634,48,339,6,0,0,0,0,0,0,0,0,0.0,5.494453468151388,19.12929767509903,130.0,1964.47053766251,2498.58888682031,OM,-0.298,0.2625022026151127,27.07743,114.551619,105.51170505431512,17.316034171119146,31.207404398537893,0.8124892281190894,2.2753336458152,19899.336725828998
GHSL_635,48,304,5,0,0,0,0,0,0,0,0,0.0,5.48051974980774,16.790120509883184,147.94,1778.69445228577,2448.38240372463,OM,-0.316,0.2501343624972278,17.528926,137.479993,110.96035303625932,20.3602093964374,28.36330933948708,0.9449260267215572,0.0286604361309822,18000.506543051335
GHSL_636,108,177,0,0,0,0,0,0,0,0,2,4311800.0,5.482906214657931,14.939736679084596,345.11,1428.06210517883,4641.41461181725,OM,-0.557,0.261436737990008,38.359379,71.189524,80.80297258086351,11.56656632300359,23.975406177469416,0.653806697597611,0.7817665135394778,17656.28377259997
GHSL_637,54,88,0,0,0,0,0,0,0,0,0,0.0,5.480977384416396,17.632487174879863,74.36,709.890318870544,2595.56393629059,OM,-0.555,0.2501343624972278,15.501464,24.639112,32.3095336713688,5.220197342899945,10.410962540840144,0.7588476901943256,0.5973976525187068,6646.657666314332
GHSL_638,45,160,1,0,0,0,0,0,0,0,0,0.0,5.477860346186246,18.320315705428055,71.13,1032.39088344574,2625.86639463056,OM,-0.417,0.1954581466942441,22.530015,41.761341,51.40231977309335,8.020484744207174,15.80336748056281,0.7897315465844355,0.4950802531988048,10081.410037056834
GHSL_639,26,154,2,0,0,0,0,0,0,0,2,4235800.0,5.473033705263925,15.044241504658457,333.54,914.002121925354,5092.30262874389,OM,-0.331,0.261436737990008,28.15011,158.435204,120.29400863699696,21.228912666204906,17.404190966105663,1.157044077166642,1.257720685238498,13363.82279408057
GHSL_640,215,318,1,0,0,0,1,0,0,0,1,12000000.0,5.41851174229284,20.946616445942936,282.64,2665.88642883301,3803.32359706593,OM,-0.575,0.2906729252791875,71.089551,487.297905,357.0055911155092,63.32491271056365,61.56163999470336,0.9347749616118146,3.6842561446389137,51232.73734151926
GHSL_641,23,222,6,0,0,0,0,0,0,0,0,0.0,5.404541165439273,21.672323421201348,357.23,1253.61257743835,2875.60116674088,OM,-0.25,0.163724125692516,18.154676,79.028023,71.92524241946428,12.296473791894066,20.30118957963543,0.8595923298470374,0.2768531889011137,12920.11936596917
GHSL_642,121,211,0,0,0,0,0,0,0,0,0,0.0,5.399595691783403,19.05827939546323,116.91,1660.18009853363,1867.48598247637,OM,-0.544,0.2625022026151127,14.891917,97.252306,82.07324855308539,14.319551593978328,24.476424451549924,0.8200824912942088,0.783453146096828,15600.318004531164
GHSL_643,177,262,0,0,0,0,1,0,0,0,0,0.0,5.399859185142432,20.12343935435668,201.38,2196.18553829193,5709.42010682663,OM,-0.575,0.2163097313149591,51.799398,176.75928,171.80097241392994,27.98227531180971,43.453714672446274,0.7389989213316466,2.186236141514262,34750.741716622935
GHSL_644,20,253,9,0,0,0,0,0,0,0,0,0.0,5.395709723595906,21.00010833412661,287.08,1407.47068691254,2888.68369109125,OM,-0.209,0.2305991576436656,19.049186,152.321117,121.71515615669628,22.5275890513572,23.196490868334376,1.2123583972150895,0.0316123789304972,14711.049121395
GHSL_645,2,739,419,0,0,0,1,1,0,0,1,12000000.0,5.395454323531902,26.492047763699208,880.61,5798.46390342712,3854.21357429909,OM,0.248,0.4528295695376121,565.161529,2157.875062,2011.39534772633,333.16092916056647,303.5451834923226,1.03328029092158,4.688303349218478,269281.2527393108
GHSL_646,243,491,1,0,0,0,0,0,0,0,0,0.0,5.383445155421714,16.934476213567144,129.03,3675.64569711685,2654.32510176148,OM,-0.517,0.2501343624972278,56.708461,176.048362,176.9237645432734,29.57561597104081,54.7237259382083,0.7888107273078421,2.975658363360513,34878.89112521216
GHSL_647,0,88,50,0,0,0,0,0,0,0,0,0.0,5.385740505623554,26.49504651617431,880.82,690.543558597565,2524.50704330532,OM,0.248,0.4528295695376121,27.196499,86.704636,87.19880804453899,15.28477046303165,15.719323348479035,1.260889865704251,1.0374122726351946,9899.699139529353
GHSL_648,44,83,0,0,0,0,0,0,0,0,0,0.0,5.376337384616546,15.093204791544656,326.4,633.743473052979,3706.96930892009,OM,-0.531,0.261436737990008,12.989271,22.012724,28.17624949420225,4.080719185024587,9.410497562287125,0.7404450521569282,0.0096760652768335,5993.808061704332
GHSL_649,50,182,1,0,0,0,0,0,0,0,2,3310000.0,5.37114657623547,20.229539416033766,209.59,1168.58909320831,4882.46663049131,OM,-0.412,0.2163097313149591,20.766502,124.255415,94.65514063155106,16.873385110262475,20.603484078795407,0.8955373585033465,0.8547513145257888,14715.617872054834
GHSL_650,71,76,0,0,0,0,0,0,0,0,0,0.0,5.35964945678621,17.031928875575343,118.0,740.170851707458,3092.49804343313,OM,-0.636,0.2501343624972278,7.393133,51.647219,42.509054407387815,7.726700501678746,10.532081962150928,0.9649666459403188,0.0135642863989293,6707.550667444499
GHSL_651,29,105,1,0,0,0,0,0,0,0,0,0.0,5.358056383844797,25.360607243196203,755.76,674.248674869537,3429.47587470009,OM,-0.412,0.1478942001717594,6.688839,41.489365,35.49943416267223,6.062319954326727,10.434816269343576,0.8247234980057881,0.6573370453305847,6631.937871865166
GHSL_652,118,135,0,0,0,0,0,0,0,0,0,0.0,5.343066928946904,19.0158856405475,109.07,1266.00245189667,1234.06662134788,OM,-0.623,0.1954581466942441,13.018934,75.01571,64.4470582632958,11.307283261380158,18.16553710173331,0.8600443504761015,0.3371864615227476,11592.42049682333
GHSL_653,385,306,0,0,0,0,1,0,0,0,2,24000000.0,5.331393879175304,15.150204797308076,319.47,3456.24573040009,4394.41904011159,OM,-0.692,0.261436737990008,209.631847,283.84879,350.38340197407786,47.8307689142223,76.73924899414703,0.6587136776396986,6.2990191966921945,69259.91250809093
GHSL_654,81,92,0,0,0,0,0,0,0,0,0,0.0,5.335245336375859,25.84254716867096,808.38,868.432788848877,5643.49819243886,OM,-0.624,0.4528295695376121,14.469337,60.798442,56.36163558920941,9.545106447909724,12.437064929906631,1.05315738803115,0.0193630719822365,7923.252203458165
GHSL_655,4,686,213,0,0,0,1,0,0,0,1,10053000.0,5.324938047281448,20.70876281692708,254.35,4514.14198064804,3428.77649595839,OM,0.138,0.311328742466528,75.463783,901.049566,646.827569518815,123.988213842341,113.0441013564734,1.0999540556080505,2.5473147670216685,82621.61471441314
GHSL_656,26,102,1,0,0,0,0,0,0,0,1,12000000.0,5.324428242951131,16.873922169281713,132.8,641.319994926453,3572.23621212424,OM,-0.396,0.2649349232022477,30.625317,239.600163,154.77969706013508,27.74073703719643,22.190002672311135,0.9924199254957522,3.237877179182287,18359.330684181667
GHSL_657,12,202,10,0,0,0,0,0,0,0,0,0.0,5.30844379461538,20.691328155083596,251.83,1115.13136434555,3836.46991511064,OM,-0.16,0.2163097313149591,13.978751,68.928286,61.775866664267696,10.195660729546391,18.653584128842382,0.8005652383321792,1.264799083726804,11891.794313657336
GHSL_658,61,182,1,0,0,0,0,0,0,0,0,0.0,5.3009502477788155,15.752555285176532,252.91,1218.93836975098,4455.70523508223,OM,-0.447,0.2476789434150617,29.513844,45.24959,60.117496189325976,9.659517362577317,18.604500373181008,0.784601060857987,1.167458894563513,11842.326408037501
GHSL_659,21,157,3,0,0,0,0,0,0,0,0,0.0,5.291855445946241,17.24197173858759,93.76,902.894465446472,3406.90465757728,OM,-0.288,0.2501343624972278,11.635298,54.920584,49.619487249096075,8.165702561642208,14.43209568237222,0.8250188645907498,1.04262739601028,9190.961550127835
GHSL_660,237,245,0,0,0,0,1,0,0,0,0,0.0,5.272744795558819,20.180878276168137,199.47,2410.95355415344,4209.18608935069,OM,-0.643,0.2163097313149591,51.418285,145.717656,154.58325603040186,24.22672636117808,45.89697073975156,0.6600197935061881,0.0497377941504376,36262.926546467264
GHSL_661,138,206,0,0,0,0,0,0,0,0,1,6105800.0,5.272222998801778,16.87310131393711,131.06,1723.05341339111,4288.30400318343,OM,-0.573,0.2649349232022477,65.129271,105.289175,121.37135850525787,18.842080267529575,29.442042312614593,0.7400922254169003,4.401390623013629,22125.189624389735
GHSL_662,7,285,31,0,0,0,0,0,0,0,0,0.0,5.257131370085494,18.954471047308335,97.53,1611.59492492676,1200.58196642028,OM,-0.036,0.1954581466942441,21.667471,107.023784,95.91102456559514,15.789209765386524,28.621783078078955,0.8112318483677848,1.6838280819424816,18206.955218166848
GHSL_663,16,242,10,0,0,0,1,0,0,0,0,0.0,5.263324472179501,17.654297680029945,54.11,1338.90487384796,3070.53061311309,OM,-0.178,0.2501343624972278,68.943837,115.035902,145.37157817143333,22.008162088862445,33.309504748882,0.7497238741801595,0.7268071647140544,28414.925442782107
GHSL_664,205,157,0,0,0,0,0,0,0,0,2,24000000.0,5.258238568316752,15.821112458614325,244.67,1811.3371553421,4707.82886378714,OM,-0.7,0.2476789434150617,159.922418,198.688495,238.9620998961476,31.24605264365781,42.53476500444142,0.6985029145760641,6.492554473091704,40172.092832423165
GHSL_665,9,245,18,0,0,0,0,0,0,0,1,8260100.0,5.235032681516328,20.182977201420968,197.66,1358.20225429535,3971.35162074663,OM,-0.095,0.2163097313149591,27.506617,216.16996,151.50204447421598,27.311918306814253,31.125359781258993,0.8743076067910073,1.929053586489619,23096.53288489809
GHSL_666,232,199,0,0,0,0,0,0,0,0,0,0.0,5.2182370876078785,16.726708342776526,145.16,2156.14532566071,3152.25924804197,OM,-0.678,0.2649349232022477,31.899164,101.868108,102.21954421093194,16.13667125019192,30.33897654348505,0.8083824247473028,1.543820693782898,19393.084491179663
GHSL_667,111,130,0,0,0,0,0,0,0,0,0,0.0,5.211846074472971,16.692847328530867,148.72,1207.76989555359,3622.04197197058,OM,-0.62,0.2649349232022477,16.081693,62.652547,58.440281376832566,9.930884379096678,17.334551111148755,0.8255088106297014,0.0166724394450522,11058.673237495832
GHSL_668,105,92,0,0,0,0,0,0,0,0,0,0.0,5.193250216578819,19.50470246810671,133.1,987.461364746094,2961.00130662809,OM,-0.673,0.2625022026151127,8.525529,58.686731,48.51246187758339,8.750500742977968,13.940864274870428,0.8533129327010545,0.1103662824922574,8876.070965718163
GHSL_669,41,242,3,0,0,0,0,0,0,0,2,14582400.0,5.187919730124803,15.03300863762335,330.5,1432.83957862854,4928.35230357832,OM,-0.329,0.261436737990008,116.919553,136.609933,174.6478039028792,25.953585093568172,33.20719669627303,0.7338327111379148,7.2669013140879,28916.68784362579
GHSL_670,79,316,3,0,0,0,1,0,0,0,2,8276600.0,5.186824806932776,14.862054673294107,349.39,1985.32520484924,5399.40984693547,OM,-0.394,0.261436737990008,82.324093,155.470074,176.83119938995196,26.24211754135246,48.55604930996106,0.5977996187197031,2.053338383285522,42223.56958347416
GHSL_671,203,249,0,0,0,0,0,0,0,0,0,0.0,5.18003216435743,16.64573286877769,153.08,2263.68776512146,3393.94667458516,OM,-0.61,0.2649349232022477,29.857857,115.059566,109.1990390461234,17.893233519762507,32.615198517195445,0.8112361398839654,1.3221468766096638,20800.179690132165
GHSL_672,4,123,10,0,0,0,1,0,0,0,2,12050600.0,5.1737582938477455,20.1966682642172,195.86,684.172173500061,3077.33766406116,OM,-0.085,0.2163097313149591,92.143599,155.208135,168.39324904011065,24.46792279712009,33.19353644404534,0.6378117932592618,3.4501065271301616,33900.08176178143
GHSL_673,45,121,1,0,0,0,0,0,0,0,0,0.0,5.169044294432765,19.650289189121217,143.87,833.388395309448,3143.90090315582,OM,-0.466,0.2625022026151127,11.176345,46.425772,43.238962602913894,6.967173391988614,12.659030999923855,0.8176388417407795,0.8086439206776501,8085.844098443832
GHSL_674,62,535,12,0,0,1,0,0,0,0,0,0.0,5.165475926560328,16.547729124716547,163.53,3043.08270168304,3067.88347166801,OM,-0.268,0.2649349232022477,48.486284,179.941525,172.37206274901064,27.643392873965183,50.755964774973464,0.778486673181766,3.032641795265026,33903.32154072739
GHSL_675,27,118,1,0,0,0,0,0,0,0,0,0.0,5.162191042341057,19.52829610965261,132.83,731.044439315796,3562.17810448971,OM,-0.377,0.2625022026151127,7.304309,46.844042,39.175178122627855,7.020526805393922,11.355699119103916,0.8479232226071846,0.1057181333843791,7217.7249545478335
GHSL_676,48,122,0,0,0,0,0,0,0,0,0,0.0,5.154410867422691,21.24856214866259,304.18,850.681376457214,3108.8519488116,OM,-0.476,0.2305991576436656,7.341465,96.557311,71.72441353809036,13.899674181809392,12.820191887775504,1.2869287539439074,0.0169898072073135,8148.177127360666
GHSL_677,41,419,11,0,0,0,0,0,0,0,0,0.0,5.139397298630922,19.419810549489412,122.16,2356.13573169708,3027.90333846576,OM,-0.242,0.2625022026151127,24.943919,156.56874,131.4261121810573,23.509591556725464,38.16985639015601,0.8466664973256633,0.3500321003815595,24254.58821435984
GHSL_678,91,78,0,0,0,0,0,0,0,0,0,0.0,5.1288501642668605,17.144607668599587,97.81,844.928237915039,3659.64664264972,OM,-0.677,0.2501343624972278,14.499902,35.86517,38.86783090966319,6.237906428711769,11.898531769298591,0.7879448543083329,0.7658694089598089,7603.903017461832
GHSL_679,43,222,3,0,0,0,0,0,0,0,0,0.0,5.128578513309017,19.39938350087222,119.69,1338.77366828918,3010.83469384864,OM,-0.35,0.2625022026151127,17.217316,83.195668,73.9518388046352,12.833916729356805,21.041802204264947,0.857142720091528,0.0955577835020504,13390.321979887833
GHSL_680,45,235,3,0,0,0,0,0,0,0,0,0.0,5.121879990250704,21.636993653962005,344.87,1415.81522893906,4245.46305557022,OM,-0.351,0.163724125692516,20.490201,83.029959,78.29974812199468,12.760632791157253,22.153030895151307,0.8447634789085307,1.1332353198085192,14134.912189613831
GHSL_681,12,152,5,0,0,0,0,0,0,0,0,0.0,5.112892315036187,21.07200806059655,284.09,845.693677902222,5204.66920262812,OM,-0.211,0.2305991576436656,9.991454,54.289758,47.524633272416345,8.046567755823805,13.804045955447824,0.8304024105888946,0.8327030701883529,8793.688074810669
GHSL_682,20,405,23,0,0,0,0,0,0,0,0,0.0,5.110824292499435,24.466262521491835,653.94,2239.6397061348,4364.74841388914,OM,-0.138,0.3301146353518906,42.02157,222.928326,193.36315302585808,34.108605412886924,37.794609963696864,1.1772900607080543,0.0556560979407695,23999.766878969673
GHSL_683,118,238,1,0,0,0,0,0,0,0,0,0.0,5.10106823655703,21.805044627749425,362.49,1788.27984809875,3801.93861743931,OM,-0.518,0.311328742466528,19.856427,104.987808,92.93244889987436,15.43378033223397,26.594406062372716,0.8343660351219084,2.0508647407685485,16970.698982823662
GHSL_684,105,99,0,0,0,0,0,0,0,0,0,0.0,5.095055644938413,17.118314991413698,99.86,1019.16654968262,4766.91557381954,OM,-0.66,0.2501343624972278,12.983626,51.356777,47.8190852681112,8.093587911346027,14.462802730009146,0.8103247290801354,0.139235454999188,9234.249467520498
GHSL_685,35,89,0,0,0,0,0,0,0,0,0,0.0,5.092846308768123,21.67927709990318,348.71,623.449010372162,2430.0320017624,OM,-0.475,0.163724125692516,10.897733,31.639746,32.72049461423961,5.087920464014247,9.29737710613793,0.835536663550536,0.492566662023586,5943.511170258832
GHSL_686,137,429,2,0,0,0,1,0,0,0,1,12000000.0,5.076635613827366,16.878702131910476,125.75,2840.98128128052,3818.40005333231,OM,-0.438,0.2649349232022477,66.367083,420.004882,314.96110596560476,55.6216547481079,65.7553297100805,0.807240145479532,2.9841591398385727,53923.701709377274
GHSL_687,6,131,7,0,0,0,0,0,0,0,0,0.0,5.078329699823211,24.34481755900637,640.12,721.142292022705,3832.92739615776,OM,-0.138,0.3301146353518906,17.665755,28.023613,37.03298651730959,5.2856655808100115,12.088669291248152,0.7529139804495086,0.0125150563805794,7696.8232263706695
GHSL_688,56,106,0,0,0,0,0,0,0,0,0,0.0,5.0676959967535025,21.479252785425412,326.47,811.693817615509,3389.71167873465,OM,-0.527,0.2305991576436656,11.632864,45.462982,42.666330388916045,7.154328650608775,11.97605106626097,0.8451704951369946,1.1313093260968334,7647.089663041999
GHSL_689,193,395,1,0,0,0,0,0,0,0,1,12000000.0,5.054269387435545,17.879722115005233,20.15,2944.43559551239,3783.0509897721,OM,-0.515,0.2501343624972278,62.334084,434.433734,314.4471469350255,55.34239443692843,53.55711371229147,1.0338332677756448,3.643206822614971,39981.68995653849
GHSL_690,31,126,1,0,0,0,0,0,0,0,0,0.0,5.056246341499754,25.150984946179985,728.75,790.508112430573,3851.02747783708,OM,-0.394,0.1478942001717594,10.882919,42.04896,39.73778633050874,6.462861110720427,12.226786012648292,0.7900296098100722,0.6908137681294685,7785.874940793833
GHSL_691,41,186,2,0,0,0,0,0,0,0,0,0.0,5.052890243962579,21.80132244435564,361.0,1143.13010025024,5140.48197326284,OM,-0.374,0.163724125692516,16.281687,86.51131,75.56231714878628,13.23510586851977,17.824700205016345,0.9996566952799256,0.0202064373882737,11360.921876188166
GHSL_692,42,2363,320,0,0,0,1,0,0,0,0,0.0,5.038042263191309,21.212643839090923,296.98,13628.977517128,7343.19513681727,OM,-0.002,0.2305991576436656,140.370114,1769.837071,1321.9624165303196,255.2434433594155,260.0942675598126,1.141565080264135,0.3260171101928495,171435.9106821309
GHSL_693,52,114,0,0,0,0,1,0,0,0,1,12000000.0,5.042844587395709,16.21269129247164,198.87,832.049596309662,2210.94564456294,OM,-0.502,0.2649349232022477,119.149095,131.774602,184.8789872215535,24.215693416252353,32.01060380369764,0.6749879217307205,3.616383413622789,34215.227331069436
GHSL_694,78,76,0,0,0,0,0,0,0,0,0,0.0,5.044615135566255,15.630731867085654,263.3,774.069918632507,5323.69047415429,OM,-0.653,0.261436737990008,7.765475,42.707093,37.616523189912115,6.260067143720187,10.981574522867133,0.8241708638378148,0.8185072551335171,6985.456139770331
GHSL_695,60,65,0,0,0,0,0,0,0,0,0,0.0,5.03957271779475,16.220615633846073,197.97,626.967885971069,2364.64053726129,OM,-0.634,0.2649349232022477,14.142047,20.703807,28.207922047523944,4.449318414855777,8.939558453534879,0.7675647648727637,0.4724717598766429,5707.990136671666
GHSL_696,110,256,1,0,0,0,1,0,0,0,0,0.0,5.031425167444887,17.11105429210812,99.53,1834.54275131226,3635.44311206546,OM,-0.492,0.311328742466528,34.895469,205.467359,174.17548283953388,31.13074454103984,39.78775815020639,0.8186043270546862,0.0452324284738211,31891.716868011103
GHSL_697,6,174,13,0,0,0,0,0,0,0,0,0.0,5.016225556486555,21.269453700492058,302.53,968.587605476379,4923.71151478189,OM,-0.093,0.2305991576436656,10.363204,105.91196,81.34388126259216,15.32362001896742,16.59086127785706,1.1422124432395433,0.2055923191239168,10544.688637181007
GHSL_698,107,207,1,0,0,0,0,0,0,0,0,0.0,5.011297600552718,16.834901968005106,129.8,1575.36563396454,4604.71657302858,OM,-0.526,0.2649349232022477,31.995188,54.411916,69.44927715064307,10.07749070491248,23.40029511522271,0.7334277156840013,0.0225732318719902,14947.771304044163
GHSL_699,75,170,1,0,0,0,0,0,0,0,0,0.0,5.009225826462001,25.10520079757216,723.17,1229.03818464279,3504.79844368626,OM,-0.495,0.1478942001717594,22.696868,57.767066,61.25469045647992,10.238264177743089,18.52477448317945,0.799307234466452,1.6057009953148844,11784.117063885165
GHSL_700,8,135,6,0,0,0,3,0,0,0,0,0.0,5.008035113263902,17.914447065759266,13.74,744.68000459671,2176.66317256141,OM,-0.171,0.2135640497082448,117.186715,231.525582,268.58151576397273,43.77707835428766,47.28219533172107,0.7474896263196016,3.034124501363904,50825.74166393198
GHSL_701,18,184,5,0,0,0,0,0,0,0,0,0.0,5.007208205660458,17.7251656887679,32.15,1030.80368185043,2739.08060396255,OM,-0.238,0.2501343624972278,14.731327,60.018372,56.0477479485112,9.125080795826417,16.73247428326234,0.806906198090408,1.096488882262353,10669.280202186335
GHSL_702,533,194,0,0,0,0,0,0,0,0,0,0.0,4.999441317929085,23.913772132444414,591.65,3647.77033853531,3774.24920359705,OM,-0.836,0.3301146353518906,50.242467,163.42855,165.27873739155584,26.204439922936427,48.69339532293665,0.8181516104719834,1.4418161260492954,31087.17801418882
GHSL_703,58,1426,94,0,0,0,0,0,0,0,5,26520000.0,4.993942092108939,19.980735548299943,165.86,7894.63179016113,4638.31597491793,OM,-0.113,0.2163097313149591,323.620264,425.487288,567.1464558266397,82.08406260507086,152.27657779235946,0.7058258851010569,12.056369624818492,111934.8648368657
GHSL_704,1,113,31,0,0,0,0,0,0,0,0,0.0,4.99138823529532,21.301761399078757,305.4,720.88369846344,3664.53519214433,OM,0.115,0.2305991576436656,9.583443,93.198513,71.84910533657066,13.54835228225927,14.464813005160917,1.1592954091418242,0.1015727305438808,9167.793054744512
GHSL_705,30,223,4,0,0,0,0,0,0,0,0,0.0,4.980752179322886,16.82465929909338,130.69,1287.99655914307,4429.11864135414,OM,-0.293,0.2649349232022477,14.614659,99.494245,82.18153103417532,14.890712577564532,20.518829910595187,0.9610359134106984,0.0214397824812762,13033.317848163335
GHSL_706,734,268,0,0,0,0,2,0,0,0,0,0.0,4.968952113904204,23.9343685339834,593.63,5024.95026397705,3916.63109196699,OM,-0.836,0.3301146353518906,137.86932,285.267872,335.2541381817388,50.42708594621116,90.51185392510472,0.7094948537066422,0.1052313860359711,71488.68100787718
GHSL_707,30,90,0,0,0,0,0,0,0,0,0,0.0,4.967339283567707,21.31426813475651,306.19,601.23726940155,4686.27804105787,OM,-0.448,0.2305991576436656,5.816078,59.048751,45.42507551957957,8.530442264190842,9.112407838797669,1.157004528272337,0.1206185166341662,5796.175618855
GHSL_708,6,156,10,0,0,0,0,0,0,0,2,20757400.0,4.961488343051497,15.9117706025508,231.82,861.398405075073,3051.55272059527,OM,-0.111,0.2649349232022477,106.587167,172.64211,182.24569560798088,24.02099371925932,30.345470457479767,0.6884305085347557,5.846898394300414,30057.245580181214
GHSL_709,0,701,8258,271,0,0,3,1,0,0,13,92397000.0,4.9430649029051255,15.877257559205496,235.65,46150.197974205,6280.74496177608,OM,0.784,0.2649349232022477,2398.43527,5879.337379,6235.437576577496,961.8773315207708,1905.4695479900145,0.6580178369405754,65.32345657207746,1438045.9346723254
GHSL_710,228,83,0,0,0,0,0,0,0,0,0,0.0,4.946264619190052,23.662144891288985,563.28,1560.76534128189,3801.25609189144,AS,-0.836,0.3301146353518906,15.984811,95.821815,80.7714224566752,14.495292117042135,20.936109882778823,0.9284196063804246,0.0211298352293561,13331.924398028994
GHSL_711,72,61,0,0,0,0,0,0,0,0,0,0.0,4.942451031113635,20.90070060769778,260.86,666.202422142029,3245.08233059596,OM,-0.679,0.1974245806891539,15.326222,21.636029,30.315751973918765,4.395594654352824,9.338375788096396,0.7815155905675093,0.1845845851433789,5979.726088200332
GHSL_712,19,133,2,0,0,0,0,0,0,0,0,0.0,4.9359733187931205,21.320085665205735,306.11,769.403173446655,4734.03131466138,OM,-0.299,0.2305991576436656,12.544858,43.29104,42.90214739027286,6.84277874653133,12.21506499387946,0.8426581918197932,0.4586056829333658,7775.581735232168
GHSL_713,33,392,13,0,0,0,0,0,0,0,0,0.0,4.931478342118701,17.013390335309367,109.6,2187.91396045685,3410.35610701714,OM,-0.216,0.2494307140802241,31.207804,134.19241,124.13833801499008,20.398081545283052,35.73797878108878,0.8350511589945674,1.7894114597229742,22771.31165799617
GHSL_714,81,241,1,0,0,0,1,0,0,0,0,0.0,4.929275738295515,20.68595860788735,237.35,1618.01065397263,3502.8244398822,OM,-0.447,0.2163097313149591,94.720039,119.502635,171.82329490515443,26.829726334852115,35.75539904084959,0.8222253914343806,3.0849181584462047,29972.868835941936
GHSL_715,139,36,0,0,0,0,0,0,0,0,2,24000000.0,4.914332524401386,15.73989502172322,250.87,882.992975234985,3686.20786831606,OM,-0.896,0.2649349232022477,154.064719,143.810358,197.67743390455928,24.046577499136383,28.76684736196275,0.6851902994997849,6.749140898354919,31360.469990767826
GHSL_716,20,536,38,0,0,0,0,0,0,0,1,12000000.0,4.90536425475859,15.522277576397505,274.99,2971.43478965759,3816.84740580676,OM,-0.102,0.2649349232022477,92.958742,268.439269,247.118341765513,39.31291327373876,59.62482221223273,0.7522279095779174,10.030466211033124,44321.88703470335
GHSL_717,27,147,2,0,0,0,0,0,0,0,0,0.0,4.911293988271088,20.235079598299595,188.82,878.520214080811,4278.78537931429,OM,-0.344,0.2163097313149591,13.440525,51.796417,49.82549115034121,8.110402058784718,13.84088758987853,0.8633889945516,0.3829726752579197,8809.5449929235
GHSL_718,112,87,0,0,0,0,1,0,0,0,4,5431600.0,4.894374166421187,22.943812347784363,483.46,994.780382633209,2373.07311068407,OM,-0.697,0.4183195351390903,61.713329,125.88872,136.24969297180695,20.691611240258226,29.970963946273585,0.656630231343957,1.2275707090471897,28647.328461125577
GHSL_719,120,28,0,0,0,0,0,0,0,0,0,0.0,4.898158602600874,15.16427905793762,314.7,746.536293983459,3966.50706117347,OM,-0.912,0.3375442166019814,19.135819,22.487041,33.55374865171254,5.461933774245059,9.71698369015407,0.8215453288874169,0.9467276484398938,6196.80781850933
GHSL_720,80,918,28,0,0,0,1,0,0,0,0,0.0,4.886924354627438,17.14985467121192,94.54,5126.30815410614,5302.81226018645,OM,-0.223,0.2494307140802241,67.331646,715.789827,543.9255990518888,104.07390202915326,95.57789402405722,1.173590520870332,0.1360787276664208,67488.46320588878
GHSL_721,64,822,28,0,0,0,1,0,0,0,1,10864800.0,4.885718470171311,16.34030065098113,184.3,4569.54407596588,3560.91492379963,OM,-0.205,0.2649349232022477,105.578493,642.504166,503.8840292530211,88.3338448692119,94.9200732358234,0.9613719360576396,3.441230301259734,72805.88859534438
GHSL_722,59,93,0,0,0,0,0,0,0,0,0,0.0,4.8752263534007865,17.013547716215392,109.7,761.231078147888,2542.3096873938,OM,-0.563,0.2494307140802241,8.316867,54.57785,45.380248091027845,8.19189847221623,11.157059510154156,0.9708892281632344,0.0164402119246853,7101.003362120166
GHSL_723,44,107,0,0,0,0,0,0,0,0,0,0.0,4.874515193789084,18.039264123145426,1.04,759.533742427826,2336.37990226653,OM,-0.483,0.2135640497082448,9.707546,42.758208,39.370588366913495,6.4733600221535506,11.303885393921297,0.8330189969747794,0.6796461955257911,7221.848639312333
GHSL_724,232,226,0,0,0,0,0,0,0,0,0,0.0,4.869019568604686,17.505972114902466,55.25,2288.70236349106,3567.04050417465,OM,-0.654,0.2501343624972278,50.100643,169.330262,164.9253135132666,30.20748851829081,32.61050933245194,1.152607573952137,2.985222332437168,20774.63014098866
GHSL_725,36,91,0,0,0,0,0,0,0,0,0,0.0,4.8699463206760685,18.00593390148958,3.83,638.691945075989,1820.90617404168,OM,-0.478,0.2135640497082448,8.121725,36.173608,33.22405916555425,5.467767028662565,9.528419523824535,0.8340151814709974,0.5799709935554318,6085.548666820332
GHSL_726,68,159,1,0,0,0,0,0,0,0,2,4995200.0,4.84733112873589,16.461888716776574,170.97,1135.87140893936,2458.75578271178,OM,-0.49,0.2649349232022477,50.9927,63.433418,84.59319697463202,12.406688537829409,20.64063428454343,0.7092975482716779,2.4658939295304294,15938.559755813745
GHSL_727,108,37,0,0,0,0,0,0,0,0,0,0.0,4.845772053894344,22.73518499254376,459.85,729.597437858582,2436.6617278403,OM,-0.845,0.4183195351390903,6.711241,79.249498,59.556814056514774,11.463555914401306,9.67858310801384,1.3907184414822062,0.0140184462269489,6180.91365398233
GHSL_728,112,212,1,0,0,0,1,0,0,0,1,8490800.0,4.839789480924031,22.7518647829994,461.61,1625.23515892029,2793.74833932734,OM,-0.53,0.4183195351390903,60.82932,261.260894,213.65930933502895,35.99240414423437,43.51229556018718,0.7647487314657071,2.2761551804729687,38210.510868516925
GHSL_729,58,157,1,0,0,0,1,0,0,0,1,12000000.0,4.837487683312436,20.427736567038323,207.13,1078.72516155243,2521.84890232454,OM,-0.466,0.2163097313149591,101.186531,147.316656,180.22324273653487,24.37170847458286,36.90685267343492,0.6335528551130716,3.4486616214714183,36761.60906361477
GHSL_730,21,212,6,0,0,0,1,0,0,0,0,0.0,4.83862779231969,22.991239560546543,487.98,1193.45679426193,2491.14301215232,OM,-0.243,0.4183195351390903,42.240275,115.470917,120.33002634269296,19.31715881270199,31.05131856137444,0.6822949923208362,0.0450810621576361,26646.62793451227
GHSL_731,42,85,0,0,0,0,0,0,0,0,0,0.0,4.834410787928566,22.928509692522976,481.04,635.806087970734,1812.66292364015,OM,-0.516,0.4183195351390903,9.07492,33.758535,32.315828406990924,5.214520351615326,9.41311891150843,0.821663366225882,0.539409511603547,6016.743212983333
GHSL_732,170,342,1,0,0,0,0,0,0,0,0,0.0,4.835118003287139,17.011255321777824,110.23,2561.22072315216,4216.60384116339,OM,-0.518,0.2494307140802241,31.839114,142.010899,130.29472333098795,21.33549760873849,38.18032556799213,0.8190159283307853,2.5654543016979336,24356.648804021665
GHSL_733,106,200,0,0,0,0,0,0,0,0,0,0.0,4.826628716331811,23.063780750062836,495.9,1532.86984539032,3143.11049881958,OM,-0.53,0.4183195351390903,21.159381,78.421158,75.06866527267941,11.898007923500945,22.583329342285737,0.7995751763410359,1.1608472865563886,14441.954346714998
GHSL_734,48,119,0,0,0,0,1,0,0,0,0,0.0,4.827268133868741,22.88223224865327,475.84,835.968518257141,2383.06171751429,OM,-0.48,0.4183195351390903,33.87325,102.904346,104.23220567583176,16.912009471345236,24.419775343305265,0.6948932437360434,0.030708116227253,22312.265761227773
GHSL_735,23,207,5,0,0,0,2,0,0,0,0,0.0,4.8177032776473565,21.34240084596983,306.26,1173.57951450348,2177.21438311828,OM,-0.263,0.2305991576436656,58.416527,177.4751,178.3388067908828,29.1676805375662,42.75586889966258,0.65527699417345,0.0523013872311716,40679.84374333438
GHSL_736,157,201,0,0,0,0,1,0,0,0,3,16000800.000000002,4.807346609372724,16.559211471552686,160.47,1792.76758813858,2793.77838263765,OM,-0.603,0.2649349232022477,55.972126,716.435082,476.0262992589817,91.20548241833436,53.898344336898795,1.2829308358677625,4.633385525912186,46836.256586401265
GHSL_737,48,325,5,0,0,0,0,0,0,0,1,12000000.0,4.8005928231858706,18.642268932771632,36.73,1890.59106397629,2065.10932261154,OM,-0.306,0.1954581466942441,52.317522,256.525862,195.6555309851946,33.53701994243649,40.106849022826104,0.8251606793058324,3.295182340024246,31075.042278258334
GHSL_738,13,136,4,0,0,0,1,0,0,0,0,0.0,4.794318607110882,18.109843842847337,2.57,765.280863285065,2129.61348005595,OM,-0.241,0.2135640497082448,35.713983,148.857992,136.39090101064775,23.212021670421706,24.11803449933826,0.8711816322822652,1.9860462910126144,22224.35117046827
GHSL_739,110,618,8,0,0,0,1,0,0,0,1,12000000.0,4.78036604966902,16.70495558033937,144.67,3676.74486017227,3069.47911254614,OM,-0.337,0.2649349232022477,69.683902,722.316654,516.0723303033449,97.53133987945988,80.66653252826576,1.1082128359795818,3.1600342612418726,63170.226193093775
GHSL_740,17,114,2,0,0,0,0,0,0,0,0,0.0,4.77428879653934,20.330359422303513,195.03,664.898431777954,2988.89862165082,OM,-0.307,0.2163097313149591,9.300679,51.386156,44.66441425175759,7.831742745991059,10.54067186832878,0.99858625779017,0.0118587261894955,6723.981381104166
GHSL_741,6,195,16,0,0,0,0,0,0,0,0,0.0,4.769449784950549,21.36515297295843,307.97,1084.47297763824,1949.99995979114,OM,-0.08,0.2305991576436656,12.733064,79.477839,66.65537348350088,11.979912928123548,18.79740639071032,0.8689780188563592,0.0180738873262409,11943.037163886005
GHSL_742,95,142,0,0,0,0,0,0,0,0,0,0.0,4.766943684984894,17.28576626960765,81.18,1184.77994441986,3377.40437296851,OM,-0.573,0.2494307140802241,21.495277,49.533173,56.30239913523451,8.802026311678604,17.325469546882506,0.7929483776391323,0.2784047859590393,11037.481018126498
GHSL_743,70,582,12,0,0,0,0,0,0,0,0,0.0,4.739139067283871,17.205855944950727,90.5,3320.01355457306,4512.00992710678,OM,-0.273,0.2494307140802241,42.188091,206.644973,184.59766471128705,31.414927951772334,53.16865995128323,0.8412769352927549,1.8478265928175783,33854.290815444336
GHSL_744,27,97,1,0,0,0,0,0,0,0,1,6163100.0,4.737174886765248,16.76446767887621,138.72,625.0333776474,2356.51788462878,OM,-0.413,0.2649349232022477,21.175399,159.891333,106.87456802321148,18.82399919428023,15.127887910627564,1.0585165637294405,1.8743740282960075,12306.289567164198
GHSL_745,329,137,0,0,0,0,0,0,0,0,0,0.0,4.728963295115853,16.87871381642999,126.34,2334.46417045593,4197.12906294609,OM,-0.812,0.2494307140802241,23.280284,219.908877,169.91453210638372,32.181603965192124,31.521445534792853,1.239765521309241,0.0446087000134512,20071.622163159824
GHSL_746,227,401,1,0,0,0,0,0,0,0,1,4627300.0,4.712442911433196,22.658886068827204,450.01,3143.25148868561,3250.71694000524,OM,-0.542,0.4183195351390903,82.641775,134.43281,169.91425327319814,23.87367580178909,49.52173515417455,0.7246219320232181,1.6733185036663647,34265.82653962162
GHSL_747,3,134,15,0,0,0,0,0,0,0,0,0.0,4.7198707445611925,21.458240592186552,317.55,762.855146408081,2785.93237410921,OM,-0.032,0.2083995974008294,19.494927,37.507895,45.03090350943462,6.896809574901914,13.493418291936404,0.8039301316504497,0.5650101801574732,8594.727343417173
GHSL_748,9,133,5,0,0,0,0,0,0,0,0,0.0,4.716486576456141,21.0200555379246,269.23,735.038646697998,3734.7437221395,OM,-0.192,0.2305991576436656,16.82092,35.267062,40.51725523999144,6.516920991046296,12.079188679032397,0.8124144112878895,0.3774805545979486,7702.386938921835
GHSL_749,41,473,14,0,0,0,0,0,0,0,0,0.0,4.711708998998677,16.11252205539358,210.81,2641.85253143311,4348.39202799636,OM,-0.223,0.2649349232022477,74.72208,99.780484,141.3070257230267,22.34963119350418,42.97622713906849,0.7940829474788171,2.840171696401985,27341.492535275844
GHSL_750,18,133,2,0,0,0,0,0,0,0,0,0.0,4.703198852367985,18.600347316524896,25.53,766.576324462891,973.746798277142,OM,-0.296,0.1954581466942441,13.108431,40.650843,40.8019699913297,6.775444118470767,12.149464203150098,0.8109656965264468,0.8407741002079081,7735.880953471335
GHSL_751,114,615,7,0,0,0,0,0,0,0,0,0.0,4.685104501939432,17.195606633151503,93.09,3680.70255470276,4301.3936598139,OM,-0.344,0.2494307140802241,85.642307,147.953281,185.7873946414533,28.85967861812093,57.610339937180555,0.7825124264400639,2.328714738885079,36749.992638302
GHSL_752,78,121,0,0,0,0,1,0,0,0,0,0.0,4.683984425196821,23.248521696631308,515.07,999.39408493042,2994.68147215032,AS,-0.566,0.4183195351390903,46.660579,99.837004,115.274299272717,17.519754671443906,26.303522346854606,0.7152628717697916,0.0370354017716467,23691.699289281103
GHSL_753,23,174,3,0,0,0,0,0,0,0,0,0.0,4.682927103056224,17.93790025805615,24.39,998.369909763336,2916.82222088155,OM,-0.288,0.2135640497082448,28.00742,36.991586,52.537406003947325,8.432551396738056,15.89241264539026,0.795330186174004,1.1624140481750629,10140.225189455168
GHSL_754,40,194,2,0,0,0,0,0,0,0,0,0.0,4.67146049186701,21.14474100771448,282.36,1180.25488567352,3940.8166602899,OM,-0.36,0.1974245806891539,13.226617,71.971566,63.26673634261661,10.528681327746352,18.397172238491404,0.8242695195465469,1.4337697805834206,11730.56795363
GHSL_755,44,508,16,0,0,0,0,0,0,0,0,0.0,4.66858339562722,18.20856737924221,5.91,2834.40455007553,2300.26468751666,OM,-0.221,0.2135640497082448,28.624316,224.34323,180.75493286562607,33.22330073359937,46.41641259379455,0.9412602696401404,0.0482573900250645,29467.362737102005
GHSL_756,1,236,71,0,0,0,0,0,0,0,0,0.0,4.666274357587521,21.994639289560396,376.16,1541.94162797928,2730.25031425499,OM,0.133,0.2430293766450495,16.908477,199.894773,150.37241531135942,28.903495039875487,31.253921497803763,1.133746646669913,0.0448655644160676,19779.007965625526
GHSL_757,45,173,1,0,0,0,0,0,0,0,0,0.0,4.667300477297484,15.989726195690846,224.94,1099.86205482483,4760.5038752108,OM,-0.403,0.2528304296984365,27.961278,39.278538,54.393386628031394,8.777006958267506,16.89707011010874,0.7818727100151697,1.1982252460951763,10746.598683261165
GHSL_758,36,253,4,0,0,0,0,0,0,0,0,0.0,4.66169265045353,18.388155722929454,6.59,1465.04158115387,2140.12151039189,OM,-0.301,0.6400336044944506,20.919579,113.169042,99.13906434280683,17.28312898444722,23.233521005062627,1.0046658672877686,0.0263474718322215,14806.573260738332
GHSL_759,26,126,1,0,0,0,0,0,0,0,0,0.0,4.661102469045187,21.139605381841005,281.68,767.812386512756,3323.30206810433,OM,-0.36,0.1974245806891539,8.521696,46.627075,40.943262208019966,6.815142158921197,11.898941825294326,0.824630605321545,0.928518402654256,7587.371031989666
GHSL_760,54,79,0,0,0,0,0,0,0,0,0,0.0,4.6559328912997335,18.558665235493375,18.53,664.623286724091,1849.28876587837,OM,-0.577,0.1954581466942441,8.287816,36.803238,33.40803672692629,5.7401959063107135,9.687948134850478,0.8408863295220873,0.0094361701779635,6186.142449711333
GHSL_761,14,120,3,0,0,0,0,0,0,0,0,0.0,4.6602308737865386,15.7227896317923,254.42,684.663278579712,2963.40998091107,OM,-0.27,0.2528304296984365,15.252093,29.24176,35.383235548462316,5.207354191989261,11.00686736910591,0.7804011961889509,0.175939732668883,7019.826853989667
GHSL_762,34,105,1,0,0,0,0,0,0,0,0,0.0,4.651446820778593,16.17810163484627,204.46,699.544653892517,3892.87693399998,OM,-0.439,0.2649349232022477,11.743864,71.855671,59.41484723550228,10.849680838270984,10.736019171814378,1.2631512426499405,0.015524430242353,6830.441780669334
GHSL_763,28,109,1,0,0,0,0,0,0,0,1,12000000.0,4.638527562776413,22.63384655991246,446.7,691.869793891907,2449.84240827971,OM,-0.401,0.311328742466528,36.745852,469.010719,276.7923704321888,51.22520523735248,22.548848171326764,1.6642981058520596,5.859135648520373,18796.910749505667
GHSL_764,332,58,0,0,0,0,0,0,0,0,1,10257500.0,4.6323797243034255,16.78563884876045,138.57,1972.4493355751,2881.00218446936,OM,-0.964,0.2649349232022477,85.434522,119.416646,145.08953969583365,19.61313498744166,32.44170732353638,0.7080113921804894,3.089210732079183,26405.924470247115
GHSL_765,152,229,0,0,0,0,1,0,0,0,0,0.0,4.631517404534449,18.434869545372536,7.46,1905.88315820694,2100.96164926444,OM,-0.572,0.6400336044944506,37.201038,213.38227,182.0746412336054,32.406258497879236,40.037249089419966,0.8453603851888793,0.0479696892912488,32069.666378391103
GHSL_766,309,1618,19,0,0,0,1,0,0,0,0,0.0,4.622557202418035,21.726128415842037,346.09,9727.39099121094,6570.19088464766,OM,-0.349,0.2083995974008294,95.999575,1179.542316,882.6108276450657,170.2885635110439,164.8219145228375,1.164074205214462,0.2208158576262887,111426.35334545893
GHSL_767,31,245,5,0,0,0,0,0,0,0,1,12000000.0,4.605412577930119,21.80465534096575,354.59,1403.88585519791,2645.86588515162,OM,-0.28,0.2083995974008294,112.252464,109.929438,156.72329911625712,21.565821695226457,31.230382283921003,0.7350532435919525,5.462493090439846,26306.660396297502
GHSL_768,8,105,4,0,0,0,0,0,0,0,0,0.0,4.599938759717423,18.446530626245185,5.72,585.834151268005,1291.59553075795,OM,-0.21,0.6400336044944506,8.763805,47.248011,41.44524534641666,7.217514386943854,9.615078892438577,1.0139624273693175,0.011437459932468,6122.034476185669
GHSL_769,210,226,0,0,0,0,0,0,0,0,0,0.0,4.583833214158153,16.27065483086272,195.58,2177.93937110901,4990.03196437918,OM,-0.635,0.2649349232022477,42.407647,84.648566,100.42696020194116,15.146852606586494,31.15245876228107,0.7807465628621083,0.8817269144091607,19901.212942250328
GHSL_770,124,148,0,0,0,0,0,0,0,0,1,3510800.0,4.580108209095065,16.589132092700755,161.14,1361.55316925049,3880.41760740339,OM,-0.616,0.2649349232022477,49.057768,60.483147,83.12842058854724,11.530262822805838,21.90274503261059,0.7240377473755591,1.2788636921543732,16006.613900824483
GHSL_771,57,64,0,0,0,0,0,0,0,0,0,0.0,4.5789882653712075,21.150901401486852,282.09,606.645639419556,2625.42147879634,OM,-0.629,0.1974245806891539,8.63198,30.972097,30.383166880631983,4.8069440890095505,8.675199627216031,0.8370465679849162,0.3561073988500761,5537.719433988832
GHSL_772,64,86,0,0,0,0,0,0,0,0,0,0.0,4.558634416722979,21.873117929246114,361.93,753.899585723877,2590.66681004473,OM,-0.593,0.2083995974008294,6.187468,74.397945,55.868772941052555,10.751559139921651,10.90783538384932,1.1897014744117425,0.0139841171378735,6941.3287691219975
GHSL_773,32,86,0,0,0,0,0,0,0,0,0,0.0,4.559297107752566,21.141288501893214,280.86,593.730638504028,3153.14362608221,OM,-0.467,0.1974245806891539,4.866396,59.853173,44.867092764008035,8.641590366342095,8.931962787649178,1.1728464319765886,0.010551941157302,5670.903752775333
GHSL_774,26,197,4,0,0,0,0,0,0,0,0,0.0,4.550344530796218,21.28288042723987,296.61,1135.60440731049,3585.93422226797,OM,-0.288,0.311328742466528,12.636758,72.168649,62.54447297189262,10.665210635166826,18.11053542935509,0.8330398017624432,1.0534700165700557,11544.137428711334
GHSL_775,144,99,0,0,0,0,0,0,0,0,0,0.0,4.543608969363603,20.93492427399,257.89,1213.13402938843,2779.17300534108,OM,-0.719,0.1974245806891539,11.708908,138.273794,104.16737174952638,20.00426052999763,16.9114652519864,1.3937090260791785,0.0258642804926871,10782.579956192996
GHSL_776,55,125,0,0,0,0,0,0,0,0,0,0.0,4.5445535102795365,21.142616334909313,280.92,901.811606407166,3292.62912726065,OM,-0.496,0.1974245806891539,22.509917,33.070113,44.577947735662256,7.320693689723254,13.444579308663908,0.7981967453403515,1.0630635070473673,8579.587671887499
GHSL_777,12,128,4,0,0,0,0,0,0,0,0,0.0,4.5409796044614295,20.90514920393901,254.61,716.813891410828,2791.65748105631,OM,-0.232,0.1974245806891539,7.92803,94.249593,70.96623026309248,13.632265955206774,11.74094819249686,1.3759998216571303,0.0176820754825535,7457.709823436669
GHSL_778,31,89,0,0,0,0,0,0,0,0,0,0.0,4.541039224369026,15.550977184458889,275.07,600.770366668701,6381.05945542386,OM,-0.453,0.2528304296984365,9.814074,60.993233,50.32895891932986,9.197245252322622,9.09888062452858,1.263626939421328,0.0129578993813638,5784.708043215498
GHSL_779,11,112,3,0,0,0,0,0,0,0,0,0.0,4.536910784677888,22.28579258850232,407.57,632.307405948639,2238.6763036911,OM,-0.245,0.2430293766450495,5.726756,67.473852,50.87170289959221,9.76020690393172,10.233223217492744,1.1628330958437003,0.0126913848354069,6491.377649504501
GHSL_780,2,228,53,0,0,0,2,0,0,0,0,0.0,4.521632358772064,18.523850049699284,4.81,1413.36271715164,1920.13672151393,OM,0.087,0.6400336044944506,51.082581,266.427622,234.0606526823913,40.83700556939333,52.23146435826521,0.7558131221711611,0.0659406037606298,46101.6711725319
GHSL_781,123,110,0,0,0,0,0,0,0,0,0,0.0,4.520561529213098,22.62299074840095,444.9,1168.77846431732,2786.84679527534,OM,-0.67,0.2430293766450495,32.084389,38.98412,56.976035860562405,9.347646194204865,16.442499911651385,0.8216111714656431,1.6998553856108811,10511.715470619165
GHSL_782,67,67,0,0,0,0,0,0,0,0,0,0.0,4.516920839176402,21.109548161914496,277.05,669.074052810669,2695.58582339489,OM,-0.648,0.1974245806891539,16.87982,22.071738,31.43160235987739,5.224808363578586,9.533856266255912,0.792697941683337,0.8901307359063788,6088.2323237981645
GHSL_783,40,230,3,0,0,0,0,0,0,0,0,0.0,4.512655917004815,21.12934937680425,279.2,1362.57625007629,3121.53071317268,OM,-0.332,0.1974245806891539,34.8405,54.785051,71.57684258435643,11.75422566824972,21.46029680246618,0.8037338614795875,1.5825223712511904,13680.566493808
GHSL_784,258,368,1,0,0,0,0,0,0,0,0,0.0,4.516377577882699,16.832399719749272,137.18,3129.5287103653,3731.03942426673,OM,-0.582,0.2649349232022477,31.14469,190.888701,161.4818350274616,28.81192735659153,45.837220688185646,0.86192191061489,0.0483110947695856,29180.694891383664
GHSL_785,74,60,0,0,0,0,0,0,0,0,0,0.0,4.505249849474225,22.020692938512997,378.04,671.028462409973,2800.01194402706,OM,-0.687,0.2083995974008294,13.967809,26.446469,31.795680858882207,5.24821868582867,9.406521306649488,0.8138279329175787,0.5559745330349878,6007.959294321664
GHSL_786,79,132,0,0,0,0,0,0,0,0,0,0.0,4.502899817583937,22.08127986597994,384.77,1057.31794261932,3743.40637131833,OM,-0.553,0.2083995974008294,17.738124,50.854227,52.20742171854063,8.509002589840149,15.504819245363423,0.8086271252730302,1.1504781832646092,9890.58493594983
GHSL_787,104,251,1,0,0,0,0,0,0,0,0,0.0,4.500007394818321,21.07372284582443,272.99,1780.35502052307,4622.15465320817,OM,-0.485,0.1974245806891539,25.28073,103.074225,97.07458262738062,16.21870005294546,26.8391991563762,0.8737151652639981,0.0576043234434597,17080.07668437633
GHSL_788,130,117,0,0,0,0,0,0,0,0,0,0.0,4.491385423710417,17.282913077853806,92.75,1235.01818943024,3279.04149700042,OM,-0.669,0.2494307140802241,13.448177,61.269693,56.034318307436735,9.2291732399214,17.45060333212828,0.7811546651373503,0.975580708635807,11147.799444747328
GHSL_789,25,254,7,0,0,0,0,0,0,0,0,0.0,4.481001368159156,20.93686116288113,257.75,1428.46615505219,3792.65652891935,OM,-0.243,0.1974245806891539,15.273005,96.761441,81.01798880959407,14.566734890645074,23.183314755008492,0.8579762698411741,0.0228340001122525,14744.846040067503
GHSL_790,145,186,0,0,0,0,0,0,0,0,0,0.0,4.479647686671522,16.224210680316546,203.11,1659.33031845093,5239.10810321713,OM,-0.602,0.2649349232022477,25.302618,85.299091,83.6009706530247,13.318275109936549,23.938934519327265,0.8320672234389225,1.5666224056737812,15273.927831782828
GHSL_791,178,91,0,0,0,0,1,0,0,0,2,19252000.0,4.478530057877151,15.844231102831218,244.28,1347.5065612793,3660.90676287573,OM,-0.775,0.2528304296984365,160.748996,252.306399,276.66645360292415,40.51553900657974,44.10080489853921,0.7388603520926079,10.79563507501027,45292.65375160257
GHSL_792,9,131,5,0,0,0,0,0,0,0,0,0.0,4.474741385519295,21.692706694110747,341.54,723.437169551849,2414.67680090737,OM,-0.187,0.2083995974008294,6.981107,78.931826,59.8131049738176,11.441195011329915,11.97235906971922,1.1664627823162952,0.0142854897038704,7600.050224121169
GHSL_793,66,237,2,0,0,0,0,0,0,0,1,4059100.0,4.472391075234924,16.88937578565288,132.93,1519.50973129272,3622.71059339292,OM,-0.413,0.2649349232022477,49.337245,106.941131,110.93722837076614,17.50707004096142,26.2783540402147,0.7994352435397959,3.686451212778087,19022.127725357765
GHSL_794,55,183,1,0,0,0,0,0,0,0,0,0.0,4.4709762037103795,20.95490620835642,259.69,1192.06648921967,3396.58789953176,OM,-0.427,0.1974245806891539,30.695497,43.070014,59.53485856158681,9.554178699658443,18.26115292473717,0.7866704016909257,1.287194665531988,11655.290074872832
GHSL_795,59,267,3,0,0,0,0,0,0,0,0,0.0,4.471316169746771,16.361577921558272,188.59,1642.21663761139,4263.28306752697,OM,-0.373,0.2649349232022477,25.512606,87.488807,86.18575523346753,13.597678533867194,25.631223220010924,0.8103589516490064,1.2168498659440323,16328.110571076164
GHSL_796,134,240,1,0,0,0,0,0,0,0,0,0.0,4.4694295338518115,21.03701338195607,268.82,1871.19590377808,3469.80400492894,OM,-0.54,0.1974245806891539,22.468356,188.104001,149.10878374529983,27.736657416240153,27.860900767312277,1.2313283029770188,0.0383050247636417,17708.248205797663
GHSL_797,28,403,16,0,0,0,0,0,0,0,0,0.0,4.458959902872246,21.688000688870293,340.99,2234.64869689941,2933.22573886829,OM,-0.187,0.2083995974008294,21.562096,243.620028,184.61718372642363,35.31234017142445,36.958510819880274,1.166401739191206,0.0454888619899354,23459.472701893672
GHSL_798,4,206,26,0,0,0,0,0,0,0,0,0.0,4.450843856257623,18.562290964266587,1.72,1184.20918416977,1024.75699564708,OM,-0.011,0.6400336044944506,12.781972,101.82496,81.77304254662836,15.064185865220708,21.28609846741531,0.9316163617892386,0.0205662022540687,13505.86426942801
GHSL_799,0,27,409,18,0,0,1,0,0,0,1,12000000.0,4.452090846168301,18.536956519750262,0.07,2269.56878948212,4571.31966943707,OM,0.821,0.6400336044944506,244.131711,328.537752,444.9444731978927,66.36852066667069,104.3876918027013,0.7202692271493258,11.03892973460086,86168.12643839928
GHSL_800,39,312,6,0,0,0,0,0,0,0,0,0.0,4.448557271212231,21.25880598649922,293.31,1786.96352291107,3162.99122577009,AS,-0.278,0.1974245806891539,29.998726,142.497212,127.77217340797662,22.055128957215516,28.99858219695063,1.0346945489470545,0.0360909170638647,18408.991651473007
GHSL_801,0,28,421,18,0,0,0,0,0,0,0,0.0,4.440217826082467,18.539267257765164,0.9,2332.43615150452,4066.87848986002,OM,0.821,0.6400336044944506,62.718323,464.040507,376.06137846964555,69.01226683954272,88.08519744202867,0.9279997899639107,0.0962124443614047,61196.95294512353
GHSL_802,122,122,0,0,0,0,0,0,0,0,0,0.0,4.441245454347078,20.976432800880296,262.04,1218.02089166641,3162.04800536452,OM,-0.649,0.1974245806891539,11.40596,71.769155,60.302437415008754,10.811599997678252,17.418917807454065,0.850641770310195,0.0166025500134265,11086.03497766233
GHSL_803,88,30,0,0,0,0,0,0,0,0,0,0.0,4.439660685251395,22.58895482300388,440.93,594.215725898743,2776.70899952683,OM,-0.845,0.2430293766450495,13.742777,18.300919,25.917489263374385,4.035799776719344,7.836887902786012,0.7912987918570867,0.4395000412703038,5028.719516963331
GHSL_804,43,92,0,0,0,0,0,0,0,0,0,0.0,4.43489652379621,21.686921360918213,340.83,676.168882846832,2633.05639737863,OM,-0.508,0.2083995974008294,8.800363,37.959716,34.5262348645768,5.940939538292541,10.047315560868167,0.8388037169149724,0.0097649837154948,6414.622496546497
GHSL_805,8,105,4,0,0,0,0,0,0,0,0,0.0,4.434459945073097,21.90885001004354,365.45,585.0464220047,2531.35350469323,AS,-0.21,0.2083995974008294,9.331753,47.82354,42.49989833712263,7.343323154561773,9.785779595794246,1.023232371680201,0.0113414935404858,6207.262195043001
GHSL_806,0,4,226,33,0,0,0,0,0,0,0,0.0,4.431424803365042,18.54324289816637,1.33,1313.90832471848,4951.41816671117,OM,1.006,0.6400336044944506,49.454739,358.402658,291.1235372813105,53.38177773572053,64.84337208173297,0.8573684043702479,0.0746440850640696,50856.464551835496
GHSL_807,154,156,0,0,0,0,0,0,0,0,1,12000000.0,4.424057579273739,16.743804336530438,149.89,1549.22778987885,3770.51156025809,OM,-0.646,0.2649349232022477,93.545538,110.549726,142.924151785743,19.870124762412296,30.86432749589177,0.6880893007842172,3.9985848527249384,26096.184375420336
GHSL_808,20,113,1,0,0,0,0,0,0,0,1,3808900.0,4.4217694260848095,16.97119704265338,126.89,675.559590816498,2721.39699813285,OM,-0.34,0.2649349232022477,31.638425,43.894989,54.42701234188541,7.739668076435112,13.274688503233223,0.685244596217321,1.2775793400797872,10492.87776816077
GHSL_809,34,95,0,0,0,0,0,0,0,0,0,0.0,4.419779866601837,22.508466475658164,431.97,649.3752784729,2231.22346918946,OM,-0.461,0.2430293766450495,15.230078,22.705299,30.953246180954107,4.356788326023496,9.711519203647352,0.7720914725526392,0.0105914830355919,6210.8205329
GHSL_810,92,90,0,0,0,0,0,0,0,0,0,0.0,4.413610842697669,21.10568804780468,276.29,910.439556121826,2798.94108497856,OM,-0.653,0.1974245806891539,14.095292,43.207414,43.48985891138841,7.099334076772997,12.903386274942154,0.8073066943987198,0.9185352056007104,8257.624088026665
GHSL_811,1,98,20,0,0,0,0,0,0,0,1,12000000.0,4.400843422415272,21.215381493731,288.45,596.088439941406,2785.33347804879,OM,0.064,0.1974245806891539,40.657742,277.984345,182.77409394286408,31.958794589702883,22.522356792068923,1.1063895209573753,3.7806422505941657,19212.95351211351
GHSL_812,26,90,1,0,0,0,0,0,0,0,0,0.0,4.387029434020658,21.210059921806895,287.85,584.230909347534,2967.10009165698,AS,-0.421,0.1974245806891539,9.814831,29.306586,29.993905330554306,4.732419850602277,9.135024732924084,0.797320682626887,0.3456502899013218,5814.500057282001
GHSL_813,4,130,11,0,0,0,0,0,0,0,0,0.0,4.378557358156889,22.44916889346442,425.39,724.589686870575,2227.32737466287,OM,-0.069,0.2430293766450495,10.78421,48.078838,43.95641748505005,7.178856031763442,12.548120596261963,0.8368303586559249,0.8602590093795198,7998.004000512671
GHSL_814,81,92,0,0,0,0,0,0,0,0,0,0.0,4.367585240871142,21.987720239782,374.2,865.188658714294,3062.47379311499,AS,-0.623,0.2083995974008294,17.905676,34.672104,42.15503119351656,6.483421387148066,12.552592688489762,0.8126678321844528,0.277389248807679,7985.480175350999
GHSL_815,24,196,4,0,0,0,0,0,0,0,1,7193300.0,4.3637960617071325,15.091748854149692,328.66,1119.36464881897,2615.03247008286,AS,-0.275,0.3375442166019814,77.458331,74.739382,109.86401767030156,16.175128072321538,23.40792191451201,0.7465050840499661,4.243164537033069,18763.152873827697
GHSL_816,0,307,563,1,0,0,0,0,0,0,0,0.0,4.3553386342412805,18.503708770382765,10.62,4358.70929479599,1586.09200194463,OM,0.468,0.6400336044944506,167.466355,353.748327,409.0627658580875,62.32180497166416,121.13894326416904,0.8166136448545127,0.2168856799601246,77273.2892900732
GHSL_817,7,111,5,0,0,0,0,0,0,0,0,0.0,4.348736792794414,21.297837624471608,297.64,614.415837287903,4221.71569626901,OM,-0.168,0.1974245806891539,8.596549,37.040184,34.10476905619755,5.588860126270165,10.184403333651955,0.8066539088695568,0.6831998058580144,6497.2815125928355
GHSL_818,19,118,2,0,0,0,0,0,0,0,0,0.0,4.340042152140384,22.49155690999919,430.15,691.713482379913,2448.43062931587,OM,-0.317,0.2430293766450495,9.30408,43.606443,39.483646434734304,6.511880626183454,10.989760433586383,0.8539075404379078,0.8146960740714224,7008.056374227167
GHSL_819,191,652,4,0,0,0,2,0,0,0,0,0.0,4.347475928402707,17.09451004117089,118.88,4236.21189880371,4948.26760752682,OM,-0.423,0.2494307140802241,82.227223,874.761224,662.3959540218943,127.18369967481163,89.18076637085925,1.336960015181334,0.1654495453853497,70011.5564485367
GHSL_820,165,86,0,0,0,0,0,0,0,0,0,0.0,4.329672918958584,22.545161989420897,436.09,1259.76890707016,3270.04609292829,OM,-0.771,0.2430293766450495,28.124483,41.987653,56.92273244088657,9.166250477237991,17.09656104005287,0.7980236303516256,1.155231860804505,10951.107726966162
GHSL_821,29,369,13,0,0,0,0,0,0,0,0,0.0,4.325848660743391,18.495285334406912,13.64,2051.50735139847,1932.53289617816,OM,-0.207,0.6400336044944506,19.596513,163.071204,130.1738971332658,24.05473325940557,33.77908246567381,0.9342516805303774,0.0323945448299062,21435.636310745173
GHSL_822,33,421,15,0,0,0,1,0,0,0,0,0.0,4.314529128401548,22.55030225977529,436.98,2340.8039317131,2877.91839032915,OM,-0.205,0.2430293766450495,69.199451,153.96085,173.82890594007026,26.911665143230472,49.72369300011929,0.6874586933196329,0.169375581688904,38788.663076205936
GHSL_823,86,270,1,0,0,0,0,0,0,0,0,0.0,4.320360213551447,18.3069085294978,27.77,1788.64539909363,1916.78434965223,OM,-0.437,0.6400336044944506,16.175667,132.745988,106.2030333993843,19.5994795832726,27.29275827921006,0.9405802799301924,0.0263760966059949,17337.661403287668
GHSL_824,40,122,1,0,0,0,0,0,0,0,0,0.0,4.318951186202847,22.505602363104405,431.71,814.488833904266,2642.66719867419,OM,-0.441,0.2430293766450495,21.187286,28.977525,40.649873957261214,6.564983543125481,12.436086700086909,0.7887222304321989,0.8798793361447319,7938.50854704
GHSL_825,9,165,8,0,0,0,0,0,0,0,0,0.0,4.3184380039672305,18.457274445614363,16.98,914.076459884644,1462.59758970665,OM,-0.16,0.6400336044944506,8.827794,73.390442,58.58708455922558,10.8265498993924,15.230950680392194,0.9330096250267622,0.0144442268412526,9663.587397030502
GHSL_826,130,344,1,0,0,0,0,0,0,0,0,0.0,4.314509558567958,18.34874855347788,25.24,2377.02776384354,2257.17042201266,OM,-0.468,0.6400336044944506,21.362809,175.229094,140.18080765165342,25.872705158152066,35.998974063430644,0.941033134566163,0.0346288843030899,22870.954248389
GHSL_827,9,272,22,0,0,0,1,0,0,0,0,0.0,4.309982440814685,21.6844524604888,340.61,1515.88792610168,4023.82601267144,OM,-0.08,0.2083995974008294,44.98459,147.8177,146.20402196868932,23.5803854742083,37.670635235228865,0.708886729335378,1.4010337971750109,30967.32277765828
GHSL_828,65,163,1,0,0,0,0,0,0,0,0,0.0,4.309735186484055,18.229247198099312,34.35,1145.09730243683,2122.88573437601,OM,-0.478,0.240243551166617,15.798646,84.55049,74.32152296158837,12.926299634952173,17.28249134185285,1.0095499356403494,0.0193685559352265,11028.930744474499
GHSL_829,49,74,0,0,0,0,0,0,0,0,0,0.0,4.302997505549663,22.459546235605114,426.65,614.790072441101,2761.71128439213,AS,-0.572,0.2430293766450495,16.335317,21.64647,30.46003551144775,4.781182256746248,9.0796961068518,0.8050278014231395,0.6132024225302145,5784.244298736999
GHSL_830,111,328,2,0,0,0,0,0,0,0,0,0.0,4.297109095863724,18.282337612341337,31.58,2201.44718456268,3254.66246878714,OM,-0.448,0.240243551166617,53.705097,86.377353,111.73106430532484,17.60349053800104,33.50934110987143,0.801974053389731,1.7073562298340834,21405.88335029383
GHSL_831,88,99,0,0,0,0,0,0,0,0,1,12000000.0,4.301695174148985,21.9345804801598,368.38,937.786519050598,4056.62626009239,AS,-0.627,0.2083995974008294,93.013328,107.592167,134.52060527723495,18.307281875380127,22.735199133388186,0.7626238919789948,4.514949436376207,20626.175034816995
GHSL_832,39,87,0,0,0,0,0,0,0,0,0,0.0,4.298995350125633,21.91679261157698,366.43,634.532665729523,3368.65147124463,AS,-0.5,0.2083995974008294,5.606399,67.399111,50.67982434589464,9.741088219523505,9.594563064753132,1.2297891612065264,0.0121150537312216,6064.397596146001
GHSL_833,8,148,8,0,0,0,0,0,0,0,0,0.0,4.293016542207362,21.37548068688703,306.39,816.194550991058,2888.71387664684,OM,-0.151,0.2083995974008294,13.088228,67.743967,59.659612873163155,10.391617405611491,13.75488876623912,1.0197311624758112,0.0157675468254461,8754.024539464004
GHSL_834,75,241,1,0,0,0,0,0,0,0,0,0.0,4.288890841347532,17.405037634627945,96.12,1586.11512947083,4410.72715951665,OM,-0.433,0.2494307140802241,21.795974,117.778977,103.25013189614882,17.989164653517165,24.2003590821188,1.004843584722018,0.0274432538665421,15417.07043930883
GHSL_835,136,67,0,0,0,0,0,0,0,0,0,0.0,4.2881821056678655,22.375647002353155,417.41,1018.18636846542,3963.97402657254,OM,-0.78,0.2430293766450495,15.127262,68.568552,62.54307417826591,10.66939258820056,13.796866811852874,1.049869541158335,0.017623618237682,8827.586265295664
GHSL_836,45,69,0,0,0,0,0,0,0,0,0,0.0,4.28240311161134,22.285571239274216,407.42,570.054707527161,3170.45810128453,AS,-0.571,0.2430293766450495,6.424564,34.030593,29.549440411742392,5.207903091863142,8.44939895039227,0.8576361345837165,0.0084010822238056,5366.157806142
GHSL_837,76,501,8,0,0,0,0,0,0,0,0,0.0,4.280269169574195,22.426496862517844,423.08,2924.93909549713,3754.05137381521,AS,-0.311,0.2430293766450495,36.123406,189.670313,167.75777823512826,27.94671286910054,47.12647932803303,0.8520721628021627,3.593402499998864,29912.481317899004
GHSL_838,306,2537,53,0,0,0,5,0,1,0,47,95712400.0,4.259442323826772,15.788191657658418,256.45,14481.2184580564,1001.38304104512,OM,-0.274,0.2528304296984365,1899.634933,1569.407488,2670.6456894093644,394.39216856962827,579.6703704335351,0.6514114668758697,93.30391136022344,554751.0627359725
GHSL_839,47,88,0,0,0,0,0,0,0,0,1,12000000.0,4.277769764093177,22.53838139917632,435.48,675.012860298157,4149.38012698802,OM,-0.53,0.2430293766450495,67.016678,93.075439,105.87604822093324,14.258052287293827,19.725743726212905,0.6735388064762542,3.0642219820027923,18368.7524237885
GHSL_840,26,229,5,0,0,0,0,0,0,0,0,0.0,4.274738657647696,18.41331746759931,23.9,1301.10004425049,1566.62024270571,OM,-0.262,0.6400336044944506,18.620648,101.800878,88.97312943958958,15.5312572735608,20.883896611341054,1.005003844672278,0.0234574761392668,13289.462539288
GHSL_841,27,77,0,0,0,0,0,0,0,0,0,0.0,4.2746307542507695,15.446938480853264,292.3,522.471122741699,7627.761077168,OM,-0.455,0.2528304296984365,5.660003,30.169656,26.673119801466665,4.493385305818119,7.895528223075555,0.8213558422444301,0.4224017471515903,5011.884627368167
GHSL_842,80,91,0,0,0,0,0,0,0,0,0,0.0,4.268060096125488,18.446501476798485,22.07,854.649874687195,1121.56126848341,OM,-0.624,0.6400336044944506,10.937256,60.532488,52.73700728676534,9.22387602524113,12.28147268262204,1.009651186364105,0.0146838497929226,7832.383064296998
GHSL_843,9,90,2,0,0,0,0,0,0,0,0,0.0,4.266519555429809,15.45944989159113,291.18,504.146312713623,6542.42664893487,OM,-0.243,0.2528304296984365,6.331597,31.101261,27.92774690448595,4.600177342323788,8.156098072496782,0.8249680260780107,0.585554098324614,5178.3345494095
GHSL_844,89,344,3,0,0,0,1,0,0,0,0,0.0,4.255793921751947,18.40543331564376,26.03,2179.5429353714,1973.33352832816,OM,-0.402,0.6400336044944506,39.131045,240.802674,204.19133505768195,36.340915217768256,45.90358888268017,0.8527938738737668,0.0544402391872374,35776.691249794945
GHSL_845,100,371,3,0,0,0,1,0,0,0,1,10119000.0,4.253904724029235,16.3144594476406,201.2,2367.09642887115,3893.87833708584,OM,-0.408,0.2649349232022477,87.113255,554.756553,424.1003154922945,76.80142989732857,56.323921420716935,1.1698938371669068,3.0036850971461946,47713.94569275195
GHSL_846,432,239,0,0,0,0,0,0,0,0,0,0.0,4.248683180490668,16.6999539367234,162.38,3362.98634195328,4675.95791753328,OM,-0.76,0.389134038430398,30.589828,182.600992,157.69931207962023,26.342725871733013,46.04561427547228,0.820999311956694,3.6780830221738072,29379.975139359656
GHSL_847,26,145,2,0,0,0,1,0,0,0,0,0.0,4.246279285679386,18.275038558022164,36.3,859.957843780518,2008.77795790824,OM,-0.336,0.240243551166617,50.021935,114.622951,126.41822310483604,20.021502241160285,25.042805619959115,0.7874295079576469,1.596110052761017,22985.1012024301
GHSL_848,20,216,6,0,0,0,0,0,0,0,0,0.0,4.240117689737201,18.24877977641674,38.71,1210.34775066376,2243.85296170928,OM,-0.233,0.240243551166617,17.815186,95.94474,84.18446681960388,14.659182133551957,19.625998289103,1.0100020000133645,0.0225190096720788,12494.00687628467
GHSL_849,46,76,0,0,0,0,0,0,0,0,0,0.0,4.2365875875524726,22.024586533304262,378.65,608.282318115234,3739.1799635798,OM,-0.553,0.2083995974008294,8.792901,43.705718,39.16709326491199,6.7318680290835635,8.949095928817133,1.0222471878423005,0.010880695982874,5715.031123423666
GHSL_850,85,74,0,0,0,0,0,0,0,0,0,0.0,4.242004639785958,18.459554296696897,23.28,793.075128555298,1052.58320134858,OM,-0.674,0.6400336044944506,10.048803,55.576826,48.38844641280688,8.469191336466189,11.22472058772729,1.0126873644826806,0.0130815888112411,7161.024897295498
GHSL_851,208,120,0,0,0,0,0,0,0,0,0,0.0,4.234390848008735,15.684530098715404,268.04,1639.34030532837,11262.7636844633,OM,-0.752,0.2528304296984365,20.406056,81.201189,76.39075875213057,12.400770156443182,22.569349809738625,0.8136751689837416,1.396315776796363,14397.965494293328
GHSL_852,85,554,9,0,0,0,0,0,0,0,0,0.0,4.227321187361105,18.263620871949215,38.63,3236.88876342773,2779.80059241565,OM,-0.312,0.240243551166617,51.920219,178.009713,174.89336327482937,27.790893635717367,51.22120549154839,0.8179575660134051,2.89618726045927,32693.2755133495
GHSL_853,3,141,16,0,0,0,0,0,0,0,0,0.0,4.215341798625152,17.272227009035408,112.32,799.24942111969,3889.16940398049,OM,-0.031,0.2494307140802241,18.154658,40.154658,45.13865420272785,7.501290466031878,14.226643969856198,0.7786699495378684,0.6414911709025762,9060.843518985506
GHSL_854,114,123,0,0,0,0,0,0,0,0,0,0.0,4.21151832236232,22.532402897495107,435.09,1184.15944766998,4067.29172592749,AS,-0.635,0.2430293766450495,14.208652,63.584211,57.83020633150562,9.546963579805942,17.125639609655387,0.8143065924720649,1.1744974055702695,10901.947163918998
GHSL_855,54,446,9,0,0,0,0,0,0,0,0,0.0,4.208468759349034,18.251973361446616,41.15,2547.10307407379,3966.06029673991,OM,-0.275,0.240243551166617,41.251287,141.635779,139.10412467959486,22.10148254422318,40.6393638572004,0.819551298644566,2.3252288758813875,25936.368679527666
GHSL_856,82,90,0,0,0,0,0,0,0,0,0,0.0,4.209714308741169,17.58269374791598,89.75,860.467500686646,4368.98639082527,OM,-0.632,0.2494307140802241,10.980029,41.539756,39.51894073564888,6.493252707636357,12.305340773637612,0.7863109155118088,0.3010427034560596,7860.616270418331
GHSL_857,27,377,14,0,0,0,0,0,0,0,0,0.0,4.1980765405743625,17.631888172461995,87.11,2089.60437870026,3297.66402072439,OM,-0.195,0.240243551166617,43.10534,106.994244,116.0834009893919,18.087745372970005,34.29380804759666,0.8114654219310532,1.8594894361515764,21873.51928019217
GHSL_858,134,66,0,0,0,0,0,0,0,0,0,0.0,4.1999632215875025,22.52066518969611,433.87,997.126757621765,4312.81334259698,AS,-0.782,0.2430293766450495,24.072011,32.348968,45.38565994465966,7.364818861041298,13.677390568877463,0.7973306182137043,1.088717245210306,8730.407024167998
GHSL_859,64,185,1,0,0,0,0,0,0,0,0,0.0,4.1881462871372905,22.456024131353765,426.75,1247.76318359375,3554.04045081576,AS,-0.452,0.2430293766450495,13.970444,78.930951,67.56527823186428,12.004467943153587,19.323552012331387,0.8595428982509353,0.018262255523222,12255.147329977
GHSL_860,104,266,1,0,0,0,0,0,0,0,0,0.0,4.174474317222836,18.234020148330565,45.3,1854.90091371536,2433.91139789473,OM,-0.474,0.240243551166617,25.14214,136.737553,119.7341680066128,20.871798175107728,28.00483154074424,1.006289123143772,0.0318985746431517,17847.602045381333
GHSL_861,16,206,7,0,0,0,0,0,0,0,0,0.0,4.178166654642744,22.502782605712415,431.97,1144.3496723175,4176.21479153591,AS,-0.208,0.2430293766450495,35.290587,44.142261,64.2637182577426,10.40891644631944,19.070399047741887,0.8107236849658613,1.6776280063284128,12098.263781572003
GHSL_862,170,107,0,0,0,0,0,0,0,0,0,0.0,4.155387072371787,22.202369930919016,398.88,1388.74624204636,3603.99715065166,AS,-0.736,0.2430293766450495,25.349489,53.300133,62.978396520772016,9.615212945747617,19.3266279047838,0.7952352549070392,0.2176900718245853,12285.284354950998
GHSL_863,116,797,13,0,0,0,0,0,0,0,0,0.0,4.136540388090016,22.441872766405,425.58,4630.21502685547,5461.79452016063,AS,-0.304,0.2430293766450495,116.645211,179.327262,240.47381274455307,36.92328635716962,74.66328540729957,0.784609232731919,2.8193648469321166,47421.06158173701
GHSL_864,80,146,0,0,0,0,0,0,0,0,0,0.0,4.137576863949342,22.23931705991344,403.08,1133.66715240479,2758.15317938803,AS,-0.537,0.2430293766450495,24.247145,41.240545,53.13388366125418,8.091907809173602,16.913320952021323,0.7700558014339094,0.4185478158136402,10752.592531478
GHSL_865,14,378,28,0,0,0,0,0,0,0,0,0.0,4.1344247363716375,17.722947350356772,85.84,2099.76160526276,3715.26158076182,OM,-0.094,0.240243551166617,50.39182,93.306767,114.28485694184616,18.945767071782,36.0002951399121,0.7768400999928293,2.1059968004297693,22919.704907425676
GHSL_866,81,161,0,0,0,0,0,0,0,0,0,0.0,4.125399249099372,22.37871690117137,418.6,1212.51999664307,3539.58429659933,AS,-0.521,0.2430293766450495,15.155878,71.048755,64.31063557470137,10.59601232198616,18.21672812877944,0.8448042495154394,1.362700628479398,11571.774194718
GHSL_867,84,437,5,0,0,0,0,0,0,0,0,0.0,4.127193658640545,22.35533618169901,415.98,2633.67717075348,4456.94002320715,AS,-0.351,0.2430293766450495,34.650262,161.897553,146.29833484312005,24.423557689002106,41.91851923323072,0.8433947180794827,2.241243399014325,26577.405387681003
GHSL_868,70,137,0,0,0,0,0,0,0,0,1,5370800.0,4.116589417273338,16.053979325629594,233.67,1034.44705295563,2946.10181290834,OM,-0.522,0.2528304296984365,48.499132,78.39737,88.54109021455656,13.323087488904507,19.292832333270944,0.754396998215218,3.448329722435552,15159.919789954818
GHSL_869,19,181,4,0,0,0,1,0,0,0,2,11010400.0,4.098865546382465,15.154795255238334,328.72,1024.03574085236,2780.80157297817,OM,-0.252,0.3375442166019814,96.160622,140.494152,171.47541739273262,23.663448695603385,36.023437704560514,0.6265481555385537,3.125658003229437,35775.53215489743
GHSL_870,116,37,0,0,0,0,0,0,0,0,0,0.0,4.097828473847367,17.486366391473016,106.1,772.155386924744,3220.10486974021,OM,-0.858,0.2494307140802241,7.908365,40.928357,36.20925435213589,5.999553393671992,10.157934400890303,0.8442973032912255,0.8663640951815925,6498.519908068997
GHSL_871,86,91,0,0,0,0,0,0,0,0,0,0.0,4.085598308518647,18.221922004500115,53.6,883.676881313324,2149.68881683336,OM,-0.637,0.240243551166617,11.41623,62.441532,54.59749103570683,9.525779599222984,12.630543206295563,1.0130069140482465,0.0144605489901908,8070.587754861999
GHSL_872,2,296,80,0,0,0,0,0,0,0,0,0.0,4.082636101377652,17.77039319395925,86.69,1893.09025382996,3878.10715977522,OM,0.115,0.240243551166617,22.33417,182.513349,145.38429781595755,26.95456541274709,37.66178321238811,0.9374976667242364,0.0362136988022077,23860.249255300365
GHSL_873,108,588,7,0,0,0,1,0,0,0,0,0.0,4.053192004315667,18.193161802760763,58.36,3514.99698209763,3765.49261266238,OM,-0.342,0.240243551166617,59.115354,345.117139,296.5168675124534,52.32635085071079,66.89703002287807,0.8955383942726358,0.0861553057487303,49447.836003996104
GHSL_874,41,75,0,0,0,0,0,0,0,0,0,0.0,4.041562997533082,18.0947373771161,66.51,581.875283241272,2191.75273553688,OM,-0.536,0.240243551166617,10.592236,23.073904,26.442354847053764,3.9840766477236103,8.544786427945992,0.75625394573464,0.1752226294413413,5465.358857219167
GHSL_875,37,80,0,0,0,0,0,0,0,0,0,0.0,4.041928283177307,18.112633649492835,65.21,586.025673389435,2012.61667647552,OM,-0.507,0.240243551166617,7.833428,42.598906,37.285687343921815,6.502376769993785,8.71488142080125,1.005399182064376,0.0099796520217487,5562.397517177499
GHSL_876,84,117,0,0,0,0,0,0,0,0,0,0.0,4.032316482891099,17.310076575207376,124.41,1004.75811195374,4189.71263724159,OM,-0.585,0.2494307140802241,8.979833,71.677576,57.507348644141025,10.602699724467662,14.670047861855918,0.9459368522245376,0.0141912419139578,9321.563483748998
GHSL_877,83,262,1,0,0,0,0,0,0,0,0,0.0,4.012531902610492,17.606049946638354,104.21,1732.13543987274,3815.73855835562,OM,-0.437,0.240243551166617,16.537529,128.783264,103.30865137774784,19.082333867189693,26.45274922299751,0.9432075758259412,0.0258243575384448,16809.2121988025
GHSL_878,437,731,1,0,0,0,0,0,0,0,0,0.0,4.008382028076496,16.112761231715005,232.62,5848.84616184235,4552.51695804036,OM,-0.552,0.2528304296984365,64.334076,317.644777,283.0842392446025,48.21743881551315,86.23041325708306,0.8052155283355994,2.885222597292078,54861.24856289382
GHSL_879,5,440,82,0,0,0,0,0,0,0,0,0.0,4.017935745640603,17.8263470835279,88.05,2635.93758487701,3663.77225262977,OM,0.05,0.240243551166617,78.957696,249.966053,245.79005826339196,44.68375070735134,49.675540516696515,1.1329280546330942,4.498585089268468,31563.47041376287
GHSL_880,3,195,33,0,0,0,0,0,0,0,0,0.0,3.974297354769987,18.015998470380275,77.91,1156.58442640305,2369.05485687989,OM,0.036,0.240243551166617,32.615919,58.553781,72.33478505068291,11.480924640724885,21.430217144756625,0.8106937530007118,1.308412382334545,13658.875272625513
GHSL_881,10,161,7,0,0,0,0,0,0,0,0,0.0,3.945508179414312,16.961304952408145,157.93,892.265731334686,2264.69131534985,OM,-0.179,0.389134038430398,8.964396,97.038418,73.95810498563878,14.097843835694098,14.825701614398628,1.1669836297621357,0.0179291897924292,9390.677075424002
GHSL_882,338,352,0,0,0,0,1,0,0,0,3,5960400.0,3.933907760257896,15.236813534798326,325.71,3454.00876998901,3537.33715051039,OM,-0.641,0.3375442166019814,149.28033,196.489653,266.50685640817505,40.99728965007465,64.9563138527583,0.7328470010529239,5.600977769217342,51708.11986028875
GHSL_883,1,537,485,0,0,0,0,0,0,0,0,0.0,3.9328345760315897,16.64423047707152,186.05,5112.79455471039,4737.37642547347,OM,0.335,0.389134038430398,95.720077,793.337622,633.5528141981617,117.0550547522693,125.95312999036427,1.1690591966495958,0.1581399641051369,79866.88048225001
GHSL_884,540,490,0,0,0,0,1,0,0,0,1,12000000.0,3.928397947679005,16.237309474167628,224.41,5154.19232940674,5420.75822738524,OM,-0.667,0.3011340913402752,130.029255,450.126841,410.09291022409326,65.77441485478586,93.21860389213045,0.7836147481552439,9.363480823359456,72828.51121288142
GHSL_885,7,146,8,0,0,0,0,0,0,0,0,0.0,3.918737198835687,17.885173175572177,92.05,805.180070877075,2848.40019696289,OM,-0.138,0.240243551166617,8.314923,65.411134,52.56541119915981,9.685463244809174,13.573838652088051,0.93784817420764,0.0129727903282207,8611.987042902503
GHSL_886,13,280,16,0,0,0,0,0,0,0,2,6516800.0,3.907592617288867,15.29852543562146,320.23,1546.89624404907,3344.17776577743,OM,-0.13,0.3375442166019814,69.84881,87.764239,118.05385259848416,16.870910092126547,30.592943765571075,0.6987198018167208,2.4589597988799405,23087.053140036893
GHSL_887,10,546,72,0,0,0,1,0,0,0,0,0.0,3.902797083984739,17.92038678050576,90.79,3141.40437507629,5473.57371746734,OM,-0.006,0.240243551166617,93.555135,258.372962,268.50464243164345,42.94284156438212,67.90467934964404,0.791115113820552,4.915939217377006,50424.03717541047
GHSL_888,6,105,5,0,0,0,1,0,0,0,0,0.0,3.902247412675546,18.143065664340565,74.65,581.926888465881,2953.67371745669,OM,-0.167,0.240243551166617,41.461558,88.53302,101.31409547389656,15.647702778608153,21.143548993243712,0.7181619476183873,0.129888884043449,20468.16429249811
GHSL_889,4,142,14,0,0,0,0,0,0,0,0,0.0,3.896215843313599,18.000091730963817,85.59,795.287847518921,2730.65830547212,OM,-0.057,0.240243551166617,8.672348,56.755389,48.07417292499304,8.285543493558436,14.058458617807624,0.8296501091078912,0.8307463689691904,8935.837310614672
GHSL_890,18,217,7,0,0,0,0,0,0,0,0,0.0,3.884376167960302,17.928858110938215,91.67,1208.57644081116,2879.38656580396,OM,-0.219,0.240243551166617,34.799506,45.916339,66.13426196790763,9.22140718938391,19.691072640670875,0.8042803656617041,0.1237290156026535,12573.711343929333
GHSL_891,8,313,33,0,0,0,0,0,0,0,1,12000000.0,3.873862837745231,18.00404033942858,87.15,1769.28130531311,3278.52325975546,OM,-0.042,0.240243551166617,103.822619,170.241943,188.84487014536512,28.10706455797529,39.806800064821424,0.7579130283407064,6.597903803926151,31895.24558446901
GHSL_892,84,64,0,0,0,0,0,0,0,0,0,0.0,3.873946248170411,17.44619168512646,127.73,738.975107192993,4108.01900755475,OM,-0.7,0.311328742466528,6.834014,41.611306,35.468830333809684,6.177875089922342,10.36199367668938,0.832127959046229,0.3826943496520747,6609.640541531331
GHSL_893,33,755,46,0,0,0,0,0,0,0,0,0.0,3.855488876095644,17.858705402560414,99.22,4173.80305099487,6862.70820274533,OM,-0.124,0.240243551166617,68.035459,244.905789,236.0828734152568,37.65137377499917,70.42761392589136,0.8071062961736031,3.950427865377664,44907.36862859519
GHSL_894,145,390,2,0,0,0,0,0,0,0,0,0.0,3.850546000713268,16.305862350542792,222.26,2685.722905159,4071.85597114384,OM,-0.465,0.3011340913402752,48.101244,273.490846,232.7871720956043,41.56833458547357,40.730551660581575,1.294411716736105,0.0614392010133633,25928.14808898283
GHSL_895,189,388,1,0,0,0,0,0,0,0,0,0.0,3.834064720057871,18.17120639404004,78.33,2886.71007156372,4616.28568017645,OM,-0.514,0.240243551166617,54.373271,112.974124,131.39257800020772,20.71605980107194,42.97774365187467,0.7497481558861611,1.804584307105832,27464.708097892828
GHSL_896,309,128,0,0,0,0,0,0,0,0,0,0.0,3.816260748469816,16.28532987612647,226.2,2191.40784454346,5115.92820017149,OM,-0.812,0.3011340913402752,44.488572,85.213806,101.32163413842208,16.850841319162686,29.49237185718722,0.8200873476569889,2.816626449182235,18817.09131134016
GHSL_897,67,54,0,0,0,0,1,0,0,0,0,0.0,3.8038982580579743,18.07615896328508,87.73,606.221464157104,3216.47263896932,OM,-0.69,0.240243551166617,34.951846,109.636258,107.9868198727186,17.925512781117312,20.28273543581092,0.7888080422869074,0.0335442962882769,19740.63738366194
GHSL_898,80,108,0,0,0,0,0,0,0,0,0,0.0,3.786267375501221,16.256035101940146,230.73,940.296304702759,3048.83177276746,OM,-0.592,0.3011340913402752,13.059574,47.046345,45.50654290701268,7.364184201187964,13.64532971119051,0.8084689745625675,0.4778559965768289,8702.245140102666
GHSL_899,119,821,13,0,0,0,1,0,0,0,2,24000000.0,3.773688012283596,15.327921662049931,322.66,4770.48053646088,5062.21604726474,AS,-0.304,0.3375442166019814,239.582121,460.002253,494.66062358887257,76.54441762739026,105.8242834631062,0.7501531093476091,17.668641496945483,87104.71994862212
GHSL_900,125,190,0,0,0,0,0,0,0,0,0,0.0,3.7619533552652658,18.170720422725697,84.69,1575.81439208984,5255.42994577146,OM,-0.571,0.240243551166617,16.631088,112.785075,92.41508761545808,16.884710843430526,23.051158218687625,0.960032207125016,0.0240805232645812,14684.585626167496
GHSL_901,197,162,0,0,0,0,0,0,0,0,0,0.0,3.738673144371361,17.512335370194496,134.16,1797.44135189056,4878.73035386013,OM,-0.686,0.240243551166617,21.825279,93.41074,85.30697052858956,14.625898192346744,25.21818923452378,0.8272010392309334,0.0629531446676229,16110.327905738164
GHSL_902,112,55,0,0,0,0,0,0,0,0,0,0.0,3.7281779406188424,17.554647685029472,132.02,833.623865127563,4864.75178062303,OM,-0.783,0.240243551166617,7.729523,43.471982,37.21916701507565,6.614312827159037,11.378292291773434,0.8099709654646957,0.0102148912878748,7260.747214231665
GHSL_903,7,125,6,0,0,0,0,0,0,0,0,0.0,3.724307855151965,17.86631467267647,109.66,690.319713592529,4240.50145948529,OM,-0.156,0.240243551166617,16.332293,27.014121,35.07775399679669,5.371912569614306,11.472058358742563,0.7506350505309508,0.3354715332947245,7321.576189963503
GHSL_904,49,322,5,0,0,0,1,0,0,0,0,0.0,3.703383086782325,16.19301527901996,241.57,1881.60611629486,3600.14027853328,OM,-0.311,0.3011340913402752,76.201473,134.223908,165.55246334644195,25.933427607495645,41.18278462461592,0.7399951829738155,1.5167464846775105,33278.83146408627
GHSL_905,108,46,0,0,0,0,1,0,0,0,0,0.0,3.7066219543254952,18.16651656024232,90.01,767.408053398132,2985.55887565411,OM,-0.809,0.240243551166617,58.36686,90.277279,119.29370547809324,17.14616971685644,21.592321033137836,0.8030824455251959,0.0414248360862294,20959.022576653435
GHSL_906,125,735,10,0,0,0,0,0,0,0,0,0.0,3.7033776651811743,18.45075360318568,77.38,4349.6039648056,5835.13630617749,AS,-0.329,0.294557323852941,48.772218,324.192509,268.3324208118047,48.61252897851757,69.8406982646615,0.9314967989016276,0.0681287195278261,44229.4887314
GHSL_907,30,639,37,0,0,0,0,0,0,0,0,0.0,3.699942312653537,18.11495519256641,93.86,3532.01007270813,5424.11493302517,OM,-0.131,0.240243551166617,86.912477,297.064142,289.19993554510387,52.831368749251325,59.633597515472445,1.115424187218542,5.053251027151587,37881.29776098001
GHSL_908,156,205,0,0,0,0,0,0,0,0,0,0.0,3.693701506725689,18.06944463241895,97.51,1806.64496326447,5142.91681829287,OM,-0.598,0.240243551166617,35.7186,82.154991,92.04484483267254,13.84031747087402,26.052244733404724,0.8358033759171072,1.0570284817356068,16682.83522175833
GHSL_909,113,1026,24,0,0,0,0,0,0,0,0,0.0,3.68485153733565,18.292417458557793,85.3,5816.03648662567,5474.26704638572,AS,-0.26,0.240243551166617,166.973839,219.292319,315.0567655112482,48.866182404396994,95.08950942764038,0.800008477534133,5.480038179643519,60396.696683561015
GHSL_910,54,103,0,0,0,0,0,0,0,0,0,0.0,3.661411300631251,15.875831253438214,273.94,786.118496894836,3528.866340295,OM,-0.527,0.3011340913402752,17.778863,59.413306,57.844199515340016,10.485242771615416,11.6710635405992,1.1364186705782515,0.9140298166030928,7414.183027319332
GHSL_911,14,167,5,0,0,0,0,0,0,0,0,0.0,3.659182445939173,18.097855903601047,98.68,931.923609733582,3021.33134185854,OM,-0.22,0.240243551166617,16.973387,54.470762,54.509697398266844,8.636697881994115,15.101724683932204,0.8558851271346729,0.7982343984581515,9640.614999337335
GHSL_912,43,1538,145,0,0,0,2,0,0,0,0,0.0,3.6535527053349792,18.02261884051328,104.21,8631.5743522644,6257.19732542514,OM,-0.059,0.240243551166617,218.534194,611.236928,629.1575938282188,101.73640584062828,173.019531543899,0.7717410748534282,0.6706259226377274,124690.21740563476
GHSL_913,3,118,11,0,0,0,0,0,0,0,0,0.0,3.647753908267823,17.981185821783228,107.71,660.268761634827,2407.99153545825,OM,-0.067,0.240243551166617,11.826104,37.172828,37.03310670329533,6.076560070203035,11.517628678029393,0.7922342303494536,0.0133485629991033,7344.282929947837
GHSL_914,1,553,339,0,0,0,1,0,0,0,0,0.0,3.6403223134533618,18.592214702937607,82.31,4466.80305194855,4871.72632925744,AS,0.262,0.294557323852941,105.607039,561.504544,491.20485045764514,82.26831664878262,114.35217835584304,0.9066658596359508,8.414998014128196,79833.34617958024
GHSL_915,75,355,4,0,0,0,0,0,0,0,0,0.0,3.639590956121429,18.05411942348301,103.32,2165.26502609253,5264.28848682394,OM,-0.366,0.240243551166617,52.872173,93.723778,116.54355419176404,17.177761118311906,33.745884295314966,0.8267926718114057,0.0386988619286651,21574.076204244833
GHSL_916,741,152,0,0,0,0,0,0,0,0,0,0.0,3.5860499671994677,16.08198877057439,259.13,4506.38548755646,5056.67285424704,OM,-0.936,0.3011340913402752,102.641341,136.000589,194.55352120407557,28.993757801266955,58.09760284092739,0.8002034582622352,2.2646317308545267,37195.86960962816
GHSL_917,86,263,1,0,0,0,0,0,0,0,0,0.0,3.5516258082831293,16.134517261173755,256.62,1753.0579662323,4175.13049228781,OM,-0.442,0.3011340913402752,24.110787,94.449061,89.2669426654397,14.490121301490056,26.67151164552645,0.8088138807246196,1.5224316998277805,16979.48290148533
GHSL_918,13,774,113,0,0,0,0,1,0,0,0,0.0,3.528252212958717,16.04107093603416,266.57,4500.78322696686,5358.99011405652,OM,0.01,0.3011340913402752,210.999374,2330.785735,1755.355358326508,338.28290452609593,237.8446292167735,1.1705260675273417,0.4417920853853085,212162.33173942738
GHSL_919,5,180,18,0,0,0,0,0,0,0,0,0.0,3.520057881848029,16.48375413106553,228.76,1012.64676380157,2625.81813510067,OM,-0.053,0.3011340913402752,16.586898,70.437795,65.31247454451962,10.634040308047227,17.83236996233445,0.8674432773305641,1.3512094052688477,11351.686368652174
GHSL_920,94,344,2,0,0,0,2,0,0,0,0,0.0,3.4816440098970376,16.16729524868145,258.38,2201.20440483093,4013.2810764858,OM,-0.411,0.3011340913402752,152.721954,210.380235,291.9460011487012,45.280068853502826,56.804076405914245,0.8273168960052399,4.316964568226678,50184.8511909012
GHSL_921,0,132,54,0,0,0,1,0,0,0,0,0.0,3.442584630511316,15.87504540235678,287.07,933.359305381775,2792.5659138371,OM,0.188,0.3011340913402752,34.847054,145.366917,137.130229424445,22.328406085021765,31.687403315904632,0.7494046853549908,1.921902876638311,26900.45126627613
GHSL_922,141,91,0,0,0,0,0,0,0,0,0,0.0,3.4078304204449736,15.652993234643436,309.8,1163.08183860779,3230.94443224325,AS,-0.73,0.3011340913402752,18.045962,75.352158,68.74182695339088,11.838835850217205,16.229820038429665,1.000499882308998,0.0193862693681882,10306.656615407996
GHSL_923,79,66,0,0,0,0,0,0,0,0,0,0.0,3.406827745834476,15.695353981703272,305.85,726.373370170593,3259.53066319608,AS,-0.684,0.3011340913402752,11.487544,47.9933,43.77765540237964,7.540224872173856,10.327980455950655,1.0017158178689531,0.0120559702490864,6555.017951442999
GHSL_924,152,398,2,0,0,0,0,0,0,0,0,0.0,3.4011151171812193,16.248800227780116,257.05,2759.08909130096,4350.13274067008,OM,-0.47,0.3011340913402752,47.335442,143.849361,146.11024424747583,22.960105336366993,41.7096618459627,0.8348785260532628,2.2076028738773372,26615.400420511327
GHSL_925,104,59,0,0,0,0,1,0,0,0,0,0.0,3.384444836081939,16.222715988565614,260.42,815.114650726318,2438.49908524667,OM,-0.757,0.3011340913402752,34.484563,95.378447,100.44921788039562,15.92428743622166,22.99117744122706,0.691538938710367,0.0309250029804493,21465.408095814437
GHSL_926,34,241,4,0,0,0,0,0,0,0,0,0.0,3.333291549186336,16.188857348402415,266.99,1395.12602043152,3255.45682051457,AS,-0.299,0.3011340913402752,25.697814,72.157049,75.65829655757884,11.995172242123438,22.58681138665299,0.8200629246353845,0.1336936373080826,14304.265425961003
GHSL_927,6,173,14,0,0,0,0,0,0,0,0,0.0,3.259421950182485,16.248224301093934,267.6,962.096852302551,2494.15889537655,AS,-0.085,0.3011340913402752,13.653841,69.702437,61.74293901618893,10.22489418614074,16.988247366120145,0.8678400530290318,1.4194240606046584,10746.070940997006
GHSL_928,122,346,2,0,0,0,0,0,0,0,0,0.0,3.183663089414285,16.10224831947594,285.17,2346.17358398438,4638.47590876436,OM,-0.455,0.3011340913402752,59.168432,91.128915,120.77509159122772,19.616758479057783,35.761828616028055,0.8129799460905844,2.444900018792757,22763.622382868998
GHSL_929,456,627,1,0,0,0,2,0,0,0,0,0.0,2.912101217197202,16.26190584931095,294.34,5423.79451370239,4980.41322623667,AS,-0.589,0.3011340913402752,191.056079,317.736623,415.24867999963334,60.20820280435329,102.33307816658709,0.7732917688352317,1.701238977166844,79367.9977855592
GHSL_930,1,218,72,0,0,0,0,0,0,0,0,0.0,5.9350716872744,21.150894227375115,329.22,1454.01344394684,3783.53745497486,OM,0.15,0.2906729252791875,31.911031,94.994118,98.92504403963916,17.140728703376386,29.9156930053248,0.8129333569501672,1.2612137583517324,18965.915206185527
GHSL_931,87,610,10,0,0,0,0,1,0,0,0,0.0,10.29267333065,22.78352300135008,794.52,3538.59837293625,2126.23440921123,,-0.301,0.2271497259856818,424.783317,605.498511,845.1927042833046,117.6822092310674,252.38533280797756,0.5722452533561203,0.284633966202057,226195.93734582706
GHSL_932,545,625,1,0,0,0,0,0,0,0,0,0.0,8.222762966889489,18.71515422402315,373.79,5850.87732219696,3143.83793887413,OM,-0.623,0.0615182899632296,79.230493,415.364192,366.43586456611746,63.6334456201444,84.27879483252603,1.0197629470571643,0.0950061027665743,53725.08710862849
GHSL_933,0,80,2221,173,0,0,1,0,0,0,2,16453700.0,7.299364761813446,18.287357742791176,265.07,12367.1212825775,6541.16988925576,OM,0.908,0.3711250603242535,358.097755,4113.10196,3053.3177054066487,585.5967199261036,546.9576786856245,1.0690533426775717,4.141292100999661,412249.2662063617
GHSL_934,132,299,1,0,0,0,0,0,0,0,3,5025900.0,7.21580692887535,15.740160736017565,356.58,2161.97373390198,4376.07527649759,OM,-0.496,0.2213951926979405,27.98432,330.606633,231.0279229602264,44.03239400906474,36.52873352638897,1.2216837908402296,1.4829708474994223,25673.67982514165
GHSL_935,94,625,10,0,0,0,1,0,0,0,2,4858400.0,7.2018959871300225,18.913686464651,271.86,3647.34438228607,3398.20052206306,OM,-0.31,0.3482519792665085,47.205179,772.754421,543.2806871429534,106.74417381810602,74.39551740648474,1.344612113869758,1.345410805603386,55967.46739749313
GHSL_936,140,751,9,0,0,0,1,0,0,0,1,9368600.0,7.0640354461559385,16.37307577241874,297.83,4500.4661026001,4364.97297643847,OM,-0.345,0.2416978781442573,75.368801,500.506821,391.2476812695818,69.57986460321891,90.09336611022964,0.8206998185529889,2.4725629504314317,68643.1788035378
GHSL_937,1,305,196,0,0,0,0,0,0,0,5,11974000.0,7.005333051004893,19.173901932625583,264.67,2510.69771575928,3682.67090436411,OM,0.271,0.3482519792665085,135.141951,189.050641,241.2152622865087,35.872530053878585,66.18893058574403,0.691806108814614,5.36584322813661,48775.83407630067
GHSL_938,22,2973,768,0,0,0,1,0,0,0,7,50918900.0,6.989449459968749,15.641432697904,347.37,18815.6327238083,5075.60761566636,OM,0.106,0.2213951926979405,834.497734,1020.303174,1430.0190977821974,213.38558819623316,415.47150494569297,0.6856341348103594,31.643326671974624,301129.5718833827
GHSL_939,0,121,997,22,0,0,1,0,0,0,2,23541600.0,6.987113848232675,19.184922223980102,263.52,5699.3784532547,4612.30442364566,OM,0.728,0.3482519792665085,306.344361,758.041319,777.6432006885427,124.93254627716048,224.52980599029152,0.6717752649733557,19.95727933387776,169169.67738111116
GHSL_940,174,83,0,0,0,0,0,0,0,0,2,1255000.0,6.913109837202124,17.551329701338098,226.01,1286.91879272461,6039.74559532845,OM,-0.788,0.2495933009421506,29.357882,45.342363,59.15529385934099,8.343918149745226,18.222685799314434,0.7127824816983466,0.4063341527975418,12409.909714645913
GHSL_941,14,322,20,0,0,0,1,0,0,0,1,4854200.0,6.648964433415079,16.315887992099448,267.31,1779.55379962921,4012.92078499155,OM,-0.119,0.2416978781442573,102.08935,143.079176,192.7412932387327,26.767245837175725,44.50037441724903,0.7047714724090329,1.4819880735484148,38362.569301905045
GHSL_942,314,573,1,0,0,0,1,0,0,0,2,5807600.0,6.552411451527135,19.10969624844314,218.32,4444.84242343903,3859.88717846784,OM,-0.536,0.3482519792665085,71.050118,425.485217,348.60588520472606,62.44945212667357,82.39941886532525,0.8244661161783945,1.2622731022749472,62018.64575434231
GHSL_943,120,1073,24,0,0,0,1,0,0,0,3,19253400.0,6.194314659273403,15.229203506854155,338.01,6088.68277072906,4543.34214180202,OM,-0.262,0.4384121331202486,204.577084,369.652551,432.91248788031214,67.15921926834771,123.12074131370542,0.6499638466356026,6.556356407422125,95829.23954701239
GHSL_944,73,995,37,0,0,0,1,0,0,0,0,0.0,6.115540310762214,19.505586472021623,209.21,5522.77217292786,4043.26181103421,OM,-0.197,0.2378587058887229,138.866961,296.592406,350.2972619988774,54.8931703437416,101.81212757765364,0.742624207762663,4.269800539765864,72121.96031728262
GHSL_945,0,587,6863,223,0,0,1,1,0,0,12,85044200.0,5.936815539282071,15.592123300046378,289.9,38364.0433416367,4425.96040376343,OM,0.783,0.4384121331202486,1846.542745,12194.346706,9865.522414185933,1771.3828614042095,1614.092517085642,1.1445271344567078,30.36298556280896,1207458.4240523663
GHSL_946,108,141,0,0,0,0,1,0,0,0,3,3941899.999999999,5.9007194084048455,15.72075805143509,275.11,1247.76337528229,2705.70599202508,OM,-0.599,0.4384121331202486,38.876543,181.985943,156.53370748006674,26.895296744389817,33.51547783915541,0.7464164440209448,0.903751900569483,29761.916605172486
GHSL_947,1,1266,1168,1,0,0,0,0,0,0,0,0.0,5.733460317173029,19.08779370832307,146.94,12180.4828577042,4333.6935793446,OM,0.339,0.2625022026151127,319.114256,1735.26659,1518.501140964552,264.8749107151508,301.3177886486259,1.1584247261233735,0.4036715330792609,191685.73744718393
GHSL_948,25,1622,246,0,0,0,1,0,0,0,2,20495000.0,5.697002981998713,15.955691872567389,242.55,9467.56427001953,4363.08967327836,OM,0.016,0.2476789434150617,350.354513,647.070396,730.3813885170248,115.22172170335118,199.30366265831975,0.7220426234083279,21.954028601479507,145352.85709234493
GHSL_949,1,308,175,0,0,0,0,0,0,0,0,0.0,5.375879471398051,26.4818354802211,879.27,2416.2816119194,3212.1836207292,OM,0.248,0.4528295695376121,95.287441,303.789891,305.51786217058077,53.551814156945504,55.08865326908903,1.2607890501215178,3.6420728961548465,34688.64777011357
GHSL_950,40,1090,79,0,0,0,0,0,0,0,5,16762300.0,5.023033773154041,25.123001208936188,725.97,6047.69498109818,3781.20131792152,OM,-0.099,0.1478942001717594,278.967155,310.304478,440.9642126952956,70.84358620133123,117.72732691847084,0.7485281962151557,16.7474594706832,82650.91738530876
GHSL_951,60,267,2,0,0,0,1,0,0,0,2,24000000.0,4.994919897962754,19.96373340121808,164.02,1650.0275850296,3937.10187624727,OM,-0.377,0.2163097313149591,175.980584,264.099344,308.7024525410458,41.445147555283754,54.77707931146627,0.693453572118833,7.122760640748225,54577.467844739105
GHSL_952,140,621,6,0,0,0,1,0,0,0,0,0.0,4.9552252459385615,18.69730239262613,53.34,3833.8395690918,2286.69697974679,OM,-0.377,0.1954581466942441,72.346137,321.212694,292.31937110940834,48.94219462063839,71.12501510296045,0.8268617023331065,6.480254899802399,52298.879140787765
GHSL_953,22,292,10,0,0,0,0,0,0,0,0,0.0,4.829645209089984,17.200703458309867,89.4,1622.12535762787,3108.17583486102,OM,-0.2,0.2494307140802241,18.037009,174.898122,134.90239698572384,25.558767115890223,26.60352939125155,1.1794592182925396,0.0331726805177006,16893.954297295666
GHSL_954,286,110,0,0,0,0,0,0,0,0,0,0.0,4.835283991325705,23.13447812856189,503.86,1985.53505849838,2730.47397620114,AS,-0.827,0.4183195351390903,39.326899,63.243222,82.73437369637024,11.885641604702366,26.64163515754071,0.7584497773202364,0.0276949848173152,17029.303498899993
GHSL_955,97,252,1,0,0,0,0,0,0,0,0,0.0,4.657777060386764,22.25521141028995,404.91,1748.73311042786,2348.99854851356,OM,-0.472,0.2430293766450495,46.1705,61.497415,86.82628362776049,13.34849937677924,26.383107357099057,0.7918981346027009,1.2853592271748546,16853.339569450833
GHSL_956,196,1315,21,0,0,0,0,0,0,0,0,0.0,4.6107113198288845,21.880271813344613,363.14,7657.38847637177,3481.57114983398,OM,-0.308,0.2083995974008294,97.977358,436.703913,399.36020861827257,65.5533700062146,121.2055814747484,0.7970208998820912,7.566114116779633,77334.43435564767
GHSL_957,16,293,15,0,0,0,0,0,0,0,0,0.0,4.4828603641986176,18.503196670409057,0.02,1617.74172973633,1799.89066503819,OM,-0.151,0.6400336044944506,22.957953,103.303591,93.16775167373372,15.985645443831917,27.05693206161701,0.8386853840143867,0.4404954499626494,17246.606332961008
GHSL_958,0,180,3757,223,0,0,1,0,0,0,4,48000000.0,4.459677814348398,18.51870854142674,0.68,20802.9204363823,3004.01448026037,OM,0.868,0.6400336044944506,1918.265029,2326.650449,3386.1164863560875,537.8191129304595,863.5055218185871,0.7493537552316569,91.9522283431065,654489.3313507168
GHSL_959,0,181,328,1,0,0,1,0,0,0,0,0.0,4.407650968272428,18.500358503211004,6.39,2549.3422794342,1230.65351952896,OM,0.465,0.6400336044944506,55.649698,409.744119,332.64383226290926,60.95665496763795,83.43620647541039,0.8500170773563491,0.0877477678729506,59778.31662868923
GHSL_960,29,274,7,0,0,0,0,0,0,0,0,0.0,4.273726295922571,17.047113739686722,127.74,1548.83823776245,2660.24677742015,OM,-0.255,0.2494307140802241,16.039394,165.743013,126.90807734766427,24.135931740901253,25.089480248035585,1.1779631980660294,0.0305079202857265,15927.016315117502
GHSL_961,15,397,29,0,0,0,0,0,0,0,0,0.0,4.1622075262406275,22.439800910681992,425.15,2205.51333618164,3030.15481954736,AS,-0.099,0.2430293766450495,67.062637,90.839658,129.23310301799603,19.957100233558833,38.407791301127745,0.8111484623154629,2.050701635963287,24369.898031514018
GHSL_962,30,283,7,0,0,0,0,0,0,0,0,0.0,4.143226526791489,22.457651558065844,427.22,1602.40963745117,3981.52774418185,AS,-0.255,0.2430293766450495,15.393841,180.924873,136.49647366159402,26.176544855883535,26.370826795292064,1.2091091759602888,0.0328249713612982,16654.095406413006
GHSL_963,354,878,3,0,0,0,1,0,0,0,0,0.0,3.742487227509403,17.831598480710515,110.13,6178.44078826904,3940.48501832273,OM,-0.48,0.240243551166617,119.859964,364.472741,366.4773546664738,60.36291510950039,104.3153514292636,0.7590389026350345,6.628334482062299,73621.30126819377
GHSL_964,29,345,11,0,0,0,0,0,0,0,0,0.0,3.721808148356865,16.211144600224415,238.8,1923.40293312073,3507.60630602374,OM,-0.219,0.3011340913402752,30.041004,102.887681,101.27894203034587,16.152087365243876,31.42942993069573,0.7860405550542888,1.3592150885921472,19991.72038560517
GHSL_965,779,519,0,0,0,0,0,0,0,0,0,0.0,3.6879490991667345,18.44557118598433,79.52,6498.15112781525,5456.26618689523,AS,-0.725,0.294557323852941,143.198683,268.36978,325.50054062004386,47.61574191371378,90.3807409150264,0.8486145369321346,3.2000922946706245,57786.58783422198
GHSL_966,50,3050,445,0,0,0,0,0,0,0,0,0.0,3.5218175684323576,16.057666250422425,265.44,17725.2255973816,7334.3652096862,OM,0.01,0.3011340913402752,228.022848,1283.21131,1100.3667922310854,194.62037213799684,324.91247574736025,0.835873424169625,3.016629826356753,206080.79398492852
GHSL_967,201,330,1,0,0,0,0,0,0,0,0,0.0,3.1851647692043956,16.11780372958465,283.84,2660.61400508881,4702.24348657838,OM,-0.556,0.3011340913402752,64.887409,100.483201,132.8130459807285,21.61216586493505,39.2068940057469,0.8145250752931114,2.6987210848919028,24973.352749803496
GHSL_968,51,1455,111,0,0,0,0,0,0,0,0,0.0,9.777993984626196,21.611938130977823,668.98,8085.78462457657,3689.76823863039,OM,-0.091,0.2271497259856818,94.97276,498.280888,438.5494676360405,73.52816152160327,139.14176743564587,0.7741440715503208,8.45978714257458,88455.78167531354
GHSL_969,79,1336,62,0,0,0,1,0,0,0,4,7899200.0,7.255225834022113,18.846931761703427,274.74,7385.20170688629,4188.95185297849,OM,-0.165,0.311328742466528,222.358796,356.282729,460.98133849905344,65.67223658581725,138.60980602035417,0.6905112790853982,0.5401915530942635,100406.21687678099
GHSL_970,178,1018,13,0,0,0,1,0,0,0,1,5355400.0,7.168291676693572,17.301288375209804,260.47,6043.69558143616,6508.59824551505,OM,-0.334,0.2146528583959602,221.834103,298.254011,415.8377904640563,63.42772293540885,109.62257770831503,0.7586921556467332,7.131760824388364,80232.3105545497
GHSL_971,27,1356,168,0,0,0,1,0,0,0,2,5267000.0,7.134955468920157,16.915459998951665,272.92,7756.24991703033,3656.37863149711,OM,-0.016,0.2146528583959602,253.015008,378.724803,504.7052916978197,73.02341254241497,153.44650762838546,0.7084709593620189,2.2731582902396283,108174.33674201372
GHSL_972,327,841,3,0,0,0,0,0,0,0,2,11417900.000000002,5.80230720202346,14.83394268606568,365.08,5856.24540758133,2255.20547372015,OM,-0.473,0.261436737990008,184.163495,246.499677,327.8021084714094,49.66254975483086,96.1884063768912,0.701094010203109,7.295266042894385,67756.45744942361
GHSL_973,399,853,3,0,0,0,2,0,0,0,6,36615300.0,4.440534919165854,16.486404013717305,176.25,6274.52921962738,3940.89112879822,OM,-0.507,0.2649349232022477,495.997301,459.758536,707.0381747329234,93.14067283113975,140.75215461237465,0.7307329624846567,14.724676187719997,125061.52191967404
GHSL_974,281,1014,7,0,0,0,1,0,0,0,0,0.0,4.02140179564208,17.33608713756518,123.47,6510.13574886322,3958.78073850896,OM,-0.413,0.2494307140802241,83.586858,556.361979,461.79572443403026,83.42053540639834,112.23685514158416,0.8965135073077498,0.1205977914612663,78113.79150116228
GHSL_975,221,904,7,0,0,0,1,0,0,0,5,30060300.0,3.918241338349008,15.501170216946733,298.86,5658.98443412781,3101.56456200779,AS,-0.391,0.3375442166019814,364.415703,468.783214,602.1834169575774,81.46040370673941,121.0052711497446,0.772999807792026,13.401491862517634,100863.16882408384
GHSL_976,26,1208,140,0,0,0,1,0,0,0,0,0.0,8.527098957847947,23.249882988993836,687.42,6871.13571405411,3645.16096749718,OM,-0.027,0.311328742466528,177.373019,326.673965,400.6887828127504,59.3169166166684,133.5901207334706,0.685211124906958,0.1281228458278813,92272.46409869248
GHSL_977,102,1039,27,0,0,3,0,0,0,0,4,9383200.0,7.26838631885758,15.771242639103091,358.35,5845.65200138092,4343.99406799277,OM,-0.242,0.2213951926979405,122.546595,454.684741,411.2650490501353,68.56232586631658,106.88602760565584,0.7725896471276372,3.797335212088183,77825.56978147781
GHSL_978,47,1646,151,0,0,0,1,0,0,0,3,34451600.0,6.509977682608348,18.275037632324615,178.6,9218.85764455795,3284.63279532352,OM,-0.064,0.2088739628756101,462.648946,549.426481,756.1453741800319,105.73376002325664,194.5288981389819,0.6914810865456037,14.4064109326215,151156.8361281901
GHSL_979,942,353,0,0,0,0,1,0,0,0,0,0.0,6.128844182940529,22.86253675879274,508.7,6497.06056594849,5514.83530849388,OM,-0.831,0.0456106712659804,141.033678,263.721859,321.35105484692417,47.71201480335088,97.59937361938208,0.7123325069223448,0.1074520740826583,69778.16028709075
GHSL_980,20,6753,3241,1,0,0,3,0,1,0,16,93101500.0,5.764423764679044,20.67443372582492,274.68,50068.5845680237,5826.02701968543,OM,0.217,0.2906729252791875,2344.845163,3460.2719,4613.052344453742,652.9539068782176,1402.15662096926,0.6460713788699672,8.715450875343151,1072777.3436939663
GHSL_981,528,1172,4,0,0,0,1,0,0,0,1,4059000.0,5.679327329261078,16.635078395780344,173.21,8519.25547218323,4137.45482316588,OM,-0.5,0.3311983903901762,137.730501,509.686925,487.51412723942127,79.26929828951121,141.91775363094476,0.7415050231394721,6.808725410314534,99739.67212177262
GHSL_982,385,1260,7,0,0,0,0,0,0,0,0,0.0,5.266505080073779,17.64005664543032,55.54,8263.54661750793,4295.72299008564,OM,-0.43,0.2501343624972278,72.562854,849.218738,640.2374473576411,122.88867927632108,126.89733038920004,1.177504830776772,0.1535014379747118,80512.49501870283
GHSL_983,254,1029,8,0,0,0,2,0,0,0,2,12840000.0,5.031648769098117,25.13851632798159,727.18,6457.52880907059,4520.96775167349,OM,-0.393,0.1478942001717594,288.441868,408.914738,526.2760214219209,84.7903915892512,134.3563680995155,0.7183186370209494,13.377584390044005,105074.92738034489
GHSL_984,156,1106,19,0,0,0,0,0,0,0,0,0.0,4.919607182239695,21.32825640154753,306.63,6404.88415050507,6345.34426672875,OM,-0.299,0.2305991576436656,104.719039,360.809712,357.754677834349,57.04771655249994,101.8597031858164,0.8427177322321153,3.799306454778269,64836.341041012674
GHSL_985,20,1337,213,0,0,0,0,0,0,0,0,0.0,4.883645736984018,17.99757630862908,3.29,7844.74995470047,3298.48334505063,OM,0.024,0.2135640497082448,121.515512,510.488911,470.7532498169448,77.435964294457,144.68367901839505,0.7902411105570603,8.998742836909745,92196.83399162041
GHSL_986,347,1210,8,0,0,0,0,0,0,0,0,0.0,4.7918718998572185,16.616184132143058,154.35,7823.54919338226,3585.85613278253,OM,-0.419,0.2649349232022477,121.816817,402.891684,401.04249617926394,63.42516755795115,120.0955717180215,0.8046096827449913,6.400341712762168,76553.38511554048
GHSL_987,125,1281,34,0,0,0,2,0,0,0,4,28878800.0,4.773268078148684,15.19536187426736,311.75,7201.45382118225,5537.39897915763,OM,-0.241,0.3375442166019814,256.981039,493.26086,554.8366803717952,80.85931286307375,160.80846869665555,0.6036639425310656,5.72349496991738,131693.1324231404
GHSL_988,0,315,13086,1453,0,0,6,0,0,0,12,139991800.0,4.3833674528711235,18.602673774497163,1.07,74270.7278933525,6973.92371977948,OM,0.963,0.7158279617754639,7404.704341,9880.683695,13842.457705952656,2079.961331120085,3496.311437558598,0.7175306840421348,232.1506519742765,2810630.0710873455
GHSL_989,0,0,846,8645,230,0,2,0,0,0,1,12000000.0,4.327715963562855,18.526344269396223,11.22,48600.173459053,5189.14403928514,OM,1.759,0.6400336044944506,12594.786592,23999.33798,29071.376515892895,4369.4636007371955,7080.945010584719,0.5870638794657297,159.05195030361222,7321512.174283097
GHSL_990,106,1060,27,0,0,0,0,1,0,0,0,0.0,4.324645179734815,21.17738586181564,284.34,5970.59957122803,7189.8811936991,AS,-0.245,0.1974245806891539,176.233112,2309.27518,1707.895889962466,332.4693865481849,257.0048891688728,1.1019989765851144,0.4480729812040147,222057.02268620452
SCHOOL_1,0,0,0,0,0,0,0,0,0,0,2,8457400.0,5.2222930000000005,14.692683999999998,0.0,0.0,0.0,,0.0,0.0,33.668897,53.486628,53.08169372359407,7.086224512350781,6.777535602709508,0.6431942360835157,1.976706491835034,8457.400161959209
SCHOOL_2,0,0,0,0,0,0,0,0,0,0,2,4873600.0,5.285806000000001,14.730118,0.0,0.0,0.0,,0.0,0.0,21.062999,24.110417,28.388468634364067,3.52753583896473,3.818588126905981,0.5947233371289289,1.117519884971984,4873.60009332944
SCHOOL_3,0,0,0,0,0,0,0,0,0,0,2,2170400.0,5.485453873500006,15.004527580000005,0.0,0.0,0.0,,0.0,0.0,6.101606,32.891919,21.11037205367366,3.5308653536791925,1.9575274665730795,1.0013587784422375,0.6417367194020661,2170.4000415631604
SCHOOL_4,0,0,0,0,0,0,0,0,0,0,4,3360000.0,5.809010022498367,15.001106812502208,0.0,0.0,0.0,,0.0,0.0,12.738665,21.579106,20.67813038507366,2.8110821614270205,2.7847864611439195,0.6357952506939071,0.7597943481246104,3360.0000643440003
SCHOOL_5,0,0,0,0,0,0,0,0,0,0,2,4764200.0,6.137778555000081,14.814398885000122,0.0,0.0,0.0,,0.0,0.0,17.384361,29.017635,28.06201447751459,3.794504313272767,3.923148601270636,0.6106000625921089,1.0362681228395847,4764.20009123443
SCHOOL_6,0,0,0,0,0,0,0,0,0,0,2,3581000.0,6.1666121125,14.683085260000002,0.0,0.0,0.0,,0.0,0.0,10.158527,22.869681,19.804764019408232,2.789971150382321,3.2774880169602785,0.5886079392722108,0.6980094790666449,3581.00006857615
SCHOOL_7,0,0,0,0,0,0,0,0,0,0,1,1782600.0,6.325522000000001,14.862606,0.0,0.0,0.0,,0.0,0.0,4.965129,25.685495,16.955211418690944,2.7681678489377415,1.7113332823554743,0.9821946525810094,0.5236093413326139,1782.60003413679
SCHOOL_8,0,0,0,0,0,0,0,0,0,0,2,1958800.0,4.48479,14.932099999999998,0.0,0.0,0.0,,0.0,0.0,9.645312,14.20836,14.720973349767569,1.92819468312864,1.5120197961980568,0.750703792949558,0.598774924834875,1958.80003751102
SCHOOL_9,0,0,0,0,0,0,0,0,0,0,2,11258800.0,4.52021,14.9029,0.0,0.0,0.0,,0.0,0.0,63.239933,69.498774,83.81528941824621,10.311144078620304,8.456871589851838,0.7381483890494809,3.32627902765169,11258.80021560602
SCHOOL_10,0,0,0,0,0,0,0,0,0,0,1,12000000.0,4.4144822999999995,21.2453915,0.0,0.0,0.0,,0.0,0.0,27.376202,219.064315,130.36133732715095,22.759483030493385,12.72611020950553,1.130815196935065,3.7785246994716455,12000.0002298
SCHOOL_11,0,0,0,0,0,0,0,0,0,0,2,7575200.0,5.453274467500006,20.85656006,0.0,0.0,0.0,,0.0,0.0,41.058616,48.107227,54.8736571443459,7.006992468386163,6.201662805858201,0.7284125069286719,2.1805581221805017,7575.200145065079
SCHOOL_12,0,0,0,0,0,0,0,0,0,0,2,4977600.0,4.866084827000013,20.382289595000003,0.0,0.0,0.0,,0.0,0.0,9.116562,91.111771,52.67456976824346,9.33994957057221,5.620963894458819,1.112690680575282,1.4869951301707165,4977.6000953210405
SCHOOL_13,0,0,0,0,0,0,0,0,0,0,1,12000000.0,4.3112366,21.8522633,0.0,0.0,0.0,,0.0,0.0,51.69037,111.652423,97.93983603262426,13.829589388341011,10.93644091086466,0.8233265175201121,4.706730341500729,12000.0002298
SCHOOL_14,0,0,0,0,0,0,0,0,0,0,1,12000000.0,4.416812000000001,21.927825100000003,0.0,0.0,0.0,,0.0,0.0,24.452567,219.272631,128.46477367376997,22.617315728925124,13.09185579308618,1.1198372399597676,3.678899848453882,12000.0002298
SCHOOL_15,0,0,0,0,0,0,0,0,0,0,2,5808200.0,3.9784812890000127,16.16444697999999,0.0,0.0,0.0,,0.0,0.0,10.937464,104.012573,60.34016110570582,10.691907841620218,6.385887782889173,1.091330185401832,1.7131930476465942,5808.20011122703
SCHOOL_16,0,0,0,0,0,0,0,0,0,0,1,2914900.0,4.048197999999999,16.2050435,0.0,0.0,0.0,,0.0,0.0,18.185319,17.528826,22.299596849580997,2.988033974275404,2.3087925435682193,0.7575622539874302,1.2229417451307112,2914.9000558203347
SCHOOL_17,0,0,0,0,0,0,0,0,0,0,2,10315400.0,4.059306292000019,16.143520464999963,0.0,0.0,0.0,,0.0,0.0,61.411384,58.937655,76.13696802809874,9.18480923378598,7.634620671553131,0.7296221541915455,3.066773965894318,10315.400197539911
SCHOOL_18,0,0,0,0,0,0,0,0,0,0,3,2520000.0,4.1455827003360035,16.013806066629716,0.0,0.0,0.0,,0.0,0.0,11.461922,15.422392,16.566207866733794,2.14254197512075,2.0397803354939095,0.6683727598201008,0.6323850453819028,2520.000048258
SCHOOL_19,0,0,0,0,0,0,0,0,0,0,2,13283000.0,4.043182552999939,15.552203759999829,0.0,0.0,0.0,,0.0,0.0,55.953731,78.926783,83.76662321514378,10.811649868273069,10.739031850689717,0.6437866714186422,3.18488277423293,13283.00025436945
SCHOOL_20,0,0,0,0,0,0,0,0,0,0,1,6771000.0,4.150463199999999,15.6582295,0.0,0.0,0.0,,0.0,0.0,39.836177,40.2861,50.09819865638746,6.215928932261776,5.05776163738322,0.7331939247494129,2.079745930437651,6771.00012966465
SCHOOL_21,0,0,0,0,0,0,0,0,0,0,1,829300.0,4.189289999999998,15.7762,0.0,0.0,0.0,,0.0,0.0,4.822555,4.941462,6.122416618340377,0.7516039666164844,0.6329833353708971,0.7331729867657617,0.2452153738100284,829.300015881095
SCHOOL_22,0,0,0,0,0,0,0,0,0,0,2,19604800.0,4.219850215999999,15.739482249999998,0.0,0.0,0.0,,0.0,0.0,54.300453,282.47346,183.35339606735533,30.430753207705315,18.64904683540647,0.9686692332306516,5.622568618275378,19604.800375431918
SCHOOL_23,0,0,0,0,0,0,0,0,0,0,2,2475400.0,4.161223136500011,15.958728350000014,0.0,0.0,0.0,,0.0,0.0,9.930333,15.663498,15.629840866386171,2.079953918836945,2.0672088295513555,0.6491134841548101,0.586273604157771,2475.40004740391
SCHOOL_24,0,0,0,0,0,0,0,0,0,0,2,2688000.0,4.229876502,15.884924344999998,0.0,0.0,0.0,,0.0,0.0,6.737876,36.816261,23.672265897245797,3.946942525031313,2.7078842638908425,0.9221946854120854,0.7212547515863578,2688.0000514752
SCHOOL_25,0,0,0,0,0,0,0,0,0,0,2,1680000.0,4.237010082000009,15.852644859999993,0.0,0.0,0.0,,0.0,0.0,4.211519,23.010196,14.795199091215792,2.4668523873559356,1.6924254915887535,0.922198583463278,0.4507500474430048,1680.0000321720001
SCHOOL_26,0,0,0,0,0,0,0,0,0,0,3,2520000.0,4.239996671339677,15.84559195999789,0.0,0.0,0.0,,0.0,0.0,14.025373,20.332694,20.795599163832986,2.6849775392523716,1.9473173505149868,0.8103573753840166,1.0384102925146486,2520.000048258
SCHOOL_27,0,0,0,0,0,0,0,0,0,0,1,3644400.0,3.9062526,15.2891786,0.0,0.0,0.0,,0.0,0.0,16.351722,20.124085,22.793236269811732,2.874733691644663,2.9266403238003593,0.636647863173833,0.8836993991317047,3644.4000697902597
SCHOOL_28,0,0,0,0,0,0,0,0,0,0,2,4922200.0,3.8322702999999994,15.3554697,0.0,0.0,0.0,,0.0,0.0,21.255263,27.622196,30.55227750587216,3.8785057432605754,3.926178214021449,0.6324227860493923,1.1784289872730696,4922.20009426013
SCHOOL_29,0,0,0,0,0,0,0,0,0,0,1,6749500.0,3.919959999999999,15.391300000000005,0.0,0.0,0.0,,0.0,0.0,33.543395,38.228015,44.67730877834094,5.601384304759002,5.27338873247322,0.6673330191073326,1.757356584093597,6749.500129252926
SCHOOL_30,0,0,0,0,0,0,0,0,0,0,2,15117800.0,4.252996081500012,15.360101395,0.0,0.0,0.0,,0.0,0.0,32.854177,278.401657,164.0086390032628,28.816314402894953,15.490229763525145,1.127479358511161,4.741012939846588,15117.800289505869
SCHOOL_31,0,0,0,0,0,0,0,0,0,0,2,24000000.0,4.373608741499998,17.012639929999995,0.0,0.0,0.0,,0.0,0.0,63.298423,764.37938,424.6938910667786,77.60734020364593,23.85562654775781,1.7946898171811696,11.727057996153048,24000.0004596
SCHOOL_32,0,0,0,0,0,0,0,0,0,0,1,4106899.999999999,4.486039999999999,16.7764,0.0,0.0,0.0,,0.0,0.0,14.805628,25.590615,24.335310698000367,3.3306264594182533,3.5462937177077225,0.6174826399539967,0.9246659245586516,4106.900078647135
SCHOOL_33,0,0,0,0,0,0,0,0,0,0,1,3821400.0,4.773354600000001,16.7206866,0.0,0.0,0.0,,0.0,0.0,8.893825,55.060009,34.36991115572341,5.835891845251567,3.8988102820306945,0.943866413432546,1.0263179161096911,3821.4000731798105
SCHOOL_34,0,0,0,0,0,0,0,0,0,0,1,4427000.0,4.39346,16.6237,0.0,0.0,0.0,,0.0,0.0,28.396637,25.024474,33.7864369214371,4.083985208080044,3.386954005875572,0.752890130219929,1.449720301297787,4427.000084777049
SCHOOL_35,0,0,0,0,0,0,0,0,0,0,1,12000000.0,4.3715207000000005,18.5797398,0.0,0.0,0.0,,0.0,0.0,23.403289,155.296104,96.55616607719818,16.364685199335888,12.968114291433888,0.8583465489768695,2.870759541247544,12000.0002298
SCHOOL_36,0,0,0,0,0,0,0,0,0,0,2,13436000.0,4.636099279500007,15.551631705000004,0.0,0.0,0.0,,0.0,0.0,79.826294,79.518196,99.23812401507226,12.222508734057454,10.217087798996618,0.7333241153429565,4.000760653942988,13436.0002572994
SCHOOL_37,0,0,0,0,0,0,0,0,0,0,2,21194600.0,4.726211439000004,15.81474909,0.0,0.0,0.0,,0.0,0.0,95.000424,133.793342,139.52948072839447,18.335932415721068,17.19879597253566,0.6706641605483554,5.296221193805685,21194.60040587659
SCHOOL_38,0,0,0,0,0,0,0,0,0,0,2,3900000.0,4.528751449999999,16.4993261,0.0,0.0,0.0,,0.0,0.0,20.980951,20.466061,26.152311092534415,3.169950620702847,3.1023503444902136,0.6735660745710789,1.0505833210675908,3900.000074685
SCHOOL_39,0,0,0,0,0,0,0,0,0,0,3,2520000.0,4.103325984501557,15.149409680007208,0.0,0.0,0.0,,0.0,0.0,8.386004,54.580735,33.787111363532254,5.760601878244734,2.194138023792775,1.3534977594305369,1.0053655778156825,2520.000048258
SCHOOL_40,0,0,0,0,0,0,0,0,0,0,2,5003800.0,4.1575722050000214,15.19534473500002,0.0,0.0,0.0,,0.0,0.0,18.12332,29.413938,29.22795089237706,3.871968149718693,4.094536302414011,0.603780896901062,1.1112766587559522,5003.80009582277
SCHOOL_41,0,0,0,0,0,0,0,0,0,0,2,2050800.0,4.19729912650002,15.230940919999991,0.0,0.0,0.0,,0.0,0.0,7.021834,29.548865,20.10496879004613,3.259227723877463,1.7548623200757103,0.9995869635158156,0.63579175048022,2050.80003927282
SCHOOL_42,0,0,0,0,0,0,0,0,0,0,2,1680000.0,4.214643419499966,15.260935314999944,0.0,0.0,0.0,,0.0,0.0,10.191055,9.648097,12.646629619634227,1.5113744431862604,1.2150313724203718,0.7405827094041197,0.5133940692381133,1680.0000321720001
SCHOOL_43,0,0,0,0,0,0,0,0,0,0,2,1869800.0,4.232469374500094,15.299187039999843,0.0,0.0,0.0,,0.0,0.0,11.342491,10.738457,14.07591917804633,1.682144486030561,1.3526037091050076,0.740615532620469,0.5715073375287683,1869.80003580667
SCHOOL_44,0,0,0,0,0,0,0,0,0,0,1,4961500.0,4.30867,15.1138,0.0,0.0,0.0,,0.0,0.0,22.597728,32.38198,34.003434524118305,4.421975969930882,3.902246100093763,0.6879128205280535,1.5641180036352746,4961.500095012725
SCHOOL_45,0,0,0,0,0,0,0,0,0,0,4,2622800.0,5.350484175759453,15.112105189986774,0.0,0.0,0.0,,0.0,0.0,5.249594,34.089492,21.386142860883375,3.5986320614192473,2.7162573539298065,0.863936928369928,0.6382345832186059,2622.80005022662
SCHOOL_46,0,0,0,0,0,0,0,0,0,0,2,5893200.0,5.838963589999991,15.318220675000005,0.0,0.0,0.0,,0.0,0.0,22.256429,37.599323,36.444748173510234,4.901451289013306,4.892849196211955,0.6378701182547281,1.3429177382585,5893.20011285478
SCHOOL_47,0,0,0,0,0,0,0,0,0,0,3,5261100.0,5.9087868043326806,15.406812716668092,0.0,0.0,0.0,,0.0,0.0,12.111908,67.981888,44.04530863442372,7.269321221065183,5.341349767282317,0.8802880695822691,1.3430258799468169,5261.100100750065
SCHOOL_48,0,0,0,0,0,0,0,0,0,0,2,18270800.0,5.637821856000003,15.282138070000002,0.0,0.0,0.0,,0.0,0.0,46.86978,270.192484,173.69388847648813,28.825525630167952,17.45020943957762,0.9837086612901652,5.310408507608084,18270.800349885816
SCHOOL_49,0,0,0,0,0,0,0,0,0,0,2,8522600.0,5.739896871500075,15.224650325000058,0.0,0.0,0.0,,0.0,0.0,18.075953,158.146858,92.88044761121776,16.333819769123494,8.853059039873344,1.1335480462926086,2.6854715203145396,8522.60016320779
SCHOOL_50,0,0,0,0,0,0,0,0,0,0,2,1936600.0,5.795129717000013,15.111832125,0.0,0.0,0.0,,0.0,0.0,8.657649,10.57753,12.009378851918902,1.5145680768574383,1.4884116349314205,0.6288463095039759,0.467485948081299,1936.60003708589
SCHOOL_51,0,0,0,0,0,0,0,0,0,0,1,8854400.0,5.774069999999999,14.730724,0.0,0.0,0.0,,0.0,0.0,36.851723,59.142488,58.18225919977872,7.814175244365632,7.209094913975133,0.67181094956885,2.160827934837968,8854.400169561763
SCHOOL_52,0,0,0,0,0,0,0,0,0,0,1,11551800.0,5.928640000000001,15.6282,0.0,0.0,0.0,,0.0,0.0,23.734578,213.697112,125.02975630266155,22.037479102315345,12.126254528771351,1.1278478384560044,3.587736495446714,11551.800221216969
SCHOOL_53,0,0,0,0,0,0,0,0,0,0,1,5259800.0,5.942580000000001,15.508300000000004,0.0,0.0,0.0,,0.0,0.0,13.9587,67.718044,45.30545059290621,7.347882078187529,5.051608437938475,0.8961357125141688,1.4101134697701343,5259.8001007251705
SCHOOL_54,0,0,0,0,0,0,0,0,0,0,2,4972600.0,5.970271521999999,15.67947287,0.0,0.0,0.0,,0.0,0.0,15.214582,63.93684,44.46228426356145,7.05348250855782,4.611951507104739,0.9212350816787336,1.416111214183211,4972.60009522529
SCHOOL_55,0,0,0,0,0,0,0,0,0,0,1,12000000.0,4.6099762,21.7661661,0.0,0.0,0.0,,0.0,0.0,64.733504,78.082019,88.33218304367921,11.227000105468376,9.546930759708962,0.7372440684424812,3.444312376898936,12000.0002298
SCHOOL_56,0,0,0,0,0,0,0,0,0,0,2,13826200.0,4.663583781500001,22.522485385,0.0,0.0,0.0,,0.0,0.0,63.216031,77.231483,88.3024904837191,11.058710677993066,11.788832964136288,0.6522481437174307,3.443719841745118,13826.200264771727
SCHOOL_57,0,0,0,0,0,0,0,0,0,0,1,6280600.0,4.729556999999999,22.6700977,0.0,0.0,0.0,,0.0,0.0,34.323887,32.808836,42.7331339335612,5.120725649357347,5.146679115445896,0.6835322262213108,1.727907181180512,6280.60012027349
SCHOOL_58,0,0,0,0,0,0,0,0,0,0,1,5188100.0,4.737900299999998,22.726333400000005,0.0,0.0,0.0,,0.0,0.0,15.089824,74.752589,49.846287503430275,8.094365505845262,5.17758706477111,0.9936485442120836,1.5485996781920637,5188.100099352115
SCHOOL_59,0,0,0,0,0,0,0,0,0,0,2,2969600.0,4.901221112000009,20.25444251999998,0.0,0.0,0.0,,0.0,0.0,12.001379,25.931396,22.9093086418229,3.1908429423926536,2.717853149941736,0.7895665604057553,0.8145134612643425,2969.60005686784
SCHOOL_60,0,0,0,0,0,0,0,0,0,0,2,2910200.0,4.9033282394999995,20.349076689999976,0.0,0.0,0.0,,0.0,0.0,5.36598,53.239699,30.802243779576933,5.45984566952177,3.2426158665036984,1.1115474509904573,0.8701140975440919,2910.20005573033
SCHOOL_61,0,0,0,0,0,0,0,0,0,0,2,2728800.0,4.9129116945,20.2911474,0.0,0.0,0.0,,0.0,0.0,11.027173,23.83033,21.051909911838333,2.932206583648168,2.4974452692481917,0.7895749932155243,0.7485528979876305,2728.80005225652
SCHOOL_62,0,0,0,0,0,0,0,0,0,0,2,2569000.0,4.919018207500012,20.220342839999997,0.0,0.0,0.0,,0.0,0.0,12.511738,20.762025,20.336421750202387,2.787526613434451,2.2578655644944603,0.7999019071498518,0.8388892517991356,2569.0000491963497
SCHOOL_63,0,0,0,0,0,0,0,0,0,0,1,4396100.0,4.9338288,20.6954166,0.0,0.0,0.0,,0.0,0.0,18.134319,25.309491,26.920715271426182,3.4778400428880416,3.79889380845614,0.6318573327195164,1.0223620965330968,4396.100084185316
SCHOOL_64,0,0,0,0,0,0,0,0,0,0,3,1805100.0,4.941435478336061,20.192229710000788,0.0,0.0,0.0,,0.0,0.0,7.196347,39.111812,25.094931566614584,4.28718461891994,1.698023334380086,1.4012815535683385,0.870040469163429,1805.100034567665
SCHOOL_65,0,0,0,0,0,0,0,0,0,0,2,2596800.0,4.951824376499999,20.633470085,0.0,0.0,0.0,,0.0,0.0,12.437778,14.350682,16.94288177090949,2.094005635425338,2.1478558134750037,0.6616114963391575,0.6652314353669826,2596.8000497287194
SCHOOL_66,0,0,0,0,0,0,0,0,0,0,2,5927800.0,4.953797031500057,20.45505191500001,0.0,0.0,0.0,,0.0,0.0,31.862845,29.162148,38.737952843178235,4.628240021186626,4.748283758192134,0.6573752250591218,1.5738364344078322,5927.800113517371
SCHOOL_67,0,0,0,0,0,0,0,0,0,0,2,4132800.0,4.965234752500002,20.14313488499999,0.0,0.0,0.0,,0.0,0.0,7.59114,75.617501,43.748769095310266,7.752945316845436,4.589104034704613,1.1113387725357828,1.2358040773174623,4132.80007914312
SCHOOL_68,0,0,0,0,0,0,0,0,0,0,2,1481800.0,4.966324432000004,20.1086029,0.0,0.0,0.0,,0.0,0.0,2.721888,27.112963,15.68629618330497,2.779812633854097,1.645775944070966,1.1113697394133124,0.4432762552084321,1481.8000283764698
SCHOOL_69,0,0,0,0,0,0,0,0,0,0,2,4269800.0,4.978974006500016,20.71784424500003,0.0,0.0,0.0,,0.0,0.0,20.105503,24.303709,28.05163089429873,3.4920373977306234,3.519953551864476,0.6661297106624379,1.0939137187910348,4269.80008176667
SCHOOL_70,0,0,0,0,0,0,0,0,0,0,1,4762700.0,4.979608299999999,20.5438954,0.0,0.0,0.0,,0.0,0.0,8.813791,87.070233,50.38675877092164,8.931159371725471,5.2857300042918665,1.1106877526368215,1.424947854566487,4762.700091205705
SCHOOL_71,0,0,0,0,0,0,0,0,0,0,2,3839600.0,4.980409071000005,20.03026793500001,0.0,0.0,0.0,,0.0,0.0,18.461243,20.966257,24.691636225597275,3.07507429751749,3.1551883820048916,0.6530221004179432,0.9758630338526868,3839.60007352834
SCHOOL_72,0,0,0,0,0,0,0,0,0,0,1,4932700.0,4.981265699999999,20.0439983,0.0,0.0,0.0,,0.0,0.0,23.717235,26.934191,31.72107079430984,3.9505361627017512,4.053043238681963,0.6530123030259473,1.2538212150849184,4932.7000944612055
SCHOOL_73,0,0,0,0,0,0,0,0,0,0,1,6149400.0,5.100370000000001,20.0955,0.0,0.0,0.0,,0.0,0.0,11.594695,112.466424,65.17549810013016,11.54816505237628,6.887594375195991,1.1132884254882167,1.8465447732549691,6149.400117761011
SCHOOL_74,0,0,0,0,0,0,0,0,0,0,1,7342600.0,5.14128,20.3933,0.0,0.0,0.0,,0.0,0.0,26.328979,66.896903,55.799144047217254,7.969362706886086,6.82143147644262,0.7828997426299352,1.9334638026531297,7342.600140610792
SCHOOL_75,0,0,0,0,0,0,0,0,0,0,1,5311200.0,5.14923,20.7035,0.0,0.0,0.0,,0.0,0.0,36.985184,29.972784,41.73504380594404,5.748614133367969,4.625993011952528,0.7767359185946247,2.8386344372655574,5311.20010170948
SCHOOL_76,0,0,0,0,0,0,0,0,0,0,2,7843000.0,5.1581331995,20.26934620499999,0.0,0.0,0.0,,0.0,0.0,32.704838,50.374548,50.72058832637786,6.730234357308754,6.610236687655359,0.66358083388837,1.90241606215194,7843.00015019345
SCHOOL_77,0,0,0,0,0,0,0,0,0,0,1,3427700.0,5.21907,20.6902,0.0,0.0,0.0,,0.0,0.0,6.628238,62.65168,36.53213127839595,6.442645246289434,3.718787411105735,1.1152359850635911,1.0378585843239645,3427.7000656404553
SCHOOL_78,0,0,0,0,0,0,0,0,0,0,1,3607400.0,4.8973308,22.7377215,0.0,0.0,0.0,,0.0,0.0,23.193962,18.030875,26.443463129424508,3.1504442671188273,2.8592835483827,0.7251458628976682,1.210735976911753,3607.4000690817097
SCHOOL_79,0,0,0,0,0,0,0,0,0,0,1,7684900.0,4.9012652999999995,22.6215493,0.0,0.0,0.0,,0.0,0.0,39.915855,41.816441,51.779261388692795,6.309731303675504,6.490152666784224,0.6811116851485484,2.064462877190707,7684.900147165835
SCHOOL_80,0,0,0,0,0,0,0,0,0,0,1,3639700.0,4.917339,22.7223806,0.0,0.0,0.0,,0.0,0.0,15.724554,21.405947,23.03725844066491,2.963353650401974,3.1815594224929655,0.6510032731308601,0.8829662796493312,3639.700069700255
SCHOOL_81,0,0,0,0,0,0,0,0,0,0,1,9512600.0,5.0908280999999995,23.0143712,0.0,0.0,0.0,,0.0,0.0,51.085373,50.102299,64.2126635013571,7.852799554779915,7.880407269694309,0.6795962289389484,2.7354932261214637,9512.60018216629
SCHOOL_82,0,0,0,0,0,0,0,0,0,0,1,12000000.0,5.096125145000001,22.77286767,0.0,0.0,0.0,,0.0,0.0,62.723502,64.29134,79.9752115008741,9.77757575736467,9.842078734248409,0.6726119673123144,3.1961355851796465,12000.0002298
SCHOOL_83,0,0,0,0,0,0,0,0,0,0,2,24000000.0,5.631836722500003,21.647308135000003,0.0,0.0,0.0,,0.0,0.0,106.040831,146.982696,154.79430353417487,20.238531779900825,20.491263478159205,0.6615764304220217,5.889863722288344,24000.0004596
SCHOOL_84,0,0,0,0,0,0,0,0,0,0,1,5932000.0,5.258168699999998,20.0678107,0.0,0.0,0.0,,0.0,0.0,11.460792,76.01697,47.4953185049241,8.009499148859256,6.3792195724457965,0.8535692986161492,1.4104952544444516,5932.0001135978
SCHOOL_85,0,0,0,0,0,0,0,0,0,0,1,7366100.0,5.2826499999999985,20.1781,0.0,0.0,0.0,,0.0,0.0,19.255642,48.768628,40.12760461864015,5.811319914224411,7.220435055715392,0.5883922286160531,1.3950988124333057,7366.100141060814
SCHOOL_86,0,0,0,0,0,0,0,0,0,0,1,7187200.0,5.321049999999998,20.1502,0.0,0.0,0.0,,0.0,0.0,14.203548,91.981635,57.51830864520294,9.711692516071748,7.69144667550913,0.8528078510633194,1.7171805422977977,7187.20013763488
SCHOOL_87,0,0,0,0,0,0,0,0,0,0,2,3393400.0,5.391548257000127,20.275207849999944,0.0,0.0,0.0,,0.0,0.0,19.735132,21.009202,25.58254629981615,3.148379831831572,2.6554057225661585,0.7469365870141688,1.1141121692380862,3393.4000649836103
SCHOOL_88,0,0,0,0,0,0,0,0,0,0,2,4953800.0,5.420867246003495,20.3199732949918,0.0,0.0,0.0,,0.0,0.0,9.239521,71.380171,42.99457678185354,7.432828115795946,5.409130524202776,0.9225678900324578,1.2529220940298955,4953.80009486527
SCHOOL_89,0,0,0,0,0,0,0,0,0,0,1,3459500.0,5.5589094999999995,20.4440109,0.0,0.0,0.0,,0.0,0.0,23.072524,17.169405,25.489531357591595,3.3392807275011283,2.832490756166706,0.7295054885020704,1.5196282683905178,3459.500066249425
SCHOOL_90,0,0,0,0,0,0,0,0,0,0,1,3086000.0,5.615279999999999,20.064300000000003,0.0,0.0,0.0,,0.0,0.0,14.24034,19.408324,20.90918476057332,2.70095861942587,2.519239659720437,0.6867189400670641,0.8189004786011916,3086.0000590969007
SCHOOL_91,0,0,0,0,0,0,0,0,0,0,1,3101500.0,5.641353800000001,20.5093509,0.0,0.0,0.0,,0.0,0.0,6.092699,56.695882,33.04552409643513,5.835611005159955,3.3289636011781587,1.1141221605178817,0.940516129196625,3101.5000593937257
SCHOOL_92,0,0,0,0,0,0,0,0,0,0,2,7000600.0,5.669386508500003,20.702601950000023,0.0,0.0,0.0,,0.0,0.0,36.338457,35.156216,45.69068697095034,5.462130197205239,5.556801773102883,0.6562175464578757,1.842951742915164,7000.60013406149
SCHOOL_93,0,0,0,0,0,0,0,0,0,0,1,3316100.0,5.71718,20.5787,0.0,0.0,0.0,,0.0,0.0,18.379626,17.015138,22.38046517590963,2.7381377649660243,2.628016052503211,0.6761390479092293,0.9679421506778138,3316.1000635033147
SCHOOL_94,0,0,0,0,0,0,0,0,0,0,1,1881700.0,5.726320000000001,20.5943,0.0,0.0,0.0,,0.0,0.0,10.429492,9.655204,12.699631239838872,1.5537696948195967,1.4915169117050011,0.6761520652968038,0.5492342605056382,1881.7000360345546
SCHOOL_95,0,0,0,0,0,0,0,0,0,0,2,1669400.0,5.639704238000001,20.77201439000001,0.0,0.0,0.0,,0.0,0.0,7.70584,9.025839,10.53954665863228,1.3104032699064156,1.3883933190875015,0.6432597281130542,0.4129039359583564,1669.40003196901
SCHOOL_96,0,0,0,0,0,0,0,0,0,0,2,4807200.0,5.7267035125,20.86231692,0.0,0.0,0.0,,0.0,0.0,17.868512,29.760396,28.784329232166964,3.8938514762332743,4.1885648174125505,0.6236131730654701,1.0626300167875449,4807.20009205788
SCHOOL_97,0,0,0,0,0,0,0,0,0,0,2,4724400.0,5.7847850785000015,21.414528540000003,0.0,0.0,0.0,,0.0,0.0,19.031533,28.76289,29.460541910047457,3.862571897918088,4.093276834697806,0.6434643007931645,1.108869727317518,4724.400090472261
SCHOOL_98,0,0,0,0,0,0,0,0,0,0,1,820600.0,5.802915499999999,20.8664692,0.0,0.0,0.0,,0.0,0.0,1.618202,14.998253,8.713497949781484,1.544110627173965,0.8827798723418429,1.1114223811397046,0.247673751862208,820.60001571449
SCHOOL_99,0,0,0,0,0,0,0,0,0,0,1,2880400.0,5.8073372999999995,20.9216141,0.0,0.0,0.0,,0.0,0.0,5.802802,52.641414,30.6921608380564,5.42606964873458,3.129197343611371,1.1154025429722407,0.8758276570599789,2880.40005515966
SCHOOL_100,0,0,0,0,0,0,0,0,0,0,1,2506400.0,4.975416400000001,16.2754447,0.0,0.0,0.0,,0.0,0.0,11.596599,15.899415,16.94869807424135,2.1963699857419674,1.9692672343685904,0.6837570215680076,0.6462292180296895,2506.40004799756
SCHOOL_101,0,0,0,0,0,0,0,0,0,0,1,4429800.0,5.4302855999999995,15.974796,0.0,0.0,0.0,,0.0,0.0,18.79235,27.806356,28.472443147637076,3.756916074788251,3.5586966650094656,0.6561392160541403,1.0739813054789142,4429.800084830671
SCHOOL_102,0,0,0,0,0,0,0,0,0,0,2,11871400.0,5.5380644220000015,15.669323175000006,0.0,0.0,0.0,,0.0,0.0,54.399314,84.960411,84.25035323850365,11.307917260531584,9.270931754544462,0.7171317888409395,3.15134374011238,11871.400227337312
SCHOOL_103,0,0,0,0,0,0,0,0,0,0,1,3922400.0,5.700099999999999,15.631500000000004,0.0,0.0,0.0,,0.0,0.0,19.978278,24.814192,27.613208734291344,3.534280707263654,3.022531050436807,0.7066138212549825,1.0676201961458485,3922.40007511396
SCHOOL_104,0,0,0,0,0,0,0,0,0,0,1,12000000.0,5.120330599999999,17.7981125,0.0,0.0,0.0,,0.0,0.0,64.520086,66.160849,80.75742019710623,11.050311704950456,10.179651726153908,0.6799256262523647,4.540459803723584,12000.0002298
SCHOOL_105,0,0,0,0,0,0,0,0,0,0,1,12000000.0,5.231616499999999,17.6899894,0.0,0.0,0.0,,0.0,0.0,30.250747,171.174514,108.8201509879737,18.283655268475048,11.723503681729254,0.945549888586428,3.311123449960062,12000.0002298
SCHOOL_106,0,0,0,0,0,0,0,0,0,0,1,12000000.0,5.805059999999999,17.5694,0.0,0.0,0.0,,0.0,0.0,57.108733,77.697788,82.99229118013578,10.758090927473887,9.381006906057255,0.6974462923099398,3.173403766069085,12000.0002298
SCHOOL_107,0,0,0,0,0,0,0,0,0,0,2,17066200.0,5.825607879499998,18.332996809999997,0.0,0.0,0.0,,0.0,0.0,74.842615,112.449429,115.44991664119608,15.127680181863724,14.021344477334152,0.6880696444518007,4.35157727538523,17066.200326817732
SCHOOL_108,0,0,0,0,0,0,0,0,0,0,1,5790500.0,5.55429,16.454700000000003,0.0,0.0,0.0,,0.0,0.0,26.788644,32.147768,36.534678019284335,4.630095643568051,4.5743531201118,0.6407948750614438,1.4231247480753288,5790.500110888075
SCHOOL_109,0,0,0,0,0,0,0,0,0,0,2,1446000.0,5.580504924500019,16.552471695000005,0.0,0.0,0.0,,0.0,0.0,5.561291,9.282143,9.000757045171392,1.2138009398086342,1.2334144103124631,0.6436208509696588,0.3326036129309337,1446.0000276909
SCHOOL_110,0,0,0,0,0,0,0,0,0,0,1,3338500.0,5.599449999999999,16.31,0.0,0.0,0.0,,0.0,0.0,14.955545,18.556395,21.04035416765814,2.634712172400066,2.6066332769832417,0.6376740520348643,0.8558424017518722,3338.5000639322748
SCHOOL_111,0,0,0,0,0,0,0,0,0,0,3,2520000.0,5.629553642667325,16.59807063999832,0.0,0.0,0.0,,0.0,0.0,11.86937,13.644788,15.89740819566271,1.9934598775007737,2.0368902518808136,0.6414099564334226,0.623117938179993,2520.000048258
SCHOOL_112,0,0,0,0,0,0,0,0,0,0,1,3449600.0,5.658920999999999,15.8991321,0.0,0.0,0.0,,0.0,0.0,14.058228,21.564706,21.71627460359998,2.8843533133910544,2.8508775955655485,0.6465337278051656,0.8144998601343465,3449.60006605984
SCHOOL_113,0,0,0,0,0,0,0,0,0,0,2,2369800.0,5.664853986499996,16.631997654999996,0.0,0.0,0.0,,0.0,0.0,8.779106,15.494336,14.62545977507092,1.99761488427418,2.0315855322170195,0.6401957774245948,0.5350029368583669,2369.8000453816703
SCHOOL_114,0,0,0,0,0,0,0,0,0,0,1,10464500.0,5.680400000000001,15.9811,0.0,0.0,0.0,,0.0,0.0,68.725449,56.168205,79.58212813528355,9.937184902204171,7.811363715937742,0.7458466115961442,4.11402888303626,10464.500200395174
SCHOOL_115,0,0,0,0,0,0,0,0,0,0,1,10113000.0,5.726158399999999,15.9707283,0.0,0.0,0.0,,0.0,0.0,64.995197,55.711276,76.44494427128541,9.319322236639207,7.561130206183632,0.7441162046887574,3.4488768660734936,10113.000193663951
SCHOOL_116,0,0,0,0,0,0,0,0,0,0,1,5056200.0,5.738215999999999,15.9143781,0.0,0.0,0.0,,0.0,0.0,11.892921,72.851524,45.80951709037089,7.728726761259117,5.239765974037388,0.9505574011318704,1.3758716246855225,5056.20009682623
SCHOOL_117,0,0,0,0,0,0,0,0,0,0,3,4661700.000000001,5.7430042473383685,16.58920965666832,0.0,0.0,0.0,,0.0,0.0,19.857379,31.156753,30.918860703593072,4.141682106957153,3.7709554332303905,0.6767586434919414,1.15213016317321,4661.700089271556
SCHOOL_118,0,0,0,0,0,0,0,0,0,0,1,3109400.0,5.767920000000001,15.8889,0.0,0.0,0.0,,0.0,0.0,17.187307,17.621384,21.86105086031897,2.679664358339792,2.3629564671602186,0.7009395601336561,0.8731636720929076,3109.40005954501
SCHOOL_119,0,0,0,0,0,0,0,0,0,0,1,1397900.0,5.87265,15.8402,0.0,0.0,0.0,,0.0,0.0,3.043381,18.167257,11.51138518180416,1.9317018606810352,1.43027653107166,0.8700886942806896,0.3467257643899143,1397.900026769785
SCHOOL_120,0,0,0,0,0,0,0,0,0,0,2,2076800.0,5.887018635,16.531733650000003,0.0,0.0,0.0,,0.0,0.0,9.137781,12.207058,13.196244760868652,1.723752768791662,1.6465839999294078,0.646105596966158,0.5406362210629952,2076.80003977072
SCHOOL_121,0,0,0,0,0,0,0,0,0,0,1,8335700.000000001,5.866520000000002,15.588299999999998,0.0,0.0,0.0,,0.0,0.0,22.188349,107.466937,71.86299378543096,11.6594003298625,7.9738149349901,0.8965147023888277,2.24276769795489,8335.700159628655
SCHOOL_122,0,0,0,0,0,0,0,0,0,0,1,2614400.0,5.892900000000001,15.8108,0.0,0.0,0.0,,0.0,0.0,5.691671,33.978903,21.529293933719877,3.612764498262273,2.67516528384862,0.8701037293380681,0.6485434436532791,2614.40005006576
SCHOOL_123,0,0,0,0,0,0,0,0,0,0,1,3715600.0,5.894339999999999,15.753900000000002,0.0,0.0,0.0,,0.0,0.0,20.980906,19.802791,25.834815021504852,3.1374544266132607,2.7510801145155703,0.6903963902196546,1.0858763756773606,3715.60007115374
SCHOOL_124,0,0,0,0,0,0,0,0,0,0,1,10442500.0,5.9026251,15.452224,0.0,0.0,0.0,,0.0,0.0,33.707632,66.520233,60.36796224127999,8.35067216667236,9.19077935042123,0.6072665739257839,2.1721974725517845,10442.500199973876
SCHOOL_125,0,0,0,0,0,0,0,0,0,0,3,7186200.000000001,5.992343035008394,15.57339212666942,0.0,0.0,0.0,,0.0,0.0,14.913361,133.355743,78.20240966130116,13.756987384006608,7.66279209153415,1.1345120732178184,2.250231864556434,7186.2001376157305
SCHOOL_126,0,0,0,0,0,0,0,0,0,0,1,2990900.0,5.9972038,15.7429231,0.0,0.0,0.0,,0.0,0.0,16.527305,17.239411,21.14310284242548,2.6422504457318756,2.2450392245311104,0.7020255513629994,0.9531205432004932,2990.900057275735
SCHOOL_127,0,0,0,0,0,0,0,0,0,0,2,1243400.0,6.0058307110000095,15.759505014999988,0.0,0.0,0.0,,0.0,0.0,4.845181,8.719514,8.133316918783402,1.1185735970591857,1.0262750045305886,0.6720919436133356,0.2973729324122277,1243.40002381111
SCHOOL_128,0,0,0,0,0,0,0,0,0,0,2,4833600.0,6.023788284000012,15.548022770000046,0.0,0.0,0.0,,0.0,0.0,20.655162,27.989532,30.251914535003777,3.879819095783283,3.8291943925804888,0.637519789931272,1.1573657586571064,4833.60009256344
SCHOOL_129,0,0,0,0,0,0,0,0,0,0,2,4454200.0,6.027544593500003,15.518118215000008,0.0,0.0,0.0,,0.0,0.0,19.036214,25.787818,27.876247578476132,3.575232105588506,3.527195783133306,0.6374856148644492,1.0657245944594638,4454.20008529793
SCHOOL_130,0,0,0,0,0,0,0,0,0,0,2,1680000.0,5.8298832160000345,17.54985509000005,0.0,0.0,0.0,,0.0,0.0,5.729561,11.433109,10.315871533788853,1.422341526175971,1.425997585437306,0.6360201708022406,0.4025953394365053,1680.0000321720001
SCHOOL_131,0,0,0,0,0,0,0,0,0,0,1,2879300.0,5.8543063,18.3441744,0.0,0.0,0.0,,0.0,0.0,13.382393,18.845299,19.698802162745384,2.582763606882297,2.3464230849203505,0.6944643548037193,0.7464474378041954,2879.300055138595
SCHOOL_132,0,0,0,0,0,0,0,0,0,0,1,1030700.0,5.9075707,17.5155161,0.0,0.0,0.0,,0.0,0.0,2.175658,15.300742,9.377104182866765,1.6050664275816937,1.0686071889265225,0.956337913399111,0.2782661875433382,1030.700019737905
SCHOOL_133,0,0,0,0,0,0,0,0,0,0,1,2092100.0,5.996740000000001,17.4661,0.0,0.0,0.0,,0.0,0.0,7.869944,14.023226,13.154551481631966,1.8036724545539504,1.7594217089190405,0.6498749591119465,0.4794518355380466,2092.1000400637154
SCHOOL_134,0,0,0,0,0,0,0,0,0,0,1,5881700.0,6.008820000000001,18.3872,0.0,0.0,0.0,,0.0,0.0,12.827949,76.5471,48.18496013274937,8.143980015066346,5.9360180393368935,0.8656608829487347,1.454798967365479,5881.700112634557
SCHOOL_135,0,0,0,0,0,0,0,0,0,0,1,3070800.0,6.060040000000001,17.4437,0.0,0.0,0.0,,0.0,0.0,6.127842,56.218716,32.80522236249959,5.7914016589693755,3.2154646040747785,1.1145800019679435,0.9342187822704028,3070.8000588058194
SCHOOL_136,0,0,0,0,0,0,0,0,0,0,1,2536000.0,6.153559999999999,18.3606,0.0,0.0,0.0,,0.0,0.0,17.182048,15.723904,20.631236212443618,2.4960819781034957,1.904797293745039,0.7986957768927132,0.8409877125317293,2536.0000485644
SCHOOL_137,0,0,0,0,0,0,0,0,0,0,1,2376600.0,6.193779999999999,17.4424,0.0,0.0,0.0,,0.0,0.0,4.749117,43.617878,25.400973745982977,4.492966255192538,2.533325215925602,1.1169242577891525,0.7239050898572009,2376.6000455118906
SCHOOL_138,0,0,0,0,0,0,0,0,0,0,1,12000000.0,4.762234299999999,22.8662335,0.0,0.0,0.0,,0.0,0.0,57.486577,101.150723,96.94545517960302,13.050808521933796,10.53621102677068,0.8161396838404666,3.5633555619944857,12000.0002298
SCHOOL_139,0,0,0,0,0,0,0,0,0,0,1,10765700.0,4.766922199999999,22.8486718,0.0,0.0,0.0,,0.0,0.0,51.221584,57.05007,68.3938622324567,8.425070623249034,9.05328160089171,0.6468264973426224,2.704349237792272,10765.700206163156
SCHOOL_140,0,0,0,0,0,0,0,0,0,0,1,6933000.0,4.7831527000000005,22.8620446,0.0,0.0,0.0,,0.0,0.0,33.211341,58.44313,56.01103332797694,7.540405268656146,6.133980716600792,0.8167148368189634,2.058886256322225,6933.000132766949
SCHOOL_141,0,0,0,0,0,0,0,0,0,0,1,2761600.0,4.7852733999999995,22.6919274,0.0,0.0,0.0,,0.0,0.0,6.345432,87.953703,48.428032787138065,8.876808399872214,2.9461412904637276,1.786570802054029,1.325047247439777,2761.60005288464
SCHOOL_142,0,0,0,0,0,0,0,0,0,0,1,5685400.0,4.8445053,22.7464909,0.0,0.0,0.0,,0.0,0.0,14.316386,181.06861,100.7862311524635,18.34556810955894,5.833878504455547,1.7994134815470644,2.780795938278263,5685.400108875409
SCHOOL_143,0,0,0,0,0,0,0,0,0,0,1,12000000.0,4.880720999999999,22.89773,0.0,0.0,0.0,,0.0,0.0,65.875791,64.813544,82.59618458926502,10.006655748512705,9.975741117507592,0.6925467325194603,3.322800994861,12000.0002298
SCHOOL_144,0,0,0,0,0,0,0,0,0,0,1,2185000.0,6.339422,14.884035,0.0,0.0,0.0,,0.0,0.0,6.08522,31.483005,20.78269120901603,3.393052387600221,2.097448017050809,0.982191946525514,0.6417349617107803,2185.00004184275
SCHOOL_145,0,0,0,0,0,0,0,0,0,0,1,3706200.0,6.402872499999999,14.9422798,0.0,0.0,0.0,,0.0,0.0,13.104559,23.500554,22.150079845810204,3.0178819848289935,3.179219068487379,0.622129343217869,0.8090147818821342,3706.2000709737295
SCHOOL_146,0,0,0,0,0,0,0,0,0,0,1,5293900.0,6.55311,14.9994,0.0,0.0,0.0,,0.0,0.0,17.881622,31.628119,30.097337578844336,4.0753824051024985,4.548133204381769,0.5949876622275916,1.10168646380528,5293.900101378184
SCHOOL_147,0,0,0,0,0,0,0,0,0,0,2,2337600.0,6.6358245,14.9377767,0.0,0.0,0.0,,0.0,0.0,6.942932,15.331747,13.345771907042748,1.8923487238490504,2.2016686235208733,0.6068956691135363,0.4960322326226615,2337.60004476504
SCHOOL_148,0,0,0,0,0,0,0,0,0,0,1,840000.0,6.644602999999999,14.917527,0.0,0.0,0.0,,0.0,0.0,2.494923,5.509288,4.795723145986915,0.6799920186676537,0.791128971187124,0.6068948806063071,0.1782329934556201,840.0000160860001
SCHOOL_149,0,0,0,0,0,0,0,0,0,0,1,3755500.0,6.67179,14.9884,0.0,0.0,0.0,,0.0,0.0,11.545236,119.606785,68.12292079077235,12.240227792637691,3.470423626642848,1.826105732757181,1.9269220922181685,3755.5000719178247
SCHOOL_150,0,0,0,0,0,0,0,0,0,0,1,4457400.0,6.69737,15.029199999999998,0.0,0.0,0.0,,0.0,0.0,26.516608,24.172958,31.998226528429864,3.874386600517165,3.467672873688844,0.7136831987367422,1.3465011073559825,4457.400085359209
SCHOOL_151,0,0,0,0,0,0,0,0,0,0,2,10492600.0,6.730108800000002,14.970899,0.0,0.0,0.0,,0.0,0.0,34.612115,334.169694,190.9441168103673,34.321803217081516,9.440113490665247,1.8298814364933833,5.3915179560395226,10492.600200933291
SCHOOL_152,0,0,0,0,0,0,0,0,0,0,1,3892700.0,6.747389999999999,15.0796,0.0,0.0,0.0,,0.0,0.0,11.908214,123.985796,70.27045594569475,12.681894584342109,3.5285639766887944,1.8176135139593,1.9767803790929452,3892.7000745452046
SCHOOL_153,0,0,0,0,0,0,0,0,0,0,1,5590100.0,5.741397799999998,19.3614216,0.0,0.0,0.0,,0.0,0.0,26.069446,33.398592,36.91948162809326,4.710498185700572,4.493148864821667,0.669559876705911,1.4203544882457244,5590.100107050416
SCHOOL_154,0,0,0,0,0,0,0,0,0,0,2,1680000.0,5.765954782521697,19.905882594968514,0.0,0.0,0.0,,0.0,0.0,8.902064,10.220196,11.882631368187456,1.6338981838329876,1.422783632298987,0.7123797794091545,0.6455578697650958,1680.0000321720001
SCHOOL_155,0,0,0,0,0,0,0,0,0,0,3,2520000.0,5.711318975023127,21.583806306723737,0.0,0.0,0.0,,0.0,0.0,10.1533,13.692656,14.858995524909016,1.9009359525489071,2.2021416089706354,0.611125493153454,0.5689100894380358,2520.000048258
SCHOOL_156,0,0,0,0,0,0,0,0,0,0,2,1680000.0,5.722224895,21.558057425,0.0,0.0,0.0,,0.0,0.0,6.768847,9.128536,9.90600683549887,1.2672950442098043,1.468030456604446,0.6111231957971677,0.3792697676391764,1680.0000321720001
SCHOOL_157,0,0,0,0,0,0,0,0,0,0,1,2131600.0,5.771303999999999,20.1492189,0.0,0.0,0.0,,0.0,0.0,12.642179,10.498724,14.738941263523886,1.7813093585554864,1.6872950267571871,0.688807337954469,0.6716095340047864,2131.6000408201403
SCHOOL_158,0,0,0,0,0,0,0,0,0,0,1,4262500.0,5.786019799999999,19.484492000000003,0.0,0.0,0.0,,0.0,0.0,22.733075,24.561607,29.507666270642755,3.665790976540918,3.2906870824796326,0.6932816536905854,1.1702502812983326,4262.500081626876
SCHOOL_159,0,0,0,0,0,0,0,0,0,0,1,2109700.0,5.804849599999999,20.2420065,0.0,0.0,0.0,,0.0,0.0,9.051472,11.945637,12.925474050308535,1.6693168257428077,1.7613498355652384,0.6294531113745003,0.4959076279497618,2109.700040400755
SCHOOL_160,0,0,0,0,0,0,0,0,0,0,2,2559400.0,5.814487352000129,20.815698710000056,0.0,0.0,0.0,,0.0,0.0,13.872783,14.706906,17.85583623384411,2.2097482590110933,2.0702036385408964,0.7009533273328356,0.7092136325193871,2559.40004901251
SCHOOL_161,0,0,0,0,0,0,0,0,0,0,2,3778400.0,5.825025707500005,21.33808919000001,0.0,0.0,0.0,,0.0,0.0,28.732768,20.476015,31.16457012389387,4.150797472668924,3.1010750789906756,0.8062705199539463,2.032128649190676,3778.40007235636
SCHOOL_162,0,0,0,0,0,0,0,0,0,0,3,3116100.0000000005,5.825522413005508,20.73070332666267,0.0,0.0,0.0,,0.0,0.0,13.532202,18.256765,19.84932915511827,2.534258656050971,2.620798450029588,0.6513613907068021,0.7629204608369919,3116.100059673315
SCHOOL_163,0,0,0,0,0,0,0,0,0,0,2,7281400.0,5.8189232315000075,20.67585790499997,0.0,0.0,0.0,,0.0,0.0,38.920746,39.477424,49.234645497013005,6.120805763539304,5.896172866173545,0.6802315958170654,2.0958464755041297,7281.400139438811
SCHOOL_164,0,0,0,0,0,0,0,0,0,0,1,11088500.0,5.83067,20.6195,0.0,0.0,0.0,,0.0,0.0,22.34345,202.709182,118.49649644372982,20.894825659298753,11.806046213480172,1.1161713325383908,3.3787485441601586,11088.500212344776
SCHOOL_165,0,0,0,0,0,0,0,0,0,0,2,3734200.0,5.841109132000001,19.922073005,0.0,0.0,0.0,,0.0,0.0,18.804253,23.853722,26.439777649506915,3.393949642294659,2.9835895473957175,0.7105484923632999,1.1277155594905008,3734.20007150993
SCHOOL_166,0,0,0,0,0,0,0,0,0,0,2,5753200.0,5.85055733400001,21.018250804999965,0.0,0.0,0.0,,0.0,0.0,11.235763,105.139873,61.04724627163977,10.818205511503692,6.315509795506492,1.1125640726998938,1.734043588825054,5753.2001101737815
SCHOOL_167,0,0,0,0,0,0,0,0,0,0,2,2880000.0,5.867638508500002,20.732718664999997,0.0,0.0,0.0,,0.0,0.0,5.717997,52.645903,30.669094472946433,5.422174154487062,3.090170824864446,1.1137313160004938,0.8726527776930456,2880.0000551519997
SCHOOL_168,0,0,0,0,0,0,0,0,0,0,3,3775200.000000001,5.889447255676813,21.097851533326956,0.0,0.0,0.0,,0.0,0.0,27.539657,23.828589,32.67696058971109,4.174089195282239,2.953578777387058,0.8424037310865323,1.8219381195360915,3775.2000722950806
SCHOOL_169,0,0,0,0,0,0,0,0,0,0,3,3045600.0000000005,5.892632159669878,21.285179220003148,0.0,0.0,0.0,,0.0,0.0,6.016259,55.639784,32.342589590012985,5.729051871484258,3.2701449879227926,1.1112623187940651,0.9200533507112711,3045.600058323241
SCHOOL_170,0,0,0,0,0,0,0,0,0,0,3,8361599.999999998,5.920306038681578,21.148382873316116,0.0,0.0,0.0,,0.0,0.0,40.910077,45.873326,54.40702859630408,6.758741556477514,6.89311350185831,0.6600169927906482,2.146049954619715,8361.600160124637
SCHOOL_171,0,0,0,0,0,0,0,0,0,0,2,3657200.0,5.92419317650001,21.22207706000004,0.0,0.0,0.0,,0.0,0.0,9.426961,45.794153,30.54404949419029,4.968679602170912,3.724571802015716,0.8765847762104728,0.9488220255678792,3657.2000700353797
SCHOOL_172,0,0,0,0,0,0,0,0,0,0,2,3080000.0,6.0202972855002725,21.397948999999876,0.0,0.0,0.0,,0.0,0.0,6.681689,44.379379,27.509949045024417,4.676170827431864,3.1900224692270425,0.9394897191155498,0.8165805997091933,3080.000058982
SCHOOL_173,0,0,0,0,0,0,0,0,0,0,1,4863700.0,5.85566,20.5491496,0.0,0.0,0.0,,0.0,0.0,25.196663,24.971602,31.530474064892296,3.844978842358184,3.8805983355476577,0.6540238075856848,1.2646060114123163,4863.700093139855
SCHOOL_174,0,0,0,0,0,0,0,0,0,0,1,2588400.0,5.880999899999999,20.5711525,0.0,0.0,0.0,,0.0,0.0,11.788299,13.452464,15.741864924277651,1.9702247461242428,2.121620245855053,0.6215806362167423,0.6180923906909528,2588.4000495678597
SCHOOL_175,0,0,0,0,0,0,0,0,0,0,1,5105800.0,5.970233899999999,20.5221423,0.0,0.0,0.0,,0.0,0.0,29.435287,26.67499,35.37823433204793,4.3458823856093325,4.1073734009564475,0.6931478430062522,1.563153921493404,5105.80009777607
SCHOOL_176,0,0,0,0,0,0,0,0,0,0,2,24000000.0,6.01763607850002,19.75472910999998,0.0,0.0,0.0,,0.0,0.0,101.991962,147.216561,152.84849388678072,20.03176962587432,20.092334672365535,0.6530688832762246,5.776966005273144,24000.0004596
SCHOOL_177,0,0,0,0,0,0,0,0,0,0,1,1533200.0,6.080161274000002,20.39942056,0.0,0.0,0.0,,0.0,0.0,8.62206,7.916933,10.614175902944355,1.25488164751347,1.2047093430864244,0.6903466374291554,0.4324737520326357,1533.20002936078
SCHOOL_178,0,0,0,0,0,0,0,0,0,0,2,5090400.0,6.029713277000004,20.79403374,0.0,0.0,0.0,,0.0,0.0,18.008157,32.41128,30.6420003783173,4.158453431667924,4.52266933733046,0.6283445726072588,1.1220769974343086,5090.40009748116
SCHOOL_179,0,0,0,0,0,0,0,0,0,0,3,3319799.9999999995,6.073565476370538,21.115982443339064,0.0,0.0,0.0,,0.0,0.0,14.923269,33.399147,28.2606612290169,3.937516700837384,2.8175582832191495,0.8371456549884843,1.823353749511152,3319.8000635741696
SCHOOL_180,0,0,0,0,0,0,0,0,0,0,1,2837800.0,6.123660000000001,21.2982,0.0,0.0,0.0,,0.0,0.0,10.002234,20.859733,18.21430858550369,2.5863892128245736,2.544918106173116,0.6696955516761043,0.6477682581063076,2837.8000543438693
SCHOOL_181,0,0,0,0,0,0,0,0,0,0,3,2520000.0,6.149681387009759,20.793007143335966,0.0,0.0,0.0,,0.0,0.0,4.770094,46.068034,26.66674609582808,4.731547472668617,2.7277771039812353,1.1087631493742478,0.7554102108037745,2520.000048258
SCHOOL_182,0,0,0,0,0,0,0,0,0,0,2,2602400.0,5.9173024250000035,21.437232465000015,0.0,0.0,0.0,,0.0,0.0,19.245386,13.410541,20.901908781312653,2.533998642019853,2.037898083071652,0.785631711466447,1.055330742455165,2602.40004983596
SCHOOL_183,0,0,0,0,0,0,0,0,0,0,2,1707600.0,6.347613686000004,21.44333371,0.0,0.0,0.0,,0.0,0.0,6.118289,11.071727,10.510923460737892,1.4185110483316046,1.5222023907631104,0.6405694577007155,0.3875863608916081,1707.60003270054
SCHOOL_184,0,0,0,0,0,0,0,0,0,0,2,3606200.0,6.392893183500081,21.531047474999937,0.0,0.0,0.0,,0.0,0.0,11.723723,23.971172,21.22206494177562,2.9852647879079175,3.323975636523028,0.6216417206326824,0.7571708569474449,3606.20006905873
SCHOOL_185,0,0,0,0,0,0,0,0,0,0,4,3360000.0,6.153640187789472,21.13898411745484,0.0,0.0,0.0,,0.0,0.0,14.316326,35.181792,28.789827117625148,4.085926719026279,2.8606265955264467,0.8432664905349426,1.8964393528100612,3360.0000643440003
SCHOOL_186,0,0,0,0,0,0,0,0,0,0,3,3690000.0,6.170324309338269,21.210601890009656,0.0,0.0,0.0,,0.0,0.0,18.203105,20.076107,23.92343882234961,2.9796999236953106,3.0458257266094533,0.6579663107153039,0.9518020275913512,3690.0000706634996
SCHOOL_187,0,0,0,0,0,0,0,0,0,0,2,2214200.0,6.2334688745,20.950609265000004,0.0,0.0,0.0,,0.0,0.0,9.484547,19.060983,17.237739821833003,2.4296529098287865,2.0020314605556067,0.7935550262683811,0.6839217754045706,2214.20004240193
SCHOOL_188,0,0,0,0,0,0,0,0,0,0,1,5114300.0,6.2598012999999995,21.0959407,0.0,0.0,0.0,,0.0,0.0,21.122517,27.310639,30.467078005385293,3.840765971948517,4.364067115339152,0.6138525692423533,1.176704086121716,5114.300097938845
SCHOOL_189,0,0,0,0,0,0,0,0,0,0,1,4126300.0,6.327529999999999,21.3727,0.0,0.0,0.0,,0.0,0.0,19.408494,35.40995,33.16492374720225,4.642494053853179,3.6927376298323593,0.8131079110686088,1.4287601845694804,4126.300079018645
SCHOOL_190,0,0,0,0,0,0,0,0,0,0,1,6602600.0,6.34575,21.2803,0.0,0.0,0.0,,0.0,0.0,45.349155,39.583105,54.10414360463445,6.756947897128809,5.212555242239497,0.8045502012718575,2.6292001718910076,6602.60012643979
SCHOOL_191,0,0,0,0,0,0,0,0,0,0,2,2545200.0,6.321688098000007,19.92746660500001,0.0,0.0,0.0,,0.0,0.0,15.829075,12.969881,18.40510782772956,2.1522795589597297,1.917656544658292,0.7143377523562853,0.7604858417200668,2545.20004874058
SCHOOL_192,0,0,0,0,0,0,0,0,0,0,2,1869600.0,6.388389686000011,19.894214604999995,0.0,0.0,0.0,,0.0,0.0,9.919587,12.056569,13.527314891884892,1.7292542387553425,1.4842307558489427,0.7262156962113326,0.524946511839472,1869.60003580284
SCHOOL_193,0,0,0,0,0,0,0,0,0,0,2,2648600.0,6.487137553500003,19.859200320000006,0.0,0.0,0.0,,0.0,0.0,12.848595,18.289155,18.922809149821756,2.498690497423876,2.204018080449123,0.7242441014381492,0.7154264490319757,2648.6000507206904
SCHOOL_194,0,0,0,0,0,0,0,0,0,0,2,2137600.0,6.609825049500015,19.82093235000004,0.0,0.0,0.0,,0.0,0.0,4.563545,27.296338,17.220490702897543,2.9015414605807743,2.2255302779529327,0.8550565266289987,0.5179138252613117,2137.6000409350404
SCHOOL_195,0,0,0,0,0,0,0,0,0,0,1,3457700.0,6.65823,19.6587,0.0,0.0,0.0,,0.0,0.0,18.124607,19.646137,23.833330610901942,2.9288173642942983,2.7174756915217957,0.6909341538246765,0.9464914444596854,3457.7000662149544
SCHOOL_196,0,0,0,0,0,0,0,0,0,0,1,1869600.0,6.660059999999999,19.6816,0.0,0.0,0.0,,0.0,0.0,9.800118,10.623012,12.887066029843815,1.583649085599422,1.4695926115006257,0.690949206394931,0.5119286948136443,1869.60003580284
SCHOOL_197,0,0,0,0,0,0,0,0,0,0,1,800900.0,6.662159999999998,19.6938,0.0,0.0,0.0,,0.0,0.0,4.19818,4.550546,5.520482322321713,0.6783938711308763,0.6293952457960771,0.6909273849031106,0.2192649553872752,800.9000153372349
SCHOOL_198,0,0,0,0,0,0,0,0,0,0,1,1266700.0,6.668967447999999,19.7208933,0.0,0.0,0.0,,0.0,0.0,6.638861,7.37972,8.789517254907548,1.0905737970396503,0.997221154839746,0.6960350804965216,0.3472635647185126,1266.700024257305
SCHOOL_199,0,0,0,0,0,0,0,0,0,0,2,7136600.0,6.75260364,19.122049600000004,0.0,0.0,0.0,,0.0,0.0,25.029469,45.908927,43.07787061154482,5.863184635006877,6.240384995829277,0.629044970809826,1.5649318924934896,7136.60013666589
SCHOOL_200,0,0,0,0,0,0,0,0,0,0,1,4093900.0,6.773966700000001,18.6525637,0.0,0.0,0.0,,0.0,0.0,7.088697,71.807445,41.2240821494939,7.3549180675494,4.49742594838661,1.061722773512384,1.1636994236055982,4093.9000783981846
SCHOOL_201,0,0,0,0,0,0,0,0,0,0,1,3702000.0,5.90733,16.1305,0.0,0.0,0.0,,0.0,0.0,14.808635,22.46527,23.050724779386535,3.014633279168749,2.998252165339706,0.6376521909251892,0.8703208690253392,3702.0000708933
SCHOOL_202,0,0,0,0,0,0,0,0,0,0,1,2265700.0,5.94475,16.1733,0.0,0.0,0.0,,0.0,0.0,15.980641,12.776709,18.256841152552816,2.1486322834293823,1.6757045360741998,0.7853058376958061,0.8307975811289557,2265.7000433881553
SCHOOL_203,0,0,0,0,0,0,0,0,0,0,1,3809400.0,6.021943800000001,16.193403,0.0,0.0,0.0,,0.0,0.0,13.557542,24.723321,23.395580651649233,3.123508878790628,3.105648530797015,0.6295011019945356,0.984372946715869,3809.40007295001
SCHOOL_204,0,0,0,0,0,0,0,0,0,0,1,2168800.0,6.150827800000001,16.2422361,0.0,0.0,0.0,,0.0,0.0,4.1823,28.155179,17.527802417175657,2.9630312669699657,2.2953070077733804,0.8595647126044265,0.5210965328853379,2168.80004153252
SCHOOL_205,0,0,0,0,0,0,0,0,0,0,1,2410200.0,6.171693999999998,16.480413000000002,0.0,0.0,0.0,,0.0,0.0,8.641901,15.388413,14.490676912624554,1.9796359179029464,1.9952676014508104,0.6230088178751697,0.531762611936248,2410.20004615533
SCHOOL_206,0,0,0,0,0,0,0,0,0,0,1,3776600.0,6.173939999999997,16.2545259,0.0,0.0,0.0,,0.0,0.0,7.223817,49.971102,30.858374880015283,5.248236656618453,3.9759678010995687,0.8684179474404173,0.9124273084927842,3776.6000723218904
SCHOOL_207,0,0,0,0,0,0,0,0,0,0,1,3578200.0,6.217978799999999,16.4556724,0.0,0.0,0.0,,0.0,0.0,15.898852,20.087894,22.66131136876708,2.845582711919441,2.8087431375806147,0.6420436320751913,0.8774994567948485,3578.20006852253
SCHOOL_208,0,0,0,0,0,0,0,0,0,0,1,10722500.0,6.221032500000001,16.096875,0.0,0.0,0.0,,0.0,0.0,52.624999,63.27505,71.5313652203788,9.107444952793974,8.194440217545239,0.6719191684418259,2.785689622906438,10722.500205335875
SCHOOL_209,0,0,0,0,0,0,0,0,0,0,1,2095100.0,6.229366499999999,16.323448900000002,0.0,0.0,0.0,,0.0,0.0,4.993815,27.086235,17.39469539603921,2.9059065248105607,2.0659934373249964,0.8727376191705475,0.5285415676677607,2095.1000401211654
SCHOOL_210,0,0,0,0,0,0,0,0,0,0,1,12000000.0,6.3253673,16.3650992,0.0,0.0,0.0,,0.0,0.0,44.219757,73.984982,72.04475299421478,9.668414834482984,9.64123907528078,0.6188414671631582,2.6620632391741874,12000.0002298
SCHOOL_211,0,0,0,0,0,0,0,0,0,0,1,7544200.0,6.339363699999999,16.3018037,0.0,0.0,0.0,,0.0,0.0,13.083375,131.779785,75.8153085757486,13.502117067316984,8.133740348445947,1.0578044216264473,2.1399414655214417,7544.20014447143
SCHOOL_212,0,0,0,0,0,0,0,0,0,0,1,1291800.0,6.379622400000001,16.3416838,0.0,0.0,0.0,,0.0,0.0,4.774447,7.954095,7.79022033927679,1.0406402167235669,1.031062981783459,0.6205365845088625,0.2880398017450958,1291.8000247379703
SCHOOL_213,0,0,0,0,0,0,0,0,0,0,1,1269800.0,6.411589999999999,16.3493,0.0,0.0,0.0,,0.0,0.0,4.558533,7.733056,7.476009185531479,1.007011305980576,1.0523128277612253,0.6105056738054395,0.2766228119239039,1269.8000243166698
SCHOOL_214,0,0,0,0,0,0,0,0,0,0,1,4233700.0,6.435291499999999,16.1791805,0.0,0.0,0.0,,0.0,0.0,9.406395,54.911391,35.05777678642979,5.850336277051004,4.208052171030527,0.8712642444130698,1.0611404240348223,4233.700081075354
SCHOOL_215,0,0,0,0,0,0,0,0,0,0,1,1476400.0,6.4395701,16.3669413,0.0,0.0,0.0,,0.0,0.0,5.93945,8.332951,8.857922588458273,1.1429039075647636,1.170106643939033,0.6141853864327846,0.3409197544254874,1476.40002827306
SCHOOL_216,0,0,0,0,0,0,0,0,0,0,1,11043100.0,6.5079348,16.0982931,0.0,0.0,0.0,,0.0,0.0,22.423587,143.926015,90.2657179074348,15.208199199437043,11.37976158564091,0.8655592038011124,2.693862291984831,11043.100211475365
SCHOOL_217,0,0,0,0,0,0,0,0,0,0,1,1777100.0,6.305320000000001,17.4491,0.0,0.0,0.0,,0.0,0.0,6.377689,10.766867,10.358471363331113,1.4335708385535657,1.520691724944378,0.6064961170809849,0.4401607414258076,1777.100034031465
SCHOOL_218,0,0,0,0,0,0,0,0,0,0,1,1067500.0,6.310679999999999,18.3652,0.0,0.0,0.0,,0.0,0.0,5.562338,6.912922,7.667686808108187,0.9844066982176682,0.8411351778957833,0.7213204840929829,0.2967487590302814,1067.500020442625
SCHOOL_219,0,0,0,0,0,0,0,0,0,0,1,2898200.0,6.3472444999999995,16.8934731,0.0,0.0,0.0,,0.0,0.0,10.929576,22.915985,20.201917840392856,2.8382080941090138,2.4240622126295515,0.7148561243678928,0.7200419848011576,2898.20005550053
SCHOOL_220,0,0,0,0,0,0,0,0,0,0,1,1171000.0,6.34736,18.3573,0.0,0.0,0.0,,0.0,0.0,6.101679,7.582887,8.411003616388943,1.0798356778894125,0.9222081572244618,0.7212847313076616,0.3254182102352366,1171.0000224246498
SCHOOL_221,0,0,0,0,0,0,0,0,0,0,1,2307100.0,6.38181,16.9244,0.0,0.0,0.0,,0.0,0.0,9.462406,17.78633,16.485718422742583,2.258982985994924,1.8683329569729263,0.7263351876831029,0.5992608197567987,2307.1000441809647
SCHOOL_222,0,0,0,0,0,0,0,0,0,0,1,3512000.0,6.38529,18.3415,0.0,0.0,0.0,,0.0,0.0,14.97263,18.707802,21.33520562651021,2.6594700620429976,2.773182984458386,0.6183362867758738,0.8317558747063402,3512.0000672548003
SCHOOL_223,0,0,0,0,0,0,0,0,0,0,1,4012900.0,6.423777,17.8541503,0.0,0.0,0.0,,0.0,0.0,7.90715,73.465166,42.820105565334735,7.562427943893215,4.2069084937931445,1.1135840121053195,1.218262295357011,4012.9000768470355
SCHOOL_224,0,0,0,0,0,0,0,0,0,0,1,2675200.0,6.430214699999999,17.9243158,0.0,0.0,0.0,,0.0,0.0,5.22448,48.980062,28.53999063230718,5.039051304183111,2.8175409877630115,1.1137516408014625,0.8113272417517177,2675.2000512300806
SCHOOL_225,0,0,0,0,0,0,0,0,0,0,2,1684800.0,6.305452542499997,15.602740235000033,0.0,0.0,0.0,,0.0,0.0,8.204762,8.987318,10.835162820783074,1.3349184644838143,1.283904591739005,0.6473229597100723,0.4284726873766118,1684.8000322639198
SCHOOL_226,0,0,0,0,0,0,0,0,0,0,1,8004400.0,6.357209999999999,15.6204,0.0,0.0,0.0,,0.0,0.0,34.862112,47.259175,51.14546965067216,6.550672837333766,6.290219767172546,0.6488139905806459,1.9602633368948728,8004.400153284259
SCHOOL_227,0,0,0,0,0,0,0,0,0,0,1,3802100.0,6.4089599999999995,15.6204,0.0,0.0,0.0,,0.0,0.0,11.346842,24.124191,21.24759534300485,2.97868380502266,3.376764048280579,0.5912526860411947,0.754412580502088,3802.1000728102144
SCHOOL_228,0,0,0,0,0,0,0,0,0,0,1,6636500.0,6.4435102,15.6389757,0.0,0.0,0.0,,0.0,0.0,19.805935,42.106687,37.087451788913704,5.1992192953446805,5.892940294037809,0.5912361318038218,1.317101642084612,6636.500127088976
SCHOOL_229,0,0,0,0,0,0,0,0,0,0,1,4283400.0,6.466580000000001,15.7186,0.0,0.0,0.0,,0.0,0.0,16.4077,25.722039,25.83609942269652,3.420030631178085,3.574743726806609,0.6229301350218539,0.962973372992723,4283.400082027109
SCHOOL_230,0,0,0,0,0,0,0,0,0,0,1,5662600.0,6.44943,17.4379,0.0,0.0,0.0,,0.0,0.0,25.228617,43.58388,41.06898672308822,5.649320754806997,4.491658808462588,0.7348899551531388,1.5091325792972774,5662.60010843879
SCHOOL_231,0,0,0,0,0,0,0,0,0,0,1,1099600.0,6.4577951,17.5413969,0.0,0.0,0.0,,0.0,0.0,4.923357,6.616398,7.131089337967321,0.9195213858127168,0.8675909886634326,0.6581870814975519,0.2743051122592249,1099.6000210573397
SCHOOL_232,0,0,0,0,0,0,0,0,0,0,1,5612200.0,6.466830000000001,18.0563314,0.0,0.0,0.0,,0.0,0.0,10.924693,102.767134,59.80139370881941,10.569447065904944,5.903869127592152,1.1125665796637647,1.7011925733672315,5612.20010747363
SCHOOL_233,0,0,0,0,0,0,0,0,0,0,2,3276800.0,6.49591610000042,18.192915400000405,0.0,0.0,0.0,,0.0,0.0,17.104664,20.674742,23.20187468278833,2.970693735050764,2.5582874410914576,0.711006746166185,0.904961347895496,3276.80006275072
SCHOOL_234,0,0,0,0,0,0,0,0,0,0,1,3009600.0,6.52466,17.3635,0.0,0.0,0.0,,0.0,0.0,18.33835,17.390983,22.40395884162019,2.7250761902989065,2.2512844602969766,0.7364426406712969,0.9091467085403588,3009.6000576338406
SCHOOL_235,0,0,0,0,0,0,0,0,0,0,2,7723400.0,6.600727050489121,18.25195295039222,0.0,0.0,0.0,,0.0,0.0,19.634743,110.203908,70.23586679129603,11.785523893237212,7.555524091355788,0.9471065296878614,2.2128491098234284,7723.40014790311
SCHOOL_236,0,0,0,0,0,0,0,0,0,0,1,3158600.0,6.5186996,16.3599995,0.0,0.0,0.0,,0.0,0.0,14.955483,21.583155,22.44129622121357,2.936109880198714,2.4009573343233157,0.7133440284871124,0.868026275875218,3158.6000604871897
SCHOOL_237,0,0,0,0,0,0,0,0,0,0,1,9140200.0,6.546439999999999,15.8651,0.0,0.0,0.0,,0.0,0.0,42.929475,48.432574,57.66157673454162,7.1208144279971,7.0049519020472815,0.6368042748823831,2.270963320583841,9140.20017503483
SCHOOL_238,0,0,0,0,0,0,0,0,0,0,1,1531300.0,6.58221,16.3795,0.0,0.0,0.0,,0.0,0.0,2.933288,22.064068,13.375897799409904,2.302853086895451,1.589644602340832,0.9228635799796686,0.3903066773650128,1531.300029324395
SCHOOL_239,0,0,0,0,0,0,0,0,0,0,1,4314100.0,6.631119999999999,16.3895,0.0,0.0,0.0,,0.0,0.0,10.073356,137.392222,75.47625164925216,13.875865186627928,4.199978970213655,1.7756003442768855,2.0647756796584686,4314.100082615015
SCHOOL_240,0,0,0,0,0,0,0,0,0,0,1,3081000.0,6.669069999999998,16.3437,0.0,0.0,0.0,,0.0,0.0,6.64229,98.12975,53.54690043561558,9.878850487291064,3.1505195759920936,1.7696784786448991,1.4566972656156931,3081.00005900115
SCHOOL_241,0,0,0,0,0,0,0,0,0,0,1,4201200.0,6.60836,18.3406,0.0,0.0,0.0,,0.0,0.0,17.798369,27.568101,27.485133458362313,3.6775644366919114,3.388697500510465,0.6681556952976104,1.0257992252112498,4201.20008045298
SCHOOL_242,0,0,0,0,0,0,0,0,0,0,1,1643800.0,6.61003,16.869700000000005,0.0,0.0,0.0,,0.0,0.0,8.602531,10.476437,11.777984324392405,1.5016553678274294,1.226688538942709,0.7155393755705898,0.4585387037906691,1643.8000314787698
SCHOOL_243,0,0,0,0,0,0,0,0,0,0,1,1110700.0,6.6211400000000005,17.2731,0.0,0.0,0.0,,0.0,0.0,4.462584,9.347159,8.357677244822588,1.1578978809694371,0.9560201361306369,0.7668734639635472,0.2986675124282259,1110.700021269905
SCHOOL_244,0,0,0,0,0,0,0,0,0,0,1,1758800.0,6.6260977,17.2588161,0.0,0.0,0.0,,0.0,0.0,7.066689,14.801089,13.234439254696738,1.833528753108796,1.5139918170676814,0.7668792088065047,0.4729480661679333,1758.8000336810198
SCHOOL_245,0,0,0,0,0,0,0,0,0,0,1,2590600.0,6.6318493,16.8487029,0.0,0.0,0.0,,0.0,0.0,14.685019,16.916913,19.537426184607792,2.4697721560572754,1.9739131137938668,0.7503363084565384,0.7654104699087106,2590.6000496099905
SCHOOL_246,0,0,0,0,0,0,0,0,0,0,1,2415100.0,6.635266299999998,18.1587612,0.0,0.0,0.0,,0.0,0.0,5.944604,35.057342,22.194444446374767,3.7298055461117015,2.373657683006651,0.957351450087431,0.6837375987202934,2415.100046249165
SCHOOL_247,0,0,0,0,0,0,0,0,0,0,1,1855800.0,6.6354627,17.5445733,0.0,0.0,0.0,,0.0,0.0,8.261377,10.201266,11.554846035461097,1.4701921231272743,1.459748307990098,0.6325115355706831,0.4655261877821724,1855.8000355385702
SCHOOL_248,0,0,0,0,0,0,0,0,0,0,1,1171000.0,6.642696400000001,18.3474367,0.0,0.0,0.0,,0.0,0.0,4.961191,7.683886,7.6610803516653885,1.0250436217742336,0.9446857803421052,0.6681739884543229,0.2859682901806294,1171.0000224246498
SCHOOL_249,0,0,0,0,0,0,0,0,0,0,1,930600.0,6.6523699999999995,18.1306,0.0,0.0,0.0,,0.0,0.0,3.183632,6.426711,5.76800271119292,0.8026438531252755,0.807159557239888,0.6452083632260247,0.2066609514501476,930.6000178209899
SCHOOL_250,0,0,0,0,0,0,0,0,0,0,1,1957300.0,6.680743299999999,17.1345764,0.0,0.0,0.0,,0.0,0.0,3.899141,26.407146,16.263339195685653,2.778137072087046,2.036867336751039,0.8810503768563889,0.4823088791517177,1957.300037482295
SCHOOL_251,0,0,0,0,0,0,0,0,0,0,1,4351000.0,6.689399999999998,18.0929,0.0,0.0,0.0,,0.0,0.0,8.444908,79.653933,46.32298881474144,8.192244479867266,4.65569750816331,1.1133270839223997,1.316405363129287,4351.00008332165
SCHOOL_252,0,0,0,0,0,0,0,0,0,0,4,3858800.0,5.81995105249767,15.269334867499678,0.0,0.0,0.0,,0.0,0.0,18.20657,22.821821,25.338000986373263,3.241008479932926,2.987081618097172,0.6636362502827473,0.981135888886948,3858.80007389602
SCHOOL_253,0,0,0,0,0,0,0,0,0,0,2,10204800.0,6.145399170500002,15.254278179999988,0.0,0.0,0.0,,0.0,0.0,32.123464,76.136046,63.636140279477374,9.178572579824133,8.888279464029313,0.6516508111031588,2.280243173983603,10204.800195421922
SCHOOL_254,0,0,0,0,0,0,0,0,0,0,3,2957700.0,6.045811009389045,15.477227826700975,0.0,0.0,0.0,,0.0,0.0,7.657905,38.115956,25.290806993625363,4.1248859227490895,2.8474469051329496,0.8911279054678308,0.7842329288285642,2957.700056639955
SCHOOL_255,0,0,0,0,0,0,0,0,0,0,2,5968000.0,6.08611290650675,15.553615004983714,0.0,0.0,0.0,,0.0,0.0,21.177365,36.062179,35.07855744092633,4.691423983778149,4.8844020694246835,0.6083019690168486,1.2959568291503554,5968.000114287199
SCHOOL_256,0,0,0,0,0,0,0,0,0,0,1,5368200.0,6.1589733,15.5425035,0.0,0.0,0.0,,0.0,0.0,11.53022,77.348576,47.85959655895799,8.143656282909276,5.3837059124522515,0.9353806192517244,1.415787203858147,5368.20010280103
SCHOOL_257,0,0,0,0,0,0,0,0,0,0,2,4915200.0,6.275980142500003,15.597846590000003,0.0,0.0,0.0,,0.0,0.0,17.84742,29.578745,28.81866150042585,3.8750635115909544,4.183864303118713,0.610061427913932,1.0646275607260054,4915.20009412608
SCHOOL_258,0,0,0,0,0,0,0,0,0,0,2,5483200.0,6.278865576500008,15.144915070000025,0.0,0.0,0.0,,0.0,0.0,19.065968,35.292861,33.177208606404314,4.4974491349724595,4.657585915115946,0.6279241681600795,1.210950463063802,5483.2001050032795
SCHOOL_259,0,0,0,0,0,0,0,0,0,0,2,4766000.0,6.088878139997833,15.331940950000511,0.0,0.0,0.0,,0.0,0.0,17.389939,28.542577,28.083683657178092,3.748805294961591,3.9733588110371585,0.6107137614643923,1.0428498583476111,4766.0000912689
SCHOOL_260,0,0,0,0,0,0,0,0,0,0,1,4048700.0,6.85094,15.3774,0.0,0.0,0.0,,0.0,0.0,11.094861,29.970319,24.05125202618563,3.5292550244150345,3.7285214473582817,0.6300109119750352,0.8448727324025179,4048.700077532605
SCHOOL_261,0,0,0,0,0,0,0,0,0,0,1,1647200.0,6.949649999999998,15.3753,0.0,0.0,0.0,,0.0,0.0,6.571997,9.857488,10.0793076146751,1.326301824114427,1.371791168816245,0.629970502080919,0.3839561150811894,1647.2000315438802
SCHOOL_262,0,0,0,0,0,0,0,0,0,0,1,3495700.0,6.9745466,15.3183385,0.0,0.0,0.0,,0.0,0.0,8.218559,111.339423,61.307238138440646,11.24707619186087,3.55606142216405,1.7827591979763324,1.6796389186196288,3495.7000669426557
SCHOOL_263,0,0,0,0,0,0,0,0,0,0,1,5535600.0,6.544389999999999,15.2543,0.0,0.0,0.0,,0.0,0.0,26.008397,33.148465,36.96411684181436,4.682826735921109,4.287290929123501,0.6731993627295246,1.4266654004009378,5535.600106006741
SCHOOL_264,0,0,0,0,0,0,0,0,0,0,1,2769000.0,6.5551765999999985,15.291391100000002,0.0,0.0,0.0,,0.0,0.0,14.099794,15.643725,18.568638796405743,2.313330173938566,2.092169477983609,0.6725628421061803,0.7317560306727869,2769.0000530263496
SCHOOL_265,0,0,0,0,0,0,0,0,0,0,1,1877900.0,6.622781800000001,15.2392558,0.0,0.0,0.0,,0.0,0.0,5.831498,13.685723,11.502192186990648,1.6555744305648976,1.662757552090432,0.6429380004384055,0.4004652413358189,1877.9000359617849
SCHOOL_266,0,0,0,0,0,0,0,0,0,0,1,1945400.0,6.782869,15.297707100000002,0.0,0.0,0.0,,0.0,0.0,6.256812,13.757696,11.91541666980532,1.684991108424898,1.6921435023004587,0.6397242949504096,0.4288409219207841,1945.4000372544099
SCHOOL_267,0,0,0,0,0,0,0,0,0,0,1,2116200.0,6.879966600000001,15.2159319,0.0,0.0,0.0,,0.0,0.0,8.270906,49.259625,30.321804238130696,5.346709376705335,1.9506318159948115,1.4445918010518646,1.107842301111876,2116.20004052523
SCHOOL_268,0,0,0,0,0,0,0,0,0,0,1,5297900.0,6.5174883,15.7872308,0.0,0.0,0.0,,0.0,0.0,12.873998,76.335208,48.114605647374844,8.121581469347747,5.076517376152553,0.946122817779738,1.4471856088562185,5297.900101454784
SCHOOL_269,0,0,0,0,0,0,0,0,0,0,1,1458600.0,6.667119999999999,15.4357,0.0,0.0,0.0,,0.0,0.0,3.006618,25.21416,14.88442981345323,2.612096632125272,1.528847828708822,1.067564941566485,0.4278133327998772,1458.6000279321902
SCHOOL_270,0,0,0,0,0,0,0,0,0,0,1,2679600.0,6.728198299999998,15.434132200000002,0.0,0.0,0.0,,0.0,0.0,7.755172,20.832378,16.748166883647603,2.456492582404316,2.4485597833114836,0.6586398960362974,0.5745358428289629,2679.6000513143404
SCHOOL_271,0,0,0,0,0,0,0,0,0,0,1,4611800.0,6.732760000000001,15.5352,0.0,0.0,0.0,,0.0,0.0,17.744563,106.051695,65.42500211882054,11.537766659353611,4.195811846580407,1.4291927003238007,2.438282107771615,4611.800088315971
SCHOOL_272,0,0,0,0,0,0,0,0,0,0,1,1806000.0,6.970490000000001,15.270600000000002,0.0,0.0,0.0,,0.0,0.0,4.065912,57.516977,31.53126227998716,5.800421733723253,1.8765016592560848,1.777888506463085,0.8597417331407013,1806.0000345848998
SCHOOL_273,0,0,0,0,0,0,0,0,0,0,1,1527100.0,6.988119999999999,15.258800000000006,0.0,0.0,0.0,,0.0,0.0,3.439409,48.634785,26.66211539348126,4.904674700937627,1.58672483798668,1.777894107456382,0.7271067199195498,1527.100029243965
SCHOOL_274,0,0,0,0,0,0,0,0,0,0,2,2824800.0,7.10492,15.234800000000003,0.0,0.0,0.0,,0.0,0.0,6.359217,40.703162,25.365277654489734,4.301810188502452,2.89103186760155,0.9426533562376932,0.7553312355078239,2824.8000540949206
SCHOOL_275,0,0,0,0,0,0,0,0,0,0,2,2192400.0,7.10727,15.2574,0.0,0.0,0.0,,0.0,0.0,4.993556,31.589387,19.755934996861992,3.341986936107425,2.264489910481503,0.9460796279202957,0.5897335809724192,2192.40004198446
SCHOOL_276,0,0,0,0,0,0,0,0,0,0,1,10151000.0,6.7239861,16.2013447,0.0,0.0,0.0,,0.0,0.0,22.00767,323.2907,176.0423116195327,32.55496365477375,10.351394440269509,1.766556532531647,4.777087120228684,10151.000194391649
SCHOOL_277,0,0,0,0,0,0,0,0,0,0,1,2227300.0,6.73864,16.3352,0.0,0.0,0.0,,0.0,0.0,5.791917,28.749513,18.96361331421064,3.112196205096449,2.132382819101014,0.8880156042617764,0.5857502834718021,2227.3000426527947
SCHOOL_278,0,0,0,0,0,0,0,0,0,0,1,936200.0,6.763391399999998,16.4802808,0.0,0.0,0.0,,0.0,0.0,3.932994,5.920634,6.036688209631979,0.7978973829337984,0.7375436806770164,0.6561820379334963,0.2351303930025438,936.20001792823
SCHOOL_279,0,0,0,0,0,0,0,0,0,0,1,1539700.0,6.7117055,18.3850647,0.0,0.0,0.0,,0.0,0.0,8.202705,9.013432,10.714892400186317,1.3373341583083769,1.1947188432873652,0.6973491859862144,0.4232886137799257,1539.700029485255
SCHOOL_280,0,0,0,0,0,0,0,0,0,0,2,1680000.0,6.712809227505389,17.564105399995686,0.0,0.0,0.0,,0.0,0.0,9.336591,9.375524,11.680558709501128,1.43659907837674,1.276267405858436,0.6940079946500961,0.4682960019720339,1680.0000321720001
SCHOOL_281,0,0,0,0,0,0,0,0,0,0,1,840000.0,6.7288879999999995,18.3839823,0.0,0.0,0.0,,0.0,0.0,4.475021,4.917514,5.845703824227735,0.7296097541629495,0.6518756935196353,0.6973629909506344,0.2309660169903744,840.0000160860001
SCHOOL_282,0,0,0,0,0,0,0,0,0,0,1,725300.0,6.7290581,17.5722533,0.0,0.0,0.0,,0.0,0.0,4.030852,4.047659,5.042806372812686,0.6202175020574593,0.5510057055626216,0.6940089984223528,0.2021779074082587,725.3000138894952
SCHOOL_283,0,0,0,0,0,0,0,0,0,0,2,1680000.0,6.734660244000034,17.57657814999997,0.0,0.0,0.0,,0.0,0.0,9.336591,9.375525,11.680656311504032,1.4365990985525878,1.276280471282635,0.6940090944567409,0.4683846221784551,1680.0000321720001
SCHOOL_284,0,0,0,0,0,0,0,0,0,0,1,1297400.0,6.755278499999999,17.6032987,0.0,0.0,0.0,,0.0,0.0,7.123812,7.766027,9.418318104429312,1.155450975523262,0.9811988191585987,0.7215558407771037,0.3742595720846219,1297.4000248452098
SCHOOL_285,0,0,0,0,0,0,0,0,0,0,1,1270900.0,6.773124299999999,18.3961191,0.0,0.0,0.0,,0.0,0.0,6.731705,7.360833,8.843970386074908,1.0968947206395854,0.958166628350725,0.6931436308062748,0.3779572652058292,1270.900024337735
SCHOOL_286,0,0,0,0,0,0,0,0,0,0,1,1580500.0,6.8020543999999985,18.6316042,0.0,0.0,0.0,,0.0,0.0,5.187332,10.183526,9.188509270136873,1.279916390969227,1.415839597214995,0.6120794055584279,0.3303881115141369,1580.500030266575
SCHOOL_287,0,0,0,0,0,0,0,0,0,0,1,1638400.0,6.8025921,18.4776324,0.0,0.0,0.0,,0.0,0.0,6.697932,10.983235,10.994174104766532,1.4212257318949186,1.2908086714317275,0.6748939571280275,0.4999146448911212,1638.40003137536
SCHOOL_288,0,0,0,0,0,0,0,0,0,0,1,1514400.0,6.833899400000001,18.5115221,0.0,0.0,0.0,,0.0,0.0,8.111675,7.831756,10.064423930655224,1.2177235617970692,1.1584167042945654,0.6653775853868774,0.4058925467469393,1514.40002900076
SCHOOL_289,0,0,0,0,0,0,0,0,0,0,1,3309100.0,6.846320899999999,18.2827609,0.0,0.0,0.0,,0.0,0.0,16.362627,18.633455,21.557717476635933,2.9583287775731923,2.759930843775739,0.6614293394857526,1.1351800756114134,3309.1000633692647
SCHOOL_290,0,0,0,0,0,0,0,0,0,0,1,2529400.0,6.9448208,16.4505404,0.0,0.0,0.0,,0.0,0.0,6.645532,32.549452,21.50548681439814,3.528490491284517,2.3676339590034337,0.8849924912078719,0.6664641561440112,2529.4000484380103
SCHOOL_291,0,0,0,0,0,0,0,0,0,0,1,4557400.0,6.94633,16.1615,0.0,0.0,0.0,,0.0,0.0,20.970791,26.690629,29.698395917765165,3.771617156522908,3.415854251601073,0.6565198355704644,1.151139548993916,4557.40008727421
SCHOOL_292,0,0,0,0,0,0,0,0,0,0,1,4448400.0,6.88376,15.494991300000002,0.0,0.0,0.0,,0.0,0.0,10.129149,141.670171,77.60046869144729,14.293678425381186,4.472950973399344,1.7739579572880346,2.1189917641214233,4448.4000851868595
SCHOOL_293,0,0,0,0,0,0,0,0,0,0,1,3600500.0,6.884875600000001,15.7174156,0.0,0.0,0.0,,0.0,0.0,17.443464,22.164209,24.734846858248385,3.134131085156077,2.7413719301925106,0.6895480064553262,0.9584311887930852,3600.5000689495755
SCHOOL_294,0,0,0,0,0,0,0,0,0,0,1,1487800.0,6.8995441,15.4980156,0.0,0.0,0.0,,0.0,0.0,3.387575,47.38188,25.952381237736653,4.780547173564137,1.495133803983506,1.7738709965114643,0.70763716674242,1487.8000284913699
SCHOOL_295,0,0,0,0,0,0,0,0,0,0,1,3907800.0,6.913801299999999,15.6828246,0.0,0.0,0.0,,0.0,0.0,23.990611,21.613024,28.23609537948165,3.8453636322862703,3.0994121333774127,0.7152497773929886,1.798626324880015,3907.8000748343698
SCHOOL_296,0,0,0,0,0,0,0,0,0,0,1,2420300.0,6.933559199999998,15.479139000000004,0.0,0.0,0.0,,0.0,0.0,5.830147,44.308357,26.621511154061032,4.621146419403513,2.359471457669064,1.1355841659087282,0.7764282000228508,2420.300046348745
SCHOOL_297,0,0,0,0,0,0,0,0,0,0,1,1149700.0,6.88187,17.5684,0.0,0.0,0.0,,0.0,0.0,6.240364,6.633742,8.02678552766664,0.9979987665027988,0.862260854597233,0.6965879037205635,0.3220239253926264,1149.700022016755
SCHOOL_298,0,0,0,0,0,0,0,0,0,0,1,634300.0,6.897793099999999,17.5566728,0.0,0.0,0.0,,0.0,0.0,3.442916,3.659849,4.428454368741168,0.5506219957837047,0.475680919975281,0.6965831792989444,0.1776834273663461,634.300012146845
SCHOOL_299,0,0,0,0,0,0,0,0,0,0,1,1327900.0,6.898486499999999,18.3063354,0.0,0.0,0.0,,0.0,0.0,5.281086,7.917725,8.091030339313491,1.0658020465283573,1.1240967123929233,0.6290136219183491,0.3050563762056221,1327.900025429285
SCHOOL_300,0,0,0,0,0,0,0,0,0,0,2,1680000.0,6.9019384530006045,17.75396564999989,0.0,0.0,0.0,,0.0,0.0,4.596873,21.669145,14.37422525721112,2.3588351687959803,1.5812894727086757,0.8905236346150057,0.4461743792311975,1680.0000321720001
SCHOOL_301,0,0,0,0,0,0,0,0,0,0,2,2797600.0,6.907511475000006,16.94091325499999,0.0,0.0,0.0,,0.0,0.0,7.549616,89.095297,49.67618959035628,9.055945391118687,2.616660803307739,1.7950257866215442,1.3722031516611046,2797.60005357404
SCHOOL_302,0,0,0,0,0,0,0,0,0,0,1,1117100.0,6.9579782,17.5017091,0.0,0.0,0.0,,0.0,0.0,2.73982,8.744854,6.66957193274969,1.0016632815922306,1.0532300589788122,0.6370757671013348,0.2246670594592869,1117.1000213924651
SCHOOL_303,0,0,0,0,0,0,0,0,0,0,3,3269399.9999999995,6.9303776960005194,19.095557556669267,0.0,0.0,0.0,,0.0,0.0,13.538864,18.136256,19.843641026974492,2.5229559318209973,2.743042541881627,0.6235012369290566,0.763457982446713,3269.4000626090096
SCHOOL_304,0,0,0,0,0,0,0,0,0,0,1,7797400.0,6.949820099999999,18.5051707,0.0,0.0,0.0,,0.0,0.0,26.89242,54.676823,48.532751519734425,6.817789832203791,6.693943774785875,0.6476618027741418,1.7297290087865451,7797.400149320209
SCHOOL_305,0,0,0,0,0,0,0,0,0,0,2,15041800.0,6.950460155500004,19.188582960000005,0.0,0.0,0.0,,0.0,0.0,63.833891,87.449764,94.33634626595288,12.050326340836154,12.116862954233175,0.6388008917373864,3.743466323264854,15041.800288050468
SCHOOL_306,0,0,0,0,0,0,0,0,0,0,1,4043600.0,6.97605,16.7240215,0.0,0.0,0.0,,0.0,0.0,12.738381,32.896895,26.65029637289675,3.8991299804010393,3.518050631826542,0.6857754812274558,0.9485986733910124,4043.60007743494
SCHOOL_307,0,0,0,0,0,0,0,0,0,0,2,1680000.0,6.97619486350002,17.789914029999988,0.0,0.0,0.0,,0.0,0.0,4.57766,21.458407,14.29646839003475,2.337189130488701,1.5555518619630178,0.8843729202969478,0.4444466942096529,1680.0000321720001
SCHOOL_308,0,0,0,0,0,0,0,0,0,0,1,2271200.0,6.984221299999998,18.3243034,0.0,0.0,0.0,,0.0,0.0,10.961784,13.324822,15.053139893036224,1.9110696314442823,1.7703112479166168,0.6690643732294729,0.5856853486714543,2271.20004349348
SCHOOL_309,0,0,0,0,0,0,0,0,0,0,1,4621600.0,6.98564,16.8366,0.0,0.0,0.0,,0.0,0.0,13.155698,147.192848,82.60163698931322,14.99950240638179,4.3019868945274276,1.8045106471245516,2.2990112103779325,4621.60008850364
SCHOOL_310,0,0,0,0,0,0,0,0,0,0,1,2492800.0,6.9865238,16.9367554,0.0,0.0,0.0,,0.0,0.0,6.331933,79.394092,43.99046637296654,8.047050851340972,2.3763613079571404,1.787030870301493,1.20979473188946,2492.80004773712
SCHOOL_311,0,0,0,0,0,0,0,0,0,0,1,2492800.0,6.990033200000001,16.9354147,0.0,0.0,0.0,,0.0,0.0,6.331546,79.39066,43.98930143214736,8.046937869176434,2.374734939788516,1.786947013797715,1.2093870447568649,2492.80004773712
SCHOOL_312,0,0,0,0,0,0,0,0,0,0,2,1680000.0,6.993875534500001,17.79560228,0.0,0.0,0.0,,0.0,0.0,4.574502,21.463614,14.296220549670696,2.337234189415065,1.555894417148713,0.8843969742628447,0.4441038300265787,1680.0000321720001
SCHOOL_313,0,0,0,0,0,0,0,0,0,0,2,1680000.0,7.029555764511736,17.80562753999552,0.0,0.0,0.0,,0.0,0.0,8.434401,9.678879,11.32651167556924,1.4148962733099029,1.2943969693072672,0.6773574703135467,0.4447651090869152,1680.0000321720001
SCHOOL_314,0,0,0,0,0,0,0,0,0,0,1,12000000.0,7.019568399999999,15.639634,0.0,0.0,0.0,,0.0,0.0,49.682683,70.199264,73.8633226844841,9.611445590774078,9.618436826328656,0.6299555878654095,2.8079859344750377,12000.0002298
SCHOOL_315,0,0,0,0,0,0,0,0,0,0,3,4521299.999999999,7.063957151667451,15.672244680000407,0.0,0.0,0.0,,0.0,0.0,9.993486,143.994877,78.7401767437241,14.510743599904195,4.591397557272102,1.77220131878604,2.144539038767893,4521.300086582894
SCHOOL_316,0,0,0,0,0,0,0,0,0,0,1,4849000.0,7.021540499999999,16.3962896,0.0,0.0,0.0,,0.0,0.0,10.18794,62.702458,39.668193825073395,6.649306998048861,4.93226263817881,0.8643235013509306,1.19401219178307,4849.000092858349
SCHOOL_317,0,0,0,0,0,0,0,0,0,0,1,5977800.0,7.06357,16.2078,0.0,0.0,0.0,,0.0,0.0,16.713158,45.462595,36.41527460738756,5.317703382376221,5.181326968184221,0.636801941814011,1.4499286467941437,5977.8001144748705
SCHOOL_318,0,0,0,0,0,0,0,0,0,0,1,3882700.0,7.07872,16.0355,0.0,0.0,0.0,,0.0,0.0,7.370011,55.955595,33.821514350807284,5.835304814898022,4.142626628598833,0.9232570743175744,0.9858250368600204,3882.7000743537046
SCHOOL_319,0,0,0,0,0,0,0,0,0,0,1,3334400.0,7.037299999999999,16.9465,0.0,0.0,0.0,,0.0,0.0,19.611912,17.307386,23.567159785563256,2.7865313575344297,2.388627540210471,0.6975045289268623,0.9650073099095744,3334.4000638537605
SCHOOL_320,0,0,0,0,0,0,0,0,0,0,2,1680000.0,7.055556888003833,18.35154060999876,0.0,0.0,0.0,,0.0,0.0,3.963024,23.64558,14.901868355155848,2.5173177993391915,1.7019757638254671,0.9285469594820552,0.4900561225917128,1680.0000321720001
SCHOOL_321,0,0,0,0,0,0,0,0,0,0,2,1680000.0,7.0624158195,17.836118560000003,0.0,0.0,0.0,,0.0,0.0,8.340982,9.25227,11.00704919339598,1.3849943284857007,1.3182184944014417,0.6606576910706792,0.4542998795209865,1680.0000321720001
SCHOOL_322,0,0,0,0,0,0,0,0,0,0,1,2520400.0,7.0697917000000015,16.8613588,0.0,0.0,0.0,,0.0,0.0,16.726482,13.015858,19.093573868114476,2.3648307712864565,1.8077621539433728,0.7399411126040967,0.9924800634671596,2520.4000482656597
SCHOOL_323,0,0,0,0,0,0,0,0,0,0,1,840000.0,7.079611900000001,18.3534103,0.0,0.0,0.0,,0.0,0.0,1.974876,11.829325,7.450642932815865,1.2586676957466747,0.8510583996458868,0.9285551642897352,0.2447338164457647,840.0000160860001
SCHOOL_324,0,0,0,0,0,0,0,0,0,0,1,2740600.0,7.0900186,18.3516302,0.0,0.0,0.0,,0.0,0.0,6.459403,38.581218,24.30984108274593,4.106563093131739,2.7771448506495853,0.9285788180888312,0.7994059103233424,2740.60005248249
SCHOOL_325,0,0,0,0,0,0,0,0,0,0,1,1001900.0,7.09764,16.876600000000003,0.0,0.0,0.0,,0.0,0.0,6.649108,5.174079,7.589942744994468,0.94008790051227,0.7186283649848707,0.7399475972583662,0.3944286080048947,1001.9000191863851
SCHOOL_326,0,0,0,0,0,0,0,0,0,0,2,4563800.0,7.094327196999999,15.734249024999995,0.0,0.0,0.0,,0.0,0.0,15.722458,32.935225,29.228354199488717,4.073061523097453,3.8473017560433393,0.6606384646497444,1.1393130718719595,4563.80008739677
SCHOOL_327,0,0,0,0,0,0,0,0,0,0,1,3090000.0,7.12151,16.090000000000003,0.0,0.0,0.0,,0.0,0.0,13.930246,16.458813,18.75094674468361,2.4575069227994373,2.4849859746659915,0.6193456010755549,0.836556140070665,3090.0000591735
SCHOOL_328,0,0,0,0,0,0,0,0,0,0,1,3349100.0,7.1204656,16.925256,0.0,0.0,0.0,,0.0,0.0,11.488061,26.196828,21.968196078550033,3.18744922480044,2.8906247187793426,0.6819810671669813,0.7674292150650512,3349.1000641352653
SCHOOL_329,0,0,0,0,0,0,0,0,0,0,1,1452500.0,7.155087799999999,16.939327,0.0,0.0,0.0,,0.0,0.0,4.465018,10.354344,8.717750826562913,1.2570127789579115,1.2699245648524706,0.630060384803814,0.3145967823616029,1452.5000278153748
SCHOOL_330,0,0,0,0,0,0,0,0,0,0,1,1081100.0,7.1710179,17.4567619,0.0,0.0,0.0,,0.0,0.0,5.811252,6.873838,7.952532334143581,0.9951406396276556,0.8191938207131388,0.7322850872320116,0.3116490366232182,1081.100020703065
SCHOOL_331,0,0,0,0,0,0,0,0,0,0,1,960700.0,7.17205,17.473100000000002,0.0,0.0,0.0,,0.0,0.0,5.16406,6.108339,7.06688549510354,0.8841076785206172,0.727901037576233,0.7322877261429287,0.2766553486177567,960.7000183974048
SCHOOL_332,0,0,0,0,0,0,0,0,0,0,1,2450500.0,7.175088999999998,17.524178700000004,0.0,0.0,0.0,,0.0,0.0,8.955901,17.408078,15.660915336146076,2.192958890015821,2.023681439528836,0.6599641151580815,0.5622979680715412,2450.500046927075
SCHOOL_333,0,0,0,0,0,0,0,0,0,0,1,840000.0,7.1804893,17.5703428,0.0,0.0,0.0,,0.0,0.0,4.807789,4.809043,6.085096413677916,0.7379418069498991,0.61303242496958,0.7168181326407684,0.2446656610953665,840.0000160860001
SCHOOL_334,0,0,0,0,0,0,0,0,0,0,2,1382200.0,7.183903077500233,17.9411120650027,0.0,0.0,0.0,,0.0,0.0,5.941369,8.418039,8.86162044184421,1.1540486657870317,1.1267421228975152,0.6543790220059648,0.3398749154866674,1382.2000264691299
SCHOOL_335,0,0,0,0,0,0,0,0,0,0,3,2520000.0,7.1779900404999974,16.105048729999996,0.0,0.0,0.0,,0.0,0.0,10.781194,14.740486,15.703851089203951,2.0534806258337475,2.015865522541987,0.6364640446199954,0.6174149218845155,2520.000048258
SCHOOL_336,0,0,0,0,0,0,0,0,0,0,2,7991800.0,7.199469999999998,16.4131,0.0,0.0,0.0,,0.0,0.0,35.864355,45.546771,50.22030967248397,6.441578007599684,6.071845332272953,0.6369181473805587,1.940714443618136,7991.80015304297
SCHOOL_337,0,0,0,0,0,0,0,0,0,0,2,2980800.0,7.204293500000001,16.3441493,0.0,0.0,0.0,,0.0,0.0,9.997939,19.828998,17.930587605799836,2.486335571472522,2.4948120545175687,0.6254415704835661,0.6455888871972683,2980.8000570823197
SCHOOL_338,0,0,0,0,0,0,0,0,0,0,3,2523899.9999999995,7.2246248130067805,18.885406706675308,0.0,0.0,0.0,,0.0,0.0,4.823134,46.209426,26.8423529891389,4.7478619368805655,2.6421678527891164,1.1103625789222151,0.7618644049286036,2523.9000483326845
SCHOOL_339,0,0,0,0,0,0,0,0,0,0,1,1341700.0,7.254099999999999,18.7239,0.0,0.0,0.0,,0.0,0.0,6.825507,7.293485,8.863188285958007,1.0960475736987678,1.0505029703531328,0.6644057312095528,0.3630571912267679,1341.7000256935548
SCHOOL_340,0,0,0,0,0,0,0,0,0,0,1,2617400.0,7.196317799999999,17.9766542,0.0,0.0,0.0,,0.0,0.0,10.610683,17.163879,16.867800676375786,2.263010804010669,2.1235485028182297,0.6598288002872309,0.6277981120843977,2617.4000501232103
SCHOOL_341,0,0,0,0,0,0,0,0,0,0,2,1680000.0,7.2007352,16.94192,0.0,0.0,0.0,,0.0,0.0,5.189765,13.63707,11.02759528523196,1.6145260116225473,1.4869342113466757,0.6853651731191369,0.3773427717626902,1680.0000321720001
SCHOOL_342,0,0,0,0,0,0,0,0,0,0,1,1666800.0,7.218780000000001,18.0517,0.0,0.0,0.0,,0.0,0.0,9.66388,9.511115,12.044019768162638,1.53971556999238,1.292931994823289,0.7183147942759105,0.5770708970874847,1666.80003191922
SCHOOL_343,0,0,0,0,0,0,0,0,0,0,4,3360000.0,7.222857500003612,16.975881650012372,0.0,0.0,0.0,,0.0,0.0,12.868375,22.544901,21.39281560473119,2.911959283723884,2.783565500021095,0.6555128996390851,0.7828745013160263,3360.0000643440003
SCHOOL_344,0,0,0,0,0,0,0,0,0,0,1,1522000.0,7.232689999999996,18.0779,0.0,0.0,0.0,,0.0,0.0,8.821809,8.688423,10.997661748356018,1.4059805183449283,1.1808473652460814,0.7183275010745024,0.5269117734314012,1522.0000291463
SCHOOL_345,0,0,0,0,0,0,0,0,0,0,4,11830000.0,7.236285400024057,16.768553400016554,0.0,0.0,0.0,,0.0,0.0,62.294812,58.977326,77.04545722892429,9.238697370059135,8.995475966094823,0.652270159762134,3.1206348693120165,11830.000226544502
SCHOOL_346,0,0,0,0,0,0,0,0,0,0,2,6661600.0,7.224859399999999,16.4750723,0.0,0.0,0.0,,0.0,0.0,16.270593,212.191936,117.6426398299043,21.467948135753105,6.476856742675636,1.7891626418137812,3.238631381345794,6661.60012756964
SCHOOL_347,0,0,0,0,0,0,0,0,0,0,2,11654200.0,7.231940000000003,16.5081,0.0,0.0,0.0,,0.0,0.0,55.066175,66.482436,75.22062746567322,9.55628247096635,8.797001336547744,0.6512347466647813,2.9285656723373696,11654.200223177928
SCHOOL_348,0,0,0,0,0,0,0,0,0,0,4,5337600.0,7.256374669346459,15.763825379993817,0.0,0.0,0.0,,0.0,0.0,24.724051,41.441539,39.484224106699926,5.491638337008721,4.36435333071283,0.7387187127223082,2.2478397604504483,5337.600102215039
SCHOOL_349,0,0,0,0,0,0,0,0,0,0,3,6957599.999999999,7.275015206499995,16.17108877499999,0.0,0.0,0.0,,0.0,0.0,29.39737,40.469355,43.59299270160252,5.583706204346334,5.39206057421026,0.6365912582320051,1.6699856270961084,6957.60013323804
SCHOOL_350,0,0,0,0,0,0,0,0,0,0,1,866800.0,7.256774400000001,18.71376,0.0,0.0,0.0,,0.0,0.0,4.409602,4.711952,5.726035974025918,0.7080998945823133,0.6786751056492419,0.6644074227501696,0.2345467275077504,866.80001659922
SCHOOL_351,0,0,0,0,0,0,0,0,0,0,1,770200.0,7.2579801,18.6220093,0.0,0.0,0.0,,0.0,0.0,3.603851,5.642543,5.566030032085075,0.7466890466915689,0.6145059185283054,0.7257481671956653,0.2512463335122378,770.20001474933
SCHOOL_352,0,0,0,0,0,0,0,0,0,0,1,2765600.0,7.2587196,18.798838,0.0,0.0,0.0,,0.0,0.0,13.818489,18.739489,19.925559909331646,2.5425555091028227,2.139954500605445,0.7165231521072711,0.940968474913919,2765.6000529612397
SCHOOL_353,0,0,0,0,0,0,0,0,0,0,1,731000.0,7.259385300000002,18.6590972,0.0,0.0,0.0,,0.0,0.0,2.246258,4.99987,4.314822721079154,0.6132404580954773,0.6523095347577696,0.6214053413014876,0.1551466831786166,731.00001399865
SCHOOL_354,0,0,0,0,0,0,0,0,0,0,1,1141800.0,7.270379999999999,18.5826,0.0,0.0,0.0,,0.0,0.0,5.540883,6.623196,7.538233050527954,0.9551425118667308,0.9038099789474392,0.667502111823849,0.2945289090714135,1141.8000218654697
SCHOOL_355,0,0,0,0,0,0,0,0,0,0,2,1978800.0,7.283694708999609,18.538585279998788,0.0,0.0,0.0,,0.0,0.0,8.516335,13.325244,13.274048708759162,1.7726590163446798,1.5932658494861047,0.6831282003264566,0.4952879171840527,1978.8000378940199
SCHOOL_356,0,0,0,0,0,0,0,0,0,0,4,3360000.0,7.299723479070162,18.4849197175428,0.0,0.0,0.0,,0.0,0.0,26.284366,17.615427,27.855765927122413,3.612912030996291,2.602078872568097,0.8053188157406321,1.7536404971758404,3360.0000643440003
SCHOOL_357,0,0,0,0,0,0,0,0,0,0,2,1680000.0,7.254083399999998,17.0010103,0.0,0.0,0.0,,0.0,0.0,7.122712,10.994805,11.089603134004772,1.470272705973641,1.3218981643759018,0.6702845469516585,0.4326509632704321,1680.0000321720001
SCHOOL_358,0,0,0,0,0,0,0,0,0,0,2,8944400.0,7.283244599999998,16.8290021,0.0,0.0,0.0,,0.0,0.0,17.869687,235.433301,130.20397030016184,23.80895095125285,9.442608987959709,1.4962349871094742,3.618833090005032,8944.40017128526
SCHOOL_359,0,0,0,0,0,0,0,0,0,0,1,3930700.0,7.29021,18.1864,0.0,0.0,0.0,,0.0,0.0,14.198419,23.304272,23.072700565280947,3.0608088953997714,3.2789849800628827,0.608313835407539,0.8548047091220212,3930.7000752729045
SCHOOL_360,0,0,0,0,0,0,0,0,0,0,2,2133600.0,7.302637099999999,16.9946974,0.0,0.0,0.0,,0.0,0.0,11.495558,11.063245,14.151382923639009,1.8195915781738785,1.642749348628867,0.6640021869067877,0.693426518694048,2133.60004085844
SCHOOL_361,0,0,0,0,0,0,0,0,0,0,1,4453700.0,7.3067501,18.2795545,0.0,0.0,0.0,,0.0,0.0,21.749668,34.738941,33.93233911356715,4.567580299908703,3.5024313017831186,0.7508515820455772,2.063042531817081,4453.700085288354
SCHOOL_362,0,0,0,0,0,0,0,0,0,0,2,5455000.0,7.2986076,15.865221000000002,0.0,0.0,0.0,,0.0,0.0,16.704226,38.371715,32.80433566551312,4.6625956112828035,4.798087781095727,0.6310160678670435,1.1537719813152365,5455.000104463249
SCHOOL_363,0,0,0,0,0,0,0,0,0,0,2,1347600.0,7.304475400000002,16.0719626,0.0,0.0,0.0,,0.0,0.0,3.12882,42.917778,23.625082149329227,4.333473588525697,1.3210287058089774,1.7790496043589303,0.6460778003021196,1347.60002580654
SCHOOL_364,0,0,0,0,0,0,0,0,0,0,2,1680000.0,7.30739,16.0588,0.0,0.0,0.0,,0.0,0.0,3.900824,53.507181,29.453079379034513,5.402446354956314,1.6476371065284985,1.7791113036229858,0.8056565575132997,1680.0000321720001
SCHOOL_365,0,0,0,0,0,0,0,0,0,0,3,3742799.999999999,7.308883078000001,16.010926875000003,0.0,0.0,0.0,,0.0,0.0,18.308934,19.840841,23.892797796785793,2.958109526363434,2.8737140004006707,0.6437715992338334,0.9470650299125362,3742.8000716746196
SCHOOL_366,0,0,0,0,0,0,0,0,0,0,2,1548400.0,7.356400000000002,16.3755,0.0,0.0,0.0,,0.0,0.0,3.758541,49.31242,27.263859409610532,4.9884781564917136,1.4891046161703256,1.7840773436094388,0.7484033118683244,1548.40002965186
SCHOOL_367,0,0,0,0,0,0,0,0,0,0,3,2545000.0,7.366621758509197,16.452164845003402,0.0,0.0,0.0,,0.0,0.0,6.805814,81.066802,45.30324788237075,8.235169847583201,2.4260563391005228,1.7998662240863736,1.2561397975267603,2545.00004873675
SCHOOL_368,0,0,0,0,0,0,0,0,0,0,1,4556400.0,7.315521399999996,17.8054698,0.0,0.0,0.0,,0.0,0.0,18.265038,29.992491,29.17928193878839,3.938767543408617,3.680390891558702,0.6563912281749487,1.078552264446519,4556.40008725506
SCHOOL_369,0,0,0,0,0,0,0,0,0,0,1,11398000.0,7.3193965,18.271897,0.0,0.0,0.0,,0.0,0.0,55.205521,89.455402,86.82833918331394,11.690109073488673,8.965295576298105,0.7508714010995883,5.267552661248527,11398.0002182717
SCHOOL_370,0,0,0,0,0,0,0,0,0,0,1,2671900.0,7.321282799999998,18.378855,0.0,0.0,0.0,,0.0,0.0,9.967222,16.173413,15.992177887352153,2.1321443477624964,2.2129378156894517,0.6184007237454143,0.6032353646499561,2671.9000511668855
SCHOOL_371,0,0,0,0,0,0,0,0,0,0,1,3094800.0,7.322595099999999,18.2301082,0.0,0.0,0.0,,0.0,0.0,21.532222,17.204803,24.70491791452808,2.931197588058848,2.1964325863581253,0.7777441299037885,1.085397228183739,3094.80005926542
SCHOOL_372,0,0,0,0,0,0,0,0,0,0,2,6062200.0,7.3693453,17.1964763,0.0,0.0,0.0,,0.0,0.0,17.070848,149.143862,86.2355838949207,15.47512271133218,5.7584236580492,1.4456829423777895,2.797546600979147,6062.2001160911295
SCHOOL_373,0,0,0,0,0,0,0,0,0,0,1,1184200.0,7.307918600000001,18.4683832,0.0,0.0,0.0,,0.0,0.0,4.751726,7.901211,7.631264357547457,1.032460577730847,0.9882663698896162,0.6619787280631124,0.2894322763969833,1184.2000226774298
SCHOOL_374,0,0,0,0,0,0,0,0,0,0,3,2520000.0,7.343757780671738,18.77008688000349,0.0,0.0,0.0,,0.0,0.0,13.034939,15.73601,17.703530870594918,2.261977775767972,2.03450940972387,0.708042407243925,0.68992781910668,2520.000048258
SCHOOL_375,0,0,0,0,0,0,0,0,0,0,1,3019900.0,7.370000000000001,18.8654,0.0,0.0,0.0,,0.0,0.0,5.161258,53.156855,30.49651016289211,5.439416464793644,3.3686301618491714,1.0659006720154374,0.8600072905900485,3019.9000578310847
SCHOOL_376,0,0,0,0,0,0,0,0,0,0,1,1435000.0,7.4307096,18.896115,0.0,0.0,0.0,,0.0,0.0,2.755142,26.273154,15.265574046534068,2.7002485544516963,1.5373273198303272,1.112671777141579,0.433423991540023,1435.00002748025
SCHOOL_377,0,0,0,0,0,0,0,0,0,0,2,1731200.0,7.370271500000003,16.3177573,0.0,0.0,0.0,,0.0,0.0,4.233137,55.134171,30.42079306794319,5.579138336370524,1.7062985725331463,1.7832781135264162,0.8346455017524318,1731.20003315248
SCHOOL_378,0,0,0,0,0,0,0,0,0,0,2,1665800.0,7.415828199999996,16.483044700000004,0.0,0.0,0.0,,0.0,0.0,5.860662,10.308544,9.812982610538851,1.3308246317093069,1.3578408712745866,0.6101165909161853,0.3632557755874365,1665.8000319000696
SCHOOL_379,0,0,0,0,0,0,0,0,0,0,2,2785000.0,7.416246200000003,16.0623166,0.0,0.0,0.0,,0.0,0.0,11.39205,16.629614,17.305709909425055,2.2528972815028205,2.1908737716616575,0.6338123248246422,0.6675028780366324,2785.00005333275
SCHOOL_380,0,0,0,0,0,0,0,0,0,0,3,3119399.9999999995,7.421674930003308,16.23139809000162,0.0,0.0,0.0,,0.0,0.0,13.049988,18.00145,19.193897852522227,2.4822207759912427,2.405742103034455,0.6266978311369417,0.7335890834102622,3119.4000597365093
SCHOOL_381,0,0,0,0,0,0,0,0,0,0,3,2520000.0,7.442053027504407,16.501846635001236,0.0,0.0,0.0,,0.0,0.0,5.375407,32.569573,20.73527432175563,3.4584378758279324,2.5276954961809777,0.8670564661254391,0.6254403552930866,2520.000048258
SCHOOL_382,0,0,0,0,0,0,0,0,0,0,1,2488800.0,7.3849878,18.3838165,0.0,0.0,0.0,,0.0,0.0,8.785438,15.096024,14.454741166008452,1.9593984936501851,2.089401836341372,0.6046195662083652,0.5314892084946413,2488.8000476605202
SCHOOL_383,0,0,0,0,0,0,0,0,0,0,2,1680000.0,7.3930737,17.1757785,0.0,0.0,0.0,,0.0,0.0,4.729135,41.331885,23.897334209639457,4.288538295725371,1.5951164719550497,1.445628868602136,0.7747398940104613,1680.0000321720001
SCHOOL_384,0,0,0,0,0,0,0,0,0,0,1,4643000.0,7.43413,18.2429,0.0,0.0,0.0,,0.0,0.0,9.272342,85.432802,49.83127460231471,8.798504293319436,4.765906597395764,1.1176196234396414,1.4204507690985075,4643.00008891345
SCHOOL_385,0,0,0,0,0,0,0,0,0,0,1,2843900.0,7.483869999999998,18.1548,0.0,0.0,0.0,,0.0,0.0,5.892698,52.16142,30.574993252634258,5.385130209281037,2.925110509990699,1.119035389192672,0.8764810576015946,2843.900054460685
SCHOOL_386,0,0,0,0,0,0,0,0,0,0,2,1680000.0,7.497703599999999,17.0572814,0.0,0.0,0.0,,0.0,0.0,7.407986,10.315187,10.94048286297228,1.4183780543518336,1.314979591086416,0.6607350084214162,0.4163270147388495,1680.0000321720001
SCHOOL_387,0,0,0,0,0,0,0,0,0,0,2,3246200.0,7.44455,16.0746,0.0,0.0,0.0,,0.0,0.0,13.279218,19.382727,20.171526626215503,2.6259458067739287,2.55352737104253,0.6338076188312822,0.777998322797196,3246.2000621647303
SCHOOL_388,0,0,0,0,0,0,0,0,0,0,2,1360600.0,7.472299999999999,16.2504,0.0,0.0,0.0,,0.0,0.0,2.595035,17.645837,10.953123956958375,1.8557869650082923,1.42211120856155,0.8557556560193298,0.324910131139294,1360.60002605549
SCHOOL_389,0,0,0,0,0,0,0,0,0,0,1,11463400.0,7.444249682999997,18.91808618,0.0,0.0,0.0,,0.0,0.0,22.32233,200.047941,117.37993014151957,20.635280527085538,12.264219295060792,1.0730725891698798,3.363791748591485,11463.40021952411
SCHOOL_390,0,0,0,0,0,0,0,0,0,0,1,3335200.0,7.460586400000001,18.6856086,0.0,0.0,0.0,,0.0,0.0,5.82391,58.453983,33.61820274180159,5.990748531833413,3.6100161319543496,1.0612380670510522,0.946248669858694,3335.20006386908
SCHOOL_391,0,0,0,0,0,0,0,0,0,0,1,2017900.0,7.4858220000000015,18.4628472,0.0,0.0,0.0,,0.0,0.0,12.237745,10.93571,14.582403307189288,1.8651136167058764,1.6136224461072868,0.7189690885757294,0.7336621320430116,2017.9000386427851
SCHOOL_392,0,0,0,0,0,0,0,0,0,0,1,840000.0,7.558008900000001,18.6375438,0.0,0.0,0.0,,0.0,0.0,1.42055,14.742901,8.433586421284247,1.5079693342341831,0.9280366713130284,1.0597067446586537,0.2381923287708895,840.0000160860001
SCHOOL_393,0,0,0,0,0,0,0,0,0,0,2,1831200.0,7.4957357,16.2597172,0.0,0.0,0.0,,0.0,0.0,3.492745,23.748062,14.741436485365146,2.497636779581655,1.913435955894751,0.8557260155520794,0.4372436933840429,1831.2000350674798
SCHOOL_394,0,0,0,0,0,0,0,0,0,0,2,2363800.0,7.501926600000002,16.5038582,0.0,0.0,0.0,,0.0,0.0,14.655587,11.960407,16.98665399984935,1.9809972294277067,1.66304002919156,0.7045556902887602,0.7399241210551534,2363.8000452667698
SCHOOL_395,0,0,0,0,0,0,0,0,0,0,2,4674000.0,7.5059983,16.0924046,0.0,0.0,0.0,,0.0,0.0,15.635646,31.293084,28.591144147795102,3.919059375288534,3.9190091297055463,0.6340210294700799,1.0361741107683533,4674.0000895071
SCHOOL_396,0,0,0,0,0,0,0,0,0,0,2,3186000.0,7.527940000000003,16.2771,0.0,0.0,0.0,,0.0,0.0,14.086463,21.06866,21.461321791733663,2.837939772131449,2.448417026735041,0.6817036996284952,0.8078620390046192,3186.0000610119
SCHOOL_397,0,0,0,0,0,0,0,0,0,0,2,2543000.0,7.539769999999999,16.5384,0.0,0.0,0.0,,0.0,0.0,15.76685,12.867177,18.274667223917135,2.1311905898065477,1.789050578971022,0.7045619511427288,0.796029335070267,2543.0000486984504
SCHOOL_398,0,0,0,0,0,0,0,0,0,0,2,1680000.0,7.51847,17.0403,0.0,0.0,0.0,,0.0,0.0,8.192704,8.470956,10.670807231374564,1.2842136780819997,1.2867108335849633,0.6386021307361733,0.4283099363941618,1680.0000321720001
SCHOOL_399,0,0,0,0,0,0,0,0,0,0,1,1027600.0,7.520009999999999,17.9265,0.0,0.0,0.0,,0.0,0.0,4.309169,6.404263,6.516902070312823,0.8642027045765692,0.8447623670555863,0.6502197074489565,0.24574199892697,1027.6000196785399
SCHOOL_400,0,0,0,0,0,0,0,0,0,0,3,3641399.999999999,7.563974290007737,16.301606794993518,0.0,0.0,0.0,,0.0,0.0,12.40776,24.238177,22.15389109015722,3.006700291212244,2.9756514756551873,0.6251934399369496,0.9463010402064232,3641.4000697328097
SCHOOL_401,0,0,0,0,0,0,0,0,0,0,2,2834600.0,7.59461,16.3269,0.0,0.0,0.0,,0.0,0.0,9.6581,18.868803,17.245639175740084,2.340573537392773,2.3161858014975207,0.6251941191019985,0.7367224559510113,2834.6000542825905
SCHOOL_402,0,0,0,0,0,0,0,0,0,0,2,4380800.0,7.60271,16.6333,0.0,0.0,0.0,,0.0,0.0,16.687369,27.830738,27.075656459743655,3.6310434881967057,3.449972471144608,0.6328543153396728,1.044883086564758,4380.80008389232
SCHOOL_403,0,0,0,0,0,0,0,0,0,0,2,8912600.0,7.631950000000002,16.4542,0.0,0.0,0.0,,0.0,0.0,37.621043,54.611391,56.567359381034464,7.422681108796374,6.956631812165829,0.646002453958673,2.1822084117073524,8912.600170676289
SCHOOL_404,0,0,0,0,0,0,0,0,0,0,1,1630700.0,7.5713573,18.6366013,0.0,0.0,0.0,,0.0,0.0,2.758357,28.620876,16.37282239098773,2.927460168175725,1.8023115172942037,1.0597565279934535,0.4627862349183486,1630.700031227905
SCHOOL_405,0,0,0,0,0,0,0,0,0,0,1,3201200.0,7.6405789,18.5704138,0.0,0.0,0.0,,0.0,0.0,11.235005,22.693852,20.07202961250449,2.84497330047912,2.73611117933881,0.6509879801655596,0.7638958387803705,3201.2000613029804
SCHOOL_406,0,0,0,0,0,0,0,0,0,0,2,5176800.0,7.672939099999997,16.6465252,0.0,0.0,0.0,,0.0,0.0,25.529409,28.672524,34.099692026633896,4.1755399372853805,3.77097966456928,0.6555649662360609,1.5137853578600566,5176.800099135719
SCHOOL_407,0,0,0,0,0,0,0,0,0,0,2,3478400.0,7.650240000000001,16.3818,0.0,0.0,0.0,,0.0,0.0,13.785399,21.081589,21.1956857992257,2.8221615258114574,2.76159575475839,0.6254750735005993,0.7949046210160081,3478.4000666113598
SCHOOL_408,0,0,0,0,0,0,0,0,0,0,2,2092400.0,7.667979999999999,16.5336,0.0,0.0,0.0,,0.0,0.0,6.874033,11.1418,11.047770033809424,1.4691441280690334,1.7698709875309595,0.5548011783461496,0.4221781371767814,2092.40004006946
SCHOOL_409,0,0,0,0,0,0,0,0,0,0,2,2484800.0,7.7171211999999985,16.4965769,0.0,0.0,0.0,,0.0,0.0,5.02397,35.805288,21.757229826693884,3.751962330721107,2.5484553930199536,0.9239346627418566,0.6382330425579804,2484.80004758392
SCHOOL_410,0,0,0,0,0,0,0,0,0,0,2,2388000.0,7.8004249,16.5228986,0.0,0.0,0.0,,0.0,0.0,11.268848,11.715298,14.374183619683707,1.7725929802606115,1.8371630335383156,0.6104509976553519,0.5734650984932131,2388.0000457302
SCHOOL_411,0,0,0,0,0,0,0,0,0,0,3,4048799.999999999,7.418241269999998,15.509107874999982,0.0,0.0,0.0,,0.0,0.0,8.432788,52.505664,32.98321185374879,5.562417963545236,4.220033415068854,0.86401058367745,0.9854295529929472,4048.8000775345195
SCHOOL_412,0,0,0,0,0,0,0,0,0,0,2,2012200.0,7.237889999999997,15.334700000000003,0.0,0.0,0.0,,0.0,0.0,6.415908,13.872463,12.061986348468013,1.70674726001566,1.7979593685031134,0.6300113309105899,0.4260268387636712,2012.20003853363
SCHOOL_413,0,0,0,0,0,0,0,0,0,0,2,3312800.0,7.5040437,15.501804600000002,0.0,0.0,0.0,,0.0,0.0,6.990155,57.266255,33.94142379070972,5.941777902799947,3.3693837061706153,1.0684137051542708,0.979869993673972,3312.8000634401196
SCHOOL_414,0,0,0,0,0,0,0,0,0,0,2,2020800.0,6.696673575000026,19.567116965000015,0.0,0.0,0.0,,0.0,0.0,4.490457,64.359724,35.3551893660324,6.4869892199621395,2.0870255353963594,1.780144891835857,0.965257968549922,2020.8000386983201
SCHOOL_415,0,0,0,0,0,0,0,0,0,0,2,3301400.0,6.747124326000006,19.819843305000003,0.0,0.0,0.0,,0.0,0.0,16.886865,20.361217,22.989897597752822,2.927975485274873,2.6492327044350836,0.7018123700870074,0.8948448821782435,3301.4000632218103
SCHOOL_416,0,0,0,0,0,0,0,0,0,0,2,5459600.0,6.827751536500009,19.868106909999987,0.0,0.0,0.0,,0.0,0.0,27.797297,31.374771,36.688410057467415,4.612338668678392,4.412579704660829,0.6789284992550085,1.4432447963289312,5459.60010455134
SCHOOL_417,0,0,0,0,0,0,0,0,0,0,1,3562100.0,6.8617807,18.57625,0.0,0.0,0.0,,0.0,0.0,20.134334,19.204424,24.708137776881056,3.0146954658092957,2.668625407735217,0.6904048093636815,1.0193319179124454,3562.100068214215
SCHOOL_418,0,0,0,0,0,0,0,0,0,0,2,4424200.0,6.979540744500016,19.117227914999926,0.0,0.0,0.0,,0.0,0.0,8.103129,77.388477,44.91078027827814,7.953143316650195,4.748250409357163,1.0662136145512218,1.2737812391325498,4424.200084723429
SCHOOL_419,0,0,0,0,0,0,0,0,0,0,3,8283599.999999998,6.9943331526968855,19.18446244670608,0.0,0.0,0.0,,0.0,0.0,35.154278,48.159302,51.951623939218905,6.636228724973825,6.673062344865138,0.6388070198328787,2.0613226055643983,8283.60015863094
SCHOOL_420,0,0,0,0,0,0,0,0,0,0,2,4939400.0,6.927220280999999,19.892198070000003,0.0,0.0,0.0,,0.0,0.0,27.305572,26.020132,33.754450289228096,4.065851734013346,3.85299728214656,0.683280141351254,1.364628802199467,4939.400094589511
SCHOOL_421,0,0,0,0,0,0,0,0,0,0,2,1680000.0,6.984722513500001,19.93287662,0.0,0.0,0.0,,0.0,0.0,7.21719,10.368919,10.70692506419798,1.4128088979547804,1.395217505117954,0.6533779680865915,0.4050554908628022,1680.0000321720001
SCHOOL_422,0,0,0,0,0,0,0,0,0,0,2,12211000.0,7.004819774500005,19.64054041500001,0.0,0.0,0.0,,0.0,0.0,25.28244,156.295787,98.0032430201648,16.56786539377308,12.663235087815886,0.852338777918929,2.9292407916010847,12211.00023384065
SCHOOL_423,0,0,0,0,0,0,0,0,0,0,2,10355000.0,6.997754626003944,19.158364614984972,0.0,0.0,0.0,,0.0,0.0,43.946957,60.202787,64.94434046330474,8.295842333039309,8.344361393692932,0.638840738009321,2.577068909129865,10355.000198298247
SCHOOL_424,0,0,0,0,0,0,0,0,0,0,2,1306400.0,7.013173001001572,19.166663254993413,0.0,0.0,0.0,,0.0,0.0,5.705471,7.930048,8.370311877509092,1.091024731611366,1.05826473988097,0.6537656716065785,0.3190472773842778,1306.40002501756
SCHOOL_425,0,0,0,0,0,0,0,0,0,0,2,7337600.0,7.017703816500002,19.186605900000007,0.0,0.0,0.0,,0.0,0.0,32.044529,44.540939,47.01227090363809,6.127856730950572,5.943225610892628,0.6537499689995924,1.7917214224784597,7337.60014051504
SCHOOL_426,0,0,0,0,0,0,0,0,0,0,2,6092600.0,7.03524969250001,19.135705555000023,0.0,0.0,0.0,,0.0,0.0,38.437103,31.749365,44.79892150093595,5.434430969126775,4.6421269814212645,0.7233049337432298,2.2435160232045597,6092.60011667329
SCHOOL_427,0,0,0,0,0,0,0,0,0,0,2,3478600.0,7.086650562000022,19.23658466000001,0.0,0.0,0.0,,0.0,0.0,19.77093,19.869025,24.820867409840258,3.10495783774526,2.627015498640985,0.7094720601344595,1.0770633720893272,3478.60006661519
SCHOOL_428,0,0,0,0,0,0,0,0,0,0,2,1530200.0,7.061597678499999,19.942895875,0.0,0.0,0.0,,0.0,0.0,6.0594,9.274673,9.4185064577679,1.2412807363894558,1.289417812705207,0.6344450617903407,0.3542865959285616,1530.20002930333
SCHOOL_429,0,0,0,0,0,0,0,0,0,0,3,2520000.0,7.168981275344294,19.98265473999069,0.0,0.0,0.0,,0.0,0.0,12.004257,14.326069,16.46157821975196,2.0670761919831997,2.0147824541631745,0.6612675362886261,0.6411390304503882,2520.000048258
SCHOOL_430,0,0,0,0,0,0,0,0,0,0,2,4703000.0,7.1966259555,20.0038072,0.0,0.0,0.0,,0.0,0.0,20.70646,29.039464,30.981147344309047,3.984836975525764,3.844468347722781,0.669803797356469,1.1879170409973596,4703.00009006245
SCHOOL_431,0,0,0,0,0,0,0,0,0,0,1,840000.0,7.2324357,20.0381413,0.0,0.0,0.0,,0.0,0.0,2.795863,4.664055,4.602898493397753,0.6099885921689732,0.7414001496728877,0.5764577869696027,0.171033138003018,840.0000160860001
SCHOOL_432,0,0,0,0,0,0,0,0,0,0,1,967000.0,7.3126081,20.1404283,0.0,0.0,0.0,,0.0,0.0,3.617991,8.760551,7.427825005146011,1.053267125206525,0.8630268788966527,0.7866222348981909,0.2592604502524387,967.00001851805
SCHOOL_433,0,0,0,0,0,0,0,0,0,0,1,1945800.0,7.573795300000001,20.1766879,0.0,0.0,0.0,,0.0,0.0,6.800256,10.609761,10.826921121205242,1.4125286112778268,1.724429257400225,0.5834025751355789,0.4059917117251579,1945.80003726207
SCHOOL_434,0,0,0,0,0,0,0,0,0,0,1,1944100.0,7.6926285,20.202677,0.0,0.0,0.0,,0.0,0.0,3.655208,25.009192,15.528685396312234,2.6288070152051928,2.0629266454516215,0.8510844853912924,0.4590626033528494,1944.100037229515
SCHOOL_435,0,0,0,0,0,0,0,0,0,0,1,1096200.0,8.201176999999998,20.529904400000003,0.0,0.0,0.0,,0.0,0.0,2.093591,20.070006,11.638846432732043,2.0620860832366787,1.1902793629228647,1.112176740614117,0.3302828866827672,1096.20002099223
SCHOOL_436,0,0,0,0,0,0,0,0,0,0,1,840000.0,8.2565855,20.5713441,0.0,0.0,0.0,,0.0,0.0,1.590246,15.378499,8.936006733368984,1.5793344284618045,0.9106180948652934,1.113670812172294,0.2531701417702237,840.0000160860001
SCHOOL_437,0,0,0,0,0,0,0,0,0,0,1,830200.0,8.3613477,20.6016892,0.0,0.0,0.0,,0.0,0.0,1.536084,14.557038,8.430825387247625,1.4966804099501296,0.9100977500780646,1.068918825790271,0.2388954084489996,830.2000158983301
SCHOOL_438,0,0,0,0,0,0,0,0,0,0,1,12000000.0,8.4016013,20.6819853,0.0,0.0,0.0,,0.0,0.0,22.716487,219.509269,127.22970408702749,22.543387745122576,13.044370315073644,1.1108812026272488,3.605995847389495,12000.0002298
SCHOOL_439,0,0,0,0,0,0,0,0,0,0,1,12000000.0,8.4216237,20.6275334,0.0,0.0,0.0,,0.0,0.0,53.610484,77.942582,79.69706695070137,11.044869551648338,10.696629734116623,0.6825557539422279,3.614692576957745,12000.0002298
SCHOOL_440,0,0,0,0,0,0,0,0,0,0,1,1846600.0,8.4623455,20.6916668,0.0,0.0,0.0,,0.0,0.0,3.511077,33.78192,19.60144073033885,3.470355747091336,1.9985637526904607,1.1115517975147031,0.5555794188499948,1846.6000353623901
SCHOOL_441,0,0,0,0,0,0,0,0,0,0,1,2152200.0,8.492727199999997,20.663957,0.0,0.0,0.0,,0.0,0.0,4.092465,39.374571,22.84631675861202,4.0447952332568216,2.3300445108871033,1.111618595992357,0.6476257401891118,2152.20004121463
SCHOOL_442,0,0,0,0,0,0,0,0,0,0,1,3763600.0,8.5545716,20.6133147,0.0,0.0,0.0,,0.0,0.0,7.126162,68.911455,39.977293197844205,7.076290162367719,4.110161505363125,1.1130167216591222,1.1337305721748216,3763.60007207294
SCHOOL_443,0,0,0,0,0,0,0,0,0,0,1,1721900.0,8.7336394,20.672826,0.0,0.0,0.0,,0.0,0.0,3.268785,31.529763,18.28160290908706,3.2380492960810434,1.8564519169968092,1.111457166763968,0.5187406399682041,1721.9000329743849
SCHOOL_444,0,0,0,0,0,0,0,0,0,0,1,2444300.0,8.8221266,20.7020775,0.0,0.0,0.0,,0.0,0.0,17.294854,13.454862,19.652281587093515,2.3032785310938566,1.8361726004635144,0.7846101467988837,0.8865423292220793,2444.3000468083446
SCHOOL_445,0,0,0,0,0,0,0,0,0,0,2,4303400.0,6.413811635500002,21.153869615000012,0.0,0.0,0.0,,0.0,0.0,17.807493,23.737342,25.799904844931465,3.3070874164685393,3.6979147673838737,0.6189916142245994,0.9906372865898624,4303.40008241011
SCHOOL_446,0,0,0,0,0,0,0,0,0,0,2,1680000.0,6.476752021003532,21.12212815999075,0.0,0.0,0.0,,0.0,0.0,7.834206,14.211522,13.446565116428216,1.8194697979214192,1.4448238690390638,0.8082693225337084,0.493099298216876,1680.0000321720001
SCHOOL_447,0,0,0,0,0,0,0,0,0,0,2,5831000.0,6.5940641475,21.105765335000008,0.0,0.0,0.0,,0.0,0.0,26.696337,34.73592,38.0200609634413,4.875493207457337,4.9266533820609,0.665675145606226,1.463548919279444,5831.000111663649
SCHOOL_448,0,0,0,0,0,0,0,0,0,0,1,12000000.0,9.017687999999994,20.7397524,0.0,0.0,0.0,,0.0,0.0,22.64645,210.690407,122.64621325048992,21.681429577886103,13.02313579700822,1.0735213708137594,3.493722490807558,12000.0002298
SPARSE_1,30,170,0,0,0,0,0,0,0,0,0,0.0,10.2750002949,22.79583252215003,0.0,1001.176513671875,500.5882568359375,,-0.4142509880010959,0.2271497259856818,33.562821,64.146458,77.96330877785755,11.545535049623645,28.15539265109987,0.7511787597135247,0.0247467451349599,16684.349219611715
SPARSE_2,12,67,0,0,0,0,0,0,0,0,0,0.0,10.03750029585,22.20416585785003,0.0,392.037353515625,392.037353515625,OM,-0.4142509880010959,0.2271497259856818,4.258177,24.060337,20.6386711279427,3.659091043534205,6.018743799097525,0.8357272167574923,0.0060750531550331,3863.910013337499
SPARSE_3,18,101,0,0,0,0,0,0,0,0,0,0.0,9.85416696325,21.695832526550028,0.0,593.2031860351562,593.2031860351562,OM,-0.4142509880010959,0.2271497259856818,5.391091,60.332015,45.84457439703375,8.685846956679693,9.268652195000517,1.1528813342253077,0.1406573952472934,5882.618169128666
SPARSE_4,12,70,0,0,0,0,0,0,0,0,0,0.0,9.81250029675,21.629165860150028,0.0,410.0396728515625,410.0396728515625,OM,-0.4142509880010959,0.2271497259856818,4.233064,52.065487,39.081297195070654,7.517501016197554,6.40405621525103,1.391189839824583,0.0096958619124246,4058.194399153333
SPARSE_5,11,63,0,0,0,0,0,0,0,0,0,0.0,9.44583363155,20.90416586305003,0.0,371.6061706542969,371.6061706542969,OM,-0.4142509880010959,0.2271497259856818,5.545936,27.833386,24.6506380256524,4.282953108442045,5.7528985099372,1.0093639120359494,0.0074701518358318,3660.315115590167
SPARSE_6,13,74,0,0,0,0,0,0,0,0,0,0.0,9.42916696495,20.862499196550026,0.0,436.90045166015625,436.90045166015625,OM,-0.4142509880010959,0.2271497259856818,9.682981,15.78933,20.630728637478736,2.956429872944529,6.747991685535775,0.7509620560225331,0.0069694531875224,4302.568610515499
SPARSE_7,25,141,0,0,0,0,0,0,0,0,0,0.0,9.2666669656,22.70416585585003,0.0,833.2022705078125,416.60113525390625,OM,-0.4142509880010959,0.2271497259856818,8.713737,49.931302,43.362219643353946,7.256104896281941,12.894299912293674,0.8112066804723271,1.0197987436371094,8207.257937467832
SPARSE_8,25,121,0,0,0,0,0,0,0,0,0,0.0,9.21250029915,20.483332531400027,0.0,729.2105712890625,364.6052856445313,OM,-0.4142509880010959,0.2444044831500113,7.222403,92.163287,68.79009342122629,13.288130002671254,11.320481962364967,1.384821527017548,0.0186582608896133,7183.890789461166
SPARSE_9,11,55,0,0,0,0,0,0,0,0,0,0.0,9.00416696665,19.145832536750028,0.0,329.8923645019531,329.8923645019531,OM,-0.4142509880010959,0.2444044831500113,4.947099,14.932174,15.655374550297047,2.4540245890642973,5.10173675915688,0.7600696205580302,0.0176159204022184,3250.9682563875
SPARSE_10,10,51,0,0,0,0,0,0,0,0,0,0.0,8.98750030005,20.61249919755003,0.0,309.7811279296875,309.7811279296875,OM,-0.4142509880010959,0.2444044831500113,2.727258,22.934816,18.27545246612005,3.3807530361443976,4.733078762577902,0.9349204730366144,0.0047140442990736,3006.5940450253333
SPARSE_11,14,70,0,0,0,0,0,0,0,0,0,0.0,8.82916696735,20.70416586385003,0.0,419.0880432128906,419.0880432128906,OM,-0.4142509880010959,0.2444044831500113,4.416837,25.811146,22.34752460199355,3.791373740292467,6.493798441389139,0.8309042770383224,0.3626470176621139,4137.595962675
SPARSE_12,0,71,0,0,0,0,0,0,0,0,0,0.0,8.52916696855,23.229165853750025,0.0,356.6659851074219,356.6659851074219,OM,-0.25,0.0842931393016853,7.879408,13.393677,17.185785326798968,2.480888322694329,5.694658632016152,0.7435534036568336,0.0058105398460069,3632.953375423666
SPARSE_13,11,55,0,0,0,0,0,0,0,0,0,0.0,8.47083363545,20.687499197250027,0.0,331.4133605957031,331.4133605957031,OM,-0.4142509880010959,0.2444044831500113,4.560327,24.657348,21.546777305512,3.7658231623754657,5.103269662010505,0.996564690489432,0.0057044908847338,3250.9682563875
SPARSE_14,14,68,0,0,0,0,0,0,0,0,0,0.0,8.45416696885,20.695832530550028,0.0,410.3926086425781,410.3926086425781,OM,-0.4142509880010959,0.2444044831500113,5.661228,30.613202,26.750150465496993,4.675326796568315,6.335231727234507,0.9967503182308388,0.0071076355137954,4035.259247874333
SPARSE_15,80,395,0,0,0,0,0,0,0,0,0,0.0,8.42750030229,20.627499197490028,0.0,2377.14404296875,475.4288024902344,OM,-0.4142509880010959,0.2444044831500113,26.807339,125.005618,113.40031104436878,19.027371445421434,36.716164784312475,0.7645775565028955,1.2993566418901652,23387.563713998334
SPARSE_16,42,205,0,0,0,0,0,0,0,0,0,0.0,8.40416696905,20.67499919730003,0.0,1232.2476806640625,616.1238403320312,OM,-0.4142509880010959,0.2444044831500113,16.987429,92.201136,80.53154345924415,14.076038763319191,19.086614824050333,0.9961591152686478,0.0221278160445547,12156.946101023332
SPARSE_17,15,72,0,0,0,0,0,0,0,0,0,0.0,8.40416696905,20.695832530550028,0.0,433.5582580566406,433.5582580566406,OM,-0.4142509880010959,0.2444044831500113,5.979866,32.460685,28.351964173789945,4.955775736548328,6.718674366197538,0.9962261668421886,0.0075204288817704,4279.633459236499
SPARSE_18,16,79,0,0,0,0,0,0,0,0,0,0.0,8.39583363575,20.637499197450023,0.0,475.8793029785156,475.8793029785156,OM,-0.4142509880010959,0.2444044831500113,3.71478,56.196201,41.15219465062393,8.044612362101478,7.377415411826868,1.2883313125908262,0.0098330861064203,4677.512742799667
SPARSE_19,15,75,0,0,0,0,0,0,0,0,0,0.0,8.37083363585,20.695832530550028,0.0,454.0100708007813,454.0100708007813,OM,-0.4142509880010959,0.2444044831500113,3.744819,33.825602,26.65781608356382,4.96367121631482,6.994408769752025,0.9278533222696508,0.0066615551133849,4433.138531437499
SPARSE_20,13,64,0,0,0,0,0,0,0,0,0,0.0,8.31250030275,20.67916586395003,0.0,383.2812805175781,383.2812805175781,OM,-0.4142509880010959,0.2444044831500113,8.611534,13.901796,18.09676609300998,2.826610553932954,5.940031161119285,0.7489132815215935,0.2149115140487048,3790.885036512166
SPARSE_21,6,73,0,0,0,0,0,0,0,0,0,0.0,7.970833637449999,17.729165875750027,0.0,395.3309326171875,395.3309326171875,OM,-0.3440000116825104,0.2146528583959602,3.864148,30.369393,24.49949671547767,4.497142351421227,6.259883783590088,0.9451289257282176,0.0061055078062764,3973.4947807893336
SPARSE_22,13,59,0,0,0,0,0,0,0,0,0,0.0,7.94583363755,17.73749920905003,0.0,362.1093444824219,362.1093444824219,OM,-0.4543571440236909,0.2146528583959602,2.99662,27.065671,21.319220688592495,3.9722251139541767,5.57146969686937,0.9299673170127272,0.0052562711863832,3535.0432495104997
SPARSE_23,0,161,6,0,0,0,0,0,0,0,0,0.0,7.891666971099999,17.549999209800028,0.0,835.7540283203125,417.87701416015625,OM,-0.0289999991655349,0.2146528583959602,7.178227,106.892008,78.40411292719764,15.310528687317372,14.04673648469695,1.2917995466759695,0.0184239203826606,8885.73158404967
SPARSE_24,0,73,1,0,0,0,0,0,0,0,0,0.0,7.85416697125,17.504165876650028,0.0,373.61474609375,373.61474609375,OM,-0.1110000014305114,0.2146528583959602,3.135473,46.731831,34.28111638067065,6.693573207734596,6.074723121605006,1.3040188701402866,0.0079778225241026,3843.2277639903336
SPARSE_25,9,82,0,0,0,0,0,0,0,0,0,0.0,7.73750030505,17.254165877650028,0.0,455.5560302734375,455.5560302734375,OM,-0.3680000007152557,0.2146528583959602,4.680994,28.41217,24.226062601033256,4.194292935568509,7.158091632071338,0.8257637100522576,0.2873857583690691,4553.112342674833
SPARSE_26,6,63,0,0,0,0,0,0,0,0,0,0.0,7.720833638449999,16.495832547350027,0.0,348.3620300292969,348.3620300292969,OM,-0.3269999921321869,0.2416978781442573,2.812226,36.034008,26.921585766483386,5.192940138117241,5.4669134278366105,1.1563678281241416,0.0063569697984755,3461.811206786
SPARSE_27,8,60,0,0,0,0,0,0,0,0,0,0.0,7.70416697185,16.46249921415003,0.0,338.71722412109375,338.71722412109375,OM,-0.356000006198883,0.2416978781442573,2.760119,35.341282,26.402956625207604,5.093364990810331,5.3489030030579485,1.1585137644076131,0.0062366979056763,3387.7076981066666
SPARSE_28,6,141,1,0,0,0,0,0,0,0,0,0.0,7.666666972,16.641665880100028,0.0,743.3043212890625,371.6521606445313,OM,-0.2290000021457672,0.2416978781442573,19.148329,29.964312,39.48353195406596,6.5597147663795425,11.879009402062156,0.8032282637060679,0.917389745429416,7560.880757777999
SPARSE_29,16,81,0,0,0,0,0,0,0,0,0,0.0,7.66250030535,16.537499213850026,0.0,481.61285400390625,481.61285400390625,OM,-0.4110000133514404,0.2416978781442573,8.712963,21.330727,23.891926699866957,3.701199649383742,7.50733755464293,0.7810605890432449,0.0576070596797492,4779.849457600333
SPARSE_30,38,74,0,0,0,0,0,0,0,0,0,0.0,7.65416697205,17.087499211650027,0.0,562.065185546875,562.065185546875,OM,-0.5600000023841858,0.2146528583959602,6.223578,28.982497,26.243834151915163,4.476939665596314,8.308757496197384,0.7835114040897491,0.0874572794873473,5295.088154536333
SPARSE_31,18,80,0,0,0,0,0,0,0,0,0,0.0,7.65416697205,17.112499211550027,0.0,488.1849060058594,488.1849060058594,OM,-0.4543571440236909,0.2146528583959602,11.020744,17.623598,23.216432882287208,3.3647993505341365,7.532965612380821,0.7544937688971318,0.0633331921653107,4808.082663721667
SPARSE_32,18,106,0,0,0,0,0,0,0,0,0,0.0,7.64583363875,16.454165880850027,0.0,620.9469604492188,620.9469604492188,OM,-0.3899999856948852,0.2416978781442573,13.688043,22.528896,29.147275694121873,4.208078637192599,9.621252848364866,0.7457012439440626,0.0106139276264489,6138.459956130333
SPARSE_33,116,30,0,0,0,0,0,0,0,0,0,0.0,7.6333336388,16.637499213450027,0.0,730.5046997070312,365.2523498535156,OM,-0.8489999771118164,0.2416978781442573,15.281647,24.880174,32.147720984533905,5.373835134297993,9.605340215157922,0.804857788797258,0.7381932093870812,6140.341406266663
SPARSE_34,45,269,0,0,0,0,0,0,0,0,0,0.0,7.6250003055,16.454165880850027,0.0,1567.403564453125,783.7017822265625,OM,-0.3899999856948852,0.2416978781442573,34.688988,57.078923,73.85575403725802,10.662521358982216,24.37620894192555,0.745840164664227,0.0266169728921485,15550.823319927165
SPARSE_35,13,62,0,0,0,0,0,0,0,0,0,0.0,7.62083363885,16.345832547950028,0.0,376.4008483886719,376.4008483886719,OM,-0.4267407388046936,0.2416978781442573,5.51382,28.021939,24.923553326845287,4.306459037082035,5.792893969137939,1.0113783117768098,0.0066530637353202,3688.5483217114997
SPARSE_36,74,78,0,0,0,0,0,0,0,0,0,0.0,7.60416697225,16.637499213450027,0.0,760.3595581054688,760.3595581054688,OM,-0.6420000195503235,0.2416978781442573,17.311155,28.062033,36.31922911702442,6.05331810574219,10.858500448321742,0.8057834286148717,0.8241067020089247,6928.989727527665
SPARSE_37,18,73,0,0,0,0,0,0,0,0,0,0.0,7.595833638949999,16.937499212250028,0.0,459.6077575683594,459.6077575683594,OM,-0.4690000116825104,0.2146528583959602,6.011297,23.974384,22.460874373354933,3.7101129709661897,6.983543937856123,0.7824673170871894,0.4718690667447297,4449.904161919333
SPARSE_38,16,68,0,0,0,0,0,0,0,0,0,0.0,7.57916697235,16.587499213650027,0.0,417.6454772949219,417.6454772949219,OM,-0.4370000064373016,0.2416978781442573,9.353956,15.078361,19.79711994686609,2.8323774514618707,6.447664923441762,0.7526839545111739,0.0070132027210837,4114.660811395999
SPARSE_39,25,123,0,0,0,0,0,0,0,0,0,0.0,7.57083363905,16.55416588045003,0.0,740.26123046875,740.26123046875,OM,-0.4189999997615814,0.2416978781442573,16.631788,26.720869,35.142844121116184,5.023876192139664,11.419889188122712,0.7540967647221687,0.0126628988866546,7286.227504261833
SPARSE_40,14,63,0,0,0,0,0,0,0,0,0,0.0,7.56250030575,16.30416588145003,0.0,384.3714294433594,384.3714294433594,OM,-0.4267407388046936,0.2416978781442573,8.760671,13.855082,18.30758906595895,2.6158805206687337,5.923507700628301,0.7565948498589509,0.0065882046061809,3779.417460872667
SPARSE_41,19,134,0,0,0,0,0,0,0,0,0,0.0,7.56250030575,16.60416588025003,0.0,767.002197265625,767.002197265625,OM,-0.3689999878406524,0.2416978781442573,6.630605,58.216211,46.09340864362107,8.558062552307502,12.004079563732118,0.9328846422307802,0.0112402176066691,7610.8747451005
SPARSE_42,11,65,0,0,0,0,0,0,0,0,0,0.0,7.55416697245,16.287499214850026,0.0,382.7799072265625,382.7799072265625,OM,-0.395000010728836,0.2416978781442573,3.599058,22.674659,19.39885573421119,3.290308291891366,5.917466418392732,0.7985053301693155,0.405117077857755,3762.6518303908333
SPARSE_43,8,51,4,0,0,0,0,0,0,0,0,0.0,7.55416697245,18.504165872650027,0.0,310.46923828125,310.46923828125,OM,-0.221000000834465,0.3711250603242535,3.055907,25.483148,20.31907717078871,3.758522872963845,5.297840431212862,0.9315509475704646,0.0050425838503714,3358.943176567668
SPARSE_44,20,82,0,0,0,0,0,0,0,0,0,0.0,7.53750030585,16.537499213850026,0.0,510.79437255859375,510.79437255859375,OM,-0.4390000104904175,0.2416978781442573,6.436035,27.81898,25.62829531150814,4.187773046268723,7.830806844552853,0.79391381453821,0.4626375868722723,4989.820942043999
SPARSE_45,21,115,0,0,0,0,0,0,0,0,0,0.0,7.5250003059,16.274999214900028,0.0,685.11962890625,342.559814453125,OM,-0.4050000011920929,0.2416978781442573,17.48112,24.650571,34.051086235009116,5.227663348767985,10.531393458934144,0.7826414759977088,0.4577255026617302,6718.077518015833
SPARSE_46,11,124,0,0,0,0,0,0,0,0,0,0.0,7.52083363925,16.520832547250027,0.0,674.5221557617188,674.5221557617188,OM,-0.3089999854564667,0.2416978781442573,8.741002,37.331873,34.503994056907175,5.638135803994563,10.651535562436582,0.7884580453501309,0.6044560290818103,6781.584917010499
SPARSE_47,10,49,3,0,0,0,0,0,0,0,0,0.0,7.52083363925,17.929165874950026,0.0,309.46917724609375,309.46917724609375,OM,-0.2720000147819519,0.3711250603242535,7.518513,13.5936,16.695693694346833,2.4381784906057526,5.055301614230403,0.795022191019958,0.0999501720312786,3228.070351522668
SPARSE_48,4,151,1,0,0,0,0,0,0,0,0,0.0,7.5083336393,15.499999218000028,0.0,777.8914794921875,388.94573974609375,OM,-0.2220000028610229,0.2213951926979405,23.539488,30.042886,43.36468173365233,7.011399737840725,12.573055495626294,0.8245406004053482,1.086096192023756,7993.162768259667
SPARSE_49,1,53,22,0,0,0,0,0,0,0,0,0.0,7.51250030595,17.812499208750026,0.0,383.6764221191406,383.6764221191406,OM,0.1480000019073486,0.3711250603242535,7.513217,23.763621,23.86486066080711,3.8163126055733274,8.059877705095637,0.7383614750910238,0.2131468556649143,5126.2525468305075
SPARSE_50,67,203,0,0,0,0,0,0,0,0,0,0.0,7.504166972649999,16.50833254730003,0.0,1351.5289306640625,675.7644653320312,OM,-0.4850000143051147,0.2416978781442573,16.836208,73.170503,67.30921879152746,10.998579559770524,20.469130876499992,0.7965076303157516,1.2318297694830052,13047.128930243496
SPARSE_51,64,291,0,0,0,0,0,0,0,0,0,0.0,7.48583363939,16.25583254831003,0.0,1773.701171875,354.740234375,OM,-0.4267407388046936,0.2416978781442573,14.995681,133.467299,105.4650524205342,19.60238770320134,27.520545022365937,0.9324477011289728,0.0270257994019592,17430.84203619033
SPARSE_52,58,225,0,0,0,0,0,0,0,0,0,0.0,7.48750030605,16.615276991316694,0.0,1415.37890625,471.79296875,OM,-0.4490000009536743,0.2416978781442573,17.159517,82.044434,73.48056974608673,12.138377932413643,21.66221094737288,0.815119256328409,1.577716200873022,13815.525757203333
SPARSE_53,44,197,0,0,0,0,0,0,0,0,0,0.0,7.4833336394,16.495832547350027,0.0,1209.9921875,604.99609375,OM,-0.4309999942779541,0.2416978781442573,13.607383,69.35839,61.54805360233401,10.26317525828829,18.569187731426247,0.8026108095330665,1.2799061325051648,11827.000805342333
SPARSE_54,12,57,3,0,0,0,0,0,0,0,0,0.0,7.46250030615,18.06249920775003,0.0,360.0216979980469,360.0216979980469,OM,-0.2829999923706054,0.3711250603242535,4.565748,21.676339,19.48460385449876,3.2657544198435344,5.832185531526121,0.8054025047521358,0.4839281884601849,3716.8187742470004
SPARSE_55,97,126,0,0,0,0,0,0,0,0,0,0.0,7.4416669729,16.504165880650028,0.0,1112.90380859375,556.451904296875,OM,-0.609000027179718,0.2416978781442573,9.02926,79.217138,62.68960309695902,11.64536605681224,16.217091524331178,0.9366124289874844,0.016054987718104,10298.18886324283
SPARSE_56,7,79,0,0,0,0,0,0,0,0,0,0.0,7.43750030625,15.645832550750027,0.0,430.64947509765625,430.64947509765625,OM,-0.3352631632434694,0.2213951926979405,10.080522,16.269222,21.33872274025673,3.0839242853519626,6.777116100444824,0.7678361930820349,0.0629925352880696,4320.205706952167
SPARSE_57,36,35,0,0,0,0,0,0,0,0,0,0.0,7.42916697295,16.270832548250027,0.0,355.49151611328125,355.49151611328125,OM,-0.652999997138977,0.2416978781442573,9.083431,11.667604,16.746127195087123,2.671731349230957,5.0391323767473475,0.7969255206029189,0.369562320672704,3220.1206524016657
SPARSE_58,12,57,0,0,0,0,0,0,0,0,0,0.0,7.42083363965,16.229165881750028,0.0,345.649169921875,345.649169921875,OM,-0.4267407388046936,0.2416978781442573,3.561862,20.432646,17.68221719229133,2.983411456975425,5.334979766366862,0.8042307206957888,0.3872919248837759,3393.0057529489995
SPARSE_59,1,143,7,0,0,0,0,0,0,0,0,0.0,7.416666973,16.48333254740003,0.0,757.2158203125,378.60791015625,OM,-0.0480000004172325,0.2416978781442573,7.664326,50.783263,42.989937770721035,7.328232012556617,12.774010511460531,0.8161844533853712,0.9430575845442222,8112.339606370503
SPARSE_60,82,251,0,0,0,0,0,0,0,0,0,0.0,7.390278084216666,16.601388102483362,0.0,1669.027099609375,556.3423461914062,OM,-0.4830000102519989,0.2416978781442573,17.808167,99.128396,86.48530471517485,14.314340328610063,25.25299566762906,0.8215693216980768,1.9056574199804723,16098.721811871997
SPARSE_61,1,44,15,0,0,0,0,0,0,0,0,0.0,7.38750030645,18.387499206450027,0.0,301.5489196777344,301.5489196777344,OM,0.0949999988079071,0.3711250603242535,4.719036,20.572522,18.68157718859713,3.2156660573021254,6.1492658704252845,0.7640169024202691,0.0051171158600675,3910.1736138655056
SPARSE_62,20,92,0,0,0,0,0,0,0,0,0,0.0,7.37083363985,16.320832548050028,0.0,561.7753295898438,561.7753295898438,OM,-0.4267407388046936,0.2416978781442573,6.847111,70.580744,53.9546697122592,10.279278426559802,8.678388123927919,1.4116944234322557,0.0131409944661618,5501.504516047334
SPARSE_63,16,69,0,0,0,0,0,0,0,0,0,0.0,7.37083363985,17.19583254455003,0.0,423.8714904785156,423.8714904785156,OM,-0.4560000002384186,0.2146528583959602,4.229026,43.578654,33.42721705424594,6.346531143724471,6.552384981066456,1.184515611294814,0.008878849101501,4165.829168796333
SPARSE_64,14,48,0,0,0,0,0,0,0,0,0,0.0,7.36250030655,15.737499217050027,0.0,313.1620788574219,313.1620788574219,OM,-0.4850000143051147,0.2213951926979405,3.252075,38.640606,29.084768448128017,5.588246247053396,4.7482101346709324,1.3941326421328144,0.0078098087271969,3011.8920998676663
SPARSE_65,122,68,0,0,0,0,0,0,0,0,0,0.0,7.36250030655,16.449999214200027,0.0,953.3399047851562,476.6699523925781,OM,-0.7369999885559082,0.2416978781442573,11.072245,106.730861,82.84849050722354,15.602079200271158,13.05456596031319,1.4270480785720734,0.0202168000827991,8322.943678044332
SPARSE_66,169,14,0,0,0,0,0,0,0,0,0,0.0,7.36250030655,16.612499213550027,0.0,919.05859375,919.05859375,OM,-0.9929999709129332,0.2416978781442573,9.347102,43.956953,39.69141618715962,6.515701364161126,11.5981325843614,0.8173029222812566,0.8378729275394031,7425.789121185495
SPARSE_67,8,147,1,0,0,0,0,0,0,0,0,0.0,7.34583363995,16.445832547550026,0.0,776.5676879882812,776.5676879882812,OM,-0.248999997973442,0.2416978781442573,9.641897,101.608507,77.91592403025786,14.781074571413985,12.52318892804108,1.410266669967603,0.0189136126982143,7947.2924657016665
SPARSE_68,133,156,1,0,0,0,0,0,0,0,0,0.0,7.340278084416666,18.34305476218336,0.0,1456.69384765625,485.5646057128906,OM,-0.6110000014305115,0.3711250603242535,27.335939,48.449853,60.75262470886582,8.880351367120838,20.881166729861143,0.7210678636133533,0.0198318946743655,13370.405402408831
SPARSE_69,54,82,0,0,0,0,0,0,0,0,0,0.0,7.333333639999999,16.991665878700026,0.0,678.438232421875,339.2191162109375,OM,-0.593999981880188,0.2146528583959602,8.882953,32.965731,31.599321901397342,5.115837313127753,9.931295213543857,0.7752086794418098,0.5163646313493679,6339.647521912331
SPARSE_70,14,47,2,0,0,0,0,0,0,0,0,0.0,7.33750030665,18.270832540250023,0.0,314.3448791503906,314.3448791503906,OM,-0.3650000095367431,0.3711250603242535,2.934101,21.433315,17.490176633741875,3.190538258683676,4.991585065841686,0.8608439303260336,0.0045742260356651,3176.599089999334
SPARSE_71,27,70,0,0,0,0,0,0,0,0,0,0.0,7.32916697335,16.404165881050027,0.0,486.1712036132813,486.1712036132813,OM,-0.5049999952316284,0.2416978781442573,5.602642,59.696715,45.69831881508548,8.679183868751766,7.324945104512441,1.4122929302564349,0.0110939445356552,4653.706125565833
SPARSE_72,49,35,0,0,0,0,0,0,0,0,0,0.0,7.32083364005,16.612499213550027,0.0,415.44915771484375,415.44915771484375,OM,-0.699999988079071,0.2416978781442573,10.406803,13.495527,19.226469423335235,3.1480884803281435,5.846483852423256,0.7908504468370058,0.4860127996697833,3736.2308152924984
SPARSE_73,23,77,3,0,0,0,0,0,0,0,0,0.0,7.32083364005,18.270832540250023,0.0,515.6408081054688,515.6408081054688,OM,-0.3650000095367431,0.3711250603242535,4.783969,34.975935,28.537331746270144,5.206142949533987,8.134559902257566,0.8616655173326286,0.0074917936223411,5176.894521622834
SPARSE_74,13,54,2,0,0,0,0,0,0,0,0,0.0,7.32083364005,18.35416587325003,0.0,345.08184814453125,345.08184814453125,OM,-0.31700000166893,0.3711250603242535,7.199012,12.637043,16.073991947617586,2.3217613426710457,5.471123122299442,0.7273493482008145,0.0052336365315606,3495.076810040834
SPARSE_75,7,189,2,0,0,0,0,0,0,0,0,0.0,7.3083336401,16.662499213350028,0.0,987.677978515625,493.8389892578125,OM,-0.210999995470047,0.2416978781442573,12.028035,60.143935,53.39100149420127,8.921868681095905,15.969770096363812,0.8080053137914683,1.191390430251719,10164.600368520834
SPARSE_76,1,79,1,0,0,0,0,0,0,0,0,0.0,7.30416697345,15.779165883550029,0.0,406.9610290527344,406.9610290527344,OM,-0.1850000023841858,0.2213951926979405,6.322911,24.015092,22.995986070445696,3.6941109991059258,6.585041316602428,0.8355989563526982,0.4122207561506129,4189.938690153167
SPARSE_77,29,109,0,0,0,0,0,0,0,0,0,0.0,7.30416697345,15.858332549900028,0.0,688.50732421875,344.253662109375,OM,-0.4690000116825104,0.2213951926979405,7.102669,86.317624,64.5920302931845,12.469166761819896,10.604955796608408,1.3877999770296885,0.0151477192360437,6728.6736277005
SPARSE_78,0,154,31,0,0,0,0,0,0,0,0,0.0,7.2916669735,16.583332547000026,0.0,928.690673828125,464.3453369140625,OM,0.1230000033974647,0.2416978781442573,11.213911,85.012352,68.64237100939648,12.620964064627726,17.70843760495878,0.9390937611239896,0.0175439484969991,11225.994926397347
SPARSE_79,14,65,0,0,0,0,0,0,0,0,0,0.0,7.29583364015,16.687499213250028,0.0,397.9334411621094,397.9334411621094,OM,-0.4267407388046936,0.2416978781442573,5.671068,22.009512,20.695267575891933,3.470149154272289,6.093833061696696,0.8279088654756448,0.0937084623172243,3881.754175673333
SPARSE_80,11,83,0,0,0,0,0,0,0,0,0,0.0,7.287500306849999,16.43749921425003,0.0,470.521240234375,470.521240234375,OM,-0.3619999885559082,0.2416978781442573,5.920597,60.088925,46.34651339491406,8.758881370607465,7.373610874176923,1.4209099239039742,0.0114468792792975,4683.682263596834
SPARSE_81,11,107,0,0,0,0,0,0,0,0,0,0.0,7.287500306849999,16.704165879850027,0.0,593.8381958007812,593.8381958007812,OM,-0.3289999961853027,0.2416978781442573,7.585382,61.253213,49.009999263002015,9.05349898181798,9.30968627272579,1.2139264503238845,0.0124210968685792,5911.7228412048335
SPARSE_82,35,120,0,0,0,0,0,0,0,0,0,0.0,7.27083364025,16.170832548650026,0.0,772.2589721679688,772.2589721679688,OM,-0.4659999907016754,0.2416978781442573,18.204548,27.560617,37.18908536430371,5.9757997236396845,11.809075206902332,0.7683447703623333,0.6694228383646634,7529.730249669166
SPARSE_83,27,118,0,0,0,0,0,0,0,0,0,0.0,7.27083364025,16.562499213750026,0.0,722.274169921875,722.274169921875,OM,-0.4320000112056732,0.2416978781442573,7.265524,54.440415,44.20265432075532,8.089155913881616,11.199945044277648,0.9512275311484542,0.0110738668179098,7109.787280781832
SPARSE_84,60,80,0,0,0,0,0,0,0,0,0,0.0,7.27083364025,16.720832546450026,0.0,699.925537109375,699.925537109375,OM,-0.6039999723434448,0.2416978781442573,8.6564,69.263729,55.511977387568315,10.243436955958732,10.177695868025962,1.248999465642873,0.0164383022968252,6475.515497676664
SPARSE_85,7,79,0,0,0,0,0,0,0,0,0,0.0,7.254166973649999,15.762499216950028,0.0,429.8872375488281,429.8872375488281,OM,-0.3352631632434694,0.2213951926979405,5.759295,25.294688,23.158494219331494,3.881916916332314,6.789532916919993,0.8286533766472018,0.2269564357048765,4320.205706952167
SPARSE_86,25,56,0,0,0,0,0,0,0,0,0,0.0,7.254166973649999,16.55416588045003,0.0,405.6631164550781,405.6631164550781,OM,-0.5270000100135803,0.2416978781442573,3.830243,29.604876,23.89398267421792,4.389195234713745,6.075333442344699,0.9486412831767258,0.0059675824198058,3857.9475584394995
SPARSE_87,15,49,2,0,0,0,0,0,0,0,0,0.0,7.254166973649999,18.720832538450026,0.0,328.8800964355469,328.8800964355469,OM,-0.3650000095367431,0.3711250603242535,8.396056,12.293562,16.701130000931556,2.651404700320708,5.202484361647083,0.778140749559498,0.3158115330585443,3318.6365865608336
SPARSE_88,5,52,4,0,0,0,0,0,0,0,0,0.0,7.24583364035,18.862499204550023,0.0,304.1324768066406,304.1324768066406,OM,-0.1770000010728836,0.3482519792665085,4.821796,25.871497,22.697824033515943,3.954352699223433,5.166841226095472,1.0298542478880957,0.0059596989133781,3291.0091886855016
SPARSE_89,122,82,0,0,0,0,0,0,0,0,0,0.0,7.2333336404,16.774999212900028,0.0,1018.12744140625,509.063720703125,OM,-0.7020000219345093,0.2146528583959602,23.945746,32.6313,45.678085729458566,7.366641604459692,14.153145948309689,0.7799900703701478,1.018222958174468,9039.300681648996
SPARSE_90,27,101,0,0,0,0,0,0,0,0,0,0.0,7.22083364045,16.479165880750028,0.0,640.2857055664062,640.2857055664062,OM,-0.4539999961853027,0.2416978781442573,8.037792,80.055923,61.933236488018224,11.680516639698451,9.827809513237248,1.4243536099996623,0.0162647849405719,6239.925204976165
SPARSE_91,101,40,0,0,0,0,0,0,0,0,0,0.0,7.2166669738,18.049999207800028,0.0,718.2714233398438,359.1357116699219,OM,-0.8659999966621399,0.3711250603242535,5.663298,46.863153,37.41003288578277,6.914837441522126,9.508575939400794,0.946782959368452,0.0097317963037959,6056.513253857498
SPARSE_92,34,30,0,0,0,0,0,0,0,0,0,0.0,7.22083364045,18.887499204450027,0.0,321.1108703613281,321.1108703613281,OM,-0.6830000281333923,0.3482519792665085,4.105669,22.383456,19.555096238312423,3.4158707606806265,4.513750080073598,1.0148018005879302,0.0051974156808923,2884.8773018783327
SPARSE_93,16,409,4,0,0,0,0,0,0,0,0,0.0,7.2000003072,16.410415881025028,0.0,2142.205078125,535.55126953125,OM,-0.2150000035762787,0.2416978781442573,55.189076,80.792695,111.23140968302904,15.89386144483756,34.4976130783858,0.7810980784160695,0.362915916302906,21994.821379973666
SPARSE_94,49,40,0,0,0,0,0,0,0,0,0,0.0,7.21250030715,18.029165874550028,0.0,447.95843505859375,447.95843505859375,OM,-0.6990000009536743,0.3711250603242535,3.702945,30.778998,24.55195232069378,4.540386336672349,6.272860221045761,0.9436279215873944,0.0062150634343704,3992.0726022941653
SPARSE_95,25,68,0,0,0,0,0,0,0,0,0,0.0,7.2041669738500005,16.345832547950028,0.0,465.1986389160156,465.1986389160156,OM,-0.5009999871253967,0.2416978781442573,10.669793,16.34527,21.93176327567879,3.171557772134952,7.008463325350559,0.7632994086173861,0.0716624882635292,4471.9678472435
SPARSE_96,16,68,3,0,0,0,0,0,0,0,0,0.0,7.195833640549999,17.662499209350027,0.0,436.8628234863281,436.8628234863281,OM,-0.3199999928474426,0.3711250603242535,10.435721,16.011413,21.4566146101156,3.047712351638622,6.949958772364167,0.7548218997605813,0.0073222054087769,4438.473832694001
SPARSE_97,47,42,0,0,0,0,0,0,0,0,0,0.0,7.195833640549999,20.004165866650027,0.0,447.200927734375,447.200927734375,OM,-0.6629999876022339,0.2014710231837554,4.369661,24.357415,20.899412322729955,3.7089747839636864,6.290755764694451,0.8197411263140991,0.0058875521437558,4015.0077535731652
SPARSE_98,46,30,0,0,0,0,0,0,0,0,0,0.0,7.18750030725,16.82916587935003,0.0,378.6163024902344,378.6163024902344,OM,-0.7039999961853027,0.2146528583959602,2.936463,25.943708,20.47589537982144,3.8124621897426176,5.289615225563161,0.9373182267276262,0.0051229375368727,3361.2866830083326
SPARSE_99,17,52,2,0,0,0,0,0,0,0,0,0.0,7.18750030725,17.612499209550027,0.0,353.23333740234375,353.23333740234375,OM,-0.3908235299236634,0.3711250603242535,3.279037,27.123382,21.618104793456325,4.0025506222004275,5.589278233834033,0.936050999255838,0.0054373316851197,3551.5432222835
SPARSE_100,2,66,1,0,0,0,0,0,0,0,0,0.0,7.17916697395,16.104165882250026,0.0,344.07525634765625,344.07525634765625,OM,-0.1720000058412552,0.2416978781442573,4.909505,21.567649,19.48967148695748,3.3661413976008188,5.601383513896313,0.850134361577311,0.0138454943711319,3564.4508257096672
SPARSE_101,45,42,0,0,0,0,0,0,0,0,0,0.0,7.17916697395,17.570832543050027,0.0,437.3334045410156,437.3334045410156,OM,-0.6620000004768372,0.3711250603242535,10.78914,14.259573,20.2013190147357,3.2720559641881772,6.162844345161859,0.7888454865982177,0.4952401004072409,3935.6061900514987
SPARSE_102,31,57,0,0,0,0,0,0,0,0,0,0.0,7.17083364065,17.412499210350028,0.0,440.61090087890625,440.61090087890625,OM,-0.5659999847412109,0.2146528583959602,3.779817,44.057695,33.20327358096959,6.37660969221096,6.52751609870821,1.184192976704447,0.0084898897827212,4147.320606404833
SPARSE_103,39,21,0,0,0,0,0,0,0,0,0,0.0,7.17083364065,17.47083254345003,0.0,301.12139892578125,301.12139892578125,OM,-0.7929999828338623,0.3711250603242535,3.479127,15.438438,14.093514316957751,2.376328982973896,4.106234293267677,0.8226955802732756,0.3218433729016369,2622.865994079499
SPARSE_104,32,97,3,0,0,0,0,0,0,0,0,0.0,7.166666974,17.774999208900027,0.0,663.3985595703125,331.69927978515625,OM,-0.3908235299236634,0.3711250603242535,9.59669,50.743683,44.6841097232073,7.766786316791278,10.292153474268284,1.0191517224397888,0.012043325685699,6557.568705477001
SPARSE_105,15,67,0,0,0,0,0,0,0,0,0,0.0,7.15416697405,16.387499214450028,0.0,411.8416748046875,411.8416748046875,OM,-0.4289999902248382,0.2416978781442573,9.712733,14.749162,19.814998798020135,3.2009121909670437,6.3151858639061915,0.7668291893715041,0.3686876913288769,4023.7916722348336
SPARSE_106,14,66,0,0,0,0,0,0,0,0,0,0.0,7.12083364085,16.32916588135003,0.0,401.1113586425781,401.1113586425781,OM,-0.4267407388046936,0.2416978781442573,8.353508,14.439894,18.167202438784816,2.814737939256337,6.171831479338875,0.7308069561364863,0.175220507397101,3932.9225330736667
SPARSE_107,1,71,1,0,0,0,0,0,0,0,0,0.0,7.12083364085,16.92083254565003,0.0,362.8629150390625,362.8629150390625,OM,-0.1669999957084655,0.2146528583959602,9.857348,13.939675,19.413440665541707,2.859316187285338,5.930847711709482,0.7905023186938228,0.1516258320363667,3780.5918309505005
SPARSE_108,7,75,0,0,0,0,0,0,0,0,0,0.0,7.10416697425,15.237499219050028,0.0,409.60540771484375,409.60540771484375,OM,-0.3499999940395355,0.2213951926979405,4.987357,42.931219,33.62611106808908,6.318697800781746,6.482438557885388,1.2016194272022978,0.0084895926349154,4115.532277350832
SPARSE_109,8,57,0,0,0,0,0,0,0,0,0,0.0,7.09583364095,15.737499217050027,0.0,327.4962463378906,327.4962463378906,OM,-0.3910000026226043,0.2213951926979405,6.485141,11.877879,14.757089454119756,2.159645887650504,5.073918829668046,0.7242305637596316,0.0047345715159273,3234.2026259056665
SPARSE_110,61,106,0,0,0,0,0,0,0,0,0,0.0,7.09583364095,16.39583254775003,0.0,830.4374389648438,830.4374389648438,OM,-0.5649999976158142,0.2416978781442573,7.090867,60.270207,47.941332115021886,8.878328199214529,12.356859358415448,0.9391945326457772,0.0122296146017045,7845.593571846165
SPARSE_111,54,186,0,0,0,0,0,0,0,0,0,0.0,7.081944752116666,16.070832549050028,0.0,1203.3125,401.1041564941406,OM,-0.4670000076293945,0.2416978781442573,11.671382,89.351184,72.21352599368772,13.257066342385198,18.38150795088793,0.9486258547538088,0.0186825202665485,11661.156691547001
SPARSE_112,25,40,0,0,0,0,0,0,0,0,0,0.0,7.070833641049999,16.862499212550027,0.0,327.5824279785156,327.5824279785156,OM,-0.5860000252723694,0.2146528583959602,3.916211,17.553681,16.061558203941143,2.636176514758302,4.763156402744284,0.8112216923192,0.3185606684982415,3039.2538400341664
SPARSE_113,19,43,1,0,0,0,0,0,0,0,0,0.0,7.070833641049999,19.095832536950027,0.0,315.1190490722656,315.1190490722656,OM,-0.4699999988079071,0.3482519792665085,6.252796,11.095149,13.894756340464651,2.033033129975266,4.7904179699260645,0.7205810462393633,0.0044758753685086,3062.491895436167
SPARSE_114,5,56,0,0,0,0,0,0,0,0,0,0.0,7.06250030775,15.820832550050028,0.0,303.7485656738281,303.7485656738281,OM,-0.3352631632434694,0.2213951926979405,7.75533,11.267177,15.43021702784783,2.432590147682422,4.811099249000426,0.7796900159492484,0.2504970420980879,3063.931923222833
SPARSE_115,14,65,0,0,0,0,0,0,0,0,0,0.0,7.06250030775,16.204165881850027,0.0,398.8839111328125,398.8839111328125,OM,-0.4267407388046936,0.2416978781442573,8.285617,14.29466,18.19742152699264,2.6377153296155256,6.085913951503581,0.7386940610878253,0.006124348384415,3881.754175673333
SPARSE_116,17,50,2,0,0,0,0,0,0,0,0,0.0,7.06250030775,17.837499208650026,0.0,341.7535095214844,341.7535095214844,OM,-0.3908235299236634,0.3711250603242535,4.090483,20.2298,18.181585421929537,3.0078038736217776,5.409540361042292,0.8104921626293776,0.3586428442497626,3449.206507482834
SPARSE_117,12,73,3,0,0,0,0,0,0,0,0,0.0,7.06250030775,19.412499202350027,0.0,441.9744873046875,441.9744873046875,OM,-0.2615294132162543,0.3482519792665085,12.583119,17.756107,24.22681097259978,3.988651846991207,7.116922774176465,0.8135288638789279,0.698605506374814,4535.512492652334
SPARSE_118,5,56,0,0,0,0,0,0,0,0,0,0.0,7.05416697445,15.237499219050028,0.0,303.70440673828125,303.70440673828125,OM,-0.3352631632434694,0.2213951926979405,3.767291,31.985896,25.117867751272033,4.71205608613879,4.835956224664261,1.2051607462111569,0.0061919409824229,3063.931923222833
SPARSE_119,29,37,0,0,0,0,0,0,0,0,0,0.0,7.05416697445,18.35416587325003,0.0,326.87646484375,326.87646484375,OM,-0.6179999709129333,0.2088739628756101,3.158872,23.403508,18.993297057369187,3.480281441735804,4.783315595476079,0.9536153506058872,0.0049696793112209,3044.5518948764993
SPARSE_120,28,44,0,0,0,0,0,0,0,0,0,0.0,7.05416697445,19.10416587025003,0.0,365.970703125,365.970703125,OM,-0.550000011920929,0.3482519792665085,7.481139,13.81368,17.010904455030442,2.8116953413225874,5.273426965899533,0.7854361843546694,0.3022801803104055,3363.029614917999
SPARSE_121,5,68,0,0,0,0,0,0,0,0,0,0.0,7.037500307849999,16.345832547950028,0.0,366.9747009277344,366.9747009277344,OM,-0.2899999916553497,0.2416978781442573,3.357977,28.108753,22.441418811100643,4.144505616983094,5.803318613010113,0.938032543209491,0.0056861016747248,3677.9522120268334
SPARSE_122,36,24,0,0,0,0,0,0,0,0,0,0.0,7.037500307849999,16.945832545550026,0.0,300.3009033203125,300.3009033203125,OM,-0.7049999833106995,0.2146528583959602,7.463552,10.043298,13.96568557304472,2.295410103590867,4.159520780204168,0.8025520030509752,0.4031449180342816,2657.268720997999
SPARSE_123,8,63,5,0,0,0,0,0,0,0,0,0.0,7.02916697455,17.80416587545003,0.0,380.8594970703125,380.8594970703125,OM,-0.1879999935626983,0.3711250603242535,7.11988,20.936448,21.31297398435356,3.472868713870186,6.401624188079046,0.8019665885068861,0.468054055345715,4080.901139137668
SPARSE_124,227,292,0,0,0,0,0,0,0,0,0,0.0,7.0166669746,15.641665884100028,0.0,2599.5927734375,649.898193359375,OM,-0.6140000224113464,0.2213951926979405,56.994739,87.049052,116.0299977824444,18.467847035572863,37.54612328012016,0.7561405083544563,2.0367767242251427,23953.237820606493
SPARSE_125,12,58,0,0,0,0,0,0,0,0,0,0.0,7.02083364125,16.39583254775003,0.0,351.8614807128906,351.8614807128906,OM,-0.4169999957084656,0.2416978781442573,3.115779,26.365889,20.99877417564213,3.884996932735816,5.43340667775371,0.9376232920824,0.0052158795956455,3444.1741103493328
SPARSE_126,19,117,5,0,0,0,0,0,0,0,0,0.0,7.02083364125,19.15416587005003,0.0,705.9874267578125,705.9874267578125,OM,-0.2660000026226043,0.3482519792665085,18.352628,27.55132,37.0575084087433,6.018003398311279,11.40986068942592,0.7861235232470448,0.7618412048771996,7280.701038124834
SPARSE_127,3,451,316,1,0,0,0,0,0,0,0,0.0,7.00583364131,19.19416586989003,0.0,3853.046142578125,770.6092529296875,OM,0.2759999930858612,0.3482519792665085,131.338028,229.58844,290.11206907555743,42.22631890650975,90.79505770854392,0.7757179804722752,0.0940884287912954,58100.029680801614
SPARSE_128,34,27,0,0,0,0,0,0,0,0,0,0.0,7.01250030795,19.237499203050028,0.0,306.7489929199219,306.7489929199219,OM,-0.6959999799728394,0.3482519792665085,7.52808,9.877305,14.139703397674252,2.1970313880719368,4.264189912590499,0.793707549087436,0.2519767082952079,2731.3722296773326
SPARSE_129,7,92,0,0,0,0,0,0,0,0,0,0.0,7.0041669746499995,16.312499214750027,0.0,499.542236328125,499.542236328125,OM,-0.2949999868869781,0.2416978781442573,4.550649,38.102231,30.41861618549229,5.617904437994699,7.865639024543374,0.9380131099972068,0.0077727872134338,4985.3943531565
SPARSE_130,85,54,0,0,0,0,0,0,0,0,0,0.0,7.0041669746499995,19.645832534750028,0.0,694.2750854492188,694.2750854492188,OM,-0.7049999833106995,0.2014710231837554,5.524637,47.281139,37.54260273208295,6.961746104785662,9.648428635949326,0.9398127671012738,0.009496548982759,6137.657749288831
SPARSE_131,97,157,0,0,0,0,0,0,0,0,0,0.0,6.9916669747,15.629165884150028,0.0,1271.5758056640625,635.7879028320312,OM,-0.5820000171661377,0.2213951926979405,27.734012,43.261879,57.17389056479622,8.370393258693573,18.609987530385663,0.7523506567070676,0.2279057531454386,11884.407942653164
SPARSE_132,20,54,1,0,0,0,0,0,0,0,0,0.0,6.99583364135,19.15416587005003,0.0,376.3841247558594,376.3841247558594,OM,-0.4300000071525574,0.3482519792665085,3.952162,22.538219,19.610920283402244,3.2964095625730296,5.745883561224744,0.8208285114443363,0.4153222801734867,3665.044608600667
SPARSE_133,32,86,1,0,0,0,0,0,0,0,0,0.0,6.99583364135,19.17083253665003,0.0,596.9746704101562,596.9746704101562,OM,-0.4300000071525574,0.3482519792665085,6.262075,35.593852,30.98905079436304,5.207817736211184,9.058872179230251,0.822236689412043,0.6553985579120107,5778.841426541333
SPARSE_134,6,66,0,0,0,0,0,0,0,0,0,0.0,6.98750030805,15.262499218950028,0.0,360.039306640625,360.039306640625,OM,-0.3352631632434694,0.2213951926979405,4.040243,46.384544,35.015569647575916,6.7188047007960785,5.7101094350962,1.39784394484335,0.0087582563411342,3615.316278987
SPARSE_135,15,67,0,0,0,0,0,0,0,0,0,0.0,6.98750030805,16.837499212650027,0.0,412.697021484375,412.697021484375,OM,-0.4543571440236909,0.2146528583959602,6.330482,51.621698,40.860442076530425,7.624659011681871,6.337851968273207,1.451248049925942,0.0106944734143579,4023.7916722348336
SPARSE_136,23,102,0,0,0,0,0,0,0,0,0,0.0,6.98750030805,16.937499212250028,0.0,626.1689453125,626.1689453125,OM,-0.4543571440236909,0.2146528583959602,8.555034,78.667985,60.88810410514963,11.53199321130577,9.640958017879152,1.4253984991612032,0.0146470230227539,6132.290435333165
SPARSE_137,91,144,1,0,0,0,0,0,0,0,0,0.0,6.981944752516666,19.12916587015003,0.0,1178.81494140625,392.9383239746094,OM,-0.5479999780654907,0.3482519792665085,9.084414,129.39615,95.38958795776588,18.56528101041366,17.459992837126286,1.262344019200359,0.0228983568832953,11088.952279649831
SPARSE_138,4,127,0,0,0,0,0,0,0,0,0,0.0,6.97916697475,15.291665885500027,0.0,657.6375732421875,328.81878662109375,OM,-0.2409999966621399,0.2213951926979405,7.45869,85.412014,64.49133192209374,12.373089291547654,10.516290721856713,1.3981316542753166,0.0153613301147858,6657.184516885667
SPARSE_139,0,23,134,6,0,0,0,0,0,0,0,0.0,6.97916697475,19.19583253655003,0.0,816.9544067382812,816.9544067382812,OM,0.7279999852180481,0.3482519792665085,39.048619,78.461757,94.52614463819845,13.960608802310947,29.09580505161028,0.7178348820141511,0.0303097031682391,20414.679932327734
SPARSE_140,54,54,0,0,0,0,0,0,0,0,0,0.0,6.97083364145,15.270832552250027,0.0,537.055419921875,537.055419921875,OM,-0.6489999890327454,0.2213951926979405,5.371941,62.936642,47.42647937987571,9.110658767812518,7.735823461865869,1.395182746769164,0.0127972660598791,4906.933514703
SPARSE_141,34,73,0,0,0,0,0,0,0,0,0,0.0,6.97083364145,15.320832552050028,0.0,536.71630859375,536.71630859375,OM,-0.5450000166893005,0.2213951926979405,5.828748,65.229087,49.47859505699924,9.460062478752354,8.021143491961256,1.4026041709737185,0.0119549628265684,5085.116670092667
SPARSE_142,7,55,0,0,0,0,0,0,0,0,0,0.0,6.96250030815,15.654165884050029,0.0,308.0675964355469,308.0675964355469,OM,-0.3770000040531158,0.2213951926979405,4.529097,16.718269,16.014252628635848,2.656404586966142,4.858104606468649,0.8086395151024447,0.0584856814637601,3092.165129344167
SPARSE_143,3,167,59,0,0,0,0,0,0,0,0,0.0,6.95416697485,19.190276981016694,0.0,1144.41064453125,381.47021484375,OM,0.1289999932050705,0.3482519792665085,15.916132,85.68996,75.14185222062031,12.717815806107282,23.659966774944245,0.7813440530377477,1.2704814546250645,15032.540783332188
SPARSE_144,30,111,0,0,0,0,0,0,0,0,0,0.0,6.9500003082,15.333332552000028,0.0,704.15625,352.078125,OM,-0.4720000028610229,0.2213951926979405,7.20765,37.856051,33.49244643427148,5.606147847767814,10.81015176068102,0.7642619503224303,0.6203723253002627,6870.711124261999
SPARSE_145,1,61,1,0,0,0,0,0,0,0,0,0.0,6.94583364155,15.445832551550028,0.0,311.5295104980469,311.5295104980469,OM,-0.1620000004768371,0.2213951926979405,7.696037,12.048726,15.98852025157142,2.280711629242478,5.134171028147897,0.7625092308340838,0.0070373225497769,3268.9082569471666
SPARSE_146,10,158,1,0,0,0,0,0,0,0,0,0.0,6.9250003083,17.312499210750026,0.0,843.21435546875,421.607177734375,OM,-0.2540000081062317,0.2495933009421506,8.967937,54.472004,46.48164127640655,8.06675496420004,13.49706283573968,0.8366904606611572,0.5871289205014485,8589.545960627001
SPARSE_147,21,75,0,0,0,0,0,0,0,0,0,0.0,6.92916697495,19.895832533750028,0.0,478.97607421875,478.97607421875,OM,-0.4914999976754188,0.2014710231837554,11.05835,19.410609,24.392477057443276,4.05902118068433,7.331220972997097,0.8049985461624248,0.4857484599259118,4671.343222002499
SPARSE_148,26,105,3,0,0,0,0,0,0,0,0,0.0,6.92083364165,19.187499203250027,0.0,670.4228515625,670.4228515625,OM,-0.3499999940395355,0.3482519792665085,8.691362,85.245795,65.5975531415299,12.449633431227774,10.583635783262425,1.4030552675834738,0.0158293858752022,6728.710874114667
SPARSE_149,3,82,0,0,0,0,0,0,0,0,0,0.0,6.912500308349999,15.687499217250028,0.0,428.3526306152344,428.3526306152344,OM,-0.2540000081062317,0.2213951926979405,7.372512,22.559862,22.585255317595156,3.856166425035058,6.786979555494768,0.8143178940426228,0.2472323066340851,4314.907652109832
SPARSE_150,27,40,0,0,0,0,0,0,0,0,0,0.0,6.912500308349999,17.770832542250027,0.0,338.1813659667969,338.1813659667969,OM,-0.5600000023841858,0.3711250603242535,3.134878,23.976216,19.34992466271527,3.556994919009334,4.90009686043835,0.9497461573061482,0.0050511861422448,3118.655403555833
SPARSE_151,25,115,0,0,0,0,0,0,0,0,0,0.0,6.90416697505,16.59999921360003,0.0,700.9625854492188,350.4812927246094,OM,-0.4267407388046936,0.2416978781442573,5.656115,72.067015,53.89432377829973,10.391871741859106,10.859527350176652,1.1639572820513957,0.0130066643893104,6876.8806450591655
SPARSE_152,6,65,0,0,0,0,0,0,0,0,0,0.0,6.8958336417499995,15.687499217250028,0.0,351.896240234375,351.896240234375,OM,-0.3352631632434694,0.2213951926979405,3.685706,22.037922,19.00198230976224,3.192255345525551,5.606225296606768,0.8196697008992045,0.3787132096839944,3564.1479215866666
SPARSE_153,42,43,0,0,0,0,0,0,0,0,0,0.0,6.8958336417499995,17.55416587645003,0.0,422.640869140625,422.640869140625,OM,-0.6449999809265137,0.2495933009421506,10.910668,14.028349,19.924208110539357,3.312888748624782,6.058455267491856,0.7913921200924977,0.5651342979096147,3867.672202169332
SPARSE_154,0,58,2,0,0,0,0,0,0,0,0,0.0,6.8791669751499995,15.495832551350029,0.0,300.33868408203125,300.33868408203125,OM,-0.0469999983906745,0.2213951926979405,3.570294,40.132917,30.305654748667827,5.819204893814055,5.023304219471826,1.3767270983126425,0.0073967656243012,3183.6400767513337
SPARSE_155,7,87,0,0,0,0,0,0,0,0,0,0.0,6.8791669751499995,15.754165883650028,0.0,472.943359375,472.943359375,OM,-0.3352631632434694,0.2213951926979405,4.301467,49.186219,37.24039087646862,7.125527267117814,7.4780644709511614,1.1675989526362056,0.0100315062945257,4729.552566154833
SPARSE_156,32,37,0,0,0,0,0,0,0,0,0,0.0,6.87083364185,16.945832545550026,0.0,347.708740234375,347.708740234375,OM,-0.628000020980835,0.2495933009421506,3.557853,17.723638,15.790917497221084,2.669463002732898,4.962071303941053,0.7769453244198445,0.35072866364015,3163.6542401589995
SPARSE_157,6,109,14,0,0,0,0,0,0,0,0,0.0,6.87083364185,19.17499920330003,0.0,650.278564453125,325.1392822265625,OM,-0.0740000009536743,0.3482519792665085,7.319227,45.012025,38.37578019384138,6.694279594413581,11.522032221905455,0.8173346662147408,0.3828295407590301,7326.6830799253385
SPARSE_158,22,67,0,0,0,0,0,0,0,0,0,0.0,6.85416697525,15.779165883550029,0.0,446.5481262207031,446.5481262207031,OM,-0.4959999918937683,0.2213951926979405,3.78566,45.316766,34.08813085840784,6.550936346986911,6.796865242584878,1.1746107626541042,0.0079808167747545,4301.697144560666
SPARSE_159,27,57,0,0,0,0,0,0,0,0,0,0.0,6.84583364195,16.312499214750027,0.0,417.6990356445313,417.6990356445313,OM,-0.5339999794960022,0.2416978781442573,4.788999,51.162893,39.074856255486,7.437281029175912,6.286465625747101,1.4100399960455383,0.0095959233256132,3988.5174793614988
SPARSE_160,24,37,0,0,0,0,0,0,0,0,0,0.0,6.84583364195,18.279165873550028,0.0,306.3364562988281,306.3364562988281,OM,-0.593999981880188,0.2088739628756101,6.19856,13.146273,14.98130634610262,2.474080835311518,4.458107517533248,0.8068270065379698,0.3597265826561397,2846.0479860723326
SPARSE_161,7,65,0,0,0,0,0,0,0,0,0,0.0,6.83750030865,15.445832551550028,0.0,363.0220642089844,363.0220642089844,OM,-0.367000013589859,0.2213951926979405,7.824182,13.247065,17.0246113782491,2.4561822107886417,5.655323859029034,0.7429044105721602,0.0056800192506499,3603.8487033475
SPARSE_162,22,39,0,0,0,0,0,0,0,0,0,0.0,6.83750030865,18.60416587225003,0.0,306.629150390625,306.629150390625,OM,-0.5720000267028809,0.2088739628756101,6.707458,10.451935,13.994327388687166,2.022316122467866,4.485558597336199,0.7598586488786111,0.0395760450162612,2868.983137351333
SPARSE_163,11,59,0,0,0,0,0,0,0,0,0,0.0,6.82916697535,16.562499213750026,0.0,349.68255615234375,349.68255615234375,OM,-0.4020000100135803,0.2416978781442573,3.672448,26.447073,21.47690052449243,3.941060447350592,5.440139564889032,0.9511838252719972,0.0053617573565389,3455.641685988833
SPARSE_164,8,56,0,0,0,0,0,0,0,0,0,0.0,6.82916697535,18.51249920595003,0.0,320.84466552734375,320.84466552734375,OM,-0.4090000092983246,0.2088739628756101,9.115917,11.690291,16.894970056567544,2.5891744800909047,4.983155545296534,0.8098788095178895,0.2702785302452898,3183.0342685053333
SPARSE_165,7,99,0,0,0,0,0,0,0,0,0,0.0,6.804166975449999,18.479165872750027,0.0,531.7761840820312,531.7761840820312,OM,-0.3379999995231628,0.2088739628756101,13.152037,20.519606,27.428664302943325,4.290811022079787,8.375955154128393,0.7908012139018205,0.4311460669837556,5343.572854958833
SPARSE_166,8,73,0,0,0,0,0,0,0,0,0,0.0,6.76250030895,16.60416588025003,0.0,408.9236450195313,408.9236450195313,OM,-0.3440000116825104,0.2416978781442573,6.037019,30.671485,27.30724939510869,4.713209920146344,6.366128707075722,1.0088451200726416,0.0078619066533901,4052.8963443109997
SPARSE_167,26,83,0,0,0,0,0,0,0,0,0,0.0,6.75416697565,16.337499214650027,0.0,548.5750732421875,548.5750732421875,OM,-0.4779999852180481,0.2416978781442573,6.254022,30.476161,27.381708524015732,4.531473689174172,8.28362404794497,0.8002194659798,0.5436926871979725,5279.193990009333
SPARSE_168,64,76,0,0,0,0,0,0,0,0,0,0.0,6.75416697565,19.120832536850028,0.0,706.2139892578125,706.2139892578125,OM,-0.6119999885559082,0.3482519792665085,14.947291,23.339969,31.113300487099448,4.424819326213088,10.039699682237622,0.7549775822214444,0.0138423348835191,6429.645195118665
SPARSE_169,0,18,69,0,0,0,0,0,0,0,0,0.0,6.74583364235,14.962499220150027,0.0,431.7594604492187,431.7594604492187,OM,0.5379999876022339,0.2213951926979405,10.886105,82.696101,66.15534898226649,12.274656933324394,13.193539987741394,1.1661865455455491,0.0166557002400063,8368.729923060024
SPARSE_170,22,69,0,0,0,0,0,0,0,0,0,0.0,6.73750030905,16.337499214650027,0.0,453.3933410644531,453.3933410644531,OM,-0.4779999852180481,0.2416978781442573,4.101265,33.756792,26.9764170695184,4.982856550324645,6.938600546772063,0.9408017123586542,0.0068563044108299,4404.033859361332
SPARSE_171,3,79,1,0,0,0,0,0,0,0,0,0.0,6.72916697575,17.570832543050027,0.0,414.5671997070313,414.5671997070313,OM,-0.2150000035762787,0.2495933009421506,4.954368,26.440724,23.30164977790941,3.879488184537862,6.703584001590947,0.8322471752918876,0.5333534431607521,4269.3402536748345
SPARSE_172,1,57,2,0,0,0,0,0,0,0,0,0.0,6.72916697575,17.85416587525003,0.0,300.3165588378906,300.3165588378906,OM,-0.0970000028610229,0.2495933009421506,3.4827,19.596598,16.99493416681653,2.8444876900192395,4.980797945079957,0.8204300899436829,0.3915996077059499,3172.172501111834
SPARSE_173,3,58,0,0,0,0,0,0,0,0,0,0.0,6.72083364245,16.204165881850027,0.0,307.1222229003906,307.1222229003906,OM,-0.2520000040531158,0.2416978781442573,3.646164,39.604542,29.997499614217983,5.752364611551422,4.865737470927277,1.401516950687948,0.0071113612190191,3086.867074501833
SPARSE_174,3,77,1,0,0,0,0,0,0,0,0,0.0,6.71250030915,17.56249920975003,0.0,408.2802429199219,408.2802429199219,OM,-0.2150000035762787,0.2495933009421506,4.833966,25.804145,22.74053050166568,3.785821490740055,6.542468716097305,0.8321609707814099,0.5202611467473098,4167.003538874167
SPARSE_175,15,70,0,0,0,0,0,0,0,0,0,0.0,6.70416697585,17.037499211850026,0.0,424.9587097167969,424.9587097167969,OM,-0.4166428579815796,0.2495933009421506,3.757826,26.192892,21.905740923360675,3.7354937653340863,6.569342199226091,0.8074975809097855,0.5486662566880443,4177.296744435833
SPARSE_176,17,175,14,0,0,0,0,0,0,0,0,0.0,6.693055864783333,19.42916586895003,0.0,1029.3497314453125,343.1165771484375,OM,-0.1659999936819076,0.3482519792665085,22.087505,49.470754,57.08005064335624,8.735401358598738,17.534803193030516,0.7956679148150336,0.1475940076702121,11140.503267716505
SPARSE_177,6,56,15,0,0,0,0,0,0,0,0,0.0,6.67083364265,14.987499220050028,0.0,382.4935607910156,382.4935607910156,OM,-0.0209999997168779,0.4384121331202486,6.711035,55.226027,43.77656169924068,8.152201027089145,7.442452059236109,1.3390713045154432,0.011142348835032,4722.697811473672
SPARSE_178,83,114,0,0,0,0,0,0,0,0,0,0.0,6.67083364265,16.345832547950028,0.0,983.4482421875,983.4482421875,OM,-0.6000000238418579,0.2416978781442573,10.251762,117.085998,88.49705864287111,16.97037684875891,14.37003362353638,1.39835206266066,0.0228710763005001,9128.357629787164
SPARSE_179,7,82,0,0,0,0,0,0,0,0,0,0.0,6.67083364265,16.362499214550027,0.0,448.2700500488281,448.2700500488281,OM,-0.3100000023841858,0.2416978781442573,5.596648,57.398679,44.09015202150058,8.36180351161631,7.052354875010678,1.416773708070656,0.0108878330708288,4473.710779153166
SPARSE_180,0,62,1,0,0,0,0,0,0,0,0,0.0,6.6625003093499995,18.24583254035003,0.0,317.3210144042969,317.3210144042969,OM,-0.1129999980330467,0.2088739628756101,4.678935,24.945159,21.924217231295405,3.815021915782142,5.151362162106277,1.0030390747637752,0.005998760838622,3280.375832586667
SPARSE_181,10,63,0,0,0,0,0,0,0,0,0,0.0,6.6625003093499995,19.662499201350027,0.0,364.9430847167969,364.9430847167969,OM,-0.4289999902248382,0.2014710231837554,9.992039,13.299122,18.890518502091563,2.9452271984214096,5.673995238928648,0.7992538358075312,0.3473774362066203,3620.614333829333
SPARSE_182,13,282,0,0,0,0,0,0,0,0,0,0.0,6.6625003093499995,19.687499201250027,0.0,1475.1173095703125,491.7057800292969,OM,-0.3050000071525574,0.2014710231837554,41.014112,55.09823,77.89299874087286,12.160081887084113,23.437560397514208,0.7987290768587529,1.440338997105355,14945.586949784834
SPARSE_183,14,67,0,0,0,0,0,0,0,0,0,0.0,6.6625003093499995,19.712499201150028,0.0,403.80474853515625,403.80474853515625,OM,-0.4550000131130218,0.2014710231837554,5.32687,23.141177,21.350965466869553,3.49088515508383,6.2483573162831965,0.820140260947996,0.4199145153589563,3984.090890474
SPARSE_184,19,53,0,0,0,0,0,0,0,0,0,0.0,6.6625003093499995,19.779165867550027,0.0,359.6591796875,359.6591796875,OM,-0.5180000066757202,0.2014710231837554,4.268157,20.252175,18.285987272288285,3.010081059128829,5.42862114628813,0.8095043791790577,0.3869730610559569,3466.2377956735
SPARSE_185,20,58,0,0,0,0,0,0,0,0,0,0.0,6.65416697605,19.79583253415003,0.0,392.9486999511719,392.9486999511719,OM,-0.5180000066757202,0.2014710231837554,4.615749,22.026149,19.862478520236625,3.27032195463701,5.891937832428436,0.8100781884558905,0.4211225545794806,3761.780364435999
SPARSE_186,1,91,4,0,0,0,0,0,0,0,0,0.0,6.63750030945,17.545832543150027,0.0,482.2312316894531,482.2312316894531,OM,-0.0790000036358833,0.2495933009421506,11.529712,23.38424,26.961872504739745,4.573740937382163,8.065526264831988,0.8076767207388325,0.7264591399232161,5127.77200025517
SPARSE_187,7,72,0,0,0,0,0,0,0,0,0,0.0,6.62916697615,16.387499214450028,0.0,394.21923828125,394.21923828125,OM,-0.3240000009536743,0.2416978781442573,4.825278,50.831889,38.74430402104668,7.394774581241056,6.238076224331202,1.408140227391656,0.0094041833595145,3962.027205149833
SPARSE_188,10,61,0,0,0,0,0,0,0,0,0,0.0,6.62083364285,17.270832544250027,0.0,357.2136535644531,357.2136535644531,OM,-0.3810000121593475,0.2495933009421506,5.35475,19.836333,19.308043921947267,3.064934562286715,5.53140499871029,0.8385293639201079,0.2127265633010892,3518.2776190286663
SPARSE_189,37,36,0,0,0,0,0,0,0,0,0,0.0,6.62083364285,17.570832543050027,0.0,364.7510986328125,364.7510986328125,OM,-0.6539999842643738,0.2495933009421506,5.249844,17.077053,16.964589661330663,2.772976707459154,5.176283703221333,0.8008586217560941,0.0244597555630262,3310.9897915628326
SPARSE_190,16,73,0,0,0,0,0,0,0,0,0,0.0,6.62083364285,18.17083254065003,0.0,445.8819580078125,445.8819580078125,OM,-0.4615833355734746,0.2088739628756101,4.06695,33.462696,26.7531396256016,4.939672172608754,6.8840407088878734,0.9401985833841804,0.0066839753221868,4370.502598397667
SPARSE_191,14,304,0,0,0,0,0,0,0,0,0,0.0,6.60416697625,18.249999207000027,0.0,1591.822021484375,397.95550537109375,OM,-0.2910000085830688,0.2088739628756101,39.775737,67.086954,84.55020304960559,13.876218223320498,25.30970252191987,0.8066258590982709,1.7543419602647878,16110.991594353001
SPARSE_192,35,53,1,0,0,0,0,0,0,0,0,0.0,6.61250030955,22.004165858650023,0.0,444.4255065917969,444.4255065917969,OM,-0.5450000166893005,0.3795888474677102,6.124671,32.470639,28.380204396134467,4.968849284862432,6.596225359943177,1.0107988449311538,0.0074683036030394,4209.387977612833
SPARSE_193,13,74,0,0,0,0,0,0,0,0,0,0.0,6.60416697625,17.520832543250027,0.0,433.07379150390625,433.07379150390625,OM,-0.3880000114440918,0.2495933009421506,10.533889,18.328588,22.500446642553182,3.822262371167044,6.758953241904152,0.8065493733050606,0.508544911822118,4302.568610515499
SPARSE_194,6,94,0,0,0,0,0,0,0,0,0,0.0,6.60416697625,19.820832534050027,0.0,500.28216552734375,500.28216552734375,OM,-0.3389999866485595,0.2014710231837554,4.575495,38.477225,30.646778826887576,5.671896704794981,7.95116294323854,0.93413936203115,0.0075172649000866,5048.030286196333
SPARSE_195,42,20,0,0,0,0,0,0,0,0,0,0.0,6.59583364295,16.387499214450028,0.0,313.30865478515625,313.30865478515625,OM,-0.8019999861717224,0.3311983903901762,2.238762,29.398706,21.879932675581816,4.23233463851357,4.235103149893146,1.2013412663502747,0.0050792108727875,2690.7999819616657
SPARSE_196,55,18,0,0,0,0,0,0,0,0,0,0.0,6.58750030965,17.37916587715003,0.0,366.62738037109375,366.62738037109375,OM,-0.8180000185966492,0.2495933009421506,2.790983,24.040387,19.075947397742613,3.538252420696432,4.882058051728174,0.9433675377427572,0.0057080970523556,3104.573430051832
SPARSE_197,42,30,0,0,0,0,0,0,0,0,0,0.0,6.58750030965,18.26249920695003,0.0,360.4942321777344,360.4942321777344,OM,-0.6930000185966492,0.2088739628756101,8.299698,11.67798,16.191136379003847,2.4803745124273573,5.003261718356583,0.7805071987484409,0.2128076061010794,3202.4835559649982
SPARSE_198,21,96,0,0,0,0,0,0,0,0,0,0.0,6.58750030965,18.337499206650023,0.0,588.239501953125,588.239501953125,OM,-0.4580000042915344,0.2088739628756101,5.830295,35.696385,30.730552626228505,5.194258911088004,9.01479106778304,0.8223264484228192,0.588821253074456,5745.878727409498
SPARSE_199,16,77,0,0,0,0,0,0,0,0,0,0.0,6.570833643049999,17.495832543350026,0.0,465.3015747070313,465.3015747070313,OM,-0.4166428579815796,0.2495933009421506,4.219933,35.035056,27.99247213861756,5.168520528460636,7.205551640917027,0.9397987210645932,0.0072820558145722,4575.176027998999
SPARSE_200,21,47,0,0,0,0,0,0,0,0,0,0.0,6.56250030975,16.02916588255003,0.0,345.21337890625,345.21337890625,OM,-0.481000006198883,0.3311983903901762,2.908084,24.852708,19.74975749767122,3.659685051609852,5.105076713722213,0.9378426673679796,0.0048763571822484,3238.6292147931663
SPARSE_201,19,43,0,0,0,0,0,0,0,0,0,0.0,6.56250030975,18.337499206650023,0.0,312.39996337890625,312.39996337890625,OM,-0.5450000166893005,0.2088739628756101,3.02145,18.376226,15.83251073590435,2.6748543368577686,4.631593944146779,0.8233442252845496,0.3053810573825756,2954.554221670166
SPARSE_202,37,99,7,0,0,0,0,0,0,0,0,0.0,6.5541669764499995,14.995832553350027,0.0,716.6963500976562,716.6963500976562,OM,-0.3650000095367431,0.4384121331202486,13.300147,26.206288,31.6878330164581,4.683610965892878,11.443128419415352,0.6986047196151938,0.0100330068713069,7290.160024145835
SPARSE_203,48,13,0,0,0,0,0,0,0,0,0,0.0,6.5541669764499995,16.387499214450028,0.0,308.71392822265625,308.71392822265625,OM,-0.9100000262260436,0.3311983903901762,2.043357,28.381646,20.99177366915903,4.076368066677601,4.04320960284165,1.20618931939656,0.0049340003835682,2570.8261707243323
SPARSE_204,26,35,1,0,0,0,0,0,0,0,0,0.0,6.54583364315,15.254165885650028,0.0,314.0871887207031,314.0871887207031,OM,-0.5699999928474426,0.4384121331202486,7.2346,11.211511,14.957315866032598,2.401563999262879,4.602583398571553,0.7887282513971045,0.2618866308164034,2931.050508559333
SPARSE_205,25,45,0,0,0,0,0,0,0,0,0,0.0,6.52916697655,17.362499210550027,0.0,348.9718322753906,348.9718322753906,OM,-0.5559999942779541,0.2495933009421506,5.886839,17.828077,18.141452913221737,2.848724714664081,5.159609536124718,0.838380546861021,0.219353695777699,3295.095627035833
SPARSE_206,3,77,10,0,0,0,0,0,0,0,0,0.0,6.51250030995,16.09583254895003,0.0,450.9324951171875,450.9324951171875,OM,-0.0590000003576278,0.3311983903901762,4.641394,38.911419,30.999041953034965,5.737084849840789,8.103544899471231,0.9295126579775482,0.0077475032113334,5138.44260276817
SPARSE_207,20,93,0,0,0,0,0,0,0,0,0,0.0,6.48750031005,17.087499211650027,0.0,565.1156616210938,565.1156616210938,OM,-0.4166428579815796,0.2495933009421506,7.35283,32.41735,29.60366076365564,4.872111991095884,8.707706339232553,0.8166758170422337,0.6185077430364062,5552.672873447667
SPARSE_208,59,27,0,0,0,0,0,0,0,0,0,0.0,6.47916697675,22.237499191050027,0.0,436.8639831542969,436.8639831542969,OM,-0.8399999737739563,0.3795888474677102,3.700665,47.754913,35.55061734047925,6.881489630788788,5.842055566403001,1.3807733079677993,0.0105311968726635,3723.8917736981653
SPARSE_209,5,56,0,0,0,0,0,0,0,0,0,0.0,6.445833643549999,17.437499210250028,0.0,306.8479309082031,306.8479309082031,OM,-0.3089999854564667,0.2495933009421506,3.471992,18.41165,16.23417863100277,2.686205097047089,4.8082090943216045,0.8131752417275793,0.3421687667593518,3063.931923222833
SPARSE_210,8,106,10,0,0,0,0,0,0,0,0,0.0,6.445833643549999,19.145832536750028,0.0,622.5369262695312,622.5369262695312,OM,-0.1270000040531158,0.3482519792665085,14.939518,24.938233,32.046896461502406,4.640871418681297,10.689138829594825,0.7398292044034928,0.0106367322965812,6820.828876182004
SPARSE_211,36,30,0,0,0,0,0,0,0,0,0,0.0,6.445833643549999,21.99583252535003,0.0,332.9762878417969,332.9762878417969,OM,-0.6924999952316284,0.3795888474677102,6.408734,10.723958,13.863858804582406,1.9944545158681597,4.625410895044772,0.7360210700016807,0.0046714080720309,2964.278865399999
SPARSE_212,9,51,0,0,0,0,0,0,0,0,0,0.0,6.43750031025,18.312499206750022,0.0,302.14959716796875,302.14959716796875,OM,-0.4329999983310699,0.2088739628756101,3.556155,18.480307,16.210382787985726,2.833600432102574,4.655852954532147,0.8508592868503874,0.0046444473434377,2966.8932632645
SPARSE_213,5,53,3,0,0,0,0,0,0,0,0,0.0,6.4291669769499995,16.02916588255003,0.0,304.443603515625,304.443603515625,OM,-0.1930000036954879,0.3311983903901762,7.782551,11.7937,15.859950886025198,2.279397813114333,5.0738543763567465,0.7635376293664498,0.0337473914720012,3234.2398723198344
SPARSE_214,37,32,0,0,0,0,0,0,0,0,0,0.0,6.34583364395,16.27916588155003,0.0,345.775390625,345.775390625,OM,-0.6779999732971191,0.3311983903901762,4.585285,24.111031,21.267727056962094,3.6923661089945616,4.86936944246548,1.0228566894169515,0.0057960386044862,3106.316361961499
SPARSE_215,1,124,48,0,0,0,0,0,0,0,0,0.0,6.337500310649999,16.34999921460003,0.0,868.2471313476562,434.1235656738281,OM,0.1570000052452087,0.3311983903901762,9.242755,126.462512,93.42560267638488,18.17585401826477,18.27600253550568,1.1961937345373554,0.0191614101624411,11565.585440170185
SPARSE_216,2,136,3,0,0,0,0,0,0,0,0,0.0,6.337500310649999,19.087499203650022,0.0,705.8411254882812,705.8411254882812,OM,-0.1190000027418136,0.2378587058887229,12.785695,31.971558,35.5708463773909,5.446949621122218,11.577460004129849,0.7607976947935368,0.0211227373545118,7362.111191265002
SPARSE_217,36,114,2,0,0,0,0,0,0,0,0,0.0,6.3166669774,16.429165880950027,0.0,755.017822265625,377.5089111328125,OM,-0.4113333324591319,0.3311983903901762,7.719665,44.942114,38.7529109730899,6.52587790777084,11.745331301286564,0.7988816776547822,0.9470020469847608,7478.29623456
SPARSE_218,5,60,0,0,0,0,0,0,0,0,0,0.0,6.3208336440499995,19.095832536950027,0.0,327.8190002441406,327.8190002441406,OM,-0.3100000023841858,0.2378587058887229,5.820289,13.951576,15.750513898996726,2.398351898960944,5.13580814377317,0.7585908361160288,0.0106947928667521,3268.6053528241664
SPARSE_219,43,228,0,0,0,0,0,0,0,0,0,0.0,6.31250031075,19.133332536800022,0.0,1358.2850341796875,679.1425170898438,OM,-0.4120000004768371,0.2378587058887229,15.540987,81.328859,72.24045213637551,11.997459845375383,20.963321092452546,0.8260792727561592,1.5038040562302326,13373.519102991831
SPARSE_220,19,76,0,0,0,0,0,0,0,0,0,0.0,6.3041669774499995,18.362499206550027,0.0,477.7971801757813,477.7971801757813,OM,-0.4749999940395355,0.2088739628756101,5.236493,29.251353,25.577763128194455,4.298319149913576,7.283116917033764,0.8407887770278336,0.5157419846840766,4643.110015881167
SPARSE_221,21,129,0,0,0,0,0,0,0,0,0,0.0,6.3041669774499995,19.162499203350027,0.0,750.8033447265625,750.8033447265625,OM,-0.3920000049596031,0.2378587058887229,9.585819,45.880682,41.3876250067462,6.960167512000736,11.655463498019104,0.8525345269183563,0.5109944647627328,7434.434521620499
SPARSE_222,18,45,0,0,0,0,0,0,0,0,0,0.0,6.27916697755,16.637499213450027,0.0,321.1321105957031,321.1321105957031,OM,-0.4629999995231628,0.3311983903901762,2.536006,20.353268,16.62430081444198,2.9147497960753572,4.743090126713165,0.8474689039555855,0.2812690666801009,3017.1901547099997
SPARSE_223,1,167,8,0,0,0,0,0,0,0,0,0.0,6.2333336444,19.10416587025003,0.0,881.0880126953125,440.54400634765625,OM,-0.0489999987185001,0.2378587058887229,18.370228,35.259133,43.29782925009851,6.335527358886797,14.806202831010964,0.7262173325406283,0.0342506972149417,9448.317857744501
SPARSE_224,8,55,0,0,0,0,0,0,0,0,0,0.0,6.23750031105,19.37916586915003,0.0,312.2440490722656,312.2440490722656,OM,-0.3729999959468841,0.2378587058887229,4.373509,23.897967,20.486429947714168,3.645426705964304,4.913259689059987,0.9878333011432562,0.0057334084026525,3131.865911105
SPARSE_225,5,176,6,0,0,0,0,0,0,0,0,0.0,6.2250003111,21.187499195250027,0.0,935.32275390625,467.661376953125,OM,-0.1289999932050705,0.2630651501157071,20.746294,42.696705,50.66452872208925,7.821386420417972,15.485380161579842,0.7966189740243902,0.3056379562934204,9851.760853858836
SPARSE_226,1,76,0,0,0,0,0,0,0,0,0,0.0,6.20416697785,20.38749919845003,0.0,385.6490783691406,385.6490783691406,OM,-0.4142509880010959,0.0391546436654194,11.683064,14.496777,21.183025714063422,3.4508377751913577,6.157339633769445,0.8194855038658919,0.5730341068977516,3928.495944186167
SPARSE_227,1,89,3,0,0,0,0,0,0,0,0,0.0,6.16250031135,19.11249920355003,0.0,464.1663208007813,464.1663208007813,OM,-0.0820000022649765,0.2378587058887229,5.218389,31.966697,26.91996119757577,4.81890229023245,7.729832256422002,0.854271935033328,0.0374173165819992,4917.497611688501
SPARSE_228,18,121,4,0,0,0,0,0,0,0,0,0.0,6.1500003113999995,15.908332549700027,0.0,718.816650390625,359.4083251953125,OM,-0.2730000019073486,0.3311983903901762,19.991272,27.187055,38.08180281572148,6.182888088500445,11.527220940909888,0.7966098302357622,0.925279335455169,7337.736012199335
SPARSE_229,29,42,0,0,0,0,0,0,0,0,0,0.0,6.15416697805,17.437499210250028,0.0,356.90863037109375,356.90863037109375,OM,-0.593999981880188,0.2495933009421506,2.977663,35.220343,26.445702919384217,5.094276716318432,5.19729313104387,1.185677713851874,0.0062547493652067,3300.393681878166
SPARSE_230,5,58,0,0,0,0,0,0,0,0,0,0.0,6.13750031145,19.11249920355003,0.0,316.1821594238281,316.1821594238281,OM,-0.3240000009536743,0.2378587058887229,6.939341,12.290666,15.63091231994665,2.2754484054165713,4.955322009991479,0.7675390106967869,0.0504487904780867,3166.2686380235
SPARSE_231,108,21,0,0,0,0,0,0,0,0,0,0.0,6.104166978249999,19.120832536850028,0.0,648.2236938476562,648.2236938476562,OM,-0.8820000290870667,0.2378587058887229,12.257339,19.539623,25.70668873867786,3.6807353484658103,8.341997138781577,0.7494399293273459,0.0085241732287737,5362.219935576998
SPARSE_232,91,18,0,0,0,0,0,0,0,0,0,0.0,6.07916697835,19.12916587015003,0.0,542.2315673828125,542.2315673828125,OM,-0.8820000290870667,0.2378587058887229,12.669814,16.466336,23.411528842882166,3.831357984085091,7.068802475156492,0.7923425098040472,0.5925852190445746,4533.801573441831
SPARSE_233,41,30,0,0,0,0,0,0,0,0,0,0.0,6.07083364505,19.60416586825003,0.0,356.8804931640625,356.8804931640625,OM,-0.6940000057220459,0.2378587058887229,6.292181,13.545955,15.8332759684393,2.524828606128255,4.938783534792944,0.7801848402335723,0.1353480417886196,3162.782774204166
SPARSE_234,11,120,0,0,0,0,0,0,0,0,0,0.0,6.0500003118,19.12916587015003,0.0,658.1031494140625,329.05157470703125,OM,-0.3260000050067901,0.2378587058887229,7.611854,39.517447,34.9835401641503,5.836388300612232,10.31680457527551,0.8165780265867714,0.7263209558850893,6576.9114874091665
SPARSE_235,4,77,0,0,0,0,0,0,0,0,0,0.0,6.05416697845,19.62916586815003,0.0,408.62750244140625,408.62750244140625,OM,-0.2509999871253967,0.2378587058887229,10.175639,15.973307,21.073274334068877,3.484795821289842,6.42756241447203,0.793091642969262,0.4731792223088447,4098.766646869
SPARSE_236,9,60,11,0,0,0,0,0,0,0,0,0.0,6.02916697855,15.429165884950027,0.0,400.27691650390625,400.27691650390625,OM,-0.1203333422955539,0.4384121331202486,4.749597,34.774343,28.31479667604089,5.17529813278797,7.277494437682246,0.9409978733375376,0.0075277629235579,4614.722891293504
SPARSE_237,11,60,0,0,0,0,0,0,0,0,0,0.0,5.98750031205,19.137499203450027,0.0,355.010986328125,355.010986328125,OM,-0.3770000040531158,0.2625022026151127,7.994124,15.496143,18.455960909489814,2.8461597721493272,5.489453946891039,0.8058641307789337,0.2653997428886982,3506.8100433891664
SPARSE_238,54,9,0,0,0,0,0,0,0,0,0,0.0,5.97083364545,20.52083253125003,0.0,318.0398864746094,318.0398864746094,OM,-0.9629999995231628,0.2906729252791875,2.969042,16.587491,14.467934297858491,2.457222463432901,4.0637162493424634,0.8487326420066715,0.2410729231966837,2604.357431687999
SPARSE_239,7,55,0,0,0,0,0,0,0,0,0,0.0,5.93750031225,14.645832554750028,0.0,312.1717834472656,312.1717834472656,OM,-0.328000009059906,0.261436737990008,7.473702,11.360423,15.262724768532232,2.167929358325818,4.856090545339314,0.7676656588102582,0.0057100956777031,3092.165129344167
SPARSE_240,11,51,7,0,0,0,0,0,0,0,0,0.0,5.93750031225,15.679165883950027,0.0,344.9865417480469,344.9865417480469,OM,-0.2189999967813491,0.4384121331202486,4.537771,28.765103,24.174215330614633,4.330198481965663,5.989847207040974,0.9664217080707204,0.0066436257171555,3801.8585431481692
SPARSE_241,0,5,59,20,0,0,0,0,0,0,0,0.0,5.92916697895,15.629165884150028,0.0,418.7999572753906,418.7999572753906,OM,1.034999966621399,0.4384121331202486,30.354595,195.099012,163.51860109911476,29.334278313620732,25.87393155987343,1.0337122936367364,0.0432276436683072,22538.029297449073
SPARSE_242,4,154,140,3,0,0,0,0,0,0,0,0.0,5.914583645675,15.458332551500028,0.0,1507.9736328125,376.993408203125,OM,0.3269999921321869,0.4384121331202486,51.796318,109.908851,128.0966974101919,18.874615650666858,38.57425181014576,0.7704881887231924,0.8579148449723347,25537.084207672728
SPARSE_243,5,56,0,0,0,0,0,0,0,0,0,0.0,5.92083364565,21.43749919425003,0.0,306.9419250488281,306.9419250488281,OM,-0.2870000004768371,0.2630651501157071,3.789383,18.851912,16.9894242519005,2.797661315114761,4.807798748548319,0.8432904314306525,0.3423657691563124,3063.931923222833
SPARSE_244,22,47,0,0,0,0,0,0,0,0,0,0.0,5.91250031235,19.145832536750028,0.0,348.3466796875,348.3466796875,OM,-0.527999997138977,0.2625022026151127,4.478065,20.409044,18.285794628004417,3.173789780132176,5.134583427821845,0.8640714421618725,0.0051141721972257,3278.3299965539995
SPARSE_245,36,81,0,0,0,0,0,0,0,0,0,0.0,5.904166979049999,14.662499221350028,0.0,585.36181640625,585.36181640625,OM,-0.5203999996185302,0.261436737990008,7.513262,71.502479,55.4970418883718,10.459773051850576,8.788244148748111,1.4283808077760554,0.0140200641806385,5573.865092816999
SPARSE_246,41,146,15,0,0,0,0,0,0,0,0,0.0,5.904166979049999,15.416665885000029,0.0,1010.52392578125,505.261962890625,OM,-0.2840000092983246,0.4384121331202486,10.323392,81.368155,65.59605219834164,12.046899607435426,16.903417687330244,0.93967123124055,0.0173803505242033,10717.377339132836
SPARSE_247,18,57,0,0,0,0,0,0,0,0,0,0.0,5.89583364575,21.120832528850027,0.0,379.2059326171875,379.2059326171875,OM,-0.4460000097751617,0.2906729252791875,6.055172,16.310293,17.68188235090664,2.791647608567867,5.686833089052211,0.765983673804114,0.0524899422533714,3631.2104435139995
SPARSE_248,16,50,0,0,0,0,0,0,0,0,0,0.0,5.887500312449999,21.095832528950027,0.0,330.1702880859375,330.1702880859375,OM,-0.4460000097751617,0.2906729252791875,4.503,19.343712,17.833525694337688,2.902431157744814,4.997455970428759,0.8451535676651485,0.3984167653531295,3193.630378189999
SPARSE_249,20,39,2,0,0,0,0,0,0,0,0,0.0,5.8708336458499994,15.370832551850029,0.0,305.84906005859375,305.84906005859375,OM,-0.4510000050067901,0.4384121331202486,7.000533,11.089429,14.713869516801694,2.2481083014373024,4.71945091983647,0.762901618887034,0.1595784933731782,3005.456921361667
SPARSE_250,6,56,0,0,0,0,0,0,0,0,0,0.0,5.8708336458499994,19.145832536750028,0.0,310.3570556640625,310.3570556640625,OM,-0.3109999895095825,0.2625022026151127,5.80987,39.819086,32.886662890509726,5.956197823045958,4.867791082370565,1.500129344511162,0.0088254054549706,3103.632704983667
SPARSE_251,7,77,2,0,0,0,0,0,0,0,0,0.0,5.8541669792499995,20.49583253135003,0.0,429.3341979980469,429.3341979980469,OM,-0.2370000034570694,0.2906729252791875,4.564536,27.93422,23.962273122125016,4.076694838895469,6.955575672539861,0.8298238159525265,0.4597310711953777,4433.7443396835015
SPARSE_252,9,140,5,0,0,0,0,0,0,0,0,0.0,5.833333646,20.574999197700027,0.0,770.2619018554688,385.1309509277344,OM,-0.1940000057220459,0.2906729252791875,21.683844,37.46269,47.177634108823696,6.835947498923302,12.598163043522062,0.8767557839415373,0.2764428978054881,8060.565440724168
SPARSE_253,11,209,8,0,0,0,0,0,0,0,0,0.0,5.831944757116667,20.615276975316696,0.0,1142.5858154296875,380.8619384765625,OM,-0.1700000017881393,0.2906729252791875,18.247131,92.254951,81.56718109360197,14.185270070760772,18.811852904876226,1.0173876397849624,0.0221288521240017,11994.396686166834
SPARSE_254,12,87,1,0,0,0,0,0,0,0,0,0.0,5.83750031265,20.637499197450023,0.0,500.4619140625,500.4619140625,OM,-0.3100000023841858,0.2906729252791875,7.554154,38.290783,33.83082940503331,5.886145649536176,7.892171384418985,1.0069826858613184,0.0090556125144264,5035.994148725
SPARSE_255,26,39,1,0,0,0,0,0,0,0,0,0.0,5.82083364605,15.270832552250027,0.0,333.60089111328125,333.60089111328125,OM,-0.5350000262260437,0.4384121331202486,8.029552,11.326571,15.823550107190233,2.265152341314047,4.9186488972418925,0.7795073657206233,0.0639075408215145,3135.723938160667
SPARSE_256,82,178,0,0,0,0,0,0,0,0,0,0.0,5.815278090516666,19.12916587015003,0.0,1298.8275146484375,432.9425048828125,OM,-0.5220000147819519,0.2625022026151127,11.576001,94.742691,75.55439814668458,13.991151211625038,19.427807825363043,0.938871624435116,0.0186972457782862,12363.431721647663
SPARSE_257,57,102,0,0,0,0,0,0,0,0,0,0.0,5.82083364605,20.44999919820003,0.0,793.35888671875,396.679443359375,OM,-0.5419999957084656,0.2906729252791875,7.726656,47.822361,40.85045993681892,6.987286394353123,11.72192454976846,0.8370008090370963,0.7767807307554351,7482.117015201498
SPARSE_258,48,80,0,0,0,0,0,0,0,0,0,0.0,5.81250031275,15.183332552600028,0.0,640.2593994140625,320.12969970703125,OM,-0.5630000233650208,0.261436737990008,14.434085,21.845081,29.351617633238785,4.173826753764079,9.410946050765386,0.7623216829184541,0.0099004976412527,5999.106116546665
SPARSE_259,2,82,4,0,0,0,0,0,0,0,0,0.0,5.80416697945,14.812499220750029,0.0,437.9490356445313,437.9490356445313,OM,-0.1019999980926513,0.261436737990008,9.154427,17.324008,21.06790132934159,3.181607509645919,7.40377364411503,0.714949062021319,0.0657322918653749,4706.957565413002
SPARSE_260,7,60,0,0,0,0,0,0,0,0,0,0.0,5.80416697945,15.004165886650028,0.0,336.1726379394531,336.1726379394531,OM,-0.3179999887943268,0.261436737990008,7.956334,12.303774,16.306323512080812,2.5553303094184865,5.2677243507249845,0.7608423281133483,0.2192682039472118,3348.0069163458334
SPARSE_261,21,46,0,0,0,0,0,0,0,0,0,0.0,5.79583364615,15.112499219550028,0.0,331.2929382324219,331.2929382324219,OM,-0.5203999996185302,0.261436737990008,5.994281,11.631838,14.143605762330262,2.0861727921459834,5.00557345034757,0.7096129285932928,0.0045235661472635,3187.460857392833
SPARSE_262,19,60,0,0,0,0,0,0,0,0,0,0.0,5.79583364615,20.56249919775003,0.0,395.5841979980469,395.5841979980469,OM,-0.4431249983608722,0.2906729252791875,3.464875,24.8192,20.741958816904535,3.525894028007044,5.992212245956224,0.8288206943756957,0.5073702666231739,3824.416297475833
SPARSE_263,15,48,0,0,0,0,0,0,0,0,0,0.0,5.79583364615,20.58749919765003,0.0,317.5277404785156,317.5277404785156,OM,-0.4431249983608722,0.2906729252791875,2.764605,19.80721,16.552804911734164,2.8138026643762877,4.781608005104596,0.8289166040546848,0.4050843183558774,3051.5928816285
SPARSE_264,45,25,0,0,0,0,0,0,0,0,0,0.0,5.79583364615,20.67916586395003,0.0,351.2918395996094,351.2918395996094,OM,-0.7509999871253967,0.2906729252791875,7.432718,11.06147,15.03036136317372,2.152987999840046,4.77309644813387,0.761737672584061,0.036377711623863,3065.7441142458324
SPARSE_265,133,55,0,0,0,0,0,0,0,0,0,0.0,5.7833336462,19.099999203600028,0.0,942.6295776367188,471.3147888183594,OM,-0.7929999828338623,0.2625022026151127,11.469118,63.5402,55.31581369362406,9.681794886162006,12.641208653634385,1.0216678800475796,0.014395612431538,8094.463631209163
SPARSE_266,65,30,0,0,0,0,0,0,0,0,0,0.0,5.78750031285,19.487499202050028,0.0,475.4759216308594,475.4759216308594,OM,-0.7749999761581421,0.2625022026151127,9.19745,17.192657,20.97719135994275,3.342003835057795,6.4242502765088965,0.7867381137151258,0.3511101552749287,4115.601536464165
SPARSE_267,32,48,0,0,0,0,0,0,0,0,0,0.0,5.78750031285,19.670832534650028,0.0,400.7852478027344,400.7852478027344,OM,-0.5879999995231628,0.2313707720909064,8.000737,14.397683,18.162247139234392,2.7009007287538407,5.822443359801351,0.7594127289377224,0.1223981885473716,3726.5061715626666
SPARSE_268,2,61,2,0,0,0,0,0,0,0,0,0.0,5.75416697965,15.212499219150027,0.0,324.1062316894531,324.1062316894531,OM,-0.1620000004768371,0.261436737990008,3.083104,41.063692,30.442193011441695,5.907833749538555,5.410631359771638,1.3019750687173903,0.0073786602293437,3416.5467124740007
SPARSE_269,0,113,24,0,0,0,0,0,0,0,0,0.0,5.75416697965,19.087499203650022,0.0,684.6428833007812,684.6428833007812,OM,0.1080000028014183,0.2625022026151127,12.781413,69.025102,60.497575341911485,10.542926839207423,13.154932134253082,1.0711406539482264,0.016446089662297,8372.528556621675
SPARSE_270,52,83,0,0,0,0,0,0,0,0,0,0.0,5.75416697965,19.770832534250022,0.0,678.392333984375,678.392333984375,OM,-0.5820000171661377,0.2313707720909064,17.47891,23.577359,33.21539094591936,5.308421249131343,9.8661526266592,0.8046691594875384,0.720024493614326,6311.414315790998
SPARSE_271,0,36,35,0,0,0,0,0,0,0,0,0.0,5.75416697965,20.695832530550028,0.0,353.621337890625,353.621337890625,OM,0.3490000069141388,0.2906729252791875,13.885546,22.923245,29.290516221473233,4.278276733396267,8.833752064380423,0.8036468884759832,0.0096741288787096,5619.879448222011
SPARSE_272,13,51,0,0,0,0,0,0,0,0,0,0.0,5.7458336463499995,19.370832535850028,0.0,320.6715393066406,320.6715393066406,OM,-0.4249130464766336,0.2625022026151127,3.454319,18.485566,16.183697701499657,2.7056321132588437,4.902938029293896,0.7986242743825571,0.3613199090779921,3125.696390307833
SPARSE_273,4,141,5,0,0,0,0,0,0,0,0,0.0,5.73750031305,19.070832537050027,0.0,748.8154296875,748.8154296875,OM,-0.1319999992847442,0.2625022026151127,11.161961,60.898837,53.22552703723888,9.292734896496766,12.42169931963492,1.0087347385603227,0.0141729039180299,7913.229889320334
SPARSE_274,16,256,3,0,0,0,0,0,0,0,0,0.0,5.73750031305,19.162499203350027,0.0,1375.4647216796875,458.4882507324219,OM,-0.238999992609024,0.2625022026151127,19.59935,107.037778,93.5262828634789,16.33112321618565,22.094327319693072,0.9997678041522376,0.0267313798839232,14058.125023956669
SPARSE_275,12,51,0,0,0,0,0,0,0,0,0,0.0,5.73750031305,19.404165869050026,0.0,314.9093322753906,314.9093322753906,OM,-0.4180000126361847,0.2625022026151127,3.170642,19.707381,16.840011395758825,2.8465849802703187,4.839166661762252,0.8342419785358186,0.36070155475855,3085.9956085470003
SPARSE_276,5,57,1,0,0,0,0,0,0,0,0,0.0,5.72916697975,19.10416587025003,0.0,308.97320556640625,308.97320556640625,OM,-0.2720000147819519,0.2625022026151127,4.518064,24.612535,21.521982608510307,3.756060635217679,5.062150858690363,1.0026645946300523,0.0067543847761039,3223.037954389167
SPARSE_277,135,146,0,0,0,0,0,0,0,0,0,0.0,5.72916697975,20.595832530950027,0.0,1403.619384765625,467.8731384277344,OM,-0.6349999904632568,0.2906729252791875,12.387389,80.254833,67.91250214127541,11.47860951897574,20.06709496143256,0.8120551288359251,1.6626736742050543,12830.185718161163
SPARSE_278,7,65,0,0,0,0,0,0,0,0,0,0.0,5.72083364645,19.20416586985003,0.0,358.7043762207031,358.7043762207031,OM,-0.2989999949932098,0.2625022026151127,9.020196,13.246671,18.215338826573316,2.5529477303819013,5.642844022893784,0.7805710021169401,0.0065347148972715,3603.8487033475
SPARSE_279,102,486,1,0,0,0,0,0,0,0,0,0.0,5.7097225353833325,19.07638809258336,0.0,2945.136962890625,981.7123413085938,OM,-0.4020000100135803,0.2625022026151127,40.260272,220.76528,192.68455669311652,33.66934837350303,45.51639224758528,0.9977068168712946,0.0516124175845498,29025.239109932998
SPARSE_280,27,109,0,0,0,0,0,0,0,0,0,0.0,5.68750031325,15.970832549450028,0.0,679.4049072265625,679.4049072265625,OM,-0.4359999895095825,0.2476789434150617,6.657765,40.346575,34.544915905800075,5.8494941743180515,10.463753696322788,0.8019291274293269,0.8074065478142338,6649.272064178834
SPARSE_281,2,65,1,0,0,0,0,0,0,0,0,0.0,5.67916697995,15.987499216050027,0.0,339.6351013183594,339.6351013183594,OM,-0.1570000052452087,0.2476789434150617,3.523347,21.859652,18.643511986397176,3.158395458286652,5.53323102331168,0.8152596620081298,0.4501667286733741,3513.282468309334
SPARSE_282,24,70,0,0,0,0,0,0,0,0,0,0.0,5.670833646649999,15.245832552350029,0.0,470.66644287109375,470.66644287109375,OM,-0.4790000021457672,0.261436737990008,11.891566,16.996481,23.24965247732365,3.7813008510030897,7.131368695062606,0.7900242518154906,0.5359254706047953,4534.603780283332
SPARSE_283,44,26,0,0,0,0,0,0,0,0,0,0.0,5.670833646649999,20.695832530550028,0.0,347.6252136230469,347.6252136230469,OM,-0.7459999918937683,0.2906729252791875,6.882546,13.404486,16.252089353563836,2.477178342262433,4.811746038344425,0.8120024670017787,0.0871021546888488,3077.2116898853324
SPARSE_284,3,65,1,0,0,0,0,0,0,0,0,0.0,5.654166980049999,19.079165870350028,0.0,343.089111328125,343.089111328125,OM,-0.1809999942779541,0.2625022026151127,4.301461,27.043537,22.49188981454902,4.073727590069387,5.582849764060101,0.9637735275505528,0.0067766961817091,3552.9832500701673
SPARSE_285,30,91,0,0,0,0,0,0,0,0,0,0.0,5.6375003134499995,16.67083254665003,0.0,604.8477783203125,604.8477783203125,OM,-0.4779999852180481,0.2501343624972278,5.401405,36.939537,30.876427599175805,5.398762361506595,9.202417352192445,0.8220557451907842,0.3585026938339963,5847.3439762553335
SPARSE_286,8,195,4,0,0,0,0,0,0,0,0,0.0,5.6375003134499995,19.087499203650022,0.0,1035.880126953125,1035.880126953125,OM,-0.1809999942779541,0.2625022026151127,20.548354,51.689235,55.98473899712412,8.795965838759464,16.80617574856444,0.8064770120081186,0.382699519440719,10727.186642215667
SPARSE_287,52,112,0,0,0,0,0,0,0,0,0,0.0,5.6375003134499995,20.77083253025003,0.0,822.5686645507812,822.5686645507812,OM,-0.5109999775886536,0.2906729252791875,18.666681,29.360289,38.61401216729461,6.268629877353484,12.192941695903402,0.7696933266169896,0.757102954884705,7795.296680400666
SPARSE_288,29,33,0,0,0,0,0,0,0,0,0,0.0,5.6208336468499995,16.679165879950027,0.0,308.0975646972656,308.0975646972656,OM,-0.628000020980835,0.2501343624972278,2.830175,17.108285,14.619790464382165,2.537047431890777,4.463037239653595,0.8046282028831573,0.1714422329162836,2839.8784652751665
SPARSE_289,25,502,5,0,0,0,0,0,0,0,0,0.0,5.583333647,16.69166587990003,0.0,2660.117919921875,443.3529968261719,OM,-0.2280000001192093,0.2501343624972278,25.512314,207.723031,166.5799643469755,30.68243579335748,42.93032696916308,0.9399641873841806,0.0443701364401955,27218.723327818167
SPARSE_290,32,85,0,0,0,0,0,0,0,0,0,0.0,5.58750031365,19.10416587025003,0.0,586.2479858398438,586.2479858398438,OM,-0.4900000095367431,0.2625022026151127,12.160692,23.953559,28.915847843126265,4.577058360801655,8.79326750880461,0.7963984298957161,0.2767403438843132,5619.735395375001
SPARSE_291,48,31,0,0,0,0,0,0,0,0,0,0.0,5.55416698045,16.454165880850027,0.0,397.0829772949219,397.0829772949219,OM,-0.7149999737739563,0.2476789434150617,4.491446,20.039117,18.289366389049377,2.9933418975742914,5.469269997084423,0.8046217715210823,0.3796337061301528,3491.856603930332
SPARSE_292,33,44,0,0,0,0,0,0,0,0,0,0.0,5.55416698045,19.11249920355003,0.0,380.61083984375,380.61083984375,OM,-0.6010000109672546,0.2625022026151127,7.718423,15.189799,18.341733181531065,2.900978800954071,5.5664888224317775,0.7967248327217055,0.1746147499843319,3561.5335237221657
SPARSE_293,275,115,0,0,0,0,0,0,0,0,0,0.0,5.545833647149999,16.74166587970003,0.0,1951.587158203125,975.7935791015624,OM,-0.7829999923706055,0.2501343624972278,15.891246,129.975219,104.0065340129136,19.19341102662529,26.437888519516555,0.948635055750248,0.0271257020397631,16802.07608526749
SPARSE_294,16,51,0,0,0,0,0,0,0,0,0,0.0,5.53750031385,20.829165863350028,0.0,339.3601989746094,339.3601989746094,OM,-0.4431249983608722,0.2906729252791875,3.395002,20.789381,17.606707607636903,3.1171511669445464,5.090636783378055,0.8447488164541992,0.0859096446468577,3244.7987355903333
SPARSE_295,7,117,1,0,0,0,0,0,0,0,0,0.0,5.5083336473,16.766665879600026,0.0,625.7939453125,312.89697265625,OM,-0.2460000067949295,0.2501343624972278,6.47994,48.642252,39.423388983411634,7.226365465030684,10.040150183861607,0.9475829222965436,0.009828869020444,6372.540961930833
SPARSE_296,1,78,2,0,0,0,0,0,0,0,0,0.0,5.5125003139499995,16.970832545450026,0.0,406.7413024902344,406.7413024902344,OM,-0.1159999966621398,0.2501343624972278,5.204771,26.213756,23.28211804140893,3.9560338608305257,6.676934452162553,0.8435983802135516,0.2880417929066141,4246.708006518834
SPARSE_297,27,87,0,0,0,0,0,0,0,0,0,0.0,5.49583364735,15.187499219250029,0.0,573.2955322265625,573.2955322265625,OM,-0.4620000123977661,0.261436737990008,5.918072,42.338323,34.665666162905836,6.3142708927560145,8.721884022096244,0.9584111832647983,0.0114597615279283,5523.5682013715
SPARSE_298,62,298,2,0,0,0,0,0,0,0,0,0.0,5.4750003141,20.829165863350028,0.0,1810.1507568359375,905.0753784179688,OM,-0.3729999959468841,0.2906729252791875,19.584958,114.170292,97.61682780196324,17.22255022837756,28.13378457215578,0.8476776380910094,0.3459388910614953,17925.494322003
SPARSE_299,7,70,0,0,0,0,0,0,0,0,0,0.0,5.47083364745,16.795832546150027,0.0,387.7942810058594,387.7942810058594,OM,-0.3160000145435333,0.2501343624972278,3.764963,29.506804,23.819241188147355,4.370207336699561,6.083234248726316,0.9458449478157468,0.0059269788190316,3859.6904903491663
SPARSE_300,30,46,0,0,0,0,0,0,0,0,0,0.0,5.47083364745,21.670832526650027,0.0,379.4841003417969,379.4841003417969,OM,-0.6029999852180481,0.163724125692516,5.226235,27.164098,23.940458945589857,4.164957316347206,5.553534382795874,1.011405824280067,0.006723247848752,3544.767893240333
SPARSE_301,29,42,0,0,0,0,0,0,0,0,0,0.0,5.46250031415,19.10416587025003,0.0,355.61175537109375,355.61175537109375,OM,-0.5910000205039978,0.2625022026151127,4.890637,18.317942,17.403966584487204,2.8337174361951556,5.164363251653591,0.8084416365684973,0.3573964604978242,3300.393681878166
SPARSE_302,17,51,0,0,0,0,0,0,0,0,0,0.0,5.454166980849999,17.037499211850026,0.0,335.2835388183594,335.2835388183594,OM,-0.4769999980926513,0.2501343624972278,6.022285,17.197185,17.929835581642866,2.781934800670355,5.143039200646881,0.8308682571220888,0.2393630527302676,3284.4995173511666
SPARSE_303,27,72,0,0,0,0,0,0,0,0,0,0.0,5.454166980849999,20.854165863250028,0.0,496.3092041015625,496.3092041015625,OM,-0.4760000109672546,0.2906729252791875,7.407582,27.98559,26.417180006177727,4.418066563750198,7.44372782340545,0.8541704612126902,0.1468617039056811,4756.042840366499
SPARSE_304,0,66,0,0,0,0,0,0,0,0,0,0.0,5.454166980849999,21.670832526650027,0.0,333.0279235839844,333.0279235839844,OM,-0.0979999974370002,0.163724125692516,4.931915,25.31965,22.38766105570297,3.8871223615631014,5.304651797907041,0.9960395453018408,0.0059478277967048,3377.111588422
SPARSE_305,87,100,0,0,0,0,0,0,0,0,0,0.0,5.437500314249999,16.866665879200028,0.0,935.832275390625,467.9161376953125,OM,-0.628000020980835,0.2501343624972278,8.574244,65.968846,53.128850958379154,9.782782955695245,13.479524006490456,0.9493901361867474,0.0134136888473192,8570.803753225831
SPARSE_306,36,29,0,0,0,0,0,0,0,0,0,0.0,5.437500314249999,19.095832536950027,0.0,324.42041015625,324.42041015625,OM,-0.6880000233650208,0.2625022026151127,3.232037,19.064115,16.186486487537316,2.884784941570018,4.564097441113344,0.8637480528241012,0.0172881614189695,2913.1105079996655
SPARSE_307,32,51,0,0,0,0,0,0,0,0,0,0.0,5.437500314249999,19.137499203450027,0.0,413.1618957519531,413.1618957519531,OM,-0.5720000267028809,0.2625022026151127,3.840308,29.775167,24.022828658236396,4.41322177153209,6.09758141897926,0.9480490074843386,0.0061955039372082,3880.0112437636662
SPARSE_308,41,64,0,0,0,0,0,0,0,0,0,0.0,5.42916698095,16.89583254575003,0.0,524.8278198242188,524.8278198242188,OM,-0.5799999833106995,0.2501343624972278,4.888054,37.681234,30.336158226091396,5.5870025685277325,7.7137301689566415,0.9481068921137528,0.0078083955411255,4902.506925815498
SPARSE_309,33,35,0,0,0,0,0,0,0,0,0,0.0,5.420833647649999,20.320832532050023,0.0,339.65185546875,339.65185546875,OM,-0.6389999985694885,0.2906729252791875,2.631025,33.306837,24.884036374524023,4.80259505348429,4.873438172129525,1.1871253970322688,0.0058182792729277,3101.0183071191655
SPARSE_310,39,81,0,0,0,0,0,0,0,0,0,0.0,5.37916698115,15.304165885450027,0.0,599.79296875,599.79296875,OM,-0.5299999713897705,0.261436737990008,13.123637,20.987256,27.446545451131374,4.137082305072576,8.937667415864283,0.7548642525345909,0.18387486572108,5692.9674380995
SPARSE_311,33,190,0,0,0,0,0,0,0,0,0,0.0,5.37916698115,16.983332545400028,0.0,1112.948486328125,556.4742431640625,OM,-0.3860000073909759,0.2501343624972278,12.057626,84.42026,69.73327124105784,12.60734183889748,17.362838879849654,0.9626560876566504,0.0183053046526076,11032.113704170832
SPARSE_312,25,44,0,0,0,0,0,0,0,0,0,0.0,5.36250031455,20.15416586605003,0.0,346.26654052734375,346.26654052734375,OM,-0.5759999752044678,0.2163097313149591,4.027743,18.118759,16.588289965247377,2.7597898951915267,5.075642408991261,0.7948892942985379,0.220214185203613,3243.9272696354997
SPARSE_313,68,20,0,0,0,0,0,0,0,0,0,0.0,5.35416698125,15.112499219550028,0.0,444.1136474609375,444.1136474609375,OM,-0.8429999947547913,0.261436737990008,3.634662,28.842093,23.127673242231,4.268026535341687,5.859388538406101,0.9514515313071186,0.0057784154828106,3723.0203077433325
SPARSE_314,10,64,0,0,0,0,0,0,0,0,0,0.0,5.35416698125,19.15416587005003,0.0,368.6609191894531,368.6609191894531,OM,-0.3549999892711639,0.2625022026151127,7.464516,13.803564,17.19946375857015,2.516792383911132,5.745681425235345,0.7377383628463346,0.0358288799983725,3671.7826912296664
SPARSE_315,47,16,0,0,0,0,0,0,0,0,0,0.0,5.345833647949999,20.15416586605003,0.0,313.5935363769531,313.5935363769531,OM,-0.7889999747276306,0.2163097313149591,2.517009,20.731756,16.50942307302998,3.0598636800840033,4.209453087747366,0.9434603586793738,0.0043854605720175,2684.6304611644987
SPARSE_316,21,66,0,0,0,0,0,0,0,0,0,0.0,5.33750031465,20.729165863750023,0.0,435.1391296386719,435.1391296386719,OM,-0.4431249983608722,0.2906729252791875,3.541245,44.484967,33.28260906234763,6.415670645849147,6.627160994944153,1.1718477549044404,0.0085650219901987,4210.8280053994995
SPARSE_317,32,525,1,0,0,0,0,0,0,0,0,0.0,5.318055870283333,20.15972142158336,0.0,2791.53857421875,930.5128784179688,OM,-0.3089999854564667,0.2163097313149591,30.975268,215.057784,176.01566406189306,32.13646252060937,44.39049580294958,0.95250193232117,0.04456806650805,28241.75032528767
SPARSE_318,52,20,0,0,0,0,0,0,0,0,0,0.0,5.312500314749999,19.595832534950027,0.0,357.4034423828125,357.4034423828125,OM,-0.8040000200271606,0.2625022026151127,6.826452,28.272627,25.64533669097854,4.731565719324679,4.833132791031898,1.1999329090774395,0.4317803618632741,3087.807799569998
SPARSE_319,10,74,0,0,0,0,0,0,0,0,0,0.0,5.2958336481499995,20.170832532650028,0.0,418.0545654296875,418.0545654296875,OM,-0.3880000114440918,0.2163097313149591,9.319549,16.051625,20.589465266281184,3.1047648165171866,6.54082432338378,0.7654674923478071,0.1768118670405895,4183.466265232999
SPARSE_320,22,119,0,0,0,0,0,0,0,0,0,0.0,5.283333648199999,17.64583254275003,0.0,705.9306030273438,352.9653015136719,OM,-0.3970000147819519,0.2501343624972278,6.228083,73.064496,55.09097325596189,10.571961519299288,10.976499071061838,1.1725074935590598,0.0130403545105131,6962.451729377999
SPARSE_321,12,128,0,0,0,0,0,0,0,0,0,0.0,5.283333648199999,18.958332537500027,0.0,703.1989135742188,351.5994567871094,OM,-0.3840000033378601,0.1954581466942441,8.665084,42.078892,37.896568428310005,6.225123720870783,11.029773471214968,0.8265457127710182,0.6418577411949448,7025.959128372667
SPARSE_322,5,57,0,0,0,0,0,0,0,0,0,0.0,5.28750031485,21.88749919245003,0.0,307.5906982421875,307.5906982421875,OM,-0.4169999957084656,0.163724125692516,4.462469,18.870846,17.649067004062378,2.941459559280791,4.900921999142337,0.8690138956315836,0.0817616374873032,3115.100280623167
SPARSE_323,54,51,0,0,0,0,0,0,0,0,0,0.0,5.27083364825,15.412499218350028,0.0,523.68115234375,523.68115234375,OM,-0.6570000052452087,0.261436737990008,10.429866,17.217349,22.27139561708753,3.2134045913060745,7.450440309802594,0.7379975953795572,0.0074592257791081,4753.428442501999
SPARSE_324,7,80,0,0,0,0,0,0,0,0,0,0.0,5.26250031495,21.88749919245003,0.0,433.2877197265625,433.2877197265625,OM,-0.4169999957084656,0.163724125692516,6.247504,26.494923,24.76584689451295,4.12775620977009,6.8768901894133,0.8689863575717316,0.1145860825554142,4371.374064352501
SPARSE_325,33,101,0,0,0,0,0,0,0,0,0,0.0,5.25416698165,17.674999209300026,0.0,672.0232543945312,336.0116271972656,OM,-0.4790000021457672,0.2501343624972278,8.618653,37.923344,34.752550224420474,5.823642148236324,10.148909062910183,0.8280227166666425,0.3759141257706038,6478.129895541166
SPARSE_326,62,17,0,0,0,0,0,0,0,0,0,0.0,5.23750031505,15.454165884850028,0.0,395.2600402832031,395.2600402832031,OM,-0.8569999933242798,0.261436737990008,5.807539,36.769313,30.835797509667,5.535770585707055,5.225562586453449,1.3300217426108556,0.0085191387797007,3331.310544977332
SPARSE_327,13,49,0,0,0,0,0,0,0,0,0,0.0,5.23750031505,18.937499204250027,0.0,311.948486328125,311.948486328125,OM,-0.4900000095367431,0.1954581466942441,3.989155,18.296757,16.761440186658717,2.743938435125655,4.736088781126983,0.842905135548433,0.3210321681282719,3023.3596755071662
SPARSE_328,28,65,0,0,0,0,0,0,0,0,0,0.0,5.220833648449999,14.695832554550028,0.0,463.6596984863281,463.6596984863281,OM,-0.5130000114440918,0.261436737990008,11.56461,16.200938,22.583669679076216,3.3744451536759605,6.971349236041618,0.7856807076216762,0.2035798380583974,4437.565120325
SPARSE_329,21,45,0,0,0,0,0,0,0,0,0,0.0,5.204166981849999,15.470832551450028,0.0,329.8590393066406,329.8590393066406,OM,-0.5203999996185302,0.261436737990008,5.213496,33.226186,27.822509577072445,4.999342710795175,4.936190421311648,1.2823552686841506,0.0073016638451506,3136.2924999924994
SPARSE_330,61,97,0,0,0,0,0,0,0,0,0,0.0,5.2000003152,20.191665865900028,0.0,788.7498779296875,394.37493896484375,OM,-0.5849999785423279,0.2163097313149591,16.563969,27.634242,35.79632445134976,5.773721365014495,11.54649704344414,0.7571340828355965,0.6323569233069881,7385.078355243165
SPARSE_331,22,53,0,0,0,0,0,0,0,0,0,0.0,5.187500315249999,18.42916587295003,0.0,372.6626281738281,372.6626281738281,OM,-0.5419999957084656,0.1954581466942441,9.131228,13.09351,18.095339855800795,2.8858174986806535,5.607957979904799,0.7800925530575109,0.3362290899272108,3585.3401409559997
SPARSE_332,10,63,0,0,0,0,0,0,0,0,0,0.0,5.17916698195,21.07083252905003,0.0,367.10980224609375,367.10980224609375,OM,-0.3939999938011169,0.2305991576436656,10.616366,13.293313,19.33768619469938,3.0678809258239115,5.662476151738058,0.8140100777380062,0.404194021570072,3620.614333829333
SPARSE_333,31,29,0,0,0,0,0,0,0,0,0,0.0,5.17916698195,21.304165861450027,0.0,303.4277038574219,303.4277038574219,OM,-0.6589999794960022,0.2305991576436656,2.854998,17.396502,14.946452143415572,2.5194408218746274,4.24947113167966,0.8385600718694834,0.3484580014623386,2714.606599195499
SPARSE_334,58,53,0,0,0,0,0,0,0,0,0,0.0,5.1708336486499995,18.862499204550023,0.0,554.27880859375,554.27880859375,OM,-0.6600000262260437,0.1954581466942441,5.425176,30.342657,26.485576827434897,4.420407722771578,7.852049564934955,0.8116397197060138,0.5550398722296476,5014.568284345999
SPARSE_335,3,159,1,0,0,0,0,0,0,0,0,0.0,5.166666982,20.233332532400027,0.0,814.3843994140625,407.1921997070313,OM,-0.1899999976158142,0.2163097313149591,8.823947,51.787442,44.91823842880207,7.534558871352027,13.134499969042958,0.8223269532709362,1.0371471696453105,8362.808845701502
SPARSE_336,31,38,0,0,0,0,0,0,0,0,0,0.0,5.16250031535,15.512499217950028,0.0,344.1467590332031,344.1467590332031,OM,-0.6169999837875366,0.261436737990008,4.736919,24.509547,21.705530749265577,3.75975285474892,4.990350835801477,1.0216985670406604,0.0058840076204964,3175.121815798499
SPARSE_337,29,48,0,0,0,0,0,0,0,0,0,0.0,5.16250031535,21.287499194850028,0.0,383.0313720703125,383.0313720703125,OM,-0.5770000219345093,0.2305991576436656,3.904633,22.858021,19.868848214932992,3.3239305600204996,5.651537929660535,0.8384547528820719,0.4536916763250718,3607.403826280166
SPARSE_338,16,56,0,0,0,0,0,0,0,0,0,0.0,5.15416698205,20.162499199350027,0.0,357.2829284667969,357.2829284667969,OM,-0.4828095214352721,0.2163097313149591,7.829826,12.851516,16.763944065772893,2.674894674452587,5.478320983037381,0.7504814014174148,0.257447111152519,3500.640522592
SPARSE_339,57,21,0,0,0,0,0,0,0,0,0,0.0,5.13750031545,18.479165872750027,0.0,388.9365234375,388.9365234375,OM,-0.7699999809265137,0.1954581466942441,3.007256,22.067904,18.253039346944284,3.1127371204696272,5.221023191207411,0.833074852922251,0.4890376263760379,3337.480065774498
SPARSE_340,29,106,0,0,0,0,0,0,0,0,0,0.0,5.1333336488,21.24999919500003,0.0,672.4610595703125,336.23052978515625,OM,-0.4659999907016754,0.2305991576436656,7.378172,40.847746,35.842519861893344,5.9895150575462575,10.293651418216516,0.8323188742241145,0.757149589661026,6575.168555499499
SPARSE_341,51,36,0,0,0,0,0,0,0,0,0,0.0,5.12916698215,15.562499217750029,0.0,435.2437744140625,435.2437744140625,OM,-0.7039999961853027,0.261436737990008,5.810565,30.108225,26.63361605622528,4.617910768087811,6.074707150531832,1.028195878320746,0.0073873960081639,3866.8007362144986
SPARSE_342,9,60,0,0,0,0,0,0,0,0,0,0.0,5.12916698215,19.387499202450027,0.0,342.6504211425781,342.6504211425781,OM,-0.3499999940395355,0.2625022026151127,4.484848,21.200693,18.95425069411057,3.2792197233602165,5.385525320137995,0.8578483089079668,0.0210391205402022,3427.4084798675
SPARSE_343,34,30,0,0,0,0,0,0,0,0,0,0.0,5.10416698225,15.470832551450028,0.0,318.7661437988281,318.7661437988281,OM,-0.6710000038146973,0.261436737990008,2.939621,17.142383,14.638641363437184,2.5903671457812196,4.544957365652962,0.8024287278536818,0.0452342223004981,2884.8773018783327
SPARSE_344,6,66,0,0,0,0,0,0,0,0,0,0.0,5.10416698225,18.82916587135003,0.0,360.8973388671875,360.8973388671875,OM,-0.3790000081062317,0.1954581466942441,3.847523,22.574303,19.54316370323827,3.3159690914573257,5.679247902069939,0.8301204604495281,0.3683074481748331,3615.316278987
SPARSE_345,18,138,0,0,0,0,0,0,0,0,0,0.0,5.1000003156,20.095832532950027,0.0,783.1083984375,391.55419921875,OM,-0.3910000026226043,0.2163097313149591,10.625051,58.802211,51.15330050792463,8.96044107125713,12.19243417977001,0.9904761345843824,0.0138319077628194,7775.847392940999
SPARSE_346,69,59,0,0,0,0,0,0,0,0,0,0.0,5.1000003156,21.24583252835003,0.0,642.3114013671875,321.15570068359375,OM,-0.6710000038146973,0.2305991576436656,6.095725,38.373039,32.708586524380024,5.643947792505065,9.012874849525634,0.8671389649571091,0.4967453952746964,5758.287028117165
SPARSE_347,31,30,0,0,0,0,0,0,0,0,0,0.0,5.10416698225,21.762499192950028,0.0,304.912109375,304.912109375,OM,-0.652999997138977,0.163724125692516,2.95896,17.36305,15.041207453536074,2.5063294373070577,4.3296898751912565,0.8294162719419106,0.3449500465086522,2765.7749565958325
SPARSE_348,4,56,1,0,0,0,0,0,0,0,0,0.0,5.095833648949999,16.354165881250026,0.0,303.197021484375,303.197021484375,OM,-0.2578000038862228,0.2649349232022477,7.052705,11.462646,14.905270054490932,2.1866754928327956,4.916941147289579,0.7469595262532297,0.0483579268500594,3132.1688152280008
SPARSE_349,27,63,0,0,0,0,0,0,0,0,0,0.0,5.095833648949999,20.079165866350028,0.0,449.1333923339844,449.1333923339844,OM,-0.5329999923706055,0.2163097313149591,5.895651,32.818144,28.507242907633746,4.998027461969035,6.72639576824297,0.997615622147543,0.0081234106576073,4295.5276237635
SPARSE_350,438,185,0,0,0,0,0,0,0,0,0,0.0,5.080357458535714,21.097023005135743,0.0,3116.925537109375,445.2750854492187,OM,-0.7720000147819519,0.2305991576436656,33.289163,160.254752,144.332257999374,23.622422986026564,41.91334762872511,0.8203952449244166,3.0681477862646505,26855.088530306657
SPARSE_351,7,237,2,0,0,0,0,0,0,0,0,0.0,5.0750003157,21.22499919510003,0.0,1226.7984619140625,613.3992309570312,OM,-0.2029999941587448,0.2305991576436656,12.567822,85.380909,71.91580791926454,12.429120482445494,19.822516467059906,0.8693341919277675,1.1833561930837388,12620.681523736834
SPARSE_352,12,58,0,0,0,0,0,0,0,0,0,0.0,5.079166982349999,21.27083252825003,0.0,345.47320556640625,345.47320556640625,OM,-0.4259999990463257,0.2305991576436656,4.314508,36.075372,28.6289572758436,5.320064237970729,5.42299213614706,1.2176388754460117,0.0075657740299766,3444.1741103493328
SPARSE_353,30,33,0,0,0,0,0,0,0,0,0,0.0,5.0625003157499995,17.845832541950028,0.0,313.2894592285156,313.2894592285156,OM,-0.6309999823570251,0.2501343624972278,3.020403,17.323929,15.143861816514942,2.531659229278529,4.509920881816779,0.8088208571087503,0.3238422129437057,2879.5792470359993
SPARSE_354,14,48,0,0,0,0,0,0,0,0,0,0.0,5.0625003157499995,18.795832538150027,0.0,309.37701416015625,309.37701416015625,OM,-0.5009999871253967,0.1954581466942441,3.172252,19.433188,16.554475179781235,2.894166380122436,4.73286164140486,0.8503785463362685,0.1405177463395582,3011.8920998676663
SPARSE_355,46,68,0,0,0,0,0,0,0,0,0,0.0,5.0625003157499995,21.145832528750027,0.0,571.6089477539062,571.6089477539062,OM,-0.593999981880188,0.2305991576436656,5.2383,33.504922,28.44917246814327,4.799664215035697,8.314862014218166,0.8205772244542545,0.6977653831517406,5305.684264220999
SPARSE_356,58,82,0,0,0,0,0,0,0,0,0,0.0,5.0625003157499995,21.170832528650028,0.0,704.3253173828125,704.3253173828125,OM,-0.5989999771118164,0.2305991576436656,7.362304,40.152581,35.25790369451453,5.873794981735122,10.175153070904647,0.8275635033875041,0.8277386531967397,6498.450648955664
SPARSE_357,1,61,1,0,0,0,0,0,0,0,0,0.0,5.0625003157499995,21.187499195250027,0.0,313.6206970214844,313.6206970214844,OM,-0.1169999986886978,0.2305991576436656,3.53808,20.152224,17.562532004190356,2.9367940032757898,5.133490906563006,0.8220591280700138,0.4092588032183731,3268.9082569471666
SPARSE_358,31,69,0,0,0,0,0,0,0,0,0,0.0,5.05416698245,19.97083253345003,0.0,499.3713989257813,499.3713989257813,OM,-0.5440000295639038,0.2163097313149591,5.224651,28.751305,24.97915134309661,4.2204467982402925,7.468521962912085,0.8065146550022964,0.6233631845054746,4761.340895208833
SPARSE_359,29,99,0,0,0,0,0,0,0,0,0,0.0,5.050000315799999,20.40416586505003,0.0,638.9671630859375,319.48358154296875,OM,-0.4869999885559082,0.2163097313149591,11.141092,29.844595,32.16628430914931,5.387695839472397,9.743207969182196,0.8046253454211197,0.3429884535551359,6216.990053697167
SPARSE_360,18,183,0,0,0,0,0,0,0,0,0,0.0,5.05416698245,21.212499195150027,0.0,1002.435302734375,1002.435302734375,OM,-0.3370000123977661,0.2305991576436656,9.964854,68.505135,57.56955226605655,9.961424698256772,15.822997927812825,0.8711564728434291,0.9421878296187606,10078.423475955999
SPARSE_361,13,47,0,0,0,0,0,0,0,0,0,0.0,5.0458336491499995,20.045832533150023,0.0,301.8699035644531,301.8699035644531,OM,-0.4828095214352721,0.2163097313149591,6.636739,10.765082,14.206984781396294,2.02897921762696,4.567444346156519,0.757967827136446,0.0214579494128966,2921.0229607064994
SPARSE_362,1,140,1,0,0,0,0,0,0,0,0,0.0,5.02916698255,18.662499205350027,0.0,707.1077880859375,707.1077880859375,OM,-0.1700000017881393,0.1954581466942441,9.496034,45.239166,40.66513289530601,6.854197317242175,11.464071164163302,0.8515562919602971,0.5443587969876467,7311.2084915734995
SPARSE_363,5,82,0,0,0,0,0,0,0,0,0,0.0,5.02916698255,18.779165871550028,0.0,436.3187561035156,436.3187561035156,OM,-0.3449999988079071,0.1954581466942441,11.31234,16.173755,22.30012502669997,3.3825824455327167,6.879183773985629,0.7834956158751445,0.2451362515851902,4394.3092156315
SPARSE_364,1,282,18,0,0,0,0,0,0,0,0,0.0,5.02916698255,21.22083252845003,0.0,1503.78076171875,1503.78076171875,OM,-0.0020000000949949,0.2305991576436656,13.982311,168.590141,126.8637749705278,24.362426190632434,25.884511277334123,1.149489160768674,0.0311566845041684,16412.05569644284
SPARSE_365,23,82,0,0,0,0,0,0,0,0,0,0.0,5.02083364925,20.412499198350027,0.0,524.2750244140625,524.2750244140625,OM,-0.4819999933242798,0.2163097313149591,7.042891,38.842181,33.81393354689712,5.920912475125122,8.004905078641142,0.99532889196448,0.009188479127833,5108.923287326499
SPARSE_366,45,35,0,0,0,0,0,0,0,0,0,0.0,5.01250031595,18.76249920495003,0.0,402.4288940429687,402.4288940429687,OM,-0.6779999732971191,0.1954581466942441,9.152424,12.934066,17.935790812267207,2.7055980210057515,5.579622062379447,0.7754288933658524,0.1826642445655453,3577.4276882491663
SPARSE_367,3,63,0,0,0,0,0,0,0,0,0,0.0,5.004166982649999,20.012499199950028,0.0,333.59564208984375,333.59564208984375,OM,-0.2949999868869781,0.2163097313149591,7.652008,12.390023,16.361929947668703,2.3337549016329304,5.232113086224831,0.7619897891050779,0.019521666492482,3342.7088615035
SPARSE_368,0,61,11,0,0,0,0,0,0,0,0,0.0,5.004166982649999,21.29583252815003,0.0,357.23333740234375,357.23333740234375,OM,0.1150000020861625,0.2305991576436656,4.345527,43.494618,33.41643080897934,6.315135665546406,6.788267594694738,1.1489847545233125,0.0523227630681968,4308.584212846337
SPARSE_369,15,47,1,0,0,0,0,0,0,0,0,0.0,4.99583364935,23.89583251775003,0.0,312.6779479980469,312.6779479980469,OM,-0.4142509880010959,0.3301146353518906,5.49346,14.341012,15.346320911997594,2.3761723679465376,4.871677237876907,0.7692705081201491,0.1496018883193135,3108.362197994166
SPARSE_370,232,213,0,0,0,0,0,0,0,0,0,0.0,4.981944760516667,20.024999199900027,0.0,2224.0244140625,370.6707458496094,OM,-0.6600000262260437,0.2163097313149591,25.535229,114.112333,103.7243891771214,17.785056210710646,31.454290890703,0.8102214986539693,0.0296358316946817,20109.441494784325
SPARSE_371,19,66,0,0,0,0,0,0,0,0,0,0.0,4.987500316049999,20.42916586495003,0.0,425.5038146972656,425.5038146972656,OM,-0.4828095214352721,0.2163097313149591,6.842647,22.209486,21.972293808201027,3.7160256184727976,6.476372128245878,0.8150248741939631,0.5585522881633191,4131.426441877833
SPARSE_372,30,37,0,0,0,0,0,0,0,0,0,0.0,4.97916698275,20.545832531150023,0.0,333.0560607910156,333.0560607910156,OM,-0.621999979019165,0.2163097313149591,4.241776,23.747183,20.597981590329457,3.614672824035554,4.832314196816996,1.0030821334504427,0.0056108955928096,3084.252676637333
SPARSE_373,121,300,0,0,0,0,0,0,0,0,0,0.0,4.9666669828,17.929165874950026,0.0,2102.604736328125,1051.3023681640625,OM,-0.5289999842643738,0.2135640497082448,34.194069,258.52964,208.57516042953412,38.38753010018915,31.592241197907207,1.472178313864876,0.0526644249569662,20154.30181316083
SPARSE_374,47,22,0,0,0,0,0,0,0,0,0,0.0,4.970833649449999,20.079165866350028,0.0,344.5256042480469,344.5256042480469,OM,-0.7490000128746033,0.2163097313149591,5.059096,15.904889,15.962171619343852,2.59968880863681,4.671792278206977,0.8271919456342268,0.0054141532714701,2991.6406055664984
SPARSE_375,24,66,0,0,0,0,0,0,0,0,0,0.0,4.970833649449999,20.11249919955003,0.0,451.4923095703125,451.4923095703125,OM,-0.5170000195503235,0.2163097313149591,5.885892,33.033222,28.67238433824392,5.0270785922697065,6.781317888182379,0.9958288096093578,0.00770988358054,4329.930350682
SPARSE_376,76,290,0,0,0,0,0,0,0,0,0,0.0,4.9583336495,21.206249195175022,0.0,1828.808349609375,457.20208740234375,OM,-0.460999995470047,0.2305991576436656,17.273144,112.216519,94.97526749662374,15.84953736529678,27.988688842231245,0.8147015381176012,2.2655089670428494,17856.083059919998
SPARSE_377,0,89,3,0,0,0,0,0,0,0,0,0.0,4.96250031615,20.145832532750028,0.0,464.7399291992187,464.7399291992187,OM,-0.0350000001490116,0.2163097313149591,6.726531,37.431589,32.56214865890758,5.7010574311607725,7.654652734259684,1.0026996191982191,0.0091457824286132,4877.796829927668
SPARSE_378,18,53,0,0,0,0,0,0,0,0,0,0.0,4.96250031615,20.47916586475003,0.0,352.777099609375,352.777099609375,OM,-0.503000020980835,0.2163097313149591,4.611513,18.85069,17.60043687648811,2.840237805919767,5.3574143575191995,0.7923270866007643,0.3145059306286893,3426.5370139126667
SPARSE_379,0,70,2,0,0,0,0,0,0,0,0,0.0,4.9541669828499995,20.454165864850022,0.0,363.9541320800781,363.9541320800781,OM,-0.0560000017285347,0.2163097313149591,5.152748,21.618809,20.03839312421269,3.25672216925015,5.95010649780894,0.8089921422737381,0.4074974133585873,3797.660365555334
SPARSE_380,7,67,0,0,0,0,0,0,0,0,0,0.0,4.94583364955,15.704165883850028,0.0,371.5145263671875,371.5145263671875,OM,-0.3030000030994415,0.2649349232022477,10.303881,13.623659,19.409569030837783,2.989068173062158,5.821861624383357,0.8027412227239711,0.2948501589879884,3706.1854181481667
SPARSE_381,54,341,1,0,0,0,0,0,0,0,0,0.0,4.9375003162499995,15.85138810548336,0.0,1982.5966796875,660.8655395507812,OM,-0.3580000102519989,0.2649349232022477,29.74448,94.02643,94.6589602004846,15.019917117866036,30.959214810775755,0.7544918696620174,1.121604253637286,19700.189762364662
SPARSE_382,0,57,3,0,0,0,0,0,0,0,0,0.0,4.94583364955,17.129165878150026,0.0,301.8218994140625,301.8218994140625,OM,-0.0410000011324882,0.2494307140802241,4.245938,19.866099,17.68531347099917,3.080029766977463,5.093257007038303,0.8500023692393593,0.0050267560816684,3240.409393117001
SPARSE_383,21,45,0,0,0,0,0,0,0,0,0,0.0,4.94583364955,17.64583254275003,0.0,327.03912353515625,327.03912353515625,OM,-0.531000018119812,0.2501343624972278,5.952219,13.409841,15.443241589811722,2.3780241607640966,4.921421842083381,0.7708808145672966,0.0490373085162821,3136.2924999924994
SPARSE_384,14,56,0,0,0,0,0,0,0,0,0,0.0,4.91250031635,17.620832542850028,0.0,350.2177429199219,350.2177429199219,OM,-0.4359999895095825,0.2501343624972278,6.844953,14.414635,17.005699301147665,2.598355831450459,5.371825631963255,0.77582173535301,0.0617400667072435,3421.2389590703333
SPARSE_385,0,71,12,0,0,0,0,0,0,0,0,0.0,4.90416698305,15.845832549950028,0.0,415.2901611328125,415.2901611328125,OM,0.0750000029802322,0.2649349232022477,12.766203,18.316416,25.002172517136483,3.908860497148928,7.750337637213777,0.7837619538469607,0.4059002305425961,4928.205460615672
SPARSE_386,0,72,3,0,0,0,0,0,0,0,0,0.0,4.90416698305,21.329165861350027,0.0,375.307861328125,375.307861328125,OM,-0.050000000745058,0.2305991576436656,6.574526,22.090165,22.07379003371464,3.510912982846112,6.304012576040162,0.8418530755352548,0.2180269252490319,4007.9347541220013
SPARSE_387,36,30,0,0,0,0,0,0,0,0,0,0.0,4.90416698305,22.945832521550027,0.0,339.2911376953125,339.2911376953125,OM,-0.6970000267028809,0.4183195351390903,4.443882,15.113877,14.8878941914627,2.370051773762717,4.626644221563012,0.7790540653956968,0.2081871660979308,2964.278865399999
SPARSE_388,7,88,1,0,0,0,0,0,0,0,0,0.0,4.895833649749999,15.820832550050028,0.0,479.9976806640625,479.9976806640625,OM,-0.2578000038862228,0.2649349232022477,10.44968,17.895535,22.87625307664121,3.3085014714533436,7.678471187752599,0.7378071873465913,0.0074201660763466,4888.658597321168
SPARSE_389,4,59,1,0,0,0,0,0,0,0,0,0.0,4.88750031645,15.962499216150029,0.0,317.7920837402344,317.7920837402344,OM,-0.2430000007152557,0.2649349232022477,4.766076,16.032793,15.901452494166596,2.5372185901859647,5.166913377546256,0.7594213044929777,0.1844571938099783,3285.6738874290004
SPARSE_390,63,640,1,0,0,0,0,0,0,0,0,0.0,4.869643173664286,21.333927766092884,0.0,3518.050048828125,502.5785827636719,OM,-0.3389999866485595,0.2305991576436656,35.569374,353.424245,272.8163164235371,51.168222312325696,55.59170201898094,1.1415119426302296,0.7374770614850079,35356.835660911835
SPARSE_391,14,87,0,0,0,0,0,0,0,0,0,0.0,4.87083364985,18.67083253865003,0.0,503.6020812988281,503.6020812988281,OM,-0.4329999983310699,0.1954581466942441,5.204434,33.595564,28.018895648593855,5.049240414477531,7.883748768263039,0.8710862429400089,0.008943891496096,5007.458038480667
SPARSE_392,107,201,0,0,0,0,0,0,0,0,0,0.0,4.85416698325,21.229165861750023,0.0,1539.072509765625,513.024169921875,OM,-0.5580000281333923,0.2305991576436656,38.856786,54.315469,75.62264136349657,12.080564593263045,22.732768156210177,0.7981786508479048,1.555333527325015,14532.823485876164
SPARSE_393,40,27,0,0,0,0,0,0,0,0,0,0.0,4.862500316549999,21.25416586165003,0.0,337.69671630859375,337.69671630859375,OM,-0.7059999704360962,0.2305991576436656,2.45847,32.210203,23.973200505029265,4.637249117213766,4.664665850994715,1.193566476017153,0.0059618372076002,2969.5769202423326
SPARSE_394,33,45,1,0,0,0,0,0,0,0,0,0.0,4.845833649949999,22.97916585475003,0.0,397.79888916015625,397.79888916015625,OM,-0.5698181864890185,0.4183195351390903,5.206616,20.00707,19.132927302166443,3.084096470367571,5.82142421364463,0.7943736581911677,0.296114092480886,3720.6395548884993
SPARSE_395,26,129,0,0,0,0,0,0,0,0,0,0.0,4.833333649999999,18.65416587205003,0.0,773.3729248046875,386.68646240234375,OM,-0.4600000083446502,0.1954581466942441,19.046178,60.134346,59.39946630698951,10.7891342126556,12.028214111952645,1.1316536299821116,1.1382892526558364,7632.938430424667
SPARSE_396,44,46,1,0,0,0,0,0,0,0,0,0.0,4.83750031665,22.945832521550027,0.0,454.8074035644531,454.8074035644531,OM,-0.6359999775886536,0.4183195351390903,5.970458,24.548844,22.911562507550904,3.7294382130699577,6.580488873855098,0.8301771584825252,0.42703770693825,4208.516511658
SPARSE_397,27,36,1,0,0,0,0,0,0,0,0,0.0,4.83750031665,23.087499187650028,0.0,318.3221435546875,318.3221435546875,OM,-0.5730000138282776,0.4183195351390903,4.269102,16.830439,15.811701782670218,2.526357943622654,4.72501541292368,0.8033582506631279,0.2757823810475852,3021.9196477205
SPARSE_398,44,17,0,0,0,0,0,0,0,0,0,0.0,4.83750031665,23.220832520450028,0.0,316.8067932128906,316.8067932128906,AS,-0.9110000133514404,0.4183195351390903,4.414716,15.226181,14.90241667268696,2.4532701165831594,4.11686305086952,0.8714730836779544,0.0090608518076201,2623.890944110999
SPARSE_399,33,39,1,0,0,0,0,0,0,0,0,0.0,4.83750031665,23.237499187050027,0.0,368.19683837890625,368.19683837890625,AS,-0.6079999804496765,0.4183195351390903,5.876595,20.161502,19.761834257214755,3.251457377771668,5.4155186301949785,0.8799913208848383,0.0092890070828611,3440.628699654
SPARSE_400,5,63,1,0,0,0,0,0,0,0,0,0.0,4.8291669833499995,16.020832549250027,0.0,343.493408203125,343.493408203125,OM,-0.2578000038862228,0.2649349232022477,3.945653,20.459332,18.216484966958777,3.0312433323222305,5.554524935615586,0.7983840758614549,0.3481496149675797,3530.048098791168
SPARSE_401,182,129,0,0,0,0,0,0,0,0,0,0.0,4.82083365005,21.20416586185003,0.0,1555.9716796875,518.6572265625,OM,-0.6980000138282776,0.2305991576436656,34.333908,55.877462,72.34156608097848,11.44677675691146,21.588654298549283,0.8011642575378882,1.4024928224806117,13826.260385114663
SPARSE_402,9,187,1,0,0,0,0,0,0,0,0,0.0,4.8291669833499995,21.34583252795003,0.0,987.7115478515624,987.7115478515624,OM,-0.2630000114440918,0.2305991576436656,27.106392,36.852496,52.09516065749521,8.139100409747774,15.720459237157389,0.7967985393579778,0.9115117451110332,10033.727543475834
SPARSE_403,134,60,0,0,0,0,0,0,0,0,0,0.0,4.82083365005,18.05833254110003,0.0,971.3944091796876,485.69720458984375,OM,-0.7549999952316284,0.2135640497082448,23.056387,30.739188,43.7607837720194,6.6200545398353805,13.076945484509096,0.7982240101130101,0.595865478567885,8390.006199971665
SPARSE_404,5,168,0,0,0,0,0,0,0,0,0,0.0,4.8083336501,18.112499207550027,0.0,866.5308837890625,433.2654418945313,OM,-0.2409999966621399,0.2135640497082448,8.291312,91.166287,69.25033700539177,13.23274216002496,13.872693633939363,1.1670100462717232,0.0171288913795585,8794.787952060167
SPARSE_405,46,59,1,0,0,0,0,0,0,0,0,0.0,4.81250031675,22.870832521850023,0.0,534.2293701171875,534.2293701171875,OM,-0.5799999833106995,0.4183195351390903,8.219939,24.393474,24.954067996657205,3.9237021555114335,7.746345933283937,0.7806943920278969,0.3280709352871398,4953.106721383999
SPARSE_406,58,3,0,0,0,0,0,0,0,0,0,0.0,4.80416698345,20.81249919675003,0.0,304.93048095703125,304.93048095703125,OM,-0.996999979019165,0.2163097313149591,3.560381,14.561986,13.572826400169028,2.227027254640063,3.825480068898546,0.8407088464508352,0.2432199743525682,2456.1504143293314
SPARSE_407,11,58,0,0,0,0,0,0,0,0,0,0.0,4.79583365015,20.40416586505003,0.0,343.57147216796875,343.57147216796875,OM,-0.4309999942779541,0.2163097313149591,4.449516,19.550103,17.90028591486979,2.944508221746682,5.329805928981187,0.8080373901154934,0.3530710903794957,3404.473328588499
SPARSE_408,0,71,0,0,0,0,0,0,0,0,0,0.0,4.79583365015,21.74583252635003,0.0,354.5709533691406,354.5709533691406,OM,-0.1739999949932098,0.163724125692516,4.79926,22.069718,20.158792564271877,3.3050137594608913,5.694854554804058,0.8433884836222499,0.3987158255222296,3632.953375423666
SPARSE_409,12,57,0,0,0,0,0,0,0,0,0,0.0,4.78750031685,21.15416586205003,0.0,345.19390869140625,345.19390869140625,OM,-0.4288799974229186,0.2305991576436656,4.213572,17.842997,16.520819452659346,2.7108126229191414,5.3148693714067745,0.7622660384701746,0.269685365407155,3393.0057529489995
SPARSE_410,18,77,0,0,0,0,0,0,0,0,0,0.0,4.77916698355,18.62916587215003,0.0,478.1026611328125,478.1026611328125,OM,-0.4769999980926513,0.1954581466942441,11.674371,19.128585,24.407740906888428,4.000588106354649,7.298544835058308,0.8055796625448031,0.511196378574689,4654.577591520667
SPARSE_411,10,48,5,0,0,0,0,0,0,0,0,0.0,4.77916698355,22.86249918855003,0.0,314.83258056640625,314.83258056640625,OM,-0.2300000041723251,0.4183195351390903,5.508384,18.607636,18.658634444623697,2.9612881102279363,5.345837267891158,0.8418280308519374,0.1568407986467523,3392.7773416543346
SPARSE_412,54,173,0,0,0,0,0,0,0,0,0,0.0,4.770833650249999,16.724999213100027,0.0,1133.8751220703125,566.9375610351562,OM,-0.4600000083446502,0.2649349232022477,10.320899,115.757862,87.78359488254775,16.786084557187863,17.33177525903365,1.180867313581268,0.0207008186112213,10995.968045342664
SPARSE_413,39,136,10,0,0,0,0,0,0,0,0,0.0,4.7666669835999995,22.84583252195003,0.0,928.754638671875,464.3773193359375,OM,-0.3149999976158142,0.4183195351390903,22.329878,35.505654,46.84254174545717,6.681902649595187,15.026193400172502,0.7610449321079338,0.0687632029423738,9586.603832777837
SPARSE_414,6,79,1,0,0,0,0,0,0,0,0,0.0,4.76250031695,15.929165882950029,0.0,427.2723693847656,427.2723693847656,OM,-0.2578000038862228,0.2649349232022477,4.565384,27.651966,23.62717306618933,4.131103127578779,6.92019684157106,0.8381272711974359,0.1544851570160423,4388.442598957334
SPARSE_415,26,83,0,0,0,0,0,0,0,0,0,0.0,4.76250031695,18.15416587405003,0.0,546.7742309570312,546.7742309570312,OM,-0.4974285683461598,0.2135640497082448,11.622013,19.314727,24.904620019260395,3.5985587143815265,8.256628035657442,0.741649119058559,0.0090177666463637,5279.193990009333
SPARSE_416,26,96,0,0,0,0,0,0,0,0,0,0.0,4.750000317,20.88333252980003,0.0,609.6034545898438,304.8017272949219,OM,-0.4909999966621399,0.1974245806891539,7.614938,36.993323,33.346963208212046,5.519445388354681,9.320768501565134,0.852511905285748,0.6199570600206087,5944.382636213667
SPARSE_417,6,81,0,0,0,0,0,0,0,0,0,0.0,4.74583365035,18.17083254065003,0.0,437.1911926269531,437.1911926269531,OM,-0.3330000042915344,0.2135640497082448,6.00797,33.462237,29.09355839371711,5.095988934303983,6.88506520717095,0.9982284821783984,0.008244246014919,4382.841639992001
SPARSE_418,106,79,0,0,0,0,0,0,0,0,0,0.0,4.737500317049999,17.220832544450026,0.0,927.7694702148438,927.7694702148438,OM,-0.6940000057220459,0.2494307140802241,10.904823,46.577963,43.106324626192155,7.197375585693633,12.915102984503104,0.811189808592632,0.3973917193495384,8250.583101274664
SPARSE_419,97,23,0,0,0,0,0,0,0,0,0,0.0,4.737500317049999,18.620832538850028,0.0,603.1390380859375,603.1390380859375,OM,-0.8180000185966492,0.1954581466942441,9.466934,21.680085,24.397588996099383,3.8082777766887186,7.850901379621092,0.7576950657259385,0.2984433826496716,5027.848051008497
SPARSE_420,25,46,0,0,0,0,0,0,0,0,0,0.0,4.737500317049999,21.08749919565003,0.0,352.0333557128906,352.0333557128906,OM,-0.5619999766349792,0.2305991576436656,3.265268,21.264812,18.035223418432864,3.0832660442294917,5.242350771150462,0.8275399493236753,0.3682399129971907,3346.263984436166
SPARSE_421,83,48,0,0,0,0,0,0,0,0,0,0.0,4.7333336504,22.674999189300028,0.0,672.6119995117188,336.3059997558594,OM,-0.7990000247955322,0.4183195351390903,11.528609,25.286793,28.94599931794433,4.342919177685835,8.972154134199066,0.778282378238313,0.2465236402393746,5751.246041365164
SPARSE_422,18,56,4,0,0,0,0,0,0,0,0,0.0,4.737500317049999,22.71249918915003,0.0,389.87548828125,389.87548828125,OM,-0.3470000028610229,0.4183195351390903,5.142348,41.900186,33.45084752907134,6.189386391925013,6.326719068600118,1.2204622645164938,0.0087107602824629,4011.792781177668
SPARSE_423,62,83,2,0,0,0,0,0,0,0,0,0.0,4.7333336504,22.783332522200027,0.0,739.0715942382812,369.5357971191406,OM,-0.5720000267028809,0.4183195351390903,11.85811,36.68443,37.57354850138298,5.880251440310942,10.871864549192315,0.8304062025040234,0.3538693403310651,6924.297480931333
SPARSE_424,22,69,0,0,0,0,0,0,0,0,0,0.0,4.72916698375,18.179165873950023,0.0,451.0324096679687,451.0324096679687,OM,-0.4974285683461598,0.2135640497082448,6.14528,33.721767,29.431326712455913,5.142888770179223,6.909731389060733,1.003339220281811,0.0077430922597091,4404.033859361332
SPARSE_425,12,54,0,0,0,0,0,0,0,0,0,0.0,4.72916698375,21.07083252905003,0.0,329.50537109375,329.50537109375,OM,-0.4359999895095825,0.2305991576436656,3.365861,20.425148,17.530280270066136,2.9785983245436474,5.077356680224193,0.8297105949468508,0.3569311119347158,3239.500680748
SPARSE_426,49,62,0,0,0,0,0,0,0,0,0,0.0,4.72916698375,21.40416586105003,0.0,552.4549560546875,552.4549560546875,OM,-0.6179999709129333,0.2083995974008294,11.172132,18.588766,24.20765804276833,3.5127683010800173,7.992763371356168,0.742374347174501,0.0512607650163399,5117.7764651014995
SPARSE_427,15,47,0,0,0,0,0,0,0,0,0,0.0,4.7208336504499995,18.612499205550023,0.0,310.3251037597656,310.3251037597656,OM,-0.5127777780095736,0.1954581466942441,5.243282,15.345103,15.687692215589646,2.5855305680839784,4.707539624840826,0.805042867771719,0.308112892893697,3000.424524228166
SPARSE_428,22,53,0,0,0,0,0,0,0,0,0,0.0,4.71250031715,21.187499195250027,0.0,376.110107421875,376.110107421875,OM,-0.5429999828338623,0.1974245806891539,7.163871,13.092751,16.22132115117852,2.3817956181219824,5.598694095087099,0.7189911484620282,0.0052039907990821,3585.3401409559997
SPARSE_429,34,81,0,0,0,0,0,0,0,0,0,0.0,4.71250031715,21.33749919465003,0.0,570.83740234375,570.83740234375,OM,-0.5239999890327454,0.2305991576436656,7.721331,36.380795,32.16066421437552,5.636396994707163,8.598978029911418,0.8994443865945252,0.0086241951399546,5494.463529295333
SPARSE_430,0,19,55,1,0,0,0,0,0,0,0,0.0,4.7041669838499995,14.720832554450029,0.0,377.7282104492187,377.7282104492187,OM,0.5759999752044678,0.3375442166019814,14.313083,31.791191,36.192075232148184,5.535024680941937,11.63261544659176,0.7376803507104456,0.0125667112101454,7704.464085649023
SPARSE_431,54,172,0,0,0,0,0,0,0,0,0,0.0,4.7000003172,18.187499207250028,0.0,1129.71337890625,564.856689453125,OM,-0.4974285683461598,0.2135640497082448,27.735682,40.052808,54.88397914366193,8.62454752287114,17.145615647840614,0.7759522425839249,0.9385327510415056,10944.799687942334
SPARSE_432,0,71,1,0,0,0,0,0,0,0,0,0.0,4.7041669838499995,21.170832528650028,0.0,363.3878479003906,363.3878479003906,OM,-0.0560000017285347,0.1974245806891539,7.092496,13.704,16.746669760424574,2.46027700804025,5.856194676433095,0.7136173294674699,0.0054527764450992,3740.8910491896672
SPARSE_433,15,74,0,0,0,0,0,0,0,0,0,0.0,4.68750031725,21.287499194850028,0.0,443.1370849609375,443.1370849609375,OM,-0.4230000078678131,0.2305991576436656,4.360887,33.39822,26.935348898397496,4.954597407590735,6.888320825592118,0.9426353892852096,0.006667549825897,4381.9701740371665
SPARSE_434,6,73,0,0,0,0,0,0,0,0,0,0.0,4.67916698395,15.804165883450027,0.0,395.8665161132813,395.8665161132813,OM,-0.2860000133514404,0.2528304296984365,9.054096,31.025991,30.128222901197567,5.523030322727136,6.269978919156496,1.1098357714821698,0.5277533682767385,3973.4947807893336
SPARSE_435,3,113,0,0,0,0,0,0,0,0,0,0.0,4.67916698395,18.19583254055003,0.0,578.0629272460938,578.0629272460938,OM,-0.221000000834465,0.2135640497082448,15.904384,21.743055,30.526528731925623,4.792300257555287,9.255456306967584,0.794649477937656,0.5582313598165762,5901.126731520167
SPARSE_436,106,191,0,0,0,0,0,0,0,0,0,0.0,4.675000317299999,18.574999205700028,0.0,1487.13427734375,743.567138671875,OM,-0.5770000219345093,0.1954581466942441,18.50794,84.200021,75.92772165987385,13.09575307291192,21.902761759806538,0.8450788400700697,0.0216096085559917,13981.439130111996
SPARSE_437,30,35,0,0,0,0,0,0,0,0,0,0.0,4.67916698395,21.22083252845003,0.0,325.8602294921875,325.8602294921875,OM,-0.6320000290870667,0.1974245806891539,3.405665,18.2224,16.011444929743018,2.714687162764603,4.664778163178415,0.8269855826022554,0.2439535542733242,2981.9159618366657
SPARSE_438,183,124,0,0,0,0,0,0,0,0,0,0.0,4.662500317349999,18.23958254037503,0.0,1531.5296630859375,382.8824157714844,OM,-0.7009999752044678,0.2135640497082448,13.164772,104.955221,84.28381511413419,15.52776396492546,21.370842492236346,0.9484220828576976,0.0210577295224779,13610.11937987383
SPARSE_439,16,49,0,0,0,0,0,0,0,0,0,0.0,4.67083365065,20.912499196350023,0.0,324.73779296875,324.73779296875,OM,-0.515999972820282,0.1974245806891539,3.543024,19.347462,16.98857678891395,2.8372083893860083,4.931146853260727,0.8270780079789624,0.361019256553559,3142.4620207896664
SPARSE_440,22,52,0,0,0,0,0,0,0,0,0,0.0,4.65416698405,21.25416586165003,0.0,367.6125183105469,367.6125183105469,OM,-0.5450000166893005,0.1974245806891539,3.466113,26.999574,21.69721060274444,4.0005925849159825,5.552055915598679,0.9418577845795832,0.0053613369658536,3534.1717835556665
SPARSE_441,255,171,0,0,0,0,0,0,0,0,0,0.0,4.645833650749999,18.270832540250023,0.0,2134.791015625,711.5969848632812,OM,-0.7020000219345093,0.2135640497082448,17.879416,145.559515,116.45707051372364,21.502140556907705,29.636238485345725,0.9458487737906224,0.0338697137607718,18873.488464469494
SPARSE_442,6,63,0,0,0,0,0,0,0,0,0,0.0,4.645833650749999,18.554165872450028,0.0,345.71466064453125,345.71466064453125,OM,-0.3810000121593475,0.1954581466942441,3.60531,26.434476,21.53560900903757,3.933764747243621,5.445231693374572,0.9512236699541184,0.0054890988501277,3461.811206786
SPARSE_443,25,54,0,0,0,0,0,0,0,0,0,0.0,4.645833650749999,21.92916585895003,0.0,397.1161193847656,397.1161193847656,OM,-0.531000018119812,0.2430293766450495,6.260682,16.913555,17.92360482977595,2.7850314921681947,5.869091467314365,0.7492112658367559,0.1666913269395887,3755.6108436388326
SPARSE_444,6,60,0,0,0,0,0,0,0,0,0,0.0,4.63750031745,21.279165861550027,0.0,327.72930908203125,327.72930908203125,OM,-0.3659999966621399,0.2083995974008294,7.71045,12.163537,16.049014582573577,2.557571133148875,5.178778325730731,0.7578682633447325,0.2511351887064609,3308.3061345849997
SPARSE_445,64,56,0,0,0,0,0,0,0,0,0,0.0,4.629166984149999,18.545832539150027,0.0,601.1474609375,601.1474609375,OM,-0.6639999747276306,0.1954581466942441,14.411542,19.567345,27.57494332225357,4.294564185017498,8.442226498222324,0.7853165724023062,0.4603231286715345,5406.2780471119995
SPARSE_446,1,294,5,0,0,0,0,0,0,0,0,0.0,4.62083365085,20.954165862850022,0.0,1495.1806640625,498.3935546875,OM,-0.0729999989271164,0.1974245806891539,21.318469,83.618342,78.33119152378843,13.22264863842681,24.538613624049077,0.790873514449491,0.116256953806092,15622.886226288834
SPARSE_447,55,5,0,0,0,0,0,0,0,0,0,0.0,4.62083365085,20.695832530550028,0.0,300.05926513671875,300.05926513671875,OM,-0.9319999814033508,0.1974245806891539,6.691303,8.995717,12.689292421711013,2.007304282949088,3.795122792887312,0.7964342680373687,0.2556680061465072,2439.3847838474985
SPARSE_448,50,74,15,0,0,0,0,0,0,0,0,0.0,4.6125003175499995,18.33333254000003,0.0,712.399658203125,356.1998291015625,OM,-0.4490000009536743,0.6400336044944506,17.132824,26.533227,35.49376260306284,5.117927939086754,11.56060785590892,0.7509344849098881,0.0792092126554196,7390.5626421563375
SPARSE_449,14,66,0,0,0,0,0,0,0,0,0,0.0,4.6125003175499995,21.895832525750027,0.0,401.1432189941406,401.1432189941406,OM,-0.4580000042915344,0.2083995974008294,4.900029,22.35336,20.32546039337721,3.3454099202180414,6.161619582334896,0.7975975539409637,0.388289365361659,3932.9225330736667
SPARSE_450,32,109,0,0,0,0,0,0,0,0,0,0.0,4.5958336509499995,18.53749920585003,0.0,702.2620849609375,702.2620849609375,OM,-0.5009999871253967,0.1954581466942441,7.473013,44.386069,37.67295924359439,6.714654189549669,10.747014021296916,0.8572950988330271,0.030967432069201,6847.7759729829995
SPARSE_451,74,156,0,0,0,0,0,0,0,0,0,0.0,4.57083365105,20.937499196250027,0.0,1151.54931640625,383.8497619628906,OM,-0.5569999814033508,0.1974245806891539,24.095437,44.818867,55.19689066457306,8.690383873648793,17.07586205312162,0.7841946047306002,0.5824177222328749,10920.121604753664
SPARSE_452,15,35,11,0,0,0,0,0,0,0,0,0.0,4.57083365105,18.52083253925003,0.0,307.6779479980469,307.6779479980469,OM,-0.2300000041723251,0.6400336044944506,3.81798,21.517818,18.471891329570305,3.270739917337387,5.620274063429222,0.8153247627601823,0.0132692099202473,3573.7186468501704
SPARSE_453,375,497,87,2,0,0,0,0,0,0,0,0.0,4.543750317824999,18.46145753948753,0.0,4964.5751953125,620.5718994140625,OM,-0.5090000033378601,0.6400336044944506,52.279631,387.701261,314.37834331380486,57.64846209264036,79.66458483353678,0.9378711532743688,0.0801399677689781,51300.430881745524
SPARSE_454,23,40,9,0,0,0,0,0,0,0,0,0.0,4.554166984449999,18.51249920595003,0.0,365.8897705078125,365.8897705078125,OM,-0.375,0.6400336044944506,4.08576,23.851838,20.331586336462692,3.6132994967775023,6.177348095700393,0.8158092284144708,0.0182201063680895,3931.2913404065025
SPARSE_455,18,53,0,0,0,0,0,0,0,0,0,0.0,4.554166984449999,20.604165864250028,0.0,355.9464416503906,355.9464416503906,OM,-0.5210000276565552,0.1974245806891539,4.408596,21.110244,18.638099114244245,3.2645610900564663,5.363504659801581,0.8475858316402419,0.0052970379952608,3426.5370139126667
SPARSE_456,36,242,0,0,0,0,0,0,0,0,0,0.0,4.54583365115,20.687499197250027,0.0,1385.848876953125,461.9496154785156,OM,-0.4250000119209289,0.1974245806891539,17.778305,105.212895,89.25375368760187,15.931489980529271,21.658705486411325,0.9781895759854996,0.0264344025404151,13811.970634270665
SPARSE_457,18,182,0,0,0,0,0,0,0,0,0,0.0,4.537500317849999,21.90972141458336,0.0,998.5338134765624,332.8446044921875,OM,-0.367000013589859,0.2083995974008294,10.555168,62.177848,53.662555690813704,9.02388237811846,15.72785156203166,0.8204494703909524,1.1934597025654674,10027.255118555666
SPARSE_458,11,34,14,1,0,0,0,0,0,0,0,0.0,4.537500317849999,18.48749920605003,0.0,301.4593505859375,301.4593505859375,OM,-0.1019999980926513,0.6400336044944506,4.637959,32.834234,26.851662006015577,4.899219366619663,6.579304400580512,0.9106868380336556,0.0068848188564745,4483.253421617174
SPARSE_459,10,61,0,0,0,0,0,0,0,0,0,0.0,4.537500317849999,20.74583253035003,0.0,351.936767578125,351.936767578125,OM,-0.4317307675687166,0.1974245806891539,4.676263,21.940375,19.54837119812905,3.398123348771891,5.514736708105739,0.8613130691377872,0.0171635368951791,3518.2776190286663
SPARSE_460,18,118,0,0,0,0,0,0,0,0,0,0.0,4.537500317849999,20.76666586360003,0.0,680.2479248046875,340.12396240234375,OM,-0.4317307675687166,0.1974245806891539,8.580933,42.926858,37.69243081353832,6.607631804678527,10.586863507446578,0.8658092871183836,0.0104616268607761,6752.480244934333
SPARSE_461,8,53,0,0,0,0,0,0,0,0,0,0.0,4.537500317849999,20.845832529950027,0.0,306.3924560546875,306.3924560546875,OM,-0.4317307675687166,0.1974245806891539,6.177336,12.058483,14.712043305106388,2.1815550603552585,4.735723302892332,0.7593556171823994,0.0359274547991982,3029.529196304333
SPARSE_462,31,29,0,0,0,0,0,0,0,0,0,0.0,4.537500317849999,21.43749919425003,0.0,301.8646545410156,301.8646545410156,OM,-0.6589999794960022,0.2083995974008294,2.860353,28.191662,21.731579723683897,4.095665331597115,4.250733395682556,1.17915532435316,0.0325446977176738,2714.606599195499
SPARSE_463,20,164,0,0,0,0,0,0,0,0,0,0.0,4.52916698455,20.874999196500028,0.0,920.357421875,460.1787109375,OM,-0.4059999883174896,0.1974245806891539,15.252732,48.430859,48.80506208966513,7.716208573833259,14.397354241341183,0.8155192405208701,0.6043433587899707,9185.626248871335
SPARSE_464,58,33,0,0,0,0,0,0,0,0,0,0.0,4.52916698455,20.937499196250027,0.0,450.65325927734375,450.65325927734375,OM,-0.718999981880188,0.1974245806891539,4.310127,51.179795,38.55986522289804,7.404347168951031,6.257808760191465,1.3936956865109444,0.0098044637976086,3991.201136339332
SPARSE_465,43,28,0,0,0,0,0,0,0,0,0,0.0,4.52916698455,21.637499193450022,0.0,351.65875244140625,351.65875244140625,OM,-0.7059999704360962,0.2083995974008294,2.742024,34.184952,25.56777304722404,4.9325235590648,4.931772405765549,1.202026674427096,0.0059776125875755,3139.8476229251655
SPARSE_466,18,73,2,0,0,0,0,0,0,0,0,0.0,4.520833651249999,14.904165887050029,0.0,458.7915954589844,458.7915954589844,OM,-0.3540000021457672,0.3375442166019814,11.966444,21.588486,26.522899497731743,3.91788416274468,7.328921777061152,0.8607797257359037,0.071836336200832,4665.779509451333
SPARSE_467,34,60,14,0,0,0,0,0,0,0,0,0.0,4.520833651249999,18.51249920595003,0.0,551.0093994140625,551.0093994140625,OM,-0.3740000128746032,0.6400336044944506,5.472706,44.798013,35.73970949802003,6.615134421755049,9.337455785803702,0.9283631687786388,0.0089744140191465,5931.055456612337
SPARSE_468,3,61,0,0,0,0,0,0,0,0,0,0.0,4.520833651249999,21.137499195450022,0.0,320.95635986328125,320.95635986328125,OM,-0.3319999873638153,0.1974245806891539,7.556649,13.881185,16.969640929784994,2.8278889694557856,5.087488876611384,0.80689325394643,0.3429292370703222,3240.372146702833
SPARSE_469,1,83,5,0,0,0,0,0,0,0,0,0.0,4.51250031795,17.26249921095003,0.0,442.0095520019531,442.0095520019531,OM,-0.050000000745058,0.2494307140802241,5.656532,28.600823,25.314957932949017,4.229682837248223,7.584181456494884,0.8074144427396169,0.5510676902767471,4826.362814818502
SPARSE_470,184,385,107,4,0,0,0,0,0,0,0,0.0,4.489881270421429,18.530356348735744,0.0,3452.322265625,493.18890380859375,OM,-0.2809999883174896,0.6400336044944506,74.09226,206.504769,213.99643629175384,35.398162811794194,63.404556574428725,0.792580967131782,2.297421572480836,41736.86548773438
SPARSE_471,95,179,45,1,0,0,0,0,0,0,0,0.0,4.49583365135,18.48472142828336,0.0,1630.2264404296875,543.4088134765625,OM,-0.3339999914169311,0.6400336044944506,18.393526,139.287922,112.36232092899168,20.680523842793956,28.749739019199644,0.9273691451844008,0.0281565360605546,18583.598799321517
SPARSE_472,42,257,0,0,0,0,0,0,0,0,0,0.0,4.47916698475,21.273610306016696,0.0,1493.744873046875,497.9149475097656,AS,-0.4350000023841858,0.1974245806891539,24.601635,117.065826,105.09257366295245,18.1167331735188,23.646026483700364,1.0415218068722312,0.0284204670615448,15018.852041241002
SPARSE_473,27,111,0,0,0,0,0,0,0,0,0,0.0,4.4666669848,20.991665862700028,0.0,692.4495849609375,346.22479248046875,OM,-0.481000006198883,0.1974245806891539,17.582514,25.025884,34.42968887345182,5.527935925217682,10.579142731584332,0.7859650923462194,0.7273929918994384,6751.608778979501
SPARSE_474,2,134,1,0,0,0,0,0,0,0,0,0.0,4.4666669848,21.895832525750027,0.0,680.7688598632812,340.3844299316406,AS,-0.1899999976158142,0.2083995974008294,17.472644,31.860817,39.41795621860939,6.174016944054591,11.290326486289166,0.8406489536675298,0.4468560255543355,7152.151499294001
SPARSE_475,24,281,414,83,2,0,0,0,0,0,0,0.0,4.444643175364286,18.494642063164314,0.0,4022.26416015625,574.6091918945312,OM,0.5509999990463257,0.6400336044944506,296.538821,472.766129,611.317773664733,90.56672113344102,158.2668463433118,0.7095945629786172,2.521351215399106,128762.4165548476
SPARSE_476,35,53,11,0,0,0,0,0,0,0,0,0.0,4.46250031815,18.554165872450028,0.0,505.3196716308594,505.3196716308594,OM,-0.4370000064373016,0.6400336044944506,4.846082,40.043483,31.913537578485265,5.909595080111507,8.325966199744855,0.929468183617795,0.0078509409455961,5288.764715272837
SPARSE_477,16,62,0,0,0,0,0,0,0,0,0,0.0,4.46250031815,20.97083252945003,0.0,390.6626281738281,390.6626281738281,OM,-0.4869999885559082,0.1974245806891539,9.93666,14.109515,19.42065451867635,3.11806682697994,5.966328058938573,0.786023021392019,0.4123854312920788,3807.6506669939995
SPARSE_478,37,24,0,0,0,0,0,0,0,0,0,0.0,4.45416698485,21.02083252925003,0.0,305.7083435058594,305.7083435058594,OM,-0.7049999833106995,0.1974245806891539,3.452091,29.276227,23.15129824741844,4.313292514453599,4.235858430867918,1.2520170468094904,0.005735079627121,2696.9695027588323
SPARSE_479,1,76,0,0,0,0,0,0,0,0,0,0.0,4.45416698485,21.137499195450022,0.0,387.40716552734375,387.40716552734375,OM,-0.1930000036954879,0.1974245806891539,6.575981,29.451529,26.88975504104034,4.588493569338648,6.165332682325426,1.0206401467335364,0.0079229276171139,3928.495944186167
SPARSE_480,24,44,0,0,0,0,0,0,0,0,0,0.0,4.445833651549999,17.28749921085003,0.0,336.16900634765625,336.16900634765625,OM,-0.5540000200271606,0.2494307140802241,3.538265,19.678093,17.14173073585807,2.872672543908105,5.026362987389905,0.8192931722075439,0.399495381073358,3204.2264878746664
SPARSE_481,0,20,95,62,5,0,0,0,0,0,0,0.0,4.429166984949999,18.56249920575003,0.0,911.211181640625,911.211181640625,OM,1.1330000162124634,0.6400336044944506,116.912842,244.568274,283.61274910630635,42.7706011319146,70.78347675324147,0.6266670063742713,0.903956565195462,67366.81109940783
SPARSE_482,2,70,0,0,0,0,0,0,0,0,0,0.0,4.429166984949999,21.08749919565003,0.0,364.5289001464844,364.5289001464844,OM,-0.2860000133514404,0.1974245806891539,4.635602,37.946089,30.19299670171343,5.603496169141856,5.773266244367707,1.2094185572385676,0.0075090203132444,3661.186581545
SPARSE_483,1,80,0,0,0,0,0,0,0,0,0,0.0,4.429166984949999,21.12916586215003,0.0,406.8378601074219,406.8378601074219,OM,-0.2220000028610229,0.1974245806891539,5.320509,23.899628,21.87414524157868,3.5593798553139333,6.4789388656762315,0.8120235215112331,0.4094305842796124,4133.169373787501
SPARSE_484,98,195,52,2,0,0,0,0,0,0,0,0.0,4.416666985,18.47083253945003,0.0,1758.3455810546875,879.1727905273438,OM,-0.3050000071525574,0.6400336044944506,25.469955,123.361584,109.14621194034316,19.017862324875125,32.103777784635575,0.8093323101462773,0.1843298252855599,21072.651817284022
SPARSE_485,1,63,0,0,0,0,0,0,0,0,0,0.0,4.42083365165,21.920832525650027,0.0,323.1090087890625,323.1090087890625,AS,-0.209999993443489,0.2083995974008294,5.066619,25.980778,23.084652740389046,3.989115807867288,5.22745517967024,1.038205225981402,0.0062000827207562,3313.9948941040007
SPARSE_486,82,157,56,4,0,0,0,0,0,0,0,0.0,4.4083336517,18.591665872300027,0.0,1527.980712890625,763.9903564453125,OM,-0.2630000114440918,0.7158279617754639,34.003706,100.383024,102.0536807703966,16.490287117976283,30.129904880239923,0.771160726795653,0.1685764682701589,20516.178898787355
SPARSE_487,4,60,0,0,0,0,0,0,0,0,0,0.0,4.40416698505,21.104165862250028,0.0,322.0099182128906,322.0099182128906,OM,-0.3429999947547912,0.1974245806891539,4.169201,18.618645,17.05509786939127,2.7763146178288154,5.060319813254763,0.8107807932708957,0.3186733158165272,3228.904571063333
SPARSE_488,100,269,96,4,0,0,0,0,0,0,0,0.0,4.383333651799999,18.49374920602503,0.0,2368.6826171875,592.170654296875,OM,-0.1560000032186508,0.6400336044944506,47.138466,263.548351,228.7640290120961,40.12115036053598,47.072914728726886,1.0759442531681134,0.0611993393399682,31279.15594995971
SPARSE_489,43,225,0,0,0,0,0,0,0,0,0,0.0,4.390278096216667,21.12916586215003,0.0,1340.8939208984375,446.9646301269531,OM,-0.453000009059906,0.1974245806891539,17.224412,76.879586,70.11098089081386,11.62379772431141,20.696582629153013,0.8123766146454212,1.6245469173506308,13220.014030790831
SPARSE_490,24,52,0,0,0,0,0,0,0,0,0,0.0,4.38750031845,21.962499192150027,0.0,379.4454956054687,379.4454956054687,AS,-0.5460000038146973,0.2083995974008294,8.028859,16.132829,19.337753517500637,2.9764862356633977,5.7503796464494545,0.8153881159044187,0.1139163102883441,3651.9750197159997
SPARSE_491,51,81,17,0,0,0,0,0,0,0,0,0.0,4.3791669851499995,18.674999205300026,0.0,762.7620849609375,381.3810424804687,OM,-0.4169999957084656,0.6400336044944506,11.082292,47.018742,43.31530560067501,7.081936053440404,12.540177529493834,0.8248701428460922,0.963288999086806,8004.317273251506
SPARSE_492,22,35,7,0,0,0,0,0,0,0,0,0.0,4.3791669851499995,18.712499205150028,0.0,329.45050048828125,329.45050048828125,OM,-0.4160000085830688,0.6400336044944506,4.795455,17.586643,16.88785739480145,2.754859364254028,5.358804842628489,0.772716363314078,0.1970087191415209,3419.8734241120023
SPARSE_493,205,518,245,22,0,0,0,0,0,0,0,0.0,4.368055874083333,18.640276983216697,0.0,5015.44970703125,1671.8165283203125,OM,-0.0939999967813491,0.7158279617754639,237.922268,269.783541,411.5822490294276,65.95130381312518,112.34870103566595,0.7845422606608636,11.11297414214808,78593.8507010923
SPARSE_494,28,170,0,0,0,0,0,0,0,0,0,0.0,4.366666985199999,21.15416586205003,0.0,986.881103515625,493.4405517578125,OM,-0.4359999895095825,0.1974245806891539,10.692374,61.585924,53.62643661093258,8.989299533392066,15.381623906617513,0.8346196793223479,1.1429255641258336,9810.24264736
SPARSE_495,14,39,14,1,0,0,0,0,0,0,0,0.0,4.3625003185499995,18.479165872750027,0.0,339.4849548339844,339.4849548339844,OM,-0.1560000032186508,0.6400336044944506,7.164788,40.882408,35.296673006150556,6.211391579481118,7.123119234855241,1.066235578356083,0.0096223171978805,4858.197553901341
SPARSE_496,315,601,152,5,0,0,0,0,0,0,0,0.0,4.34083365197,18.497499206010023,0.0,5462.68310546875,1092.53662109375,OM,-0.3269999921321869,0.6400336044944506,59.161219,475.727957,380.0842871611066,70.33557228885444,97.80306933087874,0.9175549126949156,0.0939860287830253,63642.92165425823
SPARSE_497,34,48,0,0,0,0,0,0,0,0,0,0.0,4.34583365195,21.729165859750022,0.0,413.1545715332031,413.1545715332031,OM,-0.6039999723434448,0.2083995974008294,5.846337,29.15549,26.05642428721674,4.489198648794611,5.9593200377988085,1.021659857891166,0.007272417034492,3805.9077350843327
SPARSE_498,16,62,0,0,0,0,0,0,0,0,0,0.0,4.34583365195,21.74583252635003,0.0,392.8101806640625,392.8101806640625,OM,-0.47944443879856,0.2083995974008294,5.8176,28.814625,25.801264646347008,4.440191411028512,5.969959975198399,1.0129866061885011,0.0070154455367289,3807.6506669939995
SPARSE_499,33,36,0,0,0,0,0,0,0,0,0,0.0,4.33750031865,17.19583254455003,0.0,347.7439270019531,347.7439270019531,OM,-0.6370000243186951,0.2494307140802241,3.149194,19.762493,16.973479054522155,2.862970047650468,4.945738006703384,0.8255722363477225,0.355331342373521,3152.186664519499
SPARSE_500,3,275,1,0,0,0,0,0,0,0,0,0.0,4.333333651999999,21.183332528600022,0.0,1393.4664306640625,696.7332153320312,AS,-0.1909999996423721,0.1974245806891539,12.491513,163.613741,121.73862545049562,23.55764114169662,23.007846292413017,1.2346557997939247,0.0291142811426994,14520.217893552004
SPARSE_501,31,117,0,0,0,0,0,0,0,0,0,0.0,4.333333651999999,21.63333252680003,0.0,739.4689331054688,369.7344665527344,OM,-0.47944443879856,0.2083995974008294,10.45056,39.76848,37.57134185326144,6.289511660480095,11.301223976023724,0.8122993773046826,0.1321698799322576,7217.4220504248315
SPARSE_502,0,64,1,0,0,0,0,0,0,0,0,0.0,4.33750031865,21.670832526650027,0.0,326.7151184082031,326.7151184082031,OM,-0.0979999974370002,0.2083995974008294,8.491831,12.384195,16.96551110977822,2.652268270131174,5.30277619514731,0.7769497025813855,0.2511570811244377,3382.7125473873334
SPARSE_503,316,1058,472,27,0,0,0,0,0,0,0,0.0,4.31250031875,18.479999206080027,0.0,9422.01171875,942.201171875,OM,-0.0480000004172325,0.6400336044944506,131.325953,1018.225194,817.1799628425096,150.92374961093498,206.2875003095214,0.8992304994100739,0.2082512681291679,139111.8686071702
SPARSE_504,15,53,0,0,0,0,0,0,0,0,0,0.0,4.32916698535,21.779165859550027,0.0,335.5638122558594,335.5638122558594,OM,-0.4860000014305115,0.2083995974008294,4.45481,18.122379,16.889755785352797,2.8567113028412785,5.181965143532465,0.8028241962232378,0.0047452211385737,3307.434668630166
SPARSE_505,13,56,0,0,0,0,0,0,0,0,0,0.0,4.320833652049999,17.904165875050026,0.0,343.48345947265625,343.48345947265625,OM,-0.4329999983310699,0.240243551166617,3.968199,21.330292,18.764072144757876,3.186649262962449,5.304957309575227,0.8503199279427349,0.2660311571896089,3381.5381773095
SPARSE_506,19,50,18,1,0,0,0,0,0,0,0,0.0,4.320833652049999,18.44583253955003,0.0,437.8601379394531,437.8601379394531,OM,-0.1599999964237213,0.6400336044944506,5.663859,44.529375,35.643032871945735,6.594522855859488,9.051935008218962,0.9028205026220762,0.009144126704925,6051.304089173175
SPARSE_507,133,99,9,0,0,0,0,0,0,0,0,0.0,4.31250031875,18.391665873100028,0.0,1311.33203125,655.666015625,OM,-0.7979999780654907,0.6400336044944506,33.879222,40.190918,59.8018491846253,9.69314324253107,17.706052493465084,0.8056135999995928,1.6213806010159524,11317.310420717833
SPARSE_508,136,101,10,0,0,0,0,0,0,0,0,0.0,4.3083336521,18.412499206350027,0.0,1334.32470703125,667.162353515625,OM,-0.7979999780654907,0.6400336044944506,10.900254,89.225309,71.31232508129058,13.175779363841604,18.306625404726756,0.9401405765233636,0.0177696834009985,11646.687154567002
SPARSE_509,4,45,64,12,0,0,0,0,0,0,0,0.0,4.31250031875,18.51249920595003,0.0,630.1373291015625,630.1373291015625,OM,0.5270000100135803,0.6400336044944506,43.801596,63.328261,86.87956853545285,13.230689914645984,23.700053867174685,0.6921707069862052,0.9016981234018596,18917.709186034386
SPARSE_510,2,102,0,0,0,0,0,0,0,0,0,0.0,4.31250031875,21.17916586195003,0.0,520.0389404296875,520.0389404296875,AS,-0.2450000047683715,0.1974245806891539,4.62366,60.518926,45.03631955659264,8.714163162689545,8.524143014844494,1.2328364323015326,0.010861876391342,5380.583172776001
SPARSE_511,31,119,0,0,0,0,0,0,0,0,0,0.0,4.31250031875,21.695832526550028,0.0,752.370849609375,752.370849609375,OM,-0.4799999892711639,0.2083995974008294,13.106178,33.361935,36.02641733566871,5.603721070486101,11.45576591792176,0.7673783383608686,0.3620847249216167,7319.758765225498
SPARSE_512,9,54,0,0,0,0,0,0,0,0,0,0.0,4.31250031875,21.854165859250028,0.0,312.74810791015625,312.74810791015625,AS,-0.4259999990463257,0.2083995974008294,4.764569,17.492311,17.127033254241965,2.730365364270306,4.995169270681888,0.8327590874438359,0.1313776033341986,3162.6376420770002
SPARSE_513,6,57,0,0,0,0,0,0,0,0,0,0.0,4.31250031875,22.47916585675003,0.0,317.2515563964844,317.2515563964844,AS,-0.3310000002384186,0.2430293766450495,9.425106,11.894469,17.135914321597326,2.7184323556893233,5.040029201569694,0.8158363138032727,0.3901606436901619,3199.9058832210003
SPARSE_514,10,153,1,0,0,0,0,0,0,0,0,0.0,4.3000003188,17.391665877100028,0.0,818.2904663085938,409.1452331542969,OM,-0.2639999985694885,0.2494307140802241,17.378422,35.98232,42.101208228135334,6.331342154926384,13.058021373959216,0.7831411933069936,0.2303295248645077,8333.704173625334
SPARSE_515,10,58,0,0,0,0,0,0,0,0,0,0.0,4.304166985449999,17.454165876850027,0.0,340.7900390625,340.7900390625,OM,-0.3876363672316074,0.2494307140802241,6.282209,17.648526,18.211877333493117,2.990753316680548,5.2744440951168725,0.8242234366864902,0.4454525455276021,3364.772546827666
SPARSE_516,42,81,21,1,0,0,0,0,0,0,0,0.0,4.304166985449999,18.53749920585003,0.0,733.0986328125,733.0986328125,OM,-0.31700000166893,0.6400336044944506,16.663816,40.264558,44.23118659933256,6.991403938451055,13.413587046636462,0.7714400257871067,0.3756361429905363,8874.454170380675
SPARSE_517,10,64,0,0,0,0,0,0,0,0,0,0.0,4.304166985449999,21.212499195150027,0.0,373.1634521484375,373.1634521484375,AS,-0.4317307675687166,0.1974245806891539,9.055555,15.250493,19.520637196615077,3.123414309844974,5.8642889731547845,0.80756917200575,0.2952928229867584,3721.942927102
SPARSE_518,14,54,0,0,0,0,0,0,0,0,0,0.0,4.304166985449999,21.879165859150028,0.0,340.64862060546875,340.64862060546875,AS,-0.47944443879856,0.2083995974008294,5.047657,18.531457,18.14069262777977,2.889181484502015,5.304165381554238,0.8304600248118423,0.1395278488703415,3360.4002850520005
SPARSE_519,23,53,0,0,0,0,0,0,0,0,0,0.0,4.29583365215,17.337499210650027,0.0,381.53515625,381.53515625,OM,-0.5199999809265137,0.2494307140802241,4.085331,21.118615,18.791986360753192,3.1223012946890885,5.689516956641539,0.8000356082789178,0.3816314616854753,3625.0409227168334
SPARSE_520,52,56,8,0,0,0,0,0,0,0,0,0.0,4.29583365215,18.454165872850027,0.0,610.1314697265625,610.1314697265625,OM,-0.6140000224113464,0.6400336044944506,8.467979,46.635722,40.66288854691217,7.109145000601873,9.07446115930501,1.0451699220416135,0.0111190780360912,5793.370056110002
SPARSE_521,101,160,0,0,0,0,0,0,0,0,0,0.0,4.287500318849999,21.473610305216695,0.0,1305.73681640625,435.24560546875,OM,-0.5889999866485596,0.2083995974008294,30.384709,44.392684,60.57716698319633,9.503750863694965,19.06305979594436,0.770262535728968,0.9615089754898356,12196.7161418975
SPARSE_522,34,43,0,0,0,0,0,0,0,0,0,0.0,4.29583365215,22.304165857450027,0.0,387.6121520996094,387.6121520996094,AS,-0.6119999885559082,0.2430293766450495,9.34815,13.997879,18.845688675448457,2.956416964373908,5.617692334166992,0.8070003450345522,0.3039192710550714,3579.7228248789993
SPARSE_523,37,49,0,0,0,0,0,0,0,0,0,0.0,4.29583365215,22.545832523150025,0.0,428.9884338378906,428.9884338378906,OM,-0.6079999804496765,0.2430293766450495,11.343115,14.515438,20.863563908736783,3.3928429286163553,6.225432827353237,0.8028402803051274,0.5181299508430868,3976.178437767166
SPARSE_524,6,87,1,0,0,0,0,0,0,0,0,0.0,4.287500318849999,17.05416587845003,0.0,467.2365417480469,467.2365417480469,OM,-0.2610000073909759,0.2494307140802241,11.474086,18.438526,24.20114434511529,3.840505527646719,7.527070551285441,0.7816375964347549,0.3683537290860473,4797.789458160001
SPARSE_525,64,82,0,0,0,0,0,0,0,0,0,0.0,4.287500318849999,22.34166585730003,0.0,730.9512939453125,365.47564697265625,OM,-0.6100000143051147,0.2430293766450495,16.837455,26.52781,34.82068018517502,5.602261780310684,10.536356948506697,0.7957410779731736,0.6420755346091865,6736.655339520665
SPARSE_526,81,66,0,0,0,0,0,0,0,0,0,0.0,4.27916698555,21.508332527300027,0.0,736.830078125,368.4150390625,OM,-0.675000011920929,0.2083995974008294,11.537527,30.359636,32.38152709986196,5.051134825760997,10.29273241848462,0.7646871728754174,0.4038180901066658,6592.874911049498
SPARSE_527,2,64,0,0,0,0,0,0,0,0,0,0.0,4.2708336522499994,21.545832527150026,0.0,332.5767822265625,332.5767822265625,OM,-0.2630000114440918,0.2083995974008294,8.827764,12.354657,17.193402759706373,2.6442021709222145,5.252559639382613,0.7891749196345879,0.2439781334793859,3354.176437143
SPARSE_528,61,9,0,0,0,0,0,0,0,0,0,0.0,4.2708336522499994,22.02083252525003,0.0,347.4739074707031,347.4739074707031,OM,-0.8889999985694885,0.2083995974008294,2.936415,32.087052,24.378532952172986,4.659280452672177,4.516224203526724,1.2400375154029497,0.005856588436972,2882.2629040138318
SPARSE_529,71,63,0,0,0,0,0,0,0,0,0,0.0,4.2708336522499994,22.27083252425003,0.0,669.9019165039062,669.9019165039062,AS,-0.6679999828338623,0.2430293766450495,7.326446,38.513973,33.49814405023302,5.898637040894599,9.56238753072698,0.8573469063649346,0.00929924324045,6082.671895753998
SPARSE_530,61,78,13,0,0,0,0,0,0,0,0,0.0,4.26250031895,18.47083253945003,0.0,793.2344360351562,793.2344360351562,OM,-0.5260000228881836,0.6400336044944506,11.512625,63.285481,55.21039186008656,9.649523436255585,12.24742580316472,1.0508071476021923,0.0148672573866596,7816.0693235948365
SPARSE_531,11,61,0,0,0,0,0,0,0,0,0,0.0,4.26250031895,22.220832524450028,0.0,361.49066162109375,361.49066162109375,AS,-0.3989999890327453,0.2430293766450495,4.229186,23.811578,20.356773969477285,3.622374264912646,5.679906818492058,0.8761893636285585,0.0057964592103988,3605.5696287680003
SPARSE_532,7,58,0,0,0,0,0,0,0,0,0,0.0,4.26250031895,22.237499191050027,0.0,328.2716064453125,328.2716064453125,AS,-0.3479999899864197,0.2430293766450495,3.860893,21.741653,18.588883794829155,3.307636775945666,5.187030923325899,0.8764741110887329,0.0050414872392677,3291.433687459
SPARSE_533,5,56,0,0,0,0,0,0,0,0,0,0.0,4.26250031895,22.420832523650027,0.0,306.4634704589844,306.4634704589844,AS,-0.3109999895095825,0.2430293766450495,3.668032,19.652537,17.331654793309585,2.891381573339508,4.90021669939242,0.8485069711532005,0.3667206816878317,3108.3780789830007
SPARSE_534,23,52,16,1,0,0,0,0,0,0,0,0.0,4.2541669856499995,18.495832539350022,0.0,462.7587890625,462.7587890625,OM,-0.2367199996113777,0.6400336044944506,8.927726,50.880136,43.96832923072495,7.7314214141184765,9.06724129467966,1.0616888927313433,0.0118137627506392,6096.568583485175
SPARSE_535,80,19,0,0,0,0,0,0,0,0,0,0.0,4.24583365235,22.545832523150025,0.0,495.8327331542969,495.8327331542969,AS,-0.859000027179718,0.2430293766450495,7.986573,20.445403,21.831761267576983,3.5273814407392776,6.4931116475834525,0.8069476296390908,0.4055398552057616,4151.732524816998
SPARSE_536,0,67,5,0,0,0,0,0,0,0,0,0.0,4.22916698575,15.787499216850028,0.0,364.0334777832031,364.0334777832031,OM,-0.0170000009238719,0.2528304296984365,10.142779,14.650839,19.96230742532795,3.078955027759672,6.237911947814278,0.7789449508999303,0.2673177212310756,3967.968314652335
SPARSE_537,14,53,0,0,0,0,0,0,0,0,0,0.0,4.22916698575,22.07083252505003,0.0,335.51611328125,335.51611328125,OM,-0.4480714281754834,0.2430293766450495,4.014209,34.325058,27.129605343749702,5.054205685803457,5.150020802047318,1.2169572729299962,0.0068759348737535,3267.733886869333
SPARSE_538,80,232,0,0,0,0,0,0,0,0,0,0.0,4.2180558746833325,15.740276994816696,0.0,1562.32373046875,520.7745971679688,OM,-0.4830000102519989,0.2528304296984365,23.07042,158.636661,129.40431394421714,23.722637374143243,23.68721244617071,1.2516459212355509,0.033208544756702,15047.121457743997
SPARSE_539,23,111,0,0,0,0,0,0,0,0,0,0.0,4.212500319149999,17.84999920860003,0.0,670.0928955078125,335.04644775390625,OM,-0.4180000126361847,0.240243551166617,15.439664,51.940257,50.677333016642706,9.28048229653016,10.37067913585546,1.1214766076620244,0.9282414037516248,6592.805651936167
SPARSE_540,1,75,3,0,0,0,0,0,0,0,0,0.0,4.20416698585,22.45416585685003,0.0,395.81488037109375,395.81488037109375,AS,-0.0780000016093254,0.2430293766450495,9.370291,20.32488,23.09666323376148,3.712048193691353,6.721994840797557,0.8260509900648308,0.4785343831323687,4262.776719646002
SPARSE_541,20,45,0,0,0,0,0,0,0,0,0,0.0,4.195833652549999,15.229165885750028,0.0,327.6284484863281,327.6284484863281,OM,-0.4839999973773956,0.3375442166019814,6.002175,32.778016,27.90053378611589,5.0011880954836485,4.872334773648909,1.2993379291037186,0.0075665001698746,3096.5917182316657
SPARSE_542,34,44,0,0,0,0,0,0,0,0,0,0.0,4.18750031925,18.23749920705003,0.0,393.05517578125,393.05517578125,OM,-0.6110000014305115,0.240243551166617,5.091532,27.775933,24.304373520706537,4.238531274513695,5.644233997213555,1.0111390763915027,0.0078647448571397,3601.2343054829994
SPARSE_543,32,107,0,0,0,0,0,0,0,0,0,0.0,4.1750003193,22.47499919010003,0.0,693.2666015625,346.63330078125,AS,-0.4690000116825104,0.2430293766450495,7.80869,43.812823,37.571166645719714,6.667774294956009,10.767180061359491,0.8582189416475929,0.0101578684845574,6827.035408841001
SPARSE_544,4,56,0,0,0,0,0,0,0,0,0,0.0,4.162500319349999,17.19583254455003,0.0,303.17303466796875,303.17303466796875,OM,-0.2770000100135803,0.2494307140802241,7.711841,13.103223,16.714201759965484,2.3973537085110164,4.737656626267097,0.8364088340114875,0.1062907649428256,3024.231141462001
SPARSE_545,139,29,0,0,0,0,0,0,0,0,0,0.0,4.1583336527,18.020832541250027,0.0,840.623779296875,420.3118896484375,OM,-0.878000020980835,0.240243551166617,8.739345,35.548766,33.546410664365396,5.474115358048231,10.93681232017835,0.7535103813127366,0.431714099124026,7002.291029365496
SPARSE_546,3,75,1,0,0,0,0,0,0,0,0,0.0,4.162500319349999,22.187499191250023,0.0,397.23590087890625,397.23590087890625,AS,-0.2300000041723251,0.2430293766450495,7.328568,32.066481,29.431264921491675,5.010128643069915,6.507328115703456,1.0573310001414904,0.0082713120839599,4125.162764952001
SPARSE_547,5,75,1,0,0,0,0,0,0,0,0,0.0,4.1458336527499995,16.02916588255003,0.0,403.1595458984375,403.1595458984375,OM,-0.2524999994784593,0.2528304296984365,5.039824,24.761449,22.098094699337437,3.755110509894235,6.526404673056584,0.8261808241774798,0.2428131609464678,4144.068387595166
SPARSE_548,3,67,11,0,0,0,0,0,0,0,0,0.0,4.13750031945,15.112499219550028,0.0,402.5491638183594,402.5491638183594,OM,-0.0240000002086162,0.3375442166019814,10.426734,37.489496,36.034628317025536,6.606062862762457,7.476108117605542,1.1148415753149514,0.5711092370653933,4734.696702530838
SPARSE_549,0,38,25,0,0,0,0,0,0,0,0,0.0,4.13750031945,15.645832550750027,0.0,318.5893859863281,318.5893859863281,OM,0.289000004529953,0.2528304296984365,11.076122,18.236423,23.234144878078578,3.817378363808377,7.307568443809216,0.7778833676184362,0.4591687762897838,4642.839425362677
SPARSE_550,3,79,1,0,0,0,0,0,0,0,0,0.0,4.13750031945,22.420832523650027,0.0,412.1777038574219,412.1777038574219,AS,-0.2189999967813491,0.2430293766450495,10.678569,16.406956,22.008942305556,3.3842747419452843,6.82845745389725,0.7857565401356972,0.263375466656863,4333.063867524001
SPARSE_551,10,55,0,0,0,0,0,0,0,0,0,0.0,4.12916698615,17.14583254475003,0.0,323.7359924316406,323.7359924316406,OM,-0.3876363672316074,0.2494307140802241,4.047264,19.526747,17.473605624699243,2.9596420794236145,5.041546396590181,0.8386527271516524,0.195833944740078,3211.267474626667
SPARSE_552,7,88,0,0,0,0,0,0,0,0,0,0.0,4.12916698615,18.24583254035003,0.0,472.125732421875,472.125732421875,OM,-0.2930000126361847,0.240243551166617,6.571747,36.511162,31.79272839893741,5.561676040366069,7.511525414642761,0.9996338702015054,0.0084452952519398,4780.720923555165
SPARSE_553,18,60,0,0,0,0,0,0,0,0,0,0.0,4.11250031955,17.112499211550027,0.0,392.9400634765625,392.9400634765625,OM,-0.4679999947547912,0.2494307140802241,4.725267,22.745425,20.360977671445937,3.4483457854039616,5.939718779535354,0.8309296261986717,0.230286619234889,3784.715515714999
SPARSE_554,12,88,4,0,0,0,0,0,0,0,0,0.0,4.104166986249999,15.145832552750027,0.0,520.9210205078125,520.9210205078125,OM,-0.2520000040531158,0.3375442166019814,11.869547,42.627955,41.01954025393787,7.509992353169863,8.544731745353497,1.111041536444658,0.6447352206163318,5410.975527423334
SPARSE_555,36,46,0,0,0,0,0,0,0,0,0,0.0,4.09583365295,15.620832550850029,0.0,411.1392517089844,411.1392517089844,OM,-0.597000002861023,0.3375442166019814,8.092485,16.082457,18.997524850972784,2.940630820896863,5.933690237714359,0.7785020425301427,0.2283152066093353,3782.9725838053328
SPARSE_556,61,66,0,0,0,0,0,0,0,0,0,0.0,4.09583365295,18.229165873750027,0.0,635.4341430664062,635.4341430664062,OM,-0.6370000243186951,0.240243551166617,8.202553,44.849447,39.218360406117334,6.842301322438771,9.076366925689122,1.0127892162543266,0.0103027731415173,5798.859275832831
SPARSE_557,58,167,2,0,0,0,0,0,0,0,0,0.0,4.073611430816666,15.60972143978336,0.0,1137.5848388671875,379.1949462890625,OM,-0.4280000030994415,0.3375442166019814,27.440232,40.685897,55.01009643816895,8.524603327015528,17.374289700139308,0.7722630935231328,0.710953029445643,11063.636375516
SPARSE_558,18,47,0,0,0,0,0,0,0,0,0,0.0,4.070833653049999,17.35416587725003,0.0,320.8984375,320.8984375,OM,-0.4979999959468841,0.2494307140802241,7.775227,12.217763,16.009576445794742,2.5715140734970747,4.888407888681244,0.791375934535471,0.2970389318789562,3119.5268695106665
SPARSE_559,12,157,2,0,0,0,0,0,0,0,0,0.0,4.06250031975,16.149999215400026,0.0,852.51025390625,426.255126953125,OM,-0.2578000038862228,0.2649349232022477,16.717531,40.530688,44.715543747684606,6.783233566436992,13.703896178230224,0.791489616945049,0.3770207032736696,8725.716840514335
SPARSE_560,24,132,0,0,0,0,0,0,0,0,0,0.0,4.0583336531,18.204165873850027,0.0,780.1940307617188,390.0970153808594,OM,-0.4059999883174896,0.240243551166617,10.808634,58.491652,51.284367935027866,8.932208261179364,12.08930037047616,0.9993132294929272,0.0139297510274515,7707.041939104
SPARSE_561,6,92,1,0,0,0,0,0,0,0,0,0.0,4.054166986449999,16.112499215550027,0.0,491.5340881347656,491.5340881347656,OM,-0.2524999994784593,0.2528304296984365,9.694502,23.419706,25.877828485316,3.9248981439282096,7.9369448386507235,0.7910144625814591,0.2174507061583238,5053.631245161667
SPARSE_562,34,235,0,0,0,0,0,0,0,0,0,0.0,4.031944764316667,18.05972142998336,0.0,1345.0994873046875,448.3664855957031,OM,-0.3729999959468841,0.240243551166617,30.538854,49.115583,64.45000328140881,9.230065864662087,20.93480170369315,0.7535053574129819,0.0214552441339046,13374.390568946666
SPARSE_563,11,66,0,0,0,0,0,0,0,0,0,0.0,4.0208336532499995,17.23749921105003,0.0,388.6498107910156,388.6498107910156,OM,-0.3876363672316074,0.2494307140802241,7.686449,19.804422,21.41545326835082,3.2681108963327405,5.976077354558094,0.849019487808358,0.2663011711091291,3813.8201877911665
SPARSE_564,40,38,0,0,0,0,0,0,0,0,0,0.0,3.995833653349999,15.537499217850028,0.0,391.9033508300781,391.9033508300781,AS,-0.6629999876022339,0.3375442166019814,8.565753,12.876984,17.308575999515053,2.6620746916662847,5.598542725554573,0.7596254256167143,0.2060164704070166,3557.1616182339994
SPARSE_565,15,68,0,0,0,0,0,0,0,0,0,0.0,3.98750032005,16.12083254885003,0.0,414.1788330078125,414.1788330078125,OM,-0.414000004529953,0.2528304296984365,4.827318,48.886051,37.418093209679334,7.126779530627017,6.422508939786239,1.332269893081062,0.0089412368364391,4074.960029635167
SPARSE_566,26,34,0,0,0,0,0,0,0,0,0,0.0,3.9791669867499992,16.162499215350028,0.0,300.61090087890625,300.61090087890625,OM,-0.6039999723434448,0.2528304296984365,3.150457,32.210818,24.62643154946606,4.692738164127763,4.363987475897679,1.2943267834879577,0.0064960970129496,2771.944477393
SPARSE_567,5,71,7,0,0,0,0,0,0,0,0,0.0,3.9625003201499993,15.520832551250027,0.0,412.27154541015625,412.27154541015625,AS,-0.1089999973773956,0.3375442166019814,12.018276,17.34977,23.669297158363708,3.63706517061019,7.335230748551898,0.7872841160992793,0.3047619592140804,4646.523755222003
SPARSE_568,91,16,0,0,0,0,0,0,0,0,0,0.0,3.929166986949999,15.120832552850027,0.0,550.015869140625,550.015869140625,OM,-1.003999948501587,0.3375442166019814,7.143203,35.14291,31.55662993826721,5.419170611626141,6.95600069553615,1.0559567079493088,0.008600085370679,4431.464858641164
SPARSE_569,6,48,6,0,0,0,0,0,0,0,0,0.0,3.929166986949999,16.73749921305003,0.0,301.7126770019531,301.7126770019531,OM,-0.1340000033378601,0.389134038430398,8.864968,12.185126,16.980463941184077,2.6606906114399944,5.247060319515548,0.7837034666232533,0.3045105227433606,3341.9118883770016
SPARSE_570,2,69,1,0,0,0,0,0,0,0,0,0.0,3.92083365365,18.14583254075003,0.0,360.3212890625,360.3212890625,OM,-0.1770000010728836,0.240243551166617,6.457992,20.638195,20.715800430890585,3.2694006217772196,5.825081790521789,0.845330982035702,0.3096330760759059,3717.955897910667
SPARSE_571,8,72,9,0,0,0,0,0,0,0,0,0.0,3.912500320349999,16.654165880050027,0.0,448.6137390136719,448.6137390136719,OM,-0.1340000033378601,0.389134038430398,12.570401,18.152493,24.77633340305144,3.9918038025235982,7.813389813911919,0.7726215059174961,0.51532579482092,4973.16705080467
SPARSE_572,10,73,3,0,0,0,0,0,0,0,0,0.0,3.89583365375,15.329165885350028,0.0,428.4167175292969,428.4167175292969,OM,-0.2409999966621399,0.3375442166019814,11.07094,16.289669,22.220724583671817,3.1374083787351066,7.004629716191363,0.7735401986670101,0.0079088288286558,4456.110929130667
SPARSE_573,2,64,1,0,0,0,0,0,0,0,0,0.0,3.87916698715,17.912499208350027,0.0,333.2851867675781,333.2851867675781,OM,-0.2189999967813491,0.240243551166617,9.878108,12.736094,18.5308006430966,2.6091838441839665,5.42381449513386,0.8151396905516896,0.0742856473625493,3462.114110909
SPARSE_574,7,65,0,0,0,0,0,0,0,0,0,0.0,3.87916698715,17.954165874850027,0.0,362.0280151367187,362.0280151367187,OM,-0.335999995470047,0.240243551166617,8.184415,17.588027,20.277179340410335,3.0215627091420263,5.642367835288627,0.8494954938312229,0.2049857617588006,3603.8487033475
SPARSE_575,1,91,2,0,0,0,0,0,0,0,0,0.0,3.8541669872499993,17.845832541950028,0.0,473.046630859375,473.046630859375,OM,-0.123999997973442,0.240243551166617,12.954666,18.118058,25.241409099018913,3.886105104172072,7.698035652437295,0.7915005478023815,0.3332695928230224,4911.896652723167
SPARSE_576,5,55,0,0,0,0,0,0,0,0,0,0.0,3.82916698735,18.03749920785003,0.0,301.3016662597656,301.3016662597656,OM,-0.324999988079071,0.240243551166617,2.753035,23.029584,18.358425709877576,3.3959343676451734,4.748979756720836,0.9370430710434394,0.0046033997710121,3012.7635658225
SPARSE_577,3,65,0,0,0,0,0,0,0,0,0,0.0,3.762500320949999,18.14583254075003,0.0,345.51953125,345.51953125,OM,-0.2529999911785126,0.240243551166617,5.687192,19.324789,18.99350459425896,3.0325755247464876,5.4001819081477755,0.8363729349809629,0.3807315852750749,3445.0455763041664
SPARSE_578,28,47,0,0,0,0,0,0,0,0,0,0.0,3.762500320949999,18.162499207350027,0.0,376.8608093261719,376.8608093261719,OM,-0.5709999799728394,0.240243551166617,4.021937,26.995622,22.161195902311945,4.044740494143174,5.52006388921376,0.9609982315732596,0.0056440965430661,3516.5346871189995
SPARSE_579,39,96,0,0,0,0,0,0,0,0,0,0.0,3.695833654549999,18.52083253925003,0.0,676.5955810546875,676.5955810546875,AS,-0.4830000102519989,0.294557323852941,7.941902,47.875758,40.10535988745111,7.238002752773889,10.295361113829632,0.939886455746255,0.0106943930101692,6532.175076932999
SPARSE_580,37,114,0,0,0,0,0,0,0,0,0,0.0,3.695833654549999,18.55833253910003,0.0,757.5205078125,378.76025390625,AS,-0.4469999969005584,0.294557323852941,21.702911,26.896202,39.4309389703084,5.945083805678369,11.604147619309868,0.8130612538629757,0.592071775217423,7388.624981317
SPARSE_581,46,59,0,0,0,0,0,0,0,0,0,0.0,3.68750032125,18.53749920585003,0.0,527.6270141601562,527.6270141601562,AS,-0.6029999852180481,0.294557323852941,5.943033,35.690262,29.911759614588675,5.3977575819450205,7.689295450050375,0.937399345245652,0.008074790924521,4885.9575783069995
SPARSE_582,7,122,1,0,0,0,0,0,0,0,0,0.0,3.67083365465,18.295832540150027,0.0,646.25341796875,646.25341796875,AS,-0.2599999904632568,0.240243551166617,18.61816,24.597902,35.02909232679018,5.493691446677079,10.59715991100148,0.799105648395773,0.6683095166514583,6726.2108345530005
SPARSE_583,17,144,0,0,0,0,0,0,0,0,0,0.0,3.6375003214499992,17.999999208000027,0.0,807.277099609375,403.6385498046875,OM,-0.3459999859333038,0.240243551166617,11.836113,42.973629,41.21281911780247,6.87659034077786,12.610329672450629,0.8038441165957965,0.0122832389867163,8043.156755582167
SPARSE_584,9,83,2,0,0,0,0,0,0,0,0,0.0,3.6208336548499993,18.595832538950027,0.0,470.6215515136719,470.6215515136719,AS,-0.2720000147819519,0.294557323852941,7.308937,28.946302,27.388063878646033,4.431213082292637,7.693356868222509,0.852236086690496,0.4221725407844755,4886.639647608
SPARSE_585,27,49,0,0,0,0,0,0,0,0,0,0.0,3.59583365495,18.595832538950027,0.0,376.9357299804687,376.9357299804687,AS,-0.5379999876022339,0.294557323852941,3.284988,26.454115,21.224146542248175,3.910778282095435,5.706133378325316,0.9088275555375578,0.0052652388532837,3614.7067785719996
SPARSE_586,1,56,6,0,0,0,0,0,0,0,0,0.0,3.5208336552499997,16.504165880650028,0.0,312.7310791015625,312.7310791015625,OM,-0.0529999993741512,0.3011340913402752,5.242504,21.640464,20.089876740480953,3.271839495066157,5.580300722082926,0.8547472099242847,0.4381690045997981,3552.7548387755023
SPARSE_587,344,104,0,0,0,0,0,0,0,0,0,0.0,3.510416988625,16.03333254920003,0.0,2251.960693359375,562.9901733398438,OM,-0.8709999918937683,0.3011340913402752,19.17689,209.50316,159.13135260742268,30.41891107858976,29.86432753703549,1.2314712136147552,0.0389026668724156,18978.578095361325
SPARSE_588,41,51,0,0,0,0,0,0,0,0,0,0.0,3.4625003221499995,15.495832551350029,0.0,456.9533996582031,456.9533996582031,AS,-0.6060000061988831,0.3011340913402752,7.909283,22.556657,23.462487344505455,3.5853082343979987,6.722600052206768,0.8338224671019221,0.3320084960260663,4272.392730187999
SPARSE_589,43,20,0,0,0,0,0,0,0,0,0,0.0,3.4625003221499995,15.945832549550028,0.0,315.6481018066406,315.6481018066406,OM,-0.7910000085830688,0.3011340913402752,4.477879,14.179503,14.152276198191265,2.3126955156935165,4.278929949198039,0.8050704161604726,0.1102197339292937,2730.5007637224994
SPARSE_590,13,69,1,0,0,0,0,0,0,0,0,0.0,3.45416698885,15.904165883050029,0.0,413.9430236816406,413.9430236816406,OM,-0.3479999899864197,0.3011340913402752,8.11267,18.85841,20.898384728989768,3.2673957785440924,6.523992133200419,0.7842898282400338,0.1044474349166426,4154.664497279833
SPARSE_591,65,9,0,0,0,0,0,0,0,0,0,0.0,3.3958336557499997,15.712499217150029,0.0,376.2677917480469,376.2677917480469,AS,-1.0019999742507937,0.3011340913402752,3.888936,18.136637,16.404918986801018,2.772081291589343,4.771599321781319,0.8348422622535134,0.136831352976961,3038.6918394619984
SPARSE_592,58,100,0,0,0,0,0,0,0,0,0,0.0,3.2416669896999997,16.254165881650028,0.0,790.92333984375,395.461669921875,AS,-0.5450000166893005,0.3011340913402752,17.743901,30.63984,38.7785833997472,6.029751527848694,11.79715196169401,0.7990515015337746,0.4168599098110889,7491.574222809998
SPARSE_593,13,51,0,0,0,0,0,0,0,0,0,0.0,3.1708336566499993,16.05416588245003,0.0,324.544677734375,324.544677734375,OM,-0.3989999890327453,0.3011340913402752,5.146605,17.625742,17.45985640760066,2.795792081440046,4.9225362986924655,0.8527294457577497,0.1598377538707088,3125.696390307833
SPARSE_594,62,29,0,0,0,0,0,0,0,0,0,0.0,3.0125003239500003,16.262499214950026,0.0,454.1767883300781,454.1767883300781,AS,-0.7910000085830688,0.3011340913402752,6.98063,28.785607,26.46346508832191,4.529898801996178,6.215010147812938,1.0009426672954964,0.0073861722545823,3959.5397665369987
SPARSE_595,26,40,0,0,0,0,0,0,0,0,0,0.0,2.9625003241499996,16.262499214950026,0.0,332.0823974609375,332.0823974609375,AS,-0.5699999928474426,0.3011340913402752,3.57527,19.035786,16.733899259138205,2.7929294764273647,4.901124292454803,0.8241584314887453,0.3895738236680576,3107.3767691899993
SPARSE_596,8,82,2,0,0,0,0,0,0,0,0,0.0,2.8875003244500004,16.262499214950026,0.0,458.9210205078125,458.9210205078125,AS,-0.2409999966621399,0.3011340913402752,13.807253,17.599217,25.534118799071013,3.8138760452754568,7.567851058514244,0.8133261809439231,0.3088530029736379,4795.11184337
SPARSE_597,76,24,0,0,0,0,0,0,0,0,0,0.0,2.70416699185,16.09583254895003,0.0,502.6850280761719,502.6850280761719,AS,-0.8579999804496765,0.3011340913402752,9.332956,30.844611,30.002807791051872,5.003161575265392,6.675353173486803,1.043791133397369,0.0087541809193028,4253.398788651998
SPARSE_598,17,73,1,0,0,0,0,0,0,0,0,0.0,2.6375003254499987,16.070832549050028,0.0,455.9710693359375,455.9710693359375,AS,-0.3849999904632568,0.3011340913402752,12.132775,20.903137,26.35662554290213,3.854921939735576,7.206668644615329,0.8707454448121379,0.026284758672315,4574.947613996001
