cat,h_tier1,h_tier2,h_tier3,h_tier4,h_tier5,hospital_1,hospital_2,hospital_3,hospital_4,hospital_5,schools,school_total_demand,lat,lon,distance_grid_km,pop_sum,density,cooling,rwi,rwi_std,pv (kW),battery (kWh),capital_cost (k€),o_and_m_cost (k€),battery_replacement_cost (k€),lcoe (€/kWh),salvage_value (k€),demand_year1_kwh
GHSL_1,0,0,5,151,12,0,0,0,0,0,0,0.0,16.673745010276424,-9.583982709344816,0.03,841.254826545715,2176.43955042252,AY,1.076,0.6978932002927289,110.68925,1663.712459,1211.430410989298,238.21022678450868,131.93206577719965,1.160223963572667,0.2880041573200432,145200.35433794043
GHSL_2,0,0,41,113,1,0,0,0,0,0,3,36000000.0,16.592576873438183,-14.27337540976884,3.53,773.739261627197,1190.34611919041,AY,0.694,0.4535430854908909,256.107288,442.036295,525.4041502823521,78.84351065483541,115.67690001833796,0.515403454931277,6.425668642073963,137677.64092418458
GHSL_5,0,1,108,27,0,0,0,0,0,0,0,0.0,16.335172007847863,-13.936857761433616,0.53,681.410583496094,3308.62142993976,AY,0.253,0.4554841165273114,80.299521,95.633392,145.15005128014263,19.65193281625089,37.09110250102575,0.5856134292627564,0.0514442806886346,36719.70492406228
GHSL_6,0,37,133,1,0,0,0,0,0,0,0,0.0,16.173498684263226,-13.428030543679911,3.77,850.702232837677,6068.55539825139,AY,-0.253,0.5749442848876697,42.63027,70.938996,91.94391729809772,13.212595129678125,26.731777637590252,0.703374269427209,0.0308440429652888,19971.818987430397
GHSL_7,0,16,93,1,0,0,0,0,0,0,0,0.0,16.170995860587624,-13.416215741291238,4.74,552.753324508667,9576.12911036809,AY,-0.177,0.5749442848876697,29.396648,48.27048,62.97788259253185,9.021797098249223,18.138456448952613,0.70016618633771,0.0207463033419145,13712.192763204544
GHSL_10,0,63,74,0,0,0,0,0,0,0,0,0.0,15.745790657215498,-5.567401650709176,11.44,686.310559272766,9228.69766526505,AY,-0.461,0.5359816991574162,10.86091,91.871313,72.73436956687908,13.53757182230498,19.21194339804608,0.8766379146590985,0.0180106926522436,12817.1405041872
GHSL_19,0,150,132,0,0,0,0,0,0,0,0,0.0,15.65490259749152,-5.597729188395718,2.29,1407.55543231964,18917.9929884499,AY,-0.514,0.5359816991574162,52.29404,89.533572,115.15816777245006,16.57485070339618,35.42071319744363,0.7181097994928216,0.0584697894187421,24789.782752869058
GHSL_24,2,102,15,0,0,0,0,0,0,0,0,0.0,15.54279736754715,-6.175472309251039,15.3,592.796535491943,11945.2814148217,AY,-0.836,0.5359816991574162,15.484053,28.543221,35.59939422202647,5.185685180326986,10.77752784874641,0.7577544974112131,0.0169492643628564,7247.079139229506
GHSL_25,0,96,59,0,0,0,0,0,0,0,0,0.0,15.537448364608103,-5.727257604440573,16.73,777.941327095032,9405.65018855074,AY,-0.582,0.5359816991574162,22.407243,55.358703,59.46271161665045,9.449251723490358,18.209280384620733,0.7385406106686861,0.030018342093603,12563.17642850719
GHSL_27,0,4,113,8,0,0,0,0,0,0,0,0.0,15.531345712648635,-12.086039527868165,9.76,626.742505073547,7575.75855280487,AY,0.053,0.2475993142397093,50.214336,84.774794,106.39508950836596,15.75244572077693,25.39388538138383,0.7285516815325059,0.0524603038637607,21567.43947837157
GHSL_32,0,75,35,0,0,0,0,0,0,0,0,0.0,15.13333831944633,-12.185265649617348,0.03,548.34663438797,2756.72978195368,,-0.633,0.398701028302682,26.55932,354.385716,260.56050291576713,50.98326784294772,36.508446573074984,1.1208809344423332,0.0597032916132268,33075.7619958526
GHSL_34,0,0,28,116,1,0,1,0,0,0,2,8662600.0,22.747131276813104,-12.470565832547292,2.47,724.601068496704,3660.52573122861,AY,0.77,0.4739406855737202,268.877809,279.844288,455.8610039098804,59.395506098285175,103.05824311352184,0.5145034585444757,0.8736039708556597,125492.03572060766
GHSL_35,0,0,57,22,0,0,0,0,0,0,0,0.0,16.60803944614509,-7.291775456538538,1.39,393.757973194122,3987.98789898439,AY,0.327,0.2878568899555547,33.843804,68.372105,82.72740209063579,12.160621891002236,26.11611975609901,0.4983369185287983,0.0396845919653451,25860.33605965691
GHSL_36,0,0,0,60,73,0,0,0,0,0,0,0.0,16.160106920851554,-13.492243111208532,1.79,665.01012802124,2780.57278099556,AY,1.545,0.5749442848876697,335.688084,334.523241,562.1774910310666,73.15425240612883,133.41773872548796,0.5168294108885734,0.2024330547602491,158424.6215482978
GHSL_37,0,6,383,57,0,0,0,0,0,0,0,0.0,15.544817411930508,-5.520028448624794,0.35,2229.86261940002,8696.77816935201,AY,0.165,0.5359816991574162,78.997482,1064.012686,782.4947693086608,153.01419765700996,117.04961269969758,1.1463047535395203,0.1832973553406968,97807.01042181747
GHSL_38,0,1,1690,2958,6,0,0,0,0,0,0,0.0,16.61421699044818,-7.26647877131869,1.76,23277.7253624797,3006.74233674559,AY,0.612,0.2878568899555547,3589.690852,6317.714925,8108.140241391326,1160.9952644446246,2423.302999843822,0.4592101376526921,3.92652860918414,2711734.6960000545
GHSL_39,0,19,1099,163,0,0,0,0,0,0,1,12000000.0,15.555234196552531,-5.519949172511535,1.11,6400.869140625,2632.0378313575,AY,0.165,0.5359816991574162,363.024337,1025.009822,1080.328811211223,166.91882907367014,333.2650337975391,0.568905528880452,2.31236156648879,292274.65412328526
GHSL_40,0,258,613,2,0,0,0,0,0,0,0,0.0,15.559324713879546,-5.512818749924177,2.0,4368.55292129517,4126.11434925666,AY,-0.329,0.5359816991574162,131.939986,364.971611,392.53973636891254,60.93434782529465,135.11767397928892,0.6645563690590588,0.1204120049331526,94339.36206963079
GHSL_41,0,10,733,126,0,0,0,0,0,0,0,0.0,15.559268516642287,-5.527837746048768,0.75,4350.33642196655,3811.06684820555,AY,0.19,0.5359816991574162,260.253321,661.001902,734.6177912488131,112.07478353705112,228.02206189855465,0.5686371164109241,0.2231994640467431,201310.85521843514
GHSL_42,0,0,969,4090,35,0,0,0,0,0,9,51286000.0,22.73464741872705,-12.470564370171388,1.54,25469.98306036,5507.53738305434,AY,0.77,0.4739406855737202,8076.035597,7993.10368,13540.250076651935,1750.3923526549256,3059.653836625034,0.5313454619269096,11.806122007238546,3662965.2392594423
GHSL_43,0,0,10,1594,465,0,1,0,0,0,4,38671200.0,16.15071129358147,-13.502854535877283,1.99,10343.4118571281,2623.85557652463,AY,1.283,0.5749442848876697,2923.777834,5067.678989,6350.970226297878,927.4173052098356,1757.5542862487905,0.4600944533390043,3.5226326497570137,2080959.3544192556
GHSL_44,0,0,396,490,1,0,0,0,0,0,0,0.0,20.982410733441547,-17.019575218146468,1.7,4436.48267686367,5031.02114977189,AY,0.547,0.769945441888437,1101.46934,1600.794041,2162.28095200234,309.5825066427317,395.08079425054245,0.6576907339966099,0.9811491914201448,464246.1496614552
GHSL_45,0,8,3914,2504,1,0,0,0,0,0,0,0.0,20.913588558235887,-17.049507698253514,0.79,32133.0660134554,6980.07301648087,AY,0.423,0.4657563125281486,5048.891611,6799.750956,9826.834258133444,1345.5071720224955,2374.0316646342217,0.5523820848276587,4.898407447730711,2611715.1972239297
GHSL_48,0,0,1,150,40,0,1,0,0,0,0,0.0,18.08134597841559,-15.900230617411804,0.62,952.816122531891,1556.54524656465,AY,1.267,0.4630727527393592,155.476331,2167.231383,1583.3379120398129,311.1791858256942,177.45121941982268,1.1056517056747286,0.4808840745605194,199601.31653381974
GHSL_49,0,0,1498,5568,39,0,4,0,0,0,27,122223600.0,18.055560854809432,-15.984982404459128,0.69,35528.415651679,3337.77918958618,AY,0.748,0.4630727527393592,4190.064814,54180.034913,39508.02042504988,7708.183411819851,4547.59238141625,1.0717462180946435,56.097225910348016,5106700.778945431
GHSL_52,0,0,147,6018,631,0,0,0,0,0,9,40830800.0,18.035477308631897,-15.947658867641554,2.95,33984.400636673,6926.60630780727,AY,1.113,0.4630727527393592,4985.956597,62805.745119,46235.728933490434,9020.682036395214,5363.396995475494,1.0653916974646924,37.29738081137725,6046990.927735537
GHSL_53,0,0,1,262,107,0,1,0,0,0,0,0.0,18.135455184832526,-15.951281477735913,3.89,1849.6064081192,7817.07700875784,AY,1.344,0.4630727527393592,324.560718,4504.129673,3288.0478523208094,645.4374030139667,349.5485423852529,1.1609647809244463,2.469426950448095,392808.9965353323
GHSL_54,0,0,84,141,0,0,2,0,0,0,3,36000000.0,18.14758210450536,-15.93482054343422,2.05,1128.3062813282,470.373387314956,AY,0.604,0.4630727527393592,379.768169,553.987309,701.443532668963,95.16544260034992,161.8326537450677,0.4970369719728467,7.990211001666743,193916.75149891555
GHSL_55,0,0,114,15905,4232,0,4,0,0,0,0,0.0,20.958442335463783,-17.034777019210924,0.73,101258.608657002,8912.62486865889,AY,1.267,0.769945441888437,47461.221599,63809.660339,89460.38546453939,12550.122847983635,15889.160385949464,0.6374098957160417,89.87481369338309,19690739.802347735
GHSL_56,0,0,22398,196624,4365,0,34,0,0,0,205,1396387100.0,18.092224397803236,-15.959827358445663,2.14,1116934.48383081,11649.1213758815,AY,0.891,0.4657563125281486,154012.168174,2796874.040459,1595141.2022272756,281283.2018573588,155772.37434495852,1.147083874030098,129360.56819382618,176347744.77985257
GHSL_57,0,0,3936,15140,113,0,3,0,0,0,32,170968200.0,18.004851390955064,-15.963145594202931,2.4,95943.5997261107,5904.54443917889,AY,0.754,0.4630727527393592,11223.648699,142488.783822,104583.80450960176,20388.82249720425,12150.747066586016,1.0690716370221425,142.6071344020346,13604042.84016198
GHSL_58,0,37,711,39,0,0,0,0,0,0,0,0.0,22.746273759186437,-12.453488050193652,1.2,3932.4957638979,2104.46042480868,AY,0.012,0.4739406855737202,300.680763,396.645241,571.2281733498502,78.96880962937834,152.54956830618403,0.6743017559218855,0.2548486939038311,126790.20348333308
GHSL_59,0,48,166,1,0,0,0,0,0,0,0,0.0,22.745916239425004,-12.487444283178815,2.62,1072.99259448051,2084.81666792413,AY,-0.261,0.4739406855737202,59.53634,86.447184,118.3024693351244,16.726805415894372,33.13441720112461,0.7218277997398193,0.052235537184223,24812.07843472474
GHSL_60,0,0,119,49,0,0,0,0,0,0,0,0.0,22.722417265228984,-12.486805576193012,0.28,840.226044535637,2357.53660082951,AY,0.341,0.4739406855737202,131.158735,136.672734,225.26899924126857,29.430969543528903,54.080887928503394,0.5813524978228717,0.1041001180520986,56567.08824009968
GHSL_61,0,0,108,794,14,0,0,0,0,0,6,72000000.0,20.85280472080523,-17.03498445706711,1.16,4579.39377629757,5707.76665436262,AY,0.863,0.4657563125281486,1749.894789,3349.695445,3743.963214093114,575.966023486095,631.91651449215,0.6605050149532061,35.18617869743096,773423.951209367
GHSL_62,0,1,202,68,0,0,0,0,0,0,0,0.0,20.824625167100177,-17.03991196000567,1.07,1354.13591778278,3183.7675137431,AY,0.304,0.4657563125281486,93.238341,656.443794,537.0938121649255,97.97548637503368,84.30885767880326,0.9195345261646428,0.1507764615307541,83329.27630863643
GHSL_63,0,0,26,1799,292,0,2,0,0,0,10,50707500.0,20.513672364856937,-13.050169093408035,2.05,10579.9910541177,1842.80650851406,AY,1.183,0.6887082148106669,1749.373339,24247.602284,17408.81035495322,3412.015737062442,1793.2760883911933,1.179749245382357,31.79856150875152,2025472.3164222795
GHSL_64,0,0,155,106,0,0,0,0,0,0,2,24000000.0,19.74459700377368,-14.382238543573802,4.13,1306.62333184481,563.38256849952,AY,0.435,0.0502924832854811,248.974673,344.550158,450.09003986704914,60.96396487575881,119.29419194884018,0.477022405637369,5.139373517476795,133094.56939973886
GHSL_65,0,0,21,256,8,0,0,0,0,0,5,15132500.0,18.55470985857764,-11.426854994244856,3.72,1426.71185946465,363.634288811118,AY,0.939,0.7130741510897146,471.013739,719.593827,937.1980421504506,136.37361392429997,203.64001457738055,0.5460714098862457,2.0756892979861026,244652.71716324455
GHSL_66,0,15,158,5,0,0,0,0,0,0,2,4476200.0,18.132588516255765,-15.907988589520444,1.45,886.517876386642,1552.21731722487,AY,-0.078,0.4630727527393592,57.870799,96.304001,117.6043848579304,16.85651002886057,35.744233198103515,0.579141031420005,0.9290756676492824,29920.094393856147
GHSL_67,0,0,72,87,0,0,0,0,0,0,0,0.0,18.0534433141013,-15.903251322665495,2.35,795.774571418762,1433.61107763647,AY,0.545,0.4630727527393592,66.538974,860.18835,634.241550640948,123.90923649322455,77.67017435031703,1.0806668351998374,0.1542036669446549,82383.59544673125
GHSL_68,0,0,124,69,0,0,0,0,0,0,0,0.0,18.037596864211224,-15.908488935890936,2.98,966.838894724846,852.054007259253,AY,0.396,0.4630727527393592,60.328006,781.170781,576.1571234938859,112.5262425365412,74.30695832904914,1.098145085340298,0.1333796914877173,74008.70766830054
GHSL_69,0,0,46,151,1,0,0,0,0,0,0,0.0,18.036969366781964,-16.020753214647502,2.38,991.198593497276,1663.35539060946,AY,0.725,0.4630727527393592,223.881472,549.887977,586.3030426459145,93.92536695376188,113.6816561406281,0.6298761831766652,0.2826276590274648,134233.50363188353
GHSL_70,0,0,61,97,0,0,0,0,0,0,4,2990200.0,18.02620288024081,-15.933367676758948,4.66,789.722624778748,1791.11978584915,AY,0.595,0.4630727527393592,74.132319,982.192032,713.318571463092,139.15884576083096,85.77177799526382,1.0719050204985467,0.937483310109255,92344.96466864576
GHSL_71,0,77,100,0,0,0,0,0,0,0,0,0.0,18.019314055650657,-15.995996515448784,1.07,885.485629618168,780.208231853073,AY,-0.441,0.4630727527393592,14.736438,193.148564,142.67119656141247,27.80878398742883,24.907204545899436,1.2312268889273077,0.0326127962092111,16903.82265122921
GHSL_72,0,0,127,347,2,0,0,0,0,0,0,0.0,17.512226889591606,-13.091761730611388,6.05,2377.87747097015,565.010498593153,AY,0.694,0.5393326375955468,494.996337,686.783644,978.6052036961444,134.5433306113546,266.97191699583817,0.4729842452524759,0.3320583944023018,310788.7223142114
GHSL_73,0,5,280,40,0,0,1,0,0,0,0,0.0,17.314856826987484,-15.145251097961587,3.22,1627.22258925438,1109.05884173766,AY,0.159,0.3874982122135782,100.811366,685.339829,565.6530983080509,102.5741524154511,90.8942015012302,0.9574762091095876,0.1477146045294173,84449.71642708081
GHSL_74,0,0,109,158,0,0,1,0,0,0,0,0.0,17.172154065485465,-15.1955369068905,3.34,1334.77660250664,1092.06780831259,AY,0.577,0.3874982122135782,137.136361,1863.6688,1367.379110847337,267.91919187930876,148.4096893528303,1.1792666340874651,0.3222008985516685,161113.795943422
GHSL_75,0,58,275,3,0,0,0,0,0,0,0,0.0,17.03155866216878,-13.966166208989051,7.17,1677.22874116898,4006.12244625427,AY,-0.207,0.3332795575800431,77.57307,140.647262,174.19403838370366,25.635712495681663,54.71056360907149,0.659169647514786,0.056733802722221,41130.31202625395
GHSL_76,0,1,212,60,0,0,0,0,0,0,6,72000000.0,17.025092034226418,-13.917996961799265,2.65,1369.74720096588,3404.87509251008,AY,0.275,0.3332795575800431,349.687634,567.866598,614.309692858214,84.8435155110137,135.663160114801,0.5159241892247614,13.879468905525558,149907.86596011007
GHSL_77,0,28,303,9,0,0,0,0,0,0,1,12000000.0,17.013285266692566,-13.968430450771192,6.12,1697.64423179626,2720.52083266865,AY,-0.072,0.3332795575800431,154.065642,200.27933,268.7611341938136,36.56024127287028,69.50115096303966,0.6236052177360542,2.956075269940224,60260.84042770433
GHSL_78,0,0,187,415,1,0,1,0,0,0,1,12000000.0,16.92234000834962,-15.234857709368422,2.91,3016.51154267788,696.850599101613,AY,0.656,0.3874982122135782,735.453368,1054.694451,1472.2266428015855,202.49304454101576,339.5275238790169,0.5311795479628573,1.1003290499916072,400500.6992947159
GHSL_79,0,0,166,533,3,0,0,0,0,0,0,0.0,16.83245461013233,-11.837562017461982,0.55,3509.49301934242,1016.76949948572,AY,0.722,0.4605757016142366,851.27545,1102.663898,1627.2667197033643,220.57327751921792,402.2801362402983,0.5061420202838777,0.5660660265445886,473503.8126377567
GHSL_80,0,33,134,1,0,0,0,0,0,0,0,0.0,16.82010717193552,-11.76052239333533,0.14,839.973193287849,1148.4425709635,AY,-0.233,0.4605757016142366,35.283232,68.235822,83.50933705887496,12.247909516490214,27.144279933494477,0.6579365063020626,0.0267836308194206,19896.56369057656
GHSL_81,0,3,180,30,0,0,0,0,0,0,0,0.0,16.658188728626552,-12.454590692114584,7.37,1061.55825459957,801.557721563816,AY,0.184,0.3011647012534417,93.732398,134.563771,187.5176805625441,26.098998055507103,52.39215832578521,0.5820752941774417,0.0807597915358618,48672.59099952765
GHSL_82,0,0,1,215,95,0,0,0,0,0,0,0.0,16.660177738578316,-9.619108241531949,1.1,1552.34017086029,1780.29644943127,AY,1.358,0.6978932002927289,249.755975,3670.88286,2680.156091963816,526.049165384937,292.9906306027825,1.1601693903208716,0.6589100283992126,321265.8064410488
GHSL_83,0,0,35,135,1,0,0,0,0,0,0,0.0,16.65059887778584,-9.635299403807318,1.27,854.293035984039,2076.94780523462,AY,0.753,0.6978932002927289,93.392124,1371.165726,999.4858037903044,196.5041682704521,109.47400950096832,1.1648738048878302,0.2386264116989583,119372.987063683
GHSL_84,0,0,83,542,8,0,0,0,0,0,1,12000000.0,16.64681638257831,-9.604884422044316,3.1,3163.17345142365,2023.64810280741,AY,0.844,0.6978932002927289,380.23633,5864.662788,4192.80919777738,822.7594742355851,444.0490154896736,1.1785121979462712,6.338049043835528,489704.1463917329
GHSL_85,0,0,16,106,2,0,0,0,0,0,0,0.0,16.649636935407624,-9.622033130555526,2.04,616.601764440536,1529.66590111354,AY,0.844,0.6978932002927289,71.650217,1079.251764,785.8920775409829,154.51063188271615,85.55515812432922,1.1620792482934612,0.1919581526718239,94039.85576850186
GHSL_86,0,0,107,91,0,0,0,0,0,0,0,0.0,16.633359116147016,-11.434997405866216,2.31,990.27986741066,898.332266367539,AY,0.475,0.7032544645887016,132.029145,207.867764,279.90254917540994,39.28892021431534,82.73614552642543,0.4741889458182298,0.1035492456219838,90278.42145690777
GHSL_87,0,6,355,54,0,0,1,0,0,0,5,25987200.0,16.632437431946375,-11.389032639041924,0.2,2073.03921353817,812.879978447082,AY,0.17,0.7032544645887016,345.020243,394.619505,564.5835138978866,75.66476025913842,128.98773981919894,0.5832384555224267,8.04177423512115,131963.87986149814
GHSL_88,0,0,2,143,23,0,0,0,0,0,2,24000000.0,16.627008530736862,-11.395628303174922,1.01,836.453115463257,1027.11176371453,AY,1.18,0.7032544645887016,398.105744,465.353191,671.8363855442155,90.56071688703196,146.45229473939222,0.5191916790831835,7.705305165574669,178374.67787883032
GHSL_89,0,0,0,148,87,0,0,0,0,0,0,0.0,16.61966163633265,-11.41956885351656,2.9,1175.0034301281,921.508532142057,AY,1.41,0.7032544645887016,362.118808,539.824129,746.2209790496219,103.58116344181975,216.49014449874176,0.4488352171273856,0.2562657945798474,253037.21131427784
GHSL_90,0,0,3,529,169,0,2,0,0,0,4,48000000.0,16.61678773108232,-11.39727370576236,2.07,3503.41889059544,1103.24269178977,AY,1.299,0.7032544645887016,1534.823353,1932.638927,2788.3039600766333,379.37246966020695,640.1678875375576,0.514973884680396,16.14503840533211,771343.6505023184
GHSL_91,0,0,30,113,1,0,0,0,0,0,0,0.0,16.604769141878116,-11.408883310187672,3.83,720.219657182693,729.439775950711,AY,0.75,0.7032544645887016,146.451854,216.127754,300.25740726811995,41.589264419746,85.8032563274452,0.4543508473562276,0.1018286102460729,100252.00719449342
GHSL_92,0,0,83,150,0,0,1,0,0,0,0,0.0,16.59673417856053,-14.254321566920051,1.53,1165.43045735359,1264.66080256614,AY,0.618,0.4535430854908909,288.741365,548.752712,650.0808957512393,99.02179339247162,128.2653908694767,0.6186834446247018,0.3213769604432679,151026.67608423368
GHSL_93,0,20,173,4,0,0,0,0,0,0,0,0.0,16.572444141486304,-15.817970292427232,0.44,986.097479701042,739.70366747309,AY,-0.11,0.4657563125281486,32.892135,91.332349,97.38762414468208,15.238465210251665,36.03345808450327,0.5907488342887438,0.0288816007476276,26804.332018230918
GHSL_94,0,0,14,156,5,0,0,0,0,0,0,0.0,16.515159067563534,-15.797016669208734,1.65,874.960981369019,1221.80445715396,AY,0.928,0.5464731945980439,222.569993,351.467345,472.6904390598833,66.46574377066294,117.139037065339,0.4985108708200506,0.2434215936487821,140204.81729213838
GHSL_95,0,9,242,18,0,0,0,0,0,0,0,0.0,16.48569517552541,-9.925851827381164,2.26,1345.99121195078,659.223116622904,AY,0.06,0.6978932002927289,104.057532,157.435954,208.1062485628141,30.128161445114493,55.44550271962696,0.6663217754888519,0.1047267857762984,46939.10203146632
GHSL_96,0,0,36,190,2,0,1,0,0,0,0,0.0,16.41519095813786,-14.054249712581468,3.41,1141.66321325302,1145.60973154214,AY,0.81,0.4554841165273114,234.157002,1492.074166,1245.7744242990166,224.50000708884656,156.16928261848886,0.9545845430706656,0.3331670129889333,181482.64806935083
GHSL_97,0,7,244,23,0,0,0,0,0,0,1,12000000.0,16.408284430758382,-13.137389661416718,6.02,1369.35045576096,1385.36527837902,AY,0.091,0.2504664563020057,94.30596,205.353602,222.60875637950784,33.16025653071802,69.66855909737446,0.5185371004113158,1.4606361461650386,63294.28022080534
GHSL_98,0,5,659,176,0,0,0,0,0,0,0,0.0,16.384126236645017,-10.150716414366846,2.83,4200.87779402733,1146.09352775514,AY,0.265,0.3536065443732897,368.101304,720.378017,855.650565469597,128.948552392536,240.9227690154484,0.5591572267837174,0.2711301517468948,233448.17109645638
GHSL_99,0,0,108,137,0,0,0,0,0,0,0,0.0,16.373797918147876,-10.184818825196016,0.76,1225.41088378429,1054.97175671322,AY,0.552,0.3536065443732897,199.072207,358.448413,441.62440778154325,65.44351097703102,114.98268012682176,0.5134790675200669,0.1440091122998392,129033.31460331006
GHSL_100,0,10,160,8,0,0,0,0,0,0,0,0.0,16.36611134753737,-10.172181143548666,2.41,886.543965935707,1515.66754972527,AY,-0.008,0.3536065443732897,45.141019,99.188214,112.94300257097062,17.307882430483886,35.21394084107134,0.630202552033186,0.0356410310992721,27966.06810129976
GHSL_101,0,6,555,119,0,0,0,0,0,0,0,0.0,16.343835488644775,-13.947982350327338,1.25,3397.638225317,2136.95323186734,AY,0.227,0.4554841165273114,378.016006,457.182263,687.9756554298813,93.47405483631194,177.17409250912797,0.5930733057044012,0.2423089139408082,172158.90072247369
GHSL_102,0,42,173,1,0,0,0,0,0,0,1,12000000.0,16.316149490076373,-13.918092374471373,0.66,1084.1159992218,2192.7912605619,AY,-0.232,0.4554841165273114,131.06672,121.203065,189.03785338179551,23.92161451550162,42.03509936625976,0.6593511340238787,3.2225826195515657,37412.01223938958
GHSL_103,0,17,359,22,0,0,0,0,0,0,0,0.0,16.277169762480504,-13.755930113287306,0.8,1988.66806602478,1290.30682570345,AY,0.028,0.3320469755614191,146.35628,201.186728,282.6214731709105,39.52224520392914,78.4338415341525,0.6477197822765445,0.0959494814711225,65871.09094302855
GHSL_104,0,20,484,33,0,0,0,0,0,0,0,0.0,16.24946193429866,-13.712401375121033,1.65,2687.26106142998,1387.25537684884,AY,0.042,0.3320469755614191,138.377487,283.897513,339.0618884823612,50.27879418012317,111.1885090063832,0.5828999862085438,0.1106816806924795,91461.59255170797
GHSL_105,0,46,224,2,0,0,0,0,0,0,0,0.0,16.239793909363332,-13.6943581595864,1.17,1363.18871831894,1945.35593560941,AY,-0.204,0.3320469755614191,64.864883,113.324201,144.50164862170166,20.859164568236693,44.196035801455,0.6749721259799841,0.0626266364418816,33066.303717405106
GHSL_106,0,1,229,128,0,0,1,0,0,0,2,24000000.0,16.239967498949092,-8.176834163314625,1.36,1787.96029210091,653.25358643486,AY,0.397,0.3286833032974744,138.176253,2111.099598,1454.3205957855762,284.42389688008,172.55216894941742,1.114605306875577,6.50577420823664,175526.9648028612
GHSL_107,0,0,236,417,1,0,0,0,0,0,1,12000000.0,16.224177507056556,-13.142147368134497,1.88,3267.80737185478,755.09268200522,AY,0.614,0.4657563125281486,726.311051,834.603229,1300.5392151324272,172.66512901391658,340.16998851023436,0.4854789627557712,2.083091834741478,394213.0132091153
GHSL_108,0,61,255,2,0,0,0,0,0,0,0,0.0,16.215438398511992,-13.677407523916782,1.48,1588.22510766983,1505.06855676476,AY,-0.228,0.3320469755614191,74.369689,130.065077,165.7690373788101,23.93473399300728,50.78182151775861,0.6766495498119609,0.0738583041445136,37852.21545789045
GHSL_109,0,79,167,1,0,0,0,0,0,0,0,0.0,16.209571223172595,-13.428677870651631,5.05,1236.09042692184,2677.14291545059,AY,-0.351,0.5749442848876697,46.930108,94.955688,112.5622174250858,16.869028984981888,36.27534334924438,0.6653035374676883,0.0354998588006869,26529.333267391747
GHSL_110,0,27,354,13,0,0,1,0,0,0,0,0.0,16.192216222097777,-13.75050671676779,9.18,1966.83999538422,1878.34191601134,AY,-0.042,0.3320469755614191,151.699671,241.521819,315.71143509054,45.510814461381536,83.26784755894509,0.6530510945742364,0.1045446263536132,72495.69339762513
GHSL_111,0,19,268,11,0,0,0,0,0,0,0,0.0,16.190715192392354,-13.647233122358385,0.81,1486.35656881332,1897.61778278807,AY,-0.035,0.4657563125281486,65.982108,144.577644,167.93729821277933,25.24235511210213,57.351895019006946,0.5937518263395736,0.0537908193684335,44943.16433453132
GHSL_112,0,8,180,11,0,0,0,0,0,0,1,12000000.0,16.17597299878925,-13.48385120129109,0.69,999.219579219818,3564.00814376959,AY,0.028,0.5749442848876697,106.896891,140.90664,184.89971892795035,25.040928441114342,48.5917725230674,0.5652800607165582,2.5537426118934565,44974.73991558111
GHSL_113,0,0,46,131,1,0,0,0,0,0,0,0.0,16.147723094648814,-13.796747729457763,15.71,889.74813079834,2115.44098221894,AY,0.7,0.3320469755614191,199.311779,243.550682,371.03385600661903,49.64602763477271,99.93666889564216,0.4721406168734129,0.1562686676856573,117439.8992219968
GHSL_114,0,154,143,0,0,0,0,0,0,0,0,0.0,16.14406520358138,-13.57264803878811,0.26,1489.35325908661,2736.26269807314,AY,-0.504,0.5749442848876697,49.244743,93.134035,114.94026360633327,16.80452881760545,36.98603358158949,0.6802391483867916,0.0368779444099981,26420.274093676897
GHSL_115,0,205,191,0,0,0,0,0,0,0,0,0.0,16.143760585498345,-13.557471842230058,0.73,1981.10861206055,3079.76577661581,AY,-0.504,0.5749442848876697,65.698922,124.272813,153.35980812004738,22.422206336203804,49.34853891020056,0.6802061224249157,0.0493804248098118,35253.16160108042
GHSL_116,0,34,532,24,0,0,0,0,0,0,0,0.0,16.1056207110805,-7.212934111574799,0.36,2946.10102128983,1768.21169186453,AY,-0.016,0.4657563125281486,77.854112,997.357587,737.8782474298592,143.7310076335411,122.877750952272,1.1778198618634297,0.1762261688008581,90842.4187948833
GHSL_117,0,46,384,8,0,0,1,0,0,0,0,0.0,16.0879808831221,-12.73912868513314,3.55,2189.12641429901,1174.10909857818,AY,-0.113,0.3055571704912008,165.812926,225.955416,322.9726580141269,44.55217707619704,86.20331767698755,0.6605081672464633,0.1592154029443198,73158.45933249264
GHSL_118,0,14,235,12,0,0,1,0,0,0,0,0.0,16.065255921723306,-13.374543804011251,2.07,1302.83764243126,882.233040413922,AY,-0.002,0.5749442848876697,69.448136,178.087991,193.39661644498423,30.141068130513965,63.230626658395856,0.5496937743318306,0.0588833844371624,55567.46626457441
GHSL_119,0,0,198,145,0,0,1,0,0,0,1,12000000.0,16.02093100205062,-12.581571091477384,2.18,1714.43832874298,1960.00321104887,AY,0.448,0.3055571704912008,395.033417,382.306633,635.3824898537341,81.93507635932613,152.83644508875548,0.5218284244520708,3.181848911128563,173732.62063278788
GHSL_120,0,42,123,1,0,0,0,0,0,0,0,0.0,16.01878586571501,-12.567195887728875,2.64,829.417786121368,3465.85337595082,AY,-0.29,0.3055571704912008,38.042827,65.636458,82.49679779750886,12.111836459494327,25.62406694995251,0.676440355619039,0.0274621300562001,18931.86182644789
GHSL_121,0,7,268,28,0,0,0,0,0,0,0,0.0,15.9990908117034,-12.576175940072812,0.25,1514.85165405273,2159.25421611601,AY,0.111,0.3055571704912008,111.167201,169.084518,229.9262831381118,32.2645711417251,67.19808989341695,0.5986619450400218,0.0802492732936696,58603.153181385016
GHSL_122,0,27,367,14,0,0,0,0,0,0,0,0.0,15.946614149341586,-11.52922740313391,2.32,2040.70809817314,1412.62133645281,AY,-0.036,0.4657563125281486,59.391149,723.154008,541.5062422615636,104.44754202829436,82.1843021060407,1.2776920305518906,0.1333984908687713,60702.61895966819
GHSL_123,0,0,269,539,1,0,0,0,0,0,1,12000000.0,15.926071181611269,-11.526147299774236,1.47,4045.3275847435,1391.91155120745,AY,0.637,0.308906114565165,397.319852,6008.860462,4303.224243430692,843.8332506415411,466.6585905690088,1.184793159901347,6.520311419039263,500930.8992302978
GHSL_124,0,0,1,454,316,0,1,0,0,0,2,24000000.0,15.86459115532146,-5.955666836748999,3.09,3854.85541820526,744.411522687687,AY,1.442,0.5359816991574162,1120.709739,7370.936201,5934.459631329726,1093.6452912104958,784.8431940979711,0.9289803349952186,18.34209840131152,887358.5025982733
GHSL_125,0,0,0,76,53,0,0,0,0,0,0,0.0,15.863782906201187,-5.936290544143892,2.83,643.138142347336,1342.60669102324,AY,1.442,0.5359816991574162,253.807544,319.775237,480.4371562761586,64.52751995233494,122.3273270186698,0.4996005925220111,0.1756078902521887,142258.46170123797
GHSL_126,0,0,81,556,9,0,1,0,0,0,2,24000000.0,15.824025810642754,-9.421732085139718,0.01,3228.90361618996,874.513020721315,AY,0.852,0.4591735946405234,988.036144,1892.202336,2284.8376352325045,332.0400579961706,447.69230665040703,0.6080133885094026,8.226166497832097,528998.1095759444
GHSL_127,0,26,227,5,0,0,0,0,0,0,0,0.0,15.819113668526784,-12.23430204337756,2.06,1290.63800728321,1092.62704365948,AY,-0.105,0.4657563125281486,55.037369,117.56872,136.62358804222254,20.638765635899983,46.5385180219778,0.6211083839709941,0.0434593111206874,34949.86188729328
GHSL_128,0,3,378,105,0,0,1,0,0,0,2,24000000.0,15.73357672541384,-8.665656653415068,1.43,2426.58738207817,694.163544584842,AY,0.271,0.3106431750230558,309.551764,501.636175,624.428616513005,88.04799403210164,168.1582566272073,0.5134967339685494,2.6159705347010305,175627.59642751206
GHSL_129,0,5,226,28,0,0,0,0,0,0,0,0.0,15.715258968993876,-5.664889487387537,1.4,1293.6558971405,4118.69469812694,AY,0.138,0.5359816991574162,42.490346,565.737472,416.7059182864954,81.39488782905937,65.220741511034,1.1309220749750315,0.1000936251260568,53057.39787728767
GHSL_130,0,3,363,92,0,0,0,0,0,0,0,0.0,15.655657584119467,-12.147129972531657,3.95,2289.811835289,1427.73822729359,AY,0.256,0.4657563125281486,105.558721,1453.141789,1072.0212333212676,208.7761482746486,137.74016869210593,1.214132953137667,0.2571287008375359,124450.11434047505
GHSL_131,0,6,136,8,0,0,0,0,0,0,0,0.0,15.654995466517496,-5.651520734084165,2.0,752.001926422119,3954.96987194829,AY,0.027,0.5359816991574162,48.482854,75.419978,100.4944563569586,14.301335766690798,30.673709994668823,0.6285534687709668,0.0332382175634674,24650.737712875078
GHSL_132,0,72,184,1,0,0,0,0,0,0,0,0.0,15.651096656916652,-5.801901564271296,14.26,1283.7962808609,5009.31060114907,AY,-0.316,0.5359816991574162,26.940132,340.715143,254.2522545080855,49.121223299469925,41.45385948276845,1.2944851292948802,0.0652899007987558,28374.08230375575
GHSL_133,0,253,565,2,0,0,0,0,0,0,0,0.0,15.624602795032509,-5.741999328653536,11.47,4100.19011497498,4132.58961757678,AY,-0.34,0.5359816991574162,127.116138,429.927238,414.55763009235335,69.60496928739111,125.550095713922,0.7390395205507532,0.2164777144322853,87862.34501816894
GHSL_134,0,98,242,1,0,0,0,0,0,0,0,0.0,15.625838812178774,-5.670656189714005,5.68,1704.96734333038,7110.7858437615,AY,-0.323,0.5359816991574162,44.914055,199.472982,178.8378884396909,31.149212696806483,53.7226616104572,0.7545196800249034,0.0898254927059391,37222.63546955844
GHSL_135,0,101,312,2,0,0,0,0,0,0,0,0.0,15.59798031405006,-5.5712996585761525,0.18,2073.34062385559,4915.80867263103,AY,-0.282,0.5359816991574162,40.043649,538.285133,396.45376595991087,77.41395913804139,69.62064639305949,1.2242269158451513,0.094182849823816,47288.169671838645
GHSL_136,0,3,303,74,0,0,0,0,0,0,0,0.0,15.592058122751096,-5.619851091533044,4.1,1898.51651287079,5739.16720940383,AY,0.249,0.5359816991574162,179.886998,267.732555,364.0081046560613,51.3955366411768,107.19217714041788,0.5480787792027593,0.1215390875749483,101559.69015180698
GHSL_137,0,34,243,4,0,0,1,0,0,0,0,0.0,15.567542843828088,-12.333865305561812,13.36,1408.02817153931,1166.02935596518,AY,-0.141,0.398701028302682,91.28442,161.383197,202.10856047917204,29.598679345679653,59.05167709684486,0.6083055336404012,0.0655309553044519,50911.14003250572
GHSL_138,3,502,166,0,0,0,0,0,0,0,0,0.0,15.549464127983295,-5.63840050059452,8.72,3352.20058059692,4882.8279441993,AY,-0.695,0.5359816991574162,45.586302,569.74626,426.09639820820576,82.19498001729328,71.3875664399483,1.3042414257165162,0.1033709464395637,47342.536454540066
GHSL_139,0,0,124,273,1,0,0,0,0,0,2,13567300.0,15.543858732702628,-11.718047358647528,0.45,1988.12246251106,1022.8539647074,AY,0.654,0.4657563125281486,205.783673,2798.589369,2009.9015231626345,392.38276191906823,240.24448247630377,1.0646995398218058,3.718171941978127,260350.8250777073
GHSL_140,0,22,574,42,0,0,0,0,0,0,0,0.0,15.534247317584734,-12.099334057131864,9.85,3190.24807429314,2119.15623745823,AY,0.053,0.4657563125281486,257.837548,434.16647,545.5492559710806,80.73615652089646,130.04907182748727,0.7270682951664824,0.270843457651079,110785.41401607037
GHSL_141,0,1,128,29,0,0,0,0,0,0,0,0.0,15.532667430836923,-7.03221848726154,1.1,791.434825181961,362.412436259277,AY,0.237,0.3191885263920085,63.235739,124.718224,152.01118317643102,22.31587673976439,43.931236496852165,0.5670557564317593,0.0776786557966608,40991.12543830763
GHSL_142,0,16,267,13,0,0,0,0,0,0,0,0.0,15.52093091340642,-10.1427161629004,2.31,1477.76813220978,1076.03252702328,AY,-0.005,0.3536065443732897,90.102636,143.673442,191.0007758274723,27.079719401778128,57.58848740095169,0.6335788192938713,0.0872192160412265,46339.27804646964
GHSL_143,0,2,733,348,0,0,0,0,0,0,1,12000000.0,15.515330967867678,-12.851941789448752,3.39,5417.78849291801,1645.31314862745,AY,0.368,0.3301057019218791,584.298832,1010.800173,1282.1432159123992,183.7779707265927,382.2937783481639,0.4883127612925048,2.988209753809905,399310.14779694437
GHSL_144,0,32,165,2,0,0,0,0,0,0,0,0.0,15.51657595306774,-12.46828221238973,1.79,993.551181793213,1091.71213514957,AY,-0.194,0.398701028302682,55.800914,84.898493,114.3837455481116,16.197705276922235,32.497284350804016,0.7031542927870006,0.0380421949235625,24702.722449489575
GHSL_145,0,53,258,3,0,0,0,0,0,0,0,0.0,15.4572997281443,-12.884137898809106,3.37,1572.32398366928,2159.19250709871,AY,-0.203,0.3301057019218791,98.404377,127.147785,183.1719843056164,25.479776498283872,50.524204003463176,0.7137814285937922,0.0857122609071153,38670.98808833995
GHSL_146,0,72,366,4,0,0,1,0,0,0,0,0.0,15.428168024781789,-12.257995436729932,1.63,2215.73377847672,1439.26547976517,AY,-0.196,0.398701028302682,126.78109,222.962183,283.337925109336,40.94797806761933,83.94366388749908,0.6320098602281915,0.0952121685923706,68798.46333794261
GHSL_147,0,0,114,145,0,0,0,0,0,0,0,0.0,15.42786242081973,-12.884207479113538,6.63,1299.3210310936,1891.32480396878,AY,0.552,0.3301057019218791,269.269921,498.378285,595.0466733493824,90.50770111244046,119.92773009336304,0.6283079061527602,0.2964939556268446,136528.3743892417
GHSL_148,0,91,88,0,0,0,0,0,0,0,0,0.0,15.380896683514964,-12.943851042592856,12.82,897.986076831818,3874.23668946872,AY,-0.497,0.3301057019218791,31.352719,82.408605,86.16429421442912,13.907686780775265,22.491515330621297,0.8124681236710644,0.0444551564298285,16065.59065908354
GHSL_149,0,52,364,6,0,0,0,0,0,0,0,0.0,15.367137482538029,-12.087393074150174,1.55,2112.54106664658,2278.40628930059,AY,-0.143,0.398701028302682,104.746977,283.357942,293.7024663819677,47.56229774908748,72.4229704338079,0.8028255739188568,0.1548939482959994,54876.73256295418
GHSL_150,0,92,439,5,0,0,1,0,0,0,0,0.0,15.342684293978454,-12.903579093048414,9.2,2677.57054758072,2607.88778594039,AY,-0.205,0.3301057019218791,115.113469,258.713432,297.5181096389171,44.93314361212944,100.79066936805222,0.5892360515585848,0.0931645849124425,80123.45432840714
GHSL_151,0,19,126,2,0,0,0,0,0,0,0,0.0,15.33860625895926,-12.822394440084528,0.46,732.060866832733,1733.59114055303,AY,-0.148,0.3301057019218791,34.420377,85.991289,91.56571329469207,14.648040005966593,25.108030853555988,0.736764685267107,0.0471413955862495,18982.415829959893
GHSL_152,0,214,134,0,0,0,0,0,0,0,0,0.0,15.306629826362464,-12.224560536620874,9.79,1738.62918043137,2385.55297967027,,-0.578,0.398701028302682,102.262662,1279.643717,947.7140521232468,184.6115755579683,128.3913055504652,1.1180056576832664,0.2165475444823223,120115.32489761472
GHSL_153,0,87,200,1,0,0,0,0,0,0,0,0.0,15.290437021998535,-12.556620881324632,3.66,1435.38021421432,1283.95677227596,,-0.334,0.398701028302682,288.942272,403.433397,568.7593567795207,78.88460002364715,151.35130288233594,0.5341520536451885,0.1930164677375131,159321.28923900367
GHSL_154,0,23,109,1,0,0,1,0,0,0,1,12000000.0,15.274667415501774,-12.43751379864541,3.67,668.15890789032,983.735284862501,AY,-0.208,0.398701028302682,130.71708,146.540472,203.46917591339707,26.75233773294151,40.85247951951012,0.6234164535023923,3.4731748052656366,42461.93678358216
GHSL_155,0,48,182,1,0,0,0,0,0,0,0,0.0,15.254577350013982,-12.272831083706002,8.63,1155.82624340057,2287.57348826368,,-0.246,0.398701028302682,267.687975,436.860322,554.5915289750097,81.89635817953825,132.50211544617707,0.5756292032020919,0.2756693146725412,142272.7083371141
GHSL_156,0,97,52,0,0,0,0,0,0,0,0,0.0,15.226729648297235,-12.859480989062195,4.34,747.605025291443,4511.79858353315,,-0.607,0.3301057019218791,84.22838,134.133952,178.86401510965362,25.300753266820603,49.60143806074479,0.564714291033925,0.101170938848551,47855.43515841397
GHSL_157,0,53,79,0,0,0,0,0,0,0,0,0.0,15.22639972926806,-12.77013152935922,3.55,658.948466300964,3059.04306346485,,-0.414,0.3301057019218791,103.255586,245.84239,265.063967418566,42.2708405731848,62.367064150498734,0.6123751731108179,0.1343836672989246,64294.76629920037
GHSL_158,0,150,365,1,0,0,0,0,0,0,0,0.0,15.204922137409262,-12.78706697976534,0.63,2582.31898593903,2379.25341304587,,-0.324,0.3301057019218791,471.078453,1083.397811,1183.6634539385766,187.53943169249496,275.3021425154062,0.6059958323161947,0.5980633929305829,289357.7270921965
GHSL_159,0,0,71,395,5,0,0,0,0,0,2,24000000.0,15.169144045360268,-12.190355730652984,2.68,2358.87449836731,2156.61391413326,,0.816,0.398701028302682,678.647202,1306.886418,1508.7999675461674,231.53286288100412,346.51130208986825,0.57143218073227,6.39675227765653,381337.0366798762
GHSL_160,0,17,164,4,0,0,0,0,0,0,0,0.0,15.05941660743554,-11.850344882268598,32.4,927.031133055687,916.489668884181,,-0.092,0.398701028302682,238.069335,404.026122,502.8011229665428,74.97147153949919,117.97119014659302,0.5779741274426097,0.2563027316036655,128197.73681621821
GHSL_161,0,13,181,7,0,0,0,0,0,0,0,0.0,15.004433915591038,-12.180971739047884,11.14,1005.79097509384,1535.39934036442,,-0.031,0.398701028302682,110.179423,1492.911348,1095.1353786708846,214.63656011067732,140.6605477784206,1.0809956493281132,0.2533955223569846,142921.35724065494
GHSL_162,0,0,47,139,1,0,0,0,0,0,0,0.0,14.906349277553302,-12.446969082206977,0.19,937.139863967896,1590.83439961822,,0.707,0.4657563125281486,162.217389,610.457021,568.2643038238572,97.3685660732448,132.49390297110335,0.6010533384143897,0.293106003361293,141416.07645861863
GHSL_163,0,39,251,4,0,0,0,0,0,0,0,0.0,14.8472781006921,-12.391279241697672,4.53,1472.51456165314,1907.87925174705,,-0.156,0.398701028302682,335.000963,686.399773,784.5793323769842,121.78796125085437,182.29653221561583,0.5922408695768617,0.4128791683814997,195762.77756260973
GHSL_164,0,18,160,4,0,0,0,0,0,0,0,0.0,14.81910365020318,-12.059178435955422,13.45,908.036360740662,2668.34076033107,,-0.105,0.398701028302682,244.492581,355.648234,482.58058777926783,68.80729294088043,115.21438820539362,0.5667136071381792,0.235787656639601,125270.53780652805
GHSL_165,0,20,186,5,0,0,0,0,0,0,0,0.0,14.77066334050881,-12.251302468633703,0.44,1050.0163269043,2107.95857806211,,-0.095,0.398701028302682,232.189974,375.250447,498.1576752869977,70.43224045494463,135.44626823742658,0.5142883279138908,0.1708710046677442,145808.32946792946
GHSL_166,0,0,65,291,3,0,0,0,0,0,0,0.0,14.741221769610544,-12.08729253956428,9.26,1794.80709576607,1847.33039351447,,0.781,0.398701028302682,477.104316,927.891608,1090.4585607766974,166.56864740433028,249.4747005385315,0.5898704174979339,0.5700487756427672,271986.9980653175
GHSL_167,0,0,857,1167,2,0,2,0,0,0,0,0.0,17.052043646353727,-13.907039595051645,2.29,10131.1655396223,2857.18470790193,AY,0.565,0.3332795575800431,1772.712045,2434.136583,3457.5283074961285,478.3281982749329,985.5271539022008,0.4669485385987442,1.172495033431928,1122571.8832055717
GHSL_168,1,354,156,0,0,0,0,0,0,0,0,0.0,16.826046997138928,-11.803999077559764,1.42,2551.91103577614,1045.54551591036,AY,-0.643,0.4605757016142366,73.617722,135.124199,167.75571824195967,24.555591933935947,54.77034270854551,0.685574618228887,0.0536008148132081,38387.601877683075
GHSL_169,0,0,22,674,56,0,0,0,0,0,0,0.0,16.663112268420203,-9.594528879716584,1.59,3756.76177692413,1636.92738330146,AY,1.076,0.6978932002927289,509.153028,7468.155729,5442.260542145965,1069.4634244260756,594.8166555819147,1.1613318485826416,2.7460372103072057,651678.6561436785
GHSL_170,0,0,382,473,1,0,0,0,0,0,0,0.0,16.391620119256316,-10.179863359893446,0.1,4280.65562713146,1299.30082772871,AY,0.547,0.3536065443732897,691.435561,1246.15095,1534.6887130403825,227.46780674681705,399.8872471746444,0.5138472873509532,0.4954231449162646,448157.1438617718
GHSL_171,0,0,0,411,494,0,0,0,0,0,0,0.0,16.170569586887606,-13.504692486378133,0.08,4529.56840229034,1968.79672784276,AY,1.545,0.5749442848876697,1524.589347,2579.477223,3281.461903904881,478.3665996549997,925.507028925932,0.4636880160242734,1.0716824782993717,1076254.3419849118
GHSL_172,0,165,218,0,0,0,0,0,0,0,0,0.0,15.505448133687166,-5.704040138643806,17.27,1919.63242721558,5043.64753711358,AY,-0.438,0.5359816991574162,70.203541,153.656601,172.64258431376845,26.876722841206,52.28355171961946,0.7306301400045557,0.0874040855697772,36703.859694810264
GHSL_173,0,116,249,1,0,0,0,0,0,0,0,0.0,15.504958282801592,-5.588246308531286,8.03,1832.14956665039,7635.67455448472,AY,-0.348,0.5359816991574162,79.180317,137.18607,175.5412512949829,25.313193395833967,54.60786081135465,0.6966941305256026,0.0846668630987396,39051.718847523276
GHSL_174,0,103,1026,28,0,0,1,0,0,0,2,24000000.0,15.336184450731334,-12.873327693732326,5.85,5786.80764627457,3148.15230789189,AY,-0.086,0.3301057019218791,174.38948,2483.867438,1738.7860050547908,338.63617745453803,258.7525967117725,1.2011163237847038,6.766525616872274,200076.42333588112
GHSL_175,0,0,242,1209,13,0,1,0,0,0,2,24000000.0,15.154174563612386,-12.18196909694444,1.14,7318.93460273743,2453.2411535257,,0.799,0.398701028302682,1922.420127,4020.495073,4531.962158540328,706.3435982164177,1049.7850154827563,0.5796613128702105,7.232291303095212,1147829.9172488186
SCHOOL_1,0,0,0,0,0,0,0,0,0,0,2,8371200.000000001,14.717250000685548,-12.057863901098854,0.0,0.0,0.0,,0.0,0.0,34.14437,45.58862,49.81338497114375,6.345091939940722,6.649292786896404,0.6086069736691206,1.959235566676981,8371.200160308481
SCHOOL_2,0,0,0,0,0,0,0,0,0,0,2,24000000.0,14.759308500329498,-12.178166350000147,0.0,0.0,0.0,,0.0,0.0,113.260645,128.939108,151.90964050195913,18.89250777099924,18.763132223219216,0.6402697082222001,6.038403216522317,24000.0004596
SCHOOL_3,0,0,0,0,0,0,0,0,0,0,1,12000000.0,15.398029599999996,-10.165953600000002,0.0,0.0,0.0,,0.0,0.0,60.307539,221.518929,156.53126590202712,25.968828031544646,9.295318030755691,1.2947151368577097,6.2368707880090435,12000.0002298
SCHOOL_4,0,0,0,0,0,0,0,0,0,0,6,5040000.0,15.411099999999994,-10.223283300000002,0.0,0.0,0.0,,0.0,0.0,8.48602,87.124969,49.91510925070151,8.917968017518437,4.971296818424836,1.0366711293395654,1.4025883001403108,5040.000096516
SCHOOL_5,0,0,0,0,0,0,0,0,0,0,3,36000000.0,15.4281,-10.2779333,0.0,0.0,0.0,,0.0,0.0,54.830554,622.309184,351.60907410276735,63.37047405601353,36.7952679209551,1.0279862759691405,9.78191365395633,36000.0006894
SCHOOL_6,0,0,0,0,0,0,0,0,0,0,1,12000000.0,16.14832978,-13.77700668,0.0,0.0,0.0,,0.0,0.0,57.781799,59.037686,72.98741835296465,9.153680790981612,9.575140023725282,0.6171745383768528,3.2627996950143334,12000.0002298
SCHOOL_7,0,0,0,0,0,0,0,0,0,0,1,10033900.0,16.15209398,-13.78220095,0.0,0.0,0.0,,0.0,0.0,50.284366,47.988536,62.49495966757494,7.483437689364026,7.87765578101191,0.6284566576395002,2.5429438420213697,10033.900192149185
SCHOOL_8,0,0,0,0,0,0,0,0,0,0,1,11674700.0,16.3404791,-13.69991648,0.0,0.0,0.0,,0.0,0.0,50.785398,53.178938,65.33161047055151,8.463850446738666,9.461286138037147,0.5751102399246684,3.066360343361158,11674.700223570506
SCHOOL_9,0,0,0,0,0,0,0,0,0,0,1,8832200.0,16.182713689999996,-13.79865339,0.0,0.0,0.0,,0.0,0.0,44.344158,42.090323,54.99794243655632,6.5869480862984044,6.933438469742588,0.6284380541713657,2.2269813247874315,8832.200169136628
SCHOOL_10,0,0,0,0,0,0,0,0,0,0,1,5419200.0,16.246683849999997,-13.85352662,0.0,0.0,0.0,,0.0,0.0,27.745356,24.684678,33.43895398640593,3.9614939114883545,4.281592026420433,0.622941746879029,1.3631938880580898,5419.200103777681
SCHOOL_11,0,0,0,0,0,0,0,0,0,0,1,12000000.0,16.24849278,-13.75996187,0.0,0.0,0.0,,0.0,0.0,34.554871,64.468323,59.78869144870166,8.199681367428065,10.023454466797135,0.529091364228427,2.1824661359699236,12000.0002298
SCHOOL_12,0,0,0,0,0,0,0,0,0,0,1,3152600.0,16.2661347,-13.8643533,0.0,0.0,0.0,,0.0,0.0,12.737707,15.417126,17.773278747168057,2.2262830758245995,2.5375768759977677,0.579676430272484,0.7108451705350745,3152.6000603722896
SCHOOL_13,0,0,0,0,0,0,0,0,0,0,1,12000000.0,16.36043453,-13.97031268,0.0,0.0,0.0,,0.0,0.0,80.348631,51.383594,85.1868725845335,10.271857354845162,9.23278889587798,0.7000417424252148,4.36155374176373,12000.0002298
SCHOOL_14,0,0,0,0,0,0,0,0,0,0,1,1644500.0,16.39146875,-13.71881169,0.0,0.0,0.0,,0.0,0.0,8.753354,7.490811,10.446479443192873,1.2216645894021383,1.2709612054894688,0.6369074835764486,0.429727477393387,1644.5000314921751
SCHOOL_15,0,0,0,0,0,0,0,0,0,0,1,868900.0,16.397217679999994,-13.72970369,0.0,0.0,0.0,,0.0,0.0,4.625011,3.957918,5.5196058153858685,0.6454923399995673,0.6716008811222752,0.6369170079351936,0.2270542338308312,868.900016639435
SCHOOL_16,0,0,0,0,0,0,0,0,0,0,1,3282600.0,16.40866517,-13.81734949,0.0,0.0,0.0,,0.0,0.0,10.165623,16.896012,16.715552057831786,2.2114451231716665,2.720315787500562,0.5362608665013664,0.6231096054498174,3282.60006286179
SCHOOL_17,0,0,0,0,0,0,0,0,0,0,1,12000000.0,16.413913319999995,-13.78268546,0.0,0.0,0.0,,0.0,0.0,35.8354,55.390426,56.72642230310865,7.386782091845633,9.96651899253702,0.501859536717673,2.153227081308967,12000.0002298
SCHOOL_18,0,0,0,0,0,0,0,0,0,0,1,840000.0,16.444761669999995,-13.75359508,0.0,0.0,0.0,,0.0,0.0,2.508489,3.877387,3.9708790556513023,0.5170877711264776,0.6976756696507742,0.5018640754300658,0.1507422208254936,840.0000160860001
SCHOOL_19,0,0,0,0,0,0,0,0,0,0,1,12000000.0,16.5713715,-14.2169782,0.0,0.0,0.0,,0.0,0.0,70.404374,58.064314,83.16191309187224,9.609432315188794,9.045361040469954,0.6864394780261487,3.4362175490187767,12000.0002298
SCHOOL_20,0,0,0,0,0,0,0,0,0,0,1,12000000.0,16.601020180000003,-15.351643490000004,0.0,0.0,0.0,,0.0,0.0,53.069819,63.26018,74.0692079825752,9.13119244448789,9.777052187101596,0.6284992534812371,2.9009552547300523,12000.0002298
SCHOOL_21,0,0,0,0,0,0,0,0,0,0,1,8555300.0,15.038679780000002,-12.51802031,0.0,0.0,0.0,,0.0,0.0,26.743949,59.175071,50.42076038263412,7.242063495072995,7.13998299853639,0.6166255063881059,1.79676373605046,8555.300163833994
SCHOOL_22,0,0,0,0,0,0,0,0,0,0,1,12000000.0,15.066121799999996,-12.4257054,0.0,0.0,0.0,,0.0,0.0,20.745245,207.436941,119.19056749663308,21.26294038839189,11.905561933174514,1.0396125706492587,3.361822078877202,12000.0002298
SCHOOL_23,0,0,0,0,0,0,0,0,0,0,1,3900700.0,15.1219097,-12.3686947,0.0,0.0,0.0,,0.0,0.0,27.205164,17.533386,29.083151550337192,3.2383578015327164,2.905402956714744,0.7294640080126833,1.2431156212962753,3900.700074698405
SCHOOL_24,0,0,0,0,0,0,0,0,0,0,1,3269800.0,15.140946199999998,-12.4649589,0.0,0.0,0.0,,0.0,0.0,19.706562,18.028712,23.68300372527975,2.9224751202883343,2.494730056550141,0.7171191429081503,1.0950537356690404,3269.8000626166704
SCHOOL_25,0,0,0,0,0,0,0,0,0,0,1,12000000.0,15.162877999999996,-12.169374100000002,0.0,0.0,0.0,,0.0,0.0,52.215014,69.130582,75.16316592517782,9.656857748218997,9.51435790710977,0.6373112200268709,2.994953395167809,12000.0002298
SCHOOL_26,0,0,0,0,0,0,0,0,0,0,1,12000000.0,15.419360199999996,-11.9403992,0.0,0.0,0.0,,0.0,0.0,20.809747,382.163157,204.5556244515537,38.18922977741136,11.796438329013544,1.737888755277062,5.467119424726449,12000.0002298
SCHOOL_27,0,0,0,0,0,0,0,0,0,0,1,8076500.0,15.437211810000004,-11.75098152,0.0,0.0,0.0,,0.0,0.0,14.185691,257.216993,137.7644482697158,25.7131379530139,7.802696568933646,1.7374461765292222,3.685677467825697,8076.500154664975
SCHOOL_28,0,0,0,0,0,0,0,0,0,0,1,12000000.0,15.465665799999996,-12.0617299,0.0,0.0,0.0,,0.0,0.0,27.886166,207.436971,124.36327794064964,21.66825089489917,10.70877883482923,1.0683394581115713,3.625923135250472,12000.0002298
SCHOOL_29,0,0,0,0,0,0,0,0,0,0,1,12000000.0,15.581764749999994,-11.80301541,0.0,0.0,0.0,,0.0,0.0,38.722915,71.86525,66.58064876554394,9.15016871966075,9.832188243869563,0.5799395839081055,2.4460790037355244,12000.0002298
SCHOOL_30,0,0,0,0,0,0,0,0,0,0,1,667400.0,15.52864321,-11.63837465,0.0,0.0,0.0,,0.0,0.0,3.072625,3.147176,3.906627951961999,0.4787566658224536,0.5185990365525508,0.5956224327825297,0.1562895828380755,667.40001278071
SCHOOL_31,0,0,0,0,0,0,0,0,0,0,2,2975000.0,15.538526850158592,-11.592470750154376,0.0,0.0,0.0,,0.0,0.0,13.254526,14.674371,17.029079449633027,2.285544672423106,2.4097173265701484,0.5878583730612408,0.8369042832904474,2975.00005697125
SCHOOL_32,0,0,0,0,0,0,0,0,0,0,1,12000000.0,15.577920870000002,-12.77776163,0.0,0.0,0.0,,0.0,0.0,23.362695,178.764049,107.48145065752904,18.635197983634367,11.169108941480232,0.936058376072935,3.12989443152292,12000.0002298
SCHOOL_33,0,0,0,0,0,0,0,0,0,0,1,912700.0,15.668781289999997,-12.71955839,0.0,0.0,0.0,,0.0,0.0,1.773959,13.59182,8.170001319338265,1.416749827247791,0.8413273160167382,0.9348252375411816,0.237849151039803,912.700017478205
SCHOOL_34,0,0,0,0,0,0,0,0,0,0,1,1126700.0,15.545037059999997,-11.66252678,0.0,0.0,0.0,,0.0,0.0,4.361741,5.922658,6.339103649448896,0.8207335655191572,0.8970445369664221,0.5800972362179547,0.2507735170816277,1126.7000215763048
SCHOOL_35,0,0,0,0,0,0,0,0,0,0,1,4237100.0,15.61492197,-11.62074086,0.0,0.0,0.0,,0.0,0.0,15.508524,22.79674,23.177786741946413,3.1966393839949885,3.49357395423898,0.5695315094456025,1.0468074277094097,4237.100081140465
SCHOOL_36,0,0,0,0,0,0,0,0,0,0,1,981800.0,15.61664443,-11.51144171,0.0,0.0,0.0,,0.0,0.0,1.766501,31.26715,16.810099217853637,3.128118379518967,0.942466043949928,1.7423286158794309,0.4502034033002774,981.8000188014701
SCHOOL_37,0,0,0,0,0,0,0,0,0,0,1,3294600.0,15.628378169999998,-11.66150538,0.0,0.0,0.0,,0.0,0.0,10.995298,18.750907,17.93611837962557,2.441493688270829,2.68094260032188,0.5690018349522683,0.6691864414187468,3294.6000630915905
SCHOOL_38,0,0,0,0,0,0,0,0,0,0,1,12000000.0,15.75818729,-11.49682767,0.0,0.0,0.0,,0.0,0.0,21.347793,382.183745,204.933765355152,38.21976358184422,11.63719069596034,1.7394972434553164,5.486018014047959,12000.0002298
SCHOOL_39,0,0,0,0,0,0,0,0,0,0,1,1571000.0,15.775253039999996,-11.46825174,0.0,0.0,0.0,,0.0,0.0,2.794629,50.033443,26.82897903642262,5.003587459948998,1.522549547077996,1.7394414985709084,0.7180214629578888,1571.00003008465
SCHOOL_40,0,0,0,0,0,0,0,0,0,0,1,655300.0,15.8314081,-11.527623650000002,0.0,0.0,0.0,,0.0,0.0,1.162759,20.869392,11.187005490825577,2.0869345215612123,0.6320932741242132,1.7385498651869236,0.2993336617727625,655.300012548995
SCHOOL_41,0,0,0,0,0,0,0,0,0,0,1,840000.0,15.843578249999998,-11.57738608,0.0,0.0,0.0,,0.0,0.0,4.88068,3.752133,5.6331253504936445,0.6420431469852925,0.6291311290719892,0.6641932750452293,0.2408481716660511,840.0000160860001
SCHOOL_42,0,0,0,0,0,0,0,0,0,0,1,2291200.0,15.86521019,-11.69650522,0.0,0.0,0.0,,0.0,0.0,9.698949,11.921262,13.273810133286334,1.748721647072002,1.8410705134042007,0.5940888528336419,0.6066218910078923,2291.2000438764794
SCHOOL_43,0,0,0,0,0,0,0,0,0,0,1,7489000.0,15.87043677,-11.553860560000002,0.0,0.0,0.0,,0.0,0.0,26.426589,38.066251,39.95540683088571,5.238829104155103,6.012917907598429,0.5543556392261576,1.6235854694176812,7489.000143414351
SCHOOL_44,0,0,0,0,0,0,0,0,0,0,1,840000.0,15.875855499999997,-11.46822254,0.0,0.0,0.0,,0.0,0.0,1.526682,26.751292,14.36696493038253,2.677199181442478,0.8108698954874224,1.7413593805361791,0.385023193184459,840.0000160860001
SCHOOL_45,0,0,0,0,0,0,0,0,0,0,1,12000000.0,15.876782659999996,-11.50176554,0.0,0.0,0.0,,0.0,0.0,65.666822,55.285141,77.8826087799656,9.0720704644381,9.013590581665008,0.6471672290350494,3.2162786750902868,12000.0002298
SCHOOL_46,0,0,0,0,0,0,0,0,0,0,1,7861600.0,15.885879359999992,-11.56726461,0.0,0.0,0.0,,0.0,0.0,27.742381,39.959535,41.94363956516033,5.499213404825232,6.312941666005063,0.554368257310036,1.7041116637270823,7861.60015054964
SCHOOL_47,0,0,0,0,0,0,0,0,0,0,1,1171700.0,15.891046339999995,-11.45071689,0.0,0.0,0.0,,0.0,0.0,2.129634,37.314854,20.040278639537824,3.734375102212384,1.1308217507246772,1.7413425753616345,0.5371253415918641,1171.700022438055
SCHOOL_48,0,0,0,0,0,0,0,0,0,0,1,5936000.0,18.34046253,-11.67348435,0.0,0.0,0.0,,0.0,0.0,10.401139,189.043552,101.09728174290876,18.8963869575306,5.687764305540798,1.7346892637038314,2.699571950088562,5936.0001136744
SCHOOL_49,0,0,0,0,0,0,0,0,0,0,1,2667000.0,18.3480465,-11.68194549,0.0,0.0,0.0,,0.0,0.0,4.673031,84.935628,45.421920433739615,8.489977733485759,2.553705966859307,1.734616689976403,1.2130938077652509,2667.00005107305
SCHOOL_50,0,0,0,0,0,0,0,0,0,0,1,12000000.0,18.541191,-11.4301667,0.0,0.0,0.0,,0.0,0.0,43.10962,62.947603,65.78691699837881,8.537393682594997,9.28004751194318,0.5658565091250559,2.5058173948193914,12000.0002298
SCHOOL_51,0,0,0,0,0,0,0,0,0,0,1,12000000.0,16.921686499999993,-15.6575044,0.0,0.0,0.0,,0.0,0.0,50.650106,60.304133,70.27071481769609,8.689242757601317,9.825866226294377,0.5999295474436621,2.8039360000828597,12000.0002298
SCHOOL_52,0,0,0,0,0,0,0,0,0,0,1,12000000.0,17.967067439999997,-15.96885173,0.0,0.0,0.0,,0.0,0.0,30.921546,56.131866,53.83156696117979,7.186850945374335,10.339783783354308,0.4840844507541398,1.9792302614238604,12000.0002298
SCHOOL_53,0,0,0,0,0,0,0,0,0,0,1,844400.0,18.004221329999996,-15.93710097,0.0,0.0,0.0,,0.0,0.0,1.428449,14.596629,8.36898760989874,1.4945065192423916,0.842656948104276,1.0382609603951214,0.2353423316871237,844.4000161702601
SCHOOL_54,0,0,0,0,0,0,0,0,0,0,1,2721200.0,18.01438165,-15.9902888,0.0,0.0,0.0,,0.0,0.0,4.279731,47.039989,26.74310867358195,4.797813759691415,2.728757533559695,1.0314412363835015,0.7476406953493,2721.20005211098
SCHOOL_55,0,0,0,0,0,0,0,0,0,0,1,2699000.0,18.0158703,-15.93826758,0.0,0.0,0.0,,0.0,0.0,4.566188,46.656263,26.75048937625079,4.7769912048828465,2.6937827286153913,1.0382795735603234,0.7522682349461784,2699.0000516858504
SCHOOL_56,0,0,0,0,0,0,0,0,0,0,1,746400.0,18.01828928,-15.983670169999998,0.0,0.0,0.0,,0.0,0.0,1.173952,12.9026,7.335231413563428,1.3159995411740115,0.7485770609940198,1.0314574465568735,0.2048780800572947,746.4000142935599
SCHOOL_57,0,0,0,0,0,0,0,0,0,0,1,746400.0,18.01888997,-15.987762950000002,0.0,0.0,0.0,,0.0,0.0,1.173734,12.902591,7.335238072950296,1.3159910262146677,0.7483701571356659,1.0314242331272074,0.2049654018266377,746.4000142935599
SCHOOL_58,0,0,0,0,0,0,0,0,0,0,1,2513600.0,18.022306129999997,-15.930544590000002,0.0,0.0,0.0,,0.0,0.0,4.252584,43.451471,24.91328163802225,4.448859288696634,2.5089323337019938,1.0382915110787938,0.7007756429007495,2513.6000481354404
SCHOOL_59,0,0,0,0,0,0,0,0,0,0,1,732700.0,18.032624499999997,-15.923688879999998,0.0,0.0,0.0,,0.0,0.0,1.239632,12.665749,7.261985402716957,1.2968163415626697,0.731190630317625,1.0382715458107734,0.2042039022272674,732.700014031205
SCHOOL_60,0,0,0,0,0,0,0,0,0,0,1,1330400.0,18.040514219999995,-15.88938138,0.0,0.0,0.0,,0.0,0.0,4.695732,7.881172,7.616632978904479,1.0320619521977232,1.1150263622556609,0.5957400024279987,0.2977653887921317,1330.4000254771597
SCHOOL_61,0,0,0,0,0,0,0,0,0,0,1,1892000.0,18.04655904,-15.88627482,0.0,0.0,0.0,,0.0,0.0,6.678109,11.207678,10.832115764186891,1.4676618243124673,1.585564164416263,0.5957352613151332,0.4236414819435105,1892.0000362318
SCHOOL_62,0,0,0,0,0,0,0,0,0,0,1,840000.0,18.05074868,-15.88465285,0.0,0.0,0.0,,0.0,0.0,7.453394,4.451471,7.793084766364235,0.8561611843480644,0.6386154881864026,0.8910775384884678,0.3482166949017367,840.0000160860001
SCHOOL_63,0,0,0,0,0,0,0,0,0,0,1,840000.0,18.055854219999997,-15.8764464,0.0,0.0,0.0,,0.0,0.0,7.453176,4.451896,7.793220300481769,0.8561489186664943,0.6389612819830051,0.8911218760233923,0.3482409453262066,840.0000160860001
SCHOOL_64,0,0,0,0,0,0,0,0,0,0,3,3832799.999999999,18.05893090339188,-15.855927599955594,0.0,0.0,0.0,,0.0,0.0,34.008681,20.311484,35.55928005860333,3.906437958383869,2.914149305072796,0.8910834405638415,1.589275271544723,3832.800073398119
SCHOOL_65,0,0,0,0,0,0,0,0,0,0,1,1486300.0,18.119206550000005,-15.90902733,0.0,0.0,0.0,,0.0,0.0,5.283749,9.167821,8.738536705725153,1.1858710184197585,1.2357611346622803,0.6104144100747844,0.3244748288260812,1486.300028462645
SCHOOL_66,0,0,0,0,0,0,0,0,0,0,1,12000000.0,15.867612200000003,-12.0430334,0.0,0.0,0.0,,0.0,0.0,34.566766,64.065584,59.66909230524091,8.20968987410691,10.07275790321371,0.5277020875244268,2.321290038229208,12000.0002298
SCHOOL_67,0,0,0,0,0,0,0,0,0,0,1,12000000.0,15.914384769999998,-11.87683585,0.0,0.0,0.0,,0.0,0.0,84.192919,55.446243,88.84787151055195,11.252146027850957,9.376544885392205,0.7307942653376953,4.739146512216701,12000.0002298
SCHOOL_68,0,0,0,0,0,0,0,0,0,0,1,840000.0,15.915412919999998,-11.76670894,0.0,0.0,0.0,,0.0,0.0,3.574548,4.402703,4.9298504428543115,0.6287662056875231,0.6691332582065077,0.6016539962661946,0.1917174032812318,840.0000160860001
SCHOOL_69,0,0,0,0,0,0,0,0,0,0,1,745300.0,15.9304671,-11.81192259,0.0,0.0,0.0,,0.0,0.0,1.328306,23.735473,12.734116297058158,2.3738975941430933,0.7285157535516106,1.7408071953002178,0.3409697758138068,745.3000142724951
SCHOOL_70,0,0,0,0,0,0,0,0,0,0,1,938300.0,15.975671770000003,-11.74273095,0.0,0.0,0.0,,0.0,0.0,3.304757,5.103315,5.15974018930132,0.6853036093513911,0.7623005216533096,0.571089163067215,0.207474892883038,938.300017968445
SCHOOL_71,0,0,0,0,0,0,0,0,0,0,1,3985400.0,15.9993104,-11.824937990000002,0.0,0.0,0.0,,0.0,0.0,15.888976,21.798921,23.27101581436604,3.0083954934984702,3.148782621974461,0.5994097069757938,0.8969198211786252,3985.40007632041
SCHOOL_72,0,0,0,0,0,0,0,0,0,0,1,12000000.0,18.256144660000004,-11.81826451,0.0,0.0,0.0,,0.0,0.0,60.015441,63.527094,78.15793717028318,9.902875383451864,9.037556875272658,0.6526397360035296,3.562058715570942,12000.0002298
SCHOOL_73,0,0,0,0,0,0,0,0,0,0,1,12000000.0,18.4512781,-12.0485252,0.0,0.0,0.0,,0.0,0.0,68.061398,75.214021,89.59217871501122,11.13611259824695,8.913166206366125,0.74002125235199,3.581630058907157,12000.0002298
SCHOOL_74,0,0,0,0,0,0,0,0,0,0,1,7006200.0,19.533953800000003,-12.103247799999998,0.0,0.0,0.0,,0.0,0.0,21.557738,30.163273,32.26082460414449,4.141741034898696,5.533620400975505,0.4864515832602568,1.2311981549517603,7006.20013416873
SCHOOL_75,0,0,0,0,0,0,0,0,0,0,1,1797500.0,15.29265041,-12.50497077,0.0,0.0,0.0,,0.0,0.0,5.459878,10.232819,9.505918537006051,1.300132950178727,1.4850964317887974,0.5564535854617628,0.3451255908054644,1797.500034422125
SCHOOL_76,0,0,0,0,0,0,0,0,0,0,1,9245800.0,15.32814421,-12.463612870000002,0.0,0.0,0.0,,0.0,0.0,40.423099,52.502309,57.956246818200626,7.415070387226599,7.297876274819185,0.6364638602500855,2.3872566432018822,9245.800177057068
SCHOOL_77,0,0,0,0,0,0,0,0,0,0,1,12000000.0,15.71038496,-12.49733486,0.0,0.0,0.0,,0.0,0.0,41.137423,66.033274,65.82078552316626,8.72415564646799,9.77627658058386,0.5712105900805755,2.4553302028909156,12000.0002298
SCHOOL_78,0,0,0,0,0,0,0,0,0,0,1,12000000.0,15.93606544,-12.28242288,0.0,0.0,0.0,,0.0,0.0,55.154716,61.057783,72.34906615549902,9.134794220172775,9.347505261603384,0.6116821336480002,3.165097473597411,12000.0002298
SCHOOL_79,0,0,0,0,0,0,0,0,0,0,1,12000000.0,17.876120339999996,-12.335185450000004,0.0,0.0,0.0,,0.0,0.0,54.949603,56.240273,70.0897688168819,8.557784382163161,9.17449323153568,0.5931842072300219,2.8069006205332334,12000.0002298
SCHOOL_80,0,0,0,0,0,0,0,0,0,0,1,12000000.0,17.974693,-12.25067629,0.0,0.0,0.0,,0.0,0.0,81.479972,59.772973,90.76462615435229,10.473774629312995,8.747365767439963,0.7391353950536576,4.052900136327461,12000.0002298
SCHOOL_81,0,0,0,0,0,0,0,0,0,0,2,1680000.0,20.45161750627135,-12.361251840530992,0.0,0.0,0.0,,0.0,0.0,11.747788,11.136434,14.025586529852356,1.9296343250247996,1.2824384441847978,0.8214732704285087,0.7549652861991067,1680.0000321720001
SCHOOL_82,0,0,0,0,0,0,0,0,0,0,1,2945900.0,20.467923179999993,-12.37157446,0.0,0.0,0.0,,0.0,0.0,20.601768,19.52569,24.594167783852143,3.38358632978027,2.2484750992170004,0.8214647883376922,1.3239274714386575,2945.9000564139847
SCHOOL_83,0,0,0,0,0,0,0,0,0,0,1,5886700.0,15.682826560000004,-12.74369784,0.0,0.0,0.0,,0.0,0.0,11.443112,87.666241,52.69733950697543,9.13787215793492,5.4290566697581655,0.9348877872763348,1.535292062268255,5886.700112730305
SCHOOL_84,0,0,0,0,0,0,0,0,0,0,1,7652500.0,15.6869415,-12.70817272,0.0,0.0,0.0,,0.0,0.0,14.875002,113.960946,68.5020452428937,11.878807718573787,7.0555677398029975,0.9348533518858152,1.9942436075465584,7652.500146545374
SCHOOL_85,0,0,0,0,0,0,0,0,0,0,1,12000000.0,16.07863934,-12.86315615,0.0,0.0,0.0,,0.0,0.0,37.824716,72.836232,66.20120124134706,9.195442463655942,9.897513755222604,0.5784842565281367,2.3858082187466585,12000.0002298
SCHOOL_86,0,0,0,0,0,0,0,0,0,0,1,12000000.0,16.15642709,-12.99093928,0.0,0.0,0.0,,0.0,0.0,67.297516,58.854382,80.1086565056393,9.827349311511616,9.124659079231677,0.6660347070184472,3.6045872706197377,12000.0002298
SCHOOL_87,0,0,0,0,0,0,0,0,0,0,1,12000000.0,17.59258673,-12.84056605,0.0,0.0,0.0,,0.0,0.0,18.836707,207.437038,117.46267621379,21.155493051121105,12.07056533925396,1.028537929115362,3.278704213724693,12000.0002298
SCHOOL_88,0,0,0,0,0,0,0,0,0,0,1,12000000.0,17.245263199999997,-15.1854699,0.0,0.0,0.0,,0.0,0.0,21.167499,382.163162,204.9255428847703,38.20934810215782,11.849062025904868,1.7408246082264804,5.4890135079722455,12000.0002298
SCHOOL_89,0,0,0,0,0,0,0,0,0,0,1,12000000.0,17.551325319999997,-14.690946920000002,0.0,0.0,0.0,,0.0,0.0,30.187742,178.198436,112.29850471319531,18.961012314784224,10.67853402165366,0.966619589082154,3.40215561099885,12000.0002298
SCHOOL_90,0,0,0,0,0,0,0,0,0,0,1,1252800.0,17.5644189,-15.0463817,0.0,0.0,0.0,,0.0,0.0,4.236306,5.556483,6.009307239556453,0.8037075028691402,1.040990643766422,0.506489999063583,0.2755953909230279,1252.8000239911198
SCHOOL_91,0,0,0,0,0,0,0,0,0,0,1,12000000.0,17.569822499999997,-15.041112,0.0,0.0,0.0,,0.0,0.0,40.592199,53.206156,57.560539286914256,7.698239744723416,9.968343506185764,0.5064683013458078,2.6400981998940822,12000.0002298
SCHOOL_92,0,0,0,0,0,0,0,0,0,0,1,5301200.0,17.965973749999996,-15.51643733,0.0,0.0,0.0,,0.0,0.0,26.647164,41.440313,42.28153218320095,5.526324285151351,4.265473227585853,0.7967695877282432,1.626669845253438,5301.20010151798
SCHOOL_93,0,0,0,0,0,0,0,0,0,0,1,2499500.0,18.0115916,-15.465909599999998,0.0,0.0,0.0,,0.0,0.0,12.439458,19.583246,19.87647534287438,2.5998378408813676,2.01637596368062,0.7949060570586468,0.7628701638125308,2499.500047865425
SCHOOL_94,0,0,0,0,0,0,0,0,0,0,1,8496100.0,18.14864904,-15.91521803,0.0,0.0,0.0,,0.0,0.0,30.19204,52.41057,49.951997655319914,6.778761505221182,7.064273351834551,0.610418553604992,1.8548017616857475,8496.100162700313
SCHOOL_95,0,0,0,0,0,0,0,0,0,0,1,12000000.0,16.22331138,-13.18075943,0.0,0.0,0.0,,0.0,0.0,46.136526,58.671851,65.92421130648036,8.37924868036275,9.516951881971988,0.5661060213648826,2.6861109827183216,12000.0002298
SCHOOL_96,0,0,0,0,0,0,0,0,0,0,1,12000000.0,20.484717210000003,-13.0614369,0.0,0.0,0.0,,0.0,0.0,64.259054,71.410159,84.85622231056487,10.578186457112912,9.026763933248445,0.7052645730655944,3.3826716501014777,12000.0002298
SCHOOL_97,0,0,0,0,0,0,0,0,0,0,1,11385100.0,20.51914179,-13.06120792,0.0,0.0,0.0,,0.0,0.0,18.365487,362.603197,192.93156253888617,36.145383723053186,11.38954454330834,1.7306628990054826,5.137836608993083,11385.100218024661
SCHOOL_98,0,0,0,0,0,0,0,0,0,0,1,1443600.0,22.173002259999997,-12.676594369999998,0.0,0.0,0.0,,0.0,0.0,5.000417,7.001128,7.539754645049782,0.9621508261647356,1.1324550396296724,0.5416249593437208,0.2959917257225103,1443.60002764494
SCHOOL_99,0,0,0,0,0,0,0,0,0,0,1,12000000.0,16.5069111,-10.798958,0.0,0.0,0.0,,0.0,0.0,53.31394,95.876337,91.89413010860824,12.299709472503997,9.465314052351728,0.7690800718113266,3.4346168913930777,12000.0002298
SCHOOL_100,0,0,0,0,0,0,0,0,0,0,1,2221600.0,15.897046089999998,-11.635883310000002,0.0,0.0,0.0,,0.0,0.0,7.885725,12.357985,12.388757757125015,1.6499819196790844,1.781865905307752,0.578430417557474,0.4729350516873147,2221.6000425436405
SCHOOL_101,0,0,0,0,0,0,0,0,0,0,1,12000000.0,15.931883570000002,-11.28702137,0.0,0.0,0.0,,0.0,0.0,42.183739,57.720635,62.21889621874787,8.014212611144247,9.65286210195882,0.5405095734869498,2.420152318273467,12000.0002298
SCHOOL_102,0,0,0,0,0,0,0,0,0,0,1,2008100.0,15.93980265,-11.69028917,0.0,0.0,0.0,,0.0,0.0,7.459398,9.973083,10.800058000765196,1.387847189238185,1.580903810680848,0.5566702584656671,0.4179615755112111,2008.100038455115
SCHOOL_103,0,0,0,0,0,0,0,0,0,0,1,840000.0,15.94815814,-11.66490615,0.0,0.0,0.0,,0.0,0.0,3.120312,4.171795,4.517731160326328,0.5805442345818862,0.6612705870642871,0.5566673650026311,0.1748372795829446,840.0000160860001
SCHOOL_104,0,0,0,0,0,0,0,0,0,0,1,12000000.0,15.96877083,-11.49542499,0.0,0.0,0.0,,0.0,0.0,19.561304,207.437861,118.43220995804045,21.196261937738665,11.906788089779004,1.0341433585110589,3.321859593700457,12000.0002298
SCHOOL_105,0,0,0,0,0,0,0,0,0,0,1,11981500.0,16.07950878,-11.58764104,0.0,0.0,0.0,,0.0,0.0,42.928507,57.974737,63.66027546566979,8.045139153819221,9.526027237997328,0.5505834293394595,2.443490779180316,11981.500229445724
SCHOOL_106,0,0,0,0,0,0,0,0,0,0,1,5117600.0,18.54770531,-11.44486044,0.0,0.0,0.0,,0.0,0.0,18.385271,26.844387,28.055847567572364,3.6408825142198378,3.956903713806343,0.5658452556744696,1.0684972542176818,5117.60009800204
SCHOOL_107,0,0,0,0,0,0,0,0,0,0,1,12000000.0,18.549594909999996,-11.40919262,0.0,0.0,0.0,,0.0,0.0,43.108296,62.947487,65.7853686928402,8.537322590798455,9.274668232531544,0.5658105884819826,2.505400063494434,12000.0002298
SCHOOL_108,0,0,0,0,0,0,0,0,0,0,1,1988200.0,18.555248369999997,-11.4415919,0.0,0.0,0.0,,0.0,0.0,8.417268,10.588064,11.76109744147195,1.5019753503916686,1.5381937594853634,0.6041422170109458,0.4554678548900912,1988.20003807403
SCHOOL_109,0,0,0,0,0,0,0,0,0,0,1,6347400.0,20.93189132,-11.6183032,0.0,0.0,0.0,,0.0,0.0,40.862972,30.825504,45.85405798104161,5.473344595492714,4.665507488224053,0.7095695666271933,2.201079242944082,6347.4001215527105
SCHOOL_110,0,0,0,0,0,0,0,0,0,0,1,2481700.0,15.834249299999996,-5.807194200000002,0.0,0.0,0.0,,0.0,0.0,10.551172,46.961779,31.58211145228827,5.2179626525218605,1.8474100792202397,1.267015103327635,1.0934540370074528,2481.700047524555
SCHOOL_111,0,0,0,0,0,0,0,0,0,0,1,840000.0,15.834361380000002,-5.798729810999999,0.0,0.0,0.0,,0.0,0.0,1.434618,12.326498,7.276362946981688,1.274900967031077,0.7981216734855526,0.9111160544745458,0.2087064706494566,840.0000160860001
SCHOOL_112,0,0,0,0,0,0,0,0,0,0,1,12000000.0,15.836094100000006,-5.785908800000004,0.0,0.0,0.0,,0.0,0.0,20.494268,176.095443,103.94920746294888,18.21296849375074,11.402819110381005,0.9111296323505138,2.98191884553693,12000.0002298
SCHOOL_113,0,0,0,0,0,0,0,0,0,0,1,840000.0,15.836706800000002,-5.794993215999998,0.0,0.0,0.0,,0.0,0.0,1.434527,12.326544,7.2763743302615955,1.2749038694476198,0.7981093365620947,0.911117490598596,0.2086940116540287,840.0000160860001
SCHOOL_114,0,0,0,0,0,0,0,0,0,0,1,12000000.0,15.83852749,-5.790088921000001,0.0,0.0,0.0,,0.0,0.0,20.492293,176.092439,103.9480338088918,18.21288283270287,11.400692724966484,0.91110902524825,2.981486554400804,12000.0002298
SCHOOL_115,0,0,0,0,0,0,0,0,0,0,1,2481700.0,15.83912124,-5.80030671,0.0,0.0,0.0,,0.0,0.0,10.548618,46.965161,31.582185426796848,5.217837759286201,1.8474587419187511,1.267021187501033,1.093271447508016,2481.700047524555
SCHOOL_116,0,0,0,0,0,0,0,0,0,0,1,2481700.0,15.8392035,-5.806750900000002,0.0,0.0,0.0,,0.0,0.0,10.548343,46.965552,31.582587590304744,5.217581603359613,1.846985765344039,1.2670113415423256,1.0932363104187224,2481.700047524555
SCHOOL_117,0,0,0,0,0,0,0,0,0,0,1,840000.0,15.840401909999995,-5.794890609999999,0.0,0.0,0.0,,0.0,0.0,1.43455,12.326352,7.276328807159653,1.2748958288832524,0.7979802152721758,0.9110985444147988,0.2087014023591047,840.0000160860001
SCHOOL_118,0,0,0,0,0,0,0,0,0,0,1,12000000.0,15.841503160000004,-5.791497111999998,0.0,0.0,0.0,,0.0,0.0,20.494131,176.096776,103.94946034833627,18.213021840626105,11.404802668243576,0.911147345966386,2.981669920676521,12000.0002298
SCHOOL_119,0,0,0,0,0,0,0,0,0,0,1,12000000.0,15.55094688,-7.029317449000001,0.0,0.0,0.0,,0.0,0.0,19.86634,382.166306,203.6419110652206,38.136018912058184,11.781688819383104,1.7313770132398825,5.418708370037325,12000.0002298
SCHOOL_120,0,0,0,0,0,0,0,0,0,0,1,12000000.0,16.30809219,-7.040032941000001,0.0,0.0,0.0,,0.0,0.0,52.939269,59.432253,71.02891298572627,9.068159337025705,8.919025842614838,0.5991557228293666,3.145114888310666,12000.0002298
SCHOOL_121,0,0,0,0,0,0,0,0,0,0,1,12000000.0,15.446450000000006,-9.7716,0.0,0.0,0.0,,0.0,0.0,28.973711,207.461045,125.79461741554934,21.730723526550115,10.616893533483074,1.0776802610193048,3.689126300302555,12000.0002298
SCHOOL_122,0,0,0,0,0,0,0,0,0,0,1,12000000.0,15.520042949999995,-9.482429858,0.0,0.0,0.0,,0.0,0.0,33.275301,68.458093,61.059080119223594,8.526554138741039,9.796788748631,0.5380598592966529,2.267697369774147,12000.0002298
SCHOOL_123,0,0,0,0,0,0,0,0,0,0,2,3955200.0,15.557321700000044,-9.234280200000088,0.0,0.0,0.0,,0.0,0.0,9.443019,23.306018,19.56892339123565,2.79162599927441,3.3212240508237025,0.5292169784716588,0.68248220853881,3955.200075742079
SCHOOL_124,0,0,0,0,0,0,0,0,0,0,1,12000000.0,15.588606600000007,-9.8400063,0.0,0.0,0.0,,0.0,0.0,42.139503,57.44151,61.7851713767183,7.948847176914547,9.418674936090651,0.5357925252050696,2.362922118451599,12000.0002298
SCHOOL_125,0,0,0,0,0,0,0,0,0,0,1,12000000.0,15.690968899999998,-9.3274034,0.0,0.0,0.0,,0.0,0.0,41.697681,61.568869,63.66857390856898,8.316987106694747,9.485388145164706,0.5515028604442256,2.4295729338646677,12000.0002298
SCHOOL_126,0,0,0,0,0,0,0,0,0,0,1,12000000.0,16.385567940000005,-9.556146853999998,0.0,0.0,0.0,,0.0,0.0,18.864525,207.43978,117.4610183424885,21.156776832803136,11.91646053233124,1.0274591815062863,3.2788313976546406,12000.0002298
SCHOOL_127,0,0,0,0,0,0,0,0,0,0,2,24000000.0,16.666042230009026,-9.614443899956727,0.0,0.0,0.0,,0.0,0.0,42.801808,764.33459,410.23861176825807,76.44601515054734,22.72962146826943,1.738913058999222,10.97229575266045,24000.0004596
SCHOOL_128,0,0,0,0,0,0,0,0,0,0,1,11676800.0,15.441537599999997,-10.054184500000002,0.0,0.0,0.0,,0.0,0.0,58.548996,215.038049,152.06426346203492,25.191441197685236,9.077864176379745,1.292858645405376,6.031643796670971,11676.80022361072
SCHOOL_129,0,0,0,0,0,0,0,0,0,0,1,12000000.0,16.387633309999995,-10.166649359999996,0.0,0.0,0.0,,0.0,0.0,53.53899,49.100454,65.7494975714666,7.806086978769417,8.984695468575636,0.5570580512533548,2.7027339838065476,12000.0002298
SCHOOL_130,0,0,0,0,0,0,0,0,0,0,1,12000000.0,15.531396600000004,-8.98308075,0.0,0.0,0.0,,0.0,0.0,19.428331,207.438139,118.20166789791338,21.186882690217665,12.060261009046611,1.033620247415958,3.3103834744444858,12000.0002298
SCHOOL_131,0,0,0,0,0,0,0,0,0,0,1,12000000.0,16.24271249,-8.193612108000002,0.0,0.0,0.0,,0.0,0.0,18.529616,207.438034,117.20428500375392,21.138532962240927,11.998753946639912,1.0262181072735823,3.264018330795148,12000.0002298
SPARSE_1,0,2,80,102,4,0,0,0,0,0,0,0.0,25.22916690175001,-11.575000673699977,0.0,938.358154296875,469.1790771484375,AY,0.5839999914169312,0.4657563125281486,148.761161,309.804731,370.1969946763157,54.749050830974014,90.81184093964652,0.5383003789213453,0.1871089733197003,102038.26060870114
SPARSE_2,2,77,85,3,0,0,0,0,0,0,0,0.0,22.875000244500004,-12.304167337449975,0.0,842.2998046875,421.14990234375,AY,-0.4589999914169311,0.4739406855737202,22.099406,209.773768,161.5983174223298,30.691950522876887,23.81293226434066,1.3110104411967165,0.0399486569248852,17557.965678881712
SPARSE_3,0,0,22,51,5,0,0,0,0,0,0,0.0,22.754166911650003,-12.470834003449976,0.0,390.6191711425781,390.6191711425781,AY,0.7699999809265137,0.4739406855737202,109.848281,131.058508,197.98961043767127,26.92184826304722,45.324513290687776,0.542286916998919,0.075705370866027,53075.21816953577
SPARSE_4,0,15,51,7,0,0,0,0,0,0,0,0.0,22.712500245150004,-12.520834003249975,0.0,365.0841369628906,365.0841369628906,AY,-0.0989999994635582,0.4739406855737202,12.981559,156.08747,116.11057419648957,22.55888262680358,15.875388408462635,1.241859260428405,0.0276910453247702,13255.733357202373
SPARSE_5,0,4,83,67,2,0,0,0,0,0,0,0.0,22.67916691195001,-12.712500669149977,0.0,774.9381713867188,774.9381713867188,AY,0.4379999935626983,0.4739406855737202,64.387663,810.484792,598.9187176844057,116.8955980959198,67.58811739261381,1.1890239633952309,0.1384383752061236,70180.5867151493
SPARSE_6,0,5,57,0,0,0,0,0,0,0,0,0.0,21.479166916750003,-6.162500695349975,0.0,311.1124267578125,311.1124267578125,AY,-0.1260000001639127,0.2594622591092472,18.100086,28.745623,38.200286232352745,5.4269435551531355,10.545570740977046,0.7548204018296748,0.0184584233660276,7643.444084427358
SPARSE_7,2,33,84,37,3,0,0,0,0,0,0,0.0,21.295833584150003,-13.066667334399977,0.0,796.03271484375,398.016357421875,AY,0.0379999987781047,0.6887082148106669,88.176065,134.684408,183.27317313748335,25.691868881059182,46.83013851855368,0.565612637828417,0.0873277500669198,48164.20537258835
SPARSE_8,22,59,36,5,0,0,0,0,0,0,0,0.0,21.237500251050005,-14.391667329099976,0.0,617.0844116210938,308.5422058105469,AY,-0.8320000171661377,0.769945441888437,15.011708,84.771908,71.69317888624941,12.893519613058764,15.965422144921504,0.8396134073190779,0.0193291334649592,12756.390799186529
SPARSE_9,0,14,107,191,78,0,0,0,0,0,0,0.0,20.97083358545,-17.020833985249975,0.0,1978.877685546875,1978.877685546875,AY,0.8989999890327454,0.769945441888437,707.979682,953.02006,1339.8342468480964,188.47466089036888,242.03035851351615,0.649243455866947,0.5726637525145752,290407.5167205297
SPARSE_10,0,6,47,78,29,0,0,0,0,0,0,0.0,20.912500252350004,-17.029167318549977,0.0,812.7514038085938,812.7514038085938,AY,0.8489999771118164,0.769945441888437,211.571648,283.108823,410.514361182839,56.132841222007485,98.26465885161416,0.5239911421730903,0.2039285009792952,114815.19871519176
SPARSE_11,7,36,42,11,1,0,0,0,0,0,0,0.0,20.862500252550003,-17.045833985149976,0.0,484.64849853515625,484.64849853515625,AY,-0.3840000033378601,0.769945441888437,32.242189,85.842905,89.32408964896622,14.429509704732425,19.175477526394424,0.7162577194602857,0.0266788858854646,18280.60142656717
SPARSE_12,11,44,41,9,0,0,0,0,0,0,0,0.0,20.854166919250005,-17.062500651749975,0.0,524.937744140625,524.937744140625,AY,-0.5350000262260437,0.769945441888437,19.183567,122.549612,102.25616214818164,18.43653691260605,17.69352135183037,0.9473534682174616,0.0260901609583682,15559.59725642454
SPARSE_13,2,16,32,15,2,0,0,0,0,0,0,0.0,20.81250025275001,-17.045833985149976,0.0,328.4138488769531,328.4138488769531,AY,-0.0006000161170959,0.769945441888437,22.721669,163.588728,133.15006495101656,24.375514395205357,20.316905606340057,0.919513075033039,0.0347459621371897,20601.184385301305
SPARSE_14,12,84,100,20,1,0,0,0,0,0,0,0.0,20.579166920350005,-13.029167334549976,0.0,1085.68017578125,361.8934020996094,AY,-0.3910000026226043,0.6887082148106669,65.968575,127.612214,156.5502406813745,22.9089148016986,39.82793622417367,0.648580063269103,0.0582350416565825,36010.86578244056
SPARSE_15,15,137,209,55,2,0,0,0,0,0,0,0.0,20.533333587200005,-13.020834001249977,0.0,2086.754150390625,521.6885375976562,AY,-0.248999997973442,0.6887082148106669,77.579281,980.665207,725.0283794286397,141.41231186428365,93.81439543313196,1.22000530345934,0.1667336345619558,83839.54668125349
SPARSE_16,18,99,92,14,0,0,0,0,0,0,0,0.0,20.475000254100003,-13.062500667749976,0.0,1115.3486328125,557.67431640625,AY,-0.531000018119812,0.6887082148106669,53.847148,100.848742,125.25383985759709,18.25609012303783,34.4906622058491,0.6434556304184066,0.059996239713081,29461.569151696913
SPARSE_17,0,10,199,246,19,0,0,0,0,0,0,0.0,20.459722476383337,-12.365278448316642,0.0,2371.638916015625,790.5463256835938,AY,0.5870000123977661,0.5310372046408022,367.486552,1086.558234,1089.0094801261498,179.60147691503252,234.61140759756245,0.6134040439314429,0.5526847339991745,260985.46892802295
SPARSE_18,0,0,70,3,0,0,0,0,0,0,0,0.0,19.754166923650004,-14.420833995649977,0.0,365.1571044921875,365.1571044921875,AY,0.3389999866485595,0.0502924832854811,16.377941,80.119677,70.78953973583549,12.362321203031472,14.666720520182183,0.8988891464447594,0.0189980082791188,11591.25091788137
SPARSE_19,0,0,73,15,0,0,0,0,0,0,0,0.0,19.745833590350003,-14.395833995749976,0.0,439.7264099121094,439.7264099121094,AY,0.4129999876022339,0.0502924832854811,41.526176,61.676982,84.14376491807461,11.84686801746694,23.207790941485673,0.5756201838702136,0.0282121853440455,22056.222574801905
SPARSE_20,5,199,473,77,1,0,0,0,0,0,0,0.0,19.541666924500003,-12.108334004899977,0.0,3767.70166015625,941.9254150390624,AY,-0.164000004529953,0.5310372046408022,340.650759,447.229498,645.2015659251426,89.2221786604253,150.86262407210074,0.6840565949715373,0.3183251870554557,137827.21888281687
SPARSE_21,3,24,36,10,1,0,0,0,0,0,0,0.0,18.795833594150004,-11.704167339849974,0.0,368.8234558105469,368.8234558105469,AY,-0.2479999959468841,0.7130741510897146,38.7314,43.420301,68.8085040680227,9.11534435496777,16.384703184183287,0.6320690316148607,0.0326233445230679,15890.433440321834
SPARSE_22,36,140,100,13,0,0,0,0,0,0,0,0.0,18.791666927500003,-11.687500673249977,0.0,1453.218505859375,726.6092529296875,AY,-0.6919999718666077,0.7130741510897146,57.077414,132.784246,147.6476230068965,22.940290734638367,39.65066619152388,0.6895536197845418,0.0727573900090808,32470.837330809074
SPARSE_23,1,23,76,48,5,0,0,0,0,0,0,0.0,18.654166928050003,-11.583334006999976,0.0,763.8734741210938,381.9367370605469,AY,0.231000006198883,0.7130741510897146,113.346351,141.982615,213.0392123373746,28.720289535286852,54.87426299213911,0.5375411224927397,0.0928914381581813,58772.24864437262
SPARSE_24,0,1,22,170,235,0,0,0,0,0,0,0.0,18.5500002618,-11.445834007549976,0.0,2377.919921875,1188.9599609375,AY,1.7039999961853027,0.7130741510897146,1070.081355,1087.060839,1825.5550205085144,236.29408922912776,420.91122284693097,0.5358332473700563,0.8704688420517527,493460.37779563694
SPARSE_25,3,23,30,7,0,0,0,0,0,0,0,0.0,18.53750026185001,-11.429167340949975,0.0,314.8985595703125,314.8985595703125,AY,-0.3260000050067901,0.7130741510897146,26.480666,31.576722,48.396553303726286,6.4940690572784865,11.94262220776634,0.6433876707927848,0.0254871394350376,11062.508012984197
SPARSE_26,17,71,55,8,0,0,0,0,0,0,0,0.0,18.48750026205001,-11.737500673049976,0.0,757.0908203125,757.0908203125,AY,-0.6340000033378601,0.7130741510897146,35.265909,61.451739,78.58805142652355,11.319053598376852,21.69476118211224,0.6546966058513456,0.0370606879911384,18154.594879033375
SPARSE_27,0,18,40,3,0,0,0,0,0,0,0,0.0,18.44583359555001,-9.495834015349974,0.0,305.1429748535156,305.1429748535156,AY,-0.2430000007152557,0.4657563125281486,16.110521,26.942832,35.093555252495264,5.01163920967658,10.548833428672806,0.6255336389050029,0.011951897332307,8625.023160321358
SPARSE_28,1,42,93,8,0,0,0,0,0,0,0,0.0,18.437500262250005,-10.412500678349977,0.0,715.1723022460938,715.1723022460938,AY,-0.2430000007152557,0.4657563125281486,44.964461,65.403268,90.01296089005558,12.637574149438024,25.049239925271092,0.6488915916559678,0.0303441568738782,20961.106970579225
SPARSE_29,11,119,222,78,5,0,0,0,0,0,0,0.0,18.342500262630004,-11.672500673309976,0.0,2180.24169921875,436.04833984375,AY,-0.1159999966621398,0.7130741510897146,95.801691,1259.785856,928.7398580882166,181.35194835478924,115.69936353335837,1.2067674834367823,0.2172778450081476,108197.03011193643
SPARSE_30,0,11,117,45,0,0,0,0,0,0,0,0.0,18.30833359610001,-15.962500656149976,0.0,866.9573974609375,433.4786987304687,AY,0.2110000007475415,0.4630727527393592,60.815142,422.771233,347.1257783419393,63.16790339127055,54.27411554526781,0.9247147575779442,0.0912751400938624,53512.5216772175
SPARSE_31,0,39,85,7,0,0,0,0,0,0,0,0.0,18.312500262750003,-10.762500676949976,0.0,656.3694458007812,656.3694458007812,AY,-0.2430000007152557,0.4657563125281486,31.695424,87.784103,90.13261190284032,14.674679969989173,23.075279028213547,0.7209216214757771,0.0467933003525545,18891.38528483872
SPARSE_32,0,59,211,28,0,0,0,0,0,0,0,0.0,18.26805581848334,-16.009722878183307,0.0,1493.8026123046875,497.9342041015625,AY,-0.0989999994635582,0.4630727527393592,120.835877,206.410581,256.9341865798488,38.22416942760298,59.64064498530457,0.701297650036305,0.1310165700582908,53878.93987932016
SPARSE_33,8,32,23,3,0,0,0,0,0,0,0,0.0,18.254166929650005,-11.812500672749977,0.0,336.193603515625,336.193603515625,AY,-0.6859999895095825,0.7130741510897146,16.092579,25.083368,33.705177697785714,4.759456673746803,9.015604528616905,0.6782607858203159,0.0160319324065166,7455.365834309517
SPARSE_34,0,22,48,4,0,0,0,0,0,0,0,0.0,18.23750026305,-10.929167342949974,0.0,369.4058837890625,369.4058837890625,AY,-0.2430000007152557,0.4657563125281486,25.812354,33.466574,49.07580299684088,6.699874292360517,12.761241182240454,0.6817601690827421,0.0235892935180721,10706.385710635033
SPARSE_35,0,33,72,6,0,0,0,0,0,0,0,0.0,18.212500263150005,-10.654167344049975,0.0,557.4995727539062,557.4995727539062,AY,-0.2430000007152557,0.4657563125281486,32.509132,62.574555,74.37956971255423,11.261661498255105,19.377857433322877,0.696435003002833,0.0369788591944501,16059.578565952545
SPARSE_36,1,254,2433,869,8,0,0,0,0,0,0,0.0,18.165530566368183,-15.898106717013611,0.0,17819.69140625,809.9859619140625,AY,0.1889999955892563,0.4630727527393592,935.80863,12455.1888,9163.363211942107,1789.7475650069796,1131.471913402699,1.2028318562503657,5.150390366558323,1069894.7126646044
SPARSE_37,0,28,641,498,11,0,0,0,0,0,0,0.0,18.155000263380003,-15.999167322669976,0.0,5894.19775390625,589.4197998046875,AY,0.4280000030994415,0.4630727527393592,722.472021,1330.359493,1673.930561411959,241.67608162183652,480.0369855238057,0.4916569442803921,0.7348690497422297,518950.8571139054
SPARSE_38,0,21,219,84,1,0,0,0,0,0,0,0.0,18.151389152283336,-15.956945100616643,0.0,1623.7684326171875,541.2561645507812,AY,0.2110000007475415,0.4630727527393592,143.130038,273.377948,338.3182727217036,49.23506045640381,100.80645003584524,0.5125813302763459,0.1477100655271935,101471.75457014576
SPARSE_39,13,90,111,26,1,0,0,0,0,0,0,0.0,18.14583359675,-11.920834005649976,0.0,1208.3265380859375,1208.3265380859375,AY,-0.3619999885559082,0.7130741510897146,69.225433,119.498633,153.96337854099465,22.048158972934427,46.867978638127504,0.5543838847665078,0.0501424792542722,42821.44130702875
SPARSE_40,2,145,341,29,0,0,0,0,0,0,0,0.0,18.112500263550004,-15.904167323049975,0.0,2583.7412109375,861.2470703125,AY,-0.2259999960660934,0.4630727527393592,118.938321,230.76927,280.5316613487421,41.39002590554673,91.50654268384338,0.5790330388105895,0.08900944657032,76050.61145820323
SPARSE_41,1,660,5833,1932,16,0,0,0,0,0,0,0.0,18.057197233468184,-15.859975404034824,0.0,42209.98046875,1279.09033203125,AY,0.1659999936819076,0.4630727527393592,7529.349192,6122.629409,11637.083034055771,1450.559281177609,2345.0776839987448,0.6748173358484548,4.315198262263832,2435758.5343561475
SPARSE_42,0,14,312,230,5,0,0,0,0,0,0,0.0,18.049166930470005,-16.012500655949975,0.0,2804.81884765625,560.9637451171875,AY,0.4120000004768371,0.4630727527393592,399.219003,1036.713985,1082.318964578548,175.2425328774887,220.81875141522067,0.6514618037678972,0.53157460229664,241679.85275205201
SPARSE_43,0,0,33,107,13,0,0,0,0,0,0,0.0,18.05416693045,-15.912500656349977,0.0,765.0004272460938,765.0004272460938,AY,0.8669999837875366,0.4630727527393592,90.635017,1176.696272,866.8633013436271,169.4672204010851,102.78866161197136,1.0703243971594834,0.2110374021660916,113363.36090749745
SPARSE_44,1,28,39,2,0,0,0,0,0,0,0,0.0,18.045833597150004,-15.795833990149976,0.0,347.69757080078125,347.69757080078125,AY,-0.3849999904632568,0.4630727527393592,7.716979,97.774752,72.93807472717006,14.09690976782983,11.083535759504352,1.2733822484629265,0.018726228498663,8207.459398011855
SPARSE_45,0,80,1424,891,16,0,0,0,0,0,0,0.0,18.012500263950002,-15.93055621183331,0.0,12052.005859375,2008.6676025390625,AY,0.3610000014305115,0.4630727527393592,788.403107,10119.475878,7465.572624699179,1457.684080977862,954.148343298702,1.0953094084708368,2.5845099130103297,960487.7543866372
SPARSE_46,0,54,122,1,0,0,0,0,0,0,0,0.0,18.029166930550005,-15.766667323599975,0.0,881.4863891601562,440.7431945800781,AY,-0.3179999887943268,0.3348532994155291,19.099762,232.971047,174.7561150535508,33.648074624446366,28.008087586355376,1.2969250058586037,0.0414709274675585,19416.833724335054
SPARSE_47,0,60,127,1,0,0,0,0,0,0,0,0.0,18.020833597250004,-15.741667323699977,0.0,942.8468627929688,471.4234313964844,AY,-0.3330000042915344,0.3348532994155291,19.929583,244.465097,183.3062912367324,35.298468467045545,29.158432978908017,1.2954554643607266,0.0440208692643234,20372.136193424223
SPARSE_48,1,154,919,209,1,0,0,0,0,0,0,0.0,17.998214549721432,-16.018453036878547,0.0,6418.55859375,916.9369506835938,AY,0.0529999993741512,0.4630727527393592,741.191178,801.341039,1294.6165426810876,170.32451725027025,309.80905461875045,0.6217315690640696,0.625166545767549,304004.9968986565
SPARSE_49,0,14,495,560,20,0,0,0,0,0,0,0.0,18.00416693065,-15.987500656049976,0.0,5446.73583984375,1815.57861328125,AY,0.5450000166893005,0.4630727527393592,448.715335,5917.82641,4340.6494731508365,849.0565769142229,533.2878033734399,1.0790357645124715,3.621286361650582,564692.4577167083
SPARSE_50,0,62,120,1,0,0,0,0,0,0,0,0.0,18.00416693065,-15.683333990599976,0.0,915.359619140625,457.6798095703125,AY,-0.3529999852180481,0.3348532994155291,28.358497,68.464701,76.56690077781539,11.721348372979428,27.04001091576435,0.6277916681247168,0.0232983366931832,19567.34431804272
SPARSE_51,0,154,1660,659,7,0,0,0,0,0,0,0.0,17.958013084680772,-15.97339809200382,0.0,12403.8984375,954.1460571289062,AY,0.221000000834465,0.4630727527393592,1662.564119,2140.959181,3157.7778638381437,429.3424600625602,749.579390978077,0.587057825129483,1.4773058395255254,786737.6611372023
SPARSE_52,0,24,54,1,0,0,0,0,0,0,0,0.0,17.979166930750004,-15.587500657649976,0.0,390.8382873535156,390.8382873535156,AY,-0.3190000057220459,0.3348532994155291,19.270986,32.585797,42.161043768859706,6.04815681906363,11.903935939631223,0.7060559205719269,0.0203888048025953,9067.392221387357
SPARSE_53,0,33,29,0,0,0,0,0,0,0,0,0.0,17.979166930750004,-15.537500657849977,0.0,311.5810241699219,311.5810241699219,AY,-0.5149999856948853,0.3348532994155291,11.228685,21.212116,26.18892106761061,3.830417366406108,7.628602893347448,0.7359106037177189,0.0115475139848899,5448.56808548468
SPARSE_54,0,100,240,12,0,0,0,0,0,0,0,0.0,17.976389152983337,-12.248611782116642,0.0,1758.4180908203125,586.1393432617188,AY,-0.2549999952316284,0.4138613739786799,70.047135,252.697936,238.6084086551924,40.49987996282663,59.3638360004003,0.7785394936248381,0.1081179302196375,46302.341037928796
SPARSE_55,0,0,234,998,22,0,0,0,0,0,0,0.0,17.96111137526667,-15.529167324549976,0.0,6269.1689453125,1044.8614501953125,AY,0.8050000071525574,0.3348532994155291,1762.371686,2875.931918,3803.8458090965246,538.8582185123383,765.5710248554246,0.6038744664303164,1.831147479814393,900889.1106229165
SPARSE_56,0,49,33,0,0,0,0,0,0,0,0,0.0,17.962500264150002,-15.479167324749977,0.0,410.8246765136719,410.8246765136719,AY,-0.5759999752044678,0.3348532994155291,15.964838,23.612315,32.437793551849325,4.546039376636636,9.442866718017925,0.7285825361623002,0.015838829973655,6786.413302202681
SPARSE_57,0,4,46,12,0,0,0,0,0,0,0,0.0,17.954166930850004,-12.245834004349977,0.0,310.5938720703125,310.5938720703125,AY,0.1539999991655349,0.4138613739786799,24.966871,78.681484,77.20459235571484,12.86804575782874,16.91401916919053,0.7014913208227498,0.0361947826521948,16242.759114939048
SPARSE_58,0,176,278,2,0,0,0,0,0,0,0,0.0,17.94305581978334,-15.465278435916645,0.0,2278.7255859375,759.5751953125,AY,-0.3939999938011169,0.3348532994155291,108.332012,166.496211,224.6889053620069,31.720677872734335,62.685193932667985,0.7273501545014724,0.1080648867522393,46722.76068198979
SPARSE_59,0,3,63,7,0,0,0,0,0,0,0,0.0,17.904166931050003,-15.387500658449976,0.0,368.6664123535156,368.6664123535156,AY,0.0780000016093254,0.3348532994155291,12.395946,167.379148,123.82331062654868,24.067957762496498,17.147935518010467,1.2383086427494203,0.0302448260157027,14196.39449960638
SPARSE_60,0,14,244,27,0,0,0,0,0,0,0,0.0,17.868750264525005,-15.983333989399975,0.0,1421.356201171875,355.33905029296875,AY,0.0689999982714653,0.3348532994155291,62.317205,162.066991,174.18692142982982,27.35868378109892,64.47200989401412,0.5150756911429418,0.0522254564687195,55011.50289888684
SPARSE_61,0,22,604,321,2,0,0,0,0,0,0,0.0,17.879166931150003,-12.333334003999976,0.0,4743.55859375,2371.779296875,AY,0.3370000123977661,0.4138613739786799,577.306916,1026.554107,1282.5270111107995,188.00656701401172,334.16581601490486,0.5462330539591141,0.4223534949477108,351904.38998137193
SPARSE_62,0,33,59,0,0,0,0,0,0,0,0,0.0,17.845833597950005,-15.979167322749976,0.0,462.6924133300781,462.6924133300781,AY,-0.3680000007152557,0.3348532994155291,10.909937,33.655024,34.40733972602289,5.517167999938132,13.315297368537523,0.6073730571875265,0.0108986193254368,9336.658195369691
SPARSE_63,12,91,119,30,1,0,0,0,0,0,0,0.0,17.834722486883337,-11.576389562583309,0.0,1267.56494140625,422.5216369628906,AY,-0.3230000138282776,0.7130741510897146,41.778366,510.557079,379.5751387488025,73.73380039276375,53.877092343067176,1.143890920601342,0.0896691653111828,47228.62708288192
SPARSE_64,4,51,126,60,5,0,0,0,0,0,0,0.0,17.816666931400004,-11.562500673749977,0.0,1229.05517578125,614.527587890625,AY,0.0599999986588954,0.7130741510897146,67.186713,815.28856,606.3235251331771,117.7826991594898,79.0527262755934,1.1127642085926517,0.1426236638573179,76881.29070873102
SPARSE_65,0,5,57,4,0,0,0,0,0,0,0,0.0,17.812500264750003,-15.979167322749976,0.0,328.986083984375,328.986083984375,AY,-0.0149999996647238,0.3348532994155291,12.795625,34.565455,37.11544801284598,5.795102560102326,13.549433524819278,0.5466090678048061,0.0110759958138228,11002.1649664047
SPARSE_66,0,22,71,1,0,0,0,0,0,0,0,0.0,17.787500264850003,-15.979167322749976,0.0,472.9102478027344,472.9102478027344,AY,-0.2456249929382465,0.3348532994155291,10.802173,39.1621,38.06786505721253,6.267626922690877,15.743394468343476,0.573003346356474,0.0111243837670248,11168.214133397201
SPARSE_67,0,28,37,0,0,0,0,0,0,0,0,0.0,17.770833598250004,-15.979167322749976,0.0,326.08740234375,326.08740234375,AY,-0.4289999902248382,0.3348532994155291,5.930952,22.498308,21.59460078385416,3.578684275771797,9.123534949958604,0.5864541474579886,0.0062099745192984,6229.319239141516
SPARSE_68,0,24,43,0,0,0,0,0,0,0,0,0.0,17.762500264950006,-15.595833990949975,0.0,339.1380920410156,339.1380920410156,AY,-0.3680000007152557,0.3348532994155291,6.08002,47.431985,38.06195056257293,7.027714068032407,9.990626977712198,0.8625159656115601,0.0110148078897863,6802.078960601852
SPARSE_69,3,50,16,0,0,0,0,0,0,0,0,0.0,17.754166931650005,-12.504167336649974,0.0,345.27984619140625,345.27984619140625,AY,-0.7919999957084656,0.4138613739786799,7.968369,16.941439,19.749519301067547,2.977069075659413,6.90151421886283,0.6639512691966775,0.0061603715389109,4753.097946731674
SPARSE_70,0,22,60,1,0,0,0,0,0,0,0,0.0,17.745833598350004,-15.987500656049976,0.0,410.7136535644531,410.7136535644531,AY,-0.2809999883174896,0.3348532994155291,9.609211,116.663862,87.55688261812558,16.852629157259603,13.695646782384358,1.2912629904375743,0.0216375953590289,9742.581093106028
SPARSE_71,0,19,133,1,0,0,0,0,0,0,0,0.0,17.7333335984,-14.979167326749977,0.0,762.8397827148438,381.4198913574219,AY,-0.1689999997615814,0.2759210890935877,40.824146,80.110284,94.20050376546249,14.353223972002688,25.18215862118112,0.7476495012160197,0.0478326876136885,19049.956635105398
SPARSE_72,1,147,82,0,0,0,0,0,0,0,0,0.0,17.720833598450003,-15.987500656049976,0.0,1150.7216796875,383.5738830566406,AY,-0.6129999756813049,0.3348532994155291,18.375136,218.899633,164.75936614400257,31.65073705375544,26.7844199787303,1.306597192350032,0.0389337631739729,18195.56255489587
SPARSE_73,0,35,75,0,0,0,0,0,0,0,0,0.0,17.720833598450003,-14.520833995249976,0.0,549.771728515625,549.771728515625,AY,-0.3610000014305115,0.2759210890935877,23.263272,40.363525,50.971995621630874,7.437692838285527,15.771683741506187,0.686307181780413,0.01660664182815,11512.735404233366
SPARSE_74,2,42,22,0,0,0,0,0,0,0,0,0.0,17.704166931850004,-15.662500657349977,0.0,332.6663818359375,332.6663818359375,AY,-0.6840000152587891,0.4486858592250141,4.491027,57.270129,42.49578472558097,8.25522857553132,7.564767930646074,1.2224381113666696,0.0098120719442381,5081.425657119343
SPARSE_75,3,42,37,2,0,0,0,0,0,0,0,0.0,17.679166931950004,-12.537500669849976,0.0,423.1004333496094,423.1004333496094,AY,-0.5339999794960022,0.5393326375955468,8.301513,104.285434,77.86971599461702,15.04144922932681,11.933993265830775,1.27714427581536,0.0187323542885388,8744.40486360652
SPARSE_76,0,8,53,0,0,0,0,0,0,0,0,0.0,17.662500265350005,-14.820833994049975,0.0,305.0015563964844,305.0015563964844,AY,-0.1739999949932098,0.2759210890935877,10.06291,54.266631,47.458818296349186,8.289681373438633,10.338328832401473,0.9671086736330704,0.0131911816278255,7278.6757951635245
SPARSE_77,7,172,5,0,0,0,0,0,0,0,0,0.0,17.662500265350005,-14.512500661949977,0.0,922.251708984375,922.251708984375,AY,-1.0119999647140503,0.2759210890935877,19.057334,35.800425,43.95098012619476,6.469853606746804,14.52309162074146,0.7106499677139143,0.0140044591758074,9733.937914422837
SPARSE_78,0,47,45,0,0,0,0,0,0,0,0,0.0,17.629166932150003,-14.787500660849975,0.0,460.53857421875,460.53857421875,AY,-0.4959999918937683,0.2759210890935877,23.749202,30.559358,43.90581842690958,6.1338447269394125,11.2127625192565,0.7917372242917322,0.0219356439263029,8239.220195898353
SPARSE_79,0,29,38,0,0,0,0,0,0,0,0,0.0,17.59583359895,-14.754167327649975,0.0,335.3414611816406,335.3414611816406,AY,-0.4460000097751617,0.2759210890935877,10.77633,22.589833,26.768106556845726,3.981827872539736,8.94973875863744,0.6596576110084378,0.0091852421881987,6410.136817933516
SPARSE_80,0,4,132,301,49,0,0,0,0,0,0,0.0,17.593750265625005,-12.837500668649977,0.0,2427.654541015625,606.9136352539062,AY,0.8220000267028809,0.5393326375955468,279.933542,3563.862777,2629.891816151281,513.4595122454766,314.2827846869894,1.0749539344224004,1.0204311588160406,342578.7574214804
SPARSE_81,0,9,194,6,0,0,0,0,0,0,0,0.0,17.587500265650004,-14.450000662199976,0.0,1042.6044921875,521.30224609375,AY,-0.0170000009238719,0.2759210890935877,70.384332,103.059698,142.2526854665243,19.891479026787273,38.26395152803538,0.6965478459839679,0.067707448720834,30641.99520971827
SPARSE_82,0,19,51,0,0,0,0,0,0,0,0,0.0,17.579166932350006,-14.729167327749977,0.0,349.408935546875,349.408935546875,AY,-0.3190000057220459,0.2759210890935877,12.98225,27.993746,32.8183731289539,4.904458140388071,10.454408932600304,0.6767289428230089,0.0105684190600907,7582.83011425869
SPARSE_83,0,39,354,4,0,0,0,0,0,0,0,0.0,17.568055821283338,-15.04305621538331,0.0,1987.843505859375,662.614501953125,AY,-0.135000005364418,0.2759210890935877,138.785306,179.27315,259.15847058066873,35.9443870114498,66.15219247298523,0.7509113122171378,0.1274906487670887,51235.552608658
SPARSE_84,0,337,2229,17,0,0,0,0,0,0,0,0.0,17.544047884871432,-14.69702447073569,0.0,12912.6015625,922.3286743164062,AY,-0.1800000071525573,0.2759210890935877,465.791612,1120.164199,1252.1014913242043,191.89891301840257,440.5970706872182,0.6264822607373858,0.3950412157122538,320418.9707313894
SPARSE_85,0,47,248,1,0,0,0,0,0,0,0,0.0,17.514583599275003,-14.639583994774975,0.0,1482.6014404296875,370.6503601074219,AY,-0.2129999995231628,0.2759210890935877,38.25514,397.991692,301.34448578136244,57.93571254738787,50.41676919482749,1.2331778753382645,0.072291788331518,35388.31015994795
SPARSE_86,0,88,83,0,0,0,0,0,0,0,0,0.0,17.512500265950003,-14.975000660099976,0.0,854.0586547851562,427.0293273925781,AY,-0.5009999871253967,0.2759210890935877,14.487134,172.616691,128.9027999680603,24.95818582882982,22.490861467645384,1.2306572114256116,0.0308301708143745,15263.931915381869
SPARSE_87,0,3,609,115,0,0,0,0,0,0,0,0.0,17.494166932690003,-14.552500661789976,0.0,3634.653076171875,726.9306030273438,AY,0.2300000041723251,0.2759210890935877,295.47489,469.410591,624.6935206225158,88.50631785851527,186.89378262557537,0.5458228626304867,0.2059152249255023,175645.0983129019
SPARSE_88,0,29,113,32,1,0,0,0,0,0,0,0.0,17.50416693265,-13.125000667499975,0.0,875.7471923828125,437.87359619140625,AY,0.0280000008642673,0.5393326375955468,88.637412,111.486879,166.61906214541077,22.532084478954275,45.17521696120112,0.5609937554981884,0.1057376524182382,44480.18131721325
SPARSE_89,0,35,35,0,0,0,0,0,0,0,0,0.0,17.487500266050006,-15.004167326649975,0.0,353.93988037109375,353.93988037109375,AY,-0.4900000095367431,0.2759210890935877,5.706902,71.370118,52.988449296634464,10.29659670797346,9.370342307603885,1.2228796065208196,0.0125244032564742,6328.615257720015
SPARSE_90,0,15,45,10,0,0,0,0,0,0,0,0.0,17.479166932750005,-13.229167333749976,0.0,354.7164611816406,354.7164611816406,AY,-0.0700000002980232,0.5393326375955468,27.970164,64.760997,71.50292822537752,11.192512078373309,15.936021126893724,0.700407863663032,0.0351918605752191,14997.15599670838
SPARSE_91,4,49,45,3,0,0,0,0,0,0,0,0.0,17.470833599450003,-11.412500674349976,0.0,504.2602233886719,504.2602233886719,AY,-0.5199999809265137,0.5537986968506176,14.618677,85.666209,73.25043503355259,12.985100838170323,14.41937291199014,0.9729955448874276,0.0189939447438843,11018.984849863693
SPARSE_92,0,6,102,125,12,0,0,0,0,0,0,0.0,17.462500266150002,-11.341667341299974,0.0,1223.868408203125,611.9342041015625,AY,0.5870000123977661,0.5537986968506176,110.367287,1422.753565,1050.1070749141688,204.97459314434883,128.56860258993044,1.0817293316862664,0.2510018680112437,136247.44741115754
SPARSE_93,0,77,349,1,0,0,0,0,0,0,0,0.0,17.435416932925,-14.537500661849975,0.0,2138.183837890625,534.5459594726562,AY,-0.2370000034570694,0.2759210890935877,87.259604,178.909161,210.023128434548,31.68978476960653,68.25771069635525,0.6601312834210895,0.0659570263152601,50014.65078376916
SPARSE_94,0,13,46,13,0,0,0,0,0,0,0,0.0,17.445833599550003,-11.345834007949977,0.0,365.3228454589844,365.3228454589844,AY,0.0020000000949949,0.5537986968506176,15.208181,113.792953,91.55826911710568,16.90921342560776,19.319301547633167,0.7758788060105577,0.0230825162512092,17543.370511595887
SPARSE_95,0,133,107,0,0,0,0,0,0,0,0,0.0,17.429166932950004,-14.508333995299974,0.0,1197.784423828125,598.8922119140625,AY,-0.5270000100135803,0.2759210890935877,35.974129,75.746097,87.89732606092527,13.338617125786197,29.09014207163797,0.6712876480160626,0.027407629769193,20679.059884102382
SPARSE_96,0,45,17,0,0,0,0,0,0,0,0,0.0,17.429166932950004,-13.904167331049976,0.0,312.3666687011719,312.3666687011719,AY,-0.6859999895095825,0.3332795575800431,6.903995,35.52008,31.429158872927314,5.451952588764848,6.5235903933025225,1.0255999159823526,0.008324182001294,4507.906943080675
SPARSE_97,4,109,172,19,0,0,0,0,0,0,0,0.0,17.362500266550004,-12.434722892483308,0.0,1523.679443359375,507.8931579589844,AY,-0.3140000104904175,0.5393326375955468,102.916529,153.266965,203.34515591140732,29.456207975691147,51.195499693816096,0.6876078950308104,0.100984744310439,43986.324350702955
SPARSE_98,0,60,14,0,0,0,0,0,0,0,0,0.0,17.362500266550004,-14.845833993949975,0.0,373.9085998535156,373.9085998535156,AY,-0.7300000190734863,0.2759210890935877,8.648676,17.312927,20.86552554799977,3.0830097523622135,7.08492581373935,0.6763432236893487,0.0065762367374369,4887.316559029672
SPARSE_99,2,48,17,0,0,0,0,0,0,0,0,0.0,17.354166933250003,-15.179167325949976,0.0,334.5536193847656,334.5536193847656,AY,-0.7519999742507935,0.3874982122135782,8.777927,24.082536,24.96756301351605,4.032645621477513,6.772622079258157,0.8036315448308419,0.012639266191308,4740.698089580174
SPARSE_100,0,19,47,1,0,0,0,0,0,0,0,0.0,17.354166933250003,-13.879167331149976,0.0,331.8419494628906,331.8419494628906,AY,-0.2989999949932098,0.3332795575800431,7.216064,88.064264,65.52554142818143,12.718422969694505,11.176911433666476,1.2050590790402054,0.0159938575635414,7904.09832010169
SPARSE_101,0,32,173,5,0,0,0,0,0,0,0,0.0,17.325000266700002,-13.675000665299976,0.0,1049.50634765625,524.753173828125,AY,-0.1480000019073486,0.3332795575800431,36.974269,213.608545,183.36644209018056,32.42075142240544,37.527333254167104,0.9548335849949876,0.0474766779614123,28258.587140275256
SPARSE_102,1,47,35,0,0,0,0,0,0,0,0,0.0,17.32083360005,-15.120833992849976,0.0,411.85693359375,411.85693359375,AY,-0.5640000104904175,0.3874982122135782,9.190053,53.939993,46.138461985575425,8.17498106058267,10.03503070295862,0.981588098518318,0.0120077517039667,6982.763869826014
SPARSE_103,0,53,23,0,0,0,0,0,0,0,0,0.0,17.32083360005,-13.962500664149974,0.0,384.06500244140625,384.06500244140625,AY,-0.6639999747276306,0.3332795575800431,5.707234,64.227662,48.32677687398304,9.3116367271768,8.452546550224291,1.2360961010465747,0.0117341461190758,5695.24156609101
SPARSE_104,1,77,68,1,0,0,0,0,0,0,0,0.0,17.312500266750003,-15.204167325849976,0.0,733.67578125,733.67578125,AY,-0.5189999938011169,0.3874982122135782,33.710719,47.212505,66.55673580415748,9.23020050963876,18.224039001281685,0.7342687292967564,0.0309419609676487,13635.780465068865
SPARSE_105,0,2,165,13,0,0,0,0,0,0,0,0.0,17.300000266800005,-7.020834025249975,0.0,900.373291015625,450.1866455078125,AY,0.1289999932050705,0.2594622591092472,46.182611,103.189407,119.52348837886952,17.943327174305704,39.57685139925812,0.5819785923225909,0.0369784637994458,32402.76762105227
SPARSE_106,0,75,48,0,0,0,0,0,0,0,0,0.0,17.287500266850003,-14.345833995949976,0.0,616.1226806640625,616.1226806640625,AY,-0.5669999718666077,0.2759210890935877,9.147625,115.023906,85.47337096421117,16.59053367091316,14.92961952644271,1.2385162043877027,0.0198375061863183,10062.03731050352
SPARSE_107,7,63,42,2,0,0,0,0,0,0,0,0.0,17.27916693355,-12.337500670649977,0.0,563.9117431640625,563.9117431640625,AY,-0.6480000019073486,0.5393326375955468,21.063436,36.820186,45.96381714588639,6.772087783703863,13.972685769724729,0.6686550188542031,0.0153983673381384,10626.22080185719
SPARSE_108,0,33,292,35,0,0,0,0,0,0,0,0.0,17.247916933675004,-10.670834010649976,0.0,1798.788818359375,449.69720458984375,AY,0.0160000007599592,0.3797458598923839,62.084686,812.207728,603.166525379885,116.940591936725,83.818717504225,1.2424308652923448,0.146659554493839,68922.96576611171
SPARSE_109,0,52,141,5,0,0,0,0,0,0,0,0.0,17.245833600350004,-15.187500659249975,0.0,995.5328979492188,995.5328979492188,AY,-0.2450000047683715,0.3874982122135782,24.859054,299.843449,224.73489740320343,43.329014744770326,34.112768149177434,1.280542147175007,0.0539553732789635,25135.582525647904
SPARSE_110,1,177,47,0,0,0,0,0,0,0,0,0.0,17.241666933700003,-12.312500670749976,0.0,1124.6395263671875,562.3197631835938,AY,-0.7360000014305115,0.3011647012534417,27.828288,74.94777,78.202849806086,12.590058617323276,22.032862176389266,0.7907235553933429,0.0407267789978541,15195.894680571686
SPARSE_111,0,50,33,0,0,0,0,0,0,0,0,0.0,17.237500267050002,-14.762500660949977,0.0,416.7844543457031,416.7844543457031,AY,-0.5609999895095825,0.2759210890935877,8.415709,24.125002,25.198726243593654,4.0032226536339275,9.887157592725558,0.6089297550245366,0.007426979347693,6837.627877331848
SPARSE_112,0,6,59,1,0,0,0,0,0,0,0,0.0,17.237500267050002,-14.695833994549975,0.0,328.14947509765625,328.14947509765625,AY,-0.1280000060796737,0.2759210890935877,8.278413,97.656842,73.00221966311081,14.126684665976436,12.38171394403768,1.2053897773549398,0.0177273732622835,8793.544887376529
SPARSE_113,0,39,79,2,0,0,0,0,0,0,0,0.0,17.22916693375,-15.245833992349976,0.0,598.1439208984375,598.1439208984375,AY,-0.3149999976158142,0.3874982122135782,23.664993,47.648993,57.39664737980892,8.47829774427211,18.313916875161784,0.6443797939981685,0.0227794940067374,13915.366160390042
SPARSE_114,2,139,91,1,0,0,0,0,0,0,0,0.0,17.225000267100004,-15.145833992749976,0.0,1163.773681640625,581.8868408203125,AY,-0.5960000157356262,0.3874982122135782,19.888178,238.109309,179.03442864745227,34.41930269841483,28.634668576291546,1.3002816542768325,0.0444953973370607,19831.526917878375
SPARSE_115,0,23,413,45,0,0,0,0,0,0,0,0.0,17.21527804491667,-14.19027844101664,0.0,2403.98486328125,801.3283081054688,AY,0.0659999996423721,0.3332795575800431,188.502176,368.706423,432.2741086981153,66.11186721861463,104.32738298487844,0.6940005569085218,0.2186821883645163,92489.5856629663
SPARSE_116,0,51,312,29,0,0,0,0,0,0,0,0.0,17.200000267200004,-14.883333993799976,0.0,1957.4266357421875,489.3566589355469,AY,-0.0520000010728836,0.3874982122135782,87.515431,202.174057,231.2220340001842,34.91544666558498,80.64493922611376,0.5480407699699882,0.0730030326521326,67398.80686872739
SPARSE_117,6,711,1102,31,0,0,0,0,0,0,0,0.0,17.197222489433337,-12.236806226608309,0.0,9252.390625,771.0325317382812,AY,-0.3720000088214874,0.4138613739786799,381.304924,704.008143,874.2207515894861,127.754255080993,270.4801186308503,0.6595153084940649,0.2859144505153319,205503.60205194072
SPARSE_118,10,82,46,2,0,0,0,0,0,0,0,0.0,17.195833600550003,-13.025000667899976,0.0,701.539306640625,350.7696533203125,AY,-0.7170000076293945,0.5393326375955468,13.653954,72.741426,62.389918535998035,11.139282888215844,16.955770382828277,0.7875286582647602,0.0322396917211704,12236.430875630691
SPARSE_119,1,21,47,8,0,0,0,0,0,0,0,0.0,17.18750026725,-12.770834002249975,0.0,383.892578125,383.892578125,AY,-0.1759999990463256,0.5393326375955468,31.299758,39.555947,58.846430462032245,7.982523704712262,15.32935012455538,0.6284050912107187,0.0286510670162314,13923.862724376373
SPARSE_120,0,34,37,1,0,0,0,0,0,0,0,0.0,17.18750026725,-12.095834004949976,0.0,358.11248779296875,358.11248779296875,AY,-0.4659999907016754,0.4138613739786799,7.57216,88.235351,66.50737706819261,12.770909218810331,10.34105742797757,1.2941512163707496,0.0161711473502371,7376.286910410851
SPARSE_121,6,151,76,1,0,0,0,0,0,0,0,0.0,17.184722489483338,-11.531945118316642,0.0,1162.999267578125,387.6664123535156,AY,-0.6729999780654907,0.4138613739786799,30.149389,78.565549,86.13602931487748,13.267232116902804,26.387663629098142,0.7179470605476657,0.0395317630957684,18660.351606709868
SPARSE_122,0,11,451,476,13,0,0,0,0,0,0,0.0,17.169791933987504,-16.042708989162474,0.0,4754.7490234375,594.3436279296875,AY,0.5230000019073486,0.4486858592250141,1064.442555,1194.564819,1893.5066346485664,250.74709957733813,417.73483614715474,0.5708827791230453,0.9070205651027065,477942.77812739264
SPARSE_123,0,15,74,27,1,0,0,0,0,0,0,0.0,17.179166933950004,-12.754167335649974,0.0,579.6703491210938,579.6703491210938,AY,0.1220000013709068,0.5393326375955468,74.119511,89.308644,136.43966288833656,18.300121544194894,33.908546080799916,0.5821701546402741,0.0669904782838324,34510.259020082725
SPARSE_124,0,42,219,15,0,0,0,0,0,0,0,0.0,17.162500267350005,-10.625000677499976,0.0,1380.6529541015625,690.3264770507812,AY,-0.1000000014901161,0.3797458598923839,67.782364,133.025479,160.8826716464695,23.796334397856807,53.34761996503881,0.5878389399623506,0.05178080456243,43129.27326500063
SPARSE_125,3,46,19,0,0,0,0,0,0,0,0,0.0,17.154166934050004,-15.304167325449976,0.0,344.3268737792969,344.3268737792969,AY,-0.7459999918937683,0.4486858592250141,5.230056,55.539679,42.11199775139942,8.07615404583648,7.295516543247059,1.2402245345929404,0.01008341699098,4937.048657203509
SPARSE_126,0,44,67,0,0,0,0,0,0,0,0,0.0,17.129166934150003,-13.537500665849976,0.0,557.7708740234375,557.7708740234375,AY,-0.402999997138977,0.3332795575800431,17.929671,38.736129,44.476954973550065,6.783595167282292,15.30000344123544,0.6482375159403111,0.0138292365471571,10936.842551093196
SPARSE_127,0,23,63,1,0,0,0,0,0,0,0,0.0,17.129166934150003,-13.370833999849976,0.0,433.9268493652344,433.9268493652344,AY,-0.277999997138977,0.3332795575800431,12.578632,58.402323,51.66424875731729,9.071534321445666,14.090856817770728,0.7826161261911867,0.0254963775703679,10182.604679223698
SPARSE_128,1,192,256,4,0,0,0,0,0,0,0,0.0,17.120833600850005,-15.100000659599976,0.0,2266.80126953125,1133.400634765625,AY,-0.4189999997615814,0.3874982122135782,46.30623,556.365245,418.0330907148893,80.39136927959898,66.1410002461213,1.2957313880426864,0.1150185771293876,46409.86195501878
SPARSE_129,0,10,187,49,0,0,0,0,0,0,0,0.0,17.120833600850005,-14.750000660999977,0.0,1231.595458984375,615.7977294921875,AY,0.1770000010728836,0.3874982122135782,124.52467,183.419311,253.68041425432045,35.31745898492835,67.1474015076901,0.5756820950602827,0.089902061613418,65892.23824046404
SPARSE_130,9,58,27,1,0,0,0,0,0,0,0,0.0,17.104166934250003,-12.645834002749975,0.0,475.3431091308594,475.3431091308594,AY,-0.7789999842643738,0.5393326375955468,8.075602,91.916643,69.54646609739206,13.31823143239229,10.850727334263288,1.3022267701875785,0.0171406628466453,7665.570071886515
SPARSE_131,0,31,79,3,0,0,0,0,0,0,0,0.0,17.09583360095,-14.979167326749977,0.0,566.7680053710938,566.7680053710938,AY,-0.2590000033378601,0.3874982122135782,30.73569,45.95961,62.87527248334975,8.81183276242458,18.20166698469272,0.6674031326180035,0.0219595907564819,14345.32977985104
SPARSE_132,0,17,48,1,0,0,0,0,0,0,0,0.0,17.087500267650004,-13.895833997749977,0.0,331.6792907714844,331.6792907714844,AY,-0.2759999930858612,0.3332795575800431,9.069109,47.777929,41.10634141638366,7.31692892381469,10.947036030546494,0.7973175054774494,0.0129276017215764,7931.2721735061905
SPARSE_133,0,88,669,188,1,0,0,0,0,0,0,0.0,17.069791934387503,-12.029167338549977,0.0,4733.23828125,591.65478515625,AY,0.1199999973177909,0.4605757016142366,365.990871,647.27529,826.099697516655,118.70345778881916,258.9760494627238,0.511744414086658,0.2678177009697035,250551.22568348606
SPARSE_134,0,159,380,12,0,0,0,0,0,0,0,0.0,17.058333601100003,-15.158333992699976,0.0,2756.063232421875,689.0158081054688,AY,-0.2750000059604645,0.3874982122135782,144.909114,229.949625,306.10400718891225,43.37040083433008,86.32431404122117,0.6879915272170606,0.1020924295107301,67468.42148334636
SPARSE_135,2,58,19,0,0,0,0,0,0,0,0,0.0,17.054166934450002,-10.554167344449976,0.0,396.7628173828125,396.7628173828125,AY,-0.7590000033378601,0.3797458598923839,8.637637,19.809227,22.70391953087726,3.426259809580422,8.005853508970624,0.6596454614935686,0.006976812928631,5512.049848197507
SPARSE_136,0,45,111,9,0,0,0,0,0,0,0,0.0,17.041666934500004,-15.520833991249976,0.0,824.4359130859375,412.2179565429687,AY,-0.2220000028610229,0.4486858592250141,34.782304,87.005368,96.93677775231156,14.804025502253705,29.556046991494085,0.6206383124535065,0.039877510705686,24247.711271836073
SPARSE_137,0,27,46,1,0,0,0,0,0,0,0,0.0,17.037500267850003,-15.254167325649975,0.0,372.42425537109375,372.42425537109375,AY,-0.3610000014305115,0.3874982122135782,13.649575,27.301478,32.75083078376584,4.862744509044207,10.93054033738784,0.6317809075127663,0.0103571270003632,8184.211917472189
SPARSE_138,1,47,25,0,0,0,0,0,0,0,0,0.0,17.037500267850003,-14.870833993849976,0.0,364.4571838378906,364.4571838378906,AY,-0.6499999761581421,0.3874982122135782,9.648664,22.132394,25.35806195287244,3.833297032474559,8.092710341214852,0.6982470869038453,0.0129362953807094,5686.733833197676
SPARSE_139,0,16,42,4,0,0,0,0,0,0,0,0.0,17.029166934550005,-12.162500671349974,0.0,313.265869140625,313.265869140625,AY,-0.1958000019192695,0.4605757016142366,8.616637,113.801673,84.46725886630456,16.379419276361755,12.19521516381188,1.2514724162433273,0.0196989038565904,9621.480237883028
SPARSE_140,1,39,59,3,0,0,0,0,0,0,0,0.0,17.020833601250004,-15.729167323749977,0.0,502.30755615234375,502.30755615234375,AY,-0.3659999966621399,0.4486858592250141,22.75112,38.478862,49.83683645674778,7.136714060679911,15.3955606036994,0.6316870899530878,0.0166156408985961,12202.5600181837
SPARSE_141,6,46,13,0,0,0,0,0,0,0,0,0.0,17.012500267950003,-12.054167338449975,0.0,325.8512268066406,325.8512268066406,AY,-0.878000020980835,0.4605757016142366,5.438193,15.228452,16.316358485565086,2.5371199422860955,6.316291681939332,0.6266679931617996,0.0049249719449642,4278.151766894506
SPARSE_142,0,20,52,5,0,0,0,0,0,0,0,0.0,17.012500267950003,-11.945834005549976,0.0,387.7041015625,387.7041015625,AY,-0.1958000019192695,0.4605757016142366,16.556186,35.486699,41.83673735610465,6.224963627050011,14.52801792328298,0.557319466142568,0.013352245674663,11962.048795522369
SPARSE_143,0,26,60,2,0,0,0,0,0,0,0,0.0,16.995833601350004,-15.079167326349976,0.0,438.5387878417969,438.5387878417969,AY,-0.2840000092983246,0.3874982122135782,26.29645,34.701458,49.81144791524036,6.901676897999474,13.591563454212231,0.6941815522532124,0.0170219894130325,10787.11961411703
SPARSE_144,5,50,16,0,0,0,0,0,0,0,0,0.0,16.970833601450003,-16.104167322249975,0.0,353.0220642089844,353.0220642089844,AY,-0.824999988079071,0.4486858592250141,6.450207,38.181284,32.61804911568389,5.782205350058286,7.034107747600503,1.0015072413846242,0.0084524903530026,4832.245367843673
SPARSE_145,0,34,129,16,0,0,0,0,0,0,0,0.0,16.9583336015,-15.700000657199976,0.0,897.578369140625,448.7891845703125,AY,-0.0939999967813491,0.4486858592250141,60.158163,91.494028,122.5672933426926,17.457580539669028,36.12785386484542,0.5882556081015488,0.0407928769668059,31894.966554806597
SPARSE_146,0,8,443,118,0,0,0,0,0,0,0,0.0,16.959722490383335,-13.376389555383309,0.0,2849.04150390625,949.6804809570312,AY,0.2349999994039535,0.3332795575800431,227.271199,424.758179,523.0625234422386,76.85638287343245,161.61047477129395,0.5169526331982779,0.1674153340878533,156906.11324200028
SPARSE_147,1,149,174,2,0,0,0,0,0,0,0,0.0,16.950000268200004,-15.362500658549976,0.0,1630.9227294921875,815.4613647460938,AY,-0.4519999921321869,0.3874982122135782,59.787295,112.589248,137.3159703378397,20.33675035640021,43.39730433136754,0.6712796611250145,0.0454177173329902,31900.828483123587
SPARSE_148,0,25,34,1,0,0,0,0,0,0,0,0.0,16.954166934850004,-15.212500659149976,0.0,301.122802734375,301.122802734375,AY,-0.4120000004768371,0.3874982122135782,13.241629,22.635865,29.16601677949496,4.1868204789087065,8.518149305880055,0.6833210484275749,0.010062474642242,6526.546723259851
SPARSE_149,0,57,616,213,1,0,0,0,0,0,0,0.0,16.924405030207147,-15.658929228792832,0.0,4439.8134765625,634.2590942382812,AY,0.1930000036954879,0.4486858592250141,420.034108,722.218801,927.4589179453088,133.38520328126074,262.7533049860863,0.5358667280977149,0.3041204234465846,263086.62017271004
SPARSE_150,0,64,102,2,0,0,0,0,0,0,0,0.0,16.933333601600005,-15.204167325849976,0.0,840.265380859375,420.1326904296875,AY,-0.375,0.3874982122135782,38.436961,63.531998,83.04023823592375,11.853600667160883,23.93004021995899,0.6962917232354574,0.0271631548077333,18176.599622864385
SPARSE_151,0,19,640,120,0,0,0,0,0,0,0,0.0,16.927500268290004,-13.999167330669977,0.0,3894.88916015625,778.9778442382812,AY,0.1669999957084655,0.3332795575800431,298.225019,811.382508,834.7585802766134,136.04467952904784,197.30070016958345,0.67359696961069,0.4288490750490753,184680.62573098805
SPARSE_152,1,51,25,0,0,0,0,0,0,0,0,0.0,16.929166934950004,-15.145833992749976,0.0,390.05859375,390.05859375,AY,-0.6629999876022339,0.3874982122135782,13.840037,27.028973,31.96254905000308,4.846838709710632,8.260010800966434,0.8146961059537059,0.0158632467752477,5891.592133714344
SPARSE_153,3,71,23,0,0,0,0,0,0,0,0,0.0,16.929166934950004,-14.962500660149976,0.0,482.02490234375,482.02490234375,AY,-0.7710000276565552,0.3874982122135782,7.217265,81.10644,61.53689384101334,11.759817276648214,9.975685441650644,1.316836520890626,0.0149240572303677,6735.82505008401
SPARSE_154,0,39,27,0,0,0,0,0,0,0,0,0.0,16.929166934950004,-13.362500666549977,0.0,331.0892028808594,331.0892028808594,AY,-0.5640000104904175,0.3332795575800431,7.156171,51.822093,41.55758208134855,7.73246725484206,7.9635670064603294,1.1092561121580753,0.0227344028777039,5496.649528934013
SPARSE_155,1,35,43,2,0,0,0,0,0,0,0,0.0,16.920833601650003,-16.120833988849974,0.0,399.9679565429687,399.9679565429687,AY,-0.4250000119209289,0.4486858592250141,11.269412,70.083134,59.19572015213328,10.56754001967768,11.946738680670688,0.958072594448744,0.0152847140889472,9084.373438567358
SPARSE_156,0,18,81,5,0,0,0,0,0,0,0,0.0,16.920833601650003,-15.262500658949977,0.0,521.7548828125,521.7548828125,AY,-0.1299999952316284,0.3874982122135782,26.708368,59.751156,69.18944690550542,10.395451727104344,19.091657854998957,0.6728875169293002,0.0323872159674849,15618.106751486215
SPARSE_157,1,59,14,0,0,0,0,0,0,0,0,0.0,16.91250026835,-12.437500670249976,0.0,366.4892578125,366.4892578125,AY,-0.7590000033378601,0.3011647012534417,5.317504,58.697303,44.49181722951543,8.518214599333936,7.288973055441373,1.317335393794556,0.0108860884628642,4875.675694456507
SPARSE_158,0,39,42,0,0,0,0,0,0,0,0,0.0,16.904166935050004,-13.320834000049976,0.0,402.7216491699219,402.7216491699219,AY,-0.4729999899864197,0.3332795575800431,12.007194,42.726447,40.53840926549171,6.865294497719007,10.547853380292848,0.8294613442484885,0.020668433833376,7440.694583876518
SPARSE_159,0,94,42,0,0,0,0,0,0,0,0,0.0,16.891666935100005,-16.112500655549976,0.0,682.1734008789062,341.0867004394531,AY,-0.5979999899864197,0.2194917787293831,13.424028,80.429767,68.57680819933205,12.166411011465348,14.83297880962824,0.9924844582177228,0.0185083026331033,10257.496215980686
SPARSE_160,0,22,55,0,0,0,0,0,0,0,0,0.0,16.879166935150003,-16.254167321649977,0.0,384.8355712890625,384.8355712890625,AY,-0.3631666687627633,0.2194917787293831,7.239295,93.18154,68.93049538307262,13.426084829061278,12.075620995799756,1.218516313611686,0.0167698716262158,8254.885854297525
SPARSE_161,0,13,39,9,0,0,0,0,0,0,0,0.0,16.854166935250003,-16.104167322249975,0.0,309.5350341796875,309.5350341796875,AY,-0.0520000010728836,0.5464731945980439,15.202248,104.129062,85.89769566387241,15.576595486089175,14.457110028958423,0.930046537420268,0.0218521158172156,13277.428603978706
SPARSE_162,1,48,33,0,0,0,0,0,0,0,0,0.0,16.845833601950005,-15.354167325249977,0.0,413.9919128417969,413.9919128417969,AY,-0.5820000171661377,0.3874982122135782,10.422916,26.091236,28.999891280828805,4.436045946393284,9.659173290839554,0.6775488311946922,0.0091406223041022,6774.772437629515
SPARSE_163,0,31,33,0,0,0,0,0,0,0,0,0.0,16.845833601950005,-5.937500696249975,0.0,318.5753479003906,318.5753479003906,AY,-0.4819999933242798,0.2594622591092472,8.570202,20.559808,22.618288443665065,3.52424734062895,8.499024056659287,0.6291805462509947,0.0069251667085813,5864.55094987768
SPARSE_164,0,39,59,1,0,0,0,0,0,0,0,0.0,16.837500268650004,-15.404167325049976,0.0,496.7569580078125,496.7569580078125,AY,-0.382999986410141,0.3874982122135782,16.982642,40.009808,45.429877462938194,6.888075193449169,14.162432116084466,0.6753763550106271,0.0207535901976434,10483.62586663903
SPARSE_165,0,39,32,0,0,0,0,0,0,0,0,0.0,16.829166935350003,-12.820834002049974,0.0,355.8163757324219,355.8163757324219,AY,-0.5220000147819519,0.2504664563020057,9.459337,22.627632,25.348230649637053,3.880919733612836,8.781024655932926,0.658877966853005,0.0084138274346729,6144.664547248181
SPARSE_166,0,24,425,259,4,0,0,0,0,0,0,0.0,16.818055824283338,-11.831945117116645,0.0,3561.48291015625,1187.1610107421875,AY,0.3540000021457672,0.4605757016142366,520.33472,685.973454,1002.3993293217168,136.64297255502785,260.11507706841354,0.5327318786922776,0.4919411125561425,279707.81214283116
SPARSE_167,2,142,275,19,0,0,0,0,0,0,0,0.0,16.82083360205,-11.733334006399977,0.0,2187.40869140625,546.8521728515625,AY,-0.2870000004768371,0.4605757016142366,96.063087,180.903577,223.26427634957383,32.674343464736125,73.26705814317029,0.5948610074678006,0.071403986296071,58946.36728612533
SPARSE_168,0,19,77,2,0,0,0,0,0,0,0,0.0,16.812500268750004,-12.829167335349975,0.0,490.4367370605469,490.4367370605469,AY,-0.2029999941587448,0.3332795575800431,18.715992,44.745807,50.10021557595769,7.675307033243924,16.855751642241366,0.629306245530444,0.0155765468660173,12631.86865048104
SPARSE_169,0,427,442,0,0,0,0,0,0,0,0,0.0,16.774537305938892,-16.096759914872198,0.0,4344.484375,482.7204895019531,AY,-0.4850000143051147,0.2194917787293831,206.642498,312.8349,415.0730478378075,59.85675033029773,107.30381685778626,0.7833826880352198,0.207139495609565,79153.15119912669
SPARSE_170,0,64,19,0,0,0,0,0,0,0,0,0.0,16.787500268850003,-12.745834002349977,0.0,419.36468505859375,419.36468505859375,AY,-0.7120000123977661,0.3011647012534417,12.10377,24.628691,28.853465532852187,4.3767342822524675,8.254769517933632,0.7696858645642519,0.0143682179373564,5740.189877860509
SPARSE_171,0,11,91,2,0,0,0,0,0,0,0,0.0,16.779166935550002,-12.645834002749975,0.0,520.1849365234375,520.1849365234375,AY,-0.1180000007152557,0.3011647012534417,14.992889,167.78452,127.1497629915152,24.332580549316297,19.387488037193723,1.2966584595606852,0.0304854517698978,14036.59410072738
SPARSE_172,0,68,53,0,0,0,0,0,0,0,0,0.0,16.770833602250004,-14.479167328749975,0.0,603.817138671875,603.817138671875,AY,-0.5440000295639038,0.3332795575800431,15.162286,37.936829,42.1755826567665,6.450457643336867,14.783414915127702,0.6524700495897956,0.0127716979998713,10351.550302913523
SPARSE_173,0,103,115,0,0,0,0,0,0,0,0,0.0,16.766666935600004,-12.579167336349975,0.0,1089.9405517578125,544.9702758789062,AY,-0.4699999988079071,0.3011647012534417,35.64607,71.631816,84.31410239715957,12.74507206301701,28.25183085843475,0.6614337344499192,0.0268481838500429,20179.44665953005
SPARSE_174,5,159,61,0,0,0,0,0,0,0,0,0.0,16.758333602300006,-14.854167327249977,0.0,1128.4345703125,564.21728515625,AY,-0.7269999980926514,0.3874982122135782,39.279356,62.497325,83.01030340438741,11.793850286578412,22.923140651984458,0.7717282141812226,0.0393570609895366,16246.76922175036
SPARSE_175,1,93,73,1,0,0,0,0,0,0,0,0.0,16.762500268950003,-14.816667327399976,0.0,841.2130126953125,420.60650634765625,AY,-0.5490000247955322,0.3874982122135782,40.994175,50.980498,75.75852236955538,10.345049037069748,20.278487378009995,0.7501498663980396,0.0367355024257498,15103.228685449703
SPARSE_176,0,31,358,25,0,0,0,0,0,0,0,0.0,16.760416935625003,-14.443750662224977,0.0,2067.604736328125,516.9011840820312,AY,-0.0099999997764825,0.3332795575800431,108.116158,213.569303,254.22173189231728,38.14702581864095,83.20410949796262,0.57995285245071,0.0806796784202604,68977.53265265706
SPARSE_177,0,24,36,1,0,0,0,0,0,0,0,0.0,16.754166935650005,-14.904167327049976,0.0,301.4541320800781,301.4541320800781,AY,-0.3859354844016413,0.3874982122135782,15.862374,25.331441,33.605685535111476,4.7758620665494815,8.703850106641053,0.7446149564433672,0.015838170516387,6734.538155456352
SPARSE_178,0,18,41,3,0,0,0,0,0,0,0,0.0,16.754166935650005,-14.729167327749977,0.0,310.2822570800781,310.2822570800781,AY,-0.2454000017605722,0.4535430854908909,18.906278,26.873001,37.6665394069085,5.232928475868179,10.523592358540617,0.6498912070581839,0.0184403785209776,8754.62616398419
SPARSE_179,0,19,43,3,0,0,0,0,0,0,0,0.0,16.754166935650005,-14.712500661149976,0.0,324.1927185058594,324.1927185058594,AY,-0.2454000017605722,0.4535430854908909,19.604261,27.948124,39.11421712780744,5.438061378583709,10.94891801381877,0.6520487199943519,0.0193820238551581,9065.046746439024
SPARSE_180,0,27,60,4,0,0,0,0,0,0,0,0.0,16.754166935650005,-14.687500661249976,0.0,455.0492248535156,455.0492248535156,AY,-0.2454000017605722,0.4535430854908909,16.331724,40.381282,44.697095406923786,6.880606883547589,15.761921792392965,0.5729821242375057,0.0162324065202774,12517.69463023487
SPARSE_181,5,49,8,0,0,0,0,0,0,0,0,0.0,16.745833602350004,-14.945833993549977,0.0,308.5999450683594,308.5999450683594,AY,-0.9340000152587892,0.3874982122135782,7.204065,18.24522,19.55872024892225,3.100045654632745,5.464813745037719,0.7999443984721221,0.0097385184442943,3744.2067634118366
SPARSE_182,2,41,22,0,0,0,0,0,0,0,0,0.0,16.745833602350004,-14.629167328149975,0.0,323.9018859863281,323.9018859863281,AY,-0.6790000200271606,0.4535430854908909,9.072864,17.47301,21.083338774015065,3.1393321301962698,7.140546275488407,0.6641118277635479,0.0066879363751427,5030.211081990177
SPARSE_183,0,26,40,0,0,0,0,0,0,0,0,0.0,16.745833602350004,-13.187500667249974,0.0,333.239990234375,333.239990234375,AY,-0.3980000019073486,0.3332795575800431,13.652469,25.701059,31.8129308543144,4.647207903652359,8.98140249428728,0.7427721059403356,0.0142159234349149,6515.699099871685
SPARSE_184,0,64,61,0,0,0,0,0,0,0,0,0.0,16.745833602350004,-12.812500668749976,0.0,622.3513793945312,622.3513793945312,AY,-0.4990000128746032,0.3011647012534417,24.520543,41.76815,53.90723242201819,7.740847228916166,15.561651592424411,0.7352781587338948,0.0251430398348902,11183.516031699524
SPARSE_185,1,22,40,5,0,0,0,0,0,0,0,0.0,16.72916693575,-16.070833989049977,0.0,342.3751220703125,342.3751220703125,AY,-0.2610000073909759,0.5464731945980439,24.821163,35.162997,49.40128255725036,6.8560118305004,11.887448974657469,0.6879797262233915,0.0239177654066006,10548.815612382698
SPARSE_186,1,53,42,0,0,0,0,0,0,0,0,0.0,16.72916693575,-14.962500660149976,0.0,481.4801330566406,481.4801330566406,AY,-0.5509999990463257,0.3874982122135782,8.610488,98.60883,74.64197888669332,14.284526483314677,12.01411591847062,1.3116548122734029,0.0177767962229862,8197.272346240852
SPARSE_187,0,94,221,2,0,0,0,0,0,0,0,0.0,16.725000269100004,-14.141667330099976,0.0,1586.7916259765625,396.6979064941406,AY,-0.3129999935626983,0.3332795575800431,99.517105,131.882373,186.43470061422295,26.22354734038718,46.33041988278688,0.7850184531495825,0.0897691815731977,35135.7943126166
SPARSE_188,0,109,96,0,0,0,0,0,0,0,0,0.0,16.72916693575,-12.595834002949974,0.0,1025.7701416015625,1025.7701416015625,AY,-0.5149999856948853,0.3011647012534417,31.411733,74.662621,84.45651677837803,12.836089680238851,25.385020574027138,0.7248578783930756,0.0435183677873743,18024.277040711208
SPARSE_189,1,17,35,13,1,0,0,0,0,0,0,0.0,16.712500269150006,-11.554167340449975,0.0,334.628662109375,334.628662109375,AY,-0.0640000030398368,0.7032544645887016,35.477401,43.883942,66.19274012571651,8.91569100527311,17.622236285868258,0.5535082647124714,0.0319764352897243,17842.221651125845
SPARSE_190,0,15,377,8,0,0,0,0,0,0,0,0.0,16.708333602500005,-6.958334025499974,0.0,1998.27392578125,499.5684814453125,AY,-0.025000000372529,0.2594622591092472,46.83959,635.983284,467.84294696703535,91.4274224857958,79.97414629198046,1.208453620909343,0.1080691394092241,56345.99277178052
SPARSE_191,0,31,34,0,0,0,0,0,0,0,0,0.0,16.704166935850004,-15.437500658249975,0.0,329.3301086425781,329.3301086425781,AY,-0.4720000028610229,0.3874982122135782,11.638249,21.777132,26.999285282699955,3.939305345379442,8.328396584305418,0.6977550238840438,0.0086929002527215,5994.153953540515
SPARSE_192,1,31,33,1,0,0,0,0,0,0,0,0.0,16.704166935850004,-14.379167329149976,0.0,331.22943115234375,331.22943115234375,AY,-0.4690000116825104,0.4535430854908909,8.051431,23.631556,24.30574173301192,3.9058419981209465,9.22998805034082,0.5913791304926963,0.007113570181261,6743.804880928017
SPARSE_193,0,14,134,0,0,0,0,0,0,0,0,0.0,16.691666935900002,-16.058333989099975,0.0,736.6007080078125,368.30035400390625,AY,-0.1979999989271164,0.2194917787293831,48.577631,63.169056,92.07538738007038,12.62170188249307,23.88772236965283,0.7573369242099982,0.0326022418045537,18083.80654262806
SPARSE_194,3,31,53,16,1,0,0,0,0,0,0,0.0,16.695833602550003,-11.529167340549977,0.0,520.704833984375,520.704833984375,AY,-0.1809999942779541,0.7032544645887016,20.856742,274.096571,203.2104070638619,39.45078377198483,25.80478383175193,1.2173370010960132,0.055566300302072,23490.267851460194
SPARSE_195,0,6,65,9,0,0,0,0,0,0,0,0.0,16.695833602550003,-10.212500679149976,0.0,405.3327026367187,405.3327026367187,AY,0.0520000010728836,0.3797458598923839,26.760286,47.448628,59.833276297348355,8.695998181291957,18.29439881467208,0.567745282819514,0.0200249659147275,16288.604673308218
SPARSE_196,0,7,53,14,0,0,0,0,0,0,0,0.0,16.687500269250002,-14.162500663349975,0.0,368.7804260253906,368.7804260253906,AY,0.1129999980330467,0.4535430854908909,39.534993,73.682243,88.49228251555752,13.353344254067848,19.327381686914535,0.6798141553854592,0.0420221785052684,18982.984306955062
SPARSE_197,0,24,68,3,0,0,0,0,0,0,0,0.0,16.679166935950004,-15.337500658649976,0.0,473.4045104980469,473.4045104980469,AY,-0.238999992609024,0.3874982122135782,17.784736,40.61084,46.11753044387964,7.030355177728821,16.14541155153518,0.5875828877044487,0.0144506359508597,12561.194713655703
SPARSE_198,0,8,69,20,0,0,0,0,0,0,0,0.0,16.679166935950004,-14.704167327849976,0.0,487.8121643066406,487.8121643066406,AY,0.135000005364418,0.4535430854908909,45.750279,93.737741,110.0247540351656,16.63042823074319,26.63085248493595,0.6243719072267291,0.0545601905288368,26145.92826365558
SPARSE_199,0,44,30,0,0,0,0,0,0,0,0,0.0,16.670833602650003,-16.037500655849975,0.0,369.4012451171875,369.4012451171875,AY,-0.5440000295639038,0.2194917787293831,8.36224,47.565439,41.04522341890272,7.22961290465321,8.830958272508312,0.9904246779528164,0.0107137966276788,6141.531415568346
SPARSE_200,0,38,27,0,0,0,0,0,0,0,0,0.0,16.670833602650003,-12.704167335849975,0.0,327.5863952636719,327.5863952636719,AY,-0.5529999732971191,0.3011647012534417,5.749016,65.495761,49.57842839721188,9.490117003426636,8.028776330243879,1.31248846401385,0.0118263832142839,5445.434953804846
SPARSE_201,0,0,8,34,26,0,0,0,0,0,0,0.0,16.670833602650003,-9.620834014849976,0.0,359.5135498046875,359.5135498046875,AY,1.3580000400543213,0.6978932002927289,52.958221,777.494269,568.3059763935102,111.42466194085058,62.999412368554594,1.1622847463943178,0.1356436932020558,68067.3079135701
SPARSE_202,0,31,71,0,0,0,0,0,0,0,0,0.0,16.662500269350005,-12.679167335949977,0.0,511.9381713867187,511.9381713867187,AY,-0.3370000123977661,0.3011647012534417,11.374803,129.713067,98.13797904266434,18.794337317277886,15.766857224206756,1.3100608734815686,0.023301331944591,10789.465089065363
SPARSE_203,3,26,43,13,1,0,0,0,0,0,0,0.0,16.662500269350005,-9.570834015049977,0.0,421.9556579589844,421.9556579589844,AY,-0.1940000057220459,0.6978932002927289,16.416343,226.52752,166.9351408764345,32.54004603369597,21.61418162817696,1.2126999742869016,0.0429052057185012,19419.124277703013
SPARSE_204,0,5,71,0,0,0,0,0,0,0,0,0.0,16.654166936050004,-16.012500655949975,0.0,380.922119140625,380.922119140625,AY,-0.1659999936819076,0.2194917787293831,12.793492,70.249202,61.17810704594579,10.7131396562747,13.331795738299313,0.9597987987131256,0.0161268617913609,9457.886135707031
SPARSE_205,0,1,37,38,1,0,0,0,0,0,0,0.0,16.654166936050004,-14.945833993549977,0.0,380.8971557617187,380.8971557617187,AY,0.5149999856948853,0.4535430854908909,68.970173,140.591749,161.9176301797228,24.968220866900563,33.99478248771383,0.615235689783383,0.0818584421164164,38234.42625818723
SPARSE_206,6,74,29,0,0,0,0,0,0,0,0,0.0,16.654166936050004,-14.320833996049975,0.0,545.245849609375,545.245849609375,AY,-0.7680000066757202,0.4535430854908909,17.83775,27.194197,36.85800293027264,5.188722133017218,11.03343587589673,0.7261153366880857,0.0149546558475182,7785.807929116511
SPARSE_207,10,117,228,81,5,0,0,0,0,0,0,0.0,16.651389158283337,-11.475000674099975,0.0,2208.345458984375,368.0575866699219,AY,-0.0970000028610229,0.7032544645887016,96.27462,1296.30703,958.3128373025776,186.4207290935785,120.0771847139159,1.2099032854385368,0.2257857192828092,111351.6859345821
SPARSE_208,2,165,172,2,0,0,0,0,0,0,0,0.0,16.641666936100002,-15.400000658399977,0.0,1704.087646484375,852.0438232421875,AY,-0.4790000021457672,0.3874982122135782,63.945868,114.968068,143.79264477134885,20.99771645935571,44.10481828077561,0.6846003909794898,0.0475859761002252,32500.629388420577
SPARSE_209,0,8,82,28,0,0,0,0,0,0,0,0.0,16.645833602750002,-14.545833995149977,0.0,592.6014404296875,592.6014404296875,AY,0.1800000071525573,0.4535430854908909,59.422849,106.546976,135.06459892049037,19.487628689315365,34.32058916231631,0.5822321222584205,0.0640034942896997,34548.2090752271
SPARSE_210,0,42,28,0,0,0,0,0,0,0,0,0.0,16.645833602750002,-12.737500669049975,0.0,346.2933654785156,346.2933654785156,AY,-0.5680000185966492,0.3011647012534417,5.957926,69.520709,52.45313229719302,10.06197227029369,8.55132455358832,1.3096889639341285,0.0123896928923165,5779.8962579843455
SPARSE_211,0,17,286,14,0,0,0,0,0,0,0,0.0,16.645833602750002,-12.666667335999977,0.0,1587.203125,793.6015625,AY,-0.003000000026077,0.3011647012534417,47.707931,591.010113,441.88907188318535,85.26799326774164,65.88858212795121,1.271161717019467,0.1294043845675803,49692.62991168699
SPARSE_212,0,1,70,10,0,0,0,0,0,0,0,0.0,16.645833602750002,-12.637500669449976,0.0,406.5125122070313,406.5125122070313,AY,0.1550000011920929,0.3011647012534417,28.794318,49.683709,63.61061746456965,9.16795709421606,19.459569400868077,0.5607547670943116,0.0206607686932017,17520.22703647089
SPARSE_213,0,5,194,22,0,0,0,0,0,0,0,0.0,16.645833602750002,-12.600000669599977,0.0,1102.1605224609375,551.0802612304688,AY,0.1180000007152557,0.3011647012534417,72.208301,128.067374,161.81506056791036,23.46934636217208,50.17757393804879,0.5716577773168506,0.0523030007395947,43872.020437110965
SPARSE_214,1,140,30,0,0,0,0,0,0,0,0,0.0,16.645833602750002,-12.462500670149977,0.0,857.6489868164062,857.6489868164062,AY,-0.7689999938011169,0.3011647012534417,20.423665,38.808238,47.80858323923331,6.994527283918982,16.173511316447016,0.6812194411874765,0.0154554710397233,11097.704338524347
SPARSE_215,4,38,62,18,1,0,0,0,0,0,0,0.0,16.645833602750002,-11.445834007549976,0.0,617.5904541015625,617.5904541015625,AY,-0.202000007033348,0.7032544645887016,39.783449,69.707466,89.31042471555423,12.813299733599615,28.11205596855824,0.5188798718431629,0.0290426472496344,26734.13106187453
SPARSE_216,0,15,50,0,0,0,0,0,0,0,0,0.0,16.63750026945,-16.195833988549975,0.0,324.47259521484375,324.47259521484375,AY,-0.3319999873638153,0.2194917787293831,14.954356,36.340088,39.08772929791927,6.222114469098465,9.889539485683914,0.811028475379744,0.019986683240191,7248.368810079188
SPARSE_217,0,73,16,0,0,0,0,0,0,0,0,0.0,16.63750026945,-15.987500656049976,0.0,445.1089172363281,445.1089172363281,AY,-0.6890000104904175,0.2194917787293831,11.878244,26.30418,29.953142686175894,4.590414309680828,8.356296338729864,0.7860622593225169,0.0147531908576178,5812.312043034506
SPARSE_218,1,85,192,14,0,0,0,0,0,0,0,0.0,16.633333602800004,-14.258333996299974,0.0,1462.8389892578125,731.4194946289062,AY,-0.2454000017605722,0.4535430854908909,85.634955,140.866159,184.69998895174385,26.34869259497624,49.55281428573289,0.6764023717505194,0.0884007893893711,41032.11238671995
SPARSE_219,0,50,362,89,0,0,0,0,0,0,0,0.0,16.630833602810004,-14.225833996429976,0.0,2508.840576171875,501.76812744140625,AY,0.0890000015497207,0.4535430854908909,234.675532,394.836117,510.67218621338657,73.4469693263541,128.54018516279885,0.6110480968179883,0.2535041419374593,124208.55570640003
SPARSE_220,0,11,46,7,0,0,0,0,0,0,0,0.0,16.63750026945,-14.195833996549975,0.0,314.76568603515625,314.76568603515625,AY,-0.0599999986588954,0.4535430854908909,25.409812,46.122381,56.42976567840096,8.41500262447175,13.661511194572457,0.6741045542334417,0.0279652967824977,12402.860038371538
SPARSE_221,0,56,183,0,0,0,0,0,0,0,0,0.0,16.629166936150003,-15.945833989549977,0.0,1194.165771484375,398.0552673339844,AY,-0.3310000002384186,0.2194917787293831,37.224358,95.016555,102.73737817983178,16.09473046936684,37.191889032384566,0.6251156049893435,0.0315605254560344,26585.365877531913
SPARSE_222,1,32,50,2,0,0,0,0,0,0,0,0.0,16.629166936150003,-14.595833994949976,0.0,424.85015869140625,424.85015869140625,AY,-0.3610000014305115,0.4535430854908909,12.730779,75.523995,64.33121349947865,11.434475032949122,13.034166152919497,0.9614447129656108,0.0169150817446696,9837.950738819693
SPARSE_223,2,47,31,1,0,0,0,0,0,0,0,0.0,16.629166936150003,-14.470833995449976,0.0,404.9450988769531,404.9450988769531,AY,-0.6179999709129333,0.4535430854908909,16.082065,27.304623,35.28855066496539,5.063540766423592,9.812498646775186,0.7275286526464511,0.0158508960756733,7343.605786225016
SPARSE_224,0,1,18,85,71,0,0,0,0,0,0,0.0,16.629166936150003,-11.412500674349976,0.0,914.2586059570312,914.2586059570312,AY,1.409999966621399,0.7032544645887016,254.341618,386.45213,529.3451875394254,73.75796714707656,154.87929435170415,0.4514303574073897,0.1775312667125525,178840.59136421944
SPARSE_225,4,31,40,9,0,0,0,0,0,0,0,0.0,16.629166936150003,-9.679167347949974,0.0,418.7271423339844,418.7271423339844,AY,-0.3429999947547912,0.6978932002927289,12.937309,170.083358,126.05087254862194,24.481004875427047,16.97108017603217,1.2315567092088642,0.0321572726878677,14487.188802190538
SPARSE_226,0,124,608,5,0,0,0,0,0,0,0,0.0,16.629166936150003,-7.275000690899974,0.0,3682.564208984375,920.6410522460938,AY,-0.2129999995231628,0.2878568899555547,128.310167,316.16625,353.3426406568105,53.914998391822635,124.42179539591471,0.6338367611928898,0.1087223492093383,89347.63464549129
SPARSE_227,9,129,131,10,0,0,0,0,0,0,0,0.0,16.614583602875,-15.906250656374976,0.0,1392.335205078125,348.08380126953125,AY,-0.4850000143051147,0.5464731945980439,44.933148,101.585328,115.32355176220896,17.620834177976953,40.91631292974793,0.572665489445663,0.0366405135058062,32337.63927144108
SPARSE_228,0,28,34,0,0,0,0,0,0,0,0,0.0,16.620833602850006,-12.745834002349977,0.0,305.9505615234375,305.9505615234375,AY,-0.453000009059906,0.3011647012534417,6.018644,70.234264,52.99257373197026,10.164695592698452,8.600400917563263,1.3086950901902392,0.0129703712424089,5840.510228153015
SPARSE_229,3,76,366,320,49,0,0,0,0,0,0,0.0,16.608333602900004,-11.377778452266645,0.0,4071.283447265625,678.5472412109375,AY,0.4280000030994415,0.7032544645887016,712.394653,966.423364,1393.5995379032966,190.7769667230291,354.18232382759027,0.5257825144888552,0.6651370942860476,392665.9550089439
SPARSE_230,0,4,99,8,0,0,0,0,0,0,0,0.0,16.612500269550004,-12.420834003649976,0.0,552.0515747070312,552.0515747070312,AY,0.06700000166893,0.3011647012534417,34.923247,59.497331,76.12628355057004,11.014240522478865,23.303507445115375,0.595539670452118,0.0249158314462589,19752.997427091894
SPARSE_231,7,62,100,29,1,0,0,0,0,0,0,0.0,16.612500269550004,-11.429167340949975,0.0,995.18408203125,995.18408203125,AY,-0.210999995470047,0.7032544645887016,62.923431,110.682918,141.5639416853596,20.325398069813833,44.61564287863716,0.520684381378896,0.0459145820041016,42243.39856126791
SPARSE_232,0,5,287,192,1,0,0,0,0,0,0,0.0,16.604166936250003,-15.350000658599976,0.0,2427.95751953125,1213.978759765625,AY,0.4070000052452087,0.3874982122135782,333.744914,507.629408,693.3582281978566,96.97143370369908,184.6545169934632,0.5187894352290915,0.3334946108727742,200150.78943054008
SPARSE_233,0,2,109,158,7,0,0,0,0,0,0,0.0,16.604166936250003,-14.245833996349976,0.0,1380.32568359375,1380.32568359375,AY,0.6179999709129333,0.4535430854908909,256.181851,500.729552,600.7378330054885,89.79015760921146,138.39195859851492,0.5613643948366221,0.2894294220098412,157258.99656885152
SPARSE_234,0,39,29,0,0,0,0,0,0,0,0,0.0,16.604166936250003,-13.029167334549976,0.0,336.80938720703125,336.80938720703125,AY,-0.5529999732971191,0.3332795575800431,11.923284,20.764995,26.14222915899554,3.8227366325250607,8.065985383361967,0.7037664435925425,0.0085970998423306,5755.855536259679
SPARSE_235,15,157,119,6,0,0,0,0,0,0,0,0.0,16.583333603000003,-15.877083989824976,0.0,1483.4405517578125,370.8601379394531,AY,-0.5979999899864197,0.5464731945980439,36.753824,95.810737,103.77711948017516,16.166905938319125,38.77209884811736,0.5810520310342168,0.0311055841573167,29095.1327124624
SPARSE_236,0,1,41,34,0,0,0,0,0,0,0,0.0,16.59583360295,-15.454167324849976,0.0,380.2615356445313,380.2615356445313,AY,0.4620000123977661,0.3874982122135782,50.748516,82.451486,109.4461039568274,15.453571995334674,30.98083586754408,0.4895486466164338,0.0414709690888272,33914.06522211277
SPARSE_237,0,41,33,0,0,0,0,0,0,0,0,0.0,16.59583360295,-12.712500669149977,0.0,371.318359375,371.318359375,AY,-0.5350000262260437,0.3011647012534417,16.272246,22.226435,31.23800028292755,4.381165692389584,8.859832020645104,0.742865926543554,0.0151790642201693,6376.696701169349
SPARSE_238,0,37,31,0,0,0,0,0,0,0,0,0.0,16.59583360295,-12.670834002649976,0.0,340.4696350097656,340.4696350097656,AY,-0.5260000228881836,0.3011647012534417,12.903329,21.643835,27.535694427110936,4.022830867451348,8.236334934163049,0.7168817508616885,0.0089805715817377,5912.632393327013
SPARSE_239,0,48,79,0,0,0,0,0,0,0,0,0.0,16.59583360295,-12.429167336949977,0.0,635.92919921875,635.92919921875,AY,-0.3989473714027554,0.3011647012534417,32.899542,45.171312,64.36558120393741,8.876808687866117,17.25591066145343,0.7591653735152231,0.0217752265204521,12696.93689556387
SPARSE_240,3,25,38,11,1,0,0,0,0,0,0,0.0,16.59583360295,-11.354167341249976,0.0,386.11273193359375,386.11273193359375,AY,-0.2349999994039535,0.7032544645887016,34.509857,50.396425,69.02478508861593,9.740315135020438,17.5441902253234,0.601912731840653,0.0334546947399653,17040.534243271006
SPARSE_241,5,51,81,23,1,0,0,0,0,0,0,0.0,16.5916669363,-9.745834014349974,0.0,806.5299682617188,403.2649841308594,AY,-0.2179999947547912,0.6978932002927289,58.639097,87.018117,119.10125537289036,16.718452065187144,35.74876937435838,0.5358919213433058,0.0398390169244029,34100.35242117523
SPARSE_242,0,15,98,1,0,0,0,0,0,0,0,0.0,16.59583360295,-7.262500690949976,0.0,571.773193359375,571.773193359375,AY,-0.1650000065565109,0.2878568899555547,12.369509,160.903921,118.88010189987617,23.17321941446285,20.770853923862926,1.2120896458435142,0.027931485327637,14308.993206389543
SPARSE_243,0,83,465,90,0,0,0,0,0,0,0,0.0,16.587500269650004,-14.250000662999977,0.0,3194.804931640625,798.7012329101562,AY,0.0189999993890523,0.4535430854908909,257.764831,621.150818,668.4824072999229,106.50129298144353,149.46812347735937,0.7027966387526693,0.3296449166696938,140087.42628342877
SPARSE_244,3,74,53,1,0,0,0,0,0,0,0,0.0,16.579166936350003,-14.295833996149977,0.0,655.9295043945312,655.9295043945312,AY,-0.5950000286102295,0.4535430854908909,21.143011,60.24832,61.36902465757988,10.018755234311472,15.860340657401428,0.7998445994656231,0.0295215773729567,11617.23910585086
SPARSE_245,22,74,44,5,0,0,0,0,0,0,0,0.0,16.575000269700006,-10.750000676999974,0.0,726.317138671875,363.1585693359375,AY,-0.7910000085830688,0.7032544645887016,26.651386,55.153663,65.81038035029802,9.76095229523001,18.395612309313563,0.6872514459444061,0.0334776716085965,14561.433455426699
SPARSE_246,0,37,324,0,0,0,0,0,0,0,0,0.0,16.56527804751667,-16.259722877183307,0.0,1804.381591796875,601.4605102539062,AY,-0.210999995470047,0.2194917787293831,67.144891,158.382343,179.61927636877795,27.23778452295832,60.69792438293643,0.6493673619334295,0.0572504313509886,43886.31246653731
SPARSE_247,0,39,248,120,4,0,0,0,0,0,0,0.0,16.570833603050005,-15.845833989949975,0.0,2056.338134765625,685.446044921875,AY,0.221000000834465,0.5464731945980439,163.609004,365.398666,419.4148005037306,63.544262216299366,137.9104042600161,0.4696131940640546,0.1326574217133068,140820.7484727344
SPARSE_248,3,54,60,5,0,0,0,0,0,0,0,0.0,16.570833603050005,-15.695833990549977,0.0,612.5239868164062,612.5239868164062,AY,-0.449999988079071,0.5464731945980439,28.703468,45.767751,60.88441493884821,8.620901336098326,18.21616224107696,0.6288090372168185,0.020247508036588,14858.889510884705
SPARSE_249,1,53,79,4,0,0,0,0,0,0,0,0.0,16.570833603050005,-14.262500662949977,0.0,683.19482421875,683.19482421875,AY,-0.3700000047683716,0.4535430854908909,29.32141,81.844402,83.7702634779287,13.658190518871123,20.76509481445727,0.7698168718567364,0.041736115720997,16351.304363743044
SPARSE_250,2,69,79,3,0,0,0,0,0,0,0,0.0,16.570833603050005,-14.220833996449976,0.0,762.2385864257812,762.2385864257812,AY,-0.4490000009536743,0.4535430854908909,34.576045,68.885659,82.32745997141068,12.29246437992371,21.169781283462193,0.7532939776785297,0.0371795144468637,16370.631055871376
SPARSE_251,2,71,69,2,0,0,0,0,0,0,0,0.0,16.570833603050005,-14.204167329849977,0.0,718.5125732421875,718.5125732421875,AY,-0.4990000128746032,0.4535430854908909,30.308819,61.166719,72.68577493910412,10.884247090063443,18.90804233440105,0.7612395531799965,0.0330582650761717,14337.349949007034
SPARSE_252,0,51,39,0,0,0,0,0,0,0,0,0.0,16.570833603050005,-12.704167335849975,0.0,447.5149841308594,447.5149841308594,AY,-0.5400000214576721,0.3011647012534417,19.568584,26.740877,37.573751594126335,5.270050322389485,10.665341862800068,0.7433343775324514,0.0182714289796513,7666.460474438018
SPARSE_253,0,50,17,0,0,0,0,0,0,0,0,0.0,16.570833603050005,-12.670834002649976,0.0,333.1775817871094,333.1775817871094,AY,-0.6949999928474426,0.3011647012534417,10.337607,17.712387,22.394648648528676,3.27427135446784,6.805866691375429,0.7260691370440562,0.0073164692770528,4763.979818726508
SPARSE_254,0,333,157,0,0,0,0,0,0,0,0,0.0,16.55694471421667,-16.231945099516643,0.0,2452.123046875,817.3743286132812,AY,-0.5920000076293945,0.2194917787293831,57.233126,189.996271,185.0491457728689,30.84527957606789,53.54379194231193,0.7672042365639514,0.093890741809965,37402.125093077404
SPARSE_255,0,2,75,227,52,0,0,0,0,0,0,0.0,16.562500269750004,-15.812500656749975,0.0,1782.939208984375,594.3130493164062,AY,0.9380000233650208,0.5464731945980439,313.501179,648.006465,770.0167384886036,114.5678429689964,242.77887892385013,0.4328849429991879,0.2485629501802081,277392.77725210506
SPARSE_256,21,260,545,208,13,0,0,0,0,0,0,0.0,16.5572919364375,-10.957292342837476,0.0,5241.9326171875,655.2415771484375,AY,-0.0570000000298023,0.7032544645887016,508.420621,988.385159,1211.8034557145402,177.39983959221445,280.5013856061626,0.6380874031235436,0.6207395192185634,278674.6385080556
SPARSE_257,0,14,50,0,0,0,0,0,0,0,0,0.0,16.554166936450002,-15.895833989749976,0.0,320.6746826171875,320.6746826171875,AY,-0.3219999969005584,0.2194917787293831,9.165067,25.898013,27.210595906845604,4.307956320890798,10.206950856001612,0.6175279814008328,0.0080283033599013,7197.154234950021
SPARSE_258,0,22,80,23,0,0,0,0,0,0,0,0.0,16.554166936450002,-15.637500657449976,0.0,626.2617797851562,626.2617797851562,AY,0.0130000002682209,0.5464731945980439,63.725348,85.240365,123.43024414949122,16.896177519990143,31.156481594173343,0.5928054163061505,0.059277749450995,30807.606017238093
SPARSE_259,2,123,237,16,0,0,0,0,0,0,0,0.0,16.554166936450002,-12.079167338349976,0.0,1891.905029296875,1891.905029296875,AY,-0.2879999876022339,0.4605757016142366,66.231994,159.302825,178.03370028692396,27.29314123211123,64.15031528371847,0.56805232351147,0.0555081892332076,50529.33555800048
SPARSE_260,4,29,36,8,0,0,0,0,0,0,0,0.0,16.554166936450002,-11.079167342349976,0.0,388.0683288574219,388.0683288574219,AY,-0.3630000054836273,0.7032544645887016,23.995512,47.753691,57.9354815980994,8.525337017231635,14.44507046445928,0.6614339981187946,0.0297518048294015,13026.667416786535
SPARSE_261,3,40,79,29,2,0,0,0,0,0,0,0.0,16.554166936450002,-11.041667342499975,0.0,762.7868041992188,381.3934020996094,AY,-0.0860000029206276,0.7032544645887016,89.608042,97.035161,156.4351437769528,20.61762734874588,39.28710483283337,0.5801107445606148,0.0752860206427085,39716.77215803119
SPARSE_262,0,9,112,8,0,0,0,0,0,0,0,0.0,16.554166936450002,-7.820834022049976,0.0,641.297607421875,641.297607421875,AY,-0.0070000002160668,0.3286833032974744,17.991662,240.318607,176.9050991587342,34.571265351882865,28.268251524284825,1.1771584861507185,0.0416984571526416,21693.909350354574
SPARSE_263,0,28,138,52,1,0,0,0,0,0,0,0.0,16.54583360315,-15.766667323599975,0.0,1103.974365234375,551.9871826171875,AY,0.1268461530025188,0.5464731945980439,105.440941,180.439462,233.5577036212235,33.400864212249104,63.58723146974443,0.5461077303197209,0.1100589199192846,64462.64624354165
SPARSE_264,0,48,51,0,0,0,0,0,0,0,0,0.0,16.54583360315,-12.379167337149976,0.0,496.9298400878906,496.9298400878906,AY,-0.481000006198883,0.3011647012534417,9.128818,109.047732,82.01340194098256,15.76525100690704,13.393928809874506,1.305892819054512,0.019339603101634,9068.052793004523
SPARSE_265,0,23,59,0,0,0,0,0,0,0,0,0.0,16.54583360315,-7.195834024549974,0.0,409.7759094238281,409.7759094238281,AY,-0.3210952382179953,0.2878568899555547,7.558376,100.002434,73.83537844499024,14.391595389436633,13.1776296872152,1.2240266474150934,0.0176312786860066,8824.512444078026
SPARSE_266,1,22,60,12,0,0,0,0,0,0,0,0.0,16.537500269850003,-15.804167323449976,0.0,473.11279296875,473.11279296875,AY,-0.1000000014901161,0.5464731945980439,36.68655,59.780293,77.25950280110487,11.207390686809292,20.403265697972262,0.6096347988627929,0.0398895870314383,19018.63722909972
SPARSE_267,0,17,60,17,0,0,0,0,0,0,0,0.0,16.537500269850003,-15.520833991249976,0.0,470.6902160644531,470.6902160644531,AY,0.0130000002682209,0.5464731945980439,44.05726,74.0626,96.45254183122064,13.775434244197658,23.42315252690349,0.6209912239350797,0.044806937176082,22921.39174536957
SPARSE_268,24,93,12,0,0,0,0,0,0,0,0,0.0,16.537500269850003,-14.187500663249976,0.0,645.5067138671875,645.5067138671875,AY,-1.0859999656677246,0.4535430854908909,6.538159,81.719025,60.867467372581714,11.788846671490964,11.00610462740643,1.2261351053392449,0.0152103000737464,7267.960584310504
SPARSE_269,0,26,42,0,0,0,0,0,0,0,0,0.0,16.537500269850003,-12.945834001549976,0.0,337.6571044921875,337.6571044921875,AY,-0.4160000085830688,0.2504664563020057,16.149655,23.942947,32.19089389099902,4.601372620934275,9.249002681453597,0.7238370599287826,0.0108857386467305,6774.905107197351
SPARSE_270,0,27,509,690,68,0,0,0,0,0,0,0.0,16.516666936600004,-15.779167323549975,0.0,6469.400390625,808.675048828125,AY,0.6259999871253967,0.5464731945980439,1201.574477,1935.128611,2577.85460314985,363.9755826470114,656.6310891603579,0.5127711178532902,1.283659400677005,747373.622008857
SPARSE_271,0,3,64,1,0,0,0,0,0,0,0,0.0,16.529166936550006,-13.029167334549976,0.0,336.5912170410156,336.5912170410156,AY,-0.0520000010728836,0.2504664563020057,18.177953,46.650822,49.19804872667112,7.90704262644396,12.224018959963969,0.7949464353973312,0.0253634765413257,9287.916180303195
SPARSE_272,0,4,100,1,0,0,0,0,0,0,0,0.0,16.529166936550006,-13.012500667949976,0.0,527.1949462890625,527.1949462890625,AY,-0.0520000010728836,0.2504664563020057,27.914825,70.489457,74.80961907154101,11.984519484271324,18.642117063603862,0.8017734065502831,0.038751741868586,14004.83888729438
SPARSE_273,12,73,77,15,0,0,0,0,0,0,0,0.0,16.529166936550006,-10.891667343099977,0.0,887.8607177734375,443.9303588867187,AY,-0.453000009059906,0.7032544645887016,49.317048,98.691592,119.4434629778791,17.597562577359103,30.449041579563005,0.6658684997660134,0.0604476613753933,26788.183100554405
SPARSE_274,0,34,29,0,0,0,0,0,0,0,0,0.0,16.529166936550006,-7.545834023149975,0.0,314.8319396972656,314.8319396972656,AY,-0.5149999856948853,0.2878568899555547,4.640168,62.858317,46.30852320785974,9.03755956864713,8.267208741137901,1.2320520038748748,0.010653635532762,5499.782660613846
SPARSE_275,0,37,95,0,0,0,0,0,0,0,0,0.0,16.525000269900005,-7.287500690849974,0.0,659.2265625,329.61328125,AY,-0.3210952382179953,0.2878568899555547,22.373112,49.923274,57.77795014116837,8.683579821687978,20.11294721454324,0.6490682550787474,0.0178794561310448,14207.224627748374
SPARSE_276,0,8,361,1064,237,0,0,0,0,0,0,0.0,16.51527804771667,-15.815278434516642,0.0,8361.3935546875,2787.131103515625,AY,0.9279999732971193,0.5464731945980439,2439.065949,3475.793175,4807.463182535225,676.2234724033715,1096.057680811375,0.5425549365440574,3.1477632290738637,1291388.5195226748
SPARSE_277,1,29,37,1,0,0,0,0,0,0,0,0.0,16.520833603250004,-14.129167330149976,0.0,340.26080322265625,340.26080322265625,AY,-0.4199999868869781,0.4535430854908909,15.985057,23.782084,32.21906013659421,4.565859547499962,9.359710430284196,0.686462650275807,0.0110008115094229,7159.7877453210185
SPARSE_278,0,51,36,0,0,0,0,0,0,0,0,0.0,16.520833603250004,-13.054167334449977,0.0,432.9660949707031,432.9660949707031,AY,-0.5440000295639038,0.2504664563020057,7.382075,83.187749,62.53360887169678,12.060323912393022,10.767487434247425,1.249380584229008,0.0147529953546589,7277.651463449514
SPARSE_279,0,61,64,0,0,0,0,0,0,0,0,0.0,16.520833603250004,-12.720834002449976,0.0,627.18896484375,627.18896484375,AY,-0.4819999933242798,0.3011647012534417,11.836321,137.313781,103.6289864904145,19.879365826274,16.86256840493232,1.3094390428431315,0.0243518717873314,11418.681317300528
SPARSE_280,6,37,40,8,0,0,0,0,0,0,0,0.0,16.520833603250004,-10.870834009849975,0.0,459.796875,459.796875,AY,-0.4480000138282776,0.7032544645887016,25.830679,51.634435,62.52228871510805,9.209128137518464,15.87807834553528,0.6648354422708109,0.031611343583357,14033.943453583202
SPARSE_281,37,145,101,13,0,0,0,0,0,0,0,0.0,16.520833603250004,-10.850000676599976,0.0,1486.4315185546875,743.2157592773438,AY,-0.6959999799728394,0.7032544645887016,60.612973,123.305146,148.14377890171212,21.903611889992447,40.354679993909656,0.6811638821271504,0.0743993500803543,32896.08692067374
SPARSE_282,111,436,305,38,1,0,0,0,0,0,0,0.0,16.517708603262506,-10.801042343462475,0.0,4473.90673828125,559.2383422851562,AY,-0.6980000138282776,0.7032544645887016,182.778508,373.819051,448.1850865817126,66.3278481333144,122.6133644124402,0.6809894568983829,0.2273358697546631,99639.05329273018
SPARSE_283,2,73,100,5,0,0,0,0,0,0,0,0.0,16.512500269950003,-15.933333989599976,0.0,899.2303466796875,449.61517333984375,AY,-0.3930000066757202,0.4657563125281486,30.54219,67.993259,78.40925198182057,11.831315144247284,27.071516276310746,0.5956835778974505,0.0251904311337784,20976.512874296222
SPARSE_284,0,18,45,0,0,0,0,0,0,0,0,0.0,16.512500269950003,-12.979167334749976,0.0,313.913818359375,313.913818359375,AY,-0.3440000116825104,0.2504664563020057,16.140511,27.240911,34.12140266533223,5.061651757784348,9.179990862636611,0.7626026676225733,0.0171309682215791,6753.997517152521
SPARSE_285,0,4,120,9,0,0,0,0,0,0,0,0.0,16.512500269950003,-12.170834004649976,0.0,671.5450439453125,671.5450439453125,AY,0.061999998986721,0.3011647012534417,37.043421,109.796745,109.80991587024576,18.14322946519159,28.053498474914814,0.712618937008889,0.0581949521018851,23314.340724505746
SPARSE_286,0,21,48,4,0,0,0,0,0,0,0,0.0,16.50416693665,-15.629167324149975,0.0,370.5069274902344,370.5069274902344,AY,-0.2329999953508377,0.4657563125281486,25.664042,31.993203,47.267202791188495,6.4779337501451755,12.513406234322751,0.6623222414634625,0.0170165735614123,10655.171135505863
SPARSE_287,0,52,135,12,0,0,0,0,0,0,0,0.0,16.50000027,-14.162500663349975,0.0,995.63623046875,497.818115234375,AY,-0.2029999941587448,0.4535430854908909,69.62478,92.477685,134.0576977157294,18.36575133528628,35.44358017256363,0.6617407890605795,0.0612865215420384,30235.726047131255
SPARSE_288,0,43,141,16,0,0,0,0,0,0,0,0.0,16.487500270050006,-14.101389552483308,0.0,1001.9400634765624,333.9800109863281,AY,-0.1289999932050705,0.4554841165273114,73.609624,95.889628,138.88616507985296,19.14772376682789,38.514784359563606,0.6173359214268533,0.0478293795834177,33911.133774923095
SPARSE_289,10,47,37,5,0,0,0,0,0,0,0,0.0,16.495833603350004,-9.904167347049974,0.0,495.1145629882813,495.1145629882813,AY,-0.628000020980835,0.6978932002927289,22.273917,45.336028,52.31765275052295,8.05417285581236,14.230035883776742,0.6735065083345886,0.0262547158136081,11796.534374627363
SPARSE_290,0,0,18,44,8,0,0,0,0,0,0,0.0,16.487500270050006,-15.720833990449975,0.0,356.22344970703125,356.22344970703125,AY,0.8560000061988831,0.5464731945980439,76.276224,135.660243,173.36327232402328,24.843825540747677,44.12939482516009,0.504931678371153,0.0566752990546765,51119.20111766947
SPARSE_291,0,26,44,2,0,0,0,0,0,0,0,0.0,16.487500270050006,-14.120833996849974,0.0,365.5904846191406,365.5904846191406,AY,-0.3330000042915344,0.4554841165273114,19.310697,27.156376,37.79035446864162,5.298992968103552,10.939226585284178,0.660432564013121,0.0128430017268562,8713.47155551169
SPARSE_292,0,30,30,0,0,0,0,0,0,0,0,0.0,16.487500270050006,-13.020834001249977,0.0,304.5948181152344,304.5948181152344,AY,-0.4900000095367431,0.2504664563020057,12.042178,19.618492,25.775823930584405,3.677346469791361,7.525995186644437,0.7260260936037053,0.0121240723341397,5424.527363760013
SPARSE_293,0,48,34,0,0,0,0,0,0,0,0,0.0,16.487500270050006,-12.654167336049976,0.0,410.6710815429687,410.6710815429687,AY,-0.5529999732971191,0.3011647012534417,11.429172,24.410464,28.71834599336952,4.285376930337368,9.74819757661266,0.6633376237664688,0.0090986683222389,6864.801730736349
SPARSE_294,0,7,92,1,0,0,0,0,0,0,0,0.0,16.479166936750005,-12.945834001549976,0.0,496.0188293457031,496.0188293457031,AY,-0.1220000013709068,0.2504664563020057,34.930537,43.402415,63.74140790817401,8.80455342596399,17.071359068813926,0.7273799745467444,0.0291566565791486,13121.658583379209
SPARSE_295,0,4,130,13,0,0,0,0,0,0,0,0.0,16.479166936750005,-12.025000671899974,0.0,734.05322265625,367.026611328125,AY,0.1040000021457672,0.3011647012534417,62.377293,79.391045,116.35178424876868,15.967705510061933,31.781251279360585,0.6249203679371841,0.040402649131344,27969.091643111427
SPARSE_296,0,52,108,0,0,0,0,0,0,0,0,0.0,16.479166936750005,-7.516667356599974,0.0,799.7716064453125,399.88580322265625,AY,-0.3600000143051147,0.2878568899555547,32.221251,59.28306,72.65658950111454,10.767010779915095,23.350235259230324,0.6826258445634156,0.0243860083222495,16660.282302302716
SPARSE_297,10,101,35,0,0,0,0,0,0,0,0,0.0,16.470833603450004,-14.079167330349977,0.0,730.262451171875,730.262451171875,AY,-0.8069999814033508,0.4554841165273114,22.310411,35.205816,46.46412839412358,6.650190813459085,14.428280657069283,0.7119708730923536,0.0154791994962026,10104.514321805013
SPARSE_298,0,32,32,0,0,0,0,0,0,0,0,0.0,16.470833603450004,-13.012500667949976,0.0,319.56243896484375,319.56243896484375,AY,-0.4900000095367431,0.2504664563020057,12.844064,20.927005,27.493941814710997,3.922441728765061,8.027396649980602,0.7260150604248772,0.0128684721107506,5786.162521344015
SPARSE_299,19,72,48,6,0,0,0,0,0,0,0,0.0,16.466666936800003,-11.733334006399977,0.0,726.3185424804688,363.1592712402344,AY,-0.7200000286102295,0.7032544645887016,24.382335,47.733132,56.89391953403511,8.543609213827647,19.406309392303783,0.5756685592148716,0.0180736516309416,15698.375408646036
SPARSE_300,1,108,60,0,0,0,0,0,0,0,0,0.0,16.466666936800003,-10.058334013099977,0.0,846.4515380859375,423.2257690429687,AY,-0.6190000176429749,0.3536065443732897,17.647631,49.179053,51.794486221766526,8.200213437666134,19.482656220996994,0.6342751135356859,0.015344837681496,13346.928044276026
SPARSE_301,0,28,56,1,0,0,0,0,0,0,0,0.0,16.470833603450004,-9.995834013349974,0.0,419.4031372070313,419.4031372070313,AY,-0.3330000042915344,0.3536065443732897,15.826346,32.790107,39.04964314247522,5.794679161418919,12.922322733222138,0.6455411855149227,0.0124163471454744,9531.456529229696
SPARSE_302,0,14,44,5,0,0,0,0,0,0,0,0.0,16.462500270150002,-13.995833997349976,0.0,314.0259704589844,314.0259704589844,AY,-0.1340000033378601,0.4554841165273114,19.77671,33.44705,43.33057413776268,6.2113999147909675,12.20762155454512,0.6193554923150312,0.0218080181448431,10617.937315444697
SPARSE_303,0,57,161,0,0,0,0,0,0,0,0,0.0,16.462500270150002,-12.966667334799975,0.0,1089.720947265625,544.8604736328125,AY,-0.3310000002384186,0.2504664563020057,54.451031,85.175927,113.94200664561252,16.138232421418824,32.47875441773301,0.7278845397087861,0.0520386837346963,23785.314372078738
SPARSE_304,0,60,53,0,0,0,0,0,0,0,0,0.0,16.462500270150002,-12.479167336749974,0.0,563.3204956054688,563.3204956054688,AY,-0.5149999856948853,0.3011647012534417,13.827658,51.573306,48.436488851649315,8.233819353232823,14.296048520433462,0.7601970467645458,0.0260219325942386,9941.833701880189
SPARSE_305,0,31,58,0,0,0,0,0,0,0,0,0.0,16.462500270150002,-12.187500671249976,0.0,448.6266174316406,448.6266174316406,AY,-0.3740000128746032,0.3011647012534417,12.002018,51.397949,46.383019092721966,8.063412910749415,13.086258988801497,0.7899351731430337,0.0248644715398279,9104.626041448526
SPARSE_306,9,32,22,3,0,0,0,0,0,0,0,0.0,16.462500270150002,-11.712500673149975,0.0,328.6253967285156,328.6253967285156,AY,-0.7200000286102295,0.7032544645887016,11.435299,22.161566,26.522688141919804,3.975901944633637,9.0072697195713,0.5713153812319336,0.0084084027974966,7365.336541202683
SPARSE_307,0,52,104,0,0,0,0,0,0,0,0,0.0,16.45416693685,-12.887500668449976,0.0,780.5426635742188,780.5426635742188,AY,-0.382999986410141,0.2504664563020057,30.050811,55.637369,68.83980513170533,10.089727699516128,22.327453760687497,0.6681530621072355,0.0220587971375778,16141.87028765138
SPARSE_308,0,19,43,0,0,0,0,0,0,0,0,0.0,16.445833603550003,-12.729167335749974,0.0,314.8515625,314.8515625,AY,-0.3379999995231628,0.3055571704912008,11.946202,24.215081,29.0518473455404,4.304694690316228,9.07369216406116,0.6903063625926924,0.015295639274608,6546.00608495602
SPARSE_309,1,48,13,0,0,0,0,0,0,0,0,0.0,16.445833603550003,-10.079167346349976,0.0,311.8353271484375,311.8353271484375,AY,-0.7749999761581421,0.3536065443732897,8.430919,17.752652,20.362649440030903,3.1307467261034643,6.045938194355064,0.752124549280276,0.0103625212842955,4182.712364372839
SPARSE_310,0,15,56,0,0,0,0,0,0,0,0,0.0,16.445833603550003,-7.754167355649974,0.0,354.0226135253906,354.0226135253906,AY,-0.257999986410141,0.2878568899555547,11.321538,28.210334,31.398594173951864,4.800527467467391,11.468988486126042,0.6326169597221097,0.0096687818682917,8025.986832056191
SPARSE_311,3,43,18,0,0,0,0,0,0,0,0,0.0,16.437500270250005,-14.029167330549974,0.0,325.947998046875,325.947998046875,AY,-0.746999979019165,0.4554841165273114,10.829073,16.130867,21.93741100386818,3.096190172238209,6.605256033109375,0.7241094495655741,0.0078754671471234,4653.801928153174
SPARSE_312,1,49,76,4,0,0,0,0,0,0,0,0.0,16.433333603600005,-13.783333998199977,0.0,646.4410400390625,323.22052001953125,AY,-0.3589999973773956,0.4554841165273114,20.81209,51.033562,56.32646162977747,8.710301277038088,20.338992985468504,0.5771040733756595,0.0174486256796566,15757.637052237877
SPARSE_313,0,66,29,0,0,0,0,0,0,0,0,0.0,16.437500270250005,-7.287500690849974,0.0,477.5117492675781,477.5117492675781,AY,-0.6349999904632568,0.2878568899555547,6.884746,46.854933,38.4223801644479,7.018217142757759,10.69468123332386,0.837491870971869,0.017923401377384,7138.649064747179
SPARSE_314,4,107,91,2,0,0,0,0,0,0,0,0.0,16.429166936950004,-14.079167330349977,0.0,1016.7315063476562,1016.7315063476562,AY,-0.5389999747276306,0.4554841165273114,29.679336,147.760867,131.70838841827018,22.757118007980413,26.26197458881129,1.0072680808998646,0.0349759911552833,19111.488155351377
SPARSE_315,1,84,6,0,0,0,0,0,0,0,0,0.0,16.429166936950004,-12.887500668449976,0.0,450.2487182617187,450.2487182617187,AY,-0.8700000047683716,0.2504664563020057,10.05873,18.289122,22.640452729864094,3.331258945670923,7.600583374727941,0.698527036802234,0.0072495837823832,5119.216043383002
SPARSE_316,0,4,58,3,0,0,0,0,0,0,0,0.0,16.429166936950004,-12.045834005149974,0.0,319.2370910644531,319.2370910644531,AY,-0.0170000009238719,0.3011647012534417,18.168391,32.415934,40.31013877924501,5.9317433821252,12.635690982923457,0.6123730682686529,0.013049823791996,10240.87317444403
SPARSE_317,0,2,118,44,0,0,0,0,0,0,0,0.0,16.425000270300004,-10.100000679599976,0.0,821.3075561523438,410.6537780761719,AY,0.2910000085830688,0.3536065443732897,43.639228,336.76488,269.7729304168612,49.931994364350565,55.37092255338024,0.7632963064556196,0.0683099685764282,52341.51328422349
SPARSE_318,0,20,90,1,0,0,0,0,0,0,0,0.0,16.429166936950004,-7.812500688749974,0.0,554.5478515625,554.5478515625,AY,-0.2300000041723251,0.2878568899555547,20.453773,67.978968,65.76679873912262,11.03350033726759,18.775760474338725,0.7524055976437112,0.0341439939981939,13528.242052732709
SPARSE_319,0,1,127,7,0,0,0,0,0,0,0,0.0,16.420833603650003,-13.137500667449975,0.0,675.8429565429688,675.8429565429688,AY,0.090999998152256,0.2504664563020057,35.340011,69.797569,83.48322058849416,12.4670607644645,27.5770932730719,0.5876815962018054,0.0268602999897137,22388.55758376941
SPARSE_320,0,59,439,1,0,0,0,0,0,0,0,0.0,16.416666937000002,-12.958334001499974,0.0,2499.589599609375,624.8973999023438,AY,-0.1940000057220459,0.2504664563020057,102.053749,214.173567,249.8230772395238,37.74219955625516,83.98178080282354,0.651366280707846,0.0780585944753491,60757.058761099186
SPARSE_321,20,207,73,1,0,0,0,0,0,0,0,0.0,16.4083336037,-14.016667330599976,0.0,1500.7303466796875,750.3651733398438,AY,-0.8040000200271606,0.4554841165273114,50.299937,74.049168,101.3237577806727,14.26083736133523,30.45473640820994,0.7170199803529789,0.0358331746550498,21693.5907507387
SPARSE_322,3,46,23,0,0,0,0,0,0,0,0,0.0,16.404166937050004,-13.912500664349976,0.0,360.7179870605469,360.7179870605469,AY,-0.6980000138282776,0.4554841165273114,8.674977,19.279551,22.107144792795104,3.3562470262631705,7.804629576111971,0.6495395577856928,0.0068457353046745,5455.460671854843
SPARSE_323,0,5,52,5,0,0,0,0,0,0,0,0.0,16.404166937050004,-10.129167346149975,0.0,311.2178649902344,311.2178649902344,AY,0.0179999992251396,0.3536065443732897,9.95112,74.366709,59.8336407146037,11.051617405663112,14.010375496791026,0.8078464225583419,0.0151039608275416,11193.830168584871
SPARSE_324,0,12,278,14,0,0,0,0,0,0,0,0.0,16.401389159283337,-7.848611799716641,0.0,1516.073486328125,505.3578186035156,AY,0.0199999995529651,0.2878568899555547,71.334747,230.390504,224.5909650070712,37.55898193327173,61.90868540039889,0.7130545327889073,0.1173685841686081,48399.73300673848
SPARSE_325,0,12,54,2,0,0,0,0,0,0,0,0.0,16.395833603750006,-10.312500678749975,0.0,340.0029296875,340.0029296875,AY,-0.164000004529953,0.3536065443732897,15.503371,30.354945,36.96660900195962,5.4375960629341265,12.045960264040778,0.6240553724304458,0.0179334014284499,9292.497540331697
SPARSE_326,0,29,71,6,0,0,0,0,0,0,0,0.0,16.387500270450005,-14.054167330449976,0.0,530.148193359375,530.148193359375,AY,-0.2240000069141388,0.4554841165273114,20.02067,50.606183,55.03846129113427,8.587964690859186,19.32810074383112,0.5618984572429497,0.0167682693236592,15725.117261773046
SPARSE_327,0,158,553,5,0,0,0,0,0,0,0,0.0,16.379166937150003,-8.879167351149976,0.0,3584.509765625,716.9019775390625,AY,-0.2509999871253967,0.3106431750230558,202.568311,305.922057,404.9835351473362,58.56969256823572,112.7767415921201,0.7310425458723881,0.2011484621025767,83960.76499842711
SPARSE_328,0,12,164,5,0,0,0,0,0,0,0,0.0,16.387500270450005,-7.370834023849975,0.0,900.326171875,900.326171875,AY,-0.0549999997019767,0.2878568899555547,22.823865,288.793576,213.9703311033597,41.64125477815179,36.15158350159612,1.1921984952888842,0.0509282182398686,26067.868604726416
SPARSE_329,1,36,42,2,0,0,0,0,0,0,0,0.0,16.379166937150003,-13.987500664049977,0.0,399.41461181640625,399.41461181640625,AY,-0.4399999976158142,0.4554841165273114,23.236929,30.180985,43.319712858305365,6.040628993910221,11.296675139567848,0.7172916620545972,0.0214331590493304,9005.98501003369
SPARSE_330,0,34,28,0,0,0,0,0,0,0,0,0.0,16.379166937150003,-13.120834000849976,0.0,305.7053527832031,305.7053527832031,AY,-0.5210000276565552,0.2504664563020057,11.432057,19.057177,24.369396112308813,3.5477595397818757,7.492317204737536,0.7023160846716195,0.0079461805371579,5370.179656951013
SPARSE_331,1,119,49,0,0,0,0,0,0,0,0,0.0,16.379166937150003,-12.450000670199977,0.0,844.3744506835938,422.1872253417969,AY,-0.6579999923706055,0.3055571704912008,23.21801,45.0069,54.92895444158049,8.073960170365309,17.855242252835286,0.6898475633180047,0.0174219570776913,12484.655330405689
SPARSE_332,0,20,190,16,0,0,0,0,0,0,0,0.0,16.379166937150003,-10.170834012649976,0.0,1129.871337890625,1129.871337890625,AY,-0.0080000003799796,0.3536065443732897,62.711118,133.646091,153.89512409768312,23.473444492028552,46.891468989008466,0.6111690080857746,0.0484448442080717,39083.74572643113
SPARSE_333,0,24,45,1,0,0,0,0,0,0,0,0.0,16.370833603850002,-10.270834012249974,0.0,349.8278503417969,349.8278503417969,AY,-0.3459999859333038,0.3536065443732897,14.81714,31.583808,37.22075697558482,5.550676939502911,10.581975047927443,0.719201287934724,0.0160919389367908,7900.9651884218565
SPARSE_334,0,26,42,0,0,0,0,0,0,0,0,0.0,16.36250027055,-12.262500670949976,0.0,337.93572998046875,337.93572998046875,AY,-0.3980000019073486,0.3011647012534417,12.23635,24.835017,29.66582389044437,4.408916449131903,9.436063896904669,0.6840668980332668,0.0094924519420871,6774.905107197351
SPARSE_335,0,13,61,2,0,0,0,0,0,0,0,0.0,16.36250027055,-10.204167345849974,0.0,378.7706298828125,378.7706298828125,AY,-0.1490000039339065,0.3536065443732897,16.034789,37.07106,41.59480420041445,6.401458092660034,13.482878347662934,0.6388131303474992,0.0127380186713607,10250.933141100699
SPARSE_336,0,15,50,1,0,0,0,0,0,0,0,0.0,16.36250027055,-10.187500679249975,0.0,328.2355651855469,328.2355651855469,AY,-0.2199999988079071,0.3536065443732897,12.981596,29.716828,33.69306589611921,5.1417473594892105,10.896647453564729,0.6549316555496307,0.0104075792718508,8088.049030573526
SPARSE_337,0,48,57,0,0,0,0,0,0,0,0,0.0,16.36250027055,-10.137500679449976,0.0,528.9571533203125,528.9571533203125,AY,-0.4490000009536743,0.3536065443732897,15.857292,36.69442,41.109135977430455,6.3351782803766294,14.014485037584976,0.6648884505342975,0.0126514326671289,9845.670814981526
SPARSE_338,5,103,63,1,0,0,0,0,0,0,0,0.0,16.354166937250003,-13.970833997449976,0.0,862.7951049804688,862.7951049804688,AY,-0.6380000114440918,0.4554841165273114,40.439426,47.507537,72.26537968988124,9.818359336970122,19.458107551382845,0.7469578589032262,0.035215826933463,14477.639242337029
SPARSE_339,0,29,46,0,0,0,0,0,0,0,0,0.0,16.345833603950005,-13.704167331849977,0.0,374.5784606933594,374.5784606933594,AY,-0.3959999978542328,0.3320469755614191,11.071509,26.645573,30.01481158390718,4.564370158548363,10.518158667130578,0.6450314465655014,0.0093873135540828,7446.960847236186
SPARSE_340,0,50,24,0,0,0,0,0,0,0,0,0.0,16.345833603950005,-13.670833998649975,0.0,373.017822265625,373.017822265625,AY,-0.6430000066757202,0.3332795575800431,9.676958,19.803972,23.235549461398765,3.50927720853506,8.10959215899477,0.6546233906427045,0.0072813716252354,5671.2008443663435
SPARSE_341,0,2,48,35,1,0,0,0,0,0,0,0.0,16.337500270650004,-13.979167330749975,0.0,424.5430603027344,424.5430603027344,AY,0.4090000092983246,0.4554841165273114,45.827061,88.315767,107.328618095202,15.864980495229704,34.75820821674775,0.4523515471560064,0.0348021771822066,37192.23321212456
SPARSE_342,0,29,53,0,0,0,0,0,0,0,0,0.0,16.337500270650004,-12.929167334949977,0.0,409.240966796875,409.240966796875,AY,-0.3939999938011169,0.2504664563020057,13.903966,29.040782,34.45633757096919,5.122970327600362,11.701537360237277,0.6538205988364985,0.0108725759228093,8354.181872876023
SPARSE_343,1,80,150,10,0,0,0,0,0,0,0,0.0,16.337500270650004,-8.975000684099975,0.0,1205.6025390625,602.80126953125,AY,-0.2980000078678131,0.4591735946405234,61.740362,99.475306,131.8658028903794,18.700134509706995,39.82438732373681,0.6341670002326639,0.0630325606068071,31973.992475257754
SPARSE_344,0,43,47,0,0,0,0,0,0,0,0,0.0,16.329166937350003,-13.720833998449976,0.0,454.4869689941406,454.4869689941406,AY,-0.4729999899864197,0.3320469755614191,12.40943,29.577156,33.43778290678644,5.076526696943678,11.760708916058986,0.6456857097525838,0.0103132079460911,8293.567902707353
SPARSE_345,7,91,211,87,6,0,0,0,0,0,0,0.0,16.325000270700002,-9.079167350349977,0.0,2006.976318359375,501.74407958984375,AY,-0.0049999952316284,0.6978932002927289,228.701644,403.172803,492.445283379036,74.07580811123918,112.56932712119657,0.6332087322175989,0.2379162889206114,114216.26827900208
SPARSE_346,0,29,36,0,0,0,0,0,0,0,0,0.0,16.32083360405,-13.812500664749976,0.0,325.24493408203125,325.24493408203125,AY,-0.4449999928474426,0.3320469755614191,13.297544,21.228104,28.08268836441064,3.997289707287322,8.476144339236884,0.7022893616758672,0.0092376418134473,6150.930810607849
SPARSE_347,0,20,82,2,0,0,0,0,0,0,0,0.0,16.32083360405,-13.737500665049977,0.0,519.0171508789062,519.0171508789062,AY,-0.2026153848721431,0.3320469755614191,19.529703,45.215059,51.681954409840934,7.80526100920522,17.71229983310723,0.6168177334533146,0.0162155495441587,13331.098243924374
SPARSE_348,0,13,58,1,0,0,0,0,0,0,0,0.0,16.32083360405,-12.029167338549977,0.0,357.8691711425781,357.8691711425781,AY,-0.2220000028610229,0.3011647012534417,15.226572,33.51974,39.00744534898686,5.84686852418142,12.03770751237528,0.6716361041573935,0.0121263999182113,9022.443909617861
SPARSE_349,0,36,181,5,0,0,0,0,0,0,0,0.0,16.304166937450006,-13.708333998499976,0.0,1110.7197265625,555.35986328125,AY,-0.1609999984502792,0.3320469755614191,43.135038,99.336221,113.778717090055,17.16662630948632,38.88222097032763,0.6131836803641825,0.0356002981168908,29500.269470094594
SPARSE_350,0,38,31,0,0,0,0,0,0,0,0,0.0,16.304166937450006,-12.395834003749975,0.0,348.185791015625,348.185791015625,AY,-0.5260000228881836,0.3011647012534417,10.39139,21.811977,25.28729200464076,3.843585165916183,8.425087133941071,0.6707500257731591,0.0078829420139243,5963.846968456181
SPARSE_351,0,21,59,0,0,0,0,0,0,0,0,0.0,16.304166937450006,-11.495834007349975,0.0,403.2271728515625,403.2271728515625,AY,-0.2930000126361847,0.308906114565165,7.904986,99.626278,73.92882655215263,14.367861804025104,12.955068043720646,1.2365401913711358,0.0171431964553259,8722.083293819693
SPARSE_352,6,136,97,2,0,0,0,0,0,0,0,0.0,16.295833604150005,-13.895833997749977,0.0,1204.420166015625,1204.420166015625,AY,-0.593999981880188,0.4554841165273114,37.626287,74.007713,89.93202966705428,13.232794713891812,29.27670126988836,0.6575489350417192,0.0298399851377032,21453.476277186215
SPARSE_353,0,39,36,0,0,0,0,0,0,0,0,0.0,16.295833604150005,-13.779167331549974,0.0,372.5985107421875,372.5985107421875,AY,-0.5070000290870667,0.3320469755614191,15.15842,22.875484,30.64170284177301,4.374297385585094,9.216497103344317,0.7070759400287898,0.0101873621074703,6663.076561899516
SPARSE_354,0,10,93,5,0,0,0,0,0,0,0,0.0,16.287500270850003,-13.645833998749977,0.0,541.3316650390625,541.3316650390625,AY,-0.0450000017881393,0.3320469755614191,27.889914,62.808525,72.50384644955228,10.91525403449313,20.680986749467262,0.661337831831648,0.0381523831977935,16763.626194406886
SPARSE_355,0,13,51,0,0,0,0,0,0,0,0,0.0,16.287500270850003,-12.837500668649977,0.0,323.0747985839844,323.0747985839844,AY,-0.2360000014305114,0.3055571704912008,6.761973,83.096431,61.77029998236849,11.997501397729652,10.78267471945427,1.2378695608105104,0.0146430420524799,7275.542663483689
SPARSE_356,0,19,55,6,0,0,0,0,0,0,0,0.0,16.287500270850003,-9.145834016749976,0.0,398.4339294433594,398.4339294433594,AY,-0.163000002503395,0.4591735946405234,10.737493,144.506035,106.29102583807688,20.781735263048343,16.52186958761698,1.164098764950399,0.0247321222827731,13139.32345187604
SPARSE_357,0,3,63,2,0,0,0,0,0,0,0,0.0,16.287500270850003,-7.412500690349974,0.0,343.6907653808594,343.6907653808594,AY,-0.0099999997764825,0.2878568899555547,8.643644,112.31973,83.0354373998157,16.17631917212583,13.866061050697462,1.2047208077069058,0.0202029565869099,9997.993397134698
SPARSE_358,0,175,309,0,0,0,0,0,0,0,0,0.0,16.279166937550002,-6.989584025374976,0.0,2419.8544921875,604.963623046875,AY,-0.3880000114440918,0.2878568899555547,50.571394,320.581278,265.0097226497174,48.30847326195311,72.04870286466692,0.8374154626899809,0.1324062635883629,49009.8787794198
SPARSE_359,1,60,18,0,0,0,0,0,0,0,0,0.0,16.279166937550002,-8.587500685649974,0.0,396.2202453613281,396.2202453613281,AY,-0.7329999804496765,0.3286833032974744,8.915952,19.349065,22.327467810773044,3.385252903691917,7.957646739409117,0.6586217667544227,0.0069165305865414,5445.302284237007
SPARSE_360,0,5,67,5,0,0,0,0,0,0,0,0.0,16.279166937550002,-7.895834021749975,0.0,384.732177734375,384.732177734375,AY,0.0109999999403953,0.3286833032974744,11.820629,142.190708,105.99452052997806,20.549060662145926,16.937615970046423,1.1632964372351549,0.0260642741644255,13137.875223527377
SPARSE_361,0,56,91,0,0,0,0,0,0,0,0,0.0,16.270833604250004,-12.204167337849976,0.0,736.0451049804688,736.0451049804688,AY,-0.3989473714027554,0.3011647012534417,23.551919,55.462904,61.27017031963329,9.54208054102051,20.712705192943087,0.6649063144161209,0.0186630897195824,14661.889540551207
SPARSE_362,0,34,30,0,0,0,0,0,0,0,0,0.0,16.270833604250004,-11.295834008149974,0.0,320.0044860839844,320.0044860839844,AY,-0.5197727314450524,0.308906114565165,8.281746,19.76991,21.82156323148405,3.3921642422640916,8.08077240494317,0.6299766295571875,0.0066301908984381,5629.385664276679
SPARSE_363,0,18,47,0,0,0,0,0,0,0,0,0.0,16.270833604250004,-7.1708340246499755,0.0,326.1212463378906,326.1212463378906,AY,-0.3210952382179953,0.2878568899555547,6.575066,84.312698,62.87660499448356,12.150311174376077,10.392069949662272,1.297354600386199,0.0154801166066769,7013.203524478186
SPARSE_364,0,0,85,54,0,0,0,0,0,0,0,0.0,16.262500270950003,-13.870833997849974,0.0,698.0046997070312,698.0046997070312,AY,0.414000004529953,0.3320469755614191,97.344932,135.275595,192.40969826899877,26.490070659859672,52.12729657448735,0.5122008780822016,0.0677665137164358,56358.987218035014
SPARSE_365,0,42,25,0,0,0,0,0,0,0,0,0.0,16.262500270950003,-12.445834003549976,0.0,337.4243469238281,337.4243469238281,AY,-0.5920000076293945,0.3055571704912008,5.453313,64.849925,48.794044999812485,9.37726228955666,8.188601686426473,1.3111495270417042,0.0117091175755593,5391.087246995844
SPARSE_366,0,46,20,0,0,0,0,0,0,0,0,0.0,16.254166937650005,-13.104167334249976,0.0,326.3811340332031,326.3811340332031,AY,-0.6200000047683716,0.2504664563020057,8.119145,17.36672,20.20873148619284,3.0477871701379406,7.111068066181829,0.6537259403503681,0.0063209822995058,4947.930529198342
SPARSE_367,0,19,42,0,0,0,0,0,0,0,0,0.0,16.254166937650005,-12.979167334749976,0.0,303.1944274902344,303.1944274902344,AY,-0.3678823595537859,0.2504664563020057,14.968201,21.955168,29.714098934713203,4.23215853917077,8.764546289658417,0.7089954399140433,0.0100401176876403,6416.403081293185
SPARSE_368,0,48,15,0,0,0,0,0,0,0,0,0.0,16.254166937650005,-12.729167335749974,0.0,318.6141052246094,318.6141052246094,AY,-0.703000009059906,0.3055571704912008,3.787142,50.351495,37.21631930829358,7.245050816376963,6.647870203338874,1.2366384425137755,0.0084820239277454,4402.344661142507
SPARSE_369,4,77,4,0,0,0,0,0,0,0,0,0.0,16.254166937650005,-12.279167337549977,0.0,428.2608947753906,428.2608947753906,AY,-0.9850000143051147,0.3011647012534417,7.603267,17.523195,19.64011760536161,3.027794538443407,6.920656575089038,0.6821350092355374,0.0060998791350494,4620.229141821168
SPARSE_370,0,198,199,0,0,0,0,0,0,0,0,0.0,16.252083604325,-8.160417354024975,0.0,1985.608154296875,496.4020385742187,AY,-0.488999992609024,0.3286833032974744,34.862319,432.138126,323.58835054096676,62.36482494726522,53.39757145158007,1.3024385410926218,0.0793249956101033,35931.48360447892
SPARSE_371,0,54,201,4,0,0,0,0,0,0,0,0.0,16.237500271050003,-13.854167331249975,0.0,1296.078857421875,432.0262756347656,AY,-0.2220000028610229,0.3320469755614191,73.86686,105.048876,144.2670909727042,20.43068439406147,41.557593069510936,0.6827950080925579,0.0486254076875803,32174.511675181926
SPARSE_372,0,41,296,12,0,0,0,0,0,0,0,0.0,16.241666937700003,-13.762500664949975,0.0,1744.9112548828125,872.4556274414062,AY,-0.0949999988079071,0.3320469755614191,88.887871,159.753904,196.9376527465344,29.180837453922983,63.63650622400199,0.6106796601113488,0.0633789518855134,50538.449310426666
SPARSE_373,0,25,42,0,0,0,0,0,0,0,0,0.0,16.245833604350004,-12.354167337249976,0.0,335.3522644042969,335.3522644042969,AY,-0.3910000026226043,0.3011647012534417,6.924122,80.84075,60.965611822642245,11.69997507776754,9.862370180684076,1.3074267317352803,0.0143376411317074,6723.690532068185
SPARSE_374,0,17,52,1,0,0,0,0,0,0,0,0.0,16.245833604350004,-8.195834020549976,0.0,350.6145935058594,350.6145935058594,AY,-0.2639999985694885,0.3286833032974744,7.36965,95.583724,70.66596124050399,13.767581131910916,12.066188964481311,1.2164952450775806,0.0165857184129696,8449.684188157526
SPARSE_375,3,43,53,6,0,0,0,0,0,0,0,0.0,16.237500271050003,-13.404167333049976,0.0,522.9534301757812,522.9534301757812,AY,-0.4020000100135803,0.5749442848876697,24.620012,45.551095,56.210462008123294,8.262019444598492,16.96690361114855,0.6096668348584365,0.0183472669010137,14227.98837931837
SPARSE_376,4,71,102,13,0,0,0,0,0,0,0,0.0,16.237500271050003,-13.200000667199976,0.0,952.6502685546876,476.32513427734375,AY,-0.3379999995231628,0.5749442848876697,25.409699,298.407172,222.86199957278748,43.170688379372805,34.67395096213416,1.1468087766738655,0.0570445957881575,27929.878916430243
SPARSE_377,1,65,15,0,0,0,0,0,0,0,0,0.0,16.237500271050003,-12.229167337749974,0.0,401.1225891113281,401.1225891113281,AY,-0.7590000033378601,0.3011647012534417,6.499921,19.005202,19.92018174213637,3.1431556437932393,7.879290885096659,0.6203881356217535,0.0063264869479222,5312.56614889434
SPARSE_378,0,0,117,4,0,0,0,0,0,0,0,0.0,16.22916693775,-16.429167320949976,0.0,605.9854736328125,605.9854736328125,AY,0.1099999994039535,0.2194917787293831,20.69811,119.947448,101.03094087355971,18.200844748054163,24.430781630059577,0.8261506074253756,0.0296264231616106,18522.272310528893
SPARSE_379,4,32,25,2,0,0,0,0,0,0,0,0.0,16.22916693775,-13.179167333949977,0.0,308.8944091796875,308.8944091796875,AY,-0.5950000286102295,0.5749442848876697,13.346576,22.023129,28.82969404382799,4.1161097497561805,8.427805413838332,0.6560275306441057,0.0144307689598127,6716.59677891685
SPARSE_380,0,24,68,0,0,0,0,0,0,0,0,0.0,16.22916693775,-12.562500669749976,0.0,458.8484802246094,458.8484802246094,AY,-0.2930000126361847,0.3055571704912008,22.224743,34.689584,46.5194744877744,6.579067068236983,13.704474779404178,0.7084666048854691,0.0229533547756609,10042.154052172698
SPARSE_381,1,279,198,0,0,0,0,0,0,0,0,0.0,16.22750027109,-8.175834020629974,0.0,2391.3798828125,478.2759704589844,AY,-0.5609999895095825,0.3286833032974744,35.116128,457.136741,338.35003303562456,65.83494672348799,59.978477585599386,1.2363649082945638,0.0791937997995288,39989.83489683459
SPARSE_382,25,172,107,6,0,0,0,0,0,0,0,0.0,16.21805582668334,-13.240278444816642,0.0,1548.8677978515625,516.2892456054688,AY,-0.6899999976158142,0.5749442848876697,26.998254,315.649531,235.9990395643244,45.679653171342274,39.593815385108144,1.1922218372269848,0.0560258577761893,28703.852401005897
SPARSE_383,0,31,43,0,0,0,0,0,0,0,0,0.0,16.220833604450004,-7.620834022849975,0.0,370.9608459472656,370.9608459472656,AY,-0.4300000071525574,0.2878568899555547,6.21268,81.815694,60.41378385597776,11.777118526093286,10.703481061508004,1.2331169377492528,0.0137454722057279,7160.580986506018
SPARSE_384,2,33,44,5,0,0,0,0,0,0,0,0.0,16.212500271150006,-13.362500666549977,0.0,420.2395629882813,420.2395629882813,AY,-0.3709999918937683,0.5749442848876697,27.796229,33.365863,49.99502657207016,6.847022788053042,13.61346737205258,0.6429668791291664,0.0241630771357333,11670.161664010866
SPARSE_385,0,13,88,2,0,0,0,0,0,0,0,0.0,16.212500271150006,-12.504167336649974,0.0,516.4510498046875,516.4510498046875,AY,-0.1449999958276748,0.3055571704912008,35.170697,45.057074,66.3625638418919,9.053875937818662,17.55240924393042,0.7200459511206859,0.0357887175933374,13750.214239997209
SPARSE_386,0,39,26,0,0,0,0,0,0,0,0,0.0,16.212500271150006,-12.354167337249976,0.0,325.71319580078125,325.71319580078125,AY,-0.5649999976158142,0.3055571704912008,5.526261,64.55629,48.679513348526136,9.342704753163892,7.933848818572975,1.3090079811472497,0.0116221784760337,5367.046525271178
SPARSE_387,0,48,23,0,0,0,0,0,0,0,0,0.0,16.212500271150006,-8.529167352549974,0.0,354.42474365234375,354.42474365234375,AY,-0.6399999856948853,0.3286833032974744,9.896881,22.247137,25.6953859421626,3.8640968442643095,7.874230112926814,0.7330436678603146,0.0086157747565997,5439.168690445176
SPARSE_388,0,40,115,0,0,0,0,0,0,0,0,0.0,16.208333604500005,-6.950000692199975,0.0,777.8585205078125,388.92926025390625,AY,-0.3050000071525574,0.2878568899555547,21.077628,60.716482,63.73511376608896,10.066647812399788,24.459414139942304,0.6173807548047779,0.0189083598323006,16952.928426392547
SPARSE_389,0,21,40,0,0,0,0,0,0,0,0,0.0,16.204166937850005,-13.654167332049976,0.0,306.8164367675781,306.8164367675781,AY,-0.3589999973773956,0.3320469755614191,12.438029,21.908229,27.832030501292536,4.0248111574912055,8.61607394713242,0.6886230593240359,0.0124828081224097,6259.626224225852
SPARSE_390,0,41,86,1,0,0,0,0,0,0,0,0.0,16.195833604550003,-13.895833997749977,0.0,637.2415161132812,637.2415161132812,AY,-0.3379999995231628,0.3320469755614191,29.604831,48.192888,63.014058952826055,9.02779481272763,18.83690245338097,0.6872201284032979,0.0206568927991578,14085.336115793873
SPARSE_391,0,34,58,0,0,0,0,0,0,0,0,0.0,16.195833604550003,-12.229167337749974,0.0,458.6424255371094,458.6424255371094,AY,-0.3869999945163727,0.3011647012534417,10.526501,54.233894,46.896655279078466,8.333438846684974,13.494216464825271,0.7905426458604695,0.024475390453735,9258.269766836027
SPARSE_392,0,12,73,16,0,0,0,0,0,0,0,0.0,16.195833604550003,-9.554167348449976,0.0,505.7853393554687,505.7853393554687,AY,0.0509999990463256,0.4591735946405234,19.210635,253.657334,186.88037984251588,36.50813826698039,26.834507393748247,1.133678888099992,0.0433218562696727,23510.47769684624
SPARSE_393,0,111,116,0,0,0,0,0,0,0,0,0.0,16.195833604550003,-7.575000689699975,0.0,1135.7099609375,567.85498046875,AY,-0.4830000102519989,0.2878568899555547,19.75028,137.036281,111.64365966488106,20.49927092381512,30.810309707444155,0.8376201008276598,0.0568190975728921,20718.76626422622
SPARSE_394,0,0,113,95,0,0,0,0,0,0,0,0.0,16.1833336046,-13.795833998149975,0.0,1042.3798828125,521.18994140625,AY,0.4720000028610229,0.3320469755614191,194.910833,209.104961,340.25690326289674,44.5700235696117,84.47558085797736,0.529370838301781,0.1646613022224583,94414.76036086211
SPARSE_395,1,54,8,0,0,0,0,0,0,0,0,0.0,16.179166937950004,-12.779167335549976,0.0,316.7438049316406,316.7438049316406,AY,-0.8370000123977661,0.3055571704912008,7.220618,14.462111,17.053162623462136,2.574834457528888,5.635144195623552,0.7003876863701797,0.0053886599476012,3841.9847968336708
SPARSE_396,1,21,49,10,0,0,0,0,0,0,0,0.0,16.170833604650003,-13.104167334249976,0.0,408.0215759277344,408.0215759277344,AY,-0.1420000046491623,0.5749442848876697,25.124197,43.032836,55.51933996315171,7.955551842608267,17.36106063424313,0.5427943383770404,0.0184237098173292,15862.429172690714
SPARSE_397,1,60,11,0,0,0,0,0,0,0,0,0.0,16.170833604650003,-12.679167335949977,0.0,356.404052734375,356.404052734375,AY,-0.8059999942779541,0.3055571704912008,8.212645,16.01287,19.41879045505945,2.8687605285507516,6.636724933369428,0.6788854510099255,0.0062041724606586,4538.081258597171
SPARSE_398,1,23,54,12,0,0,0,0,0,0,0,0.0,16.162500271350005,-13.137500667449975,0.0,446.07025146484375,446.07025146484375,AY,-0.1319999992847442,0.5749442848876697,28.939089,49.117206,63.65017544563173,9.101880199138074,19.79487516202064,0.5388840476900049,0.0211769862042454,18292.233782251886
SPARSE_399,0,42,48,0,0,0,0,0,0,0,0,0.0,16.162500271350005,-12.745834002349977,0.0,448.2222595214844,448.2222595214844,AY,-0.4620000123977661,0.3055571704912008,17.630613,28.874057,37.32321289421736,5.4002864995861835,11.59353423170632,0.6910488029237252,0.0124817020823205,8371.95633124102
SPARSE_400,0,32,154,2,0,0,0,0,0,0,0,0.0,16.162500271350005,-12.487500670049975,0.0,940.3714599609376,940.3714599609376,AY,-0.2010000050067901,0.3055571704912008,23.466119,278.961489,209.8186301110567,40.327018607159175,33.154702918109734,1.296356748662587,0.0608843474205411,23277.08940919841
SPARSE_401,0,2,136,23,0,0,0,0,0,0,0,0.0,16.162500271350005,-12.037500671849976,0.0,802.1279907226562,802.1279907226562,AY,0.1829999983310699,0.3011647012534417,37.49214,238.371543,196.62821668703867,35.87116348954661,42.35749805878334,0.7903826563721216,0.0537730558628173,37041.082719773454
SPARSE_402,0,30,66,0,0,0,0,0,0,0,0,0.0,16.162500271350005,-6.870834025849975,0.0,479.0252380371094,479.0252380371094,AY,-0.3470000028610229,0.2878568899555547,10.167219,65.719392,54.179619773332384,9.888034065444735,14.865019022065274,0.8331070499123558,0.0280091624512048,10090.23549562203
SPARSE_403,1,499,526,2,0,0,0,0,0,0,0,0.0,16.150000271400003,-13.783333998199977,0.0,5135.44580078125,1283.8614501953125,AY,-0.4790000021457672,0.3320469755614191,166.445729,332.514221,396.5387531454688,59.241290951992475,133.18621068774476,0.6572629083919894,0.1249462219468743,95446.18706764941
SPARSE_404,4,77,132,21,0,0,0,0,0,0,0,0.0,16.150000271400003,-13.612500665549977,0.0,1167.419189453125,583.7095947265625,AY,-0.2599999904632568,0.5749442848876697,47.203519,303.408021,253.8892047279936,45.621636445554145,45.2557928273469,0.9454383289300254,0.0651467798895541,38842.69824104495
SPARSE_405,3,35,37,3,0,0,0,0,0,0,0,0.0,16.154166938050004,-13.595833998949976,0.0,393.5881042480469,393.5881042480469,AY,-0.4740000069141388,0.5749442848876697,15.402383,50.133599,48.72576943944949,8.157855465814864,11.502547907379704,0.7894605151356322,0.0225927024708037,9225.58305819669
SPARSE_406,3,52,73,10,0,0,0,0,0,0,0,0.0,16.154166938050004,-13.312500666749976,0.0,689.6910400390625,689.6910400390625,AY,-0.3420000076293945,0.5749442848876697,27.580628,161.082733,137.4948990398053,24.424298365555224,24.457854714716063,0.9618440349893758,0.0359720248183293,20639.70051071489
SPARSE_407,3,60,101,16,0,0,0,0,0,0,0,0.0,16.150000271400003,-13.195834000549976,0.0,902.4329833984376,451.2164916992187,AY,-0.270000010728836,0.5749442848876697,46.850213,83.931043,106.38662220149136,15.342933020804267,33.80251492908328,0.5574744134138471,0.0352755908729499,29716.382537273585
SPARSE_408,0,76,64,0,0,0,0,0,0,0,0,0.0,16.154166938050004,-12.720834002449976,0.0,703.7947998046875,703.7947998046875,AY,-0.5220000147819519,0.3055571704912008,25.513772,42.213348,54.27435369390044,7.8739988323153085,16.997327769705446,0.6917274442966678,0.0179308929139836,12186.89994423803
SPARSE_409,0,12,54,1,0,0,0,0,0,0,0,0.0,16.154166938050004,-12.670834002649976,0.0,331.6473693847656,331.6473693847656,AY,-0.210999995470047,0.3055571704912008,15.609598,28.238476,35.48410020680595,5.149620043762261,11.165784868153107,0.6527203978745548,0.0114943885675773,8452.817319837359
SPARSE_410,0,3,109,32,0,0,0,0,0,0,0,0.0,16.154166938050004,-9.945834013549977,0.0,719.988525390625,719.988525390625,AY,0.2339999973773956,0.3536065443732897,34.049506,440.237107,325.09377589020596,63.42247781920301,45.00791805299145,1.1221879722919994,0.0757073281208315,41150.138180455135
SPARSE_411,10,76,51,3,0,0,0,0,0,0,0,0.0,16.145833604750003,-13.712500665149976,0.0,702.0050659179688,702.0050659179688,AY,-0.6589999794960022,0.5749442848876697,28.535081,42.693642,57.70781182745747,8.183680888354763,17.299520409919968,0.6604269076174435,0.0193246910945116,13416.838663664194
SPARSE_412,37,130,42,1,0,0,0,0,0,0,0,0.0,16.145833604750003,-13.400000666399976,0.0,1051.2998046875,525.64990234375,AY,-0.9679999947547911,0.5749442848876697,33.191955,50.038406,67.28973222375873,9.5767928781164,20.097106965500267,0.7169177935886741,0.0271944636572472,14405.128431697018
SPARSE_413,0,30,34,0,0,0,0,0,0,0,0,0.0,16.145833604750003,-12.379167337149976,0.0,320.661376953125,320.661376953125,AY,-0.4679999947547912,0.3055571704912008,11.465602,21.657999,26.48300678385835,3.908873296052821,8.288836700682802,0.6932616458816397,0.00850286733344,5942.939378411349
SPARSE_414,0,25,45,0,0,0,0,0,0,0,0,0.0,16.145833604750003,-12.229167337749974,0.0,351.0229797363281,351.0229797363281,AY,-0.375,0.3011647012534417,11.430586,37.82196,36.9624884161878,6.141358352289462,10.037006736972046,0.7957022449651635,0.0189784391869901,7112.499543056686
SPARSE_415,0,37,27,0,0,0,0,0,0,0,0,0.0,16.145833604750003,-8.095834020949974,0.0,318.4719543457031,318.4719543457031,AY,-0.5569999814033508,0.3286833032974744,9.09996,29.783934,29.06345306610748,4.840875508761273,7.752361472325135,0.8224856414411493,0.0121977672672353,5394.22037867568
SPARSE_416,0,1,25,73,20,0,0,0,0,0,0,0.0,16.13750027145,-13.512500665949975,0.0,592.3464965820312,592.3464965820312,AY,0.9610000252723694,0.5749442848876697,182.132678,230.226874,338.09443372407895,46.407380959868696,80.1362073413422,0.5254180803170089,0.1166388442568061,94188.98913775574
SPARSE_417,0,26,37,0,0,0,0,0,0,0,0,0.0,16.13750027145,-12.687500669249976,0.0,316.3560485839844,316.3560485839844,AY,-0.421999990940094,0.3055571704912008,11.736217,21.662276,26.992089773580368,3.934591469995565,8.518251368532813,0.6856634355619261,0.0126751101379285,6126.890088883183
SPARSE_418,15,93,52,2,0,0,0,0,0,0,0,0.0,16.129166938150004,-13.595833998949976,0.0,809.883544921875,809.883544921875,AY,-0.7360000014305115,0.5749442848876697,25.863316,45.9646,58.27210787261309,8.419089215397085,18.53969398416253,0.6590145608910377,0.0198371672437334,13775.277776808529
SPARSE_419,0,118,59,0,0,0,0,0,0,0,0,0.0,16.125000271500003,-12.791667335499977,0.0,886.1096801757812,443.0548400878906,AY,-0.6209999918937683,0.3055571704912008,33.632977,47.529781,66.35072847807358,9.260466837574349,19.183428224145093,0.7375271465475481,0.0229052795770407,13689.897081348858
SPARSE_420,1,66,11,0,0,0,0,0,0,0,0,0.0,16.129166938150004,-12.562500669749976,0.0,387.51556396484375,387.51556396484375,AY,-0.8230000138282776,0.3055571704912008,7.988999,18.209641,20.540232246894902,3.1535573307955675,7.122980978189193,0.6774397045261231,0.0063207604138665,4845.368709372171
SPARSE_421,0,59,34,0,0,0,0,0,0,0,0,0.0,16.129166938150004,-12.145834004749975,0.0,464.1067504882813,464.1067504882813,AY,-0.5960000157356262,0.3011647012534417,14.874695,27.812145,34.45679340548303,5.036555330371468,10.478677930111663,0.7164682288539302,0.0170376287052696,7428.162057157182
SPARSE_422,0,18,46,0,0,0,0,0,0,0,0,0.0,16.129166938150004,-7.612500689549975,0.0,319.78057861328125,319.78057861328125,AY,-0.3210952382179953,0.2878568899555547,16.866844,23.957409,33.2909075060761,4.667482065625091,9.526444268880914,0.7346696446006425,0.0160269685850688,6883.600520815354
SPARSE_423,1,31,122,44,1,0,0,0,0,0,0,0.0,16.120833604850006,-13.612500665549977,0.0,997.5836791992188,997.5836791992188,AY,0.0799999982118606,0.5749442848876697,64.25116,441.401743,363.5147022844088,66.00724692470595,57.49410826592832,0.9285781495269576,0.0966707745507839,55864.77385692512
SPARSE_424,1,23,37,5,0,0,0,0,0,0,0,0.0,16.120833604850006,-13.487500666049977,0.0,336.60614013671875,336.60614013671875,AY,-0.2930000126361847,0.5749442848876697,17.109774,29.541333,37.77360636499672,5.45030529932239,11.820363482677989,0.5741639922376225,0.0124144174059349,10211.221176523362
SPARSE_425,0,37,111,1,0,0,0,0,0,0,0,0.0,16.120833604850006,-12.254167337649974,0.0,743.3252563476562,743.3252563476562,AY,-0.2809999883174896,0.3055571704912008,26.988646,88.667636,86.02333097310641,14.415675590707542,23.57213185091709,0.7714087573161336,0.0450459143759505,17120.55290684805
SPARSE_426,7,118,160,20,0,0,0,0,0,0,0,0.0,16.112500271550005,-13.641667332099974,0.0,1523.7933349609375,761.8966674804688,AY,-0.3589999973773956,0.5749442848876697,54.193274,341.869338,287.39785854163296,51.48590344010309,52.98061449569837,0.9518747522373304,0.0736659267949313,43850.42083507379
SPARSE_427,0,80,76,0,0,0,0,0,0,0,0,0.0,16.112500271550005,-12.708334002499974,0.0,784.0240478515625,392.0120239257813,AY,-0.4999791687587276,0.3055571704912008,28.693259,48.407477,62.44049811281012,8.983977465865955,19.413001097385088,0.6937233892699457,0.0203993077173041,13946.9942887087
SPARSE_428,0,24,37,0,0,0,0,0,0,0,0,0.0,16.112500271550005,-8.670834018649975,0.0,303.6189880371094,303.6189880371094,AY,-0.4009999930858612,0.3106431750230558,9.589682,23.354752,26.182130361728117,3.9962751412818833,8.567902220244813,0.6849319864915829,0.0146395516368705,6024.46093862485
SPARSE_429,0,72,25,0,0,0,0,0,0,0,0,0.0,16.112500271550005,-7.204167357849975,0.0,486.9879760742187,486.9879760742187,AY,-0.6740000247955322,0.2878568899555547,6.03767,78.273367,58.010746629915275,11.274727688067284,10.486529634324414,1.2265867506488854,0.0135180563542968,6927.524500870844
SPARSE_430,18,83,34,1,0,0,0,0,0,0,0,0.0,16.104166938250003,-13.445833999549976,0.0,685.186767578125,685.186767578125,AY,-0.8640000224113464,0.5749442848876697,23.436585,35.123877,47.37511733721712,6.732863634195466,13.981261503584124,0.7103331404642543,0.0186694113836061,10209.318870759518
SPARSE_431,0,79,35,0,0,0,0,0,0,0,0,0.0,16.087500271650004,-12.370834003849977,0.0,573.2753295898438,573.2753295898438,AY,-0.6460000276565552,0.3055571704912008,15.677517,31.758888,37.501730399433306,5.640410840812594,12.292418500956312,0.6880122150833827,0.0118082594790453,8582.05656340335
SPARSE_432,0,30,44,0,0,0,0,0,0,0,0,0.0,16.087500271650004,-10.862500676549974,0.0,369.4176025390625,369.4176025390625,AY,-0.4180000126361847,0.308906114565165,6.299371,50.942034,40.62185847833396,7.5285369114593,10.81782741297069,0.8676889305724332,0.010410521219449,7238.969415039685
SPARSE_433,0,50,15,0,0,0,0,0,0,0,0,0.0,16.087500271650004,-8.654167352049974,0.0,326.9418640136719,326.9418640136719,AY,-0.718999981880188,0.3106431750230558,6.631562,16.01427,17.746069010272006,2.7415587280191884,6.629469929606823,0.6411848788073409,0.0053931536203593,4504.773811400841
SPARSE_434,2,36,64,11,0,0,0,0,0,0,0,0.0,16.079166938350003,-12.862500668549975,0.0,564.1771240234375,564.1771240234375,AY,-0.248999997973442,0.5749442848876697,33.454106,55.733728,71.58177057871968,10.37729167930414,21.77853312202526,0.5679760328312002,0.0233779445741766,19453.946785621054
SPARSE_435,0,52,30,0,0,0,0,0,0,0,0,0.0,16.079166938350003,-12.170834004649976,0.0,407.4695434570313,407.4695434570313,AY,-0.5960000157356262,0.3055571704912008,10.821102,32.568315,32.6113914000112,5.368595916693754,9.360925844605593,0.7695880239905104,0.0167543344423451,6551.248016601679
SPARSE_436,0,44,50,0,0,0,0,0,0,0,0,0.0,16.079166938350003,-11.587500673649975,0.0,467.1930847167969,467.1930847167969,AY,-0.4650000035762787,0.308906114565165,10.190759,51.93538,45.00674915231767,7.986853553906051,12.725929638069776,0.8014115899219894,0.0220004875375812,8733.59148882502
SPARSE_437,0,6,154,8,0,0,0,0,0,0,0,0.0,16.075000271700006,-6.766667359599975,0.0,840.798095703125,420.3990478515625,AY,0.0320000015199184,0.2878568899555547,31.612788,248.212876,197.09605773230925,36.81288575063926,35.09766789529447,1.0617128708679833,0.0963334990310433,26983.591778806087
SPARSE_438,0,59,22,0,0,0,0,0,0,0,0,0.0,16.070833605050005,-12.654167336049976,0.0,405.0433349609375,405.0433349609375,AY,-0.6790000200271606,0.3055571704912008,10.747968,20.732094,25.38250321757635,3.7264880039329698,8.42494010653689,0.6806725075226457,0.0112987607486644,5872.926013203176
SPARSE_439,0,17,153,12,0,0,0,0,0,0,0,0.0,16.066666938400004,-10.262500678949976,0.0,909.3228149414062,454.6614074707031,AY,-0.0199999995529651,0.3536065443732897,25.057044,340.33345,250.09725482576584,48.92431415350714,39.68548753193144,1.172291281656238,0.0584777818282786,30776.069983541434
SPARSE_440,0,26,44,0,0,0,0,0,0,0,0,0.0,16.070833605050005,-8.570834019049975,0.0,351.9637451171875,351.9637451171875,AY,-0.3899599947873503,0.3106431750230558,8.115099,66.602673,52.42470893423557,9.846244140522376,10.254250024592844,1.098077150360887,0.0244295809092485,7034.111114523019
SPARSE_441,0,44,28,0,0,0,0,0,0,0,0,0.0,16.070833605050005,-7.604167356249976,0.0,363.0461730957031,363.0461730957031,AY,-0.5709999799728394,0.2878568899555547,5.139865,66.605323,49.31609105842167,9.594165538401151,8.850956268290009,1.2270385613891823,0.0114439309256823,5882.325408242679
SPARSE_442,0,40,273,68,0,0,0,0,0,0,0,0.0,16.060416938425004,-9.145834016749976,0.0,1903.5472412109375,475.8868103027344,AY,0.0839999988675117,0.4591735946405234,108.585889,255.521011,288.9462264831339,43.96747480373247,102.48876187940743,0.4906134106504494,0.0885479793126012,94528.45799873513
SPARSE_443,0,31,77,0,0,0,0,0,0,0,0,0.0,16.054166938450003,-11.612500673549974,0.0,539.8980712890625,539.8980712890625,AY,-0.3160000145435333,0.308906114565165,22.749076,39.867243,50.41238128321917,7.327848857777751,15.952668081565236,0.678565498132042,0.0185688488628784,11567.083111042368
SPARSE_444,1,21,33,5,0,0,0,0,0,0,0,0.0,16.04583360515,-12.820834002049974,0.0,300.2115173339844,300.2115173339844,AY,-0.2949999868869781,0.5749442848876697,8.317647,104.943089,77.68048289163232,15.133998603069776,11.64723676736996,1.1602344391582615,0.018046841558516,9590.380011613695
SPARSE_445,0,31,57,0,0,0,0,0,0,0,0,0.0,16.04583360515,-11.504167340649976,0.0,442.982666015625,442.982666015625,AY,-0.3729999959468841,0.308906114565165,13.523556,81.389412,67.99539769073535,12.330969174441536,12.739255916025009,1.104290478857747,0.036385355710042,8975.02303778569
SPARSE_446,3,65,103,11,0,0,0,0,0,0,0,0.0,16.037500271850003,-5.691667363899974,0.0,907.764404296875,453.8822021484375,AY,-0.3160000145435333,0.5359816991574162,40.420873,78.987421,94.17736163291907,14.143667920891891,32.00352785595113,0.5741322539074916,0.0299209862625168,26033.260317773405
SPARSE_447,3,38,39,4,0,0,0,0,0,0,0,0.0,16.029166938550006,-13.337500666649976,0.0,418.7638244628906,418.7638244628906,AY,-0.4839999973773956,0.5749442848876697,14.154979,81.712838,70.01630496582258,12.402876738810363,13.00458856707537,0.9700385409963094,0.0184422207677125,10478.113011404193
SPARSE_448,0,38,233,4,0,0,0,0,0,0,0,0.0,16.025000271900005,-12.729167335749974,0.0,1377.314697265625,688.6573486328125,AY,-0.1589999943971634,0.3055571704912008,64.956402,122.721631,151.19563617427644,22.147565445912587,47.01487877114538,0.6611084964455983,0.0498602241789577,35502.37459032594
SPARSE_449,1,124,53,0,0,0,0,0,0,0,0,0.0,16.025000271900005,-6.604167360249974,0.0,890.95849609375,445.479248046875,AY,-0.6589999794960022,0.3191885263920085,15.062543,122.541959,96.7724309061804,18.134870798222487,19.76768693046464,1.081698459681429,0.0510984732376665,13259.140220702857
SPARSE_450,0,21,52,1,0,0,0,0,0,0,0,0.0,16.020833605250004,-10.412500678349977,0.0,372.5459899902344,372.5459899902344,AY,-0.2887916640611365,0.3536065443732897,16.106356,34.700825,40.71646769962071,6.083231639599295,11.608525654711991,0.7187854433594417,0.0174890605211364,8654.542488674191
SPARSE_451,0,55,26,0,0,0,0,0,0,0,0,0.0,16.020833605250004,-7.637500689449976,0.0,406.92095947265625,406.92095947265625,AY,-0.621999979019165,0.2878568899555547,14.40173,22.030914,29.796311835880857,4.201633110005372,8.856150074733488,0.7377304407387495,0.0148449767397303,6186.479727337844
SPARSE_452,0,0,64,47,0,0,0,0,0,0,0,0.0,15.995833605350004,-12.587500669649977,0.0,554.2257080078125,554.2257080078125,AY,0.4480000138282776,0.3055571704912008,90.387127,106.404139,164.83083562647775,21.963324515114603,43.674208549383366,0.5139386163967329,0.0738445138409967,47759.56259765514
SPARSE_453,0,40,233,12,0,0,0,0,0,0,0,0.0,15.993055827583335,-9.934722902483308,0.0,1423.940185546875,474.646728515625,AY,-0.1089999973773956,0.3536065443732897,84.729026,131.122748,173.74894711286717,24.899432080861885,52.41759267473371,0.6318570709422253,0.0576539900296795,42322.245504538965
SPARSE_454,0,13,47,12,0,0,0,0,0,0,0,0.0,15.995833605350004,-5.437500698249975,0.0,361.2572021484375,361.2572021484375,AY,-0.0080000013113021,0.5359816991574162,20.747566,53.887942,59.48917401059809,9.10938302178635,18.473254108337745,0.5508941532441868,0.0280166734909014,16833.293294764386
SPARSE_455,0,110,50,0,0,0,0,0,0,0,0,0.0,15.987500272050005,-12.712500669149977,0.0,803.0407104492188,803.0407104492188,AY,-0.6380000114440918,0.3055571704912008,12.880558,145.732837,110.42762819978198,21.12365666720973,17.96402268700613,1.3147104008324366,0.0262547472487619,12113.753447350024
SPARSE_456,1,44,140,42,1,0,0,0,0,0,0,0.0,15.975000272100004,-13.320834000049976,0.0,1137.39306640625,568.696533203125,AY,0.0020000000949949,0.5749442848876697,87.765076,250.925633,253.9594964374699,41.71903456376478,58.806785080114665,0.6601796064665022,0.1310797800754134,57184.05695854662
SPARSE_457,0,29,31,0,0,0,0,0,0,0,0,0.0,15.979166938750003,-12.654167336049976,0.0,301.8748474121094,301.8748474121094,AY,-0.4749999940395355,0.3055571704912008,5.765132,66.174233,50.05903077598206,9.58526079581141,8.11241441145632,1.311543517953191,0.0118796565159287,5502.915792293681
SPARSE_458,0,14,49,0,0,0,0,0,0,0,0,0.0,15.979166938750003,-11.487500674049976,0.0,317.9320373535156,317.9320373535156,AY,-0.2469999939203262,0.308906114565165,6.33207,80.722502,59.764845403091904,11.635786450870487,10.474671387510227,1.2339821427500477,0.0140476667336351,7067.551231287189
SPARSE_459,0,124,188,1,0,0,0,0,0,0,0,0.0,15.976389160983338,-8.665278463116643,0.0,1561.3134765625,520.4378051757812,AY,-0.4079999923706054,0.3106431750230558,58.292088,130.341177,150.7974314120893,22.680613211761955,44.188674623478725,0.7346260247584885,0.0741642043696075,31555.652225123747
SPARSE_460,0,33,28,0,0,0,0,0,0,0,0,0.0,15.979166938750003,-6.920834025649976,0.0,302.8239440917969,302.8239440917969,AY,-0.5239999890327454,0.3191885263920085,11.68049,21.861669,26.279145161240624,3.960579304131483,7.520308994923781,0.7560546981827136,0.0131659320706078,5318.965081821846
SPARSE_461,0,43,28,0,0,0,0,0,0,0,0,0.0,15.979166938750003,-6.8791673591499745,0.0,356.1395263671875,356.1395263671875,AY,-0.5809999704360962,0.3191885263920085,12.319282,25.521826,29.29139251645265,4.516807147411362,8.322448118517258,0.7694771095375539,0.0146045902444923,5831.110833113513
SPARSE_462,6,58,2,0,0,0,0,0,0,0,0,0.0,15.962500272150004,-12.329167337349975,0.0,328.6937255859375,328.6937255859375,AY,-1.0720000267028809,0.3055571704912008,5.799535,13.12157,14.913938372461024,2.275825633588548,5.2260246791419736,0.6886478058032229,0.0046821987929169,3467.093628153334
SPARSE_463,1,84,24,0,0,0,0,0,0,0,0,0.0,15.962500272150004,-11.495834007349975,0.0,542.2501220703125,542.2501220703125,AY,-0.7250000238418579,0.308906114565165,6.710877,85.267391,63.32010443535637,12.292840979780223,11.230019922248411,1.2413183320189645,0.014792409493927,7452.07010931401
SPARSE_464,0,6,143,2,0,0,0,0,0,0,0,0.0,15.950000272200004,-11.683334006599974,0.0,754.8348388671875,377.41741943359375,AY,-0.0480000004172325,0.2475993142397093,42.642585,71.510769,92.81574467243875,13.306092482341707,26.891370886013895,0.6903515525169953,0.0456695543030339,20519.8774155489
SPARSE_465,8,53,33,2,0,0,0,0,0,0,0,0.0,15.945833605550003,-13.312500666749976,0.0,479.9922180175781,479.9922180175781,AY,-0.6899999976158142,0.5749442848876697,19.089692,28.275063,38.59470908658621,5.435209321402936,11.632882559994128,0.6596865800561382,0.0129933746973384,8987.221728156019
SPARSE_466,0,17,51,0,0,0,0,0,0,0,0,0.0,15.945833605550003,-12.062500671749977,0.0,340.91259765625,340.91259765625,AY,-0.2829999923706054,0.3055571704912008,13.84087,26.751799,32.58529859535225,4.8023942118368215,10.36212273879462,0.6799100407960208,0.0104224513066515,7480.400964000355
SPARSE_467,0,10,82,1,0,0,0,0,0,0,0,0.0,15.945833605550003,-7.729167355749976,0.0,467.4259948730469,467.4259948730469,AY,-0.135000005364418,0.2878568899555547,17.695401,40.551457,46.28129960354079,7.014788944668307,16.530531357222564,0.6208685726848006,0.0145243697705912,11979.27227213837
SPARSE_468,0,45,100,0,0,0,0,0,0,0,0,0.0,15.937500272250004,-12.012500671949976,0.0,723.30126953125,723.30126953125,AY,-0.3680000007152557,0.2475993142397093,31.758791,67.165312,76.30174338080799,11.832094566017991,20.90799186222281,0.7607514822281998,0.0387089682787234,15264.956247095875
SPARSE_469,2,117,160,7,0,0,0,0,0,0,0,0.0,15.93194471671667,-9.24861179411664,0.0,1430.51513671875,476.83837890625,AY,-0.3919999897480011,0.4591735946405234,27.173991,366.994783,269.98514987634064,52.77000823367763,45.42651058123434,1.199865995328261,0.0625522063877622,32685.494840738254
SPARSE_470,0,42,179,6,0,0,0,0,0,0,0,0.0,15.925000272300004,-10.387500678449976,0.0,1136.0792236328125,568.0396118164062,AY,-0.1729999929666519,0.3536065443732897,53.902817,100.15032,123.66285372995308,18.1468869078181,39.50220150829752,0.635516082385938,0.0403834049720208,30388.03113403826
SPARSE_471,0,6,65,2,0,0,0,0,0,0,0,0.0,15.929166938950004,-8.870834017849974,0.0,371.66552734375,371.66552734375,AY,-0.06700000166893,0.3106431750230558,16.957893,34.29915,40.97806223367668,6.093748237987886,13.590265969415215,0.6206360534484043,0.0131015774484258,10410.843129847868
SPARSE_472,0,28,47,0,0,0,0,0,0,0,0,0.0,15.929166938950004,-7.812500688749974,0.0,377.0246276855469,377.0246276855469,AY,-0.3989999890327453,0.2878568899555547,7.297009,90.479534,67.75394077658176,13.058581576250615,11.121127129003051,1.3012845709848868,0.0158743994624196,7525.349275769855
SPARSE_473,0,46,61,0,0,0,0,0,0,0,0,0.0,15.920833605650005,-12.229167337749974,0.0,536.1463012695312,536.1463012695312,AY,-0.4339999854564667,0.3055571704912008,16.89769,37.317357,42.34022830483531,6.504918311548432,14.471232589820834,0.6572161538662697,0.0131092399753644,10261.653679374527
SPARSE_474,0,43,23,0,0,0,0,0,0,0,0,0.0,15.920833605650005,-11.179167341949976,0.0,331.6252746582031,331.6252746582031,AY,-0.6100000143051147,0.308906114565165,4.465328,59.259072,43.772023134446414,8.527262335403403,7.81053664573907,1.235327334524158,0.0101849820931508,5183.095814799343
SPARSE_475,0,86,95,1,0,0,0,0,0,0,0,0.0,15.916666939000004,-10.100000679599976,0.0,908.2041015625,454.10205078125,AY,-0.4690000116825104,0.3536065443732897,21.122888,163.283682,129.7828572852026,24.24261304239644,24.992049895132745,1.0859366944388398,0.0636861504684792,17556.419029571876
SPARSE_476,0,61,24,0,0,0,0,0,0,0,0,0.0,15.904166939050004,-12.737500669049975,0.0,423.96051025390625,423.96051025390625,AY,-0.6660000085830688,0.3055571704912008,12.039471,21.877889,27.019251023329332,3.9854800012436553,8.928130548699272,0.6822284531856089,0.0086562990153865,6234.561170787177
SPARSE_477,0,9,50,2,0,0,0,0,0,0,0,0.0,15.904166939050004,-10.170834012649976,0.0,303.6814880371094,303.6814880371094,AY,-0.1159999966621398,0.3536065443732897,7.318432,96.596862,71.26986601326948,13.902891485977468,11.779039385317343,1.197980699692098,0.016954899690847,8620.441800292861
SPARSE_478,1,52,19,0,0,0,0,0,0,0,0,0.0,15.904166939050004,-10.037500679849977,0.0,359.16522216796875,359.16522216796875,AY,-0.7149999737739563,0.3536065443732897,4.812824,59.098311,44.04359628893296,8.533120509307148,7.768398599608356,1.244460999497497,0.0102923901784935,5165.188686866509
SPARSE_479,0,6,71,3,0,0,0,0,0,0,0,0.0,15.904166939050004,-7.062500691749975,0.0,404.7082214355469,404.7082214355469,AY,-0.0419999994337558,0.3191885263920085,10.826324,143.1742,106.30421826246422,20.60589511943999,16.27183013973164,1.2679859384334504,0.0246357049788326,12028.141372319204
SPARSE_480,1,27,47,6,0,0,0,0,0,0,0,0.0,15.887500272450003,-5.962500696149975,0.0,403.1760864257813,403.1760864257813,AY,-0.2860000133514404,0.5359816991574162,16.65855,108.70107,89.6125283363491,16.356496126527443,15.203887494966857,1.0280964387094715,0.0461600703910034,12551.789734162703
SPARSE_481,2,51,88,14,0,0,0,0,0,0,0,0.0,15.875000272500005,-13.295834000149975,0.0,775.595703125,387.7978515625,AY,-0.2569999992847442,0.5749442848876697,52.571054,73.536477,104.04524432408176,14.382479077855653,28.99650738429798,0.607312837106767,0.0567148635332942,25851.678161949574
SPARSE_482,0,12,61,23,0,0,0,0,0,0,0,0.0,15.879166939150004,-5.9458340295499745,0.0,477.9964904785156,477.9964904785156,AY,0.1319999992847442,0.5359816991574162,51.293867,68.342314,99.3516784235836,13.561281775884122,28.05974512001415,0.5394372391306759,0.0433209898809142,27833.003196352587
SPARSE_483,2,29,27,2,0,0,0,0,0,0,0,0.0,15.879166939150004,-5.479167364749975,0.0,303.6611328125,303.6611328125,AY,-0.515999972820282,0.5359816991574162,10.95095,22.084829,26.212768590326757,3.926306633234659,8.744911891889618,0.6142199965308558,0.0082692339786969,6743.011639743017
SPARSE_484,0,21,203,1,0,0,0,0,0,0,0,0.0,15.866666939200003,-12.045834005149974,0.0,1122.053466796875,561.0267333984375,AY,-0.1620000004768371,0.2475993142397093,59.974613,95.673368,124.56741900155676,18.018749461928103,38.033595707651266,0.6816125589532616,0.0413311841884258,28224.596041762088
SPARSE_485,0,41,22,0,0,0,0,0,0,0,0,0.0,15.870833605850004,-11.554167340449975,0.0,314.937255859375,314.937255859375,AY,-0.609000027179718,0.308906114565165,6.743418,28.05227,25.54819559852706,4.4160366776132935,7.19871512013819,0.7993711173491691,0.0139134766721333,4951.063660878176
SPARSE_486,0,29,34,0,0,0,0,0,0,0,0,0.0,15.870833605850004,-7.945834021549976,0.0,316.508544921875,316.508544921875,AY,-0.4589999914169311,0.3286833032974744,4.914989,67.323733,49.522665281802446,9.675229975591414,8.832606288367108,1.2299534121421654,0.011277057502812,5891.724803282181
SPARSE_487,0,23,63,1,0,0,0,0,0,0,0,0.0,15.862500272550005,-7.062500691749975,0.0,428.9744567871094,428.9744567871094,AY,-0.2870000004768371,0.3191885263920085,9.616592,121.943943,91.03740708353824,17.582230273147985,14.624479752667344,1.2892354477495551,0.021144147906035,10182.604679223698
SPARSE_488,0,4,56,3,0,0,0,0,0,0,0,0.0,15.862500272550005,-7.004167358649974,0.0,319.13360595703125,319.13360595703125,AY,-0.0170000009238719,0.3191885263920085,18.532907,30.670878,39.702256324616854,5.720623151532287,12.53180261072834,0.6184229402574054,0.0132484104298768,9981.667167118367
SPARSE_489,0,12,52,17,0,0,0,0,0,0,0,0.0,15.862500272550005,-5.812500696749975,0.0,403.1893005371094,403.1893005371094,AY,0.0729999989271164,0.5359816991574162,30.653237,59.642851,73.16916372497734,10.698611519362675,22.69662614448614,0.5247364194888153,0.0353484436887752,21628.494840421066
SPARSE_490,2,244,1499,656,17,0,0,0,0,0,0,0.0,15.842803302931822,-5.793561302886339,0.0,12087.3154296875,1098.8468017578125,AY,0.19200000166893,0.5359816991574162,622.500469,7986.576194,5892.98669090955,1149.9058482382138,826.9521424949208,1.070560840792014,3.2682769397693727,782841.5177562247
SPARSE_491,0,0,11,53,18,0,0,0,0,0,0,0.0,15.854166939250003,-5.970834029449975,0.0,411.0673828125,411.0673828125,AY,1.1119999885559082,0.5359816991574162,83.08548,591.493051,478.0309575733147,88.33704469644769,64.98087070101161,0.9265206046087572,0.2309487372270618,72569.62376396329
SPARSE_492,0,15,52,13,0,0,0,0,0,0,0,0.0,15.854166939250003,-5.9291673629499755,0.0,403.6814270019531,403.6814270019531,AY,-0.0080000013113021,0.5359816991574162,33.640199,48.088104,67.49075605229201,9.342372345116754,19.6745810160341,0.557916637559837,0.0270924133059174,18423.417683831223
SPARSE_493,0,14,45,14,0,0,0,0,0,0,0,0.0,15.845833605950004,-13.287500666849976,0.0,369.2901916503906,369.2901916503906,AY,0.0080000003799796,0.5749442848876697,15.404056,189.112469,140.42814737659643,27.30506514498479,20.01801000107724,1.0925545145621558,0.0334473536764498,18304.662303556554
SPARSE_494,0,14,75,2,0,0,0,0,0,0,0,0.0,15.845833605950004,-7.2208340244499745,0.0,449.74462890625,449.74462890625,AY,-0.1620000004768371,0.3191885263920085,11.305081,144.720831,107.85741029152948,20.856333879284097,16.92079222303572,1.2802852321713054,0.0257100049762357,12116.589767509538
SPARSE_495,2,53,105,15,0,0,0,0,0,0,0,0.0,15.845833605950004,-5.950000696199975,0.0,871.076416015625,435.5382080078125,AY,-0.2269999980926513,0.5359816991574162,46.266883,82.409351,104.61615141080732,15.08638315575353,34.01260160601981,0.5646320934243608,0.0342813807181427,28997.038594970418
SPARSE_496,0,16,56,14,0,0,0,0,0,0,0,0.0,15.837500272650004,-6.154167362049975,0.0,433.548828125,433.548828125,AY,-0.0080000013113021,0.5359816991574162,51.039586,50.28584,84.57607242116403,11.051953723739596,20.738262769597984,0.6248890290448786,0.0378660448370106,19832.724494106064
SPARSE_497,0,36,52,0,0,0,0,0,0,0,0,0.0,15.812500272750004,-7.504167356649974,0.0,440.6612854003906,440.6612854003906,AY,-0.4120000004768371,0.3191885263920085,7.464362,96.888215,71.66051798100146,13.955312956245212,12.808559056696671,1.2214793512378508,0.0165052726057954,8583.080895117355
SPARSE_498,0,52,27,0,0,0,0,0,0,0,0,0.0,15.804166939450004,-12.362500670549975,0.0,397.1843872070313,397.1843872070313,AY,-0.6119999885559082,0.3055571704912008,12.38444,21.0614,26.776072330345222,3.900732277429792,8.718902519391591,0.680923399025083,0.0088385987346668,6162.439005613178
SPARSE_499,0,13,51,1,0,0,0,0,0,0,0,0.0,15.804166939450004,-7.354167357249974,0.0,323.5184020996094,323.5184020996094,AY,-0.2179999947547912,0.3191885263920085,15.764432,26.558786,34.424341053165826,4.930779609982498,10.84001394696682,0.6588151263114612,0.011215396902547,8115.2228839780255
SPARSE_500,1,44,268,153,7,0,0,0,0,0,0,0.0,15.78194471731667,-13.259722889183308,0.0,2361.27294921875,787.0910034179688,AY,0.2680000066757202,0.5749442848876697,355.459039,425.896789,653.0786997766268,87.4230099329779,164.2907437800879,0.5479423223843217,0.315130883154681,175858.0589147514
SPARSE_501,1,119,44,0,0,0,0,0,0,0,0,0.0,15.775000272900003,-12.387500670449974,0.0,820.5679321289062,410.2839660644531,AY,-0.6769999861717224,0.3055571704912008,26.011217,40.576602,53.39134523601058,7.688528755010368,16.827077365645813,0.7010488920686149,0.0177377391658625,11836.640312091517
SPARSE_502,1,112,43,0,0,0,0,0,0,0,0,0.0,15.779166939550004,-8.108334020899974,0.0,782.490966796875,391.2454833984375,AY,-0.6859999895095825,0.3286833032974744,22.949742,39.770619,50.24638354663162,7.330728071008238,16.37224364121304,0.6940617694055214,0.0163267460265057,11348.535282524519
SPARSE_503,0,6,71,4,0,0,0,0,0,0,0,0.0,15.779166939550004,-7.670834022649975,0.0,402.7716979980469,402.7716979980469,AY,-0.0270000007003545,0.3191885263920085,10.759321,143.233443,105.49966643417496,20.60808398949414,17.112844060476675,1.1855661018208865,0.0244366070241503,12867.82159281354
SPARSE_504,0,70,40,0,0,0,0,0,0,0,0,0.0,15.770833606250005,-12.754167335649974,0.0,549.9058227539062,549.9058227539062,AY,-0.5950000286102295,0.3055571704912008,7.599926,100.251657,74.1081142244332,14.429985034586004,13.158077955396072,1.2353064959090458,0.0169328221143651,8769.140405555017
SPARSE_505,2,83,11,0,0,0,0,0,0,0,0,0.0,15.770833606250005,-11.604167340249976,0.0,478.869384765625,478.869384765625,AY,-0.8679999709129333,0.308906114565165,5.547265,42.581142,34.28401058336434,6.315858925552217,8.728154390447436,0.9129087792383436,0.0086211073486031,5755.590197124005
SPARSE_506,0,96,88,0,0,0,0,0,0,0,0,0.0,15.770833606250005,-7.400000690399974,0.0,922.0130615234376,461.0065307617187,AY,-0.5090000033378601,0.3191885263920085,27.423747,71.506643,78.3617513344318,12.07499284220444,23.483359374604245,0.7433535840111036,0.0367043009568143,16321.663534729372
SPARSE_507,0,64,74,0,0,0,0,0,0,0,0,0.0,15.770833606250005,-7.0791673583499755,0.0,689.830810546875,689.830810546875,AY,-0.4589999914169311,0.3191885263920085,12.604504,154.750041,115.99618984717576,22.34345158987359,19.11835894776904,1.303358976508978,0.0279463216346206,12868.355079316367
SPARSE_508,1,50,10,0,0,0,0,0,0,0,0,0.0,15.770833606250005,-6.679167359949975,0.0,305.02325439453125,305.02325439453125,AY,-0.8019999861717224,0.3191885263920085,3.874565,23.940031,20.05911592376925,3.61490324752084,5.915531481377518,0.808814247569431,0.0090605302527519,3896.332503642671
SPARSE_509,1,76,12,0,0,0,0,0,0,0,0,0.0,15.762500272950003,-12.637500669449976,0.0,449.42626953125,449.42626953125,AY,-0.8230000138282776,0.3055571704912008,12.402237,19.954971,26.377722346532007,3.7516185318366206,8.014680480493118,0.7403720990422077,0.0115579148635564,5487.117464326673
SPARSE_510,0,28,33,0,0,0,0,0,0,0,0,0.0,15.762500272950003,-12.179167337949975,0.0,304.99078369140625,304.99078369140625,AY,-0.4679999947547912,0.2475993142397093,7.879421,32.933957,29.880638461406452,5.182111100838043,8.16897669933155,0.8061799130122703,0.0164156180994935,5710.907224490181
SPARSE_511,0,8,80,4,0,0,0,0,0,0,0,0.0,15.762500272950003,-8.154167354049974,0.0,458.9638366699219,458.9638366699219,AY,-0.0399999991059303,0.3286833032974744,30.000468,43.578502,60.437755867227175,8.42939809450696,17.515011266714165,0.6507920363520109,0.0266359815685376,14136.677776037379
SPARSE_512,0,225,385,1,0,0,0,0,0,0,0,0.0,15.74861138411667,-12.48194511451664,0.0,3057.220703125,1019.0735473632812,AY,-0.3869999945163727,0.3055571704912008,106.563035,220.560201,262.5770413412546,38.98599367284385,86.96426968274606,0.6646885731337419,0.0830523590207818,62260.116034747836
SPARSE_513,0,60,22,0,0,0,0,0,0,0,0,0.0,15.754166939650004,-8.429167352949975,0.0,409.3547973632813,409.3547973632813,AY,-0.6819999814033508,0.3106431750230558,5.227215,67.751738,50.20473094743801,9.758856662513049,8.960849648158725,1.239269361089653,0.0129488526608523,5924.140588332342
SPARSE_514,0,27,39,0,0,0,0,0,0,0,0,0.0,15.754166939650004,-8.020834021249975,0.0,327.032958984375,327.032958984375,AY,-0.4129999876022339,0.3286833032974744,12.810904,22.931787,28.195538682060548,4.192400405267617,9.045001839622987,0.685558266703119,0.0091918407844629,6437.3106713380175
SPARSE_515,0,15,159,9,0,0,0,0,0,0,0,0.0,15.754166939650004,-7.975000688099975,0.0,917.1246337890624,458.5623168945313,AY,-0.0350000001490116,0.3286833032974744,23.793444,322.050876,236.89852638094175,46.304075297669925,38.55110519923445,1.1845855108720174,0.055448839360006,28932.21819377709
SPARSE_516,1,94,35,0,0,0,0,0,0,0,0,0.0,15.745833606350004,-12.720834002449976,0.0,648.0394287109375,648.0394287109375,AY,-0.6800000071525574,0.3055571704912008,9.04333,107.416752,80.36996471259847,15.533097233685256,14.04761631720479,1.2472430505017298,0.0221894441291003,9389.848900896848
SPARSE_517,0,39,34,0,0,0,0,0,0,0,0,0.0,15.745833606350004,-11.487500674049976,0.0,364.6318359375,364.6318359375,AY,-0.5197727314450524,0.308906114565165,5.473538,73.191502,53.99068805225589,10.528589824125463,9.605991232424463,1.2329628034595548,0.0124931018471888,6403.8705545738485
SPARSE_518,0,86,53,0,0,0,0,0,0,0,0,0.0,15.745833606350004,-8.870834017849974,0.0,698.699951171875,698.699951171875,AY,-0.5839999914169312,0.3106431750230558,22.360896,40.081396,50.22851548747128,7.326107986801742,16.086638445298362,0.695774889157603,0.0163621804121486,11273.412655238524
SPARSE_519,0,80,319,4,0,0,0,0,0,0,0,0.0,15.74027805081667,-8.779167351549974,0.0,2015.64990234375,671.88330078125,AY,-0.2269999980926513,0.3106431750230558,99.474748,163.568393,211.22763054170107,30.5594450009298,65.59742344483483,0.670919376513813,0.0693286451300121,48799.24506075465
SPARSE_520,0,45,51,0,0,0,0,0,0,0,0,0.0,15.745833606350004,-8.362500686549975,0.0,481.4475708007813,481.4475708007813,AY,-0.4612727241844616,0.3286833032974744,18.967029,30.882202,40.634003232749954,5.784715022645377,12.50709228522117,0.7040674214956145,0.0133218103122777,8914.409067617024
SPARSE_521,2,36,26,1,0,0,0,0,0,0,0,0.0,15.737500273050005,-9.312500682749974,0.0,323.7417297363281,323.7417297363281,AY,-0.5920000076293945,0.4591735946405234,15.123821,22.776518,30.976790462523507,4.364243990335508,8.166389940726319,0.7555979614401036,0.0153817156373743,6132.2304414900145
SPARSE_522,1,40,40,1,0,0,0,0,0,0,0,0.0,15.737500273050005,-9.012500683949977,0.0,412.8023376464844,412.8023376464844,AY,-0.4830000102519989,0.4591735946405234,12.748204,26.851617,31.71308105819745,4.728071438438127,11.07298089051014,0.6238867713657343,0.0099362329381732,8111.957082730354
SPARSE_523,10,80,59,4,0,0,0,0,0,0,0,0.0,15.729166939750003,-13.237500667049977,0.0,763.393798828125,763.393798828125,AY,-0.6150000095367432,0.5749442848876697,31.733816,48.517293,65.74897538610536,9.24411644117529,19.74862349691197,0.6511164189278535,0.0219740271981546,15498.201213977869
SPARSE_524,0,27,75,0,0,0,0,0,0,0,0,0.0,15.729166939750003,-12.545834003149976,0.0,512.4649047851562,512.4649047851562,AY,-0.2930000126361847,0.3055571704912008,26.785331,43.054296,55.47381965679656,8.103745561647651,15.057003666318058,0.7542585952740013,0.0274453428593587,11103.018803200033
SPARSE_525,0,9,139,8,0,0,0,0,0,0,0,0.0,15.725000273100004,-8.812500684749974,0.0,778.374267578125,389.1871337890625,AY,0.0020000000949949,0.3106431750230558,23.722301,299.091234,223.072559378448,43.13344926445616,33.068256234268084,1.265346796520852,0.0524168112539856,25193.190449251077
SPARSE_526,0,46,18,0,0,0,0,0,0,0,0,0.0,15.729166939750003,-7.395834023749975,0.0,321.45849609375,321.45849609375,AY,-0.671999990940094,0.3191885263920085,4.609069,56.416013,42.29934393087939,8.146579919021313,7.0294110649600325,1.30571868362709,0.0101382946001558,4688.724521872674
SPARSE_527,0,65,60,0,0,0,0,0,0,0,0,0.0,15.720833606450004,-12.745834002349977,0.0,625.7777099609375,625.7777099609375,AY,-0.5040000081062317,0.3055571704912008,10.728633,126.915998,94.86307522306876,18.35647125411457,16.46660958579908,1.2439280162336088,0.0221713848485412,11105.12760316586
SPARSE_528,1,169,54,0,0,0,0,0,0,0,0,0.0,15.712500273150004,-12.500000669999975,0.0,1118.6331787109375,559.3165893554688,AY,-0.7039999961853027,0.3055571704912008,30.917918,70.875489,78.31428896794992,12.27943487514778,22.570634864108207,0.7679612182147917,0.039807383267998,15693.399105178192
SPARSE_529,1,64,13,0,0,0,0,0,0,0,0,0.0,15.712500273150004,-12.420834003649976,0.0,389.1002502441406,389.1002502441406,AY,-0.7870000004768372,0.3055571704912008,8.977798,18.064537,21.431113384495777,3.2131998896481773,7.304718227615147,0.6803137413577557,0.0067354672319312,5002.145566439505
SPARSE_530,0,52,19,0,0,0,0,0,0,0,0,0.0,15.712500273150004,-11.254167341649977,0.0,356.15936279296875,356.15936279296875,AY,-0.6840000152587891,0.308906114565165,8.203848,26.206444,25.778153667135655,4.279941161004495,7.420084818046528,0.7787077808683337,0.0135835047226753,5125.614976310509
SPARSE_531,6,106,149,19,0,0,0,0,0,0,0,0.0,15.701389162083338,-13.206945111616642,0.0,1409.0546875,469.6849060058594,AY,-0.3449999988079071,0.5749442848876697,83.425224,118.048006,166.0936308982196,22.99251200690493,47.433104254023824,0.6154753298547473,0.0562822295478586,40930.958962182274
SPARSE_532,4,82,59,1,0,0,0,0,0,0,0,0.0,15.704166939850005,-9.312500682749974,0.0,727.7347412109375,727.7347412109375,AY,-0.5920000076293945,0.4591735946405234,31.722595,48.973915,65.77084828460573,9.31979956472424,17.640179095741324,0.7688920362853036,0.0326472020050314,12844.147439417193
SPARSE_533,0,30,68,0,0,0,0,0,0,0,0,0.0,15.704166939850005,-8.862500684549975,0.0,493.1279602050781,493.1279602050781,AY,-0.3339999914169311,0.3106431750230558,19.999409,36.731456,45.851325278664,6.674107766084802,14.4923859794472,0.6897275318297434,0.0146972693995574,10349.441502947697
SPARSE_534,0,22,110,2,0,0,0,0,0,0,0,0.0,15.704166939850005,-7.104167358249974,0.0,667.09912109375,667.09912109375,AY,-0.1759999990463256,0.3191885263920085,44.405494,56.424503,81.86561816000916,11.369622973115773,22.39226076776222,0.7217211590961203,0.0401242668409246,17062.411496742054
SPARSE_535,0,31,34,0,0,0,0,0,0,0,0,0.0,15.695833606550003,-12.295834004149976,0.0,329.4211120605469,329.4211120605469,AY,-0.4670000076293945,0.398701028302682,10.993947,20.713979,25.21214550639944,3.7408215359085024,8.408594886096926,0.6638984096561397,0.0081667288189866,5994.153953540515
SPARSE_536,1,51,119,10,0,0,0,0,0,0,0,0.0,15.695833606550003,-9.483334015399976,0.0,904.27001953125,452.135009765625,AY,-0.231000006198883,0.4591735946405234,42.923358,78.977014,97.33979983735958,14.3437198380951,32.395302251887365,0.5797382463667933,0.0318544279921661,26471.076682964074
SPARSE_537,0,36,85,0,0,0,0,0,0,0,0,0.0,15.695833606550003,-8.520834019249975,0.0,604.4121704101562,604.4121704101562,AY,-0.3219999969005584,0.3106431750230558,10.889565,146.901302,108.16482433913156,21.123645419686436,19.24121819157334,1.2302656512951675,0.0251401302081926,12859.98001599087
SPARSE_538,0,41,198,4,0,0,0,0,0,0,0,0.0,15.691666939900005,-6.9708340254499745,0.0,1211.9305419921875,605.9652709960938,AY,-0.1850000023841858,0.3191885263920085,53.434133,107.893103,126.75266315781286,19.176207493330853,41.946822987493775,0.6430423020000506,0.0398448752432296,31119.913187514263
SPARSE_539,0,25,65,1,0,0,0,0,0,0,0,0.0,15.695833606550003,-6.887500692449974,0.0,454.9384460449219,454.9384460449219,AY,-0.3009999990463257,0.3191885263920085,10.020715,126.295334,94.31740355061548,18.21403683624525,15.171771615843191,1.2900614121361145,0.0222277282485743,10544.239836807697
SPARSE_540,0,25,52,0,0,0,0,0,0,0,0,0.0,15.687500273250004,-12.712500669149977,0.0,386.24761962890625,386.24761962890625,AY,-0.3540000021457672,0.3055571704912008,6.90542,90.879705,67.09200701914197,13.082157364459109,11.93316555444806,1.2233813381200895,0.0153841861352142,8019.7205686965235
SPARSE_541,1,60,15,0,0,0,0,0,0,0,0,0.0,15.687500273250004,-12.470834003449976,0.0,375.8497619628906,375.8497619628906,AY,-0.7519999742507935,0.3055571704912008,9.612103,23.616658,25.68431511911514,4.034874989865942,7.324942689483675,0.7802273621032128,0.0126440708982178,5056.493273248507
SPARSE_542,8,58,15,0,0,0,0,0,0,0,0,0.0,15.687500273250004,-9.595834014949975,0.0,402.61383056640625,402.61383056640625,AY,-0.9079999923706056,0.4591735946405234,10.052995,18.695597,22.833093246093014,3.3868102874739887,7.604687257033775,0.6887271570649489,0.0072745321061006,5231.080096882172
SPARSE_543,0,12,241,19,0,0,0,0,0,0,0,0.0,15.679166939950004,-8.890278462216642,0.0,1357.1875,452.3958435058594,AY,0.0450000017881393,0.3106431750230558,93.70319,147.405684,193.7730202138768,27.86685346488633,56.82099052351977,0.6204546384484879,0.06412682807509,47802.822973685325
SPARSE_544,7,92,7,0,0,0,0,0,0,0,0,0.0,15.679166939950004,-12.745834002349977,0.0,527.6289672851562,527.6289672851562,AY,-0.9900000095367432,0.3301057019218791,5.016329,66.612872,49.33628833558142,9.585357974975883,9.01975073317505,1.2274565103670312,0.0112549891859436,5895.977911415169
SPARSE_545,0,17,45,0,0,0,0,0,0,0,0,0.0,15.679166939950004,-12.545834003149976,0.0,310.8920593261719,310.8920593261719,AY,-0.3039999902248382,0.3055571704912008,16.467836,25.753809,34.14116084023915,4.883822944415546,9.071346977067392,0.7641940852946421,0.0168920475717356,6702.782942023353
SPARSE_546,0,6,62,2,0,0,0,0,0,0,0,0.0,15.670833606650003,-12.495834003349977,0.0,353.5116271972656,353.5116271972656,AY,-0.0829999968409538,0.3055571704912008,25.3717,37.439587,50.430587050023725,7.213858091123578,12.49187185142873,0.7452997845791759,0.0251115927735502,10022.034118859365
SPARSE_547,9,103,20,0,0,0,0,0,0,0,0,0.0,15.670833606650003,-12.370834003849977,0.0,662.932373046875,662.932373046875,AY,-0.8989999890327454,0.398701028302682,14.462634,28.924699,34.90130717040749,5.151959379524711,12.024267644539885,0.6745442287858369,0.0110285933395075,8223.324706564841
SPARSE_548,7,60,2,0,0,0,0,0,0,0,0,0.0,15.670833606650003,-11.337500674649975,0.0,344.3413391113281,344.3413391113281,AY,-1.10099995136261,0.308906114565165,3.129858,41.519275,30.763693901463274,5.974750130558766,5.558505713375397,1.2483507579076458,0.0071446510491548,3609.096488967667
SPARSE_549,1,62,13,0,0,0,0,0,0,0,0,0.0,15.670833606650003,-7.979167354749976,0.0,385.4259643554687,385.4259643554687,AY,-0.7990000247955322,0.3286833032974744,5.62266,44.601956,35.40232699305688,6.612750827678459,7.370832794563468,1.0734075672884442,0.0189762615825284,4899.716416181173
SPARSE_550,0,28,42,0,0,0,0,0,0,0,0,0.0,15.670833606650003,-7.537500689849974,0.0,350.8822021484375,350.8822021484375,AY,-0.4079999923706054,0.3191885263920085,10.193235,24.183135,27.291206944859912,4.154396664214233,9.867316426290245,0.6398382917425091,0.0090332802399371,6877.3342574556855
SPARSE_551,15,225,293,35,0,0,0,0,0,0,0,0.0,15.658333606700005,-13.245834000349976,0.0,2840.8291015625,1420.41455078125,AY,-0.3770000040531158,0.5749442848876697,159.311862,256.069785,339.41894380914584,48.184068660784526,93.32113175732584,0.644423368886625,0.1664165695216324,79479.37285291456
SPARSE_552,0,26,112,1,0,0,0,0,0,0,0,0.0,15.650000273400003,-11.454167340849974,0.0,695.1019287109375,347.55096435546875,AY,-0.2169999927282333,0.308906114565165,14.577625,114.972009,91.91763893490814,17.020915919821515,24.315671560294444,0.8506155954898932,0.0227477234600239,16686.795584090054
SPARSE_553,0,4,71,5,0,0,0,0,0,0,0,0.0,15.654166940050004,-8.554167352449975,0.0,400.3941345214844,400.3941345214844,AY,0.0299999993294477,0.3106431750230558,11.288204,150.752872,110.99956674158638,21.683018957474612,17.734264596450988,1.1776396375592633,0.0286224087014247,13605.072663049543
SPARSE_554,1,52,16,0,0,0,0,0,0,0,0,0.0,15.654166940050004,-7.804167355449975,0.0,342.0408020019531,342.0408020019531,AY,-0.7260000109672546,0.3286833032974744,10.175944,16.828306,21.828069102835222,3.139379270760226,6.913098651005628,0.7109319562615477,0.0072170359807423,4776.379675878007
SPARSE_555,0,111,16,0,0,0,0,0,0,0,0,0.0,15.645833606750005,-12.079167338349976,0.0,633.9570922851562,633.9570922851562,AY,-0.777999997138977,0.2475993142397093,17.422046,29.250768,37.21899016273084,5.44223768847815,11.333845462301744,0.7411898677931447,0.0184278457468832,7758.465897942841
SPARSE_556,1,74,12,0,0,0,0,0,0,0,0,0.0,15.645833606750005,-8.595834018949976,0.0,435.9895935058594,435.9895935058594,AY,-0.8349999785423279,0.3106431750230558,4.680628,61.64316,45.661197871776416,8.873376386926354,8.215829272266628,1.2413160380434836,0.010550414677101,5384.6883140683385
SPARSE_557,0,3,81,9,0,0,0,0,0,0,0,0.0,15.645833606750005,-6.962500692149975,0.0,463.9031982421875,463.9031982421875,AY,0.0930000022053718,0.3191885263920085,35.161186,65.816226,78.88906194377878,11.923539909281477,21.043214051828937,0.6542256647234447,0.039569606938808,18208.60900652606
SPARSE_558,1,35,28,1,0,0,0,0,0,0,0,0.0,15.637500273450003,-9.887500680449977,0.0,321.1422119140625,321.1422119140625,AY,-0.5569999814033508,0.4591735946405234,8.083898,71.112515,55.76171224699952,10.451644381154864,8.716647957991881,1.2667390706522608,0.0142849211024473,6300.648163130515
SPARSE_559,2,125,40,0,0,0,0,0,0,0,0,0.0,15.637500273450003,-8.408334019699975,0.0,832.915771484375,416.4578857421875,AY,-0.718999981880188,0.3286833032974744,27.213313,41.1643,55.23382273376878,7.866278462776612,16.78628211338258,0.7294293842163037,0.0185524853999391,11665.089458771185
SPARSE_560,14,115,83,5,0,0,0,0,0,0,0,0.0,15.625000273500005,-13.162500667349976,0.0,1091.1295166015625,545.5647583007812,AY,-0.6290000081062317,0.5749442848876697,48.826284,80.773149,103.1115514786804,15.084377282203626,27.412413821124357,0.724670074494325,0.0498383930617294,21399.158494125048
SPARSE_561,0,34,29,0,0,0,0,0,0,0,0,0.0,15.629166940150004,-12.629167336149976,0.0,314.359375,314.359375,AY,-0.5210000276565552,0.3055571704912008,10.840204,23.136531,26.271645459512445,4.068128386523665,7.718466474448518,0.7369743140916106,0.0131656968756509,5499.782660613846
SPARSE_562,0,112,119,0,0,0,0,0,0,0,0,0.0,15.629166940150004,-12.066667338399975,0.0,1154.1446533203125,577.0723266601562,AY,-0.4799999892711639,0.2475993142397093,48.940961,77.179617,100.74327481619378,14.580853569521,29.272321391713085,0.7278912087074207,0.0332140043752262,21158.789850343885
SPARSE_563,0,21,41,0,0,0,0,0,0,0,0,0.0,15.629166940150004,-11.662500673349976,0.0,312.73822021484375,312.73822021484375,AY,-0.3600000143051147,0.308906114565165,12.691087,22.896917,28.039983718243,4.178432707425298,8.849290349858936,0.6846307688476002,0.008983165717042,6389.229227888684
SPARSE_564,0,36,30,0,0,0,0,0,0,0,0,0.0,15.629166940150004,-8.154167354049974,0.0,330.2350769042969,330.2350769042969,AY,-0.531000018119812,0.3286833032974744,5.541472,68.937415,51.59391179260586,9.947715760656504,8.539006188063219,1.3023558203721115,0.0122068652008905,5731.814814535013
SPARSE_565,0,5,55,2,0,0,0,0,0,0,0,0.0,15.629166940150004,-6.787500692849974,0.0,313.07281494140625,313.07281494140625,AY,-0.0549999997019767,0.3191885263920085,18.132453,28.45338,37.93068141586084,5.38273859551988,11.649292389060308,0.6458986808115657,0.012975353068415,9063.598518090363
SPARSE_566,2,61,6,0,0,0,0,0,0,0,0,0.0,15.620833606850004,-12.504167336649974,0.0,344.2169189453125,344.2169189453125,AY,-0.9020000100135804,0.3055571704912008,4.223922,47.963805,36.41872218677215,6.950753954332324,6.0341596092083325,1.3219153393271603,0.0089177177489473,3980.8545259681687
SPARSE_567,0,53,105,0,0,0,0,0,0,0,0,0.0,15.616666940200004,-11.512500673949976,0.0,791.78076171875,395.890380859375,AY,-0.3580000102519989,0.308906114565165,17.416303,196.242737,148.6616954618878,28.451107890367776,23.966664804368804,1.3121984095760364,0.0351775968262647,16322.68786644338
SPARSE_568,2,69,11,0,0,0,0,0,0,0,0,0.0,15.620833606850004,-8.237500687049975,0.0,411.7329406738281,411.7329406738281,AY,-0.8539999723434448,0.3286833032974744,9.612123,18.384346,22.32846220804731,3.308333198831324,7.445316370698936,0.6993437832851721,0.0071030064610118,5038.586145315671
SPARSE_569,0,32,41,0,0,0,0,0,0,0,0,0.0,15.620833606850004,-8.020834021249975,0.0,364.5289306640625,364.5289306640625,AY,-0.4350000023841858,0.3286833032974744,11.911141,25.068999,29.27715617271689,4.4149322665837225,9.85568625301337,0.6671497136002711,0.0095760228642494,6952.589554309518
SPARSE_570,6,89,5,0,0,0,0,0,0,0,0,0.0,15.612500273550005,-8.595834018949976,0.0,495.4861145019531,495.4861145019531,AY,-1.003000020980835,0.3106431750230558,4.749374,62.486772,46.333804408617574,8.99519309246063,8.382629157240467,1.2467010139493806,0.0107444880177999,5443.554468146002
SPARSE_571,0,42,121,1,0,0,0,0,0,0,0,0.0,15.612500273550005,-8.579167352349975,0.0,820.5610961914062,820.5610961914062,AY,-0.2849999964237213,0.3106431750230558,16.125309,212.359004,156.74527014262557,30.566787153699185,27.320355422997356,1.224374788572781,0.0367046433320845,18672.65581912222
SPARSE_572,1,164,84,0,0,0,0,0,0,0,0,0.0,15.600000273600005,-12.562500669749976,0.0,1243.85595703125,621.927978515625,AY,-0.6179999709129333,0.3055571704912008,47.561404,66.673045,93.85110053558594,13.038853288585248,27.189700688304807,0.7389073747577949,0.0442833430880367,19325.41633941737
SPARSE_573,2,55,14,0,0,0,0,0,0,0,0,0.0,15.604166940250003,-10.195834012549977,0.0,353.2701416015625,353.2701416015625,AY,-0.7879999876022339,0.3536065443732897,10.516465,16.870111,21.88184464770919,3.175488395224408,6.822599702438173,0.7208141366896975,0.0100236360850022,4710.3911044958395
SPARSE_574,12,207,16,0,0,0,0,0,0,0,0,0.0,15.600000273600005,-6.812500692749975,0.0,1170.457763671875,585.2288818359375,AY,-0.9700000286102296,0.3191885263920085,24.135892,48.437058,57.500120484139735,8.620775872444472,19.83719485146257,0.6962589489370353,0.0180730859403024,13149.949637014837
SPARSE_575,0,16,239,2,0,0,0,0,0,0,0,0.0,15.595833606950004,-12.066667338399975,0.0,1281.616943359375,640.8084716796875,AY,-0.1110000014305114,0.2475993142397093,32.249368,380.38386,284.424615393636,55.02486569174067,48.25376844062526,1.233724838332943,0.066151666220441,33473.91151847261
SPARSE_576,0,5,59,0,0,0,0,0,0,0,0,0.0,15.595833606950004,-12.029167338549977,0.0,319.0776062011719,319.0776062011719,AY,-0.1280000060796737,0.2475993142397093,7.14505,90.24342,66.95092388350582,13.013171516919044,11.695775951989162,1.235468744880194,0.0156517718306492,7902.650091753026
SPARSE_577,1,51,8,0,0,0,0,0,0,0,0,0.0,15.595833606950004,-8.504167352649976,0.0,300.1263732910156,300.1263732910156,AY,-0.8240000009536743,0.3106431750230558,3.107117,42.233466,31.183783329375455,6.071365775314869,5.64664698572982,1.2390036545914935,0.0070379603229768,3688.34107144617
SPARSE_578,0,23,37,0,0,0,0,0,0,0,0,0.0,15.595833606950004,-7.362500690549975,0.0,301.5570373535156,301.5570373535156,AY,-0.3919999897480011,0.3191885263920085,5.196823,68.244455,50.39666558380551,9.824673327112396,8.951220535187993,1.2335320608657554,0.0115329681945078,5973.246363495683
SPARSE_579,3,114,25,0,0,0,0,0,0,0,0,0.0,15.587500273650004,-13.087500667649977,0.0,706.0774536132812,706.0774536132812,AY,-0.800000011920929,0.3301057019218791,8.95441,105.30502,78.96763704974089,15.235396183266683,13.815898348460678,1.2510259493208813,0.0185627216525796,9197.257787963843
SPARSE_580,1,66,27,0,0,0,0,0,0,0,0,0.0,15.587500273650004,-12.670834002649976,0.0,471.2167053222656,471.2167053222656,AY,-0.6729999780654907,0.3301057019218791,7.46207,83.26748,63.40596825965381,12.076982550488566,10.326322416100624,1.3210092788479886,0.0164790623769845,6919.016767977512
SPARSE_581,0,29,931,153,0,0,0,0,0,0,0,0.0,15.573958607037504,-8.091667354299975,0.0,5564.7314453125,695.5914306640625,AY,0.1480000019073486,0.3286833032974744,456.145162,674.990486,924.7026624126428,129.78723667158636,276.06058181715485,0.5654835150394167,0.3089432877109678,250616.69282447748
SPARSE_582,0,160,39,0,0,0,0,0,0,0,0,0.0,15.579166940350005,-11.966667338799976,0.0,992.578857421875,496.2894287109375,AY,-0.703000009059906,0.2475993142397093,24.148056,47.243538,57.52441971234413,8.463075185303213,19.243382083418258,0.6851520774488271,0.0257563062509293,13248.849163517187
SPARSE_583,0,54,26,0,0,0,0,0,0,0,0,0.0,15.579166940350005,-8.020834021249975,0.0,404.5158386230469,404.5158386230469,AY,-0.6420000195503235,0.3286833032974744,5.275937,70.150853,51.82766908707046,10.09359609701654,9.268675938872477,1.2359715712216883,0.0124985645632155,6135.265152208678
SPARSE_584,1,51,17,0,0,0,0,0,0,0,0,0.0,15.579166940350005,-7.987500688049975,0.0,340.8101806640625,340.8101806640625,AY,-0.7170000076293945,0.3286833032974744,6.615021,27.532891,25.06693446904544,4.334226551393476,7.170531610894164,0.8022672587966598,0.0132135411030301,4854.768104411673
SPARSE_585,1,152,110,0,0,0,0,0,0,0,0,0.0,15.570833607050004,-13.066667334399977,0.0,1312.952392578125,656.4761962890625,AY,-0.5580000281333923,0.3301057019218791,21.500042,252.415636,188.8823017394826,36.52099480540267,32.68238891183118,1.2450265072110225,0.0448455543007093,22080.519533101047
SPARSE_586,0,35,31,0,0,0,0,0,0,0,0,0.0,15.570833607050004,-10.595834010949975,0.0,329.20672607421875,329.20672607421875,AY,-0.5189999938011169,0.3536065443732897,8.907886,20.225322,23.1320313646009,3.5054076648312837,8.33562730419148,0.6411383862586715,0.007250528267656,5810.20324306868
SPARSE_587,1,35,37,1,0,0,0,0,0,0,0,0.0,15.570833607050004,-9.854167347249977,0.0,366.6905212402344,366.6905212402344,AY,-0.4720000028610229,0.4591735946405234,6.260484,84.427227,62.142635798986,12.14064680984302,10.679718042817765,1.2120077479487197,0.0143505031302063,7467.075196096019
SPARSE_588,0,55,24,0,0,0,0,0,0,0,0,0.0,15.570833607050004,-8.837500684649974,0.0,399.8566284179687,399.8566284179687,AY,-0.6499999761581421,0.3106431750230558,10.754731,24.126771,27.880054055099293,4.195809611088808,8.593277446781459,0.7307423363793827,0.0135936150690059,5927.273720012176
SPARSE_589,0,40,45,0,0,0,0,0,0,0,0,0.0,15.562500273750004,-12.737500669049975,0.0,425.5044860839844,425.5044860839844,AY,-0.4670000018981787,0.3301057019218791,7.123605,90.054116,66.78868247186128,12.98603535408787,11.739743950893809,1.2369460920447295,0.0152968125839323,7880.7181699941875
SPARSE_590,0,57,73,1,0,0,0,0,0,0,0,0.0,15.558333607100003,-10.433334011599976,0.0,649.5030517578125,324.75152587890625,AY,-0.4339999854564667,0.3536065443732897,18.459068,72.542132,66.83301152897648,11.501087070058166,18.495302802495623,0.780043540877978,0.0353716865435612,13219.9302702437
SPARSE_591,0,101,101,0,0,0,0,0,0,0,0,0.0,15.562500273750004,-8.908334017699975,0.0,1014.17041015625,507.085205078125,AY,-0.4900000095367431,0.3106431750230558,39.710062,72.63271,87.94888182568207,13.229250356345627,25.62956869945591,0.7394862997006189,0.0446401080289895,18262.575457992047
SPARSE_592,0,38,44,0,0,0,0,0,0,0,0,0.0,15.562500273750004,-8.337500686649975,0.0,411.7586975097656,411.7586975097656,AY,-0.4612727241844616,0.3286833032974744,15.213141,27.11697,33.93887644047349,4.963559083507767,10.797009644743078,0.6920900458191984,0.0116189439340916,7648.68601607302
SPARSE_593,0,45,14,0,0,0,0,0,0,0,0,0.0,15.562500273750004,-6.937500692249975,0.0,301.57611083984375,301.57611083984375,AY,-0.7149999737739563,0.3191885263920085,7.132383,15.804529,18.34476265548554,2.756243241439608,6.0477145223511375,0.7019396656392296,0.009181613948505,4119.097932092172
SPARSE_594,0,4,61,3,0,0,0,0,0,0,0,0.0,15.554166940450004,-12.512500669949976,0.0,338.67620849609375,338.67620849609375,AY,-0.0189999993890523,0.3055571704912008,9.26987,116.463587,86.30610388696648,16.798554869642068,14.191345456422033,1.1754050389448023,0.0202082355280339,10629.682185432534
SPARSE_595,0,21,122,2,0,0,0,0,0,0,0,0.0,15.554166940450004,-8.504167352649976,0.0,726.1961059570312,726.1961059570312,AY,-0.1599999964237213,0.3106431750230558,15.631681,210.183461,154.77594065618368,30.226962336294783,26.71121283892685,1.2146364645325374,0.0362978561020105,18566.43296556689
SPARSE_596,0,34,43,0,0,0,0,0,0,0,0,0.0,15.545833607150003,-11.662500673349976,0.0,384.2330932617187,384.2330932617187,AY,-0.4429999887943268,0.308906114565165,17.533787,25.341014,34.475991211391886,4.9088919557610025,10.04860005196528,0.7198177537385604,0.0147721421026387,7314.224711893518
SPARSE_597,0,27,48,0,0,0,0,0,0,0,0,0.0,15.545833607150003,-8.862500684549975,0.0,377.5203857421875,377.5203857421875,AY,-0.375,0.3106431750230558,9.841963,86.871865,68.12975819541163,12.76565983781554,11.076741138937363,1.2883921656274235,0.0170712946491124,7603.73770430352
SPARSE_598,0,17,70,1,0,0,0,0,0,0,0,0.0,15.545833607150003,-8.770834018249975,0.0,437.7496032714844,437.7496032714844,AY,-0.2179999947547912,0.3106431750230558,9.230717,122.220268,90.1644117730048,17.588691912598303,15.57487673009378,1.2183342341888668,0.0208995417979488,10782.538254088533
SPARSE_599,0,46,14,0,0,0,0,0,0,0,0,0.0,15.545833607150003,-8.712500685149974,0.0,301.3087158203125,301.3087158203125,AY,-0.7239999771118164,0.3106431750230558,3.513034,47.699707,35.18687216652846,6.857361644251109,6.341386503391344,1.2358560410460318,0.0088304401472559,4170.312507221339
SPARSE_600,0,73,191,2,0,0,0,0,0,0,0,0.0,15.545833607150003,-7.033334025199975,0.0,1325.1568603515625,662.5784301757812,AY,-0.2980000078678131,0.3191885263920085,52.287129,107.955709,128.6705953864858,19.116994591746117,41.72238383426313,0.6689226326419012,0.0648626081811437,30172.198125019087
SPARSE_601,0,2,58,7,0,0,0,0,0,0,0,0.0,15.545833607150003,-6.962500692149975,0.0,334.85504150390625,334.85504150390625,AY,0.096000000834465,0.3191885263920085,23.021783,45.955046,55.64372483945102,8.198341789590764,15.634310106955931,0.6271056787753961,0.0282157556098157,13497.164906163043
SPARSE_602,0,110,159,1,0,0,0,0,0,0,0,0.0,15.533333607200005,-13.012500667949976,0.0,1346.9671630859375,673.4835815429688,AY,-0.4129999876022339,0.3301057019218791,26.465003,308.477303,230.98951459515092,44.64790736010828,39.364339500024286,1.2390395399298135,0.0551282674108816,27080.161067093242
SPARSE_603,0,28,32,0,0,0,0,0,0,0,0,0.0,15.537500273850004,-12.762500668949976,0.0,301.6878967285156,301.6878967285156,AY,-0.4670000018981787,0.3301057019218791,11.438287,19.650006,25.041315583638863,3.629926348513173,7.755595763755041,0.6951623494089192,0.0083004049836345,5581.304220827347
SPARSE_604,0,49,15,0,0,0,0,0,0,0,0,0.0,15.537500273850004,-11.345834007949977,0.0,319.4502258300781,319.4502258300781,AY,-0.7200000286102295,0.308906114565165,5.082563,25.915155,22.52741796023783,3.987151734340267,6.619633114039864,0.7923459451487012,0.0117390031738597,4453.5592362716725
SPARSE_605,1,51,9,0,0,0,0,0,0,0,0,0.0,15.537500273850004,-11.237500675049976,0.0,304.5552673339844,304.5552673339844,AY,-0.8080000281333923,0.308906114565165,7.646217,13.770461,17.09624824333532,2.514061191476847,5.575042208579837,0.7026244345148434,0.0054880766841976,3817.9440751090037
SPARSE_606,0,52,53,0,0,0,0,0,0,0,0,0.0,15.529166940550004,-12.920834001649975,0.0,523.9417724609375,523.9417724609375,AY,-0.4860000014305115,0.3301057019218791,9.63257,108.931868,81.8556281418914,15.789580449820823,14.078293796087314,1.2484708276404906,0.0196042239058025,9532.117100846855
SPARSE_607,0,51,31,0,0,0,0,0,0,0,0,0.0,15.529166940550004,-12.679167335949977,0.0,415.0553283691406,415.0553283691406,AY,-0.5920000076293945,0.3301057019218791,7.246745,79.748387,60.82910009649568,11.574837271512168,9.81610444235572,1.321012709730131,0.0152241034455673,6629.636445135347
SPARSE_608,14,71,6,0,0,0,0,0,0,0,0,0.0,15.529166940550004,-12.204167337849976,0.0,452.5958557128906,452.5958557128906,AY,-1.0839999914169312,0.398701028302682,11.027582,17.516529,23.1150830184985,3.302837805698344,7.353161299362233,0.7240605625978809,0.0076201221076527,4967.884803931835
SPARSE_609,0,21,62,0,0,0,0,0,0,0,0,0.0,15.529166940550004,-11.637500673449974,0.0,421.41900634765625,421.41900634765625,AY,-0.2860000133514404,0.308906114565165,25.492313,31.021198,46.00725081185516,6.33364667316685,12.150575292435413,0.7538915031038912,0.019594491962192,9110.892304808192
SPARSE_610,0,32,32,0,0,0,0,0,0,0,0,0.0,15.529166940550004,-10.604167344249976,0.0,321.1265869140625,321.1265869140625,AY,-0.4939999878406524,0.308906114565165,4.841317,66.124217,48.66512765066389,9.50389798224752,8.70761219948919,1.231149853551911,0.0111362231864374,5786.162521344015
SPARSE_611,0,11,62,1,0,0,0,0,0,0,0,0.0,15.529166940550004,-8.704167351849975,0.0,373.5350036621094,373.5350036621094,AY,-0.1710000038146972,0.3106431750230558,7.946909,106.863511,78.69253091263123,15.368531174333484,13.63247712748105,1.2153898057821275,0.0183208028023459,9438.42677401086
SPARSE_612,0,44,123,1,0,0,0,0,0,0,0,0.0,15.520833607250005,-12.975000668099977,0.0,843.612060546875,421.8060302734375,AY,-0.2800000011920929,0.3301057019218791,16.396299,216.50064,159.75025979859694,31.158263568549003,27.835168250670968,1.2241150149537208,0.0382996219627887,19034.290976706223
SPARSE_613,0,23,47,1,0,0,0,0,0,0,0,0.0,15.520833607250005,-12.495834003349977,0.0,354.135498046875,354.135498046875,AY,-0.3050000071525574,0.398701028302682,18.531765,27.267622,37.31698305900956,5.251462877155242,10.595096802077954,0.6983072455747299,0.0124635847203407,8108.956620618356
SPARSE_614,0,35,260,70,0,0,0,0,0,0,0,0.0,15.518055829483338,-9.48472290428331,0.0,1823.97705078125,607.9923706054688,AY,0.1070000007748603,0.4591735946405234,231.015628,246.497546,400.83448418030474,52.64687681243596,95.31898385833752,0.620021592036155,0.1866676466024955,94266.90651646112
SPARSE_615,0,37,34,0,0,0,0,0,0,0,0,0.0,15.520833607250005,-7.5625006897499745,0.0,358.4002380371094,358.4002380371094,AY,-0.5090000033378601,0.3191885263920085,9.868507,22.024755,25.33377804714809,3.830799845147819,9.062938130755043,0.6461670563019631,0.0079918413686346,6301.441404315516
SPARSE_616,0,0,56,40,0,0,0,0,0,0,0,0.0,15.520833607250005,-7.029167358549975,0.0,482.2122497558594,482.2122497558594,AY,0.4390000104904175,0.3191885263920085,70.927295,102.802952,143.5488938814018,19.90605975998684,38.20367478558705,0.5258023516787931,0.0719905897027877,40844.97702489213
SPARSE_617,0,17,67,1,0,0,0,0,0,0,0,0.0,15.520833607250005,-7.004167358649974,0.0,421.3191528320313,421.3191528320313,AY,-0.2179999947547912,0.3191885263920085,18.626449,36.062675,44.087503629774886,6.4802438654421675,14.144613842673069,0.6630783630450218,0.0224110871367338,10393.72924310003
SPARSE_618,0,41,33,0,0,0,0,0,0,0,0,0.0,15.520833607250005,-6.670834026649974,0.0,369.8363342285156,369.8363342285156,AY,-0.5320000052452087,0.3191885263920085,11.707951,21.851119,26.60472397860921,3.955070084922998,9.161718661368754,0.6634927495565496,0.0085303081788887,6376.696701169349
SPARSE_619,1,35,68,9,0,0,0,0,0,0,0,0.0,15.520833607250005,-5.512500697949974,0.0,564.0298461914062,564.0298461914062,AY,-0.2360000014305114,0.5359816991574162,14.843055,199.594386,146.8407444899123,28.70503138365929,22.664306898117,1.1599165800824642,0.0339086468999707,18202.21007359855
SPARSE_620,1,128,161,3,0,0,0,0,0,0,0,0.0,15.512500273950003,-12.275000670899974,0.0,1463.14794921875,731.573974609375,AY,-0.4321016922466836,0.398701028302682,26.61139,336.24905,249.2590592881304,48.48766962331207,43.22982530472975,1.2114786156070902,0.0582559286985494,29980.16357828858
SPARSE_621,0,51,11,0,0,0,0,0,0,0,0,0.0,15.512500273950003,-11.854167339249976,0.0,312.0389709472656,312.0389709472656,AY,-0.7210000157356262,0.2475993142397093,7.366535,18.835962,19.992917145328057,3.1929540505378253,5.867146321992846,0.7663074704978914,0.0111613076367894,4037.5763718786716
SPARSE_622,50,247,44,0,0,0,0,0,0,0,0,0.0,15.506944718416667,-9.823611791816642,0.0,1705.7723388671875,568.5907592773438,AY,-1.008999943733215,0.4591735946405234,18.677332,234.032267,174.2287135974629,33.76115117161146,30.867965963114862,1.251412506206658,0.0412677421944068,20331.217745868853
SPARSE_623,0,30,35,1,0,0,0,0,0,0,0,0.0,15.504166940650004,-12.529167336549976,0.0,330.13372802734375,330.13372802734375,AY,-0.4469999969005584,0.398701028302682,18.469904,25.712094,35.43609700232053,5.038506206884694,9.003870781248594,0.7623302210870644,0.0176424017829381,6912.222602568518
SPARSE_624,0,29,67,0,0,0,0,0,0,0,0,0.0,15.504166940650004,-12.012500671949976,0.0,479.1847534179687,479.1847534179687,AY,-0.363999992609024,0.2475993142397093,9.230149,116.158119,86.20381862272521,16.75298449066888,15.119381618395026,1.2368751693568656,0.0200342174563599,10168.623924155696
SPARSE_625,0,14,116,3,0,0,0,0,0,0,0,0.0,15.504166940650004,-8.933334017599975,0.0,666.1534423828125,333.07672119140625,AY,-0.096000000834465,0.3106431750230558,14.957911,205.859346,151.15932623814282,29.576909139599486,25.780709432025503,1.204044819903491,0.0352296384290961,18269.99313818006
SPARSE_626,0,184,79,0,0,0,0,0,0,0,0,0.0,15.487500274050005,-11.725000673099975,0.0,1316.5130615234375,658.2565307617188,AY,-0.6190000176429749,0.2475993142397093,50.608187,67.084351,95.87635046109628,13.325389883489756,27.68062760738142,0.7414949739565256,0.0341659992731515,19662.119113130535
SPARSE_627,0,29,37,1,0,0,0,0,0,0,0,0.0,15.470833607450004,-12.220834004449976,0.0,334.21722412109375,334.21722412109375,AY,-0.4321016922466836,0.398701028302682,15.146663,32.945396,37.07960605250806,5.768856277363817,9.375991571125908,0.781120030021375,0.0195399240636334,7120.214034765018
SPARSE_628,0,34,75,3,0,0,0,0,0,0,0,0.0,15.454166940850005,-12.062500671749977,0.0,558.8346557617188,558.8346557617188,AY,-0.2840000092983246,0.398701028302682,12.747491,156.914011,116.70678882174924,22.65364136875607,19.30223669302193,1.2088588761268606,0.0270218183219976,13980.561490587208
SPARSE_629,0,55,12,0,0,0,0,0,0,0,0,0.0,15.454166940850005,-11.987500672049975,0.0,337.0968322753906,337.0968322753906,AY,-0.7200000286102295,0.2475993142397093,7.400209,23.399953,23.27981003520147,3.825234305908003,6.3893532340106995,0.8159138554080121,0.0110581620000236,4372.037676058172
SPARSE_630,0,7,57,3,0,0,0,0,0,0,0,0.0,15.445833607550004,-12.945834001549976,0.0,330.9631652832031,330.9631652832031,AY,-0.0719999969005584,0.3301057019218791,20.987802,47.858273,52.56493264103076,8.299759271952233,12.590199855913536,0.7620908556684276,0.0267356547386549,10264.9138961687
SPARSE_631,9,107,44,0,0,0,0,0,0,0,0,0.0,15.445833607550004,-9.770834014249974,0.0,803.0021362304688,803.0021362304688,AY,-0.7639999985694885,0.4591735946405234,10.490107,132.202554,98.265746167107,19.066613300310895,17.42990262332289,1.2440491825037854,0.0232671898392922,11538.655094989519
SPARSE_632,0,21,271,61,0,0,0,0,0,0,0,0.0,15.433333607600003,-12.270834004249975,0.0,1761.5152587890625,880.7576293945312,AY,0.1299999952316284,0.398701028302682,170.049318,269.576031,360.06871989747805,50.888412252756,91.26089564401576,0.611839739302074,0.1747422829655987,87418.41352049494
SPARSE_633,0,52,42,0,0,0,0,0,0,0,0,0.0,15.437500274250004,-11.754167339649976,0.0,468.7799682617187,468.7799682617187,AY,-0.5220000147819519,0.2475993142397093,8.374182,97.496087,73.54818665135102,14.11213699120201,12.029859854036289,1.30990864191264,0.0179703184619055,8106.484060555686
SPARSE_634,1,117,91,0,0,0,0,0,0,0,0,0.0,15.437500274250004,-10.054167346449976,0.0,1042.4034423828125,1042.4034423828125,AY,-0.5460000038146973,0.3536065443732897,20.913797,166.116763,131.40962324534755,24.61534675792724,26.197740588478517,1.0886974688496034,0.0636533086383852,17825.552333986372
SPARSE_635,0,28,43,0,0,0,0,0,0,0,0,0.0,15.429166940950005,-10.662500677349977,0.0,357.3583068847656,357.3583068847656,AY,-0.4090000092983246,0.308906114565165,12.1382,24.350881,29.163773977261247,4.3342803242506855,9.848797467423342,0.6589230917438986,0.0093853956145831,7006.937261118519
SPARSE_636,0,30,37,0,0,0,0,0,0,0,0,0.0,15.429166940950005,-10.270834012249974,0.0,336.92547607421875,336.92547607421875,AY,-0.4390000104904175,0.3536065443732897,5.214181,72.351726,53.14624255515274,10.392116030274105,9.515131005622612,1.2289780014487808,0.0122190700854826,6331.74838939985
SPARSE_637,0,33,133,0,0,0,0,0,0,0,0,0.0,15.420833607650003,-11.937500672249977,0.0,830.9546508789062,830.9546508789062,AY,-0.2809999883174896,0.2475993142397093,19.448447,227.522791,171.5947284388044,32.92543534582495,27.76761273498965,1.3072582001286943,0.0407547100480919,18927.280466419394
SPARSE_638,0,62,412,24,0,0,0,0,0,0,0,0.0,15.395833607750005,-10.162500679349977,0.0,2490.285888671875,2490.285888671875,AY,-0.0829999968409538,0.3536065443732897,93.773228,699.369288,559.3501281088494,104.11620562110156,98.43610919183668,1.0575442922055374,0.2957714365379868,76724.0664589599
SPARSE_639,0,86,195,0,0,0,0,0,0,0,0,0.0,15.383333607800004,-11.762500672949976,0.0,1405.2664794921875,702.6332397460938,AY,-0.363999992609024,0.2475993142397093,77.78576,99.684214,143.8911800084596,20.026568378723468,40.101637920733396,0.7321625849133424,0.0670601578496118,29677.039175360922
SPARSE_640,0,125,109,0,0,0,0,0,0,0,0,0.0,15.375000274500003,-12.854167335249976,0.0,1175.137939453125,587.5689697265625,AY,-0.5180000066757202,0.3301057019218791,17.924569,234.618669,173.47481707155185,33.781672978998195,30.638790125876163,1.2343969320057138,0.0395301665638419,20528.549290394712
SPARSE_641,0,19,98,0,0,0,0,0,0,0,0,0.0,15.379166941150004,-11.929167338949975,0.0,589.0030517578125,589.0030517578125,AY,-0.2469999939203262,0.2475993142397093,24.05495,47.550311,57.63943300249508,8.492037300343286,18.95522948268688,0.6627763871218065,0.0182332350062125,13674.171286411876
SPARSE_642,0,24,37,1,0,0,0,0,0,0,0,0.0,15.345833607950004,-12.529167336549976,0.0,309.3804931640625,309.3804931640625,,-0.3729999959468841,0.398701028302682,42.720838,73.08391,94.47278057592548,13.515433664752782,29.94291685584716,0.4771026578209794,0.031067622243178,30793.004745348764
SPARSE_643,1,75,86,1,0,0,0,0,0,0,0,0.0,15.345833607950004,-12.362500670549975,0.0,815.2388305664062,815.2388305664062,AY,-0.4519999921321869,0.398701028302682,34.823665,73.342727,83.572343034748,12.934627030646682,21.543682136959223,0.7923919975692657,0.0420370491874819,15866.20538074154
SPARSE_644,0,11,62,2,0,0,0,0,0,0,0,0.0,15.337500274650004,-12.812500668749976,0.0,373.9475402832031,373.9475402832031,AY,-0.1480000019073486,0.3301057019218791,17.955063,46.126717,48.60180047219027,7.815440919627938,13.204230581518251,0.7213945807877599,0.0251047295142229,10278.106994505197
SPARSE_645,0,26,77,4,0,0,0,0,0,0,0,0.0,15.329166941350003,-12.462500670149977,0.0,536.4089965820312,536.4089965820312,AY,-0.2179999947547912,0.398701028302682,32.791516,46.399359,65.12923373741161,9.04740296082504,18.14909545979575,0.6702653747473412,0.032575608789499,14669.731117373876
SPARSE_646,0,206,394,0,0,0,0,0,0,0,0,0.0,15.312500274750004,-11.795834006149974,0.0,3001.494140625,1000.498046875,AY,-0.3899999856948852,0.2475993142397093,135.7821,209.169411,278.77654838810435,39.768615284759186,84.62084848820824,0.6969553662177054,0.0932766125586024,61613.785919764836
SPARSE_647,0,31,30,0,0,0,0,0,0,0,0,0.0,15.304166941450005,-12.354167337249976,0.0,310.8962097167969,310.8962097167969,AY,-0.5019999742507935,0.398701028302682,12.100119,25.62519,29.150871517453155,4.51368262815108,7.626732714754691,0.8030842271144061,0.0146190714377816,5475.74193888918
SPARSE_648,3,49,15,0,0,0,0,0,0,0,0,0.0,15.295833608150003,-12.379167337149976,0.0,332.6870422363281,332.6870422363281,AY,-0.7960000038146973,0.398701028302682,3.908805,52.381234,38.686312356933605,7.534577056749011,6.896713289366162,1.2374637041418988,0.0088766511430645,4572.280367939673
SPARSE_649,0,43,37,0,0,0,0,0,0,0,0,0.0,15.287500274850004,-11.012500675949976,0.0,397.73199462890625,397.73199462890625,AY,-0.5197727314450524,0.308906114565165,16.466323,24.371779,33.03285497888624,4.68905232089271,9.710066180908994,0.7219352441198859,0.0138828233389002,6997.537866079016
SPARSE_650,1,112,155,3,0,0,0,0,0,0,0,0.0,15.279166941550004,-12.162500671349974,0.0,1355.0086669921875,1355.0086669921875,,-0.4059999883174896,0.398701028302682,232.676779,439.311031,520.5525115888657,79.38938302598986,125.2898646398362,0.5979137649392,0.2720385715155038,129173.89780878305
SPARSE_651,1,57,35,0,0,0,0,0,0,0,0,0.0,15.262500274950003,-12.629167336149976,0.0,469.5422668457031,469.5422668457031,,-0.6169999837875366,0.398701028302682,25.607269,336.008132,247.5728289003189,48.374031970184824,33.817989802662126,1.114295030504747,0.0574962090235054,31523.024514374927
SPARSE_652,0,71,24,0,0,0,0,0,0,0,0,0.0,15.254166941650004,-11.812500672749977,0.0,475.8484497070313,475.8484497070313,,-0.6579999923706055,0.2475993142397093,19.072815,263.649653,193.12709978608004,37.87454178214258,27.887831324496236,1.129053244285332,0.0440754509957005,24424.48768085024
SPARSE_653,1,64,48,0,0,0,0,0,0,0,0,0.0,15.245833608350004,-12.345834003949976,0.0,569.5966186523438,569.5966186523438,,-0.5649999976158142,0.398701028302682,74.816539,156.382529,177.2913103085645,27.626173425515574,42.392180676509014,0.6278432719372663,0.0908923280129113,41949.77531707279
SPARSE_654,4,103,38,0,0,0,0,0,0,0,0,0.0,15.233333608400004,-12.104167338249976,0.0,729.8919677734375,364.9459838867187,,-0.7450000047683716,0.398701028302682,81.253515,168.403287,194.2264787397137,29.760072965731975,40.99778119306115,0.7419803020074204,0.068157393520183,38037.81304783228
SPARSE_655,0,16,57,4,0,0,0,0,0,0,0,0.0,15.237500275050005,-12.070834005049974,0.0,384.9093322753906,384.9093322753906,AY,-0.1650000065565109,0.398701028302682,23.740065,46.112283,54.17043243349665,8.280878245289154,13.966373552381832,0.7036627130986174,0.0287479603647147,11565.525292825538
SPARSE_656,0,35,72,1,0,0,0,0,0,0,0,0.0,15.212500275150004,-12.779167335549976,0.0,534.5960083007812,534.5960083007812,,-0.3409999907016754,0.3301057019218791,94.494772,218.828756,238.44429948657725,37.82582904160282,55.63705962456876,0.6077020124705291,0.1200938240458776,58165.873340508006
SPARSE_657,2,48,23,0,0,0,0,0,0,0,0,0.0,15.179166941950005,-11.904167339049977,0.0,359.8451843261719,359.8451843261719,,-0.6830000281333923,0.398701028302682,44.841152,66.574912,89.03977617210639,12.80880747218338,22.625971494222934,0.6102316537409687,0.0454959250893207,21723.336260141736
SPARSE_658,0,34,38,1,0,0,0,0,0,0,0,0.0,15.179166941950005,-11.837500672649975,0.0,368.72259521484375,368.72259521484375,,-0.460999995470047,0.398701028302682,26.076605,342.680439,252.2416110138548,49.33194342758931,33.398274647765774,1.0999555289376466,0.0589257840296069,32438.1585189761
SPARSE_659,1,39,24,0,0,0,0,0,0,0,0,0.0,15.170833608650003,-12.204167337849976,0.0,319.7277526855469,319.7277526855469,,-0.6169999837875366,0.398701028302682,18.419213,230.504998,170.6986919746055,33.25340972554363,23.242192205485345,1.1191305980596644,0.039331133027155,21624.2422679709
SPARSE_660,0,0,26,89,5,0,0,0,0,0,0,0.0,15.170833608650003,-12.179167337949975,0.0,600.0325927734375,600.0325927734375,,0.8159999847412109,0.398701028302682,155.016675,323.237019,367.47372925478373,57.07665823045005,85.42745437932382,0.5851553976245791,0.2316304519516072,92807.31962815639
SPARSE_661,2,47,20,0,0,0,0,0,0,0,0,0.0,15.162500275350004,-12.429167336949977,0.0,346.3961181640625,346.3961181640625,AY,-0.7039999961853027,0.398701028302682,4.538476,58.127254,43.13075113373059,8.377138426965109,7.651114169964611,1.2408652398630091,0.0106183112841898,5078.292525439509
SPARSE_662,1,57,45,0,0,0,0,0,0,0,0,0.0,15.162500275350004,-12.162500671349974,0.0,519.9010620117188,519.9010620117188,,-0.5490000247955322,0.398701028302682,63.440538,149.7598,161.85885236784412,25.792233718155146,39.33896110604057,0.6188310448693924,0.0834906084932503,39063.791312064954
SPARSE_663,0,12,52,1,0,0,0,0,0,0,0,0.0,15.154166942050004,-12.779167335549976,0.0,327.77484130859375,327.77484130859375,,-0.2000000029802322,0.3301057019218791,32.531919,413.599467,305.56333942656545,59.625463442655416,40.531918231026886,1.053166135364013,0.0717031569322313,41034.8624292538
SPARSE_664,4,84,26,0,0,0,0,0,0,0,0,0.0,15.145833608750005,-12.195834004549976,0.0,574.73583984375,574.73583984375,,-0.7860000133514404,0.398701028302682,22.086371,295.521265,217.26462021474535,42.51007532553202,31.509762685376387,1.1367009693793126,0.0495983372926662,27295.84641227342
SPARSE_665,1,79,90,1,0,0,0,0,0,0,0,0.0,15.145833608750005,-12.170834004649976,0.0,858.2600708007812,858.2600708007812,,-0.4569999873638153,0.398701028302682,60.192618,799.746087,588.0974420060459,115.0737526357588,78.33131935646661,1.0994971332798988,0.1360665474166794,75711.19407679407
SPARSE_666,0,1,218,403,11,0,0,0,0,0,0,0.0,15.13194471991667,-12.723611780216643,0.0,3162.48095703125,1054.1602783203125,,0.6650000214576721,0.398701028302682,397.032582,5055.831616,3731.4262473952726,728.5480763463373,468.1870715375099,1.0897849526552486,1.1371547428131674,481663.04921949614
SPARSE_667,0,52,64,1,0,0,0,0,0,0,0,0.0,15.137500275450003,-12.462500670149977,0.0,587.892822265625,587.892822265625,AY,-0.4321016922466836,0.398701028302682,23.440841,57.967495,62.10277795513875,9.893453829429204,15.975682542606034,0.7941419619359222,0.0319817814357063,11797.430361632363
SPARSE_668,0,44,184,13,0,0,0,0,0,0,0,0.0,15.129166942150004,-12.658334002699975,0.0,1205.050048828125,602.5250244140625,,-0.1270000040531158,0.398701028302682,193.333873,1596.874678,1263.111640122884,235.6604433675728,147.37262436663607,1.1500192737107051,0.3231889083534155,152467.4216827368
SPARSE_669,0,60,29,0,0,0,0,0,0,0,0,0.0,15.120833608850004,-10.904167343049975,0.0,446.6399536132813,446.6399536132813,AY,-0.6309999823570251,0.308906114565165,6.114488,49.275344,39.37623539226135,7.284002031475961,10.26347483255566,0.8875778899589114,0.0103410337321335,6831.36161397218
SPARSE_670,4,61,15,0,0,0,0,0,0,0,0,0.0,15.112500275550005,-12.270834004249975,0.0,401.2757568359375,401.2757568359375,,-0.847000002861023,0.398701028302682,21.631891,184.751844,145.37192417832017,27.20631569890357,19.72116100784146,1.208331398139942,0.0365347458805681,16951.52561894022
SPARSE_671,0,26,69,3,0,0,0,0,0,0,0,0.0,15.104166942250004,-12.612500669549975,0.0,489.5954284667969,489.5954284667969,,-0.2440000027418136,0.398701028302682,104.067972,178.354779,221.34107875387568,33.015798687904514,53.335266332880366,0.5788603661932823,0.1117669714854389,56608.83905399983
SPARSE_672,3,115,61,0,0,0,0,0,0,0,0,0.0,15.095833608950004,-12.695834002549976,0.0,898.9848022460938,898.9848022460938,,-0.652999997138977,0.398701028302682,83.829788,234.554272,238.65739055630985,39.14084744380182,58.99429065484091,0.6359608047183262,0.1201725860813819,56399.667907682
SPARSE_673,0,21,193,31,0,0,0,0,0,0,0,0.0,15.083333609000004,-12.579167336349975,0.0,1229.4237060546875,614.7118530273438,,0.0540000014007091,0.398701028302682,135.892478,1786.30788,1314.9473042735488,257.14698343681073,167.89942020340234,1.0853268247528478,0.3094220585568685,170769.12072022568
SPARSE_674,1,92,91,1,0,0,0,0,0,0,0,0.0,15.075000275700004,-12.270834004249975,0.0,927.7713623046876,463.88568115234375,,-0.4909999966621399,0.398701028302682,143.04128,282.046018,342.3492550627457,50.46914354457975,77.11817034413451,0.6447419167137298,0.1715815098332727,77623.67097857891
SPARSE_675,0,33,35,0,0,0,0,0,0,0,0,0.0,15.062500275750004,-12.562500669749976,0.0,342.19488525390625,342.19488525390625,,-0.4709999859333038,0.398701028302682,23.517394,310.084963,228.24368168460632,44.63259543691034,30.49080253702946,1.1016220737835227,0.052560521297058,29333.238201647582
SPARSE_676,2,65,36,0,0,0,0,0,0,0,0,0.0,15.020833609250005,-12.495834003349977,0.0,515.7228393554688,515.7228393554688,,-0.6380000114440918,0.398701028302682,26.547404,352.917053,259.6555513189189,50.77995186509686,35.891493006376336,1.1164917540857753,0.0597430505224218,33041.16415669793
SPARSE_677,1,43,38,0,0,0,0,0,0,0,0,0.0,15.020833609250005,-12.412500670349974,0.0,413.73980712890625,413.73980712890625,,-0.5199999809265137,0.398701028302682,51.818695,127.042076,135.32675113502947,21.719529511240793,32.43416706281523,0.6201802500986462,0.0691123105193546,32537.74662228026
SPARSE_678,0,20,59,3,0,0,0,0,0,0,0,0.0,15.012500275950003,-12.304167337449975,0.0,411.38092041015625,411.38092041015625,,-0.2140000015497207,0.398701028302682,89.510693,149.168298,189.43672166727023,27.816938891891937,45.65644325527654,0.5769151084594176,0.0931221650391106,48533.42599999481
SPARSE_679,4,113,52,0,0,0,0,0,0,0,0,0.0,15.008333609300005,-12.254167337649974,0.0,846.179931640625,423.0899658203125,,-0.6859999895095825,0.398701028302682,72.890745,207.447258,209.92175868326888,34.51949976841841,52.54389999293764,0.6391355257590111,0.1088430858704746,49485.963658456654
SPARSE_680,1,72,76,1,0,0,0,0,0,0,0,0.0,14.979166942750004,-12.329167337349975,0.0,748.490234375,748.490234375,,-0.4760000109672546,0.398701028302682,141.413587,153.555148,246.55265063747183,32.593892262679205,63.03062922850515,0.5647309772533905,0.114011403218016,64530.3665943272
SPARSE_681,1,44,19,0,0,0,0,0,0,0,0,0.0,14.970833609450004,-12.004167338649976,0.0,322.5474853515625,322.5474853515625,,-0.6959999799728394,0.398701028302682,37.683506,49.102709,71.97143595697548,9.814745147462103,19.27197366546898,0.5881402512540147,0.0356219189947598,18299.39741605506
SPARSE_682,0,30,35,1,0,0,0,0,0,0,0,0.0,14.962500276150005,-11.812500672749977,0.0,329.2030334472656,329.2030334472656,,-0.4469999969005584,0.398701028302682,60.73549,75.05158,112.61933994799156,15.241616399496015,28.977851775200755,0.5601892960196606,0.0425514539399646,29819.497642125756
SPARSE_683,34,137,9,0,0,0,0,0,0,0,0,0.0,14.950000276200004,-12.354167337249976,0.0,899.8350830078125,449.91754150390625,,-1.1419999599456787,0.398701028302682,47.769956,66.939323,93.35686981136622,13.085112197262882,28.01194707667944,0.690609461127924,0.0403329944091421,20735.29007766956
SPARSE_684,1,56,43,0,0,0,0,0,0,0,0,0.0,14.945833609550004,-12.445834003549976,0.0,503.7872619628906,503.7872619628906,,-0.5590000152587891,0.398701028302682,43.472593,170.772051,156.9824261626838,27.079775224116823,38.4008962266312,0.6323513075279155,0.0796507770739131,37466.53024314112
SPARSE_685,0,28,58,2,0,0,0,0,0,0,0,0.0,14.937500276250004,-12.295834004149976,0.0,440.5705261230469,440.5705261230469,,-0.3050000071525574,0.398701028302682,103.372546,127.321892,186.6675305152829,25.915373710670604,44.89565910388408,0.5743977658851924,0.0935590696397988,47738.62842667681
SPARSE_686,11,73,8,0,0,0,0,0,0,0,0,0.0,14.920833609650003,-12.112500671549975,0.0,461.2489929199219,461.2489929199219,,-1.0269999504089355,0.398701028302682,23.520664,41.322707,52.69493146558187,7.6008792166234596,16.718365562498892,0.6260780367110867,0.0261451928616551,13100.69038545854
SPARSE_687,1,52,42,0,0,0,0,0,0,0,0,0.0,14.904166943050004,-12.212500671149977,0.0,479.5045776367187,479.5045776367187,,-0.5429999828338623,0.398701028302682,71.916661,94.201093,137.81686671110228,18.79384480019061,36.19368860969947,0.5647971174895188,0.0654899142213788,36356.02272582878
SPARSE_688,1,48,115,10,0,0,0,0,0,0,0,0.0,14.904166943050004,-11.804167339449975,0.0,869.5551147460938,869.5551147460938,,-0.221000000834465,0.4657563125281486,189.479089,242.666864,357.5185449915264,48.71388101710497,92.9848115129398,0.5393616845583143,0.1227766791433375,98583.0151977793
SPARSE_689,0,5,108,41,0,0,0,0,0,0,0,0.0,14.895833609750005,-12.445834003549976,0.0,767.2324829101562,767.2324829101562,,0.2590000033378601,0.398701028302682,194.305025,374.395219,444.4008257531656,67.37121380965779,103.8822156188545,0.5813520732787553,0.2191086224237515,112782.70527604384
SPARSE_690,0,21,58,3,0,0,0,0,0,0,0,0.0,14.887500276450004,-12.204167337849976,0.0,408.8785705566406,408.8785705566406,,-0.2259999960660934,0.398701028302682,36.63362,485.223993,356.8261351900198,69.82735565767635,47.96241095413832,1.0561262491803685,0.0835493532089795,47868.45702961164
SPARSE_691,1,44,33,0,0,0,0,0,0,0,0,0.0,14.887500276450004,-12.187500671249976,0.0,393.4832153320313,393.4832153320313,,-0.5630000233650208,0.398701028302682,53.562855,99.848086,124.55157764629764,18.101310150952425,29.2905203138258,0.6345787532894074,0.0618407219965722,28856.47093282109
SPARSE_692,0,30,33,0,0,0,0,0,0,0,0,0.0,14.870833609850004,-11.912500672349974,0.0,323.1939392089844,323.1939392089844,,-0.4659999907016754,0.398701028302682,57.382001,69.322004,105.35126045426355,14.178664894408762,26.88356772828286,0.565879781768323,0.0378961408211114,27557.761713952084
SPARSE_693,0,18,67,4,0,0,0,0,0,0,0,0.0,14.862500276550003,-12.379167337149976,0.0,443.8829956054687,443.8829956054687,,-0.1560000032186508,0.398701028302682,121.346924,160.43304,229.03252919059483,31.93528713434661,51.22213638850284,0.6029541073462494,0.1123081747691295,55141.40658801084
SPARSE_694,0,85,245,12,0,0,0,0,0,0,0,0.0,14.850000276600005,-12.179167337949975,0.0,1712.152587890625,856.0762939453125,,-0.221000000834465,0.398701028302682,370.31577,682.991918,856.2283118344816,124.11153853517897,191.1773881189724,0.6195876350947979,0.4298574118057936,201365.93266482945
SPARSE_695,0,27,43,1,0,0,0,0,0,0,0,0.0,14.837500276650005,-12.329167337349975,0.0,353.7775573730469,353.7775573730469,,-0.3729999959468841,0.398701028302682,70.331107,98.344822,136.09168044771624,19.25030003878926,33.97167557200425,0.5665847068080032,0.06631279777793,35584.78795212028
SPARSE_696,5,110,42,0,0,0,0,0,0,0,0,0.0,14.837500276650005,-11.887500672449974,0.0,779.1858520507812,779.1858520507812,,-0.7369999885559082,0.398701028302682,76.72398,110.711216,154.5601603709865,21.44114068105629,44.92696199829434,0.5638969290366413,0.0570843694197916,41729.07502007645
SPARSE_697,1,63,57,1,0,0,0,0,0,0,0,0.0,14.829166943350003,-11.937500672249977,0.0,606.8900146484375,606.8900146484375,,-0.5130000114440918,0.398701028302682,108.880597,125.411041,194.52973072312375,26.07782392570723,48.582505810574325,0.5803399051006353,0.0872639545515235,49400.94029424365
SPARSE_698,2,66,36,0,0,0,0,0,0,0,0,0.0,14.795833610150003,-12.104167338249976,0.0,517.5201416015625,517.5201416015625,,-0.6449999809265137,0.398701028302682,49.606165,138.037732,140.64051757844308,23.05616991694138,34.519374598021706,0.6371745787953175,0.0706589176574111,33130.27186608377
SPARSE_699,0,94,427,34,0,0,0,0,0,0,0,0.0,14.775833610230002,-12.242500671029976,0.0,2778.673828125,555.7347412109375,,-0.1099999994039535,0.398701028302682,838.218446,859.124154,1431.3660489773945,185.9772827513982,328.22262066691525,0.5820891945800856,0.5360613653282671,355988.6742772451
SPARSE_700,1,89,83,1,0,0,0,0,0,0,0,0.0,14.775000276900004,-11.966667338799976,0.0,870.8255615234375,435.4127807617187,,-0.5049999952316284,0.398701028302682,142.401273,213.962285,281.8958492624579,41.01724013460432,70.31822413459943,0.5871649004273762,0.1388460932882035,71323.73441226939
SPARSE_701,0,32,314,55,0,0,0,0,0,0,0,0.0,14.770833610250005,-12.162500671349974,0.0,2001.949462890625,2001.949462890625,,0.0719999969005584,0.398701028302682,543.496571,698.567864,1032.2952518442592,140.20643572519035,258.9270223609628,0.5423603444216994,0.505864706971334,281078.5654227752
SPARSE_702,0,66,134,4,0,0,0,0,0,0,0,0.0,14.762500276950004,-12.179167337949975,0.0,1018.4824829101562,1018.4824829101562,,-0.3070000112056732,0.398701028302682,214.482961,278.201543,409.1237024147396,55.6744388000359,104.39568925507834,0.5513734484159,0.1982226549098035,109941.714183054
