cat,h_tier1,h_tier2,h_tier3,h_tier4,h_tier5,hospital_1,hospital_2,hospital_3,hospital_4,hospital_5,schools,school_total_demand,lat,lon,distance_grid_km,pop_sum,density,cooling,rwi,rwi_std,pv (kW),battery (kWh),capital_cost (k€),o_and_m_cost (k€),battery_replacement_cost (k€),lcoe (€/kWh),salvage_value (k€),demand_year1_kwh
GHSL_1,0,0,17,191,6,0,1,0,0,0,2,12408099.999999998,-22.42157793104224,18.49176868357412,2.89,1068.1445941925,4984.99381250235,AY,0.35,0.0011547011578127,332.605148,519.678784,682.1014858744691,94.82593760333016,180.4194894858176,0.5066734478913462,2.186040821545369,197458.87995048566
GHSL_2,0,0,16,143,3,0,0,0,0,0,2,6875600.0,-23.504473628019824,18.798513909104283,1.32,810.889489293098,3029.30151931433,AY,0.317,0.3872834970766038,274.191241,483.749401,581.159052407146,87.07239795622932,120.84238926381276,0.6223219901896054,1.733678108461958,132913.6545648195
GHSL_3,0,0,0,196,123,0,0,0,0,0,2,7017300.0,-25.928800636975,19.133261811688328,0.56,1597.81902843714,3831.81057593297,AY,0.845,0.3452554627304468,380.273582,3546.716675,2694.0578290905532,514.4370167122545,336.71205412597163,1.0631402144942663,3.358441488924249,353015.32275851007
GHSL_4,0,0,0,116,52,1,1,0,0,0,0,0.0,-17.788224936270055,15.704001647418728,0.65,843.84289598465,2517.31091590094,,0.784,0.3561722839659703,107.70856,1858.805031,1336.2093109067837,264.86842553631163,165.60238593037107,1.1171165457595758,0.3062067412097486,168454.88024642447
GHSL_5,0,0,0,114,48,0,0,0,0,0,0,0.0,-17.930736812169997,15.986140158857964,1.78,811.602062106133,9935.14582086097,,0.77,0.5205278124453289,291.555508,392.753636,566.756618985295,77.71782993818985,137.61806430583087,0.5746756052927701,0.2724225428643053,144938.4135204136
GHSL_6,0,0,6,1657,694,0,1,0,0,0,5,42447900.0,-17.918874326357344,15.988190608957469,0.24,11784.761793375,3378.35446791324,,0.77,0.5087146425982105,4465.087816,5938.71071,8533.387860509887,1169.8786424020543,2036.167287411729,0.5752179667834534,17.561220957303444,2159457.8742410257
GHSL_7,0,0,0,115,238,0,0,0,0,0,3,13797600.0,-22.553405833155946,17.05637917868775,1.88,1769.3296380043,6563.13620886954,AY,1.068,0.0985961444009041,637.014244,2213.031239,2090.4067510368463,354.7639618041811,434.3305042184431,0.6574327550573582,2.858367687973944,462400.4537927837
GHSL_8,0,0,0,2538,5698,0,0,0,1,0,21,74547300.0,-22.575467085356028,17.06628467430032,1.71,41281.4235174656,3322.99568097299,AY,1.083,0.5087146425982105,14877.531503,52450.028002,49617.42810238226,8426.972809320796,10252.979690070144,0.6675287163716495,33.77705788147913,10874478.835050514
GHSL_9,0,0,279,2129,40,0,0,0,0,0,2,24000000.0,-17.78890732359164,15.721595414214764,1.69,12239.4797323942,3240.28315479902,,0.291,0.5087146425982105,1137.450484,18337.43851,13162.056578690635,2598.5257783437046,1747.5565909719876,1.0908350272630745,14.045580290514172,1702028.4857818491
GHSL_11,0,0,172,45253,18337,0,6,0,0,0,48,345148900.0,-22.51815365465233,17.042002759982758,1.52,318823.744915806,11861.656195637,AY,0.764,0.5087146425982105,58948.627816,860062.306622,415365.2058089221,69387.0245928441,62754.01586223198,0.828557810358358,37857.16030295731,65437142.77048999
GHSL_12,0,0,0,27,134,0,0,0,0,0,0,0.0,-17.39634837639796,15.896307291388448,0.12,812.954126119614,2918.39563946128,,1.224,0.635208889552088,462.03993,482.486014,785.1533722230662,103.86846930064154,171.90143159973235,0.6101546540033962,0.3803066025357738,185177.3132513384
GHSL_13,0,0,52,122,0,0,0,0,0,0,0,0.0,-17.43776479962064,14.433070713236685,0.37,870.803529918194,2214.83826231584,,0.089,0.167845909687332,141.583249,306.617548,360.6188182211001,53.719818238895826,96.43729391282736,0.5635345325548194,0.1738211948384619,96529.82282736262
GHSL_14,0,0,0,142,63,0,0,0,0,0,0,0.0,-17.44316486048931,15.88459978670192,0.4,1024.29524445534,1812.33776282441,,0.78,0.5087146425982105,409.149743,405.436597,685.65121572432,88.90431952329685,174.23677369193018,0.5477278683885796,0.3077897480742718,184486.60856353337
GHSL_15,0,0,68,247,2,0,0,0,0,0,2,12704600.0,-17.487329410076267,16.32270885008544,0.83,1582.72047162056,3067.84066046896,,0.167,0.5904341440833286,532.284835,510.514374,849.9626940501427,109.88378120389932,199.94753888871503,0.5842321958885374,4.044873686975382,207294.04803945665
GHSL_16,0,0,28,178,3,0,0,0,0,0,0,0.0,-17.496275568336767,24.305352657498435,4.12,1042.97431111336,3980.08880477377,,0.261,0.4992239776157657,247.956156,375.787405,505.10000586841846,71.77675182015163,141.88414839321842,0.5457139004958899,0.1720282718266607,140286.1877167607
GHSL_17,0,0,223,333,1,1,0,0,0,0,4,31065699.999999996,-17.503738401674088,14.984030483231976,0.42,2783.75948184729,1827.75423769512,,0.004,0.5411601676423891,761.778319,851.924217,1289.6346646688658,172.41951475489546,294.3852708664079,0.5920974867107305,10.25026117954086,305731.3211355459
GHSL_18,0,0,40,139,1,1,1,0,0,0,1,10215000.0,-17.576329232783888,17.22172076580355,1.44,896.877989292145,1588.05518984382,,0.159,3.961803761751141e-09,288.247608,379.563218,531.8134271673717,72.91802337563209,129.2437096430865,0.5575619093178852,3.4193566524440726,136809.141911935
GHSL_19,0,0,1,117,41,0,0,0,0,0,4,23028000.0,-17.655940462597336,15.470030355031463,0.07,794.991385936737,2067.30754571981,,0.738,0.6391267339525107,357.399617,603.454898,699.0893976185384,106.47885251465472,146.826336515753,0.5988577589884801,8.169499141709343,161704.65801513102
GHSL_20,0,0,4,420,99,0,0,0,0,0,0,0.0,-17.77006408254048,15.702667682614196,1.91,2612.80446875095,5509.82789988982,,0.668,0.5087146425982105,280.30609,4614.263931,3333.374804385769,658.4941221054472,441.92895395820506,1.0768191980902142,0.8126908166257506,438584.1466416216
GHSL_21,0,0,49,285,4,0,0,0,0,0,1,3564100.0,-17.797174791336786,15.708697973826622,1.25,1691.40973639488,2028.21214367197,,0.245,0.3561722839659703,147.815225,2455.361072,1760.6474188318714,347.70272177405377,234.19855210550168,1.0914494187794377,1.2830478989249836,227560.86135961604
GHSL_22,0,0,31,112,1,0,0,0,0,0,0,0.0,-17.875800133263827,19.624483456619227,0.37,716.943963527679,631.163759325297,,0.166,0.3917192945198867,164.672921,290.674302,355.27150763651684,53.40092330321854,88.53065518032292,0.5992423532667712,0.1770315633773576,88364.1477886187
GHSL_23,0,0,9,625,97,0,0,0,0,0,2,19449900.0,-17.90402996764311,19.812894231271255,1.93,3655.41977572441,2471.9326032611,,0.598,0.4512892683864034,712.082622,3920.864241,3301.169100114657,591.2779505517072,610.1610509645243,0.7781864956882473,4.762160963479946,610474.325750724
GHSL_24,0,0,0,172,108,0,0,0,0,0,0,0.0,-17.90208765738185,15.991017710584362,0.64,1401.83268022537,2723.53884755566,,0.844,0.5205278124453289,527.725248,708.938842,1024.4973578353254,140.40498750777084,248.3598543301675,0.5735062268234488,0.4748687552698905,262444.87292849756
GHSL_25,0,0,0,120,75,0,0,0,0,0,2,12489400.0,-17.904912034053424,15.976177879214832,1.18,973.079255580902,1952.52373854948,,0.844,0.5205278124453289,429.889018,554.651819,791.2335412429265,108.31813958868094,181.14693337508473,0.5774921629694244,4.366911186588383,195161.3677642541
GHSL_26,0,0,113,56,0,0,0,0,0,0,0,0.0,-17.917660657241196,19.810242937264807,0.5,846.382974565029,750.7556833054,,-0.203,0.4512892683864034,59.727865,350.431417,294.3386458599863,53.108996359562326,59.54054770487976,0.830336893225295,0.0790255008641543,52208.66342611617
GHSL_27,0,0,1,260,98,0,1,0,0,0,0,0.0,-18.620088431966195,17.166980225481517,0.04,1795.398442626,3502.38419710979,,0.751,0.5087146425982105,532.395433,1247.16259,1359.3291868950266,215.11597624087975,316.1395169646328,0.6085629408850719,0.6707408687237733,330853.6765177135
GHSL_28,0,0,1,301,136,0,0,0,0,0,4,20377900.0,-19.25637848020124,17.719515387278506,2.11,2193.99470931292,2255.77877297435,,0.784,0.2113354249862251,861.000202,1027.718647,1533.8912730036811,206.86614525359383,392.2518900065901,0.5390473369368793,7.41371625600907,414549.46246764564
GHSL_29,0,0,19,660,59,0,0,0,0,0,2,14594000.0,-19.63306461004124,17.33719731675356,0.58,3692.16198593378,6430.35507506184,,0.511,0.4035678344469706,429.97823,6320.929701,4556.488308243227,894.1772733415922,600.0248740485621,1.0911355496103037,6.891609417986923,586131.4979073202
GHSL_30,0,0,0,92,49,0,0,0,0,0,1,840000.0,-19.63552987501161,14.841004225819058,0.24,705.68666601181,2358.42866265782,AY,0.816,0.5939696963442138,282.17227,387.141308,539.1943788046855,75.93492530395149,136.89609187919976,0.5315659810838969,0.4046528777407686,150411.42703909895
GHSL_31,0,0,0,51,191,0,0,0,0,0,1,7776600.0,-20.474921464430704,16.646282737903277,1.97,1215.62605142593,1542.25381866591,,1.176,0.1946438804433646,213.44177,2736.874462,2003.0846519926276,389.5553943380692,274.5076059138806,1.0008154102337932,2.3072932484743407,281553.74415440526
GHSL_32,0,0,1,175,43,0,0,0,0,0,2,7769200.0,-20.88165260083441,16.193766536621975,0.49,1100.02949309349,3188.99043065724,,0.676,0.1946438804433646,389.306986,662.457531,805.8671165520651,121.16887408756536,182.38639678007056,0.6054386412593897,2.8317737324451775,192606.2080145885
GHSL_33,0,0,78,917,29,0,1,0,0,0,2,18325199.999999996,-21.072372988852617,17.36644722362741,0.43,5114.80644011497,4948.76596758066,,0.359,0.5087146425982105,540.881867,8346.20939,6009.991945043732,1180.5908204297912,783.1389036895209,1.1014138774167233,5.670075760465196,765735.9624945847
GHSL_34,0,0,86,84,0,0,1,0,0,0,2,5912300.0,-21.229753703046217,14.905274609473704,0.37,850.371229410172,2213.40170906779,AY,-0.076,0.5000679920935746,149.735306,273.911878,330.85648450565037,48.47787743144139,96.35585830655944,0.4901555561402532,1.192189045782488,101523.00751903391
GHSL_35,0,0,7,625,125,0,1,0,0,0,1,5786600.0,-21.93046532486555,15.867878827119617,2.5,3781.69439038634,5585.77396694968,AY,0.64,0.321787661400228,1378.735676,1960.30958,2752.6958667740223,380.6218909690131,669.9319918829946,0.5545093235284081,2.945126268119318,728568.5080113643
GHSL_36,0,0,0,133,196,0,0,0,0,0,2,10602900.0,-21.96623364819703,16.887627792034102,0.53,1646.6548730135,3231.18714698837,,1.006,0.3953720721142534,517.031486,2883.772792,2444.3221102828093,431.1502944033005,337.7680016153424,0.9619337651772222,6.38805203244231,352279.244522793
GHSL_37,0,0,213,282,0,0,1,0,0,0,2,6126800.0,-21.982156338734747,15.595398554215254,1.83,2478.39794170856,3891.18601443389,AY,-0.018,0.321787661400228,400.497786,814.023701,968.8172554471898,142.70919738871132,272.06063999806497,0.5157407665432056,2.587331136805253,283604.6361028246
GHSL_38,0,0,1,196,93,0,0,0,0,0,0,0.0,-21.990087698625565,16.91549760643759,1.93,1445.8618144989,2136.68370733635,AY,0.792,0.3953720721142534,196.324363,2997.493521,2177.226479396249,428.7658674570097,296.4435308660843,1.024654374913054,0.7563734684284046,301697.34076549363
GHSL_39,0,0,1,379,249,0,0,0,0,0,0,0.0,-22.01233308691499,16.925714289635586,1.3,3144.89287626743,4877.62856420592,AY,0.853,0.3953720721142534,1032.430546,2124.852313,2547.323264163025,376.3793788821298,642.4538438434356,0.5538852939559342,1.1919794292370418,685701.0502972084
GHSL_40,0,0,162,628,5,0,0,0,0,0,2,8728200.0,-22.115353307739007,14.290464510662083,0.85,3973.25983786583,5549.73853360876,AY,0.178,0.3729682730017665,1060.491603,1403.325001,2026.3878831299944,277.19166856567733,508.6679932621568,0.5301929751164229,3.818145987448,561947.0034906467
GHSL_41,0,0,60,197,1,0,0,0,0,0,0,0.0,-22.383186604734146,17.069264573101712,0.22,1294.60651385784,3261.38434023893,AY,0.148,0.2373316787445961,261.74205,642.729364,704.1815657884182,109.86805434866196,165.45134347867162,0.5999197111299425,0.3513525991818321,173882.2947482485
GHSL_42,0,0,5,312,49,1,0,0,0,0,1,5001200.0,-22.454904174000312,18.97253533790943,1.52,1827.68162751198,1935.79094775988,,0.601,0.3006858808584474,444.148126,832.857179,1029.8474902154808,148.9162234335545,295.18457005150503,0.5146846269972373,1.1086544981822302,303506.9615677817
GHSL_43,0,0,0,281,244,0,0,0,0,0,6,14180600.0,-22.548179552127888,17.092600923891247,1.2,2626.7563938573,1707.6530976965,AY,0.906,0.5087146425982105,644.064074,3165.472053,2730.6589197904805,487.4425532443448,583.5724148993479,0.6586779943943899,3.728398908239405,610429.3675504454
GHSL_44,0,0,0,15,232,0,1,0,0,0,0,0.0,-22.55973777669637,17.099535731877705,1.8,1283.84463092685,1779.31425872593,AY,1.404,0.5087146425982105,513.224284,1772.860198,1693.115206818651,285.9653300155917,350.14943558301053,0.6696331386409485,0.8155891325768587,370444.1785765987
GHSL_45,0,0,0,11,178,0,0,0,0,0,1,10797000.0,-22.571590668114787,17.113798783314472,3.11,988.061089038849,1806.21928104407,AY,1.404,0.1851349830520064,313.507374,770.42428,846.9784401967094,129.50224185605185,269.40809671279584,0.4627707577308784,1.19102187176204,283606.89446865534
GHSL_46,0,0,0,143,146,0,1,0,0,0,6,5982900.0,-22.57484123136728,17.085538745165284,0.23,1445.44012546539,1642.53066502281,AY,0.936,0.5087146425982105,497.687102,1647.420332,1580.9246063670942,266.64720510005037,332.0442856052928,0.6487009523946106,1.65832639193585,356058.2259681317
GHSL_47,0,0,0,45,211,0,0,0,0,0,2,10494199.999999998,-22.59493115182159,17.088777264992057,0.7,1287.45755541325,2662.86418926969,AY,1.214,0.1851349830520064,498.058862,1739.284496,1642.8469181726234,278.6521873833512,339.4771269149259,0.6621026579028123,2.1769925104686383,360597.25590586715
GHSL_48,0,0,0,128,262,0,1,0,0,0,0,0.0,-22.609721321933495,17.099001705854587,1.84,1953.72743338346,2004.03266124606,AY,1.067,0.1851349830520064,738.52662,1882.968571,2035.5851510742216,319.49294359219243,478.85908778317815,0.5925736966364332,0.9614286346515876,509330.784734632
GHSL_49,0,0,0,282,443,0,1,0,0,0,0,0.0,-22.621370345895087,17.100200595392575,2.07,3633.29934722185,2996.40687135077,,1.017,0.1851349830520064,1143.909793,2653.764131,2982.330464324503,458.7674821667686,738.965326914599,0.5762279291697117,1.4631841269518862,772566.6269196839
GHSL_50,0,0,0,14,847,0,0,0,0,0,2,19806600.0,-22.63083799971142,17.081987767067158,0.25,4940.99350440502,4987.84711114459,,1.593,0.5087146425982105,1442.629362,4095.942563,4202.2813252258,676.7857107850375,1026.0852967321089,0.5819002755197388,8.708445704646676,1074150.3444788314
GHSL_51,0,0,0,117,120,0,0,0,0,0,2,5231600.0,-22.67003011331942,14.526989356320628,1.2,1184.49479085207,2265.40799602292,,0.936,0.2849362481799518,384.461391,561.91759,771.597375578895,107.2518556212131,227.983916013858,0.4854485674107036,1.2676403202864102,241202.76848275872
GHSL_52,0,0,52,805,34,0,1,0,0,0,3,16571099.999999998,-22.679364126468105,14.532971877595584,1.07,4456.05387753248,2259.00008898633,,0.401,0.2849362481799518,1129.158596,1637.77304,2260.9504175789752,312.7409103651746,657.2606657675484,0.4996846120958787,3.9772228223501194,683502.7563985309
GHSL_53,0,0,0,319,453,0,0,0,0,0,2,10973600.0,-22.953478661982228,14.511911833893686,1.44,3862.49903024733,2873.8404415465,,0.998,0.5087146425982105,754.46668,3966.670227,3399.6561133143855,607.0144379775489,779.3150075669067,0.6272657586297393,2.790696533423544,809403.3008414349
GHSL_54,0,0,0,96,515,0,0,0,0,0,5,15366400.0,-22.962341649403463,14.495377682349314,3.24,3088.50450447947,2077.96396269103,,1.236,0.5084097618489614,1124.317815,1731.87923,2325.5595196635613,325.5373538510634,675.8834309493255,0.4872563782930423,4.296405601225042,722306.297934114
GHSL_55,0,0,0,21,111,0,0,0,0,0,2,4298800.0,-22.96747761129285,14.50114833619478,2.71,664.326655447483,1909.85230854507,,1.236,0.5087146425982105,146.467479,753.802961,648.2311387787145,115.36514948588848,149.50379066529655,0.6148904991990282,0.7682733556047654,156900.81761323643
GHSL_56,0,0,0,48,256,0,0,0,0,0,0,0.0,-22.976635480582797,14.487803842428194,4.3,1537.10340851545,1851.87603808976,,1.236,0.5087146425982105,550.295312,808.05781,1127.020083617425,155.71196455830767,330.652163558543,0.4887194731058418,0.3799037013260935,351621.4189381405
GHSL_57,0,0,40,306,6,0,1,0,0,0,1,2310600.0,-24.350973523518228,18.388060213510016,0.02,1761.27763682604,4791.01982068558,AY,0.29,0.4882743762182105,448.945584,878.936792,1075.1226939566088,157.2207828112446,264.92341443024117,0.5553201329617965,0.8579601154846896,286452.814260417
GHSL_58,0,0,0,145,65,1,0,0,0,0,1,12000000.0,-24.623336429472165,17.964070903576275,1.7,1054.67904853821,1826.06272579637,AY,0.783,0.5087146425982105,541.317945,546.340624,892.6396909600592,115.39970442863044,209.68233048970308,0.5493257931687151,3.381182669674352,232241.47594967711
GHSL_59,0,0,54,552,15,0,0,0,0,0,2,8798300.0,-24.63839584227764,17.978282441780337,0.44,3101.25005424023,4846.2304932793,AY,0.338,0.5087146425982105,1095.255213,1160.432645,1873.298945949898,245.65233515454176,454.7785298526938,0.545833130888699,2.8765226127190626,499387.34556697716
GHSL_60,0,0,39,306,6,0,0,0,0,0,1,6975800.0,-24.832245042413728,16.9896375846296,0.38,1753.71327233315,3409.74890854028,,0.294,0.1220000071134724,416.129095,677.09759,883.2184730652389,125.65920783713592,243.29414510000552,0.5323513116690158,2.297093270902012,248230.81228220946
GHSL_61,0,14,174,6,0,0,0,0,0,0,1,1953000.0,-24.84558662921337,18.80812388956307,0.44,971.562109023333,3562.48939946954,AY,-0.634,0.4882743762182105,48.767828,141.801457,147.06119128880786,23.241909385763144,40.56489420013553,0.7316357408737069,0.5152650076981913,30098.39635993904
GHSL_62,0,0,21,294,11,0,0,0,0,0,1,3553300.0,-25.12276351019256,17.769363593489366,1.23,1627.86992394924,1744.99391556175,AY,0.388,0.1220000071134724,443.899697,1285.233836,1285.5275494705131,211.72174686634304,248.6259700502769,0.6898243629771728,2.3377055560162776,268304.7016757945
GHSL_63,0,0,0,89,193,0,0,0,0,0,1,2868600.0,-26.57128976067539,18.13938828091669,1.37,1414.58657306433,3070.24910592596,AY,1.077,0.3266879244783927,526.530947,2866.294603,2474.952791120044,435.24013265421974,342.07875183634997,0.951575445388538,2.1757524071983623,363093.727236516
GHSL_64,0,0,9,198,12,0,0,0,0,0,1,1357400.0,-26.57963377982287,18.12473181218143,0.02,1091.98629438877,1823.13396337635,AY,0.447,0.3266879244783927,277.276664,1540.673579,1324.7524023105343,233.5113888746103,172.37214139598248,0.98977636367823,1.0559528899208597,185797.37196009245
GHSL_65,0,0,1,164,68,0,0,0,0,0,2,4963800.0,-26.63568848047625,15.168343689167234,0.83,1165.70396137238,3616.6184129615,,0.768,0.3029519191792318,305.656875,519.53772,668.9485192043777,95.6527160476793,202.77612758523367,0.4817406785199486,1.153751720697819,212327.78841589118
GHSL_66,0,0,2,661,274,1,0,0,0,0,5,21556800.0,-26.646005027392462,15.166577540767566,0.07,4683.00763124228,4730.57262064862,,0.768,0.3029519191792318,1239.961589,2103.351329,2709.045828424174,387.2362927263207,819.9043743034059,0.4813338996883516,4.9132143582380925,859835.2898077992
GHSL_67,0,0,2,414,172,0,0,0,0,0,0,0.0,-26.644748811682483,15.177876694546224,0.74,2936.67837052792,9333.63327080965,,0.768,0.3029519191792318,734.824881,1285.234419,1648.5412952882225,236.562602755942,503.2771908213526,0.4855769147078138,0.7970442146329317,523841.7099944917
GHSL_68,0,0,46,271,4,0,0,0,0,0,2,3465600.0,-26.797491333490044,19.6549835220658,0.52,1603.03709197044,4101.26563707695,AY,0.247,0.3452554627304468,695.484585,1017.220649,1368.8195146948046,195.48112630121835,220.06328275157412,0.7826056035182228,0.870068399202273,241844.45286464435
GHSL_69,0,0,0,359,301,0,0,0,0,0,0,0.0,-27.950863143440017,16.747766019032735,0.02,3300.40289636701,6043.7223127404,AY,0.899,0.2590896860090061,976.566107,5892.010259,4996.8065213177515,890.6992869302736,699.922951532972,0.940732575711947,1.3467186387118373,745865.281341011
GHSL_70,0,0,0,143,73,0,1,0,0,0,0,0.0,-27.96575107833399,16.760156602572163,0.47,1084.41166114807,1932.38755482999,AY,0.807,0.2590896860090061,225.205655,1655.639849,1340.7468892472434,246.3306164873798,226.89267410623623,0.7985396476961206,0.3470821438243022,241963.57529647002
GHSL_71,0,0,0,284,284,0,0,0,0,0,2,4565600.0,-28.010694678500812,18.739696531594536,0.48,2840.19139456749,4625.86956345075,AY,0.932,0.4254400113169603,915.238387,4445.917842,3872.253046682082,685.0669230810444,628.7875653358186,0.8320609780597586,1.7339650033985687,662561.3938806247
GHSL_72,0,0,327,385,0,0,1,0,0,0,1,6243800.0,-28.36752166580582,17.41486629067133,0.34,3561.90461996198,2757.18461871306,AY,-0.04,0.5087146425982105,925.521701,1613.548243,2007.3747413540052,294.1139051663639,367.4194890205219,0.7354586913362295,2.811209871782426,384503.45116859814
GHSL_73,0,0,1,190,89,0,1,0,0,0,3,10606699.999999998,-28.553253863974728,16.422091058925172,8.06,1399.76544159651,1953.84000670404,,0.791,0.2590896860090061,572.170705,858.061766,1156.4584375735594,162.1863039598175,261.75254002797146,0.5985866763272885,3.6385491271518817,277742.9845394119
GHSL_74,0,0,132,129,0,0,0,0,0,0,0,0.0,-28.7176803317462,17.62255058636947,0.04,1304.08477783203,2839.33309844523,AY,-0.075,0.4254400113169603,256.107247,525.624141,616.4006257293211,93.10854917980478,122.6592549603845,0.7099886405524799,0.2435025561993123,124833.79570520339
GHSL_75,0,0,0,111,555,0,1,0,0,0,1,12000000.0,-17.402216347469455,15.888884842001772,0.22,3359.75732350349,5858.23668899146,,1.224,0.5087146425982105,1782.273338,1734.670522,2941.7772376033868,380.6338162679658,731.9356032453359,0.5420824421597071,4.489440848545909,792659.2048449012
GHSL_76,0,0,3,813,372,1,1,0,0,0,5,43233900.0,-18.055865225527853,13.841261684177228,0.13,5937.29746615887,2432.58387370654,AY,0.786,0.3162365969796938,1674.752758,2914.535537,3686.289993326904,526.0120060875805,1170.2704058589986,0.4390562210745922,8.183415894104042,1292315.4367334489
GHSL_77,0,0,0,184,194,1,0,0,0,0,3,22834800.0,-19.56330750286504,18.101380399695508,1.22,1887.35702455044,1555.12543725031,,0.942,0.5246214490838804,845.05881,1367.1986,1677.4857036413184,251.1194177279644,378.0644112482194,0.5981851123380943,9.633765160622623,402881.71094195184
GHSL_78,0,0,18,633,59,0,1,0,0,0,2,9629400.0,-24.13320245961594,19.10349013226785,0.63,3547.24923110008,3593.20634019113,AY,0.517,0.4882743762182105,702.66082,1576.137903,1822.2143998690217,272.1541457245181,603.0980248611536,0.4451079891326768,1.0275275183887247,642770.5188148582
GHSL_79,0,0,0,1386,3093,0,2,0,0,0,9,81610700.0,-17.506127486737512,24.28485901935656,2.08,22449.2718968391,4727.03954471649,,1.082,0.4992239776157657,10310.911868,11321.438752,17764.277438148896,2369.8759991424176,4754.529761827446,0.5317687328129898,24.08826213326768,4959244.799720719
GHSL_80,0,0,15,930,135,0,0,0,0,0,0,0.0,-17.527085827430867,24.276415904991236,1.77,5400.3580557704,6051.61467191822,,0.587,0.4992239776157657,1759.081642,1957.141923,3081.457199271742,411.5175790724962,857.6189735681489,0.5337806490297028,1.1427435637371697,868102.5995336744
GHSL_81,0,0,5,2032,1036,0,2,0,0,0,17,74184600.0,-17.770682088888943,15.764578339178632,1.22,15370.4043586254,4253.26204679888,,0.806,0.3497179783986183,4502.068799,10609.761887,11389.696875043825,1813.7065887599513,2748.958038187559,0.5792101889363602,28.913896619500452,2908663.5520247384
GHSL_82,0,0,6,2016,912,0,1,0,0,0,8,69452700.0,-17.779285101383778,15.688091580337856,1.01,14668.5699409246,3891.75926284556,,0.784,0.5087146425982105,4864.456228,9158.75775,10844.20608425723,1641.4631104609562,2577.0456100754145,0.5837790824024819,26.500428383387277,2725114.3876199033
GHSL_83,0,0,9,6828,5150,1,5,0,0,0,20,136659000.0,-17.922470628021408,19.77012659321463,1.09,59949.409196496,3721.25997771931,,0.879,0.5087146425982105,14926.040984,84317.556955,71426.25683851051,12716.0435037132,11399.592691531008,0.867318419959325,58.6850844587887,11691419.371425282
GHSL_84,0,0,9,2788,1247,0,1,0,0,0,10,72028800.0,-19.24845669224808,17.70279178050129,1.38,20222.5416315198,5828.6862054093,,0.782,0.2113354249862251,7856.360316,9261.97124,14148.82882201538,1895.5777307369028,3538.678233458082,0.5567865654391861,30.017073335117914,3721705.4633834483
GHSL_85,0,0,0,952,1456,0,0,0,0,0,1,12000000.0,-19.58377952507854,18.096880407775092,0.46,12051.9831559509,6233.9381760626,,1.012,0.5246214490838804,4296.048518,8993.573227,10217.807880559238,1583.992991905077,2397.53581642483,0.5990613614200087,9.081058367888993,2520318.546727269
GHSL_86,0,0,0,628,1166,0,0,0,0,0,3,24922100.000000004,-20.11498846709549,16.169005542054396,1.49,8988.84966960549,5688.59810297079,,1.048,1.5510040282154782e-08,4299.208471,4507.587363,7404.087660402013,966.3459352595952,1806.5916353564728,0.5581317076858797,6.012515759981926,1934664.392544655
GHSL_87,0,0,63,1327,76,1,0,0,0,0,5,14930000.0,-20.380111356304504,14.962546051341532,0.85,7331.64584881067,4296.68997889125,AY,0.444,0.1365393683568763,2827.365879,2749.771675,4670.132651572056,603.5315744271022,1107.3096681211885,0.5425898988250397,6.177367172706202,1247615.1714293726
GHSL_88,0,0,0,1440,5107,1,2,0,0,0,8,70166700.0,-20.46538378453739,16.668710889060304,1.73,32913.8539742604,6392.94278443355,,1.165,0.1946438804433646,6103.708273,72092.38275,53321.330260236355,10356.48302200838,7354.36559213981,1.0075698917461922,115.35853109751405,7479371.082791839
GHSL_89,0,0,4,793,269,0,0,0,0,0,2,7389800.0,-21.43977766419305,15.94260307112678,2.1,5331.2238663435,4276.62519881621,AY,0.732,0.0226274159864451,1993.778385,3486.78554,4324.552235127187,640.4516332471948,980.0587657559556,0.5909069619645245,3.7867633545477615,1069161.0595377663
GHSL_90,0,0,222,3462,147,0,1,0,0,0,5,51189900.0,-21.985011976096537,16.896325545258193,1.19,19150.2016409934,7709.59784869334,,0.401,0.3953720721142534,4285.996167,23764.74316,20346.07567583833,3580.8060329451687,2835.686281504812,0.986434791291956,32.35027876674483,2872967.734983524
GHSL_91,0,0,2,764,429,0,0,0,0,0,4,13584599.999999998,-22.41699103670725,14.975049067833226,1.05,5976.04534733295,5619.07023940317,AY,0.824,0.3729682730017665,1198.034126,2934.324895,3261.972658140861,498.9624392371682,1194.6905306755236,0.4086166140418499,2.0822675348851303,1287814.3041159653
GHSL_92,0,0,1,1842,1973,0,0,0,0,0,5,55379500.0,-22.43417160316923,18.989076201038554,1.59,19092.2865142822,5999.45653579076,,0.945,0.3006858808584474,4850.133945,14254.799766,15082.15227253466,2353.119029572758,3750.103022416286,0.5800364565147551,12.794688805371182,3873735.1504885913
GHSL_93,0,0,0,962,2281,0,0,0,0,0,3,32041700.0,-22.55439008746039,17.021167943550747,1.61,16258.5989661142,5298.50972800732,AY,1.093,0.5087146425982105,5266.954621,20615.026094,18890.786263913687,3266.4549967846256,4003.147943492865,0.6595572345652859,16.06918584633553,4214303.032207472
GHSL_94,0,0,0,401,926,0,0,0,0,0,2,16602000.0,-22.57282865094411,17.044542820910277,3.94,6653.6868391037,5278.37408986575,,1.088,0.0985961444009041,1584.385924,7553.926157,6584.564765228069,1168.615682832116,1410.8517933655232,0.6663588774944104,5.886073668625421,1459672.2243798305
GHSL_95,0,0,0,575,1319,0,0,0,0,0,0,0.0,-22.64483462461075,14.565706484166991,0.53,9493.42697630823,7679.88103016596,AY,1.087,0.2849362481799518,3594.479558,5519.678007,7375.187879633099,1050.3974074751222,2246.315480414258,0.466992367991535,2.4561662594885227,2434061.0597231337
GHSL_96,0,0,848,5832,96,1,3,0,0,0,13,85611800.0,-23.317376612236632,17.084382884405258,2.68,33879.7314134054,3833.22945673155,AY,0.274,0.5087146425982105,8196.071772,44477.734067,38219.837704423866,6754.443132173074,4941.885291486993,1.005454504333635,75.5820836300705,5257727.308259385
GHSL_97,0,0,0,527,1176,0,0,0,0,0,2,7097800.0,-24.636947165576004,17.966388527752294,0.32,8537.1808809936,8966.79209914101,AY,1.082,0.5087146425982105,4823.026944,4976.054056,8241.292086843485,1073.0777232026014,2026.537475436277,0.5511502224288312,5.157071184738627,2189254.9291489655
GHSL_98,0,0,2,1567,1409,0,1,0,0,0,5,34787700.0,-26.584953171852003,18.15086094768284,1.39,14893.2238305509,5145.52199469076,AY,0.912,0.3266879244783927,2734.284951,36041.493151,26433.286251931982,5158.29814373536,3344.3137147630187,1.07644211195782,22.652484134495793,3445928.906841181
GHSL_99,0,0,0,2606,7758,0,2,0,0,0,12,95892000.0,-22.652891258172115,14.540689757589504,1.29,52032.2774417475,8250.23195360978,AY,1.134,0.5087146425982105,22859.213012,30840.585551,43695.73518003031,6070.991318144697,12701.997901706274,0.4813462535968871,35.1220031719246,13792357.483419055
GHSL_100,0,0,118,11630,2423,0,3,0,0,0,8,87852600.0,-22.939568134324674,14.531729864349929,1.08,70856.598323524,13139.8577308177,,0.647,0.5087146425982105,11475.103777,59758.45635,51404.661651478265,9140.250298469282,11666.975091209908,0.6455369125306469,61.40753862885434,11883486.088645961
SCHOOL_1,0,0,0,0,0,0,0,0,0,0,1,969100.0,-28.4442,18.7367,0.0,0.0,0.0,,0.0,0.0,4.023655,5.843516,6.03980411726478,0.7937311280926902,0.7929808183451844,0.6392141801378948,0.2280706782616194,969.100018558265
SCHOOL_2,0,0,0,0,0,0,0,0,0,0,1,1026400.0,-28.129444,18.594444,0.0,0.0,0.0,,0.0,0.0,2.776237,22.229814,13.301957542354884,2.310054932346718,0.9817794642463418,1.3221613676977888,0.3858980520852949,1026.40001965556
SCHOOL_3,0,0,0,0,0,0,0,0,0,0,1,8862500.0,-28.01919999999999,18.7531,0.0,0.0,0.0,,0.0,0.0,31.078062,86.573926,69.74966955211514,10.14129079538488,7.871545724353411,0.8066053184093238,2.385129204729668,8862.500169716875
SCHOOL_4,0,0,0,0,0,0,0,0,0,0,1,2640200.0,-28.743599999999997,17.6189,0.0,0.0,0.0,,0.0,0.0,18.639165,16.410288,22.064429503857323,2.7419927103990354,1.9911233344785129,0.8168171263499434,1.0410281990527033,2640.20005055983
SCHOOL_5,0,0,0,0,0,0,0,0,0,0,2,14725400.0,-27.954199999999993,16.7611,0.0,0.0,0.0,,0.0,0.0,25.642491,263.456959,151.04078620104738,26.965492474565455,14.811901662608234,1.07219510993667,4.250872409481108,14725.40028199141
SCHOOL_6,0,0,0,0,0,0,0,0,0,0,1,1893200.0,-27.73446,18.376560000000005,0.0,0.0,0.0,,0.0,0.0,3.768878,33.948222,19.811529998798203,3.5011222826982404,1.8829090334878056,1.0893187686658117,0.5648496500863839,1893.20003625478
SCHOOL_7,0,0,0,0,0,0,0,0,0,0,1,1197500.0,-26.697199999999995,17.3189,0.0,0.0,0.0,,0.0,0.0,2.420102,17.254053,10.544142144019034,1.8080032032793787,1.148659252406359,0.9223049042619048,0.3098714908245398,1197.5000229321247
SCHOOL_8,0,0,0,0,0,0,0,0,0,0,1,853000.0,-26.587199999999992,18.1644,0.0,0.0,0.0,,0.0,0.0,1.841939,15.334214,9.08666178726565,1.5893079583682337,0.8421049739969985,1.1049387678291065,0.2613325047368913,853.0000163349501
SCHOOL_9,0,0,0,0,0,0,0,0,0,0,2,9743300.0,-26.58189999999999,18.1403,0.0,0.0,0.0,,0.0,0.0,29.705434,211.043163,129.03088269451663,22.118708162372613,8.435275677467676,1.3387271372649987,3.800590674735378,9743.300186584192
SCHOOL_10,0,0,0,0,0,0,0,0,0,0,2,7774299.999999999,-28.006315002974368,18.7501500037087,0.0,0.0,0.0,,0.0,0.0,27.264811,75.941724,61.18486775259035,8.896108915248902,6.904505213446791,0.8066006103419517,2.091776183628993,7774.300148877844
SCHOOL_11,0,0,0,0,0,0,0,0,0,0,1,840000.0,-26.136500000000005,18.64128,0.0,0.0,0.0,,0.0,0.0,1.512217,12.430666,7.387548568245473,1.2894436657746082,0.8545719125250775,0.9288469694743527,0.2130014289569512,840.0000160860001
SCHOOL_12,0,0,0,0,0,0,0,0,0,0,1,1647200.0,-26.05544999999999,18.51667,0.0,0.0,0.0,,0.0,0.0,7.035916,9.383267,10.165018499649564,1.307090028150386,1.3263232608873732,0.6307560159919132,0.3895338375930827,1647.2000315438802
SCHOOL_13,0,0,0,0,0,0,0,0,0,0,1,907200.0,-25.93359999999999,19.1214,0.0,0.0,0.0,,0.0,0.0,3.605279,19.64852,12.71845278577425,2.120429920535031,0.7684227223673639,1.403432010204456,0.4011334674211887,907.20001737288
SCHOOL_14,0,0,0,0,0,0,0,0,0,0,1,2515400.0,-24.862221999999996,18.811667,0.0,0.0,0.0,,0.0,0.0,4.3471,36.243808,21.499031737689496,3.756115532192664,2.564732797928863,0.905438574032426,0.6184631349290112,2515.40004816991
SCHOOL_15,0,0,0,0,0,0,0,0,0,0,1,3094100.0,-24.86111099999999,18.794722,0.0,0.0,0.0,,0.0,0.0,12.582594,17.370142,18.66410643595733,2.3924928180002065,2.5316407750797194,0.618761916898567,0.7225980073711479,3094.100059252015
SCHOOL_16,0,0,0,0,0,0,0,0,0,0,2,5981400.0,-26.5156,17.1586,0.0,0.0,0.0,,0.0,0.0,14.189404,86.182277,54.43133110594841,9.149768828278818,5.493461348942697,0.9440018799292956,1.63710452534385,5981.400114543811
SCHOOL_17,0,0,0,0,0,0,0,0,0,0,1,840000.0,-26.511899999999997,17.1472,0.0,0.0,0.0,,0.0,0.0,1.963226,12.10309,7.617980703199836,1.2832789192793952,0.7939513968733205,0.9435784307762284,0.2288564150761239,840.0000160860001
SCHOOL_18,0,0,0,0,0,0,0,0,0,0,1,1771700.0,-26.4986,17.1558,0.0,0.0,0.0,,0.0,0.0,4.929454,11.513491,9.67208222071479,1.4026686931131036,1.5764222685764142,0.5805350884992292,0.3670507153216162,1771.700033928055
SCHOOL_19,0,0,0,0,0,0,0,0,0,0,1,708200.0,-26.459722000000003,17.818333,0.0,0.0,0.0,,0.0,0.0,1.696872,10.204036,6.466449275219502,1.0842503955690643,0.693576205034711,0.9516291121345082,0.195142572789327,708.2000135620299
SCHOOL_20,0,0,0,0,0,0,0,0,0,0,1,747100.0,-26.14109999999999,18.275,0.0,0.0,0.0,,0.0,0.0,3.503853,4.223631,4.8463178348387155,0.607422054308554,0.5860361548660868,0.655693644233483,0.1891116287578761,747.100014306965
SCHOOL_21,0,0,0,0,0,0,0,0,0,0,1,840000.0,-26.001900000000003,17.7686,0.0,0.0,0.0,,0.0,0.0,2.800298,5.513818,4.918245821537079,0.7029089799914476,0.7435807217255989,0.6144565005953502,0.2002631976697687,840.0000160860001
SCHOOL_22,0,0,0,0,0,0,0,0,0,0,3,3581800.0,-25.998930000704068,17.77308499782669,0.0,0.0,0.0,,0.0,0.0,14.215939,23.371482,23.01046304870901,3.0789403762495655,2.958815696054893,0.6586728670071917,0.8711002694123814,3581.8000685914703
SCHOOL_23,0,0,0,0,0,0,0,0,0,0,1,1994400.0,-28.1322,19.8408,0.0,0.0,0.0,,0.0,0.0,6.201198,43.194853,26.538241487500464,4.5343450140408805,1.7917384043082911,1.3468131750747403,0.7835315607917216,1994.40003819276
SCHOOL_24,0,0,0,0,0,0,0,0,0,0,1,3681100.0,-26.79639999999999,19.6464,0.0,0.0,0.0,,0.0,0.0,17.203862,19.567254,23.1227947078732,2.9241425200342666,2.898017612979644,0.6352431230078402,1.0167471345009482,3681.100070493065
SCHOOL_25,0,0,0,0,0,0,0,0,0,0,1,1899500.0,-23.70844,19.91287,0.0,0.0,0.0,,0.0,0.0,6.818184,12.748122,11.73523411927926,1.620642505514886,1.619867743084994,0.6414099521790659,0.4244887442169273,1899.5000363754252
SCHOOL_26,0,0,0,0,0,0,0,0,0,0,2,2540000.0,-23.704167,19.352778,0.0,0.0,0.0,,0.0,0.0,7.00539,16.68094,14.032625096352898,2.0120925078938705,2.2716093802203927,0.5876819054421154,0.4883726195321969,2540.000048641
SCHOOL_27,0,0,0,0,0,0,0,0,0,0,1,840000.0,-23.666388999999995,19.899167,0.0,0.0,0.0,,0.0,0.0,1.780505,5.602894,4.350810761876842,0.6434467956829113,0.8043097733844089,0.5635423344226171,0.1448861973285054,840.0000160860001
SCHOOL_28,0,0,0,0,0,0,0,0,0,0,1,5911200.0,-23.66333,19.419169,0.0,0.0,0.0,,0.0,0.0,15.861622,40.965673,33.433054987076375,4.8658821017549,5.384924819783127,0.6022489108524407,1.1654382667782206,5911.200113199479
SCHOOL_29,0,0,0,0,0,0,0,0,0,0,1,11211700.0,-23.661111,19.408611,0.0,0.0,0.0,,0.0,0.0,30.159332,77.658179,63.4151792770895,9.229117729552083,10.213360066394234,0.6022540727075252,2.212797119483113,11211.700214704055
SCHOOL_30,0,0,0,0,0,0,0,0,0,0,1,5156300.0,-23.507778,19.893889,0.0,0.0,0.0,,0.0,0.0,21.32073,28.242384,31.120429290373185,3.9422935706213713,4.306566448132815,0.6198260626069063,1.1982936051909725,5156.300098743145
SCHOOL_31,0,0,0,0,0,0,0,0,0,0,1,5380600.0,-23.146389,19.556389,0.0,0.0,0.0,,0.0,0.0,27.93027,29.42572,36.45954351598215,4.436540344531736,4.131333568379377,0.6779367587144346,1.4616500802421806,5380.60010303849
SCHOOL_32,0,0,0,0,0,0,0,0,0,0,1,840000.0,-22.539167000000003,19.810556,0.0,0.0,0.0,,0.0,0.0,7.179202,4.213063,7.353540777790534,0.884967578587704,0.6420963004362117,0.8473224847141264,0.379928038038787,840.0000160860001
SCHOOL_33,0,0,0,0,0,0,0,0,0,0,1,3506900.0,-23.50249999999999,18.789444,0.0,0.0,0.0,,0.0,0.0,15.02847,19.076877,21.296567977890977,2.6976691762641076,2.758463515776438,0.618914981747467,0.8300232468794848,3506.9000671571353
SCHOOL_34,0,0,0,0,0,0,0,0,0,0,1,2836600.0,-22.762220000000003,19.202778,0.0,0.0,0.0,,0.0,0.0,4.911546,49.995002,28.6885468038905,5.119681980951651,2.9775158921099685,1.0620033852026924,0.8067124303398985,2836.6000543208906
SCHOOL_35,0,0,0,0,0,0,0,0,0,0,1,1532500.0,-22.558888999999997,18.963332999999995,0.0,0.0,0.0,,0.0,0.0,7.922414,11.285499,11.489178100848845,1.6215754327469067,1.2945196049709649,0.7556709009921057,0.5741113927810426,1532.500029347375
SCHOOL_36,0,0,0,0,0,0,0,0,0,0,1,2211100.0,-22.545833,18.948333,0.0,0.0,0.0,,0.0,0.0,4.494732,38.655727,22.76834105799691,3.997851842151477,2.239763335935563,1.0736531048575666,0.6530326817318435,2211.1000423425644
SCHOOL_37,0,0,0,0,0,0,0,0,0,0,1,1237800.0,-22.454999999999995,18.993611,0.0,0.0,0.0,,0.0,0.0,4.99113,7.050435,7.487861699735825,0.9866445815628188,1.0454719653000182,0.6226227291216241,0.3154628799359575,1237.80002370387
SCHOOL_38,0,0,0,0,0,0,0,0,0,0,1,2501200.0,-22.453332999999994,18.963889,0.0,0.0,0.0,,0.0,0.0,10.089714,14.242111,15.130729543191972,1.9936829869089587,2.111657713363939,0.6225924197416529,0.6375784806728195,2501.20004789798
SCHOOL_39,0,0,0,0,0,0,0,0,0,0,1,3259700.0,-22.44476,18.978530000000003,0.0,0.0,0.0,,0.0,0.0,11.21964,19.120933,18.446539158395773,2.4870134796421413,2.7687555498923753,0.5914070404580893,0.6778403707466606,3259.7000624232546
SCHOOL_40,0,0,0,0,0,0,0,0,0,0,1,1620600.0,-26.66027800000001,16.267778,0.0,0.0,0.0,,0.0,0.0,2.739982,23.918507,14.11052664955188,2.471514015329942,1.6087637749932635,0.9189251504690084,0.4046749160266315,1620.6000310344898
SCHOOL_41,0,0,0,0,0,0,0,0,0,0,1,1654300.0,-24.214167,16.513889,0.0,0.0,0.0,,0.0,0.0,6.565117,9.130091,9.65130612428252,1.3026513269750128,1.357214493333761,0.6007688007920008,0.4412703512187297,1654.3000316798452
SCHOOL_42,0,0,0,0,0,0,0,0,0,0,1,3668000.0,-23.968333,16.557778,0.0,0.0,0.0,,0.0,0.0,18.211764,19.057854,23.08233741881746,3.120124911758214,2.9835017404477204,0.6388386884048629,1.199629975265352,3668.0000702422
SCHOOL_43,0,0,0,0,0,0,0,0,0,0,1,840000.0,-23.794722000000004,16.633889,0.0,0.0,0.0,,0.0,0.0,3.813925,18.325216,11.785570797767594,2.0663129276297605,0.7408115516952865,1.407431046212617,0.4727865022003159,840.0000160860001
SCHOOL_44,0,0,0,0,0,0,0,0,0,0,1,1982800.0,-23.79126,16.62934,0.0,0.0,0.0,,0.0,0.0,9.002992,43.257501,27.81976836354036,4.8775178315403815,1.7489828404811854,1.407446037186712,1.1162055559190596,1982.8000379706202
SCHOOL_45,0,0,0,0,0,0,0,0,0,0,2,5131000.0,-25.888150001346784,18.123049996898068,0.0,0.0,0.0,,0.0,0.0,16.421949,32.930134,29.59073625297042,4.132911092175086,4.44753854892116,0.6050986848960678,1.089992586594926,5131.00009825865
SCHOOL_46,0,0,0,0,0,0,0,0,0,0,1,1227800.0,-25.762499999999992,17.709722,0.0,0.0,0.0,,0.0,0.0,3.719558,6.953335,6.463073681130651,0.8839923645331912,1.05416063529893,0.5569486699528373,0.2341190656246959,1227.8000235123698
SCHOOL_47,0,0,0,0,0,0,0,0,0,0,1,1467600.0,-25.66719999999999,17.40888,0.0,0.0,0.0,,0.0,0.0,3.153956,46.738411,25.47737996479774,4.704993195371507,1.396894785333335,1.7621994623513637,0.6913776965540701,1467.60002810454
SCHOOL_48,0,0,0,0,0,0,0,0,0,0,1,1781800.0,-25.353369999999995,18.30784,0.0,0.0,0.0,,0.0,0.0,8.095427,9.11198,10.799131163413907,1.340803884278061,1.3872921041881725,0.615703861377581,0.4246625437762787,1781.8000341214702
SCHOOL_49,0,0,0,0,0,0,0,0,0,0,1,2589700.0,-25.127960000000005,17.76443,0.0,0.0,0.0,,0.0,0.0,16.851449,24.136518,23.795801766840928,3.609620865711496,2.1253970425874664,0.9138413582949731,1.2660309135386354,2589.700049592755
SCHOOL_50,0,0,0,0,0,0,0,0,0,0,1,7072900.0,-25.126919999999995,17.78061,0.0,0.0,0.0,,0.0,0.0,46.028978,65.914816,64.99022279086655,9.858216527218294,5.804531558996464,0.9138354258179872,3.4576483958273743,7072.900135446035
SCHOOL_51,0,0,0,0,0,0,0,0,0,0,2,1676600.0,-25.11472200176601,17.76624999856216,0.0,0.0,0.0,,0.0,0.0,10.910438,15.625412,15.405600983570514,2.3368684126934007,1.3759925829804212,0.9138379504690368,0.8195979721050733,1676.6000321068898
SCHOOL_52,0,0,0,0,0,0,0,0,0,0,1,1054800.0,-25.009722,18.155278,0.0,0.0,0.0,,0.0,0.0,6.637276,5.290388,7.625268889992413,0.8881407152746427,0.8059121309966337,0.7146346609675835,0.3164787586702821,1054.80002019942
SCHOOL_53,0,0,0,0,0,0,0,0,0,0,1,826100.0,-24.959166999999987,17.251389,0.0,0.0,0.0,,0.0,0.0,2.719483,5.260823,4.85590394767078,0.6634597556394972,0.7152474594828786,0.6140786908251303,0.17587379389178,826.100015819815
SCHOOL_54,0,0,0,0,0,0,0,0,0,0,1,5430800.0,-24.844509999999996,16.98376,0.0,0.0,0.0,,0.0,0.0,16.839655,32.030631,29.57764445728945,4.055459402025781,4.569487414541921,0.5724928415407375,1.06965023944941,5430.800103999821
SCHOOL_55,0,0,0,0,0,0,0,0,0,0,2,13184400.0,-24.62833300000001,17.968889,0.0,0.0,0.0,,0.0,0.0,62.76088,76.139567,86.30035537757361,10.927236039816853,10.356456799796003,0.6619058813019211,3.3566039823765186,13184.400252481257
SCHOOL_56,0,0,0,0,0,0,0,0,0,0,1,840000.0,-24.436110999999997,18.499444,0.0,0.0,0.0,,0.0,0.0,2.369597,5.019142,4.4238920894563245,0.6202330380105843,0.738421008095298,0.5607382358000541,0.1569968360800496,840.0000160860001
SCHOOL_57,0,0,0,0,0,0,0,0,0,0,1,840000.0,-24.38138899999999,18.476667,0.0,0.0,0.0,,0.0,0.0,3.755129,4.686588,5.330106218160212,0.6664839391925059,0.6685087540014404,0.6437033166030697,0.2072108798307155,840.0000160860001
SCHOOL_58,0,0,0,0,0,0,0,0,0,0,2,5043000.0,-24.346479999999993,18.40269,0.0,0.0,0.0,,0.0,0.0,23.125027,28.913853,32.670690323387696,4.116831735010905,3.91324424586493,0.6537757604313664,1.3237087262550202,5043.000096573451
SCHOOL_59,0,0,0,0,0,0,0,0,0,0,1,1222700.0,-24.342777999999996,18.398333,0.0,0.0,0.0,,0.0,0.0,4.263778,7.99908,7.538047210912214,1.016776746236535,1.067194644386605,0.6395592797467209,0.2824633654359619,1222.700023414705
SCHOOL_60,0,0,0,0,0,0,0,0,0,0,1,840000.0,-24.145278000000005,19.052778000000004,0.0,0.0,0.0,,0.0,0.0,3.650246,5.284078,5.486916259195863,0.7184189327341225,0.6663202151333659,0.664223170010189,0.2079040339841197,840.0000160860001
SCHOOL_61,0,0,0,0,0,0,0,0,0,0,2,4996400.0,-24.138219000204316,19.112126999265932,0.0,0.0,0.0,,0.0,0.0,10.86188,28.933132,23.986915554884543,3.4177995538490595,4.853710602992012,0.5267818544205687,0.8234242792361964,4996.4000956810605
SCHOOL_62,0,0,0,0,0,0,0,0,0,0,1,4678600.0,-24.624879999999997,17.97153,0.0,0.0,0.0,,0.0,0.0,22.27086,27.019496,30.624425564998557,3.877630890498685,3.675318547178534,0.6619103663174387,1.1911014678674487,4678.600089595189
SCHOOL_63,0,0,0,0,0,0,0,0,0,0,1,1501000.0,-24.074444,17.5834167,0.0,0.0,0.0,,0.0,0.0,4.218914,9.251559,8.085038416463634,1.1348424325926023,1.2962497379075375,0.5706598842684459,0.2859449564244518,1501.0000287441499
SCHOOL_64,0,0,0,0,0,0,0,0,0,0,1,1501000.0,-24.066943999999996,17.583611,0.0,0.0,0.0,,0.0,0.0,4.218944,9.251553,8.085044170783759,1.1348423824744396,1.2962180935295786,0.5706584819155929,0.2859441561442166,1501.0000287441499
SCHOOL_65,0,0,0,0,0,0,0,0,0,0,1,840000.0,-24.054444000000004,17.403889000000003,0.0,0.0,0.0,,0.0,0.0,2.119323,5.074044,4.286557278072213,0.6113852244820154,0.7495430972942494,0.5480614242466653,0.1491151224990484,840.0000160860001
SCHOOL_66,0,0,0,0,0,0,0,0,0,0,1,1415600.0,-24.051943999999995,17.128611,0.0,0.0,0.0,,0.0,0.0,5.196166,7.633728,7.942443984774246,1.0334910821824692,1.1345681656517077,0.5802721167423815,0.2998543173541939,1415.6000271087398
SCHOOL_67,0,0,0,0,0,0,0,0,0,0,1,652600.0,-24.04805599999999,17.1225,0.0,0.0,0.0,,0.0,0.0,1.006453,9.487792,5.5336737520165835,0.9757704869093736,0.6858250925982093,0.9029641292558548,0.157370080705489,652.60001249729
SCHOOL_68,0,0,0,0,0,0,0,0,0,0,1,1449400.0,-24.045000000000005,17.128889,0.0,0.0,0.0,,0.0,0.0,2.235787,21.07374,12.290308031287289,2.167165120697492,1.5235687235583084,0.902990700844444,0.3496729638569992,1449.40002775601
SCHOOL_69,0,0,0,0,0,0,0,0,0,0,2,3698600.0,-23.926111,17.513889,0.0,0.0,0.0,,0.0,0.0,6.031877,65.596827,37.44143559266528,6.693937308535069,3.80408167987625,1.0615857307023702,1.0453858477399962,3698.60007082819
SCHOOL_70,0,0,0,0,0,0,0,0,0,0,2,6695799.999999999,-23.92216999999999,18.05311,0.0,0.0,0.0,,0.0,0.0,28.280353,37.989156,41.34976865639609,5.420620643893997,5.474750899798758,0.6312948138851057,1.760394542850862,6695.8001282245705
SCHOOL_71,0,0,0,0,0,0,0,0,0,0,1,977300.0,-23.916111,18.054444,0.0,0.0,0.0,,0.0,0.0,4.127801,5.544883,6.0353564345628525,0.7912677464858019,0.7995418246559415,0.631337890915972,0.2570527393208119,977.3000187152949
SCHOOL_72,0,0,0,0,0,0,0,0,0,0,1,604900.0,-23.849167000000005,16.887778,0.0,0.0,0.0,,0.0,0.0,1.274172,3.443185,2.814761281060534,0.4055964182220692,0.5628156272755821,0.5103058130962156,0.0964582235284907,604.900011583835
SCHOOL_73,0,0,0,0,0,0,0,0,0,0,1,840000.0,-23.784999999999997,17.059722,0.0,0.0,0.0,,0.0,0.0,2.585708,4.770301,4.48529981392829,0.6083825754230454,0.702982150803033,0.5615224929006132,0.1632472611035111,840.0000160860001
SCHOOL_74,0,0,0,0,0,0,0,0,0,0,1,840000.0,-23.73305599999999,17.201111,0.0,0.0,0.0,,0.0,0.0,2.373875,5.728204,4.789840286596948,0.6964395639658892,0.7401696022315357,0.6022826603941264,0.1841099404259524,840.0000160860001
SCHOOL_75,0,0,0,0,0,0,0,0,0,0,1,840000.0,-23.72826999999999,16.99117,0.0,0.0,0.0,,0.0,0.0,2.325292,4.611547,4.194083911109703,0.5823075470148171,0.7301872799016005,0.533270384833529,0.1565978587044799,840.0000160860001
SCHOOL_76,0,0,0,0,0,0,0,0,0,0,1,681000.0,-23.726699999999997,17.4312,0.0,0.0,0.0,,0.0,0.0,2.557878,3.467711,3.757704360242445,0.4806566227762424,0.5448322933168676,0.5704297740277141,0.1436548540138977,681.0000130411499
SCHOOL_77,0,0,0,0,0,0,0,0,0,0,1,840000.0,-23.524999999999995,17.05,0.0,0.0,0.0,,0.0,0.0,3.278007,4.213097,4.671682077175296,0.5936134297183281,0.6681744332341676,0.573499190307587,0.1798976628864138,840.0000160860001
SCHOOL_78,0,0,0,0,0,0,0,0,0,0,1,607300.0,-23.480021,17.953894,0.0,0.0,0.0,,0.0,0.0,1.90302,13.153422,8.092651765885684,1.3830374957107592,0.5248389841383402,1.3455547773246308,0.2409704196752485,607.300011629795
SCHOOL_79,0,0,0,0,0,0,0,0,0,0,1,615200.0,-23.221389999999992,17.18417,0.0,0.0,0.0,,0.0,0.0,2.077679,3.946204,3.6292103337845263,0.4998041533359141,0.5202661710361912,0.6149007890743089,0.1312741192079804,615.20001178108
SCHOOL_80,0,0,0,0,0,0,0,0,0,0,1,840000.0,-23.208037000000008,16.769006,0.0,0.0,0.0,,0.0,0.0,2.567303,4.802949,4.481630976572556,0.6104416892768841,0.7269023023327447,0.5637746998688382,0.1629626518688697,840.0000160860001
SCHOOL_81,0,0,0,0,0,0,0,0,0,0,1,840000.0,-23.203180000000003,17.60132,0.0,0.0,0.0,,0.0,0.0,3.134051,4.476648,4.773407073142347,0.6109883826765853,0.6872534468198781,0.5870917624739863,0.1817105280868968,840.0000160860001
SCHOOL_82,0,0,0,0,0,0,0,0,0,0,1,840000.0,-23.194971,16.92276,0.0,0.0,0.0,,0.0,0.0,1.92185,26.751565,14.704642373172,2.699580592015749,0.7828736878649027,1.7728013017907105,0.4016479629335183,840.0000160860001
SCHOOL_83,0,0,0,0,0,0,0,0,0,0,1,840000.0,-23.150338000000012,17.195881,0.0,0.0,0.0,,0.0,0.0,2.730798,4.613984,4.563293779624499,0.6015868450309656,0.704078082288673,0.5681105944513682,0.1694469693784468,840.0000160860001
SCHOOL_84,0,0,0,0,0,0,0,0,0,0,1,840000.0,-22.952667999999992,17.514779,0.0,0.0,0.0,,0.0,0.0,3.764677,4.813525,5.351060322157949,0.6793181572996657,0.6760864177754966,0.6478666009180757,0.2068091394043434,840.0000160860001
SCHOOL_85,0,0,0,0,0,0,0,0,0,0,1,4137000.0,-22.949043000000003,17.663104,0.0,0.0,0.0,,0.0,0.0,13.147796,22.041922,21.728131034120256,2.87908034939465,3.567741431471295,0.5539820217912349,0.8029440860436153,4137.00007922355
SCHOOL_86,0,0,0,0,0,0,0,0,0,0,1,4289500.0,-22.945046000000005,17.201127,0.0,0.0,0.0,,0.0,0.0,8.304236,61.810553,37.36510026160888,6.455892959750764,4.253362590718066,0.91712176999223,1.0893643036326803,4289.500082143926
SCHOOL_87,0,0,0,0,0,0,0,0,0,0,1,5830700.0,-22.940785,17.201152,0.0,0.0,0.0,,0.0,0.0,11.292287,84.012907,50.7894711466734,8.775476612102837,5.777816442369117,0.9170620748016644,1.480412339332282,5830.700111657904
SCHOOL_88,0,0,0,0,0,0,0,0,0,0,1,840000.0,-22.86210400000001,17.182678,0.0,0.0,0.0,,0.0,0.0,3.472742,4.385226,4.93026338923859,0.6213085983040344,0.6819303049738714,0.6023128325420373,0.190860081143964,840.0000160860001
SCHOOL_89,0,0,0,0,0,0,0,0,0,0,1,907300.0,-22.753802000000004,17.13624,0.0,0.0,0.0,,0.0,0.0,2.454523,5.338643,4.7239293720646165,0.6560508250094366,0.8175451806468597,0.55628082939725,0.1695637039827709,907.300017374795
SCHOOL_90,0,0,0,0,0,0,0,0,0,0,1,1300400.0,-22.615364999999994,17.066257,0.0,0.0,0.0,,0.0,0.0,6.996298,6.378413,8.56057852105867,1.013971507886532,0.994940237569132,0.6581078164380504,0.348346714593351,1300.40002490266
SCHOOL_91,0,0,0,0,0,0,0,0,0,0,1,1522300.0,-22.610551,16.783594000000004,0.0,0.0,0.0,,0.0,0.0,10.336132,7.342604,11.471198980287271,1.296910652279062,1.121210743583615,0.7373124189941268,0.4839976326562246,1522.300029152045
SCHOOL_92,0,0,0,0,0,0,0,0,0,0,1,1778400.0,-24.673639999999995,15.80807,0.0,0.0,0.0,,0.0,0.0,2.839198,31.359423,17.8028112028733,3.19759122668413,1.8657362297266329,1.053150586889506,0.4971988044185508,1778.4000340563598
SCHOOL_93,0,0,0,0,0,0,0,0,0,0,1,4615100.0,-21.999440000000003,15.58722,0.0,0.0,0.0,,0.0,0.0,20.450746,29.980926,31.271624467230364,4.113013667293798,3.5638699370048164,0.6827935328938318,1.313155164137855,4615.100088379164
SCHOOL_94,0,0,0,0,0,0,0,0,0,0,1,1519300.0,-21.584439999999997,15.45806,0.0,0.0,0.0,,0.0,0.0,4.894976,8.737557,8.347431063599664,1.123347710426498,1.233966750938379,0.5730736346245071,0.3060360650454514,1519.3000290945945
SCHOOL_95,0,0,0,0,0,0,0,0,0,0,1,840000.0,-21.351389999999995,15.44028,0.0,0.0,0.0,,0.0,0.0,3.963652,4.282514,5.264719716015394,0.6402763563199989,0.6246653307121848,0.6296986925129545,0.2122733378359575,840.0000160860001
SCHOOL_96,0,0,0,0,0,0,0,0,0,0,1,2319500.0,-21.05221999999999,15.50639,0.0,0.0,0.0,,0.0,0.0,6.358328,16.361823,13.36293390299342,1.9445617170587892,2.009894857178097,0.6085242231108434,0.4597135896207209,2319.500044418425
SCHOOL_97,0,0,0,0,0,0,0,0,0,0,1,864100.0,-20.984722,15.655556,0.0,0.0,0.0,,0.0,0.0,1.975603,11.242143,7.163601788168339,1.2005930687614346,0.8037624299409527,0.8673614210013294,0.2165857256161225,864.100016547515
SCHOOL_98,0,0,0,0,0,0,0,0,0,0,1,975500.0,-20.893611,15.558056,0.0,0.0,0.0,,0.0,0.0,4.45387,6.035704,6.535344046809355,0.8633741890167251,0.7564300504656388,0.6754369138689387,0.2858221665946768,975.500018680825
SCHOOL_99,0,0,0,0,0,0,0,0,0,0,1,3462100.0,-20.86472,15.57861,0.0,0.0,0.0,,0.0,0.0,15.807527,21.421223,23.194798411819008,3.064198784849076,2.6846661670570175,0.6754509380282017,1.0144376980349386,3462.100066299215
SCHOOL_100,0,0,0,0,0,0,0,0,0,0,1,840000.0,-23.754722,16.415556000000002,0.0,0.0,0.0,,0.0,0.0,2.075855,5.733416,4.579452179312491,0.6727799303581927,0.7524514401900252,0.5830167907375907,0.1556269146543963,840.0000160860001
SCHOOL_101,0,0,0,0,0,0,0,0,0,0,1,1430200.0,-23.31653499999999,16.449982,0.0,0.0,0.0,,0.0,0.0,3.796845,9.228912,7.819579942876928,1.1087730983834725,1.255963502883095,0.5802278302498375,0.2732405232639616,1430.2000273883302
SCHOOL_102,0,0,0,0,0,0,0,0,0,0,1,4441300.0,-22.358889,16.129267,0.0,0.0,0.0,,0.0,0.0,6.898898,80.029169,45.26857561677687,8.140864443552438,4.771387086347545,1.0731190042756638,1.2583916264332484,4441.300085050896
SCHOOL_103,0,0,0,0,0,0,0,0,0,0,1,3001700.0,-22.354722,16.123333,0.0,0.0,0.0,,0.0,0.0,4.6629,54.088628,30.59546321214543,5.502119164396231,3.2249420152166484,1.0731308841794822,0.8504630038129068,3001.700057482555
SCHOOL_104,0,0,0,0,0,0,0,0,0,0,1,1643400.0,-21.9405,15.85289,0.0,0.0,0.0,,0.0,0.0,7.11798,9.09261,10.228872617922155,1.294129591852318,1.3001598129162313,0.6326031437259678,0.4066359034551552,1643.4000314711102
SCHOOL_105,0,0,0,0,0,0,0,0,0,0,2,7576900.0,-21.9379,15.854220000000002,0.0,0.0,0.0,,0.0,0.0,32.817477,41.921486,47.1599171436614,5.9665776575316105,5.994332748856741,0.6326001297600244,1.8746741332478625,7576.900145097635
SCHOOL_106,0,0,0,0,0,0,0,0,0,0,1,3319400.0,-22.600394000000005,17.096351,0.0,0.0,0.0,,0.0,0.0,17.858488,16.281537,21.85158055321121,2.588248298179156,2.539728221318439,0.6581050788782358,0.889182746195503,3319.40006356651
SCHOOL_107,0,0,0,0,0,0,0,0,0,0,1,3683900.0,-22.585443000000005,17.094728,0.0,0.0,0.0,,0.0,0.0,13.012312,20.09941,20.473821100744377,2.683275662901928,3.085655590698434,0.5790058180929658,0.7676323545605591,3683.900070546685
SCHOOL_108,0,0,0,0,0,0,0,0,0,0,1,12000000.0,-22.569651000000004,17.105001,0.0,0.0,0.0,,0.0,0.0,35.744162,64.734168,62.262549681803,8.292959564809538,10.398327506504229,0.548913802180935,2.2835242923808186,12000.0002298
SCHOOL_109,0,0,0,0,0,0,0,0,0,0,1,1269100.0,-22.565556,17.110000000000003,0.0,0.0,0.0,,0.0,0.0,3.780365,6.84606,6.584848450753734,0.8770481382758112,1.0986148670891156,0.5488444815713945,0.2415210394650827,1269.100024303265
SCHOOL_110,0,0,0,0,0,0,0,0,0,0,1,3205000.0,-22.563326000000004,17.088738,0.0,0.0,0.0,,0.0,0.0,11.322207,17.486152,17.813173932417182,2.334498553465776,2.677009923661856,0.5788313010662659,0.6679598314101896,3205.00006137575
SCHOOL_111,0,0,0,0,0,0,0,0,0,0,1,6208800.0,-22.54829,17.064348,0.0,0.0,0.0,,0.0,0.0,23.783611,32.826273,35.84034693307757,4.5412857799949915,5.066643108422371,0.5938904071459056,1.4090720037503648,6208.800118898518
SCHOOL_112,0,0,0,0,0,0,0,0,0,0,1,10063100.0,-22.526893,17.022253,0.0,0.0,0.0,,0.0,0.0,15.756986,181.273047,102.5663663917805,18.447558545097618,10.69937811839454,1.072182357504745,2.850989830877097,10063.100192708363
SCHOOL_113,0,0,0,0,0,0,0,0,0,0,1,1003200.0,-26.6531,15.155300000000002,0.0,0.0,0.0,,0.0,0.0,3.219885,5.541869,5.2287116205452495,0.739197390639127,0.8551246586910973,0.5499636277252482,0.2336170109931736,1003.2000192112798
SCHOOL_114,0,0,0,0,0,0,0,0,0,0,2,2631300.0,-26.633500001736166,15.1751000042634,0.0,0.0,0.0,,0.0,0.0,6.291025,17.765063,14.05138248110739,2.076479901676474,2.278262023109992,0.5702677579286987,0.4846118168270491,2631.3000503893954
SCHOOL_115,0,0,0,0,0,0,0,0,0,0,1,1189600.0,-21.845829999999996,15.206390000000004,0.0,0.0,0.0,,0.0,0.0,2.624414,7.7521,6.077836734496334,0.899334454334064,1.0993193681815625,0.5540694159752637,0.2043903864565993,1189.6000227808397
SCHOOL_116,0,0,0,0,0,0,0,0,0,0,1,1581000.0,-20.970833,15.276389,0.0,0.0,0.0,,0.0,0.0,3.169445,50.349727,27.265181083448983,5.055629458156062,1.494048974104532,1.7518372365418495,0.7359563090432267,1581.0000302761503
SCHOOL_117,0,0,0,0,0,0,0,0,0,0,1,840000.0,-23.274439999999995,14.764170000000002,0.0,0.0,0.0,,0.0,0.0,1.362704,14.746547,8.37850526718726,1.5049635243058288,0.8571479195170337,1.04707995428654,0.2358936026704396,840.0000160860001
SCHOOL_118,0,0,0,0,0,0,0,0,0,0,1,2181700.0,-20.950334,14.834987,0.0,0.0,0.0,,0.0,0.0,6.569121,13.070836,11.935731968322164,1.6373929274873558,1.736968310784045,0.5707460478888408,0.4382971018571225,2181.700041779555
SCHOOL_119,0,0,0,0,0,0,0,0,0,0,1,2689800.0,-21.365278,15.37444,0.0,0.0,0.0,,0.0,0.0,9.911549,14.642936,14.87117862379115,2.05102871281669,2.2140410543360263,0.5744526066290262,0.6818593566071837,2689.8000515096705
SCHOOL_120,0,0,0,0,0,0,0,0,0,0,1,2298200.0,-21.35805599999999,15.379444,0.0,0.0,0.0,,0.0,0.0,8.469334,12.510612,12.70638716346881,1.7524210800614943,1.8916442855508473,0.5744583546099884,0.5826254592036165,2298.2000440105307
SCHOOL_121,0,0,0,0,0,0,0,0,0,0,1,2391100.0,-20.676390000000005,15.375280000000002,0.0,0.0,0.0,,0.0,0.0,6.255131,14.057613,12.414565146485366,1.715793679368936,2.067386023959769,0.551787696083443,0.4399577079808662,2391.100045789565
SCHOOL_122,0,0,0,0,0,0,0,0,0,0,1,791200.0,-18.323331999999997,15.39548,0.0,0.0,0.0,,0.0,0.0,2.421945,3.936577,3.923461321954481,0.5183654272245253,0.619015391591953,0.5201208950116081,0.145926616022866,791.20001515148
SCHOOL_123,0,0,0,0,0,0,0,0,0,0,1,2477400.0,-18.061157,15.373984999999998,0.0,0.0,0.0,,0.0,0.0,9.583507,14.981543,15.304716864009324,1.9928355407348703,1.9509678081057384,0.6309423063983061,0.5799412844191734,2477.40004744221
SCHOOL_124,0,0,0,0,0,0,0,0,0,0,1,1659800.0,-18.060975999999997,15.323975,0.0,0.0,0.0,,0.0,0.0,5.914137,8.759344,9.027214712184175,1.1831501954815855,1.261900505972554,0.561566834035758,0.3400221298790938,1659.8000317851702
SCHOOL_125,0,0,0,0,0,0,0,0,0,0,2,2109899.9999999995,-18.007866999999997,15.329132,0.0,0.0,0.0,,0.0,0.0,7.604621,9.940417,10.96157523213452,1.3932472978096115,1.5752814474087764,0.536071047615313,0.4215238744358274,2109.900040404584
SCHOOL_126,0,0,0,0,0,0,0,0,0,0,1,2380100.0,-17.954634000000002,15.316326,0.0,0.0,0.0,,0.0,0.0,8.859163,11.982484,12.966814542295074,1.6620417526118054,1.7955950381129675,0.5603333171183358,0.4962356253622569,2380.1000455789153
SCHOOL_127,0,0,0,0,0,0,0,0,0,0,2,1632700.0,-17.9142,15.34759,0.0,0.0,0.0,,0.0,0.0,5.942092,7.904635,8.714325402038067,1.1019601572263449,1.2300084901781905,0.5492890754609085,0.335224670441887,1632.700031266205
SCHOOL_128,0,0,0,0,0,0,0,0,0,0,1,8616200.0,-20.37055999999999,14.96667,0.0,0.0,0.0,,0.0,0.0,43.627238,47.43993,57.206745006377595,7.064455758922111,6.346483636109687,0.66425998611152,2.261259393245405,8616.20016500023
SCHOOL_129,0,0,0,0,0,0,0,0,0,0,1,12000000.0,-20.370075,14.958635,0.0,0.0,0.0,,0.0,0.0,60.76059,66.070915,79.67316739209416,9.838847219693838,8.83809707181607,0.6642540270408145,3.149241067896985,12000.0002298
SCHOOL_130,0,0,0,0,0,0,0,0,0,0,1,5919400.0,-20.212306999999992,15.015086999999998,0.0,0.0,0.0,,0.0,0.0,18.696048,33.756052,31.379237034688416,4.427147515183505,4.990204389185449,0.5581791752691969,1.3347976031527768,5919.40011335651
SCHOOL_131,0,0,0,0,0,0,0,0,0,0,2,17898200.0,-19.625587,14.847917,0.0,0.0,0.0,,0.0,0.0,65.565448,107.406039,105.4920977651575,14.11401919796315,13.79295992666813,0.6057747454778244,3.906164520991747,17898.20034275053
SCHOOL_132,0,0,0,0,0,0,0,0,0,0,2,1923900.0,-18.46722,14.82972,0.0,0.0,0.0,,0.0,0.0,3.363901,27.720241,16.42702016956578,2.875048400580903,1.8658581503497444,0.9006446933962932,0.4731155935395258,1923.900036842685
SCHOOL_133,0,0,0,0,0,0,0,0,0,0,1,812900.0,-19.938756999999992,15.676326,0.0,0.0,0.0,,0.0,0.0,2.310826,5.106175,4.473711211019885,0.6256969924063233,0.6871608312495805,0.5796665269576862,0.1587409273831221,812.900015567035
SCHOOL_134,0,0,0,0,0,0,0,0,0,0,1,2725900.0,-19.84917,15.470560000000004,0.0,0.0,0.0,,0.0,0.0,11.458173,15.108084,16.414780300879126,2.1118946027727237,2.1245579827030263,0.6150016118435887,0.6290395042075547,2725.9000522009846
SCHOOL_135,0,0,0,0,0,0,0,0,0,0,2,7051200.0,-18.17225499999999,15.440199000000002,0.0,0.0,0.0,,0.0,0.0,26.592099,35.898691,38.876367351499034,4.982229093614229,5.313162959428948,0.5662412948560935,1.485852171514589,7051.20013503048
SCHOOL_136,0,0,0,0,0,0,0,0,0,0,1,840000.0,-18.136413,15.46713,0.0,0.0,0.0,,0.0,0.0,2.934431,5.423736,5.156746187287184,0.6914889127544896,0.6790347820578642,0.6316485820155857,0.1903197488403485,840.0000160860001
SCHOOL_137,0,0,0,0,0,0,0,0,0,0,1,1522400.0,-18.119939999999996,15.55383,0.0,0.0,0.0,,0.0,0.0,7.401467,8.559473,10.101851334502582,1.2480058337694782,1.1808588765968049,0.6672999818075459,0.3975157697561482,1522.40002915396
SCHOOL_138,0,0,0,0,0,0,0,0,0,0,1,1476700.0,-18.113996,15.413930999999998,0.0,0.0,0.0,,0.0,0.0,3.069503,25.526808,15.268167335425815,2.646131004527256,1.4091122534006728,1.070547732741774,0.4424629077961869,1476.7000282788051
SCHOOL_139,0,0,0,0,0,0,0,0,0,0,1,647200.0,-18.06611,15.65028,0.0,0.0,0.0,,0.0,0.0,1.021017,11.346164,6.426334773039692,1.1566026477439604,0.6742624984925322,1.045003778050142,0.1796091460182163,647.2000123938799
SCHOOL_140,0,0,0,0,0,0,0,0,0,0,1,1839600.0,-18.053481,15.700406,0.0,0.0,0.0,,0.0,0.0,7.467516,11.156108,11.611236063001346,1.503218721456703,1.4643202490591758,0.6435446447720597,0.4394864156927726,1839.6000352283402
SCHOOL_141,0,0,0,0,0,0,0,0,0,0,1,840000.0,-18.032779999999995,15.65806,0.0,0.0,0.0,,0.0,0.0,4.271655,4.658873,5.67331717174568,0.6956362877969533,0.6390592343625873,0.6755689067502249,0.2304363713307017,840.0000160860001
SCHOOL_142,0,0,0,0,0,0,0,0,0,0,1,840000.0,-18.347945000000003,15.028659,0.0,0.0,0.0,,0.0,0.0,2.686699,4.764682,4.54363112013088,0.6133293761076513,0.6572752310832255,0.5628632044426723,0.1673678961331853,840.0000160860001
SCHOOL_143,0,0,0,0,0,0,0,0,0,0,1,1103300.0,-18.27398,14.957293999999996,0.0,0.0,0.0,,0.0,0.0,3.880141,5.662955,5.940551643847645,0.7681183872960926,0.8382543119839854,0.5556742620767636,0.2247615951464942,1103.300021128195
SCHOOL_144,0,0,0,0,0,0,0,0,0,0,1,840000.0,-18.214176000000005,14.875905,0.0,0.0,0.0,,0.0,0.0,1.963696,5.559923,4.382315206785242,0.651875892474085,0.7392196322220447,0.5597665388957406,0.1576098823283964,840.0000160860001
SCHOOL_145,0,0,0,0,0,0,0,0,0,0,1,840000.0,-18.175000000000004,15.00472,0.0,0.0,0.0,,0.0,0.0,2.476119,6.301795,5.107797998034932,0.7536986282229683,0.6782261505912551,0.6333775116802728,0.1854273326354573,840.0000160860001
SCHOOL_146,0,0,0,0,0,0,0,0,0,0,1,1263200.0,-18.111282,14.809777,0.0,0.0,0.0,,0.0,0.0,5.159553,6.772502,7.372720128431061,0.956404378286437,0.9445058408737406,0.5944912291964787,0.304650532011479,1263.2000241902801
SCHOOL_147,0,0,0,0,0,0,0,0,0,0,3,19971199.999999996,-18.009105001009036,15.039094999772985,0.0,0.0,0.0,,0.0,0.0,67.147196,123.97585,117.83974837446527,15.808614618705288,16.105290600907715,0.6096932557024026,4.327998150691898,19971.200382448475
SCHOOL_148,0,0,0,0,0,0,0,0,0,0,1,1538900.0,-18.007316999999997,14.996998,0.0,0.0,0.0,,0.0,0.0,5.583565,7.40862,8.125935600198646,1.0336235103211198,1.148947926915003,0.5438481637730821,0.3127994198368862,1538.9000294699351
SCHOOL_149,0,0,0,0,0,0,0,0,0,0,2,2171000.0,-18.346375999999996,15.192975999999998,0.0,0.0,0.0,,0.0,0.0,9.225392,10.676216,12.47536242359669,1.5562695033311191,1.5951975825897828,0.5838184249019631,0.4890178226416335,2171.00004157465
SCHOOL_150,0,0,0,0,0,0,0,0,0,0,1,1075600.0,-18.096836999999994,15.140186,0.0,0.0,0.0,,0.0,0.0,3.768007,7.934412,6.881670941630877,1.002094986606877,0.8538908681829768,0.6584004410715946,0.2796820386898921,1075.60002059774
SCHOOL_151,0,0,0,0,0,0,0,0,0,0,1,2463700.0,-18.062100999999995,15.256555,0.0,0.0,0.0,,0.0,0.0,8.628904,12.543253,13.117151114419784,1.7032961079115605,1.867092430927383,0.5502907575861955,0.4953523020735108,2463.700047179855
SCHOOL_152,0,0,0,0,0,0,0,0,0,0,2,3000300.0,-18.041927,15.283842000000002,0.0,0.0,0.0,,0.0,0.0,12.438284,21.837886,20.41757240090131,2.927338762686753,2.4992637967993994,0.6949205817727067,0.942684941302744,3000.300057455745
SCHOOL_153,0,0,0,0,0,0,0,0,0,0,1,2110700.0,-18.032703999999995,15.135518,0.0,0.0,0.0,,0.0,0.0,5.957176,16.445247,12.925399114351375,1.940003890493012,1.7897902973889552,0.6418627236675591,0.4746111501166637,2110.700040419905
SCHOOL_154,0,0,0,0,0,0,0,0,0,0,2,3145899.9999999995,-18.03111,15.201109999999998,0.0,0.0,0.0,,0.0,0.0,11.173873,22.292437,19.87441703352056,2.843624696767409,2.4288636239859116,0.6478633667161738,0.8050422897969732,3145.9000602439846
SCHOOL_155,0,0,0,0,0,0,0,0,0,0,2,7431100.0,-17.995255000000004,15.252789,0.0,0.0,0.0,,0.0,0.0,12.304658,135.333341,77.27102786412495,13.802557768641242,7.578139273518833,1.0871144631637792,2.168045411949698,7431.100142305564
SCHOOL_156,0,0,0,0,0,0,0,0,0,0,1,840000.0,-18.029938,15.739333,0.0,0.0,0.0,,0.0,0.0,4.064607,4.061051,5.144520456399597,0.6234267572299135,0.6159568687999716,0.6157639630633568,0.2063147726599831,840.0000160860001
SCHOOL_157,0,0,0,0,0,0,0,0,0,0,2,5884200.0,-18.02527999999999,15.79528,0.0,0.0,0.0,,0.0,0.0,27.029044,33.162205,38.09324882761159,4.741952193414742,4.58669814851956,0.6536317365168525,1.4866544409453482,5884.200112682429
SCHOOL_158,0,0,0,0,0,0,0,0,0,0,1,859100.0,-18.019960000000005,15.61068,0.0,0.0,0.0,,0.0,0.0,1.589388,15.646892,9.018022171154437,1.6054305906280422,0.8391053823807058,1.092180353812464,0.2562242756235324,859.100016451765
SCHOOL_159,0,0,0,0,0,0,0,0,0,0,2,1959000.0,-17.987780000000004,15.6925,0.0,0.0,0.0,,0.0,0.0,3.378269,35.498154,20.35413077403409,3.6289187293455023,1.9737957223964568,1.0849386352077477,0.5725512373628312,1959.00003751485
SCHOOL_160,0,0,0,0,0,0,0,0,0,0,2,2406800.0,-17.977184,15.409873,0.0,0.0,0.0,,0.0,0.0,4.123971,43.700709,24.995641290077575,4.465671234433408,2.380865991166182,1.0833354243227458,0.7014745977649873,2406.80004609022
SCHOOL_161,0,0,0,0,0,0,0,0,0,0,1,1528700.0,-17.974754999999995,15.629991,0.0,0.0,0.0,,0.0,0.0,7.297409,6.970149,9.119336398036245,1.088197384702853,1.108310712690597,0.599601178344351,0.3684637929018918,1528.700029274605
SCHOOL_162,0,0,0,0,0,0,0,0,0,0,1,2863200.0,-17.96971999999999,15.8,0.0,0.0,0.0,,0.0,0.0,13.843526,19.339492,20.42458271871772,2.775544429407598,2.287784118535119,0.7173420009251019,0.9575794288339732,2863.2000548302794
SCHOOL_163,0,0,0,0,0,0,0,0,0,0,2,9106500.0,-17.980084500352422,15.149236498458205,0.0,0.0,0.0,,0.0,0.0,14.657808,135.615254,79.58861550383872,13.961120837928704,9.37484575770292,0.9254032586935806,2.2759227528106467,9106.500174389475
SCHOOL_164,0,0,0,0,0,0,0,0,0,0,1,1343200.0,-17.969550000000005,15.279856,0.0,0.0,0.0,,0.0,0.0,2.22416,24.460762,13.96642394928898,2.49484908586847,1.3685035533393486,1.0870256829654064,0.3914034473708138,1343.2000257222799
SCHOOL_165,0,0,0,0,0,0,0,0,0,0,2,6533200.0,-17.945559999999997,15.107779999999998,0.0,0.0,0.0,,0.0,0.0,22.163478,48.735298,41.58462230929033,6.066012865677841,5.120114398754755,0.655868948363732,1.594494607557703,6533.20012511078
SCHOOL_166,0,0,0,0,0,0,0,0,0,0,2,3275200.0,-17.936109999999996,15.24167,0.0,0.0,0.0,,0.0,0.0,11.694068,23.068109,21.00199288608594,2.894612727760565,2.623321070455198,0.6584304121594503,0.7642369009948343,3275.20006272008
SCHOOL_167,0,0,0,0,0,0,0,0,0,0,1,876800.0,-17.928819,15.168031999999998,0.0,0.0,0.0,,0.0,0.0,1.418307,13.008778,7.648299664570266,1.339787218807136,0.8823957350848713,0.9216281716232884,0.2192727275861302,876.8000167907198
SCHOOL_168,0,0,0,0,0,0,0,0,0,0,1,840000.0,-17.903017999999996,15.127348,0.0,0.0,0.0,,0.0,0.0,2.849751,6.265817,5.3466687527467425,0.7799342082682538,0.6581825452198973,0.6558538038087405,0.2049989480473959,840.0000160860001
SCHOOL_169,0,0,0,0,0,0,0,0,0,0,1,2272200.0,-17.997220000000002,15.08278,0.0,0.0,0.0,,0.0,0.0,3.376386,32.7396,19.04906634445723,3.361793437488058,2.363693186273249,0.8930406853234771,0.5395387689606322,2272.2000435126297
SCHOOL_170,0,0,0,0,0,0,0,0,0,0,1,767000.0,-17.993771999999996,14.716003,0.0,0.0,0.0,,0.0,0.0,1.386408,13.31053,7.689169296650404,1.3674684853497543,0.7554968192631731,1.0471811746808948,0.2193947205565505,767.00001468805
SCHOOL_171,0,0,0,0,0,0,0,0,0,0,1,1340400.0,-17.962632000000006,14.980165,0.0,0.0,0.0,,0.0,0.0,6.078216,5.671469,7.562423965393645,0.8933930556934134,0.9517303947442958,0.5684342335462893,0.3075740277187776,1340.4000256686597
SCHOOL_172,0,0,0,0,0,0,0,0,0,0,2,3614700.0,-17.953399501328303,15.027931997521032,0.0,0.0,0.0,,0.0,0.0,14.703719,18.885772,21.08255693409787,2.6608308414903616,2.616853576670493,0.5912089883736311,0.8368273340104969,3614.700069221505
SCHOOL_173,0,0,0,0,0,0,0,0,0,0,2,1680000.0,-17.934809500557215,15.062530002256764,0.0,0.0,0.0,,0.0,0.0,5.946591,12.584443,10.932214085716694,1.5554240118596383,1.280281223971537,0.6668201968693065,0.3883077599197437,1680.0000321720001
SCHOOL_174,0,0,0,0,0,0,0,0,0,0,2,6748799.999999999,-17.896653999999998,14.98816,0.0,0.0,0.0,,0.0,0.0,31.221604,34.359067,41.80416776065717,5.30273858359627,4.864858397217646,0.6213970685466684,1.885201132516754,6748.800129239519
SCHOOL_175,0,0,0,0,0,0,0,0,0,0,3,17962200.0,-17.889299001466924,15.066477998188486,0.0,0.0,0.0,,0.0,0.0,35.768146,258.471618,156.79844112079414,27.055704995625923,16.742738339255887,0.9136597706731808,4.590820022339548,17962.20034397613
SCHOOL_176,0,0,0,0,0,0,0,0,0,0,1,1573600.0,-22.37416699999999,19.399167,0.0,0.0,0.0,,0.0,0.0,2.770393,27.702337,15.971989791111609,2.839492662101191,1.6604001086115605,1.0652726792598608,0.4511200581355776,1573.60003013444
SCHOOL_177,0,0,0,0,0,0,0,0,0,0,1,1412400.0,-22.353056,19.938056,0.0,0.0,0.0,,0.0,0.0,11.028519,7.084072,11.749462702078397,1.3283843262506372,1.071580771566097,0.8079178736958251,0.5208542249071582,1412.4000270474603
SCHOOL_178,0,0,0,0,0,0,0,0,0,0,1,1435300.0,-22.089721999999995,19.889722,0.0,0.0,0.0,,0.0,0.0,2.259921,25.420887,14.444545441510524,2.589814149189885,1.5334531155710611,1.0596985237191472,0.402181535654935,1435.3000274859949
SCHOOL_179,0,0,0,0,0,0,0,0,0,0,1,3089300.0,-21.855833,20.215833,0.0,0.0,0.0,,0.0,0.0,22.981983,16.657347,25.431369398257516,2.9298318814170896,2.349983334399888,0.8029221408882629,1.0861411404711288,3089.3000591600953
SCHOOL_180,0,0,0,0,0,0,0,0,0,0,1,8425000.0,-21.601667,19.4175,0.0,0.0,0.0,,0.0,0.0,14.336715,152.305706,87.21638831856323,15.561807465067655,8.921196477619462,1.08573823365772,2.449625347416537,8425.000161338749
SCHOOL_181,0,0,0,0,0,0,0,0,0,0,1,5271100.0,-21.523610999999995,19.472778,0.0,0.0,0.0,,0.0,0.0,24.919788,52.637077,46.735558418336446,6.589124340537753,4.500091525677407,0.8891727897481254,1.8473517645434807,5271.100100941566
SCHOOL_182,0,0,0,0,0,0,0,0,0,0,1,5255000.0,-21.898055999999997,20.839722,0.0,0.0,0.0,,0.0,0.0,27.773392,26.482349,34.46122868593137,4.242382854018502,4.256567169933285,0.6602955209047721,1.518575362711051,5255.0001006332495
SCHOOL_183,0,0,0,0,0,0,0,0,0,0,1,5957300.0,-21.84638899999999,20.749444,0.0,0.0,0.0,,0.0,0.0,28.5149,32.692135,38.286662341886256,4.865586434527598,4.960006720397226,0.6536028605734253,1.6084071921973044,5957.300114082294
SCHOOL_184,0,0,0,0,0,0,0,0,0,0,1,2465500.0,-20.613055999999997,20.846943999999997,0.0,0.0,0.0,,0.0,0.0,9.787266,53.772528,34.2281444851011,5.947986641637377,2.3191050830152293,1.400109386380007,1.2672186829768812,2465.500047214325
SCHOOL_185,0,0,0,0,0,0,0,0,0,0,2,8468500.0,-20.235463,20.813183,0.0,0.0,0.0,,0.0,0.0,13.056038,122.031316,71.40222206437043,12.556240194664692,9.24898469154028,0.9014632656480231,2.0315585037496406,8468.500162171773
SCHOOL_186,0,0,0,0,0,0,0,0,0,0,1,3151700.0,-22.089166999999996,19.050278,0.0,0.0,0.0,,0.0,0.0,6.399696,55.07256,32.39778733462647,5.695893113956976,3.1897048955068525,1.0721044650675118,0.9274465711264548,3151.700060355054
SCHOOL_187,0,0,0,0,0,0,0,0,0,0,2,4750800.0,-21.69569450011539,19.103055500735483,0.0,0.0,0.0,,0.0,0.0,32.378895,31.522674,40.22536894138992,5.206402035591078,3.6826800796110506,0.8304586746006273,1.9939118283029256,4750.800090977819
SCHOOL_188,0,0,0,0,0,0,0,0,0,0,1,2198400.0,-21.185556,19.155833000000005,0.0,0.0,0.0,,0.0,0.0,15.747496,11.026173,17.306659501587827,1.9603394099140616,1.6235666141946643,0.7678049064082904,0.7309114171914887,2198.4000420993602
SCHOOL_189,0,0,0,0,0,0,0,0,0,0,1,10443000.0,-21.140833000000004,18.782778,0.0,0.0,0.0,,0.0,0.0,18.297704,188.575575,108.43708741933516,19.294971975389043,10.814841614832396,1.086297812990684,3.059266272638094,10443.00019998345
SCHOOL_190,0,0,0,0,0,0,0,0,0,0,1,6129800.0,-21.140556,18.778611,0.0,0.0,0.0,,0.0,0.0,10.741802,110.675611,63.64572646699234,11.325550748858426,6.3460976240538445,1.0862521010118038,1.792606571434836,6129.80011738567
SCHOOL_191,0,0,0,0,0,0,0,0,0,0,1,6129800.0,-21.139721999999992,18.775832999999995,0.0,0.0,0.0,,0.0,0.0,10.743109,110.668958,63.64495803906447,11.32547709283384,6.344525796316113,1.0862228227096975,1.792336131032875,6129.80011738567
SCHOOL_192,0,0,0,0,0,0,0,0,0,0,1,4616400.0,-19.642189,18.595326,0.0,0.0,0.0,,0.0,0.0,26.286924,25.693403,33.073294108869284,4.009437328698152,3.467255730656877,0.7105442825119382,1.3739900071612094,4616.40008840406
SCHOOL_193,0,0,0,0,0,0,0,0,0,0,1,2598200.0,-19.440494,19.224082,0.0,0.0,0.0,,0.0,0.0,10.089009,13.262248,14.585480246916022,1.8556165539208584,2.1323092116253286,0.58048572593919,0.5602586717761242,2598.20004975553
SCHOOL_194,0,0,0,0,0,0,0,0,0,0,1,3061300.0,-19.238349999999997,19.245559,0.0,0.0,0.0,,0.0,0.0,5.085628,40.988487,24.5468786412281,4.257767656928577,3.2584369975271428,0.8572535380324268,0.7200765838420238,3061.3000586238954
SCHOOL_195,0,0,0,0,0,0,0,0,0,0,1,5074200.0,-21.429999999999996,19.902499999999996,0.0,0.0,0.0,,0.0,0.0,18.783789,63.155799,46.13563490589232,7.179870755635337,4.402923702408054,0.9274121611701844,1.5146079080231436,5074.20009717093
SCHOOL_196,0,0,0,0,0,0,0,0,0,0,1,2515800.0,-21.300000000000004,19.449722,0.0,0.0,0.0,,0.0,0.0,17.382328,15.984935,21.12971971934139,2.6951239112221193,1.948372263713649,0.8229238910544621,1.0467947645160314,2515.8000481775703
SCHOOL_197,0,0,0,0,0,0,0,0,0,0,1,970400.0,-19.994852000000005,20.668425,0.0,0.0,0.0,,0.0,0.0,2.088897,6.647732,5.072405023341563,0.7620666944464591,0.941858546730542,0.5701461801356127,0.1684451324486172,970.4000185831601
SCHOOL_198,0,0,0,0,0,0,0,0,0,0,1,840000.0,-19.805484999999997,20.388584,0.0,0.0,0.0,,0.0,0.0,4.259192,4.441478,5.51914635910501,0.6712861677526974,0.6542825843558736,0.6603237095013509,0.2200846789465158,840.0000160860001
SCHOOL_199,0,0,0,0,0,0,0,0,0,0,1,840000.0,-19.738516,20.408207,0.0,0.0,0.0,,0.0,0.0,1.608097,15.215993,8.841421109442424,1.564642479993236,0.8740723473843357,1.0993225211919462,0.2512945913165244,840.0000160860001
SCHOOL_200,0,0,0,0,0,0,0,0,0,0,2,8850800.0,-19.59007399999999,20.501805,0.0,0.0,0.0,,0.0,0.0,47.275514,51.683589,61.79658563163032,7.780858246459868,7.202329423540263,0.7011161039830087,2.6661667302877494,8850.80016949282
SCHOOL_201,0,0,0,0,0,0,0,0,0,0,1,840000.0,-19.551771999999993,19.698983,0.0,0.0,0.0,,0.0,0.0,2.154595,5.596552,4.6657413066913005,0.6639914427019469,0.7800065602721684,0.5929542588484802,0.160986036704273,840.0000160860001
SCHOOL_202,0,0,0,0,0,0,0,0,0,0,1,2141000.0,-19.520318000000003,19.734648,0.0,0.0,0.0,,0.0,0.0,4.357977,27.387345,17.28954935583833,2.8989983886205444,2.172731204823962,0.8542664648716015,0.5171111839848309,2141.0000410001503
SCHOOL_203,0,0,0,0,0,0,0,0,0,0,1,657100.0,-19.50277000000001,19.63447,0.0,0.0,0.0,,0.0,0.0,2.084797,4.115861,3.764192091961725,0.5163999743290368,0.5768527627509624,0.6015156901872807,0.1367719666605965,657.1000125834651
SCHOOL_204,0,0,0,0,0,0,0,0,0,0,1,840000.0,-19.623932,20.836203,0.0,0.0,0.0,,0.0,0.0,2.508415,5.106667,4.587467372075779,0.6365076754096115,0.7700117501595846,0.5810939297076102,0.1642210700843208,840.0000160860001
SCHOOL_205,0,0,0,0,0,0,0,0,0,0,1,840000.0,-18.29055599999999,20.889167,0.0,0.0,0.0,,0.0,0.0,2.371664,5.188081,4.532156545251915,0.6366820186083859,0.774713509722822,0.5764469146232589,0.1604070520550373,840.0000160860001
SCHOOL_206,0,0,0,0,0,0,0,0,0,0,1,840000.0,-18.269444,21.369167,0.0,0.0,0.0,,0.0,0.0,2.354499,6.01225,4.900133098209834,0.7155060942575147,0.7749013100445773,0.6201318632946918,0.1691306780747644,840.0000160860001
SCHOOL_207,0,0,0,0,0,0,0,0,0,0,1,840000.0,-18.253611000000006,20.805832999999996,0.0,0.0,0.0,,0.0,0.0,1.534039,14.786301,8.56191588305885,1.5188096919344458,0.8769853047952766,1.0680643510227266,0.2424639462082617,840.0000160860001
SCHOOL_208,0,0,0,0,0,0,0,0,0,0,1,840000.0,-18.248611000000004,21.039722,0.0,0.0,0.0,,0.0,0.0,3.905595,4.465932,5.2599776759933885,0.6536341216834447,0.6890119665197074,0.6375343837081657,0.2066249242955755,840.0000160860001
SCHOOL_209,0,0,0,0,0,0,0,0,0,0,1,840000.0,-18.244580999999993,21.280796999999996,0.0,0.0,0.0,,0.0,0.0,3.245791,6.06632,5.569998604402168,0.7712714486540941,0.7202194846596075,0.6837433106040668,0.2019043401659312,840.0000160860001
SCHOOL_210,0,0,0,0,0,0,0,0,0,0,1,1217300.0,-19.451589,20.105998,0.0,0.0,0.0,,0.0,0.0,6.929508,6.372277,8.396453187167623,1.07542805599329,0.9778913002056192,0.6897964181108509,0.4210865153638933,1217.300023311295
SCHOOL_211,0,0,0,0,0,0,0,0,0,0,1,840000.0,-19.38741199999999,20.581708,0.0,0.0,0.0,,0.0,0.0,3.202982,4.52839,4.748114361312584,0.6498027318178505,0.7676352191402603,0.5917677268339154,0.2287028010243642,840.0000160860001
SCHOOL_212,0,0,0,0,0,0,0,0,0,0,1,840000.0,-19.19149,19.44028,0.0,0.0,0.0,,0.0,0.0,2.127239,5.633842,4.634309135032821,0.6660549581720062,0.7865219288256543,0.590885760589535,0.1588847473970198,840.0000160860001
SCHOOL_213,0,0,0,0,0,0,0,0,0,0,1,840000.0,-18.991666999999996,19.734722,0.0,0.0,0.0,,0.0,0.0,1.726436,10.818551,6.793379766973026,1.1454809211693624,0.8345583012961683,0.8542456866320001,0.2032860518090553,840.0000160860001
SCHOOL_214,0,0,0,0,0,0,0,0,0,0,1,660800.0,-18.95255299999999,19.726811,0.0,0.0,0.0,,0.0,0.0,1.358219,8.510579,5.3441770010069085,0.9011121462514662,0.656322077996402,0.8542250913295087,0.1599358556039966,660.80001265432
SCHOOL_215,0,0,0,0,0,0,0,0,0,0,1,840000.0,-18.79610999999999,19.70889,0.0,0.0,0.0,,0.0,0.0,3.452734,4.869533,5.191424544243737,0.6670810529730118,0.6994677992546913,0.6339955154596548,0.1974778922186401,840.0000160860001
SCHOOL_216,0,0,0,0,0,0,0,0,0,0,1,877000.0,-18.687780000000004,19.74722,0.0,0.0,0.0,,0.0,0.0,3.264609,5.153481,5.157603145987974,0.6839259940233295,0.743282921890575,0.6103202679732811,0.1921335553044232,877.0000167945501
SCHOOL_217,0,0,0,0,0,0,0,0,0,0,1,840000.0,-18.62361,19.51972,0.0,0.0,0.0,,0.0,0.0,2.654121,5.202464,4.771988147093931,0.654104856399381,0.7417519811309435,0.5976149041260256,0.1723342621041012,840.0000160860001
SCHOOL_218,0,0,0,0,0,0,0,0,0,0,1,685200.0,-18.532551000000005,19.72683,0.0,0.0,0.0,,0.0,0.0,1.143412,8.951595,5.401781008131085,0.931639183555846,0.7179862586513456,0.8424616811572486,0.1570618231401424,685.20001312158
SCHOOL_219,0,0,0,0,0,0,0,0,0,0,1,640100.0,-18.500280000000004,19.74778,0.0,0.0,0.0,,0.0,0.0,1.068119,8.362428,5.046254051173005,0.8703199053816079,0.6707770551954599,0.8424715206045493,0.1467182944689472,640.100012257915
SCHOOL_220,0,0,0,0,0,0,0,0,0,0,1,840000.0,-22.118888999999996,19.050278,0.0,0.0,0.0,,0.0,0.0,2.322101,5.198774,4.554632398080707,0.6349422151892584,0.7565698073125187,0.576654356494155,0.1609182595903883,840.0000160860001
SCHOOL_221,0,0,0,0,0,0,0,0,0,0,1,840000.0,-22.108889,18.994722,0.0,0.0,0.0,,0.0,0.0,1.393082,15.162673,8.657398179863401,1.5472942689819416,0.8878331303338222,1.0815260569653593,0.2422254503635348,840.0000160860001
SCHOOL_222,0,0,0,0,0,0,0,0,0,0,1,4654400.0,-22.092222,19.049999999999997,0.0,0.0,0.0,,0.0,0.0,10.708955,80.849417,49.13654808700579,8.436808687937145,4.638228300327531,1.0931358394445967,1.4452120681191991,4654.400089131759
SCHOOL_223,0,0,0,0,0,0,0,0,0,0,1,3365400.0,-22.417744000000003,17.097236,0.0,0.0,0.0,,0.0,0.0,14.433849,17.398192,20.128561784351763,2.522067897735394,2.68486157173401,0.6100889325700335,0.8135236100808834,3365.4000644474104
SCHOOL_224,0,0,0,0,0,0,0,0,0,0,1,2595000.0,-22.290278000000004,17.973611,0.0,0.0,0.0,,0.0,0.0,5.061495,82.644804,44.7011847169028,8.289814964390434,2.631234380227586,1.755815084685725,1.2043543869345426,2595.00004969425
SCHOOL_225,0,0,0,0,0,0,0,0,0,0,1,2019500.0,-22.229167000000004,18.040556,0.0,0.0,0.0,,0.0,0.0,6.335891,11.631076,10.926356830501051,1.483754085163488,1.749594170272287,0.5705371846762719,0.3986006678051316,2019.500038673425
SCHOOL_226,0,0,0,0,0,0,0,0,0,0,1,900400.0,-22.052506,17.367365,0.0,0.0,0.0,,0.0,0.0,3.315694,4.957946,5.190688905973472,0.6678832059070272,0.7446737799332762,0.5957887439816711,0.1962675144489165,900.4000172426599
SCHOOL_227,0,0,0,0,0,0,0,0,0,0,1,12000000.0,-21.98037,16.91142,0.0,0.0,0.0,,0.0,0.0,18.480135,172.933079,101.10399651751568,17.79152525447484,12.698054344497486,0.8980958011047256,2.878508264551088,12000.0002298
SCHOOL_228,0,0,0,0,0,0,0,0,0,0,1,4385800.0,-21.977073999999995,17.209735,0.0,0.0,0.0,,0.0,0.0,21.239517,22.218853,27.691482785822583,3.3543405589475737,3.432689712124754,0.6371264037768628,1.105155250449999,4385.80008398807
SCHOOL_229,0,0,0,0,0,0,0,0,0,0,1,5484400.0,-21.253114,17.934988,0.0,0.0,0.0,,0.0,0.0,26.50112,28.413446,34.48785836418595,4.314355695060742,4.241106922388844,0.6344385689353443,1.4863220622284783,5484.4001050262605
SCHOOL_230,0,0,0,0,0,0,0,0,0,0,1,840000.0,-21.23345000000001,17.85596,0.0,0.0,0.0,,0.0,0.0,4.340862,4.502274,5.578468011939257,0.6818001828746387,0.6390087850958953,0.6655333087747906,0.2223817729721239,840.0000160860001
SCHOOL_231,0,0,0,0,0,0,0,0,0,0,1,6940300.0,-21.428059999999995,15.95361,0.0,0.0,0.0,,0.0,0.0,24.631521,46.155525,42.74574734932786,5.864557942593211,5.812370365684856,0.6378240731603579,1.5532456536320354,6940.300132906745
SCHOOL_232,0,0,0,0,0,0,0,0,0,0,1,942700.0,-21.423611,15.947778,0.0,0.0,0.0,,0.0,0.0,3.517365,6.134745,5.7593272496136025,0.8062928385787113,0.8065375170197927,0.6335775443150867,0.2387217334588326,942.7000180527051
SCHOOL_233,0,0,0,0,0,0,0,0,0,0,1,942700.0,-21.421666999999992,15.944167000000002,0.0,0.0,0.0,,0.0,0.0,3.516714,6.134627,5.759127687958485,0.8062921642935416,0.8064506724957556,0.6335649143402395,0.2385768536082166,942.7000180527051
SCHOOL_234,0,0,0,0,0,0,0,0,0,0,1,840000.0,-21.415559999999992,15.94972,0.0,0.0,0.0,,0.0,0.0,3.133451,5.466667,5.131812381871707,0.7184661435691706,0.718826763551759,0.6335927827857363,0.2126501593157005,840.0000160860001
SCHOOL_235,0,0,0,0,0,0,0,0,0,0,1,850700.0,-21.34222,16.07889,0.0,0.0,0.0,,0.0,0.0,2.391959,5.588993,4.728195228392187,0.676668852198906,0.734529150963541,0.587995404042844,0.1652470892914182,850.700016290905
SCHOOL_236,0,0,0,0,0,0,0,0,0,0,1,859800.0,-21.022686,16.459778,0.0,0.0,0.0,,0.0,0.0,1.598312,14.990174,8.717540479752286,1.5422229683061508,0.8494176858264416,1.057718881392719,0.2475968696106736,859.8000164651701
SCHOOL_237,0,0,0,0,0,0,0,0,0,0,1,2060400.0,-20.893280999999995,16.184048,0.0,0.0,0.0,,0.0,0.0,10.204359,10.721629,13.114180738141316,1.66785040404744,1.599729088976017,0.6423842641387045,0.5739427407129155,2060.40003945666
SCHOOL_238,0,0,0,0,0,0,0,0,0,0,1,3432600.0,-20.464865000000003,16.639828,0.0,0.0,0.0,,0.0,0.0,6.126594,49.4608,29.559182650464276,5.136816207573889,3.4487637589906313,0.9095775606337962,0.8551034496212291,3432.6000657342906
SCHOOL_239,0,0,0,0,0,0,0,0,0,0,2,10561099.999999998,-20.990038999999992,18.230724,0.0,0.0,0.0,,0.0,0.0,43.655466,62.748777,64.88700835923318,8.709000588482803,8.868583721415451,0.6313009343763543,2.835628757236025,10561.100202245063
SCHOOL_240,0,0,0,0,0,0,0,0,0,0,1,2590400.0,-20.709939999999996,17.66672,0.0,0.0,0.0,,0.0,0.0,7.795764,16.899847,14.904724101121475,2.084961775514048,2.252733276463697,0.6039463917638372,0.5575224888469251,2590.40004960616
SCHOOL_241,0,0,0,0,0,0,0,0,0,0,1,6432100.0,-20.589308,17.456217999999996,0.0,0.0,0.0,,0.0,0.0,41.504603,32.458288,47.24753987382638,5.691116723833177,4.670208372079338,0.7205184543976882,2.258132228953199,6432.100123174714
SCHOOL_242,0,0,0,0,0,0,0,0,0,0,1,7667500.0,-20.58568,17.457563,0.0,0.0,0.0,,0.0,0.0,49.475181,38.694827,56.32287354963145,6.784248863237158,5.569989448929114,0.7205536341564324,2.692057996446128,7667.500146832625
SCHOOL_243,0,0,0,0,0,0,0,0,0,0,2,5575100.0,-20.573569500085775,17.52053849938538,0.0,0.0,0.0,,0.0,0.0,38.238247,29.120965,43.29218425503144,4.985229619137782,4.136821026061965,0.7600478584642257,1.8062459968457816,5575.100106763164
SCHOOL_244,0,0,0,0,0,0,0,0,0,0,2,6053400.0,-20.402686999999997,18.21461,0.0,0.0,0.0,,0.0,0.0,11.605699,192.782632,104.00129937811408,19.326598924122493,6.089135245962895,1.7513328853819805,2.799586400046089,6053.400115922609
SCHOOL_245,0,0,0,0,0,0,0,0,0,0,2,6979000.0,-20.115549999999992,18.18528,0.0,0.0,0.0,,0.0,0.0,48.460703,53.30248,62.95321401092738,8.404410041948996,5.550503276143599,0.8845076751912229,3.1821935029521256,6979.00013364785
SCHOOL_246,0,0,0,0,0,0,0,0,0,0,1,4069100.0,-19.801397,16.694416,0.0,0.0,0.0,,0.0,0.0,11.440385,28.038465,23.654168157681127,3.3629381936372003,3.638792848977322,0.613844582207512,0.8239062257178865,4069.100077923266
SCHOOL_247,0,0,0,0,0,0,0,0,0,0,1,3724400.0,-19.713874,17.712169,0.0,0.0,0.0,,0.0,0.0,6.266833,65.306768,37.397169194153975,6.678663968481969,3.950416177014976,1.0560201154955522,1.0526340241834964,3724.4000713222604
SCHOOL_248,0,0,0,0,0,0,0,0,0,0,1,840000.0,-19.70786,17.71221,0.0,0.0,0.0,,0.0,0.0,1.41351,14.729267,8.434517365163634,1.5063046687820567,0.8910888434138321,1.0560286424193115,0.2374109657940557,840.0000160860001
SCHOOL_249,0,0,0,0,0,0,0,0,0,0,1,11599900.0,-19.64629399999999,17.34241,0.0,0.0,0.0,,0.0,0.0,22.489971,201.965383,118.04293252693184,20.832054730803243,11.500639820141853,1.0611176690504844,3.3668484293696457,11599.900222138087
SCHOOL_250,0,0,0,0,0,0,0,0,0,0,1,840000.0,-19.58292999999999,18.0168,0.0,0.0,0.0,,0.0,0.0,3.326004,5.432737,5.357968801030184,0.7148804467491706,0.6777927286561379,0.6523914677824323,0.2055909521635289,840.0000160860001
SCHOOL_251,0,0,0,0,0,0,0,0,0,0,1,12000000.0,-19.568420999999997,18.11306,0.0,0.0,0.0,,0.0,0.0,83.405699,60.979834,92.68340634571334,10.8160399725527,8.898376773242633,0.7545046257006112,4.2622389231000275,12000.0002298
SCHOOL_252,0,0,0,0,0,0,0,0,0,0,1,2178700.0,-19.557802,18.10363,0.0,0.0,0.0,,0.0,0.0,15.143973,11.070481,16.827666709897628,1.9637629988179288,1.616164438770476,0.7545349748691882,0.773887998075865,2178.7000417221043
SCHOOL_253,0,0,0,0,0,0,0,0,0,0,1,1620400.0,-19.503886000000005,18.043672,0.0,0.0,0.0,,0.0,0.0,5.040187,9.7676,9.0582242027707,1.2313165518147915,1.41968908675127,0.588095482262786,0.3278332806233404,1620.40003103066
SCHOOL_254,0,0,0,0,0,0,0,0,0,0,1,8289700.000000001,-19.253875,17.712308,0.0,0.0,0.0,,0.0,0.0,35.144327,53.708831,54.661112702349,7.1990526987323635,6.528707628938092,0.669292432430524,2.124482714109502,8289.700158747755
SCHOOL_255,0,0,0,0,0,0,0,0,0,0,1,4504200.0,-20.109439999999992,16.15333,0.0,0.0,0.0,,0.0,0.0,18.104248,32.444527,30.21606226644655,4.340295642612684,3.8612914703415178,0.6878934135254217,1.4123181892119183,4504.20008625543
SCHOOL_256,0,0,0,0,0,0,0,0,0,0,1,10531000.0,-20.108783999999996,16.149539,0.0,0.0,0.0,,0.0,0.0,19.372138,151.736912,91.39293929659505,15.79188064155816,10.713564285631104,0.9162538651422882,2.6563514020520675,10531.00020166865
SCHOOL_257,0,0,0,0,0,0,0,0,0,0,1,7532600.0,-20.10721999999999,16.15222,0.0,0.0,0.0,,0.0,0.0,30.280529,54.255755,50.53233748232998,7.258519020143208,6.458691859216168,0.6879108069237768,2.362108676440303,7532.600144249291
SCHOOL_258,0,0,0,0,0,0,0,0,0,0,1,6098400.0,-19.329570000000004,15.93873,0.0,0.0,0.0,,0.0,0.0,18.144708,34.022311,31.393464108004707,4.34922343701918,5.221071011501663,0.5455828042573642,1.2261197017356678,6098.40011678436
SCHOOL_259,0,0,0,0,0,0,0,0,0,0,1,850100.0,-18.452619999999996,16.4217,0.0,0.0,0.0,,0.0,0.0,3.621453,5.126555,5.398809153974472,0.7016572113050265,0.6484495189574305,0.6444398407526162,0.2059014883280301,850.1000162794148
SCHOOL_260,0,0,0,0,0,0,0,0,0,0,1,3852700.0,-18.446395,16.325944,0.0,0.0,0.0,,0.0,0.0,12.080574,25.628618,22.437226485041876,3.1656204640962766,3.1933926478372063,0.6084309156708338,0.7998554299832722,3852.700073779205
SCHOOL_261,0,0,0,0,0,0,0,0,0,0,1,2933300.0,-18.44469699999999,16.482598,0.0,0.0,0.0,,0.0,0.0,17.540295,16.364948,21.7236531396763,2.6370058477800944,2.236524964499126,0.7320869472096029,0.9497084372306565,2933.300056172695
SCHOOL_262,0,0,0,0,0,0,0,0,0,0,1,745300.0,-19.241644999999988,17.728954,0.0,0.0,0.0,,0.0,0.0,4.153369,3.821553,5.113698490482606,0.6082191641527818,0.5664920141706903,0.6826539127695557,0.2118581680743388,745.3000142724951
SCHOOL_263,0,0,0,0,0,0,0,0,0,0,1,5363000.0,-19.16211799999999,17.761455999999995,0.0,0.0,0.0,,0.0,0.0,29.765961,32.015975,38.420465497823486,4.785901916185381,4.105161465988529,0.7148775631632943,1.5221300546806464,5363.0001027014505
SCHOOL_264,0,0,0,0,0,0,0,0,0,0,1,799600.0,-18.984087,17.89083,0.0,0.0,0.0,,0.0,0.0,1.619122,14.483854,8.474276854152897,1.4935435794914067,0.8047933462502213,1.102567198253931,0.2432208833367178,799.6000153123401
SCHOOL_265,0,0,0,0,0,0,0,0,0,0,1,1114200.0,-18.902865,18.294792,0.0,0.0,0.0,,0.0,0.0,6.942841,5.36446,7.914046031102651,0.912617429493512,0.8412606250251086,0.7017736863919172,0.3292393985603865,1114.20002133693
SCHOOL_266,0,0,0,0,0,0,0,0,0,0,1,840000.0,-17.856111,24.777778000000005,0.0,0.0,0.0,,0.0,0.0,2.301474,4.9497,4.418483345552491,0.6096631581065008,0.8046488634102926,0.5656933552744123,0.1575343356092745,840.0000160860001
SCHOOL_267,0,0,0,0,0,0,0,0,0,0,2,2999200.0,-18.278889,23.796389,0.0,0.0,0.0,,0.0,0.0,10.012563,17.840545,16.777685092090273,2.3274463150163274,2.850137855945446,0.5937756916803124,0.6859632541913384,2999.20005743468
SCHOOL_268,0,0,0,0,0,0,0,0,0,0,2,3301700.0,-18.248055999999995,23.746110999999996,0.0,0.0,0.0,,0.0,0.0,6.374886,105.150019,56.79407061265911,10.544214085020116,3.528858321058392,1.7583575430130516,1.5293081169819462,3301.7000632275553
SCHOOL_269,0,0,0,0,0,0,0,0,0,0,1,1330100.0,-18.26611,23.63861,0.0,0.0,0.0,,0.0,0.0,2.029877,23.687512,13.406053091087916,2.408863251602555,1.503494640394654,1.06676176582319,0.3720203540206217,1330.100025471415
SCHOOL_270,0,0,0,0,0,0,0,0,0,0,1,1375300.0,-18.263059999999996,23.637499999999992,0.0,0.0,0.0,,0.0,0.0,2.096396,24.49303,13.861413297207408,2.490716316310571,1.5542182066089272,1.066735836348469,0.3845039506261272,1375.300026336995
SCHOOL_271,0,0,0,0,0,0,0,0,0,0,1,840000.0,-18.256388999999995,23.693611000000004,0.0,0.0,0.0,,0.0,0.0,1.311318,14.95596,8.505777423124895,1.5226476324992126,0.939110228340796,1.0696105045097903,0.2367767228358948,840.0000160860001
SCHOOL_272,0,0,0,0,0,0,0,0,0,0,1,622400.0,-18.249166999999996,23.636944000000003,0.0,0.0,0.0,,0.0,0.0,1.717211,4.377129,3.643027281790477,0.521132013426984,0.6040776654215599,0.624486062764245,0.1261014686793769,622.4000119189599
SCHOOL_273,0,0,0,0,0,0,0,0,0,0,1,804400.0,-18.24389,23.58806,0.0,0.0,0.0,,0.0,0.0,1.442968,14.253594,8.221596382688698,1.462094334889898,0.8714996190821337,1.074534297857533,0.2319075985446247,804.40001540426
SCHOOL_274,0,0,0,0,0,0,0,0,0,0,2,3162899.9999999995,-18.231110999999995,23.557778,0.0,0.0,0.0,,0.0,0.0,5.673522,56.045321,32.32747214699548,5.748980007808175,3.427028805655351,1.074546460046209,0.9118840674840478,3162.900060569534
SCHOOL_275,0,0,0,0,0,0,0,0,0,0,1,966200.0,-18.22416,23.518889,0.0,0.0,0.0,,0.0,0.0,1.770966,17.09502,9.913492095958896,1.7556887409614883,1.0314785785742904,1.076276148510487,0.2808129511402533,966.2000185027299
SCHOOL_276,0,0,0,0,0,0,0,0,0,0,2,4417400.0,-18.04833299999999,23.344722,0.0,0.0,0.0,,0.0,0.0,15.646536,32.130617,28.426662671223013,3.997595101852147,3.9765250772867344,0.6707651428065567,1.012239179978912,4417.4000845932105
SCHOOL_277,0,0,0,0,0,0,0,0,0,0,1,1092500.0,-18.241666999999996,23.846111,0.0,0.0,0.0,,0.0,0.0,2.0414,34.793047,18.73242635031821,3.485133204464197,1.2031154035580292,1.7563854158490924,0.5032010319266114,1092.500020921375
SCHOOL_278,0,0,0,0,0,0,0,0,0,0,2,3280399.9999999995,-18.206111000000003,23.876111,0.0,0.0,0.0,,0.0,0.0,6.22393,104.471428,56.35640687371048,10.47005528579415,3.5076911090151777,1.756537184205741,1.5149518021916606,3280.4000628196595
SCHOOL_279,0,0,0,0,0,0,0,0,0,0,1,1680100.0,-18.178889,23.894166999999996,0.0,0.0,0.0,,0.0,0.0,5.16266,10.28852,9.311794575975169,1.2906508707157942,1.6203911770991295,0.592325269322336,0.3372431910289256,1680.100032173915
SCHOOL_280,0,0,0,0,0,0,0,0,0,0,2,1680000.0,-18.13917,23.95167,0.0,0.0,0.0,,0.0,0.0,3.127056,53.503567,28.86935788979754,5.35857969687241,1.8343846213288193,1.758668884808761,0.7749888987547416,1680.0000321720001
SCHOOL_281,0,0,0,0,0,0,0,0,0,0,2,5915300.0,-18.074440000000003,24.02222,0.0,0.0,0.0,,0.0,0.0,9.852339,105.188245,60.099210427961005,10.744605701655686,6.485518474409475,1.070750086215884,1.6825677124666851,5915.300113277997
SCHOOL_282,0,0,0,0,0,0,0,0,0,0,1,1302700.0,-18.038889,24.036111,0.0,0.0,0.0,,0.0,0.0,4.856691,8.226978,7.771775724965789,1.1152271414994643,1.2646427321091,0.6293839102633311,0.359327171509392,1302.700024946705
SCHOOL_283,0,0,0,0,0,0,0,0,0,0,1,1055300.0,-17.998059999999995,24.07444,0.0,0.0,0.0,,0.0,0.0,4.227187,6.384064,6.518693086430207,0.8576063491621742,0.9557760444833198,0.6416286010092631,0.2451185375438463,1055.3000202089952
SCHOOL_284,0,0,0,0,0,0,0,0,0,0,1,1528900.0,-17.988329999999998,24.11778,0.0,0.0,0.0,,0.0,0.0,11.107214,8.410081,12.613326064667367,1.4697852124775046,1.2302371510760073,0.8081735249526176,0.5559712329659694,1528.9000292784349
SCHOOL_285,0,0,0,0,0,0,0,0,0,0,1,1260100.0,-17.981666999999998,24.118611,0.0,0.0,0.0,,0.0,0.0,9.154596,6.931292,10.396071253293387,1.2100653853360035,1.0129686014038322,0.8081224113943127,0.4570312653769161,1260.100024130915
SCHOOL_286,0,0,0,0,0,0,0,0,0,0,1,840000.0,-17.979167000000004,24.472222,0.0,0.0,0.0,,0.0,0.0,3.2155,4.290711,4.710632200272388,0.5975720008599074,0.7656241773104937,0.5873899196168815,0.1808987726901778,840.0000160860001
SCHOOL_287,0,0,0,0,0,0,0,0,0,0,1,840000.0,-17.967779999999998,24.58806,0.0,0.0,0.0,,0.0,0.0,2.529022,5.498569,4.77188781406256,0.683407341846789,0.8251156088651703,0.6073452783085687,0.1872810532653157,840.0000160860001
SCHOOL_288,0,0,0,0,0,0,0,0,0,0,2,1889800.0,-17.963329999999996,24.52139,0.0,0.0,0.0,,0.0,0.0,3.410041,33.526939,19.35236277258267,3.4400885037518836,2.037023349032862,1.075851308243228,0.5469646984191108,1889.8000361896698
SCHOOL_289,0,0,0,0,0,0,0,0,0,0,2,3714800.0,-17.940555999999994,24.145278,0.0,0.0,0.0,,0.0,0.0,6.102549,66.085575,37.72115658444963,6.74509526776852,4.106491519235771,1.0709568583969011,1.0575073061317817,3714.8000711384198
SCHOOL_290,0,0,0,0,0,0,0,0,0,0,1,3129800.0,-17.933056000000004,24.672222,0.0,0.0,0.0,,0.0,0.0,5.019166,55.746168,31.70709639523761,5.682873336167095,3.4867198113615196,1.0698628362413072,0.8849619122799052,3129.8000599356706
SCHOOL_291,0,0,0,0,0,0,0,0,0,0,2,1874400.0,-17.929720000000003,24.63167,0.0,0.0,0.0,,0.0,0.0,3.00809,33.390491,18.990230098927533,3.403996372928673,2.0812118115888403,1.0696319848723177,0.5300361651835118,1874.4000358947599
SCHOOL_292,0,0,0,0,0,0,0,0,0,0,1,840000.0,-17.920832999999995,24.709722,0.0,0.0,0.0,,0.0,0.0,1.70116,26.751587,14.50480747924713,2.6870970555471905,0.900488737971632,1.7643394425903394,0.3918373241397272,840.0000160860001
SCHOOL_293,0,0,0,0,0,0,0,0,0,0,1,840000.0,-17.91861099999999,24.71,0.0,0.0,0.0,,0.0,0.0,1.70112,26.751879,14.504687213074035,2.6870761300540296,0.9002965467802443,1.7643080589877536,0.3918187940819679,840.0000160860001
SCHOOL_294,0,0,0,0,0,0,0,0,0,0,2,2670700.0,-17.965556,23.446111,0.0,0.0,0.0,,0.0,0.0,4.796525,47.290642,27.31166927036677,4.851223483015418,2.854980833169855,1.0736326931541085,0.7721527468779037,2670.700051143905
SCHOOL_295,0,0,0,0,0,0,0,0,0,0,1,1344100.0,-17.956110999999996,23.324443999999996,0.0,0.0,0.0,,0.0,0.0,2.434181,23.786449,13.731485343793649,2.4414389290062077,1.429089725354104,1.0723311393790809,0.3878483917128851,1344.1000257395149
SCHOOL_296,0,0,0,0,0,0,0,0,0,0,1,719000.0,-17.950278,23.486389,0.0,0.0,0.0,,0.0,0.0,1.262615,12.737061,7.325858753505948,1.3049637083401258,0.7855594559161727,1.0725157590632932,0.2064154157401809,719.0000137688501
SCHOOL_297,0,0,0,0,0,0,0,0,0,0,2,5026300.0,-17.856789999747097,23.363445001089502,0.0,0.0,0.0,,0.0,0.0,7.492123,89.535891,50.64166967716015,9.09440590022592,5.6310680942846485,1.0654744070823408,1.405898963566412,5026.300096253645
SCHOOL_298,0,0,0,0,0,0,0,0,0,0,2,3673700.0,-17.855169999999998,23.705200000000005,0.0,0.0,0.0,,0.0,0.0,6.566703,65.068251,37.46857766223925,6.673155220175304,4.00400563057065,1.0732189639639012,1.0569513877965295,3673.7000703513545
SCHOOL_299,0,0,0,0,0,0,0,0,0,0,1,2830100.0,-17.831389000000005,23.41,0.0,0.0,0.0,,0.0,0.0,4.777395,50.198514,28.82034495704516,5.131213421085424,3.117142514001734,1.0727126623723051,0.8101313548399665,2830.100054196415
SCHOOL_300,0,0,0,0,0,0,0,0,0,0,1,649400.0,-17.910832999999997,24.153611,0.0,0.0,0.0,,0.0,0.0,1.733382,11.332417,6.974152253051073,1.1956229178003728,0.6512235204227353,1.1106347590111847,0.2069162565332284,649.4000124360101
SCHOOL_301,0,0,0,0,0,0,0,0,0,0,2,3607200.0,-17.889443999999994,24.399722,0.0,0.0,0.0,,0.0,0.0,12.421117,19.040347,19.334436023403903,2.547237962074214,3.382785721150407,0.5696392470003764,0.7232704881510537,3607.20006907788
SCHOOL_302,0,0,0,0,0,0,0,0,0,0,2,2077200.0,-17.878611,24.187778,0.0,0.0,0.0,,0.0,0.0,6.619327,14.903752,12.433273140354975,1.8530143759562825,2.0634147441126,0.638572123448622,0.507565882344437,2077.2000397783804
SCHOOL_303,0,0,0,0,0,0,0,0,0,0,2,2471300.0,-17.86361,24.479167,0.0,0.0,0.0,,0.0,0.0,8.503393,15.541791,14.496100796411897,1.986555428643754,2.297654858553232,0.6184206397792393,0.527282962307765,2471.300047325395
SCHOOL_304,0,0,0,0,0,0,0,0,0,0,1,1170600.0,-17.862499999999997,24.170833,0.0,0.0,0.0,,0.0,0.0,3.729099,8.40002,7.006624970445606,1.044268620040972,1.1628326147686652,0.6385712576535919,0.2859485716219027,1170.6000224169898
SCHOOL_305,0,0,0,0,0,0,0,0,0,0,1,772000.0,-17.834999999999997,24.398889,0.0,0.0,0.0,,0.0,0.0,2.129741,5.182084,4.338456751154261,0.6224451992436257,0.7552621507611514,0.6035997698453119,0.1508222781416909,772.0000147838001
SCHOOL_306,0,0,0,0,0,0,0,0,0,0,1,840000.0,-17.830549999999995,24.689169999999997,0.0,0.0,0.0,,0.0,0.0,2.861439,4.626417,4.672934148601808,0.6100572153584077,0.7771660869160834,0.5866366652259154,0.1747847931627038,840.0000160860001
SCHOOL_307,0,0,0,0,0,0,0,0,0,0,2,1758100.0,-17.824999999999996,24.83694,0.0,0.0,0.0,,0.0,0.0,4.95078,10.645124,9.339019169290198,1.3112401445349524,1.707636452119741,0.572789687584914,0.3307038130655624,1758.100033667615
SCHOOL_308,0,0,0,0,0,0,0,0,0,0,1,1400600.0,-17.819443999999997,25.092777999999996,0.0,0.0,0.0,,0.0,0.0,2.41681,24.911508,14.265155674700242,2.5494131964141444,1.5417412338594525,1.0734074109436615,0.4005336711063529,1400.6000268214902
SCHOOL_309,0,0,0,0,0,0,0,0,0,0,2,2755500.0,-17.791669999999993,25.024999999999995,0.0,0.0,0.0,,0.0,0.0,12.475136,16.070645,17.535003792820927,2.2626923490783546,2.4232655749635614,0.6547377955017841,0.6736395474169008,2755.5000527678253
SCHOOL_310,0,0,0,0,0,0,0,0,0,0,1,840000.0,-17.78833,24.93278,0.0,0.0,0.0,,0.0,0.0,3.628697,4.772105,5.066276517624292,0.7094760495007806,0.7954218730411913,0.6298633182619822,0.2521347838770384,840.0000160860001
SCHOOL_311,0,0,0,0,0,0,0,0,0,0,2,4332400.0,-17.817778000000004,23.778611,0.0,0.0,0.0,,0.0,0.0,16.438808,27.138347,26.47044462622061,3.558976480349373,3.9254289273201897,0.6373596983329165,0.9757633844085608,4332.40008296546
SCHOOL_312,0,0,0,0,0,0,0,0,0,0,1,1088600.0,-17.796944000000003,24.319999999999997,0.0,0.0,0.0,,0.0,0.0,3.905705,6.923278,6.556064842731287,0.8916209085051803,1.005361945570213,0.6316955954772819,0.2400508376213729,1088.60002084669
SCHOOL_313,0,0,0,0,0,0,0,0,0,0,2,4738400.0,-17.796388999999998,24.203889,0.0,0.0,0.0,,0.0,0.0,21.821297,24.567569,29.309097820842556,3.6787847229178543,4.138033720979271,0.6332807819191155,1.287112407236048,4738.400090740361
SCHOOL_314,0,0,0,0,0,0,0,0,0,0,2,6473900.0,-17.789999999999996,24.615833,0.0,0.0,0.0,,0.0,0.0,25.576827,37.339204,38.207084860852355,5.147322449518518,5.987006185798873,0.6173648460573488,1.6068054357073318,6473.900123975184
SCHOOL_315,0,0,0,0,0,0,0,0,0,0,2,6745900.0,-17.785555500237525,23.823471999170028,0.0,0.0,0.0,,0.0,0.0,13.187476,214.836115,116.2909947343638,21.552713960377172,7.308851562260824,1.7626443932260112,3.138913142032465,6745.900129183985
SCHOOL_316,0,0,0,0,0,0,0,0,0,0,2,3198100.0000000005,-17.776269999999993,24.36719,0.0,0.0,0.0,,0.0,0.0,12.096667,19.954419,19.493166668512764,2.6196368796017686,2.9140033980495765,0.6356769306938953,0.7465114354402083,3198.1000612436155
SCHOOL_317,0,0,0,0,0,0,0,0,0,0,1,840000.0,-17.775556000000005,24.559722,0.0,0.0,0.0,,0.0,0.0,3.142313,5.2774,5.049378565979258,0.6967780405842535,0.7942763674878368,0.6317427313245122,0.2025382974293865,840.0000160860001
SCHOOL_318,0,0,0,0,0,0,0,0,0,0,2,3119600.0,-17.771110000000004,24.505278,0.0,0.0,0.0,,0.0,0.0,11.848258,19.101493,18.69323449215526,2.5339772610155085,2.913434677514539,0.628232147040728,0.733711630072752,3119.6000597403395
SCHOOL_319,0,0,0,0,0,0,0,0,0,0,2,2770900.0,-17.764719999999993,24.695830000000004,0.0,0.0,0.0,,0.0,0.0,4.565358,39.937496,23.640812696135917,4.125986782489819,3.049694983851662,0.9106834342477328,0.6785403509466413,2770.900053062735
SCHOOL_320,0,0,0,0,0,0,0,0,0,0,2,1680000.0,-17.759167,23.840832999999996,0.0,0.0,0.0,,0.0,0.0,3.284187,53.502659,28.96010579446309,5.367474033624551,1.8184154072020335,1.7625435021462927,0.7809185175983357,1680.0000321720001
SCHOOL_321,0,0,0,0,0,0,0,0,0,0,1,1067000.0,-17.746943999999992,24.554167,0.0,0.0,0.0,,0.0,0.0,4.918602,5.825904,6.780762491764531,0.8426967675500427,0.9229006589765856,0.6498024201221043,0.2655803900427664,1067.00002043305
SCHOOL_322,0,0,0,0,0,0,0,0,0,0,2,6042000.0,-17.745832999999998,23.891944,0.0,0.0,0.0,,0.0,0.0,15.002089,37.149532,31.365551447395692,4.44785890443603,6.001064391226391,0.5643294847141788,1.091551987340059,6042.0001157043
SCHOOL_323,0,0,0,0,0,0,0,0,0,0,2,1680000.0,-17.74222199999999,23.957778000000005,0.0,0.0,0.0,,0.0,0.0,2.83947,29.828723,17.080547897097368,3.0491678355352207,1.8387656993385069,1.0710085973463868,0.47891186143905,1680.0000321720001
SCHOOL_324,0,0,0,0,0,0,0,0,0,0,1,840000.0,-17.730278,24.259444,0.0,0.0,0.0,,0.0,0.0,3.557571,4.982488,5.265079358588902,0.6836216848241362,0.7355332467500042,0.646144460241451,0.2018557334567781,840.0000160860001
SCHOOL_325,0,0,0,0,0,0,0,0,0,0,2,3988700.0,-17.718609999999998,24.63167,0.0,0.0,0.0,,0.0,0.0,15.140599,24.02194,24.148906158311824,3.1836586146833037,3.617594486963272,0.6308200112643485,0.8989250679063517,3988.7000763836045
SCHOOL_326,0,0,0,0,0,0,0,0,0,0,1,3531100.0,-17.711943999999995,24.5325,0.0,0.0,0.0,,0.0,0.0,16.648842,18.974714,22.259615520136165,2.7802536371847197,3.029925872385835,0.6448662206255674,0.8737893511372714,3531.1000676205654
SCHOOL_327,0,0,0,0,0,0,0,0,0,0,2,4469800.0,-17.709444501771717,24.530138499436394,0.0,0.0,0.0,,0.0,0.0,21.074731,24.018985,28.17699354752814,3.519368892723795,3.8348907886871415,0.6448558618281196,1.1060731168618323,4469.800085596669
SCHOOL_328,0,0,0,0,0,0,0,0,0,0,2,4979000.0,-17.701943999999994,24.013889,0.0,0.0,0.0,,0.0,0.0,9.59873,158.571034,85.75291030110307,15.899932634000052,5.340685127741142,1.7603846519412394,2.3107648594316292,4979.000095347849
SCHOOL_329,0,0,0,0,0,0,0,0,0,0,1,1432700.0,-17.77722199999999,25.188611,0.0,0.0,0.0,,0.0,0.0,6.014319,8.069914,8.763111085827191,1.1220533032125388,1.2809995806063068,0.6329564983186104,0.3355119668812126,1432.700027436205
SCHOOL_330,0,0,0,0,0,0,0,0,0,0,1,2140600.0,-17.766389000000007,25.178889,0.0,0.0,0.0,,0.0,0.0,8.986073,12.057119,13.092789310014124,1.6764555225479418,1.91353652108265,0.6329338714261691,0.50126052341292,2140.6000409924904
SCHOOL_331,0,0,0,0,0,0,0,0,0,0,2,1680000.0,-17.69,24.903035999999997,0.0,0.0,0.0,,0.0,0.0,3.264267,53.503085,28.90709025059224,5.366342984082694,1.8056871614743624,1.759321708396363,0.7786883144604769,1680.0000321720001
SCHOOL_332,0,0,0,0,0,0,0,0,0,0,1,840000.0,-17.676943999999995,25.029999989999997,0.0,0.0,0.0,,0.0,0.0,1.828895,26.751413,14.60735940576464,2.694315013119289,0.8826860537110066,1.7729891817038888,0.3970268963623031,840.0000160860001
SCHOOL_333,0,0,0,0,0,0,0,0,0,0,2,2172400.0,-17.64667,24.87556,0.0,0.0,0.0,,0.0,0.0,3.881063,38.604639,22.244593268240664,3.958014626152356,2.380936682059073,1.077464303751549,0.6279867207199088,2172.40004160146
SCHOOL_334,0,0,0,0,0,0,0,0,0,0,2,8123299.999999999,-17.796667000000003,23.390278,0.0,0.0,0.0,,0.0,0.0,12.737243,144.485901,81.86920495750654,14.713650666131612,8.884819513995152,1.0635826269569415,2.2796727317215906,8123.300155561194
SCHOOL_335,0,0,0,0,0,0,0,0,0,0,1,831000.0,-17.773610999999992,23.396666999999997,0.0,0.0,0.0,,0.0,0.0,1.304778,14.780032,8.37596244928001,1.5052076453111776,0.9083475499801508,1.0636126485066555,0.2332596672791932,831.00001591365
SCHOOL_336,0,0,0,0,0,0,0,0,0,0,2,2341200.0,-17.752500000000005,23.396667000000004,0.0,0.0,0.0,,0.0,0.0,3.680338,41.638661,23.60054058624473,4.240760039425981,2.5589285201431244,1.0636999557891382,0.6573412210252416,2341.2000448339795
SCHOOL_337,0,0,0,0,0,0,0,0,0,0,1,1123400.0,-17.736666999999997,23.417778,0.0,0.0,0.0,,0.0,0.0,1.89105,19.935766,11.411399936182075,2.037345281312563,1.2236147128353227,1.069617084770709,0.3211595378061643,1123.40002151311
SCHOOL_338,0,0,0,0,0,0,0,0,0,0,2,2960500.0,-17.693332999999996,23.4175,0.0,0.0,0.0,,0.0,0.0,5.057045,52.481346,30.143377531017936,5.36884100861433,3.267116985469668,1.0728233749569718,0.8461975341396205,2960.500056693575
SCHOOL_339,0,0,0,0,0,0,0,0,0,0,1,840000.0,-17.661943999999995,23.438611,0.0,0.0,0.0,,0.0,0.0,1.434948,14.891054,8.552830140187273,1.5233336345521558,0.9270699853684288,1.072833727145997,0.240138545821399,840.0000160860001
SCHOOL_340,0,0,0,0,0,0,0,0,0,0,1,1332100.0,-17.681110999999994,24.084999999999997,0.0,0.0,0.0,,0.0,0.0,4.930837,7.030032,7.510251870363889,0.960003258035826,1.2162778120327302,0.5908711955780488,0.2859426442079639,1332.1000255097151
SCHOOL_341,0,0,0,0,0,0,0,0,0,0,2,3247500.0,-17.664722000000005,24.134722,0.0,0.0,0.0,,0.0,0.0,5.661315,57.635603,33.18032388987858,5.902246490125305,3.5417458843041563,1.0748725134372443,0.934345072977,3247.5000621896247
SCHOOL_342,0,0,0,0,0,0,0,0,0,0,1,955600.0,-17.659167,24.288609999999995,0.0,0.0,0.0,,0.0,0.0,3.69198,5.84169,5.780462674382985,0.7772175059320413,0.876698996716113,0.6320303925628741,0.220986379768311,955.60001829974
SCHOOL_343,0,0,0,0,0,0,0,0,0,0,1,1714800.0,-17.632777999999995,24.411389000000003,0.0,0.0,0.0,,0.0,0.0,7.559273,9.33552,10.50076830610919,1.332096502004999,1.490737665867384,0.6306843070238112,0.4069201773383443,1714.80003283842
SCHOOL_344,0,0,0,0,0,0,0,0,0,0,1,1222300.0,-17.609444,24.213056,0.0,0.0,0.0,,0.0,0.0,2.268072,38.926321,20.94527039288772,3.898281915596455,1.3335507271212763,1.7546494900795633,0.5621440825429813,1222.3000234070448
SCHOOL_345,0,0,0,0,0,0,0,0,0,0,2,3086100.0,-17.599439999999998,24.585560000000005,0.0,0.0,0.0,,0.0,0.0,5.795905,98.285371,52.98523534920461,9.846561259107215,3.3412578372725648,1.7567210907132715,1.4232758259475862,3086.100059098815
SCHOOL_346,0,0,0,0,0,0,0,0,0,0,2,5523000.0,-17.576111,24.241389,0.0,0.0,0.0,,0.0,0.0,25.194079,30.635292,34.58759536978706,4.393336861915114,4.757541829100476,0.6427247019371781,1.3424126308856132,5523.000105765451
SCHOOL_347,0,0,0,0,0,0,0,0,0,0,2,3186500.0,-17.644444000000004,25.024167,0.0,0.0,0.0,,0.0,0.0,6.454601,101.479889,55.08771667967729,10.19339872320889,3.4170454881952423,1.766064586835108,1.4862902357805738,3186.500061021475
SCHOOL_348,0,0,0,0,0,0,0,0,0,0,2,3108600.0,-17.578611,24.917222,0.0,0.0,0.0,,0.0,0.0,6.114761,44.804182,27.428669050976357,4.685254114692636,3.305424714247261,0.9323431888017852,0.8042054353689907,3108.6000595296905
SCHOOL_349,0,0,0,0,0,0,0,0,0,0,2,1589500.0,-17.555000000000003,24.865833,0.0,0.0,0.0,,0.0,0.0,3.166608,22.909051,14.018653841080566,2.3972953958782264,1.6659922872954522,0.9307432657183016,0.4127811408879529,1589.5000304389248
SCHOOL_350,0,0,0,0,0,0,0,0,0,0,2,3766600.000000001,-17.550829999999998,24.81444,0.0,0.0,0.0,,0.0,0.0,7.523553,54.28806,33.27976071046336,5.685171903277783,3.9691250216587166,0.9326389171278078,0.978595053746053,3766.600072130391
SCHOOL_351,0,0,0,0,0,0,0,0,0,0,2,3457900.0,-17.569443999999997,24.544167,0.0,0.0,0.0,,0.0,0.0,6.507817,110.131109,59.33023436494041,11.033580503113482,3.665437678775131,1.753915570236325,1.5945649909904065,3457.900066218785
SCHOOL_352,0,0,0,0,0,0,0,0,0,0,1,840000.0,-17.569443999999997,24.699167,0.0,0.0,0.0,,0.0,0.0,4.594699,4.568704,5.8742792100398775,0.7026075331648192,0.7072760761614488,0.7024772761260571,0.2366310187664105,840.0000160860001
SCHOOL_353,0,0,0,0,0,0,0,0,0,0,2,5678400.0,-17.551667,24.443056,0.0,0.0,0.0,,0.0,0.0,15.367313,103.630432,64.39201791115865,10.908487300514851,5.728430316796932,1.1664239476728084,1.9232155705549665,5678.400108741359
SCHOOL_354,0,0,0,0,0,0,0,0,0,0,1,2367800.0,-17.548330000000004,24.35278,0.0,0.0,0.0,,0.0,0.0,10.59582,12.38308,14.358617775967682,1.7991638674495554,2.0708493548452465,0.6247448514643327,0.5612091048495585,2367.8000453433697
SCHOOL_355,0,0,0,0,0,0,0,0,0,0,2,6493299.999999999,-17.542460000000002,24.316479999999995,0.0,0.0,0.0,,0.0,0.0,41.482354,32.56752,47.53530300917428,5.502683525553828,5.203406225448225,0.725563408919143,1.972765655136182,6493.300124346695
SCHOOL_356,0,0,0,0,0,0,0,0,0,0,2,4233000.0,-17.49971999999999,24.35556,0.0,0.0,0.0,,0.0,0.0,12.951068,76.827918,48.79039571623719,8.17387537519171,4.080107907071996,1.1782499631680976,1.4766310371190885,4233.000081061951
SCHOOL_357,0,0,0,0,0,0,0,0,0,0,1,3871000.0,-17.493056,24.313333,0.0,0.0,0.0,,0.0,0.0,17.388228,22.608418,24.6145300785252,3.174024659972605,3.384485732422846,0.6538192298299016,0.9452544653633188,3871.0000741296503
SCHOOL_358,0,0,0,0,0,0,0,0,0,0,2,1680000.0,-17.49069450029354,24.310416998800175,0.0,0.0,0.0,,0.0,0.0,7.546416,9.811997,10.682808431066317,1.377523194973821,1.4691465509423811,0.6538387486286382,0.4103367327608155,1680.0000321720001
SCHOOL_359,0,0,0,0,0,0,0,0,0,0,1,973900.0,-17.47256406999999,24.23900426,0.0,0.0,0.0,,0.0,0.0,1.804921,31.015553,16.691363732772032,3.1059301778109756,1.0601660264677657,1.75466552075907,0.4478743707868626,973.9000186501851
SCHOOL_360,0,0,0,0,0,0,0,0,0,0,2,16744099.999999998,-18.771110000000004,17.96194,0.0,0.0,0.0,,0.0,0.0,112.953222,83.939785,126.4958980393343,15.041261824100118,12.380561779482566,0.7393885228023749,6.054558693483123,16744.100320649515
SCHOOL_361,0,0,0,0,0,0,0,0,0,0,1,2410000.0,-18.71667,17.39861,0.0,0.0,0.0,,0.0,0.0,9.509169,12.221836,13.696089943086232,1.7220240363597137,1.9316511618490495,0.58436459199742,0.5297487874127234,2410.0000461515
SCHOOL_362,0,0,0,0,0,0,0,0,0,0,1,840000.0,-18.68195,17.420180000000002,0.0,0.0,0.0,,0.0,0.0,1.251712,14.808652,8.330577092182262,1.5048184831499494,0.9114856569194212,1.048130117739872,0.2316224659131644,840.0000160860001
SCHOOL_363,0,0,0,0,0,0,0,0,0,0,2,15102099.999999998,-18.60639,17.16222,0.0,0.0,0.0,,0.0,0.0,91.635167,70.653272,105.02441807358566,12.49567471557735,11.006417205047196,0.6856800661545589,4.850819528744207,15102.100289205215
SCHOOL_364,0,0,0,0,0,0,0,0,0,0,1,1213600.0,-18.58657,17.71803,0.0,0.0,0.0,,0.0,0.0,1.938041,21.34452,12.12589547920145,2.17682204036789,1.2838549593525008,1.0520395106809914,0.3378627847256957,1213.6000232404401
SCHOOL_365,0,0,0,0,0,0,0,0,0,0,1,1824000.0,-18.501039999999996,18.03849,0.0,0.0,0.0,,0.0,0.0,7.938347,9.929487,11.265541592298398,1.4110744760622995,1.443687200182995,0.628051035840318,0.4384399281623038,1824.0000349296001
SCHOOL_366,0,0,0,0,0,0,0,0,0,0,2,13671000.0,-18.48972,17.06056,0.0,0.0,0.0,,0.0,0.0,26.626354,247.500457,144.5434792353636,25.476893448927367,13.501481185566137,1.098730228402104,4.124168928444321,13671.000261799649
SCHOOL_367,0,0,0,0,0,0,0,0,0,0,1,840000.0,-18.472425999999995,17.243245,0.0,0.0,0.0,,0.0,0.0,4.996336,3.912647,5.760052994439148,0.6621182591526255,0.6112800938038762,0.6771579611205243,0.2399329985262362,840.0000160860001
SCHOOL_368,0,0,0,0,0,0,0,0,0,0,1,1260400.0,-18.464979999999997,16.94558,0.0,0.0,0.0,,0.0,0.0,6.915981,6.486281,8.493599055128586,1.0400936403723864,0.9357529043630508,0.670562847214088,0.3752117887639974,1260.40002413666
SCHOOL_369,0,0,0,0,0,0,0,0,0,0,1,2710700.0,-18.44214,17.12272,0.0,0.0,0.0,,0.0,0.0,13.888305,17.290626,19.222463579241413,2.4608797724577105,2.04340430368989,0.7098815805545677,0.7444819500058931,2710.700051909905
SCHOOL_370,0,0,0,0,0,0,0,0,0,0,2,8138000.0,-18.43972,16.77611,0.0,0.0,0.0,,0.0,0.0,14.652436,147.217831,84.95285525807881,15.08479155668219,8.33758011669649,1.0903102977445829,2.4027031342873775,8138.000155842701
SCHOOL_371,0,0,0,0,0,0,0,0,0,0,1,840000.0,-18.437175,16.832097,0.0,0.0,0.0,,0.0,0.0,2.170796,5.793916,4.75953871668664,0.6841563198686974,0.7412937153603907,0.6001048124145694,0.1644982778214588,840.0000160860001
SCHOOL_372,0,0,0,0,0,0,0,0,0,0,1,3939100.0,-18.394439999999996,16.77806,0.0,0.0,0.0,,0.0,0.0,18.092084,26.418532,27.25412130345912,3.5828632998533334,3.0167874362048117,0.6976997919055048,1.0298042628534243,3939.100075433765
SCHOOL_373,0,0,0,0,0,0,0,0,0,0,1,1353700.0,-18.378329999999995,16.65944,0.0,0.0,0.0,,0.0,0.0,9.094575,6.180889,9.89691542394955,1.121297657932202,0.9679632697825928,0.7148868457024918,0.4281092150209911,1353.700025923355
SCHOOL_374,0,0,0,0,0,0,0,0,0,0,1,1643000.0,-18.37036,16.81828,0.0,0.0,0.0,,0.0,0.0,3.109598,52.324481,28.20179639440009,5.243338190753757,1.6827315660089148,1.7515197137370326,0.7579817701446347,1643.0000314634503
SCHOOL_375,0,0,0,0,0,0,0,0,0,0,1,840000.0,-18.36069,17.91859,0.0,0.0,0.0,,0.0,0.0,3.669063,4.261614,5.035920223458566,0.6215268417378449,0.6561449940396461,0.6094562010164799,0.1992847304313107,840.0000160860001
SCHOOL_376,0,0,0,0,0,0,0,0,0,0,1,1402600.0,-18.41306,16.49528,0.0,0.0,0.0,,0.0,0.0,8.38705,7.825333,10.38749756663988,1.2609876155272743,1.0694574827008407,0.7320910901493857,0.454160326907308,1402.6000268597904
SCHOOL_377,0,0,0,0,0,0,0,0,0,0,2,3337100.0,-18.40483900000001,16.539187,0.0,0.0,0.0,,0.0,0.0,21.103085,17.444999,24.570725276399923,2.913143116676579,2.399991582727133,0.7224229600140579,1.0909049272028724,3337.100063905465
SCHOOL_378,0,0,0,0,0,0,0,0,0,0,1,726200.0,-18.399699999999996,16.61167,0.0,0.0,0.0,,0.0,0.0,1.074879,12.784148,7.205443146050204,1.2988679072136025,0.7762025398751865,1.0469589440357998,0.1999799053379197,726.2000139067301
SCHOOL_379,0,0,0,0,0,0,0,0,0,0,1,840000.0,-18.399165,16.579433,0.0,0.0,0.0,,0.0,0.0,5.475138,3.822909,6.025574828024939,0.6809284879818241,0.5942795418412473,0.7022823138957618,0.2552069959876745,840.0000160860001
SCHOOL_380,0,0,0,0,0,0,0,0,0,0,2,6821800.0,-18.387571,16.621499,0.0,0.0,0.0,,0.0,0.0,10.100288,120.092796,67.68746988497891,12.201382143526573,7.29320952145606,1.046986695231998,1.8788025705661724,6821.80013063747
SCHOOL_381,0,0,0,0,0,0,0,0,0,0,2,2383800.0,-18.387225999999995,16.482917,0.0,0.0,0.0,,0.0,0.0,16.332883,10.95042,17.80533818388103,2.077001973385025,1.713445581556979,0.7284123638971047,0.8575120240448468,2383.80004564977
SCHOOL_382,0,0,0,0,0,0,0,0,0,0,2,13853000.0,-18.382753,16.411209,0.0,0.0,0.0,,0.0,0.0,27.554837,250.877239,146.7457146806641,25.851750023743524,13.42274024554999,1.0989406634859562,4.199408487427322,13853.000265284953
SCHOOL_383,0,0,0,0,0,0,0,0,0,0,1,871000.0,-18.372622,16.35023,0.0,0.0,0.0,,0.0,0.0,3.766672,5.546615,5.805223489484303,0.750372491415676,0.7015866116453651,0.6764363884948931,0.220457327874708,871.0000166796498
SCHOOL_384,0,0,0,0,0,0,0,0,0,0,1,840000.0,-18.37251,16.53453,0.0,0.0,0.0,,0.0,0.0,6.298256,3.783341,6.54209625353827,0.7712462131298395,0.5968288521495801,0.7556207350167773,0.3294831738709424,840.0000160860001
SCHOOL_385,0,0,0,0,0,0,0,0,0,0,1,2005900.0,-18.367059,16.277209,0.0,0.0,0.0,,0.0,0.0,4.01,36.395968,21.246178509350543,3.7518426825238778,1.9234269266727193,1.0984394689935124,0.6059929716451398,2005.9000384129847
SCHOOL_386,0,0,0,0,0,0,0,0,0,0,2,18175200.0,-18.357032,16.583384,0.0,0.0,0.0,,0.0,0.0,118.467019,82.716679,130.37670561898022,14.733389661016432,12.859748037028934,0.7022903022484301,5.521977831956449,18175.20034805508
SCHOOL_387,0,0,0,0,0,0,0,0,0,0,1,6109900.0,-18.353889999999996,16.58306,0.0,0.0,0.0,,0.0,0.0,39.82466,27.806602,43.828324382999135,4.952836904614019,4.322850528362326,0.7022877105755827,1.8562799607442728,6109.900117004586
SCHOOL_388,0,0,0,0,0,0,0,0,0,0,1,701900.0,-18.350667999999995,16.475168,0.0,0.0,0.0,,0.0,0.0,4.809159,3.224306,5.242601471462713,0.6117011295784271,0.5043270921318932,0.7283872071659833,0.2525421010738721,701.900013441385
SCHOOL_389,0,0,0,0,0,0,0,0,0,0,2,2647600.0,-18.340175999999992,16.435708,0.0,0.0,0.0,,0.0,0.0,13.138879,12.757586,16.508216083012332,1.9848772650775783,1.9411998781505064,0.6241067574877988,0.6993111943105098,2647.60005070154
SCHOOL_390,0,0,0,0,0,0,0,0,0,0,1,1000400.0,-18.335296,16.629255,0.0,0.0,0.0,,0.0,0.0,7.073514,4.847566,7.673402317772064,0.9258957671214202,0.7178666621871798,0.7480498683348054,0.3793836888419341,1000.4000191576599
SCHOOL_391,0,0,0,0,0,0,0,0,0,0,1,5004100.0,-18.327530000000003,16.54583,0.0,0.0,0.0,,0.0,0.0,35.618698,22.256194,37.70257492001357,4.470764605492719,3.5708095090450502,0.7335048653428369,1.9057730870379643,5004.100095828516
SCHOOL_392,0,0,0,0,0,0,0,0,0,0,1,812300.0,-18.324626,16.317622,0.0,0.0,0.0,,0.0,0.0,2.856925,5.918247,5.312610944499964,0.7344737141915051,0.6828862187477163,0.6738148974115025,0.1929098434840036,812.3000155555449
SCHOOL_393,0,0,0,0,0,0,0,0,0,0,1,706400.0,-18.309963999999997,16.405557,0.0,0.0,0.0,,0.0,0.0,3.505519,3.403861,4.404518120136936,0.5295810964098576,0.517978778806967,0.6241130699352113,0.186580069045644,706.4000135275598
SCHOOL_394,0,0,0,0,0,0,0,0,0,0,1,1201300.0,-18.304653999999992,16.265252,0.0,0.0,0.0,,0.0,0.0,5.600622,5.706759,7.222730321630108,0.8697720794650733,0.8956384931514384,0.6062909297929044,0.2893673246686074,1201.300023004895
SCHOOL_395,0,0,0,0,0,0,0,0,0,0,2,1456100.0,-18.302648,16.622349,0.0,0.0,0.0,,0.0,0.0,10.297617,7.053125,11.168827305371048,1.3476470828427238,1.044153869944349,0.7480084897572035,0.5522485007945107,1456.1000278843148
SCHOOL_396,0,0,0,0,0,0,0,0,0,0,1,1249100.0,-18.29278,16.55028,0.0,0.0,0.0,,0.0,0.0,2.48896,22.62356,13.204135372946135,2.331556693432802,1.2254048558658064,1.098264752236337,0.3767274863535073,1249.1000239202651
SCHOOL_397,0,0,0,0,0,0,0,0,0,0,2,1680000.0,-18.292779999999993,16.49778,0.0,0.0,0.0,,0.0,0.0,9.942605,8.035721,11.461701153861304,1.3901472714087415,1.2387014176220108,0.6749836156496803,0.5471409445769186,1680.0000321720001
SCHOOL_398,0,0,0,0,0,0,0,0,0,0,2,2771500.0,-18.35027999999999,16.70278,0.0,0.0,0.0,,0.0,0.0,12.281131,16.323451,17.69582986129306,2.2763173040368887,2.1219413943842977,0.6469219914692026,0.680360864722366,2771.5000530742254
SCHOOL_399,0,0,0,0,0,0,0,0,0,0,2,4765800.0,-18.32546499999999,16.775136,0.0,0.0,0.0,,0.0,0.0,9.022667,86.213786,50.09005394686509,8.86003644658445,4.71040022527578,1.0934149832344826,1.423825743466511,4765.800091265071
SCHOOL_400,0,0,0,0,0,0,0,0,0,0,1,840000.0,-18.30261,16.95378,0.0,0.0,0.0,,0.0,0.0,4.829048,4.234203,5.798344230685613,0.6849982595728462,0.6164676223958492,0.6834107829405248,0.2435609650564971,840.0000160860001
SCHOOL_401,0,0,0,0,0,0,0,0,0,0,1,840000.0,-18.296432000000003,17.185708,0.0,0.0,0.0,,0.0,0.0,5.458153,4.185673,6.239752770435369,0.7325086863792594,0.6151482818628863,0.7272656676203034,0.2911909224566961,840.0000160860001
SCHOOL_402,0,0,0,0,0,0,0,0,0,0,1,1864300.0,-18.264499999999995,16.82668,0.0,0.0,0.0,,0.0,0.0,6.230392,10.863505,10.587089978721924,1.4048386580366352,1.5315121352604764,0.5898196137001674,0.3905452904793398,1864.300035701345
SCHOOL_403,0,0,0,0,0,0,0,0,0,0,1,6363000.0,-18.258421,17.967693,0.0,0.0,0.0,,0.0,0.0,22.543833,35.251236,36.11490172425023,4.691363541102785,5.277294607913143,0.5883910632812693,1.368535779641411,6363.000121851451
SCHOOL_404,0,0,0,0,0,0,0,0,0,0,1,748700.0,-18.249939,16.659323,0.0,0.0,0.0,,0.0,0.0,1.474277,13.545221,7.905332700531028,1.3952723157089664,0.7287561330023641,1.0964002616429511,0.2253805848053067,748.7000143376049
SCHOOL_405,0,0,0,0,0,0,0,0,0,0,1,840000.0,-18.241580999999996,16.729022,0.0,0.0,0.0,,0.0,0.0,3.96059,4.842438,5.543659181738495,0.6953902798741403,0.6362059683272085,0.6631053561663467,0.222718410519244,840.0000160860001
SCHOOL_406,0,0,0,0,0,0,0,0,0,0,1,1216900.0,-18.29222,16.21639,0.0,0.0,0.0,,0.0,0.0,2.350558,22.077503,12.819906813665616,2.2708935502622434,1.2070582938924412,1.0963076156640172,0.3642993911537109,1216.9000233036352
SCHOOL_407,0,0,0,0,0,0,0,0,0,0,1,1175900.0,-18.291862,16.3745,0.0,0.0,0.0,,0.0,0.0,5.369778,6.505096,7.429802932379455,0.934018046341962,0.8919829670855853,0.6384151168137153,0.2897978388854783,1175.900022518485
SCHOOL_408,0,0,0,0,0,0,0,0,0,0,1,1797400.0,-18.28884500000001,16.147829,0.0,0.0,0.0,,0.0,0.0,9.503725,10.29936,12.671162472761246,1.5365981863559128,1.3203052092666576,0.6997276400112212,0.5070520822704736,1797.4000344202095
SCHOOL_409,0,0,0,0,0,0,0,0,0,0,1,2633000.0,-18.28023,16.32118,0.0,0.0,0.0,,0.0,0.0,5.068829,47.73833,27.815366662524845,4.910128720117745,2.6024119919677946,1.098236868478479,0.7918818798687932,2633.0000504219506
SCHOOL_410,0,0,0,0,0,0,0,0,0,0,1,840000.0,-18.277848,16.426144,0.0,0.0,0.0,,0.0,0.0,5.054886,3.987883,5.733186594320853,0.7087021171311676,0.6140596979463143,0.674821499221501,0.2858703768122661,840.0000160860001
SCHOOL_411,0,0,0,0,0,0,0,0,0,0,1,4114100.000000001,-18.253196000000003,16.233492,0.0,0.0,0.0,,0.0,0.0,7.947837,74.63887,43.34112822880063,7.677318520376877,4.080117854918356,1.0962819217443112,1.2315912741361217,4114.100078785015
SCHOOL_412,0,0,0,0,0,0,0,0,0,0,2,15328900.0,-18.249689,16.433805,0.0,0.0,0.0,,0.0,0.0,30.621331,277.363514,161.88160048072086,28.589879287110428,15.04122142230615,1.0972995666957344,4.621147892338451,15328.900293548437
SCHOOL_413,0,0,0,0,0,0,0,0,0,0,1,2545100.0,-18.247252000000003,16.357567,0.0,0.0,0.0,,0.0,0.0,14.648499,12.079847,16.95074300029302,2.081892608160881,1.8737582663278367,0.6608997201148894,0.8170433327790021,2545.100048738665
SCHOOL_414,0,0,0,0,0,0,0,0,0,0,2,4146100.000000001,-18.243975,16.238073,0.0,0.0,0.0,,0.0,0.0,7.478898,75.306673,43.32557924764188,7.716538641197364,4.174605164827462,1.0904171105315985,1.2211806258937052,4146.100079397817
SCHOOL_415,0,0,0,0,0,0,0,0,0,0,1,1718800.0,-18.243311,16.547049,0.0,0.0,0.0,,0.0,0.0,9.190719,9.81315,12.109594219393315,1.4750663754265725,1.3284322327049474,0.7026648637141237,0.4886495413817024,1718.8000329150202
SCHOOL_416,0,0,0,0,0,0,0,0,0,0,1,2512100.0,-18.241979,16.24027,0.0,0.0,0.0,,0.0,0.0,4.531281,45.627482,26.25046783770157,4.675381164485021,2.52868770499686,1.090386421029801,0.7398447029318336,2512.1000481067144
SCHOOL_417,0,0,0,0,0,0,0,0,0,0,2,4462500.0,-18.240938,16.166122,0.0,0.0,0.0,,0.0,0.0,20.60838,30.350893,31.176758965653296,4.175416240340816,3.396668583759961,0.7020719837945508,1.3304320113689625,4462.500085456874
SCHOOL_418,0,0,0,0,0,0,0,0,0,0,2,3583300.0,-18.240909999999996,16.31565,0.0,0.0,0.0,,0.0,0.0,18.94804,17.188716,22.916710615882497,2.8344891050599834,2.6642483254761644,0.6388682103814796,1.0740998301000475,3583.300068620196
SCHOOL_419,0,0,0,0,0,0,0,0,0,0,2,8298600.0,-18.224428000000003,16.408877,0.0,0.0,0.0,,0.0,0.0,16.514382,150.161922,87.63437796507712,15.477528457098789,8.139313838218206,1.0972521441049865,2.4993466474067767,8298.600158918189
SCHOOL_420,0,0,0,0,0,0,0,0,0,0,1,2385100.0,-18.212302999999995,16.117968,0.0,0.0,0.0,,0.0,0.0,9.874107,15.385563,15.599575191703495,2.049080087670496,1.8333970627980791,0.6633313888357876,0.5863682749576782,2385.100045674665
SCHOOL_421,0,0,0,0,0,0,0,0,0,0,1,1671100.0,-18.20538,16.509857,0.0,0.0,0.0,,0.0,0.0,8.935776,9.540622,11.773517623903931,1.4341188022264169,1.290503832689455,0.70261042990787,0.4750893851618537,1671.1000320015653
SCHOOL_422,0,0,0,0,0,0,0,0,0,0,2,1680000.0,-18.203628,16.453566,0.0,0.0,0.0,,0.0,0.0,10.004813,9.77295,12.157997151792822,1.6152940372164493,1.269283727730495,0.7180969660587924,0.6341054154277194,1680.0000321720001
SCHOOL_423,0,0,0,0,0,0,0,0,0,0,1,624400.0,-18.203060000000004,16.2075,0.0,0.0,0.0,,0.0,0.0,1.126321,11.341152,6.524785546228777,1.1621001258754875,0.6285982524634585,1.0903996055117515,0.1839204189068028,624.4000119572598
SCHOOL_424,0,0,0,0,0,0,0,0,0,0,1,840000.0,-18.198693,16.235914,0.0,0.0,0.0,,0.0,0.0,1.464359,15.256649,8.751467347584235,1.560453733532586,0.8490729817301712,1.087959643101761,0.246149635690169,840.0000160860001
SCHOOL_425,0,0,0,0,0,0,0,0,0,0,1,1689700.0,-18.193329999999992,16.33417,0.0,0.0,0.0,,0.0,0.0,3.380709,30.596565,17.9163670353095,3.1545132615375997,1.6590264234186929,1.1009357777038593,0.512310610955693,1689.7000323577552
SCHOOL_426,0,0,0,0,0,0,0,0,0,0,2,4129799.999999999,-18.186110000000003,16.56944,0.0,0.0,0.0,,0.0,0.0,30.950063,21.98649,33.478047655851825,4.188434895165268,2.950761382064114,0.7882017219336287,1.7403215758598691,4129.8000790856695
SCHOOL_427,0,0,0,0,0,0,0,0,0,0,1,840000.0,-18.186089999999997,16.287983,0.0,0.0,0.0,,0.0,0.0,3.715253,4.975933,5.39226511103458,0.7044195597957511,0.6414067717390646,0.6486582309899428,0.2304937365874283,840.0000160860001
SCHOOL_428,0,0,0,0,0,0,0,0,0,0,2,2116400.0,-18.17821199999999,16.097305,0.0,0.0,0.0,,0.0,0.0,9.895758,14.620068,15.089973253384985,1.9785897624980031,1.5739894970583517,0.7140273174210533,0.5941794936677414,2116.4000405290603
SCHOOL_429,0,0,0,0,0,0,0,0,0,0,1,4691600.0,-18.22639,16.73861,0.0,0.0,0.0,,0.0,0.0,22.121363,27.045786,30.962514814126653,3.8839987776810214,3.553858974523611,0.6631163154982005,1.2437552875911917,4691.600089844139
SCHOOL_430,0,0,0,0,0,0,0,0,0,0,1,840000.0,-18.22583,18.13682,0.0,0.0,0.0,,0.0,0.0,3.538827,4.582703,5.026235145203262,0.6441761933901663,0.6612045361589822,0.6118433189639375,0.1933600280123005,840.0000160860001
SCHOOL_431,0,0,0,0,0,0,0,0,0,0,1,2666300.0,-18.21848,17.00179,0.0,0.0,0.0,,0.0,0.0,13.420731,13.9893,17.488499840672286,2.122743184328345,2.0075415369869205,0.6557937964537197,0.735356299672436,2666.3000510596453
SCHOOL_432,0,0,0,0,0,0,0,0,0,0,1,840000.0,-18.207972,17.898056,0.0,0.0,0.0,,0.0,0.0,3.31011,4.137875,4.703473021755091,0.5881479499808572,0.670981612505757,0.5761299595250734,0.1826373824882074,840.0000160860001
SCHOOL_433,0,0,0,0,0,0,0,0,0,0,1,840000.0,-18.199774,17.356981,0.0,0.0,0.0,,0.0,0.0,1.686615,15.301005,8.93832019875346,1.5776201551630022,0.8205453844963246,1.1043053135657517,0.2576550353832864,840.0000160860001
SCHOOL_434,0,0,0,0,0,0,0,0,0,0,2,2923899.9999999995,-18.192849,16.645518,0.0,0.0,0.0,,0.0,0.0,17.089554,16.793621,21.64366788680228,2.635649708216882,2.2286448951582445,0.7326515476650171,0.9229599380031652,2923.9000559926853
SCHOOL_435,0,0,0,0,0,0,0,0,0,0,1,2387800.0,-18.177247999999995,17.204996,0.0,0.0,0.0,,0.0,0.0,6.032787,14.607336,12.236184386848388,1.756137848857163,2.114655137436782,0.5498908317806163,0.4250331554060632,2387.80004572637
SCHOOL_436,0,0,0,0,0,0,0,0,0,0,1,837400.0,-18.16583,18.33617,0.0,0.0,0.0,,0.0,0.0,1.510852,10.685169,6.563915906727954,1.1203064573388304,0.8629494754976791,0.8352779631902026,0.1932682611906644,837.4000160362101
SCHOOL_437,0,0,0,0,0,0,0,0,0,0,2,8086500.0,-18.137985,16.722762,0.0,0.0,0.0,,0.0,0.0,37.362847,41.170179,50.108829240162656,6.1025468227334745,6.08534094397799,0.6244739338513451,1.985181705147772,8086.500154856474
SCHOOL_438,0,0,0,0,0,0,0,0,0,0,2,14876000.0,-18.791176,18.932902,0.0,0.0,0.0,,0.0,0.0,72.120986,91.526095,102.21627857282095,12.947231945565749,11.731475390689065,0.6919851389174727,3.9506811696155464,14876.000284875401
SCHOOL_439,0,0,0,0,0,0,0,0,0,0,2,3008100.0,-18.733664999999995,18.58763,0.0,0.0,0.0,,0.0,0.0,5.691861,95.798811,51.66126450019364,9.59932297631694,3.074522982437273,1.7520492428799306,1.3897020266141873,3008.1000576051147
SCHOOL_440,0,0,0,0,0,0,0,0,0,0,1,840000.0,-18.65554,19.0621,0.0,0.0,0.0,,0.0,0.0,5.348773,5.180131,6.59176211315386,0.806085872140514,0.6653397806540112,0.7770574643519976,0.2674378149828707,840.0000160860001
SCHOOL_441,0,0,0,0,0,0,0,0,0,0,1,1517300.0,-18.578483,19.132553,0.0,0.0,0.0,,0.0,0.0,2.547276,20.163635,12.192554723128952,2.0969821258301233,1.5889380502754529,0.8566835265127161,0.3539845542293239,1517.3000290562948
SCHOOL_442,0,0,0,0,0,0,0,0,0,0,1,859700.0,-18.571828,19.069854,0.0,0.0,0.0,,0.0,0.0,4.900546,4.376854,5.918483843272087,0.701342012991551,0.6534404871340853,0.6848767418621261,0.2411698290257496,859.7000164632551
SCHOOL_443,0,0,0,0,0,0,0,0,0,0,1,3359600.0,-18.532187000000004,19.179895,0.0,0.0,0.0,,0.0,0.0,18.59821,17.104205,22.78527616226087,2.7094673094710537,2.582571199445138,0.6766958624932923,0.9250179066878236,3359.6000643363404
SCHOOL_444,0,0,0,0,0,0,0,0,0,0,1,2652600.0,-18.433844,19.26586,0.0,0.0,0.0,,0.0,0.0,4.561279,34.639434,21.01393761758184,3.6099670381783344,2.7572797921263557,0.8448882506775961,0.6143807457774753,2652.60005079729
SCHOOL_445,0,0,0,0,0,0,0,0,0,0,1,840000.0,-18.418545999999996,19.145852,0.0,0.0,0.0,,0.0,0.0,2.283774,4.73633,4.256254372561962,0.5879942416697796,0.7544127613147796,0.5429125448408199,0.151946506973874,840.0000160860001
SCHOOL_446,0,0,0,0,0,0,0,0,0,0,1,840000.0,-18.46431,19.36033,0.0,0.0,0.0,,0.0,0.0,1.405737,10.916893,6.589701964157287,1.1368321150999254,0.8788302000307757,0.8386680820140929,0.1915120750756474,840.0000160860001
SCHOOL_447,0,0,0,0,0,0,0,0,0,0,1,840000.0,-18.449901,19.441259,0.0,0.0,0.0,,0.0,0.0,2.750639,5.28925,4.858366927121812,0.6679763319188493,0.7415275198616748,0.6072727328985356,0.1754688718383028,840.0000160860001
SCHOOL_448,0,0,0,0,0,0,0,0,0,0,1,840000.0,-18.4325,19.766110000000005,0.0,0.0,0.0,,0.0,0.0,1.754676,10.904714,6.8617404897613055,1.1553548842263603,0.8403809563125287,0.8623852021353894,0.2056845315215432,840.0000160860001
SCHOOL_449,0,0,0,0,0,0,0,0,0,0,1,1882700.0,-18.372476,19.828813,0.0,0.0,0.0,,0.0,0.0,4.159946,24.237338,15.451224348262048,2.582776586822587,1.855714945740315,0.8638349384060663,0.4657741751940995,1882.700036053705
SCHOOL_450,0,0,0,0,0,0,0,0,0,0,1,1008000.0,-18.354720000000004,19.95889,0.0,0.0,0.0,,0.0,0.0,1.721359,17.750567,10.185367743237826,1.8165316970407248,1.0738775565789926,1.0623959047858424,0.2857224087374479,1008.0000193032
SCHOOL_451,0,0,0,0,0,0,0,0,0,0,1,840000.0,-18.32972199999999,20.621667,0.0,0.0,0.0,,0.0,0.0,2.142746,6.139739,4.856666361305196,0.7159107648253706,0.7902008418303375,0.6178352825601672,0.164408356081883,840.0000160860001
SCHOOL_452,0,0,0,0,0,0,0,0,0,0,1,2415200.0,-18.32482,19.367911,0.0,0.0,0.0,,0.0,0.0,9.69616,14.789944,15.054212017776388,1.9813210503006955,1.9634416060963364,0.6390486587833009,0.5652750799485068,2415.2000462510796
SCHOOL_453,0,0,0,0,0,0,0,0,0,0,1,878300.0,-18.287222,20.694444,0.0,0.0,0.0,,0.0,0.0,3.820441,4.47154,5.2699166476853465,0.649355503662694,0.7119796617884276,0.6124431575481302,0.2068285260922618,878.300016819445
SCHOOL_454,0,0,0,0,0,0,0,0,0,0,1,1975000.0,-18.276856999999996,19.408893,0.0,0.0,0.0,,0.0,0.0,7.022563,11.645802,11.363880386417692,1.525450697422817,1.670602135034985,0.5994524389556831,0.4200015910287439,1975.00003782125
SCHOOL_455,0,0,0,0,0,0,0,0,0,0,1,840000.0,-18.270832999999996,20.615556,0.0,0.0,0.0,,0.0,0.0,1.237526,14.894393,8.389074898162736,1.5123934092208842,0.9152029401014424,1.0550277475150582,0.2322127122124807,840.0000160860001
SCHOOL_456,0,0,0,0,0,0,0,0,0,0,1,1217500.0,-18.406816,19.046607,0.0,0.0,0.0,,0.0,0.0,2.891888,8.547215,6.729322202944472,0.9914661972471948,1.1431255492278043,0.594001259715355,0.2265381825078485,1217.500023315125
SCHOOL_457,0,0,0,0,0,0,0,0,0,0,1,840000.0,-18.383649999999996,19.17565,0.0,0.0,0.0,,0.0,0.0,1.406993,11.051918,6.6795690093575795,1.1499904050629852,0.8819802822946992,0.849018263378319,0.1938503510246723,840.0000160860001
SCHOOL_458,0,0,0,0,0,0,0,0,0,0,1,1015900.0,-18.3786,19.316504,0.0,0.0,0.0,,0.0,0.0,2.654265,6.795983,5.674611979300615,0.8084418569966413,0.927398535279102,0.5945570418748156,0.196554900400789,1015.9000194544851
SCHOOL_459,0,0,0,0,0,0,0,0,0,0,1,840000.0,-18.370364,19.106521,0.0,0.0,0.0,,0.0,0.0,1.486819,11.047424,6.743202272686803,1.1538582849597905,0.8691647368814592,0.8540848115713252,0.1977063195768624,840.0000160860001
SCHOOL_460,0,0,0,0,0,0,0,0,0,0,1,840000.0,-18.318908,19.327292,0.0,0.0,0.0,,0.0,0.0,2.21855,5.498187,4.534392282818531,0.6599852909063414,0.7719082528762982,0.5783405297053443,0.164143304424113,840.0000160860001
SCHOOL_461,0,0,0,0,0,0,0,0,0,0,1,840000.0,-18.3077,19.17323,0.0,0.0,0.0,,0.0,0.0,2.954432,4.656456,4.7189723739423455,0.6182328917564771,0.7095776553195003,0.585124304918632,0.1765828642154974,840.0000160860001
SCHOOL_462,0,0,0,0,0,0,0,0,0,0,1,840000.0,-18.283881999999995,19.289829,0.0,0.0,0.0,,0.0,0.0,1.663339,15.205485,8.90995742489923,1.5667655801944729,0.8486925498130387,1.10350566136914,0.2546072811807404,840.0000160860001
SCHOOL_463,0,0,0,0,0,0,0,0,0,0,1,1237900.0,-18.275021,18.737912,0.0,0.0,0.0,,0.0,0.0,2.276527,16.290577,9.94775087321281,1.706532726198006,1.2545949612415648,0.8533968888384255,0.291704448880539,1237.900023705785
SCHOOL_464,0,0,0,0,0,0,0,0,0,0,1,840000.0,-18.255791999999996,19.31824,0.0,0.0,0.0,,0.0,0.0,1.31764,10.851745,6.5066781229711195,1.1255514852510071,0.8824695714531905,0.8299837947192605,0.1879712041830717,840.0000160860001
SCHOOL_465,0,0,0,0,0,0,0,0,0,0,1,604600.0,-18.242089000000004,19.218433,0.0,0.0,0.0,,0.0,0.0,1.294034,10.955695,6.496247747501217,1.134104282390634,0.5987642355848204,1.113688677527923,0.1872392859878077,604.6000115780902
SCHOOL_466,0,0,0,0,0,0,0,0,0,0,1,952100.0,-18.26639,20.07611,0.0,0.0,0.0,,0.0,0.0,1.870599,12.286753,7.685551610231331,1.2957974447025835,0.971450050293328,0.8550804931505941,0.2294687319652186,952.100018232715
SCHOOL_467,0,0,0,0,0,0,0,0,0,0,1,771000.0,-18.242712,19.992015,0.0,0.0,0.0,,0.0,0.0,1.610675,10.071035,6.314951309939686,1.0664188945664763,0.7818632696423683,0.8659888463711504,0.1889411056392491,771.00001476465
SCHOOL_468,0,0,0,0,0,0,0,0,0,0,1,1192400.0,-18.226344,19.742869,0.0,0.0,0.0,,0.0,0.0,2.160384,15.365777,9.477937797725223,1.6103832165861796,1.2350607079589568,0.8457327320057164,0.2791088959460012,1192.4000228344598
SCHOOL_469,0,0,0,0,0,0,0,0,0,0,1,885400.0,-18.215833,20.322222,0.0,0.0,0.0,,0.0,0.0,2.206817,11.185434,7.2987910324006435,1.2081932812770315,0.8532010045271906,0.8639587005403024,0.2241456158557752,885.40001695541
SCHOOL_470,0,0,0,0,0,0,0,0,0,0,1,843400.0,-18.199722,20.229167,0.0,0.0,0.0,,0.0,0.0,2.428794,5.23463,4.577249007182467,0.6444660250667827,0.763006698832473,0.5780629778619111,0.1618901275834595,843.4000161511099
SCHOOL_471,0,0,0,0,0,0,0,0,0,0,2,15022300.0,-18.197692,19.479912,0.0,0.0,0.0,,0.0,0.0,36.035013,107.247487,83.51105127656056,12.425093921778029,14.065952060401193,0.597459446068542,2.8081309607896485,15022.300287677042
SCHOOL_472,0,0,0,0,0,0,0,0,0,0,1,840000.0,-18.196943999999995,20.692778,0.0,0.0,0.0,,0.0,0.0,4.319661,4.675359,5.612678766793165,0.6973599460989914,0.6753183118193071,0.6740988170886026,0.2225292270958608,840.0000160860001
SCHOOL_473,0,0,0,0,0,0,0,0,0,0,1,840000.0,-18.193611,20.112222,0.0,0.0,0.0,,0.0,0.0,4.047354,4.438618,5.3056992074752305,0.6590146296080787,0.6780464106927095,0.6412151828426891,0.2098341650534383,840.0000160860001
SCHOOL_474,0,0,0,0,0,0,0,0,0,0,1,840000.0,-18.192736000000004,19.865239,0.0,0.0,0.0,,0.0,0.0,1.764047,10.896995,6.86195769805753,1.1552170394509418,0.8284548402737995,0.8612383733947521,0.2053432216622848,840.0000160860001
SCHOOL_475,0,0,0,0,0,0,0,0,0,0,1,840000.0,-18.238888999999997,20.875832999999997,0.0,0.0,0.0,,0.0,0.0,2.813401,5.340975,4.937927008234183,0.6765403386996932,0.7488394375734633,0.6164343803255322,0.1789915817653194,840.0000160860001
SCHOOL_476,0,0,0,0,0,0,0,0,0,0,1,840000.0,-18.236389,21.171111,0.0,0.0,0.0,,0.0,0.0,3.517685,5.302302,5.396707206652608,0.7126704551106848,0.7086100327308521,0.6593742587741868,0.2028825300474034,840.0000160860001
SCHOOL_477,0,0,0,0,0,0,0,0,0,0,1,840000.0,-18.219167,20.854721999999995,0.0,0.0,0.0,,0.0,0.0,2.813469,5.34106,4.938175656575711,0.6765470977852123,0.7491019966231405,0.6164694467863555,0.1791577475415996,840.0000160860001
SCHOOL_478,0,0,0,0,0,0,0,0,0,0,1,840000.0,-18.218889,20.941944,0.0,0.0,0.0,,0.0,0.0,3.282401,4.670453,4.965428039802026,0.6381513540609515,0.7124977268323498,0.6107376511677155,0.1889137736268734,840.0000160860001
SCHOOL_479,0,0,0,0,0,0,0,0,0,0,1,840000.0,-18.217778,21.355278,0.0,0.0,0.0,,0.0,0.0,2.422267,15.225149,9.483380849934363,1.61159970335591,0.7936620579576186,1.1567211905940198,0.2839549548800771,840.0000160860001
SCHOOL_480,0,0,0,0,0,0,0,0,0,0,2,3438899.9999999995,-18.206943999999996,20.989167,0.0,0.0,0.0,,0.0,0.0,13.510776,18.627697,19.958864682622625,2.5689549535966583,2.9163861796008956,0.6009702498197332,0.7612026724287427,3438.9000658549353
SCHOOL_481,0,0,0,0,0,0,0,0,0,0,1,840000.0,-18.201389,20.774167,0.0,0.0,0.0,,0.0,0.0,3.629776,4.246404,4.991284647153963,0.6167573802549254,0.6853946793069733,0.607799587087127,0.195749188608501,840.0000160860001
SCHOOL_482,0,0,0,0,0,0,0,0,0,0,1,840000.0,-18.197777999999996,21.130277999999997,0.0,0.0,0.0,,0.0,0.0,2.784683,4.86127,4.664327938555582,0.6284488091048832,0.763222938756867,0.5866021608694992,0.1709731901489056,840.0000160860001
SCHOOL_483,0,0,0,0,0,0,0,0,0,0,1,840000.0,-18.185833,21.075833000000003,0.0,0.0,0.0,,0.0,0.0,3.313212,5.584439,5.4369512784024225,0.7285807352619057,0.7061799585135433,0.6647125233219116,0.2030512117870513,840.0000160860001
SCHOOL_484,0,0,0,0,0,0,0,0,0,0,1,840000.0,-18.246944000000003,21.518332999999995,0.0,0.0,0.0,,0.0,0.0,2.787653,6.236813,5.334896764704531,0.7618380118263158,0.7535566222908889,0.6641042807163287,0.1877327704870077,840.0000160860001
SCHOOL_485,0,0,0,0,0,0,0,0,0,0,1,840000.0,-18.195150000000005,21.44443,0.0,0.0,0.0,,0.0,0.0,2.893131,5.841739,5.193990556351941,0.7294659684453889,0.7619693797643827,0.6478074831072057,0.186363240155675,840.0000160860001
SCHOOL_486,0,0,0,0,0,0,0,0,0,0,1,840000.0,-18.171944,21.601667,0.0,0.0,0.0,,0.0,0.0,2.874804,4.551213,4.60066202793542,0.6035317906088418,0.7329487090326815,0.5746927352030838,0.1715961326063136,840.0000160860001
SCHOOL_487,0,0,0,0,0,0,0,0,0,0,1,2110800.0,-18.146389999999997,21.673609999999996,0.0,0.0,0.0,,0.0,0.0,3.351979,37.402144,21.211126029330455,3.8119121820366906,2.283839252419039,1.0597280619599414,0.5911503799862684,2110.8000404218196
SCHOOL_488,0,0,0,0,0,0,0,0,0,0,1,698500.0,-18.137334,21.537337,0.0,0.0,0.0,,0.0,0.0,2.035781,12.668186,7.938870105765546,1.3421355569412063,0.6603960265849959,1.163145632696189,0.2379559245846438,698.500013376275
SCHOOL_489,0,0,0,0,0,0,0,0,0,0,1,840000.0,-18.128888999999997,21.428333,0.0,0.0,0.0,,0.0,0.0,4.016853,5.179612,5.65751619421354,0.7290525717244429,0.6913412550232856,0.6837998483481141,0.2177576142464933,840.0000160860001
SCHOOL_490,0,0,0,0,0,0,0,0,0,0,1,4755000.0,-18.124166999999996,21.568056,0.0,0.0,0.0,,0.0,0.0,7.604154,84.229648,48.019307117497334,8.587030982481322,5.162881933571558,1.06404141796379,1.3417331830137076,4755.000091058249
SCHOOL_491,0,0,0,0,0,0,0,0,0,0,2,8765800.0,-18.111389999999997,21.61722,0.0,0.0,0.0,,0.0,0.0,32.833618,64.115973,58.029583702763354,8.068334938448647,7.570542013811602,0.6836835784796871,2.0916761759739755,8765.80016786507
SCHOOL_492,0,0,0,0,0,0,0,0,0,0,1,840000.0,-18.184166999999995,20.863611,0.0,0.0,0.0,,0.0,0.0,1.54376,14.782166,8.550574449223824,1.5185896434786783,0.866708508532904,1.065845919256548,0.242881858639408,840.0000160860001
SCHOOL_493,0,0,0,0,0,0,0,0,0,0,1,840000.0,-18.175019999999996,21.15724,0.0,0.0,0.0,,0.0,0.0,3.004041,6.005347,5.359801732545907,0.7516726877426454,0.7353981810677905,0.6633254052020993,0.192127962373001,840.0000160860001
SCHOOL_494,0,0,0,0,0,0,0,0,0,0,1,840000.0,-18.161120000000004,21.38933,0.0,0.0,0.0,,0.0,0.0,3.149651,5.594041,5.260715528567261,0.7200870050963899,0.7492209316046453,0.6516748846243956,0.192161488622027,840.0000160860001
SCHOOL_495,0,0,0,0,0,0,0,0,0,0,1,840000.0,-18.15972199999999,21.34333,0.0,0.0,0.0,,0.0,0.0,2.887738,6.2347,5.383545339471496,0.7672909139753417,0.7502197496600418,0.6689124582808273,0.1902598225546558,840.0000160860001
SCHOOL_496,0,0,0,0,0,0,0,0,0,0,1,840000.0,-18.148333,21.311389,0.0,0.0,0.0,,0.0,0.0,3.17023,5.568637,5.252660898599052,0.718790988119528,0.7405509296657281,0.649882973697353,0.192118003799225,840.0000160860001
SCHOOL_497,0,0,0,0,0,0,0,0,0,0,1,840000.0,-18.14194399999999,20.971388999999995,0.0,0.0,0.0,,0.0,0.0,3.627668,4.434529,5.034368009607745,0.6348568990053054,0.7013062701054719,0.6155060159727929,0.1955296968907974,840.0000160860001
SCHOOL_498,0,0,0,0,0,0,0,0,0,0,1,840000.0,-18.136389,20.895832999999996,0.0,0.0,0.0,,0.0,0.0,3.179219,4.357821,4.635188309716559,0.6177561216816352,0.7381260133908227,0.5766970437780876,0.2054160279639997,840.0000160860001
SCHOOL_499,0,0,0,0,0,0,0,0,0,0,1,766000.0,-18.1311111,21.106667,0.0,0.0,0.0,,0.0,0.0,1.438983,24.394823,13.13902034659551,2.444005823871916,0.8059413042714423,1.7528421556183609,0.3529302014940141,766.0000146688999
SCHOOL_500,0,0,0,0,0,0,0,0,0,0,1,840000.0,-18.127221999999996,21.025833,0.0,0.0,0.0,,0.0,0.0,2.998568,5.926662,5.335392331930429,0.7436670556241406,0.7274425589871346,0.6592014871223608,0.1931300961136022,840.0000160860001
SCHOOL_501,0,0,0,0,0,0,0,0,0,0,1,840000.0,-18.11205,21.39258,0.0,0.0,0.0,,0.0,0.0,2.387941,15.231353,9.463545392842327,1.6103077025562238,0.8014136303696664,1.155507328698331,0.282757015366964,840.0000160860001
SCHOOL_502,0,0,0,0,0,0,0,0,0,0,1,840000.0,-18.188611,20.188889,0.0,0.0,0.0,,0.0,0.0,4.265782,4.604219,5.536899422226158,0.6874193465596518,0.6958724028361283,0.6678924191853929,0.2196284295128376,840.0000160860001
SCHOOL_503,0,0,0,0,0,0,0,0,0,0,1,816700.0,-18.186997999999996,19.383186,0.0,0.0,0.0,,0.0,0.0,2.702845,5.135251,4.783411180805374,0.650350102490461,0.7019677724159146,0.6112183562355246,0.1738326948420162,816.700015639805
SCHOOL_504,0,0,0,0,0,0,0,0,0,0,1,617300.0,-18.15488300000001,19.518932,0.0,0.0,0.0,,0.0,0.0,0.97622,8.020108,4.814079940907373,0.8319795090295836,0.6694008904521748,0.8377370645883901,0.1391446555552101,617.300011821295
SCHOOL_505,0,0,0,0,0,0,0,0,0,0,1,1171000.0,-18.149976,19.768269,0.0,0.0,0.0,,0.0,0.0,2.197459,15.242824,9.43371055681631,1.600627765767673,1.2099825873868533,0.8555323412266175,0.2791528042196605,1171.0000224246498
SCHOOL_506,0,0,0,0,0,0,0,0,0,0,1,840000.0,-18.145278000000005,20.640556,0.0,0.0,0.0,,0.0,0.0,1.296501,14.86944,8.410880390900578,1.5134218479406378,0.9064210394908202,1.0562680170645091,0.2338218649933125,840.0000160860001
SCHOOL_507,0,0,0,0,0,0,0,0,0,0,1,1097000.0,-18.139559999999996,20.29953,0.0,0.0,0.0,,0.0,0.0,6.524058,6.370406,8.11783004414872,0.9863166244391944,0.8549196886830375,0.7351974605010649,0.326630985535032,1097.0000210075502
SCHOOL_508,0,0,0,0,0,0,0,0,0,0,1,1013900.0,-18.1312254,20.368714,0.0,0.0,0.0,,0.0,0.0,3.365675,5.253567,5.352435685335461,0.6993440714920532,0.8924563407673486,0.556914047781149,0.2003725580397416,1013.900019416185
SCHOOL_509,0,0,0,0,0,0,0,0,0,0,1,1282400.0,-18.127999999999997,19.90967,0.0,0.0,0.0,,0.0,0.0,2.663541,16.602735,10.442925040066616,1.7590903485702207,1.2952764513399913,0.8608026412773023,0.3131283985207095,1282.4000245579598
SCHOOL_510,0,0,0,0,0,0,0,0,0,0,1,2150600.0,-18.118060000000003,19.55139,0.0,0.0,0.0,,0.0,0.0,3.637027,27.867515,16.956137708925162,2.904671840024366,2.281063047967167,0.8427901414193514,0.4945312072879322,2150.60004118399
SCHOOL_511,0,0,0,0,0,0,0,0,0,0,1,1783400.0,-18.099800999999996,19.760625,0.0,0.0,0.0,,0.0,0.0,3.149947,23.212543,14.197868130341552,2.4263771510823973,1.8831911837388196,0.8493259316126268,0.4170175232889336,1783.40003415211
SCHOOL_512,0,0,0,0,0,0,0,0,0,0,1,3977600.0,-18.103821,21.550235,0.0,0.0,0.0,,0.0,0.0,6.363072,70.458717,40.16963528695878,7.183168338744894,4.31932474581566,1.0640607238049022,1.12307838326378,3977.6000761710397
SCHOOL_513,0,0,0,0,0,0,0,0,0,0,2,5395900.0,-18.099167,21.541389,0.0,0.0,0.0,,0.0,0.0,17.178402,97.879984,61.98632865894334,10.449152096081727,5.005318732973935,1.1724423475472132,1.8827276184782136,5395.900103331484
SCHOOL_514,0,0,0,0,0,0,0,0,0,0,2,4875000.0,-18.09556,21.56639,0.0,0.0,0.0,,0.0,0.0,16.300914,88.428671,56.60393468962896,9.488477965925254,4.471455800303888,1.1822042624730529,1.7315149873244422,4875.0000933562505
SCHOOL_515,0,0,0,0,0,0,0,0,0,0,1,1019900.0,-18.091388999999996,21.602778,0.0,0.0,0.0,,0.0,0.0,4.79219,6.921061,7.106918154927938,0.941602324994116,0.8652321070247279,0.7097409046925292,0.2683961070283434,1019.900019531085
SCHOOL_516,0,0,0,0,0,0,0,0,0,0,1,1951000.0,-18.090190000000003,21.5015,0.0,0.0,0.0,,0.0,0.0,6.191662,35.390179,22.412159069038584,3.7780883166941215,1.8090487870154888,1.1724075577912256,0.6805126475500715,1951.00003736165
SCHOOL_517,0,0,0,0,0,0,0,0,0,0,1,1902000.0,-18.083329999999997,21.470560000000003,0.0,0.0,0.0,,0.0,0.0,8.570529,11.968907,12.658647563389898,1.6443918148516974,1.6068305735871675,0.6791457902755187,0.4822474481838104,1902.0000364233001
SCHOOL_518,0,0,0,0,0,0,0,0,0,0,2,11571300.0,-18.057500000000005,21.440278,0.0,0.0,0.0,,0.0,0.0,53.068067,70.642698,75.84267765433968,9.846070973083991,9.690406267953456,0.6691563866217971,2.9018299305837347,11571.300221590394
SCHOOL_519,0,0,0,0,0,0,0,0,0,0,2,14616000.0,-18.17694,16.37028,0.0,0.0,0.0,,0.0,0.0,31.164381,264.651155,156.0548024375274,27.39640163162839,14.019115069193756,1.105324079783558,4.520825274992039,14616.0002798964
SCHOOL_520,0,0,0,0,0,0,0,0,0,0,1,840000.0,-18.174119000000008,16.423456,0.0,0.0,0.0,,0.0,0.0,5.4559,3.825705,6.023491365036475,0.6911182062246958,0.6009024029419022,0.7026232501754054,0.2665157038050875,840.0000160860001
SCHOOL_521,0,0,0,0,0,0,0,0,0,0,2,13247000.0,-18.17410599999999,16.255146,0.0,0.0,0.0,,0.0,0.0,58.591826,78.47072,85.03796268261517,11.108203212619784,10.110786156894251,0.6486358905884378,3.634121349618889,13247.00025368005
SCHOOL_522,0,0,0,0,0,0,0,0,0,0,2,2449400.0,-18.17092199999999,16.167326,0.0,0.0,0.0,,0.0,0.0,4.344684,44.520726,25.6672587074048,4.557488463073007,2.467788262748308,1.092809802126312,0.7234823074464359,2449.40004690601
SCHOOL_523,0,0,0,0,0,0,0,0,0,0,1,840000.0,-18.162628,16.319595,0.0,0.0,0.0,,0.0,0.0,1.680862,15.210404,8.906797509010174,1.568204994252702,0.8248173851435822,1.1009462569617812,0.254688578995841,840.0000160860001
SCHOOL_524,0,0,0,0,0,0,0,0,0,0,1,3427700.0,-18.151876999999995,16.482211,0.0,0.0,0.0,,0.0,0.0,5.572692,60.070128,34.13064127590777,6.1312496823277485,3.644744666638966,1.0488640233815874,0.968076031557924,3427.7000656404553
SCHOOL_525,0,0,0,0,0,0,0,0,0,0,1,840000.0,-18.19965,18.42049,0.0,0.0,0.0,,0.0,0.0,2.673174,4.885101,4.580403901026924,0.6244517324331634,0.733129647716999,0.5752648103482854,0.1666996005168559,840.0000160860001
SCHOOL_526,0,0,0,0,0,0,0,0,0,0,1,840000.0,-18.194947000000003,19.273746,0.0,0.0,0.0,,0.0,0.0,2.298994,5.571681,4.695036518934282,0.6697582686881495,0.762458749815848,0.5944483220375121,0.1635112275436221,840.0000160860001
SCHOOL_527,0,0,0,0,0,0,0,0,0,0,1,840000.0,-18.184966,18.650938,0.0,0.0,0.0,,0.0,0.0,3.091143,4.862989,4.890509115376619,0.645974534909243,0.7009062260746418,0.603503253770117,0.1828048851342713,840.0000160860001
SCHOOL_528,0,0,0,0,0,0,0,0,0,0,1,840000.0,-18.165559999999996,19.15389,0.0,0.0,0.0,,0.0,0.0,2.415287,5.335561,4.6700452546594455,0.653469421842632,0.7432792303196956,0.5882815820884958,0.1649187880430919,840.0000160860001
SCHOOL_529,0,0,0,0,0,0,0,0,0,0,1,840000.0,-18.15568099999999,18.980503999999996,0.0,0.0,0.0,,0.0,0.0,1.869578,15.239524,9.087966638192649,1.5814132598611308,0.8299139093705925,1.119805339995441,0.2649606662579622,840.0000160860001
SCHOOL_530,0,0,0,0,0,0,0,0,0,0,1,840000.0,-18.145746999999993,19.064697,0.0,0.0,0.0,,0.0,0.0,1.724233,15.288334,8.99752573470633,1.5782369522855333,0.8481354980130658,1.1129973013488628,0.2578659988901448,840.0000160860001
SCHOOL_531,0,0,0,0,0,0,0,0,0,0,1,840000.0,-18.107985999999997,19.313334999999995,0.0,0.0,0.0,,0.0,0.0,3.142827,5.251177,5.070025328513155,0.6933515488489914,0.7087075428127606,0.6255474564071731,0.1963432088353858,840.0000160860001
SCHOOL_532,0,0,0,0,0,0,0,0,0,0,1,840000.0,-18.100867,18.407425,0.0,0.0,0.0,,0.0,0.0,3.274071,4.80654,4.9928991806983465,0.6509022214376511,0.6850438617611183,0.6119931001561278,0.1890867525855432,840.0000160860001
SCHOOL_533,0,0,0,0,0,0,0,0,0,0,1,840000.0,-18.097003999999995,19.228321,0.0,0.0,0.0,,0.0,0.0,1.742653,15.246045,8.981891394324752,1.5750140478260033,0.845939929973057,1.1108508302533329,0.2583474388865564,840.0000160860001
SCHOOL_534,0,0,0,0,0,0,0,0,0,0,1,840000.0,-18.09306,19.12361,0.0,0.0,0.0,,0.0,0.0,3.279721,4.281168,4.737415408306933,0.6074780670178646,0.6932433238471647,0.5827289104321463,0.1919682938402179,840.0000160860001
SCHOOL_535,0,0,0,0,0,0,0,0,0,0,1,879500.0,-18.15,16.40139,0.0,0.0,0.0,,0.0,0.0,6.176349,4.0062,6.598098533577822,0.7729645610230649,0.6301554303186764,0.7316854303017205,0.3154778111726697,879.5000168424251
SCHOOL_536,0,0,0,0,0,0,0,0,0,0,1,1371400.0,-18.144922,16.605232,0.0,0.0,0.0,,0.0,0.0,7.447157,7.192913,9.37277220888245,1.12035366657656,1.0028165421746371,0.678392569591157,0.384493204470214,1371.40002626231
SCHOOL_537,0,0,0,0,0,0,0,0,0,0,2,7432500.0,-18.133609999999997,16.29194,0.0,0.0,0.0,,0.0,0.0,13.733984,134.756629,78.1498071212364,13.828192252220129,7.518629151453964,1.095927838267979,2.2124189388046194,7432.500142332376
SCHOOL_538,0,0,0,0,0,0,0,0,0,0,1,704800.0,-18.12739,16.32703,0.0,0.0,0.0,,0.0,0.0,1.415527,12.779128,7.455275262329882,1.3178072436201378,0.6896116238607894,1.0987320740993956,0.2139412408090259,704.8000134969201
SCHOOL_539,0,0,0,0,0,0,0,0,0,0,1,2435400.0,-18.127363999999993,16.0383,0.0,0.0,0.0,,0.0,0.0,13.260885,14.956702,17.754643286699853,2.231352285446127,1.786226032807606,0.7219901309938981,0.7718470432141923,2435.40004663791
SCHOOL_540,0,0,0,0,0,0,0,0,0,0,2,2470300.0,-18.124704000000005,16.185271,0.0,0.0,0.0,,0.0,0.0,8.478364,14.663621,14.276359502493364,1.9001395572473776,1.95419732719208,0.5966599945327958,0.5270718851651062,2470.3000473062452
SCHOOL_541,0,0,0,0,0,0,0,0,0,0,2,1985600.0,-18.123609999999992,16.37611,0.0,0.0,0.0,,0.0,0.0,11.613883,9.04329,13.4033183145344,1.5333591080834266,1.444146587061775,0.6672096665935136,0.5581612432421166,1985.6000380242397
SCHOOL_542,0,0,0,0,0,0,0,0,0,0,1,840000.0,-18.119440000000004,16.23528,0.0,0.0,0.0,,0.0,0.0,1.651076,15.242173,8.869297851307913,1.5697094176505788,0.8232241308292314,1.097342882143426,0.2532505816241426,840.0000160860001
SCHOOL_543,0,0,0,0,0,0,0,0,0,0,2,1680000.0,-18.118591999999996,16.239189,0.0,0.0,0.0,,0.0,0.0,3.309669,30.478974,17.738920933046625,3.139415415133877,1.6463788332826796,1.0973415133003843,0.506781010693114,1680.0000321720001
SCHOOL_544,0,0,0,0,0,0,0,0,0,0,1,786700.0,-18.115320000000004,16.57481,0.0,0.0,0.0,,0.0,0.0,5.780875,3.535933,6.037317002732308,0.710128434920049,0.5597819979931844,0.7458213717320965,0.2996250435607098,786.700015065305
SCHOOL_545,0,0,0,0,0,0,0,0,0,0,1,616400.0,-18.107602,15.950181,0.0,0.0,0.0,,0.0,0.0,1.173021,11.168376,6.470487823103585,1.1480332221369904,0.6027075136040106,1.0918101363386543,0.1834649390095758,616.4000118040601
SCHOOL_546,0,0,0,0,0,0,0,0,0,0,2,4195400.0,-18.103427000000007,16.113799,0.0,0.0,0.0,,0.0,0.0,13.840181,27.999962,24.949081660612656,3.4977784774341556,3.4187821964812817,0.617680011477945,0.9155179039544556,4195.40008034191
SCHOOL_547,0,0,0,0,0,0,0,0,0,0,1,1078600.0,-18.091405,16.172708,0.0,0.0,0.0,,0.0,0.0,3.750379,7.01111,6.623525716301464,0.8927537295237127,0.9043964797345716,0.6346309960788681,0.2453105070316102,1078.6000206551898
SCHOOL_548,0,0,0,0,0,0,0,0,0,0,2,1831800.0,-18.090560000000004,16.31028,0.0,0.0,0.0,,0.0,0.0,9.744904,9.348209,12.309833604361462,1.4630242196398358,1.3562474731456982,0.6679666558976242,0.5154682675925827,1831.80003507897
SCHOOL_549,0,0,0,0,0,0,0,0,0,0,1,840000.0,-18.136059999999997,17.45139,0.0,0.0,0.0,,0.0,0.0,2.51457,4.949252,4.487125917092024,0.6216837120606992,0.715577342361811,0.5645117268438017,0.1609805070622234,840.0000160860001
SCHOOL_550,0,0,0,0,0,0,0,0,0,0,2,6568900.0,-18.111390000000007,16.81722,0.0,0.0,0.0,,0.0,0.0,13.278955,118.988676,69.93755325914853,12.27531296621776,6.333462895856297,1.1030744020110306,2.005124725633737,6568.900125794435
SCHOOL_551,0,0,0,0,0,0,0,0,0,0,1,1020100.0,-18.09006,16.94503,0.0,0.0,0.0,,0.0,0.0,1.783481,13.22203,8.07771160428805,1.381434353982304,1.0197143257952803,0.840634433867966,0.2370812654356306,1020.1000195349151
SCHOOL_552,0,0,0,0,0,0,0,0,0,0,2,4122899.999999999,-18.079064,16.883508,0.0,0.0,0.0,,0.0,0.0,17.164743,23.465125,25.357405514995556,3.244320553250971,3.139859277322513,0.6249016785713041,0.9707015286544268,4122.900078953534
SCHOOL_553,0,0,0,0,0,0,0,0,0,0,2,2044000.0,-18.058119,17.029936,0.0,0.0,0.0,,0.0,0.0,10.502317,11.944229,14.046811575432478,1.7761334151126218,1.5556877810280965,0.6869134715746351,0.6095849518724169,2044.0000391425997
SCHOOL_554,0,0,0,0,0,0,0,0,0,0,1,5253100.0,-18.050006,16.730396,0.0,0.0,0.0,,0.0,0.0,10.21981,95.16417,55.62766457279664,9.793615743723862,5.126161605288633,1.0991386539648091,1.5880175763852444,5253.100100596865
SCHOOL_555,0,0,0,0,0,0,0,0,0,0,1,840000.0,-18.08752,16.61653,0.0,0.0,0.0,,0.0,0.0,4.055092,4.897275,5.638268897311247,0.70343850956808,0.6278158241724539,0.6725223097510068,0.2225115829020451,840.0000160860001
SCHOOL_556,0,0,0,0,0,0,0,0,0,0,2,2787200.0,-18.081670000000003,16.43972,0.0,0.0,0.0,,0.0,0.0,19.539686,14.344931,21.50881940209955,2.706555248197448,2.0459810361027597,0.7548582637316932,1.1332919406153164,2787.20005337488
SCHOOL_557,0,0,0,0,0,0,0,0,0,0,1,867800.0,-18.07583,16.06361,0.0,0.0,0.0,,0.0,0.0,3.587105,5.104397,5.4527296842641215,0.6971218313229344,0.7011629663370628,0.6408794251686741,0.2086691133587626,867.8000166183703
SCHOOL_558,0,0,0,0,0,0,0,0,0,0,1,840000.0,-18.074855000000003,15.996334,0.0,0.0,0.0,,0.0,0.0,4.493455,4.633457,5.8073154649012215,0.7133598835246937,0.6517674657627176,0.6904774755219928,0.2452977922536413,840.0000160860001
SCHOOL_559,0,0,0,0,0,0,0,0,0,0,2,9047400.000000002,-18.074440000000003,16.52778,0.0,0.0,0.0,,0.0,0.0,16.187266,58.602937,43.3705753142284,6.59195632067074,8.631482268006259,0.5292377845294571,1.406645460165949,9047.400173257713
SCHOOL_560,0,0,0,0,0,0,0,0,0,0,1,946900.0,-18.071199999999997,15.930073999999998,0.0,0.0,0.0,,0.0,0.0,4.413795,6.484722,6.76237307955583,0.8816555576632091,0.7020480821406323,0.7147670414230521,0.2626759171054799,946.9000181331348
SCHOOL_561,0,0,0,0,0,0,0,0,0,0,1,1506800.0,-18.069439999999997,16.34139,0.0,0.0,0.0,,0.0,0.0,8.016929,7.688746,10.126009988143126,1.203552456455648,1.1163998419188486,0.6680217584361712,0.4241014083216174,1506.8000288552203
SCHOOL_562,0,0,0,0,0,0,0,0,0,0,1,840000.0,-18.06917,16.25222,0.0,0.0,0.0,,0.0,0.0,3.347484,5.400686,5.394866606065277,0.7128846831157474,0.6926738411607302,0.6569547922313356,0.2095930178224202,840.0000160860001
SCHOOL_563,0,0,0,0,0,0,0,0,0,0,1,5351600.0,-18.06722,16.24194,0.0,0.0,0.0,,0.0,0.0,11.069846,92.623119,55.31428324954672,9.597171885400336,5.277464972107173,1.072992045625715,1.6076339520640544,5351.600102483139
SCHOOL_564,0,0,0,0,0,0,0,0,0,0,1,8290900.0,-18.066939999999995,16.24694,0.0,0.0,0.0,,0.0,0.0,17.149148,143.495184,85.69445109473862,14.868255255438918,8.174434863174529,1.0729708341167712,2.4905336629137937,8290.900158770737
SCHOOL_565,0,0,0,0,0,0,0,0,0,0,1,2136700.0,-18.065510000000003,16.38657,0.0,0.0,0.0,,0.0,0.0,14.392547,10.264347,15.901112497773454,1.8849382993544268,1.547972284965806,0.7283930888553574,0.7459297484216503,2136.700040917805
SCHOOL_566,0,0,0,0,0,0,0,0,0,0,1,927500.0,-18.054020999999995,16.29429,0.0,0.0,0.0,,0.0,0.0,3.696977,5.962712,5.956925354245575,0.7871757325552406,0.7649451448444182,0.6569737504019864,0.2314590994121319,927.500017761625
SCHOOL_567,0,0,0,0,0,0,0,0,0,0,1,972500.0,-18.053145000000004,16.049823,0.0,0.0,0.0,,0.0,0.0,4.356971,5.532149,6.250047953365131,0.7836247811266468,0.7670030066191939,0.6505914728479072,0.2441275775670183,972.500018623375
SCHOOL_568,0,0,0,0,0,0,0,0,0,0,2,3034000.0,-18.052499999999995,15.85861,0.0,0.0,0.0,,0.0,0.0,13.864724,21.591168,21.87059503961541,2.8973051365971165,2.2439617148695183,0.7213437339310796,0.8732019910312949,3034.0000581011
SCHOOL_569,0,0,0,0,0,0,0,0,0,0,2,1600500.0,-18.05068899999999,16.169559,0.0,0.0,0.0,,0.0,0.0,5.565474,10.403708,9.828801286965817,1.3247577399037265,1.3422787358746526,0.6346647664798515,0.3640292864553496,1600.500030649575
SCHOOL_570,0,0,0,0,0,0,0,0,0,0,1,840000.0,-18.049439999999997,15.95556,0.0,0.0,0.0,,0.0,0.0,5.071094,3.827367,5.757939017338867,0.6890453318183073,0.6053343480565985,0.6754676305436206,0.2757584178778677,840.0000160860001
SCHOOL_571,0,0,0,0,0,0,0,0,0,0,2,9396500.0,-18.041940000000004,16.00667,0.0,0.0,0.0,,0.0,0.0,41.858575,54.232979,60.63880898339729,7.6188177644756045,7.440617579041708,0.6535447743902947,2.3538472955265206,9396.500179942976
SCHOOL_572,0,0,0,0,0,0,0,0,0,0,1,1606600.0,-18.027122,16.113204,0.0,0.0,0.0,,0.0,0.0,5.662887,10.039058,9.706230112942018,1.3003280379840387,1.350499976768962,0.6248238998501461,0.3678396650500355,1606.60003076639
SCHOOL_573,0,0,0,0,0,0,0,0,0,0,1,840000.0,-18.023930999999997,16.203507,0.0,0.0,0.0,,0.0,0.0,2.963795,5.291785,5.107108822236831,0.6793603733898521,0.7063449990015863,0.6281315006128236,0.1911488227039304,840.0000160860001
SCHOOL_574,0,0,0,0,0,0,0,0,0,0,2,2180300.0,-18.02389,16.34833,0.0,0.0,0.0,,0.0,0.0,11.503958,11.807197,14.722389403549627,1.857797132792968,1.6515652806753314,0.6737913795546596,0.6861938767311653,2180.300041752745
SCHOOL_575,0,0,0,0,0,0,0,0,0,0,1,775200.0,-18.021799999999995,16.56529,0.0,0.0,0.0,,0.0,0.0,1.799048,4.690399,3.9133563997992526,0.5560720617742071,0.6806757196467484,0.5416392402151178,0.1353533128281268,775.2000148450801
SCHOOL_576,0,0,0,0,0,0,0,0,0,0,2,2673100.0,-18.015830000000005,15.915829999999998,0.0,0.0,0.0,,0.0,0.0,17.020339,14.072128,19.74651340090687,2.437424103243725,1.9400552841311576,0.7249599359691228,0.9791257409084316,2673.100051189865
SCHOOL_577,0,0,0,0,0,0,0,0,0,0,1,840000.0,-18.01474999999999,16.43064,0.0,0.0,0.0,,0.0,0.0,6.179255,4.325144,6.6686983682827545,0.8379412806452774,0.6130474881735078,0.7741621566281102,0.3529840662986763,840.0000160860001
SCHOOL_578,0,0,0,0,0,0,0,0,0,0,2,3037400.0,-18.013037001005813,16.060255501024496,0.0,0.0,0.0,,0.0,0.0,11.693157,18.057794,18.56970806023624,2.4145195524731085,2.4876283265545176,0.6275965219531378,0.7047412803180518,3037.40005816621
SCHOOL_579,0,0,0,0,0,0,0,0,0,0,1,2173900.0,-18.011939999999996,16.48222,0.0,0.0,0.0,,0.0,0.0,15.521071,10.375811,16.66427372959862,2.0208505586354333,1.5600223377991411,0.747492467331246,0.8375453539495727,2173.900041630185
SCHOOL_580,0,0,0,0,0,0,0,0,0,0,2,2347800.0,-18.01054,16.25964,0.0,0.0,0.0,,0.0,0.0,12.140766,14.057185,16.475549704716148,2.0962232710779416,1.864456286656513,0.7026708519499187,0.7329499066009878,2347.80004496037
SCHOOL_581,0,0,0,0,0,0,0,0,0,0,2,4312100.0,-18.005830000000003,15.86944,0.0,0.0,0.0,,0.0,0.0,25.02589,20.47478,29.129692279330214,3.4360692260612917,3.083651478500888,0.6670454029779355,1.296015266784385,4312.100082576715
SCHOOL_582,0,0,0,0,0,0,0,0,0,0,1,884800.0,-18.00282,16.297591,0.0,0.0,0.0,,0.0,0.0,4.575555,5.297719,6.209139681413049,0.7900477227710557,0.7032389398869714,0.7027383370526749,0.2762674300043056,884.8000169439199
SCHOOL_583,0,0,0,0,0,0,0,0,0,0,2,12048500.0,-18.002780000000005,16.15361,0.0,0.0,0.0,,0.0,0.0,39.4591,81.372241,73.47531351302766,10.11466573634778,10.362332987523123,0.6345636297954194,2.6390966388123465,12048.500230728778
SCHOOL_584,0,0,0,0,0,0,0,0,0,0,2,7784900.000000001,-18.045829999999995,16.67417,0.0,0.0,0.0,,0.0,0.0,25.519345,38.87267,40.05189658063276,5.209507825985491,6.204082654596852,0.5373285699095944,1.5059449880505154,7784.900149080836
SCHOOL_585,0,0,0,0,0,0,0,0,0,0,1,646300.0,-18.04503,17.1651,0.0,0.0,0.0,,0.0,0.0,2.419461,5.204695,4.6021964757592535,0.6409080125070977,0.5463208077342108,0.7287338872259388,0.1643466444820779,646.300012376645
SCHOOL_586,0,0,0,0,0,0,0,0,0,0,1,840000.0,-18.027918999999997,18.119628,0.0,0.0,0.0,,0.0,0.0,3.368995,5.169095,5.300879820034333,0.6910165166582147,0.664764077181455,0.6434434449347246,0.2013795184231123,840.0000160860001
SCHOOL_587,0,0,0,0,0,0,0,0,0,0,1,840000.0,-18.026842,18.39806,0.0,0.0,0.0,,0.0,0.0,3.571489,4.672095,5.1038952785436935,0.6590663589073641,0.6826252632865122,0.6217259584805164,0.208184478536626,840.0000160860001
SCHOOL_588,0,0,0,0,0,0,0,0,0,0,1,769200.0,-18.014124999999996,16.643397000000004,0.0,0.0,0.0,,0.0,0.0,3.61034,4.104726,4.82766622259248,0.6228329893299951,0.6016491003579242,0.6341164356695241,0.2266408437725511,769.20001473018
SCHOOL_589,0,0,0,0,0,0,0,0,0,0,1,840000.0,-17.997919999999993,16.80706,0.0,0.0,0.0,,0.0,0.0,3.131314,4.555639,4.791192226411925,0.6184822997123541,0.6559291221296699,0.5865019550147174,0.1815824570283804,840.0000160860001
SCHOOL_590,0,0,0,0,0,0,0,0,0,0,1,1381700.0,-17.993695999999996,16.932844,0.0,0.0,0.0,,0.0,0.0,5.850758,7.034446,8.184559912124708,1.0125170695980747,1.048084236716011,0.6014520370909915,0.3199390762000513,1381.7000264595551
SCHOOL_591,0,0,0,0,0,0,0,0,0,0,1,1285600.0,-17.9798,16.99692,0.0,0.0,0.0,,0.0,0.0,5.072182,7.136681,7.64488260738652,0.9783292339388088,0.98830537396334,0.6069643789823603,0.2919757266401213,1285.60002461924
SCHOOL_592,0,0,0,0,0,0,0,0,0,0,1,1579700.0,-17.963250000000002,17.19611,0.0,0.0,0.0,,0.0,0.0,6.984688,8.509119,9.78748195777544,1.2307038991653083,1.1983224339386356,0.6257329815911086,0.4108789718618166,1579.7000302512547
SCHOOL_593,0,0,0,0,0,0,0,0,0,0,1,840000.0,-18.093028,20.108881,0.0,0.0,0.0,,0.0,0.0,2.877728,5.249334,4.91236318084384,0.6713076126716621,0.7238140391032192,0.6108895206716162,0.1787978702040402,840.0000160860001
SCHOOL_594,0,0,0,0,0,0,0,0,0,0,1,840000.0,-18.074641000000003,19.361494,0.0,0.0,0.0,,0.0,0.0,2.300849,5.464431,4.622469198371431,0.6594502865781813,0.7853167964462603,0.588676817838662,0.1613960001661147,840.0000160860001
SCHOOL_595,0,0,0,0,0,0,0,0,0,0,1,3384500.0,-18.073241999999993,19.599242,0.0,0.0,0.0,,0.0,0.0,5.65902,43.835779,26.562725362405672,4.5647397822761615,3.5769926934082608,0.8394230840349687,0.7731261524234863,3384.5000648131745
SCHOOL_596,0,0,0,0,0,0,0,0,0,0,1,840000.0,-18.068059999999996,19.44,0.0,0.0,0.0,,0.0,0.0,2.87811,5.279258,4.902548993888229,0.6742271940138975,0.7299603019729372,0.6109065425728308,0.1778787569683059,840.0000160860001
SCHOOL_597,0,0,0,0,0,0,0,0,0,0,1,840000.0,-18.064477000000004,20.052094,0.0,0.0,0.0,,0.0,0.0,3.930962,4.657588,5.417574549516865,0.6736248110727071,0.6635054273708711,0.6521416173151323,0.2121603630811344,840.0000160860001
SCHOOL_598,0,0,0,0,0,0,0,0,0,0,1,751200.0,-18.051390000000005,19.875279999999997,0.0,0.0,0.0,,0.0,0.0,1.423851,9.699636,6.000162132257537,1.019981426444015,0.7831807837640937,0.8499538146785762,0.1776828342558974,751.20001438548
SCHOOL_599,0,0,0,0,0,0,0,0,0,0,1,840000.0,-18.049709999999997,19.57808,0.0,0.0,0.0,,0.0,0.0,1.390877,10.889255,6.59379868636489,1.1330187751674947,0.8819630289180037,0.8389662458760906,0.1919369876286387,840.0000160860001
SCHOOL_600,0,0,0,0,0,0,0,0,0,0,1,974800.0,-18.049462,19.958145,0.0,0.0,0.0,,0.0,0.0,3.942678,6.316361,6.257921798507659,0.8347378288972603,0.7980034772527719,0.657638539677032,0.2341989292125807,974.8000186674199
SCHOOL_601,0,0,0,0,0,0,0,0,0,0,1,983800.0,-18.049444,20.361944,0.0,0.0,0.0,,0.0,0.0,3.443519,5.745546,5.638535273755941,0.7513974471444124,0.8357202685822547,0.5971927431942439,0.2087282586945128,983.80001883977
SCHOOL_602,0,0,0,0,0,0,0,0,0,0,1,1749700.0,-18.046943999999996,20.615556,0.0,0.0,0.0,,0.0,0.0,5.863323,10.214131,9.901464774169924,1.3220912700129102,1.5391807201358416,0.5932016413251272,0.3664557210788786,1749.700033506755
SCHOOL_603,0,0,0,0,0,0,0,0,0,0,1,840000.0,-18.084721999999996,21.327222,0.0,0.0,0.0,,0.0,0.0,3.042227,5.933797,5.332074561073513,0.7469084679256337,0.7237124902610724,0.6589839441726751,0.1915061463413702,840.0000160860001
SCHOOL_604,0,0,0,0,0,0,0,0,0,0,1,840000.0,-18.070090000000004,20.993388,0.0,0.0,0.0,,0.0,0.0,3.832092,4.34862,5.1708225595811195,0.6381110339121078,0.688009153193278,0.6273033988016977,0.2035852219287358,840.0000160860001
SCHOOL_605,0,0,0,0,0,0,0,0,0,0,1,840000.0,-18.055000000000003,21.390556,0.0,0.0,0.0,,0.0,0.0,3.458839,5.163686,5.266284411304461,0.69590562547098,0.7200061757092532,0.6463249348118539,0.1980070630128844,840.0000160860001
SCHOOL_606,0,0,0,0,0,0,0,0,0,0,1,840000.0,-18.054444,21.290278,0.0,0.0,0.0,,0.0,0.0,3.011427,5.608914,5.183470548909347,0.7137004109489877,0.7244048848033477,0.6412731187967962,0.1880685253740997,840.0000160860001
SCHOOL_607,0,0,0,0,0,0,0,0,0,0,1,1642000.0,-18.053610999999997,20.77,0.0,0.0,0.0,,0.0,0.0,5.538917,10.201286,9.37702057449398,1.3129611394694225,1.4484227315982388,0.60001357995654,0.3715681739862818,1642.0000314443
SCHOOL_608,0,0,0,0,0,0,0,0,0,0,1,840000.0,-18.051644999999994,21.111925999999997,0.0,0.0,0.0,,0.0,0.0,2.989672,5.929314,5.30891273908179,0.7434854559737449,0.7246535451489302,0.656515857073865,0.1906231999938807,840.0000160860001
SCHOOL_609,0,0,0,0,0,0,0,0,0,0,1,840000.0,-18.041110999999994,20.807222,0.0,0.0,0.0,,0.0,0.0,3.031229,5.04256,4.905054237922811,0.6599729883915252,0.7185732672579004,0.6082747564595579,0.1811458870811149,840.0000160860001
SCHOOL_610,0,0,0,0,0,0,0,0,0,0,1,840000.0,-18.036944,21.172222,0.0,0.0,0.0,,0.0,0.0,2.845115,4.778038,4.67820342593555,0.6259051817222129,0.7447843277385747,0.5854305650912475,0.1756203545715709,840.0000160860001
SCHOOL_611,0,0,0,0,0,0,0,0,0,0,1,840000.0,-18.031667,20.789722,0.0,0.0,0.0,,0.0,0.0,3.469257,4.417413,4.999093166317619,0.6254582235813947,0.7041162405474803,0.6113162141394535,0.1956999092288016,840.0000160860001
SCHOOL_612,0,0,0,0,0,0,0,0,0,0,1,620000.0,-18.088870000000004,18.83516,0.0,0.0,0.0,,0.0,0.0,1.878984,3.553929,3.3501543640885907,0.4505654024563394,0.5374704142823115,0.5694192677608387,0.1217171581788293,620.000011873
SCHOOL_613,0,0,0,0,0,0,0,0,0,0,1,840000.0,-18.079835000000003,18.631335,0.0,0.0,0.0,,0.0,0.0,3.532266,4.519521,5.029453629223947,0.6376863451748596,0.6749501106562998,0.6127932583151037,0.1943040684240864,840.0000160860001
SCHOOL_614,0,0,0,0,0,0,0,0,0,0,1,840000.0,-18.063298999999997,18.461656,0.0,0.0,0.0,,0.0,0.0,3.641865,4.2643,4.951959290466229,0.6191755621324496,0.6683596098843712,0.6026323778658434,0.1936464451609277,840.0000160860001
SCHOOL_615,0,0,0,0,0,0,0,0,0,0,1,1096000.0,-18.06111,18.73167,0.0,0.0,0.0,,0.0,0.0,2.705193,6.834506,5.75594777089454,0.8149490488218288,1.0004397505063274,0.5631234188756624,0.2001123642825132,1096.0000209884
SCHOOL_616,0,0,0,0,0,0,0,0,0,0,1,840000.0,-18.037035,19.037027999999996,0.0,0.0,0.0,,0.0,0.0,2.305761,5.284034,4.558529318704779,0.6422799096745196,0.7684166872843308,0.5790303614222289,0.160162726972467,840.0000160860001
SCHOOL_617,0,0,0,0,0,0,0,0,0,0,1,840000.0,-18.034413,18.966348,0.0,0.0,0.0,,0.0,0.0,1.891712,15.266898,9.128528032142386,1.5856085523310426,0.8175779853514491,1.1230333247000623,0.2649970005341572,840.0000160860001
SCHOOL_618,0,0,0,0,0,0,0,0,0,0,1,840000.0,-18.009235,19.164097,0.0,0.0,0.0,,0.0,0.0,2.561737,5.087911,4.636653753378232,0.6377773951788949,0.7304345224886392,0.5819452960044155,0.1665586977329615,840.0000160860001
SCHOOL_619,0,0,0,0,0,0,0,0,0,0,1,605600.0,-18.008889999999997,18.918330000000005,0.0,0.0,0.0,,0.0,0.0,1.73804,3.772848,3.332446279271089,0.4637844239278835,0.5370861654950987,0.582796398186124,0.1180196344051758,605.60001159724
SCHOOL_620,0,0,0,0,0,0,0,0,0,0,1,840000.0,-18.00638,19.31568,0.0,0.0,0.0,,0.0,0.0,2.312421,5.286583,4.5458039657692515,0.6429083848618116,0.7708170367249729,0.5781316891924756,0.159482036376277,840.0000160860001
SCHOOL_621,0,0,0,0,0,0,0,0,0,0,1,627000.0,-17.99694,18.84139,0.0,0.0,0.0,,0.0,0.0,2.356393,3.355115,3.5450571879030126,0.4583380625579613,0.5129703420415022,0.5851318646643884,0.1346239391837561,627.00001200705
SCHOOL_622,0,0,0,0,0,0,0,0,0,0,2,14619500.0,-18.04530800000001,19.756396,0.0,0.0,0.0,,0.0,0.0,33.992144,264.671658,159.35284616923528,27.56039049345246,14.370510108781044,1.1261030012590132,4.659933902680179,14619.500279963422
SCHOOL_623,0,0,0,0,0,0,0,0,0,0,2,6516500.0,-18.04028,20.701389999999996,0.0,0.0,0.0,,0.0,0.0,21.325637,36.996028,35.923259736527896,4.788874281801473,5.688983751748041,0.5791482404838152,1.32675259726331,6516.500124790976
SCHOOL_624,0,0,0,0,0,0,0,0,0,0,1,840000.0,-18.040279999999996,19.517779999999995,0.0,0.0,0.0,,0.0,0.0,1.367565,10.934729,6.587422469047096,1.136383359712405,0.8860091591824094,0.8391586109290695,0.191041602297944,840.0000160860001
SCHOOL_625,0,0,0,0,0,0,0,0,0,0,2,9361700.0,-18.028329999999997,19.655,0.0,0.0,0.0,,0.0,0.0,34.284316,58.371033,57.26033222463044,7.649606425331871,8.001889956153404,0.6323964129724453,2.2036588770488916,9361.700179276555
SCHOOL_626,0,0,0,0,0,0,0,0,0,0,1,840000.0,-18.021788999999995,20.056341,0.0,0.0,0.0,,0.0,0.0,3.62814,4.806661,5.297441552664974,0.6709217722935837,0.6818664422690227,0.6425195988639519,0.2042172634868611,840.0000160860001
SCHOOL_627,0,0,0,0,0,0,0,0,0,0,1,1479600.0,-18.019443999999996,20.703610999999995,0.0,0.0,0.0,,0.0,0.0,4.842747,8.399947,8.156937351551136,1.087342112770238,1.2922918930464131,0.5791931810949551,0.3014442396725422,1479.60002833434
SCHOOL_628,0,0,0,0,0,0,0,0,0,0,1,840000.0,-18.017221999999993,20.556667,0.0,0.0,0.0,,0.0,0.0,3.186221,4.758752,4.872542833083985,0.6412627861892958,0.7139870244420246,0.6025271378046122,0.1830004366000476,840.0000160860001
SCHOOL_629,0,0,0,0,0,0,0,0,0,0,2,7422099.999999999,-18.030278,20.8872222,0.0,0.0,0.0,,0.0,0.0,31.854963,43.182429,46.2765387062876,5.985601775292708,6.129563588124368,0.6387747980380228,1.7677682893659477,7422.100142133214
SCHOOL_630,0,0,0,0,0,0,0,0,0,0,1,840000.0,-18.028611,21.233056,0.0,0.0,0.0,,0.0,0.0,2.747847,5.967897,5.1497243463370115,0.7338833522272521,0.7465323486722379,0.6424114316846734,0.1852127197166419,840.0000160860001
SCHOOL_631,0,0,0,0,0,0,0,0,0,0,1,2821700.0,-18.025556,20.774722,0.0,0.0,0.0,,0.0,0.0,11.653945,14.838569,16.792795424866686,2.1010130222337975,2.3649139067985554,0.6113050368647299,0.6574382967643057,2821.7000540355552
SCHOOL_632,0,0,0,0,0,0,0,0,0,0,2,5171799.999999999,-18.018889999999995,20.730560000000004,0.0,0.0,0.0,,0.0,0.0,16.925049,29.361513,28.51072141101263,3.800597357488975,4.514811699938025,0.5791451317934807,1.053192463740196,5171.80009903997
SCHOOL_633,0,0,0,0,0,0,0,0,0,0,2,5092300.0,-18.018610999999996,21.399167,0.0,0.0,0.0,,0.0,0.0,16.732046,92.304606,59.036685537959826,9.886370669562824,4.7050235009594585,1.181034794863057,1.7986940880979516,5092.3000975175455
SCHOOL_634,0,0,0,0,0,0,0,0,0,0,1,1885000.0,-18.014722,20.911389,0.0,0.0,0.0,,0.0,0.0,3.45294,33.164911,19.21028533945492,3.407279462947554,1.9384757654038125,1.066553249615933,0.5445358960940613,1885.0000360977501
SCHOOL_635,0,0,0,0,0,0,0,0,0,0,1,3288100.0,-18.006667000000007,21.364443999999995,0.0,0.0,0.0,,0.0,0.0,10.798551,59.599448,38.119833051064546,6.383636029568168,3.037135398381439,1.181007646439951,1.1614096666833165,3288.100062967115
SCHOOL_636,0,0,0,0,0,0,0,0,0,0,1,840000.0,-18.01247999999999,19.35501,0.0,0.0,0.0,,0.0,0.0,2.248764,5.328463,4.518701040087016,0.6434286047807174,0.7791075091643271,0.576468270453751,0.1578778823073681,840.0000160860001
SCHOOL_637,0,0,0,0,0,0,0,0,0,0,1,864000.0,-18.010500000000004,20.39567,0.0,0.0,0.0,,0.0,0.0,3.024281,5.04587,4.951946226825359,0.6599001720143796,0.7340671449397411,0.5972075689407382,0.1833058222417297,864.0000165456
SCHOOL_638,0,0,0,0,0,0,0,0,0,0,1,2488700.0,-18.008056,20.644444,0.0,0.0,0.0,,0.0,0.0,8.339867,14.528123,14.083457012835495,1.8805074973726528,2.1897937687419153,0.5932208817976045,0.5212354058077009,2488.7000476586054
SCHOOL_639,0,0,0,0,0,0,0,0,0,0,2,7488900.0,-18.00722,20.67417,0.0,0.0,0.0,,0.0,0.0,21.871619,46.27333,41.33361771512883,5.719640005211776,6.8674764470346465,0.5863486005221752,1.4763002073875895,7488.900143412436
SCHOOL_640,0,0,0,0,0,0,0,0,0,0,2,6976700.0,-18.003056,20.617778,0.0,0.0,0.0,,0.0,0.0,23.379703,40.727747,39.48266838385623,5.271690684065484,6.138650465613561,0.5932261151524858,1.4624202398403905,6976.700133603805
SCHOOL_641,0,0,0,0,0,0,0,0,0,0,1,840000.0,-17.998059999999995,19.83,0.0,0.0,0.0,,0.0,0.0,1.655885,10.753651,6.682324064711748,1.1351998365953009,0.8493734580814079,0.8441085070440043,0.1984646445886131,840.0000160860001
SCHOOL_642,0,0,0,0,0,0,0,0,0,0,1,3532100.0,-17.994722000000003,20.577222,0.0,0.0,0.0,,0.0,0.0,8.989617,22.332998,18.81005102469687,2.6718332050810165,3.334213063802815,0.572823883537475,0.6514986601987803,3532.1000676397157
SCHOOL_643,0,0,0,0,0,0,0,0,0,0,1,2408600.0,-17.994325000000003,19.746922,0.0,0.0,0.0,,0.0,0.0,4.17042,31.500457,19.169172220386255,3.2868893813898334,2.519101846117814,0.8487404793522162,0.5596941916365079,2408.60004612469
SCHOOL_644,0,0,0,0,0,0,0,0,0,0,1,2377300.0,-18.003056,21.336944000000003,0.0,0.0,0.0,,0.0,0.0,9.815526,15.400398,15.273332789761676,2.047189731245683,2.02913628934797,0.6614496426627909,0.5691975538418734,2377.300045525295
SCHOOL_645,0,0,0,0,0,0,0,0,0,0,2,4939400.0,-17.999166999999996,20.9525,0.0,0.0,0.0,,0.0,0.0,20.857656,27.810097,30.0052933259754,3.874224313757193,4.117779464422087,0.6246382483353411,1.1480813695286574,4939.400094589511
SCHOOL_646,0,0,0,0,0,0,0,0,0,0,1,840000.0,-17.991388999999998,21.34333,0.0,0.0,0.0,,0.0,0.0,3.307539,4.969165,5.096420981771604,0.6685082123475126,0.7217452572236965,0.6274667422128455,0.1916782004317503,840.0000160860001
SCHOOL_647,0,0,0,0,0,0,0,0,0,0,1,1626200.0,-17.987778000000002,20.976389,0.0,0.0,0.0,,0.0,0.0,6.867038,9.155831,9.878691652931153,1.2755061732771098,1.3557824396625615,0.6246433724617976,0.3780034656890414,1626.20003114173
SCHOOL_648,0,0,0,0,0,0,0,0,0,0,1,882400.0,-17.985,21.08222,0.0,0.0,0.0,,0.0,0.0,1.646157,28.101951,15.126129772839164,2.8147608306309153,0.9316757003195292,1.7522410049561357,0.4060566816911095,882.40001689796
SCHOOL_649,0,0,0,0,0,0,0,0,0,0,1,2229800.0,-17.979721999999995,21.282778,0.0,0.0,0.0,,0.0,0.0,7.21419,15.234257,13.438504701308974,1.8833369599337533,2.004539388135421,0.6325430196610746,0.4809760572388427,2229.80004270067
SCHOOL_650,0,0,0,0,0,0,0,0,0,0,1,1392000.0,-17.974167,21.000278,0.0,0.0,0.0,,0.0,0.0,6.699898,7.990955,9.180409801183943,1.1532252538961516,1.1292584943242496,0.6679300455868014,0.3584783191507901,1392.0000266568002
SCHOOL_651,0,0,0,0,0,0,0,0,0,0,1,1392200.0,-17.993332999999993,20.504167,0.0,0.0,0.0,,0.0,0.0,7.073859,7.312771,9.139658402764695,1.1087172062191937,1.091935145250231,0.6600775124353193,0.3648681023694292,1392.20002666063
SCHOOL_652,0,0,0,0,0,0,0,0,0,0,1,840000.0,-17.988297999999993,20.322703,0.0,0.0,0.0,,0.0,0.0,3.623612,4.321988,5.037576950578147,0.623727803056271,0.6919163576374122,0.6136208282013342,0.1971325839566336,840.0000160860001
SCHOOL_653,0,0,0,0,0,0,0,0,0,0,1,1461600.0,-17.984452000000005,19.69852,0.0,0.0,0.0,,0.0,0.0,4.700229,9.231022,8.513920414864463,1.1601001904273325,1.2979608696672411,0.6108776997697464,0.3082725104293418,1461.60002798964
SCHOOL_654,0,0,0,0,0,0,0,0,0,0,2,1680000.0,-17.98305999999999,20.53722,0.0,0.0,0.0,,0.0,0.0,8.536148,8.824549,11.029067527449053,1.337915935941634,1.3176273953226163,0.6600785747030672,0.440268574025243,1680.0000321720001
SCHOOL_655,0,0,0,0,0,0,0,0,0,0,1,840000.0,-17.978610000000003,20.08722,0.0,0.0,0.0,,0.0,0.0,3.021678,5.593872,5.248630544749418,0.7128234582198397,0.7108898004990674,0.6459847286756978,0.1915677374439151,840.0000160860001
SCHOOL_656,0,0,0,0,0,0,0,0,0,0,1,1576200.0,-17.976854,20.460289,0.0,0.0,0.0,,0.0,0.0,7.391594,7.979673,9.80214599681783,1.1912951091985713,1.275779268160932,0.6310638551498061,0.3893936176952031,1576.2000301842302
SCHOOL_657,0,0,0,0,0,0,0,0,0,0,1,840000.0,-17.975518000000005,20.188435,0.0,0.0,0.0,,0.0,0.0,3.656343,6.238211,5.99088619864125,0.8111600316348588,0.6859327074318355,0.7243421041277708,0.221090474773883,840.0000160860001
SCHOOL_658,0,0,0,0,0,0,0,0,0,0,1,6211300.0,-17.956790999999996,19.744439,0.0,0.0,0.0,,0.0,0.0,10.751869,81.238495,49.43449058059382,8.476309289937497,6.4979210152443025,0.8487738861793277,1.4436070112403951,6211.300118946395
SCHOOL_659,0,0,0,0,0,0,0,0,0,0,2,8487500.0,-17.965278,21.233056000000005,0.0,0.0,0.0,,0.0,0.0,30.708531,59.312818,54.075341992765054,7.481901108567285,7.40106293962096,0.6608627381174711,1.967295243500872,8487.500162535625
SCHOOL_660,0,0,0,0,0,0,0,0,0,0,2,6767400.0,-17.961388999999997,21.039166999999996,0.0,0.0,0.0,,0.0,0.0,32.572216,38.849737,44.632103484788814,5.60661045038407,5.491988639803276,0.6679570721888667,1.742871856399686,6767.40012959571
SCHOOL_661,0,0,0,0,0,0,0,0,0,0,1,1223300.0,-17.961111000000002,21.063889000000003,0.0,0.0,0.0,,0.0,0.0,2.282291,38.958891,20.970053277301908,3.902211106433864,1.2913214742104189,1.7522328022098306,0.5629790242909081,1223.3000234261951
SCHOOL_662,0,0,0,0,0,0,0,0,0,0,1,1347100.0,-17.955555999999998,21.096111,0.0,0.0,0.0,,0.0,0.0,2.513359,42.901078,23.09209867977428,4.297090910972439,1.4215368247536135,1.752194796484813,0.6199069470331146,1347.100025796965
SCHOOL_663,0,0,0,0,0,0,0,0,0,0,2,7437000.0,-17.954720000000002,21.16194,0.0,0.0,0.0,,0.0,0.0,28.559199,50.658532,48.116326652343545,6.522821099436987,6.3066753606370005,0.6662387541825275,1.768795013484964,7437.00014241855
SCHOOL_664,0,0,0,0,0,0,0,0,0,0,1,1724500.0,-17.942778,21.135,0.0,0.0,0.0,,0.0,0.0,10.484488,10.024097,12.871531917346042,1.6014162892664827,1.3805745222542896,0.7408104939704646,0.5955862536440535,1724.5000330241746
SCHOOL_665,0,0,0,0,0,0,0,0,0,0,1,840000.0,-17.954999999999995,19.892219999999995,0.0,0.0,0.0,,0.0,0.0,1.656751,10.749604,6.694665797746054,1.1348582885632053,0.8500003993751686,0.8452996930146023,0.1991413188293758,840.0000160860001
SCHOOL_666,0,0,0,0,0,0,0,0,0,0,1,840000.0,-17.953782,19.561133,0.0,0.0,0.0,,0.0,0.0,3.197833,5.108939,5.0429659590197,0.6758344681958958,0.7127263866368059,0.6224047062269444,0.1873149239432403,840.0000160860001
SCHOOL_667,0,0,0,0,0,0,0,0,0,0,1,840000.0,-17.95282999999999,20.288,0.0,0.0,0.0,,0.0,0.0,3.410012,4.859954,5.146301387645418,0.6637376884215336,0.6947738536342027,0.6288544708267269,0.1958944326629776,840.0000160860001
SCHOOL_668,0,0,0,0,0,0,0,0,0,0,2,12773300.000000002,-17.952499999999993,20.469444,0.0,0.0,0.0,,0.0,0.0,59.900325,64.667956,79.4362645095505,9.65425412514131,10.33989810601786,0.6310777402317727,3.1558767756905444,12773.300244608698
SCHOOL_669,0,0,0,0,0,0,0,0,0,0,1,1564000.0,-17.943547999999993,20.381088,0.0,0.0,0.0,,0.0,0.0,7.109408,7.844354,9.579434045393524,1.162650452488007,1.2705224497879786,0.6227223972999764,0.3805448263784706,1564.0000299505998
SCHOOL_670,0,0,0,0,0,0,0,0,0,0,1,840000.0,-17.94328999999999,19.972692,0.0,0.0,0.0,,0.0,0.0,2.644764,5.13805,4.772299249409214,0.6473395665852494,0.7349682721895141,0.5962213230408849,0.1730773261133966,840.0000160860001
SCHOOL_671,0,0,0,0,0,0,0,0,0,0,1,840000.0,-17.939170000000004,19.71028,0.0,0.0,0.0,,0.0,0.0,2.072625,15.198667,9.23940663199426,1.5892995383739357,0.8089903337254428,1.1327877461048856,0.2731186945029763,840.0000160860001
SCHOOL_672,0,0,0,0,0,0,0,0,0,0,1,840000.0,-17.932774000000002,19.422551,0.0,0.0,0.0,,0.0,0.0,3.647306,4.322281,4.996250338949899,0.6263083826138817,0.6811520938814553,0.6082861099787484,0.2011423059279757,840.0000160860001
SCHOOL_673,0,0,0,0,0,0,0,0,0,0,1,1063600.0,-17.993493000000004,16.208316,0.0,0.0,0.0,,0.0,0.0,5.197942,5.48135,6.760962946092984,0.8471364260370552,0.8050369061185403,0.6390243269063792,0.2956568215712878,1063.60002036794
SCHOOL_674,0,0,0,0,0,0,0,0,0,0,1,1609400.0,-17.98528,15.84722,0.0,0.0,0.0,,0.0,0.0,7.780767,10.870906,11.4803453270824,1.5600805047449473,1.2860592510585145,0.7173327374396398,0.5382040542098381,1609.4000308200098
SCHOOL_675,0,0,0,0,0,0,0,0,0,0,3,6207500.0,-17.984148500545466,16.015626001456518,0.0,0.0,0.0,,0.0,0.0,24.302855,32.033278,35.26182863049958,4.496161144723323,4.730110775543493,0.5814739329534941,1.3786530762397742,6207.500118873625
SCHOOL_676,0,0,0,0,0,0,0,0,0,0,1,840000.0,-17.983622,16.531899,0.0,0.0,0.0,,0.0,0.0,1.763813,5.852506,4.469086803922892,0.6665564006352196,0.7724452475749238,0.5741416100340573,0.1480711643475453,840.0000160860001
SCHOOL_677,0,0,0,0,0,0,0,0,0,0,1,891000.0,-17.98271,15.93393,0.0,0.0,0.0,,0.0,0.0,5.407602,4.769821,6.472390237733096,0.8021766942578706,0.6492715067129079,0.7151421428918869,0.31364749585969,891.0000170626499
SCHOOL_678,0,0,0,0,0,0,0,0,0,0,2,1680000.0,-17.980015,16.098833,0.0,0.0,0.0,,0.0,0.0,8.730513,8.299525,10.72791822840792,1.335328771449278,1.2453982384707258,0.638535733582587,0.4965556770563822,1680.0000321720001
SCHOOL_679,0,0,0,0,0,0,0,0,0,0,2,5771400.0,-17.979819000000003,15.973801,0.0,0.0,0.0,,0.0,0.0,34.898601,28.55128,41.10383618141201,4.740988188101809,4.14531155312879,0.7005569993490739,1.700922684089273,5771.40011052231
SCHOOL_680,0,0,0,0,0,0,0,0,0,0,1,840000.0,-17.977780000000003,16.34139,0.0,0.0,0.0,,0.0,0.0,4.031873,5.004581,5.617378762671027,0.712975464337221,0.6208598251083882,0.6710512116919588,0.2189610455703924,840.0000160860001
SCHOOL_681,0,0,0,0,0,0,0,0,0,0,1,2101100.0,-17.964439999999996,15.89528,0.0,0.0,0.0,,0.0,0.0,10.445676,13.407574,14.850202342948911,1.9199869216733243,1.5497763703046197,0.7046715601511672,0.6368435668968977,2101.100040236065
SCHOOL_682,0,0,0,0,0,0,0,0,0,0,4,6961000.0,-17.96,16.42,0.0,0.0,0.0,,0.0,0.0,32.461371,41.922513,46.0516062349992,5.897231511391925,5.205230207461922,0.6659097685103146,1.791975336604385,6961.0001333031505
SCHOOL_683,0,0,0,0,0,0,0,0,0,0,1,2918600.0,-17.959328,16.425817,0.0,0.0,0.0,,0.0,0.0,13.606578,17.579902,19.30818777442273,2.472513149074962,2.1820626685663593,0.6659022994449105,0.7508700164435619,2918.6000558911896
SCHOOL_684,0,0,0,0,0,0,0,0,0,0,1,2657400.0,-17.95778,16.23778,0.0,0.0,0.0,,0.0,0.0,12.987084,13.695247,16.892223122891306,2.116742123364591,2.012555619827097,0.6390589796911826,0.7389337338304737,2657.40005088921
SCHOOL_685,0,0,0,0,0,0,0,0,0,0,1,2118800.0,-17.956670000000003,16.19444,0.0,0.0,0.0,,0.0,0.0,7.421703,12.329529,12.05033893751233,1.627527066865545,1.7128129070605038,0.5898167615431348,0.4650529983404145,2118.80004057502
SCHOOL_686,0,0,0,0,0,0,0,0,0,0,1,840000.0,-17.996165999999988,18.713682,0.0,0.0,0.0,,0.0,0.0,2.617129,4.80194,4.500844108510419,0.6138500903475547,0.712887129938498,0.564086860595307,0.1684372917550231,840.0000160860001
SCHOOL_687,0,0,0,0,0,0,0,0,0,0,1,840000.0,-17.985570999999997,18.782835,0.0,0.0,0.0,,0.0,0.0,3.24975,4.276557,4.735881987766861,0.5981611003270781,0.6758217875209399,0.580875175709109,0.1822937752875042,840.0000160860001
SCHOOL_688,0,0,0,0,0,0,0,0,0,0,1,840000.0,-17.979139999999997,18.418024,0.0,0.0,0.0,,0.0,0.0,2.136301,10.552398,6.930799151718669,1.142909215862862,0.7762013848589984,0.8608685651230379,0.2133334601811183,840.0000160860001
SCHOOL_689,0,0,0,0,0,0,0,0,0,0,1,840000.0,-17.970004000000003,18.570618,0.0,0.0,0.0,,0.0,0.0,2.808282,5.331929,4.85991021568279,0.6842469785232715,0.7344980058807996,0.606290230074287,0.1961101526443318,840.0000160860001
SCHOOL_690,0,0,0,0,0,0,0,0,0,0,1,840000.0,-17.965591000000003,18.866897,0.0,0.0,0.0,,0.0,0.0,3.386207,4.474336,4.9024086539772265,0.6250411275486178,0.6762716499136241,0.5996168748420635,0.1881261413971391,840.0000160860001
SCHOOL_691,0,0,0,0,0,0,0,0,0,0,1,840000.0,-17.94944,19.19611,0.0,0.0,0.0,,0.0,0.0,2.442316,4.875061,4.4644255827306685,0.6104033842048838,0.7460942850606439,0.5642418449150459,0.1602243505355335,840.0000160860001
SCHOOL_692,0,0,0,0,0,0,0,0,0,0,1,840000.0,-17.94278,18.475,0.0,0.0,0.0,,0.0,0.0,2.972349,5.108714,4.891442904221955,0.6658126515939948,0.7122803546483281,0.6059532407102701,0.1903716745299428,840.0000160860001
SCHOOL_693,0,0,0,0,0,0,0,0,0,0,1,840000.0,-17.932261999999994,18.760926,0.0,0.0,0.0,,0.0,0.0,3.261746,4.276553,4.747540280885129,0.5997690018079297,0.6789704006414136,0.5823138904934531,0.1842748233123024,840.0000160860001
SCHOOL_694,0,0,0,0,0,0,0,0,0,0,1,840000.0,-17.930795999999997,19.063118,0.0,0.0,0.0,,0.0,0.0,2.485177,4.8008,4.465615363536014,0.6058530967727668,0.756309116298354,0.5643726812278548,0.1657660731498957,840.0000160860001
SCHOOL_695,0,0,0,0,0,0,0,0,0,0,1,840000.0,-17.92709199999999,19.288495,0.0,0.0,0.0,,0.0,0.0,2.639891,4.98233,4.604989840453594,0.6319832021564162,0.7418699015343756,0.5793479673764901,0.1665934060312748,840.0000160860001
SCHOOL_696,0,0,0,0,0,0,0,0,0,0,2,1680000.0,-17.95528,16.04917,0.0,0.0,0.0,,0.0,0.0,6.577205,8.669765,9.54344699960654,1.2168849034585698,1.281188505479954,0.5815285156781227,0.3732690743575705,1680.0000321720001
SCHOOL_697,0,0,0,0,0,0,0,0,0,0,2,6274500.0,-17.954134,16.483724,0.0,0.0,0.0,,0.0,0.0,36.129504,31.507063,42.73779027263645,5.441672926312801,4.768925103101306,0.6773043793499692,2.1922601400212627,6274.500120156676
SCHOOL_698,0,0,0,0,0,0,0,0,0,0,2,5084300.0,-17.950201999999997,16.11907,0.0,0.0,0.0,,0.0,0.0,20.635282,28.291977,29.980994519302435,4.0754902876278205,4.099900264570055,0.6053204957295405,1.399218590075198,5084.300097364345
SCHOOL_699,0,0,0,0,0,0,0,0,0,0,1,2349100.0,-17.947567999999997,16.202126,0.0,0.0,0.0,,0.0,0.0,9.114851,13.304283,13.795827457032384,1.804536880318831,1.8061303102931592,0.6018240033249167,0.5216725900312894,2349.100044985265
SCHOOL_700,0,0,0,0,0,0,0,0,0,0,2,4035600.0,-17.943871501158515,16.195485999245868,0.0,0.0,0.0,,0.0,0.0,14.826861,21.621744,22.44960804351765,2.992888939885775,3.2502683283493967,0.5756974202389419,0.9450088119811872,4035.60007728174
SCHOOL_701,0,0,0,0,0,0,0,0,0,0,2,7405200.000000001,-17.942348999999997,16.278072,0.0,0.0,0.0,,0.0,0.0,35.42381,39.117464,47.22041391118906,5.91403205503985,5.637293953077307,0.6417212920873675,2.0161398561472677,7405.200141809581
SCHOOL_702,0,0,0,0,0,0,0,0,0,0,2,2309400.0,-17.964720000000003,15.76944,0.0,0.0,0.0,,0.0,0.0,4.249653,73.548331,39.533668452273375,7.363471430924692,2.251315101120654,1.7434647563267658,1.060333498607498,2309.4000442250094
SCHOOL_703,0,0,0,0,0,0,0,0,0,0,1,741100.0,-17.960559999999997,15.57722,0.0,0.0,0.0,,0.0,0.0,1.357871,13.426037,7.756143548308843,1.3771139653329083,0.7308016826108261,1.0896507332909806,0.219339579558967,741.100014192065
SCHOOL_704,0,0,0,0,0,0,0,0,0,0,2,6576799.999999999,-17.948978999999998,15.816001999999996,0.0,0.0,0.0,,0.0,0.0,33.967148,43.773027,48.03458250567682,6.365859473035886,4.855188375025972,0.7264758993483383,2.1917468424654354,6576.800125945719
SCHOOL_705,0,0,0,0,0,0,0,0,0,0,1,680600.0,-17.947219999999998,15.73222,0.0,0.0,0.0,,0.0,0.0,3.838982,3.100181,4.46220875589713,0.5175964259910787,0.4852348796048114,0.6496113359291253,0.1845890530249992,680.60001303349
SCHOOL_706,0,0,0,0,0,0,0,0,0,0,1,840000.0,-17.917379999999994,15.780345999999998,0.0,0.0,0.0,,0.0,0.0,1.554046,26.752033,14.386290227055763,2.678768319975867,0.8223506441561673,1.7444879685122932,0.3860111365013433,840.0000160860001
SCHOOL_707,0,0,0,0,0,0,0,0,0,0,1,1579300.0,-17.911390000000004,15.483060000000002,0.0,0.0,0.0,,0.0,0.0,7.800113,8.745627,10.518489932429274,1.2890019331529896,1.1948429136298326,0.667254898757239,0.41650411402261,1579.3000302435948
SCHOOL_708,0,0,0,0,0,0,0,0,0,0,2,1680000.0,-17.910559999999993,15.816389999999998,0.0,0.0,0.0,,0.0,0.0,8.677187,11.18129,12.270434741452512,1.6261442161247015,1.240742917258682,0.7265133745700271,0.559978849366972,1680.0000321720001
SCHOOL_709,0,0,0,0,0,0,0,0,0,0,2,2973600.0000000005,-17.938350000000003,15.91179,0.0,0.0,0.0,,0.0,0.0,17.477043,14.058215,20.409291912808513,2.370128420403905,2.1169225137702607,0.6755209100316564,0.90542725364169,2973.6000569444404
SCHOOL_710,0,0,0,0,0,0,0,0,0,0,2,2835100.0,-17.937779999999997,15.99778,0.0,0.0,0.0,,0.0,0.0,16.86816,13.277318,19.560135000309103,2.243028886599596,1.9954110050826332,0.6777724755129014,0.8488339241611783,2835.100054292165
SCHOOL_711,0,0,0,0,0,0,0,0,0,0,1,840000.0,-17.933573,16.220614,0.0,0.0,0.0,,0.0,0.0,3.259318,4.75741,4.933130492684442,0.6452718796372424,0.645740486206272,0.6018145450812133,0.1864996654088859,840.0000160860001
SCHOOL_712,0,0,0,0,0,0,0,0,0,0,1,4295800.0,-17.932220000000004,15.86917,0.0,0.0,0.0,,0.0,0.0,24.489256,23.381999,30.455436226838717,3.6803596251309942,3.087211360888962,0.6998282938192101,1.3175031043210357,4295.80008226457
SCHOOL_713,0,0,0,0,0,0,0,0,0,0,3,18204900.0,-17.930740000814108,16.026070002926613,0.0,0.0,0.0,,0.0,0.0,47.300385,114.763982,95.57807298635258,13.792477822284985,15.484474942704226,0.5590438865716797,3.303706084220776,18204.900348623833
SCHOOL_714,0,0,0,0,0,0,0,0,0,0,1,725800.0,-17.931043,16.093089,0.0,0.0,0.0,,0.0,0.0,3.539678,3.764735,4.651996159759702,0.5648482356560192,0.5311443515641597,0.6410655929878053,0.1909309968376412,725.80001389907
SCHOOL_715,0,0,0,0,0,0,0,0,0,0,2,6724700.000000001,-17.92973400037934,15.866610498395538,0.0,0.0,0.0,,0.0,0.0,38.337162,36.600793,47.67508951619566,5.761264288208475,4.830267746475622,0.6997976242249073,2.062151626834241,6724.700128778006
SCHOOL_716,0,0,0,0,0,0,0,0,0,0,2,1940000.0,-17.925808999999994,16.016064,0.0,0.0,0.0,,0.0,0.0,5.040518,12.23002,10.185259655431864,1.4697971264117649,1.6500276563032674,0.5590415092837057,0.3520576490116482,1940.0000371510002
SCHOOL_717,0,0,0,0,0,0,0,0,0,0,2,7796700.000000001,-17.924719999999994,16.00306,0.0,0.0,0.0,,0.0,0.0,20.257609,49.15071,40.933688711974106,5.906989241859632,6.631106107742091,0.5590393052952497,1.4148429191656025,7796.7001493068055
SCHOOL_718,0,0,0,0,0,0,0,0,0,0,2,7609400.0,-17.921944000248004,15.960283998624432,0.0,0.0,0.0,,0.0,0.0,45.274221,35.636511,52.49951860792157,6.02031781034571,5.353444683505586,0.6777492369683198,2.27835629671257,7609.400145720009
SCHOOL_719,0,0,0,0,0,0,0,0,0,0,1,3885200.0,-17.91902999999999,16.03622,0.0,0.0,0.0,,0.0,0.0,10.094709,24.492289,20.39774885104376,2.943518524191072,3.3042956624008304,0.5590363681861683,0.7050285645094285,3885.20007440158
SCHOOL_720,0,0,0,0,0,0,0,0,0,0,1,964100.0,-17.9182,16.59288,0.0,0.0,0.0,,0.0,0.0,2.098039,7.074591,5.318507722958439,0.8039272983458647,0.880999045898568,0.5930271523473541,0.1749839796736441,964.100018462515
SCHOOL_721,0,0,0,0,0,0,0,0,0,0,1,1303900.0,-17.918019999999995,16.53527,0.0,0.0,0.0,,0.0,0.0,5.546635,7.259678,8.038031197259281,1.0173295963426912,0.9941451576497272,0.6253816421780534,0.3104941547501094,1303.900024969685
SCHOOL_722,0,0,0,0,0,0,0,0,0,0,1,3885200.0,-17.916929999999997,16.04013,0.0,0.0,0.0,,0.0,0.0,10.0948,24.492426,20.39796159995847,2.9435265903738106,3.304918097068018,0.5590517663543404,0.7051573049236578,3885.20007440158
SCHOOL_723,0,0,0,0,0,0,0,0,0,0,1,1193600.0,-17.916900000000002,16.24671,0.0,0.0,0.0,,0.0,0.0,4.631284,6.760018,7.009848980430998,0.916894238934946,0.9176612173526896,0.6018167318024517,0.2651697931789235,1193.6000228574399
SCHOOL_724,0,0,0,0,0,0,0,0,0,0,1,1121600.0,-17.91139,16.124720000000003,0.0,0.0,0.0,,0.0,0.0,3.857627,6.057402,6.077217942857489,0.805045235871472,0.8888218185870711,0.5631890590553169,0.226806919144621,1121.60002147864
SCHOOL_725,0,0,0,0,0,0,0,0,0,0,1,9619600.0,-17.91124,15.97112,0.0,0.0,0.0,,0.0,0.0,57.2342,45.051446,66.36898433854518,7.610743460767091,6.767615851698434,0.6777519775589608,2.880371931685117,9619.600184215338
SCHOOL_726,0,0,0,0,0,0,0,0,0,0,1,1869200.0,-17.911081999999997,16.314028,0.0,0.0,0.0,,0.0,0.0,5.452032,11.767428,10.28284544736528,1.4483058640393438,1.55742553838571,0.578953937625879,0.3637342657842982,1869.20003579518
SCHOOL_727,0,0,0,0,0,0,0,0,0,0,1,1861300.0,-17.95666,16.69331,0.0,0.0,0.0,,0.0,0.0,7.420548,9.973738,10.927191523267917,1.4158635160997992,1.476462856612489,0.6009219788356109,0.4609487108472433,1861.300035643895
SCHOOL_728,0,0,0,0,0,0,0,0,0,0,2,12908800.0,-17.92972,16.85944,0.0,0.0,0.0,,0.0,0.0,46.562708,65.720635,70.73799886615245,9.001048128543665,9.993703599187445,0.564520880913202,2.698266216179246,12908.800247203522
SCHOOL_729,0,0,0,0,0,0,0,0,0,0,1,2611600.0,-17.900375999999998,17.019698,0.0,0.0,0.0,,0.0,0.0,4.704965,34.182634,20.907919105819563,3.575362017863708,2.6311086475610077,0.8496158058064286,0.6138499235150627,2611.60005001214
SCHOOL_730,0,0,0,0,0,0,0,0,0,0,1,1570000.0,-17.897830000000003,17.11378,0.0,0.0,0.0,,0.0,0.0,2.635887,27.925786,15.954109346486582,2.8535417608010927,1.59871414846745,1.0644327750605085,0.447154277128967,1570.0000300655
SCHOOL_731,0,0,0,0,0,0,0,0,0,0,1,840000.0,-17.89727999999999,16.70325,0.0,0.0,0.0,,0.0,0.0,3.518013,4.508804,5.003656975811751,0.6358404040766147,0.6413829477851837,0.6068253863122656,0.1929663797218927,840.0000160860001
SCHOOL_732,0,0,0,0,0,0,0,0,0,0,1,840000.0,-17.890166999999998,18.283437,0.0,0.0,0.0,,0.0,0.0,1.820648,10.962216,6.904706453740054,1.1647085779503898,0.8043813432008792,0.863872265999709,0.2070857591922023,840.0000160860001
SCHOOL_733,0,0,0,0,0,0,0,0,0,0,2,2590100.0000000005,-17.8767,16.64721,0.0,0.0,0.0,,0.0,0.0,8.699457,17.730828,15.740477951340424,2.209702480716176,2.128307982942981,0.6309443056869949,0.5605908199840901,2590.100049600416
SCHOOL_734,0,0,0,0,0,0,0,0,0,0,1,840000.0,-17.864532999999998,18.238847,0.0,0.0,0.0,,0.0,0.0,1.80185,15.534073,9.187609745654486,1.6064499719911989,0.8323546714980141,1.132545381830009,0.2642680744818728,840.0000160860001
SCHOOL_735,0,0,0,0,0,0,0,0,0,0,1,7889400.0,-17.910469999999993,16.03697,0.0,0.0,0.0,,0.0,0.0,20.498789,49.734681,41.4204169065795,5.977199893804635,6.709876149598628,0.5590384250572509,1.4316961664216183,7889.40015108201
SCHOOL_736,0,0,0,0,0,0,0,0,0,0,1,3415300.0,-17.910279999999997,15.89944,0.0,0.0,0.0,,0.0,0.0,19.47203,18.587104,24.21365799455494,2.9260246854293417,2.4550351508719976,0.6998510208709974,1.047753225701896,3415.300065402995
SCHOOL_737,0,0,0,0,0,0,0,0,0,0,1,1354000.0,-17.907915,16.185998,0.0,0.0,0.0,,0.0,0.0,4.974692,7.254364,7.53222895144308,1.0041396451947513,1.090701641924798,0.5757126666429991,0.3170649622960296,1354.0000259291
SCHOOL_738,0,0,0,0,0,0,0,0,0,0,2,5296800.0,-17.90111,16.44139,0.0,0.0,0.0,,0.0,0.0,16.683035,29.136987,28.032998433250796,3.766356283067122,4.348283628979632,0.5551777899354211,1.026293558371662,5296.800101433721
SCHOOL_739,0,0,0,0,0,0,0,0,0,0,2,4077700.0,-17.897562000000004,16.219187000000005,0.0,0.0,0.0,,0.0,0.0,17.842833,25.287321,26.589831212770285,3.4604603053967926,3.099827011856449,0.6597909791153541,1.0174256877666077,4077.7000780879553
SCHOOL_740,0,0,0,0,0,0,0,0,0,0,1,840000.0,-17.918171000000005,18.978981,0.0,0.0,0.0,,0.0,0.0,3.09234,5.169995,5.050430389699175,0.6768557234319728,0.7091796575596369,0.6225349683243252,0.190947039542906,840.0000160860001
SCHOOL_741,0,0,0,0,0,0,0,0,0,0,1,840000.0,-17.917787,18.879686,0.0,0.0,0.0,,0.0,0.0,2.714161,4.957206,4.724568172029498,0.6362280425291041,0.7284550595974209,0.5893247287922323,0.1769108922049653,840.0000160860001
SCHOOL_742,0,0,0,0,0,0,0,0,0,0,1,840000.0,-17.90167,18.677219999999995,0.0,0.0,0.0,,0.0,0.0,3.36394,4.898462,5.065451123835538,0.66485610998337,0.6670396542247803,0.6186177655991395,0.1911270946883367,840.0000160860001
SCHOOL_743,0,0,0,0,0,0,0,0,0,0,1,633400.0,-17.891669999999998,18.51361,0.0,0.0,0.0,,0.0,0.0,2.503138,3.702003,3.8291012318207263,0.4998270056588451,0.5043007553710103,0.6195568174892625,0.1463398950889912,633.4000121296099
SCHOOL_744,0,0,0,0,0,0,0,0,0,0,1,694800.0,-17.89028,18.58,0.0,0.0,0.0,,0.0,0.0,2.032985,4.322504,3.791197743995124,0.5336735481394945,0.5954363149145084,0.576727611865306,0.1344912213620991,694.8000133054201
SCHOOL_745,0,0,0,0,0,0,0,0,0,0,1,1198300.0,-17.887499999999996,18.43056,0.0,0.0,0.0,,0.0,0.0,4.733005,6.853388,7.203670433167594,0.9372272101028556,0.976492827102059,0.617477330293318,0.2802439618243197,1198.300022947445
SCHOOL_746,0,0,0,0,0,0,0,0,0,0,1,840000.0,-17.887442,18.627518,0.0,0.0,0.0,,0.0,0.0,3.097999,4.881348,4.893136425266673,0.6481413731643418,0.6804197032549381,0.6019656593960951,0.1825382695776523,840.0000160860001
SCHOOL_747,0,0,0,0,0,0,0,0,0,0,1,1016600.0,-17.875419,18.75543,0.0,0.0,0.0,,0.0,0.0,4.666568,6.852456,7.18262196237472,0.9339631923516916,0.8393480772502391,0.7143545642609411,0.2825326000247982,1016.6000194678899
SCHOOL_748,0,0,0,0,0,0,0,0,0,0,1,840000.0,-17.867473999999998,18.886407999999996,0.0,0.0,0.0,,0.0,0.0,2.917671,4.718831,4.736435311725663,0.6221906682607704,0.7127800952191786,0.5875804935239454,0.1765645561199395,840.0000160860001
SCHOOL_749,0,0,0,0,0,0,0,0,0,0,1,1069200.0,-17.863043999999995,18.837273,0.0,0.0,0.0,,0.0,0.0,4.502577,5.592437,6.357743176838478,0.8016102283889055,0.8524606440426641,0.6068231188522426,0.2627982505533351,1069.2000204751798
SCHOOL_750,0,0,0,0,0,0,0,0,0,0,2,1392800.0,-17.895830000000004,16.10083,0.0,0.0,0.0,,0.0,0.0,4.568922,7.733857,7.502753659572779,1.0076383254735943,1.124131166334953,0.5625587730579774,0.2765426064972749,1392.8000266721199
SCHOOL_751,0,0,0,0,0,0,0,0,0,0,1,2989100.0,-17.890829999999998,16.04722,0.0,0.0,0.0,,0.0,0.0,13.675373,15.232797,18.21750167843529,2.26896196171675,2.21644507180949,0.6151937685217752,0.7406071616987423,2989.1000572412654
SCHOOL_752,0,0,0,0,0,0,0,0,0,0,2,6172799.999999999,-17.89056,15.868610000000002,0.0,0.0,0.0,,0.0,0.0,33.08052,29.273852,40.27742270706956,4.7086472734470535,4.446156636250485,0.6481348587552148,1.6492650333930967,6172.800118209119
SCHOOL_753,0,0,0,0,0,0,0,0,0,0,1,3391800.0,-17.888005999999994,16.070744,0.0,0.0,0.0,,0.0,0.0,19.63245,18.668619,24.247616442608237,2.931788936900062,2.4171632939391294,0.7060527831034407,0.9948004428484736,3391.8000649529695
SCHOOL_754,0,0,0,0,0,0,0,0,0,0,1,743000.0,-17.881110000000007,16.02889,0.0,0.0,0.0,,0.0,0.0,3.399304,3.786411,4.528334165826882,0.5639941957735655,0.5509606924927164,0.6151981609779773,0.1840850925094233,743.00001422845
SCHOOL_755,0,0,0,0,0,0,0,0,0,0,1,8198299.999999999,-17.87944,15.91667,0.0,0.0,0.0,,0.0,0.0,38.14932,40.553833,50.46755625270057,6.087414900483144,6.07302994450744,0.6190595648280462,2.0127759731430825,8198.300156997444
SCHOOL_756,0,0,0,0,0,0,0,0,0,0,2,2305700.0,-17.878609999999995,16.40028,0.0,0.0,0.0,,0.0,0.0,3.696133,40.418809,22.95820631602541,4.123466015769847,2.4273240897770423,1.0482836023619442,0.641636305047919,2305.7000441541545
SCHOOL_757,0,0,0,0,0,0,0,0,0,0,1,5308600.0,-17.87639,15.91611,0.0,0.0,0.0,,0.0,0.0,24.702843,26.259832,32.67947285453972,3.9417845880713847,3.9335504710933447,0.6190824965260459,1.3035114496814788,5308.600101659689
SCHOOL_758,0,0,0,0,0,0,0,0,0,0,3,9169700.0,-17.875615001536865,15.992520000583836,0.0,0.0,0.0,,0.0,0.0,44.516265,43.624697,56.28130794571815,6.883172162279574,6.903715361727782,0.6165421856198726,2.54649003674557,9169.700175599755
SCHOOL_759,0,0,0,0,0,0,0,0,0,0,2,2598899.9999999995,-17.875260000000004,16.16178,0.0,0.0,0.0,,0.0,0.0,12.939651,14.446854,17.174976077561436,2.1452600713305072,1.9092177958561272,0.6615708439365645,0.6946101164584695,2598.9000497689344
SCHOOL_760,0,0,0,0,0,0,0,0,0,0,1,1161100.0,-17.87163,16.19793,0.0,0.0,0.0,,0.0,0.0,5.781005,6.454334,7.673184706796716,0.95842941855435,0.8534176371193133,0.6616016120115891,0.3103362950919751,1161.100022235065
SCHOOL_761,0,0,0,0,0,0,0,0,0,0,2,7602900.000000001,-17.870376999999998,15.832567,0.0,0.0,0.0,,0.0,0.0,43.388046,41.703955,54.29324019445848,6.514757658581505,5.467530276331786,0.7054286319790399,2.2198196281929863,7602.900145595536
SCHOOL_762,0,0,0,0,0,0,0,0,0,0,2,2193200.0,-17.880829999999996,15.63972,0.0,0.0,0.0,,0.0,0.0,3.442405,38.450223,21.769367475958543,3.918446393013857,2.2596078805416813,1.0437341994366054,0.6077290228918232,2193.2000419997803
SCHOOL_763,0,0,0,0,0,0,0,0,0,0,1,1338500.0,-17.862799999999993,15.765280000000002,0.0,0.0,0.0,,0.0,0.0,8.062292,6.096937,9.137992520854826,1.0469347376026477,0.9276805414577374,0.6712755037934653,0.3814976505308949,1338.5000256322749
SCHOOL_764,0,0,0,0,0,0,0,0,0,0,2,1894600.0,-17.858880000000003,15.79007,0.0,0.0,0.0,,0.0,0.0,11.412073,8.630014,12.934677416428704,1.481911905603892,1.3140825568822847,0.6713261755062868,0.5400136784559375,1894.6000362815898
SCHOOL_765,0,0,0,0,0,0,0,0,0,0,2,1760500.0,-17.855559999999997,15.67194,0.0,0.0,0.0,,0.0,0.0,10.015711,8.019244,11.602915046782238,1.3437031420989864,1.2479624210858096,0.6522289842776244,0.480660921234151,1760.5000337135748
SCHOOL_766,0,0,0,0,0,0,0,0,0,0,3,7196000.0,-17.848986500204347,15.72473350072972,0.0,0.0,0.0,,0.0,0.0,42.170529,32.778113,48.340940436559144,5.562052850194648,4.989756583740715,0.6618468999211787,2.0108397674521203,7196.0001378034
SCHOOL_767,0,0,0,0,0,0,0,0,0,0,2,1595200.0,-17.866229999999995,15.859899,0.0,0.0,0.0,,0.0,0.0,8.549031,7.564613,10.408615078060484,1.2168173221877263,1.1486875199571105,0.64811652462899,0.4262025816254389,1595.20003054808
SCHOOL_768,0,0,0,0,0,0,0,0,0,0,2,3398400.0,-17.863060000000004,16.2875,0.0,0.0,0.0,,0.0,0.0,15.379022,22.459984,23.133690911854565,3.0458635801204297,2.5809773101248763,0.6870412300317188,0.87475330509002,3398.4000650793596
SCHOOL_769,0,0,0,0,0,0,0,0,0,0,2,6819600.0,-17.858889999999995,16.10611,0.0,0.0,0.0,,0.0,0.0,22.371754,37.865117,36.73599560089251,4.933708916042912,5.502540520413418,0.5625421269356055,1.3538965611289464,6819.6001305953405
SCHOOL_770,0,0,0,0,0,0,0,0,0,0,1,1706800.0,-17.856553399999996,15.94113,0.0,0.0,0.0,,0.0,0.0,7.942231,8.442934,10.50680149545934,1.2673359524110814,1.2643301351106675,0.6190585292390832,0.4190351184994612,1706.8000326852198
SCHOOL_771,0,0,0,0,0,0,0,0,0,0,1,840000.0,-17.850279999999998,16.06694,0.0,0.0,0.0,,0.0,0.0,4.862118,4.623462,6.00519209221021,0.7260923152923253,0.5989951031548503,0.7060969534607968,0.2464336654736517,840.0000160860001
SCHOOL_772,0,0,0,0,0,0,0,0,0,0,1,5877000.0,-17.848609999999997,15.90222,0.0,0.0,0.0,,0.0,0.0,26.455125,27.811369,34.513409126103376,4.191243248143349,4.329120637899944,0.593501974013246,1.375300996802692,5877.000112544551
SCHOOL_773,0,0,0,0,0,0,0,0,0,0,2,3460200.0,-17.845719999999993,16.22005,0.0,0.0,0.0,,0.0,0.0,14.602109,21.845645,22.32346128639812,2.9424023034645206,2.631055932114722,0.6546895760695606,0.8410119918581289,3460.2000662628298
SCHOOL_774,0,0,0,0,0,0,0,0,0,0,2,4438800.0,-17.841210999999998,16.525109,0.0,0.0,0.0,,0.0,0.0,14.900986,28.898698,25.976341342183115,3.674081512990871,3.688252324883662,0.6096479794783127,1.0187613550521095,4438.800085003019
SCHOOL_775,0,0,0,0,0,0,0,0,0,0,2,4921400.0,-17.838159999999995,15.961010000000002,0.0,0.0,0.0,,0.0,0.0,9.140895,156.73063,84.35142228539563,15.696319334579597,4.822536622877363,1.7456765598374973,2.2630577255938764,4921.40009424481
SCHOOL_776,0,0,0,0,0,0,0,0,0,0,1,7710000.0,-17.836721899999997,15.876506,0.0,0.0,0.0,,0.0,0.0,38.772145,36.978223,48.37689592310067,5.911536615508961,5.720608964064035,0.6288152829798078,2.1057909783729625,7710.0001476464995
SCHOOL_777,0,0,0,0,0,0,0,0,0,0,1,6156100.0,-17.83639,15.86333,0.0,0.0,0.0,,0.0,0.0,30.958843,29.524496,38.62726742708713,4.720143015881223,4.569349539896143,0.6288424447215372,1.6815332900245037,6156.100117889316
SCHOOL_778,0,0,0,0,0,0,0,0,0,0,2,2775200.0,-17.835559999999994,16.17194,0.0,0.0,0.0,,0.0,0.0,5.202636,88.384958,47.59012345709525,8.854074386551131,2.7187928069167993,1.746403578541314,1.2782119284964788,2775.20005314508
SCHOOL_779,0,0,0,0,0,0,0,0,0,0,1,1503400.0,-17.833889999999997,16.26944,0.0,0.0,0.0,,0.0,0.0,8.462687,8.692004,10.72646213731552,1.320925566296809,1.0982263451663683,0.7082582064626833,0.4284100123551798,1503.40002879011
SCHOOL_780,0,0,0,0,0,0,0,0,0,0,1,840000.0,-17.86433,18.1715,0.0,0.0,0.0,,0.0,0.0,2.676697,10.554523,7.462822204825923,1.1734084517309489,0.7593278482266677,0.9123010170160456,0.2429913717987064,840.0000160860001
SCHOOL_781,0,0,0,0,0,0,0,0,0,0,1,845500.0,-17.858279999999997,16.82211,0.0,0.0,0.0,,0.0,0.0,2.32136,5.330304,4.64229599013732,0.6476189411959666,0.7320225246080414,0.5801386595033179,0.1636470444889624,845.5000161913251
SCHOOL_782,0,0,0,0,0,0,0,0,0,0,1,1460900.0,-17.857930000000003,16.89634,0.0,0.0,0.0,,0.0,0.0,5.007255,8.686219,8.397104231059751,1.1247252936831365,1.155417451884818,0.5941816241042299,0.309958491578969,1460.900027976235
SCHOOL_783,0,0,0,0,0,0,0,0,0,0,2,1954100.0,-17.840300000000003,16.7299,0.0,0.0,0.0,,0.0,0.0,9.75635,9.948569,12.408855683581958,1.5166676574678184,1.491411262611669,0.6393051685684785,0.4965341900981738,1954.100037421015
SCHOOL_784,0,0,0,0,0,0,0,0,0,0,1,840000.0,-17.831359,18.106434000000004,0.0,0.0,0.0,,0.0,0.0,4.009646,4.051558,5.108431658363596,0.6193944743789909,0.644488601213748,0.6148019528731229,0.2043766935425695,840.0000160860001
SCHOOL_785,0,0,0,0,0,0,0,0,0,0,2,3116000.0,-17.8231,16.965977,0.0,0.0,0.0,,0.0,0.0,16.035306,16.053267,20.292948935302363,2.4789107859766424,2.315791207477903,0.6517563611547492,0.8322640796935492,3116.0000596714003
SCHOOL_786,0,0,0,0,0,0,0,0,0,0,1,1391000.0,-17.81611,17.12306,0.0,0.0,0.0,,0.0,0.0,7.638901,6.654556,9.133295354224426,1.082839838610234,1.0418468578810334,0.6547306744162281,0.3808275773022856,1391.0000266376496
SCHOOL_787,0,0,0,0,0,0,0,0,0,0,1,840000.0,-17.80806,18.27639,0.0,0.0,0.0,,0.0,0.0,2.752014,10.606678,7.562119157108667,1.1836166986187884,0.7601183504383264,0.9230502337837002,0.2454466496168544,840.0000160860001
SCHOOL_788,0,0,0,0,0,0,0,0,0,0,2,7512700.0,-17.836769,19.006845,0.0,0.0,0.0,,0.0,0.0,14.563527,136.821813,79.49219185537866,14.075085196856168,7.681733561392598,1.1032364250375102,2.259285770238687,7512.7001438682055
SCHOOL_789,0,0,0,0,0,0,0,0,0,0,1,840000.0,-17.833158,18.978862,0.0,0.0,0.0,,0.0,0.0,2.935796,4.356927,4.560948484266971,0.5881682772829676,0.7019584422403357,0.5660474437489603,0.17226181573538,840.0000160860001
SCHOOL_790,0,0,0,0,0,0,0,0,0,0,1,1549400.0,-17.83278,19.19667,0.0,0.0,0.0,,0.0,0.0,8.180333,7.573076,10.150743969993774,1.200168714725097,1.21848633777507,0.6566788360219019,0.4175588353302722,1549.4000296710099
SCHOOL_791,0,0,0,0,0,0,0,0,0,0,1,3248400.0,-17.826669999999993,18.9275,0.0,0.0,0.0,,0.0,0.0,14.67929,17.717276,20.41812099584034,2.547004136218177,2.617752996484955,0.6388594587329167,0.7972283394433903,3248.4000622068597
SCHOOL_792,0,0,0,0,0,0,0,0,0,0,1,840000.0,-17.817174999999995,18.556518,0.0,0.0,0.0,,0.0,0.0,2.454889,5.788808,4.8685016549685125,0.6995910287477245,0.733885584565081,0.6111353252003748,0.170825296940752,840.0000160860001
SCHOOL_793,0,0,0,0,0,0,0,0,0,0,2,1680000.0,-17.815984,18.886804,0.0,0.0,0.0,,0.0,0.0,6.230916,9.325493,9.653939974508782,1.2833424773449882,1.4413751005364537,0.596948775201113,0.4010018486803971,1680.0000321720001
SCHOOL_794,0,0,0,0,0,0,0,0,0,0,2,7931500.0,-17.837779999999995,15.81306,0.0,0.0,0.0,,0.0,0.0,49.613375,35.239772,55.30982381887401,6.314207825203888,5.601531427274498,0.6840304313859227,2.428364547921749,7931.5001518882245
SCHOOL_795,0,0,0,0,0,0,0,0,0,0,2,3493600.0,-17.83556,15.517780000000002,0.0,0.0,0.0,,0.0,0.0,5.858997,63.348742,36.30656992925464,6.466791330911339,3.508361223286625,1.0847529286009834,1.0201656311163454,3493.60006690244
SCHOOL_796,0,0,0,0,0,0,0,0,0,0,2,1680000.0,-17.830948000000003,15.77439,0.0,0.0,0.0,,0.0,0.0,9.973236,7.652601,11.366308638283032,1.3057949025698097,1.1683254300335704,0.6661778644046247,0.4737056794564825,1680.0000321720001
SCHOOL_797,0,0,0,0,0,0,0,0,0,0,1,1539600.0,-17.821939999999994,15.74917,0.0,0.0,0.0,,0.0,0.0,9.022658,7.013021,10.342810080860264,1.1900471396538892,1.0678166086466243,0.6618703230832316,0.43023356503954,1539.6000294833398
SCHOOL_798,0,0,0,0,0,0,0,0,0,0,2,3950600.000000001,-17.817274000000005,15.439194,0.0,0.0,0.0,,0.0,0.0,21.043341,22.543953,27.381226499484367,3.4230716516429163,2.825053147818229,0.6875768108076681,1.1871915370803685,3950.600075653991
SCHOOL_799,0,0,0,0,0,0,0,0,0,0,2,4239500.0,-17.826768999999995,16.012011000000005,0.0,0.0,0.0,,0.0,0.0,15.797391,22.283442,23.479378184130265,3.052475536451097,3.320715223361674,0.5720007872494893,0.8900224410327159,4239.500081186425
SCHOOL_800,0,0,0,0,0,0,0,0,0,0,2,5366300.0,-17.823889999999995,16.59306,0.0,0.0,0.0,,0.0,0.0,22.890227,32.011295,33.492118757281105,4.396159619663566,4.211300835833303,0.6369598927246145,1.2758651834727333,5366.300102764646
SCHOOL_801,0,0,0,0,0,0,0,0,0,0,1,1946000.0,-17.821400000000004,15.84639,0.0,0.0,0.0,,0.0,0.0,12.173041,8.645921,13.57040224430182,1.5492438405315827,1.3740143968340268,0.6840208751917289,0.595837028185396,1946.0000372658997
SCHOOL_802,0,0,0,0,0,0,0,0,0,0,1,840000.0,-17.817062,15.931604000000002,0.0,0.0,0.0,,0.0,0.0,3.781333,3.974993,4.933058776842023,0.5990525458805788,0.6189069450983724,0.5935195784020267,0.1965934839561738,840.0000160860001
SCHOOL_803,0,0,0,0,0,0,0,0,0,0,1,729700.0,-17.815640999999996,16.499657,0.0,0.0,0.0,,0.0,0.0,2.48309,4.924068,4.398666121982168,0.6174618463587029,0.58863505954158,0.6250297476316129,0.1575982638088713,729.7000139737551
SCHOOL_804,0,0,0,0,0,0,0,0,0,0,1,4222400.0,-17.81294,15.92575,0.0,0.0,0.0,,0.0,0.0,19.007513,19.981012,24.796814714854936,3.011233566292141,3.109981486189653,0.5934994556782652,0.9881359664483926,4222.40008085896
SCHOOL_805,0,0,0,0,0,0,0,0,0,0,1,1359600.0,-17.812110999999998,16.192312,0.0,0.0,0.0,,0.0,0.0,2.54889,43.298984,23.314265853645033,4.337658564016026,1.3308884136521288,1.7463130693461983,0.6259137130343089,1359.60002603634
SCHOOL_806,0,0,0,0,0,0,0,0,0,0,1,957600.0,-17.80971,16.139301,0.0,0.0,0.0,,0.0,0.0,5.543453,4.977657,6.646494669129818,0.8343965146492404,0.6967545972687881,0.687029874801625,0.3201304379839622,957.6000183380398
SCHOOL_807,0,0,0,0,0,0,0,0,0,0,2,1680000.0,-17.908982999999992,15.698076,0.0,0.0,0.0,,0.0,0.0,2.828981,30.463844,17.399603304282763,3.110287421654386,1.70250546034933,1.082721342736452,0.487812762882132,1680.0000321720001
SCHOOL_808,0,0,0,0,0,0,0,0,0,0,1,1679500.0,-17.907749,15.705002,0.0,0.0,0.0,,0.0,0.0,9.4733,7.65031,11.011359291675456,1.2772597489768984,1.1966728996095068,0.6495736396157586,0.4556080770710586,1679.500032162425
SCHOOL_809,0,0,0,0,0,0,0,0,0,0,2,11427599.999999998,-17.9025,15.75278,0.0,0.0,0.0,,0.0,0.0,21.144168,363.951715,195.72581733449073,36.44317078210374,11.194183542717106,1.7445744731564434,5.257345657599667,11427.60021883854
SCHOOL_810,0,0,0,0,0,0,0,0,0,0,1,1060600.0,-17.898794,15.506202,0.0,0.0,0.0,,0.0,0.0,6.500197,4.726744,7.282657728276995,0.831704034576902,0.7275579418305166,0.6733224052400717,0.3128793959476284,1060.60002031049
SCHOOL_811,0,0,0,0,0,0,0,0,0,0,1,1119500.0,-17.891346999999996,15.419292999999998,0.0,0.0,0.0,,0.0,0.0,7.118406,5.404458,8.059749065768257,0.927450944436463,0.7620953441613526,0.7031278422923395,0.3480828127715808,1119.500021438425
SCHOOL_812,0,0,0,0,0,0,0,0,0,0,2,3066600.0,-17.891109999999994,15.55861,0.0,0.0,0.0,,0.0,0.0,15.884762,13.809304,19.146149774377204,2.2367357089706834,2.1534956325431573,0.6211911467678327,0.7849946908169213,3066.6000587253898
SCHOOL_813,0,0,0,0,0,0,0,0,0,0,1,1736800.0,-17.884183999999994,15.707755,0.0,0.0,0.0,,0.0,0.0,10.384567,7.911223,11.80304553438367,1.3541244737479268,1.2145700547649474,0.6691039930682608,0.4923970151605051,1736.80003325972
SCHOOL_814,0,0,0,0,0,0,0,0,0,0,1,1468100.0,-17.889570000000006,15.006891,0.0,0.0,0.0,,0.0,0.0,5.288442,10.657879,9.468183509458155,1.3354505872559983,1.112398216909863,0.6594493278079234,0.3532447529297939,1468.1000281141148
SCHOOL_815,0,0,0,0,0,0,0,0,0,0,1,3249000.0,-17.887779999999996,14.957779999999998,0.0,0.0,0.0,,0.0,0.0,15.030528,16.541091,20.125232973756574,2.5528312771767787,2.342629059373745,0.6214102791076449,0.9075613842547194,3249.0000622183497
SCHOOL_816,0,0,0,0,0,0,0,0,0,0,1,1164700.0,-17.883610000000004,15.02528,0.0,0.0,0.0,,0.0,0.0,4.194615,8.455976,7.511432468480367,1.059459643894802,0.8824559744994093,0.65944441027761,0.2802139360342779,1164.700022304005
SCHOOL_817,0,0,0,0,0,0,0,0,0,0,1,1585300.0,-17.881272999999993,15.068462,0.0,0.0,0.0,,0.0,0.0,3.156917,22.810583,13.837929292467704,2.3878453097830414,1.476632023384159,0.913593026001178,0.4046527528017052,1585.3000303584952
SCHOOL_818,0,0,0,0,0,0,0,0,0,0,1,2986700.0,-17.879201,15.061685,0.0,0.0,0.0,,0.0,0.0,5.947159,42.976933,26.071048168871165,4.4987128397953144,2.782411941522835,0.9136095189182092,0.762673071485493,2986.700057195305
SCHOOL_819,0,0,0,0,0,0,0,0,0,0,1,1854600.0,-17.87523,14.9161,0.0,0.0,0.0,,0.0,0.0,9.763154,7.83883,11.443032455023408,1.3612804214865233,1.2957109350544451,0.6123828896433662,0.5356802499871799,1854.6000355155898
SCHOOL_820,0,0,0,0,0,0,0,0,0,0,1,2724000.0,-17.84895399999999,14.838053,0.0,0.0,0.0,,0.0,0.0,12.675711,10.859029,15.318734826769584,1.7693242322226057,1.912733086232897,0.5646495803119012,0.6306891647478763,2724.0000521646
SCHOOL_821,0,0,0,0,0,0,0,0,0,0,2,4061300.0,-17.847395999999993,15.066393,0.0,0.0,0.0,,0.0,0.0,7.231027,73.894809,42.53261009701994,7.565172749352831,3.983794983602825,1.090207294763499,1.200581052831781,4061.3000777738953
SCHOOL_822,0,0,0,0,0,0,0,0,0,0,2,10320400.0,-17.877385,15.187151,0.0,0.0,0.0,,0.0,0.0,61.567183,47.021955,69.51988565428088,8.295095982124854,7.167256853832308,0.6626588006510266,3.3029439328616816,10320.40019763566
SCHOOL_823,0,0,0,0,0,0,0,0,0,0,2,3508500.0,-17.868060000000003,15.27528,0.0,0.0,0.0,,0.0,0.0,17.861923,18.288338,22.76379484509952,2.782483940405847,2.4832095263817133,0.6471781808610702,0.9106659828076592,3508.5000671877756
SCHOOL_824,0,0,0,0,0,0,0,0,0,0,1,2977900.0,-17.862499999999997,15.217499999999998,0.0,0.0,0.0,,0.0,0.0,16.728659,13.584497,19.3565649788131,2.312297947814326,2.0877887282275407,0.6437459171608425,0.8611546535061884,2977.9000570267854
SCHOOL_825,0,0,0,0,0,0,0,0,0,0,2,1652400.0,-17.848637999999998,15.111221,0.0,0.0,0.0,,0.0,0.0,12.358786,6.385596,12.245185464552682,1.3656905165101307,1.1047682254040478,0.714886896128682,0.6072365210493406,1652.40003164346
SCHOOL_826,0,0,0,0,0,0,0,0,0,0,1,840000.0,-17.829999999999995,15.23472,0.0,0.0,0.0,,0.0,0.0,4.229525,5.327624,5.93217374640971,0.7848433662575673,0.6034655340319746,0.7036838636825973,0.2608458792003474,840.0000160860001
SCHOOL_827,0,0,0,0,0,0,0,0,0,0,2,5750299.999999999,-17.828528999999993,15.164104000000002,0.0,0.0,0.0,,0.0,0.0,38.15549,23.500845,39.63287862628357,4.705778522463334,3.973779251962208,0.6736277265602022,2.049208065052519,5750.300110118244
SCHOOL_828,0,0,0,0,0,0,0,0,0,0,1,2653400.0,-17.84306,15.07028,0.0,0.0,0.0,,0.0,0.0,4.722693,48.273965,27.78832716217465,4.9425724778486595,2.6029955585708175,1.0902094084970706,0.7846846268045281,2653.40005081261
SCHOOL_829,0,0,0,0,0,0,0,0,0,0,2,1680000.0,-17.841375000037306,14.950529999910984,0.0,0.0,0.0,,0.0,0.0,8.704531,9.635066,11.5570231013651,1.4502133188981066,1.1873449277017991,0.6832388745264368,0.4855323601171085,1680.0000321720001
SCHOOL_830,0,0,0,0,0,0,0,0,0,0,2,15725500.0,-17.84111,14.90556,0.0,0.0,0.0,,0.0,0.0,87.799589,69.004199,102.00009793470696,11.635981581906035,10.682171134215498,0.6389564909285712,4.312729506454223,15725.500301143324
SCHOOL_831,0,0,0,0,0,0,0,0,0,0,1,4831900.0,-17.813182999999995,14.989688,0.0,0.0,0.0,,0.0,0.0,25.051757,27.685185,33.24080336417911,4.170902564924403,3.414975466641586,0.6832464012558317,1.3972269141954996,4831.900092530885
SCHOOL_832,0,0,0,0,0,0,0,0,0,0,2,3243700.0,-17.808069999999994,14.814399999999996,0.0,0.0,0.0,,0.0,0.0,15.094219,12.930867,18.241519753730454,2.106897985526652,2.2779884659360183,0.5646622847409417,0.7510597558872099,3243.7000621168554
SCHOOL_833,0,0,0,0,0,0,0,0,0,0,1,840000.0,-17.805061999999996,14.917675,0.0,0.0,0.0,,0.0,0.0,4.690007,3.685929,5.448479404088546,0.6215537145423023,0.5705065712994744,0.6389478256369526,0.2303606376866031,840.0000160860001
SCHOOL_834,0,0,0,0,0,0,0,0,0,0,1,840000.0,-17.89627,15.347677,0.0,0.0,0.0,,0.0,0.0,3.667583,3.852763,4.804134845932565,0.5807773070390966,0.607997132159178,0.5782527438327139,0.1916474657893521,840.0000160860001
SCHOOL_835,0,0,0,0,0,0,0,0,0,0,2,13104400.0,-17.86311999999999,15.36291,0.0,0.0,0.0,,0.0,0.0,57.76853,66.974106,78.22195905698905,9.756846097363436,9.483130645420982,0.6031481185407856,3.063109083202882,13104.400250949262
SCHOOL_836,0,0,0,0,0,0,0,0,0,0,1,840000.0,-17.815289,15.335822,0.0,0.0,0.0,,0.0,0.0,4.357552,3.888988,5.2685016518580365,0.6233529568359057,0.5973938939497897,0.6254096692169587,0.2148896272711575,840.0000160860001
SCHOOL_837,0,0,0,0,0,0,0,0,0,0,2,1614600.0,-17.766389999999998,15.34806,0.0,0.0,0.0,,0.0,0.0,2.965356,51.420206,27.63566297977838,5.147736125920623,1.5429910880565467,1.741638647060698,0.7411484005521584,1614.6000309195902
SCHOOL_838,0,0,0,0,0,0,0,0,0,0,1,622000.0,-17.714398000000003,15.351053,0.0,0.0,0.0,,0.0,0.0,1.127075,11.292425,6.504928293417358,1.157423963183824,0.6037047000010373,1.0879931846633464,0.1836253635967156,622.0000119112999
SCHOOL_839,0,0,0,0,0,0,0,0,0,0,2,1680000.0,-17.657893,15.346134,0.0,0.0,0.0,,0.0,0.0,3.066438,30.470758,17.580444601654875,3.124570348815705,1.6331242905322525,1.0885308231693196,0.4969897748607559,1680.0000321720001
SCHOOL_840,0,0,0,0,0,0,0,0,0,0,1,691900.0,-17.802418999999997,14.916917000000002,0.0,0.0,0.0,,0.0,0.0,3.863133,3.036069,4.487863964028591,0.5119813466803305,0.4700389568077351,0.6389643458784549,0.1897443149905088,691.900013249885
SCHOOL_841,0,0,0,0,0,0,0,0,0,0,2,2198399.9999999995,-17.801408000000002,15.040005,0.0,0.0,0.0,,0.0,0.0,4.125516,40.116034,23.231382225827883,4.118404802877916,2.113545344043521,1.0970542622211723,0.6588349280827673,2198.4000420993593
SCHOOL_842,0,0,0,0,0,0,0,0,0,0,2,1703000.0,-17.792225,14.733966,0.0,0.0,0.0,,0.0,0.0,8.556272,7.669456,10.425299173149458,1.2271632166580546,1.1867647707476388,0.6103013640847818,0.4260067567091822,1703.0000326124502
SCHOOL_843,0,0,0,0,0,0,0,0,0,0,1,1353000.0,-17.77604,14.883070000000002,0.0,0.0,0.0,,0.0,0.0,6.682434,6.888336,8.569522993634314,1.045449834630329,0.9483894571899144,0.6325618802183776,0.3415878934716525,1353.0000259099502
SCHOOL_844,0,0,0,0,0,0,0,0,0,0,1,2290300.0,-17.771843,14.758221000000002,0.0,0.0,0.0,,0.0,0.0,3.564717,40.089249,22.606383207323855,4.0837709263750845,2.3710038350716287,1.0391140617404018,0.6374277127540814,2290.3000438592453
SCHOOL_845,0,0,0,0,0,0,0,0,0,0,1,840000.0,-17.770309999999995,14.80612,0.0,0.0,0.0,,0.0,0.0,3.585697,4.789278,5.278989522173784,0.6677174439903955,0.6330560271702742,0.6354477639731333,0.2046979536262813,840.0000160860001
SCHOOL_846,0,0,0,0,0,0,0,0,0,0,1,1498100.0,-17.76803,15.0083,0.0,0.0,0.0,,0.0,0.0,8.375797,8.136876,10.460863328508951,1.3098750102171035,1.0445787597266538,0.6898047140313238,0.4731210693663511,1498.1000286886147
SCHOOL_847,0,0,0,0,0,0,0,0,0,0,1,1593500.0,-17.767654999999998,15.084404,0.0,0.0,0.0,,0.0,0.0,11.081067,8.327265,12.322912577446434,1.5409705877798914,1.092832469303475,0.7531442705588535,0.623101055553863,1593.5000305155247
SCHOOL_848,0,0,0,0,0,0,0,0,0,0,1,5193400.0,-17.818971,15.284752,0.0,0.0,0.0,,0.0,0.0,29.106681,25.35917,34.69545159402575,4.158277759022818,3.604950686160832,0.6596428904786801,1.5433425640039542,5193.400099453609
SCHOOL_849,0,0,0,0,0,0,0,0,0,0,1,1366600.0,-17.78926699999999,15.205589,0.0,0.0,0.0,,0.0,0.0,2.409777,24.80413,14.244116489712113,2.538176765380161,1.3575432499702742,1.0868022925753114,0.4013141245466103,1366.60002617039
SCHOOL_850,0,0,0,0,0,0,0,0,0,0,2,5782400.0,-17.762581,15.252601,0.0,0.0,0.0,,0.0,0.0,30.682395,27.418832,37.10569966808927,4.392575842590062,4.100665649615837,0.6383717306446026,1.5122753157664497,5782.4001107329605
SCHOOL_851,0,0,0,0,0,0,0,0,0,0,2,4447400.0,-17.754790000000003,15.15227,0.0,0.0,0.0,,0.0,0.0,8.201248,80.690387,46.6088814355091,8.278670866879663,4.314413459225681,1.0897385159798485,1.3185740807010728,4447.40008516771
SCHOOL_852,0,0,0,0,0,0,0,0,0,0,1,1426100.0,-17.727784000000003,15.177638,0.0,0.0,0.0,,0.0,0.0,7.823836,8.932582,10.42600205447694,1.3441688495008506,1.0078843142282488,0.7234348732344682,0.4562341464299672,1426.1000273098152
SCHOOL_853,0,0,0,0,0,0,0,0,0,0,1,808300.0,-17.709376000000002,15.24716,0.0,0.0,0.0,,0.0,0.0,1.449541,14.664793,8.442086351191818,1.5018548319992224,0.7918065070941135,1.0873807434924003,0.2383972795846473,808.3000154789449
SCHOOL_854,0,0,0,0,0,0,0,0,0,0,2,9587700.0,-17.698064,15.283465,0.0,0.0,0.0,,0.0,0.0,59.262879,45.314041,67.31994027347216,7.743871007840946,6.669052787755111,0.6892576426896653,2.8066075166282554,9587.700183604456
SCHOOL_855,0,0,0,0,0,0,0,0,0,0,1,1209200.0,-17.75708,15.815810000000004,0.0,0.0,0.0,,0.0,0.0,7.419386,5.385897,8.293330851646504,0.941783917435626,0.8634221790134989,0.6751289988319646,0.3484075565610466,1209.2000231561804
SCHOOL_856,0,0,0,0,0,0,0,0,0,0,1,870500.0,-17.753609999999995,15.54472,0.0,0.0,0.0,,0.0,0.0,1.601502,27.723212,14.901731157717014,2.7755066281647225,0.8373850074999462,1.7423851792716858,0.3996193148492211,870.5000166700748
SCHOOL_857,0,0,0,0,0,0,0,0,0,0,2,1680000.0,-17.750981000121328,15.650782000161872,0.0,0.0,0.0,,0.0,0.0,8.44658,10.13696,11.617014040494482,1.4968638736975726,1.2287639548116205,0.6890556040558148,0.5168813867716582,1680.0000321720001
SCHOOL_858,0,0,0,0,0,0,0,0,0,0,2,2707600.0000000005,-17.74944,15.41528,0.0,0.0,0.0,,0.0,0.0,4.967,86.231114,46.34469658244424,8.632303691791476,2.678267358939428,1.7444882786882403,1.2424178731726525,2707.6000518505407
SCHOOL_859,0,0,0,0,0,0,0,0,0,0,1,1644100.0,-17.749229999999997,15.73918,0.0,0.0,0.0,,0.0,0.0,2.805104,28.710585,16.437985615184576,2.9391308239531773,1.648375167697304,1.047187580335935,0.462883898375823,1644.1000314845146
SCHOOL_860,0,0,0,0,0,0,0,0,0,0,1,2535000.0,-17.745559999999998,15.708329999999998,0.0,0.0,0.0,,0.0,0.0,4.324952,44.26831,25.34527187995671,4.531787423928652,2.5412451211840654,1.047173605067503,0.7137153555004369,2535.00004854525
SCHOOL_861,0,0,0,0,0,0,0,0,0,0,2,6304300.0,-17.74222,15.71278,0.0,0.0,0.0,,0.0,0.0,10.756196,110.089542,63.03102057399903,11.270101335217133,6.319434598232299,1.0471662966668212,1.7748579242662763,6304.300120727345
SCHOOL_862,0,0,0,0,0,0,0,0,0,0,1,4340500.0,-17.758797000000005,14.69519,0.0,0.0,0.0,,0.0,0.0,7.969584,75.281097,43.64911030408992,7.741595424436535,4.213530940387956,1.0486027068539463,1.2446415933668014,4340.500083120575
SCHOOL_863,0,0,0,0,0,0,0,0,0,0,1,3797200.0,-17.746844000000003,14.896049,0.0,0.0,0.0,,0.0,0.0,21.973708,17.736571,25.490440470657703,2.9618205147989647,2.5979209315990572,0.6613634784654966,1.0565429888933635,3797.20007271638
SCHOOL_864,0,0,0,0,0,0,0,0,0,0,2,6419800.0,-17.744379500616127,14.88661499772786,0.0,0.0,0.0,,0.0,0.0,37.150053,29.986845,43.09507824438487,5.00744626189538,4.391931032714139,0.6613588578248595,1.785560060443777,6419.800122939169
SCHOOL_865,0,0,0,0,0,0,0,0,0,0,2,3140500.0,-17.741720000000008,15.016370000000002,0.0,0.0,0.0,,0.0,0.0,20.884209,14.337197,22.78288900034681,2.6448107229675175,2.1321194624377746,0.7065099397941377,1.0600218850313208,3140.500060140575
SCHOOL_866,0,0,0,0,0,0,0,0,0,0,2,3749500.0,-17.74111,14.968890000000002,0.0,0.0,0.0,,0.0,0.0,21.869036,18.719149,25.951381477506445,3.1568159361822667,2.577185336554697,0.6811241313528688,1.1836084627925998,3749.500071802925
SCHOOL_867,0,0,0,0,0,0,0,0,0,0,1,10232300.0,-17.737443000000003,14.897519,0.0,0.0,0.0,,0.0,0.0,59.212899,47.79538,68.6881499421057,7.981312119552221,7.0024097351428285,0.6613827884739935,2.8457703638462237,10232.300195948546
SCHOOL_868,0,0,0,0,0,0,0,0,0,0,1,942700.0,-17.730004999999995,15.017789000000002,0.0,0.0,0.0,,0.0,0.0,6.268931,4.303674,6.838848593650079,0.793877748772969,0.6398939202011698,0.7064987742689679,0.3181658395778854,942.7000180527051
SCHOOL_869,0,0,0,0,0,0,0,0,0,0,2,1680000.0,-17.719079999999998,14.8272,0.0,0.0,0.0,,0.0,0.0,8.379723,9.291184,11.220092506276766,1.376975160338961,1.231082752723006,0.6666398990653942,0.4521564964580335,1680.0000321720001
SCHOOL_870,0,0,0,0,0,0,0,0,0,0,1,840000.0,-17.71571,14.66488,0.0,0.0,0.0,,0.0,0.0,1.243789,14.728903,8.251471813709836,1.4966163194812254,0.8772425853169036,1.0359259467135444,0.2325090563023369,840.0000160860001
SCHOOL_871,0,0,0,0,0,0,0,0,0,0,2,2690200.0,-17.706289,15.075963000000002,0.0,0.0,0.0,,0.0,0.0,18.374301,13.35959,20.27708460937832,2.498315301859775,1.8508479980080303,0.7345302308498264,1.0258285012917283,2690.2000515173295
SCHOOL_872,0,0,0,0,0,0,0,0,0,0,2,1903300.0,-17.705573,14.738077,0.0,0.0,0.0,,0.0,0.0,8.665036,8.66465,11.130895772870428,1.3297301639444694,1.3442345080637006,0.5875701551157722,0.4483670462482352,1903.300036448195
SCHOOL_873,0,0,0,0,0,0,0,0,0,0,1,1001300.0,-17.701400000000007,15.02056,0.0,0.0,0.0,,0.0,0.0,6.658701,4.571168,7.264007805263831,0.8432446273375961,0.6797274956257706,0.7065070375239602,0.3379628808609888,1001.3000191748949
SCHOOL_874,0,0,0,0,0,0,0,0,0,0,1,840000.0,-17.695300000000003,14.85355,0.0,0.0,0.0,,0.0,0.0,1.821135,14.520532,8.760702241148598,1.509487463823345,0.7844201327292464,1.0764002689337913,0.2557336557992905,840.0000160860001
SCHOOL_875,0,0,0,0,0,0,0,0,0,0,2,8251500.0,-17.685399999999998,14.65368,0.0,0.0,0.0,,0.0,0.0,13.18922,144.181957,81.74857068167172,14.70871170843004,8.489619153963316,1.0414905588905163,2.307592578926966,8251.500158016224
SCHOOL_876,0,0,0,0,0,0,0,0,0,0,1,1721300.0,-17.80694,15.88222,0.0,0.0,0.0,,0.0,0.0,8.656631,8.2552,10.80078891513642,1.319814639054146,1.2779860433744437,0.6288690283982044,0.470264835346572,1721.300032962895
SCHOOL_877,0,0,0,0,0,0,0,0,0,0,1,10355900.0,-17.804968999999996,16.086768,0.0,0.0,0.0,,0.0,0.0,33.211059,65.885179,59.63033817488142,8.263074243217748,8.578163846248872,0.6006208425938622,2.184421496609403,10355.900198315483
SCHOOL_878,0,0,0,0,0,0,0,0,0,0,1,954400.0,-17.80119,16.10402,0.0,0.0,0.0,,0.0,0.0,5.521235,4.965435,6.624223770681623,0.8316057039667433,0.6941953711159418,0.6870102873705587,0.3189901354648958,954.4000182767601
SCHOOL_879,0,0,0,0,0,0,0,0,0,0,1,1851100.0,-17.800559999999997,16.03389,0.0,0.0,0.0,,0.0,0.0,6.89781,9.729696,10.25201915614898,1.332818051019524,1.4504745113505677,0.5720332638361556,0.3886284300187698,1851.1000354485648
SCHOOL_880,0,0,0,0,0,0,0,0,0,0,1,3410000.0,-17.794954,16.072339,0.0,0.0,0.0,,0.0,0.0,11.804865,18.832635,18.93001215197412,2.4922201703580957,2.694064941120105,0.5747790726816584,0.707408152421289,3410.0000653015004
SCHOOL_881,0,0,0,0,0,0,0,0,0,0,1,6499400.0,-17.790560000000003,16.076110000000003,0.0,0.0,0.0,,0.0,0.0,22.499553,35.894529,36.080234137128336,4.750109925498704,5.134919764341241,0.5747779994646908,1.3484163758717902,6499.40012446351
SCHOOL_882,0,0,0,0,0,0,0,0,0,0,1,3400000.0,-17.78694,16.07389,0.0,0.0,0.0,,0.0,0.0,11.768813,18.779735,18.875630842414765,2.4849132088735995,2.686355897497986,0.5747866296810515,0.7063517368693264,3400.00006511
SCHOOL_883,0,0,0,0,0,0,0,0,0,0,2,6925100.0,-17.784719999999993,16.45056,0.0,0.0,0.0,,0.0,0.0,27.712658,43.468464,43.24431595055518,5.778776932315281,5.384687884221867,0.6383067373394796,1.614219917468053,6925.100132615664
SCHOOL_884,0,0,0,0,0,0,0,0,0,0,2,2274700.0,-17.784439999999996,16.39028,0.0,0.0,0.0,,0.0,0.0,11.994573,12.483687,15.496937879736285,1.8881024337249976,1.6750183354182575,0.678779382502191,0.6193227523041901,2274.700043560505
SCHOOL_885,0,0,0,0,0,0,0,0,0,0,1,840000.0,-17.809720000000002,18.51,0.0,0.0,0.0,,0.0,0.0,2.397745,5.937265,4.978039490564234,0.7108436272779829,0.7361174157101795,0.6230746937729761,0.1740670617542044,840.0000160860001
SCHOOL_886,0,0,0,0,0,0,0,0,0,0,1,1749100.0,-17.805464999999998,18.718407,0.0,0.0,0.0,,0.0,0.0,7.982746,11.679687,12.247578735375804,1.5856486712715985,1.4452496608581102,0.708914556730851,0.4691947651702934,1749.1000334952648
SCHOOL_887,0,0,0,0,0,0,0,0,0,0,2,11388500.0,-17.804296000000004,18.596926,0.0,0.0,0.0,,0.0,0.0,33.28196,78.483748,66.0060581481749,9.484871518453122,9.95182978694194,0.6111515673659763,2.3159840416966317,11388.500218089774
SCHOOL_888,0,0,0,0,0,0,0,0,0,0,1,2935600.0,-17.803111000000005,18.848985,0.0,0.0,0.0,,0.0,0.0,11.619557,15.718947,17.068271905034315,2.2167349915091816,2.4407365210944607,0.5995274123341684,0.705806794498236,2935.6000562167396
SCHOOL_889,0,0,0,0,0,0,0,0,0,0,1,948400.0,-17.799438,18.424805,0.0,0.0,0.0,,0.0,0.0,3.503998,5.968225,5.778487774965593,0.7763334029566197,0.7744224355920604,0.6280817465724111,0.214926896078676,948.4000181618601
SCHOOL_890,0,0,0,0,0,0,0,0,0,0,1,2130700.0,-17.787081,18.823888,0.0,0.0,0.0,,0.0,0.0,4.758472,38.730675,23.066219649537334,4.020225953112139,2.0370885811207295,1.1182040863731575,0.6678613541647805,2130.7000408029053
SCHOOL_891,0,0,0,0,0,0,0,0,0,0,3,15814500.0,-17.774534999999684,18.791630500062656,0.0,0.0,0.0,,0.0,0.0,70.913937,105.65215,109.09555606543891,14.4386724172987,13.339739873612231,0.7002000794921567,4.621709249971069,15814.500302847675
SCHOOL_892,0,0,0,0,0,0,0,0,0,0,1,4540300.0,-17.795749999999998,15.49149,0.0,0.0,0.0,,0.0,0.0,32.192986,19.464451,33.74918496285191,3.8142390648038367,3.074621896613448,0.7206946217919747,1.5574381729392524,4540.300086946745
SCHOOL_893,0,0,0,0,0,0,0,0,0,0,1,9846600.0,-17.794169999999994,15.77861,0.0,0.0,0.0,,0.0,0.0,55.103256,44.85167,64.6994853422467,7.46352781838051,6.97539520522405,0.6501692454760696,2.6777212743155467,9846.600188562392
SCHOOL_894,0,0,0,0,0,0,0,0,0,0,2,10956700.0,-17.793609999999994,15.70056,0.0,0.0,0.0,,0.0,0.0,18.153503,191.519307,109.01291336192013,19.57410690728183,11.070983470321584,1.043859346805076,3.059094053241197,10956.700209820803
SCHOOL_895,0,0,0,0,0,0,0,0,0,0,3,8487800.0,-17.790692500026356,15.562708999820526,0.0,0.0,0.0,,0.0,0.0,43.111614,38.309011,52.55101503352773,6.150954946498065,6.018870166574197,0.6172456713234676,2.14903725135252,8487.80016254137
SCHOOL_896,0,0,0,0,0,0,0,0,0,0,1,4156800.0,-17.790690000000005,15.641464,0.0,0.0,0.0,,0.0,0.0,20.642397,18.811233,25.532125552579597,3.0669749461316713,2.974075067283925,0.6130271214539005,1.138806956526979,4156.80007960272
SCHOOL_897,0,0,0,0,0,0,0,0,0,0,1,2815800.0,-17.78722,15.62444,0.0,0.0,0.0,,0.0,0.0,13.974826,12.752233,17.295011391822978,2.0775617649875096,2.0145707773536814,0.6130202086380844,0.7712546046118244,2815.8000539225704
SCHOOL_898,0,0,0,0,0,0,0,0,0,0,1,4248400.0,-17.78689,15.767,0.0,0.0,0.0,,0.0,0.0,23.774703,19.351666,27.915143613390295,3.220205641275949,3.009908344732785,0.6501752586921797,1.1553334281679983,4248.40008135686
SCHOOL_899,0,0,0,0,0,0,0,0,0,0,1,1912600.0,-17.784481,15.758909,0.0,0.0,0.0,,0.0,0.0,10.703171,8.711979,12.567191719438544,1.449711808784919,1.3550063502802143,0.6501725336985708,0.5201387360133429,1912.6000366262904
SCHOOL_900,0,0,0,0,0,0,0,0,0,0,1,4509100.0,-17.781109999999998,15.76583,0.0,0.0,0.0,,0.0,0.0,25.233681,20.539136,29.628125068986424,3.417808779169091,3.1945341924156803,0.6501737517646009,1.2262221344431503,4509.100086349265
SCHOOL_901,0,0,0,0,0,0,0,0,0,0,1,12000000.0,-17.780830000000005,15.74222,0.0,0.0,0.0,,0.0,0.0,19.885256,209.745488,119.3907769571637,21.437698465883827,12.118877944888618,1.0438005200189218,3.3498888292328175,12000.0002298
SCHOOL_902,0,0,0,0,0,0,0,0,0,0,2,14138600.0,-17.783610000000003,15.973890000000004,0.0,0.0,0.0,,0.0,0.0,78.271051,70.855902,94.57320674082872,11.293649397537804,10.36634043112296,0.6655475685113819,3.847514150647751,14138.60027075419
SCHOOL_903,0,0,0,0,0,0,0,0,0,0,1,8023000.0,-17.780284999999996,15.842566,0.0,0.0,0.0,,0.0,0.0,49.227621,35.735236,55.026141713854685,6.248450531433612,5.731913181754978,0.6751646208584359,2.311322221812721,8023.000153640449
SCHOOL_904,0,0,0,0,0,0,0,0,0,0,1,3963400.0,-17.778060000000004,15.84303,0.0,0.0,0.0,,0.0,0.0,24.318707,17.653372,27.18319251075605,3.086656566725191,2.831596341167556,0.6751659258943582,1.1416567186652644,3963.4000758991097
SCHOOL_905,0,0,0,0,0,0,0,0,0,0,2,3998000.0,-17.771939999999994,16.23,0.0,0.0,0.0,,0.0,0.0,26.267695,19.852344,29.598037216456373,3.4150684237480324,2.855571600888116,0.7251484745683255,1.2432448449486064,3998.0000765617006
SCHOOL_906,0,0,0,0,0,0,0,0,0,0,2,11750900.0,-17.771129,15.892474,0.0,0.0,0.0,,0.0,0.0,48.260586,65.164667,70.1575591759022,9.043339296972912,8.893027887387086,0.6085601245093818,2.685621846361745,11750.900225029734
SCHOOL_907,0,0,0,0,0,0,0,0,0,0,2,2459800.0,-17.77,16.01528,0.0,0.0,0.0,,0.0,0.0,7.751235,13.64592,13.040790977815773,1.7603950802956136,1.96367499941615,0.5543677290507569,0.4785315866099093,2459.80004710517
SCHOOL_908,0,0,0,0,0,0,0,0,0,0,1,732700.0,-17.795025999999996,18.349749,0.0,0.0,0.0,,0.0,0.0,1.684038,13.34896,7.954057598194097,1.3881811960758446,0.7178974220197806,1.1231281840894962,0.2317775858645694,732.700014031205
SCHOOL_909,0,0,0,0,0,0,0,0,0,0,1,1296100.0,-17.789995999999995,17.431859,0.0,0.0,0.0,,0.0,0.0,5.406953,7.577195,7.9539442823819,1.0399513985091997,1.0378245647932798,0.6285584143833041,0.3017920973164176,1296.1000248203152
SCHOOL_910,0,0,0,0,0,0,0,0,0,0,1,1273400.0,-17.76778,17.29944,0.0,0.0,0.0,,0.0,0.0,2.193221,22.331962,12.784973376732326,2.2869356884588368,1.282447755444585,1.0517295176625938,0.3589832869448732,1273.4000243856099
SCHOOL_911,0,0,0,0,0,0,0,0,0,0,2,3741600.0,-17.76647,16.72288,0.0,0.0,0.0,,0.0,0.0,11.9158,19.30184,19.396040677566404,2.5442302158789247,3.0966263190428713,0.5440278341602108,0.7258338621697621,3741.6000716516405
SCHOOL_912,0,0,0,0,0,0,0,0,0,0,1,1514400.0,-17.763024,17.064381,0.0,0.0,0.0,,0.0,0.0,6.485538,7.967261,9.086522017030774,1.1387942731206446,1.173202934384761,0.6106727195662527,0.3532934354540522,1514.40002900076
SCHOOL_913,0,0,0,0,0,0,0,0,0,0,1,1415500.0,-17.75528,18.21806,0.0,0.0,0.0,,0.0,0.0,5.171967,8.054676,8.133654772656055,1.072261549002824,1.1581306910866458,0.594803117539227,0.3084331546388906,1415.500027106825
SCHOOL_914,0,0,0,0,0,0,0,0,0,0,1,840000.0,-17.75520299999999,18.272633,0.0,0.0,0.0,,0.0,0.0,1.777125,15.204048,8.983841271856617,1.5729423620867695,0.8384328513519838,1.110065715605261,0.2585951348849918,840.0000160860001
SCHOOL_915,0,0,0,0,0,0,0,0,0,0,2,2262000.0,-17.726061999999995,16.818097,0.0,0.0,0.0,,0.0,0.0,3.302011,40.143619,22.550566248314535,4.074505679489341,2.4202205491880218,1.0520477772407053,0.6233640335583224,2262.0000433173
SCHOOL_916,0,0,0,0,0,0,0,0,0,0,1,603400.0,-17.768059999999995,15.94944,0.0,0.0,0.0,,0.0,0.0,3.182346,2.91211,3.887399739381959,0.4622048067205481,0.4447887536917601,0.6433591507837546,0.1579573313030435,603.4000115551102
SCHOOL_917,0,0,0,0,0,0,0,0,0,0,2,2340100.0,-17.757129999999997,16.16305,0.0,0.0,0.0,,0.0,0.0,8.712496,14.169434,13.86302856458167,1.8654796772762048,1.8645398757261171,0.6108264251957711,0.5213111176760529,2340.100044812915
SCHOOL_918,0,0,0,0,0,0,0,0,0,0,1,1523900.0,-17.756879999999995,16.04109,0.0,0.0,0.0,,0.0,0.0,4.802141,8.453922,8.078996692460585,1.090601171095909,1.2166672759292052,0.5543759191512395,0.2963780970379752,1523.9000291826849
SCHOOL_919,0,0,0,0,0,0,0,0,0,0,1,741200.0,-17.753149999999998,15.990700000000002,0.0,0.0,0.0,,0.0,0.0,4.103261,3.714561,4.957907623991381,0.5920579509033408,0.5435322616191435,0.6655591493350452,0.2017039339669885,741.2000141939801
SCHOOL_920,0,0,0,0,0,0,0,0,0,0,1,1516100.0,-17.749170000000003,16.34111,0.0,0.0,0.0,,0.0,0.0,6.769135,8.911425,9.712709206945506,1.25534677903389,1.147227638272671,0.647729435451218,0.3866624440485603,1516.100029033315
SCHOOL_921,0,0,0,0,0,0,0,0,0,0,1,856300.0,-17.743610000000004,16.40972,0.0,0.0,0.0,,0.0,0.0,3.04615,5.248372,5.078086829838227,0.6803658677638781,0.6829050157860512,0.6114404631144578,0.1881105102397058,856.300016398145
SCHOOL_922,0,0,0,0,0,0,0,0,0,0,1,1880000.0,-17.740266000000002,16.584312,0.0,0.0,0.0,,0.0,0.0,8.763097,9.835091,11.83044318313247,1.451244839540274,1.3944588808315097,0.6319443213585891,0.4868086138834047,1880.0000360020001
SCHOOL_923,0,0,0,0,0,0,0,0,0,0,2,1680000.0,-17.737629999999992,15.91776,0.0,0.0,0.0,,0.0,0.0,9.87573,7.622604,11.276443076167444,1.2995805201435084,1.2161409572505766,0.6636164437742282,0.4768356458673444,1680.0000321720001
SCHOOL_924,0,0,0,0,0,0,0,0,0,0,1,1634300.0,-17.76983999999999,18.459622,0.0,0.0,0.0,,0.0,0.0,2.513973,28.934479,16.37784992714618,2.944348963639166,1.7460128146303378,1.0559826188119763,0.4565014616334026,1634.300031296845
SCHOOL_925,0,0,0,0,0,0,0,0,0,0,1,840000.0,-17.764863999999992,18.400423,0.0,0.0,0.0,,0.0,0.0,3.103539,5.286037,5.118010454952403,0.6875977668711065,0.6855796748501046,0.6280476403362704,0.1903638444416011,840.0000160860001
SCHOOL_926,0,0,0,0,0,0,0,0,0,0,1,840000.0,-17.763923000000005,18.570589,0.0,0.0,0.0,,0.0,0.0,2.443964,5.506519,4.7108536001575105,0.6716874257020639,0.7278614120442278,0.5925746518585411,0.1654575334468743,840.0000160860001
SCHOOL_927,0,0,0,0,0,0,0,0,0,0,1,2348400.0,-17.738006000000002,18.729854,0.0,0.0,0.0,,0.0,0.0,10.097854,12.196255,13.926001000475292,1.7528780777750468,1.86385066743518,0.6061369944180456,0.5419695736962796,2348.4000449718596
SCHOOL_928,0,0,0,0,0,0,0,0,0,0,1,1009700.0,-17.736109999999996,18.49639,0.0,0.0,0.0,,0.0,0.0,2.627307,6.521834,5.428795558725032,0.7803428694909044,0.9205005194384156,0.5756564873126286,0.1876928443065187,1009.7000193357551
SCHOOL_929,0,0,0,0,0,0,0,0,0,0,1,4039400.0,-17.72512499999999,18.713072,0.0,0.0,0.0,,0.0,0.0,17.369163,20.97856,23.95393385994488,3.015098277847608,3.206409157973322,0.606151066885824,0.93235451649797,4039.40007735451
SCHOOL_930,0,0,0,0,0,0,0,0,0,0,1,1165400.0,-17.706322,18.687451,0.0,0.0,0.0,,0.0,0.0,5.261827,7.927897,8.20871141883727,1.0674702657589128,0.9599985311792412,0.7126423004255604,0.3170843185095801,1165.40002231741
SCHOOL_931,0,0,0,0,0,0,0,0,0,0,1,2377200.0,-17.929721999999998,19.873056,0.0,0.0,0.0,,0.0,0.0,5.263734,16.436901,12.673486113700957,1.889868365775088,2.266937879598692,0.5778965383831547,0.4228346839938965,2377.20004552338
SCHOOL_932,0,0,0,0,0,0,0,0,0,0,1,1682300.0,-17.92,20.43383,0.0,0.0,0.0,,0.0,0.0,2.724086,29.718625,16.887751618318752,3.031527492385247,1.825699542674665,1.0586484964003946,0.4743312769598967,1682.3000322160447
SCHOOL_933,0,0,0,0,0,0,0,0,0,0,2,4584700.0,-17.919856,19.684944999999995,0.0,0.0,0.0,,0.0,0.0,15.290292,28.624432,26.526899559949364,3.6378637125092954,3.953081019616422,0.6055182779837043,0.9617277103916928,4584.700087797006
SCHOOL_934,0,0,0,0,0,0,0,0,0,0,2,1680000.0,-17.919721999999993,19.941389,0.0,0.0,0.0,,0.0,0.0,5.053841,10.569011,9.505731096767954,1.3096862647563057,1.4723027399480175,0.5954310156877631,0.3405179335550466,1680.0000321720001
SCHOOL_935,0,0,0,0,0,0,0,0,0,0,3,36000000.0,-17.917499000603883,19.725416499402257,0.0,0.0,0.0,,0.0,0.0,88.845412,651.370717,395.9755322061926,68.11247385838311,34.67529601060101,1.1327978986582712,11.705602187338949,36000.0006894
SCHOOL_936,0,0,0,0,0,0,0,0,0,0,2,9807300.0,-17.91611,19.83306,0.0,0.0,0.0,,0.0,0.0,18.396412,125.980246,77.81472669629123,13.242284699944088,10.010242880281677,0.8432255804902308,2.2986966963124296,9807.300187809795
SCHOOL_937,0,0,0,0,0,0,0,0,0,0,2,11536800.0,-17.912578499978586,20.030360500110383,0.0,0.0,0.0,,0.0,0.0,44.875558,68.398075,69.6379334617538,9.164835112831408,9.450015231512644,0.6215293429022977,2.61360805731165,11536.80022092972
SCHOOL_938,0,0,0,0,0,0,0,0,0,0,1,1594700.0,-17.912541000000008,20.086394,0.0,0.0,0.0,,0.0,0.0,6.169718,10.611883,10.0740745198338,1.3770345635647094,1.3386875267673664,0.652153728014494,0.3688569085193329,1594.700030538505
SCHOOL_939,0,0,0,0,0,0,0,0,0,0,1,3869200.0,-17.91222,19.98806,0.0,0.0,0.0,,0.0,0.0,12.18263,23.667155,21.98228742938657,2.981800171676796,3.3864550936728697,0.5962505948535677,0.7971245878818124,3869.2000740951803
SCHOOL_940,0,0,0,0,0,0,0,0,0,0,1,2105600.0,-17.909153,20.062861,0.0,0.0,0.0,,0.0,0.0,8.146919,14.011556,13.30200735570453,1.818224962222204,1.767489569453058,0.6521659890318579,0.4871309653828771,2105.60004032224
SCHOOL_941,0,0,0,0,0,0,0,0,0,0,1,840000.0,-17.90695999999999,20.03262,0.0,0.0,0.0,,0.0,0.0,3.267467,4.980098,5.070464629374804,0.667299121756963,0.6880621393269124,0.621534667648312,0.1903425740693255,840.0000160860001
SCHOOL_942,0,0,0,0,0,0,0,0,0,0,2,4578400.0,-17.905559999999998,20.13778,0.0,0.0,0.0,,0.0,0.0,16.77041,26.882414,26.891532337742746,3.552946364789593,3.839473999494397,0.608604059249329,1.0046624454951918,4578.400087676359
SCHOOL_943,0,0,0,0,0,0,0,0,0,0,2,5984700.0,-17.905398999999996,20.395774,0.0,0.0,0.0,,0.0,0.0,27.203226,30.018209,36.65597420424533,4.448866979415838,4.861346299632265,0.6227172890581665,1.456065280760447,5984.700114607004
SCHOOL_944,0,0,0,0,0,0,0,0,0,0,2,8289700.000000001,-17.903097,19.704541999999996,0.0,0.0,0.0,,0.0,0.0,20.457334,149.989026,91.18053285537472,15.684343409112511,7.982301315465303,1.1327735714090954,2.6950801734254375,8289.700158747755
SCHOOL_945,0,0,0,0,0,0,0,0,0,0,1,2307800.0,-17.898713000000008,20.357431,0.0,0.0,0.0,,0.0,0.0,9.69832,16.663844,15.752067878933463,2.16292428259513,1.935184485157759,0.6992223872415586,0.5776359324660169,2307.80004419437
SCHOOL_946,0,0,0,0,0,0,0,0,0,0,2,1680000.0,-17.89870599999999,20.360601,0.0,0.0,0.0,,0.0,0.0,7.060037,12.130825,11.466958629785676,1.574535553709066,1.4086487363268023,0.699217189613827,0.420492291108106,1680.0000321720001
SCHOOL_947,0,0,0,0,0,0,0,0,0,0,1,2488300.0,-17.895830000000004,19.69861,0.0,0.0,0.0,,0.0,0.0,8.993138,12.480181,13.268330462584412,1.7178268118122937,2.130918870540752,0.5590143643290353,0.5039567931985465,2488.3000476509446
SCHOOL_948,0,0,0,0,0,0,0,0,0,0,1,4948400.0,-17.895559999999996,19.90278,0.0,0.0,0.0,,0.0,0.0,14.207517,35.055422,29.337994610899415,4.199368231629903,4.569604670025243,0.6275582624901793,1.0180354769590918,4948.40009476186
SCHOOL_949,0,0,0,0,0,0,0,0,0,0,1,2201500.0,-17.895559999999996,20.172220000000003,0.0,0.0,0.0,,0.0,0.0,11.02333,12.213264,14.572462941159689,1.8217541888706967,1.752928487645105,0.6667137857203669,0.6170775280703836,2201.500042158725
SCHOOL_950,0,0,0,0,0,0,0,0,0,0,3,12111400.0,-17.894305502624995,19.878749999867477,0.0,0.0,0.0,,0.0,0.0,30.448608,68.420595,59.49373993027833,8.350196738843795,11.181215589761363,0.5318524100213725,2.092455325834106,12111.40023193331
SCHOOL_951,0,0,0,0,0,0,0,0,0,0,1,1393600.0,-17.893056000000005,19.849444,0.0,0.0,0.0,,0.0,0.0,5.822106,7.628433,8.49107340861985,1.068419036669388,1.1467232905178912,0.6235326588753414,0.3279969677291392,1393.60002668744
SCHOOL_952,0,0,0,0,0,0,0,0,0,0,2,8512500.0,-17.892785999999997,20.25651,0.0,0.0,0.0,,0.0,0.0,31.871325,44.039646,47.41993035955878,6.069512110608654,7.264731855541041,0.5797729084001411,1.810049930017701,8512.500163014376
SCHOOL_953,0,0,0,0,0,0,0,0,0,0,2,11124900.0,-17.888396000000004,19.629936,0.0,0.0,0.0,,0.0,0.0,31.798572,73.92644,62.40708926630891,8.959836343232084,10.124076316753452,0.5969331685017277,2.1774672663906327,11124.900213041836
SCHOOL_954,0,0,0,0,0,0,0,0,0,0,1,2021300.0,-17.88833299999999,19.953611,0.0,0.0,0.0,,0.0,0.0,7.616001,12.119899,12.048002870825664,1.604965532957343,1.713972018714825,0.6180151929823631,0.4474013658594912,2021.3000387078953
SCHOOL_955,0,0,0,0,0,0,0,0,0,0,1,3778600.0,-17.88694,19.57056,0.0,0.0,0.0,,0.0,0.0,6.808665,49.548774,30.3539735189068,5.184094684902207,3.92058819921976,0.8546209217161405,0.8904077276532787,3778.6000723601896
SCHOOL_956,0,0,0,0,0,0,0,0,0,0,1,3198200.0,-17.886669999999995,20.31167,0.0,0.0,0.0,,0.0,0.0,13.187443,21.50247,20.874944161722944,2.8452266610864676,2.7124194518943736,0.6707678474407976,0.8111621211854595,3198.2000612455304
SCHOOL_957,0,0,0,0,0,0,0,0,0,0,1,2854600.0,-17.885516999999997,19.499388,0.0,0.0,0.0,,0.0,0.0,8.42115,16.353687,14.954346717892696,2.0602476653773314,2.5635910884390984,0.558424705551746,0.539569958431852,2854.6000546655896
SCHOOL_958,0,0,0,0,0,0,0,0,0,0,1,840000.0,-17.883813999999997,19.434625000000004,0.0,0.0,0.0,,0.0,0.0,1.576106,26.752433,14.40557445407824,2.6798388305714087,0.8591443638551967,1.7500585304103904,0.3872734983413253,840.0000160860001
SCHOOL_959,0,0,0,0,0,0,0,0,0,0,1,4217400.0,-17.880057,19.666057,0.0,0.0,0.0,,0.0,0.0,15.242401,21.152574,22.48824973531093,2.9115321851124483,3.611718817555942,0.5590143864816348,0.8540549595266118,4217.400080763209
SCHOOL_960,0,0,0,0,0,0,0,0,0,0,2,7346799.999999999,-17.876175999999997,19.535875,0.0,0.0,0.0,,0.0,0.0,13.750843,233.983121,126.164640117706,23.437233427479775,7.6279639607321315,1.753239168747173,3.3914001267944074,7346.800140691219
SCHOOL_961,0,0,0,0,0,0,0,0,0,0,1,2110000.0,-17.875478,19.502808,0.0,0.0,0.0,,0.0,0.0,3.949708,67.1973,36.23293122121282,6.731129846732465,2.1887194416475397,1.7531364299210763,0.9729904587320446,2110.0000404065
SCHOOL_962,0,0,0,0,0,0,0,0,0,0,1,840000.0,-17.871217,19.487392,0.0,0.0,0.0,,0.0,0.0,2.477961,4.812517,4.400681769266988,0.6062628065550937,0.754541835574021,0.558457096359678,0.1588224112595848,840.0000160860001
SCHOOL_963,0,0,0,0,0,0,0,0,0,0,2,6567799.999999999,-17.867220000000003,19.36333,0.0,0.0,0.0,,0.0,0.0,18.948546,36.262038,33.54191819257227,4.584659162414855,5.896419425043059,0.5457675011162373,1.2122238934622072,6567.800125773369
SCHOOL_964,0,0,0,0,0,0,0,0,0,0,1,840000.0,-17.863909999999997,19.624559,0.0,0.0,0.0,,0.0,0.0,2.401042,5.581962,4.71234058242462,0.6765304904560746,0.7647704507142223,0.5969757988587768,0.1645425596439585,840.0000160860001
SCHOOL_965,0,0,0,0,0,0,0,0,0,0,1,2789200.0,-17.861937000000008,19.327498,0.0,0.0,0.0,,0.0,0.0,8.159368,15.323917,14.390673809151505,1.9460226195186945,2.482841871341955,0.5492426080731305,0.5229820468629587,2789.20005341318
SCHOOL_966,0,0,0,0,0,0,0,0,0,0,1,1351800.0,-17.858609999999995,19.15972,0.0,0.0,0.0,,0.0,0.0,6.263533,7.101479,8.491363515329464,1.042378406450372,1.0878022034533488,0.6371205885430428,0.3352352845452003,1351.80002588697
SCHOOL_967,0,0,0,0,0,0,0,0,0,0,2,4621800.0,-17.851867,19.295708,0.0,0.0,0.0,,0.0,0.0,15.02021,23.854605,23.996511765895487,3.1606350526734235,4.0137802920637915,0.5484896669240895,0.8944684004017588,4621.80008850747
SCHOOL_968,0,0,0,0,0,0,0,0,0,0,1,840000.0,-17.851389999999995,18.78306,0.0,0.0,0.0,,0.0,0.0,3.85596,5.662224,5.935017035407867,0.7717150065503294,0.6937089877962576,0.7143864811416964,0.2334313415133847,840.0000160860001
SCHOOL_969,0,0,0,0,0,0,0,0,0,0,2,12162700.0,-17.848007,19.250698,0.0,0.0,0.0,,0.0,0.0,38.540536,70.622512,66.18131098547431,9.02154620879295,10.673720183142429,0.5746215314405987,2.4052407342824487,12162.700232915704
SCHOOL_970,0,0,0,0,0,0,0,0,0,0,1,6115000.0,-17.8425,19.13028,0.0,0.0,0.0,,0.0,0.0,28.221435,33.923094,39.279031356581875,4.883156758137233,4.9156277883318635,0.6509433298611217,1.5371653301987291,6115.00011710225
SCHOOL_971,0,0,0,0,0,0,0,0,0,0,1,840000.0,-17.839654,19.039176999999995,0.0,0.0,0.0,,0.0,0.0,1.628234,15.297885,8.887483486663609,1.5737243491152586,0.8583482060774965,1.103156605914399,0.2522496314661114,840.0000160860001
SCHOOL_972,0,0,0,0,0,0,0,0,0,0,1,1589900.0,-18.03,22.193889999999996,0.0,0.0,0.0,,0.0,0.0,6.066167,8.732794,9.049594087584213,1.1998457150447956,1.4232336508822596,0.594831381143835,0.3775973980312309,1589.900030446585
SCHOOL_973,0,0,0,0,0,0,0,0,0,0,1,2201900.0,-18.029444000000005,21.419167,0.0,0.0,0.0,,0.0,0.0,8.524266,15.284245,14.274643998113774,1.9628433837668335,1.909594210827928,0.6702612978941925,0.5205358396726374,2201.900042166385
SCHOOL_974,0,0,0,0,0,0,0,0,0,0,1,1384300.0,-17.95109,22.558070000000004,0.0,0.0,0.0,,0.0,0.0,6.234452,7.36542,8.594016380070485,1.0662924866068424,1.157554065709095,0.6339509821499608,0.3366540577902518,1384.3000265093451
SCHOOL_975,0,0,0,0,0,0,0,0,0,0,2,2646400.0,-17.851388999999998,22.913333,0.0,0.0,0.0,,0.0,0.0,9.155524,15.128122,14.901899515957972,1.984110798533285,2.425729161406956,0.5934830575691603,0.5536202741739715,2646.4000506785596
SCHOOL_976,0,0,0,0,0,0,0,0,0,0,1,840000.0,-17.847778000000005,22.985556,0.0,0.0,0.0,,0.0,0.0,3.53434,4.706339,5.120142938227889,0.6595618499925284,0.7378847035605867,0.6295609263923062,0.2015835511580509,840.0000160860001
SCHOOL_977,0,0,0,0,0,0,0,0,0,0,2,3469399.9999999995,-17.737499999999994,16.29528,0.0,0.0,0.0,,0.0,0.0,23.975405,19.551912,27.444660495267424,3.425395822047868,2.5984225312126092,0.776032500807929,1.312646007809009,3469.4000664390096
SCHOOL_978,0,0,0,0,0,0,0,0,0,0,1,5183500.0,-17.72969,15.83937,0.0,0.0,0.0,,0.0,0.0,25.49186,26.700444,32.79374120438901,4.029128131589414,3.9064474539275578,0.6368110520503794,1.3054541512680928,5183.500099264025
SCHOOL_979,0,0,0,0,0,0,0,0,0,0,2,1680000.0,-17.725279999999994,16.06667,0.0,0.0,0.0,,0.0,0.0,6.387871,9.203422,9.65688350075462,1.2529859217543111,1.299385776679549,0.5902149521808391,0.366712284141936,1680.0000321720001
SCHOOL_980,0,0,0,0,0,0,0,0,0,0,1,1105800.0,-17.722745000000007,16.023732000000003,0.0,0.0,0.0,,0.0,0.0,3.653263,6.793939,6.287150466084633,0.8652166947266838,0.9024903941764472,0.5924594474487421,0.2302837244251708,1105.8000211760702
SCHOOL_981,0,0,0,0,0,0,0,0,0,0,2,1680000.0,-17.721927,15.88043,0.0,0.0,0.0,,0.0,0.0,9.017613,8.557069,11.151370295034804,1.339267304177006,1.2207414098389542,0.6608932115318227,0.4506912021608922,1680.0000321720001
SCHOOL_982,0,0,0,0,0,0,0,0,0,0,2,14430700.0,-17.720829999999996,16.23056,0.0,0.0,0.0,,0.0,0.0,49.572566,102.07187,89.38545471490092,12.795364810888476,11.794406036263563,0.641335968467008,3.4405671050539057,14430.700276347905
SCHOOL_983,0,0,0,0,0,0,0,0,0,0,1,840000.0,-17.733679000000006,15.785513,0.0,0.0,0.0,,0.0,0.0,1.427304,14.673467,8.384903953909678,1.5016670785101132,0.8480616579628885,1.046341454034066,0.2373185106887231,840.0000160860001
SCHOOL_984,0,0,0,0,0,0,0,0,0,0,1,659500.0,-17.732779999999998,15.50139,0.0,0.0,0.0,,0.0,0.0,3.406483,3.004085,4.117344053920128,0.4838018102530927,0.4697554583523164,0.6224189199682095,0.1683396740508046,659.500012629425
SCHOOL_985,0,0,0,0,0,0,0,0,0,0,2,1526500.0,-17.72971999999999,15.58417,0.0,0.0,0.0,,0.0,0.0,8.086065,6.888707,9.665548380656478,1.1249591603904396,1.0704706784994664,0.6287768489665305,0.3974361372001133,1526.500029232475
SCHOOL_986,0,0,0,0,0,0,0,0,0,0,1,5082500.0,-17.72722,15.49889,0.0,0.0,0.0,,0.0,0.0,8.935161,92.341494,53.2314244205583,9.448600536958802,5.084826219608528,1.0915737317667216,1.5041631197117196,5082.500097329876
SCHOOL_987,0,0,0,0,0,0,0,0,0,0,1,3061800.0,-17.724734999999992,15.497808,0.0,0.0,0.0,,0.0,0.0,5.382543,55.627504,32.0674597597893,5.691985478913773,3.0626993968130294,1.0915539720907437,0.90609894665155,3061.8000586334706
SCHOOL_988,0,0,0,0,0,0,0,0,0,0,2,1953100.0,-17.718889999999995,15.627779999999998,0.0,0.0,0.0,,0.0,0.0,9.235164,10.769046,12.512178049307174,1.5740540835851335,1.4267964769503854,0.6427419298606457,0.520095947701198,1953.100037401865
SCHOOL_989,0,0,0,0,0,0,0,0,0,0,2,1680000.0,-17.712389999999996,15.529311,0.0,0.0,0.0,,0.0,0.0,8.677758,7.652475,10.488509466501496,1.2324270564046167,1.19650853703683,0.6224142949326391,0.4288288846960222,1680.0000321720001
SCHOOL_990,0,0,0,0,0,0,0,0,0,0,1,840000.0,-17.725558999999997,18.356265,0.0,0.0,0.0,,0.0,0.0,1.841588,11.058733,6.985679687597817,1.175231457176194,0.8286950164309778,0.8751620316132779,0.2096321206421905,840.0000160860001
SCHOOL_991,0,0,0,0,0,0,0,0,0,0,1,2322600.0,-17.725149999999992,17.16129,0.0,0.0,0.0,,0.0,0.0,12.766532,11.174163,15.223948080999303,1.8073752423927576,1.7688290813130936,0.65515578297046,0.6264053770259885,2322.60004447779
SCHOOL_992,0,0,0,0,0,0,0,0,0,0,1,840000.0,-17.717576,18.067674,0.0,0.0,0.0,,0.0,0.0,2.02573,10.756022,6.926128170990181,1.1634440974629834,0.7958748990160681,0.8633107733200106,0.2243696699512445,840.0000160860001
SCHOOL_993,0,0,0,0,0,0,0,0,0,0,1,1331500.0,-17.712348000000002,16.77374,0.0,0.0,0.0,,0.0,0.0,8.415941,6.096912,9.293554215986804,1.1304601415787343,0.9992060662495884,0.689575273077591,0.4572182194124198,1331.500025498225
SCHOOL_994,0,0,0,0,0,0,0,0,0,0,2,3829900.0,-17.707776,16.969191,0.0,0.0,0.0,,0.0,0.0,5.604431,67.790336,38.08478586789085,6.881446295138712,4.114863853362102,1.049896530338868,1.0569762955749011,3829.900073342585
SCHOOL_995,0,0,0,0,0,0,0,0,0,0,1,840000.0,-17.70554,18.286366,0.0,0.0,0.0,,0.0,0.0,1.729665,10.889313,6.798319852355471,1.152515740492809,0.8135314320907984,0.8533993780188278,0.2027245923652623,840.0000160860001
SCHOOL_996,0,0,0,0,0,0,0,0,0,0,1,3156400.0,-17.699592999999993,17.485298,0.0,0.0,0.0,,0.0,0.0,19.247683,17.634525,23.424020536767607,2.8115818802517833,2.3115475672943004,0.7310072606944805,0.9896888681541426,3156.4000604450603
SCHOOL_997,0,0,0,0,0,0,0,0,0,0,1,1497700.0,-17.699379,18.319349,0.0,0.0,0.0,,0.0,0.0,4.542686,8.184755,7.735577608637461,1.0498477672000417,1.3239682679779718,0.5493978086046309,0.2820253846972136,1497.700028680955
SCHOOL_998,0,0,0,0,0,0,0,0,0,0,1,1955500.0,-17.69758,16.65065,0.0,0.0,0.0,,0.0,0.0,7.205517,10.803054,11.23327466117723,1.4541934118337665,1.5478796926373566,0.5913571563251973,0.4240924069159696,1955.500037447825
SCHOOL_999,0,0,0,0,0,0,0,0,0,0,2,5236700.0,-17.72,16.14111,0.0,0.0,0.0,,0.0,0.0,25.509592,26.62396,33.03586347060798,4.042517393299809,3.870198359500311,0.6333249376589877,1.3381305457470485,5236.700100282806
SCHOOL_1000,0,0,0,0,0,0,0,0,0,0,2,1480100.0,-17.719720000000002,15.968609999999998,0.0,0.0,0.0,,0.0,0.0,8.929112,7.42257,10.413057285004918,1.2244140569830253,1.0857691087744954,0.6954781768640225,0.4290469692605155,1480.1000283439148
SCHOOL_1001,0,0,0,0,0,0,0,0,0,0,1,1588000.0,-17.717500000000005,16.10361,0.0,0.0,0.0,,0.0,0.0,7.735402,8.073455,10.01775395731395,1.2258694877572278,1.173214992766572,0.6332944800740139,0.4057689715782251,1588.0000304102002
SCHOOL_1002,0,0,0,0,0,0,0,0,0,0,2,3773100.0,-17.71472,15.99389,0.0,0.0,0.0,,0.0,0.0,22.762154,18.921562,26.544513828994965,3.1212222662267117,2.768632444579781,0.6954842071509699,1.0934972236580776,3773.1000722548647
SCHOOL_1003,0,0,0,0,0,0,0,0,0,0,1,3017000.0,-17.69967,16.2723,0.0,0.0,0.0,,0.0,0.0,18.06714,15.369346,21.231996221704488,2.511376402565917,2.2344381882377897,0.6966867341546037,0.8740765369479977,3017.00005777555
SCHOOL_1004,0,0,0,0,0,0,0,0,0,0,1,799600.0,-17.699439999999996,15.928060000000002,0.0,0.0,0.0,,0.0,0.0,4.871238,3.768203,5.550842454690001,0.6407347346233084,0.5820851696259363,0.6851200435087209,0.2308429001032508,799.6000153123401
SCHOOL_1005,0,0,0,0,0,0,0,0,0,0,1,715200.0,-17.696781000000005,16.504432,0.0,0.0,0.0,,0.0,0.0,1.281892,12.470509,7.202744301242288,1.2802900568600557,0.7212031580346339,1.0537638421047832,0.2031232224638996,715.20001369608
SCHOOL_1006,0,0,0,0,0,0,0,0,0,0,2,14147700.0,-17.695860000000003,15.891858,0.0,0.0,0.0,,0.0,0.0,81.194324,72.113662,97.3016490396983,11.580999142864435,10.39133948995016,0.6824061397536056,3.967366634134264,14147.700270928453
SCHOOL_1007,0,0,0,0,0,0,0,0,0,0,1,1701400.0,-17.684425,15.978083000000002,0.0,0.0,0.0,,0.0,0.0,10.993832,8.592255,12.522246743705804,1.4552870983221335,1.2192058582725764,0.7221908415291374,0.5215446214466318,1701.40003258181
SCHOOL_1008,0,0,0,0,0,0,0,0,0,0,2,15443400.0,-17.683059999999994,16.06139,0.0,0.0,0.0,,0.0,0.0,90.338142,78.068716,107.9339364418384,12.67535627687303,11.300955751099956,0.6911893131949646,4.423391884977394,15443.40029574111
SCHOOL_1009,0,0,0,0,0,0,0,0,0,0,2,3821100.000000001,-17.681669999999997,16.02083,0.0,0.0,0.0,,0.0,0.0,14.54779,22.678625,22.911135710009816,3.0214456647408774,3.0251902965562127,0.6152377479630794,0.8803738587790929,3821.1000731740664
SCHOOL_1010,0,0,0,0,0,0,0,0,0,0,1,2441200.0,-17.68097999999999,16.13313,0.0,0.0,0.0,,0.0,0.0,9.609204,12.997135,14.0469743178313,1.8457242358192825,1.924023554843922,0.5900940822662528,0.6119034822161302,2441.2000467489797
SCHOOL_1011,0,0,0,0,0,0,0,0,0,0,2,1525100.0,-17.677446000000003,16.458798,0.0,0.0,0.0,,0.0,0.0,5.794301,7.764479,8.518042498719627,1.085951073674673,1.184708559841597,0.5739000928951005,0.3352413534108068,1525.100029205665
SCHOOL_1012,0,0,0,0,0,0,0,0,0,0,2,3089800.0,-17.691125999999997,17.391449,0.0,0.0,0.0,,0.0,0.0,9.830685,17.202763,16.69337870234329,2.2226108650755463,2.546785716865807,0.5649479858773148,0.6147794547427224,3089.8000591696696
SCHOOL_1013,0,0,0,0,0,0,0,0,0,0,1,1172800.0,-17.687679999999997,16.87578,0.0,0.0,0.0,,0.0,0.0,2.018989,20.5174,11.78554080634365,2.1012507971001395,1.197560256686225,1.053169588320462,0.332459151486077,1172.8000224591203
SCHOOL_1014,0,0,0,0,0,0,0,0,0,0,2,4132000.0,-17.685045000000002,17.059787,0.0,0.0,0.0,,0.0,0.0,6.165963,72.828093,41.02027513024162,7.400728855109593,4.482026611817381,1.0487894480518274,1.1454341504015146,4132.0000791278
SCHOOL_1015,0,0,0,0,0,0,0,0,0,0,2,10803300.0,-17.67773399998514,18.22979500015071,0.0,0.0,0.0,,0.0,0.0,42.022513,55.858514,60.954342621008074,7.807522880526751,8.750777825430127,0.5820208947249061,2.4160060156259524,10803.300206883196
SCHOOL_1016,0,0,0,0,0,0,0,0,0,0,1,3270000.0,-17.657257000000005,17.354331,0.0,0.0,0.0,,0.0,0.0,10.40407,18.206841,17.667554556909458,2.352265782283716,2.6955801020821677,0.5649656730712018,0.6508394025817147,3270.0000626205
SCHOOL_1017,0,0,0,0,0,0,0,0,0,0,1,691800.0,-17.656578,17.260322,0.0,0.0,0.0,,0.0,0.0,1.248182,9.005175,5.508501345721546,0.9424848204952662,0.6973543257875692,0.8455660086609091,0.1619388069633456,691.80001324797
SCHOOL_1018,0,0,0,0,0,0,0,0,0,0,2,8953700.0,-17.654927999999998,17.546083,0.0,0.0,0.0,,0.0,0.0,28.465397,54.514404,50.770871240016206,6.891146692362099,7.589240598886201,0.5929462961815739,1.8433574396443348,8953.700171463355
SCHOOL_1019,0,0,0,0,0,0,0,0,0,0,2,9645400.0,-17.666880999999997,15.850134000000002,0.0,0.0,0.0,,0.0,0.0,55.355632,49.165232,66.33833438561706,7.895617637964985,7.084865076978061,0.682419858927,2.7052727130793275,9645.40018470941
SCHOOL_1020,0,0,0,0,0,0,0,0,0,0,2,4289900.0,-17.666507,15.971505000000002,0.0,0.0,0.0,,0.0,0.0,27.719738,21.664268,31.573077006327633,3.669258904590535,3.07257355437187,0.7221551359807279,1.3147879007489671,4289.900082151586
SCHOOL_1021,0,0,0,0,0,0,0,0,0,0,2,3950000.0,-17.66556,16.10528,0.0,0.0,0.0,,0.0,0.0,15.549566,21.029565,22.729419955186323,2.986575617862259,3.1136494464985263,0.5901166445304243,0.99020868110751,3950.0000756425
SCHOOL_1022,0,0,0,0,0,0,0,0,0,0,1,1463000.0,-17.665179999999996,16.35066,0.0,0.0,0.0,,0.0,0.0,2.30876,25.654903,14.564337597902457,2.6151026518653535,1.5376028973836886,1.0478698241425888,0.4075155968422025,1463.00002801645
SCHOOL_1023,0,0,0,0,0,0,0,0,0,0,1,959500.0,-17.663939,16.564974,0.0,0.0,0.0,,0.0,0.0,1.665993,16.776064,9.677173215809107,1.7189690253202408,0.9664130909995324,1.0549077202071464,0.2737070328545701,959.5000183744252
SCHOOL_1024,0,0,0,0,0,0,0,0,0,0,2,18573000.0,-17.661389999999997,15.94667,0.0,0.0,0.0,,0.0,0.0,113.148827,87.527382,128.9361240588002,14.883026463986177,13.52340779721732,0.6851378597906722,5.362886128874594,18573.000355672953
SCHOOL_1025,0,0,0,0,0,0,0,0,0,0,1,840000.0,-17.698609999999995,18.45889,0.0,0.0,0.0,,0.0,0.0,2.825128,5.059326,4.768644470198024,0.649874234807188,0.7068737987564953,0.5929478858300791,0.1767031674592636,840.0000160860001
SCHOOL_1026,0,0,0,0,0,0,0,0,0,0,2,4396100.0,-17.683059999999998,18.66167,0.0,0.0,0.0,,0.0,0.0,8.580813,57.221945,35.48942933168799,6.025034881127715,4.426451067472662,0.8549784991707858,1.0510570056777857,4396.100084185316
SCHOOL_1027,0,0,0,0,0,0,0,0,0,0,1,840000.0,-17.666044,18.432688,0.0,0.0,0.0,,0.0,0.0,3.012196,5.144729,4.938558260074514,0.6687904971863206,0.6954026448808176,0.6101400144414342,0.1815837847242712,840.0000160860001
SCHOOL_1028,0,0,0,0,0,0,0,0,0,0,2,3319100.0000000005,-17.65361,18.62861,0.0,0.0,0.0,,0.0,0.0,6.134966,43.065887,26.591842225690357,4.518101197695929,3.335687257704992,0.8491725770093501,0.7834864848706286,3319.1000635607656
SCHOOL_1029,0,0,0,0,0,0,0,0,0,0,1,3336800.0,-17.63972,18.595,0.0,0.0,0.0,,0.0,0.0,9.262876,22.512638,18.725963942059117,2.704654929915617,2.959332967570386,0.5957080265946383,0.6494930971946016,3336.80006389972
SCHOOL_1030,0,0,0,0,0,0,0,0,0,0,2,10213800.0,-17.638770999988665,18.60653150009603,0.0,0.0,0.0,,0.0,0.0,20.536601,131.446842,82.11929238877552,13.892795746786474,10.182646246240743,0.8504646162665843,2.4492800461321123,10213.80019559427
SCHOOL_1031,0,0,0,0,0,0,0,0,0,0,2,5657200.0,-17.653659999999995,16.17186,0.0,0.0,0.0,,0.0,0.0,22.503277,35.075759,35.37440245885629,4.672016325986694,4.345725673279308,0.6373535665056813,1.328832189653722,5657.20010833538
SCHOOL_1032,0,0,0,0,0,0,0,0,0,0,1,4813600.0,-17.650683,15.915972,0.0,0.0,0.0,,0.0,0.0,29.324992,22.684885,33.41669087824109,3.857274610464061,3.503644119828875,0.6851179136834767,1.389893449962711,4813.60009218044
SCHOOL_1033,0,0,0,0,0,0,0,0,0,0,1,1486300.0,-17.6493,16.23066,0.0,0.0,0.0,,0.0,0.0,2.49075,25.971973,14.856055137951357,2.6561995341033255,1.5335564620598057,1.0493567759429905,0.4182873326815549,1486.300028462645
SCHOOL_1034,0,0,0,0,0,0,0,0,0,0,1,5996900.0,-17.644440000000003,15.923610000000002,0.0,0.0,0.0,,0.0,0.0,36.398787,30.39144,42.58164250450945,5.004103205447739,4.337149264940241,0.7004802105857305,1.752426613531627,5996.900114840634
SCHOOL_1035,0,0,0,0,0,0,0,0,0,0,4,9734300.0,-17.641153334452156,15.881561336447124,0.0,0.0,0.0,,0.0,0.0,61.081613,48.633419,70.26547317531427,8.168256520386475,7.03774543439582,0.7101248473048289,2.9123820638492783,9734.300186411845
SCHOOL_1036,0,0,0,0,0,0,0,0,0,0,1,2445500.0,-17.639750000000003,16.11268,0.0,0.0,0.0,,0.0,0.0,16.114942,12.287822,18.21430424620266,2.102412810663225,1.7288819201105343,0.7287754793224496,0.7599499501539894,2445.500046831325
SCHOOL_1037,0,0,0,0,0,0,0,0,0,0,2,3771500.0,-17.638610000000007,16.04444,0.0,0.0,0.0,,0.0,0.0,24.277863,18.607732,27.49909979955128,3.1766127069546526,2.7316186875517645,0.7161896488118412,1.1470885309793644,3771.5000722242253
SCHOOL_1038,0,0,0,0,0,0,0,0,0,0,2,17491000.0,-17.63722,16.29556,0.0,0.0,0.0,,0.0,0.0,54.777052,108.352502,98.76136043501756,13.599509343190997,14.597555447404227,0.5902629251258533,3.652023801136146,17491.00033495265
SCHOOL_1039,0,0,0,0,0,0,0,0,0,0,2,6953000.0,-17.63507,15.97797,0.0,0.0,0.0,,0.0,0.0,41.760109,35.322888,49.18400967863784,5.78519722939086,5.003167542578063,0.6978529675619428,2.0212807126737964,6953.000133149951
SCHOOL_1040,0,0,0,0,0,0,0,0,0,0,2,3180300.0,-17.63221999999999,16.39444,0.0,0.0,0.0,,0.0,0.0,4.951258,55.848366,31.638562258582304,5.688198559465754,3.357308749432711,1.0477581382621972,0.8866778247253789,3180.300060902745
SCHOOL_1041,0,0,0,0,0,0,0,0,0,0,1,3406300.0,-17.631390000000007,16.01694,0.0,0.0,0.0,,0.0,0.0,21.927295,16.805199,24.835182106877916,2.8689909249019054,2.464850601740678,0.7161267867409059,1.0351460291812256,3406.300065230645
SCHOOL_1042,0,0,0,0,0,0,0,0,0,0,1,3787600.0,-22.12227,14.287920000000002,0.0,0.0,0.0,,0.0,0.0,17.21189,19.908447,23.53717407770877,2.919311473132905,2.7560490978741905,0.6246572242196406,0.955189725043942,3787.6000725325393
SCHOOL_1043,0,0,0,0,0,0,0,0,0,0,2,6501900.0,-20.216481999999992,14.07227,0.0,0.0,0.0,,0.0,0.0,22.423663,30.399363,33.021404313542746,4.213634279728682,4.829354147496486,0.5254237853784077,1.2629525725176936,6501.900124511385
SCHOOL_1044,0,0,0,0,0,0,0,0,0,0,1,2863900.0,-19.798889999999993,14.54583,0.0,0.0,0.0,,0.0,0.0,6.322837,15.168164,12.846112611022386,1.8343537269050032,2.556760298254148,0.4902663768763933,0.4679072151224356,2863.9000548436848
SCHOOL_1045,0,0,0,0,0,0,0,0,0,0,1,4717400.0,-19.686939999999996,14.3125,0.0,0.0,0.0,,0.0,0.0,14.943485,24.23115,23.805151692715324,3.192757538582102,3.700902495573368,0.52920662029736,0.8825323408649268,4717.400090338209
SCHOOL_1046,0,0,0,0,0,0,0,0,0,0,2,1680000.0,-19.204980000013496,14.283594499874994,0.0,0.0,0.0,,0.0,0.0,3.072021,29.579223,17.061782635292378,3.0384104061532824,1.6216996975692373,1.0585315519545944,0.4826725453654845,1680.0000321720001
SCHOOL_1047,0,0,0,0,0,0,0,0,0,0,1,1233100.0,-19.140118999999995,13.982703,0.0,0.0,0.0,,0.0,0.0,3.327779,7.721689,6.618528968263637,0.9361842285673478,1.0145945036833144,0.5660850038014127,0.2323916977139485,1233.100023613865
SCHOOL_1048,0,0,0,0,0,0,0,0,0,0,2,8324000.0,-19.06222000000001,14.347780000000002,0.0,0.0,0.0,,0.0,0.0,22.317704,180.287301,107.24656411830964,18.72359772834009,6.999956196778246,1.306251270760282,3.107463687569748,8324.000159404599
SCHOOL_1049,0,0,0,0,0,0,0,0,0,0,1,2446600.0,-18.918059999999993,14.10639,0.0,0.0,0.0,,0.0,0.0,6.717743,13.543136,12.322970623546489,1.6895986253030892,2.063648854727819,0.5349677885820722,0.4441628117376884,2446.6000468523903
SCHOOL_1050,0,0,0,0,0,0,0,0,0,0,1,2092000.0,-18.793600000000005,14.348060000000002,0.0,0.0,0.0,,0.0,0.0,5.780857,45.30902,27.104329665014824,4.715269342227202,1.7250910429522512,1.3110574841656577,0.7873301533761302,2092.0000400617996
SCHOOL_1051,0,0,0,0,0,0,0,0,0,0,1,663000.0,-18.725331999999995,14.480469,0.0,0.0,0.0,,0.0,0.0,1.777404,14.359276,8.56415362103504,1.4912714418150494,0.5615504499496127,1.3094641862314182,0.2480768180663154,663.00001269645
SCHOOL_1052,0,0,0,0,0,0,0,0,0,0,2,7138600.0,-18.675023000000007,13.927686,0.0,0.0,0.0,,0.0,0.0,19.887639,38.041352,35.16421796524769,4.810070513274784,5.7302393767909345,0.5211180652054999,1.2746975581948083,7138.60013670419
SCHOOL_1053,0,0,0,0,0,0,0,0,0,0,1,2719700.0,-18.65965999999999,14.3171,0.0,0.0,0.0,,0.0,0.0,8.525322,16.424642,15.228113839760294,2.073342921313798,2.1603768728959323,0.5821419629555645,0.5525365441957064,2719.700052082255
SCHOOL_1054,0,0,0,0,0,0,0,0,0,0,1,1910400.0,-19.180174000000004,13.816138,0.0,0.0,0.0,,0.0,0.0,6.65715,10.818185,10.652534404295988,1.424591616208514,1.4968133521597913,0.5776393007978556,0.3942091396694121,1910.4000365841603
SCHOOL_1055,0,0,0,0,0,0,0,0,0,0,2,9754300.0,-19.125509999999995,13.617809,0.0,0.0,0.0,,0.0,0.0,14.895773,140.543976,82.42103209796866,14.454422015555316,9.877297576165107,0.8962372422555802,2.342156103413177,9754.300186794848
SCHOOL_1056,0,0,0,0,0,0,0,0,0,0,1,865900.0,-18.870233,13.878918,0.0,0.0,0.0,,0.0,0.0,1.524993,11.307988,6.9203779637117115,1.181443772041462,0.8568563177640247,0.8466633344823119,0.202713993076517,865.900016581985
SCHOOL_1057,0,0,0,0,0,0,0,0,0,0,1,1987400.0,-18.786032999999996,13.701681,0.0,0.0,0.0,,0.0,0.0,8.713956,9.655998,11.681493547794652,1.4285095404813992,1.5608009925033277,0.5985942963912227,0.4624641840958651,1987.40003805871
SCHOOL_1058,0,0,0,0,0,0,0,0,0,0,1,991900.0,-18.758299999999995,13.54083,0.0,0.0,0.0,,0.0,0.0,3.806602,5.285296,5.638689993384669,0.7273819416378358,0.7389555632741515,0.5816290644253568,0.2147062799256291,991.9000189948852
SCHOOL_1059,0,0,0,0,0,0,0,0,0,0,1,906600.0,-18.56222,13.67778,0.0,0.0,0.0,,0.0,0.0,4.592891,6.388398,6.686362662475665,0.9176450052299632,0.679113421810595,0.7356705620412856,0.317409634338812,906.60001736139
SCHOOL_1060,0,0,0,0,0,0,0,0,0,0,1,5561900.0,-18.300830000000005,13.6525,0.0,0.0,0.0,,0.0,0.0,21.324056,32.814663,33.18040525069605,4.387725031489167,4.106084922500676,0.6083887779514365,1.2604002244463666,5561.900106510384
SCHOOL_1061,0,0,0,0,0,0,0,0,0,0,1,840000.0,-18.295150000000003,13.5342,0.0,0.0,0.0,,0.0,0.0,3.104577,5.491965,5.210581640463047,0.7076492355751944,0.6222353544828535,0.6328969781575572,0.1909916899831275,840.0000160860001
SCHOOL_1062,0,0,0,0,0,0,0,0,0,0,1,840000.0,-18.207779999999996,13.78139,0.0,0.0,0.0,,0.0,0.0,3.417142,5.029139,5.17609941789841,0.6820879827538634,0.619982968956285,0.6260242707753991,0.1976455666323268,840.0000160860001
SCHOOL_1063,0,0,0,0,0,0,0,0,0,0,1,1433800.0,-18.63167,14.23417,0.0,0.0,0.0,,0.0,0.0,9.165395,6.893524,10.34266346880303,1.2635700103513023,0.9792627137053896,0.7053814517330732,0.5062984879527959,1433.80002745727
SCHOOL_1064,0,0,0,0,0,0,0,0,0,0,1,601800.0,-18.476940000000003,14.09806,0.0,0.0,0.0,,0.0,0.0,2.011304,3.203551,3.1656846552623947,0.4279545048732818,0.48175389355124,0.5492627405228425,0.1275688905821534,601.8000115244699
SCHOOL_1065,0,0,0,0,0,0,0,0,0,0,1,840000.0,-18.34252099999999,14.497556,0.0,0.0,0.0,,0.0,0.0,2.481959,4.637277,4.300660431663453,0.5896469109099433,0.6704431426130006,0.5386920755784197,0.15637704508564,840.0000160860001
SCHOOL_1066,0,0,0,0,0,0,0,0,0,0,1,1493600.0,-18.313730999999997,14.520437,0.0,0.0,0.0,,0.0,0.0,3.144592,9.084327,7.1840870974252145,1.05780143313558,1.3571920807979565,0.5244874483907768,0.242980020847735,1493.6000286024398
SCHOOL_1067,0,0,0,0,0,0,0,0,0,0,2,4795200.0,-18.258127999999996,13.89479,0.0,0.0,0.0,,0.0,0.0,8.307116,85.020516,48.7620599609871,8.700304274472218,4.75480653349291,1.0623077755428805,1.378101162699909,4795.20009182808
SCHOOL_1068,0,0,0,0,0,0,0,0,0,0,2,3365399.9999999995,-18.201389999999996,14.00611,0.0,0.0,0.0,,0.0,0.0,13.283696,16.738116,18.60771063024093,2.398095520730043,2.4944943819328538,0.5652527324209343,0.7804830194615832,3365.40006444741
SCHOOL_1069,0,0,0,0,0,0,0,0,0,0,2,2354900.0,-18.141670000000005,13.92583,0.0,0.0,0.0,,0.0,0.0,9.03395,11.251873,12.761180463730607,1.624629893060081,1.7547992023093997,0.554396435607769,0.5480153362883772,2354.900045096335
SCHOOL_1070,0,0,0,0,0,0,0,0,0,0,1,840000.0,-18.120395,13.754633,0.0,0.0,0.0,,0.0,0.0,2.505745,5.309526,4.667980706732742,0.6567919406354629,0.6777323495292749,0.5814679071740778,0.1689873784540737,840.0000160860001
SCHOOL_1071,0,0,0,0,0,0,0,0,0,0,1,840000.0,-18.069865000000004,13.394842999999998,0.0,0.0,0.0,,0.0,0.0,3.081132,4.211141,4.537296765987044,0.5832359286073645,0.6238959132481562,0.555137264198044,0.175070486098005,840.0000160860001
SCHOOL_1072,0,0,0,0,0,0,0,0,0,0,1,840000.0,-18.03691,13.72054,0.0,0.0,0.0,,0.0,0.0,5.377594,3.609733,5.830968990091356,0.6671562806621092,0.5630489721286934,0.677347926947602,0.2657500811802789,840.0000160860001
SCHOOL_1073,0,0,0,0,0,0,0,0,0,0,1,1434100.0,-18.0146,13.59659,0.0,0.0,0.0,,0.0,0.0,8.107283,6.34938,9.264670593129084,1.0739283661111334,1.0060335164335636,0.6397869821357252,0.3864049621660468,1434.1000274630148
SCHOOL_1074,0,0,0,0,0,0,0,0,0,0,1,1560700.0,-18.01396799999999,13.655899,0.0,0.0,0.0,,0.0,0.0,5.526403,9.588572,9.366367297790958,1.247383515832837,1.224851357743937,0.6159508944595754,0.3573039260705521,1560.700029887405
SCHOOL_1075,0,0,0,0,0,0,0,0,0,0,2,8771300.0,-18.114999999999995,14.31597,0.0,0.0,0.0,,0.0,0.0,22.182953,47.973404,42.47457851466116,5.903092438597309,7.300706336827945,0.5170200217094947,1.5161139068855285,8771.300167970394
SCHOOL_1076,0,0,0,0,0,0,0,0,0,0,1,840000.0,-18.041513999999996,14.555069,0.0,0.0,0.0,,0.0,0.0,2.653621,18.19301,11.20223583740603,1.9121567700690567,0.6598353712143535,1.3399447936929725,0.3313681659476759,840.0000160860001
SCHOOL_1077,0,0,0,0,0,0,0,0,0,0,1,840000.0,-17.974072999999994,14.027687,0.0,0.0,0.0,,0.0,0.0,3.026259,4.088249,4.4313960387825775,0.5677634347087309,0.6299824119402718,0.5437043300456167,0.1744835123503997,840.0000160860001
SCHOOL_1078,0,0,0,0,0,0,0,0,0,0,1,2563900.0,-17.709501999999997,14.312042,0.0,0.0,0.0,,0.0,0.0,9.377984,13.443879,13.996085995964728,1.844196796876265,1.9331581262223825,0.5621559735273404,0.5593778331348697,2563.900049098685
SCHOOL_1079,0,0,0,0,0,0,0,0,0,0,1,1435900.0,-17.6506,14.20833,0.0,0.0,0.0,,0.0,0.0,4.328539,8.803895,8.041658091932728,1.097688790206086,1.140019232846619,0.5825486488503311,0.2889892163362658,1435.900027497485
SCHOOL_1080,0,0,0,0,0,0,0,0,0,0,1,3331000.0,-17.62435999999999,14.11427,0.0,0.0,0.0,,0.0,0.0,13.080546,17.495014,18.94828024725863,2.4349236742737608,2.4916999660842936,0.581869315892055,0.7262593270270234,3331.0000637886506
SCHOOL_1081,0,0,0,0,0,0,0,0,0,0,1,812200.0,-17.5949,14.03723,0.0,0.0,0.0,,0.0,0.0,3.902657,3.932131,4.907272803646583,0.6291837072308475,0.5958250427450715,0.607816293919799,0.2362363932378756,812.20001555363
SCHOOL_1082,0,0,0,0,0,0,0,0,0,0,1,840000.0,-17.583736,14.103796,0.0,0.0,0.0,,0.0,0.0,3.40942,4.614151,5.016291261028727,0.6409241390013729,0.6185162318441851,0.60620988371208,0.1939926511359185,840.0000160860001
SCHOOL_1083,0,0,0,0,0,0,0,0,0,0,1,3244000.0,-17.49331,14.34677,0.0,0.0,0.0,,0.0,0.0,13.051024,17.21425,18.920267639928724,2.4413899643359893,2.4107786645846527,0.5926957516933242,0.8089333208913825,3244.0000621226
SCHOOL_1084,0,0,0,0,0,0,0,0,0,0,1,840000.0,-17.99731,13.7776,0.0,0.0,0.0,,0.0,0.0,2.083275,5.258202,4.413522543405255,0.6269985401040131,0.7215298999382986,0.558851061829701,0.1554345648162649,840.0000160860001
SCHOOL_1085,0,0,0,0,0,0,0,0,0,0,1,3783700.0,-17.955120999999995,13.852672,0.0,0.0,0.0,,0.0,0.0,20.843993,19.263303,25.409921275326433,3.045715936117574,2.6200961188197747,0.6648003926703688,1.0334152313144296,3783.7000724578556
SCHOOL_1086,0,0,0,0,0,0,0,0,0,0,1,1750400.0,-17.940900000000003,13.38958,0.0,0.0,0.0,,0.0,0.0,6.037836,10.681897,10.168646061364754,1.3758798049899243,1.3249805364213223,0.5973564673995003,0.3814068357344361,1750.4000335201597
SCHOOL_1087,0,0,0,0,0,0,0,0,0,0,1,840000.0,-17.864836,13.866578,0.0,0.0,0.0,,0.0,0.0,2.241603,4.359355,3.9695411198005592,0.5491817480659795,0.6950607454834471,0.5054025656059972,0.1433837950734456,840.0000160860001
SCHOOL_1088,0,0,0,0,0,0,0,0,0,0,2,1680000.0,-17.768020000011603,13.426920000027438,0.0,0.0,0.0,,0.0,0.0,7.043707,9.329082,10.135354720465232,1.3263203305596272,1.2331621649894964,0.610010837776282,0.4550938846802331,1680.0000321720001
SCHOOL_1089,0,0,0,0,0,0,0,0,0,0,1,1453000.0,-17.76805999999999,13.64111,0.0,0.0,0.0,,0.0,0.0,5.934252,7.135918,8.083218551886604,1.0655018828026948,1.123553321385051,0.5692855826869644,0.3930851299712561,1453.00002782495
SCHOOL_1090,0,0,0,0,0,0,0,0,0,0,1,894400.0,-17.747809,13.877916,0.0,0.0,0.0,,0.0,0.0,2.696339,4.553505,4.514832989879385,0.5936587830085986,0.6973930139067698,0.5278609380834625,0.1672132901419039,894.4000171277598
SCHOOL_1091,0,0,0,0,0,0,0,0,0,0,1,763300.0,-17.74417,13.629123,0.0,0.0,0.0,,0.0,0.0,2.764833,3.838903,4.163402902253584,0.5278954081389644,0.571393799773149,0.5596589509004708,0.1606481716137876,763.300014617195
SCHOOL_1092,0,0,0,0,0,0,0,0,0,0,1,1604600.0,-17.576651999999996,13.521732,0.0,0.0,0.0,,0.0,0.0,8.198688,8.743272,10.77981965967428,1.3174660699762055,1.1634872251734762,0.6689103165740403,0.441595485600505,1604.6000307280901
SCHOOL_1093,0,0,0,0,0,0,0,0,0,0,1,840000.0,-19.99029,13.03744,0.0,0.0,0.0,,0.0,0.0,2.670242,4.737345,4.531724032846909,0.6100398628199998,0.6492077922565079,0.5606118804216402,0.1666900359194243,840.0000160860001
SCHOOL_1094,0,0,0,0,0,0,0,0,0,0,1,983400.0,-18.775478999999994,12.952036,0.0,0.0,0.0,,0.0,0.0,2.181577,5.368008,4.428325072989296,0.6463852038256199,0.8503180186914215,0.4902546845952828,0.1669517464710914,983.40001883211
SCHOOL_1095,0,0,0,0,0,0,0,0,0,0,1,1451600.0,-18.296311999999997,13.168466,0.0,0.0,0.0,,0.0,0.0,2.10584,20.915127,12.097787913606302,2.1447757677026984,1.5142664204799432,0.8891576314805072,0.3415579013641661,1451.6000277981402
SCHOOL_1096,0,0,0,0,0,0,0,0,0,0,1,840000.0,-18.072634,12.755293000000002,0.0,0.0,0.0,,0.0,0.0,2.604521,5.519425,4.83920723438134,0.6819939934384817,0.6531797100037805,0.5983725299292108,0.1712694115161027,840.0000160860001
SCHOOL_1097,0,0,0,0,0,0,0,0,0,0,1,2101800.0,-17.867499999999996,13.02528,0.0,0.0,0.0,,0.0,0.0,6.728473,11.083131,11.066050321695569,1.454306563100534,1.599183866150682,0.546093091749837,0.4112423891024235,2101.80004024947
SCHOOL_1098,0,0,0,0,0,0,0,0,0,0,1,916300.0,-17.836030000000008,13.105741,0.0,0.0,0.0,,0.0,0.0,2.65376,19.856941,12.009361576678057,2.0724585772569566,0.7439671041605853,1.3226003555580856,0.3516795631844288,916.300017547145
SCHOOL_1099,0,0,0,0,0,0,0,0,0,0,1,840000.0,-17.7715,12.92911,0.0,0.0,0.0,,0.0,0.0,1.91648,5.361675,4.295979659378035,0.6278220224114403,0.7128287127861941,0.5472271339527441,0.1466298497168179,840.0000160860001
SCHOOL_1100,0,0,0,0,0,0,0,0,0,0,1,840000.0,-17.727400000000003,12.96012,0.0,0.0,0.0,,0.0,0.0,2.217308,18.193206,10.832320508934124,1.8874442609976272,0.688647850556888,1.3052848655377576,0.313275010559519,840.0000160860001
SCHOOL_1101,0,0,0,0,0,0,0,0,0,0,1,840000.0,-17.695740000000004,13.213240000000004,0.0,0.0,0.0,,0.0,0.0,4.819204,4.267113,5.733154328084722,0.6873342186305222,0.5819669258844884,0.6744123312171407,0.2364823763874334,840.0000160860001
SCHOOL_1102,0,0,0,0,0,0,0,0,0,0,1,1418300.0,-17.628329000000004,12.846933,0.0,0.0,0.0,,0.0,0.0,3.049888,10.175818,7.717030960304078,1.1581225955689225,1.2526732670767835,0.5828155719443256,0.2553817116705505,1418.3000271604453
SCHOOL_1103,0,0,0,0,0,0,0,0,0,0,1,732100.0,-17.602910999999995,13.167367,0.0,0.0,0.0,,0.0,0.0,1.662443,9.583327,6.21535199830021,1.0221230523638032,0.669014728298842,0.882495573198642,0.1902019270767422,732.100014019715
SCHOOL_1104,0,0,0,0,0,0,0,0,0,0,1,1306300.0,-17.472681,13.034445,0.0,0.0,0.0,,0.0,0.0,2.594214,8.506875,6.519346715168825,0.9707330482183502,1.1892054925008524,0.542444675794014,0.2162947102003909,1306.3000250156447
SCHOOL_1105,0,0,0,0,0,0,0,0,0,0,1,1337800.0,-17.403444999999998,13.152967,0.0,0.0,0.0,,0.0,0.0,4.60231,8.336547,7.983810362073915,1.072758443136141,1.0507873011158526,0.6132066888969463,0.3096692891334634,1337.80002561887
SCHOOL_1106,0,0,0,0,0,0,0,0,0,0,1,1027300.0,-17.346342,12.993866,0.0,0.0,0.0,,0.0,0.0,2.198716,13.837211,8.61424386118335,1.4645656100701203,0.915362216809256,0.8751267500501988,0.2569053665080454,1027.300019672795
SCHOOL_1107,0,0,0,0,0,0,0,0,0,0,1,7456900.0,-17.0452,13.23075,0.0,0.0,0.0,,0.0,0.0,19.77357,161.506591,96.23094208945751,16.760563947872182,6.0564248704823775,1.3054251481287449,2.786471066195511,7456.900142799635
SCHOOL_1108,0,0,0,0,0,0,0,0,0,0,1,915400.0,-18.002176,12.594533,0.0,0.0,0.0,,0.0,0.0,2.245555,19.826634,11.662985968226916,2.047201849684103,0.7659450123287865,1.293490685575928,0.3344956154008039,915.40001752991
SCHOOL_1109,0,0,0,0,0,0,0,0,0,0,1,1261700.0,-17.272946,12.43688,0.0,0.0,0.0,,0.0,0.0,3.361916,8.688285,6.9832926229099614,1.0409978510809053,1.044188701303992,0.5841533627175535,0.2659299552610176,1261.7000241615553
SCHOOL_1110,0,0,0,0,0,0,0,0,0,0,2,20347100.0,-17.416109999999996,14.49556,0.0,0.0,0.0,,0.0,0.0,82.979815,117.755646,123.59651125885962,16.10229246251954,14.828211467665035,0.6165527532218881,4.69720168193503,20347.100389646967
SCHOOL_1111,0,0,0,0,0,0,0,0,0,0,1,840000.0,-17.409039999999997,14.322200000000002,0.0,0.0,0.0,,0.0,0.0,3.63088,4.274885,4.9695719339113,0.6265847772714715,0.6088376213711448,0.5972897255593947,0.2127459309188465,840.0000160860001
SCHOOL_1112,0,0,0,0,0,0,0,0,0,0,1,2261200.0,-18.229127,13.274433,0.0,0.0,0.0,,0.0,0.0,7.901916,11.796958,12.13075804512335,1.589495809560883,1.6903801097121842,0.5535196525995791,0.462137956163943,2261.20004330198
SCHOOL_1113,0,0,0,0,0,0,0,0,0,0,1,840000.0,-17.638647000000006,13.369213,0.0,0.0,0.0,,0.0,0.0,2.131881,5.411962,4.454647755392515,0.644793262913054,0.6985795210225937,0.5626366640320297,0.1534254517604665,840.0000160860001
SCHOOL_1114,0,0,0,0,0,0,0,0,0,0,1,698800.0,-17.534665999999994,13.377907,0.0,0.0,0.0,,0.0,0.0,1.674438,3.765532,3.2732790577539004,0.4594633575207191,0.5922796113577052,0.5043449323293456,0.115759280250578,698.8000133820201
SCHOOL_1115,0,0,0,0,0,0,0,0,0,0,1,840000.0,-17.49132999999999,13.30373,0.0,0.0,0.0,,0.0,0.0,3.502609,5.327788,5.465158676649024,0.7175919751566734,0.6050193497103207,0.6547630321966977,0.2189264985479785,840.0000160860001
SCHOOL_1116,0,0,0,0,0,0,0,0,0,0,1,840000.0,-17.467072999999996,13.330906,0.0,0.0,0.0,,0.0,0.0,3.502738,5.327636,5.465181253942162,0.7175514671005279,0.6049278447817482,0.6547565172128883,0.2188824237686127,840.0000160860001
SCHOOL_1117,0,0,0,0,0,0,0,0,0,0,2,15395800.0,-17.429963,13.273685,0.0,0.0,0.0,,0.0,0.0,34.212737,79.686557,68.60502814018166,9.656585425376512,13.282764269589176,0.484486005834296,2.4584770091465766,15395.800294829573
SCHOOL_1118,0,0,0,0,0,0,0,0,0,0,2,7088800.0,-17.490279999999995,13.83111,0.0,0.0,0.0,,0.0,0.0,16.545675,95.300311,60.42697068223848,10.188924939672043,6.329622481558424,0.8863015114246604,1.9077874253541176,7088.800135750521
SCHOOL_1119,0,0,0,0,0,0,0,0,0,0,1,840000.0,-17.47882999999999,13.67,0.0,0.0,0.0,,0.0,0.0,3.198732,4.709435,4.825218996412104,0.6502364949216393,0.6359011205599516,0.5887814138089089,0.2044669822343412,840.0000160860001
SCHOOL_1120,0,0,0,0,0,0,0,0,0,0,1,3458300.0,-17.476670000000002,13.7485,0.0,0.0,0.0,,0.0,0.0,11.462278,18.259954,18.001973517945768,2.46739119809071,2.730842181100857,0.5429074695889485,0.7761617258237433,3458.300066226446
SCHOOL_1121,0,0,0,0,0,0,0,0,0,0,1,938500.0,-17.407569999999993,13.49796,0.0,0.0,0.0,,0.0,0.0,1.406772,16.429696,9.250407636014238,1.670702020489904,0.983104814607078,1.038903942811185,0.2593309334880147,938.5000179722749
SCHOOL_1122,0,0,0,0,0,0,0,0,0,0,1,1370600.0,-17.342781000000002,13.783612,0.0,0.0,0.0,,0.0,0.0,2.842075,18.270166,11.363434861401842,1.9303225526532304,1.2442412869140698,0.8674008714882327,0.3390542669098209,1370.60002624699
SCHOOL_1123,0,0,0,0,0,0,0,0,0,0,1,840000.0,-17.333329000000003,13.837904,0.0,0.0,0.0,,0.0,0.0,1.956579,11.254707,7.088979726179057,1.205581673396872,0.7640769193853073,0.8799251257947898,0.230879020633839,840.0000160860001
SCHOOL_1124,0,0,0,0,0,0,0,0,0,0,2,7755700.000000001,-17.710793000000006,15.760882,0.0,0.0,0.0,,0.0,0.0,13.137072,135.50124,77.41558483542269,13.864885007476882,7.828913859376002,1.0463282864552863,2.1891515154753645,7755.700148521655
SCHOOL_1125,0,0,0,0,0,0,0,0,0,0,2,2131300.0,-17.710186000000007,15.808332,0.0,0.0,0.0,,0.0,0.0,10.481484,10.978451,13.48403105086374,1.6566591136805786,1.6064613828187615,0.6368244535775334,0.5368984930254685,2131.3000408143953
SCHOOL_1126,0,0,0,0,0,0,0,0,0,0,1,753500.0,-17.70972,15.43833,0.0,0.0,0.0,,0.0,0.0,1.382514,23.996922,12.89724547956725,2.4022538915376557,0.7444792060556624,1.7443780926162238,0.3457966283159692,753.500014429525
SCHOOL_1127,0,0,0,0,0,0,0,0,0,0,2,1689300.0,-17.704614999999997,15.68503,0.0,0.0,0.0,,0.0,0.0,9.498957,8.50481,11.288870051565937,1.4450324909381254,1.2373374205555658,0.6643837672870955,0.5667197798562875,1689.3000323500953
SCHOOL_1128,0,0,0,0,0,0,0,0,0,0,2,1680000.0,-17.695773,15.727124,0.0,0.0,0.0,,0.0,0.0,8.798904,7.621384,10.614031192958704,1.2362748640805892,1.1978115133725844,0.628587040562421,0.4356465101705172,1680.0000321720001
SCHOOL_1129,0,0,0,0,0,0,0,0,0,0,1,5268100.0,-17.687944,15.642473000000004,0.0,0.0,0.0,,0.0,0.0,22.410284,31.576081,32.798589732495785,4.405163093390395,3.984949704872129,0.6319861411855205,1.424979238701722,5268.100100884115
SCHOOL_1130,0,0,0,0,0,0,0,0,0,0,2,4742500.0,-17.681442999999994,15.786522,0.0,0.0,0.0,,0.0,0.0,24.841436,22.68206,30.45095560301062,3.6296733305102378,3.4682752250399487,0.6396538376886313,1.318112188710156,4742.500090818875
SCHOOL_1131,0,0,0,0,0,0,0,0,0,0,1,840000.0,-17.67850599999999,15.415396,0.0,0.0,0.0,,0.0,0.0,4.829375,4.256198,5.768105255859804,0.6856251353581934,0.5935675517423353,0.6789378241825162,0.2359232990100672,840.0000160860001
SCHOOL_1132,0,0,0,0,0,0,0,0,0,0,1,2938900.0,-17.66919999999999,15.54963,0.0,0.0,0.0,,0.0,0.0,12.627593,19.204534,19.29424016791235,2.574796735449569,2.185125464331814,0.6646762300653891,0.723856378972777,2938.900056279935
SCHOOL_1133,0,0,0,0,0,0,0,0,0,0,2,1680000.0,-17.66167,15.607219999999998,0.0,0.0,0.0,,0.0,0.0,7.146331,10.07033,10.459653905498676,1.4048450526160727,1.271035384887809,0.6320089232858972,0.4544039022197699,1680.0000321720001
SCHOOL_1134,0,0,0,0,0,0,0,0,0,0,2,2416500.0,-17.661390000000004,15.68972,0.0,0.0,0.0,,0.0,0.0,10.955558,14.28998,15.502787403261204,2.009861792030083,1.778960636367153,0.646719769524941,0.6265917693926194,2416.5000462759754
SCHOOL_1135,0,0,0,0,0,0,0,0,0,0,1,8792200.0,-17.660340999999995,15.47735,0.0,0.0,0.0,,0.0,0.0,49.731723,45.322548,60.26234677093525,7.2050871276427095,6.12983370439003,0.6775276526547727,2.4513374203963068,8792.200168370631
SCHOOL_1136,0,0,0,0,0,0,0,0,0,0,2,8919000.0,-17.685208999999997,14.907018,0.0,0.0,0.0,,0.0,0.0,56.619481,40.723124,62.003221551909,7.428042857624263,6.069194645662632,0.6803615548965092,3.0265966824841133,8919.000170798849
SCHOOL_1137,0,0,0,0,0,0,0,0,0,0,1,4920700.0,-17.677079,15.05355,0.0,0.0,0.0,,0.0,0.0,34.710393,23.589469,37.430962497411215,4.541729280244216,3.380162606154299,0.7390297229866291,1.9204100363831589,4920.700094231405
SCHOOL_1138,0,0,0,0,0,0,0,0,0,0,1,1603300.0,-17.664970000000004,14.95586,0.0,0.0,0.0,,0.0,0.0,10.039496,7.764017,11.356416231240596,1.341700595897261,1.0967985511306138,0.6931825137117769,0.5213415665918995,1603.300030703195
SCHOOL_1139,0,0,0,0,0,0,0,0,0,0,2,8242400.0,-17.663599999999995,14.782790000000002,0.0,0.0,0.0,,0.0,0.0,17.73627,142.481131,85.82057055022605,14.803775026976371,7.631261443345891,1.074276992886152,2.501938998632447,8242.400157841961
SCHOOL_1140,0,0,0,0,0,0,0,0,0,0,2,3650700.0,-17.65965,15.00035,0.0,0.0,0.0,,0.0,0.0,5.660884,63.942312,36.123773396003166,6.512198134354086,3.8092067853151392,1.0419732449625432,1.013561635250641,3650.7000699109044
SCHOOL_1141,0,0,0,0,0,0,0,0,0,0,1,1383400.0,-17.644713,14.870506,0.0,0.0,0.0,,0.0,0.0,8.537092,6.01836,9.371647927719808,1.087565652470164,0.9498043456223536,0.6641037263064258,0.4364275545228593,1383.40002649211
SCHOOL_1142,0,0,0,0,0,0,0,0,0,0,1,749600.0,-17.6841,15.15001,0.0,0.0,0.0,,0.0,0.0,5.027389,3.414459,5.478136310610098,0.6213947956571789,0.5125719155085164,0.7118614806796192,0.2390057154024949,749.60001435484
SCHOOL_1143,0,0,0,0,0,0,0,0,0,0,1,1290400.0,-17.667780000000004,15.225560000000002,0.0,0.0,0.0,,0.0,0.0,6.378471,8.222551,8.951726196810608,1.1598729690572191,0.9247221879210846,0.6934941158848378,0.3484156640764596,1290.40002471116
SCHOOL_1144,0,0,0,0,0,0,0,0,0,0,1,775800.0,-17.646764000000005,15.10202,0.0,0.0,0.0,,0.0,0.0,5.191803,3.717287,5.74684471135212,0.6796800594839623,0.5318373793778484,0.7211927988044249,0.2760519092406246,775.80001485657
SCHOOL_1145,0,0,0,0,0,0,0,0,0,0,1,5594600.0,-17.645114999999997,15.287020000000002,0.0,0.0,0.0,,0.0,0.0,38.288588,25.514889,41.40156863510808,4.775693191422567,3.8748099236212936,0.7207048371322665,1.8958998673887464,5594.600107136589
SCHOOL_1146,0,0,0,0,0,0,0,0,0,0,2,15986900.0,-17.625317,15.175204000000004,0.0,0.0,0.0,,0.0,0.0,89.318814,73.855242,105.68177983048668,12.209612937279722,11.161828842545264,0.6530247063574316,4.366746107763602,15986.900306149135
SCHOOL_1147,0,0,0,0,0,0,0,0,0,0,1,2705900.0,-17.617220000000003,15.29472,0.0,0.0,0.0,,0.0,0.0,18.519786,12.33942,20.024417031931662,2.30987215644533,1.8738431831271432,0.7206983056241714,0.9169936699706096,2705.9000518179846
SCHOOL_1148,0,0,0,0,0,0,0,0,0,0,1,901400.0,-17.61471999999999,15.13805,0.0,0.0,0.0,,0.0,0.0,6.032087,4.319195,6.677153520900946,0.7897092880300408,0.617336367494584,0.721131244843422,0.3207029792315238,901.40001726181
SCHOOL_1149,0,0,0,0,0,0,0,0,0,0,2,2207700.0,-17.60959,15.243896,0.0,0.0,0.0,,0.0,0.0,13.630759,10.056248,15.307647080382749,1.748210909950998,1.5248857697617093,0.6802422040653032,0.6445986497183266,2207.700042277455
SCHOOL_1150,0,0,0,0,0,0,0,0,0,0,2,13038300.0,-17.64943999999999,15.72806,0.0,0.0,0.0,,0.0,0.0,61.45527,66.773877,80.55121804771933,9.946243448302008,9.63543590649635,0.6225472934272328,3.189374708987327,13038.300249683445
SCHOOL_1151,0,0,0,0,0,0,0,0,0,0,2,4057399.999999999,-17.64604900000001,15.778793,0.0,0.0,0.0,,0.0,0.0,20.826046,20.131992,25.931020042877687,3.128826593476215,2.9778126030177763,0.6395649204815221,1.045064463689177,4057.4000776992093
SCHOOL_1152,0,0,0,0,0,0,0,0,0,0,2,2839899.9999999995,-17.64222,15.65444,0.0,0.0,0.0,,0.0,0.0,14.173647,14.065123,17.380552486336544,2.3053544594169773,2.1736659541093184,0.6183290322893876,0.8871713663310719,2839.9000543840843
SCHOOL_1153,0,0,0,0,0,0,0,0,0,0,2,5708000.0,-17.62249999999999,15.43639,0.0,0.0,0.0,,0.0,0.0,32.788795,24.889993,37.51520666227251,4.2632970767271665,3.907622280826773,0.6469917693410918,1.5790570944407012,5708.0001093082
SCHOOL_1154,0,0,0,0,0,0,0,0,0,0,2,10896800.0,-17.62034999999999,15.622940000000002,0.0,0.0,0.0,,0.0,0.0,48.43973,63.089975,67.42209004121915,9.195044925776315,8.48483609695583,0.6295125416048999,3.174632898915504,10896.800208673723
SCHOOL_1155,0,0,0,0,0,0,0,0,0,0,2,6263000.0,-17.619039,15.701645,0.0,0.0,0.0,,0.0,0.0,29.520342,32.075109,38.692529994081326,4.777722459664025,4.62721337176242,0.6225220282970944,1.5321434997826455,6263.000119936449
SCHOOL_1156,0,0,0,0,0,0,0,0,0,0,2,1711000.0,-17.6175,15.466670000000002,0.0,0.0,0.0,,0.0,0.0,6.579418,11.80103,11.020313188854685,1.5152298438111629,1.2980196325759974,0.6572212494033738,0.4032202874253148,1711.0000327656503
SCHOOL_1157,0,0,0,0,0,0,0,0,0,0,2,3575200.0,-17.611984,15.575908,0.0,0.0,0.0,,0.0,0.0,17.546749,19.337348,22.634622711184885,2.977887896151406,2.6486809864592837,0.6363673647762488,1.088433718239417,3575.20006846508
SCHOOL_1158,0,0,0,0,0,0,0,0,0,0,2,6559500.0,-17.611977,15.526885,0.0,0.0,0.0,,0.0,0.0,24.047317,45.264861,41.26457030191352,5.767413472534358,5.057787715551533,0.6446572956898189,1.585848231495929,6559.500125614424
SCHOOL_1159,0,0,0,0,0,0,0,0,0,0,1,3749000.0,-17.646669999999997,15.39667,0.0,0.0,0.0,,0.0,0.0,6.925161,119.397908,64.20254615738747,11.955057055872295,3.648540716855823,1.7438770433243445,1.723092122854855,3749.00007179335
SCHOOL_1160,0,0,0,0,0,0,0,0,0,0,2,2189700.0,-17.599899999999998,15.360860000000002,0.0,0.0,0.0,,0.0,0.0,13.078604,9.329059,14.639361132731931,1.6418030929182328,1.491146111292199,0.6557179318415024,0.6237701001513017,2189.7000419327546
SCHOOL_1161,0,0,0,0,0,0,0,0,0,0,2,1851600.0,-17.586869,15.314153,0.0,0.0,0.0,,0.0,0.0,10.875587,8.434116,12.44997120218869,1.4325762296508593,1.2689520344050331,0.6617214826230852,0.5180105067467807,1851.60003545814
SCHOOL_1162,0,0,0,0,0,0,0,0,0,0,2,7685300.0,-17.5748260000235,15.383987000091484,0.0,0.0,0.0,,0.0,0.0,45.903199,32.743144,51.38116330897848,5.762401370123273,5.236594986347168,0.6557593722136529,2.18926350865416,7685.300147173495
SCHOOL_1163,0,0,0,0,0,0,0,0,0,0,1,1607300.0,-17.555729999999997,15.341430000000004,0.0,0.0,0.0,,0.0,0.0,9.440849,7.321318,10.80750873399644,1.2436637933106185,1.1012629617114595,0.661715440580533,0.4498042270768607,1607.3000307797952
SCHOOL_1164,0,0,0,0,0,0,0,0,0,0,2,5190700.0,-17.52471999999999,15.36028,0.0,0.0,0.0,,0.0,0.0,22.316057,24.511184,29.5745545978499,3.637012696614645,3.757832742236611,0.5772950470599434,1.1804268179426374,5190.700099401905
SCHOOL_1165,0,0,0,0,0,0,0,0,0,0,1,1970500.0,-17.569169999999996,15.586670000000002,0.0,0.0,0.0,,0.0,0.0,8.83687,9.925186,11.762146174925697,1.4615386014433198,1.442624891198132,0.6035271883133182,0.4626990921092505,1970.500037735075
SCHOOL_1166,0,0,0,0,0,0,0,0,0,0,1,4393100.0,-17.560999999999996,15.63238,0.0,0.0,0.0,,0.0,0.0,20.40471,20.976099,25.75445100161567,3.466493783212562,3.4743017241657377,0.5971710676766363,1.3627265026326258,4393.100084127865
SCHOOL_1167,0,0,0,0,0,0,0,0,0,0,2,8380000.0,-17.555599999999995,15.522290000000002,0.0,0.0,0.0,,0.0,0.0,33.615969,38.823289,46.18481843327463,5.664189893660736,6.080736501706451,0.5606301807289552,1.8190081881273097,8380.000160476999
SCHOOL_1168,0,0,0,0,0,0,0,0,0,0,2,8113600.0,-17.5525,15.70056,0.0,0.0,0.0,,0.0,0.0,41.50056,41.634182,52.456116673623015,6.381790006923926,5.926178916021981,0.6466315602161938,2.103280782869776,8113.600155375439
SCHOOL_1169,0,0,0,0,0,0,0,0,0,0,2,5373900.0,-17.551939999999995,15.74333,0.0,0.0,0.0,,0.0,0.0,27.487103,27.575766,34.74319493478889,4.226863308512282,3.926178365075444,0.6466477896082575,1.3929149716115194,5373.9001029101855
SCHOOL_1170,0,0,0,0,0,0,0,0,0,0,2,4915200.0,-17.55028,15.45667,0.0,0.0,0.0,,0.0,0.0,20.816183,22.281686,27.364021187827504,3.36197349016372,3.575125088079616,0.564404865018415,1.1683745701906192,4915.20009412608
SCHOOL_1171,0,0,0,0,0,0,0,0,0,0,1,840000.0,-17.580289999999998,15.17942,0.0,0.0,0.0,,0.0,0.0,5.026459,3.706195,5.665364243489754,0.6435172391565877,0.5724337186574154,0.6622229557636055,0.2376307741456076,840.0000160860001
SCHOOL_1172,0,0,0,0,0,0,0,0,0,0,2,3874100.000000001,-17.574770000000004,15.279601,0.0,0.0,0.0,,0.0,0.0,24.918943,17.646729,27.56884498780911,3.124445943150849,2.649682658862859,0.6953948847599826,1.167288964941032,3874.1000741890157
SCHOOL_1173,0,0,0,0,0,0,0,0,0,0,2,2202600.0,-17.551761999999993,15.139746,0.0,0.0,0.0,,0.0,0.0,14.509814,10.058003,16.038192068797436,1.878798406763056,1.4894458173133054,0.7087039144266989,0.763000799282947,2202.60004217979
SCHOOL_1174,0,0,0,0,0,0,0,0,0,0,2,5315100.0,-17.546561,15.226818000000002,0.0,0.0,0.0,,0.0,0.0,30.122129,27.854352,36.64920903701983,4.403035350206719,3.678808228444346,0.6812029555727351,1.4882890154895874,5315.100101784165
SCHOOL_1175,0,0,0,0,0,0,0,0,0,0,1,1624200.0,-17.54207999999999,15.19227,0.0,0.0,0.0,,0.0,0.0,10.272081,7.849397,11.632560042814118,1.3438694527542976,1.0971742330821677,0.7003378990786006,0.4881980002733347,1624.2000311034299
SCHOOL_1176,0,0,0,0,0,0,0,0,0,0,2,3715900.0,-17.520146999999998,15.272380999999998,0.0,0.0,0.0,,0.0,0.0,21.862975,19.064812,26.00753604656093,3.086477988398255,2.537666883387448,0.6886723173592368,1.0682487823655225,3715.9000711594854
SCHOOL_1177,0,0,0,0,0,0,0,0,0,0,2,6833300.0,-17.55622300000001,14.767837,0.0,0.0,0.0,,0.0,0.0,10.165589,119.895294,67.1659126974166,12.184401907062467,7.259380683953658,1.037996439887126,1.8963504614419249,6833.300130857694
SCHOOL_1178,0,0,0,0,0,0,0,0,0,0,2,4047700.000000001,-17.550423,15.062207,0.0,0.0,0.0,,0.0,0.0,25.837596,18.695712,29.068659322346956,3.317255193286353,2.7210942642702043,0.699433769438326,1.2942667222666084,4047.7000775134566
SCHOOL_1179,0,0,0,0,0,0,0,0,0,0,2,7281600.0,-17.550279999999994,14.82222,0.0,0.0,0.0,,0.0,0.0,10.821806,127.73042,71.61770113332658,12.98164071772466,7.706049572013208,1.0383349459674502,2.0049721195298096,7281.60013944264
SCHOOL_1180,0,0,0,0,0,0,0,0,0,0,1,1603800.0,-17.548906000000002,14.949869,0.0,0.0,0.0,,0.0,0.0,8.543074,7.083941,10.04350084241717,1.1697474804173429,1.1130313224639827,0.6218973711854322,0.4140129448852778,1603.8000307127697
SCHOOL_1181,0,0,0,0,0,0,0,0,0,0,2,1680000.0,-17.542780000000004,14.66361,0.0,0.0,0.0,,0.0,0.0,6.864662,8.275409,9.535089263258088,1.1901023082180977,1.2036581401689346,0.5759429348500819,0.3726719201849334,1680.0000321720001
SCHOOL_1182,0,0,0,0,0,0,0,0,0,0,1,1134500.0,-17.536110999999995,14.914289000000002,0.0,0.0,0.0,,0.0,0.0,6.043143,5.011101,7.104521949915023,0.827452315466404,0.7872696557389571,0.6218875686106434,0.2928481413268917,1134.500021725675
SCHOOL_1183,0,0,0,0,0,0,0,0,0,0,1,2762000.0,-17.530499999999993,15.01047,0.0,0.0,0.0,,0.0,0.0,15.476318,12.692923,18.07008878065292,2.1055083839443025,1.894784188255691,0.6464311790574757,0.7462451575388828,2762.0000528923
SCHOOL_1184,0,0,0,0,0,0,0,0,0,0,1,840000.0,-17.650380999999996,17.468095,0.0,0.0,0.0,,0.0,0.0,5.122572,4.69327,6.234068617505764,0.7482683619056802,0.6151979621263699,0.7310457119489535,0.2633932151828064,840.0000160860001
SCHOOL_1185,0,0,0,0,0,0,0,0,0,0,1,986900.0,-17.647331000000005,17.132987,0.0,0.0,0.0,,0.0,0.0,1.693368,17.321092,9.95158755410704,1.7732449744873964,1.0072494182001803,1.0563726466239804,0.2807510666098712,986.900018899135
SCHOOL_1186,0,0,0,0,0,0,0,0,0,0,1,4165399.999999999,-17.633609999999994,17.63584,0.0,0.0,0.0,,0.0,0.0,8.279318,75.823309,44.337893312259176,7.811941980773319,4.2226881033907,1.1077161351230282,1.2650280777176586,4165.400079767409
SCHOOL_1187,0,0,0,0,0,0,0,0,0,0,2,3450700.0,-17.63139,16.81028,0.0,0.0,0.0,,0.0,0.0,15.255209,17.758945,20.635448910977384,2.583597234931461,2.660776107943841,0.6083570256561011,0.8076934786075947,3450.700066080905
SCHOOL_1188,0,0,0,0,0,0,0,0,0,0,1,2762400.0,-17.631111000000004,18.137633,0.0,0.0,0.0,,0.0,0.0,5.163482,87.975666,47.37631351175301,8.812049109514291,2.8010086721805365,1.7493845791010794,1.2732234495669883,2762.40005289996
SCHOOL_1189,0,0,0,0,0,0,0,0,0,0,1,840000.0,-17.615956999999998,18.346219,0.0,0.0,0.0,,0.0,0.0,3.810616,5.604807,5.869604026571292,0.7592327173995278,0.6902234134980451,0.7070351782871489,0.2258016671725473,840.0000160860001
SCHOOL_1190,0,0,0,0,0,0,0,0,0,0,1,1272100.0,-17.613356000000003,16.704649,0.0,0.0,0.0,,0.0,0.0,4.991348,6.770789,7.401818679878738,0.9383230403515496,0.9993766069371108,0.5960185357794067,0.2841421415263627,1272.1000243607148
SCHOOL_1191,0,0,0,0,0,0,0,0,0,0,1,704800.0,-17.61306,17.13694,0.0,0.0,0.0,,0.0,0.0,1.199613,12.374599,7.106553251193271,1.2663770259959457,0.7194694415643095,1.0563912780787668,0.2000572493159589,704.8000134969201
SCHOOL_1192,0,0,0,0,0,0,0,0,0,0,2,7490299.999999999,-17.629747000000002,16.524632,0.0,0.0,0.0,,0.0,0.0,35.542583,42.787537,48.786325807600534,6.156124165178152,5.546578893724577,0.654926074465118,1.8999093293429328,7490.3001434392445
SCHOOL_1193,0,0,0,0,0,0,0,0,0,0,1,1039000.0,-17.626825000000004,16.47332,0.0,0.0,0.0,,0.0,0.0,3.09649,6.155756,5.625198045421728,0.7714636239066945,0.8801013983824526,0.5700952714534796,0.2023817615665381,1039.0000198968498
SCHOOL_1194,0,0,0,0,0,0,0,0,0,0,1,6876800.0,-17.625859999999996,15.90493,0.0,0.0,0.0,,0.0,0.0,41.739296,34.850416,48.82918725636846,5.738309371353122,4.972673998968404,0.7004670698350552,2.0094790153176936,6876.80013169072
SCHOOL_1195,0,0,0,0,0,0,0,0,0,0,1,3442700.0,-17.623549999999998,16.0808,0.0,0.0,0.0,,0.0,0.0,23.063901,16.848903,25.66166191631098,2.93758308240951,2.4648218432754656,0.7293135139091101,1.0766595391370644,3442.7000659277046
SCHOOL_1196,0,0,0,0,0,0,0,0,0,0,2,1844900.0,-17.618360000000003,15.92737,0.0,0.0,0.0,,0.0,0.0,11.197855,9.349738,13.100021081557944,1.539483107754199,1.3345283572840376,0.7004954092244444,0.5391402880090854,1844.900035329835
SCHOOL_1197,0,0,0,0,0,0,0,0,0,0,2,1680000.0,-17.61055999999999,15.840280000000002,0.0,0.0,0.0,,0.0,0.0,7.334828,8.666639,10.03724082917526,1.2546105967058043,1.2830128609606986,0.607140014941127,0.3927234315228537,1680.0000321720001
SCHOOL_1198,0,0,0,0,0,0,0,0,0,0,1,2879600.0,-17.603296999999998,15.953431000000002,0.0,0.0,0.0,,0.0,0.0,17.29504,14.628367,20.36938858891774,2.3959096454080093,2.0701352253697007,0.697789853103239,0.8370331845758463,2879.60005514434
SCHOOL_1199,0,0,0,0,0,0,0,0,0,0,1,840000.0,-17.605829999999994,18.22861,0.0,0.0,0.0,,0.0,0.0,2.791433,5.147625,4.774348983036809,0.6565679033125534,0.711526488414692,0.594992835617595,0.1732382877776525,840.0000160860001
SCHOOL_1200,0,0,0,0,0,0,0,0,0,0,2,5359800.0,-17.602997999999992,16.982049,0.0,0.0,0.0,,0.0,0.0,25.451414,26.368692,32.918273513102164,4.185656135376223,4.16082365787133,0.6204590246646244,1.546771897897668,5359.800102640171
SCHOOL_1201,0,0,0,0,0,0,0,0,0,0,1,840000.0,-17.594699999999992,18.067377000000004,0.0,0.0,0.0,,0.0,0.0,1.589382,11.073809,6.809075506880646,1.1624336862575655,0.8397823480892834,0.8582735448252639,0.2007495260803907,840.0000160860001
SCHOOL_1202,0,0,0,0,0,0,0,0,0,0,2,9118400.0,-17.59056,17.39694,0.0,0.0,0.0,,0.0,0.0,41.558069,74.021856,70.36550146502303,9.550131266941568,7.308473884325574,0.7768222132688974,2.6250045684511187,9118.40017461736
SCHOOL_1203,0,0,0,0,0,0,0,0,0,0,1,2110800.0,-17.58905,17.03337,0.0,0.0,0.0,,0.0,0.0,8.186182,12.122116,12.689519262327613,1.647804671652128,1.6852834377455077,0.6159287015980048,0.4950548932729505,2110.8000404218196
SCHOOL_1204,0,0,0,0,0,0,0,0,0,0,2,5218200.000000001,-17.586073000000003,17.089186,0.0,0.0,0.0,,0.0,0.0,8.508425,92.239652,52.703352506150814,9.414170492966557,5.383160795158741,1.0593870900044111,1.4768293519794282,5218.200099928532
SCHOOL_1205,0,0,0,0,0,0,0,0,0,0,1,840000.0,-17.582499999999992,18.13444,0.0,0.0,0.0,,0.0,0.0,2.98394,4.401475,4.57905490301256,0.5952067474946436,0.6873829259558278,0.567036249942094,0.172911090879617,840.0000160860001
SCHOOL_1206,0,0,0,0,0,0,0,0,0,0,1,5680000.0,-17.605,15.735559999999998,0.0,0.0,0.0,,0.0,0.0,26.772319,29.089455,35.090807015158326,4.332980989306848,4.196491106402992,0.6225222841951068,1.3895367296535803,5680.000108772
SCHOOL_1207,0,0,0,0,0,0,0,0,0,0,1,3222100.0,-17.596389999999996,15.73694,0.0,0.0,0.0,,0.0,0.0,16.48071,16.534326,20.831663777282653,2.5343986675683015,2.3551407203433596,0.6466830430916949,0.8351533455835787,3222.100061703215
SCHOOL_1208,0,0,0,0,0,0,0,0,0,0,2,9075100.0,-17.594170000000002,15.82194,0.0,0.0,0.0,,0.0,0.0,58.739543,42.296541,65.06897807775874,7.421952840498792,6.389421133505901,0.7025403904945056,2.73415908462339,9075.100173788165
SCHOOL_1209,0,0,0,0,0,0,0,0,0,0,2,4288800.0,-17.592779999999998,15.66444,0.0,0.0,0.0,,0.0,0.0,17.590039,23.091088,25.08199779337656,3.303311392516587,3.281651693291932,0.5969502515183486,1.0896413405389942,4288.8000821305195
SCHOOL_1210,0,0,0,0,0,0,0,0,0,0,1,855200.0,-17.59194,15.778890000000002,0.0,0.0,0.0,,0.0,0.0,5.269498,4.219297,6.064728105174906,0.7203800929217433,0.6103148122389336,0.6979882624951288,0.2662149457545023,855.20001637708
SCHOOL_1211,0,0,0,0,0,0,0,0,0,0,1,1845800.0,-17.584572,15.559106000000002,0.0,0.0,0.0,,0.0,0.0,8.27761,9.297117,11.01784639596158,1.3690498906619677,1.3516068919077533,0.6035411773874287,0.4334374180638095,1845.8000353470698
SCHOOL_1212,0,0,0,0,0,0,0,0,0,0,1,1990400.0,-17.572219999999998,15.59472,0.0,0.0,0.0,,0.0,0.0,8.926136,10.025441,11.88097435623138,1.4763025789953128,1.4573484326241035,0.6035352015941395,0.4673826104732398,1990.4000381161602
SCHOOL_1213,0,0,0,0,0,0,0,0,0,0,2,4680200.0,-17.593330000000005,16.10833,0.0,0.0,0.0,,0.0,0.0,29.778055,23.845196,34.29829287717472,3.9952974953802065,3.3669802578579113,0.7198789779434553,1.421366574123486,4680.20008962583
SCHOOL_1214,0,0,0,0,0,0,0,0,0,0,1,2239800.0,-17.591130999999994,16.146902,0.0,0.0,0.0,,0.0,0.0,14.250552,11.411982,16.414259016512446,1.912010922747187,1.611845239578717,0.7199011213608351,0.6802754352485001,2239.80004289217
SCHOOL_1215,0,0,0,0,0,0,0,0,0,0,2,6478000.0,-17.588609999999992,15.99861,0.0,0.0,0.0,,0.0,0.0,37.988952,32.670052,45.091783614933846,5.314823855801941,4.646899472210835,0.6876682286763313,1.849372599854069,6478.0001240537
SCHOOL_1216,0,0,0,0,0,0,0,0,0,0,2,6968000.0,-17.586939999999995,15.871109999999998,0.0,0.0,0.0,,0.0,0.0,42.996733,35.20661,49.81089250835814,5.844004422934019,5.069307835054141,0.7048831534556456,2.0630306612870934,6968.000133437198
SCHOOL_1217,0,0,0,0,0,0,0,0,0,0,2,1852600.0,-17.58388999999999,16.38889,0.0,0.0,0.0,,0.0,0.0,8.285274,10.388508,11.541458519717702,1.4751816940315576,1.4344509064111817,0.6329428026064506,0.4464622773383121,1852.60003547729
SCHOOL_1218,0,0,0,0,0,0,0,0,0,0,2,1680000.0,-17.583219000000003,16.305585,0.0,0.0,0.0,,0.0,0.0,9.459793,8.566079,11.4772120870196,1.4101578581895524,1.246299235229822,0.677589918942301,0.5379653369035543,1680.0000321720001
SCHOOL_1219,0,0,0,0,0,0,0,0,0,0,2,2839400.0,-17.583060000000003,16.18556,0.0,0.0,0.0,,0.0,0.0,16.917135,16.708335,21.030690630864942,2.5759461926491767,2.116087766690597,0.7335514896625887,0.8466036607499913,2839.4000543745105
SCHOOL_1220,0,0,0,0,0,0,0,0,0,0,1,2040700.0,-17.58027999999999,16.363890000000005,0.0,0.0,0.0,,0.0,0.0,9.12647,11.443164,12.71322125157576,1.6249477477420846,1.5790399635484764,0.632895918963235,0.4917910939752051,2040.700039079405
SCHOOL_1221,0,0,0,0,0,0,0,0,0,0,2,3718200.0,-17.578329999999998,16.06139,0.0,0.0,0.0,,0.0,0.0,21.957502,18.65448,25.81171592659365,3.049796490925421,2.657932733060279,0.6859075202799494,1.059873682340985,3718.2000712035297
SCHOOL_1222,0,0,0,0,0,0,0,0,0,0,2,1726900.0,-17.577756000000004,16.591334,0.0,0.0,0.0,,0.0,0.0,2.743621,30.344534,17.233015562389145,3.0937164050434984,1.8193823194278191,1.0503750557751148,0.4821930969217633,1726.900033070135
SCHOOL_1223,0,0,0,0,0,0,0,0,0,0,2,13270300.0,-17.576410999999997,15.896291,0.0,0.0,0.0,,0.0,0.0,81.885741,67.049746,94.86219799472904,11.129700175231363,9.654014090038146,0.7048803030499864,3.928313117402962,13270.300254126247
SCHOOL_1224,0,0,0,0,0,0,0,0,0,0,2,6450300.0,-17.58159,16.91036,0.0,0.0,0.0,,0.0,0.0,36.867113,32.31182,44.419661498823544,5.391029232587358,4.82368260127613,0.6822813418685045,2.0727358202985933,6450.300123523246
SCHOOL_1225,0,0,0,0,0,0,0,0,0,0,2,3133600.0,-17.579719999999995,16.68778,0.0,0.0,0.0,,0.0,0.0,14.616811,16.406718,19.30262752966111,2.5298389929901757,2.460562445711654,0.6239554016288552,0.9411094435305426,3133.6000600084403
SCHOOL_1226,0,0,0,0,0,0,0,0,0,0,1,2904000.0,-17.57944000000001,17.30722,0.0,0.0,0.0,,0.0,0.0,5.060502,51.226598,29.381407321604843,5.247088164806304,2.953874455911049,1.0597131283486254,0.8278796235945809,2904.0000556115997
SCHOOL_1227,0,0,0,0,0,0,0,0,0,0,1,10262000.0,-17.578486999999996,17.212359,0.0,0.0,0.0,,0.0,0.0,47.181435,60.743399,67.62402110697872,8.599005554671963,7.780040393473644,0.6634942186067616,2.6835798618143745,10262.0001965173
SCHOOL_1228,0,0,0,0,0,0,0,0,0,0,1,3592900.0,-17.576840000000004,16.796833,0.0,0.0,0.0,,0.0,0.0,11.066299,20.844454,19.460979321088377,2.6452388934689326,2.989807270089048,0.5683513393646145,0.707390401925065,3592.9000688040355
SCHOOL_1229,0,0,0,0,0,0,0,0,0,0,1,1071100.0,-17.568951999999996,17.494069000000003,0.0,0.0,0.0,,0.0,0.0,5.38935,8.16827,8.295436646805054,1.1182105771159738,0.8639834602026298,0.7757083544429252,0.354379922531809,1071.1000205115647
SCHOOL_1230,0,0,0,0,0,0,0,0,0,0,2,2454900.0,-17.56472000000001,17.21472,0.0,0.0,0.0,,0.0,0.0,11.286893,14.531234,16.17718375053287,2.05720642109471,1.8612470450854433,0.6634970992094605,0.6421119952597912,2454.900047011335
SCHOOL_1231,0,0,0,0,0,0,0,0,0,0,1,840000.0,-17.573701999999997,15.83295,0.0,0.0,0.0,,0.0,0.0,5.436996,3.915018,6.022863405641744,0.6869867410416217,0.5915640138291334,0.7025588693228854,0.2530637844671209,840.0000160860001
SCHOOL_1232,0,0,0,0,0,0,0,0,0,0,1,1224600.0,-17.573229999999995,16.22893,0.0,0.0,0.0,,0.0,0.0,1.934274,21.508511,12.222597170392149,2.192329211009425,1.2852800594811382,1.0500948021308558,0.3417262516235363,1224.60002345109
SCHOOL_1233,0,0,0,0,0,0,0,0,0,0,2,1892600.0,-17.567779999999992,16.50278,0.0,0.0,0.0,,0.0,0.0,3.305567,33.234466,19.17431632868466,3.4055997489343364,1.9624630010652289,1.0617921845074654,0.5416829680167421,1892.60003624329
SCHOOL_1234,0,0,0,0,0,0,0,0,0,0,1,6034400.0,-17.567205,15.956286000000002,0.0,0.0,0.0,,0.0,0.0,35.387608,30.433308,42.00440029212546,4.950913426608036,4.328509562650694,0.6876709580846254,1.7228009639786028,6034.40011555876
SCHOOL_1235,0,0,0,0,0,0,0,0,0,0,2,3014800.0,-17.56662,15.934722000000002,0.0,0.0,0.0,,0.0,0.0,17.167016,15.107215,20.56103170017669,2.435038360475871,2.1606942553864803,0.6753317687387885,0.8402587228868478,3014.8000577334196
SCHOOL_1236,0,0,0,0,0,0,0,0,0,0,2,6291300.0,-17.557869999999994,16.01089,0.0,0.0,0.0,,0.0,0.0,18.250655,45.289709,37.669199082245974,5.419282620043089,5.362469583909388,0.6274164727761791,1.307454779041848,6291.300120478394
SCHOOL_1237,0,0,0,0,0,0,0,0,0,0,1,6929200.0,-17.547709999999995,15.85035,0.0,0.0,0.0,,0.0,0.0,42.08638,34.724706,49.016326148761024,5.745787509977687,5.009239635041251,0.6978308013752333,2.02045958119991,6929.20013269418
SCHOOL_1238,0,0,0,0,0,0,0,0,0,0,1,1819100.0,-17.616584999999997,18.60345,0.0,0.0,0.0,,0.0,0.0,3.657678,23.41095,14.625675349751372,2.4743397072230544,1.813664823388588,0.8504720088686167,0.4362281536686427,1819.1000348357652
SCHOOL_1239,0,0,0,0,0,0,0,0,0,0,1,1132800.0,-17.592779999999998,18.59778,0.0,0.0,0.0,,0.0,0.0,3.736908,6.994892,6.496711122307379,0.8889783181908625,0.9588021257321484,0.5992791237086385,0.2366012043231223,1132.80002169312
SCHOOL_1240,0,0,0,0,0,0,0,0,0,0,1,780400.0,-17.588893999999996,18.566905,0.0,0.0,0.0,,0.0,0.0,2.574382,4.818776,4.475567048209028,0.6124253416751115,0.6602620354081292,0.5992462025768586,0.1629348228373007,780.4000149446599
SCHOOL_1241,0,0,0,0,0,0,0,0,0,0,1,1097600.0,-17.556187999999995,18.532489999999996,0.0,0.0,0.0,,0.0,0.0,3.678282,6.014329,5.936934765831689,0.790724609382557,0.9228674188521544,0.5668150791309653,0.2201477011532303,1097.60002101904
SCHOOL_1242,0,0,0,0,0,0,0,0,0,0,2,4310400.0,-17.5325,18.52417,0.0,0.0,0.0,,0.0,0.0,9.439737,55.139503,35.01045103269017,5.874485760569046,4.185965344294879,0.8549675622192354,1.056714578986256,4310.40008254416
SCHOOL_1243,0,0,0,0,0,0,0,0,0,0,1,1285200.0,-17.511500000000005,18.514,0.0,0.0,0.0,,0.0,0.0,2.814692,16.441226,10.43868791060608,1.7515618754442404,1.2480758923955886,0.8549695087155761,0.3149119266159985,1285.20002461158
SCHOOL_1244,0,0,0,0,0,0,0,0,0,0,1,702000.0,-17.563569,18.313339,0.0,0.0,0.0,,0.0,0.0,2.311346,4.193615,3.955808249602488,0.53699745518764,0.5940392843156325,0.5894901123618698,0.1444310579124837,702.0000134433
SCHOOL_1245,0,0,0,0,0,0,0,0,0,0,1,840000.0,-17.547431999999997,16.852887,0.0,0.0,0.0,,0.0,0.0,3.799704,6.386778,6.1869941766402885,0.8336656612240214,0.6474180643655333,0.7414707598246194,0.2293479437377074,840.0000160860001
SCHOOL_1246,0,0,0,0,0,0,0,0,0,0,2,3836000.0,-17.545503999999994,17.712137,0.0,0.0,0.0,,0.0,0.0,19.32992,21.405048,25.54386531839737,3.249531732676949,2.9627831483457103,0.6678832402616905,1.1573642060113485,3836.0000734594005
SCHOOL_1247,0,0,0,0,0,0,0,0,0,0,3,5246100.0,-17.543185000032903,16.74809499993271,0.0,0.0,0.0,,0.0,0.0,23.981661,25.948069,31.69378510001276,3.9160456947596,4.029624300535593,0.610765584551464,1.3713815286601752,5246.100100462815
SCHOOL_1248,0,0,0,0,0,0,0,0,0,0,1,840000.0,-17.540329999999994,18.23528,0.0,0.0,0.0,,0.0,0.0,3.294466,4.417654,4.836728455195664,0.6150785396086476,0.6723780431702974,0.5918023920514904,0.186987751459899,840.0000160860001
SCHOOL_1249,0,0,0,0,0,0,0,0,0,0,1,840000.0,-17.53611,17.60111,0.0,0.0,0.0,,0.0,0.0,4.474845,4.308083,5.572045157736415,0.670926916774265,0.6237229818822061,0.661993835015027,0.2253092598334221,840.0000160860001
SCHOOL_1250,0,0,0,0,0,0,0,0,0,0,1,1472200.0,-17.547408000000008,15.98674,0.0,0.0,0.0,,0.0,0.0,8.860734,7.349884,10.326144419431971,1.2134808948496538,1.0652634727715604,0.6926884402381432,0.4253671446775435,1472.20002819263
SCHOOL_1251,0,0,0,0,0,0,0,0,0,0,2,1781200.0,-17.54333,16.26,0.0,0.0,0.0,,0.0,0.0,9.058004,9.581286,11.847359937809834,1.440743512442605,1.326723937411421,0.6647508769664995,0.4732751081054824,1781.20003410998
SCHOOL_1252,0,0,0,0,0,0,0,0,0,0,1,1218400.0,-17.541390000000003,16.16944,0.0,0.0,0.0,,0.0,0.0,5.302314,7.958382,8.042638848519449,1.082973343628528,0.9480247929749938,0.6690376994885817,0.3379644267466654,1218.40002333236
SCHOOL_1253,0,0,0,0,0,0,0,0,0,0,2,1643600.0,-17.540828000000005,15.925911,0.0,0.0,0.0,,0.0,0.0,9.442018,8.229227,11.265648463480382,1.3367811771725224,1.184579382829431,0.6785300852052739,0.4674232437706564,1643.6000314749401
SCHOOL_1254,0,0,0,0,0,0,0,0,0,0,2,1812900.0,-17.534999999999997,16.34278,0.0,0.0,0.0,,0.0,0.0,8.023367,11.065346,11.811468649215206,1.5259001454821617,1.3934393381215848,0.6594983841417199,0.4513060948520963,1812.900034717035
SCHOOL_1255,0,0,0,0,0,0,0,0,0,0,2,6644300.0,-17.524922,16.599257,0.0,0.0,0.0,,0.0,0.0,29.745862,35.502043,40.994861602650154,5.314377559426018,5.192982314102358,0.6259705828681521,1.8282783741141169,6644.300127238345
SCHOOL_1256,0,0,0,0,0,0,0,0,0,0,2,11744000.0,-17.550145000000004,15.78942,0.0,0.0,0.0,,0.0,0.0,72.380967,57.918263,83.2834119895373,9.892495223949489,8.37840234798357,0.6979647907059527,3.6560354603956102,11744.000224897602
SCHOOL_1257,0,0,0,0,0,0,0,0,0,0,1,1761200.0,-17.543890000000005,15.655,0.0,0.0,0.0,,0.0,0.0,7.779609,9.741635,10.881539397755754,1.3951606937277845,1.3338358118253242,0.625679066040803,0.4496301415238881,1761.2000337269797
SCHOOL_1258,0,0,0,0,0,0,0,0,0,0,1,1959200.0,-17.538059999999998,15.57833,0.0,0.0,0.0,,0.0,0.0,8.272774,9.572245,11.162193719138584,1.3954178200242393,1.4522354742135866,0.5799856386456154,0.4385457912976137,1959.2000375186801
SCHOOL_1259,0,0,0,0,0,0,0,0,0,0,2,2376399.9999999995,-17.526669999999996,15.61389,0.0,0.0,0.0,,0.0,0.0,4.213171,41.376805,23.772587776611815,4.245521599025143,2.358562656911925,1.046611893017529,0.6715947110554908,2376.4000455080595
SCHOOL_1260,0,0,0,0,0,0,0,0,0,0,2,4074500.0,-17.518610000000006,15.55722,0.0,0.0,0.0,,0.0,0.0,17.204633,19.907122,23.213656781045035,2.9020131273040577,3.020221156652185,0.5799854014160744,0.9120016143493492,4074.500078026675
SCHOOL_1261,0,0,0,0,0,0,0,0,0,0,1,1505400.0,-17.514440000000004,15.49944,0.0,0.0,0.0,,0.0,0.0,5.75448,7.388674,8.217809334960132,1.0413696054105592,1.1106434037967468,0.5590642763656989,0.3181312879728103,1505.4000288284099
SCHOOL_1262,0,0,0,0,0,0,0,0,0,0,1,840000.0,-17.51167,15.806940000000004,0.0,0.0,0.0,,0.0,0.0,2.824096,4.791831,4.653160742711505,0.6239629239634142,0.6728423381376245,0.5759780439440404,0.1715248806694162,840.0000160860001
SCHOOL_1263,0,0,0,0,0,0,0,0,0,0,2,11416200.0,-17.524590000000003,15.87823,0.0,0.0,0.0,,0.0,0.0,69.339398,57.210651,80.75658991932266,9.466464463369949,8.2527414384445,0.6978265794739457,3.3289153675941923,11416.20021862023
SCHOOL_1264,0,0,0,0,0,0,0,0,0,0,2,1680000.0,-17.524439999999995,16.09611,0.0,0.0,0.0,,0.0,0.0,6.860079,11.587934,11.082954802196015,1.5251372859298054,1.2928122912056743,0.6699974849897007,0.4575411781012137,1680.0000321720001
SCHOOL_1265,0,0,0,0,0,0,0,0,0,0,1,12000000.0,-17.521997999999996,16.056004,0.0,0.0,0.0,,0.0,0.0,48.710892,83.009194,79.14823835042412,10.894483958536805,9.231318099288425,0.6699681933564668,3.254215618464504,12000.0002298
SCHOOL_1266,0,0,0,0,0,0,0,0,0,0,2,1348600.0,-17.521549999999987,16.20807,0.0,0.0,0.0,,0.0,0.0,2.478741,23.49809,13.682852253812252,2.415924580751982,1.3703160020368748,1.0603736676380744,0.389891128343034,1348.60002582569
SCHOOL_1267,0,0,0,0,0,0,0,0,0,0,1,1026400.0,-17.520756000000002,16.425709,0.0,0.0,0.0,,0.0,0.0,3.973813,6.296382,6.337648159488709,0.8347745603969783,0.8086159660686136,0.631686462799957,0.2374247754550492,1026.40001965556
SCHOOL_1268,0,0,0,0,0,0,0,0,0,0,1,5564300.0,-17.519350999999997,16.0499727,0.0,0.0,0.0,,0.0,0.0,23.023902,35.136924,34.587961360028416,4.879355571420912,4.552326226884044,0.6377125986764087,1.6396373395278727,5564.300106556345
SCHOOL_1269,0,0,0,0,0,0,0,0,0,0,1,840000.0,-17.519143,15.947905000000002,0.0,0.0,0.0,,0.0,0.0,4.825561,4.205752,5.757575440719599,0.6832084540069145,0.6054299959536613,0.6785328525334446,0.2389020835961958,840.0000160860001
SCHOOL_1270,0,0,0,0,0,0,0,0,0,0,2,2910600.0000000005,-17.533889999999996,17.05972,0.0,0.0,0.0,,0.0,0.0,12.395369,16.008924,17.876814774613393,2.248799072541698,2.2467611976730684,0.6233472431198542,0.7034161337991617,2910.6000557379903
SCHOOL_1271,0,0,0,0,0,0,0,0,0,0,1,2444800.0,-17.52306,17.40056,0.0,0.0,0.0,,0.0,0.0,9.119303,13.678377,14.315547243622222,1.841015517247237,1.9530993450223273,0.6016884357360462,0.5409276195925897,2444.80004681792
SCHOOL_1272,0,0,0,0,0,0,0,0,0,0,1,840000.0,-17.517089,17.248303,0.0,0.0,0.0,,0.0,0.0,3.683698,5.105239,5.475401013170339,0.7119696937850549,0.6440886432264403,0.6589599119844409,0.2205110777463383,840.0000160860001
SCHOOL_1273,0,0,0,0,0,0,0,0,0,0,1,650500.0,-17.51028,17.04222,0.0,0.0,0.0,,0.0,0.0,1.450093,8.405592,5.359183289799592,0.8961246595543827,0.6144737423325959,0.8633615010275795,0.1622079238734971,650.500012457075
SCHOOL_1274,0,0,0,0,0,0,0,0,0,0,2,5822099.999999999,-17.505559999999996,17.16167,0.0,0.0,0.0,,0.0,0.0,32.984251,31.240979,40.74574332734737,5.105820264808878,4.428756577576033,0.6945701535111697,1.98319776205058,5822.100111493214
SCHOOL_1275,0,0,0,0,0,0,0,0,0,0,1,991700.0,-17.503827,16.685408,0.0,0.0,0.0,,0.0,0.0,4.343661,5.117011,5.971737908720965,0.7414903487416985,0.7536585310852755,0.610657281256396,0.2341388354002021,991.700018991055
SCHOOL_1276,0,0,0,0,0,0,0,0,0,0,1,840000.0,-17.493609999999993,16.83778,0.0,0.0,0.0,,0.0,0.0,2.606689,4.500859,4.39166715110781,0.5834739298869971,0.6879719346350381,0.5483200720399365,0.162147680610021,840.0000160860001
SCHOOL_1277,0,0,0,0,0,0,0,0,0,0,1,1371100.0,-17.492429999999995,17.12485,0.0,0.0,0.0,,0.0,0.0,2.450465,24.049453,13.886157833191996,2.4676918604380527,1.3794945635501628,1.0589083031622928,0.3931897627459653,1371.1000262565651
SCHOOL_1278,0,0,0,0,0,0,0,0,0,0,1,5564300.0,-17.51889,16.05583,0.0,0.0,0.0,,0.0,0.0,22.728612,38.374417,36.70797193217372,5.051396837130205,4.279929653735767,0.6699664712914978,1.5158202752515677,5564.300106556345
SCHOOL_1279,0,0,0,0,0,0,0,0,0,0,1,636100.0,-17.516914,16.378595,0.0,0.0,0.0,,0.0,0.0,1.09306,11.175215,6.427135439105552,1.1441210300171734,0.6546669021609124,1.0589686995675047,0.1807761242286663,636.100012181315
SCHOOL_1280,0,0,0,0,0,0,0,0,0,0,1,840000.0,-17.516760999999995,16.288623,0.0,0.0,0.0,,0.0,0.0,4.27159,4.518527,5.586855884828895,0.6794492503994013,0.6253461133103461,0.6647137431476188,0.222978250370524,840.0000160860001
SCHOOL_1281,0,0,0,0,0,0,0,0,0,0,1,11542900.0,-17.515830000000005,15.94889,0.0,0.0,0.0,,0.0,0.0,66.310742,57.793345,79.1179225177907,9.388326788780084,8.319289144717326,0.6785305197713667,3.2828606927010817,11542.900221046535
SCHOOL_1282,0,0,0,0,0,0,0,0,0,0,1,840000.0,-17.508724,16.12434,0.0,0.0,0.0,,0.0,0.0,4.491512,4.702256,5.764773187345989,0.7096955873664417,0.6183587467936175,0.684094455530757,0.2297194982056233,840.0000160860001
SCHOOL_1283,0,0,0,0,0,0,0,0,0,0,2,9202500.0,-17.50819,15.84243,0.0,0.0,0.0,,0.0,0.0,30.938724,52.49611,50.97682171184251,6.835718917479524,7.372416064440098,0.5759871370330549,1.879071041973615,9202.500176227873
SCHOOL_1284,0,0,0,0,0,0,0,0,0,0,2,3067600.0000000005,-17.503549999999997,16.00428,0.0,0.0,0.0,,0.0,0.0,12.695731,19.368966,19.068709760287543,2.689971198839298,2.5093885746455755,0.6377086240864334,0.9041072052184554,3067.6000587445405
SCHOOL_1285,0,0,0,0,0,0,0,0,0,0,2,9402600.0,-17.50056,16.16611,0.0,0.0,0.0,,0.0,0.0,40.92191,61.414039,62.06733004563264,8.357473857965578,7.3160000988237,0.6690410669902166,2.608585064845504,9402.60018005979
SCHOOL_1286,0,0,0,0,0,0,0,0,0,0,1,1111100.0,-17.509999999999994,15.670559999999998,0.0,0.0,0.0,,0.0,0.0,4.907918,6.145861,6.864965067266237,0.880172388643547,0.8416779411484618,0.6256981140451817,0.2836541586484613,1111.100021277565
SCHOOL_1287,0,0,0,0,0,0,0,0,0,0,1,1197700.0,-17.507220000000004,15.77639,0.0,0.0,0.0,,0.0,0.0,7.391386,5.99281,8.533972310928682,1.0215389177485286,0.8572251345710138,0.7013753260040876,0.3798934804333985,1197.7000229359546
SCHOOL_1288,0,0,0,0,0,0,0,0,0,0,2,13662800.000000002,-17.50561650123329,15.631147996938434,0.0,0.0,0.0,,0.0,0.0,24.222775,237.894521,136.67911715116009,24.4092591616562,13.568076640723897,1.046670308730414,3.861476165915773,13662.800261642622
SCHOOL_1289,0,0,0,0,0,0,0,0,0,0,1,3272800.0,-17.50639,15.63694,0.0,0.0,0.0,,0.0,0.0,5.803258,56.984792,32.74032169658833,5.847012708294182,3.249789616849986,1.0466625679338606,0.9250367459110944,3272.80006267412
SCHOOL_1290,0,0,0,0,0,0,0,0,0,0,2,5220400.0,-17.506287999999998,15.712812,0.0,0.0,0.0,,0.0,0.0,27.258184,26.750987,34.12307810972977,4.134018145754824,3.802304390316196,0.6525656236933524,1.3726084343765976,5220.40009997066
SCHOOL_1291,0,0,0,0,0,0,0,0,0,0,2,5657200.000000001,-17.505279999999996,15.75028,0.0,0.0,0.0,,0.0,0.0,34.948766,28.262294,40.309857969134576,4.825085263563933,4.049543623473064,0.7013859140712504,1.794776928053865,5657.200108335381
SCHOOL_1292,0,0,0,0,0,0,0,0,0,0,1,1027000.0,-17.50528,15.52694,0.0,0.0,0.0,,0.0,0.0,3.827799,4.841561,5.47090103982055,0.6889353149258224,0.7710800675464425,0.547000842787383,0.2215128271575972,1027.00001966705
SCHOOL_1293,0,0,0,0,0,0,0,0,0,0,1,840000.0,-17.49646,15.870670000000002,0.0,0.0,0.0,,0.0,0.0,4.596034,4.266393,5.623670683169723,0.6734024350740135,0.6033259039500563,0.6650851921339588,0.2279994998625465,840.0000160860001
SCHOOL_1294,0,0,0,0,0,0,0,0,0,0,2,8959000.0,-17.49528,16.25667,0.0,0.0,0.0,,0.0,0.0,39.395552,55.153937,58.95761068077801,7.60223157681011,6.876130385310039,0.664630077307899,2.3203518292112513,8959.00017156485
SCHOOL_1295,0,0,0,0,0,0,0,0,0,0,2,7344400.000000001,-17.492276999999994,15.921108,0.0,0.0,0.0,,0.0,0.0,18.159755,54.476182,42.839417752649666,6.303894950282088,6.472028534794172,0.6175093288424436,1.449521150422247,7344.400140645262
SCHOOL_1296,0,0,0,0,0,0,0,0,0,0,2,3790600.000000001,-17.483889999999995,16.07278,0.0,0.0,0.0,,0.0,0.0,11.079137,23.345817,20.922646750588147,2.8881962811164175,3.119553570300357,0.5783588867815372,0.7467066706886947,3790.6000725899908
SCHOOL_1297,0,0,0,0,0,0,0,0,0,0,1,9981800.0,-17.481389999999998,16.33528,0.0,0.0,0.0,,0.0,0.0,49.437252,60.076895,67.72897734750394,8.617235279258505,7.525499135089028,0.6814183679544427,2.635777798152502,9981.80019115147
SCHOOL_1298,0,0,0,0,0,0,0,0,0,0,1,840000.0,-17.48075,16.22685,0.0,0.0,0.0,,0.0,0.0,2.582674,5.149234,4.604424425282501,0.644895623494547,0.696931725233916,0.5762866645948604,0.1647144445884696,840.0000160860001
SCHOOL_1299,0,0,0,0,0,0,0,0,0,0,2,8947800.0,-17.476594500997063,16.343088003273543,0.0,0.0,0.0,,0.0,0.0,44.316192,53.853734,60.713190105645175,7.724610177909279,6.749623674579852,0.6814541846860351,2.3627734582773794,8947.800171350369
SCHOOL_1300,0,0,0,0,0,0,0,0,0,0,2,4428600.0,-17.477409,16.498556,0.0,0.0,0.0,,0.0,0.0,25.687201,25.157022,32.00560381718565,3.89072931064209,3.2092675496308076,0.7149840990567163,1.288492394241175,4428.60008480769
SCHOOL_1301,0,0,0,0,0,0,0,0,0,0,2,9665000.0,-17.476109999999995,16.1075,0.0,0.0,0.0,,0.0,0.0,52.017074,50.013258,65.1583988274152,7.788603384706545,6.997977402202805,0.669754634320917,2.6336640081544345,9665.00018508475
SCHOOL_1302,0,0,0,0,0,0,0,0,0,0,2,5185700.000000001,-17.474719999999998,16.44194,0.0,0.0,0.0,,0.0,0.0,28.540939,30.785185,37.20058926690387,4.597348402486319,3.8275495878616894,0.7128139871280437,1.4776859153050022,5185.700099306156
SCHOOL_1303,0,0,0,0,0,0,0,0,0,0,1,1145300.0,-17.484902999999996,16.931129,0.0,0.0,0.0,,0.0,0.0,2.27359,19.875732,11.70256253612815,2.0535772083185435,1.1274624251704195,1.0635838712364616,0.3351603522454706,1145.3000219324952
SCHOOL_1304,0,0,0,0,0,0,0,0,0,0,1,840000.0,-17.482971,17.44307,0.0,0.0,0.0,,0.0,0.0,4.263352,6.668392,6.710668955472368,0.890816928206253,0.670817530289417,0.7980572144530722,0.2658756066907511,840.0000160860001
SCHOOL_1305,0,0,0,0,0,0,0,0,0,0,2,1680000.0,-17.480438999999997,17.108717,0.0,0.0,0.0,,0.0,0.0,3.002383,29.467312,17.014472866283015,3.023635579918956,1.6896182905313797,1.0588690913604604,0.4817338835897638,1680.0000321720001
SCHOOL_1306,0,0,0,0,0,0,0,0,0,0,2,6728000.0,-17.47278,16.87056,0.0,0.0,0.0,,0.0,0.0,30.359865,34.25325,41.206166600584574,5.036202222636085,5.045859908271637,0.6180244039414872,1.6270429468734395,6728.000128841199
SCHOOL_1307,0,0,0,0,0,0,0,0,0,0,1,2870800.0,-17.469854,17.497801,0.0,0.0,0.0,,0.0,0.0,10.558355,15.092297,15.86614496737661,2.0594095813525723,2.290706228358881,0.5720859445110565,0.6011984095668315,2870.80005497582
SCHOOL_1308,0,0,0,0,0,0,0,0,0,0,1,1194100.0,-17.468401000000004,17.002923,0.0,0.0,0.0,,0.0,0.0,2.252588,20.807876,12.089543138024831,2.1420614359432677,1.196407341602304,1.0574749841839777,0.3467987421334379,1194.100022867015
SCHOOL_1309,0,0,0,0,0,0,0,0,0,0,1,2276400.0,-17.460829999999998,17.22333,0.0,0.0,0.0,,0.0,0.0,12.508136,11.075923,15.199683418623255,1.788320948670342,1.6900955840633185,0.6638258710931502,0.6301354135214281,2276.40004359306
SCHOOL_1310,0,0,0,0,0,0,0,0,0,0,1,2145700.0,-17.457266,17.3379,0.0,0.0,0.0,,0.0,0.0,8.213787,11.840456,12.34212847037466,1.6117466490291383,1.686185488415401,0.5921020130608246,0.4663772573339095,2145.7000410901546
SCHOOL_1311,0,0,0,0,0,0,0,0,0,0,1,1356500.0,-17.47278,15.96806,0.0,0.0,0.0,,0.0,0.0,4.625893,9.119586,8.323757680965947,1.1451048872770684,1.0878276029786311,0.6330777756117473,0.3001155552276457,1356.500025976975
SCHOOL_1312,0,0,0,0,0,0,0,0,0,0,1,7836200.0,-17.47278,15.88694,0.0,0.0,0.0,,0.0,0.0,42.875374,39.800211,52.46161696670253,6.281999662227073,5.625629071755434,0.6650514605540162,2.126858439878625,7836.20015006323
SCHOOL_1313,0,0,0,0,0,0,0,0,0,0,1,1378200.0,-17.47194,16.55833,0.0,0.0,0.0,,0.0,0.0,5.292739,8.084071,8.31266175100964,1.0825729500214043,1.091341947175556,0.618032578583008,0.313575526304235,1378.20002639253
SCHOOL_1314,0,0,0,0,0,0,0,0,0,0,1,11294800.0,-17.470864,15.906488,0.0,0.0,0.0,,0.0,0.0,27.932054,83.775747,65.88269569621266,9.694650420838633,9.95454721743887,0.6175230492059518,2.2295544020669467,11294.800216295422
SCHOOL_1315,0,0,0,0,0,0,0,0,0,0,2,1676000.0,-17.468922999999997,16.154998,0.0,0.0,0.0,,0.0,0.0,4.414177,11.508885,9.33809282549409,1.364193513219223,1.4354782681050724,0.5903722632331034,0.3202693235408985,1676.0000320954002
SCHOOL_1316,0,0,0,0,0,0,0,0,0,0,1,4168600.000000001,-17.466670000000008,15.833059999999998,0.0,0.0,0.0,,0.0,0.0,15.038482,23.197824,23.39451299374086,3.0980620072786236,3.22524917498866,0.5793390337223931,0.8742886882276194,4168.6000798286905
SCHOOL_1317,0,0,0,0,0,0,0,0,0,0,1,1758800.0,-17.465029999999995,16.025660000000002,0.0,0.0,0.0,,0.0,0.0,6.109131,9.710876,9.779694653742151,1.2863452145172078,1.3916808930103894,0.5756468608021748,0.3657225129983437,1758.8000336810198
SCHOOL_1318,0,0,0,0,0,0,0,0,0,0,1,840000.0,-17.464851,16.291148,0.0,0.0,0.0,,0.0,0.0,3.693718,5.171598,5.528100552564671,0.7128093799592852,0.6451269795738721,0.6646918876770882,0.2175831767141652,840.0000160860001
SCHOOL_1319,0,0,0,0,0,0,0,0,0,0,1,4343400.0,-17.46389,15.94278,0.0,0.0,0.0,,0.0,0.0,10.740087,32.216124,25.33493619005608,3.728073410748328,3.828064289346477,0.617524424174771,0.857201264471711,4343.40008317611
SCHOOL_1320,0,0,0,0,0,0,0,0,0,0,1,3203300.0,-17.639214999999997,14.913386,0.0,0.0,0.0,,0.0,0.0,20.363701,13.953363,22.190637841008876,2.531006723113089,2.1807802737258157,0.676844837537271,1.0076456202203885,3203.300061343195
SCHOOL_1321,0,0,0,0,0,0,0,0,0,0,2,1767399.9999999998,-17.636109999999995,14.693329999999998,0.0,0.0,0.0,,0.0,0.0,2.614814,30.988677,17.35864165436784,3.1488103848098197,1.8697087878799064,1.037016737435574,0.4871440408417941,1767.40003384571
SCHOOL_1322,0,0,0,0,0,0,0,0,0,0,1,840000.0,-17.62694,14.74056,0.0,0.0,0.0,,0.0,0.0,1.810907,14.520566,8.747830336495362,1.5088072364388558,0.7802374820322142,1.0747031865155792,0.2550246797590162,840.0000160860001
SCHOOL_1323,0,0,0,0,0,0,0,0,0,0,1,896600.0,-17.625279999999993,14.60596,0.0,0.0,0.0,,0.0,0.0,1.584086,15.617383,8.985512563009404,1.6019963063216152,0.8759604919322989,1.0466537426262852,0.2554920464096966,896.6000171698898
SCHOOL_1324,0,0,0,0,0,0,0,0,0,0,1,1327400.0,-17.615878,14.955538,0.0,0.0,0.0,,0.0,0.0,8.161792,6.375253,9.23944715959338,1.1133054529894248,0.9135537074366789,0.6829116810979433,0.4397127764892652,1327.40002541971
SCHOOL_1325,0,0,0,0,0,0,0,0,0,0,2,1757300.0,-17.608289999999993,15.07697,0.0,0.0,0.0,,0.0,0.0,11.940142,9.019728,13.435962254286022,1.6229401777783894,1.1955221567565129,0.7434540922137838,0.6507981910799511,1757.3000336522948
SCHOOL_1326,0,0,0,0,0,0,0,0,0,0,1,840000.0,-17.60722,14.67477,0.0,0.0,0.0,,0.0,0.0,1.248881,14.724671,8.250598308126653,1.4965556699064149,0.8886379858374606,1.0370214253387544,0.2319800238147457,840.0000160860001
SCHOOL_1327,0,0,0,0,0,0,0,0,0,0,2,3685400.0,-17.601880000000005,14.84526,0.0,0.0,0.0,,0.0,0.0,5.809716,64.410553,36.395319208288505,6.56634152577229,3.8211307892027495,1.039554644659734,1.0258031226888824,3685.4000705754106
SCHOOL_1328,0,0,0,0,0,0,0,0,0,0,2,7431600.0,-17.59891,15.02961,0.0,0.0,0.0,,0.0,0.0,48.377266,34.41597,53.49504668587507,6.078379032198154,4.998388375692731,0.701591402973611,2.299921846533491,7431.60014231514
SCHOOL_1329,0,0,0,0,0,0,0,0,0,0,2,2727900.0,-17.597469999999994,14.97966,0.0,0.0,0.0,,0.0,0.0,16.993796,12.731813,18.927180533431414,2.2671789538793807,1.875613242255247,0.6800652930135356,0.9133003982891388,2727.900052239285
SCHOOL_1330,0,0,0,0,0,0,0,0,0,0,1,3428000.0,-17.59336,14.57724,0.0,0.0,0.0,,0.0,0.0,12.643011,21.37007,21.070456948354742,2.7851358986970456,2.666646641192236,0.6285472821174846,0.7884203666491822,3428.0000656462
SCHOOL_1331,0,0,0,0,0,0,0,0,0,0,1,840000.0,-17.590829999999997,14.6825,0.0,0.0,0.0,,0.0,0.0,4.497071,3.633724,5.280472615424433,0.6144204710430393,0.5767659756833327,0.6214692481781793,0.2368320599395866,840.0000160860001
SCHOOL_1332,0,0,0,0,0,0,0,0,0,0,1,791500.0,-17.588329999999992,14.75111,0.0,0.0,0.0,,0.0,0.0,1.173232,13.889183,7.779390306792922,1.411305417640196,0.8409160027026138,1.0379860572108657,0.2193772651242566,791.5000151572251
SCHOOL_1333,0,0,0,0,0,0,0,0,0,0,2,15582600.0,-17.584720000000008,14.688890000000002,0.0,0.0,0.0,,0.0,0.0,83.425255,67.40765,97.9572004162414,11.398038498128791,10.70213697277035,0.6214875959651894,4.393466875499384,15582.600298406789
SCHOOL_1334,0,0,0,0,0,0,0,0,0,0,1,2581700.0,-17.580278,14.933139,0.0,0.0,0.0,,0.0,0.0,15.428623,11.229061,17.115627158501187,2.0211888489630607,1.78599038888757,0.6520948916897906,0.8160483987451547,2581.7000494395547
SCHOOL_1335,0,0,0,0,0,0,0,0,0,0,2,5691900.0,-17.576562000000003,14.896195999999998,0.0,0.0,0.0,,0.0,0.0,8.721689,99.769352,56.195533145541106,10.155459966675368,5.924674161491805,1.0400899604859897,1.570094660647593,5691.900108999885
SCHOOL_1336,0,0,0,0,0,0,0,0,0,0,2,4360900.0,-17.568457000000002,14.606875999999998,0.0,0.0,0.0,,0.0,0.0,22.563958,18.874278,26.90247019986787,3.1222193367443314,3.001939036702558,0.6114746735708403,1.1787814532779526,4360.900083511235
SCHOOL_1337,0,0,0,0,0,0,0,0,0,0,1,1857800.0,-17.561377000000004,14.720457,0.0,0.0,0.0,,0.0,0.0,2.76764,32.559402,18.247112777023155,3.3095446020939083,1.9553102168288048,1.036501821967305,0.5137326481564249,1857.80003557687
SCHOOL_1338,0,0,0,0,0,0,0,0,0,0,2,6347200.0,-17.560198999999997,15.096045,0.0,0.0,0.0,,0.0,0.0,40.516803,29.315711,45.5827782323954,5.201907227664212,4.266244407423786,0.6994234528659303,2.0299374960193095,6347.20012154888
SCHOOL_1339,0,0,0,0,0,0,0,0,0,0,1,840000.0,-17.556637,14.861674,0.0,0.0,0.0,,0.0,0.0,1.287356,14.72389,8.293315436105766,1.4987308622728956,0.8743718202966142,1.0400978390540048,0.2317423710247577,840.0000160860001
SCHOOL_1340,0,0,0,0,0,0,0,0,0,0,1,840000.0,-17.52624,15.055891,0.0,0.0,0.0,,0.0,0.0,5.098148,3.693839,5.719702972200608,0.646890460195293,0.5694500266628736,0.6673175056661622,0.2412484783379391,840.0000160860001
SCHOOL_1341,0,0,0,0,0,0,0,0,0,0,1,3886900.0,-17.52611,15.003610000000002,0.0,0.0,0.0,,0.0,0.0,21.779336,17.862423,25.429363246226988,2.9630062922071407,2.6659890508951807,0.6464157466396943,1.0501014395180486,3886.900074434135
SCHOOL_1342,0,0,0,0,0,0,0,0,0,0,2,4243400.0,-17.524439999999995,14.72444,0.0,0.0,0.0,,0.0,0.0,6.419618,74.315133,41.74556347090432,7.559532971859416,4.4627858479254545,1.0376145905568264,1.1812304967400484,4243.40008126111
SCHOOL_1343,0,0,0,0,0,0,0,0,0,0,1,861500.0,-17.524198,14.56755,0.0,0.0,0.0,,0.0,0.0,3.465521,3.96175,4.7440914096729445,0.5798907871272211,0.6216853677839518,0.5596541050923759,0.1872858072289406,861.5000164977249
SCHOOL_1344,0,0,0,0,0,0,0,0,0,0,1,4072300.0,-17.51611000000001,14.635,0.0,0.0,0.0,,0.0,0.0,16.155553,22.965084,23.869845243992337,3.138766886636328,2.971808670217773,0.5978007018752824,0.9052909551722949,4072.300077984545
SCHOOL_1345,0,0,0,0,0,0,0,0,0,0,1,1956700.0,-17.511559999999996,14.794046,0.0,0.0,0.0,,0.0,0.0,2.879007,34.343665,19.22506355842964,3.4886102787073052,2.0715694239590956,1.037514000424498,0.5390429444864187,1956.7000374708052
SCHOOL_1346,0,0,0,0,0,0,0,0,0,0,2,15024200.0,-17.507918999999998,14.874423,0.0,0.0,0.0,,0.0,0.0,80.264618,72.360327,97.00280400943294,11.549696926227952,10.400941715651184,0.6408722471510164,3.955969102267351,15024.200287713431
SCHOOL_1347,0,0,0,0,0,0,0,0,0,0,1,840000.0,-17.504310999999998,14.941853000000002,0.0,0.0,0.0,,0.0,0.0,4.474512,3.71024,5.260321846550337,0.6126587893404947,0.5827800286318547,0.6218782016819782,0.2168308778927548,840.0000160860001
SCHOOL_1348,0,0,0,0,0,0,0,0,0,0,1,2387400.0,-17.4953,15.015331,0.0,0.0,0.0,,0.0,0.0,12.826157,10.490679,15.057533134317534,1.7421691273314377,1.6421552956440706,0.6249250912906599,0.6230503135870937,2387.4000457187094
SCHOOL_1349,0,0,0,0,0,0,0,0,0,0,2,3683900.0,-17.495010999999998,15.006511,0.0,0.0,0.0,,0.0,0.0,19.791457,16.18772,23.234589242861514,2.688264098612858,2.533767788551124,0.6249193529482606,0.9613956779242384,3683.900070546685
SCHOOL_1350,0,0,0,0,0,0,0,0,0,0,1,3849000.0,-17.492132,15.014399,0.0,0.0,0.0,,0.0,0.0,20.678655,16.913393,24.2768326648466,2.8087733256241236,2.648328436818113,0.6249486030367873,1.0051208812523489,3849.00007370835
SCHOOL_1351,0,0,0,0,0,0,0,0,0,0,2,1488699.9999999998,-17.489379999999997,14.585110000000002,0.0,0.0,0.0,,0.0,0.0,5.945349,7.115982,8.319764093269956,1.0257695911042797,1.0877083908625986,0.5684444255193686,0.3262790181834815,1488.7000285086046
SCHOOL_1352,0,0,0,0,0,0,0,0,0,0,1,723100.0,-17.482296999999992,14.28513,0.0,0.0,0.0,,0.0,0.0,3.15509,3.735685,4.267651864600484,0.5598490590305677,0.5403763112228045,0.598021522286136,0.2032301095124681,723.100013847365
SCHOOL_1353,0,0,0,0,0,0,0,0,0,0,2,1652400.0,-17.46108,14.55268,0.0,0.0,0.0,,0.0,0.0,6.599099,7.89843,9.234259200135352,1.1385591555460246,1.2071162407494884,0.568430184391561,0.3618736338899678,1652.40003164346
SCHOOL_1354,0,0,0,0,0,0,0,0,0,0,1,3797200.0,-17.454692,14.390739000000002,0.0,0.0,0.0,,0.0,0.0,14.753721,18.940125,21.275178343972495,2.6695959214223284,2.7564256887424343,0.5705889966325252,0.8242942908753453,3797.20007271638
SCHOOL_1355,0,0,0,0,0,0,0,0,0,0,2,20203000.0,-17.440629001251423,14.355923002543982,0.0,0.0,0.0,,0.0,0.0,98.686669,92.025514,122.75886920116876,14.886956830943795,14.225241602032924,0.606994061800769,5.408789771527623,20203.00038688745
SCHOOL_1356,0,0,0,0,0,0,0,0,0,0,1,877300.0,-17.436650999999994,14.067512,0.0,0.0,0.0,,0.0,0.0,3.760983,4.868973,5.344860223151971,0.710205314202683,0.6476208631533598,0.6160942641575946,0.2473218515728723,877.3000168002949
SCHOOL_1357,0,0,0,0,0,0,0,0,0,0,1,7943500.0,-17.4353,14.439170000000004,0.0,0.0,0.0,,0.0,0.0,36.976931,38.075606,47.922390004127166,5.8227746888503376,5.596446711852434,0.6046792554335869,1.9745706661351576,7943.500152118026
SCHOOL_1358,0,0,0,0,0,0,0,0,0,0,2,7503400.000000001,-17.43478250072108,14.42147099947054,0.0,0.0,0.0,,0.0,0.0,34.927931,35.966284,45.267161932184514,5.500227624528272,5.286667407126001,0.6046808736589855,1.865222642569047,7503.40014369011
SCHOOL_1359,0,0,0,0,0,0,0,0,0,0,2,2638200.0,-17.44953,15.07218,0.0,0.0,0.0,,0.0,0.0,15.035464,11.883302,17.34694201099367,2.103046478091686,1.8539196604703323,0.6488388355168762,0.8597124193453751,2638.2000505215296
SCHOOL_1360,0,0,0,0,0,0,0,0,0,0,2,20599200.0,-17.449170000000002,14.62833,0.0,0.0,0.0,,0.0,0.0,102.503798,106.761913,132.02029888007905,16.143126356759694,14.367315905560329,0.6392082968599989,5.27075405434398,20599.20039447468
SCHOOL_1361,0,0,0,0,0,0,0,0,0,0,2,20783000.0,-17.448394,14.746815,0.0,0.0,0.0,,0.0,0.0,94.084294,105.811271,127.16168631460152,15.863003586780131,14.842495936594116,0.6143792154989329,5.367049954133663,20783.00039799445
SCHOOL_1362,0,0,0,0,0,0,0,0,0,0,1,840000.0,-17.44611,14.65778,0.0,0.0,0.0,,0.0,0.0,4.114684,4.152788,5.249068839936431,0.6351459060897617,0.5856118880106848,0.6238812853099629,0.2108011147088964,840.0000160860001
SCHOOL_1363,0,0,0,0,0,0,0,0,0,0,1,1678000.0,-17.44411,14.88243,0.0,0.0,0.0,,0.0,0.0,9.497709,6.95938,10.668064598750032,1.2117149567460532,1.1454933705000507,0.6276023263243596,0.4475512815295512,1678.0000321337
SCHOOL_1364,0,0,0,0,0,0,0,0,0,0,2,8372500.0,-17.43326,14.9876,0.0,0.0,0.0,,0.0,0.0,47.722269,36.657501,54.40019204584579,6.252058866879723,5.769387796923567,0.6415649004989165,2.268009422961189,8372.500160333375
SCHOOL_1365,0,0,0,0,0,0,0,0,0,0,2,1680000.0,-17.432779999999994,14.581110000000002,0.0,0.0,0.0,,0.0,0.0,5.710214,10.844139,10.031937328457294,1.373508986882074,1.2808802878811263,0.6140946212588126,0.3646429873020372,1680.0000321720001
SCHOOL_1366,0,0,0,0,0,0,0,0,0,0,2,8132700.000000001,-17.430296999999992,15.029893,0.0,0.0,0.0,,0.0,0.0,41.165834,36.991199,50.32280520048948,5.913167317414197,5.68497153732513,0.6163473476883164,2.05418308590471,8132.700155741207
SCHOOL_1367,0,0,0,0,0,0,0,0,0,0,2,3887000.0,-17.41978,14.82359,0.0,0.0,0.0,,0.0,0.0,21.967419,16.120229,24.76481441506842,2.8049258010951794,2.6318554948267607,0.6281740146611873,1.0394157400260702,3887.0000744360505
SCHOOL_1368,0,0,0,0,0,0,0,0,0,0,1,3092000.0,-17.415299999999995,14.9322,0.0,0.0,0.0,,0.0,0.0,20.159238,12.823406,21.535201963245576,2.399059518483648,2.070644186343421,0.6787618129506338,0.9390598349691092,3092.0000592118
SCHOOL_1369,0,0,0,0,0,0,0,0,0,0,1,2038200.0,-17.407756,15.084771000000002,0.0,0.0,0.0,,0.0,0.0,11.616156,9.180532,13.401644730239026,1.6247523074380503,1.4317499797972095,0.6488172755228601,0.6640544075108109,2038.20003903153
SCHOOL_1370,0,0,0,0,0,0,0,0,0,0,2,5857900.0,-17.406999999999996,14.87136,0.0,0.0,0.0,,0.0,0.0,33.156907,24.295419,37.24498418403625,4.23009541218577,3.999853391739706,0.6276218889909574,1.564723076087276,5857.900112178785
SCHOOL_1371,0,0,0,0,0,0,0,0,0,0,1,1459700.0,-17.4068,14.79215,0.0,0.0,0.0,,0.0,0.0,7.726951,6.320233,9.056912645204454,1.083722899389786,1.0156397403474848,0.6152709893664957,0.429837350613575,1459.700027953255
SCHOOL_1372,0,0,0,0,0,0,0,0,0,0,1,1211300.0,-17.40056,14.75528,0.0,0.0,0.0,,0.0,0.0,6.41192,5.244755,7.515637351245148,0.8992928492041861,0.842731750799006,0.615262602396989,0.3566842443796259,1211.300023196395
SCHOOL_1373,0,0,0,0,0,0,0,0,0,0,1,2200700.0,-17.470070000000003,15.756498,0.0,0.0,0.0,,0.0,0.0,8.157829,12.110068,12.612376923324735,1.634225247051902,1.7197103266492868,0.5891260851561492,0.481905633932181,2200.700042143405
SCHOOL_1374,0,0,0,0,0,0,0,0,0,0,1,5534900.0,-17.462755999999995,15.790951000000002,0.0,0.0,0.0,,0.0,0.0,20.487741,30.489598,31.71925014247389,4.110186509413256,4.323938864485947,0.589102341932317,1.2106802650727562,5534.900105993334
SCHOOL_1375,0,0,0,0,0,0,0,0,0,0,1,5570600.0,-17.461593999999995,15.461097,0.0,0.0,0.0,,0.0,0.0,23.588301,25.717732,30.943241200902538,3.826176773151277,4.115794165164929,0.566060513991492,1.2243451043178213,5570.600106676989
SCHOOL_1376,0,0,0,0,0,0,0,0,0,0,2,1680000.0,-17.459999999999994,15.64222,0.0,0.0,0.0,,0.0,0.0,6.365713,7.797937,8.951739847826484,1.1375169111682113,1.2797116676169071,0.5478137764715074,0.3771964741284366,1680.0000321720001
SCHOOL_1377,0,0,0,0,0,0,0,0,0,0,2,1718200.0,-17.458610000000004,15.535,0.0,0.0,0.0,,0.0,0.0,8.267867,8.942867,10.70245255907854,1.379901446102759,1.270317002325235,0.6267747719246224,0.4906060013982808,1718.20003290353
SCHOOL_1378,0,0,0,0,0,0,0,0,0,0,2,6150000.0,-17.45555999999999,15.74111,0.0,0.0,0.0,,0.0,0.0,35.047319,31.363885,42.32517290932093,5.021748320822554,4.401704353978678,0.6810067176583855,1.727669352459222,6150.000117772499
SCHOOL_1379,0,0,0,0,0,0,0,0,0,0,1,5775600.0,-17.453051,15.787164000000002,0.0,0.0,0.0,,0.0,0.0,21.384978,31.808695,33.09883756286842,4.288922208227623,4.51198418319656,0.5891026294694243,1.2635011180755198,5775.600110602739
SCHOOL_1380,0,0,0,0,0,0,0,0,0,0,1,3132200.0,-17.462499999999995,16.18889,0.0,0.0,0.0,,0.0,0.0,8.249667,21.50712,17.45138905689016,2.5494705129029467,2.68294496468197,0.5903775316220038,0.5984292121918497,3132.2000599816297
SCHOOL_1381,0,0,0,0,0,0,0,0,0,0,1,7185000.0,-17.454399999999993,15.908580000000002,0.0,0.0,0.0,,0.0,0.0,17.767135,53.292596,41.90985989471601,6.167069652702571,6.331063621924338,0.6175059562771481,1.4180563754650748,7185.00013759275
SCHOOL_1382,0,0,0,0,0,0,0,0,0,0,2,18998699.999999996,-17.45283050107497,15.870369002087704,0.0,0.0,0.0,,0.0,0.0,103.951231,96.495692,127.19448539387452,15.230873156521746,13.633632943380894,0.665037270413335,5.156869108095541,18998.7003638251
SCHOOL_1383,0,0,0,0,0,0,0,0,0,0,2,2731500.0,-17.452219999999997,15.937780000000002,0.0,0.0,0.0,,0.0,0.0,6.754504,20.26,15.932714325610307,2.3445148285046304,2.406887787547836,0.6175047652578899,0.5391297210319856,2731.500052308225
SCHOOL_1384,0,0,0,0,0,0,0,0,0,0,1,5522000.0,-17.450076000000003,15.970382000000004,0.0,0.0,0.0,,0.0,0.0,18.831188,37.123355,33.88333788847313,4.661430559165607,4.427016295897441,0.6330537250793192,1.2212109097357342,5522.0001057463005
SCHOOL_1385,0,0,0,0,0,0,0,0,0,0,1,8632700.0,-17.44760000000001,15.893340000000002,0.0,0.0,0.0,,0.0,0.0,46.252584,43.309988,56.807566063418115,6.813120481081883,6.184598483246094,0.6547311048887846,2.300415754185446,8632.700165316206
SCHOOL_1386,0,0,0,0,0,0,0,0,0,0,2,3657200.0,-17.447220000000005,16.28972,0.0,0.0,0.0,,0.0,0.0,15.322674,21.081172,22.27870563030048,2.909163607854483,2.851788379256151,0.6224451925817894,0.8517800128300688,3657.2000700353797
SCHOOL_1387,0,0,0,0,0,0,0,0,0,0,2,1441100.0,-17.44444,16.13056,0.0,0.0,0.0,,0.0,0.0,7.440101,7.466599,9.452121701848927,1.1443522461449294,1.0500992510966816,0.6546267741319688,0.3794417760117539,1441.1000275970648
SCHOOL_1388,0,0,0,0,0,0,0,0,0,0,2,4525900.0,-17.441311000000002,16.636785,0.0,0.0,0.0,,0.0,0.0,17.58526,27.042849,27.73518067398799,3.614634564380273,3.575817860147569,0.6267961887721336,1.044589491704371,4525.900086670985
SCHOOL_1389,0,0,0,0,0,0,0,0,0,0,2,16808600.0,-17.441281999999998,16.065165,0.0,0.0,0.0,,0.0,0.0,63.238083,106.849957,103.21827871792604,13.92709953742186,13.25562834409476,0.6305010062601726,3.82750224598906,16808.60032188469
SCHOOL_1390,0,0,0,0,0,0,0,0,0,0,2,4727800.0,-17.434169999999995,16.23806,0.0,0.0,0.0,,0.0,0.0,22.582644,27.578394,31.456772781316808,4.091651172081948,3.648698432840426,0.6696225436050056,1.3864290982617178,4727.800090537369
SCHOOL_1391,0,0,0,0,0,0,0,0,0,0,1,1705000.0,-17.43389,16.37972,0.0,0.0,0.0,,0.0,0.0,11.43137,9.976372,13.50834482683464,1.6383694850423702,1.232705485256527,0.7742923720380501,0.6122101525727481,1705.0000326507502
SCHOOL_1392,0,0,0,0,0,0,0,0,0,0,1,5041000.0,-17.429806000000003,16.044857,0.0,0.0,0.0,,0.0,0.0,20.047644,28.271042,29.781097645349877,3.941361018972022,3.8645464915922383,0.6040190225624941,1.221234821681941,5041.00009653515
SCHOOL_1393,0,0,0,0,0,0,0,0,0,0,1,1628400.0,-17.451915999999994,16.770415,0.0,0.0,0.0,,0.0,0.0,9.547471,8.571599,11.540007848692388,1.3706817188919336,1.1878103274532663,0.7007050320700452,0.4708236295153628,1628.4000311838597
SCHOOL_1394,0,0,0,0,0,0,0,0,0,0,2,7407000.0,-17.43667,16.70083,0.0,0.0,0.0,,0.0,0.0,13.112331,129.462183,74.75472099031875,13.27928908729322,7.511008935758787,1.0561344391166034,2.114873067205519,7407.00014184405
SCHOOL_1395,0,0,0,0,0,0,0,0,0,0,1,840000.0,-17.425999999999995,18.22667,0.0,0.0,0.0,,0.0,0.0,2.780529,4.576991,4.518527196482073,0.6007044269747006,0.7036547603463033,0.563695421810759,0.1676694165414553,840.0000160860001
SCHOOL_1396,0,0,0,0,0,0,0,0,0,0,1,840000.0,-17.425248,18.173242,0.0,0.0,0.0,,0.0,0.0,3.911635,4.100893,5.06902424525064,0.649676567223765,0.6771793745015098,0.613692241484704,0.2390752131611111,840.0000160860001
SCHOOL_1397,0,0,0,0,0,0,0,0,0,0,1,1188000.0,-17.417810999999993,17.396749,0.0,0.0,0.0,,0.0,0.0,4.522194,7.10757,7.145929537553024,0.9443731540961542,0.9484163282039516,0.6182253018699808,0.2669195676906053,1188.0000227502
SCHOOL_1398,0,0,0,0,0,0,0,0,0,0,2,2081800.0,-17.413116,16.966208,0.0,0.0,0.0,,0.0,0.0,3.127224,36.712413,20.691924417980527,3.732180460587799,2.2190870171095507,1.0484339921303674,0.5753201669314374,2081.80003986647
SCHOOL_1399,0,0,0,0,0,0,0,0,0,0,2,6551500.0,-17.409439999999996,17.12417,0.0,0.0,0.0,,0.0,0.0,11.675934,114.299165,65.99657562153999,11.730362323978476,6.644820110423775,1.0543964614637094,1.8686778259581205,6551.500125461225
SCHOOL_1400,0,0,0,0,0,0,0,0,0,0,2,7113500.0,-17.428713,16.158827,0.0,0.0,0.0,,0.0,0.0,41.754449,32.859998,48.146581542095205,5.730800606358772,5.152100756879985,0.6688431039865355,2.2053172756955473,7113.500136223525
SCHOOL_1401,0,0,0,0,0,0,0,0,0,0,1,2918600.0,-17.428471999999992,16.032811,0.0,0.0,0.0,,0.0,0.0,11.606669,16.368578,17.242652205827984,2.281654869643317,2.2372167759589106,0.6040192514263721,0.7067375961158852,2918.6000558911896
SCHOOL_1402,0,0,0,0,0,0,0,0,0,0,1,1687100.0,-17.428144,15.851299,0.0,0.0,0.0,,0.0,0.0,9.039167,8.464098,11.101947477762597,1.3314916784473068,1.2073687857945776,0.6546656160973916,0.4495614632309908,1687.100032307965
SCHOOL_1403,0,0,0,0,0,0,0,0,0,0,1,4439600.0,-17.424999999999997,15.91056,0.0,0.0,0.0,,0.0,0.0,12.537234,24.93112,22.72685599342899,3.124304810674473,3.6862169026775984,0.5417048872928382,0.8142271565108413,4439.600085018339
SCHOOL_1404,0,0,0,0,0,0,0,0,0,0,2,9405100.0,-17.422725,16.116819,0.0,0.0,0.0,,0.0,0.0,48.55647,48.730547,61.688965386003055,7.468534521248836,6.854158899064319,0.6546415720315824,2.4769331279964857,9405.100180107664
SCHOOL_1405,0,0,0,0,0,0,0,0,0,0,1,1962200.0,-17.422207999999998,16.495273,0.0,0.0,0.0,,0.0,0.0,12.274897,11.23247,14.889517991785468,1.7926166344582235,1.412234115325678,0.7450836664124401,0.6331805786991669,1962.20003757613
SCHOOL_1406,0,0,0,0,0,0,0,0,0,0,1,3091300.0,-17.421267,16.194867,0.0,0.0,0.0,,0.0,0.0,18.145133,14.279858,20.922236278899504,2.4911385044188035,2.240312054900629,0.6688742421662771,0.958568944476414,3091.3000591983955
SCHOOL_1407,0,0,0,0,0,0,0,0,0,0,2,8891600.0,-17.416661999999995,15.944338999999998,0.0,0.0,0.0,,0.0,0.0,25.110317,49.931425,45.51712644451025,6.257334394673009,7.381273069787069,0.5416903624397366,1.6307502445904638,8891.60017027414
SCHOOL_1408,0,0,0,0,0,0,0,0,0,0,2,10600700.0,-17.41613500006621,15.996515000297896,0.0,0.0,0.0,,0.0,0.0,29.736618,64.680485,56.63678077379326,7.947562802762745,8.835254550468852,0.5640992604630525,2.00030416880094,10600.700203003405
SCHOOL_1409,0,0,0,0,0,0,0,0,0,0,1,2274800.0,-17.41583,16.56444,0.0,0.0,0.0,,0.0,0.0,8.296837,13.625241,13.5613662609377,1.789496021603399,1.8400993254705704,0.6141131946256378,0.5063106311746902,2274.8000435624203
SCHOOL_1410,0,0,0,0,0,0,0,0,0,0,2,24000000.0,-17.413474000000004,15.886326,0.0,0.0,0.0,,0.0,0.0,128.587303,120.41038,157.93475869617632,18.941522139622297,17.184892908251346,0.6547060674460876,6.396259175384041,24000.0004596
SCHOOL_1411,0,0,0,0,0,0,0,0,0,0,2,9750800.0,-17.41173,16.438344,0.0,0.0,0.0,,0.0,0.0,64.254676,59.657836,78.12879796329516,9.696573777148824,6.956989235543952,0.7834783974494267,3.5407902659786887,9750.80018672782
SCHOOL_1412,0,0,0,0,0,0,0,0,0,0,1,3626300.0,-17.410196,15.863968,0.0,0.0,0.0,,0.0,0.0,19.429114,18.193035,23.86298672462428,2.861960551285905,2.595780031672867,0.6546827595222029,0.9663501219658458,3626.300069443645
SCHOOL_1413,0,0,0,0,0,0,0,0,0,0,1,3773000.0,-17.409469999999992,16.30634,0.0,0.0,0.0,,0.0,0.0,20.090782,22.31819,26.710610548629152,3.37483496372428,2.8533428140515116,0.7052284154499127,1.159652295647233,3773.0000722529503
SCHOOL_1414,0,0,0,0,0,0,0,0,0,0,2,8336100.0,-17.408012999999997,15.939903,0.0,0.0,0.0,,0.0,0.0,23.542026,46.812186,42.67384903389254,5.866423484927617,6.921039944553087,0.5417041287395904,1.5288140369661067,8336.100159636315
SCHOOL_1415,0,0,0,0,0,0,0,0,0,0,1,3959300.0,-17.405990000000003,16.06914,0.0,0.0,0.0,,0.0,0.0,14.886484,25.174451,24.31307646938529,3.2805186454734705,3.1220654094229294,0.6304958763081215,0.901256092278627,3959.3000758205953
SCHOOL_1416,0,0,0,0,0,0,0,0,0,0,1,2535500.0,-17.403720999999997,15.935869,0.0,0.0,0.0,,0.0,0.0,7.160485,14.238204,12.97953826568866,1.7843218680826458,2.1048315897349283,0.5416925652239769,0.4649860688599596,2535.5000485548253
SCHOOL_1417,0,0,0,0,0,0,0,0,0,0,1,1857400.0,-17.502099999999995,15.59906,0.0,0.0,0.0,,0.0,0.0,7.842991,9.07484,10.582465371262302,1.3229145281622017,1.3772253821030498,0.5800088269303599,0.4159542509623913,1857.40003556921
SCHOOL_1418,0,0,0,0,0,0,0,0,0,0,2,3875100.0,-17.498604000000004,15.419043,0.0,0.0,0.0,,0.0,0.0,14.778794,18.460802,20.71951139936188,2.6245969745688873,2.896583328944449,0.549622272857122,0.8032918929485094,3875.1000742081646
SCHOOL_1419,0,0,0,0,0,0,0,0,0,0,1,1876000.0,-17.493451999999998,15.460628000000002,0.0,0.0,0.0,,0.0,0.0,7.943731,8.66093,10.420654413955292,1.2885328583014293,1.3864434721115175,0.5660759218757367,0.412309438981237,1876.0000359254
SCHOOL_1420,0,0,0,0,0,0,0,0,0,0,1,661100.0,-17.483609999999995,15.538060000000002,0.0,0.0,0.0,,0.0,0.0,3.185879,3.435827,4.1294178355916,0.5280630660216005,0.4879378654681378,0.6280304320130722,0.1866560907365028,661.100012660065
SCHOOL_1421,0,0,0,0,0,0,0,0,0,0,1,2558200.0,-17.47806,15.70278,0.0,0.0,0.0,,0.0,0.0,14.578446,13.046656,17.606475831202648,2.08891564695603,1.8321054289426832,0.6810541014461823,0.7189580752484253,2558.2000489895304
SCHOOL_1422,0,0,0,0,0,0,0,0,0,0,2,15358000.0,-17.47444,15.576670000000002,0.0,0.0,0.0,,0.0,0.0,78.275594,79.621101,97.99135136478856,13.13828714021227,11.658290296894846,0.6415425882495579,5.112542362914033,15358.000294105697
SCHOOL_1423,0,0,0,0,0,0,0,0,0,0,2,14142800.0,-17.47028,15.49972,0.0,0.0,0.0,,0.0,0.0,59.887564,65.292633,78.55994564107638,9.714031700262296,10.45511029454878,0.5660978308790902,3.108288560756443,14142.800270834621
SCHOOL_1424,0,0,0,0,0,0,0,0,0,0,1,1911400.0,-17.505927999999994,15.160439999999998,0.0,0.0,0.0,,0.0,0.0,12.088422,9.237281,13.689404142103152,1.5814593302089155,1.290881490743969,0.700320664297206,0.5744863264320078,1911.4000366033101
SCHOOL_1425,0,0,0,0,0,0,0,0,0,0,2,3554600.0000000005,-17.505570000000002,15.10467,0.0,0.0,0.0,,0.0,0.0,21.515788,16.397056,24.54425909475855,2.8075004943248127,2.4064443399346076,0.6767565169044805,1.0273416012442358,3554.600068070591
SCHOOL_1426,0,0,0,0,0,0,0,0,0,0,2,3734399.999999999,-17.484618999999995,15.202495,0.0,0.0,0.0,,0.0,0.0,6.871868,118.930821,63.931100514742184,11.906875708302726,3.694950611112043,1.7447190440010978,1.7164052438617046,3734.4000715137586
SCHOOL_1427,0,0,0,0,0,0,0,0,0,0,2,3302000.0,-17.47528,15.260279999999998,0.0,0.0,0.0,,0.0,0.0,5.393685,57.71558,32.81852089012999,5.894540760871503,3.383096433524795,1.0440450827079326,0.9222776362526596,3302.0000632333
SCHOOL_1428,0,0,0,0,0,0,0,0,0,0,2,1825600.0,-17.467499999999998,15.28722,0.0,0.0,0.0,,0.0,0.0,2.982086,31.910083,18.14488605296396,3.258967225437771,1.8690620376397429,1.0439951482904186,0.5099107522457728,1825.6000349602398
SCHOOL_1429,0,0,0,0,0,0,0,0,0,0,1,840000.0,-17.462956,15.207813,0.0,0.0,0.0,,0.0,0.0,1.54592,26.751366,14.379906416565037,2.6782912615784538,0.830117405487872,1.7446125409542983,0.3856672685948593,840.0000160860001
SCHOOL_1430,0,0,0,0,0,0,0,0,0,0,2,4424900.0,-17.519306,15.316382000000004,0.0,0.0,0.0,,0.0,0.0,23.580599,19.907916,27.88022737086575,3.2630743028558573,3.106921622190685,0.6263927257610934,1.1465914069750414,4424.900084736834
SCHOOL_1431,0,0,0,0,0,0,0,0,0,0,2,2458200.0,-17.516688,15.395013,0.0,0.0,0.0,,0.0,0.0,10.56896,11.607572,14.005935432192324,1.722399785256689,1.7831632912700583,0.5774189207977871,0.5590004615397094,2458.2000470745297
SCHOOL_1432,0,0,0,0,0,0,0,0,0,0,1,2222000.0,-17.481831999999997,15.319824000000002,0.0,0.0,0.0,,0.0,0.0,4.08492,70.764188,38.03701320027449,7.08473544277934,2.15498869541219,1.7430263256115568,1.0201616835199236,2222.0000425513
SCHOOL_1433,0,0,0,0,0,0,0,0,0,0,2,1641900.0,-17.481669999999994,15.37389,0.0,0.0,0.0,,0.0,0.0,6.734694,7.596137,9.02735343295317,1.116959017577393,1.1873685530570546,0.5597097287745815,0.3559100192451133,1641.900031442385
SCHOOL_1434,0,0,0,0,0,0,0,0,0,0,2,8960700.0,-17.45167,15.32917,0.0,0.0,0.0,,0.0,0.0,16.492698,285.375479,153.3957020345372,28.570984174820385,8.701008984396541,1.743150090613007,4.114711952141883,8960.700171597406
SCHOOL_1435,0,0,0,0,0,0,0,0,0,0,1,10900100.0,-17.44860999999999,15.33083,0.0,0.0,0.0,,0.0,0.0,46.768009,55.698595,63.85818043075595,8.04206411773858,8.053791657189882,0.5950349507730526,2.4903006872973408,10900.100208736914
SCHOOL_1436,0,0,0,0,0,0,0,0,0,0,1,840000.0,-17.487749999999995,15.07352,0.0,0.0,0.0,,0.0,0.0,4.777886,3.854764,5.564506024798057,0.667804532203991,0.5868571093463407,0.6529875362445305,0.268136645876209,840.0000160860001
SCHOOL_1437,0,0,0,0,0,0,0,0,0,0,2,2529800.0,-17.47361,14.72222,0.0,0.0,0.0,,0.0,0.0,13.154377,11.427833,15.768875414499794,1.9371730038689663,1.7787170855312713,0.619410236398327,0.7697563237868944,2529.80004844567
SCHOOL_1438,0,0,0,0,0,0,0,0,0,0,1,840000.0,-17.467219999999998,14.81444,0.0,0.0,0.0,,0.0,0.0,4.489268,3.483662,5.187466236779785,0.5915510915628561,0.5732772736373354,0.6116230928872738,0.2162481509475365,840.0000160860001
SCHOOL_1439,0,0,0,0,0,0,0,0,0,0,1,840000.0,-17.467171999999994,14.863581999999996,0.0,0.0,0.0,,0.0,0.0,1.305336,14.707859,8.296102563547604,1.498145938025903,0.8694475443450452,1.0396612721992264,0.2334001108209873,840.0000160860001
SCHOOL_1440,0,0,0,0,0,0,0,0,0,0,1,1222200.0,-17.460507,14.951399,0.0,0.0,0.0,,0.0,0.0,6.893336,5.363241,7.915784390178896,0.909680410749058,0.8424823069256222,0.6397363400013862,0.329626532691994,1222.20002340513
SCHOOL_1441,0,0,0,0,0,0,0,0,0,0,2,3191100.0,-17.459255999999996,14.916256000000002,0.0,0.0,0.0,,0.0,0.0,20.391688,13.234536,21.935328400990997,2.440820642728206,2.144838009296316,0.6711719343618309,0.9410377299781872,3191.1000611095656
SCHOOL_1442,0,0,0,0,0,0,0,0,0,0,1,840000.0,-17.459007,15.080111,0.0,0.0,0.0,,0.0,0.0,4.778048,3.854754,5.564752410421932,0.6678037502357509,0.5870679365284618,0.6530196794991312,0.2682706027825339,840.0000160860001
SCHOOL_1443,0,0,0,0,0,0,0,0,0,0,4,15609800.0,-17.448144751836825,15.667979502937811,0.0,0.0,0.0,,0.0,0.0,25.271741,273.670794,155.5395190417556,27.931614030645157,16.23887353213787,1.0477763144747745,4.369912104920508,15609.800298927672
SCHOOL_1444,0,0,0,0,0,0,0,0,0,0,1,724700.0,-17.448059999999998,15.622780000000002,0.0,0.0,0.0,,0.0,0.0,2.476644,4.286684,4.093232803198569,0.5563262381208052,0.5706192688860591,0.5854735797055752,0.1527100052356767,724.700013878005
SCHOOL_1445,0,0,0,0,0,0,0,0,0,0,2,2720000.0,-17.446371500175225,15.414658499392354,0.0,0.0,0.0,,0.0,0.0,11.252015,12.668264,15.093080776612055,1.863934718702224,1.9896532020411468,0.5649150301366708,0.5949175386924654,2720.000052088
SCHOOL_1446,0,0,0,0,0,0,0,0,0,0,2,5639900.0,-17.42943,15.586101,0.0,0.0,0.0,,0.0,0.0,26.654613,30.985301,35.49706239962473,4.837969057911546,4.321661879953911,0.6363142643527766,1.795077382907304,5639.900108004084
SCHOOL_1447,0,0,0,0,0,0,0,0,0,0,2,4592100.0,-17.42778,15.720829999999998,0.0,0.0,0.0,,0.0,0.0,13.614306,30.70295,26.293736635151507,3.7444236079552753,3.835736249656301,0.600731854371023,0.9267750777781943,4592.100087938716
SCHOOL_1448,0,0,0,0,0,0,0,0,0,0,2,13817200.0,-17.459719999999997,15.134460000000002,0.0,0.0,0.0,,0.0,0.0,21.423433,241.93333,136.8880533616925,24.641924309409283,14.27134718335131,1.0421968900592131,3.8144540653802954,13817.200264599382
SCHOOL_1449,0,0,0,0,0,0,0,0,0,0,1,2183000.0,-17.4586,15.17167,0.0,0.0,0.0,,0.0,0.0,3.874222,38.014375,21.818976147865953,3.900884294845812,2.103620981174692,1.043573799724221,0.6151204509775048,2183.00004180445
SCHOOL_1450,0,0,0,0,0,0,0,0,0,0,1,10725100.0,-17.44971,15.242551999999998,0.0,0.0,0.0,,0.0,0.0,18.753275,186.814118,107.07524130591456,19.152458082564095,10.682487248241037,1.045242546443368,3.0214919602802004,10725.100205385665
SCHOOL_1451,0,0,0,0,0,0,0,0,0,0,1,840000.0,-17.429385,15.247363000000002,0.0,0.0,0.0,,0.0,0.0,1.468964,14.631118,8.386221096324944,1.5000387035637028,0.8362755685468044,1.0452042865025737,0.236629706302372,840.0000160860001
SCHOOL_1452,0,0,0,0,0,0,0,0,0,0,2,4154300.0,-17.42463,15.20779,0.0,0.0,0.0,,0.0,0.0,7.265083,72.364109,41.47580173219783,7.418682270539088,4.139986459687409,1.0452995865713337,1.1706969271977414,4154.300079554845
SCHOOL_1453,0,0,0,0,0,0,0,0,0,0,1,2481400.0,-17.417270999999996,15.178329,0.0,0.0,0.0,,0.0,0.0,12.74132,11.849177,15.777573248043064,1.8689305651531272,1.7460051620763477,0.6327172129037084,0.6411863824063813,2481.4000475188104
SCHOOL_1454,0,0,0,0,0,0,0,0,0,0,2,6266600.0,-17.4136,15.12778,0.0,0.0,0.0,,0.0,0.0,9.589568,109.824171,62.04159478943424,11.178321297903556,6.516987876245774,1.042265026397564,1.729537297316914,6266.600120005391
SCHOOL_1455,0,0,0,0,0,0,0,0,0,0,1,710500.0,-17.425,15.777500000000002,0.0,0.0,0.0,,0.0,0.0,2.639085,3.948208,4.049101460448279,0.5317868721493205,0.5502027760630276,0.5867307237010783,0.1522485802082824,710.5000136060751
SCHOOL_1456,0,0,0,0,0,0,0,0,0,0,2,6811900.0,-17.423609999999996,15.611389999999998,0.0,0.0,0.0,,0.0,0.0,23.281989,40.292468,38.47564268582644,5.229297532027054,5.365257815434494,0.585502970131232,1.4355627576044627,6811.900130447885
SCHOOL_1457,0,0,0,0,0,0,0,0,0,0,1,2859400.0,-17.421059999999997,15.75852,0.0,0.0,0.0,,0.0,0.0,10.62098,15.88945,16.295469590454985,2.1401665766588653,2.213358776448828,0.5867026287972107,0.6126534546803453,2859.40005475751
SCHOOL_1458,0,0,0,0,0,0,0,0,0,0,2,10821599.999999998,-17.420560000000002,15.55056,0.0,0.0,0.0,,0.0,0.0,51.145227,59.449092,68.11797532765839,9.253797808864984,8.266135031157091,0.635979368596676,3.4401482382182516,10821.60020723364
SCHOOL_1459,0,0,0,0,0,0,0,0,0,0,2,15571800.0,-17.418755000195226,15.470000001029936,0.0,0.0,0.0,,0.0,0.0,65.047041,73.41995,87.0955394725299,10.79323412354279,11.328440716694857,0.5688258823824702,3.427451285083719,15571.800298199969
SCHOOL_1460,0,0,0,0,0,0,0,0,0,0,1,3713500.0,-17.41945,15.64889,0.0,0.0,0.0,,0.0,0.0,12.691792,21.966443,20.975212147577302,2.8508535094653396,2.9255226566370833,0.5855248532170908,0.7826472870870776,3713.500071113525
SCHOOL_1461,0,0,0,0,0,0,0,0,0,0,1,4414700.0,-17.416899000000004,15.506026,0.0,0.0,0.0,,0.0,0.0,17.893876,23.912332,25.9376727573207,3.3289154791268523,3.312778484053679,0.5990287550998477,0.9948420934112608,4414.700084541504
SCHOOL_1462,0,0,0,0,0,0,0,0,0,0,2,6161600.0,-17.415830000000003,15.81556,0.0,0.0,0.0,,0.0,0.0,23.354752,34.959677,35.68605414784917,4.708003433022202,4.747568692702763,0.5952084001848699,1.3402223182753148,6161.60011799464
SCHOOL_1463,0,0,0,0,0,0,0,0,0,0,1,4734000.0,-17.414199999999994,15.41546,0.0,0.0,0.0,,0.0,0.0,19.583737,22.048605,26.26894060946209,3.244091538699655,3.4589674157969843,0.5648509956821768,1.035476677858998,4734.000090656101
SCHOOL_1464,0,0,0,0,0,0,0,0,0,0,1,3012800.0,-17.41095,15.6858,0.0,0.0,0.0,,0.0,0.0,4.877038,52.820238,30.019700233327317,5.39097873673092,3.133900609294438,1.0477621923505072,0.8430904816241434,3012.8000576951194
SCHOOL_1465,0,0,0,0,0,0,0,0,0,0,2,2745600.0,-17.412166,15.282308000000002,0.0,0.0,0.0,,0.0,0.0,4.465109,48.01488,27.26985294541299,4.902047098474435,2.838412454551236,1.044148046112472,0.7710166717535383,2745.6000525782397
SCHOOL_1466,0,0,0,0,0,0,0,0,0,0,2,3877900.0,-17.4076,15.24113,0.0,0.0,0.0,,0.0,0.0,6.781455,67.545939,38.71563792773314,6.925034529687352,3.8610558877784777,1.0452175691020666,1.0924303429367936,3877.9000742617845
SCHOOL_1467,0,0,0,0,0,0,0,0,0,0,1,6880800.0,-17.43639,15.3265,0.0,0.0,0.0,,0.0,0.0,29.522944,35.160684,40.311855467351286,5.076691284587222,5.085604731176506,0.5950592753128378,1.5723743923805618,6880.800131767319
SCHOOL_1468,0,0,0,0,0,0,0,0,0,0,1,4835300.0,-17.434642,15.376992,0.0,0.0,0.0,,0.0,0.0,20.835777,24.5196,28.535379461949574,3.554300839502207,3.520568212363389,0.5972829986584897,1.1174004462176013,4835.300092595995
SCHOOL_1469,0,0,0,0,0,0,0,0,0,0,2,5069900.0,-17.420122999999997,15.339672,0.0,0.0,0.0,,0.0,0.0,21.75314,25.906398,29.70184381537658,3.740541452503969,3.7447297072639194,0.595012205117872,1.1582363247134575,5069.9000970885845
SCHOOL_1470,0,0,0,0,0,0,0,0,0,0,2,3089000.0,-17.396389999999997,16.76306,0.0,0.0,0.0,,0.0,0.0,12.95885,15.775777,18.134119304066168,2.261529195554478,2.4014677997632563,0.5987496735521178,0.70747437660249,3089.0000591543503
SCHOOL_1471,0,0,0,0,0,0,0,0,0,0,1,1017100.0,-17.39414199999999,16.680301,0.0,0.0,0.0,,0.0,0.0,1.847062,17.792793,10.26715084995906,1.8276977776005343,1.0181743409541102,1.055614873087668,0.2898756142952343,1017.1000194774648
SCHOOL_1472,0,0,0,0,0,0,0,0,0,0,2,5051900.0,-17.393999999999995,16.871931,0.0,0.0,0.0,,0.0,0.0,27.412936,26.803665,34.45170946001778,4.147911475485339,3.670454332007129,0.6776073035853187,1.385611905901551,5051.900096743884
SCHOOL_1473,0,0,0,0,0,0,0,0,0,0,1,1651100.0,-17.456312,18.465389,0.0,0.0,0.0,,0.0,0.0,4.58242,10.458932,9.047979307216856,1.2723874437161753,1.501358259918029,0.583381001216931,0.3176650439009691,1651.100031618565
SCHOOL_1474,0,0,0,0,0,0,0,0,0,0,2,2225200.0,-17.421390000000002,18.43972,0.0,0.0,0.0,,0.0,0.0,7.527932,14.418134,13.170790489379389,1.8323596406862976,1.9021627400226715,0.6173264157941888,0.4990604039601805,2225.20004261258
SCHOOL_1475,0,0,0,0,0,0,0,0,0,0,1,1705400.0,-17.403673,18.421565,0.0,0.0,0.0,,0.0,0.0,5.769487,11.049992,10.094168327331996,1.4043186864611827,1.4576379443089924,0.6173168058125558,0.3825192595617736,1705.4000326584098
SCHOOL_1476,0,0,0,0,0,0,0,0,0,0,1,840000.0,-17.93946,21.197959999999995,0.0,0.0,0.0,,0.0,0.0,3.130481,5.651589,5.279379523596084,0.7245360274062451,0.7090018161377828,0.6499161013026112,0.1927002052257798,840.0000160860001
SPARSE_1,0,0,71,20,0,0,0,0,0,0,0,0.0,-17.004166262650003,13.245832560350026,0.0,457.2219848632813,457.2219848632813,AY,-0.2989999949932098,0.2990031710675692,36.714855,204.904741,177.61050431912895,31.19991725722557,28.82793802369017,0.972803473111148,0.0466130484406524,26019.90318923775
SPARSE_2,0,43,223,3,0,0,0,0,0,0,0,0.0,-17.337499594650005,13.841665891300028,0.0,1340.65625,670.328125,,-0.7710000276565552,0.2990031710675692,22.44254,185.741059,148.28677534770483,27.405596147287653,39.07240702501082,0.9454577559425076,0.0400828557037174,24195.762100555068
SPARSE_3,0,0,0,64,0,0,0,0,0,0,0,0.0,-17.395832927750003,14.220832556450029,0.0,323.856689453125,323.856689453125,,0.3459999859333038,0.167845909687332,110.083712,137.149143,205.39678845216287,27.805776538832813,46.60338441115944,0.617969023188172,0.0998738125454846,48220.82460965347
SPARSE_4,1,12,37,18,1,0,0,0,0,0,0,0.0,-17.395832927750003,15.245832552350029,0.0,343.5015869140625,343.5015869140625,,-0.4560000002384186,0.674579866554568,16.794216,201.895088,151.47423366605346,29.17965563140492,21.107456346799644,1.1482549487605838,0.0360036961819925,18716.367895602307
SPARSE_5,0,17,438,1371,559,0,0,0,0,0,0,0.0,-17.433680149820837,15.897915883075026,0.0,12054.00390625,502.2501525878906,,0.4900000095367431,0.635208889552088,3921.733562,3924.459915,6598.284939304892,857.5111644464542,1692.1182486078596,0.5534792816849103,2.8706804700400976,1760288.508793003
SPARSE_6,0,0,60,121,0,0,0,0,0,0,0,0.0,-17.399999594400004,18.416665873000028,0.0,905.5595092773438,452.7797546386719,,0.0509999990463256,0.2796776396270626,175.91121,252.131149,353.2002692010851,48.9875245419769,98.0191437132768,0.5521215027568707,0.1759020195473032,96485.43027594613
SPARSE_7,0,7,59,63,9,0,0,0,0,0,0,0.0,-17.404166261050005,15.933332549600028,0.0,693.17138671875,346.585693359375,,-0.0410000011324882,0.635208889552088,127.166317,150.321192,230.12724698414252,30.965128357559173,65.15274062468075,0.5419214952511441,0.0804625712510874,64120.95112278365
SPARSE_8,0,0,345,385,0,0,0,0,0,0,0,0.0,-17.431944038716672,13.273610338016692,0.0,3652.962646484375,1217.6541748046875,AY,-0.050000000745058,0.2990031710675692,373.057724,889.748872,999.260364066397,152.68993868829008,362.3438996932801,0.4384902078815916,0.309419311623143,367841.77493127197
SPARSE_9,0,0,0,65,0,0,0,0,0,0,0,0.0,-17.437499594250003,14.354165889250028,0.0,328.0873107910156,328.0873107910156,,0.4070000052452087,0.167845909687332,75.854765,147.934526,181.1579848790363,26.524500045920707,47.08472590288336,0.5540261630603559,0.0848594509604468,48974.274994179315
SPARSE_10,0,6,114,326,147,0,0,0,0,0,0,0.0,-17.445832927550004,15.331249218675026,0.0,3008.90966796875,752.2274169921875,,0.4979999959468841,0.674579866554568,711.842645,1133.282089,1517.6823741911412,213.55628075267933,420.2055706736139,0.5245494572085142,0.5127449696003484,436857.2752253177
SPARSE_11,0,0,11,53,0,0,0,0,0,0,0,0.0,-17.445832927550004,14.429165888950028,0.0,316.9974365234375,316.9974365234375,,0.0890000015497207,0.167845909687332,59.901191,128.831879,151.9290487472255,22.606783575321117,40.175407410054945,0.5589837231726562,0.0734874874135192,40907.82490039463
SPARSE_12,0,0,101,13,0,0,0,0,0,0,0,0.0,-17.445832927550004,15.670832550650026,0.0,567.4234619140625,567.4234619140625,,-0.19200000166893,0.0735391067606874,15.277254,205.643854,151.60302640307617,29.571091931617456,24.929886436272923,1.1710674083061974,0.037445291626721,18746.71014184122
SPARSE_13,0,0,28,335,217,0,0,0,0,0,0,0.0,-17.449999594200005,15.866665883200026,0.0,2931.900390625,732.97509765625,,0.7799999713897705,0.5087146425982105,1152.057669,1146.659295,1920.0410521878928,251.04961642490375,493.05768327090937,0.5437470756858727,0.8572843544545764,521820.5004305716
SPARSE_14,0,0,37,445,521,0,0,0,0,0,0,0.0,-17.476785308378574,16.337499214650027,0.0,5282.470703125,754.638671875,,1.0019999742507937,0.5904341440833286,2336.070208,2168.360012,3800.3792165279306,487.5146031873707,923.3891206646724,0.566654623071563,1.7211019430171428,979449.8407922945
SPARSE_15,0,0,39,360,233,0,0,0,0,0,0,0.0,-17.497023403535717,14.995832553350027,0.0,3210.212890625,458.6018371582031,,0.7649999856948853,0.5411601676423891,1118.642182,1613.106077,2197.296425457159,312.8787937536429,529.4401798022769,0.5767092342225523,1.0899358878418026,561313.4044590656
SPARSE_16,0,0,32,98,15,0,0,0,0,0,0,0.0,-17.487499594050004,24.29999918280003,0.0,730.4942626953125,365.24713134765625,,0.3079999983310699,0.4992239776157657,106.094777,688.795797,571.773370750042,103.48402256269254,98.43350126505796,0.8663327347082544,0.1481661478377369,95125.9532923656
SPARSE_17,0,0,5,219,398,0,0,0,0,0,0,0.0,-17.502082927325006,24.264582516275027,0.0,3283.260986328125,820.8152465820312,,1.1390000581741333,0.4992239776157657,1331.67122,1484.139282,2329.812470754927,311.8685983690554,631.9132366397287,0.5322826572035989,0.9061879764523076,655030.831490568
SPARSE_18,0,0,95,72,0,0,0,0,0,0,0,0.0,-17.508332927300003,15.633332550800027,0.0,837.0662841796875,418.53314208984375,,-0.0879999995231628,0.0735391067606874,42.109913,674.796345,488.74354365405713,96.39357246748617,69.49275762631399,1.1126780545703814,0.115316209110417,62668.489454033515
SPARSE_19,0,2,97,190,20,0,0,0,0,0,0,0.0,-17.524999593900006,15.904165883050029,0.0,1545.3853759765625,386.3463439941406,,0.1669999957084655,0.5087146425982105,418.698108,403.980144,690.4976469373145,89.51985227052401,174.3545014909027,0.576013054890505,0.3262019657273518,176455.9616013556
SPARSE_20,0,6,44,26,1,0,0,0,0,0,0,0.0,-17.520832927250005,14.979165886750026,0.0,383.1550598144531,383.1550598144531,,-0.2820000052452087,0.5411601676423891,55.463852,68.392083,103.04319047271552,13.916015774183023,26.77986240632406,0.6117806826854788,0.0490063060428574,25022.483537602493
SPARSE_21,0,2,58,102,10,0,0,0,0,0,0,0.0,-17.524999593900006,15.008332553300026,0.0,853.701171875,426.8505859375,,0.1270000040531158,0.5087146425982105,174.658121,309.346331,376.4374832113425,56.79433755458394,93.53259390369718,0.5943107595387772,0.1880378247964713,94394.61464240983
SPARSE_22,0,11,170,139,6,0,0,0,0,0,0,0.0,-17.520832927250005,16.066665882400027,0.0,1626.706787109375,406.67669677734375,,-0.1430000066757202,0.5087146425982105,170.959182,573.466857,549.4989512919052,92.95896621732872,135.02865133829144,0.6482279670414255,0.2893521918321039,127732.94081879524
SPARSE_23,0,1,21,37,4,0,0,0,0,0,0,0.0,-17.529166260550003,15.029165886550029,0.0,313.31195068359375,313.31195068359375,,0.1270000040531158,0.5087146425982105,64.22418,113.641755,138.35265995486387,20.869218621782565,34.36231732825915,0.5939647630294836,0.0695519405518253,34709.838486307446
SPARSE_24,0,7,119,98,4,0,0,0,0,0,0,0.0,-17.537499593850004,24.274999182900025,0.0,1135.689208984375,567.8446044921875,,-0.1379999965429306,0.4992239776157657,186.247809,219.532518,334.00285087998765,45.26750514330326,96.44674610370888,0.5651073336462716,0.1344792406391911,89659.1202373758
SPARSE_25,0,0,23,48,0,0,0,0,0,0,0,0.0,-17.562499593750005,15.912499216350026,0.0,353.3387451171875,353.3387451171875,,0.0370000004768371,0.2368170857524444,89.485317,89.114016,149.37541787527044,19.512894010403723,38.03179421470719,0.576824477542876,0.0704063835766974,38204.15972742944
SPARSE_26,0,0,2,190,0,0,0,0,0,0,0,0.0,-17.579166260350004,17.212499211150025,0.0,960.6421508789062,960.6421508789062,,0.1589999943971634,3.961803761751141e-09,234.37306,422.104452,533.7856479533976,77.13430052471982,139.8803058985238,0.5578651787609266,0.2573665022380747,143332.8375181861
SPARSE_27,0,2,56,86,7,0,0,0,0,0,0,0.0,-17.591666260300006,14.687499221250029,0.0,757.8549194335938,378.9274597167969,,0.0780000016093254,0.5087146425982105,137.904106,239.054345,307.28804341016286,44.11345563423542,78.32941189304852,0.583230541426524,0.1404943456438505,78471.82717643985
SPARSE_28,0,0,125,13,0,0,0,0,0,0,0,0.0,-17.608332926900005,15.912499216350026,0.0,691.8267211914062,345.9133605957031,,-0.3799999952316284,0.2368170857524444,39.373898,88.931996,98.55935118407116,15.452399109392632,28.11977265626578,0.7251655278825415,0.0488985394469273,20873.883641169235
SPARSE_29,0,0,32,930,42,0,0,0,0,0,0,0.0,-17.629166260150004,18.608332538900022,0.0,5017.41650390625,836.236083984375,,0.4490000009536743,0.2796776396270626,719.998018,4870.775711,4024.2671346797697,729.3394406267679,768.7975323222909,0.7788942879593963,1.0380774288385335,755209.5249153743
SPARSE_30,0,0,33,59,0,0,0,0,0,0,0,0.0,-17.629166260150004,24.179165849950028,0.0,458.3074340820313,458.3074340820313,,0.003000000026077,0.2081353731668389,92.329964,135.607767,187.9958436211018,26.155105455736287,49.20457875391377,0.5919716997251014,0.0971331263578457,47378.4362486003
SPARSE_31,0,0,156,294,0,0,0,0,0,0,0,0.0,-17.641666260100003,15.924999216300026,0.0,2248.54345703125,562.1358642578125,,0.0230000000447034,0.2368170857524444,518.487106,680.281925,965.3028942451664,135.73352252617667,236.2884265692579,0.6051736611170354,0.4884838230729695,235341.04079622772
SPARSE_32,0,0,55,22,0,0,0,0,0,0,0,0.0,-17.637499593450006,18.587499205650023,0.0,384.5965881347656,384.5965881347656,,-0.2319999933242797,0.2796776396270626,38.039067,56.648862,76.44790769376937,10.872730239908014,24.42662253670598,0.5548763246547598,0.0254816869345165,21450.681062195068
SPARSE_33,0,9,36,20,1,0,0,0,0,0,0,0.0,-17.645832926750003,15.287499218850026,0.0,328.511962890625,328.511962890625,,-0.3689999878406524,0.6391267339525107,25.176348,92.631733,86.45373954839346,14.818212963719368,21.84405274780313,0.6574182834733634,0.0444087122226905,19944.148317039646
SPARSE_34,0,1,38,193,131,0,0,0,0,0,0,0.0,-17.654166260050005,15.479165884750026,0.0,1862.0479736328125,465.5119934082031,,0.7379999756813049,0.6391267339525107,532.420275,1080.797228,1242.066378019742,192.14375967750377,294.91025172285356,0.594065281656044,0.6339793440184242,309978.25990785105
SPARSE_35,0,0,38,113,0,0,0,0,0,0,0,0.0,-17.674999593300004,18.229165873750027,0.0,757.8349609375,378.91748046875,,0.1169999986886978,0.2796776396270626,193.129021,207.812726,329.78324550570113,44.20446836842256,88.46135453008587,0.556507208738884,0.1175715943373829,88507.91815868876
SPARSE_36,0,7,67,37,1,0,0,0,0,0,0,0.0,-17.679166259950005,15.295832552150026,0.0,554.511962890625,554.511962890625,,-0.2820000052452087,0.5087146425982105,50.467415,150.308261,149.71815255657313,24.821536945603796,38.567231608188095,0.6411232415511733,0.0779617678861972,35399.45401080986
SPARSE_37,0,0,57,11,0,0,0,0,0,0,0,0.0,-17.687499593250003,18.662499205350027,0.0,339.4186706542969,339.4186706542969,,-0.1870000064373016,0.119841564498884,10.836044,93.657222,73.88315701299179,13.781325587018904,16.998226155475646,0.8357179978364876,0.0183400283213136,13339.991290688205
SPARSE_38,0,0,0,84,0,0,0,0,0,0,0,0.0,-17.712499593150003,24.52916584855003,0.0,421.1015625,421.1015625,,0.5120000243186951,0.1513208628064513,110.744264,196.714649,242.2922029338159,36.08530472281103,63.36476139815775,0.5750558650227833,0.1212818459329916,63289.832300170194
SPARSE_39,0,3,43,39,2,0,0,0,0,0,0,0.0,-17.729166259750006,15.495832551350029,0.0,428.0603332519531,428.0603332519531,,-0.1089999973773956,0.5087146425982105,36.090231,260.081043,214.08626722928685,38.752246831829325,38.06274935716001,0.8653429972086678,0.0563486274324149,35807.38700602462
SPARSE_40,0,1,42,18,0,0,0,0,0,0,0,0.0,-17.729166259750006,15.837499216650029,0.0,305.39532470703125,305.39532470703125,,-0.2599999904632568,0.3497179783986183,39.617751,44.22264,69.8485971149006,9.297835414640394,19.36162804275403,0.6052024295589544,0.0324992112750395,17335.135518522886
SPARSE_41,0,1,61,380,199,0,0,0,0,0,0,0.0,-17.749999593000005,15.704165883850028,0.0,3241.05078125,540.1751098632812,,0.6679999828338623,0.5621498817709986,341.483735,5589.517883,4041.106030630076,797.858233372891,538.9060669868733,1.0676151573047687,0.9581644820428372,536559.2051373684
SPARSE_42,0,0,24,59,0,0,0,0,0,0,0,0.0,-17.737499593050003,18.729165871750027,0.0,417.91644287109375,417.91644287109375,,-0.0040000001899898,0.119841564498884,109.027057,111.163847,184.2730465954581,24.10892770660781,46.78526794024157,0.5834426933758209,0.0703263956343147,46580.746186352306
SPARSE_43,0,10,135,100,4,0,0,0,0,0,0,0.0,-17.745832926350005,14.887499220450026,0.0,1243.3358154296875,1243.3358154296875,,-0.1780000030994415,0.5087146425982105,197.597128,270.869925,382.7947682060922,53.33723877789511,97.02814396638348,0.6122946667837155,0.1845300128923544,92735.56159234764
SPARSE_44,0,11,112,98,7,0,0,0,0,0,0,0.0,-17.754166259650003,15.679165883950027,0.0,1137.5714111328125,379.1904602050781,,-0.1270000040531158,0.5621498817709986,150.999901,341.313138,378.142905807058,59.309391162154306,96.81649847256143,0.6122725412400875,0.189747859094379,92930.91138161974
SPARSE_45,0,0,3,74,102,0,0,0,0,0,0,0.0,-17.745832926350005,15.758332550300024,0.0,931.8734130859376,465.9367065429687,,1.0470000505447388,0.5087146425982105,116.036115,1863.732092,1350.6535221244894,266.2056182934182,179.82545107825382,1.0544753116359245,0.3201093548994332,181491.9982218231
SPARSE_46,0,0,59,5,0,0,0,0,0,0,0,0.0,-17.754166259650003,23.404165853050028,0.0,319.72265625,319.72265625,,-0.3720000088214874,0.2081353731668389,7.324967,65.416195,51.290414428278666,9.606352527923365,12.759235115942984,0.8720811566682013,0.0126364894233397,8996.553441810525
SPARSE_47,0,0,309,46,0,0,0,0,0,0,0,0.0,-17.774999592900006,23.827082518025023,0.0,1781.1923828125,445.298095703125,,-0.3339999914169311,0.2340523384851618,65.611077,722.608358,550.2304255598414,104.87765106584996,82.05162580681831,1.2655025936365198,0.1419907673326819,62046.07649203652
SPARSE_48,0,0,0,43,43,0,0,0,0,0,0,0.0,-17.770832926250005,15.712499217150029,0.0,432.1492309570313,432.1492309570313,,0.9359999895095824,0.3561722839659703,54.058303,879.519968,636.2889070979584,125.56712170622824,84.41570568909736,1.0568553176126734,0.1574629443115233,85292.90812694716
SPARSE_49,0,0,0,32,33,0,0,0,0,0,0,0.0,-17.770832926250005,15.729165883750026,0.0,324.9913330078125,324.9913330078125,,0.9359999895095824,0.3561722839659703,41.009723,666.889689,482.5050757297824,95.21691565011652,64.02322611572508,1.0564586930217086,0.1168962492083162,64703.89771289874
SPARSE_50,0,1,697,1308,14,0,0,0,0,0,0,0.0,-17.806481074255558,15.784258476122249,0.0,10100.43359375,561.1351928710938,,0.0680000036954879,0.3497179783986183,1855.45791,3747.636262,4307.044348078159,666.9665085896656,1069.2497131157493,0.604551386613101,2.319091149110869,1064561.7203006474
SPARSE_51,0,5,24,27,6,0,0,0,0,0,0,0.0,-17.779166259550003,25.17083251265003,0.0,309.8883972167969,309.8883972167969,,-0.0089999996125698,0.7467047963995672,63.283425,92.441902,125.10473777228448,17.862552854111314,31.18325069282429,0.6160992832554825,0.0636845240176291,30103.34245825328
SPARSE_52,0,0,51,15,0,0,0,0,0,0,0,0.0,-17.787499592850004,16.079165882350026,0.0,327.0196838378906,327.0196838378906,,-0.1469999998807907,0.0692964653781452,31.520426,43.377486,61.89647202612637,8.527085752377145,18.451088532136335,0.5982296360404192,0.030288927724035,15821.999453959546
SPARSE_53,0,0,378,41,0,0,0,0,0,0,0,0.0,-17.804166259450003,23.392499186430022,0.0,2093.162109375,418.6324157714844,,-0.3409999907016754,0.2081353731668389,145.861696,223.511097,296.0482559204597,42.62021793285989,87.15423133315089,0.7042601934998955,0.1437987503499906,64394.448379975365
SPARSE_54,0,0,12,52,2,0,0,0,0,0,0,0.0,-17.795832926150005,15.695832550550026,0.0,331.7718505859375,331.7718505859375,,0.2450000047683715,0.3561722839659703,68.70284,152.150856,169.90806680275915,26.54924731825544,41.90733434258934,0.594464290343218,0.0850080035116636,42703.2179818603
SPARSE_55,0,0,4,24,29,0,0,0,0,0,0,0.0,-17.804166259450003,25.145832512750022,0.0,318.2255554199219,318.2255554199219,,1.0470000505447388,0.7467047963995672,87.895698,146.536609,192.8434580504727,27.28326722818897,52.84307082674089,0.5373086769047072,0.0687702236036227,54110.40107954102
SPARSE_56,0,2,60,100,10,0,0,0,0,0,0,0.0,-17.833332926000004,15.845832549950028,0.0,860.6002197265625,430.3001098632813,,0.1159999966621398,0.5205278124453289,139.224148,367.585001,381.4076798639567,61.959532927310505,93.69222786228984,0.6145843235039392,0.1904498621906015,93064.97833163549
SPARSE_57,0,0,9,73,0,0,0,0,0,0,0,0.0,-17.829166259350004,18.92083253765003,0.0,409.94287109375,409.94287109375,,0.0799999982118606,0.119841564498884,94.433407,200.80131,227.2894932990794,35.34418942438965,55.47956853859309,0.6071498046935389,0.1131497834367074,55799.568132634
SPARSE_58,0,0,25,107,3,0,0,0,0,0,0,0.0,-17.837499592650005,15.866665883200026,0.0,675.8272705078125,337.91363525390625,,0.2469999939203262,0.3497179783986183,195.11232,200.765358,334.39794197580363,43.43511438061077,84.54119743962951,0.5690789015396516,0.1888473659082763,86525.31372801035
SPARSE_59,0,0,37,92,1,0,0,0,0,0,0,0.0,-17.849999592600003,15.908332549700027,0.0,650.2990112304688,325.1495056152344,,0.1270000040531158,0.3497179783986183,123.880986,241.797786,284.8227548625041,43.381320355391715,73.78292566736162,0.5798886579559209,0.1406717998505318,73826.93347293399
SPARSE_60,0,0,23,126,5,0,0,0,0,0,0,0.0,-17.866666259200002,15.929165882950029,0.0,770.963134765625,385.4815673828125,,0.2939999997615814,0.3497179783986183,174.114917,331.19409,394.5976187431923,59.767815052780136,101.10700396907608,0.5736567452777234,0.1929270236251072,103123.81781257674
SPARSE_61,0,0,68,5,0,0,0,0,0,0,0,0.0,-17.862499592550005,23.362499186550025,0.0,365.0208435058594,365.0208435058594,,-0.3589999973773956,0.2002531697021997,8.272959,108.218467,80.22010763731213,15.581623340508964,14.130296885448344,1.19557901208748,0.0188559575430907,9794.24350405853
SPARSE_62,0,0,16,366,413,0,0,0,0,0,0,0.0,-17.887499592450006,15.068451600678598,0.0,4094.28271484375,584.8975219726562,,0.975000023841858,0.5087146425982105,565.035446,5063.431894,3981.999208320574,743.3301491505937,768.2710478563919,0.745221754079606,1.045099554942183,785214.5768127877
SPARSE_63,0,87,752,405,11,0,0,0,0,0,0,0.0,-17.89356019848637,15.964014367659118,0.0,6279.24658203125,570.840576171875,,-0.2980000078678131,0.5205278124453289,680.747766,1082.010928,1446.6854171831428,204.20523748326733,427.52439076599234,0.5679767660812399,0.7032564294649771,389721.3265192751
SPARSE_64,0,13,45,2,0,0,0,0,0,0,0,0.0,-17.879166259150004,19.504165868650027,0.0,304.6830139160156,304.6830139160156,,-0.7580000162124634,0.3917192945198867,5.963443,71.844228,53.978816418851935,10.382371621725207,9.31890282845613,1.2758209079457503,0.0130675950032971,6151.525732331517
SPARSE_65,0,1,55,33,0,0,0,0,0,0,0,0.0,-17.879166259150004,19.545832535150023,0.0,446.7673034667969,446.7673034667969,,-0.1940000057220459,0.3917192945198867,26.292013,345.017721,255.935762369799,49.66938357670803,33.94960764759043,1.214153023765083,0.0612102910748504,29789.110265213087
SPARSE_66,0,1,32,37,2,0,0,0,0,0,0,0.0,-17.879166259150004,19.78749920085003,0.0,360.0692138671875,360.0692138671875,,-0.0209999997168779,0.5087146425982105,72.012891,101.983944,138.29297227336332,19.88490712629453,34.45432203968008,0.617466819330733,0.0688176125118681,33224.581769979945
SPARSE_67,0,9,259,226,5,0,0,0,0,0,0,0.0,-17.891666259100003,19.865276978316693,0.0,2491.0263671875,415.1710510253906,,-0.1120000034570694,0.4512892683864034,400.507114,590.146199,796.1744287196572,113.71232591549617,211.9091603497886,0.5978520011233869,0.3524045221173933,199840.3371009902
SPARSE_68,0,0,164,1,0,0,0,0,0,0,0,0.0,-17.891666259100003,20.170832532650024,0.0,820.77587890625,410.387939453125,,-0.3400000035762787,0.0409999936819076,27.611484,76.333858,79.33901899283109,12.76398651816207,25.431414575275856,0.8187268646665382,0.0385653232686522,15289.135963267212
SPARSE_69,0,10,893,882,9,0,0,0,0,0,0,0.0,-17.908711713577276,19.70492344360457,0.0,8970.0546875,815.4595336914062,,-0.0740000009536743,0.3917192945198867,989.567752,5460.243779,4703.580165466215,832.3186278530068,812.7057398831001,0.8953392272312853,1.3051636776812616,755267.5200707926
SPARSE_70,0,0,75,0,0,0,0,0,0,0,0,0.0,-17.895832925750003,20.254165865650027,0.0,374.02728271484375,374.02728271484375,,-0.421999990940094,0.0409999936819076,16.744347,25.854771,34.52273652915208,4.912986453953998,11.28792836482105,0.8127470374192821,0.0118670058903331,6647.417185400021
SPARSE_71,0,0,673,955,0,0,0,0,0,0,0,0.0,-17.925832925630004,16.030832549210025,0.0,8137.9580078125,542.530517578125,,-0.0489999987185001,0.0692964653781452,1567.132558,2115.988101,3052.491261825733,418.43957382668054,791.5226349991344,0.5825970061510887,1.421938401939853,779194.6074324958
SPARSE_72,0,0,453,0,0,0,0,0,0,0,0,0.0,-17.909166259030005,20.034165866530028,0.0,2267.279052734375,453.455810546875,,-0.3809999972581863,0.0409999936819076,109.722241,156.154861,216.1965210705586,30.395633527573057,67.96731581246297,0.8344013451445597,0.0994553087523145,40150.39979981612
SPARSE_73,0,0,0,62,0,0,0,0,0,0,0,0.0,-17.912499592350002,24.71249918115003,0.0,312.50634765625,312.50634765625,,0.2980000078678131,0.1513208628064513,47.950113,539.449884,407.49994049437976,78.1887715933995,48.11396228398009,1.2171282509060992,0.1198173508288723,46713.923840601805
SPARSE_74,0,6,46,13,0,0,0,0,0,0,0,0.0,-17.920832925650004,19.829165867350028,0.0,321.7496337890625,321.7496337890625,,-0.4550000131130218,0.4512892683864034,16.647711,97.304194,81.82109468969307,14.749970624012786,17.218361778421038,0.8550622730546438,0.0228060398897967,14174.787378617542
SPARSE_75,0,0,11,66,94,0,0,0,0,0,0,0.0,-17.929166258950005,19.754165867650027,0.0,975.5037231445312,975.5037231445312,,1.1759999990463257,0.784552663791853,210.052813,1175.75591,1005.0507867526654,178.97713748288174,162.2605199206488,0.8621344562966214,0.2639562999277609,166332.60803131433
SPARSE_76,28,201,338,139,13,0,0,0,0,0,0,0.0,-17.938888481133336,19.79166586750003,0.0,3600.5703125,600.0950317382812,,-0.699999988079071,0.784552663791853,219.256741,1178.562007,1018.4683096670394,180.10160506197548,187.31965390848433,0.9116920227127264,0.2712923051085326,161917.90912318125
SPARSE_77,7,116,444,414,91,0,0,0,0,0,0,0.0,-17.95297578266429,19.73868967723574,0.0,5385.3974609375,769.3424682617188,,-0.1230000033974647,0.784552663791853,380.911443,3082.86207,2462.572613424792,455.54984314174095,506.9554415646584,0.7773027008349216,0.6586421093354887,469349.31949461246
SPARSE_78,0,0,26,42,0,0,0,0,0,0,0,0.0,-17.937499592250003,24.145832516750023,0.0,341.4237365722656,341.4237365722656,,-0.003000000026077,0.2340523384851618,23.883228,364.219215,264.8397745615199,52.12362623389292,37.2074272118871,1.1112351643231746,0.0609405231912252,33949.35410769043
SPARSE_79,0,0,9,51,17,0,0,0,0,0,0,0.0,-17.945832925550004,16.195832548550026,0.0,382.3173522949219,382.3173522949219,,0.5400000214576721,0.5087146425982105,85.861679,137.430665,182.31547423556268,25.86021963523086,58.54811163269418,0.4724243876670383,0.0603682992758156,60135.45518631483
SPARSE_80,0,1,52,10,0,0,0,0,0,0,0,0.0,-17.954166258850005,13.854165891250029,0.0,311.5884094238281,311.5884094238281,AY,-0.3733333411316077,0.2990031710675692,18.112273,71.117427,65.32004448972316,11.278276950359578,17.6572082759087,0.6600040835882061,0.0335388727328876,15209.155229307717
SPARSE_81,0,7,63,23,0,0,0,0,0,0,0,0.0,-17.954166258850005,21.162499195350023,0.0,469.9897155761719,469.9897155761719,,-0.3910000026226043,0.4776648378514735,40.201768,72.00235,91.29632771978632,13.180713953271548,27.16219464210652,0.602561337041002,0.0461286541561016,23266.514092467074
SPARSE_82,0,7,43,16,0,0,0,0,0,0,0,0.0,-17.962499592150003,16.420832547650026,0.0,325.6815490722656,325.6815490722656,,-0.4259999990463257,0.5087146425982105,32.564436,42.925652,62.56952621467199,8.548659805548308,18.591300034498804,0.5890451247736175,0.0301478489283602,16219.716818012883
SPARSE_83,0,13,50,11,0,0,0,0,0,0,0,0.0,-17.979166258750006,15.145832552750026,0.0,369.3201904296875,369.3201904296875,,-0.5960000157356262,0.5087146425982105,10.182201,93.12418,73.20470414210716,13.654743528812991,16.76099068952538,0.8251843866637696,0.0181394013829159,13375.740338757372
SPARSE_84,0,3,45,32,1,0,0,0,0,0,0,0.0,-17.995832925350005,21.345832527950027,0.0,402.7798156738281,402.7798156738281,,-0.1879999935626983,0.4776648378514735,44.661472,96.981523,114.01284712406982,16.97969467614013,32.36370153286095,0.5901158560494337,0.0619091503174692,29480.39315419468
SPARSE_85,0,0,423,3,0,0,0,0,0,0,0,0.0,-18.005832925310003,20.677499197290025,0.0,2130.056640625,426.0113220214844,,-0.3760000020265579,0.1230000108480453,79.986408,164.55316,193.83275813619423,29.170554651773987,65.90362459767582,0.7740313190119706,0.0946144726668423,39751.78407923363
SPARSE_86,0,7,95,54,1,0,0,0,0,0,0,0.0,-18.020832925250005,21.420832527650028,0.0,785.8896484375,785.8896484375,,-0.2520000040531158,0.4776648378514735,90.542663,145.785487,191.9448235593723,27.388894857093916,56.502025839513855,0.5795995764664889,0.0642899274362514,50689.81296363174
SPARSE_87,0,0,69,5,0,0,0,0,0,0,0,0.0,-18.029166258550003,20.779165863550027,0.0,370.6467895507813,370.6467895507813,,-0.2529999911785126,0.1230000108480453,18.964269,31.578539,40.83174837656343,5.880481427555,14.069048537970202,0.6550745092581782,0.0133269003215662,9882.875733197196
SPARSE_88,0,0,28,49,0,0,0,0,0,0,0,0.0,-18.037499591850004,13.845832557950024,0.0,384.37005615234375,384.37005615234375,AY,0.0379999987781047,0.3162365969796938,63.899632,175.40468,179.59953279572727,29.371351113529716,43.06529719037155,0.5998754274525193,0.0925572555099763,44744.71416639596
SPARSE_89,0,0,147,0,0,0,0,0,0,0,0,0.0,-18.041666258500005,20.70416586385003,0.0,733.4214477539062,366.7107238769531,,-0.4990000128746032,0.1230000108480453,26.273453,50.671925,61.61258630932552,9.101012266747029,22.141939641096823,0.7591134040820282,0.0195791862516948,13028.937683384038
SPARSE_90,0,1,73,187,20,0,0,0,0,0,0,0.0,-18.059721813983337,21.440276972016697,0.0,1403.610595703125,467.8702087402344,,0.2339999973773956,0.4776648378514735,339.435829,465.14333,661.2988693016076,91.46044765129376,174.3454787862659,0.5740479270912422,0.2269276683259793,172017.96197521628
SPARSE_91,0,0,4,140,18,0,0,0,0,0,0,0.0,-18.066666258400005,13.824999224700026,0.0,814.130615234375,407.0653076171875,AY,0.5490000247955322,0.3162365969796938,176.056217,327.191974,409.5825224216454,59.282310898012014,132.00859178927567,0.4427775317846318,0.1324855660984325,144544.34091131814
SPARSE_92,0,0,25,250,10,0,0,0,0,0,0,0.0,-18.066666258400005,13.854165891250029,0.0,1424.708740234375,712.3543701171875,AY,0.356000006198883,0.3162365969796938,293.187718,542.079399,675.5340071079085,98.33624063893028,207.84066589989368,0.4591797222790556,0.2239862892143168,227720.0430380768
SPARSE_93,0,0,70,157,0,0,0,0,0,0,0,0.0,-18.07361070281667,24.01805473948336,0.0,1133.215576171875,377.738525390625,,0.0289999991655349,0.2002531697021997,85.823793,1334.31448,968.6091029547508,190.81548963259377,134.88632654219808,1.1074104024874698,0.2210396333331162,124495.96641026289
SPARSE_94,0,0,28,452,285,0,0,0,0,0,0,0.0,-18.098957924937505,21.55104086046253,0.0,3857.34912109375,482.1686401367187,,0.7829999923706055,0.4776648378514735,921.766182,4933.937805,4246.793522060219,754.1921564930362,688.3999228920833,0.8736739225662625,1.2177429316150687,693621.3774730912
SPARSE_95,0,14,61,15,0,0,0,0,0,0,0,0.0,-18.237499591050003,16.237499215050025,0.0,455.4017333984375,455.4017333984375,,-0.5600000023841858,0.5087146425982105,24.183476,127.833765,113.03802501102268,19.5674592927133,21.295700995035617,0.9413117267502372,0.0301785879828896,17414.971370619885
SPARSE_96,0,0,55,12,0,0,0,0,0,0,0,0.0,-18.25416625765001,23.645832518750023,0.0,338.8121643066406,338.8121643066406,,-0.2509999871253967,0.2002531697021997,10.361683,151.616794,110.6252504760584,21.72975049660262,17.670242205424472,1.1483249944425766,0.0272910889947577,13916.177216936709
SPARSE_97,0,0,0,572,179,0,0,0,0,0,0,0.0,-18.360118638178577,16.58273730890717,0.0,3757.1201171875,536.7314453125,,0.8610000014305115,0.074246225511579,1230.635706,1992.730625,2533.4362788817853,374.3514212668701,619.9360176802328,0.5769608257924626,1.285440406408758,651162.5256471079
SPARSE_98,0,6,30,39,12,0,0,0,0,0,0,0.0,-18.370832923850003,19.829165867350028,0.0,437.9659423828125,437.9659423828125,,0.1176666691899299,0.784552663791853,43.61134,307.122861,249.48172153230985,45.84306009024072,49.39028609726169,0.7794498091296983,0.0635875842436727,47107.64913118768
SPARSE_99,0,0,12,63,0,0,0,0,0,0,0,0.0,-18.529166256550003,19.179165869950022,0.0,375.2006530761719,375.2006530761719,,0.0509999990463256,0.119841564498884,111.026909,124.173805,195.4979506756304,26.098165158834504,48.11160582414563,0.5918634250839983,0.0946431751489198,48530.96097479165
SPARSE_100,0,0,20,87,21,0,0,0,0,0,0,0.0,-18.770832922250005,17.962499208150028,0.0,644.7263793945312,644.7263793945312,,0.4359999895095825,0.5087146425982105,132.713465,391.554901,390.3004116736872,64.75537542621423,91.88144676570607,0.6252762024654939,0.1997546779238242,93155.04602347595
SPARSE_101,0,1,46,102,13,0,0,0,0,0,0,0.0,-19.183332920600005,13.812499224750027,0.0,808.2350463867188,404.1175231933594,AY,0.2129999995231628,0.5087146425982105,212.369631,259.377554,393.1997620194345,52.90002728112199,102.2603815873893,0.5270732463423444,0.1807821540831584,110802.91055994034
SPARSE_102,0,0,0,25,43,0,0,0,0,0,0,0.0,-19.179166253950005,15.920832549650026,0.0,339.9979248046875,339.9979248046875,,0.9660000205039978,0.074246225511579,143.870997,159.592528,251.56042577816308,33.59285468764849,67.3729081240894,0.5234442159803618,0.093122428759994,71730.80120548213
SPARSE_103,0,0,0,60,555,0,0,0,0,0,0,0.0,-19.23249958707,17.712499209150025,0.0,3078.423095703125,615.6846313476562,,1.2059999704360962,0.2113354249862251,1720.035886,1636.9363,2808.7159613058107,364.2474438970127,680.7691245671404,0.5638720234732754,1.0594321327475846,727915.6412982154
SPARSE_104,0,0,0,50,16,0,0,0,0,0,0,0.0,-19.262499586950003,17.729165875750027,0.0,327.5999450683594,327.5999450683594,,0.7839999794960022,0.2113354249862251,111.176535,136.372483,206.35647605261207,27.78456247989204,55.10812245094069,0.5370995298910082,0.1008705030880039,57354.20912111457
SPARSE_105,0,4,65,62,3,0,0,0,0,0,0,0.0,-19.554166252450003,18.10416587425003,0.0,675.7338256835938,675.7338256835938,,-0.0900000035762786,0.5246214490838804,91.761486,221.825941,237.26238279844276,38.02458857445274,59.30278555509031,0.6321628226100158,0.1204669913087186,56367.23548282977
SPARSE_106,0,0,17,265,252,0,0,0,0,0,0,0.0,-19.579166252350003,18.114165874210027,0.0,2739.678466796875,547.9356689453125,,0.9139999747276306,0.5246214490838804,765.143197,1917.822627,2031.6218600005195,326.50321922810696,492.2624501372215,0.5938677996809076,1.0410680109175985,511157.7156381626
SPARSE_107,0,3,126,359,91,0,0,0,0,0,0,0.0,-19.59583291895001,20.506249197975027,0.0,2905.9873046875,726.496826171875,,0.3630000054836273,0.5699280615902599,760.428885,1128.935323,1547.3624580411345,217.04811048174736,390.3891607026467,0.582845154389615,0.6720850593310439,393747.38511275314
SPARSE_108,0,5,55,61,7,0,0,0,0,0,0,0.0,-19.62083291885001,14.845832553950029,0.0,639.8297729492188,639.8297729492188,AY,-0.0240000002086162,0.5939696963442138,130.327953,184.854385,253.70807015687515,35.981668684808085,66.48346029987067,0.5504135748592435,0.0886184456406364,68922.88856550568
SPARSE_109,0,0,39,124,0,0,0,0,0,0,0,0.0,-19.64166625210001,18.595832538950027,0.0,814.0320434570312,407.0160217285156,,0.0810000002384185,0.2127040241337764,176.808822,262.958061,362.162627931673,50.54848163879402,97.08089024125142,0.560383932322879,0.1789287557382408,96884.50461761162
SPARSE_110,0,3,126,80,1,0,0,0,0,0,0,0.0,-19.645832918750003,17.341665877300027,0.0,1049.85205078125,524.926025390625,,-0.1879999935626983,0.4035678344469706,52.785981,784.369255,571.3736927745236,112.355890689517,81.98421339273733,1.1199739651188505,0.1342776639782175,72825.22217166681
SPARSE_111,0,0,20,44,5,0,0,0,0,0,0,0.0,-19.68749958525001,14.312499222750027,0.0,347.5935974121094,347.5935974121094,AY,0.2129999995231628,0.5087146425982105,46.270205,127.45603,134.55606580872384,21.29412296534735,44.771300555321176,0.4556539449217752,0.0417954030384383,46897.67022042021
SPARSE_112,0,1,46,29,0,0,0,0,0,0,0,0.0,-19.71249958515001,17.712499209150025,0.0,382.65863037109375,382.65863037109375,,-0.1879999935626983,0.4035678344469706,18.519089,280.116562,204.3153130331572,40.09803937206785,29.48015653056308,1.1230659775152936,0.048285959738939,25977.618664861744
SPARSE_113,0,0,0,169,1200,0,0,0,0,0,0,0.0,-20.107499583570004,16.152499215390026,0.0,6840.96728515625,1368.1934814453125,,1.0479999780654907,1.5510040282154782e-08,3601.002104,3848.562685,6257.080720649262,821.1070190327489,1496.5901527421354,0.5686104397067738,2.859350580093908,1606063.2511953071
SPARSE_114,0,0,1,63,0,0,0,0,0,0,0,0.0,-20.112499583550004,18.187499207250028,0.0,322.3074951171875,322.3074951171875,,0.3930000066757202,0.2127040241337764,80.757448,191.41909,217.8563568014821,32.912933531183214,47.25030571595549,0.6678985671550144,0.0984184580123225,47521.517766903984
SPARSE_115,0,0,4,92,0,0,0,0,0,0,0,0.0,-20.21249958315001,15.012499219950026,0.0,479.6419067382813,479.6419067382813,AY,0.1720000058412552,0.1365393683568763,68.566281,189.968466,205.45443828932275,31.70782738720432,72.76673558853247,0.4264142123341436,0.0613776764896174,77418.36033051157
SPARSE_116,0,11,48,20,1,0,0,0,0,0,0,0.0,-20.237499583050003,20.812499196750025,0.0,393.6226806640625,393.6226806640625,,-0.4429999887943268,0.5699280615902599,14.272688,221.341717,160.64055371292045,31.65318659692393,24.786248499037065,1.0952067705084123,0.0394774818643744,21112.716824641506
SPARSE_117,0,0,0,79,0,0,0,0,0,0,0,0.0,-20.37083291585001,14.970832553450029,0.0,393.6867065429687,393.6867065429687,AY,0.3289999961853027,0.1365393683568763,146.127146,145.489238,245.14426730539267,31.831983603588103,58.405712853536144,0.5409218107212049,0.093662642641431,66036.39336805386
SPARSE_118,0,0,0,295,358,0,0,0,0,0,0,0.0,-20.458332915500005,16.637499213450027,0.0,3264.2978515625,816.074462890625,,0.9559999704360962,0.1946438804433646,481.892807,6437.844427,4742.954264881035,926.00604783387,656.0049782735395,1.0157196027925437,1.2013361403225256,663286.6485614497
SPARSE_119,0,0,0,13,101,0,0,0,0,0,0,0.0,-20.454166248850004,16.670832546650026,0.0,569.2498779296875,569.2498779296875,,1.1649999618530271,0.1946438804433646,99.96606,1282.817927,949.3917808567996,184.84594623362696,131.90064906575452,1.0045419340488926,0.2362234888233654,134255.3206889466
SPARSE_120,0,0,21,785,2,0,0,0,0,0,0,0.0,-20.589166248310004,17.457499210170027,0.0,4041.108642578125,808.2217407226562,,0.3420000076293945,0.2127040241337764,1136.646685,1914.220764,2407.932954644524,355.91183953673044,575.4762001659432,0.597341746403692,1.199095965598726,595358.7806578131
SPARSE_121,0,0,0,27,80,0,0,0,0,0,0,0.0,-20.89583291375001,16.18749921525003,0.0,537.0458984375,537.0458984375,,1.0604999661445618,0.1946438804433646,209.658759,413.155259,482.3607185855782,73.94510389142502,112.09523839751397,0.5986035205384037,0.2391315002602312,118916.43986328895
SPARSE_122,0,0,51,58,0,0,0,0,0,0,0,0.0,-20.98749958005001,18.229165873750027,0.0,543.5567626953125,543.5567626953125,,-0.0540000014007091,0.2127040241337764,70.427417,128.806055,160.78156528764828,23.42792490373119,50.543700046321355,0.518632922664409,0.0517954895337223,48211.986582628975
SPARSE_123,0,0,6,59,29,0,0,0,0,0,0,0.0,-21.05416624645,15.504165884650028,0.0,469.7921142578125,469.7921142578125,AY,0.6859999895095825,0.5000679920935746,119.402256,243.906038,287.9794197359777,43.23789394423833,86.49346997242012,0.4782013963974715,0.0925301524833479,93039.65077368042
SPARSE_124,0,0,39,219,69,0,0,0,0,0,0,0.0,-21.137499579450004,18.78333253820003,0.0,1642.122314453125,821.0611572265625,,0.5260000228881836,0.5087146425982105,264.947262,1770.587437,1476.9729386362678,265.3583480573929,254.66218457479656,0.8394409310253833,0.4328669764161476,253391.35545639566
SPARSE_125,0,0,2,35,29,0,0,0,0,0,0,0.0,-21.220832912450003,14.862499220550026,0.0,331.0243835449219,331.0243835449219,AY,0.8659999966621399,0.5000679920935746,105.983518,163.064405,219.669100632551,31.01464369930714,66.41841872434216,0.4661032609240967,0.0742716802865234,72462.74296250635
SPARSE_126,0,0,0,579,28,0,0,0,0,0,0,0.0,-21.41749957833001,15.955832549510028,0.0,3034.19140625,606.8382568359375,AY,0.7639999985694885,0.0226274159864451,898.706577,1185.256343,1736.045499139605,235.7833882132892,482.52714444001145,0.4975005058864951,0.6063626886177393,525455.7708895117
SPARSE_127,0,0,0,79,0,0,0,0,0,0,0,0.0,-21.695832910550003,19.10416587025003,0.0,393.4165954589844,393.4165954589844,,0.3519999980926513,0.0011547011578127,93.304176,235.238029,250.23351082491803,40.00232818613739,58.54562210763571,0.6245075865393361,0.1230923786480167,59478.74743037352
SPARSE_128,0,0,20,79,17,0,0,0,0,0,0,0.0,-21.845832909950005,20.754165863650027,0.0,586.1676025390625,586.1676025390625,,0.4050000011920929,0.5087146425982105,209.964094,222.915301,363.84653703440347,47.682457641512066,80.79858407907963,0.6377852278317914,0.1707345173047044,82210.73135772606
SPARSE_129,0,0,5,341,81,0,0,0,0,0,0,0.0,-21.937499576250005,15.854165883250026,0.0,2135.869384765625,711.9564819335938,AY,0.6489999890327454,0.321787661400228,764.155609,1089.951779,1534.4752058784672,212.10193596211855,374.8555074324268,0.5569652263124764,0.7450331468949798,405646.8033004234
SPARSE_130,0,0,0,123,917,0,0,0,0,0,0,0.0,-21.96944402056667,16.908332545700027,0.0,5751.265625,958.5442504882812,,1.4240000247955322,0.3953720721142534,807.104758,11709.213968,8555.647541815966,1678.4813703160971,1210.1342306999718,0.9969405292422072,2.827536156274475,1222674.085459256
SPARSE_131,0,0,7,244,36,0,0,0,0,0,0,0.0,-22.001388464883338,15.590276995416692,0.0,1435.505126953125,478.501708984375,AY,0.5600000023841858,0.321787661400228,446.33092,603.283007,873.8206702954598,119.11212796655818,235.00257809552187,0.5065816539722997,0.3026763964014589,258177.52263690054
SPARSE_132,0,0,0,8,58,0,0,0,0,0,0,0.0,-22.07916624235001,16.937499212250025,0.0,364.5623168945313,364.5623168945313,AY,1.4240000247955322,0.3953720721142534,85.055553,1004.252372,754.2487875253432,145.2435931158483,90.5845322247646,1.139038041208536,0.2122017786831952,92584.23700009123
SPARSE_133,0,0,0,72,0,0,0,0,0,0,0,0.0,-22.087499575650003,19.045832537150027,0.0,361.8166809082031,361.8166809082031,,0.3479999899864197,0.1223294997820809,50.168964,575.622865,435.978777720923,83.37434266249046,55.700986658241895,1.1299340841492749,0.116271461538569,54208.47867072016
SPARSE_134,0,0,248,715,21,0,0,0,0,0,0,0.0,-22.120832908850005,14.28273731810717,0.0,4924.37255859375,703.4818115234375,AY,0.1780000030994415,0.3729682730017665,1207.815919,1639.830959,2358.055091685294,323.71682668472107,605.4378640235127,0.5298548610545818,1.1770606293100774,660715.354313305
SPARSE_135,0,0,0,72,0,0,0,0,0,0,0,0.0,-22.279166241550005,19.995832533350026,0.0,358.8727111816406,358.8727111816406,,0.5210000276565552,0.1223294997820809,63.473221,144.756913,167.66980647658346,25.092899833261892,54.43355535664655,0.4856553210809041,0.0830689084850845,54208.47867072016
SPARSE_136,0,0,20,61,0,0,0,0,0,0,0,0.0,-22.287499574850003,17.970832541450026,0.0,403.6474609375,403.6474609375,AY,0.0949999988079071,0.2373316787445961,48.978148,605.372277,450.96747919419823,87.38141485644356,52.95018929304579,1.1757952017484214,0.1143027040681893,53566.219958209826
SPARSE_137,0,0,60,135,1,0,0,0,0,0,0,0.0,-22.356944019016673,16.123610326616692,0.0,977.6776123046876,325.8925476074219,AY,0.090999998152256,0.321787661400228,83.261383,1259.241034,915.2082524155842,180.25462189422228,123.00513713419508,1.0633389699422602,0.2293831915522921,122056.26451002907
SPARSE_138,0,0,0,65,0,0,0,0,0,0,0,0.0,-22.412499574350004,18.495832539350022,0.0,325.25701904296875,325.25701904296875,AY,0.3499999940395355,0.0011547011578127,83.812379,135.625729,179.86143598843717,25.44642473809572,50.282548083918016,0.5010406711350691,0.0596686557233218,54333.741378778504
SPARSE_139,0,0,16,50,0,0,0,0,0,0,0,0.0,-22.42083290765001,18.995832537350022,0.0,329.74578857421875,329.74578857421875,,0.1430000066757202,0.3006858808584474,50.666535,154.335713,161.7237387946736,25.378087226049377,39.79908173043398,0.6185004605112877,0.0774333514126635,39070.35973504812
SPARSE_140,0,0,4,78,4,0,0,0,0,0,0,0.0,-22.429166240950003,18.937499204250027,0.0,428.8131713867187,428.8131713867187,,0.4180000126361847,0.3006858808584474,129.138539,205.536886,263.2692814727508,38.78961800898522,62.52051063736322,0.6065652578544716,0.1300542387223009,64011.66063146396
SPARSE_141,0,1,157,1231,535,0,0,0,0,0,0,0.0,-22.45892814559286,17.069046830771455,0.0,9669.8837890625,690.7059936523438,AY,0.6389999985694885,0.5087146425982105,2662.761339,4319.429237,5748.052388015273,809.8838193556636,1769.76733285116,0.4816441841987215,1.989997077432201,1841596.9308603453
SPARSE_142,0,0,5,761,208,0,0,0,0,0,0,0.0,-22.450594812292863,18.973213489821458,0.0,4868.10107421875,695.4429931640625,,0.6930000185966492,0.3006858808584474,1215.143584,2199.778063,2781.491221021663,401.1034516478495,807.7568914167643,0.5122441777928319,0.8964148672756762,829728.4753187468
SPARSE_143,0,3,296,1231,288,0,0,0,0,0,0,0.0,-22.51527735171667,16.999999212000027,0.0,9108.2373046875,1518.03955078125,AY,0.4259999990463257,0.5087146425982105,1883.336844,3841.514427,4625.693677526897,681.2046914812629,1426.5970692473152,0.480118941951406,1.5277392611192169,1493800.5736717607
SPARSE_144,0,1,125,755,256,0,0,0,0,0,0,0.0,-22.51488052632143,17.077975402164313,0.0,5702.4736328125,814.6390991210938,AY,0.5529999732971191,0.5087146425982105,1022.081169,5286.084202,4532.65074770572,811.9322776388511,985.2042333131762,0.6567705157105722,2.3630025319885304,1026390.7889994778
SPARSE_145,0,0,10,168,143,0,0,0,0,0,0,0.0,-22.533332907200005,17.024999211900028,0.0,1634.4970703125,817.24853515625,AY,0.8759999871253967,0.5087146425982105,320.787618,2465.72286,1998.827788934208,365.6743239113837,340.606047872113,0.8151021033084463,0.511466163031897,353500.4230492068
SPARSE_146,0,0,0,21,977,0,0,0,0,0,0,0.0,-22.57916624035001,17.09722143383336,0.0,4993.6796875,832.2799682617188,AY,1.3079999685287476,0.1851349830520064,2032.1192,7166.332745,6802.717054398986,1152.5183329964093,1392.1136845950484,0.6797534431767714,3.3299403875991027,1464474.255987696
SPARSE_147,0,0,0,62,55,0,0,0,0,0,0,0.0,-22.57916624035001,17.120832544850025,0.0,582.8980712890625,582.8980712890625,AY,0.9190000295639038,0.1851349830520064,152.105056,347.059714,396.0828358796816,60.0898986848411,126.34758952193664,0.4655008903437617,0.1672787575414694,133280.08887712233
SPARSE_148,0,0,0,103,109,0,0,0,0,0,0,0.0,-22.587499573650003,17.079165878350025,0.0,1061.3497314453125,1061.3497314453125,AY,0.9359999895095824,0.0985961444009041,340.137076,1182.497455,1122.828559049262,190.57534390658637,232.8655667595011,0.6652882006612977,0.5530085910008475,247525.21688598793
SPARSE_149,0,0,0,2,890,0,0,0,0,0,0,0.0,-22.615832906870004,17.082499211670026,0.0,4458.8359375,891.7672119140625,,1.2139999866485596,0.0985961444009041,1378.267297,4185.057713,4262.417357631059,688.7355308742227,1053.2276479111304,0.5821845128020934,2.5701986011064726,1098300.1875988655
SPARSE_150,0,0,0,6,86,0,0,0,0,0,0,0.0,-22.612499573550004,17.05416587845003,0.0,457.6134033203125,457.6134033203125,,1.0829999446868896,0.0985961444009041,131.118357,433.152773,428.32707097730525,70.38963425504558,106.13117327966138,0.5829464813443443,0.2166779212027076,110499.75311146157
SPARSE_151,0,0,6,503,62,0,0,0,0,0,0,0.0,-22.62916624015001,14.524999221900028,0.0,2858.610595703125,1429.3052978515625,AY,0.5799999833106995,0.2849362481799518,866.320738,1139.356772,1646.695827782358,226.83978126271737,462.22288163212033,0.4849075427197403,0.5696013192687622,513053.33475975523
SPARSE_152,0,0,2,132,16,0,0,0,0,0,0,0.0,-22.637499573450004,14.545832555150026,0.0,747.1713256835938,747.1713256835938,AY,0.5799999833106995,0.2849362481799518,226.712385,298.263829,430.99399269476777,59.37682516391727,121.00785358531144,0.4849007110428696,0.1474251250481685,134292.62567744634
SPARSE_153,0,0,3,368,69,0,0,0,0,0,0,0.0,-22.667499573330005,14.564165888410027,0.0,2196.18115234375,439.2362365722656,AY,0.6449999809265137,0.2849362481799518,710.469166,909.676818,1330.0932350437783,182.62549737624485,369.55372402482874,0.4887590586174254,0.4568716327285447,410186.7996099792
SPARSE_154,0,0,24,186,2,0,0,0,0,0,0,0.0,-22.67083290665001,14.599999221600026,0.0,1060.9833984375,530.49169921875,AY,0.2720000147819519,0.2849362481799518,273.933966,359.760377,518.7752989121228,71.65774627976978,146.257657231932,0.4857615181660362,0.177491618704228,161531.36860355787
SPARSE_155,0,0,15,596,24,0,0,0,0,0,0,0.0,-22.829166239350005,14.542499221830028,0.0,3175.67919921875,635.1358642578125,,0.4589999914169311,0.2660032770622303,435.547823,2472.338418,2093.085768127435,376.2938038871097,476.50778518660405,0.6541012415792072,1.060577120938416,479638.70216651616
SPARSE_156,0,0,0,82,175,0,0,0,0,0,0,0.0,-22.92083290565001,14.54305477738336,0.0,1286.831298828125,428.9437561035156,,1.0579999685287476,0.2660032770622303,263.118947,1354.356169,1172.2303803759478,207.9000043591201,267.419207930126,0.6326192348285118,0.3423547285300235,277399.253583023
SPARSE_157,0,0,20,108,33,0,0,0,0,0,0,0.0,-22.937499572250005,14.512499221950026,0.0,804.2173461914062,804.2173461914062,,0.5170000195503235,0.5084097618489614,117.572971,625.763119,537.0256492578338,95.7083595115901,122.57229124200448,0.6499819714467897,0.2307055439131012,123762.3540057866
SPARSE_158,0,0,0,68,3,0,0,0,0,0,0,0.0,-22.94583290555001,17.204165877850027,0.0,358.4488220214844,358.4488220214844,,0.5299999713897705,0.2373316787445961,38.844467,552.458129,404.10529605234103,79.26958882546073,56.14261767561819,1.0468928020652917,0.0971765082386203,54893.95628591317
SPARSE_159,0,0,0,22,51,0,0,0,0,0,0,0.0,-22.954166238850004,14.487499222050026,0.0,396.9021606445313,396.9021606445313,,1.2359999418258667,0.5087146425982105,124.49264,183.057746,254.99783873046388,35.26321188812037,74.87643479670862,0.4897262429150416,0.0899113927957878,79413.71779668104
SPARSE_160,0,0,14,160,2,0,0,0,0,0,0,0.0,-22.96666623880001,14.516665888600029,0.0,877.529541015625,438.7647705078125,,0.3000000119209289,0.2660032770622303,107.953185,651.399629,544.6517765802693,98.59335003763069,124.41065868811822,0.6583744447394504,0.2783667547779115,124175.3774643116
SPARSE_161,0,0,12,265,6,0,0,0,0,0,0,0.0,-22.98194401651667,14.65138811028336,0.0,1414.1600341796875,471.3866882324219,,0.3919999897480011,0.2660032770622303,445.272925,486.062687,782.5291046421275,102.91004061936212,199.7095906922091,0.5556949648283767,0.3231994846193731,207980.62401715262
SPARSE_162,0,0,1,64,5,0,0,0,0,0,0,0.0,-22.995832905350007,14.595832554950029,0.0,352.84613037109375,352.84613037109375,,0.5522499904036522,0.2660032770622303,43.450893,279.857177,231.79824156844475,42.10417311709758,54.26828854834272,0.6420801217235279,0.0924650725574396,54436.17957660787
SPARSE_163,0,0,1,65,5,0,0,0,0,0,0,0.0,-23.029166238550005,14.462499222150026,0.0,353.7099914550781,353.7099914550781,,0.5522499904036522,0.2660032770622303,80.215791,160.371822,194.9921912288971,28.56774267771378,54.070303865284174,0.5358154522891291,0.0625476755222971,55189.07511370121
SPARSE_164,0,2,37,45,3,0,0,0,0,0,0,0.0,-23.295832904150004,17.095832544950028,0.0,432.0930480957031,432.0930480957031,AY,-0.0080000003799796,0.5087146425982105,31.753358,482.693186,350.8963280570097,69.08440061347193,48.23015551420199,1.062773221819669,0.0840525211234319,46926.95449482169
SPARSE_165,0,1,30,57,6,0,0,0,0,0,0,0.0,-23.304166237450005,17.070832545050028,0.0,467.8003845214844,467.8003845214844,AY,0.1519999951124191,0.5087146425982105,93.322925,491.727138,430.39813389554513,75.42973364396714,58.47106983315976,0.9941917937264544,0.2049573066897865,60447.83206765428
SPARSE_166,0,2,38,46,3,0,0,0,0,0,0,0.0,-23.312499570750006,17.187499211250028,0.0,444.9729919433594,444.9729919433594,AY,-0.0080000003799796,0.5087146425982105,58.803099,114.95285,140.89362691675757,20.58167116256574,47.29402557765915,0.4643122220848592,0.046186474889191,47891.66288001686
SPARSE_167,0,0,12,61,4,0,0,0,0,0,0,0.0,-23.504166236650004,18.78749920485003,0.0,385.5019836425781,385.5019836425781,AY,0.31700000166893,0.3872834970766038,128.277249,198.927107,258.9493189659226,37.79090189629132,53.991464168973664,0.6389478382894457,0.123013134520604,58459.71412218057
SPARSE_168,0,8,61,7,0,0,0,0,0,0,0,0.0,-23.504166236650004,19.895832533750028,0.0,377.5606994628906,377.5606994628906,AY,-0.5770000219345093,0.3872834970766038,29.206966,42.491058,58.992151466252224,8.217085153706982,17.67242818103016,0.6402858789006909,0.0284285445977322,14118.67449249121
SPARSE_169,0,0,32,30,0,0,0,0,0,0,0,0.0,-23.645832902750005,19.370832535850028,0.0,309.130615234375,309.130615234375,AY,-0.0860000029206276,0.3872834970766038,49.992338,88.267626,112.79183254647388,16.209440204502283,29.098237585430997,0.5766530457771171,0.0544012239079009,29198.860899206087
SPARSE_170,0,0,15,59,3,0,0,0,0,0,0,0.0,-23.662499569350004,19.412499202350027,0.0,383.1968994140625,383.1968994140625,AY,0.2639999985694885,0.3872834970766038,81.963639,143.015631,183.56516859842492,26.34172038097881,52.718032023794926,0.50221952566946,0.0837598497488442,55693.33782582405
SPARSE_171,0,0,89,61,0,0,0,0,0,0,0,0.0,-23.729166235750004,17.195832544550026,0.0,750.7830810546875,750.7830810546875,AY,-0.1319999945699237,0.2546576078675042,105.32512,151.537024,212.19529446894865,29.372802209614115,63.33513227601244,0.519997120583773,0.071642033921149,62453.74230381936
SPARSE_172,0,3,267,16,0,0,0,0,0,0,0,0.0,-23.79027734661667,16.63472143568336,0.0,1426.3001708984375,475.4333801269531,AY,-0.4779999852180481,0.2546576078675042,33.71453,544.212262,393.7869810761514,77.71567567617386,64.77490525705002,1.1920676321140753,0.0975581696659208,47919.15557579132
SPARSE_173,0,0,29,75,9,0,0,0,0,0,0,0.0,-23.920832901650005,18.054165874450028,0.0,563.74609375,563.74609375,AY,0.2449999973177909,0.4882743762182105,111.035106,252.889772,291.939471072804,43.85912175450062,76.1311932403651,0.5500276860723425,0.1607329383877928,79756.95995165789
SPARSE_174,0,0,125,192,0,0,0,0,0,0,0,0.0,-23.966666234800005,16.558332547100026,0.0,1584.873291015625,396.21832275390625,AY,-0.0020000000949949,0.2546576078675042,293.354176,756.761399,801.740313743656,128.09485608151277,170.51291301870089,0.6635886557545775,0.3911115940780679,176594.09695521402
SPARSE_175,0,1,1111,360,0,0,0,0,0,0,0,0.0,-24.04702337733572,17.12559444959288,0.0,7360.755859375,1051.5364990234375,AY,-0.2469999939203262,0.2546576078675042,397.445273,4751.349213,3553.955274998884,686.8593666408848,498.6197772091628,1.1368085013401048,0.8597450670308873,444078.6100392679
SPARSE_176,0,0,105,622,1,0,0,0,0,0,0,0.0,-24.07361067881667,17.58472143188336,0.0,3646.412841796875,1215.470947265625,AY,0.1990000009536743,0.2546576078675042,715.535363,1897.025093,2084.3605327995865,319.53761186470666,500.2192010498694,0.5781912763244297,0.9290298787474404,534937.5832195054
SPARSE_177,0,0,4,42,20,0,0,0,0,0,0,0.0,-24.137499567450003,19.120832536850028,0.0,330.2539978027344,330.2539978027344,AY,0.6899999976158142,0.4882743762182105,78.439562,151.318183,186.40725139105743,27.17461683543273,61.70397531277035,0.449421188194074,0.0614576503408914,65242.83234140186
SPARSE_178,0,3,48,33,1,0,0,0,0,0,0,0.0,-24.345832899950004,18.404165873050022,0.0,425.4973754882813,425.4973754882813,AY,-0.2000000029802322,0.4882743762182105,60.747174,89.399544,123.70223860926374,17.23785789702843,35.98059604967936,0.5322271779613951,0.06101729890086,35402.27849303479
SPARSE_179,0,0,0,135,0,0,0,0,0,0,0,0.0,-24.845832897950004,16.979165878750027,0.0,674.1134643554688,674.1134643554688,,0.5360000133514404,0.1220000071134724,160.092141,275.971909,355.7969469613092,50.99233627923674,99.53294003435778,0.5305264457725731,0.1758956992822045,101640.89750760033
SPARSE_180,0,0,20,145,155,0,0,0,0,0,0,0.0,-25.8833328938,18.124999207500025,0.0,1702.8577880859375,425.7144470214844,AY,0.9679999947547911,0.6635739043102441,519.011991,1588.739125,1576.328408787784,261.1139771531213,334.0096457734587,0.6544943888689883,0.7885120582901206,353334.4789671336
SPARSE_181,1,20,84,54,5,0,0,0,0,0,0,0.0,-25.99583289335001,17.766665875600026,0.0,817.9324340820312,408.9662170410156,AY,-0.3059999942779541,0.6635739043102441,110.888801,160.583832,224.6343313905581,31.06768364174491,65.80359416062461,0.5314997228528557,0.0781279280962647,64428.70488971311
SPARSE_182,0,17,136,158,27,0,0,0,0,0,0,0.0,-26.50972178018334,17.154165878050026,0.0,1699.7943115234375,566.5980834960938,AY,0.0089999996125698,0.6635739043102441,159.612852,1948.545162,1450.4653569293796,281.41707421059266,191.33255745834288,1.0756479195085995,0.3516520682971712,190448.56995325736
SPARSE_183,0,0,44,69,0,0,0,0,0,0,0,0.0,-26.629166224150005,15.179165885950027,0.0,562.2935791015625,562.2935791015625,,0.0140000004321336,0.3029519191792318,79.619368,142.133373,180.73543600096815,26.02731747782725,57.0623758526569,0.5029163772308887,0.085046635045512,55870.14498048883
SPARSE_184,0,0,1,298,132,0,0,0,0,0,0,0.0,-26.649999557400005,15.154165886050029,0.0,2158.07666015625,1079.038330078125,,0.7789999842643738,0.3029519191792318,546.199311,956.776659,1226.3539802549992,176.03045997133844,372.1915041468135,0.4882089250386073,0.5711052890992614,387122.5985807566
SPARSE_185,0,0,1,54,8,0,0,0,0,0,0,0.0,-26.662499557350003,16.262499214950026,0.0,314.3467102050781,314.3467102050781,,0.5910000205039978,0.3029519191792318,36.971618,510.603979,375.12900471671526,73.3526476599343,50.70526782563786,1.050743795355467,0.0902417853913669,50604.283969240845
SPARSE_186,0,0,12,52,2,0,0,0,0,0,0,0.0,-26.79583289015,19.645832534750028,0.0,325.1405334472656,325.1405334472656,AY,0.2469999939203262,0.3452554627304468,81.689373,115.752547,163.3023558770152,22.536273570052938,45.10446332539494,0.5127302791996777,0.0552722634735995,47974.61493181618
SPARSE_187,0,0,0,61,50,0,0,0,0,0,0,0.0,-27.95416621885001,16.762499212950026,0.0,557.120849609375,557.120849609375,AY,0.8989999890327454,0.2590896860090061,115.088528,865.962957,698.213245320066,128.61513060982932,118.86846011356728,0.8055975414345324,0.1890151858661251,125039.27074188422
SPARSE_188,0,0,32,344,88,0,0,0,0,0,0,0.0,-28.018055107483335,18.75138809388336,0.0,2321.216552734375,773.7388305664062,AY,0.5580000281333923,0.4254400113169603,919.677756,1880.949947,2187.8979764770525,333.5632659275773,397.9416897014631,0.7367559735239264,1.06370289143118,421999.12076662673
SPARSE_189,0,0,30,37,1,0,0,0,0,0,0,0.0,-28.120832884850003,19.83749920065003,0.0,343.54547119140625,343.54547119140625,AY,-0.0120000001043081,0.4254400113169603,53.390629,296.616929,256.56207694597765,45.18519737612046,35.91261251177606,0.9915151926903156,0.0694618648329531,36273.560434836465
SPARSE_190,0,0,21,48,2,0,0,0,0,0,0,0.0,-28.445832883550004,18.737499205050028,0.0,356.5671081542969,356.5671081542969,AY,0.1560000032186508,0.4254400113169603,127.445561,174.712397,248.0883268977165,34.35278867499247,42.59389265563311,0.7560211017419646,0.0918339215499813,45790.242122817
SPARSE_191,0,0,0,279,116,0,0,0,0,0,0,0.0,-28.548610660916673,16.434721436483358,0.0,1976.011962890625,658.670654296875,,0.7910000085830688,0.2590896860090061,390.974166,3475.467805,2692.134707760795,510.5231496118281,346.04203564390787,1.0707793082861097,0.6594321933668724,353010.8323736055
SPARSE_192,0,0,17,107,0,0,0,0,0,0,0,0.0,-28.554166216450007,16.412499214350028,0.0,623.333984375,623.333984375,,0.2150000035762787,0.2590896860090061,165.923426,248.119954,341.139658600709,47.62194769667477,80.72539167365588,0.6092138580814245,0.1566868968328887,82074.50427939207
