cat,h_tier1,h_tier2,h_tier3,h_tier4,h_tier5,hospital_1,hospital_2,hospital_3,hospital_4,hospital_5,schools,school_total_demand,lat,lon,distance_grid_km,pop_sum,density,cooling,rwi,rwi_std,pv (kW),battery (kWh),capital_cost (k€),o_and_m_cost (k€),battery_replacement_cost (k€),lcoe (€/kWh),salvage_value (k€),demand_year1_kwh
GHSL_1,0,11,119,4,0,0,0,0,0,0,0,0.0,11.116756725613362,-0.1042427509890649,12.85,669.098215103149,2836.62366253663,OM,-0.114,0.1751370840491474,18.032303,71.150521,67.37126296494117,11.259499922527615,24.477817919855102,0.653306036647025,0.019087517475762,16811.14029693072
GHSL_2,0,54,84,0,0,0,0,0,0,0,0,0.0,11.02543250567771,0.1334468099850616,0.33,690.374830245972,2340.69006169276,OM,-0.453,0.3876970327750518,25.849143,66.788289,73.43076393995443,11.288629292004584,18.469320952547132,0.919357403368326,0.0314462956106455,11954.045166837032
GHSL_3,0,12,149,5,0,0,0,0,0,0,0,0.0,11.002100294824054,0.137958618553313,0.93,831.450744628906,2596.14176001332,OM,-0.101,0.3876970327750518,45.84747,116.028686,128.59334648448225,19.68410380647089,29.80345307646235,0.9051462905769208,0.0631573815078641,20952.891331922896
GHSL_4,0,14,171,6,0,0,0,0,0,0,0,0.0,10.984234439008748,0.1439480986967209,0.3,952.601808547974,2691.05483112358,OM,-0.101,0.4026286705928697,52.201059,96.242667,120.13338528953962,17.471268528465966,34.174324128667486,0.7539793442074783,0.0388163446654433,24266.763508373577
GHSL_5,0,61,132,0,0,0,0,0,0,0,0,0.0,9.886439258654724,0.5292107603994896,36.19,968.238422393799,4239.8536664556,OM,-0.392,0.2843499791580681,22.665669,75.720933,75.23824947671875,12.262723886441265,26.928425530806447,0.7017449653707841,0.0215683070860785,17369.042738532382
GHSL_6,0,33,143,1,0,0,0,0,0,0,2,24000000.0,9.782241899812352,0.4585828216546884,33.09,887.692134857178,3885.76840517572,OM,-0.266,0.2157853765952962,175.050336,177.981681,241.19420727481605,31.09173438197546,42.340703250405205,0.6760179943425358,7.147572512673999,41919.33684026172
GHSL_7,0,31,106,1,0,0,0,0,0,0,0,0.0,9.74047557065994,0.6014760213052814,27.57,689.166223526001,2808.36120720626,OM,-0.311,0.3771311453961927,22.407769,60.667814,64.37399128483457,10.16731534437327,20.731451986491,0.7341215017853681,0.0193733567506729,13823.305736519042
GHSL_8,0,37,110,1,0,0,0,0,0,0,0,0.0,9.7203945782909,0.3566022985244813,26.93,739.698858261108,2648.91478574844,OM,-0.336,0.2157853765952962,16.18049,71.903458,65.8802137139653,11.051794546467743,22.09760759242477,0.720442782223629,0.5552782349781065,14562.066575985044
GHSL_9,0,0,36,130,1,0,0,0,0,0,0,0.0,9.691780772061836,0.5991293934721365,22.21,836.960729598999,5205.07677132657,OM,0.697,0.3771311453961927,199.645246,242.200489,363.2099623453298,49.4685788868906,101.20356897968064,0.503636976412726,0.1266790420040881,108677.15402283211
GHSL_10,0,29,111,1,0,0,0,0,0,0,0,0.0,8.371571926215351,1.6075642495465583,52.68,707.441667556763,2449.62418993602,OM,-0.289,0.1319080488239805,14.864126,111.600518,90.18922725911274,16.579287845460044,21.842665973782015,0.9606444030082664,0.0224933788704993,14260.657390548378
GHSL_11,0,40,126,1,0,0,0,0,0,0,0,0.0,8.297336928834552,1.3423915565117408,22.44,834.915187835693,3170.05037602399,OM,-0.323,0.2306590543528738,17.062164,75.129763,69.22497541586772,11.72966239630631,25.23994209220271,0.6879462867711607,0.0189347640925834,16442.574428442047
GHSL_12,0,151,103,0,0,0,0,0,0,0,0,0.0,8.273603816659929,1.5711194888818965,46.26,1268.39677524567,2985.86811498509,OM,-0.607,0.1319080488239805,28.196301,79.697264,82.36079939261472,13.256069382547754,28.98069798664834,0.7042847554482948,0.025118652656331,18844.002365348373
GHSL_13,0,136,202,0,0,0,0,0,0,0,0,0.0,8.249892451100715,1.551521651967846,43.82,1690.76888561249,3209.42284300054,OM,-0.46,0.1319080488239805,36.560216,122.494218,121.06467405530096,19.828796544085396,44.54513715077955,0.6867422113429659,0.0350699585495585,28762.30670717741
GHSL_14,0,79,100,0,0,0,0,0,0,0,0,0.0,8.201331129624647,1.5581271748098025,44.46,895.55082988739,3193.44597975777,OM,-0.49,0.1319080488239805,19.655771,62.267737,62.48849989859315,10.165831145577268,22.931888740360115,0.6862662472616239,0.0183282434093044,14836.06761122637
GHSL_15,0,43,79,0,0,0,0,0,0,0,0,0.0,8.194227234109167,1.5990884206439488,48.83,611.038235664368,2876.15079154798,OM,-0.423,0.1748628834570809,14.33317,48.903429,47.94790327291384,7.895143542976078,16.581561382870035,0.7191374802699978,0.0137752923815335,10727.315595728363
GHSL_16,0,77,149,0,0,0,0,0,0,0,0,0.0,8.179424888348725,1.563558225814031,44.6,1131.11666870117,3095.07457430333,OM,-0.413,0.1748628834570809,26.325806,91.56392,89.33475189142926,14.741326759091836,30.97076396663985,0.7184233197369403,0.025282510844477,20022.67691095972
GHSL_17,0,107,54,0,0,0,0,0,0,0,0,0.0,8.172202931110611,1.3260188436941085,19.43,803.547470092773,2701.31770155404,OM,-0.663,0.5564930367938129,23.852349,42.951576,52.386858281099194,8.530597055062234,17.39608581086474,0.7309576844684099,0.758247532945366,11303.648625199687
GHSL_18,0,66,80,0,0,0,0,0,0,0,0,0.0,8.119167488371911,1.514403609509278,36.95,733.192370414734,2974.411239005,OM,-0.498,0.1319080488239805,14.760113,51.102601,50.08207990585667,8.232598869654256,18.604588382131936,0.6820775914766121,0.0143331935752455,12012.125489702032
GHSL_19,0,26,173,3,0,0,0,0,0,0,0,0.0,8.049807349739662,1.5656414566876655,40.55,1008.01215267181,2823.06312273714,OM,-0.197,0.1748628834570809,25.02918,108.673667,100.09105333902022,16.748910125553184,33.18037971781146,0.7097443010781418,0.8544087275634967,22390.674567664737
GHSL_20,1,117,38,0,0,0,0,0,0,0,0,0.0,8.036982918449091,1.4854248349519503,31.6,774.241707801819,2937.60749957057,OM,-0.744,0.1748628834570809,21.857341,39.091441,48.75895436943766,7.97575039576352,15.610654939222878,0.7523755829087041,0.8199685142710942,10128.03020070785
GHSL_21,0,22,165,3,0,0,0,0,0,0,1,12000000.0,7.979567427115869,1.1917502636285509,1.05,950.789789199829,4141.41322321895,OM,-0.18,0.1862546750776101,66.053822,435.82393,308.4866413834545,53.995483044730925,39.810763032284626,1.1583756920395651,4.4346474176216075,33322.499977735395
GHSL_22,0,15,105,2,0,0,0,0,0,0,0,0.0,7.967129005068944,0.9821755145845174,0.32,609.671085357666,2868.02815645144,OM,-0.185,0.2116213965174478,19.80288,60.434692,61.72488718933791,9.925088849320218,20.114937616315835,0.713854183276516,0.0186007816545032,13692.367582260378
GHSL_23,0,30,131,1,0,0,0,0,0,0,0,0.0,7.948303492807459,1.5870052124989864,42.53,809.236536026001,2265.7696996222,OM,-0.267,0.1748628834570809,28.635764,69.817927,78.2965171943336,11.930232517231078,24.67914948781554,0.7430875654951105,0.0245763869565375,16470.579223268716
GHSL_24,0,10,150,7,0,0,0,0,0,0,0,0.0,7.939702064044394,1.0493977967389372,7.73,830.629228591919,2325.59811794987,OM,-0.062,0.234444023169711,53.042175,203.037802,194.752006794464,32.25753590996374,30.137955335238978,1.2297735056762529,0.0554974126170526,22272.187304292074
GHSL_25,0,17,131,3,0,0,0,0,0,0,0,0.0,7.931506483645936,1.197837502698846,0.36,753.716891288757,2859.06021943661,OM,-0.171,0.1862546750776101,28.319687,143.356687,126.81470263898598,22.040133513506387,25.15087816732814,1.0653892999396537,0.0343818548744158,17396.777052889724
GHSL_26,0,87,71,0,0,0,0,0,0,0,0,0.0,7.892824889801031,0.8105413178967532,18.62,792.326623916626,3005.51779775979,OM,-0.573,0.2471059176220528,20.443396,52.217636,56.9204597597501,8.793341345339071,18.55934679853793,0.7394099335876256,0.1884019924672713,12115.221931215023
GHSL_27,0,48,197,2,0,0,0,0,0,0,0,0.0,7.861950342061606,1.1909777289501868,1.37,1230.10500812531,2537.12551331218,OM,-0.276,0.2364095086039093,34.777184,110.068069,110.9759116133268,17.972538138793695,38.09262164232784,0.7029514695814656,0.0326167645204815,25311.189362943413
GHSL_28,0,23,92,1,0,0,0,0,0,0,0,0.0,7.774982286253417,1.3541002178495836,16.13,575.607661247253,2255.42753515636,OM,-0.281,0.3441681514487578,18.11527,50.626428,52.45401081485975,8.73698442633771,17.980539970891314,0.7050824643907623,0.3961095340730122,11902.83144459237
GHSL_29,0,5,139,11,0,0,0,0,0,0,0,0.0,7.736613671815363,1.1961530803583211,0.56,774.327199935913,4333.88855271181,OM,0.015,0.2364095086039093,23.93484,174.104228,141.04759276684197,25.925042464638587,32.18386296521343,0.8834670179608667,0.0361271700656309,24011.804057515074
GHSL_30,0,7,153,10,0,0,0,0,0,0,0,0.0,7.718241911821895,0.7973452973820809,20.09,845.956364631653,3107.20926125284,OM,-0.009,0.3436142697481349,33.403746,95.39589,98.7080327690666,15.839588229046145,33.44588473286037,0.6348669775673591,0.0306909471829549,24829.574967127082
GHSL_31,0,2,114,19,0,0,0,0,0,0,0,0.0,7.598342381337665,0.718083323354385,21.59,675.728422164917,2405.93666030323,OM,0.141,0.1860536276754785,48.046759,84.684107,105.64778588444152,16.038379761308388,32.7729105119055,0.5958256870628078,0.518371351545954,27525.403044465424
GHSL_32,0,1,191,74,0,0,0,0,0,0,0,0.0,7.446727989066717,1.1617883824375133,1.65,1328.11565685272,3250.21451714222,OM,0.285,0.3227387941450533,115.760172,212.775418,261.9052557169956,38.6531321403312,85.59058591136527,0.5170400281151851,0.0869614196659872,79548.56365224392
GHSL_33,0,49,229,2,0,0,0,0,0,0,0,0.0,7.359074787580208,1.5674664620014451,2.12,1400.25318908691,3224.42100811006,OM,-0.254,0.200941669583236,34.996072,132.588222,126.89241457947077,21.09416686524803,43.834524038500795,0.7090489866450033,0.0355156761984287,28816.36328085576
GHSL_34,0,11,155,6,0,0,0,0,0,0,0,0.0,7.302405639623299,0.7043818275460506,37.96,862.880670547485,2894.9768458513,AS,-0.081,0.2044356925317895,34.260669,277.136418,220.11108414274668,40.95696883884455,30.69289552730258,1.4035089022525993,0.0555660210722528,22142.60484911207
GHSL_35,0,63,173,1,0,0,0,0,0,0,2,24000000.0,7.277505013754885,1.62704998723796,1.86,1186.36259269714,3165.76097189883,OM,-0.348,0.1565229380873989,151.272703,189.952445,233.08336532242376,31.400522932019047,50.05307338366341,0.6174537245381354,6.031313174780693,46692.517775251734
GHSL_36,0,20,210,6,0,0,0,0,0,0,0,0.0,7.269367563497209,0.7988167972646579,40.66,1181.16692447662,3301.98685116217,OM,-0.124,0.4026286705928697,30.269587,118.364669,112.72501274004082,18.75308819136297,41.63641879875066,0.6478125970365464,0.0322568098322417,28464.438066342762
GHSL_37,0,11,158,6,0,0,0,0,0,0,0,0.0,7.260953765657316,1.617396451771917,0.1,879.098340034485,2867.1361200295,OM,-0.076,0.1565229380873989,36.33878,88.928343,98.95761675897872,15.18479408901371,31.284114477050345,0.6917885866575896,0.0311405463073208,22391.16381390774
GHSL_38,0,67,100,0,0,0,0,0,0,0,0,0.0,7.245685335977284,1.625474932978235,0.41,836.493538856506,3507.66340787545,OM,-0.459,0.1988736098654242,24.256578,58.814264,64.78205399656764,10.060641235449276,21.76608142154052,0.723538265490582,0.0205516683057584,14222.04732242237
GHSL_39,0,1,140,34,0,0,0,0,0,0,1,12000000.0,7.236202564748731,0.7906784208044507,43.29,877.333956718445,2943.11593216541,OM,0.201,0.4026286705928697,88.511898,579.006941,435.91546459085384,78.98567695675435,57.33922887594899,1.0539454595049866,3.5548725861298456,54216.013003471126
GHSL_40,0,51,118,0,0,0,0,0,0,0,0,0.0,7.204983749839927,1.59636826981837,5.71,845.623335838318,3008.32936967106,OM,-0.377,0.1988736098654242,22.759482,65.88213,68.20214661189885,10.914197334098702,23.667368376040024,0.7134066487141995,0.0200755010057385,15346.231731805043
GHSL_41,0,57,79,0,0,0,0,0,0,0,0,0.0,7.195613321147166,1.1691874464879586,3.16,683.17400932312,2227.61542605131,OM,-0.474,0.3536078614716905,14.865276,48.512297,49.02958594505913,7.884159751739327,17.731977476154967,0.6947942768234568,0.0142150235222761,11443.67259933303
GHSL_42,0,3,185,26,0,0,0,0,0,0,0,0.0,7.187856750111457,1.583478142556019,8.06,1070.19916629791,2921.51105817615,OM,0.111,0.2604462583109342,42.171387,395.673122,304.3142854886939,57.92616781659567,51.08273234065724,1.0787955717214377,0.0794303895205163,40809.99890464046
GHSL_43,0,24,180,3,0,0,0,0,0,0,0,0.0,7.030205472636341,0.6187528207732856,60.13,1037.38856315613,1995.59152297927,AS,-0.177,0.4026286705928697,30.223686,273.191177,212.40427818401028,40.08912753594758,34.14591308912216,1.3194669934253198,0.0521706881174199,23139.694383006572
GHSL_44,0,2,121,18,0,0,0,0,0,0,0,0.0,7.017487700225013,0.6894709865272102,52.35,708.570297241211,2682.129354919,AS,0.124,0.4831618129507924,35.301673,322.704137,251.62754929270145,47.49431765540351,33.34232665813934,1.2857906367647054,0.0732968067175415,27540.910958355085
GHSL_45,0,127,52,0,0,0,0,0,0,0,0,0.0,6.972399587649715,1.4701283344262284,6.22,896.374270439148,2697.01427508635,OM,-0.7,0.1872467802132096,26.047861,45.134537,56.57802923560178,8.9508569691566,18.6272825769433,0.7346042356674507,0.6460639108382807,12111.140425674355
GHSL_46,0,107,76,0,0,0,0,0,0,0,0,0.0,6.974765977820971,1.3070570553345138,4.71,913.261480331421,2820.13574874758,OM,-0.599,0.1977530936157107,24.389167,53.944049,61.39492125679946,9.400093850777342,20.94848136412921,0.7144177416394617,0.0192397774065707,13678.277448051696
GHSL_47,0,45,129,1,0,0,0,0,0,0,0,0.0,6.859842487107955,1.215433052177055,2.29,874.030796051025,2384.59614999789,OM,-0.34,0.4026286705928697,37.456883,70.767771,85.46027215291953,12.77181680394764,25.29176110570558,0.7729267483287499,0.0271556787518562,17022.229236741718
GHSL_48,0,20,117,2,0,0,0,0,0,0,0,0.0,6.769564760390068,1.1760090898402549,0.8,692.612501144409,2620.49480959346,OM,-0.216,0.4026286705928697,22.943455,64.191767,66.95473541708412,10.695983479704912,22.46057200504309,0.6995380374278,0.0201839283139904,15243.461454454047
GHSL_49,0,23,220,6,0,0,0,0,0,0,0,0.0,6.73151775013759,1.1739867598764788,0.93,1243.00077915192,2858.28125918804,OM,-0.14,0.1216223709159458,63.188114,117.720602,143.17884793073793,21.316636243851637,41.91007332425445,0.7402992145027321,0.0457535052731192,29697.319876203765
GHSL_50,0,9,116,4,0,0,0,0,0,0,0,0.0,6.653752558315507,1.540546289705112,8.53,645.959292411804,2227.81457762597,OM,-0.089,0.3746260270627799,23.529481,74.305361,74.48971034472073,12.136735481185086,22.91674246356053,0.7218462580291211,0.0226222844929229,16164.058325109718
GHSL_51,0,14,151,4,0,0,1,0,0,0,0,0.0,6.602016822008268,1.1032568503099722,9.79,848.60812664032,1631.09492712485,OM,-0.124,0.3248125567637475,73.860661,121.093902,154.7938788410889,24.35601801406999,40.02241649680726,0.6707823785219797,1.8551562920625544,34515.31239998951
GHSL_52,0,6,109,6,0,0,0,0,0,0,0,0.0,6.49359818953707,1.328647348876536,7.45,604.138370513916,2082.84791974569,OM,-0.041,0.2069024186527043,28.503983,62.213074,72.02113981020122,10.871426780248903,22.667545574848617,0.6674210946269687,0.0225689491677111,16846.376012372053
GHSL_53,0,48,96,0,0,0,0,0,0,0,0,0.0,6.3312566881463335,1.582125255746056,2.59,721.408883094788,2167.61993630844,OM,-0.406,0.1584466282599453,28.107507,52.998657,63.94290376278071,10.03076783270869,19.504937948471117,0.7724691512440583,0.5380488591515855,12818.097836752035
GHSL_54,0,2,213,42,0,0,0,0,0,0,0,0.0,6.250027543993732,1.4479588266225052,13.98,1290.29609203339,3149.52180246384,OM,0.169,0.2344780839322517,150.321647,173.472747,264.669685892186,41.3991304978163,64.98129182751782,0.6886433376233518,5.760808363437648,56512.17721929085
GHSL_55,0,1,163,42,0,0,0,0,0,0,0,0.0,6.244872506783598,1.5565434952520816,11.19,1033.21029090881,4323.4174027484,OM,0.212,0.3125412002347333,69.901049,244.956968,235.31194646160873,38.97225073698508,57.75657808520265,0.6804653300109692,5.886962480573192,51064.12517359049
GHSL_56,0,0,10,142,6,0,0,0,0,0,0,0.0,6.202919816430828,1.2150392667327885,0.25,788.291912078857,8396.35630908939,OM,0.924,0.4026286705928697,163.635893,506.88627,507.7816834222654,81.9179810089294,112.14725815454308,0.6082739241062223,4.2833299619004865,122175.47755291378
GHSL_60,0,41,156,1,0,0,0,0,0,0,1,12000000.0,9.784048843266271,1.123921475184316,2.16,989.13728761673,927.82128985535,OM,-0.289,0.4026286705928697,84.697094,120.109733,143.70167165940953,19.94313873071691,37.69405744513288,0.6042284360915222,2.830570397346321,31731.873228622393
GHSL_61,0,9,144,7,0,0,0,0,0,0,0,0.0,9.613768820367332,1.1654347732501549,1.36,796.406586647034,1221.84792483493,OM,-0.059,0.4026286705928697,20.326624,207.050332,158.68134889242057,30.18277842716748,30.4331803448369,1.0828457839929917,0.0240724595161687,21573.39290429574
GHSL_62,0,15,646,75,0,0,1,0,0,0,1,12000000.0,9.597728835169349,1.1582078724806446,3.05,3681.27531099319,1819.47125793501,OM,0.081,0.4026286705928697,299.815036,505.914506,631.6877003167396,92.2656063552638,179.25938553946372,0.6013508528795951,1.4484871433036768,156489.84939315953
GHSL_63,0,0,500,836,2,0,0,1,0,0,0,0.0,9.761769370972228,1.115189967206493,0.56,6691.80841016769,1722.93693509263,OM,0.558,0.4026286705928697,1819.046164,2042.475898,3202.5685267034382,461.1588885676225,840.9420802827093,0.540300621639804,33.05147535704546,881715.8932683303
GHSL_64,0,79,132,0,0,0,0,0,0,0,0,0.0,9.745796410553382,1.0930160110664846,2.5,1054.40408468246,703.980763908617,OM,-0.439,0.4026286705928697,24.177882,78.347158,78.2133170171555,12.746511894835828,28.278267474769308,0.6944082584222431,0.0231023671839909,18290.073171738382
GHSL_65,0,5,992,371,0,0,0,0,0,0,0,0.0,9.764862932360671,1.1064524848556068,1.12,6840.50191354752,1456.61695845235,OM,0.279,0.4026286705928697,743.804552,1101.303992,1490.681051934768,222.23794064996915,433.7117327102744,0.5653543847682839,10.528862286767463,402532.2054284742
GHSL_66,0,1,715,573,0,0,0,0,0,0,0,0.0,9.615581411111243,1.1509516299437816,2.89,6442.87905979156,1665.47000967856,OM,0.42,0.4026286705928697,427.463165,5332.746339,3953.946440828899,768.936401209329,567.3086509763833,1.0567067098631433,1.9456954412956755,533158.83042405
GHSL_67,0,266,1354,16,0,0,1,0,0,0,0,0.0,10.553488567995627,0.3054368482202851,6.6,8178.37311172485,3135.84933874668,OM,-0.24,0.4026286705928697,396.395379,758.615403,927.1483487053536,136.49601456581388,271.40736345202976,0.7515997577534174,0.3030601270093971,189196.15365323532
GHSL_68,0,358,931,4,0,0,0,0,0,0,0,0.0,10.566892481357568,0.3077092654298879,5.83,6465.54413890839,2386.47891619361,OM,-0.358,0.1977068436475722,268.887757,522.313852,634.1064921701344,93.65434671973966,187.72168585755205,0.7894455126935073,0.2018507610029992,123518.37533408451
GHSL_69,0,2,363,130,0,0,0,0,0,0,0,0.0,9.631498288210322,1.1394022700693267,3.28,2470.88541126251,2070.1724759544,OM,0.271,0.3910380964650329,118.008349,1413.201295,1055.9730637207106,204.34412785008087,161.91157167981737,1.0615373006230389,0.1216075648982032,142723.83322050577
GHSL_70,0,3,558,209,0,0,0,0,0,0,0,0.0,9.793209311193246,1.101818821125951,0.21,3845.6913690567,1583.71432366773,OM,0.279,0.4026286705928697,418.960689,620.03326,839.43497755726,125.1688964457338,244.2034046556683,0.5653180296596547,5.956899361395566,226682.613757377
GHSL_71,0,664,2156,13,0,0,1,0,0,0,6,44563600.0,9.584318298105408,1.2289002894259566,0.94,14165.8831124306,2015.95527165668,OM,-0.318,0.4026286705928697,325.39185,3711.056043,2654.248589004815,504.6739431445856,476.8413705824115,1.10910091463949,12.348387150436826,335914.62060564396
GHSL_72,0,0,1120,1763,3,0,2,0,0,0,5,40318900.0,9.534788727036442,1.1757880385626471,1.55,14432.1991686821,2410.91843561211,OM,0.547,0.4026286705928697,3509.997545,3831.570863,6004.531407793105,868.6245149801925,1515.3727282834298,0.5512570351209267,69.80763835261872,1596705.2917580265
GHSL_73,0,44,467,13,0,0,0,0,0,0,0,0.0,9.364931956696502,1.240268190963585,1.27,2623.58250331879,2419.45658504353,OM,-0.123,0.3330885775486118,126.803846,259.464299,306.66053986600116,45.97966875320997,89.02598226119858,0.7466871394604858,0.100085269593349,63002.313467201544
GHSL_76,0,1,195,81,0,0,0,0,0,0,0,0.0,8.108440835456463,1.3561429215228258,20.76,1386.42172050476,4408.33615422817,OM,0.298,0.2306590543528738,153.723371,226.5576,308.61448075195364,45.1785612003166,90.80156730580572,0.5517891357994271,1.5019364934921933,85550.1670126966
GHSL_77,0,65,161,1,0,0,1,0,0,0,0,0.0,8.099693752768358,1.35017153766974,19.71,1133.7345085144,4446.01768044864,OM,-0.366,0.2306590543528738,67.941888,133.184079,160.08375874883131,25.1550404640349,43.41612202482344,0.6762994682017559,1.2859554115697087,35817.1956513285
GHSL_78,0,20,435,26,0,0,0,0,0,0,0,0.0,7.5460398225112275,1.099224019757344,0.44,2408.25589561462,3408.7516675925,OM,-0.018,0.3030088007522774,69.667977,506.120076,410.5042384781645,75.34779309933512,94.7558913343944,0.9006454065052022,0.1305888984904906,68664.27942194621
GHSL_79,0,0,62,72,0,0,0,0,0,0,0,0.0,7.527114093323297,1.0992005572702737,1.31,670.480886459351,3938.44505673961,OM,0.489,0.3030088007522774,55.829161,420.16987,339.61885584804435,62.40713435625289,65.4709170941507,0.7782759417947428,0.093030403990903,63982.048903204195
GHSL_80,0,0,34,55,0,0,0,0,0,0,1,12000000.0,6.957935525464668,1.177926660041106,1.49,446.520128250122,4365.83488061835,OM,0.549,0.4866335997252887,68.180311,460.479413,345.59602178173645,61.54443732631642,57.21488512445711,0.7836719027900153,3.1278224457197945,59433.00922304081
GHSL_83,0,0,608,856,1,0,1,0,0,0,3,36000000.0,6.665319339900249,1.415609937483702,14.43,7326.36306476593,3520.88158235068,OM,0.526,0.4584161175907917,1358.943262,3426.173885,3539.836373714853,564.4409520776915,761.2616171688104,0.6325718622520812,66.68762105527813,798408.3885370501
GHSL_84,0,0,17,85,1,0,0,0,0,0,1,12000000.0,6.60921368260834,1.3935840912488051,13.8,518.032470703125,4338.41239722564,OM,0.751,0.6020542611204852,130.659516,422.27101,383.0713498889367,62.276452283514445,74.9251978575776,0.6373595803561032,5.242824033900855,82820.14274500802
GHSL_85,0,97,150,0,0,0,0,0,0,0,0,0.0,6.604907008043703,1.4071190790521642,12.29,1233.2551612854,3907.98693578158,OM,-0.453,0.6020542611204852,35.62267,104.758479,106.85982706267724,17.30883986492371,32.522013424122406,0.7889738198157653,0.031706076100304,21153.98173273239
GHSL_86,0,1,257,161,0,0,0,0,0,0,1,12000000.0,6.607576354341232,1.4985283379827787,3.43,2090.27932739258,3713.31913470366,OM,0.374,0.4026286705928697,238.259422,784.357725,734.6890804748904,120.32114756370592,168.99206063464976,0.6318714667973432,8.80991866610446,167897.76204900214
GHSL_87,0,30,161,2,0,0,1,0,0,0,0,0.0,6.53477844592977,1.367655583715894,11.1,963.209613800049,2971.58516011615,OM,-0.231,0.2499619970309632,78.129975,140.086159,175.6270096101451,25.69415546154051,40.80227956055363,0.7402699386953067,0.1630183633559664,34821.9963802295
GHSL_90,0,0,172,267,0,0,0,0,0,0,7,44639000.0,6.4611115144111215,0.9100903566225332,22.08,2198.79876708984,2321.72971187416,OM,0.544,0.4449797320878674,376.308596,1443.293553,1253.205000189913,204.1151517973209,259.67796106823573,0.6248257541306642,29.000983167489014,275654.3752652715
GHSL_91,0,2,887,481,0,0,1,1,0,0,6,46184800.0,6.438162671485429,0.9253730616704358,19.67,6853.9368057251,2282.16260898978,OM,0.347,0.4026286705928697,739.142143,4785.186543,3834.555455309001,690.5353965535166,713.9818580818542,0.7825744067661387,12.69299296043702,698918.8511848643
GHSL_92,0,0,44,381,8,0,0,0,0,0,1,12000000.0,6.421650940207167,1.1931539522170829,0.71,2168.84617900848,1629.49602928378,OM,0.843,0.4026286705928697,836.873448,775.217658,1298.0032375200956,191.5113189659189,300.8938526780563,0.5613780054921826,30.51611536241105,330718.596229104
GHSL_93,0,0,15,1885,474,0,0,0,0,0,0,0.0,6.385454085482492,1.2041332259188864,1.29,11871.7937445641,2222.6695323595,OM,1.212,0.4026286705928697,2899.849585,8533.015072,8610.018852329353,1400.508055164475,1969.3538553536916,0.5940615705479921,35.80054668034049,2142006.040072599
GHSL_94,0,0,3,116,10,0,0,0,0,0,3,6698400.0,6.423204634923154,1.212567370930583,2.26,650.031089782715,2930.28548533446,OM,1.042,0.6668395757459169,214.388105,367.933077,449.1227734469768,65.04789684660697,100.61380871506024,0.5627353251241105,9.141166129763924,112835.39713353329
GHSL_96,0,0,23,96,1,0,0,0,0,0,0,0.0,6.378752514556846,1.4279244925994932,2.35,597.263380050659,3181.56984142132,OM,0.721,0.4026286705928697,97.92481,346.870968,329.7189857465414,55.394320094692056,75.80577322241527,0.610310429448691,1.3655088381392706,80220.39417484337
GHSL_97,0,0,108,78,0,0,0,0,0,0,0,0.0,6.348313070108967,1.540129334573889,7.23,931.244739532471,3897.66092787862,OM,0.401,0.3871799690057626,152.296511,214.37229,296.3938602837963,45.16543682496842,74.13133213330117,0.59448021916797,4.32197300214008,73721.34132391623
GHSL_98,0,0,849,1308,2,0,0,0,0,0,2,20356700.0,6.313213693002848,1.2446000058023834,3.12,10796.4829530716,1449.17215096997,OM,0.543,0.4026286705928697,2080.213515,3720.172557,4506.739618987346,697.2586192646176,1102.4720663140308,0.5697480813478792,97.5009271682019,1155465.0942841545
GHSL_102,0,10,1696,552,0,0,0,0,0,0,0,0.0,6.272093501800235,1.277180536191897,2.15,11286.655898571,1979.65855046138,OM,0.254,0.4026286705928697,1201.561604,2406.997047,2815.017742741341,429.4190052220763,670.620246062127,0.6622085219710117,43.89280646114135,622796.6456089332
GHSL_103,0,0,81,133,0,0,0,0,0,0,0,0.0,6.209937273940484,1.489872322993584,18.75,1069.56642532349,2506.30679630577,OM,0.556,0.4026286705928697,240.958863,311.672375,450.1484140890475,69.69531869689911,109.71247071447006,0.5784598105443106,7.477630966229296,114570.15221743101
GHSL_110,0,0,10,92,2,0,0,0,0,0,0,0.0,6.200854932997973,1.4075453466356258,12.29,522.154228210449,3398.77776612933,OM,0.859,0.558995931554948,132.927,280.776664,319.5136891847366,49.65976216754056,70.65240924580625,0.599821792973043,6.381944235291017,76985.7083028438
GHSL_111,0,0,53,486,12,0,0,0,0,0,0,0.0,6.193294584620086,1.4006262591786904,11.31,2752.18888187408,3358.6009058315,OM,0.854,0.558995931554948,742.105607,1425.042929,1687.3797741435922,257.6730789384456,373.7255388741213,0.5944147824333386,38.78202687202987,408642.9323984648
GHSL_115,0,3,184,28,0,0,0,0,0,0,0,0.0,9.698527768564126,0.616160779348938,22.85,1071.78846168518,3724.82453616497,OM,0.122,0.3771311453961927,84.483918,197.965498,225.94340633261015,34.075977221947376,50.91239978924908,0.7828748581043087,0.1425272406483061,42293.4477066998
GHSL_116,0,4,904,351,0,0,0,0,0,0,1,12000000.0,9.685697445614776,0.6158489464395547,21.53,6293.63292694092,5164.19264439255,OM,0.286,0.3771311453961927,764.305032,1676.869332,1938.0301767779636,288.809122922768,414.8594576695978,0.7160947432770571,4.572829883666761,389068.65725121245
GHSL_117,0,0,164,562,4,0,0,0,0,0,0,0.0,7.527357409725624,1.151858722342013,0.49,3649.67385673523,6596.43192729763,OM,0.688,0.5756823768007575,675.975241,1143.484127,1487.1325009152586,212.0717489200686,444.67050505318537,0.4855480350600678,0.5140667465729715,470286.4855589806
GHSL_118,0,8,1058,289,0,0,0,0,0,0,0,0.0,7.531841511169569,1.1598928022344983,1.58,6769.86816596985,3355.83230523394,OM,0.223,0.4026286705928697,408.751412,1053.945307,1151.1741533528725,178.19771665900765,390.8556629821509,0.5317763340700166,0.3485326805204663,344562.75146039244
GHSL_119,0,124,772,12,0,0,0,0,0,0,1,12000000.0,7.51401291181284,1.1310423963587777,1.2,4538.92893600464,4265.9106541397,OM,-0.207,0.5761113073235349,170.528452,506.797249,490.17348170974384,79.53798882588532,155.82463058013724,0.6675788528797602,8.121192823795235,111221.07954974564
GHSL_120,0,0,56,102,0,0,0,0,0,0,0,0.0,9.461413642524196,0.8183913649044803,0.95,791.748950958252,2397.12541655162,OM,0.576,0.440237543583973,121.042645,354.046326,360.97006035176486,57.483198265913714,84.89391514415826,0.6068947716801062,6.575940059055187,87205.21999798827
GHSL_121,0,302,4926,229,0,0,4,0,0,0,32,115972100.0,8.971486043904244,1.158400138488553,0.61,27284.0531835556,3433.47502534355,OM,-0.057,0.4026286705928697,1816.432821,3281.742167,3996.313096309407,578.4730275786906,1113.9201528995206,0.6471192540531692,14.235808326029987,902610.0534333579
GHSL_124,0,0,38,33,0,0,0,0,0,0,0,0.0,6.9385627162804,1.1620685411377083,3.85,359.293004989624,3832.3360851346,OM,0.436,0.4866335997252887,60.305081,74.725415,111.29292713345792,15.158401592182482,29.922188885612957,0.5486070808495863,0.0383420558895984,30359.508454226096
GHSL_125,0,0,44,147,1,0,0,0,0,0,0,0.0,6.437205915448712,1.196826784266883,1.24,959.118829727173,2081.74634432284,OM,0.682,0.4026286705928697,260.577232,322.33904,469.4028674304329,70.55566201395955,115.03894145377409,0.5592788258669488,8.938580893599942,123067.44045747549
GHSL_126,0,0,49,310,5,0,0,0,0,0,1,12000000.0,6.337022292325212,1.5163318299995547,9.83,1816.63152885437,3734.99690336253,OM,0.793,0.3871799690057626,635.522007,770.778344,1105.0344424184036,174.3058143862215,249.6657337702306,0.5832928772908871,28.95979272222118,270710.2341903071
GHSL_129,0,0,482,2199,21,0,0,0,0,0,7,5691700.0,6.205680002669961,1.4329781288237522,14.51,13508.4707231522,2496.31906014639,OM,0.738,0.4026286705928697,3175.395551,6784.434502,7667.406285745494,1195.7141155660734,1700.378674261863,0.6033545961677967,157.81025806155716,1835823.902644959
GHSL_130,0,6,1033,319,0,0,0,0,0,0,14,32620600.0,7.53530979889625,1.1208121077462505,0.17,6793.37383365631,4988.0858153609,OM,0.245,0.4026286705928697,807.951352,1400.531308,1662.1446441155647,258.36115016044687,427.2368364394128,0.6024483163653092,45.434611521079816,398253.37066350627
GHSL_131,0,0,11,137,5,0,0,0,0,0,0,0.0,9.659000365714473,1.3035194465024098,0.6,764.724535942078,3115.52594331399,OM,0.903,0.4026286705928697,233.544401,350.525444,471.7247251350756,66.07922541972569,105.98111185587136,0.583100562610802,3.67023913390044,116953.67219850732
GHSL_132,0,0,0,108,89,0,0,0,0,0,0,0.0,8.982846921770749,1.1218341416196798,2.91,984.899753570557,2700.86376849034,OM,1.427,0.9990189778498564,388.302979,530.608643,761.1449635615503,104.4185968858668,188.0741103228914,0.5442405120533254,0.277368888626384,206198.50833078087
GHSL_133,0,0,173,489,2,0,0,0,0,0,0,0.0,8.180960732181976,0.966190981343352,1.37,3324.89295196533,2590.86529354837,OM,0.654,0.6639160937541732,723.139415,1009.401816,1438.729762201039,197.38680021092028,387.009413399556,0.5249697768012898,0.4978841000662188,410469.76457803143
GHSL_134,0,3,141,17,0,0,0,0,0,0,0,0.0,7.653297916479196,0.7841950018312167,21.53,803.840925216675,4106.8866561931,OM,0.088,0.1860536276754785,30.436613,133.300902,121.8576477412098,20.615249505553663,36.5003611254418,0.6570008202109018,0.7530965124818187,28899.50211772243
GHSL_135,0,0,3,236,39,0,0,0,0,0,0,0.0,7.496981501221048,1.151415496917576,2.17,1392.38402938843,4673.68430917168,OM,1.14,0.5761113073235349,389.254653,543.05392,768.4647924197873,106.21275764603024,220.7973728256714,0.4845393146411328,0.2607004825136752,240807.213874444
GHSL_136,0,0,3,230,38,0,0,0,0,0,0,0.0,7.496958052319481,1.1618032484681375,1.77,1353.89016246796,3001.0687740902,OM,1.14,0.5761113073235349,379.352961,529.246629,748.9199151584608,103.51200420323782,215.18409961828135,0.4845427106549039,0.2533852881704912,234681.77760835885
GHSL_137,0,0,164,143,0,0,0,0,0,0,0,0.0,6.9400963687013535,1.1508793749293484,4.95,1536.19650936127,3218.59445316301,OM,0.436,0.4866335997252887,261.16958,323.534667,481.9300673579962,65.63585311673249,129.5545685417433,0.5485036310018329,0.1662851142557196,131485.91151913573
GHSL_138,0,6,154,12,0,0,0,0,0,0,0,0.0,6.446382388343435,0.9088007950003452,21.46,857.366572380066,2644.43017118238,OM,0.015,0.4449797320878674,26.337935,193.549579,156.72303410285127,28.798520968847093,35.585695560140316,0.8894930227229456,0.0402755440807513,26477.73075931809
GHSL_139,0,0,15,98,1,0,0,0,0,0,0,0.0,6.388348661151452,1.4392151173869638,3.26,572.648202896118,4194.85615107916,OM,0.794,0.3510289623940204,98.453334,349.76395,332.2847180743735,55.80341600363342,75.95925566463154,0.6088884170462929,1.4044967600914122,80948.2792605407
GHSL_140,0,0,9,143,6,0,0,0,0,0,0,0.0,6.349625037490485,1.5253436398179412,8.85,792.165033340454,4036.32461869496,OM,0.938,0.3871799690057626,253.348402,347.578253,482.6912866966717,75.24768161533218,113.52106015511067,0.5740424647284456,9.447023263229651,122863.23311706046
GHSL_141,0,0,23,256,8,0,0,0,0,0,1,11929900.0,6.210298000371112,1.5028448352417323,17.8,1433.40670394897,2469.77274190871,OM,0.883,0.4026286705928697,337.110504,949.983492,949.5930130730808,149.583916815648,208.7012314690409,0.5901942868687555,21.69898344277876,228920.15033959193
GHSL_142,0,7,287,31,0,0,0,0,0,0,0,0.0,6.210624948272561,1.4067006436230365,12.62,1624.62043952942,2572.27068118466,OM,0.069,0.558995931554948,84.823743,284.483518,276.5472127513318,46.33758632568245,70.91137500938318,0.7365182809768197,6.633315420790069,56002.78124793718
GHSL_143,0,1,129,47,0,0,0,0,0,0,2,7554400.0,8.998969798542866,1.1438641994275838,0.33,880.857557296753,2885.40866514922,OM,0.274,0.9990189778498564,94.702677,193.236686,222.55111279187904,32.51022551203551,60.519482557209834,0.5507582338315024,0.3096348811842155,58927.110599776584
GHSL_144,0,1,164,43,0,0,1,0,0,0,0,0.0,8.74961800246194,1.6004286888697432,52.66,1042.65219306946,3963.46237472519,OM,0.217,0.3988931159213775,52.177362,759.627558,554.4261208227813,108.90148066940029,73.27818531567196,1.1836982720122642,0.1288905760152804,66285.34979133727
GHSL_145,0,0,88,69,0,0,0,0,0,0,0,0.0,7.120597840676519,0.7398165757419473,46.91,787.303899765015,2566.84891681343,OM,0.416,0.4026286705928697,70.740585,617.531912,481.4530740936403,90.80133399775116,66.6579989781523,1.0567204915319008,0.1260192735864328,64401.348707382196
GHSL_146,0,0,17,48,0,0,0,0,0,0,0,0.0,6.488168063002171,1.5648945971114434,0.85,324.972683906555,2240.7736759814,OM,0.66,0.4026286705928697,62.443645,120.394111,146.5572283245323,21.62517538155469,37.84634348631581,0.5482097351345725,0.0542088991082503,40028.215873830115
GHSL_147,0,0,5,65,2,0,0,0,0,0,1,1687200.0,6.232774622949995,1.582840781828249,9.01,363.890859603882,3875.92117594804,OM,0.897,0.4026286705928697,103.30236,210.019585,238.0691794682644,37.133331291065566,51.415435120227414,0.6005573534558278,4.688737617279772,56649.502542681636
GHSL_148,0,0,101,211,1,0,0,0,0,0,1,5328000.0,11.10446127676555,0.0151500160023039,0.16,1566.49554443359,5997.87707258962,OM,0.599,0.2892269009062014,264.662014,2115.451112,1654.998937443386,305.6696041909688,180.82002682029207,1.2157747585082883,2.9333413475147365,185947.42504035565
GHSL_149,0,0,4,51,2,0,0,0,0,0,3,5061600.0,6.232663274888847,1.589661474806698,8.21,283.24764251709,4740.94304991363,OM,0.897,0.2517300141024108,108.294978,180.561634,216.08499602010136,32.745921412371025,43.26715351309224,0.6080244048758094,5.854125514684144,48776.25960275803
GHSL_150,0,0,4,60,3,0,0,1,0,0,0,0.0,9.262500164411708,0.7791666785197432,12.33,330.54430770874,4334.09786416936,OM,0.944,0.4434252510996516,206.968931,2236.414932,1689.066211121514,324.9034460571841,204.2870371401944,1.114156043578277,0.4168440064746982,212072.13129877206
GHSL_151,0,0,100,1277,43,0,1,0,0,0,0,0.0,9.658248125620023,1.3102079759206628,1.08,7102.52271938324,4370.54653002375,OM,0.903,0.4026286705928697,2183.987415,3324.635261,4443.756479326374,623.3561230532288,994.0509536185684,0.5839012622670638,36.0847227951792,1099316.529957339
GHSL_152,0,0,867,10191,318,0,5,1,1,0,56,189600900.0,9.55014247122512,1.1968411336204232,0.63,56877.5649394989,3765.45980040696,OM,0.891,0.4026286705928697,18719.139448,25311.37574,35727.831899130855,4960.216440675333,8394.877041695367,0.5566368010327493,258.69813869457505,9292999.047094833
GHSL_153,0,0,2411,12294,136,0,2,2,0,0,98,206989800.0,8.992278651211324,1.1364197601526234,1.0,74206.6079378128,4932.63954260654,OM,0.757,0.4026286705928697,18347.964308,28196.147484,37847.97989713378,5314.8823425554765,9956.071119698876,0.5219799769974917,18.00688438247895,10781578.951401254
GHSL_154,0,4,937,389,0,0,1,0,0,0,0,0.0,8.108266537836835,1.349500497075434,20.11,6648.79897212982,4712.11833602397,OM,0.298,0.4026286705928697,757.301711,1098.371405,1488.3272174865208,212.40704007386947,444.89970480120814,0.5374972103312663,0.500894842011328,425184.53700244
GHSL_155,0,109,1843,89,0,0,0,1,0,0,0,0.0,7.656818831498983,0.791588506973049,20.75,10202.9313983917,6851.05348221704,OM,-0.052,0.4026286705928697,482.806517,1984.5011,1836.3499944319528,308.71410040911206,531.4767367512148,0.6520440157837155,13.15206161148744,435168.1376947231
GHSL_156,0,1,1049,1453,2,0,1,0,0,0,0,0.0,7.535279900308723,1.1012493261861294,0.43,12519.9130535126,4838.33699696117,OM,0.523,0.3030088007522774,2004.069028,4541.269276,5051.876726553269,789.4928835977665,1255.7681810195577,0.5783824222554831,113.12134580127874,1286440.2102083291
GHSL_157,0,2,3902,6212,11,0,0,1,0,0,2,24000000.0,6.9492203037521785,1.169956511984566,2.55,50635.2047958374,6013.16572728122,OM,0.549,0.4026286705928697,11063.227918,13129.69556,20018.47675217808,2696.948726280786,5286.968232412692,0.5354489237227021,10.998651508115836,5562830.535160654
GHSL_158,0,0,328,1615,17,0,0,0,0,0,1,12000000.0,6.609208992440964,1.399349240420519,13.21,9800.92604255676,4506.44778917826,OM,0.751,0.4026286705928697,1730.074616,5987.39386,5698.335873493093,950.5906636143008,1277.870422498883,0.6196313415493233,24.489971348603415,1355419.8427103637
GHSL_159,0,0,641,1870,9,0,2,0,0,0,0,0.0,6.472067352162259,1.5632546777472651,0.14,12599.0691413879,3655.52749803249,OM,0.66,0.4026286705928697,2523.62927,4764.194307,5857.617420928851,860.0236338364753,1503.4371214900827,0.5479838275435769,1.9387557128267192,1597931.0827403157
GHSL_160,0,0,551,854,2,0,1,0,0,0,13,67903800.0,6.454609425312899,0.9110339263912792,21.9,7036.46915912628,3054.50033821529,OM,0.544,0.4449797320878674,1082.524114,3892.035694,3586.725860241586,568.501962419043,779.1992888563075,0.6185989327782804,42.98648858444922,823919.6321061295
GHSL_161,0,0,261,6536,442,0,1,1,0,0,33,153527800.0,6.423347792957299,1.2103565618794654,2.31,36196.9916481972,2792.95447601186,OM,1.001,0.4026286705928697,11023.964534,19867.43229,24095.460021764316,3519.167297024725,5544.304199055756,0.5628360066057445,427.44463937147543,6153777.4509746125
GHSL_162,0,0,278,1770,26,0,1,0,0,0,2,24000000.0,6.385555582380702,1.444328538887278,3.82,10369.6967935562,4051.16882851176,OM,0.794,0.3510289623940204,1955.342611,6622.346465,6307.32524694505,1054.7410680382202,1408.3280506620888,0.6130842626355263,32.65736442208303,1511834.496381878
GHSL_163,0,18,271,12,0,0,0,0,0,0,0,0.0,6.32982505198633,1.2010729388701105,4.14,1505.37465906143,2099.99283928287,OM,-0.069,0.461033624368202,68.00534,155.751378,176.78566071974743,26.90601987875944,54.4104372329958,0.6913918630449322,0.3281346416990142,39720.45887874413
GHSL_164,0,1,1822,3110,6,0,0,0,0,0,9,87754300.0,6.32027818746584,1.222414784615513,5.62,24696.6558637619,3081.913502203,OM,0.562,0.4026286705928697,5194.413524,8834.445102,10840.384597676342,1665.1190427191082,2612.096740712324,0.5674660094023865,250.93201952975457,2767181.5425796034
GHSL_165,0,110,2939,220,0,0,0,0,0,0,4,48000000.0,6.253808913604459,1.282965005719077,3.9,16346.9590101242,2919.64204247292,OM,0.013,0.4026286705928697,1307.803438,2431.345075,2811.5755602269796,443.5615701451233,676.8130288369645,0.7356088037431546,72.30114098119033,545909.8557722989
GHSL_166,0,0,118,1443,47,0,1,1,0,0,9,22525200.0,6.228170281171279,1.5880935051335194,8.34,8037.28281593323,4421.05707563346,OM,0.897,0.4026286705928697,2472.702437,5318.455507,5946.883294938683,924.8732577640242,1292.7604234195296,0.6012317999657247,109.9112013659066,1421119.7491775448
GHSL_167,0,0,170,1901,56,0,0,0,0,0,0,0.0,6.219854777057654,1.5047732264845843,16.88,10637.9432029724,2852.15225045141,OM,0.883,0.4026286705928697,2363.048211,5935.222461,6355.899133655941,1014.1626239858758,1487.4851237256146,0.5803457214906276,105.60883261809708,1606633.7527743154
GHSL_168,0,0,1059,1750,3,0,0,0,0,0,6,37038800.0,6.206425801986148,1.4686667451681374,18.95,14059.8787021637,3033.7275249163,OM,0.556,0.4026286705928697,3285.497424,4407.565814,6176.150677834376,959.602484421273,1473.1415003483098,0.5810422475045267,111.96252105393492,1547861.794090486
GHSL_169,0,0,308,2940,72,1,0,0,0,0,8,40065500.0,6.2030080823131275,1.412359226002102,12.93,16599.7485733032,3290.75221866723,OM,0.859,0.558995931554948,4396.81049,9357.837428,10523.074623287415,1633.43886389567,2295.163968273414,0.600746857905208,221.27953625149124,2512711.905907472
GHSL_170,0,0,280,11714,1255,0,2,2,0,0,17,68620600.0,7.51961388978752,1.1488480384663882,0.04,66245.967748642,5672.48978535551,OM,1.071,0.4026286705928697,15331.62287,43247.036799,44550.50722004467,6887.006016564427,10592.421251904254,0.5668289982749797,937.4615303533628,11463771.270370407
GHSL_171,0,0,612,1276,4,0,1,1,0,0,1,5328000.0,11.102348630989288,0.0133224627090498,0.69,9455.39603805542,5696.96548407442,OM,0.599,0.2892269009062014,1726.266865,13930.202338,11051.181180884168,2051.8086683694637,1236.2545491365331,1.2018827289405505,5.37498940178414,1269125.0432587985
GHSL_172,0,0,444,1246,6,0,1,0,0,0,5,38530400.0,9.457518474134238,0.8099682934991564,0.64,8477.00607967377,3271.06320076749,OM,0.653,0.440237543583973,1600.27361,4403.435286,4544.983685341182,712.0573601232053,1036.6200300060368,0.5951166252337751,88.65429477106535,1100313.7570668696
GHSL_173,0,4,270,42,0,0,1,0,0,0,0,0.0,9.446823408776504,0.8269708743245868,0.74,1583.87407588959,2460.79210850965,OM,0.129,0.440237543583973,103.463143,312.37445,317.0525322867754,50.66570942717261,87.83667189478493,0.624134973528155,3.962694818429707,77084.55504482164
GHSL_174,0,0,1158,2052,5,0,0,1,0,0,0,0.0,9.356163505145506,1.2495054804998789,1.53,16077.0704040527,3912.72412314008,OM,0.569,0.3330885775486118,3044.522588,4930.089063,6470.413245049188,924.822034322576,1835.244717385779,0.5109027809426585,2.1274716804721394,1924355.6904239915
GHSL_175,0,8,988,246,0,0,0,0,0,0,1,12000000.0,9.272064343024674,0.785620348143144,11.65,6212.55707073212,3106.49096191281,OM,0.207,0.4434252510996516,327.447309,3611.685511,2663.162356142217,510.21074509668455,362.13416821464546,1.1825277861022132,5.118447890608122,314792.3052963276
GHSL_176,0,0,100,1684,77,0,1,0,0,0,1,12000000.0,9.262681169161354,0.7793609664356952,11.87,9304.90113067627,4097.21269038757,OM,0.944,0.4434252510996516,1470.875982,15781.814231,11879.653019750873,2279.68696601875,1417.4859195757217,1.1174532511398554,7.355893097049856,1481107.0905303059
GHSL_177,0,1,680,593,0,0,0,0,0,0,2,24000000.0,9.25453229538507,0.7652988540376473,13.84,6373.15380954742,2785.49367107554,OM,0.436,0.4434252510996516,576.08201,6452.53354,4733.715461635451,907.8350300205652,584.7239658760243,1.15007959889132,10.07869903312868,569294.8770600933
GHSL_178,0,3,425,112,0,0,0,0,0,0,0,0.0,8.740061968791009,1.6007249198576996,53.14,2700.51125907898,4079.88913728037,OM,0.217,0.3988931159213775,115.146142,1331.346834,999.4913616332992,192.79554727049077,157.94291730592508,1.0642608719329962,0.1870055844361392,135144.6590689701
GHSL_179,0,13,1683,444,0,0,0,0,0,0,0,0.0,8.74732855704146,1.5907082618173318,51.77,10698.1216163635,5319.32048733706,OM,0.217,0.3988931159213775,447.755586,5277.04482,3950.241387275992,763.2792120895143,626.0361091351856,1.0618277514293628,1.2317692184612672,535612.091227608
GHSL_180,0,0,5,261,34,0,0,0,0,0,1,2309900.0,8.573715665393099,0.9860855196133316,2.62,1503.63995695114,1753.53643418715,OM,1.104,0.8293135679846014,356.612046,670.330469,831.3304574127723,120.43442789319676,238.0955702918365,0.4927639278393758,0.7055270536796633,256468.9360209816
GHSL_181,0,0,25,1340,177,0,1,1,0,0,11,50702100.0,8.558909282737579,0.9809903359606248,2.81,7705.79356908798,2003.5938566028,OM,1.104,0.8293135679846014,2225.705426,4144.699531,5099.149686034895,735.02166093928,1410.049288700089,0.4981961649989481,11.039511022356324,1532968.0315710765
GHSL_182,0,0,30,85,0,0,0,0,0,0,0,0.0,8.169057495412632,0.9818475787957734,0.28,580.847574472427,899.250646318185,OM,0.654,0.6639160937541732,124.836566,174.282744,248.3898381026889,34.07972690674055,66.8249769478543,0.524941582081762,0.0846274048672286,70872.05543555687
GHSL_183,0,0,315,890,4,0,0,0,0,0,1,12000000.0,8.177409864807744,0.9762736042913648,0.36,6047.71252441406,2117.81963167153,OM,0.654,0.6639160937541732,1328.67323,1857.183771,2638.8351302580354,361.97925753371254,713.2377317574744,0.5184761818214753,1.5768498040205303,759572.4565628022
GHSL_184,0,3,105,9,0,0,0,0,0,0,0,0.0,7.214696218831913,0.6990554598249521,46.27,585.576495170593,2083.20524511584,OM,0.038,0.2044356925317895,33.809308,152.522544,138.2073911677613,23.743740792091245,24.060038466822792,1.0624406958624857,0.0414765416004517,18648.199958845064
GHSL_185,0,28,979,94,0,0,0,0,0,0,0,0.0,7.2044309276727105,0.6944940983953312,47.06,5505.01276397705,3152.55141527974,AS,0.051,0.2044356925317895,283.464321,1264.612989,1149.4863024170816,197.12629209340147,231.70293966261303,0.9219236300234708,0.3363247949125046,182350.00057301024
GHSL_186,0,0,86,164,0,0,0,0,0,0,0,0.0,7.140730066088503,0.7315502030025118,47.87,1255.20020198822,3069.60960301537,OM,0.582,0.4026286705928697,154.875426,1340.236864,1046.371747724489,197.19092927084873,137.88765206830757,1.0527293348086617,0.268288796283579,139776.33096155376
GHSL_187,0,0,603,1146,3,0,2,0,0,0,2,24000000.0,7.128039737551779,0.7324146847478346,47.73,8755.61867427826,3848.97197838271,OM,0.582,0.2977631882021126,1172.815107,10085.224193,7791.821656357592,1468.9118874945848,1008.106862689079,1.050893138200159,8.385786874762577,1033639.8863163807
GHSL_188,0,0,164,129,0,0,0,0,0,0,0,0.0,7.115383490874924,0.7295819528033903,48.01,1468.66170406342,3447.56268559487,OM,0.416,0.2977631882021126,132.201312,1154.005151,899.7014841905981,169.6802766687487,124.54866150313568,1.0567157337517918,0.2415671672110017,120346.20618835837
GHSL_189,0,0,606,853,1,0,0,0,0,0,9,108000000.0,6.656059087637122,1.4087495257163127,13.96,7305.79197311401,4098.96135730428,OM,0.526,0.4584161175907917,1794.529279,3826.185438,4013.573494530558,634.6383443886386,797.3353882645001,0.6427687636914574,118.69683544366067,853487.841148512
GHSL_190,0,0,256,4124,181,0,1,1,0,0,14,98856100.0,6.338553493373968,1.5308473138147347,8.14,22805.8293800354,4623.87983615096,OM,0.938,0.3871799690057626,8039.841596,11428.345498,15311.951435256697,2415.222651810346,3518.1641378688164,0.5773551149878119,361.50801076960056,3826670.7168364786
GHSL_191,0,0,62,392,6,0,0,0,0,0,2,24000000.0,6.3250186921783005,1.5238873790649758,9.08,2299.89386367798,3546.02312680852,OM,0.793,0.3871799690057626,852.126646,1031.771712,1460.678730524378,229.9842179610387,321.22911334806633,0.5877658108031925,40.93942336338816,350711.54652651306
GHSL_192,0,2,915,608,0,0,0,0,0,0,10,19099200.0,6.223635927718354,1.5608864333604058,11.71,7624.76927375793,3531.04018272027,OM,0.385,0.4026286705928697,993.70999,2566.387746,2655.4345029821707,426.52547637897743,603.7010001949697,0.6363503977175669,60.320009868910056,601745.9972273435
GHSL_193,0,35,297,7,0,0,0,0,0,0,0,0.0,6.2027898244569055,1.0879060526432554,10.5,1689.26731014252,1069.82163203532,OM,-0.155,0.4026286705928697,85.127182,156.101127,190.74818419293663,28.374128892512,55.82594349069399,0.7429412500011952,0.062523607315588,39418.234282902464
GHSL_194,0,0,174,13326,2314,0,0,0,0,0,1,12000000.0,6.205979316659755,1.106289180119927,9.54,79071.1309504509,6857.26331925566,OM,1.149,0.4026286705928697,15397.467962,56595.354035,53796.546681029206,8682.525070395546,12630.770196152582,0.5741139135796256,935.5919828381922,13761043.84843084
GHSL_195,0,0,81,80,0,0,0,0,0,0,0,0.0,6.228755125580287,1.0939192017303936,7.8,804.573022842407,1923.82631623066,OM,0.461,0.4026286705928697,98.325205,283.434173,290.0355352991597,46.078012865248866,71.2220133312605,0.5923448484824805,4.800041212975764,72398.41060805955
GHSL_196,0,0,23,256,8,0,0,0,0,0,0,0.0,6.215979185773328,1.5084744956563276,16.86,1432.03168487549,2892.81798047692,OM,0.883,0.558995931554948,318.894847,801.547727,857.9247106650328,137.04069787834237,200.81621472491204,0.5801698680192569,14.112327745271587,216990.25011113434
GHSL_197,0,0,256,2369,56,0,0,0,0,0,0,0.0,6.188885464488564,1.3923645090451886,10.31,13406.5593347549,3821.39256107851,OM,0.854,0.4026286705928697,4485.112145,5319.276463,8061.199552318742,1221.371169127989,1825.29823131545,0.5878396654526187,136.98699897636993,1988300.8280613206
GHSL_198,0,0,662,2383,16,0,1,1,0,0,1,12000000.0,9.696151991576576,0.6083980095519869,22.53,15306.3740673065,7177.07428006247,OM,0.697,0.3771311453961927,3838.215645,8220.551154,9713.83333790845,1436.670697393116,2062.4760486264076,0.6455243782053258,12.206269399658508,2175374.705145717
GHSL_199,0,82,363,3,0,0,0,0,0,0,0,0.0,9.709024356269516,0.6044825964676641,24.08,2243.60915756226,3313.85022681416,OM,-0.265,0.3771311453961927,72.899807,203.497927,213.39999972657935,33.92117373867796,68.86197076648487,0.7359062239064158,0.0649538299702836,45764.26059762347
GHSL_200,0,95,338,2,0,0,0,0,0,0,0,0.0,9.25069340563658,0.7883146233358063,11.23,2179.7835893631,2956.68914158399,OM,-0.302,0.4434252510996516,45.736032,491.413288,374.29335324795113,71.40299123519259,66.673115904121,1.271110661556461,0.0998796009607927,42935.31416176513
GHSL_201,0,0,101,184,0,0,0,0,0,0,2,24000000.0,6.930094781183657,1.1725063874360464,2.7,1427.38710975647,3283.81820300886,OM,0.574,0.4866335997252887,341.257303,526.646405,664.3022587401646,92.6019683639025,166.61195127008003,0.5217783585486289,3.509945771227864,181309.26128589717
GHSL_202,0,0,71,4497,675,0,0,0,0,0,2,24000000.0,6.5961677658344735,1.5013330222367878,2.19,26214.9660434723,4699.73571790725,OM,1.125,0.4026286705928697,4325.754921,29479.968707,24019.659443112236,4403.372264359722,4328.479426417278,0.7701044907041246,16.76597415008819,4522007.932251422
GHSL_203,0,0,140,94,0,0,0,0,0,0,0,0.0,6.583001516748641,1.4876308677133592,3.05,1168.24754333496,3043.8570194108,OM,0.386,0.4266618489311334,169.385611,366.529699,432.00755580799466,64.13837883643549,91.61313097366204,0.6960549635929444,0.3577822014876707,89906.43869103093
GHSL_204,0,19,1257,200,0,0,0,0,0,0,0,0.0,6.533750934382426,1.360456083623926,11.1,7381.75742721558,4437.88584916919,OM,0.131,0.2499619970309632,408.434512,1301.186751,1285.1947052032822,212.23960971623845,355.31932699833425,0.6671830586133195,0.3873918016344183,295788.5022970026
GHSL_205,0,0,104,216,1,0,0,0,0,0,0,0.0,11.10766404655594,0.0007535220078907,1.32,1601.33584213257,4420.22177112019,OM,0.599,0.4026286705928697,259.324092,1992.205507,1599.732292483875,295.4706910674058,181.071105868332,1.1958650373215844,0.4073004818421311,184933.9946390343
GHSL_206,0,0,304,252,0,0,0,0,0,0,1,12000000.0,8.550145645433096,0.996236174993467,1.19,2780.9263086319,957.708958623543,OM,0.426,0.8293135679846014,340.7416,710.414785,829.123613592235,121.68326027992448,244.75040573098545,0.5113045585310982,2.461256156208934,245327.74900865674
GHSL_207,0,1,947,763,0,0,0,0,0,0,0,0.0,7.522808088150181,1.0648424452715948,3.23,8558.15635681152,4570.10229238482,OM,0.421,0.4026286705928697,621.746032,4677.790202,3781.241017971982,694.7271498347013,742.810616711617,0.7836001857664661,1.1243960282614884,709382.0859411692
GHSL_208,0,18,146,3,0,0,0,0,0,0,0,0.0,7.527890084737275,1.054443100076755,3.2,834.709935188293,2723.96464856247,OM,-0.162,0.5069955678427259,20.165026,146.649445,119.1126726171584,21.835785197624617,28.359170126781937,0.9458325526925044,0.0308342385651908,19067.010516780065
GHSL_209,0,0,111,154,0,0,0,0,0,0,0,0.0,7.523094167495033,1.0786923136266255,2.57,1327.53140258789,3182.85686135274,OM,0.523,0.5381082643604728,117.274727,881.946681,712.859470374415,130.999681652171,136.43982343008648,0.7762365984700922,0.1895561903841063,134517.84042657708
GHSL_210,0,236,963,8,0,0,0,0,0,0,0,0.0,6.97043916725681,1.171117150256964,1.71,6034.13914871216,4917.06322544294,OM,-0.278,0.4026286705928697,134.868028,965.228472,788.3525866210157,143.88467143935134,187.58200849097648,0.9746176903392022,0.2165094026958489,122385.25808643839
GHSL_211,0,0,79,50,0,0,0,0,0,0,0,0.0,6.681813600693916,1.1739333620864307,0.77,647.52311706543,1998.21965598315,OM,0.377,0.3617664635505763,97.011427,130.598733,181.8716347827393,27.67002653918309,49.32108367007721,0.5658934562116431,2.2442842354580588,48311.73812314749
GHSL_212,0,2,923,588,0,0,2,0,0,0,1,12000000.0,6.677551372327816,1.166439389444584,1.56,7569.00349807739,2465.46688317386,OM,0.377,0.3617664635505763,1173.283302,1628.321392,2252.9011901546783,347.2425710212338,613.961717278923,0.5538323119893257,35.214433549508655,608231.6211354047
GHSL_213,0,19,1552,299,0,0,0,0,0,0,1,12000000.0,6.598034151421827,1.3854992823810122,14.51,9344.86139678955,3628.00441531757,OM,0.163,0.6020542611204852,867.016789,1939.093263,2226.619860696898,333.09921579328915,480.2356662997748,0.766761865600296,5.11027490782268,418403.746841127
GHSL_214,0,0,178,119,0,0,0,0,0,0,0,0.0,6.597941196062796,1.4889713333556784,3.41,1489.08047485352,4258.29944566033,OM,0.386,0.4266618489311334,214.632269,464.499062,547.4471325883908,81.27578844747194,116.10799698038666,0.6962563111818727,0.4504653731150707,113900.40124195568
GHSL_215,0,0,173,791,8,0,0,0,0,0,0,0.0,6.168375272881314,1.0928110302409415,11.89,4857.41850471497,3407.49043481568,OM,0.739,0.4026286705928697,1111.373098,2317.877424,2685.2552971616324,401.26489242420394,607.7347186951666,0.5927740550751472,28.242311322519846,658876.7834593123
GHSL_216,0,214,2959,116,0,0,0,0,0,0,0,0.0,11.091781158475849,0.0385665657462434,0.68,16444.5688686371,3388.67085734175,OM,-0.081,0.2892269009062014,935.375921,2348.723024,2610.749155855818,399.0409356861104,602.2648683999895,0.8983458337422744,1.44640875440172,428189.76988304214
GHSL_217,0,370,763,2,0,0,0,0,0,0,0,0.0,9.662034542543102,1.3168436873656513,1.02,5676.35222053528,3353.23264445609,OM,-0.4,0.0525737672085338,160.211536,466.998789,483.9070197808162,77.39748558282011,156.8922036393733,0.7435383331671048,0.1785912454432777,102880.12379740695
GHSL_218,0,0,13,358,27,0,1,0,0,0,2,10742400.0,9.536306810507964,1.2067151162262957,0.58,1989.521443367,3263.52217656622,OM,1.019,0.4026286705928697,531.064671,1293.890697,1385.410112745806,209.1197438702277,314.46607830002205,0.5725404815710776,24.12210801076417,347805.8374859251
GHSL_219,0,48,1392,114,0,0,0,0,0,0,6,72000000.0,10.879022758832727,0.2248056166114505,1.85,7767.28354930878,2905.9682779536,OM,0.026,0.4026286705928697,821.287815,3565.426889,2989.0660912185845,496.81529681881534,366.6787195944889,1.2067966110849553,26.68632498496157,318137.4321367488
GHSL_222,0,1,867,1063,1,0,0,0,0,0,0,0.0,10.840319603021314,0.2178623276689646,0.04,9659.18345403671,2814.29197806835,OM,0.5,0.5402740725097521,2104.114569,2289.309673,3580.370086312651,539.7756693747923,917.1532221319624,0.5611554420165957,65.80178016244199,943851.0399938783
GHSL_223,0,404,736,2,0,0,0,0,0,0,0,0.0,7.785273140318671,1.192738342048382,1.65,5712.39555168152,5165.3349293175,OM,-0.423,0.4026286705928697,98.337334,799.922064,637.9413338287004,118.1798629048744,158.46687015167925,0.9578911639877687,0.1352565480749688,101705.53075733628
GHSL_224,0,0,11,1590,434,0,0,0,0,0,11,48860300.0,6.917894454578583,0.6519987946329449,58.09,10173.9877929688,2876.36013180027,OM,1.226,0.4026286705928697,2693.259076,15810.34853,13257.589963196438,2349.4405442579214,1766.780117420091,0.9653630599820752,21.720619077220533,1901654.0115846072
GHSL_225,0,0,161,1568,39,0,0,0,0,0,6,39392400.0,6.886856147144963,0.6297556284415269,60.68,8839.44456958771,3563.59668902831,OM,0.862,0.4026286705928697,2063.300483,4879.07028,5344.943733679192,818.3376705825239,1263.4103847308515,0.5711040751805757,94.1660737151979,1357117.1599835118
GHSL_226,0,0,859,2869,17,0,0,0,0,0,0,0.0,6.187744882832886,1.3260425536557487,3.23,18723.5578689575,5429.40959110788,OM,0.684,0.4026286705928697,3942.01243,8281.427854,9655.785314990151,1452.562404482591,2223.947433493227,0.585708798154291,145.83580092164726,2398534.0675927973
GHSL_228,0,0,319,7543,484,0,1,0,0,0,1,12000000.0,6.167274529700498,1.334452363059707,3.55,41730.094379425,10768.1006845908,OM,0.993,0.4026286705928697,10382.253344,23815.434635,26688.25861827069,4065.806962589264,6110.931701441976,0.5775295449974518,436.5340249968807,6716681.7953293035
GHSL_229,0,0,3,162,24,0,0,0,0,0,0,0.0,6.2107280350985725,1.1938481386278723,2.19,943.151317596436,7893.14015897929,OM,1.124,0.2100107140124045,214.421601,653.029325,662.1933548549524,104.19910700453956,147.6181678681091,0.5959867005221352,9.672162448930964,161656.76168976954
GHSL_230,0,47,930,53,0,0,0,0,0,0,0,0.0,10.854753381425365,0.1770743493481798,2.98,5150.57617616653,1951.52310522792,OM,-0.028,0.5402740725097521,233.655746,566.379218,614.7301211430057,101.31922783434104,202.2819138808016,0.6629871849514754,5.168491614111974,146737.96851382032
GHSL_231,0,467,2972,47,0,0,0,0,0,0,0,0.0,6.286013397466471,1.1257813894444428,2.29,17425.729262352,1395.63419904852,OM,-0.203,0.4026286705928697,723.897387,1631.32463,1832.238398416097,289.6176329109386,558.3521267215161,0.7453981158096341,6.908325248637878,382083.9715204042
GHSL_235,0,0,0,1609,3888,0,2,0,0,0,20,140529900.0,6.129108100113793,1.2305017050666367,5.35,27561.9642105103,5827.67224143244,OM,1.629,0.361455852537116,13502.983766,20649.363946,27299.442546398262,3847.947505120404,6032.188693192372,0.5833609794670461,265.39802281259557,6703199.858417069
GHSL_236,0,0,79,92,0,0,0,0,0,0,0,0.0,7.758562997635439,1.206859604174439,0.15,858.058706283569,3361.77208228949,OM,0.49,0.4026286705928697,182.109867,189.17178,303.12215791593417,44.873998280509504,79.7553204810705,0.551352695960695,4.775111103665394,81730.85411547958
GHSL_237,0,0,5,327,53,0,0,0,0,0,0,0.0,6.201972586673821,1.2377890571348995,0.49,1926.71310043335,8360.72026854313,OM,1.138,0.4026286705928697,459.623164,1345.466569,1371.8702688234514,219.44772737807932,303.4107965627697,0.6037638920429315,11.24390906357535,332349.0496125567
GHSL_238,0,0,57,130,0,0,0,0,0,0,0,0.0,10.890793066442937,0.1954590871218048,0.19,936.257391929626,3172.83966290942,OM,0.616,0.5402740725097521,252.379454,253.593799,412.28221901216307,61.68696341423473,103.65986345478971,0.552926327988324,7.388062346199574,109872.90219115048
GHSL_239,0,0,65,76,0,0,0,0,0,0,0,0.0,7.773798452191803,1.2042276431612406,0.4,705.176979064941,5180.85825691299,OM,0.49,0.3441681514487578,150.408804,156.145693,250.28838397473316,37.05217615235808,65.8413401551712,0.5512982194014805,3.946873912889541,67488.63487615288
GHSL_240,0,0,59,73,0,0,0,0,0,0,0,0.0,6.28311158620449,1.212311112971583,4.53,657.902238845825,2855.03654248913,OM,0.501,0.4026286705928697,101.24628,252.778313,268.9228787630966,43.09239164653487,62.21654329369287,0.6173428271922465,0.7440611971168035,64453.92911981886
GHSL_241,0,1,4613,10554,35,0,0,2,0,0,35,290293200.0,10.863918904800546,0.2003156544287476,0.64,76013.6196694374,4342.39183154313,OM,0.616,0.5402740725097521,15053.672568,83253.264387,70546.20158410934,12253.84987131525,9032.027803137786,1.0115383815251195,160.8601164015073,9575874.195274983
GHSL_242,0,4,5146,5981,6,0,0,1,0,0,5,60000000.0,7.7621593633937485,1.195836089575483,1.33,55689.151550293,7498.01748070373,OM,0.49,0.4026286705928697,4859.753707,36509.124255,29412.781820296856,5406.164690744412,5646.686481355989,0.7751797744067634,17.461865041844845,5542645.816578889
GHSL_243,0,0,37,9063,3522,0,1,1,0,0,63,180732400.0,6.910941314733441,0.6336459265258907,60.22,63110.9921531677,4976.22582180733,OM,1.289,0.4026286705928697,18583.575333,32497.984537,40974.98694082216,5607.995856079092,11356.045728905114,0.4978412575349837,94.0078247818754,12329453.487693435
GHSL_244,0,0,1786,377308,132673,0,36,0,2,0,371,2912623800.0,6.204354881056104,1.2055149060437471,3.59,2558927.66528368,10729.6014183604,OM,1.271,0.4026286705928697,585496.014537,4362182.556745,2932638.6385820117,477551.0431059392,457171.2229385531,0.8016338775667211,222553.19831985197,483599745.00112313
GHSL_245,0,0,126,288,1,0,0,0,0,0,0,0.0,10.890080202492156,0.1825608380712745,0.6,2070.8393945694,3032.35609660673,OM,0.616,0.5402740725097521,561.452314,565.061962,917.8782073005672,137.3454732608117,230.85593733230093,0.5526992901372975,16.420322567826364,244735.9272540715
GHSL_246,0,0,1,98,16,0,0,0,0,0,0,0.0,6.186973764483891,1.2332944680626188,2.09,575.977619171143,5623.02424214252,OM,1.138,0.361455852537116,103.893716,659.942337,543.1051348055748,99.31147099591058,93.70810485827106,0.786389023008902,0.1538435491960817,99706.30440695364
GHSL_247,0,42,141,1,0,0,0,0,0,0,0,0.0,11.076828311577188,0.0719731354985071,0.91,917.988339424133,2095.13670923363,OM,-0.311,0.3876970327750518,40.80988,105.198779,115.78721610391456,17.78192153296357,27.887603771680595,0.9343065858010058,0.0640959292274805,18403.21792941522
GHSL_248,0,173,146,0,0,0,0,0,0,0,0,0.0,11.068901919883844,0.1649869339245286,5.57,1595.31089878082,2427.29244957647,OM,-0.567,0.0982323862429381,51.532781,132.892952,146.2269066029751,22.47576490525248,38.295917858443474,0.8896920773035011,0.0685215874720308,24778.97374743555
GHSL_249,0,7,155,10,0,0,0,0,0,0,0,0.0,11.04368350076401,0.2960552970209216,15.18,862.499943733215,2132.28299843068,OM,-0.004,0.1561068035126865,58.747996,91.964034,122.27435214858464,17.4085671632761,33.59152949493028,0.7282084884531645,0.0406968846147344,25344.061467706746
GHSL_250,0,0,89,90,0,0,0,0,0,0,0,0.0,11.040437828145194,0.1230063714929648,0.35,893.564507484436,2039.15187329289,OM,0.464,0.3876970327750518,150.716308,329.39151,387.02327088443394,57.526292830551014,81.04928884187355,0.6867399825895085,0.2116621547076548,81505.43799161974
GHSL_251,0,20,166,4,0,0,0,0,0,0,0,0.0,11.0389313580254,0.0993277187025649,1.21,947.391408920288,1873.7221805314,OM,-0.156,0.3876970327750518,49.464824,125.820438,139.1819172269628,21.32171898625972,32.556809567063304,0.9167331159305286,0.0789309396083674,22427.054058121732
GHSL_252,0,0,131,133,0,0,0,0,0,0,0,0.0,11.032669753674682,0.1148793823647386,0.86,1320.82964515686,2702.37628058592,OM,0.464,0.3876970327750518,222.576381,486.415938,571.5419800407883,84.95086243228685,119.66511626786888,0.686574026951353,0.3096121517041291,120389.58229593153
GHSL_253,0,13,125,3,0,0,0,0,0,0,0,0.0,11.02141603845807,0.174234984918339,3.12,706.363990783691,1822.20706420793,OM,-0.133,0.4026286705928697,39.814774,67.837437,87.50248379430137,12.557703410016394,24.14379640236695,0.788664526727455,0.0298200965232915,16774.067050044054
GHSL_254,0,16,223,9,0,0,0,0,0,0,0,0.0,11.014219306168815,0.0526387583242697,6.19,1237.82126903534,1984.79731812577,OM,-0.078,0.1709999999783892,70.69594,177.635174,197.42782404546463,30.171630601221192,45.49571316485589,0.895690125350372,0.1186345554486558,32468.854459698603
GHSL_255,0,12,168,7,0,0,0,0,0,0,0,0.0,11.013088763849693,0.0593287831471365,5.96,935.784853458405,1850.5926536131,OM,-0.078,0.1709999999783892,53.570313,134.466527,149.50740753873484,22.84315127992376,34.4253541698051,0.8939085164656048,0.0878504596698761,24633.252473446744
GHSL_256,0,34,224,4,0,0,0,0,0,0,1,12000000.0,10.995888675202936,0.4246813409080999,8.13,1307.903383255,1783.74136465613,OM,-0.195,0.1786141065662104,114.685352,252.404871,265.9252542078181,39.11629076435461,51.692774819344024,0.8408296951257586,3.372355056309153,41503.64096557576
GHSL_257,0,3,112,13,0,0,0,0,0,0,0,0.0,10.977423928965385,0.1500902621869722,0.36,637.839169502258,2101.99960949058,OM,0.082,0.1877984744177249,53.545209,77.044021,107.54574764138565,14.93266266499459,28.157116809746572,0.7033423649497442,0.0383177596635545,22811.27633672424
GHSL_258,0,18,185,5,0,0,0,0,0,0,0,0.0,10.969073495889427,0.7860203060868058,0.19,1041.82909202576,1065.49749711501,OM,-0.122,0.4026286705928697,37.921942,106.130695,110.26644554413876,17.683259265703892,36.761886147107134,0.6959447757808316,0.0336575268220269,25209.25828989592
GHSL_259,0,34,365,11,0,0,0,0,0,0,0,0.0,10.951329972101815,0.4344081067226144,3.11,2047.05612850189,2093.36128001584,OM,-0.12,0.3521368108076982,111.483235,281.039428,311.8160779109803,47.751674408115285,72.53114001191379,0.9100908113847536,0.1437032458191028,50565.395066073994
GHSL_260,0,17,125,2,0,0,0,0,0,0,0,0.0,10.938634092722408,0.0665243005069257,8.85,723.029508590698,1113.87824650783,OM,-0.183,0.1960934032210641,35.635584,91.976585,101.20469061996242,15.545918645530772,23.98622460551581,0.9264474133444298,0.0411570572275369,16179.288480029385
GHSL_261,0,38,162,1,0,0,0,0,0,0,0,0.0,10.93160812602622,0.3834810780428517,1.68,1009.93993186951,1736.2764658131,OM,-0.271,0.2194497497385436,45.440154,118.429914,129.8528967848348,19.98276858112883,31.21343073754142,0.9402649204033872,0.0608820476024553,20506.87573023073
GHSL_262,0,5,1349,582,0,0,0,0,0,0,0,0.0,10.909845594271111,0.3134439770244835,0.21,9681.23714065552,3611.00018741442,OM,0.305,0.4026286705928697,1182.773866,1686.766894,2298.08818161241,342.33657576722806,648.0497826846358,0.569288241710641,16.853501067010047,612252.00679336
GHSL_263,0,56,101,0,0,0,0,0,0,0,0,0.0,10.912883637493278,0.1495570984824431,0.35,787.712799072266,1868.62102577537,OM,-0.425,0.1877984744177249,29.912687,58.870455,71.12978620582204,10.523803918533682,21.414644151057153,0.7885520442383148,0.0229323141290471,13921.860349805536
GHSL_264,0,33,107,1,0,0,0,0,0,0,0,0.0,10.907561995787148,0.0106296093265614,15.07,702.658082485199,1054.96454838187,OM,-0.316,0.1267043805386527,31.144069,80.822056,88.7814986708206,13.640218493197338,21.437858909777148,0.9278347263534432,0.0622994395967483,14214.772280365709
GHSL_265,0,24,392,18,0,0,1,0,0,0,0,0.0,10.905399055558153,0.0978469906524528,5.74,2173.89509010315,1204.88533643815,OM,-0.056,0.1960934032210641,141.636994,352.232992,393.1714385008579,59.94439868175212,92.6634524165452,0.7971167515758746,0.1759870285486648,72921.31524512831
GHSL_266,0,32,160,2,0,0,0,0,0,0,0,0.0,10.907724279702492,0.1650978617934987,0.23,969.821622848511,1949.66844081972,OM,-0.245,0.4026286705928697,51.794724,85.815444,111.9936703996196,16.001145686496297,30.770163050122218,0.8137432882898801,0.0372864109827951,20780.917708209396
GHSL_267,0,5,156,14,0,0,0,0,0,0,0,0.0,10.908240738562167,0.3369293849587474,0.23,872.91909122467,2250.80085199205,OM,0.043,0.230209322794921,45.329506,102.576443,114.76983275730385,17.938811915444973,37.094590588838834,0.6329989625225498,0.2247810212238929,28540.863779875926
GHSL_268,0,141,81,0,0,0,0,0,0,0,0,0.0,10.893862224026586,0.7297944815619877,7.34,1112.17560243607,1055.32022529813,OM,-0.639,0.4038842662746966,18.959936,83.730279,76.64346239578072,12.913227413004838,25.029161174125047,0.752448987694055,1.4140739524288637,16023.615374808029
GHSL_269,0,33,156,2,0,0,0,0,0,0,0,0.0,10.894400345773771,0.2783606605493458,0.91,954.05092716217,2514.66394433815,OM,-0.252,0.1864197812333558,32.219762,88.240447,91.97821654669974,14.977907410834334,30.79454666950275,0.7181079220632512,0.2972238416256343,20392.259807249895
GHSL_270,0,0,38,93,0,0,0,0,0,0,0,0.0,10.89327689741334,0.2130596594876486,0.13,653.618320465088,1550.51196884139,OM,0.629,0.5402740725097521,129.262138,642.202197,568.2442911114528,98.92215834550996,74.33304914888586,1.008730931652275,0.1584570046044358,78296.46317196325
GHSL_271,0,44,123,1,0,0,0,0,0,0,0,0.0,10.88701562917105,-0.0044139066517998,17.04,838.287095069885,1529.67079709486,OM,-0.343,0.4026286705928697,19.104999,73.559055,69.85051431658496,11.67812474398411,25.44724046281226,0.6894238141358419,0.020360951809235,16527.849733541214
GHSL_272,0,60,141,1,0,0,0,0,0,0,0,0.0,10.890445922420728,0.1273977466141209,3.81,1009.2287364006,1344.99451116146,OM,-0.376,0.4026286705928697,43.191586,80.133834,99.64800077644404,14.524543153211816,29.108194309042208,0.7901889077482035,0.0325402272987533,19313.35294862022
GHSL_273,0,2,166,31,0,0,0,0,0,0,0,0.0,10.88246449651439,0.2516322813145206,1.88,996.016238212585,1514.49148858202,OM,0.158,0.2876548869346415,64.112472,165.033991,176.39802658737415,27.243239981631906,50.702490393062554,0.6263033982830276,1.341262993897314,43036.7505445428
GHSL_274,0,5,270,39,0,0,0,0,0,0,0,0.0,10.879182261663866,0.726239271112407,8.94,1569.61585140228,1825.00874382314,OM,0.114,0.4038842662746966,107.913094,216.602571,252.49152945859825,40.96810485800586,75.29476012871562,0.6358251688280283,4.791380707344978,60984.430983579696
GHSL_275,0,76,48,0,0,0,0,0,0,0,0,0.0,10.876008660665615,0.0070558843087683,16.17,619.111763000488,978.987607527654,OM,-0.621,0.4026286705928697,8.212139,99.071401,74.3781845310982,14.322725617062854,14.373449168703882,1.204853171628068,0.0079358027130234,9113.443794294019
GHSL_276,0,5,119,7,0,0,0,0,0,0,0,0.0,10.875213631603454,0.1005799303297006,7.16,658.331501483917,1445.84014487121,OM,-0.014,0.2226228064224251,41.853302,69.99679,91.11320937063408,13.019868088157285,25.36248359365405,0.7297779910190026,0.0381848168994727,18898.85434670973
GHSL_277,0,133,175,0,0,0,0,0,0,0,0,0.0,10.860371334759204,0.0399137169618676,13.94,1541.26568651199,1009.87666460838,OM,-0.484,0.1267043805386527,24.467513,271.056044,205.45426835459884,39.3571489918302,40.98670830383868,1.1737475177845886,0.0004642362423218,25940.803425005062
GHSL_278,0,156,211,0,0,0,0,0,0,0,0,0.0,10.860159960671412,0.1522835177403229,5.07,1833.79986763,1367.80508785788,OM,-0.478,0.4026286705928697,50.745314,131.481467,139.35969666429693,23.220122409336355,48.510185118364866,0.7200857581648229,1.176353422472148,31056.74234556058
GHSL_279,0,50,68,0,0,0,0,0,0,0,0,0.0,10.855111931941886,-0.0047273092957826,17.96,588.525400161743,906.450072946818,OM,-0.476,0.4026286705928697,12.090439,43.681621,42.0781281513276,6.994469374815038,15.644607415457704,0.6896893376642022,0.0129378314179492,9994.909110019025
GHSL_280,0,1,535,369,0,0,0,0,0,0,0,0.0,10.849780502794452,0.8174384898865982,13.5,4525.51445102692,2484.63988978969,OM,0.392,0.4038842662746966,455.952993,2805.451513,2367.1435370307854,423.40193888310654,364.72010432824953,0.9523518869633004,0.6200676916811205,352900.7300434381
GHSL_281,0,130,235,1,0,0,0,0,0,0,0,0.0,10.833539727596465,0.6719507843872947,13.11,1828.11028337479,1052.33271243392,OM,-0.424,0.1633783950225155,72.841241,187.747892,206.77861854667273,31.70325424032702,50.74705367676827,0.928120052466578,0.2217867436967806,33174.45941537226
GHSL_282,0,15,289,16,0,0,0,0,0,0,0,0.0,10.83818556103621,0.1548776708643556,6.94,1600.441655159,1291.04212004749,OM,-0.028,0.2226228064224251,121.46636,169.322076,239.50956160916903,33.12409224051601,60.767637920824704,0.7848601732253628,0.0822590890810403,45244.65277871181
GHSL_283,0,54,283,3,0,0,0,0,0,0,0,0.0,10.825608751602406,-0.0082543485505197,19.97,1702.5057311058,870.198834579364,OM,-0.237,0.2561024327670044,69.174813,363.49545,319.42701137313605,55.6778235231333,54.75166277691437,1.2649324092977765,0.0895395720604529,36196.380196055616
GHSL_284,0,57,76,0,0,0,0,0,0,0,0,0.0,10.8270613701807,0.3189060719798612,8.9,663.288140296936,1456.5532680188,OM,-0.482,0.4026286705928697,19.61107,47.367458,52.098315187680754,8.710855168012856,17.581686227200656,0.7373391889471634,0.686939482120276,11227.292421540526
GHSL_285,0,2,252,75,0,0,0,0,0,0,0,0.0,10.819371789097104,0.180667942276251,4.38,1643.27487945557,1070.67269704156,OM,0.239,0.5402740725097521,213.498978,251.957367,388.72267773777065,51.93440966528081,95.5655680081252,0.6523399342206242,0.1452740896423043,87549.35617876127
GHSL_286,0,48,190,2,0,0,0,0,0,0,0,0.0,10.81699248509359,0.1422738818398393,8.48,1198.6081237793,1496.13750963233,OM,-0.285,0.2226228064224251,64.037038,119.052561,148.37994035681226,21.341755935318236,36.93377269540106,0.8809159749498195,0.8974821140010799,24884.083796034403
GHSL_287,0,46,146,1,0,0,0,0,0,0,0,0.0,10.807969754166043,0.1925469487118541,4.16,965.975200176239,1547.93299197208,OM,-0.324,0.4026286705928697,52.878088,79.888332,108.64433202749936,15.27215699220408,28.706306761806363,0.8486792569545725,0.0367263507443232,19154.49635288272
GHSL_288,0,113,74,0,0,0,0,0,0,0,0,0.0,10.803599514891408,0.0048754606078222,20.26,933.380398273468,930.089747232293,OM,-0.616,0.2561024327670044,12.433851,150.12972,112.64266116220834,21.69750297424394,21.82274146728952,1.2020079864368427,0.0210588367537832,13839.213113609527
GHSL_289,0,61,79,0,0,0,0,0,0,0,0,0.0,10.801781910085992,-0.0143808693089805,22.05,700.4012799263,838.90997704451,OM,-0.485,0.2561024327670044,21.202439,122.963435,105.40992282571445,18.657698384969983,18.28368900650512,1.2894512748067863,0.0285284402791196,11758.960366217028
GHSL_290,0,6,151,10,0,0,0,0,0,0,0,0.0,10.799024730164984,0.0232081671333914,18.99,838.867609977722,965.707633714102,OM,-0.002,0.2561024327670044,34.312389,109.38777,108.8764924502307,17.589620137544966,33.49916015591952,0.6819669490559691,0.8671589488831791,24854.277453502244
GHSL_291,0,61,130,0,0,0,0,0,0,0,0,0.0,10.793864708588332,0.0723922488280837,15.76,956.621965885162,1090.62214679494,OM,-0.394,0.4026286705928697,24.196724,84.175964,82.14517289979126,13.425860306761132,27.008112857262336,0.7496257260282501,0.4356246057080183,17359.02757538755
GHSL_292,0,180,173,0,0,0,0,0,0,0,0,0.0,10.790316117304735,0.1423992832138543,9.86,1766.80950307846,1334.2966019895,OM,-0.542,0.4026286705928697,73.826143,114.443004,153.82986110693125,21.72007850820285,42.93993943106891,0.828059452255598,0.100164447583757,28097.656607471563
GHSL_293,0,49,124,1,0,0,0,0,0,0,0,0.0,10.78710093811256,-0.0380397161380891,25.09,869.206746101379,1030.58019735906,OM,-0.362,0.2561024327670044,20.121562,84.363235,78.12483520876758,13.06819956619899,25.865981592221633,0.7345925445333231,0.5957895777864138,16890.470256049215
GHSL_294,0,81,122,0,0,0,0,0,0,0,0,0.0,10.78807450344734,0.0433018088177881,18.27,1016.01607894897,941.146029972595,OM,-0.459,0.4026286705928697,24.286309,84.25529,81.83099992932564,13.414964899321816,27.1986432550614,0.7426011976382253,0.5198587628017162,17491.846792673543
GHSL_295,0,60,121,0,0,0,0,0,0,0,0,0.0,10.787042145649766,0.6207042641761075,17.51,904.729441165924,984.129288286497,OM,-0.405,0.1633783950225155,19.293486,73.002007,69.53926294201959,11.616332636542207,25.675243544348213,0.6972544409384974,0.0193944852367947,16320.217364205544
GHSL_296,0,34,87,0,0,0,0,0,0,0,0,0.0,10.772877946963336,-0.0344009236778758,25.76,610.080047607422,915.534350704827,OM,-0.362,0.4026286705928697,13.341189,56.891974,52.47972737351334,8.810084127187638,17.626053938965565,0.7425231943124445,0.3526478612107787,11272.199752573531
GHSL_297,0,7,215,18,0,0,0,0,0,0,0,0.0,10.765393699409357,0.0341811075577573,21.04,1201.09836483002,901.231580912876,OM,0.033,0.2561024327670044,52.952217,166.752612,166.58251826623285,26.820500303788016,50.25380412204618,0.6735332458106521,1.4668650182873837,38308.62220347412
GHSL_298,0,82,66,0,0,0,0,0,0,0,0,0.0,10.757174435363636,-0.0125445391804142,25.03,745.290105342865,781.919105856723,OM,-0.576,0.4026286705928697,14.043384,58.583529,54.4926152162939,9.0120102305419,17.69841019496764,0.7534541584100193,0.6266921926482297,11393.316443148025
GHSL_299,0,173,352,1,0,0,1,0,0,0,0,0.0,10.76221007053018,0.5737291505722485,19.51,2631.55374908447,2810.63324637741,OM,-0.403,0.1633783950225155,101.108328,230.152965,260.225469717282,39.868265016546125,85.06077682940891,0.6562331360061278,0.090991876555955,62513.4775654814
GHSL_300,0,76,171,1,0,0,0,0,0,0,0,0.0,10.754447113248988,0.130298704032714,12.9,1239.47112131119,895.998902157957,OM,-0.383,0.0148492504971124,65.456828,96.957424,133.069641554781,18.637867096775658,35.125699750987785,0.8498057567222322,0.0479636415560212,23416.519036445232
GHSL_301,0,87,38,0,0,0,0,0,0,0,0,0.0,10.755902919942958,0.0918900185380611,16.6,624.986229896545,851.659723642657,OM,-0.689,0.4026286705928697,11.766019,43.636535,42.17829652897847,6.827781038777139,13.26482651719548,0.7684078896879942,0.4474146307138962,8571.585023186512
GHSL_302,0,44,497,16,0,0,0,0,0,0,0,0.0,10.74191167605389,0.0023430901292395,24.98,2784.40737628937,892.15159324452,OM,-0.112,0.4026286705928697,98.496918,311.461328,311.70931429908853,50.4778291224944,100.0233304035453,0.7058874071556028,1.385430847689185,69550.47121502839
GHSL_303,0,161,239,0,0,0,0,0,0,0,0,0.0,10.748800495335049,0.5575925223863406,20.8,2004.06561183929,2399.89175913168,OM,-0.461,0.1633783950225155,35.38796,181.363501,160.64110907077333,27.295322071882627,53.908509834099114,0.7440752156067217,1.699074321659728,34384.10433174708
GHSL_304,0,98,86,0,0,0,0,0,0,0,0,0.0,10.739058324703777,0.0981389488217401,16.88,919.394331455231,858.241275344701,OM,-0.559,0.4026286705928697,22.280479,69.585938,70.31977912912653,11.264185487979372,22.241031479435424,0.765074612099815,0.425244483365542,14398.430137018031
GHSL_305,0,126,334,1,0,0,0,0,0,0,0,0.0,10.743575992926267,0.47535071003468,19.73,2308.87725734711,2042.72996960701,OM,-0.355,0.1262114700839806,42.506577,445.987081,340.6954853543396,64.93287061598683,68.85992031070012,1.1529579013829352,0.0130510988042765,43842.92588903679
GHSL_306,0,126,76,0,0,0,0,0,0,0,0,0.0,10.743871739055187,0.0189598188224163,23.71,1011.09433555603,850.134180492486,OM,-0.632,0.1965756836525736,21.910971,71.077251,70.80292908995985,11.387508151834869,22.749740109664256,0.7554510161956971,0.5881526370627801,14716.143328493028
GHSL_307,0,46,104,0,0,0,0,0,0,0,0,0.0,10.74071361368442,0.3134056851667909,3.94,749.704663276672,1388.75345153503,OM,-0.382,0.2797832597547878,17.776352,61.338732,59.80130679344234,9.894550543626792,21.507831198593607,0.7066633726574094,0.028161505480444,13745.64550176704
GHSL_308,0,119,69,0,0,0,0,0,0,0,0,0.0,10.738189355819594,0.1460545304230622,12.23,943.452774524689,847.341299467862,OM,-0.638,0.4026286705928697,12.152973,148.521037,111.38984530923614,21.45943920328385,21.44017187283689,1.2091226624758409,0.0113503058723927,13593.565256367025
GHSL_309,0,19,142,3,0,0,0,0,0,0,0,0.0,10.72815442810968,0.3632483118010208,8.12,819.811900138855,2024.59090810787,OM,-0.181,0.3110970152458558,23.717303,82.007555,80.00421608224619,13.21412241695038,28.14029137123315,0.6823580580143154,0.023194353155394,18944.134459502555
GHSL_310,0,43,119,1,0,0,0,0,0,0,0,0.0,10.721735758290938,0.0973391922051653,17.82,810.803632259369,1186.57199927906,OM,-0.346,0.1824149124493632,24.992246,74.403155,76.06159312749811,12.188016511663708,24.333240603806647,0.7458808928311118,0.2977756049888552,16038.065719336711
GHSL_311,0,83,55,0,0,0,0,0,0,0,0,0.0,10.721530260498698,0.0718242653930519,20.24,694.401496887207,875.68159872987,OM,-0.612,0.1824149124493632,15.774156,49.976921,50.34969778631167,8.062938085140882,15.800531721181182,0.7688556924671601,0.3417215686241123,10236.021866420022
GHSL_312,0,72,63,0,0,0,0,0,0,0,0,0.0,10.718216741219209,0.1570825211980147,12.26,674.532880783081,1175.86547984667,OM,-0.561,0.0410121784731291,9.719827,112.67915,84.93074935530488,16.321874653175108,16.676419965602356,1.1898846668167542,0.0061307558167798,10558.27015873652
GHSL_313,0,1,164,44,0,0,0,0,0,0,0,0.0,10.71326128278691,0.2760582521589328,1.02,1045.24841928482,1407.99228857497,OM,0.219,0.2701147921834287,76.805971,229.747195,232.54073682349585,37.5986198834193,59.89933601362325,0.6596225641806619,1.096678906291367,53127.977363690006
GHSL_314,0,88,49,0,0,0,0,0,0,0,0,0.0,10.707019685683964,0.4694857593797356,17.13,686.762967586517,1057.24192404106,OM,-0.644,0.4026286705928697,8.796836,107.662708,80.68638607193556,15.547445715533826,15.496803359181888,1.2107283321539897,0.0183239599414193,9830.005713159519
GHSL_315,0,49,158,1,0,0,0,0,0,0,0,0.0,10.70092797622008,0.1506556489599534,13.78,1038.90372371674,1150.88028996197,OM,-0.32,0.4026286705928697,20.066931,208.899147,159.80346745479233,30.43181750571911,32.144122033373236,1.1487461228094429,0.0001230971123822,20623.848395496232
GHSL_316,0,3,367,99,0,0,0,0,0,0,0,0.0,10.700925944459858,0.2094686955883277,8.14,2343.74236965179,2502.81473339508,OM,0.22,0.5508361933339138,236.003233,542.243718,624.0305993726479,93.75079480021203,134.61737194969496,0.7605096591606074,0.377370682719913,119356.26088197838
GHSL_317,0,12,140,5,0,0,0,0,0,0,0,0.0,10.689034457022784,0.1304397596492235,16.36,783.046165943146,867.392256342109,OM,-0.103,0.1824149124493632,49.128204,77.387642,103.34800814181467,14.624473753697872,27.95656697871342,0.7785327929221305,0.0345065436335374,19964.644177363396
GHSL_318,0,64,245,2,0,0,0,0,0,0,1,12000000.0,10.675487479062443,0.1603638949301199,14.62,1553.85904121399,1034.58317711798,OM,-0.288,0.4026286705928697,128.338501,170.401449,229.39183658949983,30.89778195574607,55.12481995802475,0.7095038102231098,2.399927919363151,43732.38109854693
GHSL_319,0,99,46,0,0,0,0,0,0,0,0,0.0,10.68219137624228,0.4634409112553312,15.27,723.236991405487,985.241973157665,OM,-0.68,0.3110970152458558,12.800074,49.953178,47.24635992620397,7.747458960702748,15.623859727737411,0.7421518331888235,0.5605341088822952,10056.783617820516
GHSL_320,0,45,143,1,0,0,0,0,0,0,1,12000000.0,10.683918423652797,0.1386215468744556,15.93,944.695403575897,1130.96818137716,OM,-0.32,0.1824149124493632,109.408693,107.135797,157.55226817200443,21.19271017208978,35.98862501143429,0.659039244650693,4.1404353857294485,30774.51780787372
GHSL_321,0,6,755,190,0,0,0,0,0,0,0,0.0,10.67092118347299,0.2022185331375725,10.43,4759.36848831177,2128.45236880409,OM,0.209,0.4026286705928697,422.591068,897.654172,1043.60782835522,156.90936575807305,264.02933210278115,0.6632611848693072,3.744917012579673,234642.18541922493
GHSL_322,0,0,93,85,0,0,0,0,0,0,0,0.0,10.66427249388286,0.0732493275645698,23.25,892.557284832001,813.679221135158,OM,0.446,0.3233161536024493,109.258201,198.208904,250.44803852559005,36.19053574202184,77.68606401543512,0.4976593522600425,0.1566190565051715,77959.50496667839
GHSL_323,0,49,110,0,0,0,0,0,0,0,0,0.0,10.658159952100773,0.1709076135987342,14.12,797.040334701538,1523.52326017773,OM,-0.383,0.1811692544959161,37.3314,61.527831,80.11139287313067,11.488005492450538,22.22203436260589,0.8328678225744424,0.0263101924847861,14556.166108007541
GHSL_324,0,65,116,0,0,0,0,0,0,0,0,0.0,10.642989167317518,0.2854102272956664,3.89,905.46937084198,1062.46068685271,OM,-0.426,0.4026286705928697,39.771845,67.335625,87.0156465140485,12.485410513210482,24.51226468475617,0.8243228926767224,0.0283539690495994,16024.006450340543
GHSL_325,0,45,112,0,0,0,0,0,0,0,0,0.0,10.640780387003238,0.3710112379310804,4.25,786.402636051178,1226.28621781661,OM,-0.366,0.3730851973776908,19.034905,74.656554,69.80538613654608,11.810026887623026,22.809851948045477,0.7628168863167665,0.0769474931559991,14573.524360308544
GHSL_326,0,59,156,1,0,0,0,0,0,0,0,0.0,10.636482310916692,-0.0453151797497314,36.01,1075.8524518013,879.280870346994,OM,-0.354,0.4026286705928697,26.756923,92.020493,90.00090499037059,14.83880007959494,32.17774814825729,0.6979791301802942,0.0257391312878607,20909.86848293023
GHSL_327,0,10,241,17,0,0,0,0,0,0,0,0.0,10.63669632941199,0.1784620035298967,14.51,1336.59617805481,1199.9788561369,OM,0.0,0.1811692544959161,99.467368,145.789773,201.63303854926144,28.10865896403668,53.11760081694205,0.7435598465418317,0.0674970217134887,40518.21680111996
GHSL_328,0,22,116,1,0,0,0,0,0,0,0,0.0,10.634670086206944,0.4324772543474522,9.87,693.044890403748,1066.63020971368,OM,-0.232,0.4026286705928697,14.803797,146.921528,113.09582954218848,21.45406856458037,22.701382246539335,1.1437610662869586,0.0053599081696283,14646.82581207771
GHSL_329,0,97,46,0,0,0,0,0,0,0,0,0.0,10.633354940592069,0.4993093299266287,16.25,714.905698776245,1008.56817126421,OM,-0.675,0.4026286705928697,11.249576,51.447184,46.89469566290934,7.812730913188438,15.513983354704944,0.7449447760825759,0.6077306896581449,9955.657504575516
GHSL_330,0,29,127,1,0,0,0,0,0,0,0,0.0,10.620057009158856,0.408250005706708,6.69,787.787814617157,1181.65631631493,OM,-0.267,0.3730851973776908,16.338705,163.10826,125.43978799473152,23.80972568177492,25.17146027030871,1.146400004795234,0.006344015549949,16208.624841785715
GHSL_331,0,1,321,148,0,0,0,0,0,0,0,0.0,10.611302038843432,0.3930979305401378,4.82,2347.20072746277,2123.18554391033,OM,0.317,0.3730851973776908,189.346803,691.895165,656.0753894017563,108.97960698799932,163.31284454717957,0.641446309861651,5.614270712463507,153258.60278526915
GHSL_332,0,0,108,50,0,0,0,0,0,0,0,0.0,10.6107688764659,0.3784363322135735,3.39,792.492976665497,1188.71390764923,OM,0.317,0.3730851973776908,63.897521,233.350731,221.31802105965383,36.765451798969366,55.06683771981553,0.6412830457371251,1.8861600605127116,51710.5056799475
GHSL_333,0,43,87,0,0,0,0,0,0,0,0,0.0,10.593249450948347,0.1825023275256549,16.39,650.257997989655,819.722511729551,OM,-0.402,0.0834600695372953,27.869557,48.950871,62.269359058657386,8.99236867563202,17.942280337132768,0.8101879555129267,0.0207844046463275,11727.267262176034
GHSL_334,0,1,99,21,0,0,0,0,0,0,0,0.0,10.59177712148759,0.2395308262212221,11.0,602.13051700592,938.828055528406,OM,0.176,0.4026286705928697,56.376606,127.954473,147.81050829562466,22.216278136884263,32.138763739765274,0.7782959185988307,0.1054026954179694,27658.928483375086
GHSL_335,0,46,145,1,0,0,0,0,0,0,0,0.0,10.586057641332731,0.3781486520974917,2.01,958.262423038483,1061.21477838237,OM,-0.323,0.4026286705928697,44.479106,97.482867,114.23688727408214,16.740902958176196,28.608967904118607,0.8869530561112823,1.0335152979998397,19044.69111348722
GHSL_336,0,64,76,0,0,0,0,0,0,0,0,0.0,10.582757301611704,0.3977721644257509,3.74,701.864699840546,1039.56026505433,OM,-0.505,0.4026286705928697,25.834554,57.494141,67.02495293633798,9.83183321259258,17.7363842540268,0.8648469241265933,0.5787146547949357,11581.233817898028
GHSL_337,0,97,85,0,0,0,0,0,0,0,0,0.0,10.57288267621177,0.2518823487312176,10.81,906.839468955994,994.865136207646,OM,-0.56,0.055861431330465,25.04507,66.180858,70.48022776810896,11.138639754246622,21.95423063116551,0.7748118351866865,0.0236754381396021,14238.06184100003
GHSL_338,0,30,148,2,0,0,0,0,0,0,0,0.0,10.570836553914695,0.2097538927149688,14.94,898.111727714539,941.693293329844,OM,-0.245,0.4026286705928697,43.78545,109.709209,121.93265659075058,18.650435724018255,28.856943666584534,0.9318453861416324,0.0852308270835826,19362.128722218393
GHSL_339,0,54,167,1,0,0,0,0,0,0,0,0.0,10.565792663515325,0.7334486551924553,35.24,1110.02883672714,1027.50003399654,OM,-0.327,0.4026286705928697,35.134579,95.201914,100.86999300370022,15.97402495154077,33.447351119616194,0.7321040044213385,0.0390948639530641,21864.91083316823
GHSL_340,0,16,127,3,0,0,0,0,0,0,0,0.0,10.55904295287582,0.2766966501228231,9.1,725.415345191956,1193.74563124005,OM,-0.166,0.4026286705928697,36.072924,70.22305,85.69431747853356,12.58542583056538,24.76945640438165,0.7644200457431414,0.0281561992486273,17145.366698702554
GHSL_341,0,63,627,17,0,0,0,0,0,0,0,0.0,10.534435402818842,0.1448360881550011,23.14,3537.78730916977,1218.37259666378,OM,-0.132,0.4026286705928697,85.653946,815.491043,631.066209324615,119.29538230803456,126.76770192072536,1.0916810901489695,0.1622919560574162,85582.8812087756
GHSL_342,0,96,86,0,0,0,0,0,0,0,0,0.0,10.538718518236225,0.1322604443521682,24.13,913.364896774292,1176.14966387443,OM,-0.555,0.0834600695372953,13.468656,143.614418,109.39169613226508,20.87818130345596,22.56347707093104,1.138642009890633,0.0268235184219931,14297.30402377303
GHSL_343,0,50,87,0,0,0,0,0,0,0,0,0.0,10.534280825233358,0.2194508162694847,15.96,686.229907035828,991.429617684628,OM,-0.433,0.4026286705928697,28.890041,49.911144,63.86093302628225,9.206657039871672,18.473988827380097,0.8070556685513294,0.0219103193225252,12081.208658533531
GHSL_344,0,84,108,0,0,0,0,0,0,0,0,0.0,10.510128990172037,0.1978400508002404,19.24,957.227643489838,914.426234370335,OM,-0.488,0.4026286705928697,40.456355,64.590906,85.35828806593881,12.160994633029972,24.599784565968772,0.8075734686397079,0.0298302281690413,16106.26261100404
GHSL_345,0,79,193,1,0,0,0,0,0,0,0,0.0,10.509977095837622,0.163971855213498,22.55,1363.25438976288,912.362651113566,OM,-0.37,0.0834600695372953,67.070181,106.430104,141.08570739403146,20.072139789297484,39.13003455824345,0.8209975074280148,0.0495915043546781,25983.92347301374
GHSL_346,1,163,60,0,0,0,0,0,0,0,0,0.0,10.502643054315753,0.3560545388669047,4.47,1117.91662216187,1813.99697400951,OM,-0.722,0.3408254723251323,30.369324,57.820673,70.80946425923122,10.41625607717636,22.88205008658221,0.7457340914367219,0.0225786129350177,14869.774694833355
GHSL_347,0,64,62,0,0,0,0,0,0,0,0,0.0,10.500107466299449,0.2287227062459348,16.88,633.81591129303,1014.53855279126,OM,-0.541,0.4026286705928697,23.150166,39.779743,51.0333087375326,7.347888499081466,15.373825548096493,0.7821462240137615,0.0166569183207338,10043.96046636102
GHSL_348,0,33,132,1,0,0,0,0,0,0,0,0.0,10.497911316013518,0.1498849898663158,24.6,827.918147087097,933.941075207575,OM,-0.279,0.4026286705928697,47.533657,70.767627,96.90311652504016,13.583440313218132,25.30533862888607,0.8527708638556964,0.0367542914762036,16959.90326525322
GHSL_349,0,18,136,3,0,0,0,0,0,0,0,0.0,10.48605893883475,0.5589719946779551,14.21,783.454744338989,1091.68715377025,OM,-0.177,0.3128141038734766,26.901416,143.356046,125.81959156426817,21.92529409971343,26.93666058500229,1.0203778803572374,0.0345296544529587,18234.73996650706
GHSL_350,0,89,91,0,0,0,0,0,0,0,0,0.0,10.422959971463026,0.1930996608964081,24.34,900.602526664734,1077.33245130693,OM,-0.53,0.4026286705928697,13.716704,144.692187,110.35846723887973,21.04937803632675,22.86621577475513,1.133927563129407,0.0238202074617186,14492.388824393032
GHSL_351,0,7,188,14,0,0,0,0,0,0,0,0.0,10.384016846371178,0.6433147555949584,16.91,1046.22246265411,1821.86198351638,OM,0.01,0.3128141038734766,78.946306,114.798638,157.52365642593983,22.18344681788061,41.93977614906844,0.7341712515638322,0.0535507137135019,32155.757553776933
GHSL_352,0,1,184,49,0,0,0,0,0,0,2,22375300.0,10.367083466695288,0.485209269230174,2.27,1175.49618148804,3479.7167820109,OM,0.219,0.3214854887601364,238.277147,263.005583,365.2450689139703,48.21687531323767,80.72975457394124,0.5922275729634455,6.23303813833122,81684.53656261034
GHSL_353,0,19,2694,752,0,0,0,1,0,0,19,69231600.0,10.35440050961796,0.4737496314446095,1.0,17326.072306633,5342.1714379813,OM,0.227,0.3214854887601364,2350.343181,3517.015946,4720.0147470156135,693.1868172931269,1189.8409856328133,0.6116924911522661,34.18869782157307,1125219.7291177223
GHSL_354,0,12,296,21,0,0,0,0,0,0,0,0.0,10.34779927156319,0.7512412631741159,20.0,1641.84035491943,2136.18300999424,OM,0.004,0.2409867651212328,82.127793,185.32491,206.8528516048234,33.47173001051982,66.88295457117222,0.6532703012028495,1.5533410345290477,49846.754267136166
GHSL_355,0,165,1443,33,0,0,0,0,0,0,3,23139200.0,10.338325534987808,0.4658152783929054,0.31,8206.36600875854,3316.0823689194,OM,-0.152,0.3214854887601364,631.376683,884.251252,1187.8184916054145,167.7003040127671,291.5863365096597,0.7862031530850632,4.866838129921348,216233.08151818928
GHSL_356,0,75,1205,55,0,0,1,0,0,0,1,12000000.0,10.328149634987676,0.7485283449264617,17.94,6676.38449382782,2993.93562367551,OM,-0.059,0.2409867651212328,407.920129,749.720586,899.4159449000788,133.44282678699966,268.101254979497,0.6596816921056663,3.5340066278603155,206261.83046189035
GHSL_357,0,29,107,1,0,0,0,0,0,0,0,0.0,10.255581711976632,0.8720176085046736,18.45,686.123340606689,1765.38345316577,OM,-0.298,0.4026286705928697,13.82037,141.640465,108.52200838234576,20.64554907789992,21.68883029283515,1.1469014992640223,0.0072163985815965,14012.520053875707
GHSL_358,0,32,685,42,0,0,0,0,0,0,0,0.0,10.24319952519198,0.644479790672774,3.82,3793.59854507446,2595.37404301666,OM,-0.017,0.2431943051676815,314.805909,410.820778,598.0725718249347,81.98900463370856,145.72442972547825,0.7973430761739322,0.2038828090915327,110309.90025103386
GHSL_359,0,56,977,49,0,0,0,0,0,0,0,0.0,10.185211351845334,0.4457314159127287,13.24,5405.73555088043,2757.35522074429,OM,-0.046,0.2432447226129287,356.141113,580.797069,751.6514494029857,108.74402729784266,202.71656289731908,0.7591037051507541,0.2648830868851988,149165.75908899264
GHSL_360,0,152,389,2,0,0,1,0,0,0,1,12000000.0,10.139416620156826,1.0815903903299635,20.01,2711.97696208954,1572.88271605835,OM,-0.36,0.4026286705928697,127.462222,403.861636,378.3909718008919,59.53016332132863,98.66753995574724,0.6885435268153655,9.337717466760663,78311.47826034708
GHSL_361,0,46,137,1,0,0,0,0,0,0,0,0.0,10.07309568605916,0.7154835972831328,7.82,920.421365499496,783.359333070202,OM,-0.335,0.1195010460205265,33.200008,142.075739,132.51036518623502,22.257373533427963,27.596685129436075,1.0692636388842671,0.0375745501710018,18166.24919832322
GHSL_362,0,0,95,43,0,0,0,0,0,0,0,0.0,10.047220074629909,0.4515313740560381,25.74,693.899512290955,1784.33546325114,OM,0.314,0.1517521988745472,36.086561,441.68956,329.0169975943352,63.80765355103658,49.50703834498377,1.0540507716835097,0.0420697223096288,44703.821992273304
GHSL_363,0,69,81,0,0,0,0,0,0,0,0,0.0,10.018916860542088,0.8024881301950323,7.68,750.923517227173,1044.87218454402,OM,-0.504,0.1195010460205265,12.9951,61.737004,55.557813864990784,9.410191788676167,19.407083213213152,0.7216163045825637,0.4995328167957812,12383.075297988029
GHSL_364,0,168,343,1,0,0,0,0,0,0,0,0.0,9.986382908274994,0.4025464242801843,34.35,2558.09850597382,3184.40783993156,OM,-0.402,0.0460217368833169,44.723881,458.862797,352.2071230550331,66.89136819418712,72.35474659572661,1.128024787425958,0.0094942769996991,46414.599382906796
GHSL_365,0,56,199,1,0,0,0,0,0,0,0,0.0,9.96960838872716,1.0318494133821727,1.28,1280.63534545898,912.330978686969,OM,-0.301,0.3815787350819846,45.124868,207.184795,189.68914829012633,32.19227383398723,37.97844729021846,1.1009702461342317,0.051088023794433,25140.71833176541
GHSL_366,0,47,524,16,0,0,0,0,0,0,0,0.0,9.968636763662976,0.5766679649130483,25.71,2936.90552425385,2994.10490434648,OM,-0.115,0.0459619458347474,68.578617,686.193601,528.385197324591,100.16850022528638,104.60251126430428,1.089442184871493,0.0013586701249119,71695.34565780257
GHSL_367,0,43,74,0,0,0,0,0,0,0,0,0.0,9.967842762338387,0.4132717756313047,35.45,586.806924819946,3154.33325890141,OM,-0.436,0.0460217368833169,9.764216,101.497542,77.7551658739277,14.78491533121117,15.99110478056781,1.134938904820612,0.0021138101388781,10187.627226898361
GHSL_368,0,2,1044,651,0,0,0,1,0,0,0,0.0,9.953033762617869,1.047795461349894,0.65,8489.63492774963,2095.91935851639,OM,0.373,0.3815787350819846,1147.327937,6304.971215,5476.812459727422,961.3948685417148,799.735844349955,0.9751046423341458,1.4965783784835474,790630.5218207731
GHSL_369,0,90,154,0,0,0,0,0,0,0,0,0.0,9.94353574878576,0.9451409560241588,6.3,1226.57104158401,1559.5289028037,OM,-0.435,1.685873942005854e-09,23.676204,92.551893,88.04044224131677,14.663900543971964,33.09606463035056,0.6814309646857505,0.0246049065156584,21227.553925994056
GHSL_370,0,12,338,26,0,0,0,0,0,0,0,0.0,9.93249101958948,0.4530931576280548,36.39,1878.65811347961,2811.74512519176,OM,0.016,0.2843499791580681,57.224859,266.93199,241.47276350320175,41.033018014089755,77.2576654957982,0.660787069048081,1.3559786489596992,57784.978207441505
GHSL_371,0,16,138,3,0,0,0,0,0,0,0,0.0,9.889209658283017,1.3486630771751202,22.82,783.755435943604,1684.80714534621,OM,-0.152,0.0591382610229886,20.215849,79.308545,75.54204901149637,12.559984578218868,26.72251736902053,0.6756862460928379,0.021786771135274,18101.172411851392
GHSL_372,0,8,97,3,0,0,0,0,0,0,0,0.0,9.884134774017852,1.1236318059233634,5.72,543.049256324768,563.176607927452,OM,-0.1,0.4026286705928697,16.078026,54.866695,54.52316947504599,8.860405976325609,19.081817639830707,0.6621001307366137,0.0180436532548601,13266.38092824271
GHSL_373,0,14,140,4,0,0,0,0,0,0,0,0.0,9.856765196194065,1.0884190496738804,1.06,788.072212696075,970.455792518909,OM,-0.132,0.521137711221477,22.810516,80.606952,78.65251056835201,12.947398707268103,27.69604769669139,0.6684237698008773,0.0225020139618788,19010.40428249539
GHSL_374,0,57,785,30,0,0,0,0,0,0,0,0.0,9.828580336266432,1.1970335306040432,11.28,4362.41883277893,1405.08627707878,OM,-0.083,0.0888383373511352,155.507649,446.474169,466.8106900376599,74.06666131754639,156.89406220486254,0.6664670681519326,0.1399677058869928,111518.46741550935
GHSL_375,0,86,288,2,0,0,0,0,0,0,0,0.0,9.815716817889385,1.134929040159483,4.4,1876.93839979172,798.058744405206,OM,-0.312,0.4026286705928697,45.074517,162.075787,157.50969783996317,25.97036636760018,56.59138015922538,0.6896711335460944,0.0456489502119905,37077.915256862114
GHSL_376,0,31,252,5,0,0,0,0,0,0,0,0.0,9.794742021427709,1.2347331302179372,13.77,1445.69746351242,639.955920768821,OM,-0.165,0.4026286705928697,42.021432,146.588276,142.96910515335284,23.454253073098407,48.220060506591,0.696356293154613,0.4816422260022966,32764.979058005774
GHSL_377,0,21,88,1,0,0,0,0,0,0,0,0.0,9.780534524043672,1.1751588245022742,7.24,545.677630186081,608.427156549675,OM,-0.271,0.0888383373511352,17.627903,48.603117,51.350412729689495,8.119035713524147,16.963097727015803,0.7161002189580661,0.0160965143970134,11368.744034727702
GHSL_378,0,43,319,6,0,0,0,0,0,0,3,36000000.0,9.781280703688466,0.4656402205603674,32.91,1844.07035827637,4273.51877072976,OM,-0.179,0.2157853765952962,312.286273,293.105267,427.6392255477997,56.675382740904055,82.83284214041792,0.6769211576637849,13.006658837407407,77406.51741644445
GHSL_379,0,71,116,0,0,0,0,0,0,0,0,0.0,9.770163199648431,0.6240597452461443,30.73,940.018013954163,2057.40644760319,OM,-0.443,0.0304055873763366,19.704014,72.340712,69.68930650710375,11.558236635069054,25.080954377874875,0.7011240771122624,0.0199735312389164,16153.72353227971
GHSL_380,0,93,316,2,0,0,0,1,0,0,0,0.0,9.753074209701934,1.3270600074763637,8.46,2053.49973392487,2637.75103779154,OM,-0.309,0.1454136925644622,373.475449,527.599616,736.333417342567,102.81061450542988,205.8090184316319,0.5556532330201872,0.250822487569245,200303.30443723296
GHSL_381,0,49,1106,72,0,0,0,0,0,0,1,12000000.0,9.74031763113062,1.3149062801860203,7.23,6130.27676963806,1784.35403759201,OM,-0.009,0.1454136925644622,250.561084,735.630173,769.6721807935826,120.51740946004756,248.48339079279776,0.6234255861423644,0.8305396102950188,191176.2300573249
GHSL_382,0,30,175,2,0,0,0,0,0,0,0,0.0,9.74014410257138,0.916694605365798,20.91,1037.23395037651,822.654417440235,OM,-0.217,0.4026286705928697,30.355161,95.055242,96.92429896726551,15.54719354537587,33.025000812315135,0.7039302607914206,0.0312145307646975,22015.530106885402
GHSL_383,0,6,228,23,0,0,0,0,0,0,0,0.0,9.728633072479962,1.2433361899866695,9.35,1283.97892379761,802.829033248927,OM,0.057,0.4026286705928697,57.180935,151.398731,162.29759174947395,25.47440727262671,55.08909013684754,0.5985605102394056,0.0487698465819795,43217.74423504148
GHSL_384,0,1,279,157,0,0,1,0,0,0,0,0.0,9.729763012477893,0.8105634178124097,25.14,2182.74702453613,2715.23097007816,OM,0.354,0.4026286705928697,336.80087,522.909817,709.7820542296321,103.44538398082652,170.02000379658136,0.6126363556198976,9.076389439578188,169407.21139647157
GHSL_385,0,136,111,0,0,0,0,0,0,0,0,0.0,9.700726886469532,1.1796158289476124,4.02,1236.05727624893,679.323122126848,OM,-0.573,0.2759734293608962,38.670581,75.953095,88.87285978896391,14.71226538507238,29.259099338423912,0.7394772010694776,1.380833860376043,18939.97839447138
GHSL_386,0,113,231,1,0,0,0,0,0,0,0,0.0,9.688822894852722,1.2310075021232,6.3,1724.07457828522,917.647968529489,OM,-0.402,0.4026286705928697,54.94696,133.415739,149.86781768503712,22.815535650418155,47.74197506039895,0.7450502114148163,0.0552109101915039,31511.32026409642
GHSL_387,0,17,161,4,0,0,0,0,0,0,0,0.0,9.690805601055086,0.7395005737108453,21.3,912.073761940002,2565.99810362194,OM,-0.141,0.4026286705928697,31.767746,88.512364,92.56763656352268,14.75907936461873,30.94229572273311,0.6872326438961126,0.0274337353859719,21430.600503782403
GHSL_388,0,2,338,100,0,0,2,0,0,0,0,0.0,9.673303536106047,1.159952220275307,0.57,2203.17372536659,956.990707750489,OM,0.237,0.2548234714318064,112.680123,1642.130289,1198.022330110609,235.39173603153128,159.77023862909738,1.172046598271404,0.30322720993751,144789.7816511119
GHSL_389,0,1,185,72,0,0,0,0,0,0,0,0.0,9.671644766011111,0.61351053285718,19.91,1291.81162643433,3815.60617448702,OM,0.286,0.3771311453961927,146.176622,328.28466,381.18971796763407,57.03674460241776,83.3716890241347,0.71833489223507,0.330619340680875,77309.55113382256
GHSL_390,0,65,583,14,0,0,1,0,0,0,0,0.0,9.665966089506185,1.3539235139675558,1.62,3310.52952289581,2678.9768130744,OM,-0.148,0.0438406157974126,115.249971,353.960537,361.345792617979,58.072087648760395,123.91575725276928,0.6310455195344377,0.1055300047295789,91710.90607344537
GHSL_391,0,15,458,39,0,0,0,0,0,0,0,0.0,9.6659577287842,1.2630710504950782,2.3,2561.93175029755,1401.32267725265,OM,0.032,0.2829016343806352,93.970406,311.631786,311.83262256055764,50.52328165830331,106.58280335574676,0.6148780375776841,0.0899021229567584,81235.01622442725
GHSL_392,0,4,388,86,0,0,0,0,0,0,1,12000000.0,9.662049411412186,1.1783024693877795,2.06,2392.01323795319,897.175427563682,OM,0.187,0.4026286705928697,105.699446,1292.883602,925.131098001716,177.86281503848454,142.57653124104374,1.0521754769110347,3.3160982792798976,122514.10954109901
GHSL_393,0,3,134,18,0,0,0,0,0,0,0,0.0,9.657276703258155,1.134369278746477,2.59,773.083896636963,1602.41911384639,OM,0.103,0.2548234714318064,25.462834,281.729324,213.24572886630455,40.90880053836927,36.65371673710549,1.070565252687963,9.168282383258808e-06,28939.63163927309
GHSL_394,0,0,190,117,0,0,0,0,0,0,0,0.0,9.6553344974096,1.1433807604784745,1.82,1533.93166255951,1562.31624430016,OM,0.37,0.2548234714318064,90.764271,1132.919336,841.2703792833229,163.46886081253638,122.59120101148972,1.0570124935321723,0.1970260164838433,113604.26685132235
GHSL_395,0,17,174,5,0,0,0,0,0,0,0,0.0,9.652403056335636,1.2447649183720255,2.37,979.856040477753,1300.75114260558,OM,-0.131,0.4026286705928697,40.733823,96.340701,109.2826704336584,16.559873191736987,33.65907500307141,0.7189796784170992,0.0344051287099391,23629.483500653077
GHSL_396,0,13,156,5,0,0,0,0,0,0,0,0.0,9.642954108185236,1.1896961509709147,1.81,868.651975870132,702.858336218747,OM,-0.1,0.339787140762192,20.665038,205.564419,158.28688272561746,30.006505254565283,31.315032949229067,1.089020501664386,0.0197382460840379,21481.931943263735
GHSL_397,0,273,279,0,0,0,0,0,0,0,0,0.0,9.63427733829276,1.2529482875113995,0.66,2762.61682415009,1673.62856052832,OM,-0.531,0.4026286705928697,60.798201,181.467017,190.4244832754507,29.91085591251279,68.02287848697989,0.6967304270476117,0.0598914378260659,44083.572551005105
GHSL_398,0,36,157,1,0,0,1,0,0,0,0,0.0,9.631595132317974,1.022215006267585,12.98,975.346748352051,1010.7115453229,OM,-0.267,0.0063639561416444,60.157322,125.780084,145.22723108469523,22.18255277155774,40.48277315919789,0.653160945658226,0.0471238242817763,33901.56259165483
GHSL_399,0,24,188,4,0,0,0,0,0,0,0,0.0,9.597269862513816,0.40735834194548,14.89,1078.18292617798,2195.81901524093,OM,-0.168,0.2961293054834905,24.785768,189.684446,152.74981564120225,28.13944671296428,36.73329330554675,0.9383703467728072,0.0389215555323438,24703.096197266743
GHSL_400,0,2,849,513,0,0,0,0,0,0,2,15311800.0,9.586122358255098,1.1836691609559622,0.94,6815.09811973572,1813.05458179717,OM,0.367,0.339787140762192,1092.447413,1379.651464,2009.5273498496963,282.83979086176305,516.1424730864841,0.5741094162330431,9.46650198620848,515243.8530845551
GHSL_401,0,56,126,0,0,0,0,0,0,0,0,0.0,9.574762255275422,0.6670918720940555,8.9,911.65873336792,2563.92160622299,OM,-0.382,0.3771311453961927,26.209477,72.620534,77.49680676415481,12.152741981788306,25.25966222173661,0.7432719722382785,0.0342923371040236,16465.574908934715
GHSL_402,0,0,32,125,1,0,0,0,0,0,0,0.0,9.563058911293975,1.1751129435276275,2.92,788.735527992249,2911.06475135913,OM,0.71,0.339787140762192,235.825154,250.584957,403.9437918958866,56.108351722318794,96.12136998627754,0.5652732477379905,2.9436571078221982,104266.93713820478
GHSL_403,0,120,90,0,0,0,0,0,0,0,0,0.0,9.556150103933737,1.3274365157110473,5.1,1051.8144288063,955.589999703627,OM,-0.588,0.2537129297749033,38.729702,137.692743,135.491880773109,22.100334039202725,24.134554887283883,1.2208484896121312,0.0424513835743876,15854.593526980034
GHSL_404,0,16,119,2,0,0,0,0,0,0,0,0.0,9.54344749492811,0.6258288241327427,5.69,683.800772666931,2307.44832093314,OM,-0.175,0.1384113293020535,16.663796,68.943489,64.81831420563316,10.846288643943376,22.838374575869715,0.6877999297039462,0.0190596742532638,15254.663372384712
GHSL_405,0,57,188,1,0,0,0,0,0,0,0,0.0,9.535276489003346,0.581500554276759,5.05,1232.83427906036,1967.62993858568,OM,-0.315,0.1384113293020535,29.723343,110.31666,106.26300471467748,17.608754676971525,36.71698369676289,0.7125829585322309,0.0314767670517487,24004.57227773974
GHSL_406,0,0,60,145,1,0,0,0,0,0,1,12000000.0,9.526682650785324,1.2149053747802865,0.29,1027.65128707886,3280.30696943893,OM,0.626,0.4026286705928697,235.688797,526.948524,563.5878174891053,86.00215166669196,124.8143174847102,0.5851872161969558,13.803017821249057,135203.05699170617
GHSL_407,0,0,75,181,1,0,0,0,0,0,0,0.0,9.512997630371675,1.21002599764266,0.02,1280.73534059525,1662.02692099549,OM,0.626,0.4026286705928697,224.555197,570.29829,611.601425419877,93.77324152270512,145.3166689003979,0.5842287384027035,9.104946880533706,153467.0784332523
GHSL_408,0,35,101,1,0,0,0,0,0,0,0,0.0,9.509839537472384,1.0497949474714905,0.57,681.43687582016,1005.89997021162,OM,-0.336,0.4026286705928697,19.891045,61.741017,62.02344522636972,10.20505518359934,20.300380219096112,0.7275117725366669,0.4208477920215101,13488.290797290374
GHSL_409,0,7,121,6,0,0,0,0,0,0,0,0.0,9.503865890953398,1.3536587786470646,0.18,671.26585149765,769.620239643077,OM,-0.057,0.2537129297749033,27.987044,70.843781,76.41805000044411,12.07819868532104,24.901977611196585,0.6635249056780319,0.09109330711019,18192.79645496439
GHSL_410,0,4,217,28,0,0,0,0,0,0,0,0.0,9.506923627949677,1.1705335154314875,0.97,1247.38079023361,1416.39655880238,OM,0.095,0.2476012895356017,80.478698,150.934199,183.46539050966473,28.34449727460627,56.438347588884895,0.6199292029892947,1.1214733072483964,45906.559298378146
GHSL_411,0,13,167,6,0,0,0,0,0,0,0,0.0,9.499634890490965,1.2088071486542171,0.42,929.708384513855,1291.65631792194,OM,-0.09,0.2476012895356017,57.119453,215.621731,207.90068884166828,34.32123193449974,32.42499462989832,1.2467023396668533,0.0581425109283437,23464.939592602408
GHSL_412,0,128,163,0,0,0,0,0,0,0,0,0.0,9.48308396049964,0.9434599741550458,0.85,1455.49596357346,1108.85881554454,OM,-0.489,0.4026286705928697,27.736736,251.479503,196.0503790173626,36.89406902435999,37.59885068741569,1.1936013581899727,0.0489938803548237,24143.39057110073
GHSL_413,0,4,193,24,0,0,0,0,0,0,0,0.0,9.481012376758756,0.8927051661440715,1.57,1105.11427497864,1124.93996087581,OM,0.093,0.4026286705928697,80.007894,134.723004,168.61591052281858,27.144535157103697,49.9099118543331,0.6454705559621364,2.516213277201607,40133.282176343455
GHSL_414,0,28,435,19,0,0,0,0,0,0,0,0.0,9.477171306333556,1.1380329193176306,1.9,2412.51958656311,1609.40818654701,OM,-0.064,0.4026286705928697,72.256357,254.00186,249.16731606099864,40.83075378224418,89.10203629986998,0.635873937418653,0.0722583102509091,63503.7736157602
GHSL_415,0,3,246,47,0,0,0,0,0,0,0,0.0,9.453775104624794,1.2122620437898748,0.77,1476.9392490387,1645.22247512983,OM,0.161,0.4026286705928697,128.546538,557.305787,513.9112415703756,87.16617672336747,74.06771639765077,1.1218134815349017,0.1437153427485767,64103.75500053253
GHSL_416,0,26,342,12,0,0,0,0,0,0,1,12000000.0,9.420779451483046,0.6248093230020438,0.07,1902.26855707169,1663.62198353377,OM,-0.091,0.1192589605734598,105.457907,230.651141,248.0262899919746,37.652916012551856,75.81915856708815,0.6069424073703793,2.2313607237858935,59793.38080513282
GHSL_417,0,55,74,0,0,0,0,0,0,0,0,0.0,9.40075921275461,1.1129751584770395,2.79,643.53476190567,697.016864036537,OM,-0.48,0.4026286705928697,11.921021,58.27709,52.20779398027205,8.812037761538104,16.728319844169913,0.7608915167482143,0.6021708527174561,10801.647515702361
GHSL_418,0,11,450,48,0,0,0,0,0,0,0,0.0,9.356948579777663,1.3531965899443164,8.68,2547.4486207962,3378.54322606153,OM,0.066,0.1442497809175384,79.824189,846.541428,644.5847067410914,123.19613252635664,113.17211529099266,1.0747270506533264,0.0001227807303992,87328.08054591194
GHSL_419,0,121,119,0,0,0,0,0,0,0,0,0.0,9.323981337034942,0.5856161603330351,10.91,1202.2903175354,2288.92579262124,OM,-0.538,0.0190918814061628,44.354269,77.008682,98.48763181155869,14.188394441051583,28.94969592826868,0.7923629495369898,0.0465471055651631,19035.954423594376
GHSL_420,0,1,107,39,0,0,0,0,0,0,0,0.0,9.32140816185576,1.0718051884574424,6.68,734.361779212952,1699.62825458014,OM,0.274,0.3552101504166776,78.344098,361.476121,327.10776134431995,56.13165711439508,45.91663231519733,1.0722081837774715,0.0932694606752652,42632.53572895647
GHSL_421,0,14,275,16,0,0,0,0,0,0,0,0.0,9.300435291563154,1.2387235118030406,0.33,1523.10651922226,2165.78318830226,OM,-0.027,0.4026286705928697,96.172956,165.689175,211.2683880919196,30.585292713968855,57.29287186172798,0.7387527158788635,0.070099012837088,43130.309095857476
GHSL_422,0,0,19,114,2,0,0,0,0,0,0,0.0,9.286941855510092,0.7727162863484868,13.56,672.091094970703,2203.37508350284,OM,0.787,0.4434252510996516,94.66227,1002.69861,759.9898184805201,145.81092333963247,92.41649845358047,1.1137984513164956,0.1966226857994043,95462.39860081655
GHSL_423,0,18,162,4,0,0,0,0,0,0,0,0.0,9.252637575327814,1.2051121809307168,0.59,917.880187988281,2166.34455508209,OM,-0.147,0.2405888705657485,33.352364,90.005929,94.52084161772962,15.488440938917272,31.354597290372418,0.6945161471929987,0.6199582757538449,21589.706534948735
GHSL_424,0,0,105,92,0,0,0,0,0,0,0,0.0,9.240835591140351,0.7640177946151455,13.91,984.418626785278,2323.38594945782,OM,0.436,0.4434252510996516,131.650679,298.280342,331.86493006848997,51.71613953329173,84.92832214681798,0.5818788970339218,6.7867197966436965,84537.2336333956
GHSL_425,0,0,86,75,0,0,0,0,0,0,0,0.0,9.233462408341252,0.7647849165424933,13.86,810.218657493591,2223.45568706641,OM,0.436,0.4434252510996516,107.333566,243.429931,270.73430902823003,42.19463357155396,69.30709602986953,0.5819693011987139,5.536075483458355,68959.6327873262
GHSL_426,0,29,570,32,0,0,0,0,0,0,0,0.0,9.205268836394346,1.2010660455481066,0.61,3153.25674247742,3875.6842950804,OM,-0.031,0.1673947385597473,143.545268,337.933876,379.269856001124,58.4085728491492,119.40663435303284,0.6703324204987886,0.4257698774651327,88470.54002443528
GHSL_427,0,119,180,0,0,0,0,0,0,0,0,0.0,9.20557862390204,1.4155669005262028,21.2,1498.79971504211,4112.7796255529,OM,-0.458,0.130005542245925,24.141786,255.894923,195.3184577650596,37.224109666957254,40.03657159710123,1.1378889817878073,0.0305414266554697,25517.815808519732
GHSL_428,0,150,198,0,0,0,0,0,0,0,0,0.0,9.202193688663067,0.5944660470373884,23.97,1737.98051929474,2278.54346730738,OM,-0.483,0.0289913768485366,29.769387,313.891037,239.5014817806897,45.63357459965555,45.54499375264314,1.2123096140690717,0.1476062399023994,29046.913015718077
GHSL_429,0,10,196,11,0,0,0,0,0,0,0,0.0,9.121940289418465,1.3254779922580866,15.52,1085.35401916504,2207.50269322068,OM,-0.029,0.3369139252971869,42.795338,117.033244,123.27644881628513,19.579201096251097,41.305954340984826,0.6448347901727204,0.0379596980244521,30420.093249178764
GHSL_430,0,15,877,126,0,0,0,0,0,0,4,43467200.0,9.041032844073724,1.4159401670458769,27.47,5093.63113880157,3049.41568916551,OM,0.115,0.4026286705928697,513.009277,725.506097,930.3130272836354,130.75795911476845,262.86389339465495,0.5578935394660653,9.571955723019942,239153.4140631805
GHSL_431,0,2,114,19,0,0,0,0,0,0,1,9414000.0,9.03291978375894,1.1360893051187126,0.26,673.34108543396,1936.89742932743,OM,0.138,0.2352568780761096,71.802462,159.562479,165.21748338081753,23.93720527693819,39.23856259181131,0.607069925447095,3.2918090398718425,36939.40322474352
GHSL_432,0,4,282,47,0,0,0,0,0,0,0,0.0,9.023656212667062,1.141467263089731,0.04,1664.3809299469,2726.31227795943,OM,0.138,0.2352568780761096,131.482515,211.452355,272.48320542008963,42.33183674951723,81.01490317309866,0.6150755531354621,3.0062561958596885,68040.67961350888
GHSL_433,0,75,76,0,0,0,0,0,0,0,0,0.0,9.021538513727045,1.4037471201441118,25.71,755.349590301514,3873.24997462536,OM,-0.534,0.6667649317433912,19.014847,49.070933,52.69663284375857,8.29547484599693,18.48457813473217,0.7030519423738919,0.0170513356096883,12040.89001124103
GHSL_434,0,0,44,226,2,0,0,0,0,0,6,15726000.0,9.01545745456451,1.4130802390209336,26.58,1363.89372825623,4124.22382910052,OM,0.757,0.6667649317433912,406.007313,477.983181,700.9253617832798,96.04736751492682,182.74674699941104,0.5016179630978068,3.7225757519226255,203004.48339233833
GHSL_435,0,0,23,117,1,0,0,0,0,0,0,0.0,9.01563815673078,1.4230716248437094,27.67,708.633558273315,2984.59640071468,OM,0.757,0.6667649317433912,161.722611,243.391168,326.7503220542841,46.57741396923542,89.81657303662017,0.5089259860378097,0.1099843493794007,96929.95217100941
GHSL_436,0,11,137,5,0,0,0,0,0,0,0,0.0,9.009133179204438,1.457705856867658,31.32,765.694013595581,2006.53567504083,OM,-0.097,0.6667649317433912,25.677305,78.023365,79.90866320923472,12.822792665317952,27.362641209889727,0.6618068877178869,0.0236095433427277,19328.779426909063
GHSL_437,0,109,147,0,0,0,0,0,0,0,0,0.0,9.001610172807775,1.484831338471673,34.14,1284.24954891205,2163.49317539092,OM,-0.479,0.6667649317433912,34.106453,89.253436,95.4012425054132,15.077631973050591,32.93095437411738,0.712129475567453,0.0692514941055881,21444.189000238388
GHSL_438,1,167,50,0,0,1,0,0,0,0,5,55677600.0,8.961980868252185,1.2990689190858804,13.6,1090.18295955658,2623.35005632417,OM,-0.758,0.4026286705928697,322.431073,277.133414,399.601556375689,47.73400916591708,60.406833149708625,0.6003248497419688,14.137735681805175,72430.85099932794
GHSL_439,1,312,129,0,0,0,0,0,0,0,0,0.0,8.95886246015688,1.5168606824306214,37.53,2210.47948074341,3670.97203316678,OM,-0.7,0.2230358743344094,25.334344,325.821939,242.3622098982158,46.962657047165266,47.03715305018396,1.1972455793098826,0.0330868479455981,29928.188206478888
GHSL_440,0,15,247,11,0,0,0,0,0,0,0,0.0,8.955688606420473,1.2891851674533406,12.58,1366.20177936554,2598.22103176653,OM,-0.058,0.1150086939624845,47.05185,144.462876,147.3222298485493,23.702026178761862,50.38823191364271,0.6518306728539857,0.045428423372948,36180.75639824645
GHSL_441,0,92,355,3,0,0,1,0,0,0,0,0.0,8.952972215869003,1.198118133715805,3.05,2247.60652256012,2944.62985570376,OM,-0.287,0.1150086939624845,125.802415,215.235109,277.36051122728804,39.801418783975635,78.19381561939255,0.7050018189967906,0.0950971558133695,59730.03648756691
GHSL_442,0,65,221,1,0,0,0,0,0,0,1,12000000.0,8.928886497530337,1.1128594446633124,1.09,1438.32251930237,1843.19033567551,OM,-0.311,0.0151437624215632,88.231647,156.92646,180.8641466881823,26.172124012210094,50.31434255816553,0.6285293374399278,2.222058233935727,39975.86260102041
GHSL_443,0,82,127,0,0,0,0,0,0,0,0,0.0,8.886229201445085,1.0847871255376258,1.04,1046.06458425522,1897.12381188661,OM,-0.453,0.0893599430883273,42.500861,75.429032,95.11949799637458,13.820415467274536,27.188089549516945,0.8098434585577293,0.0308508401164899,17903.88987510938
GHSL_444,0,49,121,0,0,0,0,0,0,0,0,0.0,8.865795714209503,1.0765481274502486,1.66,850.314155578613,1728.23162669886,OM,-0.368,0.0893599430883273,37.524677,67.250813,84.41237604398299,12.292625946878609,23.602116312596284,0.8231289540875278,0.027201814370076,15567.708038302377
GHSL_445,0,11,799,140,0,0,1,0,0,0,0,0.0,8.865967760696192,1.6137479351413857,49.53,4749.93541908264,5383.99810830104,OM,0.148,0.4026286705928697,368.690192,630.594692,799.2801384692356,116.62122240804578,243.70239928719425,0.5811823056644936,0.2602384932829567,212519.70028427974
GHSL_446,0,215,783,6,0,0,1,0,0,0,0,0.0,8.835298422732377,1.0787911552701075,1.05,5016.82234668732,2403.77024695329,OM,-0.298,0.0893599430883273,130.848808,457.811796,447.47926107890635,73.64224852039732,164.29170963484114,0.637021593922983,0.1298183890132957,114608.14853339407
GHSL_447,0,281,977,7,0,0,0,0,0,0,0,0.0,8.832700805499721,1.5165172334305854,40.44,6325.30800819397,5037.54922476806,OM,-0.306,0.2230358743344094,157.155229,544.664762,535.7572843100178,87.73631977243046,190.97611602375375,0.69180292450349,0.1558906926296973,125403.26836426472
GHSL_448,0,68,71,0,0,0,0,0,0,0,0,0.0,8.801831452449948,1.1857335047987718,11.34,696.410586357117,820.754963296543,OM,-0.525,0.1265859368407917,18.871757,46.031084,50.81309315705789,7.864874035111177,17.085541981930177,0.7242146858341654,0.0155526946176602,11143.023140608693
GHSL_449,1,178,77,0,0,0,0,0,0,0,0,0.0,8.786484902041828,1.485576736388668,39.63,1276.82340431213,1904.81102811683,OM,-0.692,0.2230358743344094,29.118827,66.232392,76.15407989699591,11.47494064865893,26.853099094135395,0.6984386837577448,0.0244341050613967,17458.869279002192
GHSL_450,0,66,65,0,0,0,0,0,0,0,0,0.0,8.779267751725225,1.545381558960867,45.77,654.559753417969,2337.67166092737,OM,-0.536,0.2230358743344094,15.456636,42.267037,44.75175254801032,7.071060093591272,15.975185821681183,0.6948414890842299,0.0135987908227459,10393.060383212025
GHSL_451,0,3,182,30,0,0,1,0,0,0,0,0.0,8.783402388755388,0.5641167804341498,36.04,1072.53289031982,805.117228469742,OM,0.137,0.242749075248933,68.5144,588.582899,460.0831052356904,86.63482283949553,65.01330138898513,1.123691543819567,0.1206861671390572,57986.552541061246
GHSL_452,0,27,524,30,0,0,0,0,0,0,0,0.0,8.732734385282876,1.0502223199207024,0.78,2899.12029480934,1162.02608811044,OM,-0.029,0.4026286705928697,139.302084,313.906174,351.1953493493399,56.7080754225385,110.9381109310936,0.6722288432072732,2.623664717506456,81811.68384057327
GHSL_453,0,89,111,0,0,0,0,0,0,0,0,0.0,8.716197728707963,1.472136144140323,42.98,1004.25442790985,2040.26188694885,OM,-0.494,0.3988931159213775,26.378191,68.587111,74.86069184003759,11.578840306489456,25.3767747124954,0.7202887985109778,0.0236843256366909,16535.06559665571
GHSL_454,0,90,39,0,0,0,0,0,0,0,0,0.0,8.710991943959275,1.6119878292119674,55.84,648.937821388245,2184.64482279872,OM,-0.692,0.3988931159213775,7.717469,95.668789,71.43941167085877,13.810273711471227,13.843659949296097,1.1975280692479575,0.0113245213377866,8814.721442904014
GHSL_455,0,77,53,0,0,0,0,0,0,0,0,0.0,8.693461617642813,1.1119313189494042,7.15,651.307088136673,629.030598520662,OM,-0.606,0.4026286705928697,8.854801,75.289979,59.59664731623474,11.09031326412316,15.15849134224603,0.9465299012619348,0.0149391111547159,9660.660229423687
GHSL_456,0,47,118,0,0,0,0,0,0,0,0,0.0,8.694632119598115,1.0241774020517918,1.14,825.445162296295,1105.22665988664,OM,-0.363,0.4026286705928697,14.601834,148.334674,114.13038248224647,21.63565384130176,23.780638900450747,1.1225770767246317,0.0001669495674856,15141.55830220371
GHSL_457,0,2,1147,715,0,0,0,0,0,0,0,0.0,8.664201125955287,1.0178518786810484,1.34,9322.91373682022,2092.12192828424,OM,0.373,0.4026286705928697,561.544924,6926.423912,5138.1877643252365,997.3709829020336,749.1889788891506,1.0580995454763082,3.737311388361228,692827.5136319614
GHSL_458,0,95,229,1,0,0,0,0,0,0,2,24000000.0,8.652746195940717,1.467562852294533,45.66,1624.61565589905,3480.02668130205,OM,-0.372,0.0254558387279191,111.220183,769.446694,529.3053619713869,92.24872895652454,64.10695179723628,1.1837252051847913,8.86930373163552,54374.41494295842
GHSL_459,0,28,343,12,0,0,0,0,0,0,0,0.0,8.64856543798996,0.4578311403411914,47.71,1911.99915790558,1230.92399034933,OM,-0.101,0.4026286705928697,72.45485,208.393983,215.44485456929377,34.266550942863525,67.82780212876429,0.7024673322712991,1.0193226499728494,48003.65496389949
GHSL_460,0,72,144,0,0,0,0,0,0,0,0,0.0,8.614519365901213,1.1049142679660169,9.16,1081.96494197845,634.104153504157,OM,-0.404,0.1747951183422347,18.998312,190.183875,146.35673256777565,27.748132830669256,30.183348954814228,1.131796246567139,0.0280618911747666,19227.146755128055
GHSL_461,0,69,134,0,0,0,0,0,0,0,0,0.0,8.618039319533034,1.1846247986445555,17.49,1014.65640616417,642.613024929268,OM,-0.41,0.4026286705928697,17.275307,178.229588,136.75203143236246,25.974193521495263,28.273109314730075,1.1308162344347,0.0022635152552866,17994.264945267052
GHSL_462,0,195,571,3,0,0,2,0,0,0,0,0.0,8.517452895588102,1.4033400120923796,40.9,3841.89426708221,3255.03548643503,OM,-0.336,0.3988931159213775,188.390673,354.096874,439.39182674977417,63.98437873275715,133.03431296731543,0.6604616609842687,0.1527210589556761,102632.50853932543
GHSL_463,0,163,196,0,0,0,0,0,0,0,0,0.0,8.449290762457615,1.2912862110333516,26.57,1795.26816749573,2093.03643638441,OM,-0.501,0.1281067275190811,54.612888,129.589121,144.44684945211787,22.26117854872551,45.08073949396297,0.764770617785944,0.0510572793842175,29496.226314390406
GHSL_464,0,25,105,1,0,0,0,0,0,0,0,0.0,8.429022331540553,1.040297490368444,1.14,659.127052307129,725.226401128477,OM,-0.275,0.4026286705928697,26.720128,55.368411,65.20026953613112,9.783881731205256,19.89060417905289,0.7536622809235933,0.021348178813979,13408.357918351043
GHSL_465,0,12,189,8,0,0,0,0,0,0,0,0.0,8.42620673132179,1.080748732936473,5.62,1045.58130693436,737.106152398373,OM,-0.064,0.1852619766708754,53.309354,104.043911,125.915448466681,18.635416987375603,37.65300483193859,0.7088114410896293,0.0403803263229064,27379.78653387942
GHSL_466,0,32,100,1,0,0,0,0,0,0,0,0.0,8.42578596233943,1.152041720614138,13.47,665.101907014847,745.738624479853,OM,-0.326,0.1852619766708754,19.332666,55.968123,57.58187041121726,9.467991338733375,19.9424708909311,0.6987715961699383,0.2378010917473743,13226.848051323374
GHSL_467,0,64,51,0,0,0,0,0,0,0,0,0.0,8.410485278181921,0.9003312838510247,0.95,576.468456029892,678.757160049325,OM,-0.576,0.3678735056236871,13.199818,35.299938,38.05829590300454,5.928902914118717,13.505234393425736,0.6974699305590779,0.0145727323372179,8779.596235687353
GHSL_468,0,259,377,1,0,0,0,0,0,0,0,0.0,8.343886194325094,1.3619595642390534,26.73,3185.21046066284,4463.70478525581,OM,-0.465,0.2306590543528738,105.862989,222.612013,263.50744658446894,39.22834856466667,82.90564263577811,0.7503296563519706,0.1064297276871956,54740.80081438115
GHSL_469,0,45,77,0,0,0,0,0,0,0,0,0.0,8.336353840732698,1.3614477248342232,26.24,614.113098144531,3012.13016551173,OM,-0.436,0.2306590543528738,20.432925,43.868385,51.511198426115776,7.692680384744743,16.171082317054466,0.7564182698003646,0.0164120325784615,10613.776962997028
GHSL_470,0,13,146,4,0,0,0,0,0,0,0,0.0,8.332084413137355,0.9650001278478888,0.35,820.080493927002,7425.21498783959,OM,-0.115,0.1668772003600252,27.116758,81.876738,83.5250256345997,13.52420691843539,28.283734253604468,0.6805365517897732,0.0880499179614721,19606.861967691064
GHSL_471,0,161,113,0,0,0,0,0,0,0,0,0.0,8.325538628644463,1.5948278265024254,49.91,1371.65120601654,3046.16424603041,OM,-0.602,0.1319080488239805,32.572169,86.466605,91.2194838801467,14.541984591055764,31.341213688264094,0.7146302552141646,0.0277832522742998,20435.062677011705
GHSL_472,0,31,542,27,0,0,0,0,0,0,0,0.0,8.304756119949296,1.0791645962301006,1.21,3001.39814662933,2115.40065816766,OM,-0.047,0.4026286705928697,79.926245,782.643444,603.6406987402164,114.41700279558464,114.5473401198994,1.0872077847655406,0.1609904444499556,81572.15568422459
GHSL_473,0,10,589,88,0,0,0,0,0,0,0,0.0,8.312366465004459,0.9905021258987596,1.29,3431.34697723389,17559.9104296338,OM,0.121,0.1668772003600252,248.773102,434.008774,537.3400827261299,84.91759861048236,162.3016810457278,0.6185580319436119,5.921303838126487,134107.97835849243
GHSL_474,1,245,110,0,0,0,0,0,0,0,0,0.0,8.253300665329158,1.1191785366020934,1.45,1780.8783621788,998.043209748428,OM,-0.684,0.4026286705928697,35.012689,94.751561,100.39384137838992,15.880577151758889,37.70596483167148,0.6708380662120323,0.0299192447965692,24449.092459102543
GHSL_475,0,97,43,0,0,0,0,0,0,0,0,0.0,8.228254724165433,1.5818629513799007,47.04,702.98318195343,2235.76670489536,OM,-0.686,0.4026286705928697,16.406883,36.531019,41.30611837790387,6.356988467446925,14.733872699856873,0.6919786714199332,0.0127462072954773,9604.650639770349
GHSL_476,0,2,160,30,0,0,2,0,0,0,0,0.0,8.219520276008156,1.1382922567686713,1.47,959.361520290375,973.212277422654,OM,0.159,0.4026286705928697,94.845078,250.900432,267.0646559913198,42.223178275921235,71.85594725244488,0.5809658932408971,0.0833682433533124,69878.34906687701
GHSL_477,0,41,134,1,0,0,0,0,0,0,0,0.0,8.191691910659408,0.8097806019000378,18.65,881.067314863205,822.852169570436,OM,-0.319,0.4026286705928697,16.808497,168.751998,129.99993955522075,24.631014735974137,26.77707127588344,1.1134608604406473,8.630463531520976e-05,17357.244175970387
GHSL_478,0,69,194,1,0,0,0,0,0,0,0,0.0,8.194787578372683,1.343121366761249,20.87,1319.93041038513,2724.95573857447,OM,-0.345,0.2306590543528738,31.953641,109.581535,107.35085811526176,17.679506829043245,38.62332683073392,0.6898810485191701,0.0417400214150684,25266.21860913974
GHSL_479,0,193,144,0,0,0,0,0,0,0,0,0.0,8.158991058416118,1.5311314461395082,40.42,1687.00554847717,2962.60587018521,OM,-0.59,0.1319080488239805,52.717677,99.404538,119.85102727784732,18.677525313877837,38.840345384493304,0.7399117239759856,0.833949177036155,25418.518000568383
GHSL_480,0,49,574,19,0,0,1,0,0,0,1,12000000.0,8.123907270009449,1.1337492005623906,1.51,3210.47913455963,2261.69717122905,OM,-0.107,0.3011315099647869,166.456646,364.881461,419.0965584185992,62.14254029882888,131.45424465937845,0.5973485619897156,0.5909600490637409,105899.23971050936
GHSL_481,0,39,96,0,0,0,0,0,0,0,0,0.0,8.119534696178938,1.4124942430328966,26.78,673.643684387207,2141.95130170813,OM,-0.367,0.2306590543528738,14.663138,54.519116,52.62280751309945,8.695711185849465,19.21170167084898,0.6941363592575523,0.0148346941480725,12357.582620149034
GHSL_482,0,40,93,0,0,0,0,0,0,0,0,0.0,8.09614858880289,1.4844687049742002,32.99,666.807466506958,2905.47915689306,OM,-0.376,0.1319080488239805,20.549187,99.353244,89.12107527687263,15.348975151328904,18.52981121099996,1.0841015797420168,0.0253904740407645,12084.937956251368
GHSL_483,0,85,193,1,0,0,0,0,0,0,0,0.0,8.097052352921835,1.5620654381716264,41.18,1393.90461540222,2827.39272901059,OM,-0.383,0.1748628834570809,36.040401,121.902567,119.78339802836582,19.434967868787744,39.46585452053712,0.7298876808687242,0.7148904007557322,25976.974653779074
GHSL_484,0,14,142,4,0,0,0,0,0,0,0,0.0,8.074864386345617,0.8786941387254092,11.03,796.228423833847,851.481027722778,OM,-0.124,0.4026286705928697,43.47089,103.509805,117.15604879113668,17.781604523327463,27.278401952127876,0.8984207785152979,0.0814930050023315,19226.27963002739
GHSL_485,0,2,117,18,0,0,0,0,0,0,0,0.0,8.069245174937429,1.271143544187544,10.45,685.119743347168,1918.87717228552,OM,0.124,0.5564930367938129,24.417899,188.242888,151.75984871575548,27.910218044154288,33.65761969709843,0.8399138799264636,0.0432601531047031,27053.522827850753
GHSL_486,0,26,77,0,0,0,0,0,0,0,4,5641700.0,8.059335103144388,1.0193304242035015,4.45,515.281923770905,673.49190784209,OM,-0.336,0.0431335241047978,31.739916,63.481199,65.5871793724844,9.729704757271271,18.753244677318065,0.5882982200207096,1.189185408891769,15283.278280429251
GHSL_487,0,25,236,6,0,0,0,0,0,0,0,0.0,8.04687476303871,1.3826242835288305,20.69,1333.18603134155,2903.89737302987,OM,-0.14,0.2306590543528738,57.770515,126.146298,147.49643780951325,22.040682326804177,44.92385740797089,0.7245569899206094,0.0480008222878565,31526.659371260434
GHSL_488,0,12,131,4,0,0,0,0,0,0,0,0.0,8.003610233956929,0.658946991813981,35.34,733.459718227386,763.443185910849,OM,-0.123,0.4026286705928697,26.455906,74.187574,77.78174820474231,12.363010866471791,25.602461405998756,0.6873503856824784,0.0242547225873081,17936.628503800723
GHSL_489,0,58,428,8,0,0,0,0,0,0,0,0.0,7.988243251727685,1.1912076262954028,1.11,2474.63136863708,5292.08393455462,OM,-0.18,0.1862546750776101,92.492481,457.961834,406.2145456543932,70.56670536774993,81.07979207224552,1.0700546433926998,0.1115850977967279,55530.63500436885
GHSL_490,0,33,116,1,0,0,0,0,0,0,0,0.0,7.970414674435671,1.456957498640289,28.2,748.378998756409,2316.14538137131,OM,-0.306,0.1748628834570809,26.678067,123.558712,111.29864452755952,19.17924815105259,22.458155152881428,1.0856382374012654,0.0308504677707654,15005.019188979712
GHSL_491,0,106,327,2,0,0,0,0,0,0,1,12000000.0,7.952398155417047,1.0479813654168753,7.59,2176.67149829865,4196.49366956698,OM,-0.327,0.4026286705928697,80.461184,227.498493,221.51087328124615,35.17468858088272,72.88322707145572,0.6060329334632438,2.027424902642825,54310.85191154279
GHSL_492,0,19,299,13,0,0,0,0,0,0,0,0.0,7.948114640777791,1.0328529285731234,5.89,1656.32638645172,3193.06965406816,OM,-0.062,0.2116213965174478,104.490058,398.234161,382.5418688474888,63.30666684880763,59.3117221648482,1.234393092486911,0.1075754150621541,43589.57533950515
GHSL_493,0,24,118,1,0,0,0,0,0,0,0,0.0,7.930176706180005,1.49049757578813,31.9,718.179206848145,2282.48457593293,OM,-0.246,0.1742438592005277,16.708454,65.06958,62.16090969324977,10.3146527524413,22.48707974655225,0.6852909758803256,0.0174249488598567,14760.379319908712
GHSL_494,0,110,414,3,0,0,0,0,0,0,0,0.0,7.923159428020458,0.8552435356172999,13.72,2634.48485183716,4302.68901536068,OM,-0.292,0.2116213965174478,82.562046,233.446893,247.69497005841825,38.83933637337407,79.52224720481765,0.7398120500527141,0.0849598325783792,52701.795966898826
GHSL_495,0,13,128,3,0,0,0,0,0,0,0,0.0,7.899461705851602,1.3110338990419268,12.05,722.680633544922,1770.44291300398,OM,-0.133,0.1384087524035579,17.68917,71.940838,67.93620570129362,11.340738015268936,24.855813372707765,0.6575610146387009,0.0191022222674113,16868.290601990386
GHSL_496,0,4,160,17,0,0,0,0,0,0,0,0.0,7.886600819862116,0.7747701236047736,22.58,906.838383674622,2962.13018603867,OM,0.066,0.4026286705928697,51.084052,114.141938,131.52390319253865,19.847779413082936,38.976793539876184,0.6539880480531459,0.0422977922433974,31001.486276676766
GHSL_497,0,24,164,3,0,0,0,0,0,0,0,0.0,7.876404675146273,1.1888570606022617,1.52,951.289052963257,2237.01129444622,OM,-0.189,0.2364095086039093,29.126497,91.383456,92.37881674194377,14.94214353402415,31.42219660500252,0.6932708768880168,0.0268425755515727,21316.898788970066
GHSL_498,0,121,252,1,0,0,1,0,0,0,0,0.0,7.8674408540493905,0.7378885104126373,26.68,1870.08014678955,3141.0427920863,OM,-0.399,0.0744999890327453,61.220928,224.569197,214.85285195678267,35.22517943579181,63.56260767753213,0.6833626926961053,2.5134927890512824,48504.951978453195
GHSL_499,0,52,730,29,0,0,0,0,0,0,1,12000000.0,7.848460783084224,1.3029968330957795,10.86,4053.31473064423,2754.64906532983,OM,-0.08,0.0261629498713044,184.224,444.390219,477.0069050007319,74.2299098214417,154.46365393425944,0.6255537472705558,2.273320658585981,116530.360563265
GHSL_500,0,33,303,8,0,0,0,0,0,0,0,0.0,7.850188827777711,0.8546467164607396,13.73,1718.50591468811,3367.37776516543,OM,-0.143,0.2116213965174478,66.381031,167.126949,183.89349216966028,28.384488269422743,58.50292692543786,0.7076210572468371,0.0566692552250584,40759.216848610464
GHSL_501,0,14,130,3,0,0,0,0,0,0,0,0.0,7.842455895564757,1.0931528116119529,12.26,734.116310119629,2697.37033406683,OM,-0.143,0.4026286705928697,16.594298,132.325764,105.84838785842987,19.57297847363504,25.394218691408103,0.9374943241210084,0.0293178187978308,17135.334306922723
GHSL_502,0,202,265,0,0,0,1,0,0,0,0,0.0,7.835769375848144,1.0999817625284265,11.54,2334.60953998566,3307.19372274086,OM,-0.484,0.234444023169711,48.430292,357.365446,291.15901073378194,53.1550562853468,72.73384595448424,0.8341170487546089,0.0777736803246077,53257.08544892553
GHSL_503,0,58,455,9,0,0,0,0,0,0,0,0.0,7.830610570038821,1.1911079573565069,1.21,2607.44326686859,2554.61108988899,OM,-0.168,0.2364095086039093,71.182917,250.579166,245.339786678116,40.2724781840107,87.39988302523624,0.6706897354358468,0.0695407327785864,59240.645433963524
GHSL_504,0,28,111,1,0,0,0,0,0,0,0,0.0,7.819436646157972,1.5269404743459567,35.41,703.716981887817,2235.99551949917,OM,-0.285,0.1742438592005277,31.69642,58.657727,71.67317655511287,10.63856585981588,21.012606457066227,0.7745101850279241,0.0229611739821796,14209.489033148046
GHSL_505,0,33,135,1,0,0,0,0,0,0,0,0.0,7.81461827426856,1.6035330232411635,43.82,844.908553123474,2310.02070528457,OM,-0.277,0.1742438592005277,23.23045,73.967725,74.56732812202816,12.066464058024904,25.86620364811352,0.7025754798335457,0.0222677192858962,17055.83499053372
GHSL_506,0,38,116,1,0,0,0,0,0,0,0,0.0,7.8109474798306175,0.6637788910983962,28.6,772.609236717224,2329.00226300959,OM,-0.33,0.4026286705928697,17.316991,147.942924,116.26119644600776,21.78572914150965,23.24876635313481,1.125809927096337,0.0290023286834014,15260.860975981377
GHSL_507,0,60,439,8,0,0,0,0,0,0,0,0.0,7.794330981407114,1.2898175108787029,9.18,2533.80002689362,2308.93543698907,OM,-0.18,0.3441681514487578,108.159577,241.734066,273.77527672865847,42.03155435841724,82.36232808708345,0.7463952341220242,0.0868890471511365,56820.286130595516
GHSL_508,0,54,99,0,0,0,0,0,0,0,0,0.0,7.797059422062953,1.1905820709601491,1.78,766.231212615967,2573.45609913378,OM,-0.423,0.3441681514487578,13.057843,106.168855,84.69051331488362,15.68571280029598,21.086088964913184,0.9620212347518527,0.0192661012469302,13448.921002452038
GHSL_509,0,25,113,1,0,0,0,0,0,0,0,0.0,7.795124711798729,0.6678483104971782,27.42,696.530409812927,2339.352163136,OM,-0.263,0.2487301178908226,21.180173,64.736696,67.19941071784822,10.629095902993305,21.54829908983865,0.7416736210471137,0.0208397849754029,14271.859308479043
GHSL_510,0,46,72,0,0,0,0,0,0,0,0,0.0,7.795440938232385,1.1370312843999797,7.68,586.705192565918,2463.11941663973,OM,-0.45,0.234444023169711,10.456912,79.473277,64.0612346434334,11.795916438605142,15.852101912396174,0.9647831639264068,0.0162216443949902,10125.256951567359
GHSL_511,0,26,115,1,0,0,0,0,0,0,0,0.0,7.78406196828462,1.5382323889467004,36.45,710.088968276978,2196.60888641855,OM,-0.264,0.1742438592005277,33.927634,60.03421,74.61466826834568,11.008118861399488,21.47912211482011,0.7846104504635951,0.0273515621374843,14538.903013411378
GHSL_512,0,107,172,0,0,0,0,0,0,0,0,0.0,7.771315370313315,1.2107656223642729,0.31,1394.25476837158,5463.16667987768,OM,-0.446,0.3441681514487578,43.083151,100.208895,112.117539857377,17.28262167947719,36.74690861386504,0.7361423105429435,0.0346452384758674,24040.294129587728
GHSL_513,0,58,64,0,0,0,0,0,0,0,0,0.0,7.768738862022233,1.4147490498080475,22.78,610.350749969482,2110.20249749162,OM,-0.517,0.1742438592005277,11.765449,96.576106,76.11895518391027,14.258211061392016,15.358001055611057,1.1404150157060593,0.0206302031189225,9875.775850243355
GHSL_514,0,40,201,2,0,0,0,0,0,0,0,0.0,7.746520934985563,1.4629168435072428,28.09,1219.40843009949,2429.23595359798,OM,-0.243,0.1742438592005277,29.734902,118.665891,111.7285085192824,18.607036911415236,38.29044366488607,0.7068021850638824,0.5540397533139552,25333.59319880475
GHSL_515,0,54,464,11,0,0,0,0,0,0,0,0.0,7.736419153536328,1.4299310901278035,24.56,2643.419049263,3106.98054685355,OM,-0.154,0.1742438592005277,88.606182,256.046139,264.1341687312573,42.42960366611672,89.3936944256938,0.6846814267007542,0.0794894559527623,61598.79754408153
GHSL_516,0,0,111,46,0,0,0,0,0,0,0,0.0,7.735526077847508,0.6752048732922175,22.98,788.054123878479,2205.35888877269,OM,0.3,0.357088923234801,105.599446,138.274653,195.62367193449188,29.599019100698488,51.67612021504205,0.6006828562511864,2.9749494457826064,48582.97073200882
GHSL_517,0,7,131,7,0,0,0,0,0,0,0,0.0,7.733934851212941,0.7873995428457774,21.21,724.566232681274,2183.66494485213,OM,-0.027,0.3436142697481349,26.287659,79.125082,80.6800166039982,13.023617962890658,27.612787377184457,0.6439207012902884,0.0238652949197071,20067.866430537066
GHSL_518,1,131,46,0,0,0,0,0,0,0,0,0.0,7.727050324771399,1.2237131330949234,2.47,891.133918762207,2137.56540965575,OM,-0.728,0.2364095086039093,10.785359,90.093646,71.63557843764697,13.2861568746357,18.333748589798677,0.9394159941713068,0.0180757858232204,11707.888594440517
GHSL_519,0,80,44,0,0,0,0,0,0,0,0,0.0,7.729799067818877,1.6305527048113826,36.89,624.34561920166,2158.33409110339,OM,-0.647,0.4026286705928697,21.122343,34.770181,44.69074566723868,6.494270714210716,13.469930615134798,0.778781741935484,0.0147751522003042,8842.726237730682
GHSL_520,0,31,120,1,0,0,0,0,0,0,0,0.0,7.733991119456383,0.826760796137611,16.86,759.107549667358,2788.21237977256,OM,-0.284,0.3436142697481349,27.671911,69.010375,76.80137716255639,11.741139137167035,22.97609017428115,0.7745857689140372,0.0281221704125117,15334.433169243048
GHSL_521,0,8,138,7,0,0,0,0,0,0,0,0.0,7.7262545463602175,1.1933582694527254,0.79,765.22762298584,3597.68511041768,OM,-0.053,0.2364095086039093,21.416343,155.183903,125.88424461218156,23.11445220650383,29.212353980349302,0.9093631956196966,0.0322360982659614,20874.5985042994
GHSL_522,0,108,83,0,0,0,0,0,0,0,0,0.0,7.685571241202003,0.5893782267258378,12.54,954.967453956604,2200.59372880066,OM,-0.586,0.4026286705928697,19.161147,111.777824,94.78100640438907,16.949730645245552,22.439314491413494,0.9866216572180092,0.026441234342577,14485.00952181403
GHSL_523,0,25,186,4,0,0,0,0,0,0,0,0.0,7.689820067463976,1.1974265108791362,0.34,1071.07176494598,2797.2258522244,OM,-0.178,0.2364095086039093,29.236844,103.135129,100.54039423475626,16.57071429380198,36.10243096811989,0.6650741475053615,0.028385226427054,24538.389207135082
GHSL_524,0,24,106,1,0,0,0,0,0,0,0,0.0,7.682950623198967,1.4158214494138306,23.7,652.125460624695,1741.80669832128,OM,-0.264,0.132242867466958,18.170518,110.992344,93.54440627339667,16.760124281845656,20.340400890897936,1.0334518404059985,0.027461948509697,13465.12723471671
GHSL_525,0,92,67,0,0,0,0,0,0,0,0,0.0,7.672469070577725,0.7320356690317318,24.71,795.804550170898,2125.56905033948,OM,-0.593,0.2915618847019017,13.871842,117.635069,92.21734263932473,17.33060133683881,18.624757272924825,1.143504333424077,0.022965610216326,11939.313023152692
GHSL_526,0,48,219,2,0,0,0,0,0,0,1,12000000.0,7.647992433207186,1.1839408063661956,1.24,1348.14187908173,2112.24736244689,OM,-0.26,0.1059732657763783,47.277363,382.565423,270.93655626776587,49.1972189079408,51.50035595401697,0.914233501509853,3.023376110227665,39685.81841559542
GHSL_527,0,55,70,0,0,0,0,0,0,0,0,0.0,7.642844805830613,0.6810924138058991,18.32,625.405591964722,2534.16099503514,OM,-0.487,0.2023568668742589,13.613442,101.265994,82.10468532527715,15.052948171871002,16.110636232100507,1.1634579494407284,0.0215352500269234,10369.896820638358
GHSL_528,0,1,158,53,0,0,0,0,0,0,0,0.0,7.612612093796321,0.6080299981183106,9.63,1058.66997909546,2261.8736867759,OM,0.259,0.0961665198390001,75.558871,568.11228,453.2093776483342,84.3731905296991,66.36503083653484,1.0852343116105116,0.1230706301950239,59277.062421799856
GHSL_529,0,9,139,6,0,0,0,0,0,0,0,0.0,7.603057151502442,0.7630290702726235,23.92,771.607613563538,2590.59128273808,OM,-0.063,0.1860536276754785,35.527018,78.587393,91.39206734403396,13.695762717907597,28.07237533675261,0.7008127671531249,0.0319010915558504,20238.01129755306
GHSL_530,0,48,406,9,0,0,0,0,0,0,0,0.0,7.588962436005946,1.5237314362509728,18.16,2315.92901039124,3164.07086095318,OM,-0.156,0.1885771973427508,73.71612,433.075731,367.87932496547506,65.62318992424619,78.20142542867092,1.0199106379774276,0.1054419026725829,53440.01584542617
GHSL_531,0,15,227,10,0,0,0,0,0,0,0,0.0,7.582181702070629,0.5326080338399768,1.73,1259.02181148529,2241.34508903859,OM,-0.065,0.1852619711074914,56.608064,134.157025,148.08251681308846,22.95047366354975,46.07799189839601,0.6949617343374822,0.3687400137437075,33226.30968501377
GHSL_532,0,25,103,1,0,0,0,0,0,0,0,0.0,7.582200413222072,0.6960089033548394,19.18,641.948019981384,2600.88575021123,OM,-0.277,0.1860536276754785,13.145367,127.487314,98.66836187490983,18.638208409441052,20.226852836834375,1.1105917436081432,0.0084620030986293,13192.48257081904
GHSL_533,0,136,307,1,0,0,0,0,0,0,0,0.0,7.573210902163229,0.6761242740519746,17.13,2219.8593788147,2661.45298019453,OM,-0.383,0.1860536276754785,40.345441,402.560873,310.19796695056294,58.758383546389176,63.72995489884124,1.1272274668193178,0.0283485818323061,40891.45569052011
GHSL_534,0,35,260,5,0,0,1,0,0,0,0,0.0,7.570197160695264,0.8533332176295789,14.13,1501.49017810822,2004.74543386128,OM,-0.18,0.0247487373415291,57.500943,492.02255,386.62429862434857,72.44502538125418,61.882693257490494,1.1524262147273878,0.0971530204064261,48150.74758380321
GHSL_535,0,62,127,0,0,0,0,0,0,0,0,0.0,7.557159656993946,0.938388543188803,5.8,949.153873443604,2275.93552028372,OM,-0.402,0.2255670631985087,21.069473,73.215177,71.91239400736386,11.788777647474324,26.220862649051256,0.6936004019758559,0.022516124820071,16880.52272710271
GHSL_536,0,9,120,5,0,0,0,0,0,0,0,0.0,7.558394303454229,0.9770799236241916,3.3,667.735426902771,2011.6814948461,OM,-0.083,0.2255670631985087,41.667805,158.756085,152.52691159273863,25.23824192956072,23.859946541571727,1.2348402975333248,0.0446305303596267,17391.50225808639
GHSL_537,0,4,159,18,0,0,0,0,0,0,0,0.0,7.545960523266994,0.7889844508474608,21.61,905.244429588318,2658.73011509727,OM,0.076,0.4026286705928697,53.77494,258.444654,233.24671709465392,39.952274405231336,39.60994304901475,1.0514196182609736,0.0652947265133748,31689.241840823433
GHSL_538,0,3,530,164,0,0,0,0,0,0,0,0.0,7.549051972958504,1.125173983787056,2.0,3486.07106781006,3174.92378667936,OM,0.245,0.4026286705928697,245.981852,736.207438,744.0442038957034,120.26137850568036,209.4072985450756,0.6007715427984601,14.384181422257202,187854.16318585892
GHSL_539,0,38,224,3,0,0,0,0,0,0,0,0.0,7.539464230042785,0.9096938545013306,9.52,1325.59672927856,3798.35849898727,OM,-0.215,0.0247487373415291,65.986055,157.758996,178.25378646723627,27.043769142681835,41.94136435144706,0.9234252158656546,0.1278855741827499,28509.51621853476
GHSL_540,0,4,371,74,0,0,0,0,0,0,1,12000000.0,7.509291555750327,0.6034227514521106,12.96,2245.46487617493,2110.39931971328,OM,0.169,0.5260874367734216,224.073048,341.517436,436.5347670552876,62.76499635335151,123.98112991098122,0.5769281452811376,3.7725622284438463,111130.85023212497
GHSL_541,0,30,144,2,0,0,0,0,0,0,0,0.0,7.494735775910022,1.2491031683868306,1.66,874.221661567688,2282.32472213787,OM,-0.249,0.2818468355032116,36.271746,76.394805,88.68726494264837,13.451827150593196,27.381510177593064,0.7389391698280788,0.0291630811566044,18669.46222013939
GHSL_542,0,71,206,1,0,0,0,0,0,0,0,0.0,7.487581045081738,0.939070963976422,12.16,1391.23655986786,2867.44113546172,OM,-0.338,0.5473006486383878,27.094607,260.095859,201.28323438773432,38.02817089831441,41.32081741977978,1.1210553990324448,0.0566877554354656,26663.80740913241
GHSL_543,0,0,140,68,0,0,0,0,0,0,0,0.0,7.473712139481792,1.1532104507810268,3.36,1043.23199748993,3063.64383146344,OM,0.328,0.5761113073235349,106.572858,178.099335,228.75064772562496,33.13346068749654,72.590320042552,0.5146841938467099,0.0769148462711723,69218.41450530155
GHSL_544,0,100,799,17,0,0,0,0,0,0,0,0.0,7.471971576578273,1.321875098209601,2.36,4579.12797832489,3220.94772864108,OM,-0.166,0.2818468355032116,144.647715,445.659326,458.15010109443085,73.0791569623386,153.5530656089001,0.6954218112089237,0.1369849429821182,104885.82212358301
GHSL_545,0,1,901,787,1,0,0,1,0,0,0,0.0,7.459282072350513,0.9044019980855728,16.66,8448.73242759705,3985.74560315598,OM,0.436,0.5473006486383878,749.769263,8985.943882,6691.048891462667,1297.57122110121,917.2424938416888,1.071987640949832,3.788832783189057,884709.8233095667
GHSL_546,0,84,62,0,0,0,0,0,0,0,0,0.0,7.462811785841833,1.6042778979708243,12.29,731.218327522278,1997.54227466686,OM,-0.593,0.200941669583236,12.189195,60.297554,53.884080714631104,9.068612652978668,17.0418704417875,0.7681155156723392,0.7561507734259988,10990.27779512002
GHSL_547,0,18,321,16,0,0,0,0,0,0,0,0.0,7.459366741522141,0.710087719559798,25.51,1776.44233226776,2371.29621577128,OM,-0.045,0.2173816820143984,93.614104,396.748861,369.6331332272396,64.35232279639406,66.06165006055589,1.0989211446847642,1.8338708550697709,48300.115518694816
GHSL_548,0,23,316,12,0,0,0,0,0,0,0,0.0,7.458638904326886,1.5902135332119764,10.82,1753.62448692322,2288.81904397616,OM,-0.081,0.200941669583236,57.396881,180.495668,182.01105161080056,29.502000011035403,63.3197174569737,0.6529460597803951,0.0557094212612331,44833.495985215806
GHSL_549,0,0,179,181,0,0,0,0,0,0,0,0.0,7.441873775630761,0.6038243619748235,19.06,1803.72339820862,2716.39362755698,OM,0.464,0.1329360797521053,187.99785,1636.813021,1268.8317382265543,240.75973803732276,167.28758665753907,1.0935123520777938,0.3143764550727939,163341.31966630716
GHSL_550,0,3,654,253,0,0,0,0,0,0,2,24000000.0,7.431749113455472,1.1604235790277222,1.35,4548.65993976593,3360.2596073907,OM,0.285,0.3227387941450533,503.081701,794.337993,1008.3406617268088,143.80043831749447,307.3116461617237,0.512032609178478,5.143376995879333,296055.1333666706
GHSL_551,0,66,158,1,0,0,0,0,0,0,0,0.0,7.431141099257616,1.48574027780575,0.22,1125.10105037689,2166.39828331318,OM,-0.372,0.200941669583236,33.057879,89.204974,94.69157731084316,14.9584772025876,32.098277385382886,0.7112819678016123,0.0286705463988734,21226.957281362727
GHSL_552,0,79,91,0,0,0,0,0,0,0,0,0.0,7.422440009359842,0.5461590234800794,19.15,850.902976036072,2220.92494985011,OM,-0.509,0.4026286705928697,21.931342,135.526842,112.15144056056609,20.44652932730797,21.304119334376747,1.1823715631887457,0.0289634646607331,13864.628547332368
GHSL_553,0,6,956,281,0,0,0,0,0,0,1,12000000.0,7.38771673710926,0.8674436587657571,25.5,6213.5735502243,2895.71789755907,OM,0.236,0.0802516861784987,742.511866,1483.282715,1772.4419970094114,261.2864225610994,372.0953436373257,0.7467917934576808,6.020753467359666,339085.2263479583
GHSL_554,0,145,344,1,0,0,0,0,0,0,1,12000000.0,7.374982709401481,1.6208085849487182,7.87,2452.02976799011,3272.33994553744,OM,-0.374,0.1394704255848107,63.321534,522.448042,381.7164453361886,69.7853949902929,79.74696900533952,0.9283674966293236,3.0504113296060074,57345.66506626513
GHSL_555,0,148,220,0,0,0,0,0,0,0,0,0.0,7.31324573189304,1.5947535181259358,1.4,1842.34475517273,2545.16723561563,OM,-0.461,0.1565229380873989,43.150192,252.816008,215.0053820018516,38.31675403338608,48.389385656840346,1.0260972451500543,0.0639635132239031,31319.205123769414
GHSL_556,0,30,153,2,0,0,1,0,0,0,2,14541600.0,7.315012816780534,0.8124485248899246,35.54,925.4498462677,2937.07820657998,OM,-0.242,0.0120208194948561,129.008893,240.085472,264.7567854032546,37.7313057001101,50.89180025949467,0.7087315695164703,4.3832679209868,48500.09526857314
GHSL_557,0,53,197,1,0,0,0,0,0,0,0,0.0,7.305770504897026,1.6283141205605174,3.86,1257.59175777435,3516.04754572444,OM,-0.295,0.1565229380873989,34.654134,114.313333,113.31768130034628,18.54777607967458,37.74743190932229,0.7293328435873195,0.0324342681341058,24771.33791203241
GHSL_558,0,1,255,119,0,0,0,0,0,0,1,12000000.0,7.278444040888761,0.8017377292310959,39.63,1869.72111988068,3049.00186535536,OM,0.319,0.4026286705928697,295.327799,583.799576,686.348731456731,99.93196503682633,137.85498552206656,0.7128543133843998,3.88979562416492,134262.77070913804
GHSL_559,0,7,385,55,0,0,0,0,0,0,0,0.0,7.280721038115369,0.7086066322632457,40.24,2237.96473789215,3165.83662991826,OM,0.115,0.2044356925317895,152.692431,274.781881,341.19734432832274,50.1760402674884,103.14046619426313,0.6147737437531018,0.1101649332686359,85677.31098690927
GHSL_560,0,37,117,1,0,0,0,0,0,0,0,0.0,7.239453436363377,0.702619625384058,43.95,770.533761024475,2154.0497744692,OM,-0.323,0.2044356925317895,20.054366,148.022667,118.98374867033908,22.014890890631538,23.225842019522435,1.1419886288078689,0.031751562862962,15317.630292347043
GHSL_561,0,33,116,1,0,0,0,0,0,0,0,0.0,7.23660693698214,1.5023200449405856,0.67,749.930530548096,2147.57232309739,OM,-0.307,0.2309767033063186,20.699697,64.21626,64.98371252101859,10.518729234802194,22.71247840683352,0.6971978524902265,0.0190648915957515,15005.019188979712
GHSL_562,0,1,143,36,0,0,0,0,0,0,0,0.0,7.23446035801672,0.685877306070219,43.62,904.333952903748,2212.02170064128,AS,0.21,0.2044356925317895,66.644326,319.001847,284.03456240685415,49.33583840561267,50.02439004160371,0.9239527640209813,0.0796758872661105,44198.305001523135
GHSL_563,0,255,404,1,0,0,0,0,0,0,0,0.0,7.224320278020795,1.628641138963846,1.83,3302.67742919922,4406.01377457259,OM,-0.449,0.1988736098654242,97.705701,236.753793,260.82503620242545,40.50399160687788,87.40987992171253,0.720735156767139,0.0790726185785851,57450.44457646183
GHSL_564,0,8,652,127,0,0,1,0,0,0,6,55166000.0,7.179626538968661,0.749590219789522,46.34,3933.29251670837,2320.14192143272,OM,0.165,0.4026286705928697,443.442193,2731.244351,2060.382901692607,359.58697793799666,253.6260713202089,1.1023803960030991,21.04780917978075,241321.3461320409
GHSL_565,0,50,163,1,0,0,0,0,0,0,1,12000000.0,7.163643528949673,1.166561719416503,3.65,1068.71857833862,3059.78480910282,OM,-0.317,0.3536078614716905,71.821854,140.841162,148.01799735625767,21.194087301426624,39.87596475606591,0.6070138952614026,2.7357930702930444,32947.9521615874
GHSL_566,0,37,132,1,0,0,0,0,0,0,0,0.0,7.160028869294193,0.6932894544394499,51.56,850.122478485107,2375.98443391273,AS,-0.301,0.2044356925317895,27.578562,113.82741,106.06055696807556,17.9104023496809,25.409814074734,0.9347292496019978,0.0301096082380007,17022.39888247322
GHSL_567,0,155,1395,34,0,0,0,0,0,0,0,0.0,7.14599604631677,1.5935537281555845,8.22,7917.20489025116,4670.14311506538,OM,-0.147,0.2604462583109342,267.43204,1495.815096,1284.839754054121,227.70749490351471,270.2932159606998,1.0233903308428525,0.3759238079372814,185557.72038965294
GHSL_568,0,7,178,12,0,0,0,0,0,0,1,12000000.0,7.140495717577069,0.6750116809205944,52.88,986.142355918884,2104.69081074152,AS,0.003,0.3145054294361247,128.627826,173.746568,222.57547628278903,30.118314777996535,45.80806496282939,0.704539165544388,4.410470239366903,41202.1260090351
GHSL_569,0,106,48,0,0,0,0,0,0,0,0,0.0,7.134083172331972,1.1608818206019986,1.55,772.822093963623,2267.89553830151,OM,-0.682,0.3536078614716905,11.695164,105.37515,81.73333661347603,15.465782640917189,16.53722900228456,1.142397287024158,0.0201250242931555,10604.854225203353
GHSL_570,0,93,82,0,0,0,0,0,0,0,2,24000000.0,7.134179775490981,1.615097036989224,9.85,875.814232826233,2390.81046013696,OM,-0.558,0.2604462583109342,56.611094,482.89241,309.91242664198523,55.67913036655534,42.805261595467584,0.970653049120858,6.172716391029778,37609.54694664302
GHSL_571,0,13,258,14,0,0,0,0,0,0,0,0.0,7.072538731735818,1.15258877614573,1.16,1426.9556388855,2392.33429826395,OM,-0.031,0.2852798888551622,38.019847,299.903179,240.09718624503017,44.397792529756,55.35671461167236,0.912928908402697,0.0609594708093042,39652.81380860979
GHSL_572,0,15,259,12,0,0,0,0,0,0,0,0.0,7.051588063592186,0.7093228014424141,50.1,1433.75482368469,3004.66667159432,OM,-0.053,0.0905096639457806,44.049806,367.237745,288.3024270702487,54.16372626970157,53.67213575562205,1.1025216564331155,0.0742032630701489,38271.70172135112
GHSL_573,0,22,114,1,0,0,0,0,0,0,0,0.0,7.046237308535613,1.154449622289866,0.94,683.204689979553,2505.59166316876,OM,-0.236,0.2852798888551622,25.219428,59.925445,66.14243664786142,10.291393811149876,21.227637673689006,0.7312073234119701,0.0203353047320162,14226.291910044045
GHSL_574,0,112,390,3,0,0,0,0,0,0,0,0.0,7.025101218941272,1.3904349756076686,11.15,2523.844165802,2620.85239640244,OM,-0.305,0.1872467802132096,74.684001,222.293714,228.27437198951023,36.65551448308116,75.96949248919533,0.723132633630373,0.0675638652115258,50213.62851131548
GHSL_575,0,2,641,314,0,0,1,0,0,0,12,51680700.0,7.011250805868898,0.6765427396748009,53.82,4786.78015899658,4493.57442759594,AS,0.328,0.4831618129507924,489.235958,4577.247909,3378.1634540168093,631.6615654563825,391.4910018704903,1.1694860092696913,15.462607232485077,385460.38294804684
GHSL_576,0,60,122,0,0,0,0,0,0,0,0,0.0,7.013655013864265,1.5016876259869585,7.06,914.107548713684,2494.5218359968,OM,-0.404,0.1872467802132096,30.328295,67.744848,77.06226199899137,11.780396302765668,24.795151480728418,0.7453860893464757,0.0248977639780941,16238.497643472047
GHSL_577,0,285,573,2,0,0,0,0,0,0,0,0.0,7.007146818446996,1.4042915686422408,9.32,4300.81067180634,3554.02477085516,OM,-0.405,0.1872467802132096,120.224648,351.442306,362.23136336304646,58.12475292190969,119.00966762887109,0.7363343802194671,0.1080693965605125,78022.65540283854
GHSL_578,0,212,249,0,0,0,1,0,0,0,0,0.0,7.005585049999037,1.41674302439663,9.32,2309.24716949463,2793.55454710867,OM,-0.505,0.1872467802132096,93.244813,186.950903,222.17882825970835,33.27884463060965,68.60869575893133,0.6632624243052215,0.0716112664551812,52041.766242672864
GHSL_579,0,109,875,18,0,0,0,0,0,0,0,0.0,6.995064990273173,1.3308244941834009,7.12,5012.89474105835,3361.31340131984,OM,-0.166,0.1977530936157107,174.548433,493.192688,513.2074377624152,82.03984023464524,167.03275926470886,0.7100830363437058,0.1519039880523255,114345.29378431471
GHSL_580,0,32,486,21,0,0,0,0,0,0,0,0.0,6.9972660993575735,1.3488953676066309,7.67,2695.07984161377,3677.32195414027,OM,-0.069,0.1977530936157107,107.487166,289.325122,305.7991963684852,48.53782686732659,98.42988720663551,0.6811222744252634,0.0909261621086026,70804.6548832529
GHSL_581,0,45,81,0,0,0,0,0,0,0,0,0.0,6.983543549744221,1.374081220609025,6.4,629.82705116272,1847.65034957381,OM,-0.424,0.1872467802132096,24.823286,45.249749,55.54609844315554,8.236546698125366,16.703767059877173,0.7761234029948559,0.0194126025197169,11045.527658061032
GHSL_582,0,23,274,9,0,0,0,0,0,0,9,28828800.0,6.973202306971755,0.6487698879652035,57.25,1531.87605476379,1975.33475705258,OM,-0.102,0.1442497793159582,139.983014,936.671131,648.9849010852819,112.94495614750376,74.7333801286733,1.1795366882805671,10.775189034845662,66741.83452537732
GHSL_583,0,2,191,35,0,0,0,0,0,0,0,0.0,6.977646158760634,0.5593164422668159,67.05,1140.49494838715,3041.57941047542,AS,0.155,0.3331835641259771,91.770337,248.641752,260.16665684610484,40.81948915862606,56.25635409345029,0.772405991384458,4.482185887996507,48655.677663043985
GHSL_584,0,22,267,9,0,0,0,0,0,0,0,0.0,6.954567565785704,0.5581956457067402,67.45,1487.40233898163,3008.90155033161,AS,-0.1,0.4026286705928697,89.424408,215.095976,234.57541632568743,36.91519157221016,51.26415521027124,0.9124249308289414,3.8315842227415873,37238.17424470362
GHSL_585,0,15,121,3,0,0,0,0,0,0,0,0.0,6.952173815572104,1.2976940626337463,2.13,691.302785873413,2134.48064949151,OM,-0.161,0.1977530936157107,25.444643,67.581162,72.05180447669409,11.364764225680052,23.4184813458382,0.7017865458390814,0.022014969359741,16215.06360042905
GHSL_586,0,0,66,188,1,0,0,0,0,0,0,0.0,6.942430240995834,0.6386003638735429,58.89,1278.13111209869,1828.81201240073,OM,0.655,0.4026286705928697,284.370726,363.171774,537.5918536062417,72.96835284139,149.77975378194216,0.5123417058371057,0.1933927678142311,158065.49203474692
GHSL_587,0,0,120,48,0,0,1,0,0,0,0,0.0,6.941288529375365,0.6615724706506146,56.45,843.659467220306,2199.69355396589,OM,0.292,0.4026286705928697,100.827817,554.734482,481.2399260224807,84.58117840191133,66.55193279208027,1.028931888250146,0.1276355953337691,65463.38997779626
GHSL_588,0,5,149,13,0,0,0,0,0,0,0,0.0,6.94490811136627,0.5979532639297604,63.32,835.838322639465,2650.50157646389,AS,0.039,0.1562705918987312,43.63637,184.817259,172.5355931223797,29.100320862985683,34.301373701427174,0.938993062933917,0.1540948346419219,26751.608454969253
GHSL_589,0,34,174,2,0,0,0,0,0,0,0,0.0,6.94081396510823,1.5290661631687206,3.38,1048.40143871307,2510.37753476924,OM,-0.239,0.1872467802132096,46.198332,94.841608,110.02576294568232,17.319008637388198,32.720447035091006,0.7680904231201114,0.643987428551217,22112.265862720735
GHSL_590,0,18,151,3,0,0,0,0,0,0,0,0.0,6.937885887712448,1.3122699416330923,0.71,862.444625854492,1945.96662843187,OM,-0.16,0.1578826084280677,31.294605,84.55118,89.45341543955332,14.17506389639484,28.607186792840363,0.7183784876676109,0.0274763053711249,19606.69888561006
GHSL_591,0,28,297,9,0,0,0,0,0,0,0,0.0,6.89284646077599,0.8514053793597318,36.73,1668.27279853821,2038.6956418864,OM,-0.121,0.0935307393931565,63.134547,163.219111,175.5879755439314,27.6212146672918,58.15392229129198,0.6846926951071471,0.1035386757863073,40651.44225692547
GHSL_592,0,22,107,1,0,0,0,0,0,0,0,0.0,6.889890419478472,0.7716321254774857,45.45,651.985190868378,1499.76810773819,OM,-0.252,0.4026286705928697,34.162281,55.356715,71.75187101699434,10.38222027757822,19.8965769743541,0.806740108077386,0.024770278121978,13470.728193682044
GHSL_593,0,0,91,49,0,0,0,0,0,0,3,5010000.0,6.880348916641309,0.643857746320298,59.23,702.216266155243,2288.36313857358,OM,0.346,9.946656230357918e-09,81.209896,196.532132,210.96225773151377,32.69606732830139,54.97033339939876,0.5692490747438136,3.757618553951431,53821.29706636831
GHSL_594,0,39,344,8,0,0,0,0,0,0,0,0.0,6.8794035408808325,0.7231693359717076,50.55,1954.47779941559,2605.58129908012,OM,-0.152,0.0120208151115839,54.573808,200.745776,194.3519894897269,32.07114497099811,67.30087948945521,0.6877312348648102,0.0596785630716916,45491.67161741848
GHSL_595,0,280,484,1,0,0,0,0,0,0,1,12000000.0,6.858262621421125,1.1845757634861969,0.57,3825.06090736389,3425.49721071702,OM,-0.433,0.1999246527973772,176.008109,299.698944,354.989969727877,54.29524206386982,110.34918447005587,0.6630064044174155,5.38416736514385,79364.6676425502
GHSL_596,0,0,52,155,1,0,0,0,0,0,0,0.0,6.855039024183729,0.7293715476198416,49.46,1036.98847675323,2644.67711819628,OM,0.665,0.6186213230486393,243.006358,325.389361,458.65672791702633,67.55119804371108,124.25793036744336,0.529215681812703,3.224923479807421,130296.48775090487
GHSL_597,0,0,323,724,2,0,1,0,0,0,3,32641200.0,6.845871503339015,0.7145283037355128,50.95,5248.40494441986,3621.53541450472,OM,0.612,0.6186213230486393,1157.60392,5751.69331,4941.3938077348,867.541539411886,630.7530975700944,1.0206534816888622,25.693359335409504,660607.1208835559
GHSL_598,0,2,161,33,0,0,0,0,0,0,1,12000000.0,6.847245736030432,0.5729298874943619,66.4,982.939419746399,1954.27752010391,OM,0.175,0.2460731548795904,62.608295,340.078359,286.85722030887746,50.12758471455442,61.22435312646443,0.7174166612279426,0.8568632568149426,55738.17927204481
GHSL_599,0,0,98,293,2,0,0,0,0,0,0,0.0,6.845461886874654,0.7318312099067028,49.02,1959.28546524048,2872.85258832914,OM,0.665,0.4026286705928697,408.541117,1967.334795,1752.5766478077098,312.56303655830953,238.3759971844629,0.9925838314317502,7.677993459077159,246418.56441469837
GHSL_600,0,2,276,74,0,0,1,0,0,0,1,12000000.0,6.823710393083762,0.7686476301265243,44.61,1762.05652999878,2911.16687455913,OM,0.22,0.2552494862749309,195.811379,1120.34471,901.024579352867,158.73995105711165,120.26606525367366,1.0579315659195836,4.683080693159355,115092.0282156224
GHSL_601,0,27,155,2,0,0,0,0,0,0,0,0.0,6.8212304154668635,0.5800679945105428,65.26,923.337232589722,2641.69153162069,OM,-0.222,0.2640309321199582,31.606095,157.217535,137.80359379517438,24.215610361557108,29.286678284668092,1.034190274814397,0.0391873354514943,19703.2715593644
GHSL_602,0,98,237,1,0,0,0,0,0,0,1,12000000.0,6.795375977056126,0.7952595090501259,41.3,1681.26314020157,2143.4092250509,OM,-0.371,0.2552494862749309,83.026651,190.298885,193.04485833227864,29.05330348087208,56.10857046219821,0.6297542771936443,2.391092196843075,43391.42117548743
GHSL_603,0,13,609,76,0,0,0,0,0,0,9,108000000.0,6.778690778028478,1.178888506414052,0.95,3488.32404899597,3823.73438146973,OM,0.092,0.1999246527973772,658.957295,888.104936,1052.5716351458675,141.7059510334354,231.87634286965033,0.5648032300567136,25.015791160512,234871.92011926143
GHSL_604,0,60,149,1,0,0,0,0,0,0,0,0.0,6.777842658331847,1.5344388982587562,14.52,1047.94855213165,2234.76542795652,OM,-0.367,0.3127847565246069,32.016189,89.690007,93.95211101116185,14.94136330559155,30.189514265708485,0.7426344753177715,0.0281553087407595,19948.50807306672
GHSL_605,0,26,359,14,0,0,0,0,0,0,0,0.0,6.761532166959909,1.5742674463461954,15.91,1995.97257804871,2229.56399813311,OM,-0.082,0.2741939717223132,93.575154,218.11399,242.2508727308069,37.60089889072552,71.219739300083,0.7300536862993642,0.08336142267573,51219.707505180166
GHSL_606,0,1,241,90,0,0,0,0,0,0,0,0.0,6.760347664758717,1.5406711138928693,16.35,1660.19486141205,2187.88116905071,OM,0.279,0.2741939717223132,192.768012,284.153601,379.24035078964226,58.742790299577656,105.72307844931473,0.5872324858501554,5.311368940432642,97676.53914714663
GHSL_607,0,30,169,2,0,0,0,0,0,0,0,0.0,6.7372910820189285,1.3146535213080974,14.6,1005.70811271667,2312.62658801609,OM,-0.225,0.4026286705928697,28.081908,92.142562,92.48501869779484,14.962972777388329,32.10178360226332,0.6956079574154311,0.032807612455943,21367.904064289403
GHSL_608,0,24,366,16,0,0,0,0,0,0,0,0.0,6.707776464602655,1.4771974357196105,14.63,2029.31792736053,3051.11956193529,OM,-0.065,0.3326274176176075,75.795684,238.838284,239.39346214808063,38.956295884893755,74.3503156902542,0.7022249216364903,0.2960528103587551,53464.320982566845
GHSL_609,0,32,229,4,0,0,0,0,0,0,0,0.0,6.680672288314216,1.4828105155230973,11.62,1328.65575790405,2291.21736076918,OM,-0.184,0.3326274176176075,35.658617,144.940016,135.22880149175165,22.848155606863543,43.947482065027906,0.7285138315444847,0.0400535379982976,29537.887680875432
GHSL_610,0,1,443,319,0,0,0,0,0,0,0,0.0,6.6729228861809,1.525729458450166,10.29,3816.29431724548,3242.76578877889,OM,0.4,0.3326274176176075,357.510557,1336.950998,1255.4724067650684,211.9201626916161,310.37109977051193,0.6262679174574061,4.280922715229805,301693.70072987996
GHSL_611,0,111,219,1,0,0,0,0,0,0,0,0.0,6.671759633788316,1.5022865288636065,10.15,1654.41648578644,3129.00291598537,OM,-0.408,0.3326274176176075,42.146167,151.383716,145.95526851419305,24.262514227852986,46.02268895503732,0.7648620554417143,0.0441748465578092,30113.731464103752
GHSL_612,0,3,287,59,0,0,0,0,0,0,0,0.0,6.6630971815550835,0.8449431304568864,37.08,1747.60043287277,1781.95655525815,OM,0.175,0.2859830948738683,94.414426,299.560867,300.7684577989067,48.89494429633151,91.82201508401592,0.6022757318464136,0.0959889987285995,78077.51847989058
GHSL_613,0,91,342,3,0,0,0,0,0,0,0,0.0,6.660680878033506,0.6559843438532657,57.69,2179.26159095764,2457.13395574492,OM,-0.293,0.0641560586888379,87.768949,362.186314,337.1247100748284,56.98295923548147,65.58341455287699,1.113866551053471,0.0990580105338407,43958.084665140464
GHSL_614,0,62,96,0,0,0,0,0,0,0,0,0.0,6.633533488124728,1.5858532942765144,4.95,791.027081489563,1892.9889571198,OM,-0.453,0.4116926171334575,18.600605,69.209574,65.5707113283335,11.037470090780769,20.89374254292923,0.767341499245863,0.0186705620961088,13534.4548403567
GHSL_615,0,9,180,10,0,0,0,0,0,0,0,0.0,6.630167011864996,1.553489995632023,6.9,996.171825408936,2163.18320784026,OM,-0.035,0.4116926171334575,40.859477,124.700515,125.28698513468667,20.475840808915347,37.81879656998593,0.7021907025005616,0.0453004865934812,27846.22887360976
GHSL_616,0,0,27,136,1,0,0,0,0,0,0,0.0,6.622744341913005,1.5684781241992607,5.44,823.175104141235,2413.15403418514,OM,0.755,0.4116926171334575,140.248922,482.661198,462.6399448225344,77.08095293785844,106.54218605911618,0.6096593400418737,2.5940510072350955,112479.87438641416
GHSL_617,0,0,251,158,0,0,0,0,0,0,0,0.0,6.620749486565006,1.511834494527136,4.43,2046.0877904892,2695.76949623195,OM,0.374,0.3746260270627799,190.624451,678.639892,644.933688199601,108.68355317478036,158.17440172659462,0.6350095036785677,0.9603838047205598,152811.8877054678
GHSL_618,0,18,318,16,0,0,0,0,0,0,0,0.0,6.609825042604802,1.5451245908501847,4.56,1760.34687232971,2195.69637548204,OM,-0.046,0.027577165098478,68.088741,222.518137,220.0528517540117,36.15440001318729,65.80955596373478,0.7149314507183481,0.0643550116090454,47976.30249739683
GHSL_619,0,80,69,0,0,0,0,0,0,0,0,0.0,6.582638420940817,1.3304059468724874,15.2,746.868590354919,2501.94660353724,OM,-0.564,0.2499619970309632,24.145239,60.326207,67.09426828427381,10.264907393588969,17.67555767440855,0.8768624485298047,0.0438778223076038,11541.168081880693
GHSL_620,0,0,2,135,20,0,0,0,0,0,0,0.0,6.581694266054772,1.5147740359044004,0.08,788.055484771729,4199.87148003991,OM,1.125,0.4266618489311334,126.99273,878.632754,715.5375377823312,131.3332862217293,128.98684347660023,0.7719024524393534,0.1907268413763864,134659.99923792493
GHSL_621,0,6,147,10,0,0,0,0,0,0,0,0.0,6.567873507325421,0.8957852958462662,32.19,813.000173568726,1537.38587597686,OM,-0.004,0.1972827865562501,42.723888,197.750241,177.5766657261655,30.695958531389792,31.99339560169424,1.0605471443893952,0.0500311255197342,24130.780567130747
GHSL_622,0,3,525,173,0,0,0,0,0,0,0,0.0,6.554219124391066,1.6663987973918255,0.86,3504.43331718445,3701.22758804057,OM,0.256,0.3075003756572459,254.523398,770.031451,776.1855679091761,123.38557498032397,212.58120282881765,0.6034751945272695,10.548713562893818,194475.71395824297
GHSL_623,0,51,458,11,0,0,0,0,0,0,0,0.0,6.5312074409762415,1.5810543430988548,1.93,2602.43438053131,1906.82472196022,OM,-0.149,0.4026286705928697,132.011905,263.840627,311.5137603440378,47.00278964077591,86.68205452991789,0.7799515867476459,0.1011429681167984,60797.66642928453
GHSL_624,0,14,150,4,0,0,0,0,0,0,0,0.0,6.527267026899877,1.2976906053190194,11.48,843.424297809601,1675.88828622728,OM,-0.121,0.2069024186527043,24.772082,92.301906,89.157632083079,14.565208167771608,29.028943216816067,0.7012673504924707,0.5128360472708979,20089.7810201554
GHSL_625,0,42,127,1,0,0,1,0,0,0,0,0.0,6.513878330681045,0.9837681044604818,22.21,846.798548698425,870.753382659371,OM,-0.332,0.4026286705928697,29.767488,190.412661,158.80690499975947,28.64225369310433,37.41380134121892,0.7733741734203144,0.0415657085991486,30970.44252307682
GHSL_626,0,20,126,2,0,0,0,0,0,0,0,0.0,6.496075789798964,1.2519435299254011,7.41,740.121687412262,1606.60616273604,OM,-0.206,0.2069024186527043,29.204193,70.986252,77.73377931698897,12.137658611611062,23.707213810012355,0.746083495170533,0.0246921739331713,16214.900518348051
GHSL_627,0,5,118,8,0,0,0,0,0,0,0,0.0,6.491754239126983,1.5562756628672303,0.27,653.802160263062,2254.07048433416,OM,0.005,0.0828673639091512,24.261938,86.066307,83.32139523204044,13.81729858940994,25.919943697650854,0.6771195808362783,0.0240650909818558,19358.033194691063
GHSL_628,0,53,166,1,0,0,0,0,0,0,0,0.0,6.482428690085646,1.3695778388993716,5.36,1101.73853969574,1956.74694375902,OM,-0.325,0.2499619970309632,41.495774,88.68496,102.8829465441803,15.572035080217155,32.04970356426479,0.7482027361364678,0.0359891478440624,21425.270025286398
GHSL_629,0,1,134,29,0,0,0,0,0,0,0,0.0,6.473168528908674,1.6642251120953349,7.14,823.91420841217,1970.99703222143,OM,0.183,0.4330342622851609,75.36051,170.932418,197.5613641305438,29.626190470134738,42.98711737852871,0.7653388783291503,0.1361361852585056,37589.92054151179
GHSL_630,0,5,316,48,0,0,0,0,0,0,0,0.0,6.456049275037199,1.5675464508652244,0.63,1844.91507339478,3276.28442191744,OM,0.125,0.1261459464117096,94.156041,290.361732,291.3672456230305,47.60653811396789,87.94144464184004,0.626719635041897,0.0844712078796062,72557.4221168659
GHSL_631,0,2,189,42,0,0,0,0,0,0,0,0.0,6.450045905613581,1.4543694821146822,0.39,1165.38307237625,2008.6716313261,OM,0.186,0.3510289623940204,96.622675,161.867304,206.6948578149188,30.095376427585062,61.161841144583285,0.5885509987688923,0.0674964102996326,53921.673048906836
GHSL_632,0,6,317,46,0,0,0,0,0,0,0,0.0,6.4477067705341575,1.2607361655426186,3.91,1841.11642837524,1828.72498785752,OM,0.116,0.2069024186527043,65.718344,501.3503,403.43101079641053,74.39391333388372,88.79482509064695,0.8485716111837461,0.1037178213120092,71125.1416722069
GHSL_633,0,10,115,4,0,0,0,0,0,0,0,0.0,6.448112652984871,0.9819961398230148,16.6,642.077777862549,952.59807880763,OM,-0.115,0.4026286705928697,30.382933,67.950082,76.4864435411064,11.813478980378443,22.425629405025393,0.7322039758485878,0.0236467371644717,16107.289008744052
GHSL_634,0,20,250,9,0,0,0,0,0,0,0,0.0,6.446590370170542,1.6745742966165331,9.94,1394.97962760925,2724.99536570021,OM,-0.096,0.2463069445933948,77.510333,186.599956,210.4741100413812,31.951364621047112,48.928786362150184,0.8821834701049667,0.1351966220579561,35169.02473072078
GHSL_635,0,33,281,6,0,0,0,0,0,0,0,0.0,6.44232749899516,1.5719071898316896,0.73,1600.70353126526,2886.33476011623,OM,-0.154,0.1261459464117096,57.14662,151.408724,161.85569415050674,25.47344701737372,53.30994100878545,0.6966389680169902,0.0500058847111634,36793.20154993312
GHSL_636,0,12,132,4,0,0,0,0,0,0,0,0.0,6.437816899892122,1.0879518283555738,9.48,736.30526471138,806.535116517235,OM,-0.112,0.2314222230219458,19.273259,173.617192,135.208754645336,25.481612871099948,26.21774339064666,1.1033217865853866,0.0339736865347148,18044.566177566725
GHSL_637,0,26,115,1,0,0,0,0,0,0,2,24000000.0,6.434157062930734,1.2720660683374736,2.17,709.505614757538,955.841180407415,OM,-0.262,0.2069024186527043,59.822449,451.516092,294.33205192819895,52.000678809968285,43.1347901441605,0.9061388540937122,6.072576535502652,38538.90347301138
GHSL_638,0,5,152,12,0,0,0,0,0,0,0,0.0,6.418708161136587,1.5847492022133272,0.45,845.070341110229,2063.48243160608,OM,0.023,0.1261459464117096,40.823083,93.907332,105.37549124204372,16.23234362440468,34.033879416540415,0.6324940144813571,0.0324725740337596,26210.68705438575
GHSL_639,0,11,148,6,0,0,0,0,0,0,0,0.0,6.409880759311689,0.917189736076718,17.72,823.871610641479,1636.65325880132,OM,-0.082,0.1759289663537679,21.24811,161.395223,129.93412478096155,23.95667034056874,30.46596522119544,0.921429922660766,0.0323975343783505,21311.787076247736
GHSL_640,0,32,161,2,0,0,0,0,0,0,0,0.0,6.409574156405344,1.1619601771456507,2.78,974.95406627655,1731.36794505631,OM,-0.245,0.2983990586261499,33.466706,86.960397,93.5827733127344,14.698121138826634,30.512048909208342,0.7169133732844748,0.1248571859332258,20606.73938896207
GHSL_641,0,1,295,158,0,0,0,0,0,0,0,0.0,6.404394871232435,1.64945077584818,5.64,2271.49297809601,3207.61665239864,OM,0.345,0.2463069445933948,276.892621,603.238559,679.3373810307676,105.39172148235996,161.16671706389238,0.6390780454949099,0.4326753374217004,157612.31370857215
GHSL_642,0,20,800,86,0,0,0,0,0,0,0,0.0,6.38642984698659,1.241754505076666,0.78,4529.30147266388,1712.4067801978,OM,0.069,0.283219525731643,373.016637,545.88393,735.9454249562921,108.51372713116072,191.990687366675,0.7060297594892304,3.9268465938683046,155803.1246212965
GHSL_643,0,18,149,3,0,0,0,0,0,0,1,12000000.0,6.377811522496783,0.9864732092002768,10.18,854.895425796509,1727.36157351885,OM,-0.164,0.3758921715784229,41.615376,316.850895,220.4280566307636,39.48801424663574,38.73946481577131,0.9085603822723752,3.073012953130717,31390.823767878064
GHSL_644,0,5,200,21,0,0,0,0,0,0,0,0.0,6.375584931210844,0.8909209142373926,17.18,1130.4217543602,1698.41633591486,OM,0.065,0.1759289663537679,88.923085,130.562381,176.13513939977346,26.00145958499628,47.898390824009375,0.6881351084021219,1.0164294215842613,38552.93453636779
GHSL_645,0,3,129,14,0,0,0,0,0,0,0,0.0,6.37443333680236,1.531713531374871,7.67,734.951696395874,2460.87189699109,OM,0.074,0.3871799690057626,52.674986,90.427331,113.02704229717952,17.277735746357763,31.26425317741592,0.6797258114356935,0.6784299187688287,25217.170318792418
GHSL_646,0,4,1414,699,0,0,1,0,0,0,3,24783000.0,6.360373583932843,1.4127768743181726,1.1,10587.839225769,4612.67984551951,OM,0.33,0.4026286705928697,911.665731,3568.718207,3239.005932236315,550.4021235254392,777.6738697595752,0.6420765880775612,17.62681285751981,748118.7116163439
GHSL_647,0,37,166,2,0,0,0,0,0,0,0,0.0,6.370608353979092,1.642753771130678,4.19,1026.00742816925,2268.67815776099,OM,-0.262,0.2463069445933948,46.162383,118.310973,130.52714791201544,20.01143807165927,31.64285248771365,0.9064270877724644,0.088432121262541,21402.269544793733
GHSL_648,0,62,267,2,0,0,0,0,0,0,0,0.0,6.361201679240595,1.2290705991033175,3.9,1653.7583026886,850.032332003408,OM,-0.268,0.4026286705928697,85.936524,138.622413,179.18523672397117,26.798580909140647,49.56008477295876,0.8076348928745143,0.9561552952269632,33583.1835301681
GHSL_649,0,154,202,0,0,0,0,0,0,0,5,34253400.0,6.364252621197692,1.1579013975909282,1.35,1781.60279273987,2456.34980144886,OM,-0.485,0.3309259729420281,256.13971,264.025049,351.6793701391039,48.79110994078357,68.54011617215897,0.661517458568476,14.07158256078162,63936.73779633603
GHSL_650,0,0,53,727,27,0,0,0,0,0,0,0.0,6.342682609180316,1.109472275840941,1.21,4037.31666564941,2413.98739207531,OM,0.913,0.4026286705928697,1132.929468,2418.11166,2870.1574788851212,424.0738311013761,576.1145532693292,0.6638511690512451,2.804675046021354,620674.1553145549
GHSL_651,0,11,151,6,0,0,0,0,0,0,0,0.0,6.345585629426827,1.2437545823566036,5.05,840.442776679993,763.513451815425,OM,-0.081,0.4026286705928697,37.427073,84.881031,96.81905017352288,14.70229795984786,29.900722300763217,0.6956246503525457,0.1538513596033254,21635.60009754574
GHSL_652,0,0,168,199,0,0,0,0,0,0,0,0.0,6.343638687039537,1.215093817096396,4.71,1838.58741807938,1890.06912079149,OM,0.494,0.4026286705928697,248.237919,653.935649,690.5790338430941,109.67907065213198,172.76739669560578,0.5786190278254124,14.551992314794504,176476.48353730916
GHSL_653,0,0,93,70,0,0,0,0,0,0,0,0.0,6.342347127628416,1.479619965607411,8.41,816.066873550415,1992.42859474593,OM,0.41,0.3871799690057626,129.688512,195.365281,259.089474417301,41.190302100937565,66.42495235397266,0.5857982226756006,5.247670560755014,65736.73031412486
GHSL_654,0,0,76,58,0,0,0,0,0,0,0,0.0,6.338571742444506,1.4878996102466135,9.42,671.245886802673,2126.07297836594,OM,0.41,0.3871799690057626,107.390049,161.29866,214.204057147932,34.063957808676996,54.86814230718282,0.5856399313531464,4.35133962551073,54353.47100515082
GHSL_655,0,10,177,9,0,0,0,0,0,0,0,0.0,6.337776378353875,1.4556069340755304,6.27,980.087766647339,2051.0450324106,OM,-0.038,0.3871799690057626,37.273803,109.715751,112.74731829322822,18.12530059178962,36.608975244291,0.6662000868053028,0.032957769435477,26777.89097179942
GHSL_656,0,15,1023,172,0,0,0,0,0,0,0,0.0,6.332073114662341,1.604842553826622,0.13,6048.52149295807,3491.56622945764,OM,0.14,0.308495810555842,446.841437,877.44114,1072.6031636849002,156.62427946702235,291.60723298795136,0.6524335778243081,1.788944661596779,248047.00254460247
GHSL_657,0,6,189,18,0,0,0,0,0,0,0,0.0,6.329576266714393,1.0807197056915394,0.43,1061.68210506439,706.878972361101,OM,0.047,0.151320848139348,80.073679,127.469798,167.81348829583052,24.02313110609153,43.86230457436167,0.716659301639708,0.0584812922927509,35029.70876860411
GHSL_658,0,27,391,16,0,0,0,0,0,0,0,0.0,6.324738334130062,1.050041917986163,1.32,2172.68255233765,821.266715971656,OM,-0.077,0.4026286705928697,128.181219,231.715709,286.643208393256,42.265442480647195,76.90074682221939,0.7675164998638095,0.0933855611608935,56316.26789891785
GHSL_659,0,1,147,63,0,0,0,0,0,0,0,0.0,6.330296297337784,1.3369121893132885,3.88,1052.55437469482,2126.51234372493,OM,0.305,0.1040064099927717,81.391581,280.37381,273.91389746909124,43.956430350937325,70.09113505869684,0.6191629062704934,4.1159346134275925,66046.68038950053
GHSL_660,0,37,144,1,0,0,0,0,0,0,0,0.0,6.325112924822759,1.6424091694035932,4.24,913.506032943726,1946.23864529843,OM,-0.288,0.2288456521350002,37.875378,82.960625,96.7659374376956,14.472759134941848,27.131471699283228,0.8080398444480961,0.0879305415012954,18231.947484029057
GHSL_661,0,0,130,145,0,0,0,0,0,0,0,0.0,6.323176435294727,1.6119105297595455,1.37,1378.48474216461,2737.77222548413,OM,0.482,0.308495810555842,269.146003,337.940736,494.88486157665506,74.48335899127268,126.4942799195223,0.5676188564369584,6.390642123851587,129407.41708691708
GHSL_662,0,1,116,36,0,0,0,0,0,0,0,0.0,6.309374817962067,1.3108454797701408,3.14,765.395564079285,1228.59980557911,OM,0.247,0.1040064099927717,51.76922,174.586261,171.30877555231288,27.53473738971301,45.306355946218254,0.6254422462665896,2.179020705913752,41216.89507911245
GHSL_663,0,5,212,24,0,0,0,0,0,0,0,0.0,6.311977258563466,1.6356779237413803,4.13,1203.48226547241,2238.44540692954,OM,0.078,0.2288456521350002,78.815643,158.864871,191.94386703086477,28.198052618349443,52.16091118062873,0.6862128192049449,0.2616662648544353,42235.266335297805
GHSL_664,0,8,415,58,0,0,1,0,0,0,2,24000000.0,6.299342617988772,1.4299825169603275,8.22,2404.69154548645,2609.05348701756,OM,0.111,0.1228414909320625,333.46411,456.923309,596.2951235979873,82.86985917044917,135.15726918062313,0.6301164136128641,8.708136962914642,129671.28343669574
GHSL_665,0,4,159,18,0,0,0,0,0,0,0,0.0,6.30284658062766,1.6265482072260815,4.14,903.707346916199,2521.30789702869,OM,0.078,0.4026286705928697,59.12969,119.189694,144.00430178336762,21.156208524063047,39.13971479741877,0.6861843785303273,0.1954163266182183,31689.241840823433
GHSL_666,0,68,192,1,0,0,0,0,0,0,0,0.0,6.303215953232423,1.6651437506543827,5.95,1303.14607524872,3116.33675441982,OM,-0.343,0.1368608953572151,41.770393,108.299217,118.20051577534478,18.296936545233663,37.68330670239007,0.7421217400510877,0.0396160992801505,24999.174904207408
GHSL_667,0,6,248,28,0,0,0,0,0,0,0,0.0,6.297116882764162,1.6470688999075145,5.71,1412.79701328278,3310.98432923078,OM,0.078,0.4026286705928697,73.713828,402.525683,348.2388311220592,61.41761933401217,61.56235945957933,1.0169660815998074,0.0919465250246678,49354.96389992483
GHSL_668,0,158,396,2,0,0,0,0,0,0,0,0.0,6.286305345777687,1.3666647056550785,9.8,2777.35083293915,1948.73470736976,OM,-0.364,0.4026286705928697,81.906056,417.926877,364.8208629506051,64.17415233005721,79.25017437294419,1.032747504117095,0.1021511752456271,52419.30575641416
GHSL_669,0,5,368,69,0,0,0,0,0,0,0,0.0,6.287980330791879,1.5085630306558848,11.87,2209.13194465637,2876.24659297455,OM,0.159,0.3871799690057626,118.669423,486.885819,449.40808800017993,75.22457125232597,111.8875468896304,0.7030665721487788,10.381584569805804,94879.73914886397
GHSL_670,0,19,217,7,0,0,0,0,0,0,1,12000000.0,6.287780486828688,1.5737493678451162,6.17,1214.7573184967,2846.86505389431,OM,-0.111,0.4101219413489799,125.107652,215.266648,239.62170754449588,37.13032872821019,49.96248065858309,0.7474467429204663,9.363592329534644,41964.5268930171
GHSL_671,0,1,816,848,1,0,2,0,0,0,0,0.0,6.26120252335036,1.6035023078836026,6.77,8326.31660747528,2929.57864981863,OM,0.469,0.4026286705928697,1052.570191,6405.74246,5388.985079993468,967.6632217641114,781.4049988036219,0.9589419798021792,1.4616622102506898,792862.6401511452
GHSL_672,0,19,966,126,0,0,0,0,0,0,1,12000000.0,6.259540864536758,1.0388286711176475,3.75,5554.48561286926,1870.08383763585,OM,0.099,0.4026286705928697,293.182896,959.785103,922.7386858602496,147.62951313503078,260.44332409414636,0.634591942750809,15.80573218294984,217497.339855359
GHSL_673,0,12,187,8,0,0,0,0,0,0,0,0.0,6.264505108206516,1.709939053402844,4.61,1036.41947364807,2023.86149901986,OM,-0.063,0.2076017909801502,25.839106,204.069262,163.40752222575898,30.211667310986027,38.57997001560268,0.9105629414131288,0.0309061099394421,27163.911186347425
GHSL_674,0,1,122,40,0,0,0,0,0,0,0,0.0,6.261277180882242,1.6823731311042138,1.81,811.1183552742,1900.68741716274,OM,0.255,0.4026286705928697,60.273578,363.515754,308.3622412719716,54.95898027716525,49.503036570919775,0.9761395491793844,0.0798683165702902,45047.294073359146
GHSL_675,0,357,400,0,0,0,0,0,0,0,0,0.0,6.244182182367716,1.3018920223253534,4.93,3789.32123804092,1257.71775875073,OM,-0.514,0.4026286705928697,95.954344,320.095473,312.4145729238206,51.847685169995906,94.17118288695144,0.794721526143524,0.0994090528153124,61442.173098319145
GHSL_676,0,0,101,357,2,0,0,0,0,0,0,0.0,6.249148717582267,1.6160946720213238,5.18,2300.85472106934,3369.7345065456,OM,0.694,0.4026286705928697,543.438315,1122.546665,1348.387976984899,198.5445517862289,281.0020159696728,0.6539656902844373,0.7355683619135029,297666.74466240715
GHSL_677,0,7,666,138,0,0,1,0,0,0,0,0.0,6.242795666041873,1.0574642489880872,6.31,4056.40393352509,2274.00483431583,OM,0.175,0.1437265898707665,291.344297,756.018683,804.4638762536633,125.1424994933236,219.36422603705793,0.6187462570975241,8.501016826706188,196367.929767975
GHSL_678,0,0,73,280,2,0,0,0,0,0,0,0.0,6.247242514152883,1.2637813950635397,2.39,1778.89898538589,1947.88800966432,OM,0.708,0.4026286705928697,406.942759,851.674658,979.1828834904117,148.98348151000386,215.2287332063917,0.6048747386664197,18.37518183294241,233376.11047768363
GHSL_679,0,13,384,31,0,0,0,0,0,0,0,0.0,6.240360756804708,1.3746140684726955,10.42,2139.48994731903,1989.46443432647,OM,0.025,0.3250278442306096,93.878973,494.009651,431.2030060970758,75.63271748978386,87.21954362503867,0.9475157381299856,0.1300642753419982,66779.74574764121
GHSL_680,0,5,124,9,0,0,0,0,0,0,0,0.0,6.241520899369299,1.27470803207196,3.44,690.775408744812,1927.01037393593,OM,0.013,0.4026286705928697,29.95608,111.165027,105.46749697258431,17.605882451316962,27.469845264254044,0.7587193402005024,2.4029010932502777,20801.352475199732
GHSL_681,0,0,64,247,2,0,0,0,0,0,0,0.0,6.239816200186163,1.2574174211979685,2.2,1565.6617565155,6325.52272191788,OM,0.708,0.4026286705928697,359.403298,752.266199,864.8458765417976,131.59038818690334,190.08620992805456,0.6048147262501746,16.216278370269436,206146.79456267157
GHSL_682,0,70,499,9,0,0,0,0,0,0,0,0.0,6.238195048257907,1.516815420091146,14.4,2887.72566509247,3253.26220662934,OM,-0.184,0.2344780839322517,125.706917,268.073946,309.6220251362581,47.11672790074104,93.45924814493698,0.7421602673443463,0.1517436277367881,64603.923368471544
GHSL_683,0,8,754,156,0,0,0,0,0,0,6,24757600.0,6.2350395565317545,1.4780729063640017,16.75,4589.2924413681,3813.4942405432,OM,0.175,0.2344780839322517,654.849383,666.643624,1046.576041746122,156.46261995355474,251.4244651610832,0.640430282396625,27.222073417679063,230680.09846725134
GHSL_684,0,18,109,2,0,0,0,0,0,0,0,0.0,6.2184393942785565,1.3480872770970642,6.62,640.188730716705,1500.14933969937,OM,-0.21,0.3250278442306096,24.316479,66.17425,69.27606637004757,11.080117815171608,20.772514429622156,0.7544441755152531,0.0211473802644483,14277.62334952538
GHSL_685,0,0,71,47,0,0,0,0,0,0,1,12000000.0,6.219438121181702,1.53880395953996,14.02,589.435472488403,1817.39423577345,OM,0.385,0.4026286705928697,84.947725,321.38673,274.1803202224999,42.65237165786727,54.05313755001444,0.6386686234539061,9.218336412481465,57061.157249081465
GHSL_686,0,1,113,30,0,2,0,0,0,0,1,12000000.0,6.216931414548438,1.5324482030583395,14.81,719.426341533661,2218.19240136176,OM,0.216,0.4026286705928697,86.188823,307.515845,265.1033168363944,41.59884764875962,52.29698266452826,0.6542256092062567,9.395548561014657,53662.02241450923
GHSL_687,0,0,0,75,59,0,0,0,0,0,0,0.0,6.208318918458798,1.2214496024055967,0.31,670.214435577393,6543.78476447366,OM,1.421,0.2100107140124045,246.665419,492.695001,575.4201699548513,88.42158099553573,126.49588770409451,0.6000967301123347,5.1167526559398775,139402.32632138886
GHSL_688,0,0,23,333,13,0,0,0,0,0,0,0.0,6.191440846556069,1.2246934579886302,1.57,1842.8900718689,5681.47928238574,OM,0.924,0.361455852537116,301.549201,1873.263946,1548.2931925890016,282.4830425719747,268.7992984268961,0.7846578134359867,0.4007404565218573,285015.01362345554
GHSL_689,0,109,311,2,0,0,0,0,0,0,0,0.0,10.941776846743547,0.6414876889492581,0.83,2108.03241205215,2033.03379534199,OM,-0.34,0.1829505763729819,60.439977,180.84784,185.39608409881532,29.79632597107436,63.22602040414893,0.7188454880948003,0.0555803804573972,41254.86421686246
GHSL_690,0,75,201,1,0,0,0,0,0,0,0,0.0,10.89158507761226,0.3935990139964283,2.86,1387.3369178772,1958.95097722859,OM,-0.353,0.2194497497385436,39.521468,116.946034,118.86794358844068,19.810577797395105,41.210828436614605,0.7163464009938583,0.6284248476510884,26660.11316168774
GHSL_691,0,262,676,3,0,0,0,0,0,0,0,0.0,10.818969135518511,0.238899245009228,0.94,4705.20707035065,1866.05934971612,OM,-0.359,0.4026286705928697,120.657513,397.451314,391.72737635050464,65.53835224420077,139.4097018704556,0.7058190373861287,1.2958220945580323,89866.95505596724
GHSL_692,0,164,120,0,0,0,0,0,0,0,0,0.0,10.775115274313247,0.1340963737060463,11.48,1420.81335115433,930.623080671707,OM,-0.594,0.4026286705928697,54.806383,86.192592,115.07566042086997,16.295953566627038,32.7985628572836,0.8144759030826677,0.0394054863337231,21468.970013550042
GHSL_693,0,11,674,105,0,0,1,0,0,0,0,0.0,10.721270457584666,0.3679864067773334,8.19,3946.39172554016,2515.07347258559,OM,0.128,0.3110970152458558,247.384961,549.673299,622.2996395380773,95.69380696715464,204.0130679099291,0.569078102033824,0.2003076003830323,172570.7523144731
GHSL_694,0,233,756,5,0,0,1,0,0,0,0,0.0,10.701308246683745,0.1062806283088587,17.91,4964.55306434631,1125.1910272862,OM,-0.318,0.4026286705928697,103.042495,1173.159499,885.4028917340568,170.11952354250718,165.62153950994815,1.1503137468044304,0.0001586221947726,113096.70086463222
GHSL_695,0,136,239,1,0,0,0,0,0,0,0,0.0,10.605656432991625,0.1733052772889954,16.44,1875.2104010582,1269.75802891893,OM,-0.429,0.4026286705928697,84.810412,138.893528,181.85828398481016,25.976934940195637,51.31187664936144,0.813817412717645,0.0600358630571484,33917.05871268926
GHSL_696,0,3,253,52,0,0,0,0,0,0,0,0.0,9.61333605798431,0.6309042921740652,13.32,1537.18075370789,2751.40194688984,OM,0.174,0.3217051389806354,95.559206,208.530457,243.74948436727587,36.44117579833245,80.22481451099237,0.5576762802495356,0.0778418848662235,68837.78490645789
GHSL_697,0,67,188,1,0,0,0,0,0,0,0,0.0,9.525043490538396,0.6204940722948119,3.71,1281.48272800446,2225.73925066253,OM,-0.344,0.1384113293020535,27.064206,112.307056,105.12964751286732,17.659713768874056,37.781459538206114,0.697643148754572,0.0290534124379283,24516.255851743073
GHSL_698,0,89,315,2,0,0,0,0,0,0,0,0.0,9.2817875668691,1.229635729608901,0.73,2030.08818531036,2691.8255722373,OM,-0.302,0.2405888705657485,59.901981,177.824984,181.09466006687927,29.941463148579395,61.10591361727018,0.7188769201971676,1.2510578644411128,40145.73752074512
GHSL_699,0,0,689,3512,39,0,0,1,0,0,3,31467200.0,9.0268008370933,1.4227948361253078,27.92,21198.0415267944,5707.9083717426,OM,0.757,0.4026286705928697,5369.819769,7710.983909,10536.43571918247,1490.334280036496,2870.718323805754,0.5081034755896978,10.53004968665962,3112855.661895541
GHSL_700,0,63,201,1,0,0,0,0,0,0,0,0.0,8.802047685985714,1.0709569046767502,0.84,1330.16359519958,1866.26763644469,OM,-0.322,0.0893599430883273,30.026393,112.741378,108.17420304485138,17.958254430058535,39.48525937453042,0.686029990913321,0.0306762917831287,25714.772181099743
GHSL_701,0,118,677,9,0,0,0,0,0,0,0,0.0,8.335693462665363,1.024907698577536,3.11,4021.06387710571,10518.7728130422,OM,-0.22,0.4026286705928697,147.57023,373.089202,409.8898388262331,63.31263278281629,127.77611610931272,0.7419794459706563,0.1274533464550251,86272.9104540356
GHSL_702,0,164,225,0,0,0,0,0,0,0,0,0.0,8.271394181649743,1.0353102792881208,6.66,1950.35841655731,976.855132215853,OM,-0.476,0.4026286705928697,57.391619,136.402822,154.0505989897868,23.423963390084545,49.96669046034032,0.7413585284820797,0.0473416533935305,32677.587211004753
GHSL_703,1,629,569,0,0,0,0,0,0,0,0,0.0,7.1769191648150965,1.159656070836494,4.64,5995.19696617126,3288.52436838341,OM,-0.554,0.3536078614716905,131.550269,382.932617,396.6149236860951,63.382738049524775,144.5542344816471,0.6876607096594833,0.128263758215633,93641.13395942471
GHSL_704,0,80,664,14,0,0,0,0,0,0,0,0.0,6.967549903250756,1.2985933391458595,3.84,3792.17021656036,3531.48134871014,OM,-0.161,0.1977530936157107,136.179118,366.52353,389.0493664833082,61.489594393918,126.61563353171512,0.7073991323328666,0.1174132742258761,86903.78930342828
GHSL_705,0,58,442,9,0,0,0,0,0,0,0,0.0,6.840424866926052,0.5926404740312696,64.15,2544.16477203369,3208.98656328155,OM,-0.175,0.2640309321199582,92.266763,457.075931,401.0227683295181,70.42933278175528,84.40487634681261,1.0236662712534612,0.1214841262119832,57837.45567500552
GHSL_706,0,86,1031,35,0,0,0,0,0,0,0,0.0,6.62288251668191,1.3758758405026343,15.97,5757.49989509583,3409.73854122651,OM,-0.102,0.4026286705928697,220.252289,662.943182,673.488113054965,109.11846738220562,203.1441467944819,0.7315177542979057,0.2007365621265009,143533.4837161185
GHSL_707,0,3,1018,546,0,0,2,0,0,0,0,0.0,6.417769702496272,1.6639912129560983,7.67,7831.82368087769,4566.8421143682,OM,0.345,0.2463069445933948,1082.470074,2307.495169,2734.0252414152355,405.27998720529746,586.1324856593629,0.6921885001607937,1.7881543507599038,573117.7522784428
GHSL_708,0,314,352,0,0,0,0,0,0,0,0,0.0,6.347946185137791,1.1957795637144375,2.84,3333.02902364731,875.795059867102,OM,-0.514,0.4026286705928697,143.746635,211.358319,283.4226876879695,44.077563921136026,82.17590123332542,0.7999242264372138,3.7632218073371617,54060.92538933679
GHSL_709,0,272,1029,8,0,0,1,0,0,0,0,0.0,6.34192494793292,1.7079895890003485,10.91,6542.91832876205,1961.0505541411,OM,-0.291,0.1368608953572151,299.567541,808.359995,876.6425564019036,133.9784672823633,206.45689989268465,0.8858881948703459,5.793825852749653,145668.79912747449
GHSL_710,0,198,1064,13,0,0,2,0,0,0,0,0.0,6.321601341311741,1.1179107100753969,3.63,6377.05554866791,2395.04108327922,OM,-0.231,0.304015894342817,346.039631,854.285399,954.8038683262124,145.62300547607114,221.2347945300818,0.8585996392078029,0.3077472761874821,163956.21915729129
GHSL_711,0,36,304,7,0,0,0,0,0,0,0,0.0,6.295789533944037,1.169944591146701,1.92,1731.25190162659,3688.4587886456,OM,-0.156,0.4026286705928697,73.322945,205.942234,211.5750141042407,35.313038035836136,58.284224509122296,0.7976551657911766,4.002468075495777,40224.9663566648
GHSL_712,0,5,782,242,0,0,0,0,0,0,1,12000000.0,6.280087692098169,1.2585318029981654,0.01,5140.56450891495,1234.24056501906,OM,0.245,0.4026286705928697,622.060739,1109.750624,1328.150624891713,206.1601109149774,308.96906592035907,0.6608989330598385,28.82479040906697,289220.86647667986
GHSL_713,0,47,373,8,0,0,0,0,0,0,0,0.0,6.285084821258488,1.642755886257239,4.67,2135.05336093903,2875.62117811119,OM,-0.166,0.4026286705928697,80.111861,404.210607,357.38688820584395,62.16264519597117,70.87288672291699,1.06539271922613,0.0986973263698661,49031.21101583515
GHSL_714,0,4,920,382,0,0,2,0,0,0,2,24000000.0,8.433257157887393,0.992398283261962,4.1,6528.92801237106,2287.79394131504,OM,0.298,0.3678735056236871,790.370668,1237.397991,1622.3683326798373,236.85424463650503,466.9924002487495,0.5339455775886959,7.560342656620053,456097.3380486974
GHSL_715,0,60,1522,110,0,0,0,0,0,0,0,0.0,7.952369323686175,1.2849009514311736,9.28,8458.38014793396,3128.03643557545,OM,0.007,0.1384087524035579,337.123243,969.139731,1012.6461463922964,160.73783893347667,338.70656828504383,0.6319020502494659,0.3341413306215986,254877.49708626617
GHSL_716,0,3,1001,534,0,0,0,1,0,0,0,0.0,7.586806873393865,0.6078861101348723,9.43,7686.3399143219,2941.7151723261,OM,0.344,0.4026286705928697,1399.028974,1776.119036,2584.6992872821984,379.34216335988253,701.6330871728084,0.5601960413721221,22.005692135880977,692944.2613704532
GHSL_717,0,686,2013,11,0,0,1,0,0,0,0,0.0,7.330055894389912,1.6250062706429014,5.15,13547.9044723511,6520.21205719255,OM,-0.336,0.1565229380873989,400.192348,1215.052787,1238.1988326304904,199.72111621038,407.7731831443888,0.7137150794824194,0.3862369893798627,275450.24979069486
GHSL_718,0,398,2487,38,0,0,0,0,0,0,0,0.0,7.317030663353107,1.1628674403209738,2.08,14614.9163198471,3081.09780888674,OM,-0.206,0.1913323575560081,388.149644,1379.437261,1341.960996380464,221.4001755651551,475.55214374609943,0.6807142127836924,0.3992754429781726,319042.343942057
GHSL_719,0,5,1656,797,0,0,0,1,0,0,0,0.0,7.022698355639267,1.6105740220965208,3.95,12294.619468689,6191.8102747894,OM,0.325,0.223192905471859,1860.128744,2635.76923,3648.612400234347,513.1608399147573,991.2865376794232,0.564079586785871,1.252238389649831,973013.095973016
GHSL_720,0,0,226,4474,242,0,2,0,0,0,0,0.0,6.493579627391503,1.6313815562591436,3.74,24705.8912143707,4802.6757966450205,OM,0.968,0.4330342622851609,5916.382332,15985.382758,16609.003888025487,2670.99437167271,3623.355406027345,0.6182152586767524,40.35679308387951,3939969.6430479432
GHSL_721,0,0,8,1469,467,0,2,0,0,0,6,56904900.0,6.237326906397428,1.6150263516955414,5.43,9721.95875549316,4538.1257654762,OM,1.253,0.2517300141024108,3540.881945,7315.269771,8667.283804210845,1272.1476023719963,1728.0121566464682,0.6525181144482546,19.117049703191466,1886323.240016168
GHSL_722,0,0,305,1259,10,0,0,0,0,0,2,16522000.0,6.368299718850192,1.4184701096307957,1.12,7874.13214492798,5155.22853105163,OM,0.721,0.4026286705928697,1363.244523,4673.009512,4437.968712989336,742.8790934023095,1000.5584620534404,0.613626878762161,22.866118665662093,1064733.545733168
GHSL_723,0,34,19510,13330,6,0,1,1,0,0,4,48000000.0,8.334120533360077,0.9968463754985056,3.18,164392.48418808,21101.9133164419,OM,0.39,0.4026286705928697,18314.275681,45570.175518,49220.11529011883,7407.961837753357,13088.777369284096,0.5693068885332425,474.8607406380269,12944464.8121722
SCHOOL_1,0,0,0,0,0,0,0,0,0,0,2,3356400.0,6.228175797000267,1.5283465295092509,0.0,0.0,0.0,,0.0,0.0,12.920666,32.389155,26.294708489260575,3.784442576782549,2.540840734044965,0.7716220498036345,1.6882896258800273,3356.4000642750593
SCHOOL_2,0,0,0,0,0,0,0,0,0,0,3,13870800.000000002,6.2394418606650826,1.5305880039848716,0.0,0.0,0.0,,0.0,0.0,53.39853,133.850866,108.66710879221914,15.639696681105884,10.50086038874941,0.7716266651801654,6.97724612055105,13870.800265625823
SCHOOL_3,0,0,0,0,0,0,0,0,0,0,1,7188000.0,6.2395700000000005,1.63768,0.0,0.0,0.0,,0.0,0.0,42.19615,54.114919,59.67968362641973,8.112865366186277,5.410855503639993,0.8135506534705049,3.361166916750308,7188.0001376502005
SCHOOL_4,0,0,0,0,0,0,0,0,0,0,3,13888800.000000002,6.241581766706351,1.63448950002501,0.0,0.0,0.0,,0.0,0.0,81.502291,104.603555,115.3149185171533,15.677456879101848,10.460474623773738,0.8135880374937182,6.496054865443322,13888.800265970525
SCHOOL_5,0,0,0,0,0,0,0,0,0,0,2,15559400.0,6.246297321518447,1.5698046464739317,0.0,0.0,0.0,,0.0,0.0,80.709718,115.864,119.81853832222004,15.710188054366188,10.837365375708098,0.7557552586435592,5.923284603858867,15559.40029796251
SCHOOL_6,0,0,0,0,0,0,0,0,0,0,1,12000000.0,6.341743899999999,1.3986230000000004,0.0,0.0,0.0,,0.0,0.0,64.060959,59.752994,78.19723296049412,9.551170911661782,8.43210113488174,0.6477185807287132,3.349494145051868,12000.0002298
SCHOOL_7,0,0,0,0,0,0,0,0,0,0,1,12000000.0,6.403537099999999,1.7590593,0.0,0.0,0.0,,0.0,0.0,51.345564,95.560945,90.11216685405476,12.130603362726193,9.040130305785828,0.7527164320814373,3.403600219132507,12000.0002298
SCHOOL_8,0,0,0,0,0,0,0,0,0,0,1,840000.0,6.4151277,0.9632835000000004,0.0,0.0,0.0,,0.0,0.0,3.910963,5.957001,5.920566566076462,0.8170498533119714,0.636615704302285,0.7039153158001299,0.3122733363712979,840.0000160860001
SCHOOL_9,0,0,0,0,0,0,0,0,0,0,1,12000000.0,6.458326699999999,1.7075986999999997,0.0,0.0,0.0,,0.0,0.0,51.691426,96.584069,90.935163618026,12.245549459076724,9.101990515820678,0.759427692016659,3.4415456826820874,12000.0002298
SCHOOL_10,0,0,0,0,0,0,0,0,0,0,1,9339100.0,6.445611099999998,0.8989609999999991,0.0,0.0,0.0,,0.0,0.0,45.334191,58.178629,63.48252538149888,8.403489137218337,7.2895292487665,0.6854027454888181,2.7257455556905312,9339.100178843766
SCHOOL_11,0,0,0,0,0,0,0,0,0,0,1,12000000.0,6.4827499999999985,0.8255146000000002,0.0,0.0,0.0,,0.0,0.0,22.042404,207.437526,120.4816192059726,21.33599716509814,12.542320164391588,1.0532094323040315,3.4139869223369375,12000.0002298
SCHOOL_12,0,0,0,0,0,0,0,0,0,0,1,3902200.0,6.487809099999999,0.9498820000000004,0.0,0.0,0.0,,0.0,0.0,16.456666,30.37567,28.13045994140151,3.818526397651567,2.9772666435411583,0.7164466811483762,1.5360639470865536,3902.20007472713
SCHOOL_13,0,0,0,0,0,0,0,0,0,0,1,840000.0,6.4719158000000006,1.7398503999999997,0.0,0.0,0.0,,0.0,0.0,3.618612,6.760903,6.365627368449231,0.8572023776153522,0.6371598240773129,0.7594469868121322,0.2409149433525303,840.0000160860001
SCHOOL_14,0,0,0,0,0,0,0,0,0,0,1,12000000.0,6.501203999999999,0.9698564999999996,0.0,0.0,0.0,,0.0,0.0,29.296297,169.392963,107.81139522527668,18.046388359106015,10.720733586250594,0.9299911267705792,3.2922120384529943,12000.0002298
SCHOOL_15,0,0,0,0,0,0,0,0,0,0,1,3860600.0,6.5827665,1.6661378000000002,0.0,0.0,0.0,,0.0,0.0,23.383467,18.261863,26.55329421529146,3.311868929787065,2.7331341283428,0.6773874754894292,1.3650278969051253,3860.60007393049
SCHOOL_16,0,0,0,0,0,0,0,0,0,0,1,12000000.0,6.5515912999999975,0.8626517000000011,0.0,0.0,0.0,,0.0,0.0,34.787019,259.98841,155.75768399952986,27.1419124049555,10.58251479324639,1.3182694697690285,4.547763615060948,12000.0002298
SCHOOL_17,0,0,0,0,0,0,0,0,0,0,1,12000000.0,6.6370172,1.178919,0.0,0.0,0.0,,0.0,0.0,65.888842,63.277016,81.31636358249771,10.534228702414914,9.028877524317306,0.6743151332241125,4.23664170585196,12000.0002298
SCHOOL_18,0,0,0,0,0,0,0,0,0,0,1,12000000.0,6.639097199999999,1.1774843000000006,0.0,0.0,0.0,,0.0,0.0,65.897745,63.267489,81.3168549119049,10.534073143420525,9.028811584913838,0.6743184655237645,4.2364339517581415,12000.0002298
SCHOOL_19,0,0,0,0,0,0,0,0,0,0,1,12000000.0,6.670615799999999,1.1767257,0.0,0.0,0.0,,0.0,0.0,54.011099,62.902968,73.31743101629924,9.149888991342555,9.145128599189484,0.6191528728333712,2.875474289125936,12000.0002298
SCHOOL_20,0,0,0,0,0,0,0,0,0,0,1,12000000.0,6.674274700000001,0.9791340000000004,0.0,0.0,0.0,,0.0,0.0,28.660754,115.691098,80.8886753890735,12.828664235482828,10.735419711321615,0.7105745231194749,2.613236375547651,12000.0002298
SCHOOL_21,0,0,0,0,0,0,0,0,0,0,1,12000000.0,6.830536500000001,0.6786761000000006,0.0,0.0,0.0,,0.0,0.0,41.462979,63.710026,64.57872192335827,8.517601613274977,9.665393566367534,0.5605739248216745,2.4202761557286174,12000.0002298
SCHOOL_22,0,0,0,0,0,0,0,0,0,0,1,12000000.0,6.840792500000001,0.7459496999999999,0.0,0.0,0.0,,0.0,0.0,40.296728,259.98777,161.56813960521515,27.468143334920473,9.788873808786988,1.3535289499862535,4.837421339472541,12000.0002298
SCHOOL_23,0,0,0,0,0,0,0,0,0,0,1,12000000.0,6.8428033,0.8230045000000007,0.0,0.0,0.0,,0.0,0.0,58.598993,62.757334,75.94479301672621,9.395510217497105,8.633939887696455,0.6346669785121087,3.013787564635649,12000.0002298
SCHOOL_24,0,0,0,0,0,0,0,0,0,0,1,12000000.0,6.8451004,0.5798625000000003,0.0,0.0,0.0,,0.0,0.0,47.328166,64.646857,69.48939972847495,8.94038028426722,9.009900607611614,0.5915191187145552,2.6631752548826197,12000.0002298
SCHOOL_25,0,0,0,0,0,0,0,0,0,0,1,12000000.0,6.8674256,0.6017770000000001,0.0,0.0,0.0,,0.0,0.0,42.457116,77.191236,72.60162701168605,9.87947912110471,9.614883127885708,0.6241173750892247,2.647502603277241,12000.0002298
SCHOOL_26,0,0,0,0,0,0,0,0,0,0,1,12000000.0,6.874645800000001,0.6631846999999993,0.0,0.0,0.0,,0.0,0.0,38.123159,64.7906,62.78973674220393,8.433127284699264,9.779869541435817,0.5490212725669712,2.3170184545523544,12000.0002298
SCHOOL_27,0,0,0,0,0,0,0,0,0,0,1,5316200.0,6.8752156,0.6515756999999994,0.0,0.0,0.0,,0.0,0.0,16.888951,28.703462,27.816743294116065,3.73602640931566,4.3317288628115636,0.5490047014078988,1.0264674971343362,5316.20010180523
SCHOOL_28,0,0,0,0,0,0,0,0,0,0,1,1670000.0,6.877888399999999,0.6495176000000005,0.0,0.0,0.0,,0.0,0.0,5.908881,10.741978,10.103683334368732,1.3748639001062426,1.3380816349380982,0.6241140644795244,0.3684471742379022,1670.0000319805001
SCHOOL_29,0,0,0,0,0,0,0,0,0,0,1,12000000.0,6.791481500000001,1.1776421000000004,0.0,0.0,0.0,,0.0,0.0,49.900126,65.97303,71.53332988488461,9.214438082267126,9.268615952364945,0.6089274366923081,2.7449188549373207,12000.0002298
SCHOOL_30,0,0,0,0,0,0,0,0,0,0,1,5508500.0,6.906896099999999,0.6073702000000005,0.0,0.0,0.0,,0.0,0.0,21.413306,32.701212,33.38366353404734,4.380742554334566,4.24694824547227,0.6194463873887247,1.2580754723936902,5508.500105487775
SCHOOL_31,0,0,0,0,0,0,0,0,0,0,1,2673700.0,6.910569999999999,0.6573212,0.0,0.0,0.0,,0.0,0.0,7.47309,57.910959,34.775517484568766,6.031254720991305,2.24276043770846,1.3164109378630018,1.0127338341782068,2673.700051201355
SCHOOL_32,0,0,0,0,0,0,0,0,0,0,1,12000000.0,6.9296791,0.6063721000000004,0.0,0.0,0.0,,0.0,0.0,46.648483,71.237772,72.72536135498842,9.542599314670218,9.253733247580763,0.6194662329709043,2.7398088324254175,12000.0002298
SCHOOL_33,0,0,0,0,0,0,0,0,0,0,1,12000000.0,6.961467616999999,0.5770047860000004,0.0,0.0,0.0,,0.0,0.0,66.377244,62.838251,81.36644805860126,10.3030388209225,8.974292418858262,0.6752470234168192,3.867392715789202,12000.0002298
SCHOOL_34,0,0,0,0,0,0,0,0,0,0,1,8827700.0,6.994298299999999,0.6562696999999997,0.0,0.0,0.0,,0.0,0.0,23.261556,191.220662,112.99022414734016,19.833626564644614,7.585267600042925,1.3008200528130591,3.2608694304956276,8827.700169050455
SCHOOL_35,0,0,0,0,0,0,0,0,0,0,4,31000000.0,7.01631231625038,0.6993412096964734,0.0,0.0,0.0,,0.0,0.0,58.046905,535.913923,311.30238369527035,55.16390760633273,31.44109377311283,1.0507408027118783,8.877675397646216,31000.00059365
SCHOOL_36,0,0,0,0,0,0,0,0,0,0,1,12000000.0,7.046968000000001,1.6130580999999995,0.0,0.0,0.0,,0.0,0.0,48.716419,67.997882,71.83789468814244,9.343537420300157,9.108978002002209,0.6109531502585915,2.728619827985555,12000.0002298
SCHOOL_37,0,0,0,0,0,0,0,0,0,0,1,12000000.0,7.061088899999999,1.1528220000000005,0.0,0.0,0.0,,0.0,0.0,24.755928,169.941183,104.7001181339662,17.858922322990153,11.4912727685369,0.9136249264056888,3.109611522094195,12000.0002298
SCHOOL_38,0,0,0,0,0,0,0,0,0,0,1,12000000.0,7.134523700000001,1.5170999000000005,0.0,0.0,0.0,,0.0,0.0,54.570471,61.424111,72.93410509065153,9.038210968877909,8.70280647927557,0.6126461250797958,2.8706951471254687,12000.0002298
SCHOOL_39,0,0,0,0,0,0,0,0,0,0,1,12000000.0,7.17112,1.534285,0.0,0.0,0.0,,0.0,0.0,45.068567,67.175794,68.62373832769566,9.05739042430596,9.138130542632595,0.5877808619459717,2.5785207961546366,12000.0002298
SCHOOL_40,0,0,0,0,0,0,0,0,0,0,1,12000000.0,7.212923227000002,0.8087707600000001,0.0,0.0,0.0,,0.0,0.0,36.920628,83.089763,70.72425045104521,10.137263320802814,9.878823824798715,0.6157953676216154,2.4845608422890786,12000.0002298
SCHOOL_41,0,0,0,0,0,0,0,0,0,0,3,2520000.0,7.213855033385449,0.6591843000288647,0.0,0.0,0.0,,0.0,0.0,7.691166,54.578957,33.084095146937536,5.721160458617998,2.1584561164070593,1.3287659265811702,0.9715848245208292,2520.000048258
SCHOOL_42,0,0,0,0,0,0,0,0,0,0,1,6198200.0,7.2223449,0.7900767000000005,0.0,0.0,0.0,,0.0,0.0,17.496165,90.457247,58.34381593232513,9.748504073114145,5.302890230192384,0.9672644774048258,1.7913720616468185,6198.20011869553
SCHOOL_43,0,0,0,0,0,0,0,0,0,0,1,12000000.0,7.262103400000003,0.7976216999999995,0.0,0.0,0.0,,0.0,0.0,44.683146,66.582378,69.21734184823525,8.975559809894895,9.431506106790009,0.5929318814236361,2.645425283160985,12000.0002298
SCHOOL_44,0,0,0,0,0,0,0,0,0,0,1,10829800.0,7.330785800000002,0.8407294999999999,0.0,0.0,0.0,,0.0,0.0,50.515877,80.18218,81.0434742672049,10.64738662942678,8.37805406627443,0.7498575952782018,3.079417497146497,10829.80020739067
SCHOOL_45,0,0,0,0,0,0,0,0,0,0,1,12000000.0,7.333411600000001,1.0461296999999996,0.0,0.0,0.0,,0.0,0.0,44.104767,73.426641,71.47167953502486,9.606005353987392,9.109442473875143,0.610018129418958,2.7593442438825875,12000.0002298
SCHOOL_46,0,0,0,0,0,0,0,0,0,0,1,3034100.0,7.3490228,0.8496633000000001,0.0,0.0,0.0,,0.0,0.0,14.152933,22.464532,22.70583106290596,2.9830531408462075,2.347181408130323,0.7498720247578643,0.8627570559581395,3034.100058103015
SCHOOL_47,0,0,0,0,0,0,0,0,0,0,1,12000000.0,7.355938300000001,1.0860217000000008,0.0,0.0,0.0,,0.0,0.0,55.477921,93.000554,91.67716083647736,12.20352599109449,8.764773114712986,0.7609221014279602,3.590123312426295,12000.0002298
SCHOOL_48,0,0,0,0,0,0,0,0,0,0,1,12000000.0,7.376107099999998,0.8932685000000006,0.0,0.0,0.0,,0.0,0.0,56.814239,89.19714,90.5763637361506,11.96300832549117,9.12093560958143,0.753680604832069,3.6428221531760943,12000.0002298
SCHOOL_49,0,0,0,0,0,0,0,0,0,0,1,12000000.0,7.243200000000002,1.1650218999999995,0.0,0.0,0.0,,0.0,0.0,52.219838,70.157594,75.75042885625173,9.75083555594614,8.812441948854383,0.6378540494483009,2.8964798765504733,12000.0002298
SCHOOL_50,0,0,0,0,0,0,0,0,0,0,1,12000000.0,7.383305599999999,1.5728142,0.0,0.0,0.0,,0.0,0.0,37.061725,64.368369,61.83084667201944,8.332101860842439,9.47472363862556,0.5398291210178653,2.2693759888360368,12000.0002298
SCHOOL_51,0,0,0,0,0,0,0,0,0,0,1,12000000.0,7.390430699999998,1.6206845000000003,0.0,0.0,0.0,,0.0,0.0,23.079375,169.877687,103.1520933006529,17.75236735575168,11.900394791174415,0.9055052368411324,3.0278674503936154,12000.0002298
SCHOOL_52,0,0,0,0,0,0,0,0,0,0,1,12000000.0,7.455873299999999,1.6023750000000003,0.0,0.0,0.0,,0.0,0.0,60.987678,88.960302,91.06718267846466,11.758390290915672,8.558022240320117,0.7426043695288473,4.953555459515197,12000.0002298
SCHOOL_53,0,0,0,0,0,0,0,0,0,0,1,12000000.0,7.517131300000001,1.2056835,0.0,0.0,0.0,,0.0,0.0,30.175564,83.609571,66.56827082663222,9.667825462718362,9.84381812069732,0.5808651504008082,2.830335518021422,12000.0002298
SCHOOL_54,0,0,0,0,0,0,0,0,0,0,1,1214600.0,7.434138299999998,0.9654717000000002,0.0,0.0,0.0,,0.0,0.0,2.293547,20.996338,12.221333406168249,2.162584482867803,1.2151093152826768,1.0513149740176702,0.3482630507724246,1214.60002325959
SCHOOL_55,0,0,0,0,0,0,0,0,0,0,1,12000000.0,7.511644099999997,1.0202097999999995,0.0,0.0,0.0,,0.0,0.0,23.266546,170.173401,103.57726090180718,17.796655218216205,11.81396279392141,0.9081167816594452,3.0366043784257393,12000.0002298
SCHOOL_56,0,0,0,0,0,0,0,0,0,0,1,12000000.0,7.515807199999999,1.0394005000000004,0.0,0.0,0.0,,0.0,0.0,23.300412,170.162682,103.5780925856261,17.796687198555862,11.815303549008682,0.9081094354875158,3.0398616508495957,12000.0002298
SCHOOL_57,0,0,0,0,0,0,0,0,0,0,1,12000000.0,7.755369100000001,1.394143,0.0,0.0,0.0,,0.0,0.0,75.835447,58.828847,86.1246802273999,10.07684529461377,8.157994919613705,0.7023514983418644,3.698521187672683,12000.0002298
SCHOOL_58,0,0,0,0,0,0,0,0,0,0,1,12000000.0,7.953028400000001,1.2623133000000006,0.0,0.0,0.0,,0.0,0.0,39.808527,75.582695,69.37131636833101,9.56521807360541,9.042577549810948,0.5949210687639862,2.7150392298995727,12000.0002298
SCHOOL_59,0,0,0,0,0,0,0,0,0,0,2,24000000.0,8.00368940018529,1.0388450505119935,0.0,0.0,0.0,,0.0,0.0,104.449145,136.149645,147.71479291087496,19.099229527433916,17.82533082316156,0.6243176960113472,5.684959967530684,24000.0004596
SCHOOL_60,0,0,0,0,0,0,0,0,0,0,1,725800.0,8.0272296,1.0344020000000007,0.0,0.0,0.0,,0.0,0.0,3.158756,4.117384,4.467188866137004,0.5775939618672601,0.5390717777385569,0.6243210760677695,0.1719461952948158,725.80001389907
SCHOOL_61,0,0,0,0,0,0,0,0,0,0,1,1511200.0,8.069052999999998,1.0222247,0.0,0.0,0.0,,0.0,0.0,5.758329,8.730005,8.863050399890065,1.1722748097114004,1.119719078104145,0.5992781836591006,0.3388148606206171,1511.2000289394798
SCHOOL_62,0,0,0,0,0,0,0,0,0,0,1,1306300.0,8.083591799999999,1.0491678,0.0,0.0,0.0,,0.0,0.0,4.983096,7.542021,7.661421508634088,1.0132972827671562,0.9676494922277812,0.5992649493470069,0.2928920568376296,1306.3000250156447
SCHOOL_63,0,0,0,0,0,0,0,0,0,0,1,1357000.0,8.0856266,1.1287169,0.0,0.0,0.0,,0.0,0.0,3.459052,9.540618,7.582025456961817,1.1171011317804094,1.1400909408762274,0.5892888357383907,0.2885541349171084,1357.00002598655
SCHOOL_64,0,0,0,0,0,0,0,0,0,0,1,7568800.0,8.088104800000002,1.138613199999999,0.0,0.0,0.0,,0.0,0.0,19.294274,53.21241,42.28938685278965,6.230732610713203,6.358925563286979,0.5892868087166115,1.6094706343838283,7568.80014494252
SCHOOL_65,0,0,0,0,0,0,0,0,0,0,1,12000000.0,8.1220838,0.9735683000000002,0.0,0.0,0.0,,0.0,0.0,41.066771,81.029865,73.11600223068457,10.172212499963324,9.26667677093757,0.6274370395400473,2.6306306177532854,12000.0002298
SCHOOL_66,0,0,0,0,0,0,0,0,0,0,1,3752300.0,8.1622016,1.0519306,0.0,0.0,0.0,,0.0,0.0,14.087291,21.752733,22.07559732519948,2.904247768324901,2.8516795819603713,0.6025736150287139,0.8272110876504772,3752.300071856546
SCHOOL_67,0,0,0,0,0,0,0,0,0,0,1,840000.0,8.16417,1.0373603000000005,0.0,0.0,0.0,,0.0,0.0,3.236145,5.008764,5.05986259971032,0.6683005588490656,0.6253771423750187,0.61437507168187,0.1898849026397154,840.0000160860001
SCHOOL_68,0,0,0,0,0,0,0,0,0,0,1,9214600.0,8.168375,1.0392485999999996,0.0,0.0,0.0,,0.0,0.0,35.499867,54.945001,55.50527279383996,7.331116485425318,6.860639876155898,0.6143786545919089,2.082802663057109,9214.60017645959
SCHOOL_69,0,0,0,0,0,0,0,0,0,0,3,36000000.0,8.207572635691948,0.8950872783753677,0.0,0.0,0.0,,0.0,0.0,79.476972,530.234816,326.7688939379868,55.820434301705575,32.77862797756305,0.9435068822064372,9.697807623131323,36000.0006894
SCHOOL_70,0,0,0,0,0,0,0,0,0,0,1,12000000.0,8.2396252,1.1297498000000004,0.0,0.0,0.0,,0.0,0.0,33.037961,78.138565,66.1342089849539,9.4449002917358,9.951393738891694,0.5805172553916251,2.330784427608536,12000.0002298
SCHOOL_71,0,0,0,0,0,0,0,0,0,0,1,12000000.0,8.6625363,1.4656833000000005,0.0,0.0,0.0,,0.0,0.0,30.714239,259.923928,153.42197406070528,26.909376451675833,10.57087551031571,1.3011466046662354,4.421927040202662,12000.0002298
SCHOOL_72,0,0,0,0,0,0,0,0,0,0,4,3360000.0,8.941126136007922,1.4533038564923255,0.0,0.0,0.0,,0.0,0.0,11.167987,22.972887,20.415418609578257,2.8570388931633826,2.583710475807413,0.6261282861699211,0.7298946711933162,3360.0000643440003
SCHOOL_73,0,0,0,0,0,0,0,0,0,0,1,12000000.0,8.9447119,1.5202557,0.0,0.0,0.0,,0.0,0.0,25.431374,169.508559,104.55051797594604,17.850852014357613,11.067911919747193,0.9096219521455922,3.1022863779356125,12000.0002298
SCHOOL_74,0,0,0,0,0,0,0,0,0,0,1,12000000.0,8.951058800000002,1.1839667000000005,0.0,0.0,0.0,,0.0,0.0,34.720454,80.417146,68.22516306597034,9.75387010085569,9.671714676053234,0.5949497193794662,2.3825688755342744,12000.0002298
SCHOOL_75,0,0,0,0,0,0,0,0,0,0,2,17798400.0,8.957309579000801,1.4264304620039812,0.0,0.0,0.0,,0.0,0.0,55.037251,119.719076,103.34387470096613,14.709610055540695,14.188790843116715,0.6049611899542601,3.6443523594002216,17798.40034083936
SCHOOL_76,0,0,0,0,0,0,0,0,0,0,2,18643400.0,8.56430109950142,0.9583089600042924,0.0,0.0,0.0,,0.0,0.0,62.288626,112.439755,105.4410075986685,14.40908000931428,14.289955186131287,0.5849573491249955,3.890922961987658,18643.400357021113
SCHOOL_77,0,0,0,0,0,0,0,0,0,0,2,24000000.0,8.604435182562982,1.002773402057595,0.0,0.0,0.0,,0.0,0.0,99.609376,113.303469,133.39103690249405,16.689819741477326,17.346457618995824,0.5654572108475194,5.344687505160191,24000.0004596
SCHOOL_78,0,0,0,0,0,0,0,0,0,0,2,24000000.0,8.614123652023284,1.0076910549678155,0.0,0.0,0.0,,0.0,0.0,99.609416,113.303487,133.3910223587631,16.68990313740052,17.346477038324032,0.5654573320757936,5.34474102781417,24000.0004596
SCHOOL_79,0,0,0,0,0,0,0,0,0,0,1,12000000.0,8.9639651,0.6018823000000001,0.0,0.0,0.0,,0.0,0.0,56.872383,76.154018,81.87435711837963,10.595133461405805,8.890809874715128,0.6853283753771462,3.1390547599771623,12000.0002298
SCHOOL_80,0,0,0,0,0,0,0,0,0,0,1,1508800.0,8.976541599999997,1.1268348999999993,0.0,0.0,0.0,,0.0,0.0,4.286738,10.28242,8.659437973345227,1.238517023754076,1.2305214996136578,0.6008288091199271,0.3014823534204448,1508.8000288935202
SCHOOL_81,0,0,0,0,0,0,0,0,0,0,1,11783900.0,8.997332099999998,1.1498984000000008,0.0,0.0,0.0,,0.0,0.0,33.481583,80.308409,67.6332326501437,9.673176994458904,9.615390295663296,0.6008762125988166,2.355069907560755,11783.900225661686
SCHOOL_82,0,0,0,0,0,0,0,0,0,0,1,12000000.0,9.16378296,0.7489694080000004,0.0,0.0,0.0,,0.0,0.0,61.743204,65.413215,80.59458492726905,9.955941358511351,8.677589112577248,0.6688940980105323,3.362229926807383,12000.0002298
SCHOOL_83,0,0,0,0,0,0,0,0,0,0,2,8970400.0,9.184288400999966,0.7599032350000898,0.0,0.0,0.0,,0.0,0.0,40.519583,54.016585,58.569966347576496,7.526676690657113,6.583321889388072,0.6571670504213906,2.2734143580627104,8970.400171783158
SCHOOL_84,0,0,0,0,0,0,0,0,0,0,2,14754000.0,9.221380428000042,0.5547648115000265,0.0,0.0,0.0,,0.0,0.0,40.409433,373.945478,216.4078613822406,38.61006055581216,12.77102092795558,1.4828138517525165,6.4994827851119,14754.000282539102
SCHOOL_85,0,0,0,0,0,0,0,0,0,0,4,17524400.0,9.298355875744882,0.5695692402349953,0.0,0.0,0.0,,0.0,0.0,52.50311,115.407186,99.15140169744654,14.114370838047504,14.706889561588454,0.5942227507273035,3.6020101370096507,17524.400335592258
SCHOOL_86,0,0,0,0,0,0,0,0,0,0,3,11369099.999999998,8.993095182036827,1.415585079355799,0.0,0.0,0.0,,0.0,0.0,35.158314,76.465237,66.01211837659696,9.395925644653769,9.059765604569682,0.6049290522655375,2.327562176154955,11369.100217718262
SCHOOL_87,0,0,0,0,0,0,0,0,0,0,1,12000000.0,9.008063700000005,1.1157285000000003,0.0,0.0,0.0,,0.0,0.0,48.864017,82.104699,79.73698446561548,10.891955688175983,9.131893542601594,0.669221775832636,3.847985447537997,12000.0002298
SCHOOL_88,0,0,0,0,0,0,0,0,0,0,2,17349100.0,9.010531299999997,1.1148949999999993,0.0,0.0,0.0,,0.0,0.0,70.739825,118.596061,115.2831650345147,15.746992942720546,13.202927007570866,0.6692261241193584,5.565384363979777,17349.100332235266
SCHOOL_89,0,0,0,0,0,0,0,0,0,0,1,745200.0,9.0091216,1.4142853000000004,0.0,0.0,0.0,,0.0,0.0,3.107277,3.603398,4.183892734479849,0.5247981680284781,0.5399791705554924,0.5712176809269087,0.164735346633773,745.2000142705799
SCHOOL_90,0,0,0,0,0,0,0,0,0,0,1,2031800.0,9.0185501,1.1288452000000009,0.0,0.0,0.0,,0.0,0.0,8.287257,13.885945,13.501081618829142,1.8443469410514663,1.546099195603076,0.6692130434582059,0.6520959033004591,2031.80003890897
SCHOOL_91,0,0,0,0,0,0,0,0,0,0,1,12000000.0,9.0294149,1.106275,0.0,0.0,0.0,,0.0,0.0,48.895605,82.069222,79.7382596999347,10.892306056119596,9.132713626265934,0.6692293152751209,3.84935058075599,12000.0002298
SCHOOL_92,0,0,0,0,0,0,0,0,0,0,1,11231400.0,9.035643576,0.4860791349999996,0.0,0.0,0.0,,0.0,0.0,50.131059,66.67138,72.21688960505489,9.316061971510509,8.390110818583564,0.6494894904584346,2.8003273620974847,11231.40021508131
SCHOOL_93,0,0,0,0,0,0,0,0,0,0,1,12000000.0,9.0699915,1.1354895999999997,0.0,0.0,0.0,,0.0,0.0,44.791134,75.890734,72.86381159318287,9.885683808903927,9.359475341898898,0.623987354093778,2.6791186924163903,12000.0002298
SCHOOL_94,0,0,0,0,0,0,0,0,0,0,1,12000000.0,9.105176699999998,1.1433279000000005,0.0,0.0,0.0,,0.0,0.0,57.594125,66.718025,76.93795809160763,9.722204636753048,8.909445855253546,0.6457122031881066,3.0261517007898115,12000.0002298
SCHOOL_95,0,0,0,0,0,0,0,0,0,0,1,12000000.0,9.053452685,1.4198744510000003,0.0,0.0,0.0,,0.0,0.0,51.911751,60.632156,70.08277734996919,8.81110541444872,8.709361788995102,0.5920365030351841,2.7525876799920823,12000.0002298
SCHOOL_96,0,0,0,0,0,0,0,0,0,0,1,12000000.0,9.573556600000002,1.1735362,0.0,0.0,0.0,,0.0,0.0,52.631836,65.563083,73.43251722187308,9.329420923450352,8.774178044924321,0.6188155467176788,2.8474874430440926,12000.0002298
SCHOOL_97,0,0,0,0,0,0,0,0,0,0,2,4727600.0,9.5860207502015,1.1975872501563445,0.0,0.0,0.0,,0.0,0.0,20.735336,25.830169,28.930298788446184,3.6755345001140367,3.457333164888081,0.6188308369806699,1.12193967607785,4727.6000905335395
SCHOOL_98,0,0,0,0,0,0,0,0,0,0,1,12000000.0,9.586953099999995,1.200935,0.0,0.0,0.0,,0.0,0.0,18.735264,207.454341,118.18746861797524,21.14738735053395,12.903587117286316,1.039193469896395,3.30126085593817,12000.0002298
SCHOOL_99,0,0,0,0,0,0,0,0,0,0,1,7574000.0,9.603700000000002,1.1939016999999996,0.0,0.0,0.0,,0.0,0.0,13.287885,130.929231,75.42016984972234,13.431705723085402,7.782725301700839,1.044748063445543,2.1279542070848447,7574.0001450421005
SCHOOL_100,0,0,0,0,0,0,0,0,0,0,1,12000000.0,9.617645499999998,1.24795,0.0,0.0,0.0,,0.0,0.0,22.1821,174.509787,105.16419090051436,18.151267273306367,12.02577916407072,0.9230160683974789,3.05459739806646,12000.0002298
SCHOOL_101,0,0,0,0,0,0,0,0,0,0,1,12000000.0,10.805091600000004,0.0909159000000005,0.0,0.0,0.0,,0.0,0.0,41.446688,66.760346,67.03221703913609,8.812014225967989,8.844651470764646,0.5733719689039104,2.513226429399041,12000.0002298
SCHOOL_102,0,0,0,0,0,0,0,0,0,0,1,12000000.0,10.0506547,0.9168730000000004,0.0,0.0,0.0,,0.0,0.0,35.087046,75.494759,66.37273459182187,9.297920719445091,9.425490052129138,0.5773449557069444,2.3510806872420793,12000.0002298
SCHOOL_103,0,0,0,0,0,0,0,0,0,0,3,36000000.0,10.120497800002134,1.0864933386775089,0.0,0.0,0.0,,0.0,0.0,199.469736,178.975158,238.56957878458772,30.179280984573197,26.20928748499375,0.6554931661956056,13.122354481608864,36000.0006894
SCHOOL_104,0,0,0,0,0,0,0,0,0,0,1,12000000.0,10.178220499999998,0.3958565000000006,0.0,0.0,0.0,,0.0,0.0,21.961497,382.182851,205.2475341650998,38.25558232969976,11.979610193988858,1.7442219113712032,5.500885781818163,12000.0002298
SCHOOL_105,0,0,0,0,0,0,0,0,0,0,2,11075800.0,10.29032515039557,0.4485045482365607,0.0,0.0,0.0,,0.0,0.0,20.182683,352.777214,189.3204027673134,35.30402970856575,11.038874529758791,1.7431307163809444,5.078579611862096,11075.80021210157
SCHOOL_106,0,0,0,0,0,0,0,0,0,0,2,24000000.0,10.291652900363,0.462084250994553,0.0,0.0,0.0,,0.0,0.0,139.778836,95.969741,152.73061821179337,17.208411204624245,16.157851827366734,0.6263004482666586,6.574151942122306,24000.0004596
SCHOOL_107,0,0,0,0,0,0,0,0,0,0,1,12000000.0,10.346456000000002,0.4386726000000001,0.0,0.0,0.0,,0.0,0.0,51.196239,75.095617,77.20439980356628,10.171008750864443,8.663095194318448,0.6497787493222119,2.912229575240927,12000.0002298
SCHOOL_108,0,0,0,0,0,0,0,0,0,0,2,19534800.0,10.352588100121276,0.441119100305157,0.0,0.0,0.0,,0.0,0.0,90.613257,133.776508,134.1270049663385,19.29590525281986,15.271897551920162,0.6894465110117516,7.839637260790943,19534.80037409142
SCHOOL_109,0,0,0,0,0,0,0,0,0,0,1,2450900.0,10.352735,0.4636212000000003,0.0,0.0,0.0,,0.0,0.0,11.088319,14.974928,15.947920115137658,2.078056979533704,1.8348360747958556,0.6576187889147918,0.6110547839067172,2450.900046934735
SCHOOL_110,0,0,0,0,0,0,0,0,0,0,1,12000000.0,10.794346100000002,0.4458912,0.0,0.0,0.0,,0.0,0.0,37.042145,76.460204,68.0128372428905,9.492103596211985,9.107110120045377,0.5869540334786966,2.4898134960103113,12000.0002298
SCHOOL_111,0,0,0,0,0,0,0,0,0,0,1,12000000.0,10.888901300000002,0.4005375000000004,0.0,0.0,0.0,,0.0,0.0,35.403967,69.832411,63.20471537054859,8.767347403494725,9.27262096188013,0.5509937791181537,2.276269032336284,12000.0002298
SCHOOL_112,0,0,0,0,0,0,0,0,0,0,2,15447200.0,10.910166350881802,0.210904549291042,0.0,0.0,0.0,,0.0,0.0,26.867508,492.052296,263.4488215542286,49.16484817743817,15.966680396375692,1.7427717565367409,7.054599610689047,15447.20029581388
SCHOOL_113,0,0,0,0,0,0,0,0,0,0,1,12000000.0,10.938658099999998,0.2251679,0.0,0.0,0.0,,0.0,0.0,20.872283,382.229345,204.6624905288278,38.19311698481177,12.39822535261363,1.742737340480196,5.484760622416587,12000.0002298
SCHOOL_114,0,0,0,0,0,0,0,0,0,0,1,4688000.0,10.9509988,0.2188324000000006,0.0,0.0,0.0,,0.0,0.0,19.656423,24.915204,27.798182445060185,3.525842459949597,3.361306494666463,0.6002448771250339,1.0774184834465117,4688.0000897752
SCHOOL_115,0,0,0,0,0,0,0,0,0,0,1,12000000.0,10.9640399,0.1874660000000006,0.0,0.0,0.0,,0.0,0.0,46.884379,60.251389,66.7813091949572,8.489588770422952,8.714269270883486,0.5680219317556019,2.5762781206747465,12000.0002298
SCHOOL_116,0,0,0,0,0,0,0,0,0,0,1,12000000.0,10.9323628,0.3959801999999991,0.0,0.0,0.0,,0.0,0.0,51.38853,93.375813,88.91175284752414,11.93703427427984,9.047415137729804,0.7437017813014495,3.3088814814245153,12000.0002298
SCHOOL_117,0,0,0,0,0,0,0,0,0,0,1,12000000.0,10.9425141,0.3689275000000002,0.0,0.0,0.0,,0.0,0.0,51.389844,93.375089,88.91157141439764,11.937043175075535,9.04093311114023,0.7436569458074448,3.308652744388487,12000.0002298
SCHOOL_118,0,0,0,0,0,0,0,0,0,0,1,12000000.0,10.977432099999998,0.2083948000000006,0.0,0.0,0.0,,0.0,0.0,50.314428,63.777211,71.15680815740174,9.025261476510996,8.605071559388904,0.6002548960467137,2.758624438104491,12000.0002298
SCHOOL_119,0,0,0,0,0,0,0,0,0,0,1,12000000.0,10.9850963,0.2276900000000004,0.0,0.0,0.0,,0.0,0.0,50.314586,63.77632,71.15586170603943,9.025182708109764,8.602505233156453,0.6002352869162312,2.757843272200984,12000.0002298
SPARSE_1,0,14,83,0,0,0,0,0,0,0,0,0.0,11.12916695815,-0.0958340529499743,0.0,484.5466918945313,484.5466918945313,OM,-0.3470000028610229,0.1751370840491474,25.305092,97.852271,93.50877555899834,15.52579951679151,15.02059154233237,1.3453514033689042,0.0260235888238013,9821.71766254153
SPARSE_2,0,147,122,0,0,0,0,0,0,0,0,0.0,11.118750291525,-0.0687507197249743,0.0,1343.3062744140625,335.8265686035156,OM,-0.5540000200271606,0.1569777285198865,33.306346,222.946925,184.01530342375705,33.40939693977804,32.30695765127533,1.2770851583757885,0.0486332854394285,20829.008529758547
SPARSE_3,0,50,102,0,0,0,0,0,0,0,0,0.0,11.11250029155,-0.1333340527999743,0.0,759.922119140625,379.9610595703125,OM,-0.4569999873638153,0.1751370840491474,15.292381,61.569335,57.72044026398265,9.718181063392365,21.612845087590184,0.6909496958743344,0.015936264238183,13728.287249466035
SPARSE_4,8,190,75,0,0,0,0,0,0,0,0,0.0,11.10416695825,-0.1020840529249743,0.0,1365.8978271484375,341.4744567871094,OM,-0.7739999890327454,0.4026286705928697,30.496784,69.54935,79.17028546712275,12.04300742048143,28.04483544645922,0.6994949011613726,0.0250091010733064,18159.830526024194
SPARSE_5,0,9,79,0,0,0,0,0,0,0,0,0.0,11.11250029155,-0.0125007199499743,0.0,435.80950927734375,435.80950927734375,OM,-0.3319999873638153,0.1569777285198865,26.054723,86.832691,87.28675224278021,14.067132641317473,13.897766602395022,1.3446025438232618,0.0257504205482971,9129.68142184703
SPARSE_6,0,0,88,28,0,0,0,0,0,0,0,0.0,11.10416695825,0.0374992798500257,0.0,585.5029296875,585.5029296875,OM,0.2599999904632568,0.2892269009062014,49.846646,336.456602,277.76389133139435,50.38910738093181,35.849607699880316,1.2123914257013948,0.072386215050281,31979.72336893477
SPARSE_7,0,6,907,203,0,0,0,0,0,0,0,0.0,11.083333625,0.0152770577166923,0.0,5578.115234375,929.6858520507812,OM,0.1990000009536743,0.2892269009062014,520.21271,1211.404415,1386.986838247359,208.80949376395856,302.04136578118033,0.7722815787651297,0.8261577573238393,261693.98216190166
SPARSE_8,0,2,69,30,0,0,0,0,0,0,0,0.0,11.09583362495,0.0791659463500256,0.0,503.26263427734375,503.26263427734375,OM,0.2560000121593475,0.3876970327750518,60.610549,136.496705,158.4079305599784,23.69045829476999,33.69376984441939,0.7274417187630017,0.1025103339625829,31588.611526674595
SPARSE_9,0,19,139,0,0,0,0,0,0,0,0,0.0,11.083333625,0.0999992796000256,0.0,787.041015625,393.5205078125,OM,-0.4169999957084656,0.0982323862429381,36.419179,96.940827,105.58018396156712,16.279894442334946,25.049710376516924,0.9640674614041786,0.0996930670317843,16223.626351802051
SPARSE_10,0,1,71,0,0,0,0,0,0,0,0,0.0,11.07916695835,0.1208326128500257,0.0,361.5426635742187,361.5426635742187,OM,-0.3179999887943268,0.0982323862429381,17.913294,47.578003,51.83244749291675,7.998668695407683,12.123943921372469,0.9765830472533454,0.0269364888179401,7846.735053703026
SPARSE_11,0,5,70,0,0,0,0,0,0,0,0,0.0,11.07916695835,0.1624992793500257,0.0,373.8521728515625,373.8521728515625,OM,-0.382999986410141,0.0982323862429381,18.159659,47.359627,51.90060011535047,7.989362762608738,12.271457119477398,0.9680214573681584,0.0238837561809497,7939.182040797525
SPARSE_12,0,8,285,0,0,0,0,0,0,0,0,0.0,11.056250291775,0.1874992792500256,0.0,1464.5296630859375,366.1324157714844,OM,-0.3420000076293945,0.0990353336665939,72.88816,190.221254,208.40854703990695,32.08740307164611,48.990821698144856,0.9726295705470568,0.0900811758356805,31698.997680697605
SPARSE_13,0,132,144,0,0,0,0,0,0,0,0,0.0,11.060416958425,0.2291659457500257,0.0,1379.3609619140625,344.8402404785156,OM,-0.5299999713897705,0.0990353336665939,59.733513,200.211336,200.4775983103524,32.89412092610356,34.39015843855286,1.266417017544763,0.464392024266491,22486.277947122053
SPARSE_14,0,23,77,0,0,0,0,0,0,0,0,0.0,11.05416695845,0.0291659465500256,0.0,497.35205078125,497.35205078125,OM,-0.4079999923706054,0.1709999999783892,21.032551,56.500334,61.38859897220501,9.46282695860489,14.86628056612102,0.948586107697162,0.0809904280096562,9617.953735771029
SPARSE_15,0,100,770,0,0,0,0,0,0,0,0,0.0,11.03916695851,0.0574992797700256,0.0,4348.70703125,434.8706970214844,OM,-0.3300000131130218,0.1709999999783892,199.945457,535.851357,582.5477332910555,89.80189532424716,138.30859669990733,0.9629431771246392,0.7422593192195329,89606.33999678529
SPARSE_16,0,6,125,0,0,0,0,0,0,0,0,0.0,11.05416695845,0.1291659461500257,0.0,654.6537475585938,654.6537475585938,OM,-0.363999992609024,0.0982323862429381,31.938892,84.549074,92.20832667107422,14.222999634456515,21.67288066512226,0.9724912413905824,0.044057372412952,14029.033264172545
SPARSE_17,0,2,63,0,0,0,0,0,0,0,0,0.0,11.04583362515,0.3208326120500257,0.0,323.013671875,323.013671875,OM,-0.2380000054836273,0.1561068035126865,15.97401,42.504452,46.29000265079966,7.13964438786907,10.855540516704025,0.9752621028317976,0.0329503065213594,7018.856195161523
SPARSE_18,0,29,31,0,0,0,0,0,0,0,0,0.0,11.03750029185,0.1624992793500257,0.0,302.2789306640625,302.2789306640625,OM,-0.531000018119812,0.0982323862429381,10.806045,20.027576,24.912792796737182,3.631007628002952,7.471863839992639,0.7876539516401841,0.0083330017738373,4870.291063313011
SPARSE_19,0,25,52,0,0,0,0,0,0,0,0,0.0,11.03750029185,0.2291659457500257,0.0,388.9106750488281,388.9106750488281,OM,-0.4900000095367431,0.0990353336665939,19.054682,63.980007,64.13505432114944,10.3601753925051,10.625079476632262,1.2999270807517227,0.0264321950251879,6973.948864128519
SPARSE_20,0,119,515,3,0,0,0,0,0,0,0,0.0,11.01250029195,0.1927076125625257,0.0,3187.893310546875,398.4866638183594,OM,-0.2790000140666961,0.2887767184607549,155.144269,275.349238,348.78537415779,50.45065578408564,97.98115447206388,0.8152865151746368,0.1190985825611546,64957.7944162742
SPARSE_21,5,658,760,9,0,0,0,0,0,0,0,0.0,10.99583362535,0.1083326129000257,0.0,7163.078125,397.94879150390625,OM,-0.4990000128746032,0.3876970327750518,257.13719,492.558502,604.7891812808303,88.60707478703381,185.99028648229975,0.7547977796124783,0.1969835903864062,124094.16087490646
SPARSE_22,0,0,35,35,0,0,0,0,0,0,0,0.0,11.02083362525,0.1208326128500257,0.0,355.57025146484375,355.57025146484375,OM,0.4639999866485595,0.3876970327750518,58.704948,128.350138,150.78428749470146,22.4138717541135,31.579591289787267,0.6870866852893494,0.0819617239186091,31739.261256505928
SPARSE_23,0,141,264,0,0,0,0,0,0,0,0,0.0,11.01750029193,0.2358326123900256,0.0,2022.991455078125,404.5982971191406,OM,-0.4650000035762787,0.1796051070799302,98.260709,329.978327,330.67854098923425,53.54905387057765,55.05367740362983,1.2950855096017813,0.2227729330967542,36117.9741841846
SPARSE_24,0,52,173,8,0,0,0,0,0,0,0,0.0,11.00416695865,0.1708326126500257,0.0,1164.09619140625,388.0320739746094,OM,-0.238999992609024,0.3876970327750518,64.200318,105.129689,138.0778389613381,19.66278937205093,38.76999152550604,0.7474695041226876,0.0477510643633157,28001.831731828912
SPARSE_25,0,0,1308,6,0,0,0,0,0,0,0,0.0,10.98489612539375,0.3015617787937757,0.0,6574.4365234375,410.90228271484375,OM,0.0579999983310699,0.1561068035126865,208.065389,688.293371,681.7943984818278,111.62983297986872,229.24288029257053,0.7339964525862311,0.198017244662986,148407.43790834252
SPARSE_26,4,280,244,3,0,0,0,0,0,0,0,0.0,10.98750029205,0.2583326123000257,0.0,2652.880859375,442.1468200683594,OM,-0.5709999799728394,0.4026286705928697,77.059093,186.107949,202.271669627487,32.46999426637708,65.7839021000831,0.7308006944651425,2.1327788957031864,43499.95506285942
SPARSE_27,4,283,86,0,0,0,0,0,0,0,0,0.0,10.99583362535,0.3324992786700257,0.0,1865.088623046875,373.0177307128906,OM,-0.7799999713897705,0.3319944609654297,43.236824,94.625423,107.54639400064684,16.924937049011984,36.9413553124498,0.71714674200144,0.4548166290432667,23911.32401872386
SPARSE_28,0,26,51,0,0,0,0,0,0,0,0,0.0,11.00416695865,0.3791659451500258,0.0,388.2981872558594,388.2981872558594,OM,-0.395000010728836,0.3319944609654297,16.055069,29.326342,36.39302535758653,5.33541805213234,10.604660866510663,0.8061274875417027,0.0118612045237843,6914.706681355518
SPARSE_29,0,13,456,0,0,0,0,0,0,0,0,0.0,10.99083362537,0.4324992782700257,0.0,2349.043701171875,469.8087463378906,OM,-0.1949999928474426,0.1786141065662104,115.050214,307.478426,334.3729898105861,51.61126415187388,78.46183048781434,0.974913971563588,0.231316371864003,50728.50890044066
SPARSE_30,0,14,135,0,0,0,0,0,0,0,0,0.0,11.000000292,0.4916659447000258,0.0,745.7014770507812,372.8507385253906,OM,-0.2249999940395355,0.2328032206974492,44.04698,147.774813,148.21871088523878,23.916819635859618,23.68564956388373,1.3429153242521754,0.0426282966068162,15531.590111107551
SPARSE_31,0,241,44,0,0,0,0,0,0,0,0,0.0,10.9833336254,0.2291659457500257,0.0,1424.4771728515625,356.1192932128906,OM,-0.718999981880188,0.1796051070799302,43.078266,63.023927,84.41833666507401,13.589689127920916,26.320615343581355,0.7680090887804286,1.6544606328081828,17017.12717942452
SPARSE_32,7,145,146,7,0,0,0,0,0,0,0,0.0,10.981250292075,0.0520826131250257,0.0,1526.5125732421875,381.6281433105469,OM,-0.5329999923706055,0.501338701792116,59.75301,148.914766,165.99139465837425,25.332924616088626,41.57279223533075,0.8487584520816165,0.1052278573888527,29220.19844898907
SPARSE_33,0,32,46,0,0,0,0,0,0,0,0,0.0,10.98750029205,0.4124992783500257,0.0,387.991455078125,387.991455078125,OM,-0.4959999918937683,0.1786141065662104,14.374325,37.102892,40.80525237242473,6.276124570628463,10.31060310149872,0.9165171301704208,0.0192262320288136,6669.058824113017
SPARSE_34,0,109,227,0,0,0,0,0,0,0,0,0.0,10.96916695879,0.1741659459700257,0.0,1683.90283203125,336.78057861328125,OM,-0.449999988079071,0.1877984744177249,76.799092,127.632966,166.26563979111276,23.779387025584104,46.49449543459748,0.8277440648357718,0.056046526739242,30437.16251463108
SPARSE_35,0,7,60,1,0,0,0,0,0,0,0,0.0,10.97916695875,0.1874992792500256,0.0,339.3413391113281,339.3413391113281,OM,-0.1749999970197677,0.2887767184607549,19.798863,31.998444,42.22581157980694,6.005488944632978,11.299379186082067,0.8192892855419008,0.0139905709369766,7739.28655659219
SPARSE_36,0,62,22,0,0,0,0,0,0,0,0,0.0,10.97916695875,0.2041659458500257,0.0,418.87896728515625,418.87896728515625,OM,-0.718999981880188,0.2887767184607549,12.573656,21.455642,26.72424166149421,4.353755335234038,8.596401241057544,0.7530770228795823,0.4386600167601822,5550.624777296008
SPARSE_37,0,49,337,0,0,0,0,0,0,0,0,0.0,10.973611403216667,0.5069437224166924,0.0,1930.9896240234375,643.6632080078125,OM,-0.2689999938011169,0.2328032206974492,91.250904,233.990555,257.7802349967337,39.639566700475626,61.07791731973363,0.9670301053325578,0.1214778719129384,39481.95545078612
SPARSE_38,0,14,111,5,0,0,0,0,0,0,0,0.0,10.9666669588,0.3416659453000257,0.0,646.9423828125,323.47119140625,OM,-0.1190000027418136,0.3319944609654297,22.959986,67.855195,69.57027106194481,11.20239344757123,23.77550462231399,0.65966333743064,0.0203615412401598,16881.418348138886
SPARSE_39,0,36,98,0,0,0,0,0,0,0,0,0.0,10.9666669588,0.3666659452000257,0.0,672.9254150390625,336.46270751953125,OM,-0.4250000119209289,0.1786141065662104,12.696796,127.71775,98.01931378519276,18.625880170433145,19.924614647122297,1.1562621998399345,0.0239961145228161,12581.183499169036
SPARSE_40,0,38,23,0,0,0,0,0,0,0,0,0.0,10.97083362545,0.4624992781500258,0.0,305.79437255859375,305.79437255859375,OM,-0.5889999866485596,0.1786141065662104,11.310309,38.195916,38.20737046475355,6.182820910096015,6.809426937660194,1.2262231769082566,0.0162253639632874,4446.916657751509
SPARSE_41,0,11,93,41,1,0,0,0,0,0,0,0.0,10.96250029215,0.0916659463000257,0.0,728.2689819335938,364.1344909667969,OM,0.1759999990463256,0.501338701792116,86.282368,191.24101,223.11362692438817,33.34838118287556,47.782771569860714,0.723208486844502,0.1136274567497521,44801.94124021422
SPARSE_42,0,59,1720,0,0,0,0,0,0,0,0,0.0,10.931944736716666,0.2807532471309781,0.0,8896.814453125,423.6578369140625,OM,-0.1930000036954879,0.1864197812333558,240.159354,907.801628,864.7113635205766,144.47015308252816,301.57273745414375,0.7277505172468967,0.2426055892941213,191848.23210098813
SPARSE_43,0,5,161,1,0,0,0,0,0,0,0,0.0,10.9583336255,0.3999992784000257,0.0,832.8973388671875,416.44866943359375,OM,-0.1140000000596046,0.2194497497385436,19.104142,184.590671,142.87817866644963,27.002563105505324,29.202580056151476,1.1324824984411312,2.915349551365036e-05,18728.48962229273
SPARSE_44,1,207,296,2,0,0,0,0,0,0,0,0.0,10.947024101735714,0.4232135640214544,0.0,2526.83349609375,360.9762268066406,OM,-0.4550000131130218,0.3521368108076982,72.240425,187.360998,200.48849600895295,31.643908670222167,68.0983789593513,0.7169769739585893,0.061391677732026,44602.64727657078
SPARSE_45,0,119,54,0,0,0,0,0,0,0,0,0.0,10.95416695885,0.0083326133000256,0.0,864.528076171875,432.2640380859375,OM,-0.6320000290870667,0.1960934032210641,30.092238,100.363744,100.43781185046768,16.91918158321544,18.363749416634935,1.205140704004663,0.582421775364033,11946.486665434517
SPARSE_46,0,8,157,0,0,0,0,0,0,0,0,0.0,10.9500002922,0.1083326129000257,0.0,821.6845703125,410.84228515625,OM,-0.2060000002384185,0.1960934032210641,39.91653,79.149991,95.30992299443432,14.125065475355544,27.142871911025257,0.8244844570273113,0.0320789196628662,17643.927038073558
SPARSE_47,0,18,43,0,0,0,0,0,0,0,0,0.0,10.95416695885,0.1291659461500257,0.0,307.5445251464844,307.5445251464844,OM,-0.4370000064373016,0.1877984744177249,12.159373,24.093197,29.172673285515575,4.300394164994849,8.65474410707899,0.7967319748886905,0.0108559367493627,5631.7603132115155
SPARSE_48,0,23,48,0,0,0,0,0,0,0,0,0.0,10.95416695885,0.1624992793500257,0.0,355.8311767578125,355.8311767578125,OM,-0.449999988079071,0.1877984744177249,16.234633,26.980998,35.1477914014601,5.026856157011818,9.827399661087798,0.8278044883461768,0.0121188018361598,6433.601793301517
SPARSE_49,0,257,78,0,0,0,0,0,0,0,0,0.0,10.94583362555,0.0416659465000257,0.0,1674.152099609375,418.53802490234375,OM,-0.6779999732971191,0.1960934032210641,41.090688,105.737399,116.49493175491138,17.880814961716112,33.365985857013975,0.8285257477673909,0.0755247650410507,21559.514224831528
SPARSE_50,5,74,72,5,0,0,0,0,0,0,0,0.0,10.9416669589,0.1833326126000257,0.0,782.0621948242188,391.0310974121094,OM,-0.5479999780654907,0.5402740725097521,34.110809,57.642768,74.70341240870161,10.693322950483962,21.72967666118579,0.7207293605374415,0.0270636796632949,15831.207917243537
SPARSE_51,0,25,1594,14,0,0,0,0,0,0,0,0.0,10.917763450223685,0.3721484013184467,0.0,8166.53857421875,429.81781005859375,OM,-0.061999998986721,0.2194497497385436,420.535954,1110.958591,1213.007496562399,186.92165682816727,282.85436940747655,0.9559569881247676,0.771371089351607,187452.05916305544
SPARSE_52,0,13,55,0,0,0,0,0,0,0,0,0.0,10.93750029225,0.0124992799500256,0.0,341.8391418457031,341.8391418457031,OM,-0.3680000007152557,0.1960934032210641,14.722382,39.593899,42.9867281781344,6.6340707460742685,10.345812540313249,0.9533320381187244,0.0427735478128059,6696.607902845021
SPARSE_53,18,117,55,2,0,0,0,0,0,0,0,0.0,10.93750029225,0.2249992791000257,0.0,956.8348388671876,478.41741943359375,OM,-0.828000009059906,0.5402740725097521,12.348522,157.917582,117.71683031611352,22.75680492686535,21.518291630875986,1.2096937937581118,0.0339738924808038,14263.505214039356
SPARSE_54,0,21,61,0,0,0,0,0,0,0,0,0.0,10.93750029225,0.4874992780500257,0.0,410.1747131347656,410.1747131347656,OM,-0.3899999856948852,0.2194497497385436,17.335277,44.941648,49.36132508614342,7.587560339097876,12.000274149117308,0.946239078149106,0.0268191528243676,7759.943792198022
SPARSE_55,0,1,64,1,0,0,0,0,0,0,0,0.0,10.93750029225,0.5541659444500258,0.0,332.73602294921875,332.73602294921875,OM,-0.0529999993741512,0.2328032206974492,18.073047,45.735309,50.66026568532815,7.760071958041653,11.63862045689238,0.9474152988783684,0.0266175938181675,7875.129174439193
SPARSE_56,0,21,47,0,0,0,0,0,0,0,0,0.0,10.93750029225,0.6208326108500257,0.0,338.6976318359375,338.6976318359375,OM,-0.4429999887943268,0.1829505763729819,9.295248,27.510729,28.25066959055051,4.540012859766928,9.696043834700491,0.7272421952799936,0.0094724966581821,6222.670440661017
SPARSE_57,0,13,59,0,0,0,0,0,0,0,0,0.0,10.92916695895,0.0291659465500256,0.0,357.3725280761719,357.3725280761719,OM,-0.3549999892711639,0.1960934032210641,15.719266,42.28002,45.90107900066746,7.084026627303793,11.024277254204325,0.9549670400532726,0.0457135460618734,7135.828860427021
SPARSE_58,0,19,448,0,0,0,0,0,0,0,0,0.0,10.918452673278573,0.1232135652214542,0.0,2339.806640625,334.2580871582031,OM,-0.209999993443489,0.1877984744177249,113.564541,225.266846,271.2195832835049,40.197608714310654,77.15560705586144,0.8252253442407355,0.0881241108181967,50153.44532501167
SPARSE_59,0,7,210,0,0,0,0,0,0,0,0,0.0,10.92916695895,0.1541659460500257,0.0,1088.885009765625,362.961669921875,OM,-0.1930000036954879,0.1877984744177249,60.047026,103.690557,132.840916832673,19.12922980975907,35.84314930707592,0.8544042671729175,0.0451975575715971,23413.04166941257
SPARSE_60,119,958,542,20,0,0,0,0,0,0,0,0.0,10.91166695902,0.2024992791900257,0.0,8200.49609375,410.0248107910156,OM,-0.7540000081062317,0.5402740725097521,112.128497,1409.267837,1051.496429779831,203.2991275551492,192.75933791416625,1.198867564803619,0.2204052941435373,128616.63402147371
SPARSE_61,3,117,31,0,0,0,0,0,0,0,0,0.0,10.92916695895,0.4583326115000257,0.0,757.6661376953125,378.83306884765625,OM,-0.8240000009536743,0.3521368108076982,17.884302,45.662207,50.433801873073406,7.73548507229664,14.643640309694405,0.8215702976031777,0.0238778050289077,9438.88635100051
SPARSE_62,0,40,24,0,0,0,0,0,0,0,0,0.0,10.92916695895,0.5124992779500257,0.0,317.60821533203125,317.60821533203125,OM,-0.609000027179718,0.2328032206974492,9.533455,24.292716,26.84077363758504,4.116084269810362,7.214251619376061,0.8728263941698261,0.0106368861004325,4657.848010392008
SPARSE_63,0,14,64,0,0,0,0,0,0,0,0,0.0,10.92083362565,0.0041659466500257,0.0,390.6736450195313,390.6736450195313,OM,-0.3549999892711639,0.1960934032210641,17.0434,45.841163,49.76725124513215,7.680748533458623,11.9504049762069,0.9551130814537936,0.0495732739488725,7735.418114027023
SPARSE_64,0,57,33,0,0,0,0,0,0,0,0,0.0,10.92083362565,0.2624992789500257,0.0,450.3254089355469,450.3254089355469,OM,-0.6010000109672546,0.1864197812333558,13.49273,26.021096,30.766807725087265,4.9844337742226,10.074333521457843,0.7444865441143564,0.36350022853291,6505.667127534011
SPARSE_65,0,84,350,0,0,0,0,0,0,0,0,0.0,10.913889181233332,0.4805548336333591,0.0,2173.48291015625,362.2471618652344,OM,-0.3459999859333038,0.2194497497385436,96.536143,250.443612,275.0053419705822,42.27684186324406,66.00111245995059,0.9563870075047816,0.1500915774022526,42679.13054471513
SPARSE_66,0,61,71,0,0,0,0,0,0,0,0,0.0,10.9083336257,0.0749992797000257,0.0,656.9847412109375,328.49237060546875,OM,-0.5170000195503235,0.1960934032210641,22.869085,59.635189,65.37111377162267,10.061378071786352,16.822615456022742,0.9030317282268931,0.0291523877321908,10880.518451053025
SPARSE_67,0,1,139,2,0,0,0,0,0,0,0,0.0,10.9083336257,0.4041659450500257,0.0,709.8004150390625,354.90020751953125,OM,-0.025000000372529,0.2194497497385436,24.583218,75.604485,76.24309977200336,12.400971279088685,25.37514678091282,0.7183054899529878,0.0229842525578867,16907.552925606386
SPARSE_68,0,186,672,0,0,0,0,0,0,0,0,0.0,10.889773019713637,0.048105340413662,0.0,4290.236328125,390.021484375,OM,-0.3819999992847442,0.1960934032210641,81.983587,837.706993,642.7273201211883,122.15708692674792,131.71625611142653,1.148170105474284,0.0021464606132182,83193.84940556124
SPARSE_69,0,37,535,0,0,0,0,0,0,0,0,0.0,10.886309816264284,0.2660707075071686,0.0,2858.609619140625,408.372802734375,OM,-0.2520000040531158,0.1864197812333558,79.793589,284.353435,275.2936806096589,45.619841050348825,95.21506528424146,0.7312268270198454,0.0795608700630738,60616.6361716252
SPARSE_70,0,7,114,0,0,0,0,0,0,0,0,0.0,10.8916669591,0.3333326120000257,0.0,606.6932373046875,303.34661865234375,OM,-0.1700000017881393,0.230209322794921,14.960008,61.184676,57.19552730293954,9.638863377748644,20.30745611176071,0.7211190681569623,0.0164527642512292,12871.73868744454
SPARSE_71,0,10,54,0,0,0,0,0,0,0,0,0.0,10.88750029245,0.1458326127500256,0.0,319.3036804199219,319.3036804199219,OM,-0.3459999859333038,0.1877984744177249,14.769448,28.193075,34.644577523742015,5.07550723929326,9.874708453108251,0.8208822544888461,0.0112407086793083,6435.113493582019
SPARSE_72,0,0,128,6,0,0,0,0,0,0,0,0.0,10.8833336258,0.4041659450500257,0.0,671.05810546875,335.529052734375,OM,0.0879999995231628,0.2194497497385436,23.19823,76.803661,75.88250476853939,12.45486461546042,26.45408855638251,0.6490963698687117,0.0217257760265136,18837.255421652062
SPARSE_73,0,55,22,0,0,0,0,0,0,0,0,0.0,10.88750029245,0.6374992774500258,0.0,383.0032958984375,383.0032958984375,OM,-0.6389999985694885,0.1829505763729819,11.116394,20.589047,25.031740452963582,4.061258031000066,8.05724350410126,0.7533272755618617,0.4042047608873999,5196.683380938509
SPARSE_74,0,111,16,0,0,0,0,0,0,0,0,0.0,10.88750029245,0.6666659440000258,0.0,635.7747802734375,317.88739013671875,OM,-0.7429999709129333,0.1829505763729819,14.122891,33.370473,37.320552154963146,6.282260229995585,11.453937068759146,0.7880631939550388,0.5446710677391449,7369.383115425506
SPARSE_75,2,47,72,8,0,0,0,0,0,0,0,0.0,10.87916695915,0.1666659460000257,0.0,645.27685546875,322.638427734375,OM,-0.367000013589859,0.5402740725097521,31.843496,57.789762,69.81925104134662,11.476885787949117,21.984267583897232,0.6504205197827039,1.092452618110895,16738.051473042546
SPARSE_76,0,25,36,0,0,0,0,0,0,0,0,0.0,10.87083362585,-0.0041673866499742,0.0,305.9897766113281,305.9897766113281,OM,-0.4760000109672546,0.2561024327670044,6.22014,22.913121,21.958647611818176,3.6592677448176008,8.170651404749192,0.6898645026937554,0.0061581613908072,5217.0650338005125
SPARSE_77,0,25,39,0,0,0,0,0,0,0,0,0.0,10.87083362585,0.1374992794500257,0.0,320.00994873046875,320.00994873046875,OM,-0.4779999852180481,0.2226228064224251,12.280521,23.002909,28.485677642807108,4.159654738811852,8.510348423780517,0.7903392328150676,0.0093027117511238,5546.480751987014
SPARSE_78,0,25,46,1,0,0,0,0,0,0,0,0.0,10.87083362585,0.7374992770500257,0.0,363.0192260742187,363.0192260742187,OM,-0.3770000040531158,0.4038842662746966,8.983167,33.562917,31.873035409374864,5.378322545727291,10.636994178195076,0.7115143302501742,0.3892924868917933,7112.148224260186
SPARSE_79,0,63,106,0,0,0,0,0,0,0,0,0.0,10.8583336259,0.0583326131000256,0.0,845.9923095703125,422.99615478515625,OM,-0.4950000047683716,0.1267043805386527,18.358324,65.355973,63.17930928434037,10.487130385719214,23.20326277553579,0.6960121631386825,0.0180461672037932,14824.82794314054
SPARSE_80,0,2922,920,0,0,0,0,0,0,0,0,0.0,10.827833626022,0.0926659462960257,0.0,19208.693359375,384.1738586425781,OM,-0.625,0.1267043805386527,305.924169,1268.828033,1189.8743993969013,194.95256781426025,385.7220345492092,0.7517810371018493,15.120779300894936,248766.07169480532
SPARSE_81,0,5,157,10,0,0,0,0,0,0,0,0.0,10.8583336259,0.2666659456000257,0.0,857.8564453125,428.92822265625,OM,0.0080000003799796,0.2876548869346415,44.942744,95.836669,109.061089714451,17.354961473966615,34.45145048604895,0.6702817759965374,0.6685031802836906,25462.545833252745
SPARSE_82,0,18,42,0,0,0,0,0,0,0,0,0.0,10.86250029255,0.3458326119500257,0.0,303.137451171875,303.137451171875,OM,-0.4169999957084656,0.230209322794921,6.894819,26.601835,25.05123449969683,4.234174465335513,8.66963296135226,0.7289539773621486,0.1722940626020685,5521.955073816014
SPARSE_83,0,93,54,0,0,0,0,0,0,0,0,0.0,10.85416695925,0.0249992799000257,0.0,735.6775512695312,367.8387756347656,OM,-0.6209999918937683,0.2561024327670044,9.522044,116.146363,87.11718774570207,16.78266459504046,16.76273879307449,1.2090005607478358,0.0102399327158195,10631.847193249518
SPARSE_84,0,16,158,0,0,0,0,0,0,0,0,0.0,10.84583362595,0.5999992776000257,0.0,868.6505126953125,434.32525634765625,OM,-0.3179999887943268,0.1633783950225155,22.553348,85.385779,81.17610134921469,13.725062142501606,28.646518295112436,0.723671387876022,0.2043609323982233,18158.236730449058
SPARSE_85,1,27,45,6,0,0,0,0,0,0,0,0.0,10.83750029265,0.2374992790500257,0.0,394.86767578125,394.86767578125,OM,-0.3350000083446502,0.5402740725097521,20.878156,37.43222,45.47295175642131,7.403915764831964,14.243591293562044,0.6363103321779322,0.6546087267712803,11128.305182268865
SPARSE_86,0,21,46,0,0,0,0,0,0,0,0,0.0,10.83750029265,0.2624992789500257,0.0,334.9512939453125,334.9512939453125,OM,-0.3980000019073486,0.2876548869346415,9.992517,26.755534,28.679235642192925,4.492752335317358,9.48824756012661,0.7433412732281078,0.0088025084148715,6112.8652012655175
SPARSE_87,0,0,138,26,0,0,0,0,0,0,0,0.0,10.833333626,0.3916659451000257,0.0,817.71875,408.859375,OM,0.2419999986886978,0.2194497497385436,58.006238,349.758141,295.169437000488,52.87263874639938,42.45594952641315,1.1593783006145697,0.080934289841423,35875.92374570045
SPARSE_88,0,69,77,0,0,0,0,0,0,0,0,0.0,10.82916695935,0.3666659452000257,0.0,733.5882568359375,366.7941284179687,OM,-0.5149999856948853,0.3110970152458558,25.136627,118.79828,106.87850714696285,18.398323087714573,18.38279089954495,1.2811528557395286,0.0293406412004415,11943.854340406027
SPARSE_89,0,150,127,0,0,0,0,0,0,0,0,0.0,10.818750292725,0.0229159465750256,0.0,1384.2967529296875,346.0741882324219,OM,-0.5630000233650208,0.2561024327670044,19.68825,230.1626,173.24304033791157,33.31879238563667,33.97201206833904,1.190122327053455,0.0252370072596701,21529.723896603547
SPARSE_90,0,14,105,59,2,0,0,0,0,0,0,0.0,10.82083362605,0.1958326125500257,0.0,896.3562622070312,896.3562622070312,OM,0.238999992609024,0.5402740725097521,149.468272,162.460527,260.21295226851083,34.436427119266476,63.08346164325192,0.6147222525320973,0.1430293295488451,61973.445316805526
SPARSE_91,1,20,36,5,0,0,0,0,0,0,0,0.0,10.82083362605,0.3041659454500257,0.0,308.1263732910156,308.1263732910156,OM,-0.3160000145435333,0.5402740725097521,8.77697,41.949233,37.85980069733771,6.293714738936977,11.510695371400695,0.6529685430081301,0.5696978542887753,8989.085834847194
SPARSE_92,0,35,104,1,0,0,0,0,0,0,0,0.0,10.81250029275,0.4166659450000257,0.0,703.0940551757812,351.5470275878906,OM,-0.3269999921321869,0.3110970152458558,14.278914,70.67169,63.06261198459417,10.698833117481172,21.426735785464217,0.7214182440163273,0.4781029471985735,13986.482675424208
SPARSE_93,0,12,65,7,0,0,0,0,0,0,0,0.0,10.81250029275,0.8041659434500258,0.0,420.87054443359375,420.87054443359375,OM,-0.1049999967217445,0.4038842662746966,18.813197,105.133547,90.9767280714646,16.00607787958886,17.21130354132245,0.992897424543793,0.0239696661816886,13323.312815710207
SPARSE_94,0,164,304,1,0,0,0,0,0,0,0,0.0,10.774405054807144,0.3482135643214543,0.0,2341.45654296875,334.4938049316406,OM,-0.4149999916553497,0.3110970152458558,58.213097,184.71622,184.3716267229434,30.409671825757453,65.80699918222648,0.7029026534766074,0.3808393587490257,42470.16485882678
SPARSE_95,0,58,6,0,0,0,0,0,0,0,0,0.0,10.79583362615,0.5874992776500257,0.0,319.71466064453125,319.71466064453125,OM,-0.7580000162124634,0.1633783950225155,8.437887,13.280658,17.48675042253751,2.752574954273875,5.556064400957669,0.7578789888148243,0.2463292577314319,3591.4887204780016
SPARSE_96,0,1,67,3,0,0,0,0,0,0,0,0.0,10.78750029285,-0.0041673866499742,0.0,354.2115173339844,354.2115173339844,OM,0.0080000003799796,0.2561024327670044,11.61425,46.424462,43.51809086262538,7.220949235083113,13.766692098628242,0.6972940084487934,0.3728421111927652,9798.606485635031
SPARSE_97,0,41,23,0,0,0,0,0,0,0,0,0.0,10.78750029285,0.2458326123500257,0.0,321.56878662109375,321.56878662109375,OM,-0.6370000243186951,0.2797832597547878,7.02394,22.705052,22.588077924039187,3.657123493254342,7.11180728074108,0.7694946018990119,0.1421565064603577,4598.605827619008
SPARSE_98,0,0,37,34,0,0,0,0,0,0,0,0.0,10.78750029285,0.4041659450500257,0.0,355.2142333984375,355.2142333984375,OM,0.4410000145435333,0.3110970152458558,45.82511,80.246388,103.03286890038144,14.75257334517775,31.028665758900576,0.5086522194663075,0.0340884196645713,31161.840938792266
SPARSE_99,0,36,31,0,0,0,0,0,0,0,0,0.0,10.78750029285,0.4541659448500257,0.0,331.45794677734375,331.45794677734375,OM,-0.5659999847412109,0.3110970152458558,5.876966,26.731201,24.33130359826684,4.085530191230063,8.147469146238816,0.7407510707663318,0.2401628045438165,5224.23245967051
SPARSE_100,0,28,34,0,0,0,0,0,0,0,0,0.0,10.77916695955,-0.0458340531499743,0.0,313.0178527832031,313.0178527832031,OM,-0.503000020980835,0.2561024327670044,6.296922,26.207838,24.33352203867027,4.048209840368569,8.015041787888215,0.748183619681217,0.2354956308306597,5149.143724877013
SPARSE_101,0,44,25,0,0,0,0,0,0,0,0,0.0,10.77916695955,0.2624992789500257,0.0,342.53839111328125,342.53839111328125,OM,-0.6370000243186951,0.2797832597547878,6.776809,26.010909,24.52968235148836,4.116121124212069,7.725702195760087,0.7782045891603327,0.0685088464863226,4969.905476277509
SPARSE_102,0,42,726,20,0,0,0,0,0,0,0,0.0,10.759722515183334,0.2819437233166924,0.0,3944.08203125,438.2313232421875,OM,-0.0850000008940696,0.2797832597547878,127.319321,474.874748,451.3356800316951,75.38997812644578,142.7186691125755,0.7278740576835843,1.3780134420488606,97782.86810937164
SPARSE_103,0,42,31,0,0,0,0,0,0,0,0,0.0,10.77916695955,0.3624992785500257,0.0,367.5164489746094,367.5164489746094,OM,-0.5950000286102295,0.3110970152458558,7.768691,22.498257,23.218963526408423,3.7268411478009895,8.592471273376628,0.6848173582413671,0.0068384700656213,5527.610799405511
SPARSE_104,0,128,225,1,0,0,0,0,0,0,0,0.0,10.76583362627,0.3858326117900257,0.0,1769.967529296875,353.9934997558594,OM,-0.4259999990463257,0.3110970152458558,36.169877,139.940621,132.7851651594864,22.202084432659024,49.73178785617306,0.6819672323336331,0.0376097460913063,31975.280908172244
SPARSE_105,0,3,37,35,3,0,0,0,0,0,0,0.0,10.77083362625,0.4124992783500257,0.0,390.4287109375,390.4287109375,OM,0.4410000145435333,0.5679234043740641,52.321045,93.665696,119.13390701459056,17.125156287044717,35.73980026586576,0.5063926005604807,0.0399423772843585,36177.3539958457
SPARSE_106,0,3,120,9,0,0,0,0,0,0,0,0.0,10.750000293,0.3249992787000257,0.0,657.6334228515625,328.81671142578125,OM,0.0430000014603138,0.2797832597547878,32.595536,76.030687,84.11478897938117,13.251261523487573,27.194542941966755,0.6461820673188947,0.2113595302296154,20501.595065869562
SPARSE_107,2,114,503,199,6,0,0,0,0,0,0,0.0,10.7416669597,0.4124992783500257,0.0,4119.85595703125,411.985595703125,OM,0.0759999975562095,0.5679234043740641,183.224488,2414.691855,1782.6087174727231,347.6668482050691,256.6335245564871,1.1160727620137574,0.2978454582473789,227818.30275996504
SPARSE_108,0,55,221,0,0,0,0,0,0,0,0,0.0,10.747916959675,0.4624992781500258,0.0,1382.0450439453125,345.5112609863281,OM,-0.4289999902248382,0.1262114700839806,26.675447,271.632224,208.49767113636335,39.61334548009567,42.82978869734185,1.1459445913769963,0.0043452351836462,27047.926020643077
SPARSE_109,0,26,118,0,0,0,0,0,0,0,0,0.0,10.7416669597,0.0458326131500257,0.0,718.806640625,359.4033203125,OM,-0.3540000021457672,0.1965756836525736,21.41173,65.599632,66.18336708195497,10.752704346931122,22.23378786208131,0.7398105869898801,0.064868704198922,14271.657720854042
SPARSE_110,0,222,27,0,0,0,0,0,0,0,0,0.0,10.743055848583332,0.5180548334833591,0.0,1241.570068359375,413.856689453125,OM,-0.7379999756813049,0.1633783950225155,16.808681,82.348331,74.2646885142195,12.280100256164303,22.03969175804271,0.8049094259848051,1.377759408377178,14189.74003387351
SPARSE_111,0,3,62,0,0,0,0,0,0,0,0,0.0,10.73750029305,0.0708326130500257,0.0,323.51873779296875,323.51873779296875,OM,-0.3619999885559082,0.0148492504971124,10.013933,32.952189,32.686031067396186,5.342583540295988,10.866858920792149,0.747997671671508,0.0318171737496558,6959.614012388523
SPARSE_112,1,35,28,0,0,0,0,0,0,0,0,0.0,10.73750029305,0.7791659435500258,0.0,317.74615478515625,317.74615478515625,OM,-0.597000002861023,0.4026286705928697,4.872198,27.117085,23.66800378578823,4.050792156001396,7.657817759243584,0.7657023542619705,0.2747246733572513,4883.935786497343
SPARSE_113,0,6,61,0,0,0,0,0,0,0,0,0.0,10.72916695975,0.0874992796500257,0.0,334.76458740234375,334.76458740234375,OM,-0.2879999876022339,0.1824149124493632,10.187131,33.132145,32.97630246678466,5.376769921503046,10.919063540724547,0.7490301448084992,0.0465580636874669,7001.497942860522
SPARSE_114,0,75,126,0,0,0,0,0,0,0,0,0.0,10.72083362645,0.193054834783359,0.0,1005.8682861328124,335.2894287109375,OM,-0.503000020980835,0.0410121784731291,16.888079,182.172395,138.6302627852164,26.49052150621357,27.89183178506055,1.1665134374688355,3.2746580778828895e-08,17627.689410520547
SPARSE_115,0,2,272,0,0,0,0,0,0,0,0,0.0,10.718750293125,0.2562492789750257,0.0,1369.868408203125,342.46710205078125,OM,-0.2919999957084656,0.0282842653469031,39.474097,149.527088,141.61860421115844,23.790364640780258,47.05540982116536,0.7551596248820678,0.0424855775633145,29968.1512288211
SPARSE_116,0,20,49,0,0,0,0,0,0,0,0,0.0,10.72916695975,0.3208326120500257,0.0,344.9156188964844,344.9156188964844,OM,-0.3819999992847442,0.2797832597547878,8.127501,28.676483,27.79100822856335,4.607328184773964,10.008761626040956,0.7067000780547742,0.0083242056591647,6391.717862829518
SPARSE_117,0,5,126,11,0,0,0,0,0,0,0,0.0,10.72916695975,0.3499992786000257,0.0,711.6715087890625,355.83575439453125,OM,0.0170000009238719,0.3110970152458558,37.859056,82.139187,93.36228013930194,14.542427799041718,29.7525052772809,0.6405279669360336,0.2430318890047177,22855.614208496907
SPARSE_118,0,45,19,0,0,0,0,0,0,0,0,0.0,10.72916695975,0.4958326113500257,0.0,322.5744934082031,322.5744934082031,OM,-0.6010000109672546,0.1262114700839806,3.962103,48.546751,36.38015360761555,7.010308649790102,6.8619617718943795,1.2272493384398868,0.0085757122554276,4361.637096527006
SPARSE_119,9,72,52,3,0,0,0,0,0,0,0,0.0,10.7166669598,0.4374992782500257,0.0,679.0172119140625,339.50860595703125,OM,-0.6729999780654907,0.5679234043740641,10.450753,130.973169,97.63499187667352,18.89848191248394,17.582962240494677,1.1808502978092306,0.0154113095084081,12098.643829622528
SPARSE_120,2,29,27,2,0,0,0,0,0,0,0,0.0,10.71250029315,0.2208326124500257,0.0,301.3690490722656,301.3690490722656,OM,-0.5590000152587891,0.5508361933339138,12.434009,30.291713,34.03925011312995,5.183704903860859,8.434223455278676,0.8313403551689843,0.0218427421583197,6104.495902012014
SPARSE_121,0,34,31,0,0,0,0,0,0,0,0,0.0,10.71250029315,0.3791659451500258,0.0,323.6819152832031,323.6819152832031,OM,-0.5529999732971191,0.3110970152458558,6.898601,21.354944,21.539822445561015,3.4991575675574804,7.976568506122536,0.6864327705019606,0.0065809443030254,5123.106346425511
SPARSE_122,0,64,127,1,0,0,0,0,0,0,0,0.0,10.698611404316669,0.4069437228166923,0.0,957.5681762695312,319.18939208984375,OM,-0.402999997138977,0.3110970152458558,22.065265,78.026205,75.59874915241055,12.532137576063484,27.688478807199253,0.6862008116827166,0.0213330063906804,17978.33182357322
SPARSE_123,0,1,60,0,0,0,0,0,0,0,0,0.0,10.69583362655,0.2374992790500257,0.0,306.2783203125,306.2783203125,OM,-0.3269999921321869,0.0712758709270056,16.866535,29.449332,37.5463017199302,5.417834809188869,10.1531197839957,0.8521970760817438,0.0122761460919894,6638.877420352523
SPARSE_124,0,0,154,26,0,0,0,0,0,0,0,0.0,10.68750029325,0.2166659458000257,0.0,901.2720947265624,450.6360473632813,OM,0.2199999988079071,0.2275322382211543,73.031524,142.4863,170.13602731864302,25.42479775799196,44.49648392593747,0.6783232482952274,0.4478916699143171,37632.80757602845
SPARSE_125,0,14,113,3,0,0,0,0,0,0,0,0.0,10.68750029325,0.3499992786000257,0.0,651.5150146484375,325.75750732421875,OM,-0.1469999998807907,0.3110970152458558,29.693267,147.993591,131.84786858655931,22.790488076062147,22.55874887404642,1.2171269746735762,0.0380655962769562,15506.967233920548
SPARSE_126,1,119,97,1,0,0,0,0,0,0,0,0.0,10.676389182183334,0.3736103896166924,0.0,1087.206298828125,362.402099609375,OM,-0.5839999914169312,0.3730851973776908,25.396642,70.023197,73.76309742287714,11.69753308910654,26.696419885189687,0.6824701575566233,0.0218414127348644,17504.824857581534
SPARSE_127,0,13,48,3,0,0,0,0,0,0,0,0.0,10.67083362665,-0.0375007198499743,0.0,322.46624755859375,322.46624755859375,OM,-0.1909999996423721,0.4026286705928697,12.568621,31.401251,34.31143476876051,5.340801675026092,11.354310754519071,0.653067570023889,0.0108980170494964,8319.063616590523
SPARSE_128,0,0,31,29,0,0,0,0,0,0,0,0.0,10.67083362665,0.0874992796500257,0.0,303.1677551269531,303.1677551269531,OM,0.4460000097751617,0.3233161536024493,37.159728,67.366927,85.14890533348307,12.30254782208951,26.37609220773865,0.4972707272278605,0.0528529552818467,26517.855519895915
SPARSE_129,0,0,71,0,0,0,0,0,0,0,0,0.0,10.67083362665,0.1124992795500257,0.0,356.76763916015625,356.76763916015625,OM,-0.0549999997019767,0.1811692544959161,20.241906,34.620401,44.47927811393801,6.402491767338979,11.900581651110794,0.8577387310641016,0.0145389387162278,7796.171997080526
SPARSE_130,0,0,61,0,0,0,0,0,0,0,0,0.0,10.67083362665,0.2458326123500257,0.0,303.4498291015625,303.4498291015625,OM,-0.2520000040531158,0.0712758709270056,17.056894,29.785964,37.97340739954453,5.479600774410754,10.242032222385903,0.8538357306596044,0.0131520727623674,6698.119603125522
SPARSE_131,0,11,123,1,0,0,0,0,0,0,0,0.0,10.67083362665,0.2916659455000257,0.0,679.76708984375,339.883544921875,OM,-0.163000002503395,0.2701147921834287,32.945073,64.209486,77.75851028115105,11.50417019701354,22.355642554243015,0.8000887865126147,0.0255201623416202,14859.268864998714
SPARSE_132,0,11,111,4,0,0,0,0,0,0,0,0.0,10.67083362665,0.3999992784000257,0.0,631.3831787109375,315.69158935546875,OM,-0.1169999986886978,0.3110970152458558,19.718692,66.213483,65.75514137572016,10.71501330351762,22.96257705415331,0.6647408087984578,0.0199475143042255,15932.698381766719
SPARSE_133,0,37,25,0,0,0,0,0,0,0,0,0.0,10.67083362665,0.5708326110500257,0.0,311.7871398925781,311.7871398925781,OM,-0.574999988079071,0.1633783950225155,8.668272,18.313437,21.260928242675604,3.222722152925442,7.105698143408587,0.7289235954992019,0.0069586567033488,4615.964079920009
SPARSE_134,0,25,108,0,0,0,0,0,0,0,0,0.0,10.6583336267,0.1499992794000257,0.0,667.0263061523438,333.5131530761719,OM,-0.3759999871253967,0.1811692544959161,33.530771,57.354556,73.67657019820496,10.606223464249712,20.106841560162984,0.8472649445383916,0.0247675284413023,13123.042270276539
SPARSE_135,0,1,67,0,0,0,0,0,0,0,0,0.0,10.65416696005,0.1291659461500257,0.0,338.53778076171875,338.53778076171875,OM,-0.1180000007152557,0.1811692544959161,19.193942,32.816337,42.16873641531152,6.069415104424099,11.307558817530126,0.8562028787751692,0.013811984597156,7407.5140961210245
SPARSE_136,0,1,66,1,0,0,0,0,0,0,0,0.0,10.65416696005,0.1958326125500257,0.0,340.8562927246094,340.8562927246094,OM,0.0,0.2275322382211543,21.534673,33.691378,45.037338245983165,6.378729672264923,11.8237326138373,0.832117816550629,0.0148836015677293,8094.739653230193
SPARSE_137,0,19,117,0,0,0,0,0,0,0,0,0.0,10.6500002934,0.2708326122500257,0.0,679.7803344726562,339.8901672363281,OM,-0.4259999990463257,0.0712758709270056,36.538418,59.718163,78.356380285762,11.17417771574728,21.094461359379057,0.8533341729282584,0.0269155997755887,13807.911085101043
SPARSE_138,0,3,150,0,0,0,0,0,0,0,0,0.0,10.6500002934,0.2958326121500257,0.0,764.852783203125,382.4263916015625,OM,-0.3319999873638153,0.0282842653469031,44.983971,73.104995,96.1675023311596,13.700310674678285,25.38242332918486,0.8666238937773783,0.0346017782447565,16622.475079192554
SPARSE_139,0,0,62,2,0,0,0,0,0,0,0,0.0,10.63750029345,0.2458326123500257,0.0,325.2085876464844,325.2085876464844,OM,0.0560000017285347,0.2275322382211543,23.33968,32.658953,46.14308707660611,6.381956054189049,11.772067165232492,0.8150852372461862,0.0156750960972502,8401.986435530362
SPARSE_140,0,34,111,4,0,0,0,0,0,0,0,0.0,10.63750029345,0.3499992786000257,0.0,744.8002319335938,372.4001159667969,OM,-0.257999986410141,0.3730851973776908,19.758637,87.781799,79.38577333842348,13.690279721342907,24.801682219427605,0.7344410394006338,0.024073106351791,17095.64868408422
SPARSE_141,0,4,199,0,0,0,0,0,0,0,0,0.0,10.626389182383331,0.293054834383359,0.0,1017.0904541015624,339.0301513671875,OM,-0.3319999873638153,0.0712758709270056,59.679229,96.98033,127.57655508850551,18.175275790373533,33.669538314627694,0.8665496595061378,0.0424346688367292,22053.49486619457
SPARSE_142,0,11,52,0,0,0,0,0,0,0,0,0.0,10.62083362685,0.2208326124500257,0.0,314.62615966796875,314.62615966796875,OM,-0.3230000138282776,0.2275322382211543,17.79729,26.500092,36.237474252206795,5.0863966450546885,9.554725927138586,0.8648405524003935,0.0121295315709876,6266.06607141352
SPARSE_143,0,14,52,0,0,0,0,0,0,0,0,0.0,10.62083362685,0.3374992786500257,0.0,327.6506652832031,327.6506652832031,OM,-0.3779999911785126,0.1977068436475722,7.239705,34.153244,30.53471637904188,5.290557794529129,10.117062065488506,0.7625089592655808,0.0089289391872996,6417.755241281019
SPARSE_144,0,15,54,3,0,0,0,0,0,0,0,0.0,10.61250029355,0.2458326123500257,0.0,359.893310546875,359.893310546875,OM,-0.2090000063180923,0.4026286705928697,23.640838,33.354877,46.903166834975494,6.502082703224709,12.313458704045544,0.7709809463170625,0.0160054977495872,9079.021166208528
SPARSE_145,0,6,52,2,0,0,0,0,0,0,0,0.0,10.60416696025,0.0458326131500257,0.0,300.8102111816406,300.8102111816406,OM,-0.1140000000596046,0.3233161536024493,8.454219,31.581431,30.413838399704325,5.034002657408713,10.937238527392967,0.6494810014629573,0.0085482491591446,7607.312381310357
SPARSE_146,0,838,195,0,0,0,0,0,0,0,0,0.0,10.5916669603,0.33868975483574,0.0,5163.2958984375,368.8068542480469,OM,-0.7099999785423279,0.1977068436475722,121.541307,241.835591,291.1966301141132,43.13924223858242,98.40530409514204,0.7226076554798369,0.1138589908965955,63783.86313177757
SPARSE_147,0,19,45,0,0,0,0,0,0,0,0,0.0,10.57916696035,0.2624992789500257,0.0,315.936767578125,315.936767578125,OM,-0.481000006198883,0.055861431330465,12.338803,25.275808,30.208525630451057,4.477977235682773,9.064080506996604,0.789572827995827,0.0097459913926429,5901.933848625017
SPARSE_148,0,20,43,2,0,0,0,0,0,0,0,0.0,10.54583362715,0.1041659462500257,0.0,324.4017028808594,324.4017028808594,OM,-0.3400000035762787,0.4026286705928697,6.913828,71.655253,54.70393830208394,10.432792257728815,10.566142152941223,1.100550328364092,0.0137311902350983,7326.948019465854
SPARSE_149,0,6,61,0,0,0,0,0,0,0,0,0.0,10.54583362715,0.2124992791500257,0.0,333.7694091796875,333.7694091796875,OM,-0.4000000059604645,0.0834600695372953,17.628459,30.679716,39.11596143048691,5.64887607900993,10.696859109449573,0.8437236343315336,0.0129489998232659,7001.497942860522
SPARSE_150,0,12,48,1,0,0,0,0,0,0,0,0.0,10.53750029385,0.3291659453500257,0.0,302.96484375,302.96484375,OM,-0.2399999946355819,0.3408254723251323,9.00796,28.449031,28.465069906638313,4.646841664128833,9.912026380924484,0.6866040427381066,0.0087639934509779,6674.438966958685
SPARSE_151,0,33,51,0,0,0,0,0,0,0,0,0.0,10.48750029405,0.5708326110500257,0.0,419.2631530761719,419.2631530761719,OM,-0.4480000138282776,0.3128141038734766,10.868679,56.5139,49.94531094971244,8.664550953296201,11.326080155171802,1.0248570046530645,0.0133567662416981,7268.648077713018
SPARSE_152,0,44,18,0,0,0,0,0,0,0,0,0.0,10.42083362765,0.5208326112500258,0.0,311.07611083984375,311.07611083984375,OM,-0.7049999833106995,0.3128141038734766,9.508274,16.041198,20.750456541985773,2.9769543931186453,6.457215838729597,0.7652451233344815,0.0072419650653979,4201.268800509007
SPARSE_153,0,25,154,0,0,0,0,0,0,0,0,0.0,10.3583336279,0.7583326103000257,0.0,896.561279296875,448.2806396484375,OM,-0.2739999890327453,0.2409867651212328,20.120587,90.181728,82.38683293009132,13.958189768186422,28.614873712417292,0.730628968008261,0.3220425546380139,18174.083282469557
SPARSE_154,0,41,66,0,0,0,0,0,0,0,0,0.0,10.35416696125,0.4374992782500257,0.0,532.3745727539062,532.3745727539062,OM,-0.4390000104904175,0.3214854887601364,25.458299,37.625087,51.69268907475101,7.237851848458479,14.213038073428567,0.8358348572385171,0.0216361461858953,9320.231121625524
SPARSE_155,0,26,51,0,0,0,0,0,0,0,0,0.0,10.34583362795,0.6958326105500258,0.0,383.7994079589844,383.7994079589844,OM,-0.4370000064373016,0.2409867651212328,9.019745,32.627076,31.446768497801735,5.188652967064509,10.786681607844471,0.7286974869611648,0.1264098600861131,6914.706681355518
SPARSE_156,0,41,24,0,0,0,0,0,0,0,0,0.0,10.32083362805,0.7208326104500258,0.0,329.5932922363281,329.5932922363281,OM,-0.6150000095367432,0.2409867651212328,10.900562,18.536534,23.04533066192346,3.859944192316644,7.344650941065959,0.7633985076325287,0.5113893168287659,4708.411067014508
SPARSE_157,0,28,36,0,0,0,0,0,0,0,0,0.0,10.29583362815,0.6791659439500257,0.0,318.94287109375,318.94287109375,OM,-0.4970000088214874,0.2409867651212328,15.735082,21.925827,31.03858126944743,4.279609529319791,8.187254838594136,0.8623582701426342,0.0482381953333085,5368.754203668013
SPARSE_158,0,19,51,2,0,0,0,0,0,0,0,0.0,10.28750029485,0.4458326115500257,0.0,361.1497802734375,361.1497802734375,OM,-0.2741443989721445,0.4026286705928697,7.775646,83.917323,63.79209715892475,12.200911542254264,11.871070688987446,1.1478775704196218,9.83763563283032e-05,8154.826878007356
SPARSE_159,0,45,39,0,0,0,0,0,0,0,0,0.0,10.26250029495,0.5791659443500258,0.0,423.2312927246094,423.2312927246094,OM,-0.5569999814033508,0.2431943051676815,19.664767,26.0204,37.372549077616846,5.170839790499305,10.002512337549607,0.8534504670909688,0.0127805378817048,6557.741884437013
SPARSE_160,0,35,38,0,0,0,0,0,0,0,0,0.0,10.26250029495,0.6541659440500257,0.0,364.16253662109375,364.16253662109375,OM,-0.5210000276565552,0.2431943051676815,17.28349,23.902691,33.95178889389858,4.6834598370515526,9.06734186386178,0.8544026211480537,0.0465287009518295,5942.306078816513
SPARSE_161,0,4,59,0,0,0,0,0,0,0,0,0.0,10.23750029505,0.6874992772500258,0.0,319.0470886230469,319.0470886230469,OM,-0.1749999970197677,0.2431943051676815,7.573767,31.59091,29.4320352223515,4.964366987418207,10.549888082180136,0.7166198588430546,0.0081228033636287,6680.761350824521
SPARSE_162,0,17,49,0,0,0,0,0,0,0,0,0.0,10.22916696175,0.7041659438500257,0.0,328.5831604003906,328.5831604003906,OM,-0.3799999952316284,0.2431943051676815,18.72888,25.943504,36.55423521234038,5.0846381996496985,9.525797146811335,0.8733285931804678,0.0124104515036562,6240.028692962018
SPARSE_163,0,51,24,0,0,0,0,0,0,0,0,0.0,10.22083362845,0.7291659437500257,0.0,375.48675537109375,375.48675537109375,OM,-0.6460000276565552,0.2431943051676815,13.46867,19.82942,27.039306428014147,3.8182669647833465,8.008238050973196,0.793946906233232,0.0090575565407064,5214.041633239509
SPARSE_164,0,3,80,1,0,0,0,0,0,0,0,0.0,10.18750029525,0.8041659434500258,0.0,420.5796813964844,420.5796813964844,OM,-0.0930000022053718,0.2409867651212328,12.62437,43.709804,42.54539014749643,7.136783484665364,14.795312948872178,0.704394398400387,0.1243994250410573,9733.1391180122
SPARSE_165,0,8,106,0,0,0,0,0,0,0,0,0.0,10.17916696195,0.3958326117500257,0.0,569.24609375,569.24609375,OM,-0.3899999856948852,0.0077781587458369,12.100433,118.787788,91.69915263164306,17.356394039067528,19.122974872685123,1.13379218146146,0.0045883522407847,12043.859828903038
SPARSE_166,0,22,58,0,0,0,0,0,0,0,0,0.0,10.17083362865,0.4708326114500257,0.0,401.9509582519531,401.9509582519531,OM,-0.3899999856948852,0.2432447226129287,23.305765,31.498352,44.25972651405743,6.219249065064912,11.350332887550335,0.8802844182612148,0.0150703277873099,7481.091130634021
SPARSE_167,0,4,58,0,0,0,0,0,0,0,0,0.0,10.15416696205,0.3874992784500257,0.0,307.4723815917969,307.4723815917969,OM,-0.3790000081062317,0.0077781587458369,6.60745,64.763421,50.00496031244394,9.46313813628896,10.433542705929712,1.1332892139011042,0.0028149011153973,6570.956111429021
SPARSE_168,0,18,42,2,0,0,0,0,0,0,0,0.0,10.07916696235,0.6291659441500257,0.0,307.26324462890625,307.26324462890625,OM,-0.3089999854564667,0.4026286705928697,6.492761,69.480361,52.90241977357077,10.105545452083293,10.24982165521442,1.0967708997706842,6.033454014333482e-05,7116.016666825354
SPARSE_169,0,0,59,1,0,0,0,0,0,0,0,0.0,10.07083362905,0.4208326116500257,0.0,303.792724609375,303.792724609375,OM,0.1555000052321702,0.1517521988745472,7.253682,68.513122,53.207189581881785,10.035800284781958,11.04201223798426,1.0877654762368285,1.36438804940648e-05,7275.539920839191
SPARSE_170,0,0,122,24,0,0,0,0,0,0,0,0.0,10.0416669625,0.4583326115000257,0.0,730.0443115234375,365.0221557617187,OM,0.3140000104904175,0.1517521988745472,27.744813,317.260394,238.85956546546947,45.99361556772301,39.52778271842671,1.0625209978694168,0.0001951565030962,32524.978322363102
SPARSE_171,0,0,185,0,0,0,0,0,0,0,0,0.0,10.01250029595,0.4499992782000257,0.0,928.034912109375,464.0174560546875,OM,-0.003000000026077,0.1517521988745472,20.949147,189.72919,148.38632882811373,27.856604984091263,32.24556475867746,1.0933729898814228,0.0088367577681717,20313.96928816757
SPARSE_172,0,0,65,0,0,0,0,0,0,0,0,0.0,9.99583362935,1.3374992746500256,0.0,325.83349609375,325.83349609375,OM,-0.270000010728836,0.0591382610229886,19.011381,67.078768,66.17952824188761,10.777233076204451,10.570459591701916,1.3288124312985372,0.0186373387942023,7015.948794790024
SPARSE_173,0,10,52,0,0,0,0,0,0,0,0,0.0,9.93750029625,0.954165942850026,0.0,306.9845275878906,306.9845275878906,OM,-0.4350000023841858,1.685873942005854e-09,6.677348,28.015329,26.236679513894693,4.399312522502691,9.565582172046335,0.6991917476419649,0.0073709455024368,6124.442609835352
SPARSE_174,0,21,62,2,0,0,0,0,0,0,0,0.0,9.93750029625,1.037499275850026,0.0,427.4532165527344,427.4532165527344,OM,-0.2739999890327453,0.3815787350819846,15.568866,76.666954,68.769088854471,11.82113439782226,13.346164162958702,1.0692051693416698,0.0187125317006874,9358.057754724361
SPARSE_175,0,15,55,4,0,0,0,0,0,0,0,0.0,9.92916696295,0.7708326102500258,0.0,367.93060302734375,367.93060302734375,OM,-0.1959999948740005,0.4026286705928697,11.47667,53.683075,48.4086469533721,8.042012903573749,13.285937640979432,0.7417177435377991,0.903380118037854,9886.870369785698
SPARSE_176,0,2,63,0,0,0,0,0,0,0,0,0.0,9.92083362965,0.4041659450500257,0.0,325.86346435546875,325.86346435546875,OM,-0.3429999947547912,0.0460217368833169,7.592631,32.329971,30.1592186814496,5.067767341656015,10.797812861150431,0.7102501524743592,0.0083967464401515,6902.41016205869
SPARSE_177,0,0,78,0,0,0,0,0,0,0,0,0.0,9.91250029635,0.5708326110500257,0.0,390.3061828613281,390.3061828613281,OM,-0.1800000071525573,0.0459619458347474,8.623744,78.591939,61.53311702021041,11.533655851504776,13.213663173731776,1.0917614986756576,0.0032458902372095,8419.13855374803
SPARSE_178,0,47,24,0,0,0,0,0,0,0,0,0.0,9.90416696305,0.4874992780500257,0.0,356.8310546875,356.8310546875,OM,-0.6549999713897705,0.2843499791580681,5.443751,25.320906,22.78305908442425,3.9215386730807142,7.7842284132313315,0.7347596829380022,0.0365734698741055,4995.4169681996755
SPARSE_179,0,0,71,0,0,0,0,0,0,0,0,0.0,9.90416696305,1.3458326079500256,0.0,355.41339111328125,355.41339111328125,OM,-0.2179999947547912,0.0591382610229886,20.745077,73.278397,72.26638440644253,11.771304979479904,11.546097580122158,1.3284470560747264,0.0237707538833013,7663.574837386027
SPARSE_180,0,2,71,0,0,0,0,0,0,0,0,0.0,9.87916696315,0.3958326117500257,0.0,365.8482666015625,365.8482666015625,OM,-0.3429999947547912,0.0460217368833169,14.289734,35.030318,38.6943502776253,5.979758763422845,11.86005004097544,0.7753987326514319,0.0120852468973429,7765.911552186693
SPARSE_181,0,27,37,0,0,0,0,0,0,0,0,0.0,9.87916696315,0.4791659447500257,0.0,319.90374755859375,319.90374755859375,OM,-0.4799999892711639,0.2843499791580681,8.595484,22.5034,24.260118663025327,3.794196337267143,8.261949851516931,0.7196390616203805,0.0073628588955956,5375.2395791510135
SPARSE_182,0,6,154,229,20,0,0,0,0,0,0,0.0,9.87083362985,1.0937492756250258,0.0,2045.263671875,511.31591796875,OM,0.6050000190734863,0.521137711221477,417.315556,531.775021,784.2313750366677,106.9364261175542,215.4119958786264,0.5211079223581924,0.3108063375817846,226168.70015854988
SPARSE_183,0,27,92,6,0,0,0,0,0,0,0,0.0,9.8583336299,1.3333326080000258,0.0,623.5803833007812,311.7901916503906,OM,-0.2240000069141388,0.4026286705928697,19.287847,61.390661,61.69367982943138,10.015433725829917,21.96501675476708,0.6202807136744413,0.0180188317710759,16085.97106375705
SPARSE_184,0,0,70,1,0,0,0,0,0,0,0,0.0,9.84583362995,0.5041659446500257,0.0,356.81805419921875,356.81805419921875,OM,0.0099999997764825,0.2157853765952962,14.8055,69.174192,62.82986200938813,10.726943661074412,12.254145494149247,1.0944601792148252,0.0170942975755327,8351.330401532694
SPARSE_185,0,34,26,0,0,0,0,0,0,0,0,0.0,9.82916696335,0.4208326116500257,0.0,302.4775695800781,302.4775695800781,OM,-0.5709999799728394,0.2157853765952962,9.051466,18.701105,21.690849715218693,3.311164256317636,6.942832300458599,0.7483234252070524,0.0126171468369213,4546.103669527343
SPARSE_186,0,39,71,1,0,0,0,0,0,0,0,0.0,9.82916696335,0.5958326109500257,0.0,553.6363525390625,553.6363525390625,OM,-0.3899999856948852,0.3771311453961927,13.48593,43.402701,43.63645167079825,7.071748376835578,15.682584399817507,0.6763571174514288,0.0174298611554963,10454.834013911694
SPARSE_187,0,26,39,1,0,0,0,0,0,0,0,0.0,9.82916696335,1.129165942150026,0.0,328.43621826171875,328.43621826171875,OM,-0.4339999854564667,0.4026286705928697,8.284688,25.221891,25.783979140739863,4.143822032026735,9.292586690839189,0.6593801692966945,0.0076720622297293,6335.639807195351
SPARSE_188,0,4,53,10,0,0,0,0,0,0,0,0.0,9.82083363005,0.5791659443500258,0.0,330.6576843261719,330.6576843261719,OM,0.06700000166893,0.3771311453961927,17.960472,42.916576,47.7510189021257,7.362377028038798,16.460954076681297,0.5491695855514422,0.0146448869044886,13882.302518326043
SPARSE_189,0,0,129,0,0,0,0,0,0,0,0,0.0,9.8166669634,1.1874992752500255,0.0,644.6507568359375,322.32537841796875,OM,-0.0829999968409538,0.0888383373511352,20.648456,64.305028,65.3027739549145,10.526829675037911,21.477009185930537,0.7443757093921805,0.0194544634174755,13923.95991581405
SPARSE_190,0,16,142,0,0,0,0,0,0,0,0,0.0,9.81250029675,1.3333326080000258,0.0,791.9813232421875,395.99066162109375,OM,-0.3519999980926513,0.1454136925644622,18.338708,77.80049,72.47109710814611,12.200706057805604,25.173378957639702,0.7246705935111847,0.0199991828891881,16145.843393177385
SPARSE_191,0,2,65,0,0,0,0,0,0,0,0,0.0,9.80416696345,0.8041659434500258,0.0,332.8746337890625,332.8746337890625,OM,-0.3479999899864197,0.043133506234534,8.099685,33.17072,31.187363495030485,5.224506579166233,11.123089400632104,0.7113088547944154,0.0086403753429023,7118.285509590691
SPARSE_192,0,1,85,0,0,0,0,0,0,0,0,0.0,9.79583363015,0.7541659436500258,0.0,427.3826904296875,427.3826904296875,OM,-0.2870000004768371,0.043133506234534,11.275305,44.442504,42.20865500847741,7.03398257721477,14.393596153467042,0.7347012873349966,0.0125629368574004,9225.870627510363
SPARSE_193,0,0,72,0,0,0,0,0,0,0,0,0.0,9.79583363015,1.1791659419500258,0.0,358.60791015625,358.60791015625,OM,-0.1580000072717666,0.0888383373511352,12.637222,35.619239,37.330291340993405,5.927580867332712,11.933252714433758,0.7564416235021169,0.011146056813835,7771.512511152027
SPARSE_194,0,6,63,0,0,0,0,0,0,0,0,0.0,9.77916696355,0.6041659442500258,0.0,346.6262512207031,346.6262512207031,OM,-0.4000000059604645,0.0304055873763366,8.439194,33.902819,31.954940564395244,5.352669786945284,11.069777865200177,0.7250483397348715,0.0092971870067689,7107.083591660024
SPARSE_195,0,24,215,0,0,0,0,0,0,0,0,0.0,9.77083363025,1.3236103858166923,0.0,1195.57470703125,398.52490234375,OM,-0.3479999899864197,0.1454136925644622,33.398924,117.369466,116.3554562967142,18.86784619389326,37.80773459424744,0.7542229861939345,0.0469005845542208,24434.64043729808
SPARSE_196,0,19,45,1,0,0,0,0,0,0,0,0.0,9.77083363025,0.5624992777500257,0.0,326.376220703125,326.376220703125,OM,-0.3289999961853027,0.3771311453961927,6.623034,34.305233,30.279409645507855,5.226444213964029,9.841958209054964,0.726991498956685,0.1391658390685356,6625.08734798902
SPARSE_197,0,16,43,2,0,0,0,0,0,0,0,0.0,9.76250029695,1.270832608250026,0.0,301.5400390625,301.5400390625,OM,-0.2739999890327453,0.4026286705928697,10.661301,26.740723,29.05194129199496,4.552704707650271,9.834505134547449,0.6560128334674012,0.0193071843339938,7051.400166168687
SPARSE_198,0,37,33,0,0,0,0,0,0,0,0,0.0,9.75416696365,0.3374992786500257,0.0,348.41644287109375,348.41644287109375,OM,-0.5529999732971191,0.2157853765952962,4.915572,56.427481,42.62390503402074,8.178871228088287,8.565248376489887,1.1594272299737771,7.780050383174709e-06,5455.1724580903465
SPARSE_199,0,2,69,0,0,0,0,0,0,0,0,0.0,9.75416696365,0.5124992779500257,0.0,357.68560791015625,357.68560791015625,OM,-0.1280000060796737,0.2157853765952962,7.687353,70.773364,55.29537783382864,10.37872959005107,11.86888209684006,1.0941154479113329,0.0053196969374115,7550.036204654691
SPARSE_200,0,4,64,15,0,0,0,0,0,0,0,0.0,9.75416696365,0.5874992776500257,0.0,410.3265686035156,410.3265686035156,OM,0.1129999980330467,0.3771311453961927,19.313646,89.752894,80.61885787197382,13.71300458129102,22.175328406824732,0.6472709912776388,0.7793148500468476,19048.083119315394
SPARSE_201,0,9,51,4,0,0,0,0,0,0,0,0.0,9.73750029705,0.5624992777500257,0.0,317.1769104003906,317.1769104003906,OM,-0.1280000060796737,0.3771311453961927,13.32379,32.864642,36.07764015625703,5.603238376579363,12.083508954582207,0.6259981562489294,0.0111073309087315,9148.109530319694
SPARSE_202,0,6,60,8,0,0,0,0,0,0,0,0.0,9.72916696375,0.5458326111500257,0.0,368.7635498046875,368.7635498046875,OM,-0.0080000003799796,0.3771311453961927,11.509562,128.598081,97.18962156739704,18.663070262189184,16.74716267722586,1.0743746980640096,1.5457127205410066e-05,13148.816473663373
SPARSE_203,0,4,58,11,0,0,0,0,0,0,0,0.0,9.72916696375,0.6708326106500258,0.0,364.4782409667969,364.4782409667969,OM,0.0820000022649765,0.3771311453961927,26.547676,48.829377,59.444473787905046,9.004259439313063,17.807935092090784,0.6028187256221202,0.1501833341759091,15217.684125068716
SPARSE_204,0,5,78,2,0,0,0,0,0,0,0,0.0,9.72916696375,1.1874992752500255,0.0,421.67535400390625,421.67535400390625,OM,-0.0949999988079071,0.2759734293608962,15.117091,43.583605,45.601174347463825,7.225143353067751,14.915569270499809,0.7028359314566733,0.0134123073911907,10266.366816575035
SPARSE_205,0,0,379,0,0,0,0,0,0,0,0,0.0,9.714583630475,1.293749274825026,0.0,1895.306884765625,473.82672119140625,OM,-0.090999998152256,0.1454136925644622,50.058804,200.032175,188.45585127315073,31.600193708283324,63.64497757362871,0.738693487296419,0.0547404900073129,40908.37835731414
SPARSE_206,0,2,126,0,0,0,0,0,0,0,0,0.0,9.7166669638,1.3374992746500256,0.0,640.1068115234375,320.05340576171875,OM,-0.3179999887943268,0.0525737672085338,18.552465,66.742398,65.48774208335043,10.693691992268,21.19768195545639,0.7569220863716082,0.0257369403068698,13702.483609316712
SPARSE_207,0,8,135,3,0,0,0,0,0,0,0,0.0,9.71250029715,1.199999275200026,0.0,733.8818359375,366.94091796875,OM,-0.0949999988079071,0.2759734293608962,25.199594,73.343069,76.46615846865008,12.139146514584004,25.27048214637202,0.6983843875387509,0.022596151410248,17368.012531350723
SPARSE_208,0,4,60,0,0,0,0,0,0,0,0,0.0,9.71250029715,1.3208326080500257,0.0,320.27313232421875,320.27313232421875,OM,-0.3179999887943268,0.1454136925644622,9.054646,32.299456,31.779210640959125,5.181294917704801,10.33145824691992,0.7539893744210147,0.0091886094316703,6680.933855561355
SPARSE_209,0,0,136,0,0,0,0,0,0,0,0,0.0,9.6916669639,1.3124992747500257,0.0,682.30712890625,341.153564453125,OM,-0.1000000014901161,0.1454136925644622,20.907958,71.582951,70.3371736040921,11.550795757739252,22.665061802679237,0.7586490140114907,0.0200294824976172,14679.523632176051
SPARSE_210,0,7,55,0,0,0,0,0,0,0,0,0.0,9.69583363055,1.3458326079500256,0.0,311.38446044921875,311.38446044921875,OM,-0.4160000085830688,0.0525737672085338,9.20282,30.125173,29.986516453884096,4.893451113630983,9.702569156985126,0.7543989005646042,0.0086881745272685,6294.750558932354
SPARSE_211,0,22,38,1,0,0,0,0,0,0,0,0.0,9.68750029725,0.5874992776500257,0.0,305.75616455078125,305.75616455078125,OM,-0.4040000140666961,0.3771311453961927,7.575865,24.300765,24.396038916794943,3.959652249190851,8.827524705164398,0.6575790249279556,0.0071485424267341,6023.028703828018
SPARSE_212,0,0,17,46,1,0,0,0,0,0,0,0.0,9.67916696395,0.6208326108500257,0.0,321.866455078125,321.866455078125,OM,0.6970000267028809,0.3771311453961927,71.411307,151.679263,180.21924021181192,26.67400384772587,38.06613901726065,0.6554547974539564,0.1677460522597268,39788.106236613916
SPARSE_213,0,26,41,0,0,0,0,0,0,0,0,0.0,9.67916696395,1.262499274950026,0.0,335.6919250488281,335.6919250488281,OM,-0.4580000042915344,0.2829016343806352,6.735395,26.097903,24.919711204279167,4.139974972171436,8.942256570164389,0.703259201661112,0.0072153309159366,5755.821916814683
SPARSE_214,0,11,52,3,0,0,0,0,0,0,0,0.0,9.67083363065,0.5791659443500258,0.0,328.9580993652344,328.9580993652344,OM,-0.1710000038146972,0.3771311453961927,10.865269,32.931567,33.592704322514514,5.414308713789182,11.750297581397154,0.6313987155768785,0.009827101699432,8562.690680973694
SPARSE_215,0,10,77,0,0,0,0,0,0,0,0,0.0,9.67083363065,1.137499275450026,0.0,434.2915954589844,434.2915954589844,OM,-0.2240000069141388,0.2548234714318064,8.925064,83.852519,65.32734217676936,12.284793204120213,13.83795733959784,1.104259860739011,0.0003603179579509,8822.884453985362
SPARSE_216,0,68,106,0,0,0,0,0,0,0,0,0.0,9.666666964,1.2833326082000256,0.0,872.5989379882812,436.2994689941406,OM,-0.4580000042915344,0.2829016343806352,17.468776,67.605876,64.56647595126795,10.725494238646414,23.18072211500024,0.7029760296771966,0.0184574730407334,14920.841722418709
SPARSE_217,0,4,139,22,0,0,0,0,0,0,0,0.0,9.6583336307,0.5041659446500257,0.0,826.97802734375,413.489013671875,OM,0.1059999987483024,0.3217051389806354,51.084186,105.548106,124.3545675988488,18.664662678707405,39.19290888778203,0.593274472449075,0.0407936982645697,32713.261317154105
SPARSE_218,0,17,885,25,0,0,0,0,0,0,0,0.0,9.65166696406,1.208332608500026,0.0,4636.40576171875,463.64056396484375,OM,-0.0179999992251396,0.2487053165573301,199.695367,477.566681,539.6173859549123,81.91216015876684,165.31422596571878,0.7207142368946853,0.1694815291983818,116287.03430653272
SPARSE_219,0,8,87,14,0,0,0,0,0,0,0,0.0,9.63750029745,1.145832608750026,0.0,550.3201904296875,550.3201904296875,OM,0.0230000000447034,0.3910380964650329,18.352239,205.321275,155.0175254479107,29.790110289432175,26.117476465205705,1.07307844446738,0.0132375810291353,20939.629807622066
SPARSE_220,0,19,44,0,0,0,0,0,0,0,0,0.0,9.62916696415,0.4874992780500257,0.0,315.6280212402344,315.6280212402344,OM,-0.3630000054836273,0.3217051389806354,11.265599,47.035006,44.17201173602506,7.39066026011326,8.718840715401766,1.1222405397968525,0.0126342387703598,5721.456436310349
SPARSE_221,2,24,36,7,0,0,0,0,0,0,0,0.0,9.62916696415,0.7791659435500258,0.0,345.1018981933594,345.1018981933594,OM,-0.3490000069141388,0.6236681805007728,21.53968,32.471016,42.96444233226269,6.815878255097489,13.076142088105904,0.6155571006576102,0.6687895236524536,10763.051062094364
SPARSE_222,0,0,65,0,0,0,0,0,0,0,0,0.0,9.62916696415,1.0041659426500256,0.0,325.9320373535156,325.9320373535156,OM,-0.2759999930858612,0.0063639561416444,10.03906,32.606249,33.03525334254348,5.302951288425095,10.863252710244092,0.7469766749191648,0.0095102739552534,7015.948794790024
SPARSE_223,0,1,41,19,0,0,0,0,0,0,0,0.0,9.62916696415,1.129165942150026,0.0,309.98944091796875,309.98944091796875,OM,0.2709999978542328,0.3910380964650329,15.917764,194.823341,145.14962688177388,28.14567096937093,21.705426335928937,1.060145156606766,0.0133968967624454,19594.78450214706
SPARSE_224,1,39,24,0,0,0,0,0,0,0,0,0.0,9.62083363085,1.1124992755500256,0.0,314.8343811035156,314.8343811035156,OM,-0.6589999794960022,0.3910380964650329,4.16867,49.031871,36.84165951219818,7.095242272454189,7.257661332229944,1.1789376003342058,0.0056982336395407,4625.770890757842
SPARSE_225,0,6,54,2,0,0,0,0,0,0,0,0.0,9.61250029755,0.5874992776500257,0.0,313.40899658203125,313.40899658203125,OM,-0.1140000000596046,0.3217051389806354,7.426438,74.265079,57.09602458085034,10.836713992276094,11.136779774418995,1.0900634575589043,0.008027958205492,7727.031003591359
SPARSE_226,0,40,407,28,0,0,0,0,0,0,0,0.0,9.59583363095,1.1958326085500257,0.0,2376.698486328125,475.3396911621094,OM,-0.06700000166893,0.339787140762192,116.344545,254.823888,290.2871526026938,44.49632713332747,90.06492911519004,0.6629720670388847,0.0903992697569062,68256.77818033022
SPARSE_227,0,41,31,0,0,0,0,0,0,0,0,0.0,9.60416696425,0.4541659448500257,0.0,359.7038269042969,359.7038269042969,OM,-0.593999981880188,0.3217051389806354,10.585997,44.095305,41.44309724242436,6.930578176634679,8.315574427076989,1.1091478292418122,0.0123925036377565,5443.970540159678
SPARSE_228,0,36,135,0,0,0,0,0,0,0,0,0.0,9.6000002976,0.5458326111500257,0.0,857.5687255859375,428.7843627929687,OM,-0.4239999949932098,0.1384113293020535,24.379038,76.858003,77.03887674101084,12.557420277281578,25.282564037943267,0.7455046274080983,0.0222523147636953,16413.64682482205
SPARSE_229,0,4,41,47,7,0,0,0,0,0,0,0.0,9.60416696425,0.7791659435500258,0.0,496.2659301757813,496.2659301757813,OM,0.5329999923706055,0.6236681805007728,111.600983,120.703707,189.7741224903506,28.053940659839036,49.87578004805442,0.5482766405568006,2.734982009212885,51486.63810616671
SPARSE_230,0,3,56,18,0,0,0,0,0,0,0,0.0,9.60416696425,1.137499275450026,0.0,381.92340087890625,381.92340087890625,OM,0.1770000010728836,0.3910380964650329,17.072645,203.141615,151.95475382378066,29.385588132078414,23.589093525844877,1.0638590627416231,0.0150485683894011,20520.49308552506
SPARSE_231,0,35,52,0,0,0,0,0,0,0,0,0.0,9.60416696425,1.254165941650026,0.0,432.07171630859375,432.07171630859375,OM,-0.4720000028610229,0.2487053165573301,10.118943,31.36213,32.447058563466854,5.138046811933149,11.43132468582708,0.7051904161559436,0.0100151075083311,7403.651544843687
SPARSE_232,0,14,90,11,0,0,0,0,0,0,0,0.0,9.59583363095,1.1708326086500258,0.0,571.9363403320312,571.9363403320312,OM,-0.0590000003576278,0.4026286705928697,35.513184,64.900407,79.44082551256687,11.84464486240554,23.69512376409016,0.6381822153552902,0.0673102660879628,19183.373259584063
SPARSE_233,0,2,69,1,0,0,0,0,0,0,0,0.0,9.58750029765,1.2208326084500256,0.0,361.807373046875,361.807373046875,OM,-0.0689999982714653,0.2487053165573301,8.189488,78.825851,61.15286324616443,11.532224689353058,12.634322561602913,1.0891380697184545,8.811946702588446e-06,8345.72944256736
SPARSE_234,0,37,26,0,0,0,0,0,0,0,0,0.0,9.58750029765,1.3041659414500255,0.0,312.8399353027344,312.8399353027344,OM,-0.5920000076293945,0.2537129297749033,11.450198,40.651651,40.01359319318321,6.54814315155432,7.157750709568644,1.2170767449104578,0.0311158563776309,4699.608741728343
SPARSE_235,0,2,237,153,0,0,0,0,0,0,0,0.0,9.57083363105,1.1749992753000256,0.0,1960.267822265625,980.1339111328124,OM,0.367000013589859,0.339787140762192,322.294533,385.821921,581.324537058009,81.88033205471793,148.29972791022942,0.584110384999695,3.2177015149162176,147424.6307979811
SPARSE_236,0,0,60,0,0,0,0,0,0,0,0,0.0,9.57083363105,1.3458326079500256,0.0,302.0603332519531,302.0603332519531,OM,-0.209999993443489,0.0438406157974126,17.440203,61.924773,60.97250814722511,9.940107641086966,9.758043817517892,1.3267737536412807,0.0174346783185718,6476.260425960022
SPARSE_237,0,20,45,0,0,0,0,0,0,0,0,0.0,9.56250029775,0.6874992772500258,0.0,325.3645935058594,325.3645935058594,OM,-0.4199999868869781,0.2372277377816355,9.485092,25.918733,27.673289318890333,4.34085543716613,9.020832765776454,0.7432502989747639,0.0094171780760534,5880.562467476685
SPARSE_238,0,4,84,1,0,0,0,0,0,0,0,0.0,9.56250029775,0.7041659438500257,0.0,442.2714538574219,442.2714538574219,OM,-0.135000005364418,0.2372277377816355,13.645636,44.665317,44.40011908338128,7.335103315585042,15.136766334750394,0.7065372485655139,0.1081414062370623,10067.131263858033
SPARSE_239,0,8,60,1,0,0,0,0,0,0,0,0.0,9.55416696445,0.2458326123500257,0.0,347.6825256347656,347.6825256347656,OM,-0.1829999983310699,0.2961293054834905,10.337886,33.295394,33.60563380819331,5.4220268123965925,11.37048686140306,0.6988632626895951,0.0101000579039527,7681.300523075358
SPARSE_240,0,0,55,21,0,0,0,0,0,0,0,0.0,9.54583363115,0.3708326118500257,0.0,380.7450256347656,380.7450256347656,OM,0.2899999916553497,0.2961293054834905,18.291762,238.991428,176.5621077541722,34.413570035152674,25.46077344089164,1.1121002835826923,0.0413296906971531,22646.130053296074
SPARSE_241,0,20,42,0,0,0,0,0,0,0,0,0.0,9.54583363115,0.3958326117500257,0.0,310.7848815917969,310.7848815917969,OM,-0.3980000019073486,0.2961293054834905,5.290149,56.272133,42.987032528300595,8.18791952620753,8.71535429194308,1.1482427405448417,0.0001999631730172,5556.749446178683
SPARSE_242,0,40,29,0,0,0,0,0,0,0,0,0.0,9.53750029785,0.3374992786500257,0.0,342.4083251953125,342.4083251953125,OM,-0.597000002861023,0.2961293054834905,8.581286,20.463605,22.482977603738902,3.511842885417138,7.933811964420093,0.6980674151124221,0.007530311573249,5176.926835227344
SPARSE_243,0,41,142,0,0,0,0,0,0,0,0,0.0,9.5333336312,1.3458326079500256,0.0,914.4056396484376,457.2028198242187,OM,-0.3420000076293945,0.2537129297749033,45.590901,161.828883,159.35187620563366,25.97810894579723,26.33350675699281,1.2938218956191658,0.0471762958344164,17425.052328185717
SPARSE_244,0,20,44,0,0,0,0,0,0,0,0,0.0,9.52916696455,0.5958326109500257,0.0,318.55279541015625,318.55279541015625,OM,-0.4690000116825104,0.1384113293020535,7.201822,26.549217,25.641255627756586,4.2432741144738815,8.946493437723655,0.7164969247446203,0.00810091728504,5772.624793710684
SPARSE_245,0,1,226,0,0,0,0,0,0,0,0,0.0,9.526389186783334,1.231943719516693,0.0,1133.802490234375,377.9341735839844,OM,-0.1770000010728836,0.1337366819061294,30.502096,114.763388,110.41347936407868,18.275311702674756,37.99939611260747,0.7263203587177539,0.0324425426486799,24445.082628516415
SPARSE_246,0,2,88,0,0,0,0,0,0,0,0,0.0,9.52083363125,0.5541659444500258,0.0,451.0614318847656,451.0614318847656,OM,-0.25,0.1384113293020535,11.697737,46.660062,44.01786125900232,7.373551383566928,14.922581610970845,0.7357233835418331,0.0122588435776003,9600.8520062087
SPARSE_247,0,45,28,0,0,0,0,0,0,0,0,0.0,9.52083363125,0.6958326105500258,0.0,364.05133056640625,364.05133056640625,OM,-0.6060000061988831,0.2372277377816355,8.388814,21.397122,23.14826388756334,3.625718506126052,8.197222636641728,0.6995248282007415,0.0081382921090733,5324.830948463011
SPARSE_248,0,0,54,16,0,0,0,0,0,0,0,0.0,9.52083363125,1.1958326085500257,0.0,346.61669921875,346.61669921875,OM,0.2739999890327453,0.2476012895356017,36.401249,52.449619,71.9730323580671,10.30566339406477,20.35676117531368,0.5881486923051501,0.1742984756625907,18559.726189966725
SPARSE_249,0,16,123,2,0,0,0,0,0,0,0,0.0,9.51250029795,0.4999992780000257,0.0,704.369140625,352.1845703125,OM,-0.1790000051259994,0.2961293054834905,33.20379,129.44612,122.99018538729962,22.17732700624731,23.325047551323653,1.1345314069665977,1.4447605562651171,15686.414067448719
SPARSE_250,0,38,24,0,0,0,0,0,0,0,0,0.0,9.51250029795,0.6124992775500258,0.0,309.8232116699219,309.8232116699219,OM,-0.5730000138282776,0.1384113293020535,6.071426,19.05774,19.37038965486469,3.1158960097920625,7.018819576618745,0.6930200102759295,0.0056348968112121,4534.901751596675
SPARSE_251,0,14,74,0,0,0,0,0,0,0,0,0.0,9.51250029795,1.2791659415500258,0.0,443.12152099609375,443.12152099609375,OM,-0.4020000100135803,0.1337366819061294,11.191386,39.640936,38.65214316874678,6.365375445171922,13.500896718169118,0.7161509466178115,0.0109500765753623,8703.744862288695
SPARSE_252,0,39,25,0,0,0,0,0,0,0,0,0.0,9.50416696465,0.5958326109500257,0.0,319.99090576171875,319.99090576171875,OM,-0.5730000138282776,0.1384113293020535,6.165009,19.755143,19.900890792794833,3.2193212232375226,7.254643176554262,0.6892548470617987,0.0062954581761519,4694.00778276301
SPARSE_253,0,1,119,9,0,0,0,0,0,0,0,0.0,9.4916669647,1.1666659420000256,0.0,645.1617431640625,322.58087158203125,OM,0.0949999988079071,0.2476012895356017,28.397931,74.183767,79.27552193555019,12.512604262816684,26.330662775415263,0.6272755276246716,0.0256468010288681,20056.990676768397
SPARSE_254,0,1,146,0,0,0,0,0,0,0,0,0.0,9.49583363135,1.299999274800026,0.0,731.6112060546875,365.80560302734375,OM,-0.1829999983310699,0.1337366819061294,19.054777,75.004932,71.52152210770919,11.873170087587264,24.60495007713339,0.7276201067241933,0.0207144715530853,15810.068727236387
SPARSE_255,0,57,225,0,0,0,0,0,0,0,0,0.0,9.484722520283333,1.209721497383359,0.0,1412.146728515625,470.715576171875,OM,-0.3289999961853027,0.2476012895356017,71.315986,253.167823,249.31403707459933,40.63985724214744,41.02879018047847,1.2959899888582278,0.0709317577227278,27202.572969169083
SPARSE_256,0,38,93,0,0,0,0,0,0,0,0,0.0,9.4750002981,1.324999274700026,0.0,651.8736572265625,325.93682861328125,OM,-0.460999995470047,0.1337366819061294,14.06158,59.798754,55.406115915629016,9.258942073038895,18.568176888379806,0.7363592357295643,0.4120562608464044,11982.601241450702
SPARSE_257,0,25,180,0,0,0,0,0,0,0,0,0.0,9.47083363145,1.343054830183359,0.0,1025.139892578125,341.7132873535156,OM,-0.3790000081062317,0.1337366819061294,25.559753,99.348046,94.35486633673712,15.685607721940338,32.12290315138355,0.7298677755072931,0.2959470682547406,20707.990212888402
SPARSE_258,0,69,141,0,0,0,0,0,0,0,0,0.0,9.468055853683332,1.1263881643833589,0.0,1051.02001953125,350.3399963378906,OM,-0.4769999980926513,0.1329360703112113,21.791451,82.242773,78.91942810626388,13.09120400767732,29.115492335876347,0.6881139097464649,0.0222042868438658,18749.828661629053
SPARSE_259,0,0,61,0,0,0,0,0,0,0,0,0.0,9.47083363145,1.370832607850026,0.0,308.14752197265625,308.14752197265625,OM,-0.1650000065565109,0.1337366819061294,7.838659,32.62756,30.463246035564673,5.124315942195175,10.258075636750387,0.741335118417006,0.0295475038991882,6584.1980997260225
SPARSE_260,0,0,24,36,1,0,0,0,0,0,0,0.0,9.46250029815,0.8291659433500258,0.0,311.1117248535156,311.1117248535156,OM,0.5759999752044678,0.440237543583973,45.308703,131.697902,134.5154720043169,21.43391170185535,31.769016774435247,0.6057745172119505,2.428202829828861,32586.737573849223
SPARSE_261,0,42,162,0,0,0,0,0,0,0,0,0.0,9.44583363155,1.1652770531166925,0.0,1022.421142578125,340.8070373535156,OM,-0.3330000042915344,0.2476012895356017,25.026304,87.645585,85.96296595034775,14.09639703732958,30.392419969524457,0.7076813931787622,0.0244323908275606,19634.974160906062
SPARSE_262,0,3,59,0,0,0,0,0,0,0,0,0.0,9.44583363155,0.5374992778500257,0.0,313.819091796875,313.819091796875,OM,-0.3129999935626983,0.1384113293020535,9.441563,29.85485,30.172102781501145,4.875497981559694,10.068948892981613,0.736853721899402,0.0087989013702453,6521.827824395022
SPARSE_263,0,647,143,0,0,0,0,0,0,0,0,0.0,9.421759557572225,1.2208326084500256,0.0,3947.95556640625,438.6617431640625,OM,-0.6389999985694885,0.1138442012119282,52.530238,286.436053,249.654317972902,42.38973616393852,75.39415164501115,0.7939103803002872,5.711235271953253,48541.01458655372
SPARSE_264,0,31,56,3,0,0,0,0,0,0,0,0.0,9.43750029825,0.6958326105500258,0.0,450.5275573730469,450.5275573730469,OM,-0.3589999973773956,0.440237543583973,9.166224,99.979561,75.82954413152018,14.52542595853145,14.241535803064714,1.112291627216461,0.0060741250636493,10017.808524044363
SPARSE_265,0,7,216,0,0,0,0,0,0,0,0,0.0,9.42083363165,1.0874992756500257,0.0,1113.80078125,371.2669372558594,OM,-0.289000004529953,0.1329360703112113,30.35049,109.215626,106.35777030662086,17.498275434820325,36.756185617678184,0.7226821920562775,0.030549196785661,23672.71603525842
SPARSE_266,0,0,218,0,0,0,0,0,0,0,0,0.0,9.42083363165,0.5999992776000257,0.0,1090.13720703125,545.068603515625,OM,-0.0839999988675117,0.1192589605734598,40.145141,108.05478,114.98076806914824,18.132050977851097,36.03489564226231,0.7656726194417911,0.0361819162683845,23530.412880988082
SPARSE_267,0,71,88,1,0,0,0,0,0,0,0,0.0,9.4083336317,1.1333326088000255,0.0,802.0977783203125,401.04888916015625,OM,-0.4880000054836273,0.3552101504166776,15.266103,74.634825,66.77221787692058,11.266641073844784,21.059890806891985,0.7516909347067668,0.8329261897403374,13927.161904744367
SPARSE_268,0,21,48,0,0,0,0,0,0,0,0,0.0,9.41250029835,1.1791659419500258,0.0,347.5976867675781,347.5976867675781,OM,-0.4779999852180481,0.1138442012119282,8.791398,27.09927,27.456647780684214,4.444046917567165,9.638930284295256,0.7073005172276269,0.0088907292131156,6255.543846175017
SPARSE_269,0,0,70,0,0,0,0,0,0,0,0,0.0,9.40416696505,0.6124992775500258,0.0,351.31414794921875,351.31414794921875,OM,-0.0839999988675117,0.1192589605734598,9.217911,35.727124,34.21142305267375,5.666983382648963,11.760565482804791,0.7279838900722736,0.0100063064632121,7555.637163620025
SPARSE_270,0,4,107,0,0,0,0,0,0,0,0,0.0,9.39583363175,0.5874992776500257,0.0,554.6668090820312,554.6668090820312,OM,-0.3149999976158142,0.1192589605734598,13.54126,58.812402,54.191962448215016,9.12360233940724,18.293654648298215,0.7372066112931118,0.2745630850924962,11754.004522563375
SPARSE_271,0,15,45,1,0,0,0,0,0,0,0,0.0,9.38750029845,1.137499275450026,0.0,304.9617919921875,304.9617919921875,OM,-0.2960000038146972,0.3552101504166776,8.789691,26.203435,27.149057876870422,4.319772097110268,9.397364291407325,0.6779681990123577,0.0085886522677384,6420.413918387686
SPARSE_272,0,17,53,5,0,0,0,0,0,0,0,0.0,9.37916696515,0.8041659434500258,0.0,374.8055419921875,374.8055419921875,OM,-0.209999993443489,0.440237543583973,11.199385,51.094476,46.48154346152808,7.792976466508459,13.906819994066815,0.6819548356743025,0.5277107391110841,10569.024974967033
SPARSE_273,0,7,55,3,0,0,0,0,0,0,0,0.0,9.37916696515,1.237499275050026,0.0,321.13067626953125,321.13067626953125,OM,-0.1230000033974647,0.3330885775486118,16.915751,33.288695,40.03792284161815,5.95121605048277,11.671233596727422,0.7074049445140042,0.0129434279500638,8681.83027267036
SPARSE_274,0,1,61,0,0,0,0,0,0,0,0,0.0,9.36250029855,0.5874992776500257,0.0,309.8080749511719,309.8080749511719,OM,-0.2919999957084656,0.1192589605734598,7.66069,33.098725,30.54159641436141,5.141219934236233,10.3285137849708,0.736465914742835,0.1424512000453482,6635.366457126354
SPARSE_275,0,1,265,0,0,0,0,0,0,0,0,0.0,9.3583336319,1.3291659413500256,0.0,1328.5235595703125,664.2617797851562,OM,-0.1379999965429306,0.1442497809175384,47.608457,130.097723,136.95811939853232,21.76692051808872,43.955229898435675,0.7534027935165706,0.0413207312603462,28654.65190539043
SPARSE_276,0,43,59,0,0,0,0,0,0,0,0,0.0,9.32916696535,1.0541659424500258,0.0,511.32623291015625,511.32623291015625,OM,-0.4629999995231628,0.3552101504166776,21.64483,76.751187,75.59714979590976,12.322461168511854,12.988229089019988,1.2543636288411966,0.0215936853441229,8568.562120408355
SPARSE_277,0,10,136,11,0,0,0,0,0,0,0,0.0,9.31250029875,1.237499275050026,0.0,788.3865966796875,788.3865966796875,OM,-0.0270000007003545,0.3330885775486118,52.263313,87.626558,113.22393094176336,16.288446457445193,30.77531856555633,0.7130243539627984,0.037489903896021,23943.832823218745
SPARSE_278,0,84,52,0,0,0,0,0,0,0,0,0.0,9.3000002988,0.5708326110500257,0.0,684.7489013671875,342.37445068359375,OM,-0.5649999976158142,0.0190918814061628,22.395159,39.16158,49.929564407721266,7.202470534080205,15.121581745904644,0.7765007457124952,0.0173023958133173,9910.90105746002
SPARSE_279,0,0,58,6,0,0,0,0,0,0,0,0.0,9.30416696545,0.6541659440500257,0.0,320.8127136230469,320.8127136230469,OM,0.1159999966621398,0.2616295124107705,23.856724,37.021135,49.89732462546316,7.024821431133312,13.747813702421444,0.6821433109046469,0.0169614618131483,11034.544505904038
SPARSE_280,0,41,23,0,0,0,0,0,0,0,0,0.0,9.28750029885,1.1874992752500255,0.0,320.49359130859375,320.49359130859375,OM,-0.6190000176429749,0.2405888705657485,5.107546,26.655651,23.18443113588134,4.085372244939063,7.11914111653333,0.7997026075286293,0.0063190828893913,4580.469150031676
SPARSE_281,0,15,90,0,0,0,0,0,0,0,0,0.0,9.26250029895,0.7041659438500257,0.0,525.4273681640625,525.4273681640625,OM,-0.2540000081062317,0.2616295124107705,22.198186,46.848099,55.00340309023835,8.245606258737501,15.937832923867736,0.8046661847433277,0.0175090576454467,10481.915999945033
SPARSE_282,1,116,79,0,0,0,0,0,0,0,0,0.0,9.250000299,1.362499274550026,0.0,977.6376953125,488.81884765625,OM,-0.6169999837875366,0.3369139252971869,25.256853,56.8088,64.74610769016314,9.888856134882245,22.220840783795783,0.7111991714746841,0.0438737829940496,14502.306467713532
SPARSE_283,0,1,51,46,1,0,0,0,0,0,0,0.0,9.23750029905,0.7541659436500258,0.0,496.3780517578125,496.3780517578125,OM,0.4359999895095825,0.4434252510996516,68.331545,152.201888,170.32217644206327,26.602187460539565,43.506407597840216,0.579993857140861,3.5637445679139232,43509.15550205826
SPARSE_284,0,12,70,7,0,0,0,0,0,0,0,0.0,9.23750029905,1.245832608350026,0.0,449.9361877441406,449.9361877441406,OM,-0.0970000028610229,0.4026286705928697,25.693884,47.301124,57.92066977301083,9.146459456750668,17.747167454478568,0.6528075842006482,0.6249768613744515,13739.510117812708
SPARSE_285,0,20,44,3,0,0,0,0,0,0,0,0.0,9.22916696575,0.7874992768500257,0.0,334.9403381347656,334.9403381347656,OM,-0.3019999861717224,0.4434252510996516,13.618383,34.268928,37.39993739467098,5.7584875725290585,11.058353995330677,0.7049522096729556,0.22412578239092,8159.70450744869
SPARSE_286,0,64,46,0,0,0,0,0,0,0,0,0.0,9.22083363245,1.3458326079500256,0.0,552.5457763671875,552.5457763671875,OM,-0.6079999804496765,0.3369139252971869,13.760009,33.253543,36.555568815271386,5.69267904539462,12.632186412445742,0.7094115023884404,0.0121799720928715,8239.907866857351
SPARSE_287,0,15,72,0,0,0,0,0,0,0,0,0.0,9.21250029915,0.5874992776500257,0.0,435.5819091796875,435.5819091796875,OM,-0.44200000166893,0.0289913768485366,8.752757,93.366735,71.20765617761876,13.565876713796897,13.429022790763677,1.2246237499859882,0.0476118798082623,8539.037872157027
SPARSE_288,0,2,71,0,0,0,0,0,0,0,0,0.0,9.18750029925,1.4124992743500258,0.0,362.3947143554687,362.3947143554687,OM,-0.2741443989721445,0.130005542245925,10.015417,35.872765,35.265442283541674,5.751270279493634,12.05612225832239,0.7279429814188207,0.0100102242319843,7765.911552186693
SPARSE_289,0,0,64,0,0,0,0,0,0,0,0,0.0,9.17916696595,1.1958326085500257,0.0,322.47296142578125,322.47296142578125,OM,-0.1280000060796737,0.1673947385597473,9.72168,32.244132,32.1158770268523,5.227441633140747,10.68639508204821,0.740579398377391,0.0093753795851286,6908.011121024023
SPARSE_290,0,31,32,0,0,0,0,0,0,0,0,0.0,9.15416696605,1.5291659405500255,0.0,314.7419738769531,314.7419738769531,OM,-0.5350000262260437,0.076813636661188,6.726634,20.851347,21.220700289139664,3.415907395076587,7.785719689755597,0.6851894246862716,0.0062018222173801,5040.224639922346
SPARSE_291,0,69,158,0,0,0,0,0,0,0,0,0.0,9.1416669661,1.5124992739500258,0.0,1137.21728515625,568.608642578125,OM,-0.4839999973773956,0.076813636661188,26.307512,90.672272,89.21014468516594,14.616931294721637,31.91385450569133,0.7023978690631074,0.0253380710808128,20584.76911565106
SPARSE_292,0,9,52,0,0,0,0,0,0,0,0,0.0,9.13750029945,1.154165942050026,0.0,303.24200439453125,303.24200439453125,OM,-0.3569999933242798,0.1673947385597473,7.73498,27.724265,27.197452553198215,4.444403865752973,9.421295364027726,0.7201844085398612,0.008046579469433,6073.27425243502
SPARSE_293,0,9,127,0,0,0,0,0,0,0,0,0.0,9.12083363285,1.533332607200026,0.0,677.8545532226562,338.9272766113281,OM,-0.3840000033378601,0.076813636661188,18.765682,65.316786,64.08914796894386,10.514292849157084,21.96760387798195,0.7259999853090154,0.0184150876502134,14168.599784885046
SPARSE_294,0,0,114,0,0,0,0,0,0,0,0,0.0,9.07083363305,0.6958326105500258,0.0,572.5846557617188,572.5846557617188,OM,-0.1369999945163726,0.1449568994155489,18.240393,59.749234,60.28005337264731,9.70545616952411,19.01335478101892,0.770407321166993,0.0175394365834657,12304.894809324041
SPARSE_295,0,20,69,4,0,0,0,0,0,0,0,0.0,9.07083363305,1.137499275450026,0.0,466.7784423828125,466.7784423828125,OM,-0.209999993443489,0.4026286705928697,19.506376,44.060935,49.957555452410766,7.644426999446313,15.855644987922105,0.6713911404964736,0.0155077056555217,11653.839589511366
SPARSE_296,0,12,117,0,0,0,0,0,0,0,0,0.0,9.06250029975,0.6166659442000257,0.0,645.3143310546875,322.65716552734375,OM,-0.3420000076293945,0.1449568994155489,20.326942,61.841652,63.99576104971625,10.167530471712595,20.3931252089845,0.7605183890202035,0.0224800397549231,13242.728119426041
SPARSE_297,0,135,82,0,0,0,0,0,0,0,0,0.0,9.0583336331,1.2958326081500258,0.0,1085.21826171875,542.609130859375,OM,-0.5849999785423279,0.1612203356581144,27.62484,61.662367,70.02164236180877,10.728257880778733,24.13343444783823,0.7089047947987299,0.0241228100582671,15758.61749785703
SPARSE_298,0,6,55,0,0,0,0,0,0,0,0,0.0,9.05416696645,1.0791659423500255,0.0,306.0765075683594,306.0765075683594,OM,-0.2300000041723251,0.2352568780761096,11.565845,29.558752,32.43560299703498,5.005918787336868,9.54187698495896,0.801355928799221,0.0199643131501114,6243.582201532021
SPARSE_299,11,24,19,6,1,0,0,0,0,0,0,0.0,9.03750029985,1.254165941650026,0.0,313.7204895019531,313.7204895019531,OM,-0.7559999823570251,0.9990189778498564,18.168128,29.244604,37.74506016086657,5.494649295914049,11.227062006067172,0.5895107607963942,0.0125460223032452,9841.001244616318
SPARSE_300,0,26,167,0,0,0,0,0,0,0,0,0.0,9.0250002999,1.2833326082000256,0.0,962.0341796875,481.01708984375,OM,-0.3569999933242798,0.1612203356581144,24.464637,87.895299,86.35228257523711,14.085736141917971,30.071426922131053,0.71819557890966,0.0251630126909776,19355.968811330727
SPARSE_301,0,1,355,33,0,0,0,0,0,0,0,0.0,9.018055855483333,1.1208326088500256,0.0,1944.7763671875,648.2587890625,OM,0.1379999965429306,0.2352568780761096,113.044124,224.979047,264.73388639746463,41.92908484500916,82.90243388786035,0.6387381169678782,2.0965053490189605,64626.91939544855
SPARSE_302,0,29,52,2,0,0,0,0,0,0,0,0.0,9.01250029995,0.6874992772500258,0.0,414.3252258300781,414.3252258300781,OM,-0.3790000081062317,0.4026286705928697,13.969914,36.138131,38.7850568388282,6.282645705291066,12.411678202821903,0.7012204272225354,0.2951443759959431,8688.027876267026
SPARSE_303,10,25,24,9,1,0,0,0,0,0,0,0.0,9.01250029995,1.1874992752500255,0.0,356.7257080078125,356.7257080078125,OM,-0.5860000252723694,0.9990189778498564,26.02894,36.509288,49.7968956081916,7.769472322142033,14.360586280123526,0.5925785649522805,0.8462993342788111,12779.236902823828
SPARSE_304,21,138,138,21,0,0,0,0,0,0,0,0.0,9.00416696665,1.409721496583359,0.0,1587.544189453125,529.181396484375,OM,-0.5339999794960022,0.6667649317433912,68.997063,126.039334,155.05267524384587,22.931818639132377,49.87573838079208,0.6144335621408902,0.0508736559827105,39499.9067140976
SPARSE_305,13,39,19,1,0,0,0,0,0,0,0,0.0,9.01250029995,1.587499273650026,0.0,363.1633605957031,363.1633605957031,OM,-0.9350000023841858,0.6667649317433912,9.534609,18.845725,22.878797660259053,3.3717684435068476,7.720539627808652,0.6751650113939808,0.014192494262834,5358.18514097051
SPARSE_306,0,17,66,0,0,0,0,0,0,0,0,0.0,8.99583363335,1.1041659422500256,0.0,413.4581604003906,413.4581604003906,OM,-0.3409999907016754,0.2352568780761096,19.045378,35.150751,43.57506059890468,6.3792720347956635,12.11046102740752,0.8269671099958701,0.0151515120172691,7993.7485443616915
SPARSE_307,0,1,76,0,0,0,0,0,0,0,0,0.0,8.98750030005,1.3291659413500256,0.0,387.7853393554687,387.7853393554687,OM,-0.2899999916553497,0.1150086939624845,8.472753,77.208983,60.442902688844704,11.330851175948473,12.982876662294863,1.093898223035718,0.0017630200412691,8254.431563616361
SPARSE_308,0,22,41,1,0,0,0,0,0,0,0,0.0,8.970833633449999,0.6791659439500257,0.0,320.3540344238281,320.3540344238281,OM,-0.3790000081062317,0.4026286705928697,8.611559,28.410454,28.43572131317748,4.590378354116197,9.3050782453518,0.7091169630293298,0.0861011254225568,6346.841725126018
SPARSE_309,0,4,355,0,0,0,0,0,0,0,0,0.0,8.943750300225,1.1270826088250256,0.0,1795.05224609375,448.7630615234375,OM,-0.3070000112056732,0.0151437624215632,91.559055,173.506909,213.7996900547322,31.291506760033386,58.30281774062253,0.8388452374245904,0.0765583742719031,38522.54761653146
SPARSE_310,0,2,152,0,0,0,0,0,0,0,0,0.0,8.95416696685,1.2124992751500256,0.0,772.5840454101562,772.5840454101562,OM,-0.2870000004768371,0.1150086939624845,23.242085,75.933378,77.06494409204448,12.338854393926304,25.51843601263946,0.7414789745763359,0.0231498743064619,16508.863127232722
SPARSE_311,0,8,55,0,0,0,0,0,0,0,0,0.0,8.94583363355,1.154165942050026,0.0,313.630615234375,313.630615234375,OM,-0.3869999945163727,0.1265859368407917,8.428605,28.682264,28.25525593459553,4.63960144473344,9.826179990492804,0.7169040726769365,0.0182594827603679,6345.918916332688
SPARSE_312,0,2,192,0,0,0,0,0,0,0,0,0.0,8.93750030025,1.1708326086500258,0.0,969.245849609375,323.0819396972656,OM,-0.231000006198883,0.1265859368407917,25.447957,96.890026,92.81508421876238,15.404544296437004,32.38011023561384,0.7190965033267104,0.0269309212232016,20826.37007787274
SPARSE_313,0,34,100,0,0,0,0,0,0,0,0,0.0,8.9416669669,1.4208326076500255,0.0,669.164794921875,334.5823974609375,OM,-0.3569999933242798,0.2651650429449553,16.240349,55.696136,54.79496116834019,8.985053970647947,19.430806026136334,0.7071732454709736,0.0155858091361474,12533.49152821137
SPARSE_314,0,1,148,0,0,0,0,0,0,0,0,0.0,8.92083363365,1.1041659422500256,0.0,745.9173583984375,745.9173583984375,OM,-0.2829999923706054,0.0151437624215632,38.105671,72.230488,88.99016890431864,13.025411600633085,24.259232576778235,0.8392463399693193,0.0299719818795896,16025.94407476839
SPARSE_315,0,50,15,0,0,0,0,0,0,0,0,0.0,8.92083363365,1.4124992743500258,0.0,328.0178527832031,328.0178527832031,OM,-0.7319999933242798,0.2651650429449553,5.920715,15.983219,17.022044594034956,2.6799887993817872,6.459196867513697,0.6670483606734341,0.0051554270418307,4177.482976506672
SPARSE_316,0,64,15,0,0,0,0,0,0,0,0,0.0,8.90416696705,1.5124992739500258,0.0,392.4214782714844,392.4214782714844,OM,-0.7319999933242798,0.2230358743344094,4.372389,37.537127,29.730015102553786,5.525902683650868,7.668490062299619,0.9342860227871208,0.0073266768048107,4893.839980111339
SPARSE_317,1,122,223,6,0,0,0,0,0,0,0,0.0,8.87083363385,0.6541659440500257,0.0,1762.0667724609375,587.3555908203125,OM,-0.3790000081062317,0.4026286705928697,61.415973,135.42022,154.48367722405217,25.327479777332055,51.39136054367247,0.6954017961681028,1.9198312179479184,35126.50106189559
SPARSE_318,0,30,62,0,0,0,0,0,0,0,0,0.0,8.87083363385,0.5791659443500258,0.0,456.5711059570313,456.5711059570313,OM,-0.4259999990463257,0.242749075248933,11.779311,39.236622,38.582748959114994,6.345412826158432,12.686808810576602,0.7453183936319783,0.0585546313877013,8227.186495502023
SPARSE_319,0,10,57,0,0,0,0,0,0,0,0,0.0,8.82083363405,1.5208326072500258,0.0,337.3158874511719,337.3158874511719,OM,-0.3059999942779541,0.2230358743344094,8.303258,30.157737,29.275916813318055,4.825593167069759,10.353384447813315,0.7105480465896215,0.0083977267325032,6664.130978665355
SPARSE_320,0,76,63,0,0,0,0,0,0,0,0,0.0,8.81250030075,0.5999992776000257,0.0,694.838134765625,347.4190673828125,OM,-0.5640000104904175,0.242749075248933,18.304306,42.212312,47.474384571178426,7.293639516669845,16.377361059124777,0.7089482630781994,0.0163622653032966,10688.868609683357
SPARSE_321,0,50,38,0,0,0,0,0,0,0,0,0.0,8.78750030085,0.4874992780500257,0.0,441.6602478027344,441.6602478027344,OM,-0.578000009059906,0.242749075248933,7.774005,36.263629,32.665118286113085,5.469261409390914,10.31458793640535,0.7667471096080183,0.5164584621294579,6660.049473124681
SPARSE_322,0,25,60,0,0,0,0,0,0,0,0,0.0,8.77916696755,0.4208326116500257,0.0,427.8767700195313,427.8767700195313,OM,-0.4670000076293945,0.1280615514782118,18.511842,63.780499,62.204371396556226,11.215166339275832,12.037312071708856,1.1608626596187617,0.9504714929142908,7755.469360968355
SPARSE_323,0,34,28,0,0,0,0,0,0,0,0,0.0,8.77916696755,0.4541659448500257,0.0,308.4742736816406,308.4742736816406,OM,-0.5640000104904175,0.242749075248933,5.532342,25.84462,23.27517336572609,3.8994798836747058,7.375721086693834,0.7649550198381372,0.3584189934287455,4761.979017059343
SPARSE_324,0,2,525,0,0,0,0,0,0,0,0,0.0,8.7750003009,0.6708326106500258,0.0,2638.1435546875,1319.07177734375,OM,-0.2720000147819519,0.0943053576278357,80.188191,265.777712,263.48941893587295,43.09310774968839,88.49819467322794,0.7412874176692215,0.0752218327909225,56769.61544195086
SPARSE_325,0,2,60,0,0,0,0,0,0,0,0,0.0,8.77916696755,1.5624992737500256,0.0,307.1975402832031,307.1975402832031,OM,-0.0979999974370002,0.2230358743344094,6.798979,61.70836,48.263633527861245,9.052606253542722,10.31864328088946,1.0951141382590763,0.0120690799143864,6578.5971407606885
SPARSE_326,0,25,37,0,0,0,0,0,0,0,0,0.0,8.77083363425,1.129165942150026,0.0,310.8586120605469,310.8586120605469,OM,-0.5099999904632568,0.0893599430883273,8.758892,22.61941,24.729704983057065,3.8232951913927935,8.07981962037933,0.7399977407715844,0.0075589809672699,5272.902864350347
SPARSE_327,0,26,51,0,0,0,0,0,0,0,0,0.0,8.77083363425,1.479165940750026,0.0,382.108154296875,382.108154296875,OM,-0.4399999976158142,0.2230358743344094,10.922174,29.134449,31.510191554893503,4.895548808780095,10.497596836237948,0.7309045869389411,0.0098651279823115,6835.198654474685
SPARSE_328,0,43,36,0,0,0,0,0,0,0,0,0.0,8.76250030095,0.5041659446500257,0.0,396.6310729980469,396.6310729980469,OM,-0.5640000104904175,0.242749075248933,11.512959,25.885421,28.821814817286047,4.674464277183388,9.363831658474604,0.7464501677567307,0.2185573891749352,6085.995623790347
SPARSE_329,0,0,219,0,0,0,0,0,0,0,0,0.0,8.75416696765,0.4124992783500257,0.0,1094.0386962890625,1094.0386962890625,OM,-0.0879999995231628,0.1280615514782118,56.958852,196.581226,191.57312246953208,34.5594095484682,36.743644643584176,1.1715340118735147,2.936465709742397,23638.350554754077
SPARSE_330,0,39,32,0,0,0,0,0,0,0,0,0.0,8.75416696765,0.5458326111500257,0.0,356.1995849609375,356.1995849609375,OM,-0.5640000104904175,0.242749075248933,10.371565,23.135958,25.83293505966769,4.188374857706065,8.383893460842375,0.746892654663316,0.2001241551588985,5449.571499125012
SPARSE_331,0,89,149,0,0,0,0,0,0,0,0,0.0,8.75416696765,0.6666659440000258,0.0,1189.257568359375,594.6287841796875,OM,-0.503000020980835,0.0943053576278357,31.436129,89.131853,92.83688495844356,14.817611792509608,31.95590298514286,0.7205927721686616,0.0280018608512053,20636.697199763723
SPARSE_332,0,50,20,0,0,0,0,0,0,0,0,0.0,8.75416696765,1.5541659404500257,0.0,350.3749694824219,350.3749694824219,OM,-0.6600000262260437,0.2230358743344094,4.028823,51.472702,38.29456358869744,7.419044708833355,7.402631362532808,1.1994143574646814,0.0092779032995461,4717.171345336674
SPARSE_333,0,10,115,0,0,0,0,0,0,0,0,0.0,8.72916696775,0.3958326117500257,0.0,625.304443359375,625.304443359375,OM,-0.3580000102519989,0.1280615514782118,14.087214,68.369682,61.115252735260505,10.55826909812198,20.23514096938626,0.7574403300842675,0.019715288396729,12924.516057093375
SPARSE_334,0,45,16,0,0,0,0,0,0,0,0,0.0,8.720833634449999,0.5208326112500258,0.0,302.69403076171875,302.69403076171875,OM,-0.6880000233650208,0.242749075248933,6.298487,20.437071,20.22252519109356,3.2261933091304753,6.188116604313601,0.7760292285483215,0.284794469038488,4029.578863271006
SPARSE_335,0,75,62,0,0,0,0,0,0,0,0,0.0,8.7166669678,0.5874992776500257,0.0,681.7294921875,340.86474609375,OM,-0.5640000104904175,0.242749075248933,14.776333,53.302853,51.28702080938716,8.355312488906659,16.19817542608564,0.7613307087346084,0.592937294809513,10529.762578517022
SPARSE_336,0,2,64,0,0,0,0,0,0,0,0,0.0,8.70416696785,0.4458326115500257,0.0,331.4612731933594,331.4612731933594,OM,-0.3062000036239624,0.1280615514782118,16.854837,58.242337,56.68992337310751,10.21366468771818,10.883751224000385,1.1693293305011196,0.8429473969351434,7010.347835824691
SPARSE_337,0,3,87,0,0,0,0,0,0,0,0,0.0,8.70416696785,1.2291659417500256,0.0,449.7457885742187,449.7457885742187,OM,-0.3009999990463257,0.1265859368407917,14.395996,43.388773,44.20387656897798,7.140067271147547,14.693508874903522,0.7370055189620985,0.0128959069219151,9544.082689843033
SPARSE_338,1,45,25,0,0,0,0,0,0,0,0,0.0,8.70416696785,1.470832607450026,0.0,359.0432434082031,359.0432434082031,OM,-0.6830000281333923,0.3988931159213775,8.214365,19.523991,22.096825883122815,3.35276986520424,7.745465343479631,0.7014390083475832,0.0069191959865192,5040.718708925843
SPARSE_339,0,33,72,3,0,0,0,0,0,0,0,0.0,8.69583363455,0.7708326102500258,0.0,534.6929321289062,534.6929321289062,OM,-0.3310000002384186,0.4026286705928697,17.996351,45.743391,49.843498799298,7.754758466139683,16.759995973795498,0.6685363382072892,0.0153710648518049,11847.148019101032
SPARSE_340,0,6,79,0,0,0,0,0,0,0,0,0.0,8.67916696795,0.6374992774500258,0.0,426.265869140625,426.265869140625,OM,-0.3875000178813934,0.0943053576278357,11.976009,42.354035,41.23870370135913,6.780188980742598,13.757606506464832,0.7440015873247869,0.0834743472394959,8834.08637191603
SPARSE_341,0,14,48,0,0,0,0,0,0,0,0,0.0,8.67916696795,1.0041659426500256,0.0,312.94085693359375,312.94085693359375,OM,-0.3919999897480011,0.1951614667184527,5.751962,57.133232,44.11957897944021,8.343667807580129,9.26139331766472,1.1150599954363944,0.0002468317665962,5897.365344372685
SPARSE_342,0,7,59,0,0,0,0,0,0,0,0,0.0,8.67083363465,1.5291659405500255,0.0,326.5437927246094,326.5437927246094,OM,-0.4079999923706054,0.0254558387279191,11.566055,55.737233,50.17749567831672,8.614020275108693,10.312400237324365,1.0942793954401764,0.0134679054681482,6726.5012539963545
SPARSE_343,0,7,73,0,0,0,0,0,0,0,0,0.0,8.65416696805,0.4874992780500257,0.0,402.8658447265625,402.8658447265625,OM,-0.3630000054836273,0.1280615514782118,12.641393,37.419777,38.58533662867575,6.173863751795634,12.706601111511027,0.7428708405115033,0.0255827718061835,8237.62868672036
SPARSE_344,0,9,57,0,0,0,0,0,0,0,0,0.0,8.64583363475,1.029165942550026,0.0,330.7955017089844,330.7955017089844,OM,-0.3400000035762787,0.1747951183422347,12.849572,28.997149,33.41965709631501,5.031951115737173,10.077968700541245,0.7816572089257433,0.0104511745994986,6612.962621265021
SPARSE_345,0,6,84,0,0,0,0,0,0,0,0,0.0,8.629166968149999,0.6124992775500258,0.0,453.5621948242187,453.5621948242187,OM,-0.3875000178813934,0.0943053576278357,13.706961,42.957244,43.37359022837189,7.025205706890291,14.487689197626896,0.7373189265352107,0.0125180313927993,9373.77474074603
SPARSE_346,0,64,21,0,0,0,0,0,0,0,0,0.0,8.629166968149999,1.0041659426500256,0.0,426.4039916992187,426.4039916992187,OM,-0.6679999828338623,0.1951614667184527,11.166379,20.901286,25.91113147511854,3.781692013625359,8.494101156503573,0.7339691887135551,0.0098132626350404,5541.46602270734
SPARSE_347,0,21,46,0,0,0,0,0,0,0,0,0.0,8.629166968149999,1.0874992756500257,0.0,336.03204345703125,336.03204345703125,OM,-0.4519999921321869,0.1747951183422347,5.784338,59.500395,45.652286936977255,8.669762108656997,9.494818777760106,1.1255991764269562,0.0055916981151217,6039.668498643016
SPARSE_348,0,393,223,0,0,0,0,0,0,0,0,0.0,8.6083336349,0.4749992781000257,0.0,3079.53466796875,769.8836669921875,OM,-0.5870000123977661,0.1460000127553939,61.640973,226.909582,217.0424733483616,35.33124936990792,68.1649849654907,0.7656355737732091,3.0405873997346964,44179.26570814909
SPARSE_349,0,88,262,14,0,0,0,0,0,0,0,0.0,8.6083336349,1.0041659426500256,0.0,1820.7218017578125,910.3609008789062,OM,-0.2540000081062317,0.4026286705928697,85.276735,164.387669,201.63640673543372,29.52837669267087,59.82127398475336,0.7056468155838331,0.0671509098554924,43922.1913086988
SPARSE_350,0,30,86,0,0,0,0,0,0,0,0,0.0,8.60416696825,0.4958326113500257,0.0,579.0546875,579.0546875,OM,-0.4409999996423721,0.1460000127553939,17.762778,47.417589,50.35864081495549,7.9553951725284495,16.61819258456832,0.73725736514324,0.0714672333814266,10817.690665886032
SPARSE_351,0,1,91,0,0,0,0,0,0,0,0,0.0,8.59583363495,0.5708326110500257,0.0,461.3495178222656,461.3495178222656,OM,-0.2549999952316284,0.1280615514782118,12.466813,48.302431,45.9884207664715,7.6169509040970915,15.33317061415363,0.7419577330895347,0.17619222904004,9873.496670106368
SPARSE_352,0,55,8,0,0,0,0,0,0,0,0,0.0,8.58750030165,1.0791659423500255,0.0,315.0682373046875,315.0682373046875,OM,-0.7360000014305115,0.1747951183422347,6.702828,13.366031,16.15196853785862,2.3829319700991,5.680932797384483,0.7011675788261896,0.0107881851675754,3677.7610471463368
SPARSE_353,8,26,23,6,0,0,0,0,0,0,0,0.0,8.57083363505,1.037499275850026,0.0,320.2137145996094,320.2137145996094,OM,-0.6349999904632568,0.8293135679846014,14.968353,26.464768,33.749691960753104,4.8536169191481475,10.67651798365004,0.5894228851306191,0.013826050834436,8904.709470589354
SPARSE_354,17,70,77,24,2,0,0,0,0,0,0,0.0,8.56250030175,0.958332609500026,0.0,957.4776611328124,478.73883056640625,OM,-0.4539999961853027,0.8293135679846014,47.596623,102.745198,119.1766910840475,17.99618916858467,39.49378061795193,0.54753591569582,0.0401292774575919,34367.09057506184
SPARSE_355,0,23,47,1,0,0,0,0,0,0,0,0.0,8.55416696845,1.4124992743500258,0.0,360.6788024902344,360.6788024902344,OM,-0.3540000021457672,0.3988931159213775,7.067505,54.102475,43.522427583471625,8.026001684293567,10.542612138690126,0.9387068587596004,0.0111766041303643,7045.6361251223525
SPARSE_356,0,3,64,0,0,0,0,0,0,0,0,0.0,8.52916696855,0.6041659442500258,0.0,334.9813232421875,334.9813232421875,OM,-0.2949999868869781,0.1460000127553939,9.666191,32.517593,32.60774850914949,5.260639804040655,10.957926227033834,0.7363766339796561,0.017470744640024,7061.516193225024
SPARSE_357,0,11,195,12,0,0,0,0,0,0,0,0.0,8.501389190883334,1.0819437201166924,0.0,1092.1895751953125,364.0632019042969,OM,-0.0340000018477439,0.3079193727073804,60.416889,113.423507,139.60579705553872,20.500810701539255,41.38632925751368,0.6887740748615884,0.0457979772605779,31159.017170725765
SPARSE_358,0,84,63,0,0,0,0,0,0,0,0,0.0,8.50416696865,1.1166659422000258,0.0,734.5697631835938,367.2848815917969,OM,-0.5910000205039978,0.3079193727073804,10.162034,86.495429,68.54623854693287,12.739653874293309,17.42269086733319,0.9473797150202796,0.0175275006300367,11098.215468886025
SPARSE_359,0,38,38,0,0,0,0,0,0,0,0,0.0,8.48750030205,1.0958326089500257,0.0,380.2820739746094,380.2820739746094,OM,-0.5400000214576721,0.3079193727073804,11.743665,24.191381,28.316386016345845,4.280449050634259,9.220309512400895,0.7367012903098834,0.0088713194141775,6046.0291843206805
SPARSE_360,0,45,17,0,0,0,0,0,0,0,0,0.0,8.47916696875,1.3291659413500256,0.0,309.7511291503906,309.7511291503906,OM,-0.6110000014305115,0.1281067275190811,7.527838,15.474904,18.479430900504113,2.7394483256565474,6.354039131612064,0.7098243854387197,0.0058096432995018,4137.516537037007
SPARSE_361,0,16,125,0,0,0,0,0,0,0,0,0.0,8.42916696895,1.2499992750000255,0.0,702.9110107421875,351.45550537109375,OM,-0.3799999952316284,0.1281067275190811,27.370681,63.20274,71.14497900626861,10.91653562592799,21.86403022505088,0.7735039025883355,0.0220616985200896,14310.90293915538
SPARSE_362,0,18,45,1,0,0,0,0,0,0,0,0.0,8.42083363565,0.9958326093500256,0.0,318.0332336425781,318.0332336425781,OM,-0.3199999928474426,0.3678735056236871,10.285925,27.23083,29.236729764509505,4.5819250677667425,9.580018010670615,0.7031754785943152,0.0087750901768059,6573.918990588685
SPARSE_363,0,13,72,4,0,0,0,0,0,0,0,0.0,8.39583363575,0.9874992760500256,0.0,448.0025634765625,448.0025634765625,OM,-0.1449999958276748,0.3678735056236871,19.653134,42.849589,49.3090938334502,7.490040423030959,15.79891251854801,0.6654948389823399,0.015579724702403,11619.474109007035
SPARSE_364,0,4,82,0,0,0,0,0,0,0,0,0.0,8.36250030255,1.362499274550026,0.0,430.6410827636719,430.6410827636719,OM,-0.3240000009536743,0.1281067275190811,13.956079,43.680842,44.56361231902991,7.144733384059193,13.93761892687892,0.7721501948985491,0.0136398855101411,9055.562678413364
SPARSE_365,0,40,112,5,0,0,0,0,0,0,0,0.0,8.3083336361,0.9291659429500256,0.0,787.04443359375,393.522216796875,OM,-0.270000010728836,0.4026286705928697,23.627273,82.265089,80.57546831566441,13.064648845446074,25.54825848467131,0.6974302971230097,0.605764896649876,18114.21994736872
SPARSE_366,0,44,64,1,0,0,0,0,0,0,0,0.0,8.27083363625,1.1124992755500256,0.0,548.9559326171875,548.9559326171875,OM,-0.4339999854564667,0.4026286705928697,13.10033,41.403684,41.954061162065365,6.762165673656321,14.902685199007498,0.680699639060082,0.0123041152694469,9955.112084551358
SPARSE_367,0,1,201,0,0,0,0,0,0,0,0,0.0,8.23750030305,0.7749992769000258,0.0,1008.0828857421876,504.04144287109375,OM,-0.2590000033378601,0.0579827576588771,50.304026,97.848216,118.71284258670912,17.539484434954968,32.83479710485391,0.8281717186317039,0.0379172115952646,21746.640784366406
SPARSE_368,0,26,38,1,0,0,0,0,0,0,0,0.0,8.23750030305,0.9791659427500258,0.0,326.976806640625,326.976806640625,OM,-0.4339999854564667,0.4026286705928697,5.67272,60.5933,46.2012802807785,8.814637374502617,9.2962633035331,1.1001825886984415,1.1315642788163126e-05,6227.7021334293495
SPARSE_369,0,0,431,0,0,0,0,0,0,0,0,0.0,8.218055858683334,0.8097214989833591,0.0,2156.4736328125,718.8245239257812,OM,-0.1770000010728836,0.0579827576588771,54.263947,225.602989,210.53998860621135,35.309902917452305,72.5196266896062,0.7276646561294929,0.6220004684974413,46521.137393146164
SPARSE_370,0,23,227,42,0,0,0,0,0,0,0,0.0,8.21250030315,0.8833326098000257,0.0,1462.92919921875,731.464599609375,OM,0.0350000001490116,0.4026286705928697,60.984643,567.14757,437.0582799568372,83.07913577634541,71.71252780903852,1.0667435657275808,0.1082064120542741,59097.84015742186
SPARSE_371,0,26,36,1,0,0,0,0,0,0,0,0.0,8.20416696985,0.6874992772500258,0.0,312.4325866699219,312.4325866699219,OM,-0.4510000050067901,0.4026286705928697,10.82163,23.56719,27.452950057224452,4.12022410710923,8.67847642102345,0.7131520545801502,0.0087609066682698,6011.826785897349
SPARSE_372,4,55,98,27,1,0,0,0,0,0,0,0.0,8.20416696985,0.9833326094000258,0.0,928.94921875,464.474609375,OM,-0.2290000021457672,0.6639160937541732,33.898536,349.794704,266.2326933885662,50.942799539802984,43.03686767428787,1.0544892501014915,0.0681603379665676,36385.9490753809
SPARSE_373,0,18,50,2,0,0,0,0,0,0,0,0.0,8.195833636549999,0.6208326108500257,0.0,348.9160461425781,348.9160461425781,OM,-0.2680000066757202,0.4026286705928697,12.975739,30.942748,34.99843255803948,5.316898848871249,11.158487067155807,0.6931186844875992,0.0166068283617909,7909.300597331357
SPARSE_374,11,69,62,8,0,0,0,0,0,0,0,0.0,8.18750030325,0.954165942850026,0.0,754.6602783203125,754.6602783203125,OM,-0.5910000205039978,0.6639160937541732,31.284085,56.570867,71.32830156574231,10.317622468027489,22.03853081202863,0.6486748818835258,0.0235631827989144,17025.006936785547
SPARSE_375,0,6,147,0,0,0,0,0,0,0,0,0.0,8.17916696995,0.6541659440500257,0.0,766.2427368164062,766.2427368164062,OM,-0.3339999914169311,0.1166726129952215,31.139359,74.121986,83.78962638500381,12.725216213122016,24.732990968924184,0.7984822619667756,0.0264611766616488,16173.848188004054
SPARSE_376,0,128,55,0,0,0,0,0,0,0,0,0.0,8.1750003033,1.137499275450026,0.0,916.3997802734376,458.1998901367187,OM,-0.6949999928474426,0.3011315099647869,11.587715,96.744389,77.00968149448174,14.267882897122876,19.591274883339693,0.94581546882816,0.0191344193082757,12486.12180437269
SPARSE_377,0,9,57,0,0,0,0,0,0,0,0,0.0,8.17916696995,1.462499274150026,0.0,331.8370666503906,331.8370666503906,OM,-0.289000004529953,0.2306590543528738,9.869582,56.470492,48.19720861562453,8.578576223743777,10.202242801125038,1.0788208644719537,0.0133216614833057,6612.962621265021
SPARSE_378,14,65,44,4,0,0,0,0,0,0,0,0.0,8.16250030335,1.0458326091500258,0.0,643.3963623046875,643.3963623046875,OM,-0.7390000224113464,0.6639160937541732,22.193005,40.133034,50.37966634789753,7.319688309129022,16.050454138484714,0.6649297811309931,0.0162152678294844,11813.784773028025
SPARSE_379,0,0,61,0,0,0,0,0,0,0,0,0.0,8.14583363675,0.6791659439500257,0.0,305.7272033691406,305.7272033691406,OM,-0.1689999997615814,0.1166726129952215,9.644264,30.466644,30.706685207457255,4.976224004499316,10.183686986559978,0.7420049709720886,0.0091077725390018,6584.1980997260225
SPARSE_380,0,73,77,0,0,0,0,0,0,0,0,0.0,8.1416669701,1.137499275450026,0.0,748.0443115234375,374.0221557617187,OM,-0.5239999890327454,0.3011315099647869,21.574616,49.1374,56.45127999639526,8.51061691354942,18.395886971817525,0.7370430505876947,0.0176917260309953,12046.490970206363
SPARSE_381,0,30,42,0,0,0,0,0,0,0,0,0.0,8.14583363675,1.4041659410500258,0.0,359.42431640625,359.42431640625,OM,-0.488999992609024,0.2306590543528738,7.639995,25.795858,25.48655013773841,4.170992271364061,9.400366263175265,0.6855647215338588,0.0074998237275944,6068.433020182016
SPARSE_382,0,21,69,0,0,0,0,0,0,0,0,0.0,8.13750030345,1.462499274150026,0.0,453.2705993652344,453.2705993652344,OM,-0.3680000007152557,0.2306590543528738,10.90657,37.769341,37.01687404771197,6.0970386574711375,13.20239333734526,0.7036699364263218,0.0273669560147063,8522.234995261024
SPARSE_383,0,17,75,6,0,0,0,0,0,0,0,0.0,8.12916697015,0.7708326102500258,0.0,490.2072143554687,490.2072143554687,OM,-0.1620000004768371,0.4026286705928697,29.111924,68.440523,77.91943821666749,11.794243984163312,18.03166877070584,0.8349394202795255,0.0686798660475731,13739.347035731707
SPARSE_384,0,25,54,0,0,0,0,0,0,0,0,0.0,8.12916697015,1.1124992755500256,0.0,396.8069763183594,396.8069763183594,OM,-0.392333327482144,0.3011315099647869,12.438112,30.496888,33.9755050934121,5.205347522504275,10.85705603610294,0.7498427273357343,0.0104328279248456,7107.843318372354
SPARSE_385,0,2,61,0,0,0,0,0,0,0,0,0.0,8.104166970249999,1.6208326068500258,0.0,313.4830322265625,313.4830322265625,OM,-0.1969999969005584,0.1748628834570809,8.875666,30.710543,30.243335839437595,4.94793899315899,10.37045165235642,0.725799083550782,0.0086107730616025,6686.53481452669
SPARSE_386,0,12,50,4,0,0,0,0,0,0,0,0.0,8.08750030365,0.7624992769500257,0.0,327.3725891113281,327.3725891113281,OM,-0.1620000004768371,0.4026286705928697,12.425874,35.374418,37.116230003592,5.876820960008429,12.197010204128103,0.6394161482845175,0.0111152847451847,9193.676928754694
SPARSE_387,0,5,171,16,0,0,0,0,0,0,0,0.0,8.08750030365,1.137499275450026,0.0,962.3553466796876,962.3553466796876,OM,0.0419999994337558,0.3011315099647869,61.919562,107.573946,136.5817988402118,19.815563058786488,39.761732891764545,0.6644590348598503,0.0442948513030521,31444.27580759043
SPARSE_388,0,22,101,0,0,0,0,0,0,0,0,0.0,8.08750030365,1.370832607850026,0.0,616.9329223632812,616.9329223632812,OM,-0.3230000138282776,0.2306590543528738,21.204303,52.24355,58.05791616247644,8.908948675411827,18.351601476064452,0.7555746326502737,0.0182747528902774,12027.40891317337
SPARSE_389,0,8,61,0,0,0,0,0,0,0,0,0.0,8.07916697035,1.479165940750026,0.0,342.8466491699219,342.8466491699219,OM,-0.3759999871253967,0.1319080488239805,11.966926,57.932561,51.94685060255786,8.948495868409369,10.727270778896727,1.090845310826442,0.0146902339504635,6993.544958928689
SPARSE_390,0,57,9,0,0,0,0,0,0,0,0,0.0,8.06250030375,1.3374992746500256,0.0,331.3548889160156,331.3548889160156,OM,-0.7879999876022339,0.2306590543528738,5.709182,19.088664,18.616757514159588,3.090838577809669,6.015728012377096,0.759478196055953,0.0063327815818558,3888.0354357130027
SPARSE_391,0,2,269,0,0,0,0,0,0,0,0,0.0,8.048611414916667,1.1569437198166923,0.0,1356.1759033203125,452.0586242675781,OM,-0.1979999989271164,0.1393000351015208,54.605976,131.22728,146.07800393427902,22.486213682969332,44.42736564237937,0.7785880044939024,0.0494435056050563,29137.57095785477
SPARSE_392,0,7,74,0,0,0,0,0,0,0,0,0.0,8.05416697045,1.3124992747500257,0.0,406.6610107421875,406.6610107421875,OM,-0.2240000069141388,0.2306590543528738,11.562524,38.211088,38.714568431174655,6.197875316614816,12.89703471233628,0.7378302958036177,0.0114719291661723,8345.56636048636
SPARSE_393,0,2,66,0,0,0,0,0,0,0,0,0.0,8.04583363715,1.579165940350026,0.0,337.1693115234375,337.1693115234375,OM,-0.1969999969005584,0.1748628834570809,8.441507,35.053436,32.6999553307186,5.4815201951582235,11.225350660132968,0.726623376202913,0.1210843983937681,7226.223183356691
SPARSE_394,0,2,167,0,0,0,0,0,0,0,0,0.0,8.037500303849999,1.4666659408000258,0.0,842.181396484375,421.0906982421875,OM,-0.2300000041723251,0.1319080488239805,20.070615,85.191688,79.37494432401921,13.35902367506682,28.299880093874577,0.711180727605335,0.0217715080409331,18127.928233722727
SPARSE_395,0,39,45,0,0,0,0,0,0,0,0,0.0,8.02916697055,1.4208326076500255,0.0,419.7811584472656,419.7811584472656,OM,-0.5170000195503235,0.2306590543528738,11.953362,55.870424,50.26630061146708,8.66336245796121,10.4953534117438,1.0791057169634626,0.0137199876090725,6852.761258083016
SPARSE_396,0,0,60,0,0,0,0,0,0,0,0,0.0,8.02083363725,1.1791659419500258,0.0,300.2099914550781,300.2099914550781,OM,-0.0010000000474974,0.1393000351015208,12.131167,29.203753,32.48385433168953,5.002422274685428,9.875169791384062,0.7789479674635179,0.0099929534600145,6476.260425960022
SPARSE_397,0,13,148,0,0,0,0,0,0,0,0,0.0,8.0083336373,1.037499275850026,0.0,809.48095703125,404.740478515625,OM,-0.3970000147819519,0.0431335241047978,23.831417,78.349437,79.04588960917508,12.719026968769086,25.700596378258172,0.7519197851689635,0.0232352101464543,16639.964363572388
SPARSE_398,0,4,64,0,0,0,0,0,0,0,0,0.0,7.97916697075,1.3291659413500256,0.0,336.8807373046875,336.8807373046875,OM,-0.3149999976158142,0.1384087524035579,9.515294,33.293898,32.61866340199776,5.355525212813003,11.015386818585185,0.7336470923432106,0.0092901926208333,7112.684550625358
SPARSE_399,0,32,224,0,0,0,0,0,0,0,0,0.0,7.9666669708,1.2958326081500258,0.0,1277.3060302734375,638.6530151367188,OM,-0.375,0.1384087524035579,32.689477,117.675982,115.91870862413556,18.8522284609801,40.09309691943286,0.7214993785698752,0.0340874737141513,25815.42636039475
SPARSE_400,0,36,93,0,0,0,0,0,0,0,0,0.0,7.96250030415,0.9624992761500258,0.0,642.0370483398438,642.0370483398438,OM,-0.4099999964237213,0.2116213965174478,17.220748,54.374851,54.90364164187344,8.881981076769323,18.33154097414178,0.7362386325226903,0.0167634375188062,11880.264526650035
SPARSE_401,0,29,34,0,0,0,0,0,0,0,0,0.0,7.96250030415,1.1958326085500257,0.0,319.69207763671875,319.69207763671875,OM,-0.5170000195503235,0.1862546750776101,8.740683,42.029294,37.59142863438207,6.496650180370061,7.899289349191007,1.0744484027805392,0.0104420342244495,5153.76327265368
SPARSE_402,0,29,34,0,0,0,0,0,0,0,0,0.0,7.95416697085,1.2124992751500256,0.0,314.1911315917969,314.1911315917969,OM,-0.5170000195503235,0.1862546750776101,7.786003,21.751378,22.679057558019792,3.6281840883507086,7.916323424529256,0.7072483731306636,0.0101060062817138,5153.76327265368
SPARSE_403,0,33,39,0,0,0,0,0,0,0,0,0.0,7.94583363755,1.1958326085500257,0.0,358.93060302734375,358.93060302734375,OM,-0.5170000195503235,0.1862546750776101,9.836808,48.102623,42.97458623920401,7.422298520112916,9.03533736838706,1.0733015489456332,0.0117230728561011,5898.1250710850145
SPARSE_404,0,21,113,0,0,0,0,0,0,0,0,0.0,7.9333336376,1.3416659413000258,0.0,667.0667724609375,333.53338623046875,OM,-0.395000010728836,0.1384087524035579,15.283396,60.729874,57.48296510896208,9.601744383784768,20.702048499289205,0.7045762403891962,0.0163078463861777,13271.492640965042
SPARSE_405,0,1,151,0,0,0,0,0,0,0,0,0.0,7.916666971,1.3041659414500255,0.0,762.9398193359375,381.4699096679687,OM,-0.210999995470047,0.1384087524035579,19.269111,76.690003,72.57057074023265,12.12261523892923,25.50715081511228,0.7179450228515984,0.0202639404959777,16349.757096066389
SPARSE_406,0,5,76,0,0,0,0,0,0,0,0,0.0,7.92083363765,1.362499274550026,0.0,403.17181396484375,403.17181396484375,OM,-0.3210000097751617,0.1384087524035579,11.026773,38.916577,37.8804117086599,6.25214708371518,13.13368366483858,0.7210939957961676,0.0107893334118258,8459.104993217696
SPARSE_407,0,6,71,0,0,0,0,0,0,0,0,0.0,7.91250030435,1.387499274450026,0.0,384.11761474609375,384.11761474609375,OM,-0.3379999995231628,0.1384087524035579,10.412816,36.573822,35.65145265327857,5.879864519609617,12.37214454142078,0.7203504706727345,0.0101834425154724,7970.584981788026
SPARSE_408,0,41,22,0,0,0,0,0,0,0,0,0.0,7.91250030435,1.6291659401500258,0.0,317.1119384765625,317.1119384765625,OM,-0.6010000109672546,0.1742438592005277,9.049403,17.319962,20.71616882171068,3.207901781732581,6.841750838441691,0.7302097831702087,0.1108007119329095,4472.531476265674
SPARSE_409,0,7,113,1,0,0,0,0,0,0,0,0.0,7.879166971149999,0.8124992767500258,0.0,604.3007202148438,604.3007202148438,OM,-0.1449999958276748,0.2471059176220528,24.839717,58.763068,66.37925750856593,10.100792316863638,19.876920220811098,0.7687423994200915,0.0207447502685323,13350.828875273044
SPARSE_410,0,0,73,0,0,0,0,0,0,0,0,0.0,7.879166971149999,1.2791659415500258,0.0,364.1319274902344,364.1319274902344,OM,-0.0430000014603138,0.0261629498713044,13.288193,65.525828,58.47280082235591,10.101956838685824,12.09543804205204,1.0905155063264864,0.0157481639262304,7879.450184918027
SPARSE_411,0,5,65,0,0,0,0,0,0,0,0,0.0,7.87083363785,1.5541659404500257,0.0,349.65704345703125,349.65704345703125,OM,-0.2750000059604645,0.1742438592005277,13.488405,32.271418,36.13426510843544,5.534784836714691,11.079359276878954,0.7726354335767018,0.0112726163206438,7271.790581791691
SPARSE_412,0,53,44,0,0,0,0,0,0,0,0,0.0,7.86250030455,0.7208326104500258,0.0,484.1354675292969,484.1354675292969,OM,-0.5479999780654907,0.0744999890327453,7.713103,40.454841,35.64643639799358,6.075244575074073,11.599181129818785,0.7555413224336142,0.4073809071255185,7461.180587921683
SPARSE_413,0,6,170,0,0,0,0,0,0,0,0,0.0,7.8583336379,0.8166659434000257,0.0,881.7589111328125,440.87945556640625,OM,-0.1449999958276748,0.2116213965174478,35.359567,84.917239,95.33940417803392,14.553319515191044,28.50313109940469,0.7901343905039644,0.0297508193178033,18656.414684622065
SPARSE_414,0,220,73,0,0,0,0,0,0,0,0,0.0,7.845833637949999,0.8749992765000257,0.0,1469.421875,734.7109375,OM,-0.6779999732971191,0.2116213965174478,38.441061,72.050502,86.93842339165758,14.180647815037544,29.682095792470555,0.7205549786623547,1.3726603266868531,19136.488812991363
SPARSE_415,0,9,73,0,0,0,0,0,0,0,0,0.0,7.83750030465,0.6874992772500258,0.0,413.79388427734375,413.79388427734375,OM,-0.2310000136494636,0.2487301178908226,9.373396,80.448709,63.25571270746035,11.842797609555236,13.002410079860752,1.1252185987523902,0.0159703830423366,8339.965401521027
SPARSE_416,0,50,40,0,0,0,0,0,0,0,0,0.0,7.83750030465,0.7708326102500258,0.0,449.7140808105469,449.7140808105469,OM,-0.5479999780654907,0.0744999890327453,7.401155,29.569229,27.827871232367677,4.671807308546395,10.724808467457246,0.6696083122905464,0.0076958885530093,6875.924820656682
SPARSE_417,0,107,87,0,0,0,0,0,0,0,0,0.0,7.8083336381,0.7666659436000257,0.0,967.9844970703124,483.99224853515625,OM,-0.5479999780654907,0.0744999890327453,15.924945,64.021702,60.16393848245277,10.10708702756506,23.19244267613163,0.6697004619852709,0.0168982592538812,14865.591859477701
SPARSE_418,0,4,63,0,0,0,0,0,0,0,0,0.0,7.81250030475,1.1874992752500255,0.0,335.15252685546875,335.15252685546875,OM,-0.1550000011920929,0.2364095086039093,8.315658,32.196752,30.702881108116586,5.107664993654909,10.892893960117204,0.7101929610498734,0.0085485133332038,7004.746876859357
SPARSE_419,0,1,83,5,0,0,0,0,0,0,0,0.0,7.80416697145,0.7124992771500257,0.0,442.54925537109375,442.54925537109375,OM,0.0729999989271164,0.2487301178908226,19.678722,54.969567,58.380438406161296,9.159151481939876,17.49557575915565,0.6972169592022346,0.0337391713746232,12988.46146954171
SPARSE_420,0,5,90,1,0,0,0,0,0,0,0,0.0,7.80416697145,0.8124992767500258,0.0,478.5372009277344,478.5372009277344,OM,-0.1449999958276748,0.2471059176220528,19.454338,48.341329,53.374599181171085,8.231440614326187,15.986556459662957,0.7676710217014904,0.01664940320606,10765.925663854368
SPARSE_421,0,13,60,2,0,0,0,0,0,0,0,0.0,7.80416697145,1.270832608250026,0.0,375.646728515625,375.646728515625,OM,-0.2119999974966049,0.3441681514487578,16.909925,33.803634,40.31834101809957,6.021598028653353,12.277490943299286,0.7149509807932342,0.0127755672252952,8732.835547989695
SPARSE_422,1,64,34,0,0,0,0,0,0,0,0,0.0,7.80416697145,1.362499274550026,0.0,493.3030090332031,493.3030090332031,OM,-0.6700000166893005,0.3441681514487578,11.609382,27.575263,30.36084289727673,4.736069201831148,10.710239283493577,0.6985842108971634,0.0092339633834874,6984.356563426179
SPARSE_423,0,35,35,0,0,0,0,0,0,0,0,0.0,7.79583363815,0.6374992774500258,0.0,348.4482116699219,348.4482116699219,OM,-0.5350000262260437,0.2487301178908226,8.91458,24.295572,25.465727063617972,4.150076539675511,8.63626716716267,0.7300125193787604,0.0940749314674487,5568.711090821679
SPARSE_424,0,37,31,0,0,0,0,0,0,0,0,0.0,7.78750030485,1.1624992753500258,0.0,337.8074645996094,337.8074645996094,OM,-0.5640000104904175,0.2364095086039093,4.817207,40.996051,32.464569503650345,6.038857378473635,8.216340833220714,0.949851157514772,0.0076943101190521,5239.297110558345
SPARSE_425,0,6,56,4,0,0,0,0,0,0,0,0.0,7.78750030485,1.245832608350026,0.0,327.1318664550781,327.1318664550781,OM,-0.061999998986721,0.3441681514487578,16.664338,34.180888,40.3318820791661,6.0537553484853595,12.550063685254177,0.6584026075724825,0.0132791694948048,9534.292826948697
SPARSE_426,0,37,30,0,0,0,0,0,0,0,0,0.0,7.77916697155,1.145832608750026,0.0,337.4609680175781,337.4609680175781,OM,-0.5640000104904175,0.2364095086039093,5.050341,39.971658,31.959388801895816,5.915919957234737,8.03794992033771,0.9530796626927324,0.0080252136409845,5131.359436792345
SPARSE_427,0,52,14,0,0,0,0,0,0,0,0,0.0,7.77916697155,1.612499273550026,0.0,331.8207702636719,331.8207702636719,OM,-0.6729999780654907,0.1742438592005277,4.926898,30.168667,25.413746401072817,4.554167617638962,6.482172160483255,0.9306317003811592,0.0073966507617159,4171.882017541338
SPARSE_428,0,2,88,26,0,0,0,0,0,0,0,0.0,7.76250030495,0.7958326101500257,0.0,583.4577026367188,583.4577026367188,OM,0.2039999961853027,0.3436142697481349,34.80859,130.740959,124.10810629553704,20.382687334649773,34.05528483626723,0.6225508570969229,1.5520734291084155,30288.876191938096
SPARSE_429,0,1,60,18,0,0,0,0,0,0,0,0.0,7.76250030495,0.8208326100500257,0.0,396.0495910644531,396.0495910644531,OM,0.2039999961853027,0.3436142697481349,20.629125,201.16919,154.79318762938703,29.397871669240544,23.871705217297578,1.062915283905452,0.0436052930719072,20849.9070657884
SPARSE_430,0,61,39,0,0,0,0,0,0,0,0,0.0,7.754166971649999,1.3958326077500258,0.0,502.2448425292969,502.2448425292969,OM,-0.5839999914169312,0.1742438592005277,9.448213,37.954667,35.22643407021965,5.9655929590402685,11.371551993113544,0.7543883839903307,0.6537928338699792,7330.839078294348
SPARSE_431,0,30,31,0,0,0,0,0,0,0,0,0.0,7.754166971649999,1.479165940750026,0.0,303.6453552246094,303.6453552246094,OM,-0.5300000011920929,0.1742438592005277,5.540715,20.38572,19.595937954205993,3.2561581507517374,7.5766179428684834,0.6640242734338623,0.0055851494404397,4881.118608756012
SPARSE_432,0,14,61,2,0,0,0,0,0,0,0,0.0,7.74583363835,0.7541659436500258,0.0,385.4885559082031,385.4885559082031,OM,-0.2049999982118606,0.357088923234801,11.73302,36.369561,36.79573537523345,5.958108453275394,12.78336530178256,0.6652761771930038,0.0108581340116497,8891.941579156028
SPARSE_433,0,37,44,0,0,0,0,0,0,0,0,0.0,7.74583363835,1.4208326076500255,0.0,404.1004333496094,404.1004333496094,OM,-0.5170000195503235,0.1742438592005277,10.880642,27.380601,29.532233144941777,4.651257827980388,10.1841587869793,0.7114413829363134,0.0098098331085078,6642.4868695163495
SPARSE_434,0,11,60,6,0,0,0,0,0,0,0,0.0,7.73750030505,1.0624992757500258,0.0,388.8395385742187,388.8395385742187,OM,-0.1110000014305114,0.4026286705928697,11.576905,85.329838,68.96091596590597,12.692594872948051,15.551238269909376,0.8764642460423969,0.0184685456180749,11813.271784839702
SPARSE_435,0,1,88,39,0,0,0,0,0,0,0,0.0,7.7166669718,0.7208326104500258,0.0,637.176513671875,318.5882568359375,OM,0.2860000133514404,0.3436142697481349,63.46993,153.324946,166.55643053586323,26.541765925918515,43.658383624829305,0.6123717207585043,3.4934293942389076,40581.71992740247
SPARSE_436,0,40,100,0,0,0,0,0,0,0,0,0.0,7.720833638449999,1.1499992754000257,0.0,698.5399169921875,349.26995849609375,OM,-0.4000000059604645,0.2364095086039093,12.771634,101.38185,81.29327773191262,15.00177645907126,20.137864128615693,0.9658674065903584,0.0202982361072773,12840.50167261337
SPARSE_437,0,0,61,65,0,0,0,0,0,0,0,0.0,7.71250030515,0.6708326106500258,0.0,632.7440185546875,632.7440185546875,OM,0.4749999940395355,0.3436142697481349,131.421828,152.362793,230.66161846963993,34.279135552270944,57.3997605388189,0.5813241022763432,4.199861815937033,58304.258564049516
SPARSE_438,0,42,50,0,0,0,0,0,0,0,0,0.0,7.71250030515,0.7541659436500258,0.0,460.4098510742187,460.4098510742187,OM,-0.4950000047683716,0.3436142697481349,11.381593,31.822345,33.112355389441106,5.303095528807727,11.64775720781523,0.7066744781959636,0.0097414565805432,7545.954699114018
SPARSE_439,0,10,201,0,0,0,0,0,0,0,0,0.0,7.708333638499999,1.387499274450026,0.0,1057.7354736328125,528.8677368164062,OM,-0.3160000145435333,0.132242867466958,24.60581,103.64864,96.74916212005556,16.268403232444616,34.67499101100261,0.708413172032697,0.0266850248645917,22207.156000969404
SPARSE_440,0,49,40,0,0,0,0,0,0,0,0,0.0,7.70416697185,0.8624992765500258,0.0,444.1907958984375,444.1907958984375,OM,-0.5590000152587891,0.2023568668742589,7.486194,67.102894,52.19043724981069,9.85167593412265,10.64925769160062,1.13453708822283,0.0127935670486137,6824.756463256349
SPARSE_441,0,5,71,7,0,0,0,0,0,0,0,0.0,7.69583363855,0.6874992772500258,0.0,414.2999267578125,414.2999267578125,OM,-0.0120000001043081,0.3436142697481349,17.488931,129.399146,103.96006626372338,19.243396549946475,17.501731886896263,1.111063525361322,0.0266469098859445,13489.269289776375
SPARSE_442,0,37,29,0,0,0,0,0,0,0,0,0.0,7.68750030525,0.7458326103500258,0.0,330.749755859375,330.749755859375,OM,-0.5929999947547913,0.3436142697481349,5.827824,49.433002,38.756126449290306,7.282744360756359,7.837195583574587,1.1424025235746655,0.0094919976443291,5023.421763026344
SPARSE_443,0,1,127,1,0,0,0,0,0,0,0,0.0,7.68750030525,0.8458326099500257,0.0,644.939697265625,644.939697265625,OM,-0.0710000023245811,0.2023568668742589,16.883467,65.375646,62.22539380865235,10.371019185844345,22.226119065038684,0.6939369216692485,0.0175501139373603,14554.94616359505
SPARSE_444,0,24,354,12,0,0,0,0,0,0,0,0.0,7.668750305325,0.6979159438750258,0.0,1949.84423828125,487.4610595703125,OM,-0.0879999995231628,0.2915618847019017,72.676116,469.907552,387.14695640850994,71.19999576131441,70.00823531861886,1.1475096430654923,0.7227257464868608,48986.29594572416
SPARSE_445,0,52,38,0,0,0,0,0,0,0,0,0.0,7.67916697195,1.362499274550026,0.0,451.6341552734375,451.6341552734375,OM,-0.5600000023841858,0.132242867466958,8.688661,52.001995,43.98056426540837,7.866475141496292,10.457633781631738,0.9813641170354772,0.0128984521492053,6762.386187925347
SPARSE_446,0,41,20,0,0,0,0,0,0,0,0,0.0,7.67083363865,1.5208326072500258,0.0,304.4912109375,304.4912109375,OM,-0.6230000257492065,0.1885771973427508,3.874836,33.066618,26.16494318026992,4.8694006704283845,6.6709243491277475,0.9435297260751444,0.0067121557080521,4256.656128733674
SPARSE_447,0,36,26,0,0,0,0,0,0,0,0,0.0,7.66250030535,0.7291659437500257,0.0,307.68634033203125,307.68634033203125,OM,-0.5929999947547913,0.2915618847019017,5.401961,45.808121,35.90896117925884,6.74847256450555,7.252094097901644,1.1436593371541592,0.009072700565592,4648.44038432801
SPARSE_448,3,33,30,2,0,0,0,0,0,0,0,0.0,7.66250030535,1.262499274950026,0.0,341.4341125488281,341.4341125488281,OM,-0.5809999704360962,0.5756823768007575,8.178737,48.440203,41.05174029991597,7.334540430174364,9.280845341702564,0.9254499035635056,0.0121583683821778,6637.17482829885
SPARSE_449,0,28,33,0,0,0,0,0,0,0,0,0.0,7.66250030535,1.604165940250026,0.0,300.9850158691406,300.9850158691406,OM,-0.5149999899523598,0.1885771973427508,6.244782,21.117045,20.92462819827436,3.413690064159812,7.736610576095368,0.684035178505189,0.0059826781187183,4994.657241487346
SPARSE_450,0,9,127,0,0,0,0,0,0,0,0,0.0,7.64583363875,0.7208326104500258,0.0,679.3422241210938,679.3422241210938,OM,-0.2280000001192093,0.2023568668742589,15.934532,65.681412,61.768361536181395,10.336454105791113,22.129865214566845,0.7084381910774796,0.0176400194690459,14168.599784885046
SPARSE_451,4,50,49,4,0,0,0,0,0,0,0,0.0,7.64583363875,1.270832608250026,0.0,535.7870483398438,535.7870483398438,OM,-0.5419999957084656,0.5756823768007575,14.26243,40.496898,42.42176243639605,6.730817241925203,15.299338188391348,0.6135642223855853,0.0128080528040849,11188.939963244695
SPARSE_452,0,40,74,0,0,0,0,0,0,0,0,0.0,7.63750030545,1.4041659410500258,0.0,573.0302124023438,573.0302124023438,OM,-0.4850000143051147,0.132242867466958,13.581322,81.575133,69.00954124390589,12.336903934823273,15.51557268769633,1.0282180356587414,0.0197029037162441,10034.122154697361
SPARSE_453,0,12,71,0,0,0,0,0,0,0,0,0.0,7.63750030545,1.470832607450026,0.0,415.8128356933594,415.8128356933594,OM,-0.3945000059902668,0.132242867466958,15.092093,68.49849,61.9978247187989,10.6563104664194,12.655219535974288,1.097728543798597,0.0190435750257483,8277.595126190025
SPARSE_454,0,2,91,0,0,0,0,0,0,0,0,0.0,7.63750030545,1.5208326072500258,0.0,467.6776428222656,467.6776428222656,OM,-0.1689999997615814,0.1885771973427508,12.900881,79.170173,66.41306891263754,11.951789362845012,15.452254074269607,1.0068809204352338,0.0189067441609794,9924.665027506702
SPARSE_455,0,4,65,0,0,0,0,0,0,0,0,0.0,7.629166972149999,0.7041659438500257,0.0,345.6575622558594,345.6575622558594,OM,-0.2280000001192093,0.2023568668742589,8.12179,33.519056,31.50990174697072,5.274160170846935,11.278575884712492,0.7090082758927119,0.0089757819019276,7220.622224391358
SPARSE_456,0,0,188,0,0,0,0,0,0,0,0,0.0,7.6250003055,1.1791659419500258,0.0,939.6832275390624,469.8416137695313,OM,-0.0790000036358833,0.1059732657763783,20.64978,161.962467,130.2658469418479,23.991887893276505,31.81794521322439,0.9768160203539746,0.0194408264105653,20292.282668008065
SPARSE_457,0,55,22,0,0,0,0,0,0,0,0,0.0,7.62083363885,1.604165940250026,0.0,385.79730224609375,385.79730224609375,OM,-0.640999972820282,0.1885771973427508,8.654252,19.508891,22.472767105755747,3.386161655786952,7.972364388589501,0.6944698757689812,0.007032672867239,5188.888479870342
SPARSE_458,0,50,16,0,0,0,0,0,0,0,0,0.0,7.61250030555,1.5041659406500258,0.0,329.5928039550781,329.5928039550781,OM,-0.6639999747276306,0.1885771973427508,5.363811,32.933641,27.60435679614245,4.971796753107612,6.652352472966231,0.975038282257732,0.0077747620163595,4285.420650272672
SPARSE_459,0,0,77,0,0,0,0,0,0,0,0,0.0,7.58750030565,0.6541659440500257,0.0,386.6695861816406,386.6695861816406,OM,0.1230000033974647,0.0961665198390001,8.668931,77.583765,60.90729644194019,11.396559391524187,13.063585810585623,1.0942104742553194,0.0053185401906198,8311.200879982029
SPARSE_460,3,31,33,3,0,0,0,0,0,0,0,0.0,7.58750030565,1.254165941650026,0.0,348.9425354003906,348.9425354003906,OM,-0.5099999904632568,0.5756823768007575,10.95911,27.333998,29.52680753055749,4.65036863270367,10.274846807666403,0.6185753111106006,0.009250781581616,7654.344372708853
SPARSE_461,0,1,67,0,0,0,0,0,0,0,0,0.0,7.58750030565,1.4208326076500255,0.0,337.441162109375,337.441162109375,OM,-0.2169999927282333,0.132242867466958,13.50642,60.541573,54.91320062037378,9.432026282678631,11.120447157542,1.103701657907701,0.0151746270276039,7282.992499722358
SPARSE_462,0,47,63,0,0,0,0,0,0,0,0,0.0,7.57083363905,1.604165940250026,0.0,554.1923217773438,554.1923217773438,OM,-0.5009999871253967,0.1885771973427508,20.25938,37.337443,45.75601386864272,6.778468845419697,13.979139421130627,0.7696462053038179,0.0146645388819932,9204.98624507369
SPARSE_463,0,14,95,0,0,0,0,0,0,0,0,0.0,7.56250030575,0.6041659442500258,0.0,544.4314575195312,544.4314575195312,OM,-0.3269999921321869,0.1852619711074914,14.097297,50.325806,49.13835347923171,8.072157981964876,17.10836963784907,0.7215915093824004,0.0142530943179728,10970.4360113747
SPARSE_464,0,0,481,0,0,0,0,0,0,0,0,0.0,7.55750030577,1.1474992754100255,0.0,2406.06298828125,481.2125854492187,OM,-0.0740000009536743,0.1059732657763783,69.327923,239.529973,236.2256720131011,38.60916444286407,80.31667818722089,0.7286078633759888,0.082687435498821,51918.021081446175
SPARSE_465,0,0,64,0,0,0,0,0,0,0,0,0.0,7.55416697245,0.6958326105500258,0.0,323.1357727050781,323.1357727050781,OM,-0.0659999996423721,0.1860536276754785,7.197418,64.484598,50.6166389275635,9.471882387459129,10.855772355437503,1.0940491924910756,0.0044153485664461,6908.011121024023
SPARSE_466,0,26,35,0,0,0,0,0,0,0,0,0.0,7.55416697245,1.612499273550026,0.0,309.72186279296875,309.72186279296875,OM,-0.5009999871253967,0.1885771973427508,11.242422,20.724854,25.394550959774858,3.762278273517268,7.756843701912144,0.7697021306801805,0.0081985635002579,5108.195874218679
SPARSE_467,0,1,135,0,0,0,0,0,0,0,0,0.0,7.54583363915,0.7124992771500257,0.0,682.0546875,682.0546875,OM,-0.06700000166893,0.1860536276754785,23.063378,123.135937,106.28239468274592,18.82854106961581,22.583249514172593,1.0758253709493315,0.0312400390068821,14622.754315810382
SPARSE_468,0,88,113,0,0,0,0,0,0,0,0,0.0,7.54583363915,1.4833326074000257,0.0,1005.2508544921876,502.62542724609375,OM,-0.5059999823570251,0.1885771973427508,26.600213,68.814179,73.83331113800695,11.627864890846771,25.64631593366543,0.7086673641347326,0.0229697993521848,16699.772586787374
SPARSE_469,5,36,24,1,0,0,0,0,0,0,0,0.0,7.537500305849999,1.262499274950026,0.0,329.6792297363281,329.6792297363281,OM,-0.7160000205039978,0.5756823768007575,8.571377,19.807405,22.09636326892587,3.420666438560252,7.828368945007291,0.6544946907391958,0.0067893859031436,5426.762183512844
SPARSE_470,0,34,37,0,0,0,0,0,0,0,0,0.0,7.52916697255,1.2291659417500256,0.0,352.9268798828125,352.9268798828125,OM,-0.5199999809265137,0.2818468355032116,6.376447,24.136426,23.190959007385334,3.840434773831308,8.924595718089368,0.6679997993925939,0.0066839769655834,5733.418080953346
SPARSE_471,0,2,61,0,0,0,0,0,0,0,0,0.0,7.52083363925,0.6874992772500258,0.0,314.5047607421875,314.5047607421875,OM,-0.123999997973442,0.2173816820143984,11.101262,30.802267,32.78372743357209,5.139941344885587,10.291847376637918,0.7680605838274902,0.0099542554179469,6686.53481452669
SPARSE_472,0,5,61,0,0,0,0,0,0,0,0,0.0,7.52083363925,0.8041659434500258,0.0,327.36260986328125,327.36260986328125,OM,-0.2220000028610229,0.2173816820143984,8.104536,31.339336,29.97746455051996,4.97252425685201,10.690645560095708,0.7107411689816767,0.0085120727399524,6840.03988672769
SPARSE_473,1,52,52,1,0,0,0,0,0,0,0,0.0,7.51250030595,1.020832609250026,0.0,528.2899169921875,528.2899169921875,OM,-0.5320000052452087,0.4026286705928697,8.378164,69.906232,55.58424902213199,10.310110190111889,13.799808791385775,0.931920050588132,0.0148669776432134,9108.907640322856
SPARSE_474,9,62,23,0,0,0,0,0,0,0,0,0.0,7.51250030595,1.037499275850026,0.0,471.82525634765625,471.82525634765625,OM,-0.8790000081062317,0.5069955678427259,5.647398,46.072101,36.79636608776458,6.804944103507664,9.407870261965758,0.939141675958884,0.0095108770310384,6012.311691286175
SPARSE_475,1,20,43,7,0,0,0,0,0,0,0,0.0,7.51250030595,1.0624992757500258,0.0,352.61920166015625,352.61920166015625,OM,-0.2380000054836273,0.5381082643604728,10.32184,78.501132,63.27986912263362,11.651012644210708,14.252023206083347,0.8425872093688668,0.016199453519638,11274.240567094199
SPARSE_476,0,11,57,0,0,0,0,0,0,0,0,0.0,7.51250030595,1.245832608350026,0.0,342.50885009765625,342.50885009765625,OM,-0.248999997973442,0.2818468355032116,7.827613,30.708932,29.285741823766383,4.863239826175461,10.45619008160424,0.7075198242863339,0.0082841332956177,6715.299336065687
SPARSE_477,2,36,33,2,0,0,0,0,0,0,0,0.0,7.504166972649999,0.5291659445500257,0.0,364.738525390625,364.738525390625,OM,-0.574999988079071,0.5260874367734216,7.700202,73.596667,56.89434700439597,10.763323226406698,10.093404152237436,1.1706058895728255,0.0145801809155364,7074.792140037016
SPARSE_478,0,17,67,0,0,0,0,0,0,0,0,0.0,7.504166972649999,0.9791659427500258,0.0,418.021484375,418.021484375,OM,-0.4510000050067901,0.0572756494446977,20.950409,75.21172,73.77529488645973,12.054348933073191,12.242264423170422,1.289366043182679,0.0208673492794653,8101.686218127693
SPARSE_479,0,37,39,0,0,0,0,0,0,0,0,0.0,7.504166972649999,0.9958326093500256,0.0,381.9491882324219,381.9491882324219,OM,-0.5320000052452087,0.0572756494446977,15.034208,53.885654,52.8759723705006,8.650356509940721,9.263127655407237,1.235313483461103,0.0263689848743467,6102.798500686347
SPARSE_480,1,17,36,7,0,0,0,0,0,0,0,0.0,7.504166972649999,1.137499275450026,0.0,303.4356384277344,303.4356384277344,OM,-0.2070000022649765,0.5761113073235349,12.438226,43.484981,41.988445742191765,6.906421354147798,12.673442266442416,0.6249934605485024,0.761454837231635,10365.171778531198
SPARSE_481,0,11,41,14,0,0,0,0,0,0,0,0.0,7.504166972649999,1.1791659419500258,0.0,332.0701904296875,332.0701904296875,OM,0.0,0.5761113073235349,19.851553,47.675931,53.636017253239054,8.170421165049746,18.027851749969145,0.527244068553471,0.0177626591088667,16128.00188658705
SPARSE_482,0,33,260,190,12,0,0,0,0,0,0,0.0,7.484722528283333,1.1597214975833592,0.0,2479.100830078125,826.366943359375,OM,0.328000009059906,0.5761113073235349,312.923106,479.540847,644.4277562343686,91.30841704983304,198.5142280468791,0.5047399862620863,0.2142050125175159,197149.38824008775
SPARSE_483,0,19,74,0,0,0,0,0,0,0,0,0.0,7.48750030605,1.595832606950026,0.0,464.7984619140625,464.7984619140625,OM,-0.3689999878406524,0.200941669583236,10.863058,40.290525,38.84175146894763,6.428468490091473,13.909906900904,0.7035702717732648,0.0108834627265368,8959.58664929036
SPARSE_484,0,0,64,6,0,0,0,0,0,0,0,0.0,7.47916697275,0.5291659445500257,0.0,345.6091003417969,345.6091003417969,OM,0.2759999930858612,0.1329360797521053,17.392637,111.911093,91.82308448661976,16.825245356334715,14.960226982395904,1.127039098619086,0.0243182678101115,11682.170548500037
SPARSE_485,0,38,23,0,0,0,0,0,0,0,0,0.0,7.47916697275,0.7624992769500257,0.0,301.2109069824219,301.2109069824219,OM,-0.6039999723434448,0.2173816820143984,8.747737,35.723092,33.74985614842107,5.672203717800154,6.780940488732278,1.110704717666425,0.0494435139610634,4426.964077830675
SPARSE_486,0,74,70,0,0,0,0,0,0,0,0,0.0,7.4666669728,1.524999273900026,0.0,722.4175415039062,361.2087707519531,OM,-0.5429999828338623,0.200941669583236,16.176597,46.184483,48.076868008559046,7.668815364330039,17.465675620140697,0.6875428591382167,0.0142984362560137,11342.095611244693
SPARSE_487,0,18,69,1,0,0,0,0,0,0,0,0.0,7.45416697285,1.1708326086500258,0.0,442.1769104003906,442.1769104003906,OM,-0.2739999890327453,0.3227387941450533,12.18153,38.700074,39.032401018627326,6.31545921117061,13.685446095383169,0.6861231104075436,0.0121460045951694,9164.423160972694
SPARSE_488,0,49,25,0,0,0,0,0,0,0,0,0.0,7.45416697285,1.2041659418500257,0.0,372.9698486328125,372.9698486328125,OM,-0.6269999742507935,0.221642909232493,10.356179,19.756287,23.956710646082037,3.5573158281637416,7.954929976166,0.7257301549080185,0.007697858375449,5205.691356766342
SPARSE_489,0,13,63,0,0,0,0,0,0,0,0,0.0,7.43750030625,0.8291659433500258,0.0,382.1874084472656,382.1874084472656,OM,-0.328000009059906,0.2173816820143984,9.016778,33.752416,32.641456230148876,5.37887662167738,11.584573080317496,0.7077718980300327,0.0097870056411354,7465.2620934623565
SPARSE_490,0,15,56,1,0,0,0,0,0,0,0,0.0,7.42916697295,1.1708326086500258,0.0,360.48724365234375,360.48724365234375,OM,-0.2739999890327453,0.3227387941450533,9.391198,31.892213,31.56677005923483,5.152347824819899,11.30241701339151,0.6723547349896994,0.0090675742053835,7607.72832981369
SPARSE_491,1,64,9,0,0,0,0,0,0,0,0,0.0,7.42916697295,1.3374992746500256,0.0,368.4020385742187,368.4020385742187,OM,-0.871999979019165,0.2818468355032116,4.481309,43.376351,33.44796289173084,6.339505886128697,6.698507080839972,1.155318000640594,0.00816904171657,4285.91471927617
SPARSE_492,0,11,87,1,0,0,0,0,0,0,0,0.0,7.42916697295,1.362499274550026,0.0,493.6904602050781,493.6904602050781,OM,-0.1909999996423721,0.2818468355032116,14.276728,46.851251,46.85756261366611,7.607744246201582,16.17129731791926,0.6999587206932661,0.0136282821221121,10749.122786958369
SPARSE_493,0,5,313,31,0,0,0,0,0,0,0,0.0,7.415278084116666,1.4402770520166928,0.0,1744.4097900390625,581.4699096679688,OM,0.0820000022649765,0.2818468355032116,85.727646,207.639063,229.94849162661345,35.52503102947504,74.78911631781718,0.6173545949358681,0.0708457322885323,58706.82405105252
SPARSE_494,0,26,90,0,0,0,0,0,0,0,0,0.0,7.412500306349999,1.4124992743500258,0.0,583.6463012695312,583.6463012695312,OM,-0.3210000097751617,0.2818468355032116,16.269204,48.973986,50.06416655664803,8.060827845886429,17.045967316571698,0.724950826652697,0.0146073091171664,11044.7679313487
SPARSE_495,0,0,61,1,0,0,0,0,0,0,0,0.0,7.40416697305,0.8708326098500258,0.0,309.3900146484375,309.3900146484375,OM,0.2360000014305114,0.0802516861784987,8.866761,70.674455,56.18364870037384,10.454533682177155,10.99916132763429,1.1205709343230854,0.0144405023360865,7379.891337638691
SPARSE_496,0,100,63,0,0,0,0,0,0,0,0,0.0,7.4000003064,1.3041659414500255,0.0,815.2144775390625,407.6072387695313,OM,-0.5989999771118164,0.221642909232493,12.194236,117.847051,90.81137186535342,17.224333813548004,18.63267096990314,1.132209226483169,0.0225506846948254,11916.909187291358
SPARSE_497,0,7,116,0,0,0,0,0,0,0,0,0.0,7.39583363975,1.3291659413500256,0.0,614.513427734375,614.513427734375,OM,-0.181999996304512,0.221642909232493,23.166934,57.525012,62.72704958633409,9.795301759596008,19.63528413444856,0.762184345097916,0.0191652349998645,12878.948658658373
SPARSE_498,0,149,67,0,0,0,0,0,0,0,0,0.0,7.38750030645,1.354165941250026,0.0,1083.417724609375,361.1392517089844,OM,-0.6449999809265137,0.221642909232493,31.286976,57.084157,70.1231996636485,10.388625280287664,22.707223417888788,0.7400561674978464,0.0226630110360402,14855.909394971693
SPARSE_499,0,80,20,0,0,0,0,0,0,0,0,0.0,7.38750030645,1.5374992738500255,0.0,500.1487731933594,500.1487731933594,OM,-0.7070000171661377,0.200941669583236,10.380035,23.994982,26.75392967464499,4.296937293765928,9.662918823713296,0.6908091050153106,0.1729209363320971,6252.222067346674
SPARSE_500,0,32,112,0,0,0,0,0,0,0,0,0.0,7.38750030645,1.6208326068500258,0.0,721.7122802734375,721.7122802734375,OM,-0.4280000030994415,0.1394704255848107,13.80876,108.842489,87.34235148521569,16.115726817125555,21.570232260795105,0.9702666458842594,0.0172233498303729,13726.406898602709
SPARSE_501,0,9,54,0,0,0,0,0,0,0,0,0.0,7.37083363985,1.5374992738500255,0.0,313.2864990234375,313.2864990234375,OM,-0.3219999969005584,0.200941669583236,7.663014,30.013713,28.48778163988048,4.754182182717034,9.784563759195589,0.7287252512241471,0.0079243420685677,6289.149599967021
SPARSE_502,0,34,26,0,0,0,0,0,0,0,0,0.0,7.35416697325,1.1708326086500258,0.0,303.77423095703125,303.77423095703125,OM,-0.5669999718666077,0.1913323575560081,6.614838,19.231873,19.617937259104323,3.29305202959359,7.051399334983117,0.6977617730987068,0.1877109070246296,4546.103669527343
SPARSE_503,0,1,375,0,0,0,0,0,0,0,0,0.0,7.351389195483334,1.6263881623833591,0.0,1883.7626953125,627.9208984375,OM,-0.164000004529953,0.1394704255848107,42.312667,323.52397,261.21023221367085,48.00160721699492,63.71126583113708,0.9801679930162434,0.0560056414772346,40527.796019650465
SPARSE_504,0,0,71,0,0,0,0,0,0,0,0,0.0,7.34583363995,0.8458326099500257,0.0,352.721923828125,352.721923828125,OM,0.0970000028610229,0.0802516861784987,18.201665,44.155378,49.628785896558504,7.553754510189636,11.697672313703707,0.956486391762574,0.076676527134567,7663.574837386027
SPARSE_505,0,28,76,0,0,0,0,0,0,0,0,0.0,7.34583363995,1.604165940250026,0.0,519.9661254882812,519.9661254882812,OM,-0.4379999935626983,0.1565229380873989,13.526289,44.725106,44.30570000645896,7.253932642406903,14.879466029813509,0.7344192642995077,0.0127492443355047,9635.97721342536
SPARSE_506,0,14,86,10,0,0,0,0,0,0,0,0.0,7.32916697335,1.0458326091500258,0.0,547.5874633789062,547.5874633789062,OM,-0.0740000009536743,0.4026286705928697,25.275819,61.127778,68.05296258184087,10.461896545010449,22.68926482621633,0.6003411623401945,0.0213526025906369,17955.929326607387
SPARSE_507,0,8,70,0,0,0,0,0,0,0,0,0.0,7.320833640049999,1.0874992756500257,0.0,391.6659851074219,391.6659851074219,OM,-0.2910000085830688,0.1913323575560081,9.37767,36.652049,34.91033959623436,5.807296842245691,12.404571013729116,0.7104135970269854,0.0097085291113148,7964.984022822692
SPARSE_508,0,0,66,0,0,0,0,0,0,0,0,0.0,7.31250030675,0.8208326100500257,0.0,331.2515563964844,331.2515563964844,OM,-0.2249999940395355,0.0120208194948561,16.958005,40.953188,46.102450801580304,7.015119797888037,10.860429726624297,0.9556788480726358,0.0737823171210056,7123.886468556025
SPARSE_509,0,4,91,0,0,0,0,0,0,0,0,0.0,7.31250030675,1.145832608750026,0.0,477.209228515625,477.209228515625,OM,-0.2060000002384185,0.1913323575560081,11.207503,46.972913,43.95552669170633,7.37716901243888,15.639788218181351,0.7114523320073666,0.0121734142982846,10027.001742307366
SPARSE_510,0,0,83,1,0,0,0,0,0,0,0,0.0,7.31250030675,1.1791659419500258,0.0,419.0116882324219,419.0116882324219,OM,-0.0070000002160668,0.1913323575560081,11.689031,43.377667,41.74065876154651,6.9205215183978215,14.641877326316546,0.6912546596226119,0.0116807206812391,9754.520160490702
SPARSE_511,0,4,57,0,0,0,0,0,0,0,0,0.0,7.30416697345,1.1124992755500256,0.0,304.84075927734375,304.84075927734375,OM,-0.2509999871253967,0.1913323575560081,7.079699,29.672522,27.766523507106957,4.6601782609705245,9.915002679032584,0.709461258636018,0.0076647476025698,6357.120834263354
SPARSE_512,0,141,66,0,0,0,0,0,0,0,0,0.0,7.30416697345,1.5749992737000258,0.0,1032.3211669921875,516.1605834960938,OM,-0.609000027179718,0.1565229380873989,18.185561,107.436809,91.17678007748296,16.27351142732625,22.20844003652417,0.9631857740376342,0.024969890682732,14338.624862003026
SPARSE_513,0,30,64,0,0,0,0,0,0,0,0,0.0,7.30416697345,1.595832606950026,0.0,469.9350891113281,469.9350891113281,OM,-0.460999995470047,0.1565229380873989,11.847197,69.275824,58.94159721463771,10.501020245493132,13.040912251305317,1.0405831305554358,0.0170772209612379,8443.061843034026
SPARSE_514,0,32,29,0,0,0,0,0,0,0,0,0.0,7.287500306849999,1.3458326079500256,0.0,307.05712890625,307.05712890625,OM,-0.5460000038146973,0.1913323575560081,6.548818,37.406763,31.960252700968553,5.683165921359355,7.373283327219399,1.0057503646295176,0.0088022494307913,4767.579976024677
SPARSE_515,0,0,110,0,0,0,0,0,0,0,0,0.0,7.27916697355,0.6541659440500257,0.0,549.946044921875,549.946044921875,OM,0.0659999996423721,0.0728319985465081,22.626442,98.739746,91.1231871585986,15.431926272011198,18.16576849749084,1.1188805577139074,0.0255981683779899,11873.144114260042
SPARSE_516,0,10,63,0,0,0,0,0,0,0,0,0.0,7.27083364025,1.2291659417500256,0.0,366.7725524902344,366.7725524902344,OM,-0.3269999921321869,0.1913323575560081,10.459796,61.606573,52.371031183461845,9.333446177785952,11.3273000621063,1.063897421212051,0.0150997481863776,7311.7570212613555
SPARSE_517,0,35,63,0,0,0,0,0,0,0,0,0.0,7.27083364025,1.495832607350026,0.0,489.1050109863281,489.1050109863281,OM,-0.449999988079071,0.2309767033063186,8.164624,85.409495,65.40267000444528,12.43724183788176,13.503214188487114,1.132746851173727,9.411529186016612e-05,8590.96595626969
SPARSE_518,0,69,157,0,0,0,0,0,0,0,0,0.0,7.27083364025,1.5458326071500257,0.0,1126.7086181640625,1126.7086181640625,OM,-0.4339999854564667,0.1988736098654242,32.015846,87.309435,92.27574514121268,14.613213406153696,31.50751102130597,0.719904596286695,0.0276414031781803,20476.831441885057
SPARSE_519,0,66,5,0,0,0,0,0,0,0,0,0.0,7.27083364025,1.579165940350026,0.0,356.2774353027344,356.2774353027344,OM,-0.8230000138282776,0.1988736098654242,7.988223,14.233123,17.651459034936018,2.720960226274294,6.069027662858351,0.7157824397399367,0.1258641423162748,3916.7999572520025
SPARSE_520,0,0,84,0,0,0,0,0,0,0,0,0.0,7.26250030695,0.6624992773500258,0.0,420.4148559570313,420.4148559570313,AS,0.1689999997615814,0.0728319985465081,16.41989,58.335512,56.44278726225698,9.363447668580877,13.800229589505822,0.9315666390973196,0.0160455454768755,9102.198499128031
SPARSE_521,0,13,68,7,0,0,0,0,0,0,0,0.0,7.26250030695,0.7374992770500257,0.0,438.0628051757813,438.0628051757813,OM,-0.1070000007748603,0.4026286705928697,23.805639,46.078094,55.47156151343474,8.269028585176624,17.203317498162598,0.635119683756279,0.0176096221160819,13574.803127681043
SPARSE_522,0,25,48,1,0,0,0,0,0,0,0,0.0,7.254166973649999,0.7958326101500257,0.0,376.0581359863281,376.0581359863281,OM,-0.3689999878406524,0.4026286705928697,7.919264,29.683938,28.60848732117876,4.729291556188617,10.838393329376755,0.6485080797966317,0.0081583298876966,7255.91051368902
SPARSE_523,0,0,72,1,0,0,0,0,0,0,0,0.0,7.254166973649999,1.3208326080500257,0.0,363.8084716796875,363.8084716796875,OM,0.0049999998882412,0.1913323575560081,12.657336,71.589801,61.35922641969789,10.882310472272325,12.73064866671908,1.0564433217420557,0.0177692551789248,8567.205749064695
SPARSE_524,0,71,100,0,0,0,0,0,0,0,0,0.0,7.254166973649999,1.495832607350026,0.0,856.025634765625,856.025634765625,OM,-0.4869999904185533,0.2309767033063186,13.519673,145.224552,110.75221911246868,21.11973542564036,22.673130404256405,1.1412653577147849,0.0001338094849296,14426.720752023704
SPARSE_525,0,35,31,0,0,0,0,0,0,0,0,0.0,7.254166973649999,1.5458326071500257,0.0,333.1742248535156,333.1742248535156,OM,-0.550000011920929,0.1988736098654242,8.325525,20.584863,22.576034289893812,3.50792241234496,7.891545781297412,0.7044763166790785,0.0072522494591029,5136.960395757678
SPARSE_526,0,30,49,0,0,0,0,0,0,0,0,0.0,7.254166973649999,1.604165940250026,0.0,396.2677612304687,396.2677612304687,OM,-0.4760000109672546,0.1988736098654242,11.327526,28.744236,31.79493541574257,4.874562696270806,10.458961939515667,0.735602556021889,0.010920765361061,6823.996736544018
SPARSE_527,0,36,52,0,0,0,0,0,0,0,0,0.0,7.24583364035,1.1708326086500258,0.0,439.0472106933594,439.0472106933594,OM,-0.488999992609024,0.1913323575560081,13.553806,31.621247,35.20224585904507,5.450389130251449,11.414322251858977,0.7439186567000966,0.0118713110920676,7454.8199022440185
SPARSE_528,0,57,92,0,0,0,0,0,0,0,0,0.0,7.24583364035,1.587499273650026,0.0,747.88623046875,747.88623046875,OM,-0.4760000109672546,0.1988736098654242,19.277372,53.953639,56.515093252715374,8.989792860178925,19.792067928815975,0.7072114199149275,0.0170118450553872,12846.862358291033
SPARSE_529,0,1,138,1,0,0,0,0,0,0,0,0.0,7.23750030705,1.6291659401500258,0.0,699.8310546875,699.8310546875,OM,-0.003000000026077,0.1988736098654242,25.125557,69.067949,72.62624443125328,11.544032974428854,23.656048635687657,0.7295762274524197,0.0214678733688851,15742.260575021051
SPARSE_530,0,106,12,0,0,0,0,0,0,0,0,0.0,7.22083364045,1.5208326072500258,0.0,587.448486328125,587.448486328125,OM,-0.8330000042915344,0.2309767033063186,12.784914,26.411224,31.568046444057703,4.642142622541623,10.37729220979321,0.7370124323704356,0.1053162117083653,6719.097969627337
SPARSE_531,0,21,43,0,0,0,0,0,0,0,0,0.0,7.21250030715,1.6291659401500258,0.0,321.9214172363281,321.9214172363281,OM,-0.4490000009536743,0.1988736098654242,9.60339,24.122562,26.21734575795192,4.0985465070242375,8.75080284703922,0.728005377373878,0.0081207226366566,5715.855477345015
SPARSE_532,0,2,68,1,0,0,0,0,0,0,0,0.0,7.20416697385,1.5374992738500255,0.0,350.88116455078125,350.88116455078125,OM,-0.0839999988675117,0.2309767033063186,10.912398,35.67705,35.632229111901324,5.796869877475123,12.274541035937371,0.6943990290095483,0.0102931198516714,8237.791768801362
SPARSE_533,0,7,76,0,0,0,0,0,0,0,0,0.0,7.195833640549999,1.0458326091500258,0.0,414.410888671875,414.410888671875,OM,-0.2770000100135803,0.1913323575560081,8.751371,82.285871,64.03334984568035,12.050462874715889,13.467444371084436,1.1142789267231026,0.0062484895344929,8561.441708018363
SPARSE_534,1,48,23,0,0,0,0,0,0,0,0,0.0,7.195833640549999,1.2291659417500256,0.0,358.47222900390625,358.47222900390625,OM,-0.6959999799728394,0.3536078614716905,4.340338,53.659921,40.12177117079204,7.750728408992573,7.811530549194573,1.1916382445372389,4.820528543575533e-05,4978.3484335948415
SPARSE_535,0,88,124,0,0,0,0,0,0,0,0,0.0,7.195833640549999,1.5041659406500258,0.0,1060.4703369140625,1060.4703369140625,OM,-0.4869999904185533,0.2309767033063186,30.748925,73.52579,81.64906145984384,12.61133271337829,27.42218634212824,0.7245768164331643,0.0290786754424549,17887.08699821338
SPARSE_536,1,71,91,2,0,0,0,0,0,0,0,0.0,7.18750030725,1.0249992759000257,0.0,819.8839111328125,409.94195556640625,OM,-0.4690000116825104,0.4026286705928697,14.293252,147.16926,112.5931851554908,21.43630448180595,22.720018550139052,1.1067335044220794,0.0280934826486895,15086.36894571587
SPARSE_537,0,3,51,8,0,0,0,0,0,0,0,0.0,7.17916697395,1.1791659419500258,0.0,306.25244140625,306.25244140625,OM,0.0549999997019767,0.3536078614716905,15.880434,40.290524,43.93732184492868,6.833868196370806,14.606049886275091,0.579149382808407,0.0137073523540213,12023.872337568373
SPARSE_538,6,55,4,0,0,0,0,0,0,0,0,0.0,7.17916697395,1.2041659418500257,0.0,326.353759765625,326.353759765625,OM,-1.0779999494552612,0.3536078614716905,2.726919,40.997642,30.05922393594385,5.870311843069167,5.478207184445245,1.265910767347975,0.0069550419514893,3484.2150426473354
SPARSE_539,0,46,17,0,0,0,0,0,0,0,0,0.0,7.17083364065,0.6291659441500257,0.0,316.459716796875,316.459716796875,AS,-0.7319999933242798,0.3145054294361247,7.385201,31.778026,29.19628553576248,4.9748484357530005,6.504022523988498,1.0235210444273792,0.008078608333163,4232.974280592008
SPARSE_540,0,109,79,0,0,0,0,0,0,0,0,0.0,7.17083364065,1.5124992739500258,0.0,942.2344970703124,942.2344970703124,OM,-0.5809999704360962,0.2309767033063186,24.935866,55.36656,63.44707466121405,9.640272411502991,21.60991977438568,0.7151405967157967,0.019621836282325,14104.427184150365
SPARSE_541,0,42,315,2,0,0,0,0,0,0,0,0.0,7.17083364065,1.5374992738500255,0.0,1794.2679443359375,598.0892944335938,OM,-0.2249999940395355,0.2604462583109342,61.343197,163.171412,174.63373476211245,27.4323584434487,56.998701317727885,0.7311409957077216,0.0568511911051104,37740.82472292946
SPARSE_542,0,37,68,0,0,0,0,0,0,0,0,0.0,7.17083364065,1.6208326068500258,0.0,522.2369384765625,522.2369384765625,OM,-0.4370000064373016,0.2604462583109342,9.497327,90.127321,69.72398770291585,13.187236797102017,14.476065084622288,1.1235294653517642,0.0167802111988715,9232.991039900358
SPARSE_543,0,1,82,70,1,0,0,0,0,0,0,0.0,7.15416697405,0.7374992770500257,0.0,769.7359619140625,769.7359619140625,OM,0.4189999997615814,0.4026286705928697,94.693769,528.574908,455.58592682296114,80.4805495867641,66.78609635129193,0.9736327422339848,0.1226024148987385,65951.86109870832
SPARSE_544,0,15,184,20,0,0,0,0,0,0,0,0.0,7.15416697405,1.299999274800026,0.0,1095.8358154296875,547.9179077148438,OM,-0.006000000052154,0.3536078614716905,32.215115,355.716498,269.3633521616646,51.65692716031883,47.54398706646243,1.0745365837609453,6.09580384004373e-05,36541.92209220245
SPARSE_545,0,36,27,0,0,0,0,0,0,0,0,0.0,7.15416697405,1.5291659405500255,0.0,314.3345031738281,314.3345031738281,OM,-0.5820000171661377,0.2604462583109342,8.396472,18.720028,21.41381532441471,3.25664714138577,7.287598355452509,0.7156700827424692,0.0066682704346955,4756.37805809401
SPARSE_546,0,39,35,0,0,0,0,0,0,0,0,0.0,7.14583364075,0.6291659441500257,0.0,371.0372314453125,371.0372314453125,AS,-0.5590000003576279,0.3145054294361247,9.639005,41.242146,38.05178687189368,6.4605409152365825,8.88933867403929,0.977393793503114,0.0110849806400184,5819.618458047013
SPARSE_547,0,36,28,0,0,0,0,0,0,0,0,0.0,7.14583364075,1.2791659415500258,0.0,322.23828125,322.23828125,OM,-0.5910000205039978,0.3536078614716905,7.330171,19.86489,20.92963362691581,3.328550619074268,7.47216441529574,0.6948113908605728,0.0062532586384421,4864.315731860011
SPARSE_548,0,33,61,0,0,0,0,0,0,0,0,0.0,7.13750030745,1.2124992751500256,0.0,468.5374450683594,468.5374450683594,OM,-0.4230000078678131,0.2852798888551622,10.728284,80.432965,64.33116429150829,11.94916789000584,12.831825752220851,1.1473682880559006,0.0171218099200826,8272.753893937024
SPARSE_549,0,66,66,0,0,0,0,0,0,0,0,0.0,7.1333336408,1.5124992739500258,0.0,660.9815673828125,330.49078369140625,OM,-0.5350000262260437,0.2604462583109342,19.75045,42.009184,48.68078636977006,7.381438667456021,16.051481667214503,0.7314678280286051,0.0151835607763953,10500.998056978024
SPARSE_550,0,7,75,1,0,0,0,0,0,0,0,0.0,7.13750030745,1.6291659401500258,0.0,409.8517150878906,409.8517150878906,OM,-0.1689999997615814,0.2604462583109342,9.493453,88.830317,68.98223223031923,13.007948783796706,14.016978120783955,1.1056558068869302,0.0174767104475268,9249.19727216503
SPARSE_551,0,24,55,0,0,0,0,0,0,0,0,0.0,7.1291669741499994,1.1708326086500258,0.0,394.5110473632813,394.5110473632813,OM,-0.3889999985694885,0.2852798888551622,7.66033,69.510331,54.08533363602102,10.197446486494089,11.22347100310316,1.1225704753872008,0.0132150563278415,7164.612634738021
SPARSE_552,0,45,22,0,0,0,0,0,0,0,0,0.0,7.1291669741499994,1.237499275050026,0.0,335.5653991699219,335.5653991699219,OM,-0.6660000085830688,0.2852798888551622,6.197292,46.400936,37.05986534833571,6.894705154776844,7.235761745041433,1.1657973892979236,0.0091826855381802,4677.204905867008
SPARSE_553,0,1,95,5,0,0,0,0,0,0,0,0.0,7.1291669741499994,1.587499273650026,0.0,507.8801574707031,507.8801574707031,OM,0.0340000018477439,0.2604462583109342,20.145519,111.092593,95.71974454595392,16.934697588951483,19.623377809052613,0.9864057156368232,0.0273348809614241,14283.713554733715
SPARSE_554,0,55,95,3,0,0,0,0,0,0,0,0.0,7.12083364085,0.5999992776000257,0.0,761.7325439453125,380.86627197265625,AS,-0.3910000026226043,0.4026286705928697,22.855513,181.493788,143.67781550339876,26.856503512379923,22.32032075842157,1.3218669677981592,0.0357118310256058,15540.369922869542
SPARSE_555,0,4,74,4,0,0,0,0,0,0,0,0.0,7.12083364085,0.7124992771500257,0.0,406.9818115234375,406.9818115234375,OM,-0.0469999983906745,0.2977631882021126,12.332143,109.192462,84.9748641218781,16.039417206057774,15.820014588948643,1.0940515963649806,0.0233765679674751,11374.834239936035
SPARSE_556,0,6,75,2,0,0,0,0,0,0,0,0.0,7.12083364085,1.0708326090500258,0.0,414.20703125,414.20703125,OM,-0.1309999972581863,0.2852798888551622,11.99829,41.788396,41.285929433778875,6.726794735634891,14.562948687425791,0.6669477855883346,0.0123701312517754,9993.722152677366
SPARSE_557,0,1,60,6,0,0,0,0,0,0,0,0.0,7.12083364085,1.129165942150026,0.0,336.74755859375,336.74755859375,OM,0.0719999969005584,0.2852798888551622,12.275515,108.312554,84.46482409028344,15.921063076435855,14.75491406534,1.0851932469264,0.0217708779505201,11301.588210836371
SPARSE_558,0,34,63,0,0,0,0,0,0,0,0,0.0,7.1125003075499995,1.0541659424500258,0.0,485.2840270996094,485.2840270996094,OM,-0.421999990940094,0.2852798888551622,9.947313,37.205565,36.105369765754006,5.937287639124239,13.301373508880763,0.690292637315594,0.0113923706361111,8539.797598869358
SPARSE_559,0,1,55,8,0,0,0,0,0,0,0,0.0,7.1125003075499995,1.262499274950026,0.0,318.1175231933594,318.1175231933594,OM,0.1280000060796737,0.2852798888551622,16.575274,41.855115,45.497233271445616,7.104237204153502,15.039382465068703,0.5832262871282266,0.0138472194883737,12353.286317831706
SPARSE_560,0,20,42,0,0,0,0,0,0,0,0,0.0,7.10416697425,0.6624992773500258,0.0,312.4383850097656,312.4383850097656,AS,-0.3860000073909759,0.3145054294361247,14.77449,23.957692,31.56014637340542,4.490573268742268,8.352758218032623,0.8453403846992512,0.0435359733901989,5590.6047624240155
SPARSE_561,0,5,280,235,2,0,0,0,0,0,0,0.0,7.102083640925,0.7312492770750257,0.0,2613.25244140625,653.3131103515625,OM,0.4160000085830688,0.4026286705928697,242.051295,2109.04267,1644.8700720888137,310.1475248405367,226.67705971202085,1.0554865768514046,0.4259959520811099,220168.85502817726
SPARSE_562,0,61,93,0,0,0,0,0,0,0,0,0.0,7.1000003076,1.5999992736000257,0.0,772.0733642578125,386.03668212890625,OM,-0.4769999980926513,0.223192905471859,21.510935,58.910218,61.67787090315367,9.851963314831147,20.204880303649823,0.7425172797532309,0.0186019300073548,13159.473461658368
SPARSE_563,0,3,105,10,0,0,0,0,0,0,0,0.0,7.08750030765,0.9124992763500258,0.0,588.6876220703125,588.6876220703125,OM,0.050000000745058,0.2977631882021126,30.823806,70.175916,78.40811096791472,12.155505447232958,24.933274389256972,0.6326929423552934,0.0248668399265768,19443.89319675773
SPARSE_564,0,24,39,0,0,0,0,0,0,0,0,0.0,7.08750030765,0.9874992760500256,0.0,314.8311462402344,314.8311462402344,OM,-0.4469999969005584,0.2852798888551622,7.783501,26.078815,25.593121468253617,4.1774532368494075,8.367788527135092,0.7442895408561454,0.1500053010945458,5437.609854482014
SPARSE_565,0,4,61,0,0,0,0,0,0,0,0,0.0,7.08750030765,1.6291659401500258,0.0,322.1379699707031,322.1379699707031,OM,-0.1840000003576278,0.223192905471859,11.189281,32.580609,33.663901047658555,5.39178765345775,10.441889957084303,0.7765955184293623,0.0103616195897517,6788.871529327356
SPARSE_566,0,45,26,0,0,0,0,0,0,0,0,0.0,7.07916697435,1.0624992757500258,0.0,353.7295227050781,353.7295227050781,OM,-0.6349999904632568,0.2852798888551622,4.935603,39.79586,31.871348243773504,5.8826834407709025,8.005268295006879,0.9540476740994516,0.0080707726281366,5108.95560093101
SPARSE_567,0,46,26,0,0,0,0,0,0,0,0,0.0,7.07916697435,1.2041659418500257,0.0,360.7310485839844,360.7310485839844,OM,-0.6389999985694885,0.2852798888551622,9.184513,19.770629,22.61362054343474,3.4650030377004133,7.906354568891244,0.701514943260189,0.0069929904192551,5160.123958331343
SPARSE_568,0,0,61,0,0,0,0,0,0,0,0,0.0,7.07083364105,0.7124992771500257,0.0,304.0246887207031,304.0246887207031,OM,-0.1809999942779541,0.0905096639457806,7.432651,63.081787,49.66337618690208,9.2945954356503,10.288290076442038,1.1202460623234958,0.012667792008248,6584.1980997260225
SPARSE_569,0,0,48,20,0,0,0,0,0,0,0,0.0,7.07083364105,1.029165942550026,0.0,336.5916748046875,336.5916748046875,OM,0.3050000071525574,0.2852798888551622,40.046635,69.937224,86.7862906581434,12.84593005428622,22.18398334120364,0.6092549970353446,1.180301364808936,21094.8730990214
SPARSE_570,0,55,12,0,0,0,0,0,0,0,0,0.0,7.07083364105,1.362499274550026,0.0,337.8661804199219,337.8661804199219,OM,-0.7070000171661377,0.1872467802132096,4.765295,29.640581,24.877300801178105,4.469321889997868,6.398564650534497,0.9264947911720878,0.0068973118581425,4109.511742210338
SPARSE_571,0,31,53,0,0,0,0,0,0,0,0,0.0,7.06250030775,1.237499275050026,0.0,422.9418029785156,422.9418029785156,OM,-0.4399999976158142,0.2852798888551622,10.058078,31.001247,31.45247206664214,5.083170521313643,11.27695665906008,0.696981534098884,0.0095130921136664,7306.9157890083525
SPARSE_572,0,8,76,0,0,0,0,0,0,0,0,0.0,7.06250030775,1.595832606950026,0.0,419.6627197265625,419.6627197265625,OM,-0.2381249973550439,0.223192905471859,13.846648,41.12031,41.885595632865645,6.781648693530117,13.249033540302744,0.765718775246966,0.0142833695799217,8612.610065418696
SPARSE_573,0,31,338,0,0,0,0,0,0,0,0,0.0,7.056250307775,1.6208326068500258,0.0,1843.876953125,460.96923828125,OM,-0.2269999980926513,0.223192905471859,62.561584,182.031314,188.1539956791387,30.130653743088384,58.55515030347526,0.774577164721378,0.0574048048160529,38069.15281231846
SPARSE_574,1,71,7,0,0,0,0,0,0,0,0,0.0,7.05416697445,0.9958326093500256,0.0,393.6059265136719,393.6059265136719,OM,-0.9269999861717224,0.2852798888551622,6.802708,23.759058,23.21951442282563,3.7106859573752446,6.872510391293672,0.8044302035956897,0.3664340925051946,4428.217873546502
SPARSE_575,0,22,44,0,0,0,0,0,0,0,0,0.0,7.05416697445,1.0874992756500257,0.0,328.7499084472656,328.7499084472656,OM,-0.4090000092983246,0.2852798888551622,5.695392,46.544197,37.126740153744535,6.875326504479576,9.230666507981708,0.9652372851899972,0.004791005850863,5874.961508511348
SPARSE_576,0,17,53,0,0,0,0,0,0,0,0,0.0,7.05416697445,1.2208326084500256,0.0,353.4153137207031,353.4153137207031,OM,-0.3370000123977661,0.2852798888551622,8.863891,28.892176,28.78618896969324,4.696354225881347,10.18787376812834,0.7058011161961705,0.0082646602320513,6590.558785403687
SPARSE_577,0,43,47,0,0,0,0,0,0,0,0,0.0,7.037500307849999,1.5041659406500258,0.0,448.89312744140625,448.89312744140625,OM,-0.5230000056326389,0.1872467802132096,13.626694,29.324761,33.873932917557845,5.139764093711252,11.11166686948841,0.7340634730088673,0.0105322333208758,7273.31003521635
SPARSE_578,0,1,62,1,0,0,0,0,0,0,0,0.0,7.037500307849999,1.612499273550026,0.0,317.20001220703125,317.20001220703125,OM,-0.0460000000894069,0.223192905471859,14.50979,32.286487,36.75512402116421,5.621330784988604,10.982688331943132,0.7538710899657132,0.0119907826208271,7538.997368805026
SPARSE_579,0,52,30,0,0,0,0,0,0,0,0,0.0,7.02916697455,1.0541659424500258,0.0,406.863037109375,406.863037109375,OM,-0.6349999904632568,0.2852798888551622,5.657104,45.870342,36.64866892966062,6.778177712595447,9.248920159297782,0.9511826214684757,0.0092758972107145,5898.884797797345
SPARSE_580,0,6,54,1,0,0,0,0,0,0,0,0.0,7.02916697455,1.2291659417500256,0.0,306.6851501464844,306.6851501464844,OM,-0.1749999970197677,0.2852798888551622,6.950187,53.615323,43.16590968824051,7.951131992042041,10.385289056909134,0.945215425562776,0.0061103565117415,6931.337765678689
SPARSE_581,0,1,83,1,0,0,0,0,0,0,0,0.0,7.02916697455,1.587499273650026,0.0,428.0294189453125,428.0294189453125,OM,-0.0460000000894069,0.223192905471859,16.584659,42.919171,46.00619952080051,7.251732844988262,14.53639729546994,0.7364167778775277,0.014210292102421,9805.68851789103
SPARSE_582,2,40,33,1,0,0,0,0,0,0,0,0.0,7.020833641249999,0.7041659438500257,0.0,378.8266906738281,378.8266906738281,AS,-0.5920000076293945,0.4831618129507924,17.293575,24.224983,33.95014688750648,4.732344767894095,9.340714278426391,0.7833273674427292,0.0115911177388749,6529.838678334182
SPARSE_583,0,23,54,0,0,0,0,0,0,0,0,0.0,7.020833641249999,1.137499275450026,0.0,385.97314453125,385.97314453125,OM,-0.3860000073909759,0.2852798888551622,7.052869,55.420278,44.48453607769336,8.208744095884624,10.994741693022885,0.9684501454671434,0.0059218128084102,7005.506603571687
SPARSE_584,0,29,32,0,0,0,0,0,0,0,0,0.0,7.020833641249999,1.1708326086500258,0.0,302.294189453125,302.294189453125,OM,-0.5180000066757202,0.2852798888551622,8.995273,19.917482,22.59751906354585,3.4699338242937774,7.537716107431557,0.7248845770111754,0.0073837799375968,4937.887925121678
SPARSE_585,0,11,314,0,0,0,0,0,0,0,0,0.0,7.01250030795,1.464582607475026,0.0,1623.3271484375,405.831787109375,OM,-0.1930000036954879,0.1872467802132096,51.114682,166.447721,167.10278764303098,27.0593746224415,53.253354553252336,0.764822557558505,0.0625908253521638,34455.28149392778
SPARSE_586,1,45,79,6,0,0,0,0,0,0,0,0.0,7.01250030795,0.954165942850026,0.0,655.9910278320312,655.9910278320312,OM,-0.3510000109672546,0.4866335997252887,31.888873,54.375837,68.0346092657776,10.91859434226793,21.047458131275597,0.6743439315370504,0.9821740754338,15643.512519765878
SPARSE_587,0,55,172,0,0,0,0,0,0,0,0,0.0,7.006944752416667,1.3847214966833592,0.0,1134.4267578125,378.1422424316406,OM,-0.4050000011920929,0.1872467802132096,31.790629,96.495934,98.53030848745053,15.860963559775694,32.99684824186063,0.7343085177095451,0.0288458049730188,21379.539544770396
SPARSE_588,0,103,10,0,0,0,0,0,0,0,0,0.0,7.01250030795,1.5208326072500258,0.0,566.2379760742188,566.2379760742188,OM,-0.7870000004768372,0.1872467802132096,9.624378,29.380408,29.821282350117624,4.732753226202089,9.85360890942065,0.7402370861550712,0.2886294513629976,6349.717549894337
SPARSE_589,0,3,117,8,0,0,0,0,0,0,0,0.0,7.0041669746499995,1.0874992756500257,0.0,643.8310546875,643.8310546875,OM,0.0260000005364418,0.2852798888551622,18.352631,140.591362,113.07003793827823,20.86404880545293,26.139380850191937,0.8905841539977364,0.009538598088995,19147.758806124395
SPARSE_590,0,26,58,0,0,0,0,0,0,0,0,0.0,7.0041669746499995,1.1624992753500258,0.0,416.9779052734375,416.9779052734375,OM,-0.3910000026226043,0.2852798888551622,13.623955,31.953174,35.451760601839105,5.501769529261813,11.590943242623451,0.7373088881051856,0.011083416912302,7590.762370836687
SPARSE_591,0,27,100,0,0,0,0,0,0,0,0,0.0,7.0041669746499995,1.587499273650026,0.0,632.653076171875,632.653076171875,OM,-0.3569999933242798,0.223192905471859,20.929651,53.855995,57.86475109758515,9.109185239575371,18.66984840156977,0.7492497701599383,0.0174576818427311,12175.313026409036
SPARSE_592,0,13,48,0,0,0,0,0,0,0,0,0.0,7.0041669746499995,1.612499273550026,0.0,307.3186340332031,307.3186340332031,OM,-0.3569999933242798,0.223192905471859,11.217415,25.64877,28.96639667998135,4.443801762852323,8.915111813166867,0.7711269143653005,0.0097722009144951,5846.196986972352
SPARSE_593,0,5,61,0,0,0,0,0,0,0,0,0.0,7.0041669746499995,1.6291659401500258,0.0,331.66253662109375,331.66253662109375,OM,-0.210999995470047,0.223192905471859,12.85573,30.930917,34.63323919478765,5.316073507349194,10.43605578349159,0.7845799119983772,0.0125350875117962,6840.03988672769
SPARSE_594,0,12,203,0,0,0,0,0,0,0,0,0.0,6.9916669747,0.6541659440500257,0.0,1074.64453125,537.322265625,OM,-0.3059999942779541,0.1442497793159582,39.328555,186.982925,167.65332993986905,28.93970697238232,34.66552399665488,1.0935544044970251,0.045240039892491,22525.368063302074
SPARSE_595,0,20,46,0,0,0,0,0,0,0,0,0.0,6.98750030805,0.5624992777500257,0.0,335.1366882324219,335.1366882324219,AS,-0.3610000014305115,0.3331835641259771,14.201427,37.618657,39.6571814383597,6.305264925602811,9.036509649095622,0.961034867201782,0.6579400689057278,6024.042786192018
SPARSE_596,0,9,54,0,0,0,0,0,0,0,0,0.0,6.98750030805,1.137499275450026,0.0,316.6612854003906,316.6612854003906,OM,-0.2300000041723251,0.2852798888551622,8.573085,28.696094,28.463564229991302,4.645903038600433,9.734529404957124,0.7256100742494697,0.0092906736551899,6289.149599967021
SPARSE_597,0,46,32,0,0,0,0,0,0,0,0,0.0,6.98750030805,1.1791659419500258,0.0,391.6248474121094,391.6248474121094,OM,-0.5979999899864197,0.2852798888551622,6.365056,45.495029,37.16501955390111,6.783065069510282,9.06545007840674,0.9722937049775302,0.0098638035465518,5807.750000927344
SPARSE_598,0,1,74,36,0,0,0,0,0,0,0,0.0,6.97916697475,0.5958326109500257,0.0,552.361572265625,552.361572265625,AS,0.3089999854564667,0.3331835641259771,57.905809,175.389893,177.2132533752135,27.84719495657592,38.27480762506198,0.695747439445045,3.5223343091238855,36721.49909152512
SPARSE_599,0,5,65,1,0,0,0,0,0,0,0,0.0,6.97916697475,1.1624992753500258,0.0,359.6705017089844,359.6705017089844,OM,-0.1199999973177909,0.2852798888551622,8.854129,63.160087,51.61592628765889,9.417415137169217,12.137868778726194,0.9660903943978564,0.0141191413460921,8067.48381970436
SPARSE_600,0,4,69,8,0,0,0,0,0,0,0,0.0,6.97083364145,0.5791659443500258,0.0,404.4335021972656,404.4335021972656,AS,0.0320000015199184,0.3331835641259771,28.649491,74.79029,79.2259246668706,12.460176546348851,17.221799352971335,0.815627136927758,1.3314197391557865,14051.57820727538
SPARSE_601,0,2,101,23,0,0,0,0,0,0,0,0.0,6.95416697485,0.5791659443500258,0.0,630.562255859375,630.562255859375,AS,0.158749989233911,0.3331835641259771,52.956127,147.594368,153.037852068979,23.98089239185367,33.100428762520764,0.7529006162844055,2.6799223660271796,29353.015336205925
SPARSE_602,0,0,24,62,1,0,0,0,0,0,0,0.0,6.95416697485,0.6374992774500258,0.0,434.7665100097656,434.7665100097656,OM,0.6549999713897705,0.3331835641259771,72.220994,425.378165,361.23798729127213,64.44788807719381,51.626880065400464,0.9543234119695778,0.0938329419537409,53274.761759578614
SPARSE_603,0,3,87,0,0,0,0,0,0,0,0,0.0,6.94583364155,1.3041659414500255,0.0,450.3941345214844,450.3941345214844,OM,-0.1599999964237213,0.1977530936157107,14.942235,44.66812,45.79297985922556,7.3604924109901075,14.699213233137106,0.7572590963265579,0.0137142371960856,9544.082689843033
SPARSE_604,0,0,235,26,0,0,0,0,0,0,0,0.0,6.931944752716666,0.6069437220166923,0.0,1302.572509765625,434.1908264160156,AS,0.2599999904632568,0.1562705918987312,112.884426,171.580623,233.4146349564015,32.77372132809087,56.46262291290115,0.7444665596388532,0.1124570610145213,46156.81527916248
SPARSE_605,0,35,59,0,0,0,0,0,0,0,0,0.0,6.93750030825,1.254165941650026,0.0,470.75543212890625,470.75543212890625,OM,-0.4720000028610229,0.1977530936157107,14.515412,34.913135,38.280371945901685,5.981610704014143,12.488276070477388,0.7408480125145491,0.0117296735385336,8159.215261205688
SPARSE_606,3,75,88,5,0,0,0,0,0,0,0,0.0,6.929166974949999,1.0249992759000257,0.0,851.4588012695312,425.7294006347656,OM,-0.4799999892711639,0.4866335997252887,36.218781,62.07563,77.96341465156998,11.473834104996431,24.028415238065495,0.6932288107677157,0.0254601483410016,17433.71063127888
SPARSE_607,3,38,19,0,0,0,0,0,0,0,0,0.0,6.929166974949999,1.0708326090500258,0.0,302.52374267578125,302.52374267578125,OM,-0.7570000290870667,0.4866335997252887,7.415473,15.539846,18.08578721697795,2.739281834922399,6.307660522667046,0.7024301547261522,0.0057572475552909,4114.315728049173
SPARSE_608,0,25,47,4,0,0,0,0,0,0,0,0.0,6.92083364165,0.9958326093500256,0.0,385.32183837890625,385.32183837890625,OM,-0.3260000050067901,0.4866335997252887,17.684033,33.173886,40.204622597394774,5.9971221955488545,12.576818714943016,0.6565982329487652,0.0129381724167161,9535.052553661026
SPARSE_609,0,0,451,24,0,0,0,0,0,0,0,0.0,6.9083336417,0.6083326109000258,0.0,2372.942138671875,593.2355346679688,OM,0.2599999904632568,0.1223294681719446,106.069626,266.339956,295.14854786057884,45.26548133113651,92.3015014990958,0.6800320479827059,0.0928713523053703,67776.52857837021
SPARSE_610,1,33,39,2,0,0,0,0,0,0,0,0.0,6.912500308349999,0.9458326095500256,0.0,374.4334411621094,374.4334411621094,OM,-0.4860000014305115,0.4866335997252887,14.470566,27.259984,32.99828976813613,4.9231105947543075,10.498206399039695,0.6849694119725823,0.0111448467668369,7529.212328671186
SPARSE_611,0,19,47,0,0,0,0,0,0,0,0,0.0,6.90416697505,1.3041659414500255,0.0,329.1593017578125,329.1593017578125,OM,-0.4460000097751617,0.1578826084280677,9.941495,26.796768,28.357509108006763,4.494383815543064,9.280697384077506,0.7423604158359874,0.0084518887819158,6045.2694576083495
SPARSE_612,0,0,102,0,0,0,0,0,0,0,0,0.0,6.8958336417499995,0.5624992777500257,0.0,509.83599853515625,509.83599853515625,OM,0.0869999974966049,0.1223294681719446,21.223053,49.880842,56.09154436734432,8.585208830655828,16.832676608593125,0.7885652683954776,0.018094875872994,11009.642724132038
SPARSE_613,0,0,101,0,0,0,0,0,0,0,0,0.0,6.8958336417499995,0.7291659437500257,0.0,503.4310607910156,503.4310607910156,OM,-0.1689999997615814,0.0120208151115839,13.669131,52.962428,50.442450288432,8.40112371984894,17.071535216893366,0.7417421616311335,0.0140293708401991,10901.705050366036
SPARSE_614,0,0,68,0,0,0,0,0,0,0,0,0.0,6.8958336417499995,0.8374992766500258,0.0,339.3125915527344,339.3125915527344,OM,-0.1209999993443489,0.0935307393931565,15.181131,32.70441,37.43792862573556,5.730799827600676,11.179324654633794,0.7886931855002509,0.0116837435980852,7339.761816088026
SPARSE_615,0,5,119,0,0,0,0,0,0,0,0,0.0,6.8958336417499995,1.2291659417500256,0.0,623.7174072265625,623.7174072265625,OM,-0.2660000026226043,0.1578826084280677,28.430715,58.075541,67.88669372864518,10.29525378972706,19.862906191306557,0.7971545598895016,0.0217431290105999,13100.42496515571
SPARSE_616,0,0,370,52,0,0,0,0,0,0,0,0.0,6.8750003085,0.6541659440500257,0.0,2109.67333984375,527.4183349609375,OM,0.3459999859333038,9.946656230357918e-09,107.471653,578.319026,501.2688720296631,88.36616821598395,100.41211042276036,0.9039236209194264,0.137507812111489,81312.98766487894
SPARSE_617,1,33,40,2,0,0,0,0,0,0,0,0.0,6.8791669751499995,0.9791659427500258,0.0,379.7471008300781,379.7471008300781,OM,-0.4749999940395355,0.4866335997252887,13.245636,28.521432,32.651228817952024,4.9982567641488895,10.706065491955288,0.6743891198378041,0.011567127841382,7637.150002437186
SPARSE_618,1,37,46,3,0,0,0,0,0,0,0,0.0,6.8791669751499995,1.012499275950026,0.0,433.654052734375,433.654052734375,OM,-0.4614285741533552,0.4866335997252887,14.995267,32.675508,37.36890489910641,5.711843075890971,12.7601784080235,0.640580380512406,0.0115498982701594,9285.142712547191
SPARSE_619,0,33,136,10,0,0,0,0,0,0,0,0.0,6.866666975199999,0.6041659442500258,0.0,897.1646118164062,448.5823059082031,OM,-0.1729999929666519,0.4026286705928697,26.678435,117.041133,107.34030935763678,17.89591487549124,32.89861191137552,0.6870970655306398,1.2533427956780143,24325.011805513743
SPARSE_620,1,25,42,3,0,0,0,0,0,0,0,0.0,6.87083364185,1.1124992755500256,0.0,353.525634765625,353.525634765625,OM,-0.3549999892711639,0.4866335997252887,11.876377,31.406988,33.310755675638624,5.285561033703481,11.183903932623029,0.6435317163287556,0.0105674906511077,8239.371728679189
SPARSE_621,0,0,62,0,0,0,0,0,0,0,0,0.0,6.86250030855,0.7791659435500258,0.0,312.1066589355469,312.1066589355469,OM,-0.2829999923706054,0.0935307393931565,16.934778,29.05165,36.68565705519405,5.368502100980791,10.093341594510038,0.829981832838407,0.0119589462542295,6692.135773492022
SPARSE_622,0,0,22,49,2,0,0,0,0,0,0,0.0,6.85416697525,0.7458326103500258,0.0,364.8440551757813,364.8440551757813,OM,0.6650000214576721,0.4026286705928697,82.78393,111.110865,156.45456427217292,23.148223218450905,42.35017167207527,0.5336770150386,1.2113624467017,44066.15115779105
SPARSE_623,0,9,119,1,0,0,0,0,0,0,0,0.0,6.83750030865,0.5458326111500257,0.0,642.1520385742188,642.1520385742188,OM,-0.1729999929666519,0.2460731548795904,17.785505,62.464178,60.922063081169256,10.042404385942918,21.463298822851225,0.6981963103823996,0.0172054954641696,14100.791632669714
SPARSE_624,5,58,72,11,0,0,0,0,0,0,0,0.0,6.83750030865,0.6791659439500257,0.0,727.9679565429688,727.9679565429688,OM,-0.4320000112056732,0.6186213230486393,36.752896,61.414109,78.20708600577764,11.425965404444364,24.666873623480782,0.6182919898694047,0.0255461846433266,19690.406766214885
SPARSE_625,0,6,61,0,0,0,0,0,0,0,0,0.0,6.83750030865,1.129165942150026,0.0,335.0643310546875,335.0643310546875,OM,-0.2630000114440918,0.1999246527973772,11.168573,32.845148,33.5721709583003,5.426876462835176,10.579382355202776,0.7663167421209537,0.0101041422857897,6891.208244128023
SPARSE_626,0,1,83,0,0,0,0,0,0,0,0,0.0,6.83750030865,1.2124992751500256,0.0,423.0830383300781,423.0830383300781,OM,-0.1049999967217445,0.1999246527973772,13.240241,41.855877,42.0246983616632,6.835658376146035,13.887093225887776,0.7417978623942644,0.0123344168745173,9009.995279978362
SPARSE_627,0,4,82,19,0,0,0,0,0,0,0,0.0,6.82916697535,0.6458326107500257,0.0,525.1287841796875,525.1287841796875,OM,0.1190000027418136,0.3747666054085193,36.28193,97.811427,102.80707141145494,16.071523233391098,27.736696996933695,0.6413292463410138,1.0943993113504225,24173.734198754075
SPARSE_628,0,14,75,4,0,0,0,0,0,0,0,0.0,6.82916697535,1.020832609250026,0.0,464.71087646484375,464.71087646484375,OM,-0.1679999977350235,0.3617664635505763,29.262998,43.349018,58.02239492684214,8.607437044352166,16.19310593542896,0.7326919299911914,0.3327094288575028,11994.45548770537
SPARSE_629,0,0,75,0,0,0,0,0,0,0,0,0.0,6.82916697535,1.254165941650026,0.0,373.8575134277344,373.8575134277344,OM,-0.0810000002384185,0.1578826084280677,20.170876,35.922609,44.422036283270515,6.576393142109402,12.185481808524973,0.8313273975671599,0.014479180801689,8095.325532450028
SPARSE_630,0,36,34,0,0,0,0,0,0,0,0,0.0,6.82083364205,0.7041659438500257,0.0,353.0205383300781,353.0205383300781,OM,-0.5490000247955322,0.4026286705928697,11.852496,44.803183,42.745737638224945,7.752866696674009,8.583668495525949,1.1313577301318058,0.548686894925842,5511.941774456013
SPARSE_631,0,22,52,0,0,0,0,0,0,0,0,0.0,6.82083364205,0.8874992764500257,0.0,371.5490112304687,371.5490112304687,OM,-0.4000000059604645,0.2552494862749309,14.757644,27.865314,33.66993220756575,5.031541705798522,10.197721676236103,0.7728878478643142,0.0139409537820975,6738.462898639353
SPARSE_632,0,22,92,0,0,0,0,0,0,0,0,0.0,6.82083364205,0.9124992763500258,0.0,572.0121459960938,572.0121459960938,OM,-0.3149999976158142,0.2552494862749309,18.784568,47.85569,51.7114542817117,8.109406506595315,16.985657279677437,0.7399674026819469,0.0155760285744267,11055.969849279369
SPARSE_633,0,10,57,0,0,0,0,0,0,0,0,0.0,6.82083364205,1.1791659419500258,0.0,334.6470031738281,334.6470031738281,OM,-0.3240000009536743,0.1999246527973772,13.105405,29.065872,32.91226944096704,5.062046055361314,10.101512240111,0.7683997066595221,0.010569952152091,6664.130978665355
SPARSE_634,0,25,43,1,0,0,0,0,0,0,0,0.0,6.81250030875,0.6708326106500258,0.0,342.8505859375,342.8505859375,OM,-0.4110000133514404,0.3747666054085193,11.498855,26.041746,29.2351321143457,4.5158290601689535,9.783397388380823,0.6904258146658098,0.0089722245316019,6716.222144859019
SPARSE_635,1,65,62,1,0,0,0,0,0,0,0,0.0,6.79583364215,0.7041659438500257,0.0,640.2421875,640.2421875,OM,-0.5490000247955322,0.4026286705928697,21.494328,88.1665,82.17915162634053,13.879426990533506,16.145542265990656,1.1008285014498866,0.0567858836574796,10853.473024187191
SPARSE_636,0,6,163,0,0,0,0,0,0,0,0,0.0,6.79583364215,1.1041659422500256,0.0,845.2798461914062,845.2798461914062,OM,-0.3120000064373016,0.1216223709159458,41.292462,83.773595,97.3009699777992,15.65246206255171,27.30833864063337,0.826368612881093,1.411077691719057,17900.85096826006
SPARSE_637,0,19,54,0,0,0,0,0,0,0,0,0.0,6.787500308849999,1.5124992739500258,0.0,365.56109619140625,365.56109619140625,OM,-0.328000009059906,0.3127847565246069,10.839968,31.438893,32.70121780484997,5.2173571284577225,10.466303804997652,0.7577918405034307,0.0108110915235407,6800.8331739703535
SPARSE_638,0,3,113,0,0,0,0,0,0,0,0,0.0,6.7708336422499995,0.6708326106500258,0.0,576.5899658203125,576.5899658203125,OM,-0.3350000083446502,0.0641560586888379,13.46574,118.498475,92.95005684845871,17.416651149797573,19.378256454430673,1.1189934367638643,0.0236586892884181,12350.46220775904
SPARSE_639,0,1,183,71,0,0,0,0,0,0,0,0.0,6.7708336422499995,1.5541659404500257,0.0,1275.126953125,425.0423278808594,OM,0.2790000140666961,0.3127847565246069,96.31865,334.438631,319.82003420647067,53.81733499471175,83.10434085306343,0.6373837877134262,0.2691997621294564,76297.9825483779
SPARSE_640,0,0,49,14,0,0,0,0,0,0,0,0.0,6.76250030895,0.5874992776500257,0.0,311.1363830566406,311.1363830566406,OM,0.2569999992847442,0.2640309321199582,27.131543,47.302875,60.42268171529347,8.705708796539282,18.23171618583284,0.5663840021613683,0.0200534884519835,16428.651345311384
SPARSE_641,0,19,55,0,0,0,0,0,0,0,0,0.0,6.76250030895,1.2124992751500256,0.0,365.3114318847656,365.3114318847656,OM,-0.402999997138977,0.1999246527973772,11.087471,30.403907,32.702256071849625,5.083875473367856,10.636600358585245,0.7465516579806972,0.0098190399714333,6908.770847736354
SPARSE_642,0,13,75,2,0,0,0,0,0,0,0,0.0,6.76250030895,1.5041659406500258,0.0,446.2360534667969,446.2360534667969,OM,-0.1999999980131785,0.3127847565246069,16.404757,44.781944,47.55459083752738,7.5063130235655136,14.91199760025765,0.7199589371992943,0.0163513973095842,10351.900654479698
SPARSE_643,0,10,54,0,0,0,0,0,0,0,0,0.0,6.75416697565,1.5541659404500257,0.0,319.2868347167969,319.2868347167969,OM,-0.2590000033378601,0.2741939717223132,12.199762,29.76716,32.5294807553141,5.085432464685251,9.68236854887554,0.7945591269476743,0.0107110516601327,6340.317957367354
SPARSE_644,0,22,121,0,0,0,0,0,0,0,0,0.0,6.74583364235,0.8249992767000257,0.0,718.2180786132812,359.1090393066406,OM,-0.2759999930858612,0.2552494862749309,24.608275,62.957086,67.71772553101525,10.6600342729888,21.68931827520689,0.7513322638199957,0.0215854805463149,14186.16238849338
SPARSE_645,0,12,47,2,0,0,0,0,0,0,0,0.0,6.74583364235,1.0958326089500257,0.0,302.3868713378906,302.3868713378906,OM,-0.2249999940395355,0.3617664635505763,6.918548,70.964826,54.32148032361466,10.341228161915708,10.454513345102992,1.0993925927799038,0.0078884441781123,7278.477431631354
SPARSE_646,0,35,32,0,0,0,0,0,0,0,0,0.0,6.74583364235,1.495832607350026,0.0,337.0078430175781,337.0078430175781,OM,-0.5509999990463257,0.3127847565246069,6.32996,28.021142,25.343391313020472,4.370707387258923,8.137198952888923,0.7686036089790456,0.0122643182808259,5244.898069523679
SPARSE_647,1,42,22,0,0,0,0,0,0,0,0,0.0,6.72916697575,1.020832609250026,0.0,325.2312316894531,325.2312316894531,OM,-0.6790000200271606,0.3617664635505763,4.098844,48.892287,36.634748353209346,7.0689443846341,7.161652869630643,1.1872955672358876,0.0086657389251071,4563.400615426841
SPARSE_648,0,2,60,4,0,0,0,0,0,0,0,0.0,6.72083364245,0.8458326099500257,0.0,327.7264709472656,327.7264709472656,OM,0.025000000372529,0.2859830948738683,16.554562,36.761186,41.66680339443747,6.400465116562744,12.915689222860474,0.6654309821879677,0.0132156670298916,9761.370092411365
SPARSE_649,0,24,59,0,0,0,0,0,0,0,0,0.0,6.71250030915,0.8208326100500257,0.0,418.1642456054687,418.1642456054687,OM,-0.3779999911785126,0.2859830948738683,13.181148,32.993347,35.76777442469652,5.609458219141255,11.613022118890337,0.7429840112189953,0.0134503548177036,7596.363329802022
SPARSE_650,0,90,60,0,0,0,0,0,0,0,0,0.0,6.7083336424999995,1.5624992737500256,0.0,745.38525390625,372.692626953125,OM,-0.5699999928474426,0.1357645031679288,13.828721,61.647106,55.47957291095846,9.610805205968523,17.176479390057896,0.7907659678071437,0.0153897180751849,11081.412591990022
SPARSE_651,0,29,38,1,0,0,0,0,0,0,0,0.0,6.695833642549999,0.9874992760500256,0.0,340.0319519042969,340.0319519042969,OM,-0.460999995470047,0.4026286705928697,12.262358,26.195545,29.880504575600856,4.8161949687357115,9.28864696079025,0.730141429795924,0.2522327170812741,6381.20720563035
SPARSE_652,0,5,62,7,0,0,0,0,0,0,0,0.0,6.695833642549999,1.0874992756500257,0.0,372.8651428222656,372.8651428222656,OM,-0.0109999999403953,0.3617664635505763,17.684429,50.598881,52.49038106280637,8.264252957365752,15.756972164848223,0.6477299359154017,0.4047841735692771,12517.830225882375
SPARSE_653,0,11,48,2,0,0,0,0,0,0,0,0.0,6.695833642549999,1.137499275450026,0.0,303.5898742675781,303.5898742675781,OM,-0.2080000042915344,0.3617664635505763,15.007517,27.805666,33.845077870266444,5.041599768811707,10.11196930689865,0.7114923477551962,0.0111192204740455,7335.246747997023
SPARSE_654,0,26,186,0,0,0,0,0,0,0,0,0.0,6.6750003093,1.541665940500026,0.0,1061.2484130859375,530.6242065429688,OM,-0.3779999911785126,0.1357645031679288,33.134101,100.824944,102.883893946891,16.565890403618315,32.97097919160581,0.7584010823639802,0.0327019538937105,21406.784612884734
SPARSE_655,0,0,37,26,0,0,0,0,0,0,0,0.0,6.67083364265,1.1791659419500258,0.0,317.4601745605469,317.4601745605469,OM,0.3770000040531158,0.3617664635505763,49.865315,66.054591,92.73215608628252,14.092090839832228,24.977329950322368,0.563861569638668,1.1699170102903276,24681.71811507141
SPARSE_656,1,108,59,0,0,0,0,0,0,0,0,0.0,6.67083364265,1.237499275050026,0.0,843.2098999023438,843.2098999023438,OM,-0.6729999780654907,0.3617664635505763,18.568809,49.1754,52.38378999254137,8.274493241546276,18.365115262306023,0.7052854326801674,0.0175921425713583,11934.206133190855
SPARSE_657,0,49,91,1,0,0,0,0,0,0,0,0.0,6.67083364265,1.5124992739500258,0.0,701.9989624023438,701.9989624023438,OM,-0.4079999923706054,0.3326274176176075,17.9948,66.044815,63.22339613632873,10.552766684911552,19.786039430630844,0.7592859064518811,0.0185803609745865,13125.271063235037
SPARSE_658,0,10,50,2,0,0,0,0,0,0,0,0.0,6.6625003093499995,1.2124992751500256,0.0,310.7531433105469,310.7531433105469,OM,-0.1739999949932098,0.3617664635505763,11.904831,31.176776,33.56587771386886,5.275267136855156,10.489634460171963,0.7005445300279849,0.0139789443072902,7499.95373812869
SPARSE_659,0,19,156,28,0,0,0,0,0,0,0,0.0,6.6625003093499995,1.595832606950026,0.0,1009.2864379882812,1009.2864379882812,OM,0.0120000001043081,0.4116926171334575,48.752692,182.471342,173.11520292854766,29.075438201290467,48.22574946000936,0.6652222388862602,0.0925875589493531,40089.886559657134
SPARSE_660,0,2,50,13,0,0,0,0,0,0,0,0.0,6.65416697605,1.137499275450026,0.0,319.5533752441406,319.5533752441406,OM,0.152999997138977,0.3617664635505763,26.354392,55.57716,63.85115003115688,9.63300052135428,17.704673972404464,0.6097974712220383,0.5049691315612701,15843.232495965383
SPARSE_661,0,27,41,0,0,0,0,0,0,0,0,0.0,6.6458336427499995,1.1208326088500256,0.0,342.6387023925781,342.6387023925781,OM,-0.4399999976158142,0.3617664635505763,6.835267,28.642625,26.66604090339275,4.430168165313653,9.000767449298438,0.7313289884109571,0.2344842297765628,5806.990274215015
SPARSE_662,0,11,71,5,0,0,0,0,0,0,0,0.0,6.6458336427499995,1.1708326086500258,0.0,432.6054992675781,432.6054992675781,OM,-0.1209999993443489,0.3617664635505763,17.849028,49.11134,51.27970383691006,8.177783387550267,16.255915118069765,0.6600147885301799,0.1018415974497077,12204.892958353039
SPARSE_663,0,66,66,1,0,0,0,0,0,0,0,0.0,6.6416669761,1.495832607350026,0.0,661.8433837890625,330.92169189453125,OM,-0.5339999794960022,0.3746260270627799,14.721,59.319686,55.08956666187885,9.361833044690426,16.947008433739853,0.7675025761539354,0.0157887372530826,11296.691294890694
SPARSE_664,0,63,763,115,0,0,0,0,0,0,0,0.0,6.632197279168182,1.5268932132863893,0.0,4702.81787109375,427.5289001464844,OM,0.025000000372529,0.3746260270627799,208.548896,828.858192,771.2746943217361,131.04298292031763,217.20726314411385,0.6733847544847753,0.2286552518486848,177084.77395963622
SPARSE_665,0,23,160,23,0,0,0,0,0,0,0,0.0,6.6458336427499995,1.558332607100026,0.0,1032.48876953125,516.244384765625,OM,-0.0350000001490116,0.4116926171334575,43.470168,170.175299,158.20295803588593,26.94713668261442,45.57534706334572,0.6686469826825421,0.0882612380163233,36747.84449475911
SPARSE_666,0,14,45,3,0,0,0,0,0,0,0,0.0,6.63750030945,0.8124992767500258,0.0,309.3236083984375,309.3236083984375,OM,-0.2409999966621399,0.4026286705928697,13.249563,28.419245,32.601346604570196,4.9845082088979,10.668380678420805,0.6456450518064342,0.0103877383444516,7960.63203681269
SPARSE_667,0,34,81,7,0,0,0,0,0,0,0,0.0,6.616666976199999,1.4916659407000257,0.0,608.65283203125,304.326416015625,OM,-0.2680000066757202,0.4584161175907917,20.824312,76.058417,72.52991689211001,12.16011882334261,21.286687689942735,0.7031867951246692,0.0233680350390999,16052.52839204605
SPARSE_668,0,26,42,1,0,0,0,0,0,0,0,0.0,6.62083364285,1.579165940350026,0.0,349.482177734375,349.482177734375,OM,-0.4090000092983246,0.4116926171334575,8.439175,33.779895,31.338017707930877,5.33536815115529,9.80841137252924,0.7434506428688518,0.0098094198086339,6659.452828493351
SPARSE_669,0,8,56,0,0,0,0,0,0,0,0,0.0,6.61250030955,0.6791659439500257,0.0,319.6404724121094,319.6404724121094,OM,-0.4189999997615814,0.0641560586888379,11.730725,53.440712,48.54211188036328,8.31080906319609,9.873371486011422,1.1012538367278562,0.013778493094457,6453.856590098688
SPARSE_670,0,29,56,0,0,0,0,0,0,0,0,0.0,6.61250030955,1.020832609250026,0.0,423.6904602050781,423.6904602050781,OM,-0.4020000100135803,0.3248125567637475,14.111388,32.75238,36.52831216683523,5.651238173884894,11.48642069889808,0.7592846838583854,0.0113130681746268,7528.392095505687
SPARSE_671,0,0,257,0,0,0,0,0,0,0,0,0.0,6.6000003095999995,1.524999273900026,0.0,1284.196044921875,642.0980224609375,OM,-0.0850000008940696,0.027577165098478,28.754012,220.954925,178.30593265335872,32.77435012788051,43.473162564212174,0.9774971477529526,0.0332560945310138,27739.982157862094
SPARSE_672,0,26,57,2,0,0,0,0,0,0,0,0.0,6.60416697625,1.612499273550026,0.0,424.3315734863281,424.3315734863281,OM,-0.3260000050067901,0.4116926171334575,8.959728,47.002034,41.13821169712687,7.194532133436814,13.165384110928516,0.7215670114866851,0.039039708436441,9074.211172896026
SPARSE_673,0,0,59,25,0,0,0,0,0,0,0,0.0,6.57916697635,0.9958326093500256,0.0,423.80755615234375,423.80755615234375,OM,0.2899999916553497,0.3248125567637475,45.345522,109.324126,118.85012631638033,18.699782712111745,27.90555206293884,0.6600033339813987,2.768696119499664,26260.65370001075
SPARSE_674,0,10,86,2,0,0,0,0,0,0,0,0.0,6.57916697635,1.6624992733500257,0.0,492.4103088378906,492.4103088378906,OM,-0.1500000059604644,0.3075003756572459,15.59456,50.249781,50.03528210626187,8.182356138761469,16.53399660128852,0.6993204316718242,0.0144223275569755,11385.709993704702
SPARSE_675,0,8,74,0,0,0,0,0,0,0,0,0.0,6.570833643049999,0.9208326096500258,0.0,410.0594177246094,410.0594177246094,OM,-0.2829999923706054,0.1972827865562501,19.337516,35.94145,43.71112792833095,6.54322523124682,12.685068018275564,0.7978678695597801,0.0551589568142652,8396.734717886693
SPARSE_676,0,33,61,0,0,0,0,0,0,0,0,0.0,6.570833643049999,1.0458326091500258,0.0,475.5319519042969,475.5319519042969,OM,-0.4099999964237213,0.3248125567637475,11.493216,37.591532,37.260769619742696,6.168821098827882,12.801260685911744,0.7204369401490509,0.2877371701946317,8272.753893937024
SPARSE_677,0,12,98,0,0,0,0,0,0,0,0,0.0,6.54583364315,1.362499274550026,0.0,555.7919311523438,555.7919311523438,OM,-0.231000006198883,0.2499619970309632,20.603913,49.843199,55.12746141371778,8.5299264432274,17.056633496108848,0.7681555836307437,0.017641517716925,11191.912317872035
SPARSE_678,0,40,46,0,0,0,0,0,0,0,0,0.0,6.5375003098499995,1.012499275950026,0.0,430.8761596679687,430.8761596679687,OM,-0.5099999904632568,0.3248125567637475,9.967074,32.685196,32.11679554247741,5.416420085713775,10.860247846304055,0.7309822447120465,0.282829783481498,7011.8672892493505
SPARSE_679,0,3,73,6,0,0,0,0,0,0,0,0.0,6.5375003098499995,1.695832606550026,0.0,407.3917541503906,407.3917541503906,OM,0.0130000002682209,0.3075003756572459,26.985422,48.279052,59.377761548587394,8.894513492923066,16.37217903353075,0.7032673327375946,0.1024955931877581,12807.11468459504
SPARSE_680,0,0,191,0,0,0,0,0,0,0,0,0.0,6.525000309899999,1.5541659404500257,0.0,955.3560791015624,477.6780395507813,OM,-0.1150000020861625,0.0828673639091512,43.316888,99.062408,110.88136228522204,17.143813421986273,31.327126876360275,0.8232895848177928,0.0362255512507897,20616.09568930607
SPARSE_681,0,1,79,13,0,0,0,0,0,0,0,0.0,6.52916697655,1.6624992733500257,0.0,470.79833984375,470.79833984375,OM,0.1309999972581863,0.3075003756572459,40.959503,62.523449,82.74017271621832,11.988894807544796,22.122114692152657,0.657264016131763,0.1128870119184629,18922.25667777906
SPARSE_682,0,106,910,214,1,0,0,0,0,0,0,0.0,6.50265182514091,1.592802303931844,0.0,6154.1708984375,559.4700927734375,OM,0.0560000017285347,0.4330342622851609,629.545813,841.776557,1205.8585816782818,168.91192547359068,310.17290910299914,0.6510329684086195,2.7609993881630164,275276.758763416
SPARSE_683,0,0,16,102,17,0,0,0,0,0,0,0.0,6.51250030995,1.641665940100026,0.0,679.679931640625,339.8399658203125,OM,0.9679999947547911,0.4330342622851609,145.130414,407.390166,422.51817990923286,65.84754912767215,98.15555116751028,0.5832321628350253,6.997136302951062,105859.41930370347
SPARSE_684,0,1,41,34,1,0,0,0,0,0,0,0.0,6.51250030995,1.6624992733500257,0.0,382.534423828125,382.534423828125,OM,0.4120000004768371,0.4330342622851609,50.852456,117.266561,130.03831824806477,19.698035975462226,32.5388174186915,0.5842024377919206,1.9671626784064304,32881.459909446225
SPARSE_685,0,17,43,2,0,0,0,0,0,0,0,0.0,6.50416697665,0.7208326104500258,0.0,305.9381408691406,305.9381408691406,OM,-0.2930000126361847,0.4026286705928697,12.02389,28.544431,31.584559568076862,4.922729386261016,9.883169322991748,0.6953949225831834,0.0300225642643227,7102.568523569021
SPARSE_686,0,21,146,1,0,0,0,0,0,0,0,0.0,6.50000031,1.495832607350026,0.0,842.6834716796875,421.34173583984375,OM,-0.210999995470047,0.2834960342768341,26.802532,76.401067,80.5118741302477,12.689830590014145,26.531343890534977,0.7234241741949725,0.024700762548865,17629.129113155723
SPARSE_687,0,6,62,19,0,0,0,0,0,0,0,0.0,6.50416697665,1.6791659399500256,0.0,433.6755981445313,433.6755981445313,OM,0.1209999993443489,0.4330342622851609,49.13843,64.329509,92.06000407797252,12.97368986891758,24.00567157587036,0.6207213236401482,0.1759383503494729,22117.317438234735
SPARSE_688,0,2,199,2,0,0,0,0,0,0,0,0.0,6.49583364335,1.3208326080500257,0.0,1010.3062133789062,1010.3062133789062,OM,-0.0410000011324882,0.2069024186527043,34.454704,101.004527,105.5973422493986,16.697474827807675,34.606684806085205,0.721188751903764,0.0322701019714243,23173.32027006008
SPARSE_689,0,25,54,0,0,0,0,0,0,0,0,0.0,6.49583364335,1.5208326072500258,0.0,393.57476806640625,393.57476806640625,OM,-0.3959999978542328,0.2834960342768341,16.076582,38.93947,43.77409839150621,6.657608478766213,10.823599149359032,0.9176988571131162,0.0289238539353335,7107.843318372354
SPARSE_690,0,119,61,0,0,0,0,0,0,0,0,0.0,6.49583364335,1.712499273150026,0.0,899.5489501953125,899.5489501953125,OM,-0.6650000214576721,0.3075003756572459,37.686886,58.098066,78.29198804147414,11.044225215260903,19.34880417622396,0.9134346182556576,0.0260846943738113,12673.23263036569
SPARSE_691,0,17,119,1,0,0,0,0,0,0,0,0.0,6.48750031005,1.4749992741000255,0.0,690.0240478515625,345.01202392578125,OM,-0.210999995470047,0.2834960342768341,22.144711,62.498632,66.04165654562948,10.398412501057662,21.740637930494096,0.7207198623095782,0.0197893142437154,14510.138491872382
SPARSE_692,0,1,38,32,1,0,0,0,0,0,0,0.0,6.48750031005,1.6541659400500257,0.0,360.3497924804687,360.3497924804687,OM,0.4120000004768371,0.4330342622851609,58.306556,124.936923,147.82860913756355,21.93331608306717,30.87873000750049,0.6898746074156522,0.1198301763216079,30966.26041232289
SPARSE_693,0,10,81,21,0,0,0,0,0,0,0,0.0,6.479166976749999,0.7541659436500258,0.0,557.3104248046875,557.3104248046875,OM,0.0630000010132789,0.4449797320878674,48.092062,78.343373,99.55236710054156,15.85528082827013,29.644395124620715,0.5897195334580165,1.3308195611026172,25964.193145215413
SPARSE_694,0,20,70,0,0,0,0,0,0,0,0,0.0,6.479166976749999,1.245832608350026,0.0,448.2511596679687,448.2511596679687,OM,-0.3770000040531158,0.2069024186527043,22.013661,34.839124,45.93337256625398,6.575972622340289,12.867999954952564,0.8116773207205343,0.0160184659308996,8579.004311626692
SPARSE_695,0,1,90,10,0,0,0,0,0,0,0,0.0,6.479166976749999,1.495832607350026,0.0,506.7057800292969,506.7057800292969,OM,0.0930000022053718,0.2834960342768341,30.245534,60.306475,71.69207757442118,10.74891166762968,21.98581266748104,0.6276043071346297,0.0242172852994636,17722.49137546706
SPARSE_696,0,15,91,15,0,0,0,0,0,0,0,0.0,6.479166976749999,1.6208326068500258,0.0,604.4946899414062,604.4946899414062,OM,-0.032999999821186,0.4330342622851609,31.108654,98.672665,97.5948031029464,16.09968603378614,27.117274104810775,0.6657356223777637,0.0541091399639369,22525.25224240107
SPARSE_697,0,27,60,4,0,0,0,0,0,0,0,0.0,6.47083364345,0.8708326098500258,0.0,456.9176940917969,456.9176940917969,OM,-0.3050000071525574,0.4449797320878674,17.979535,44.513664,48.47117064779831,7.51098164768461,14.926478060444886,0.6817012176351802,0.2628085232016028,11040.579027419697
SPARSE_698,0,1,58,7,0,0,0,0,0,0,0,0.0,6.47083364345,1.5291659405500255,0.0,328.3594665527344,328.3594665527344,OM,0.1080000028014183,0.2834960342768341,25.32458,56.757394,65.80225391741378,9.86174092931323,14.611867969965855,0.809106758497408,0.0410274625735325,11881.406101217039
SPARSE_699,0,52,158,1,0,0,0,0,0,0,0,0.0,6.47083364345,1.741665939700026,0.0,1055.30615234375,527.653076171875,OM,-0.3230000138282776,0.3075003756572459,60.838419,104.100338,133.92877537894117,19.250093171934953,30.458825054833937,0.953630044660939,0.043535721834597,20510.60027775806
SPARSE_700,0,1,50,14,0,0,0,0,0,0,0,0.0,6.462500310149999,1.470832607450026,0.0,328.9617614746094,328.9617614746094,OM,0.1860000044107437,0.3510289623940204,30.503493,47.712729,62.80804835982284,9.079490955388485,18.29200121617265,0.5787649335252918,0.0659185780431305,16587.75737647772
SPARSE_701,0,23,95,10,0,0,0,0,0,0,0,0.0,6.462500310149999,1.6083326069000257,0.0,645.3338623046875,322.66693115234375,OM,-0.1430000066757202,0.4330342622851609,26.624729,86.345706,85.12623661347358,14.0452908239379,24.79380873541099,0.6810496966042402,0.0258278704545022,19387.883607104395
SPARSE_702,0,24,41,0,0,0,0,0,0,0,0,0.0,6.45416697685,1.3458326079500256,0.0,328.0869140625,328.0869140625,OM,-0.4679999947547912,0.2069024186527043,9.715723,23.463058,26.095118750406662,4.016708310400578,8.634303517061628,0.7299889760646264,0.0084938030290273,5653.485202014015
SPARSE_703,0,0,29,32,0,0,0,0,0,0,0,0.0,6.45416697685,1.5041659406500258,0.0,304.8567810058594,304.8567810058594,OM,0.4760000109672546,0.2834960342768341,54.287572,112.271965,134.69257491132367,19.852572320663786,28.118114555576447,0.6802117182237044,0.1077628596732326,28592.376152419423
SPARSE_704,0,2,173,0,0,0,0,0,0,0,0,0.0,6.4500003102,1.5458326071500257,0.0,873.5577392578125,436.77886962890625,OM,-0.1599999964237213,0.1584466282599453,49.060334,178.751408,174.56932437773338,28.59009832213425,28.15605654125136,1.3122572003500947,0.0492110915454258,18775.55427631873
SPARSE_705,0,35,142,16,0,0,0,0,0,0,0,0.0,6.45416697685,1.5833326070000258,0.0,963.9879150390624,481.9939575195313,OM,-0.1430000066757202,0.4330342622851609,38.930451,123.772666,123.08153188110172,20.191899540555134,38.03525033375586,0.646991217353622,0.0367002525353376,29849.133990386417
SPARSE_706,1,48,44,1,0,0,0,0,0,0,0,0.0,6.445833643549999,0.8958326097500257,0.0,473.66510009765625,473.66510009765625,OM,-0.5619999766349792,0.4449797320878674,10.865665,39.461998,38.106124445742175,6.202117657499544,11.904125166240371,0.7399161960239257,0.3680833470407564,8040.732820593519
SPARSE_707,0,3,76,1,0,0,0,0,0,0,0,0.0,6.445833643549999,1.0791659423500255,0.0,397.0538024902344,397.0538024902344,OM,-0.1120000034570694,0.2314222230219458,9.840182,87.940867,68.80180425328075,12.913734410866804,13.822561505613653,1.111882303791742,0.0174453577136443,9152.461516329698
SPARSE_708,0,150,277,0,0,0,0,0,0,0,0,0.0,6.435416976925,1.1791659419500258,0.0,2135.793212890625,533.9483032226562,OM,-0.4469999969005584,0.2314222230219458,55.498194,174.498013,175.8658631770308,28.209807802990237,57.57694512446929,0.7389289759651383,1.0429228618177604,37573.9892432321
SPARSE_709,0,0,177,0,0,0,0,0,0,0,0,0.0,6.4416669769,1.5624992737500256,0.0,885.6868896484375,442.8434448242187,OM,-0.1539999991655349,0.0828673639091512,30.543509,86.507552,90.54947081390952,14.384198523055035,29.26523347809475,0.7481963420753932,0.0267270992539909,19104.968256582066
SPARSE_710,0,66,238,0,0,0,0,0,0,0,0,0.0,6.4416669769,1.612499273550026,0.0,1518.9423828125,379.735595703125,OM,-0.3429999947547912,0.2463069445933948,58.631081,122.89098,143.91453298744625,21.66193079191295,44.08243250155573,0.7682982798380238,0.0451092879374937,29066.277944730085
SPARSE_711,0,9,149,9,0,0,0,0,0,0,0,0.0,6.4416669769,1.7541659396500258,0.0,833.1533203125,416.57666015625,OM,-0.0379999987781047,0.3075003756572459,66.589882,110.120962,144.05762583250348,20.5461676938054,31.276461548859434,0.8801351411678585,0.0498460789261321,23704.467748951076
SPARSE_712,0,3,787,252,0,0,0,0,0,0,0,0.0,6.4291669769499995,1.502499273990026,0.0,5208.36962890625,520.8369750976562,OM,0.2630000114440918,0.2834960342768341,518.767824,2431.102194,2191.521111180378,376.8695793674303,309.4476601829593,1.073229566438986,0.6093412025548506,285615.1502800359
SPARSE_713,1,71,139,7,0,0,0,0,0,0,0,0.0,6.431944754716667,1.5847214958833589,0.0,1087.643310546875,362.5477600097656,OM,-0.3429999947547912,0.4330342622851609,39.233101,89.968425,101.17694785894572,15.561450386451863,33.5057400048958,0.6600395792880001,0.0310284583946087,24245.843476047234
SPARSE_714,0,7,164,2,0,0,0,0,0,0,0,0.0,6.4333336436,1.6374992734500258,0.0,864.4839477539062,432.2419738769531,OM,-0.1120000034570694,0.2463069445933948,39.861548,81.672358,96.59523998461437,14.468310949345268,28.759253249349673,0.7578578750206907,0.0313651636007904,19651.34347525173
SPARSE_715,0,2,64,1,0,0,0,0,0,0,0,0.0,6.43750031025,1.6708326066500256,0.0,335.6616516113281,335.6616516113281,OM,-0.096000000834465,0.2463069445933948,17.689249,43.275752,48.50845222242577,7.387598232138505,11.349222617367436,0.9173485175305564,0.0303421206913036,7806.0410737373595
SPARSE_716,0,41,65,0,0,0,0,0,0,0,0,0.0,6.43750031025,1.704165939850026,0.0,532.7405395507812,532.7405395507812,OM,-0.4510000050067901,0.299813278268206,19.749792,49.30132,54.838460802060354,8.389671602018435,13.886225289195398,0.9010787569987808,0.0301774867271692,9113.85144820369
SPARSE_717,1,19,43,15,1,0,0,0,0,0,0,0.0,6.4291669769499995,1.237499275050026,0.0,393.2380981445313,393.2380981445313,OM,-0.1129999980330467,0.6668395757459169,28.341907,68.23816,74.87808412436063,11.357356556360978,20.567919581285818,0.5963821538006584,0.7797066101877896,18939.894951604347
SPARSE_718,0,1,117,10,0,0,0,0,0,0,0,0.0,6.4291669769499995,1.6541659400500257,0.0,635.5568237304688,635.5568237304688,OM,0.1140000000596046,0.2463069445933948,43.890853,102.562818,117.060869242216,17.66502104341782,26.397732374797695,0.8314253522440406,0.0715345915352112,20636.808567149066
SPARSE_719,0,34,29,0,0,0,0,0,0,0,0,0.0,6.42083364365,1.0791659423500255,0.0,315.5703125,315.5703125,OM,-0.5619999766349792,0.2314222230219458,5.319076,47.937951,37.30843442795828,7.0356876306233795,7.584988150416413,1.1358273971528443,0.0091401756046674,4869.916690825344
SPARSE_720,0,0,418,0,0,0,0,0,0,0,0,0.0,6.410833643689999,1.6058326069100255,0.0,2091.199462890625,418.2398986816406,OM,0.0230000000447034,0.1261459464117096,93.189125,198.285138,230.6705650370122,34.83790375887723,68.33651985347542,0.7881360269664541,0.0720846374863286,45117.94763418815
SPARSE_721,0,20,396,23,0,0,0,0,0,0,0,0.0,6.405555865933333,1.6819437177166927,0.0,2193.5693359375,365.5948791503906,OM,-0.0270000007003545,0.299813278268206,134.35112,318.772701,361.620447889412,54.732995377440325,82.84633335790484,0.8564556483100068,0.2341772873692991,62067.630431334204
SPARSE_722,0,1,16,48,22,0,0,0,0,0,0,0.0,6.41250031035,1.2291659417500256,0.0,440.3268127441406,440.3268127441406,OM,1.0420000553131104,0.6668395757459169,133.326952,199.326846,265.69299119236445,39.77212704389842,64.50185662426112,0.5583751610348625,4.661193711201909,69699.53700686533
SPARSE_723,0,0,247,15,0,0,0,0,0,0,0,0.0,6.41250031035,1.3374992746500256,0.0,1310.525146484375,436.8417053222656,OM,0.1319999992847442,0.2069024186527043,72.632213,140.787869,171.8258850246794,25.25603170208603,50.98178420408167,0.6845777088713522,0.0557195731867641,38596.00398889214
SPARSE_724,0,0,59,1,0,0,0,0,0,0,0,0.0,6.41250031035,1.5624992737500256,0.0,300.0468444824219,300.0468444824219,OM,0.1749999970197677,0.1261459464117096,11.25464,30.319612,32.2402285345677,5.085791580299632,10.462649399220846,0.7105262353288366,0.0096507809902001,7164.01599010669
SPARSE_725,0,596,1338,0,0,0,0,0,0,0,0,0.0,6.3666669771999995,1.569317455540935,0.0,9668.5263671875,439.4784851074219,OM,-0.4560000002384186,0.1584466282599453,351.186236,793.527684,883.4482832764081,144.78506316300638,267.8884265500404,0.7844931661890291,8.104704256496959,174916.9485095072
SPARSE_726,0,11,1068,1028,9,0,0,0,0,0,0,0.0,6.372222532733333,1.4979159406750258,0.0,10585.2099609375,441.0504150390625,OM,0.4519999921321869,0.3871799690057626,1371.895994,3020.895691,3406.914301551521,526.9004466018251,937.2643326077044,0.5484675693299552,1.057221008041845,945974.4276351979
SPARSE_727,0,1,73,7,0,0,0,0,0,0,0,0.0,6.40416697705,1.5041659406500258,0.0,403.9598693847656,403.9598693847656,OM,0.0740000009536743,0.2834960342768341,28.941476,120.49816,112.59322802071696,18.938837254614167,16.888540826281105,1.170984444037527,0.0319799588461136,13500.471207707045
SPARSE_728,0,2,61,31,0,0,0,0,0,0,0,0.0,6.40416697705,1.5208326072500258,0.0,464.0471496582031,464.0471496582031,OM,0.2930000126361847,0.3871799690057626,53.856131,262.817918,234.17817512700535,40.56269692712794,32.479060086802214,1.0437098992521046,0.0633578567614925,31353.02518981943
SPARSE_729,0,0,129,0,0,0,0,0,0,0,0,0.0,6.40416697705,1.7624992729500255,0.0,645.0048217773438,645.0048217773438,OM,-0.1619999967515468,0.1368608953572151,41.799543,73.916482,93.77129735983632,13.556352186148477,20.934156860708836,0.9811353036112788,0.0310427704568635,13923.95991581405
SPARSE_730,0,20,79,6,0,0,0,0,0,0,0,0.0,6.39583364375,0.8374992766500258,0.0,522.6478881835938,522.6478881835938,OM,-0.1790000051259994,0.4026286705928697,23.464757,79.207288,77.65599420474285,12.463401197030322,18.86010436854533,0.7999227877899608,1.4243476809020386,14324.60280299671
SPARSE_731,0,67,33,0,0,0,0,0,0,0,0,0.0,6.39583364375,1.1124992755500256,0.0,504.3069152832031,504.3069152832031,OM,-0.6669999957084656,0.2983990586261499,10.302798,37.73615,35.80757441866827,6.030673464153982,10.779117281801335,0.8017704690231101,0.0105925087022129,6990.223180100346
SPARSE_732,0,41,599,51,0,0,0,0,0,0,0,0.0,6.37678602477857,1.1851183228785973,0.0,3455.7021484375,493.6717224121094,OM,-0.0170000009238719,0.3309259729420281,149.49458,426.213459,445.963335838572,70.16135205144394,139.122149633048,0.6482490844281209,2.1532260596153456,107332.924372794
SPARSE_733,0,16,234,2,0,0,0,0,0,0,0,0.0,6.390278088216666,1.6347214956833591,0.0,1253.660888671875,417.886962890625,OM,-0.1570000052452087,0.2463069445933948,61.161578,156.26754,172.54176818247788,26.465905699373337,41.141618865443704,0.9242435837329652,0.1240823152041601,27667.495855474757
SPARSE_734,0,3,76,0,0,0,0,0,0,0,0,0.0,6.38750031045,0.8708326098500258,0.0,394.39495849609375,394.39495849609375,OM,-0.2169999927282333,0.1759289663537679,17.720813,37.19492,43.01136624107454,6.577504879696038,12.659088035432816,0.7929999658301082,0.0448504552249722,8356.768278417028
SPARSE_735,0,8,314,23,0,0,0,0,0,0,0,0.0,6.37916697715,1.222915941775026,0.0,1722.96923828125,430.7423095703125,OM,0.0340000018477439,0.283219525731643,132.129026,186.375156,256.4853945654349,37.62698607224067,67.67438940418508,0.7295869553852155,1.5518327571674484,52602.720893718186
SPARSE_736,0,152,625,7,0,0,0,0,0,0,0,0.0,6.360648458705556,1.6115733476278034,0.0,3920.234375,435.58160400390625,OM,-0.2689999938011169,0.308495810555842,174.530969,446.138248,492.5908656760072,75.5269153094791,119.75993961561376,0.9064424706576492,0.3379992644463748,80808.48909398958
SPARSE_737,0,28,132,1,0,0,0,0,0,0,0,0.0,6.37083364385,1.2499992750000255,0.0,802.73291015625,401.366455078125,OM,-0.2680000066757202,0.283219525731643,42.116901,68.09503,87.93861940873833,13.135207093757392,24.298846265354875,0.807762806814072,0.4500924039673803,16476.180182234053
SPARSE_738,0,0,131,0,0,0,0,0,0,0,0,0.0,6.3666669771999995,1.4291659409500257,0.0,658.13427734375,329.067138671875,OM,-0.1739999949932098,0.1228414909320625,20.282635,73.895288,71.2272555573822,11.818857574803056,21.7929098810227,0.7897461197454553,0.0218573808977443,14139.835263346049
SPARSE_739,0,12,72,0,0,0,0,0,0,0,0,0.0,6.354166977249999,0.9291659429500256,0.0,417.726806640625,417.726806640625,OM,-0.3440000116825104,0.1759289663537679,8.581776,66.49519,53.58150399071083,9.859375263200963,13.170688694688828,0.9732828855044802,0.0042407999073406,8385.532799956025
SPARSE_740,0,0,143,46,0,0,0,0,0,0,0,0.0,6.3500003106,1.2874992748500258,0.0,942.5844116210938,471.2922058105469,OM,0.2630000114440918,0.283219525731643,110.221804,181.035485,228.94529923837385,36.22273301554456,56.552167583088426,0.6466672079678271,5.8610565380787545,52036.976292520834
SPARSE_741,0,5,66,15,0,0,0,0,0,0,0,0.0,6.354166977249999,1.3958326077500258,0.0,432.3512878417969,432.3512878417969,OM,0.0799999982118606,0.4026286705928697,33.824525,60.184298,75.79344287462736,11.225965117200046,21.972122984138537,0.5999159644055146,0.2266861766203069,19315.12682424773
SPARSE_742,0,68,2164,234,0,0,0,0,0,0,0,0.0,6.309413891009259,1.6205239648759515,0.0,12327.005859375,456.5557861328125,OM,0.0570000000298023,0.308495810555842,792.702525,1602.49657,1933.8251887886693,284.2626808335723,525.8096600390676,0.6899867063328371,2.7209539419994364,423248.79200441204
SPARSE_743,0,1,67,0,0,0,0,0,0,0,0,0.0,6.354166977249999,1.6624992733500257,0.0,337.0562744140625,337.0562744140625,OM,-0.2060000002384185,0.1368608953572151,8.401367,52.789579,44.51961470153911,7.789338187877871,11.241975582498082,0.9216523266599196,0.5455611678323102,7282.992499722358
SPARSE_744,0,9,121,22,0,0,0,0,0,0,0,0.0,6.3416669773,0.9833326094000258,0.0,755.7587890625,377.87939453125,OM,0.0599999986588954,0.3758921715784229,46.560089,130.203133,134.16769834411008,21.60895384701388,36.571813662134694,0.6591105621187221,0.3986190952202207,31026.224976367765
SPARSE_745,0,0,41,50,0,0,0,0,0,0,0,0.0,6.34583364395,1.2291659417500256,0.0,456.5677795410156,456.5677795410156,OM,0.4939999878406524,0.283219525731643,62.239447,163.684064,172.95044356329728,27.463646432443355,43.20448798535555,0.5782581325396705,3.655805034708649,44210.106520039466
SPARSE_746,0,13,103,13,0,0,0,0,0,0,0,0.0,6.3416669773,1.4666659408000258,0.0,644.27587890625,322.137939453125,OM,-0.0379999987781047,0.3871799690057626,34.473875,80.965735,89.10178412192055,14.237665114380404,27.446558332785404,0.6266361112246094,0.638990164742581,22126.78113696707
SPARSE_747,0,38,46,0,0,0,0,0,0,0,0,0.0,6.337500310649999,1.0041659426500256,0.0,420.9051818847656,420.9051818847656,OM,-0.4900000095367431,0.3758921715784229,12.180858,32.212701,34.018000023043534,5.413700203917811,10.54353282655627,0.7699448392825358,0.0398119596697258,6909.530574448684
SPARSE_748,3,94,31,0,0,0,0,0,0,0,0,0.0,6.337500310649999,1.0249992759000257,0.0,639.3517456054688,319.6758728027344,OM,-0.7990000247955322,0.3758921715784229,16.372347,41.199792,44.1083996089368,6.975596742441812,12.70187335786899,0.8197998833386682,0.1098077142888522,8274.995827659845
SPARSE_749,0,3,81,6,0,0,0,0,0,0,0,0.0,6.337500310649999,1.1208326088500256,0.0,451.2985229492187,451.2985229492187,OM,0.0099999997764825,0.304015894342817,29.864637,72.040801,81.26529752856162,12.33521822693084,17.802011534296653,0.8679519419981744,0.0283966110679561,13670.616074723044
SPARSE_750,0,0,95,0,0,0,0,0,0,0,0,0.0,6.337500310649999,1.3958326077500258,0.0,476.95611572265625,476.95611572265625,OM,-0.1879999935626983,0.1228414909320625,15.737265,46.613605,48.45379237818237,7.693049423971329,15.743330578129116,0.7467640540716574,0.0147143343407066,10254.079007770035
SPARSE_751,0,0,231,0,0,0,0,0,0,0,0,0.0,6.334722532883332,1.418054829883359,0.0,1156.915283203125,385.638427734375,OM,-0.06700000166893,0.1228414909320625,37.56518,121.233951,120.88537587332486,19.73598851753209,38.27959071190391,0.7642589607161965,0.0356389058487975,24933.602639946086
SPARSE_752,0,0,232,0,0,0,0,0,0,0,0,0.0,6.331944755116667,1.4458326075500256,0.0,1158.4405517578125,386.1468505859375,OM,0.025000000372529,0.1228414909320625,37.730813,121.759988,121.4107728064468,19.821445386061633,38.448106952788194,0.7642734361790057,0.0372977521912824,25041.540313712085
SPARSE_753,0,0,69,0,0,0,0,0,0,0,0,0.0,6.32916697735,1.354165941250026,0.0,343.1427917480469,343.1427917480469,OM,0.1030000001192092,0.1040064099927717,11.433164,33.855631,35.19270087603726,5.58764041748869,11.43448697386973,0.7467638769519452,0.0105605949404835,7447.699489854025
SPARSE_754,0,116,464,0,0,0,0,0,0,0,0,0.0,6.316071739307143,1.658927844792883,0.0,2902.8291015625,414.68988037109375,OM,-0.3429999947547912,0.2288456521350002,94.891309,249.426547,271.5299027507191,42.06813683592797,85.52161902109964,0.75884207092515,0.1091893400948005,56018.610085862834
SPARSE_755,0,2,65,0,0,0,0,0,0,0,0,0.0,6.32916697735,1.695832606550026,0.0,334.5614929199219,334.5614929199219,OM,-0.2759999930858612,0.1368608953572151,12.572969,32.477885,35.48496524003357,5.489713364537033,10.852729770969887,0.7755129746546082,0.0112713335251085,7118.285509590691
SPARSE_756,0,3,380,0,0,0,0,0,0,0,0,0.0,6.30916697743,1.077499275690026,0.0,1911.9615478515625,382.3923034667969,OM,-0.1669999957084655,0.151320848139348,92.693966,196.235102,226.9212259404688,34.51565056279063,62.11047965299851,0.8370714804189335,0.0713394372785835,41169.821103281145
SPARSE_757,0,4,1776,1720,3,0,0,0,0,0,0,0.0,6.282222533093333,1.3127770525266924,0.0,17518.146484375,583.938232421875,OM,0.4550000131130218,0.3250278442306096,2709.706694,6155.022663,6787.113364877127,1066.364278518026,1528.7323347538666,0.6387022198006599,2.5319891757503763,1564548.1817636362
SPARSE_758,0,31,421,86,0,0,0,0,0,0,0,0.0,6.31250031075,1.527499273890026,0.0,2685.875,537.1749877929688,OM,0.0769999995827674,0.3871799690057626,248.497445,364.257644,491.92905218980354,75.0735996112141,132.9825399515006,0.6413355793867762,4.94740858631001,115457.59819538602
SPARSE_759,0,0,91,0,0,0,0,0,0,0,0,0.0,6.3208336440499995,1.729165939750026,0.0,454.2969055175781,454.2969055175781,OM,0.0740000009536743,0.1368608953572151,22.028551,59.46652,64.44288618567776,9.872547459881966,14.88948896908893,0.9638299194460044,0.3430601768413487,9822.328312706035
SPARSE_760,0,0,113,0,0,0,0,0,0,0,0,0.0,6.31250031075,1.4291659409500257,0.0,568.6463623046875,568.6463623046875,OM,0.1110000014305114,0.1228414909320625,18.375919,59.305106,59.13409673595043,9.65440520541575,18.725608093031052,0.7642550577642002,0.0176705892839012,12196.957135558041
SPARSE_761,0,3,149,221,11,0,0,0,0,0,0,0.0,6.298611421916667,1.2152770529166927,0.0,1919.39453125,639.7981567382812,OM,0.5830000042915344,0.461033624368202,317.952105,812.739951,858.8686187176139,137.1945304646357,197.3617777915692,0.6130418275236929,2.5863725227256715,206948.46926673534
SPARSE_762,0,24,140,12,0,0,0,0,0,0,0,0.0,6.3000003108,1.5666659404000258,0.0,884.78857421875,442.394287109375,OM,-0.1110000014305114,0.3871799690057626,58.843152,89.079513,118.29369513082884,18.363627134029823,33.36158109990476,0.693739642444919,1.4453547105891098,25887.633759800075
SPARSE_763,0,59,291,4,0,0,0,0,0,0,0,0.0,6.28250031087,1.0841659423300256,0.0,1766.6478271484375,353.3295593261719,OM,-0.2409999966621399,0.304015894342817,54.790678,158.307247,163.55178254745903,26.447367867104795,55.9056888620813,0.6956830784177482,0.3019604488401531,37611.56910417645
SPARSE_764,0,0,416,0,0,0,0,0,0,0,0,0.0,6.2925003108299995,1.4141659410100256,0.0,2080.895751953125,416.17913818359375,OM,-0.0585999976843595,0.1228414909320625,121.620874,198.965794,255.72116793007805,40.672289295494586,67.98390061889894,0.8561890161976252,3.5191415941729782,44902.072286656155
SPARSE_765,0,24,58,2,0,0,0,0,0,0,0,0.0,6.29583364415,1.5374992738500255,0.0,420.0823974609375,420.0823974609375,OM,-0.3199999928474426,0.3871799690057626,11.184094,53.882865,48.089223571551614,8.163551897144533,13.0124290040001,0.8013202462579136,0.9710488584169336,9079.81213186136
SPARSE_766,0,2,140,0,0,0,0,0,0,0,0,0.0,6.29583364415,1.6749992733000258,0.0,710.88671875,355.443359375,OM,-0.2399999946355819,0.1368608953572151,24.851819,126.460276,112.3137106457356,19.431976020016904,23.28023813905092,1.0853915986861613,0.0303405186495841,15213.611042040719
SPARSE_767,0,0,76,58,0,0,0,0,0,0,0,0.0,6.28750031085,1.154165942050026,0.0,669.4415893554688,669.4415893554688,OM,0.4079999923706054,0.304015894342817,91.376954,207.785542,229.15468058343816,35.99283773694746,54.367110240456434,0.6260697980163488,0.1030918561305526,54353.47100515082
SPARSE_768,0,76,82,0,0,0,0,0,0,0,0,0.0,6.28750031085,1.7083326065000255,0.0,788.1475219726562,394.0737609863281,OM,-0.5260000228881836,0.2076017909801502,11.859563,99.850209,79.1669338150962,14.717379634054373,19.95005309350104,0.9517851482005484,0.0197198146376063,12739.684411237362
SPARSE_769,0,5,117,0,0,0,0,0,0,0,0,0.0,6.28750031085,1.804165939450026,0.0,614.4085693359375,614.4085693359375,OM,-0.1809999942779541,0.2076017909801502,18.448636,87.5815,79.10877140251894,13.125550239994675,19.68128975515199,0.913715266759476,1.4109279337885072,12884.54961762371
SPARSE_770,0,392,2562,3,0,0,0,0,0,0,0,0.0,6.254924553404545,1.502145738637905,0.0,14782.5771484375,447.9568786621094,OM,-0.2741443989721445,0.2344780839322517,376.757483,1886.596364,1674.973760597801,283.90621796897375,459.5881996262066,0.8509036738358561,30.518748510619098,298981.3960031617
SPARSE_771,0,86,432,7,0,0,0,0,0,0,0,0.0,6.261111422066667,1.5569437182166928,0.0,2628.584228515625,438.0973815917969,OM,-0.2300000041723251,0.3125412002347333,82.370681,329.304307,307.03583048329585,51.693810284340145,83.60675270982723,0.8205434616456216,6.409133792411443,56599.40646872951
SPARSE_772,0,7,970,9,0,0,0,0,0,0,0,0.0,6.264583644275,1.656249273375026,0.0,4931.333984375,410.9444885253906,OM,-0.0280000008642673,0.2076017909801502,180.167555,930.551826,822.9722005495805,142.76979267294203,167.1889391053656,1.0753507853291155,0.2255556568146422,112218.96119603672
SPARSE_773,0,4,54,3,0,0,0,0,0,0,0,0.0,6.27083364425,1.379165941150026,0.0,307.7878723144531,307.7878723144531,OM,-0.0549999897678693,0.3250278442306096,13.016638,63.48793,55.959536658883856,9.7984908375228,11.37651674515796,0.9757156665769708,0.0165156767816007,8420.387526703362
SPARSE_774,0,3,178,183,3,0,0,0,0,0,0,0.0,6.26250031095,1.587499273650026,0.0,1830.465087890625,610.155029296875,OM,0.4690000116825104,0.4101219413489799,283.647546,658.135337,717.8651600368792,115.1252142740839,165.40631650259746,0.6209194528304489,13.240649777480767,169032.1040563949
SPARSE_775,0,39,177,0,0,0,0,0,0,0,0,0.0,6.27083364425,1.7333326064000256,0.0,1080.0601806640625,540.0300903320312,OM,-0.3470000028610229,0.2076017909801502,20.990635,167.375092,134.1040945085859,24.760468441732105,33.04305125784735,0.9687743518691366,0.0333868551896858,21100.534195195065
SPARSE_776,0,0,349,347,0,0,0,0,0,0,0,0.0,6.242262215792857,1.0815468947214542,0.0,3479.165283203125,497.0236206054687,OM,0.460999995470047,0.1437265898707665,426.211194,1228.353812,1257.0098125772968,199.70285073214137,308.5718451068502,0.5922941158690158,20.838921900572306,313775.8017000303
SPARSE_777,0,0,84,22,0,0,0,0,0,0,0,0.0,6.22083364445,1.0874992756500257,0.0,525.8461303710938,525.8461303710938,OM,0.3429999947547912,0.1437265898707665,44.148546,96.541892,109.36282357951136,16.58278933244886,29.348204177688334,0.6187929841781044,0.956678271742433,26572.01583042275
SPARSE_778,0,77,74,0,0,0,0,0,0,0,0,0.0,6.2166669778,1.379165941150026,0.0,756.1744384765625,378.0872192382813,OM,-0.5429999828338623,0.3250278442306096,17.021094,91.807347,79.531867005586,14.025153470973448,18.355338875112604,0.9994126079191784,0.0228424135231901,11927.351378509695
SPARSE_779,0,5,53,3,0,0,0,0,0,0,0,0.0,6.2125003111499995,1.3208326080500257,0.0,304.9580383300781,304.9580383300781,OM,-0.0769999995827674,0.3250278442306096,14.315964,37.281267,39.40380666841507,6.291871021451436,11.239393141436729,0.7250947485088401,0.0118427660474726,8363.618210337694
SPARSE_780,1,30,58,9,0,0,0,0,0,0,0,0.0,6.1958336445499995,1.4458326075500256,0.0,493.7198486328125,493.7198486328125,OM,-0.2741443989721445,0.558995931554948,21.210277,75.029138,72.03363278456446,11.91574269107357,18.569510642674896,0.7156746086614311,1.7787616124384442,14996.375723412875
SPARSE_781,1,21,40,6,0,0,0,0,0,0,0,0.0,6.18750031125,1.4208326076500255,0.0,339.8232421875,339.8232421875,OM,-0.2741443989721445,0.558995931554948,14.389744,51.308564,49.15411061051597,8.144736618389807,12.70598285676622,0.7180211702283911,1.220544238126597,10205.902665283864
