cat,h_tier1,h_tier2,h_tier3,h_tier4,h_tier5,hospital_1,hospital_2,hospital_3,hospital_4,hospital_5,schools,school_total_demand,lat,lon,distance_grid_km,pop_sum,density,cooling,rwi,rwi_std
GHSL_1,0,11,119,4,0,0,0,0,0,0,0,0.0,11.116756725613362,-0.10424275098906491,12.85,669.098215103149,2836.62366253663,OM,-0.114,0.1751370840491474
GHSL_2,0,54,84,0,0,0,0,0,0,0,0,0.0,11.02543250567771,0.13344680998506164,0.33,690.374830245972,2340.69006169276,OM,-0.453,0.3876970327750518
GHSL_3,0,12,149,5,0,0,0,0,0,0,0,0.0,11.002100294824054,0.137958618553313,0.93,831.450744628906,2596.14176001332,OM,-0.101,0.3876970327750518
GHSL_4,0,14,171,6,0,0,0,0,0,0,0,0.0,10.984234439008747,0.1439480986967209,0.3,952.601808547974,2691.05483112358,OM,-0.101,0.4026286705928697
GHSL_5,0,61,132,0,0,0,0,0,0,0,0,0.0,9.886439258654725,0.5292107603994896,36.19,968.238422393799,4239.8536664556,OM,-0.392,0.28434997915806814
GHSL_6,0,33,143,1,0,0,0,0,0,0,2,24000000.0,9.782241899812353,0.4585828216546884,33.09,887.692134857178,3885.76840517572,OM,-0.266,0.2157853765952962
GHSL_7,0,31,106,1,0,0,0,0,0,0,0,0.0,9.74047557065994,0.6014760213052814,27.57,689.166223526001,2808.36120720626,OM,-0.311,0.37713114539619275
GHSL_8,0,37,110,1,0,0,0,0,0,0,0,0.0,9.7203945782909,0.3566022985244813,26.93,739.698858261108,2648.91478574844,OM,-0.336,0.2157853765952962
GHSL_9,0,0,36,130,1,0,0,0,0,0,0,0.0,9.691780772061836,0.5991293934721365,22.21,836.960729598999,5205.07677132657,OM,0.697,0.37713114539619275
GHSL_10,0,29,111,1,0,0,0,0,0,0,0,0.0,8.371571926215351,1.6075642495465583,52.68,707.441667556763,2449.62418993602,OM,-0.289,0.1319080488239805
GHSL_11,0,40,126,1,0,0,0,0,0,0,0,0.0,8.297336928834552,1.3423915565117408,22.44,834.915187835693,3170.05037602399,OM,-0.323,0.23065905435287382
GHSL_12,0,151,103,0,0,0,0,0,0,0,0,0.0,8.273603816659929,1.5711194888818965,46.26,1268.39677524567,2985.86811498509,OM,-0.607,0.1319080488239805
GHSL_13,0,136,202,0,0,0,0,0,0,0,0,0.0,8.249892451100715,1.551521651967846,43.82,1690.76888561249,3209.42284300054,OM,-0.46,0.1319080488239805
GHSL_14,0,79,100,0,0,0,0,0,0,0,0,0.0,8.201331129624647,1.5581271748098025,44.46,895.55082988739,3193.44597975777,OM,-0.49,0.1319080488239805
GHSL_15,0,43,79,0,0,0,0,0,0,0,0,0.0,8.194227234109167,1.5990884206439488,48.83,611.038235664368,2876.15079154798,OM,-0.423,0.1748628834570809
GHSL_16,0,77,149,0,0,0,0,0,0,0,0,0.0,8.179424888348725,1.563558225814031,44.6,1131.11666870117,3095.07457430333,OM,-0.413,0.1748628834570809
GHSL_17,0,107,54,0,0,0,0,0,0,0,0,0.0,8.172202931110611,1.3260188436941085,19.43,803.547470092773,2701.31770155404,OM,-0.663,0.5564930367938129
GHSL_18,0,66,80,0,0,0,0,0,0,0,0,0.0,8.119167488371911,1.5144036095092779,36.95,733.192370414734,2974.411239005,OM,-0.498,0.1319080488239805
GHSL_19,0,26,173,3,0,0,0,0,0,0,0,0.0,8.049807349739662,1.5656414566876657,40.55,1008.01215267181,2823.06312273714,OM,-0.197,0.1748628834570809
GHSL_20,1,117,38,0,0,0,0,0,0,0,0,0.0,8.036982918449091,1.4854248349519505,31.6,774.241707801819,2937.60749957057,OM,-0.744,0.1748628834570809
GHSL_21,0,22,165,3,0,0,0,0,0,0,1,12000000.0,7.979567427115869,1.1917502636285509,1.05,950.789789199829,4141.41322321895,OM,-0.18,0.1862546750776101
GHSL_22,0,15,105,2,0,0,0,0,0,0,0,0.0,7.967129005068944,0.9821755145845174,0.32,609.671085357666,2868.02815645144,OM,-0.185,0.21162139651744788
GHSL_23,0,30,131,1,0,0,0,0,0,0,0,0.0,7.948303492807459,1.5870052124989864,42.53,809.236536026001,2265.7696996222,OM,-0.267,0.1748628834570809
GHSL_24,0,10,150,7,0,0,0,0,0,0,0,0.0,7.939702064044394,1.0493977967389372,7.73,830.629228591919,2325.59811794987,OM,-0.062,0.234444023169711
GHSL_25,0,17,131,3,0,0,0,0,0,0,0,0.0,7.931506483645936,1.197837502698846,0.36,753.716891288757,2859.06021943661,OM,-0.171,0.1862546750776101
GHSL_26,0,87,71,0,0,0,0,0,0,0,0,0.0,7.892824889801031,0.8105413178967532,18.62,792.326623916626,3005.51779775979,OM,-0.573,0.24710591762205283
GHSL_27,0,48,197,2,0,0,0,0,0,0,0,0.0,7.861950342061606,1.1909777289501868,1.37,1230.10500812531,2537.12551331218,OM,-0.276,0.23640950860390936
GHSL_28,0,23,92,1,0,0,0,0,0,0,0,0.0,7.774982286253417,1.3541002178495836,16.13,575.607661247253,2255.42753515636,OM,-0.281,0.3441681514487578
GHSL_29,0,5,139,11,0,0,0,0,0,0,0,0.0,7.736613671815363,1.1961530803583211,0.56,774.327199935913,4333.88855271181,OM,0.015,0.23640950860390936
GHSL_30,0,7,153,10,0,0,0,0,0,0,0,0.0,7.718241911821895,0.7973452973820809,20.09,845.956364631653,3107.20926125284,OM,-0.009,0.3436142697481349
GHSL_31,0,2,114,19,0,0,0,0,0,0,0,0.0,7.598342381337665,0.718083323354385,21.59,675.728422164917,2405.93666030323,OM,0.141,0.18605362767547856
GHSL_32,0,1,191,74,0,0,0,0,0,0,0,0.0,7.446727989066717,1.1617883824375133,1.65,1328.11565685272,3250.21451714222,OM,0.285,0.32273879414505335
GHSL_33,0,49,229,2,0,0,0,0,0,0,0,0.0,7.359074787580208,1.5674664620014451,2.12,1400.25318908691,3224.42100811006,OM,-0.254,0.20094166958323603
GHSL_34,0,11,155,6,0,0,0,0,0,0,0,0.0,7.302405639623299,0.7043818275460506,37.96,862.880670547485,2894.9768458513,AS,-0.081,0.2044356925317895
GHSL_35,0,63,173,1,0,0,0,0,0,0,2,24000000.0,7.277505013754885,1.62704998723796,1.86,1186.36259269714,3165.76097189883,OM,-0.348,0.15652293808739898
GHSL_36,0,20,210,6,0,0,0,0,0,0,0,0.0,7.269367563497209,0.7988167972646579,40.66,1181.16692447662,3301.98685116217,OM,-0.124,0.4026286705928697
GHSL_37,0,11,158,6,0,0,0,0,0,0,0,0.0,7.260953765657316,1.617396451771917,0.1,879.098340034485,2867.1361200295,OM,-0.076,0.15652293808739898
GHSL_38,0,67,100,0,0,0,0,0,0,0,0,0.0,7.245685335977284,1.625474932978235,0.41,836.493538856506,3507.66340787545,OM,-0.459,0.19887360986542427
GHSL_39,0,1,140,34,0,0,0,0,0,0,1,12000000.0,7.236202564748731,0.7906784208044507,43.29,877.333956718445,2943.11593216541,OM,0.201,0.4026286705928697
GHSL_40,0,51,118,0,0,0,0,0,0,0,0,0.0,7.204983749839927,1.5963682698183699,5.71,845.623335838318,3008.32936967106,OM,-0.377,0.19887360986542427
GHSL_41,0,57,79,0,0,0,0,0,0,0,0,0.0,7.195613321147166,1.1691874464879586,3.16,683.17400932312,2227.61542605131,OM,-0.474,0.3536078614716905
GHSL_42,0,3,185,26,0,0,0,0,0,0,0,0.0,7.187856750111457,1.583478142556019,8.06,1070.19916629791,2921.51105817615,OM,0.111,0.26044625831093426
GHSL_43,0,24,180,3,0,0,0,0,0,0,0,0.0,7.030205472636341,0.6187528207732856,60.13,1037.38856315613,1995.59152297927,AS,-0.177,0.4026286705928697
GHSL_44,0,2,121,18,0,0,0,0,0,0,0,0.0,7.017487700225013,0.6894709865272102,52.35,708.570297241211,2682.129354919,AS,0.124,0.4831618129507924
GHSL_45,0,127,52,0,0,0,0,0,0,0,0,0.0,6.972399587649715,1.4701283344262284,6.22,896.374270439148,2697.01427508635,OM,-0.7,0.18724678021320965
GHSL_46,0,107,76,0,0,0,0,0,0,0,0,0.0,6.974765977820971,1.3070570553345138,4.71,913.261480331421,2820.13574874758,OM,-0.599,0.1977530936157107
GHSL_47,0,45,129,1,0,0,0,0,0,0,0,0.0,6.859842487107955,1.2154330521770553,2.29,874.030796051025,2384.59614999789,OM,-0.34,0.4026286705928697
GHSL_48,0,20,117,2,0,0,0,0,0,0,0,0.0,6.769564760390068,1.1760090898402547,0.8,692.612501144409,2620.49480959346,OM,-0.216,0.4026286705928697
GHSL_49,0,23,220,6,0,0,0,0,0,0,0,0.0,6.73151775013759,1.1739867598764788,0.93,1243.00077915192,2858.28125918804,OM,-0.14,0.1216223709159458
GHSL_50,0,9,116,4,0,0,0,0,0,0,0,0.0,6.653752558315507,1.5405462897051119,8.53,645.959292411804,2227.81457762597,OM,-0.089,0.3746260270627799
GHSL_51,0,14,151,4,0,0,1,0,0,0,0,0.0,6.602016822008268,1.1032568503099722,9.79,848.60812664032,1631.09492712485,OM,-0.124,0.3248125567637475
GHSL_52,0,6,109,6,0,0,0,0,0,0,0,0.0,6.49359818953707,1.328647348876536,7.45,604.138370513916,2082.84791974569,OM,-0.041,0.20690241865270434
GHSL_53,0,48,96,0,0,0,0,0,0,0,0,0.0,6.3312566881463335,1.5821252557460561,2.59,721.408883094788,2167.61993630844,OM,-0.406,0.1584466282599453
GHSL_54,0,2,213,42,0,0,0,0,0,0,0,0.0,6.250027543993732,1.4479588266225052,13.98,1290.29609203339,3149.52180246384,OM,0.169,0.23447808393225175
GHSL_55,0,1,163,42,0,0,0,0,0,0,0,0.0,6.244872506783598,1.5565434952520816,11.19,1033.21029090881,4323.4174027484,OM,0.212,0.31254120023473336
GHSL_56,0,0,10,142,6,0,0,0,0,0,0,0.0,6.202919816430828,1.2150392667327883,0.25,788.291912078857,8396.35630908939,OM,0.924,0.4026286705928697
GHSL_60,0,41,156,1,0,0,0,0,0,0,1,12000000.0,9.784048843266273,1.123921475184316,2.16,989.13728761673,927.82128985535,OM,-0.289,0.4026286705928697
GHSL_61,0,9,144,7,0,0,0,0,0,0,0,0.0,9.613768820367332,1.1654347732501549,1.36,796.406586647034,1221.84792483493,OM,-0.059,0.4026286705928697
GHSL_62,0,15,646,75,0,0,1,0,0,0,1,12000000.0,9.597728835169347,1.1582078724806446,3.05,3681.27531099319,1819.47125793501,OM,0.081,0.4026286705928697
GHSL_63,0,0,500,836,2,0,0,1,0,0,0,0.0,9.761769370972228,1.1151899672064933,0.56,6691.80841016769,1722.93693509263,OM,0.558,0.4026286705928697
GHSL_64,0,79,132,0,0,0,0,0,0,0,0,0.0,9.745796410553382,1.0930160110664846,2.5,1054.40408468246,703.980763908617,OM,-0.439,0.4026286705928697
GHSL_65,0,5,992,371,0,0,0,0,0,0,0,0.0,9.764862932360673,1.1064524848556068,1.12,6840.50191354752,1456.61695845235,OM,0.279,0.4026286705928697
GHSL_66,0,1,715,573,0,0,0,0,0,0,0,0.0,9.615581411111245,1.1509516299437816,2.89,6442.87905979156,1665.47000967856,OM,0.42,0.4026286705928697
GHSL_67,0,266,1354,16,0,0,1,0,0,0,0,0.0,10.553488567995629,0.30543684822028516,6.6,8178.37311172485,3135.84933874668,OM,-0.24,0.4026286705928697
GHSL_68,0,358,931,4,0,0,0,0,0,0,0,0.0,10.566892481357568,0.3077092654298879,5.83,6465.54413890839,2386.47891619361,OM,-0.358,0.1977068436475722
GHSL_69,0,2,363,130,0,0,0,0,0,0,0,0.0,9.631498288210322,1.1394022700693267,3.28,2470.88541126251,2070.1724759544,OM,0.271,0.3910380964650329
GHSL_70,0,3,558,209,0,0,0,0,0,0,0,0.0,9.793209311193246,1.101818821125951,0.21,3845.6913690567,1583.71432366773,OM,0.279,0.4026286705928697
GHSL_71,0,664,2156,13,0,0,1,0,0,0,6,44563600.0,9.584318298105407,1.2289002894259566,0.94,14165.8831124306,2015.95527165668,OM,-0.318,0.4026286705928697
GHSL_72,0,0,1120,1763,3,0,2,0,0,0,5,40318900.0,9.534788727036442,1.1757880385626471,1.55,14432.1991686821,2410.91843561211,OM,0.547,0.4026286705928697
GHSL_73,0,44,467,13,0,0,0,0,0,0,0,0.0,9.364931956696502,1.240268190963585,1.27,2623.58250331879,2419.45658504353,OM,-0.123,0.3330885775486118
GHSL_76,0,1,195,81,0,0,0,0,0,0,0,0.0,8.108440835456463,1.3561429215228258,20.76,1386.42172050476,4408.33615422817,OM,0.298,0.23065905435287382
GHSL_77,0,65,161,1,0,0,1,0,0,0,0,0.0,8.099693752768358,1.3501715376697399,19.71,1133.7345085144,4446.01768044864,OM,-0.366,0.23065905435287382
GHSL_78,0,20,435,26,0,0,0,0,0,0,0,0.0,7.5460398225112275,1.099224019757344,0.44,2408.25589561462,3408.7516675925,OM,-0.018,0.3030088007522774
GHSL_79,0,0,62,72,0,0,0,0,0,0,0,0.0,7.527114093323297,1.0992005572702737,1.31,670.480886459351,3938.44505673961,OM,0.489,0.3030088007522774
GHSL_80,0,0,34,55,0,0,0,0,0,0,1,12000000.0,6.957935525464668,1.177926660041106,1.49,446.520128250122,4365.83488061835,OM,0.549,0.4866335997252887
GHSL_83,0,0,608,856,1,0,1,0,0,0,3,36000000.0,6.665319339900249,1.415609937483702,14.43,7326.36306476593,3520.88158235068,OM,0.526,0.4584161175907917
GHSL_84,0,0,17,85,1,0,0,0,0,0,1,12000000.0,6.60921368260834,1.3935840912488051,13.8,518.032470703125,4338.41239722564,OM,0.751,0.6020542611204852
GHSL_85,0,97,150,0,0,0,0,0,0,0,0,0.0,6.604907008043703,1.4071190790521642,12.29,1233.2551612854,3907.98693578158,OM,-0.453,0.6020542611204852
GHSL_86,0,1,257,161,0,0,0,0,0,0,1,12000000.0,6.607576354341232,1.4985283379827787,3.43,2090.27932739258,3713.31913470366,OM,0.374,0.4026286705928697
GHSL_87,0,30,161,2,0,0,1,0,0,0,0,0.0,6.53477844592977,1.3676555837158941,11.1,963.209613800049,2971.58516011615,OM,-0.231,0.24996199703096322
GHSL_90,0,0,172,267,0,0,0,0,0,0,7,44639000.0,6.4611115144111215,0.9100903566225331,22.08,2198.79876708984,2321.72971187416,OM,0.544,0.44497973208786745
GHSL_91,0,2,887,481,0,0,1,1,0,0,6,46184800.0,6.438162671485429,0.9253730616704358,19.67,6853.9368057251,2282.16260898978,OM,0.347,0.4026286705928697
GHSL_92,0,0,44,381,8,0,0,0,0,0,1,12000000.0,6.421650940207167,1.1931539522170829,0.71,2168.84617900848,1629.49602928378,OM,0.843,0.4026286705928697
GHSL_93,0,0,15,1885,474,0,0,0,0,0,0,0.0,6.385454085482492,1.2041332259188864,1.29,11871.7937445641,2222.6695323595,OM,1.212,0.4026286705928697
GHSL_94,0,0,3,116,10,0,0,0,0,0,3,6698400.0,6.423204634923154,1.212567370930583,2.26,650.031089782715,2930.28548533446,OM,1.042,0.6668395757459169
GHSL_96,0,0,23,96,1,0,0,0,0,0,0,0.0,6.378752514556846,1.4279244925994932,2.35,597.263380050659,3181.56984142132,OM,0.721,0.4026286705928697
GHSL_97,0,0,108,78,0,0,0,0,0,0,0,0.0,6.348313070108967,1.5401293345738887,7.23,931.244739532471,3897.66092787862,OM,0.401,0.3871799690057626
GHSL_98,0,0,849,1308,2,0,0,0,0,0,2,20356700.0,6.313213693002848,1.2446000058023834,3.12,10796.4829530716,1449.17215096997,OM,0.543,0.4026286705928697
GHSL_102,0,10,1696,552,0,0,0,0,0,0,0,0.0,6.272093501800235,1.277180536191897,2.15,11286.655898571,1979.65855046138,OM,0.254,0.4026286705928697
GHSL_103,0,0,81,133,0,0,0,0,0,0,0,0.0,6.209937273940484,1.489872322993584,18.75,1069.56642532349,2506.30679630577,OM,0.556,0.4026286705928697
GHSL_110,0,0,10,92,2,0,0,0,0,0,0,0.0,6.200854932997973,1.4075453466356258,12.29,522.154228210449,3398.77776612933,OM,0.859,0.558995931554948
GHSL_111,0,0,53,486,12,0,0,0,0,0,0,0.0,6.193294584620086,1.4006262591786904,11.31,2752.18888187408,3358.6009058315,OM,0.854,0.558995931554948
GHSL_115,0,3,184,28,0,0,0,0,0,0,0,0.0,9.698527768564126,0.616160779348938,22.85,1071.78846168518,3724.82453616497,OM,0.122,0.37713114539619275
GHSL_116,0,4,904,351,0,0,0,0,0,0,1,12000000.0,9.685697445614775,0.6158489464395547,21.53,6293.63292694092,5164.19264439255,OM,0.286,0.37713114539619275
GHSL_117,0,0,164,562,4,0,0,0,0,0,0,0.0,7.5273574097256235,1.151858722342013,0.49,3649.67385673523,6596.43192729763,OM,0.688,0.5756823768007575
GHSL_118,0,8,1058,289,0,0,0,0,0,0,0,0.0,7.531841511169569,1.1598928022344983,1.58,6769.86816596985,3355.83230523394,OM,0.223,0.4026286705928697
GHSL_119,0,124,772,12,0,0,0,0,0,0,1,12000000.0,7.5140129118128405,1.1310423963587775,1.2,4538.92893600464,4265.9106541397,OM,-0.207,0.5761113073235349
GHSL_120,0,0,56,102,0,0,0,0,0,0,0,0.0,9.461413642524196,0.8183913649044803,0.95,791.748950958252,2397.12541655162,OM,0.576,0.440237543583973
GHSL_121,0,302,4926,229,0,0,4,0,0,0,32,115972100.0,8.971486043904244,1.158400138488553,0.61,27284.0531835556,3433.47502534355,OM,-0.057,0.4026286705928697
GHSL_124,0,0,38,33,0,0,0,0,0,0,0,0.0,6.9385627162804,1.1620685411377085,3.85,359.293004989624,3832.3360851346,OM,0.436,0.4866335997252887
GHSL_125,0,0,44,147,1,0,0,0,0,0,0,0.0,6.437205915448712,1.196826784266883,1.24,959.118829727173,2081.74634432284,OM,0.682,0.4026286705928697
GHSL_126,0,0,49,310,5,0,0,0,0,0,1,12000000.0,6.337022292325212,1.5163318299995547,9.83,1816.63152885437,3734.99690336253,OM,0.793,0.3871799690057626
GHSL_129,0,0,482,2199,21,0,0,0,0,0,7,5691700.0,6.205680002669961,1.4329781288237522,14.51,13508.4707231522,2496.31906014639,OM,0.738,0.4026286705928697
GHSL_130,0,6,1033,319,0,0,0,0,0,0,14,32620600.0,7.53530979889625,1.1208121077462505,0.17,6793.37383365631,4988.0858153609,OM,0.245,0.4026286705928697
GHSL_131,0,0,11,137,5,0,0,0,0,0,0,0.0,9.659000365714473,1.3035194465024098,0.6,764.724535942078,3115.52594331399,OM,0.903,0.4026286705928697
GHSL_132,0,0,0,108,89,0,0,0,0,0,0,0.0,8.982846921770749,1.1218341416196798,2.91,984.899753570557,2700.86376849034,OM,1.427,0.9990189778498565
GHSL_133,0,0,173,489,2,0,0,0,0,0,0,0.0,8.180960732181976,0.9661909813433521,1.37,3324.89295196533,2590.86529354837,OM,0.654,0.6639160937541732
GHSL_134,0,3,141,17,0,0,0,0,0,0,0,0.0,7.653297916479196,0.7841950018312167,21.53,803.840925216675,4106.8866561931,OM,0.088,0.18605362767547856
GHSL_135,0,0,3,236,39,0,0,0,0,0,0,0.0,7.496981501221048,1.151415496917576,2.17,1392.38402938843,4673.68430917168,OM,1.14,0.5761113073235349
GHSL_136,0,0,3,230,38,0,0,0,0,0,0,0.0,7.496958052319481,1.1618032484681375,1.77,1353.89016246796,3001.0687740902,OM,1.14,0.5761113073235349
GHSL_137,0,0,164,143,0,0,0,0,0,0,0,0.0,6.9400963687013535,1.1508793749293484,4.95,1536.19650936127,3218.59445316301,OM,0.436,0.4866335997252887
GHSL_138,0,6,154,12,0,0,0,0,0,0,0,0.0,6.446382388343435,0.9088007950003453,21.46,857.366572380066,2644.43017118238,OM,0.015,0.44497973208786745
GHSL_139,0,0,15,98,1,0,0,0,0,0,0,0.0,6.388348661151452,1.4392151173869638,3.26,572.648202896118,4194.85615107916,OM,0.794,0.3510289623940204
GHSL_140,0,0,9,143,6,0,0,0,0,0,0,0.0,6.349625037490485,1.5253436398179412,8.85,792.165033340454,4036.32461869496,OM,0.938,0.3871799690057626
GHSL_141,0,0,23,256,8,0,0,0,0,0,1,11929900.0,6.210298000371112,1.5028448352417323,17.8,1433.40670394897,2469.77274190871,OM,0.883,0.4026286705928697
GHSL_142,0,7,287,31,0,0,0,0,0,0,0,0.0,6.210624948272561,1.4067006436230365,12.62,1624.62043952942,2572.27068118466,OM,0.069,0.558995931554948
GHSL_143,0,1,129,47,0,0,0,0,0,0,2,7554400.0,8.998969798542866,1.1438641994275838,0.33,880.857557296753,2885.40866514922,OM,0.274,0.9990189778498565
GHSL_144,0,1,164,43,0,0,1,0,0,0,0,0.0,8.74961800246194,1.6004286888697432,52.66,1042.65219306946,3963.46237472519,OM,0.217,0.39889311592137755
GHSL_145,0,0,88,69,0,0,0,0,0,0,0,0.0,7.120597840676519,0.7398165757419473,46.91,787.303899765015,2566.84891681343,OM,0.416,0.4026286705928697
GHSL_146,0,0,17,48,0,0,0,0,0,0,0,0.0,6.488168063002171,1.5648945971114434,0.85,324.972683906555,2240.7736759814,OM,0.66,0.4026286705928697
GHSL_147,0,0,5,65,2,0,0,0,0,0,1,1687200.0,6.232774622949995,1.582840781828249,9.01,363.890859603882,3875.92117594804,OM,0.897,0.4026286705928697
GHSL_148,0,0,101,211,1,0,0,0,0,0,1,5328000.0,11.10446127676555,0.01515001600230394,0.16,1566.49554443359,5997.87707258962,OM,0.599,0.2892269009062014
GHSL_149,0,0,4,51,2,0,0,0,0,0,3,5061600.0,6.232663274888847,1.589661474806698,8.21,283.24764251709,4740.94304991363,OM,0.897,0.2517300141024108
GHSL_150,0,0,4,60,3,0,0,1,0,0,0,0.0,9.262500164411708,0.7791666785197432,12.33,330.54430770874,4334.09786416936,OM,0.944,0.44342525109965164
GHSL_151,0,0,100,1277,43,0,1,0,0,0,0,0.0,9.658248125620023,1.3102079759206628,1.08,7102.52271938324,4370.54653002375,OM,0.903,0.4026286705928697
GHSL_152,0,0,867,10191,318,0,5,1,1,0,56,189600900.0,9.550142471225119,1.1968411336204232,0.63,56877.5649394989,3765.45980040696,OM,0.891,0.4026286705928697
GHSL_153,0,0,2411,12294,136,0,2,2,0,0,98,206989800.0,8.992278651211324,1.1364197601526234,1.0,74206.6079378128,4932.63954260654,OM,0.757,0.4026286705928697
GHSL_154,0,4,937,389,0,0,1,0,0,0,0,0.0,8.108266537836835,1.349500497075434,20.11,6648.79897212982,4712.11833602397,OM,0.298,0.4026286705928697
GHSL_155,0,109,1843,89,0,0,0,1,0,0,0,0.0,7.656818831498983,0.791588506973049,20.75,10202.9313983917,6851.05348221704,OM,-0.052,0.4026286705928697
GHSL_156,0,1,1049,1453,2,0,1,0,0,0,0,0.0,7.535279900308723,1.1012493261861294,0.43,12519.9130535126,4838.33699696117,OM,0.523,0.3030088007522774
GHSL_157,0,2,3902,6212,11,0,0,1,0,0,2,24000000.0,6.9492203037521785,1.169956511984566,2.55,50635.2047958374,6013.16572728122,OM,0.549,0.4026286705928697
GHSL_158,0,0,328,1615,17,0,0,0,0,0,1,12000000.0,6.609208992440964,1.399349240420519,13.21,9800.92604255676,4506.44778917826,OM,0.751,0.4026286705928697
GHSL_159,0,0,641,1870,9,0,2,0,0,0,0,0.0,6.472067352162259,1.5632546777472653,0.14,12599.0691413879,3655.52749803249,OM,0.66,0.4026286705928697
GHSL_160,0,0,551,854,2,0,1,0,0,0,13,67903800.0,6.454609425312899,0.9110339263912793,21.9,7036.46915912628,3054.50033821529,OM,0.544,0.44497973208786745
GHSL_161,0,0,261,6536,442,0,1,1,0,0,33,153527800.0,6.423347792957299,1.2103565618794654,2.31,36196.9916481972,2792.95447601186,OM,1.001,0.4026286705928697
GHSL_162,0,0,278,1770,26,0,1,0,0,0,2,24000000.0,6.385555582380702,1.444328538887278,3.82,10369.6967935562,4051.16882851176,OM,0.794,0.3510289623940204
GHSL_163,0,18,271,12,0,0,0,0,0,0,0,0.0,6.32982505198633,1.2010729388701105,4.14,1505.37465906143,2099.99283928287,OM,-0.069,0.46103362436820206
GHSL_164,0,1,1822,3110,6,0,0,0,0,0,9,87754300.0,6.32027818746584,1.2224147846155127,5.62,24696.6558637619,3081.913502203,OM,0.562,0.4026286705928697
GHSL_165,0,110,2939,220,0,0,0,0,0,0,4,48000000.0,6.253808913604459,1.282965005719077,3.9,16346.9590101242,2919.64204247292,OM,0.013,0.4026286705928697
GHSL_166,0,0,118,1443,47,0,1,1,0,0,9,22525200.0,6.228170281171279,1.5880935051335194,8.34,8037.28281593323,4421.05707563346,OM,0.897,0.4026286705928697
GHSL_167,0,0,170,1901,56,0,0,0,0,0,0,0.0,6.219854777057654,1.5047732264845843,16.88,10637.9432029724,2852.15225045141,OM,0.883,0.4026286705928697
GHSL_168,0,0,1059,1750,3,0,0,0,0,0,6,37038800.0,6.206425801986148,1.4686667451681374,18.95,14059.8787021637,3033.7275249163,OM,0.556,0.4026286705928697
GHSL_169,0,0,308,2940,72,1,0,0,0,0,8,40065500.0,6.2030080823131275,1.412359226002102,12.93,16599.7485733032,3290.75221866723,OM,0.859,0.558995931554948
GHSL_170,0,0,280,11714,1255,0,2,2,0,0,17,68620600.0,7.51961388978752,1.1488480384663882,0.04,66245.967748642,5672.48978535551,OM,1.071,0.4026286705928697
GHSL_171,0,0,612,1276,4,0,1,1,0,0,1,5328000.0,11.102348630989288,0.013322462709049866,0.69,9455.39603805542,5696.96548407442,OM,0.599,0.2892269009062014
GHSL_172,0,0,444,1246,6,0,1,0,0,0,5,38530400.0,9.457518474134238,0.8099682934991564,0.64,8477.00607967377,3271.06320076749,OM,0.653,0.440237543583973
GHSL_173,0,4,270,42,0,0,1,0,0,0,0,0.0,9.446823408776503,0.8269708743245868,0.74,1583.87407588959,2460.79210850965,OM,0.129,0.440237543583973
GHSL_174,0,0,1158,2052,5,0,0,1,0,0,0,0.0,9.356163505145506,1.2495054804998789,1.53,16077.0704040527,3912.72412314008,OM,0.569,0.3330885775486118
GHSL_175,0,8,988,246,0,0,0,0,0,0,1,12000000.0,9.272064343024674,0.785620348143144,11.65,6212.55707073212,3106.49096191281,OM,0.207,0.44342525109965164
GHSL_176,0,0,100,1684,77,0,1,0,0,0,1,12000000.0,9.262681169161354,0.7793609664356952,11.87,9304.90113067627,4097.21269038757,OM,0.944,0.44342525109965164
GHSL_177,0,1,680,593,0,0,0,0,0,0,2,24000000.0,9.25453229538507,0.7652988540376473,13.84,6373.15380954742,2785.49367107554,OM,0.436,0.44342525109965164
GHSL_178,0,3,425,112,0,0,0,0,0,0,0,0.0,8.740061968791009,1.6007249198576996,53.14,2700.51125907898,4079.88913728037,OM,0.217,0.39889311592137755
GHSL_179,0,13,1683,444,0,0,0,0,0,0,0,0.0,8.74732855704146,1.5907082618173318,51.77,10698.1216163635,5319.32048733706,OM,0.217,0.39889311592137755
GHSL_180,0,0,5,261,34,0,0,0,0,0,1,2309900.0,8.573715665393099,0.9860855196133317,2.62,1503.63995695114,1753.53643418715,OM,1.104,0.8293135679846014
GHSL_181,0,0,25,1340,177,0,1,1,0,0,11,50702100.0,8.558909282737579,0.9809903359606248,2.81,7705.79356908798,2003.5938566028,OM,1.104,0.8293135679846014
GHSL_182,0,0,30,85,0,0,0,0,0,0,0,0.0,8.169057495412632,0.9818475787957734,0.28,580.847574472427,899.250646318185,OM,0.654,0.6639160937541732
GHSL_183,0,0,315,890,4,0,0,0,0,0,1,12000000.0,8.177409864807744,0.9762736042913647,0.36,6047.71252441406,2117.81963167153,OM,0.654,0.6639160937541732
GHSL_184,0,3,105,9,0,0,0,0,0,0,0,0.0,7.214696218831913,0.6990554598249521,46.27,585.576495170593,2083.20524511584,OM,0.038,0.2044356925317895
GHSL_185,0,28,979,94,0,0,0,0,0,0,0,0.0,7.2044309276727105,0.6944940983953312,47.06,5505.01276397705,3152.55141527974,AS,0.051,0.2044356925317895
GHSL_186,0,0,86,164,0,0,0,0,0,0,0,0.0,7.140730066088503,0.7315502030025118,47.87,1255.20020198822,3069.60960301537,OM,0.582,0.4026286705928697
GHSL_187,0,0,603,1146,3,0,2,0,0,0,2,24000000.0,7.128039737551779,0.7324146847478346,47.73,8755.61867427826,3848.97197838271,OM,0.582,0.29776318820211267
GHSL_188,0,0,164,129,0,0,0,0,0,0,0,0.0,7.115383490874924,0.7295819528033903,48.01,1468.66170406342,3447.56268559487,OM,0.416,0.29776318820211267
GHSL_189,0,0,606,853,1,0,0,0,0,0,9,108000000.0,6.656059087637122,1.4087495257163127,13.96,7305.79197311401,4098.96135730428,OM,0.526,0.4584161175907917
GHSL_190,0,0,256,4124,181,0,1,1,0,0,14,98856100.0,6.338553493373968,1.5308473138147347,8.14,22805.8293800354,4623.87983615096,OM,0.938,0.3871799690057626
GHSL_191,0,0,62,392,6,0,0,0,0,0,2,24000000.0,6.3250186921783005,1.5238873790649758,9.08,2299.89386367798,3546.02312680852,OM,0.793,0.3871799690057626
GHSL_192,0,2,915,608,0,0,0,0,0,0,10,19099200.0,6.223635927718354,1.5608864333604058,11.71,7624.76927375793,3531.04018272027,OM,0.385,0.4026286705928697
GHSL_193,0,35,297,7,0,0,0,0,0,0,0,0.0,6.2027898244569055,1.0879060526432554,10.5,1689.26731014252,1069.82163203532,OM,-0.155,0.4026286705928697
GHSL_194,0,0,174,13326,2314,0,0,0,0,0,1,12000000.0,6.205979316659755,1.106289180119927,9.54,79071.1309504509,6857.26331925566,OM,1.149,0.4026286705928697
GHSL_195,0,0,81,80,0,0,0,0,0,0,0,0.0,6.228755125580287,1.0939192017303936,7.8,804.573022842407,1923.82631623066,OM,0.461,0.4026286705928697
GHSL_196,0,0,23,256,8,0,0,0,0,0,0,0.0,6.215979185773328,1.5084744956563276,16.86,1432.03168487549,2892.81798047692,OM,0.883,0.558995931554948
GHSL_197,0,0,256,2369,56,0,0,0,0,0,0,0.0,6.188885464488564,1.3923645090451886,10.31,13406.5593347549,3821.39256107851,OM,0.854,0.4026286705928697
GHSL_198,0,0,662,2383,16,0,1,1,0,0,1,12000000.0,9.696151991576576,0.6083980095519869,22.53,15306.3740673065,7177.07428006247,OM,0.697,0.37713114539619275
GHSL_199,0,82,363,3,0,0,0,0,0,0,0,0.0,9.709024356269515,0.6044825964676641,24.08,2243.60915756226,3313.85022681416,OM,-0.265,0.37713114539619275
GHSL_200,0,95,338,2,0,0,0,0,0,0,0,0.0,9.25069340563658,0.7883146233358063,11.23,2179.7835893631,2956.68914158399,OM,-0.302,0.44342525109965164
GHSL_201,0,0,101,184,0,0,0,0,0,0,2,24000000.0,6.930094781183657,1.1725063874360464,2.7,1427.38710975647,3283.81820300886,OM,0.574,0.4866335997252887
GHSL_202,0,0,71,4497,675,0,0,0,0,0,2,24000000.0,6.5961677658344735,1.5013330222367878,2.19,26214.9660434723,4699.73571790725,OM,1.125,0.4026286705928697
GHSL_203,0,0,140,94,0,0,0,0,0,0,0,0.0,6.583001516748641,1.4876308677133592,3.05,1168.24754333496,3043.8570194108,OM,0.386,0.42666184893113346
GHSL_204,0,19,1257,200,0,0,0,0,0,0,0,0.0,6.533750934382426,1.3604560836239261,11.1,7381.75742721558,4437.88584916919,OM,0.131,0.24996199703096322
GHSL_205,0,0,104,216,1,0,0,0,0,0,0,0.0,11.10766404655594,0.0007535220078907296,1.32,1601.33584213257,4420.22177112019,OM,0.599,0.4026286705928697
GHSL_206,0,0,304,252,0,0,0,0,0,0,1,12000000.0,8.550145645433096,0.996236174993467,1.19,2780.9263086319,957.708958623543,OM,0.426,0.8293135679846014
GHSL_207,0,1,947,763,0,0,0,0,0,0,0,0.0,7.522808088150181,1.0648424452715948,3.23,8558.15635681152,4570.10229238482,OM,0.421,0.4026286705928697
GHSL_208,0,18,146,3,0,0,0,0,0,0,0,0.0,7.527890084737275,1.0544431000767547,3.2,834.709935188293,2723.96464856247,OM,-0.162,0.5069955678427259
GHSL_209,0,0,111,154,0,0,0,0,0,0,0,0.0,7.523094167495033,1.0786923136266255,2.57,1327.53140258789,3182.85686135274,OM,0.523,0.5381082643604728
GHSL_210,0,236,963,8,0,0,0,0,0,0,0,0.0,6.97043916725681,1.171117150256964,1.71,6034.13914871216,4917.06322544294,OM,-0.278,0.4026286705928697
GHSL_211,0,0,79,50,0,0,0,0,0,0,0,0.0,6.681813600693916,1.1739333620864307,0.77,647.52311706543,1998.21965598315,OM,0.377,0.36176646355057634
GHSL_212,0,2,923,588,0,0,2,0,0,0,1,12000000.0,6.677551372327816,1.1664393894445841,1.56,7569.00349807739,2465.46688317386,OM,0.377,0.36176646355057634
GHSL_213,0,19,1552,299,0,0,0,0,0,0,1,12000000.0,6.598034151421827,1.3854992823810122,14.51,9344.86139678955,3628.00441531757,OM,0.163,0.6020542611204852
GHSL_214,0,0,178,119,0,0,0,0,0,0,0,0.0,6.597941196062796,1.4889713333556784,3.41,1489.08047485352,4258.29944566033,OM,0.386,0.42666184893113346
GHSL_215,0,0,173,791,8,0,0,0,0,0,0,0.0,6.168375272881314,1.0928110302409417,11.89,4857.41850471497,3407.49043481568,OM,0.739,0.4026286705928697
GHSL_216,0,214,2959,116,0,0,0,0,0,0,0,0.0,11.091781158475847,0.03856656574624343,0.68,16444.5688686371,3388.67085734175,OM,-0.081,0.2892269009062014
GHSL_217,0,370,763,2,0,0,0,0,0,0,0,0.0,9.662034542543102,1.3168436873656513,1.02,5676.35222053528,3353.23264445609,OM,-0.4,0.05257376720853384
GHSL_218,0,0,13,358,27,0,1,0,0,0,2,10742400.0,9.536306810507964,1.2067151162262955,0.58,1989.521443367,3263.52217656622,OM,1.019,0.4026286705928697
GHSL_219,0,48,1392,114,0,0,0,0,0,0,6,72000000.0,10.879022758832727,0.22480561661145054,1.85,7767.28354930878,2905.9682779536,OM,0.026,0.4026286705928697
GHSL_222,0,1,867,1063,1,0,0,0,0,0,0,0.0,10.840319603021314,0.2178623276689646,0.04,9659.18345403671,2814.29197806835,OM,0.5,0.5402740725097521
GHSL_223,0,404,736,2,0,0,0,0,0,0,0,0.0,7.785273140318671,1.192738342048382,1.65,5712.39555168152,5165.3349293175,OM,-0.423,0.4026286705928697
GHSL_224,0,0,11,1590,434,0,0,0,0,0,11,48860300.0,6.917894454578583,0.6519987946329449,58.09,10173.9877929688,2876.36013180027,OM,1.226,0.4026286705928697
GHSL_225,0,0,161,1568,39,0,0,0,0,0,6,39392400.0,6.886856147144963,0.6297556284415269,60.68,8839.44456958771,3563.59668902831,OM,0.862,0.4026286705928697
GHSL_226,0,0,859,2869,17,0,0,0,0,0,0,0.0,6.187744882832886,1.3260425536557487,3.23,18723.5578689575,5429.40959110788,OM,0.684,0.4026286705928697
GHSL_228,0,0,319,7543,484,0,1,0,0,0,1,12000000.0,6.167274529700498,1.334452363059707,3.55,41730.094379425,10768.1006845908,OM,0.993,0.4026286705928697
GHSL_229,0,0,3,162,24,0,0,0,0,0,0,0.0,6.2107280350985725,1.1938481386278723,2.19,943.151317596436,7893.14015897929,OM,1.124,0.21001071401240456
GHSL_230,0,47,930,53,0,0,0,0,0,0,0,0.0,10.854753381425365,0.17707434934817984,2.98,5150.57617616653,1951.52310522792,OM,-0.028,0.5402740725097521
GHSL_231,0,467,2972,47,0,0,0,0,0,0,0,0.0,6.286013397466471,1.1257813894444428,2.29,17425.729262352,1395.63419904852,OM,-0.203,0.4026286705928697
GHSL_235,0,0,0,1609,3888,0,2,0,0,0,20,140529900.0,6.129108100113793,1.2305017050666367,5.35,27561.9642105103,5827.67224143244,OM,1.629,0.361455852537116
GHSL_236,0,0,79,92,0,0,0,0,0,0,0,0.0,7.758562997635439,1.206859604174439,0.15,858.058706283569,3361.77208228949,OM,0.49,0.4026286705928697
GHSL_237,0,0,5,327,53,0,0,0,0,0,0,0.0,6.201972586673821,1.2377890571348995,0.49,1926.71310043335,8360.72026854313,OM,1.138,0.4026286705928697
GHSL_238,0,0,57,130,0,0,0,0,0,0,0,0.0,10.890793066442937,0.1954590871218048,0.19,936.257391929626,3172.83966290942,OM,0.616,0.5402740725097521
GHSL_239,0,0,65,76,0,0,0,0,0,0,0,0.0,7.773798452191803,1.2042276431612406,0.4,705.176979064941,5180.85825691299,OM,0.49,0.3441681514487578
GHSL_240,0,0,59,73,0,0,0,0,0,0,0,0.0,6.28311158620449,1.2123111129715827,4.53,657.902238845825,2855.03654248913,OM,0.501,0.4026286705928697
GHSL_241,0,1,4613,10554,35,0,0,2,0,0,35,290293200.0,10.863918904800546,0.20031565442874769,0.64,76013.6196694374,4342.39183154313,OM,0.616,0.5402740725097521
GHSL_242,0,4,5146,5981,6,0,0,1,0,0,5,60000000.0,7.7621593633937485,1.195836089575483,1.33,55689.151550293,7498.01748070373,OM,0.49,0.4026286705928697
GHSL_243,0,0,37,9063,3522,0,1,1,0,0,63,180732400.0,6.910941314733441,0.6336459265258907,60.22,63110.9921531677,4976.22582180733,OM,1.289,0.4026286705928697
GHSL_244,0,0,1786,377308,132673,0,36,0,2,0,371,2912623800.0,6.204354881056104,1.2055149060437473,3.59,2558927.66528368,10729.6014183604,OM,1.271,0.4026286705928697
GHSL_245,0,0,126,288,1,0,0,0,0,0,0,0.0,10.890080202492156,0.18256083807127457,0.6,2070.8393945694,3032.35609660673,OM,0.616,0.5402740725097521
GHSL_246,0,0,1,98,16,0,0,0,0,0,0,0.0,6.186973764483891,1.2332944680626188,2.09,575.977619171143,5623.02424214252,OM,1.138,0.361455852537116
GHSL_247,0,42,141,1,0,0,0,0,0,0,0,0.0,11.076828311577188,0.07197313549850716,0.91,917.988339424133,2095.13670923363,OM,-0.311,0.3876970327750518
GHSL_248,0,173,146,0,0,0,0,0,0,0,0,0.0,11.068901919883844,0.1649869339245286,5.57,1595.31089878082,2427.29244957647,OM,-0.567,0.09823238624293817
GHSL_249,0,7,155,10,0,0,0,0,0,0,0,0.0,11.04368350076401,0.2960552970209216,15.18,862.499943733215,2132.28299843068,OM,-0.004,0.15610680351268652
GHSL_250,0,0,89,90,0,0,0,0,0,0,0,0.0,11.040437828145194,0.12300637149296481,0.35,893.564507484436,2039.15187329289,OM,0.464,0.3876970327750518
GHSL_251,0,20,166,4,0,0,0,0,0,0,0,0.0,11.0389313580254,0.09932771870256499,1.21,947.391408920288,1873.7221805314,OM,-0.156,0.3876970327750518
GHSL_252,0,0,131,133,0,0,0,0,0,0,0,0.0,11.032669753674682,0.11487938236473869,0.86,1320.82964515686,2702.37628058592,OM,0.464,0.3876970327750518
GHSL_253,0,13,125,3,0,0,0,0,0,0,0,0.0,11.02141603845807,0.174234984918339,3.12,706.363990783691,1822.20706420793,OM,-0.133,0.4026286705928697
GHSL_254,0,16,223,9,0,0,0,0,0,0,0,0.0,11.014219306168815,0.05263875832426971,6.19,1237.82126903534,1984.79731812577,OM,-0.078,0.1709999999783892
GHSL_255,0,12,168,7,0,0,0,0,0,0,0,0.0,11.013088763849693,0.05932878314713651,5.96,935.784853458405,1850.5926536131,OM,-0.078,0.1709999999783892
GHSL_256,0,34,224,4,0,0,0,0,0,0,1,12000000.0,10.995888675202936,0.4246813409080999,8.13,1307.903383255,1783.74136465613,OM,-0.195,0.17861410656621046
GHSL_257,0,3,112,13,0,0,0,0,0,0,0,0.0,10.977423928965385,0.1500902621869722,0.36,637.839169502258,2101.99960949058,OM,0.082,0.18779847441772493
GHSL_258,0,18,185,5,0,0,0,0,0,0,0,0.0,10.969073495889427,0.7860203060868058,0.19,1041.82909202576,1065.49749711501,OM,-0.122,0.4026286705928697
GHSL_259,0,34,365,11,0,0,0,0,0,0,0,0.0,10.951329972101817,0.4344081067226144,3.11,2047.05612850189,2093.36128001584,OM,-0.12,0.3521368108076982
GHSL_260,0,17,125,2,0,0,0,0,0,0,0,0.0,10.938634092722408,0.06652430050692577,8.85,723.029508590698,1113.87824650783,OM,-0.183,0.19609340322106414
GHSL_261,0,38,162,1,0,0,0,0,0,0,0,0.0,10.93160812602622,0.3834810780428517,1.68,1009.93993186951,1736.2764658131,OM,-0.271,0.2194497497385436
GHSL_262,0,5,1349,582,0,0,0,0,0,0,0,0.0,10.909845594271111,0.31344397702448357,0.21,9681.23714065552,3611.00018741442,OM,0.305,0.4026286705928697
GHSL_263,0,56,101,0,0,0,0,0,0,0,0,0.0,10.912883637493278,0.14955709848244317,0.35,787.712799072266,1868.62102577537,OM,-0.425,0.18779847441772493
GHSL_264,0,33,107,1,0,0,0,0,0,0,0,0.0,10.907561995787148,0.010629609326561417,15.07,702.658082485199,1054.96454838187,OM,-0.316,0.12670438053865274
GHSL_265,0,24,392,18,0,0,1,0,0,0,0,0.0,10.905399055558151,0.09784699065245282,5.74,2173.89509010315,1204.88533643815,OM,-0.056,0.19609340322106414
GHSL_266,0,32,160,2,0,0,0,0,0,0,0,0.0,10.907724279702492,0.16509786179349878,0.23,969.821622848511,1949.66844081972,OM,-0.245,0.4026286705928697
GHSL_267,0,5,156,14,0,0,0,0,0,0,0,0.0,10.908240738562169,0.3369293849587474,0.23,872.91909122467,2250.80085199205,OM,0.043,0.23020932279492104
GHSL_268,0,141,81,0,0,0,0,0,0,0,0,0.0,10.893862224026586,0.7297944815619877,7.34,1112.17560243607,1055.32022529813,OM,-0.639,0.4038842662746966
GHSL_269,0,33,156,2,0,0,0,0,0,0,0,0.0,10.894400345773773,0.2783606605493458,0.91,954.05092716217,2514.66394433815,OM,-0.252,0.18641978123335584
GHSL_270,0,0,38,93,0,0,0,0,0,0,0,0.0,10.89327689741334,0.21305965948764866,0.13,653.618320465088,1550.51196884139,OM,0.629,0.5402740725097521
GHSL_271,0,44,123,1,0,0,0,0,0,0,0,0.0,10.88701562917105,-0.004413906651799886,17.04,838.287095069885,1529.67079709486,OM,-0.343,0.4026286705928697
GHSL_272,0,60,141,1,0,0,0,0,0,0,0,0.0,10.890445922420728,0.12739774661412093,3.81,1009.2287364006,1344.99451116146,OM,-0.376,0.4026286705928697
GHSL_273,0,2,166,31,0,0,0,0,0,0,0,0.0,10.88246449651439,0.25163228131452064,1.88,996.016238212585,1514.49148858202,OM,0.158,0.28765488693464153
GHSL_274,0,5,270,39,0,0,0,0,0,0,0,0.0,10.879182261663866,0.726239271112407,8.94,1569.61585140228,1825.00874382314,OM,0.114,0.4038842662746966
GHSL_275,0,76,48,0,0,0,0,0,0,0,0,0.0,10.876008660665617,0.007055884308768349,16.17,619.111763000488,978.987607527654,OM,-0.621,0.4026286705928697
GHSL_276,0,5,119,7,0,0,0,0,0,0,0,0.0,10.875213631603454,0.10057993032970061,7.16,658.331501483917,1445.84014487121,OM,-0.014,0.22262280642242518
GHSL_277,0,133,175,0,0,0,0,0,0,0,0,0.0,10.860371334759204,0.039913716961867636,13.94,1541.26568651199,1009.87666460838,OM,-0.484,0.12670438053865274
GHSL_278,0,156,211,0,0,0,0,0,0,0,0,0.0,10.860159960671412,0.15228351774032298,5.07,1833.79986763,1367.80508785788,OM,-0.478,0.4026286705928697
GHSL_279,0,50,68,0,0,0,0,0,0,0,0,0.0,10.855111931941886,-0.004727309295782645,17.96,588.525400161743,906.450072946818,OM,-0.476,0.4026286705928697
GHSL_280,0,1,535,369,0,0,0,0,0,0,0,0.0,10.849780502794452,0.8174384898865982,13.5,4525.51445102692,2484.63988978969,OM,0.392,0.4038842662746966
GHSL_281,0,130,235,1,0,0,0,0,0,0,0,0.0,10.833539727596463,0.6719507843872947,13.11,1828.11028337479,1052.33271243392,OM,-0.424,0.16337839502251558
GHSL_282,0,15,289,16,0,0,0,0,0,0,0,0.0,10.83818556103621,0.15487767086435567,6.94,1600.441655159,1291.04212004749,OM,-0.028,0.22262280642242518
GHSL_283,0,54,283,3,0,0,0,0,0,0,0,0.0,10.825608751602406,-0.008254348550519734,19.97,1702.5057311058,870.198834579364,OM,-0.237,0.2561024327670044
GHSL_284,0,57,76,0,0,0,0,0,0,0,0,0.0,10.8270613701807,0.3189060719798612,8.9,663.288140296936,1456.5532680188,OM,-0.482,0.4026286705928697
GHSL_285,0,2,252,75,0,0,0,0,0,0,0,0.0,10.819371789097103,0.18066794227625105,4.38,1643.27487945557,1070.67269704156,OM,0.239,0.5402740725097521
GHSL_286,0,48,190,2,0,0,0,0,0,0,0,0.0,10.81699248509359,0.1422738818398393,8.48,1198.6081237793,1496.13750963233,OM,-0.285,0.22262280642242518
GHSL_287,0,46,146,1,0,0,0,0,0,0,0,0.0,10.807969754166045,0.1925469487118541,4.16,965.975200176239,1547.93299197208,OM,-0.324,0.4026286705928697
GHSL_288,0,113,74,0,0,0,0,0,0,0,0,0.0,10.803599514891408,0.004875460607822205,20.26,933.380398273468,930.089747232293,OM,-0.616,0.2561024327670044
GHSL_289,0,61,79,0,0,0,0,0,0,0,0,0.0,10.801781910085992,-0.014380869308980516,22.05,700.4012799263,838.90997704451,OM,-0.485,0.2561024327670044
GHSL_290,0,6,151,10,0,0,0,0,0,0,0,0.0,10.799024730164984,0.023208167133391487,18.99,838.867609977722,965.707633714102,OM,-0.002,0.2561024327670044
GHSL_291,0,61,130,0,0,0,0,0,0,0,0,0.0,10.793864708588332,0.0723922488280837,15.76,956.621965885162,1090.62214679494,OM,-0.394,0.4026286705928697
GHSL_292,0,180,173,0,0,0,0,0,0,0,0,0.0,10.790316117304737,0.1423992832138543,9.86,1766.80950307846,1334.2966019895,OM,-0.542,0.4026286705928697
GHSL_293,0,49,124,1,0,0,0,0,0,0,0,0.0,10.787100938112559,-0.03803971613808911,25.09,869.206746101379,1030.58019735906,OM,-0.362,0.2561024327670044
GHSL_294,0,81,122,0,0,0,0,0,0,0,0,0.0,10.78807450344734,0.043301808817788175,18.27,1016.01607894897,941.146029972595,OM,-0.459,0.4026286705928697
GHSL_295,0,60,121,0,0,0,0,0,0,0,0,0.0,10.787042145649766,0.6207042641761075,17.51,904.729441165924,984.129288286497,OM,-0.405,0.16337839502251558
GHSL_296,0,34,87,0,0,0,0,0,0,0,0,0.0,10.772877946963336,-0.034400923677875866,25.76,610.080047607422,915.534350704827,OM,-0.362,0.4026286705928697
GHSL_297,0,7,215,18,0,0,0,0,0,0,0,0.0,10.765393699409355,0.03418110755775736,21.04,1201.09836483002,901.231580912876,OM,0.033,0.2561024327670044
GHSL_298,0,82,66,0,0,0,0,0,0,0,0,0.0,10.757174435363636,-0.012544539180414259,25.03,745.290105342865,781.919105856723,OM,-0.576,0.4026286705928697
GHSL_299,0,173,352,1,0,0,1,0,0,0,0,0.0,10.762210070530179,0.5737291505722485,19.51,2631.55374908447,2810.63324637741,OM,-0.403,0.16337839502251558
GHSL_300,0,76,171,1,0,0,0,0,0,0,0,0.0,10.754447113248988,0.13029870403271404,12.9,1239.47112131119,895.998902157957,OM,-0.383,0.014849250497112417
GHSL_301,0,87,38,0,0,0,0,0,0,0,0,0.0,10.755902919942958,0.09189001853806111,16.6,624.986229896545,851.659723642657,OM,-0.689,0.4026286705928697
GHSL_302,0,44,497,16,0,0,0,0,0,0,0,0.0,10.74191167605389,0.0023430901292395283,24.98,2784.40737628937,892.15159324452,OM,-0.112,0.4026286705928697
GHSL_303,0,161,239,0,0,0,0,0,0,0,0,0.0,10.748800495335049,0.5575925223863406,20.8,2004.06561183929,2399.89175913168,OM,-0.461,0.16337839502251558
GHSL_304,0,98,86,0,0,0,0,0,0,0,0,0.0,10.739058324703775,0.09813894882174017,16.88,919.394331455231,858.241275344701,OM,-0.559,0.4026286705928697
GHSL_305,0,126,334,1,0,0,0,0,0,0,0,0.0,10.743575992926269,0.47535071003468,19.73,2308.87725734711,2042.72996960701,OM,-0.355,0.12621147008398065
GHSL_306,0,126,76,0,0,0,0,0,0,0,0,0.0,10.743871739055189,0.018959818822416312,23.71,1011.09433555603,850.134180492486,OM,-0.632,0.19657568365257366
GHSL_307,0,46,104,0,0,0,0,0,0,0,0,0.0,10.74071361368442,0.3134056851667909,3.94,749.704663276672,1388.75345153503,OM,-0.382,0.2797832597547878
GHSL_308,0,119,69,0,0,0,0,0,0,0,0,0.0,10.738189355819594,0.14605453042306227,12.23,943.452774524689,847.341299467862,OM,-0.638,0.4026286705928697
GHSL_309,0,19,142,3,0,0,0,0,0,0,0,0.0,10.72815442810968,0.3632483118010208,8.12,819.811900138855,2024.59090810787,OM,-0.181,0.3110970152458558
GHSL_310,0,43,119,1,0,0,0,0,0,0,0,0.0,10.721735758290938,0.09733919220516538,17.82,810.803632259369,1186.57199927906,OM,-0.346,0.18241491244936328
GHSL_311,0,83,55,0,0,0,0,0,0,0,0,0.0,10.721530260498698,0.07182426539305194,20.24,694.401496887207,875.68159872987,OM,-0.612,0.18241491244936328
GHSL_312,0,72,63,0,0,0,0,0,0,0,0,0.0,10.718216741219209,0.15708252119801477,12.26,674.532880783081,1175.86547984667,OM,-0.561,0.04101217847312912
GHSL_313,0,1,164,44,0,0,0,0,0,0,0,0.0,10.71326128278691,0.2760582521589328,1.02,1045.24841928482,1407.99228857497,OM,0.219,0.27011479218342876
GHSL_314,0,88,49,0,0,0,0,0,0,0,0,0.0,10.707019685683964,0.46948575937973563,17.13,686.762967586517,1057.24192404106,OM,-0.644,0.4026286705928697
GHSL_315,0,49,158,1,0,0,0,0,0,0,0,0.0,10.70092797622008,0.15065564895995343,13.78,1038.90372371674,1150.88028996197,OM,-0.32,0.4026286705928697
GHSL_316,0,3,367,99,0,0,0,0,0,0,0,0.0,10.700925944459858,0.20946869558832776,8.14,2343.74236965179,2502.81473339508,OM,0.22,0.5508361933339138
GHSL_317,0,12,140,5,0,0,0,0,0,0,0,0.0,10.689034457022785,0.13043975964922352,16.36,783.046165943146,867.392256342109,OM,-0.103,0.18241491244936328
GHSL_318,0,64,245,2,0,0,0,0,0,0,1,12000000.0,10.675487479062445,0.1603638949301199,14.62,1553.85904121399,1034.58317711798,OM,-0.288,0.4026286705928697
GHSL_319,0,99,46,0,0,0,0,0,0,0,0,0.0,10.682191376242281,0.4634409112553312,15.27,723.236991405487,985.241973157665,OM,-0.68,0.3110970152458558
GHSL_320,0,45,143,1,0,0,0,0,0,0,1,12000000.0,10.683918423652797,0.1386215468744556,15.93,944.695403575897,1130.96818137716,OM,-0.32,0.18241491244936328
GHSL_321,0,6,755,190,0,0,0,0,0,0,0,0.0,10.67092118347299,0.20221853313757257,10.43,4759.36848831177,2128.45236880409,OM,0.209,0.4026286705928697
GHSL_322,0,0,93,85,0,0,0,0,0,0,0,0.0,10.664272493882859,0.07324932756456987,23.25,892.557284832001,813.679221135158,OM,0.446,0.32331615360244936
GHSL_323,0,49,110,0,0,0,0,0,0,0,0,0.0,10.658159952100773,0.1709076135987342,14.12,797.040334701538,1523.52326017773,OM,-0.383,0.18116925449591612
GHSL_324,0,65,116,0,0,0,0,0,0,0,0,0.0,10.642989167317518,0.28541022729566645,3.89,905.46937084198,1062.46068685271,OM,-0.426,0.4026286705928697
GHSL_325,0,45,112,0,0,0,0,0,0,0,0,0.0,10.640780387003238,0.3710112379310804,4.25,786.402636051178,1226.28621781661,OM,-0.366,0.3730851973776908
GHSL_326,0,59,156,1,0,0,0,0,0,0,0,0.0,10.636482310916692,-0.04531517974973144,36.01,1075.8524518013,879.280870346994,OM,-0.354,0.4026286705928697
GHSL_327,0,10,241,17,0,0,0,0,0,0,0,0.0,10.63669632941199,0.17846200352989675,14.51,1336.59617805481,1199.9788561369,OM,0.0,0.18116925449591612
GHSL_328,0,22,116,1,0,0,0,0,0,0,0,0.0,10.634670086206944,0.43247725434745227,9.87,693.044890403748,1066.63020971368,OM,-0.232,0.4026286705928697
GHSL_329,0,97,46,0,0,0,0,0,0,0,0,0.0,10.633354940592067,0.49930932992662874,16.25,714.905698776245,1008.56817126421,OM,-0.675,0.4026286705928697
GHSL_330,0,29,127,1,0,0,0,0,0,0,0,0.0,10.620057009158856,0.40825000570670805,6.69,787.787814617157,1181.65631631493,OM,-0.267,0.3730851973776908
GHSL_331,0,1,321,148,0,0,0,0,0,0,0,0.0,10.611302038843432,0.39309793054013786,4.82,2347.20072746277,2123.18554391033,OM,0.317,0.3730851973776908
GHSL_332,0,0,108,50,0,0,0,0,0,0,0,0.0,10.6107688764659,0.3784363322135735,3.39,792.492976665497,1188.71390764923,OM,0.317,0.3730851973776908
GHSL_333,0,43,87,0,0,0,0,0,0,0,0,0.0,10.593249450948347,0.1825023275256549,16.39,650.257997989655,819.722511729551,OM,-0.402,0.08346006953729539
GHSL_334,0,1,99,21,0,0,0,0,0,0,0,0.0,10.59177712148759,0.2395308262212221,11.0,602.13051700592,938.828055528406,OM,0.176,0.4026286705928697
GHSL_335,0,46,145,1,0,0,0,0,0,0,0,0.0,10.586057641332731,0.37814865209749177,2.01,958.262423038483,1061.21477838237,OM,-0.323,0.4026286705928697
GHSL_336,0,64,76,0,0,0,0,0,0,0,0,0.0,10.582757301611705,0.3977721644257509,3.74,701.864699840546,1039.56026505433,OM,-0.505,0.4026286705928697
GHSL_337,0,97,85,0,0,0,0,0,0,0,0,0.0,10.57288267621177,0.2518823487312176,10.81,906.839468955994,994.865136207646,OM,-0.56,0.05586143133046505
GHSL_338,0,30,148,2,0,0,0,0,0,0,0,0.0,10.570836553914695,0.2097538927149688,14.94,898.111727714539,941.693293329844,OM,-0.245,0.4026286705928697
GHSL_339,0,54,167,1,0,0,0,0,0,0,0,0.0,10.565792663515325,0.7334486551924553,35.24,1110.02883672714,1027.50003399654,OM,-0.327,0.4026286705928697
GHSL_340,0,16,127,3,0,0,0,0,0,0,0,0.0,10.559042952875819,0.2766966501228231,9.1,725.415345191956,1193.74563124005,OM,-0.166,0.4026286705928697
GHSL_341,0,63,627,17,0,0,0,0,0,0,0,0.0,10.534435402818842,0.14483608815500115,23.14,3537.78730916977,1218.37259666378,OM,-0.132,0.4026286705928697
GHSL_342,0,96,86,0,0,0,0,0,0,0,0,0.0,10.538718518236223,0.13226044435216822,24.13,913.364896774292,1176.14966387443,OM,-0.555,0.08346006953729539
GHSL_343,0,50,87,0,0,0,0,0,0,0,0,0.0,10.534280825233358,0.2194508162694847,15.96,686.229907035828,991.429617684628,OM,-0.433,0.4026286705928697
GHSL_344,0,84,108,0,0,0,0,0,0,0,0,0.0,10.510128990172037,0.19784005080024042,19.24,957.227643489838,914.426234370335,OM,-0.488,0.4026286705928697
GHSL_345,0,79,193,1,0,0,0,0,0,0,0,0.0,10.509977095837622,0.16397185521349805,22.55,1363.25438976288,912.362651113566,OM,-0.37,0.08346006953729539
GHSL_346,1,163,60,0,0,0,0,0,0,0,0,0.0,10.502643054315753,0.3560545388669047,4.47,1117.91662216187,1813.99697400951,OM,-0.722,0.3408254723251323
GHSL_347,0,64,62,0,0,0,0,0,0,0,0,0.0,10.500107466299447,0.22872270624593483,16.88,633.81591129303,1014.53855279126,OM,-0.541,0.4026286705928697
GHSL_348,0,33,132,1,0,0,0,0,0,0,0,0.0,10.497911316013518,0.1498849898663158,24.6,827.918147087097,933.941075207575,OM,-0.279,0.4026286705928697
GHSL_349,0,18,136,3,0,0,0,0,0,0,0,0.0,10.48605893883475,0.5589719946779551,14.21,783.454744338989,1091.68715377025,OM,-0.177,0.3128141038734766
GHSL_350,0,89,91,0,0,0,0,0,0,0,0,0.0,10.422959971463026,0.19309966089640818,24.34,900.602526664734,1077.33245130693,OM,-0.53,0.4026286705928697
GHSL_351,0,7,188,14,0,0,0,0,0,0,0,0.0,10.384016846371178,0.6433147555949584,16.91,1046.22246265411,1821.86198351638,OM,0.01,0.3128141038734766
GHSL_352,0,1,184,49,0,0,0,0,0,0,2,22375300.0,10.367083466695288,0.48520926923017405,2.27,1175.49618148804,3479.7167820109,OM,0.219,0.3214854887601364
GHSL_353,0,19,2694,752,0,0,0,1,0,0,19,69231600.0,10.354400509617959,0.4737496314446095,1.0,17326.072306633,5342.1714379813,OM,0.227,0.3214854887601364
GHSL_354,0,12,296,21,0,0,0,0,0,0,0,0.0,10.34779927156319,0.7512412631741159,20.0,1641.84035491943,2136.18300999424,OM,0.004,0.2409867651212328
GHSL_355,0,165,1443,33,0,0,0,0,0,0,3,23139200.0,10.338325534987808,0.46581527839290543,0.31,8206.36600875854,3316.0823689194,OM,-0.152,0.3214854887601364
GHSL_356,0,75,1205,55,0,0,1,0,0,0,1,12000000.0,10.328149634987675,0.7485283449264617,17.94,6676.38449382782,2993.93562367551,OM,-0.059,0.2409867651212328
GHSL_357,0,29,107,1,0,0,0,0,0,0,0,0.0,10.255581711976632,0.8720176085046736,18.45,686.123340606689,1765.38345316577,OM,-0.298,0.4026286705928697
GHSL_358,0,32,685,42,0,0,0,0,0,0,0,0.0,10.243199525191981,0.644479790672774,3.82,3793.59854507446,2595.37404301666,OM,-0.017,0.24319430516768156
GHSL_359,0,56,977,49,0,0,0,0,0,0,0,0.0,10.185211351845334,0.44573141591272875,13.24,5405.73555088043,2757.35522074429,OM,-0.046,0.2432447226129287
GHSL_360,0,152,389,2,0,0,1,0,0,0,1,12000000.0,10.139416620156826,1.0815903903299637,20.01,2711.97696208954,1572.88271605835,OM,-0.36,0.4026286705928697
GHSL_361,0,46,137,1,0,0,0,0,0,0,0,0.0,10.07309568605916,0.7154835972831328,7.82,920.421365499496,783.359333070202,OM,-0.335,0.11950104602052651
GHSL_362,0,0,95,43,0,0,0,0,0,0,0,0.0,10.047220074629907,0.4515313740560381,25.74,693.899512290955,1784.33546325114,OM,0.314,0.1517521988745472
GHSL_363,0,69,81,0,0,0,0,0,0,0,0,0.0,10.018916860542088,0.8024881301950323,7.68,750.923517227173,1044.87218454402,OM,-0.504,0.11950104602052651
GHSL_364,0,168,343,1,0,0,0,0,0,0,0,0.0,9.986382908274994,0.4025464242801843,34.35,2558.09850597382,3184.40783993156,OM,-0.402,0.04602173688331691
GHSL_365,0,56,199,1,0,0,0,0,0,0,0,0.0,9.96960838872716,1.0318494133821727,1.28,1280.63534545898,912.330978686969,OM,-0.301,0.38157873508198464
GHSL_366,0,47,524,16,0,0,0,0,0,0,0,0.0,9.968636763662975,0.5766679649130483,25.71,2936.90552425385,2994.10490434648,OM,-0.115,0.04596194583474741
GHSL_367,0,43,74,0,0,0,0,0,0,0,0,0.0,9.967842762338387,0.41327177563130474,35.45,586.806924819946,3154.33325890141,OM,-0.436,0.04602173688331691
GHSL_368,0,2,1044,651,0,0,0,1,0,0,0,0.0,9.953033762617867,1.0477954613498939,0.65,8489.63492774963,2095.91935851639,OM,0.373,0.38157873508198464
GHSL_369,0,90,154,0,0,0,0,0,0,0,0,0.0,9.943535748785761,0.9451409560241589,6.3,1226.57104158401,1559.5289028037,OM,-0.435,1.6858739420058541e-09
GHSL_370,0,12,338,26,0,0,0,0,0,0,0,0.0,9.932491019589479,0.4530931576280548,36.39,1878.65811347961,2811.74512519176,OM,0.016,0.28434997915806814
GHSL_371,0,16,138,3,0,0,0,0,0,0,0,0.0,9.889209658283015,1.3486630771751202,22.82,783.755435943604,1684.80714534621,OM,-0.152,0.05913826102298862
GHSL_372,0,8,97,3,0,0,0,0,0,0,0,0.0,9.884134774017852,1.1236318059233634,5.72,543.049256324768,563.176607927452,OM,-0.1,0.4026286705928697
GHSL_373,0,14,140,4,0,0,0,0,0,0,0,0.0,9.856765196194063,1.0884190496738804,1.06,788.072212696075,970.455792518909,OM,-0.132,0.521137711221477
GHSL_374,0,57,785,30,0,0,0,0,0,0,0,0.0,9.828580336266432,1.1970335306040432,11.28,4362.41883277893,1405.08627707878,OM,-0.083,0.08883833735113521
GHSL_375,0,86,288,2,0,0,0,0,0,0,0,0.0,9.815716817889383,1.134929040159483,4.4,1876.93839979172,798.058744405206,OM,-0.312,0.4026286705928697
GHSL_376,0,31,252,5,0,0,0,0,0,0,0,0.0,9.794742021427709,1.2347331302179372,13.77,1445.69746351242,639.955920768821,OM,-0.165,0.4026286705928697
GHSL_377,0,21,88,1,0,0,0,0,0,0,0,0.0,9.780534524043672,1.1751588245022742,7.24,545.677630186081,608.427156549675,OM,-0.271,0.08883833735113521
GHSL_378,0,43,319,6,0,0,0,0,0,0,3,36000000.0,9.781280703688466,0.4656402205603674,32.91,1844.07035827637,4273.51877072976,OM,-0.179,0.2157853765952962
GHSL_379,0,71,116,0,0,0,0,0,0,0,0,0.0,9.770163199648433,0.6240597452461443,30.73,940.018013954163,2057.40644760319,OM,-0.443,0.030405587376336696
GHSL_380,0,93,316,2,0,0,0,1,0,0,0,0.0,9.753074209701934,1.3270600074763637,8.46,2053.49973392487,2637.75103779154,OM,-0.309,0.14541369256446227
GHSL_381,0,49,1106,72,0,0,0,0,0,0,1,12000000.0,9.740317631130619,1.3149062801860205,7.23,6130.27676963806,1784.35403759201,OM,-0.009,0.14541369256446227
GHSL_382,0,30,175,2,0,0,0,0,0,0,0,0.0,9.74014410257138,0.916694605365798,20.91,1037.23395037651,822.654417440235,OM,-0.217,0.4026286705928697
GHSL_383,0,6,228,23,0,0,0,0,0,0,0,0.0,9.728633072479962,1.2433361899866697,9.35,1283.97892379761,802.829033248927,OM,0.057,0.4026286705928697
GHSL_384,0,1,279,157,0,0,1,0,0,0,0,0.0,9.729763012477893,0.8105634178124097,25.14,2182.74702453613,2715.23097007816,OM,0.354,0.4026286705928697
GHSL_385,0,136,111,0,0,0,0,0,0,0,0,0.0,9.700726886469532,1.1796158289476124,4.02,1236.05727624893,679.323122126848,OM,-0.573,0.27597342936089625
GHSL_386,0,113,231,1,0,0,0,0,0,0,0,0.0,9.688822894852722,1.2310075021231999,6.3,1724.07457828522,917.647968529489,OM,-0.402,0.4026286705928697
GHSL_387,0,17,161,4,0,0,0,0,0,0,0,0.0,9.690805601055086,0.7395005737108453,21.3,912.073761940002,2565.99810362194,OM,-0.141,0.4026286705928697
GHSL_388,0,2,338,100,0,0,2,0,0,0,0,0.0,9.673303536106049,1.159952220275307,0.57,2203.17372536659,956.990707750489,OM,0.237,0.2548234714318064
GHSL_389,0,1,185,72,0,0,0,0,0,0,0,0.0,9.671644766011113,0.61351053285718,19.91,1291.81162643433,3815.60617448702,OM,0.286,0.37713114539619275
GHSL_390,0,65,583,14,0,0,1,0,0,0,0,0.0,9.665966089506185,1.3539235139675558,1.62,3310.52952289581,2678.9768130744,OM,-0.148,0.043840615797412615
GHSL_391,0,15,458,39,0,0,0,0,0,0,0,0.0,9.6659577287842,1.2630710504950782,2.3,2561.93175029755,1401.32267725265,OM,0.032,0.2829016343806352
GHSL_392,0,4,388,86,0,0,0,0,0,0,1,12000000.0,9.662049411412186,1.1783024693877795,2.06,2392.01323795319,897.175427563682,OM,0.187,0.4026286705928697
GHSL_393,0,3,134,18,0,0,0,0,0,0,0,0.0,9.657276703258155,1.134369278746477,2.59,773.083896636963,1602.41911384639,OM,0.103,0.2548234714318064
GHSL_394,0,0,190,117,0,0,0,0,0,0,0,0.0,9.6553344974096,1.1433807604784743,1.82,1533.93166255951,1562.31624430016,OM,0.37,0.2548234714318064
GHSL_395,0,17,174,5,0,0,0,0,0,0,0,0.0,9.652403056335636,1.2447649183720255,2.37,979.856040477753,1300.75114260558,OM,-0.131,0.4026286705928697
GHSL_396,0,13,156,5,0,0,0,0,0,0,0,0.0,9.642954108185235,1.1896961509709147,1.81,868.651975870132,702.858336218747,OM,-0.1,0.339787140762192
GHSL_397,0,273,279,0,0,0,0,0,0,0,0,0.0,9.63427733829276,1.2529482875113997,0.66,2762.61682415009,1673.62856052832,OM,-0.531,0.4026286705928697
GHSL_398,0,36,157,1,0,0,1,0,0,0,0,0.0,9.631595132317974,1.022215006267585,12.98,975.346748352051,1010.7115453229,OM,-0.267,0.00636395614164449
GHSL_399,0,24,188,4,0,0,0,0,0,0,0,0.0,9.597269862513816,0.40735834194548,14.89,1078.18292617798,2195.81901524093,OM,-0.168,0.29612930548349053
GHSL_400,0,2,849,513,0,0,0,0,0,0,2,15311800.0,9.586122358255098,1.1836691609559622,0.94,6815.09811973572,1813.05458179717,OM,0.367,0.339787140762192
GHSL_401,0,56,126,0,0,0,0,0,0,0,0,0.0,9.574762255275422,0.6670918720940555,8.9,911.65873336792,2563.92160622299,OM,-0.382,0.37713114539619275
GHSL_402,0,0,32,125,1,0,0,0,0,0,0,0.0,9.563058911293977,1.1751129435276275,2.92,788.735527992249,2911.06475135913,OM,0.71,0.339787140762192
GHSL_403,0,120,90,0,0,0,0,0,0,0,0,0.0,9.556150103933737,1.3274365157110473,5.1,1051.8144288063,955.589999703627,OM,-0.588,0.25371292977490334
GHSL_404,0,16,119,2,0,0,0,0,0,0,0,0.0,9.54344749492811,0.6258288241327427,5.69,683.800772666931,2307.44832093314,OM,-0.175,0.1384113293020535
GHSL_405,0,57,188,1,0,0,0,0,0,0,0,0.0,9.535276489003346,0.581500554276759,5.05,1232.83427906036,1967.62993858568,OM,-0.315,0.1384113293020535
GHSL_406,0,0,60,145,1,0,0,0,0,0,1,12000000.0,9.526682650785325,1.2149053747802865,0.29,1027.65128707886,3280.30696943893,OM,0.626,0.4026286705928697
GHSL_407,0,0,75,181,1,0,0,0,0,0,0,0.0,9.512997630371675,1.21002599764266,0.02,1280.73534059525,1662.02692099549,OM,0.626,0.4026286705928697
GHSL_408,0,35,101,1,0,0,0,0,0,0,0,0.0,9.509839537472384,1.0497949474714903,0.57,681.43687582016,1005.89997021162,OM,-0.336,0.4026286705928697
GHSL_409,0,7,121,6,0,0,0,0,0,0,0,0.0,9.503865890953398,1.3536587786470646,0.18,671.26585149765,769.620239643077,OM,-0.057,0.25371292977490334
GHSL_410,0,4,217,28,0,0,0,0,0,0,0,0.0,9.506923627949677,1.1705335154314875,0.97,1247.38079023361,1416.39655880238,OM,0.095,0.2476012895356017
GHSL_411,0,13,167,6,0,0,0,0,0,0,0,0.0,9.499634890490965,1.2088071486542173,0.42,929.708384513855,1291.65631792194,OM,-0.09,0.2476012895356017
GHSL_412,0,128,163,0,0,0,0,0,0,0,0,0.0,9.483083960499641,0.9434599741550458,0.85,1455.49596357346,1108.85881554454,OM,-0.489,0.4026286705928697
GHSL_413,0,4,193,24,0,0,0,0,0,0,0,0.0,9.481012376758756,0.8927051661440715,1.57,1105.11427497864,1124.93996087581,OM,0.093,0.4026286705928697
GHSL_414,0,28,435,19,0,0,0,0,0,0,0,0.0,9.477171306333556,1.1380329193176306,1.9,2412.51958656311,1609.40818654701,OM,-0.064,0.4026286705928697
GHSL_415,0,3,246,47,0,0,0,0,0,0,0,0.0,9.453775104624794,1.2122620437898748,0.77,1476.9392490387,1645.22247512983,OM,0.161,0.4026286705928697
GHSL_416,0,26,342,12,0,0,0,0,0,0,1,12000000.0,9.420779451483046,0.6248093230020438,0.07,1902.26855707169,1663.62198353377,OM,-0.091,0.1192589605734598
GHSL_417,0,55,74,0,0,0,0,0,0,0,0,0.0,9.40075921275461,1.1129751584770395,2.79,643.53476190567,697.016864036537,OM,-0.48,0.4026286705928697
GHSL_418,0,11,450,48,0,0,0,0,0,0,0,0.0,9.356948579777665,1.3531965899443164,8.68,2547.4486207962,3378.54322606153,OM,0.066,0.14424978091753848
GHSL_419,0,121,119,0,0,0,0,0,0,0,0,0.0,9.323981337034942,0.5856161603330351,10.91,1202.2903175354,2288.92579262124,OM,-0.538,0.01909188140616282
GHSL_420,0,1,107,39,0,0,0,0,0,0,0,0.0,9.32140816185576,1.0718051884574424,6.68,734.361779212952,1699.62825458014,OM,0.274,0.35521015041667764
GHSL_421,0,14,275,16,0,0,0,0,0,0,0,0.0,9.300435291563154,1.2387235118030406,0.33,1523.10651922226,2165.78318830226,OM,-0.027,0.4026286705928697
GHSL_422,0,0,19,114,2,0,0,0,0,0,0,0.0,9.286941855510092,0.7727162863484868,13.56,672.091094970703,2203.37508350284,OM,0.787,0.44342525109965164
GHSL_423,0,18,162,4,0,0,0,0,0,0,0,0.0,9.252637575327814,1.2051121809307168,0.59,917.880187988281,2166.34455508209,OM,-0.147,0.2405888705657485
GHSL_424,0,0,105,92,0,0,0,0,0,0,0,0.0,9.240835591140351,0.7640177946151455,13.91,984.418626785278,2323.38594945782,OM,0.436,0.44342525109965164
GHSL_425,0,0,86,75,0,0,0,0,0,0,0,0.0,9.233462408341252,0.7647849165424933,13.86,810.218657493591,2223.45568706641,OM,0.436,0.44342525109965164
GHSL_426,0,29,570,32,0,0,0,0,0,0,0,0.0,9.205268836394346,1.2010660455481066,0.61,3153.25674247742,3875.6842950804,OM,-0.031,0.16739473855974732
GHSL_427,0,119,180,0,0,0,0,0,0,0,0,0.0,9.20557862390204,1.4155669005262028,21.2,1498.79971504211,4112.7796255529,OM,-0.458,0.13000554224592503
GHSL_428,0,150,198,0,0,0,0,0,0,0,0,0.0,9.202193688663069,0.5944660470373884,23.97,1737.98051929474,2278.54346730738,OM,-0.483,0.02899137684853668
GHSL_429,0,10,196,11,0,0,0,0,0,0,0,0.0,9.121940289418465,1.3254779922580866,15.52,1085.35401916504,2207.50269322068,OM,-0.029,0.3369139252971869
GHSL_430,0,15,877,126,0,0,0,0,0,0,4,43467200.0,9.041032844073724,1.4159401670458767,27.47,5093.63113880157,3049.41568916551,OM,0.115,0.4026286705928697
GHSL_431,0,2,114,19,0,0,0,0,0,0,1,9414000.0,9.03291978375894,1.1360893051187126,0.26,673.34108543396,1936.89742932743,OM,0.138,0.2352568780761096
GHSL_432,0,4,282,47,0,0,0,0,0,0,0,0.0,9.023656212667062,1.1414672630897307,0.04,1664.3809299469,2726.31227795943,OM,0.138,0.2352568780761096
GHSL_433,0,75,76,0,0,0,0,0,0,0,0,0.0,9.021538513727045,1.4037471201441118,25.71,755.349590301514,3873.24997462536,OM,-0.534,0.6667649317433912
GHSL_434,0,0,44,226,2,0,0,0,0,0,6,15726000.0,9.01545745456451,1.4130802390209336,26.58,1363.89372825623,4124.22382910052,OM,0.757,0.6667649317433912
GHSL_435,0,0,23,117,1,0,0,0,0,0,0,0.0,9.01563815673078,1.4230716248437094,27.67,708.633558273315,2984.59640071468,OM,0.757,0.6667649317433912
GHSL_436,0,11,137,5,0,0,0,0,0,0,0,0.0,9.009133179204438,1.457705856867658,31.32,765.694013595581,2006.53567504083,OM,-0.097,0.6667649317433912
GHSL_437,0,109,147,0,0,0,0,0,0,0,0,0.0,9.001610172807775,1.484831338471673,34.14,1284.24954891205,2163.49317539092,OM,-0.479,0.6667649317433912
GHSL_438,1,167,50,0,0,1,0,0,0,0,5,55677600.0,8.961980868252185,1.2990689190858804,13.6,1090.18295955658,2623.35005632417,OM,-0.758,0.4026286705928697
GHSL_439,1,312,129,0,0,0,0,0,0,0,0,0.0,8.95886246015688,1.5168606824306214,37.53,2210.47948074341,3670.97203316678,OM,-0.7,0.2230358743344094
GHSL_440,0,15,247,11,0,0,0,0,0,0,0,0.0,8.955688606420473,1.2891851674533406,12.58,1366.20177936554,2598.22103176653,OM,-0.058,0.11500869396248453
GHSL_441,0,92,355,3,0,0,1,0,0,0,0,0.0,8.952972215869003,1.198118133715805,3.05,2247.60652256012,2944.62985570376,OM,-0.287,0.11500869396248453
GHSL_442,0,65,221,1,0,0,0,0,0,0,1,12000000.0,8.928886497530337,1.1128594446633124,1.09,1438.32251930237,1843.19033567551,OM,-0.311,0.0151437624215632
GHSL_443,0,82,127,0,0,0,0,0,0,0,0,0.0,8.886229201445085,1.0847871255376258,1.04,1046.06458425522,1897.12381188661,OM,-0.453,0.08935994308832734
GHSL_444,0,49,121,0,0,0,0,0,0,0,0,0.0,8.865795714209503,1.0765481274502486,1.66,850.314155578613,1728.23162669886,OM,-0.368,0.08935994308832734
GHSL_445,0,11,799,140,0,0,1,0,0,0,0,0.0,8.865967760696192,1.6137479351413857,49.53,4749.93541908264,5383.99810830104,OM,0.148,0.4026286705928697
GHSL_446,0,215,783,6,0,0,1,0,0,0,0,0.0,8.835298422732377,1.0787911552701075,1.05,5016.82234668732,2403.77024695329,OM,-0.298,0.08935994308832734
GHSL_447,0,281,977,7,0,0,0,0,0,0,0,0.0,8.832700805499721,1.5165172334305854,40.44,6325.30800819397,5037.54922476806,OM,-0.306,0.2230358743344094
GHSL_448,0,68,71,0,0,0,0,0,0,0,0,0.0,8.801831452449948,1.1857335047987718,11.34,696.410586357117,820.754963296543,OM,-0.525,0.12658593684079178
GHSL_449,1,178,77,0,0,0,0,0,0,0,0,0.0,8.786484902041828,1.485576736388668,39.63,1276.82340431213,1904.81102811683,OM,-0.692,0.2230358743344094
GHSL_450,0,66,65,0,0,0,0,0,0,0,0,0.0,8.779267751725225,1.545381558960867,45.77,654.559753417969,2337.67166092737,OM,-0.536,0.2230358743344094
GHSL_451,0,3,182,30,0,0,1,0,0,0,0,0.0,8.783402388755388,0.5641167804341498,36.04,1072.53289031982,805.117228469742,OM,0.137,0.24274907524893302
GHSL_452,0,27,524,30,0,0,0,0,0,0,0,0.0,8.732734385282876,1.0502223199207024,0.78,2899.12029480934,1162.02608811044,OM,-0.029,0.4026286705928697
GHSL_453,0,89,111,0,0,0,0,0,0,0,0,0.0,8.716197728707963,1.472136144140323,42.98,1004.25442790985,2040.26188694885,OM,-0.494,0.39889311592137755
GHSL_454,0,90,39,0,0,0,0,0,0,0,0,0.0,8.710991943959275,1.6119878292119674,55.84,648.937821388245,2184.64482279872,OM,-0.692,0.39889311592137755
GHSL_455,0,77,53,0,0,0,0,0,0,0,0,0.0,8.693461617642813,1.1119313189494042,7.15,651.307088136673,629.030598520662,OM,-0.606,0.4026286705928697
GHSL_456,0,47,118,0,0,0,0,0,0,0,0,0.0,8.694632119598115,1.0241774020517918,1.14,825.445162296295,1105.22665988664,OM,-0.363,0.4026286705928697
GHSL_457,0,2,1147,715,0,0,0,0,0,0,0,0.0,8.664201125955287,1.0178518786810484,1.34,9322.91373682022,2092.12192828424,OM,0.373,0.4026286705928697
GHSL_458,0,95,229,1,0,0,0,0,0,0,2,24000000.0,8.652746195940717,1.467562852294533,45.66,1624.61565589905,3480.02668130205,OM,-0.372,0.025455838727919105
GHSL_459,0,28,343,12,0,0,0,0,0,0,0,0.0,8.64856543798996,0.4578311403411914,47.71,1911.99915790558,1230.92399034933,OM,-0.101,0.4026286705928697
GHSL_460,0,72,144,0,0,0,0,0,0,0,0,0.0,8.614519365901213,1.1049142679660167,9.16,1081.96494197845,634.104153504157,OM,-0.404,0.17479511834223477
GHSL_461,0,69,134,0,0,0,0,0,0,0,0,0.0,8.618039319533034,1.1846247986445557,17.49,1014.65640616417,642.613024929268,OM,-0.41,0.4026286705928697
GHSL_462,0,195,571,3,0,0,2,0,0,0,0,0.0,8.517452895588102,1.4033400120923796,40.9,3841.89426708221,3255.03548643503,OM,-0.336,0.39889311592137755
GHSL_463,0,163,196,0,0,0,0,0,0,0,0,0.0,8.449290762457615,1.2912862110333516,26.57,1795.26816749573,2093.03643638441,OM,-0.501,0.12810672751908114
GHSL_464,0,25,105,1,0,0,0,0,0,0,0,0.0,8.429022331540553,1.040297490368444,1.14,659.127052307129,725.226401128477,OM,-0.275,0.4026286705928697
GHSL_465,0,12,189,8,0,0,0,0,0,0,0,0.0,8.42620673132179,1.0807487329364733,5.62,1045.58130693436,737.106152398373,OM,-0.064,0.18526197667087546
GHSL_466,0,32,100,1,0,0,0,0,0,0,0,0.0,8.42578596233943,1.152041720614138,13.47,665.101907014847,745.738624479853,OM,-0.326,0.18526197667087546
GHSL_467,0,64,51,0,0,0,0,0,0,0,0,0.0,8.410485278181921,0.9003312838510247,0.95,576.468456029892,678.757160049325,OM,-0.576,0.3678735056236871
GHSL_468,0,259,377,1,0,0,0,0,0,0,0,0.0,8.343886194325094,1.3619595642390534,26.73,3185.21046066284,4463.70478525581,OM,-0.465,0.23065905435287382
GHSL_469,0,45,77,0,0,0,0,0,0,0,0,0.0,8.336353840732698,1.3614477248342232,26.24,614.113098144531,3012.13016551173,OM,-0.436,0.23065905435287382
GHSL_470,0,13,146,4,0,0,0,0,0,0,0,0.0,8.332084413137355,0.9650001278478888,0.35,820.080493927002,7425.21498783959,OM,-0.115,0.1668772003600252
GHSL_471,0,161,113,0,0,0,0,0,0,0,0,0.0,8.325538628644463,1.5948278265024254,49.91,1371.65120601654,3046.16424603041,OM,-0.602,0.1319080488239805
GHSL_472,0,31,542,27,0,0,0,0,0,0,0,0.0,8.304756119949296,1.0791645962301006,1.21,3001.39814662933,2115.40065816766,OM,-0.047,0.4026286705928697
GHSL_473,0,10,589,88,0,0,0,0,0,0,0,0.0,8.312366465004459,0.9905021258987596,1.29,3431.34697723389,17559.9104296338,OM,0.121,0.1668772003600252
GHSL_474,1,245,110,0,0,0,0,0,0,0,0,0.0,8.253300665329158,1.1191785366020934,1.45,1780.8783621788,998.043209748428,OM,-0.684,0.4026286705928697
GHSL_475,0,97,43,0,0,0,0,0,0,0,0,0.0,8.228254724165433,1.5818629513799007,47.04,702.98318195343,2235.76670489536,OM,-0.686,0.4026286705928697
GHSL_476,0,2,160,30,0,0,2,0,0,0,0,0.0,8.219520276008156,1.1382922567686713,1.47,959.361520290375,973.212277422654,OM,0.159,0.4026286705928697
GHSL_477,0,41,134,1,0,0,0,0,0,0,0,0.0,8.191691910659408,0.8097806019000378,18.65,881.067314863205,822.852169570436,OM,-0.319,0.4026286705928697
GHSL_478,0,69,194,1,0,0,0,0,0,0,0,0.0,8.194787578372683,1.343121366761249,20.87,1319.93041038513,2724.95573857447,OM,-0.345,0.23065905435287382
GHSL_479,0,193,144,0,0,0,0,0,0,0,0,0.0,8.158991058416118,1.5311314461395082,40.42,1687.00554847717,2962.60587018521,OM,-0.59,0.1319080488239805
GHSL_480,0,49,574,19,0,0,1,0,0,0,1,12000000.0,8.123907270009449,1.1337492005623906,1.51,3210.47913455963,2261.69717122905,OM,-0.107,0.3011315099647869
GHSL_481,0,39,96,0,0,0,0,0,0,0,0,0.0,8.119534696178938,1.4124942430328966,26.78,673.643684387207,2141.95130170813,OM,-0.367,0.23065905435287382
GHSL_482,0,40,93,0,0,0,0,0,0,0,0,0.0,8.09614858880289,1.4844687049742002,32.99,666.807466506958,2905.47915689306,OM,-0.376,0.1319080488239805
GHSL_483,0,85,193,1,0,0,0,0,0,0,0,0.0,8.097052352921835,1.5620654381716264,41.18,1393.90461540222,2827.39272901059,OM,-0.383,0.1748628834570809
GHSL_484,0,14,142,4,0,0,0,0,0,0,0,0.0,8.074864386345617,0.8786941387254092,11.03,796.228423833847,851.481027722778,OM,-0.124,0.4026286705928697
GHSL_485,0,2,117,18,0,0,0,0,0,0,0,0.0,8.069245174937429,1.271143544187544,10.45,685.119743347168,1918.87717228552,OM,0.124,0.5564930367938129
GHSL_486,0,26,77,0,0,0,0,0,0,0,4,5641700.0,8.059335103144388,1.0193304242035015,4.45,515.281923770905,673.49190784209,OM,-0.336,0.043133524104797816
GHSL_487,0,25,236,6,0,0,0,0,0,0,0,0.0,8.04687476303871,1.3826242835288303,20.69,1333.18603134155,2903.89737302987,OM,-0.14,0.23065905435287382
GHSL_488,0,12,131,4,0,0,0,0,0,0,0,0.0,8.003610233956929,0.658946991813981,35.34,733.459718227386,763.443185910849,OM,-0.123,0.4026286705928697
GHSL_489,0,58,428,8,0,0,0,0,0,0,0,0.0,7.988243251727685,1.1912076262954028,1.11,2474.63136863708,5292.08393455462,OM,-0.18,0.1862546750776101
GHSL_490,0,33,116,1,0,0,0,0,0,0,0,0.0,7.970414674435671,1.4569574986402887,28.2,748.378998756409,2316.14538137131,OM,-0.306,0.1748628834570809
GHSL_491,0,106,327,2,0,0,0,0,0,0,1,12000000.0,7.952398155417047,1.0479813654168753,7.59,2176.67149829865,4196.49366956698,OM,-0.327,0.4026286705928697
GHSL_492,0,19,299,13,0,0,0,0,0,0,0,0.0,7.948114640777791,1.0328529285731234,5.89,1656.32638645172,3193.06965406816,OM,-0.062,0.21162139651744788
GHSL_493,0,24,118,1,0,0,0,0,0,0,0,0.0,7.9301767061800055,1.49049757578813,31.9,718.179206848145,2282.48457593293,OM,-0.246,0.17424385920052776
GHSL_494,0,110,414,3,0,0,0,0,0,0,0,0.0,7.923159428020458,0.8552435356172999,13.72,2634.48485183716,4302.68901536068,OM,-0.292,0.21162139651744788
GHSL_495,0,13,128,3,0,0,0,0,0,0,0,0.0,7.899461705851602,1.3110338990419268,12.05,722.680633544922,1770.44291300398,OM,-0.133,0.13840875240355793
GHSL_496,0,4,160,17,0,0,0,0,0,0,0,0.0,7.886600819862116,0.7747701236047736,22.58,906.838383674622,2962.13018603867,OM,0.066,0.4026286705928697
GHSL_497,0,24,164,3,0,0,0,0,0,0,0,0.0,7.876404675146273,1.1888570606022615,1.52,951.289052963257,2237.01129444622,OM,-0.189,0.23640950860390936
GHSL_498,0,121,252,1,0,0,1,0,0,0,0,0.0,7.8674408540493905,0.7378885104126373,26.68,1870.08014678955,3141.0427920863,OM,-0.399,0.07449998903274535
GHSL_499,0,52,730,29,0,0,0,0,0,0,1,12000000.0,7.848460783084224,1.3029968330957797,10.86,4053.31473064423,2754.64906532983,OM,-0.08,0.02616294987130447
GHSL_500,0,33,303,8,0,0,0,0,0,0,0,0.0,7.850188827777711,0.8546467164607396,13.73,1718.50591468811,3367.37776516543,OM,-0.143,0.21162139651744788
GHSL_501,0,14,130,3,0,0,0,0,0,0,0,0.0,7.842455895564757,1.0931528116119529,12.26,734.116310119629,2697.37033406683,OM,-0.143,0.4026286705928697
GHSL_502,0,202,265,0,0,0,1,0,0,0,0,0.0,7.835769375848144,1.0999817625284265,11.54,2334.60953998566,3307.19372274086,OM,-0.484,0.234444023169711
GHSL_503,0,58,455,9,0,0,0,0,0,0,0,0.0,7.8306105700388215,1.1911079573565069,1.21,2607.44326686859,2554.61108988899,OM,-0.168,0.23640950860390936
GHSL_504,0,28,111,1,0,0,0,0,0,0,0,0.0,7.819436646157972,1.5269404743459567,35.41,703.716981887817,2235.99551949917,OM,-0.285,0.17424385920052776
GHSL_505,0,33,135,1,0,0,0,0,0,0,0,0.0,7.81461827426856,1.6035330232411635,43.82,844.908553123474,2310.02070528457,OM,-0.277,0.17424385920052776
GHSL_506,0,38,116,1,0,0,0,0,0,0,0,0.0,7.8109474798306175,0.6637788910983962,28.6,772.609236717224,2329.00226300959,OM,-0.33,0.4026286705928697
GHSL_507,0,60,439,8,0,0,0,0,0,0,0,0.0,7.794330981407114,1.2898175108787027,9.18,2533.80002689362,2308.93543698907,OM,-0.18,0.3441681514487578
GHSL_508,0,54,99,0,0,0,0,0,0,0,0,0.0,7.797059422062953,1.1905820709601491,1.78,766.231212615967,2573.45609913378,OM,-0.423,0.3441681514487578
GHSL_509,0,25,113,1,0,0,0,0,0,0,0,0.0,7.795124711798729,0.6678483104971782,27.42,696.530409812927,2339.352163136,OM,-0.263,0.2487301178908226
GHSL_510,0,46,72,0,0,0,0,0,0,0,0,0.0,7.795440938232385,1.1370312843999797,7.68,586.705192565918,2463.11941663973,OM,-0.45,0.234444023169711
GHSL_511,0,26,115,1,0,0,0,0,0,0,0,0.0,7.78406196828462,1.5382323889467004,36.45,710.088968276978,2196.60888641855,OM,-0.264,0.17424385920052776
GHSL_512,0,107,172,0,0,0,0,0,0,0,0,0.0,7.771315370313315,1.2107656223642727,0.31,1394.25476837158,5463.16667987768,OM,-0.446,0.3441681514487578
GHSL_513,0,58,64,0,0,0,0,0,0,0,0,0.0,7.768738862022233,1.4147490498080477,22.78,610.350749969482,2110.20249749162,OM,-0.517,0.17424385920052776
GHSL_514,0,40,201,2,0,0,0,0,0,0,0,0.0,7.746520934985563,1.4629168435072428,28.09,1219.40843009949,2429.23595359798,OM,-0.243,0.17424385920052776
GHSL_515,0,54,464,11,0,0,0,0,0,0,0,0.0,7.736419153536328,1.4299310901278037,24.56,2643.419049263,3106.98054685355,OM,-0.154,0.17424385920052776
GHSL_516,0,0,111,46,0,0,0,0,0,0,0,0.0,7.735526077847508,0.6752048732922175,22.98,788.054123878479,2205.35888877269,OM,0.3,0.35708892323480107
GHSL_517,0,7,131,7,0,0,0,0,0,0,0,0.0,7.733934851212941,0.7873995428457774,21.21,724.566232681274,2183.66494485213,OM,-0.027,0.3436142697481349
GHSL_518,1,131,46,0,0,0,0,0,0,0,0,0.0,7.727050324771399,1.2237131330949234,2.47,891.133918762207,2137.56540965575,OM,-0.728,0.23640950860390936
GHSL_519,0,80,44,0,0,0,0,0,0,0,0,0.0,7.7297990678188775,1.6305527048113826,36.89,624.34561920166,2158.33409110339,OM,-0.647,0.4026286705928697
GHSL_520,0,31,120,1,0,0,0,0,0,0,0,0.0,7.733991119456383,0.826760796137611,16.86,759.107549667358,2788.21237977256,OM,-0.284,0.3436142697481349
GHSL_521,0,8,138,7,0,0,0,0,0,0,0,0.0,7.7262545463602175,1.1933582694527254,0.79,765.22762298584,3597.68511041768,OM,-0.053,0.23640950860390936
GHSL_522,0,108,83,0,0,0,0,0,0,0,0,0.0,7.685571241202003,0.5893782267258378,12.54,954.967453956604,2200.59372880066,OM,-0.586,0.4026286705928697
GHSL_523,0,25,186,4,0,0,0,0,0,0,0,0.0,7.689820067463976,1.1974265108791362,0.34,1071.07176494598,2797.2258522244,OM,-0.178,0.23640950860390936
GHSL_524,0,24,106,1,0,0,0,0,0,0,0,0.0,7.682950623198967,1.4158214494138306,23.7,652.125460624695,1741.80669832128,OM,-0.264,0.13224286746695801
GHSL_525,0,92,67,0,0,0,0,0,0,0,0,0.0,7.672469070577725,0.7320356690317318,24.71,795.804550170898,2125.56905033948,OM,-0.593,0.29156188470190175
GHSL_526,0,48,219,2,0,0,0,0,0,0,1,12000000.0,7.647992433207186,1.1839408063661956,1.24,1348.14187908173,2112.24736244689,OM,-0.26,0.10597326577637832
GHSL_527,0,55,70,0,0,0,0,0,0,0,0,0.0,7.642844805830613,0.6810924138058991,18.32,625.405591964722,2534.16099503514,OM,-0.487,0.20235686687425894
GHSL_528,0,1,158,53,0,0,0,0,0,0,0,0.0,7.612612093796321,0.6080299981183106,9.63,1058.66997909546,2261.8736867759,OM,0.259,0.09616651983900011
GHSL_529,0,9,139,6,0,0,0,0,0,0,0,0.0,7.603057151502442,0.7630290702726235,23.92,771.607613563538,2590.59128273808,OM,-0.063,0.18605362767547856
GHSL_530,0,48,406,9,0,0,0,0,0,0,0,0.0,7.588962436005946,1.5237314362509728,18.16,2315.92901039124,3164.07086095318,OM,-0.156,0.18857719734275083
GHSL_531,0,15,227,10,0,0,0,0,0,0,0,0.0,7.582181702070629,0.5326080338399768,1.73,1259.02181148529,2241.34508903859,OM,-0.065,0.18526197110749146
GHSL_532,0,25,103,1,0,0,0,0,0,0,0,0.0,7.582200413222072,0.6960089033548394,19.18,641.948019981384,2600.88575021123,OM,-0.277,0.18605362767547856
GHSL_533,0,136,307,1,0,0,0,0,0,0,0,0.0,7.573210902163229,0.6761242740519746,17.13,2219.8593788147,2661.45298019453,OM,-0.383,0.18605362767547856
GHSL_534,0,35,260,5,0,0,1,0,0,0,0,0.0,7.5701971606952645,0.8533332176295789,14.13,1501.49017810822,2004.74543386128,OM,-0.18,0.024748737341529166
GHSL_535,0,62,127,0,0,0,0,0,0,0,0,0.0,7.557159656993946,0.938388543188803,5.8,949.153873443604,2275.93552028372,OM,-0.402,0.2255670631985087
GHSL_536,0,9,120,5,0,0,0,0,0,0,0,0.0,7.558394303454229,0.9770799236241917,3.3,667.735426902771,2011.6814948461,OM,-0.083,0.2255670631985087
GHSL_537,0,4,159,18,0,0,0,0,0,0,0,0.0,7.545960523266994,0.7889844508474608,21.61,905.244429588318,2658.73011509727,OM,0.076,0.4026286705928697
GHSL_538,0,3,530,164,0,0,0,0,0,0,0,0.0,7.5490519729585035,1.125173983787056,2.0,3486.07106781006,3174.92378667936,OM,0.245,0.4026286705928697
GHSL_539,0,38,224,3,0,0,0,0,0,0,0,0.0,7.539464230042785,0.9096938545013306,9.52,1325.59672927856,3798.35849898727,OM,-0.215,0.024748737341529166
GHSL_540,0,4,371,74,0,0,0,0,0,0,1,12000000.0,7.509291555750327,0.6034227514521106,12.96,2245.46487617493,2110.39931971328,OM,0.169,0.5260874367734216
GHSL_541,0,30,144,2,0,0,0,0,0,0,0,0.0,7.494735775910022,1.2491031683868306,1.66,874.221661567688,2282.32472213787,OM,-0.249,0.28184683550321166
GHSL_542,0,71,206,1,0,0,0,0,0,0,0,0.0,7.487581045081738,0.939070963976422,12.16,1391.23655986786,2867.44113546172,OM,-0.338,0.5473006486383878
GHSL_543,0,0,140,68,0,0,0,0,0,0,0,0.0,7.473712139481792,1.1532104507810268,3.36,1043.23199748993,3063.64383146344,OM,0.328,0.5761113073235349
GHSL_544,0,100,799,17,0,0,0,0,0,0,0,0.0,7.471971576578273,1.321875098209601,2.36,4579.12797832489,3220.94772864108,OM,-0.166,0.28184683550321166
GHSL_545,0,1,901,787,1,0,0,1,0,0,0,0.0,7.459282072350513,0.9044019980855728,16.66,8448.73242759705,3985.74560315598,OM,0.436,0.5473006486383878
GHSL_546,0,84,62,0,0,0,0,0,0,0,0,0.0,7.462811785841833,1.6042778979708245,12.29,731.218327522278,1997.54227466686,OM,-0.593,0.20094166958323603
GHSL_547,0,18,321,16,0,0,0,0,0,0,0,0.0,7.459366741522141,0.710087719559798,25.51,1776.44233226776,2371.29621577128,OM,-0.045,0.21738168201439845
GHSL_548,0,23,316,12,0,0,0,0,0,0,0,0.0,7.458638904326886,1.5902135332119764,10.82,1753.62448692322,2288.81904397616,OM,-0.081,0.20094166958323603
GHSL_549,0,0,179,181,0,0,0,0,0,0,0,0.0,7.441873775630761,0.6038243619748235,19.06,1803.72339820862,2716.39362755698,OM,0.464,0.13293607975210536
GHSL_550,0,3,654,253,0,0,0,0,0,0,2,24000000.0,7.431749113455472,1.1604235790277222,1.35,4548.65993976593,3360.2596073907,OM,0.285,0.32273879414505335
GHSL_551,0,66,158,1,0,0,0,0,0,0,0,0.0,7.431141099257616,1.48574027780575,0.22,1125.10105037689,2166.39828331318,OM,-0.372,0.20094166958323603
GHSL_552,0,79,91,0,0,0,0,0,0,0,0,0.0,7.422440009359842,0.5461590234800794,19.15,850.902976036072,2220.92494985011,OM,-0.509,0.4026286705928697
GHSL_553,0,6,956,281,0,0,0,0,0,0,1,12000000.0,7.38771673710926,0.8674436587657571,25.5,6213.5735502243,2895.71789755907,OM,0.236,0.0802516861784987
GHSL_554,0,145,344,1,0,0,0,0,0,0,1,12000000.0,7.374982709401481,1.6208085849487182,7.87,2452.02976799011,3272.33994553744,OM,-0.374,0.13947042558481074
GHSL_555,0,148,220,0,0,0,0,0,0,0,0,0.0,7.31324573189304,1.5947535181259358,1.4,1842.34475517273,2545.16723561563,OM,-0.461,0.15652293808739898
GHSL_556,0,30,153,2,0,0,1,0,0,0,2,14541600.0,7.315012816780534,0.8124485248899246,35.54,925.4498462677,2937.07820657998,OM,-0.242,0.012020819494856155
GHSL_557,0,53,197,1,0,0,0,0,0,0,0,0.0,7.305770504897026,1.6283141205605174,3.86,1257.59175777435,3516.04754572444,OM,-0.295,0.15652293808739898
GHSL_558,0,1,255,119,0,0,0,0,0,0,1,12000000.0,7.278444040888761,0.8017377292310959,39.63,1869.72111988068,3049.00186535536,OM,0.319,0.4026286705928697
GHSL_559,0,7,385,55,0,0,0,0,0,0,0,0.0,7.280721038115369,0.7086066322632457,40.24,2237.96473789215,3165.83662991826,OM,0.115,0.2044356925317895
GHSL_560,0,37,117,1,0,0,0,0,0,0,0,0.0,7.239453436363377,0.702619625384058,43.95,770.533761024475,2154.0497744692,OM,-0.323,0.2044356925317895
GHSL_561,0,33,116,1,0,0,0,0,0,0,0,0.0,7.23660693698214,1.5023200449405856,0.67,749.930530548096,2147.57232309739,OM,-0.307,0.23097670330631861
GHSL_562,0,1,143,36,0,0,0,0,0,0,0,0.0,7.23446035801672,0.685877306070219,43.62,904.333952903748,2212.02170064128,AS,0.21,0.2044356925317895
GHSL_563,0,255,404,1,0,0,0,0,0,0,0,0.0,7.224320278020795,1.628641138963846,1.83,3302.67742919922,4406.01377457259,OM,-0.449,0.19887360986542427
GHSL_564,0,8,652,127,0,0,1,0,0,0,6,55166000.0,7.179626538968661,0.749590219789522,46.34,3933.29251670837,2320.14192143272,OM,0.165,0.4026286705928697
GHSL_565,0,50,163,1,0,0,0,0,0,0,1,12000000.0,7.163643528949673,1.166561719416503,3.65,1068.71857833862,3059.78480910282,OM,-0.317,0.3536078614716905
GHSL_566,0,37,132,1,0,0,0,0,0,0,0,0.0,7.160028869294193,0.6932894544394499,51.56,850.122478485107,2375.98443391273,AS,-0.301,0.2044356925317895
GHSL_567,0,155,1395,34,0,0,0,0,0,0,0,0.0,7.14599604631677,1.5935537281555843,8.22,7917.20489025116,4670.14311506538,OM,-0.147,0.26044625831093426
GHSL_568,0,7,178,12,0,0,0,0,0,0,1,12000000.0,7.140495717577069,0.6750116809205944,52.88,986.142355918884,2104.69081074152,AS,0.003,0.3145054294361247
GHSL_569,0,106,48,0,0,0,0,0,0,0,0,0.0,7.134083172331972,1.1608818206019986,1.55,772.822093963623,2267.89553830151,OM,-0.682,0.3536078614716905
GHSL_570,0,93,82,0,0,0,0,0,0,0,2,24000000.0,7.134179775490981,1.6150970369892241,9.85,875.814232826233,2390.81046013696,OM,-0.558,0.26044625831093426
GHSL_571,0,13,258,14,0,0,0,0,0,0,0,0.0,7.072538731735818,1.15258877614573,1.16,1426.9556388855,2392.33429826395,OM,-0.031,0.2852798888551622
GHSL_572,0,15,259,12,0,0,0,0,0,0,0,0.0,7.051588063592186,0.7093228014424141,50.1,1433.75482368469,3004.66667159432,OM,-0.053,0.09050966394578062
GHSL_573,0,22,114,1,0,0,0,0,0,0,0,0.0,7.046237308535613,1.1544496222898661,0.94,683.204689979553,2505.59166316876,OM,-0.236,0.2852798888551622
GHSL_574,0,112,390,3,0,0,0,0,0,0,0,0.0,7.025101218941272,1.3904349756076686,11.15,2523.844165802,2620.85239640244,OM,-0.305,0.18724678021320965
GHSL_575,0,2,641,314,0,0,1,0,0,0,12,51680700.0,7.011250805868898,0.6765427396748009,53.82,4786.78015899658,4493.57442759594,AS,0.328,0.4831618129507924
GHSL_576,0,60,122,0,0,0,0,0,0,0,0,0.0,7.013655013864265,1.5016876259869583,7.06,914.107548713684,2494.5218359968,OM,-0.404,0.18724678021320965
GHSL_577,0,285,573,2,0,0,0,0,0,0,0,0.0,7.007146818446996,1.4042915686422408,9.32,4300.81067180634,3554.02477085516,OM,-0.405,0.18724678021320965
GHSL_578,0,212,249,0,0,0,1,0,0,0,0,0.0,7.005585049999037,1.41674302439663,9.32,2309.24716949463,2793.55454710867,OM,-0.505,0.18724678021320965
GHSL_579,0,109,875,18,0,0,0,0,0,0,0,0.0,6.995064990273173,1.3308244941834007,7.12,5012.89474105835,3361.31340131984,OM,-0.166,0.1977530936157107
GHSL_580,0,32,486,21,0,0,0,0,0,0,0,0.0,6.9972660993575735,1.3488953676066309,7.67,2695.07984161377,3677.32195414027,OM,-0.069,0.1977530936157107
GHSL_581,0,45,81,0,0,0,0,0,0,0,0,0.0,6.983543549744221,1.374081220609025,6.4,629.82705116272,1847.65034957381,OM,-0.424,0.18724678021320965
GHSL_582,0,23,274,9,0,0,0,0,0,0,9,28828800.0,6.973202306971755,0.6487698879652035,57.25,1531.87605476379,1975.33475705258,OM,-0.102,0.14424977931595825
GHSL_583,0,2,191,35,0,0,0,0,0,0,0,0.0,6.977646158760634,0.5593164422668159,67.05,1140.49494838715,3041.57941047542,AS,0.155,0.3331835641259771
GHSL_584,0,22,267,9,0,0,0,0,0,0,0,0.0,6.954567565785704,0.5581956457067402,67.45,1487.40233898163,3008.90155033161,AS,-0.1,0.4026286705928697
GHSL_585,0,15,121,3,0,0,0,0,0,0,0,0.0,6.952173815572104,1.2976940626337463,2.13,691.302785873413,2134.48064949151,OM,-0.161,0.1977530936157107
GHSL_586,0,0,66,188,1,0,0,0,0,0,0,0.0,6.942430240995834,0.6386003638735429,58.89,1278.13111209869,1828.81201240073,OM,0.655,0.4026286705928697
GHSL_587,0,0,120,48,0,0,1,0,0,0,0,0.0,6.941288529375365,0.6615724706506146,56.45,843.659467220306,2199.69355396589,OM,0.292,0.4026286705928697
GHSL_588,0,5,149,13,0,0,0,0,0,0,0,0.0,6.94490811136627,0.5979532639297604,63.32,835.838322639465,2650.50157646389,AS,0.039,0.15627059189873124
GHSL_589,0,34,174,2,0,0,0,0,0,0,0,0.0,6.94081396510823,1.5290661631687206,3.38,1048.40143871307,2510.37753476924,OM,-0.239,0.18724678021320965
GHSL_590,0,18,151,3,0,0,0,0,0,0,0,0.0,6.937885887712448,1.3122699416330923,0.71,862.444625854492,1945.96662843187,OM,-0.16,0.1578826084280677
GHSL_591,0,28,297,9,0,0,0,0,0,0,0,0.0,6.89284646077599,0.8514053793597318,36.73,1668.27279853821,2038.6956418864,OM,-0.121,0.09353073939315655
GHSL_592,0,22,107,1,0,0,0,0,0,0,0,0.0,6.889890419478472,0.7716321254774857,45.45,651.985190868378,1499.76810773819,OM,-0.252,0.4026286705928697
GHSL_593,0,0,91,49,0,0,0,0,0,0,3,5010000.0,6.880348916641309,0.643857746320298,59.23,702.216266155243,2288.36313857358,OM,0.346,9.946656230357918e-09
GHSL_594,0,39,344,8,0,0,0,0,0,0,0,0.0,6.8794035408808325,0.7231693359717076,50.55,1954.47779941559,2605.58129908012,OM,-0.152,0.012020815111583916
GHSL_595,0,280,484,1,0,0,0,0,0,0,1,12000000.0,6.858262621421125,1.1845757634861969,0.57,3825.06090736389,3425.49721071702,OM,-0.433,0.19992465279737723
GHSL_596,0,0,52,155,1,0,0,0,0,0,0,0.0,6.855039024183729,0.7293715476198416,49.46,1036.98847675323,2644.67711819628,OM,0.665,0.6186213230486393
GHSL_597,0,0,323,724,2,0,1,0,0,0,3,32641200.0,6.845871503339015,0.7145283037355128,50.95,5248.40494441986,3621.53541450472,OM,0.612,0.6186213230486393
GHSL_598,0,2,161,33,0,0,0,0,0,0,1,12000000.0,6.847245736030432,0.5729298874943619,66.4,982.939419746399,1954.27752010391,OM,0.175,0.24607315487959042
GHSL_599,0,0,98,293,2,0,0,0,0,0,0,0.0,6.845461886874654,0.7318312099067028,49.02,1959.28546524048,2872.85258832914,OM,0.665,0.4026286705928697
GHSL_600,0,2,276,74,0,0,1,0,0,0,1,12000000.0,6.823710393083762,0.7686476301265243,44.61,1762.05652999878,2911.16687455913,OM,0.22,0.2552494862749309
GHSL_601,0,27,155,2,0,0,0,0,0,0,0,0.0,6.8212304154668635,0.5800679945105428,65.26,923.337232589722,2641.69153162069,OM,-0.222,0.26403093211995826
GHSL_602,0,98,237,1,0,0,0,0,0,0,1,12000000.0,6.795375977056126,0.7952595090501259,41.3,1681.26314020157,2143.4092250509,OM,-0.371,0.2552494862749309
GHSL_603,0,13,609,76,0,0,0,0,0,0,9,108000000.0,6.778690778028478,1.178888506414052,0.95,3488.32404899597,3823.73438146973,OM,0.092,0.19992465279737723
GHSL_604,0,60,149,1,0,0,0,0,0,0,0,0.0,6.777842658331847,1.5344388982587562,14.52,1047.94855213165,2234.76542795652,OM,-0.367,0.3127847565246069
GHSL_605,0,26,359,14,0,0,0,0,0,0,0,0.0,6.761532166959909,1.5742674463461954,15.91,1995.97257804871,2229.56399813311,OM,-0.082,0.2741939717223132
GHSL_606,0,1,241,90,0,0,0,0,0,0,0,0.0,6.760347664758717,1.5406711138928693,16.35,1660.19486141205,2187.88116905071,OM,0.279,0.2741939717223132
GHSL_607,0,30,169,2,0,0,0,0,0,0,0,0.0,6.7372910820189285,1.3146535213080974,14.6,1005.70811271667,2312.62658801609,OM,-0.225,0.4026286705928697
GHSL_608,0,24,366,16,0,0,0,0,0,0,0,0.0,6.707776464602655,1.4771974357196103,14.63,2029.31792736053,3051.11956193529,OM,-0.065,0.3326274176176075
GHSL_609,0,32,229,4,0,0,0,0,0,0,0,0.0,6.6806722883142164,1.4828105155230973,11.62,1328.65575790405,2291.21736076918,OM,-0.184,0.3326274176176075
GHSL_610,0,1,443,319,0,0,0,0,0,0,0,0.0,6.6729228861809,1.525729458450166,10.29,3816.29431724548,3242.76578877889,OM,0.4,0.3326274176176075
GHSL_611,0,111,219,1,0,0,0,0,0,0,0,0.0,6.671759633788316,1.5022865288636063,10.15,1654.41648578644,3129.00291598537,OM,-0.408,0.3326274176176075
GHSL_612,0,3,287,59,0,0,0,0,0,0,0,0.0,6.6630971815550835,0.8449431304568864,37.08,1747.60043287277,1781.95655525815,OM,0.175,0.28598309487386836
GHSL_613,0,91,342,3,0,0,0,0,0,0,0,0.0,6.660680878033506,0.6559843438532657,57.69,2179.26159095764,2457.13395574492,OM,-0.293,0.06415605868883796
GHSL_614,0,62,96,0,0,0,0,0,0,0,0,0.0,6.633533488124728,1.5858532942765144,4.95,791.027081489563,1892.9889571198,OM,-0.453,0.4116926171334575
GHSL_615,0,9,180,10,0,0,0,0,0,0,0,0.0,6.630167011864996,1.553489995632023,6.9,996.171825408936,2163.18320784026,OM,-0.035,0.4116926171334575
GHSL_616,0,0,27,136,1,0,0,0,0,0,0,0.0,6.622744341913005,1.5684781241992607,5.44,823.175104141235,2413.15403418514,OM,0.755,0.4116926171334575
GHSL_617,0,0,251,158,0,0,0,0,0,0,0,0.0,6.620749486565006,1.511834494527136,4.43,2046.0877904892,2695.76949623195,OM,0.374,0.3746260270627799
GHSL_618,0,18,318,16,0,0,0,0,0,0,0,0.0,6.609825042604802,1.5451245908501847,4.56,1760.34687232971,2195.69637548204,OM,-0.046,0.02757716509847808
GHSL_619,0,80,69,0,0,0,0,0,0,0,0,0.0,6.582638420940817,1.3304059468724874,15.2,746.868590354919,2501.94660353724,OM,-0.564,0.24996199703096322
GHSL_620,0,0,2,135,20,0,0,0,0,0,0,0.0,6.581694266054772,1.5147740359044004,0.08,788.055484771729,4199.87148003991,OM,1.125,0.42666184893113346
GHSL_621,0,6,147,10,0,0,0,0,0,0,0,0.0,6.567873507325421,0.8957852958462662,32.19,813.000173568726,1537.38587597686,OM,-0.004,0.19728278655625014
GHSL_622,0,3,525,173,0,0,0,0,0,0,0,0.0,6.554219124391066,1.6663987973918257,0.86,3504.43331718445,3701.22758804057,OM,0.256,0.3075003756572459
GHSL_623,0,51,458,11,0,0,0,0,0,0,0,0.0,6.5312074409762415,1.5810543430988548,1.93,2602.43438053131,1906.82472196022,OM,-0.149,0.4026286705928697
GHSL_624,0,14,150,4,0,0,0,0,0,0,0,0.0,6.527267026899877,1.2976906053190194,11.48,843.424297809601,1675.88828622728,OM,-0.121,0.20690241865270434
GHSL_625,0,42,127,1,0,0,1,0,0,0,0,0.0,6.513878330681045,0.9837681044604818,22.21,846.798548698425,870.753382659371,OM,-0.332,0.4026286705928697
GHSL_626,0,20,126,2,0,0,0,0,0,0,0,0.0,6.496075789798964,1.2519435299254011,7.41,740.121687412262,1606.60616273604,OM,-0.206,0.20690241865270434
GHSL_627,0,5,118,8,0,0,0,0,0,0,0,0.0,6.491754239126983,1.5562756628672305,0.27,653.802160263062,2254.07048433416,OM,0.005,0.08286736390915123
GHSL_628,0,53,166,1,0,0,0,0,0,0,0,0.0,6.482428690085646,1.3695778388993716,5.36,1101.73853969574,1956.74694375902,OM,-0.325,0.24996199703096322
GHSL_629,0,1,134,29,0,0,0,0,0,0,0,0.0,6.473168528908674,1.6642251120953349,7.14,823.91420841217,1970.99703222143,OM,0.183,0.43303426228516095
GHSL_630,0,5,316,48,0,0,0,0,0,0,0,0.0,6.456049275037199,1.5675464508652244,0.63,1844.91507339478,3276.28442191744,OM,0.125,0.12614594641170968
GHSL_631,0,2,189,42,0,0,0,0,0,0,0,0.0,6.450045905613581,1.4543694821146822,0.39,1165.38307237625,2008.6716313261,OM,0.186,0.3510289623940204
GHSL_632,0,6,317,46,0,0,0,0,0,0,0,0.0,6.4477067705341575,1.2607361655426186,3.91,1841.11642837524,1828.72498785752,OM,0.116,0.20690241865270434
GHSL_633,0,10,115,4,0,0,0,0,0,0,0,0.0,6.448112652984871,0.9819961398230147,16.6,642.077777862549,952.59807880763,OM,-0.115,0.4026286705928697
GHSL_634,0,20,250,9,0,0,0,0,0,0,0,0.0,6.446590370170542,1.6745742966165333,9.94,1394.97962760925,2724.99536570021,OM,-0.096,0.24630694459339486
GHSL_635,0,33,281,6,0,0,0,0,0,0,0,0.0,6.4423274989951596,1.5719071898316896,0.73,1600.70353126526,2886.33476011623,OM,-0.154,0.12614594641170968
GHSL_636,0,12,132,4,0,0,0,0,0,0,0,0.0,6.437816899892122,1.0879518283555738,9.48,736.30526471138,806.535116517235,OM,-0.112,0.2314222230219458
GHSL_637,0,26,115,1,0,0,0,0,0,0,2,24000000.0,6.434157062930734,1.2720660683374736,2.17,709.505614757538,955.841180407415,OM,-0.262,0.20690241865270434
GHSL_638,0,5,152,12,0,0,0,0,0,0,0,0.0,6.418708161136587,1.5847492022133272,0.45,845.070341110229,2063.48243160608,OM,0.023,0.12614594641170968
GHSL_639,0,11,148,6,0,0,0,0,0,0,0,0.0,6.409880759311689,0.917189736076718,17.72,823.871610641479,1636.65325880132,OM,-0.082,0.17592896635376795
GHSL_640,0,32,161,2,0,0,0,0,0,0,0,0.0,6.409574156405344,1.1619601771456507,2.78,974.95406627655,1731.36794505631,OM,-0.245,0.29839905862614996
GHSL_641,0,1,295,158,0,0,0,0,0,0,0,0.0,6.404394871232435,1.64945077584818,5.64,2271.49297809601,3207.61665239864,OM,0.345,0.24630694459339486
GHSL_642,0,20,800,86,0,0,0,0,0,0,0,0.0,6.38642984698659,1.241754505076666,0.78,4529.30147266388,1712.4067801978,OM,0.069,0.283219525731643
GHSL_643,0,18,149,3,0,0,0,0,0,0,1,12000000.0,6.377811522496783,0.9864732092002768,10.18,854.895425796509,1727.36157351885,OM,-0.164,0.3758921715784229
GHSL_644,0,5,200,21,0,0,0,0,0,0,0,0.0,6.375584931210844,0.8909209142373926,17.18,1130.4217543602,1698.41633591486,OM,0.065,0.17592896635376795
GHSL_645,0,3,129,14,0,0,0,0,0,0,0,0.0,6.37443333680236,1.5317135313748713,7.67,734.951696395874,2460.87189699109,OM,0.074,0.3871799690057626
GHSL_646,0,4,1414,699,0,0,1,0,0,0,3,24783000.0,6.360373583932843,1.4127768743181726,1.1,10587.839225769,4612.67984551951,OM,0.33,0.4026286705928697
GHSL_647,0,37,166,2,0,0,0,0,0,0,0,0.0,6.370608353979092,1.6427537711306779,4.19,1026.00742816925,2268.67815776099,OM,-0.262,0.24630694459339486
GHSL_648,0,62,267,2,0,0,0,0,0,0,0,0.0,6.361201679240595,1.2290705991033175,3.9,1653.7583026886,850.032332003408,OM,-0.268,0.4026286705928697
GHSL_649,0,154,202,0,0,0,0,0,0,0,5,34253400.0,6.364252621197692,1.1579013975909282,1.35,1781.60279273987,2456.34980144886,OM,-0.485,0.3309259729420281
GHSL_650,0,0,53,727,27,0,0,0,0,0,0,0.0,6.342682609180316,1.109472275840941,1.21,4037.31666564941,2413.98739207531,OM,0.913,0.4026286705928697
GHSL_651,0,11,151,6,0,0,0,0,0,0,0,0.0,6.345585629426827,1.2437545823566036,5.05,840.442776679993,763.513451815425,OM,-0.081,0.4026286705928697
GHSL_652,0,0,168,199,0,0,0,0,0,0,0,0.0,6.343638687039537,1.215093817096396,4.71,1838.58741807938,1890.06912079149,OM,0.494,0.4026286705928697
GHSL_653,0,0,93,70,0,0,0,0,0,0,0,0.0,6.342347127628416,1.479619965607411,8.41,816.066873550415,1992.42859474593,OM,0.41,0.3871799690057626
GHSL_654,0,0,76,58,0,0,0,0,0,0,0,0.0,6.338571742444506,1.4878996102466135,9.42,671.245886802673,2126.07297836594,OM,0.41,0.3871799690057626
GHSL_655,0,10,177,9,0,0,0,0,0,0,0,0.0,6.337776378353875,1.4556069340755304,6.27,980.087766647339,2051.0450324106,OM,-0.038,0.3871799690057626
GHSL_656,0,15,1023,172,0,0,0,0,0,0,0,0.0,6.332073114662341,1.604842553826622,0.13,6048.52149295807,3491.56622945764,OM,0.14,0.308495810555842
GHSL_657,0,6,189,18,0,0,0,0,0,0,0,0.0,6.329576266714393,1.0807197056915394,0.43,1061.68210506439,706.878972361101,OM,0.047,0.15132084813934807
GHSL_658,0,27,391,16,0,0,0,0,0,0,0,0.0,6.324738334130062,1.050041917986163,1.32,2172.68255233765,821.266715971656,OM,-0.077,0.4026286705928697
GHSL_659,0,1,147,63,0,0,0,0,0,0,0,0.0,6.330296297337784,1.3369121893132883,3.88,1052.55437469482,2126.51234372493,OM,0.305,0.10400640999277173
GHSL_660,0,37,144,1,0,0,0,0,0,0,0,0.0,6.325112924822759,1.6424091694035932,4.24,913.506032943726,1946.23864529843,OM,-0.288,0.22884565213500027
GHSL_661,0,0,130,145,0,0,0,0,0,0,0,0.0,6.323176435294727,1.6119105297595455,1.37,1378.48474216461,2737.77222548413,OM,0.482,0.308495810555842
GHSL_662,0,1,116,36,0,0,0,0,0,0,0,0.0,6.309374817962067,1.3108454797701408,3.14,765.395564079285,1228.59980557911,OM,0.247,0.10400640999277173
GHSL_663,0,5,212,24,0,0,0,0,0,0,0,0.0,6.311977258563466,1.6356779237413803,4.13,1203.48226547241,2238.44540692954,OM,0.078,0.22884565213500027
GHSL_664,0,8,415,58,0,0,1,0,0,0,2,24000000.0,6.299342617988772,1.4299825169603275,8.22,2404.69154548645,2609.05348701756,OM,0.111,0.1228414909320625
GHSL_665,0,4,159,18,0,0,0,0,0,0,0,0.0,6.30284658062766,1.6265482072260817,4.14,903.707346916199,2521.30789702869,OM,0.078,0.4026286705928697
GHSL_666,0,68,192,1,0,0,0,0,0,0,0,0.0,6.303215953232423,1.6651437506543827,5.95,1303.14607524872,3116.33675441982,OM,-0.343,0.13686089535721513
GHSL_667,0,6,248,28,0,0,0,0,0,0,0,0.0,6.297116882764162,1.6470688999075145,5.71,1412.79701328278,3310.98432923078,OM,0.078,0.4026286705928697
GHSL_668,0,158,396,2,0,0,0,0,0,0,0,0.0,6.286305345777687,1.3666647056550785,9.8,2777.35083293915,1948.73470736976,OM,-0.364,0.4026286705928697
GHSL_669,0,5,368,69,0,0,0,0,0,0,0,0.0,6.287980330791879,1.5085630306558848,11.87,2209.13194465637,2876.24659297455,OM,0.159,0.3871799690057626
GHSL_670,0,19,217,7,0,0,0,0,0,0,1,12000000.0,6.287780486828688,1.5737493678451162,6.17,1214.7573184967,2846.86505389431,OM,-0.111,0.4101219413489799
GHSL_671,0,1,816,848,1,0,2,0,0,0,0,0.0,6.26120252335036,1.6035023078836026,6.77,8326.31660747528,2929.57864981863,OM,0.469,0.4026286705928697
GHSL_672,0,19,966,126,0,0,0,0,0,0,1,12000000.0,6.259540864536758,1.0388286711176475,3.75,5554.48561286926,1870.08383763585,OM,0.099,0.4026286705928697
GHSL_673,0,12,187,8,0,0,0,0,0,0,0,0.0,6.264505108206516,1.709939053402844,4.61,1036.41947364807,2023.86149901986,OM,-0.063,0.2076017909801502
GHSL_674,0,1,122,40,0,0,0,0,0,0,0,0.0,6.261277180882242,1.6823731311042138,1.81,811.1183552742,1900.68741716274,OM,0.255,0.4026286705928697
GHSL_675,0,357,400,0,0,0,0,0,0,0,0,0.0,6.244182182367716,1.3018920223253534,4.93,3789.32123804092,1257.71775875073,OM,-0.514,0.4026286705928697
GHSL_676,0,0,101,357,2,0,0,0,0,0,0,0.0,6.249148717582267,1.6160946720213238,5.18,2300.85472106934,3369.7345065456,OM,0.694,0.4026286705928697
GHSL_677,0,7,666,138,0,0,1,0,0,0,0,0.0,6.242795666041873,1.0574642489880872,6.31,4056.40393352509,2274.00483431583,OM,0.175,0.14372658987076653
GHSL_678,0,0,73,280,2,0,0,0,0,0,0,0.0,6.247242514152883,1.2637813950635395,2.39,1778.89898538589,1947.88800966432,OM,0.708,0.4026286705928697
GHSL_679,0,13,384,31,0,0,0,0,0,0,0,0.0,6.240360756804708,1.3746140684726957,10.42,2139.48994731903,1989.46443432647,OM,0.025,0.3250278442306096
GHSL_680,0,5,124,9,0,0,0,0,0,0,0,0.0,6.241520899369299,1.27470803207196,3.44,690.775408744812,1927.01037393593,OM,0.013,0.4026286705928697
GHSL_681,0,0,64,247,2,0,0,0,0,0,0,0.0,6.239816200186163,1.2574174211979685,2.2,1565.6617565155,6325.52272191788,OM,0.708,0.4026286705928697
GHSL_682,0,70,499,9,0,0,0,0,0,0,0,0.0,6.238195048257907,1.516815420091146,14.4,2887.72566509247,3253.26220662934,OM,-0.184,0.23447808393225175
GHSL_683,0,8,754,156,0,0,0,0,0,0,6,24757600.0,6.2350395565317545,1.4780729063640017,16.75,4589.2924413681,3813.4942405432,OM,0.175,0.23447808393225175
GHSL_684,0,18,109,2,0,0,0,0,0,0,0,0.0,6.2184393942785565,1.3480872770970642,6.62,640.188730716705,1500.14933969937,OM,-0.21,0.3250278442306096
GHSL_685,0,0,71,47,0,0,0,0,0,0,1,12000000.0,6.219438121181702,1.53880395953996,14.02,589.435472488403,1817.39423577345,OM,0.385,0.4026286705928697
GHSL_686,0,1,113,30,0,2,0,0,0,0,1,12000000.0,6.216931414548438,1.5324482030583395,14.81,719.426341533661,2218.19240136176,OM,0.216,0.4026286705928697
GHSL_687,0,0,0,75,59,0,0,0,0,0,0,0.0,6.208318918458798,1.2214496024055967,0.31,670.214435577393,6543.78476447366,OM,1.421,0.21001071401240456
GHSL_688,0,0,23,333,13,0,0,0,0,0,0,0.0,6.191440846556069,1.2246934579886302,1.57,1842.8900718689,5681.47928238574,OM,0.924,0.361455852537116
GHSL_689,0,109,311,2,0,0,0,0,0,0,0,0.0,10.941776846743549,0.6414876889492581,0.83,2108.03241205215,2033.03379534199,OM,-0.34,0.18295057637298198
GHSL_690,0,75,201,1,0,0,0,0,0,0,0,0.0,10.89158507761226,0.3935990139964283,2.86,1387.3369178772,1958.95097722859,OM,-0.353,0.2194497497385436
GHSL_691,0,262,676,3,0,0,0,0,0,0,0,0.0,10.818969135518511,0.238899245009228,0.94,4705.20707035065,1866.05934971612,OM,-0.359,0.4026286705928697
GHSL_692,0,164,120,0,0,0,0,0,0,0,0,0.0,10.775115274313247,0.13409637370604635,11.48,1420.81335115433,930.623080671707,OM,-0.594,0.4026286705928697
GHSL_693,0,11,674,105,0,0,1,0,0,0,0,0.0,10.721270457584666,0.3679864067773334,8.19,3946.39172554016,2515.07347258559,OM,0.128,0.3110970152458558
GHSL_694,0,233,756,5,0,0,1,0,0,0,0,0.0,10.701308246683745,0.10628062830885875,17.91,4964.55306434631,1125.1910272862,OM,-0.318,0.4026286705928697
GHSL_695,0,136,239,1,0,0,0,0,0,0,0,0.0,10.605656432991625,0.17330527728899542,16.44,1875.2104010582,1269.75802891893,OM,-0.429,0.4026286705928697
GHSL_696,0,3,253,52,0,0,0,0,0,0,0,0.0,9.61333605798431,0.6309042921740652,13.32,1537.18075370789,2751.40194688984,OM,0.174,0.32170513898063546
GHSL_697,0,67,188,1,0,0,0,0,0,0,0,0.0,9.525043490538396,0.6204940722948119,3.71,1281.48272800446,2225.73925066253,OM,-0.344,0.1384113293020535
GHSL_698,0,89,315,2,0,0,0,0,0,0,0,0.0,9.281787566869099,1.229635729608901,0.73,2030.08818531036,2691.8255722373,OM,-0.302,0.2405888705657485
GHSL_699,0,0,689,3512,39,0,0,1,0,0,3,31467200.0,9.0268008370933,1.4227948361253078,27.92,21198.0415267944,5707.9083717426,OM,0.757,0.4026286705928697
GHSL_700,0,63,201,1,0,0,0,0,0,0,0,0.0,8.802047685985714,1.0709569046767502,0.84,1330.16359519958,1866.26763644469,OM,-0.322,0.08935994308832734
GHSL_701,0,118,677,9,0,0,0,0,0,0,0,0.0,8.335693462665363,1.024907698577536,3.11,4021.06387710571,10518.7728130422,OM,-0.22,0.4026286705928697
GHSL_702,0,164,225,0,0,0,0,0,0,0,0,0.0,8.271394181649743,1.0353102792881208,6.66,1950.35841655731,976.855132215853,OM,-0.476,0.4026286705928697
GHSL_703,1,629,569,0,0,0,0,0,0,0,0,0.0,7.1769191648150965,1.159656070836494,4.64,5995.19696617126,3288.52436838341,OM,-0.554,0.3536078614716905
GHSL_704,0,80,664,14,0,0,0,0,0,0,0,0.0,6.967549903250756,1.2985933391458595,3.84,3792.17021656036,3531.48134871014,OM,-0.161,0.1977530936157107
GHSL_705,0,58,442,9,0,0,0,0,0,0,0,0.0,6.840424866926052,0.5926404740312696,64.15,2544.16477203369,3208.98656328155,OM,-0.175,0.26403093211995826
GHSL_706,0,86,1031,35,0,0,0,0,0,0,0,0.0,6.62288251668191,1.3758758405026343,15.97,5757.49989509583,3409.73854122651,OM,-0.102,0.4026286705928697
GHSL_707,0,3,1018,546,0,0,2,0,0,0,0,0.0,6.417769702496272,1.6639912129560983,7.67,7831.82368087769,4566.8421143682,OM,0.345,0.24630694459339486
GHSL_708,0,314,352,0,0,0,0,0,0,0,0,0.0,6.347946185137791,1.1957795637144375,2.84,3333.02902364731,875.795059867102,OM,-0.514,0.4026286705928697
GHSL_709,0,272,1029,8,0,0,1,0,0,0,0,0.0,6.34192494793292,1.7079895890003483,10.91,6542.91832876205,1961.0505541411,OM,-0.291,0.13686089535721513
GHSL_710,0,198,1064,13,0,0,2,0,0,0,0,0.0,6.321601341311741,1.1179107100753969,3.63,6377.05554866791,2395.04108327922,OM,-0.231,0.30401589434281706
GHSL_711,0,36,304,7,0,0,0,0,0,0,0,0.0,6.295789533944037,1.169944591146701,1.92,1731.25190162659,3688.4587886456,OM,-0.156,0.4026286705928697
GHSL_712,0,5,782,242,0,0,0,0,0,0,1,12000000.0,6.280087692098169,1.2585318029981654,0.01,5140.56450891495,1234.24056501906,OM,0.245,0.4026286705928697
GHSL_713,0,47,373,8,0,0,0,0,0,0,0,0.0,6.285084821258488,1.6427558862572387,4.67,2135.05336093903,2875.62117811119,OM,-0.166,0.4026286705928697
GHSL_714,0,4,920,382,0,0,2,0,0,0,2,24000000.0,8.433257157887393,0.9923982832619621,4.1,6528.92801237106,2287.79394131504,OM,0.298,0.3678735056236871
GHSL_715,0,60,1522,110,0,0,0,0,0,0,0,0.0,7.952369323686175,1.2849009514311736,9.28,8458.38014793396,3128.03643557545,OM,0.007,0.13840875240355793
GHSL_716,0,3,1001,534,0,0,0,1,0,0,0,0.0,7.586806873393865,0.6078861101348723,9.43,7686.3399143219,2941.7151723261,OM,0.344,0.4026286705928697
GHSL_717,0,686,2013,11,0,0,1,0,0,0,0,0.0,7.330055894389912,1.6250062706429014,5.15,13547.9044723511,6520.21205719255,OM,-0.336,0.15652293808739898
GHSL_718,0,398,2487,38,0,0,0,0,0,0,0,0.0,7.317030663353107,1.1628674403209738,2.08,14614.9163198471,3081.09780888674,OM,-0.206,0.19133235755600816
GHSL_719,0,5,1656,797,0,0,0,1,0,0,0,0.0,7.022698355639267,1.6105740220965208,3.95,12294.619468689,6191.8102747894,OM,0.325,0.22319290547185902
GHSL_720,0,0,226,4474,242,0,2,0,0,0,0,0.0,6.493579627391503,1.6313815562591436,3.74,24705.8912143707,4802.6757966450205,OM,0.968,0.43303426228516095
GHSL_721,0,0,8,1469,467,0,2,0,0,0,6,56904900.0,6.237326906397428,1.6150263516955414,5.43,9721.95875549316,4538.1257654762,OM,1.253,0.2517300141024108
GHSL_722,0,0,305,1259,10,0,0,0,0,0,2,16522000.0,6.368299718850192,1.4184701096307957,1.12,7874.13214492798,5155.22853105163,OM,0.721,0.4026286705928697
GHSL_723,0,34,19510,13330,6,0,1,1,0,0,4,48000000.0,8.334120533360077,0.9968463754985056,3.18,164392.48418808,21101.9133164419,OM,0.39,0.4026286705928697
SCHOOL_1,0,0,0,0,0,0,0,0,0,0,2,3356400.0,6.228175797000267,1.5283465295092507,0.0,0.0,0.0,NA,0.0,0.0
SCHOOL_2,0,0,0,0,0,0,0,0,0,0,3,13870800.000000002,6.2394418606650826,1.5305880039848716,0.0,0.0,0.0,NA,0.0,0.0
SCHOOL_3,0,0,0,0,0,0,0,0,0,0,1,7188000.0,6.2395700000000005,1.63768,0.0,0.0,0.0,NA,0.0,0.0
SCHOOL_4,0,0,0,0,0,0,0,0,0,0,3,13888800.000000002,6.241581766706351,1.63448950002501,0.0,0.0,0.0,NA,0.0,0.0
SCHOOL_5,0,0,0,0,0,0,0,0,0,0,2,15559400.0,6.246297321518447,1.5698046464739317,0.0,0.0,0.0,NA,0.0,0.0
SCHOOL_6,0,0,0,0,0,0,0,0,0,0,1,12000000.0,6.341743899999999,1.3986230000000004,0.0,0.0,0.0,NA,0.0,0.0
SCHOOL_7,0,0,0,0,0,0,0,0,0,0,1,12000000.0,6.403537099999999,1.7590593,0.0,0.0,0.0,NA,0.0,0.0
SCHOOL_8,0,0,0,0,0,0,0,0,0,0,1,840000.0,6.4151277,0.9632835000000003,0.0,0.0,0.0,NA,0.0,0.0
SCHOOL_9,0,0,0,0,0,0,0,0,0,0,1,12000000.0,6.458326699999999,1.7075986999999997,0.0,0.0,0.0,NA,0.0,0.0
SCHOOL_10,0,0,0,0,0,0,0,0,0,0,1,9339100.0,6.445611099999998,0.8989609999999991,0.0,0.0,0.0,NA,0.0,0.0
SCHOOL_11,0,0,0,0,0,0,0,0,0,0,1,12000000.0,6.4827499999999985,0.8255146000000002,0.0,0.0,0.0,NA,0.0,0.0
SCHOOL_12,0,0,0,0,0,0,0,0,0,0,1,3902200.0,6.487809099999999,0.9498820000000003,0.0,0.0,0.0,NA,0.0,0.0
SCHOOL_13,0,0,0,0,0,0,0,0,0,0,1,840000.0,6.4719158000000006,1.7398503999999995,0.0,0.0,0.0,NA,0.0,0.0
SCHOOL_14,0,0,0,0,0,0,0,0,0,0,1,12000000.0,6.501203999999999,0.9698564999999997,0.0,0.0,0.0,NA,0.0,0.0
SCHOOL_15,0,0,0,0,0,0,0,0,0,0,1,3860600.0,6.5827665,1.6661378000000002,0.0,0.0,0.0,NA,0.0,0.0
SCHOOL_16,0,0,0,0,0,0,0,0,0,0,1,12000000.0,6.5515912999999975,0.8626517000000011,0.0,0.0,0.0,NA,0.0,0.0
SCHOOL_17,0,0,0,0,0,0,0,0,0,0,1,12000000.0,6.6370172,1.178919,0.0,0.0,0.0,NA,0.0,0.0
SCHOOL_18,0,0,0,0,0,0,0,0,0,0,1,12000000.0,6.639097199999999,1.1774843000000006,0.0,0.0,0.0,NA,0.0,0.0
SCHOOL_19,0,0,0,0,0,0,0,0,0,0,1,12000000.0,6.670615799999999,1.1767257,0.0,0.0,0.0,NA,0.0,0.0
SCHOOL_20,0,0,0,0,0,0,0,0,0,0,1,12000000.0,6.674274700000001,0.9791340000000004,0.0,0.0,0.0,NA,0.0,0.0
SCHOOL_21,0,0,0,0,0,0,0,0,0,0,1,12000000.0,6.830536500000001,0.6786761000000006,0.0,0.0,0.0,NA,0.0,0.0
SCHOOL_22,0,0,0,0,0,0,0,0,0,0,1,12000000.0,6.840792500000001,0.7459496999999999,0.0,0.0,0.0,NA,0.0,0.0
SCHOOL_23,0,0,0,0,0,0,0,0,0,0,1,12000000.0,6.8428033,0.8230045000000007,0.0,0.0,0.0,NA,0.0,0.0
SCHOOL_24,0,0,0,0,0,0,0,0,0,0,1,12000000.0,6.8451004,0.5798625000000003,0.0,0.0,0.0,NA,0.0,0.0
SCHOOL_25,0,0,0,0,0,0,0,0,0,0,1,12000000.0,6.8674256,0.6017770000000001,0.0,0.0,0.0,NA,0.0,0.0
SCHOOL_26,0,0,0,0,0,0,0,0,0,0,1,12000000.0,6.874645800000001,0.6631846999999993,0.0,0.0,0.0,NA,0.0,0.0
SCHOOL_27,0,0,0,0,0,0,0,0,0,0,1,5316200.0,6.8752156,0.6515756999999994,0.0,0.0,0.0,NA,0.0,0.0
SCHOOL_28,0,0,0,0,0,0,0,0,0,0,1,1670000.0,6.877888399999999,0.6495176000000005,0.0,0.0,0.0,NA,0.0,0.0
SCHOOL_29,0,0,0,0,0,0,0,0,0,0,1,12000000.0,6.791481500000001,1.1776421000000004,0.0,0.0,0.0,NA,0.0,0.0
SCHOOL_30,0,0,0,0,0,0,0,0,0,0,1,5508500.0,6.906896099999999,0.6073702000000005,0.0,0.0,0.0,NA,0.0,0.0
SCHOOL_31,0,0,0,0,0,0,0,0,0,0,1,2673700.0,6.910569999999999,0.6573212,0.0,0.0,0.0,NA,0.0,0.0
SCHOOL_32,0,0,0,0,0,0,0,0,0,0,1,12000000.0,6.9296791,0.6063721000000004,0.0,0.0,0.0,NA,0.0,0.0
SCHOOL_33,0,0,0,0,0,0,0,0,0,0,1,12000000.0,6.961467616999999,0.5770047860000004,0.0,0.0,0.0,NA,0.0,0.0
SCHOOL_34,0,0,0,0,0,0,0,0,0,0,1,8827700.0,6.994298299999999,0.6562696999999997,0.0,0.0,0.0,NA,0.0,0.0
SCHOOL_35,0,0,0,0,0,0,0,0,0,0,4,31000000.0,7.01631231625038,0.6993412096964734,0.0,0.0,0.0,NA,0.0,0.0
SCHOOL_36,0,0,0,0,0,0,0,0,0,0,1,12000000.0,7.046968000000001,1.6130580999999997,0.0,0.0,0.0,NA,0.0,0.0
SCHOOL_37,0,0,0,0,0,0,0,0,0,0,1,12000000.0,7.061088899999999,1.1528220000000005,0.0,0.0,0.0,NA,0.0,0.0
SCHOOL_38,0,0,0,0,0,0,0,0,0,0,1,12000000.0,7.134523700000001,1.5170999000000003,0.0,0.0,0.0,NA,0.0,0.0
SCHOOL_39,0,0,0,0,0,0,0,0,0,0,1,12000000.0,7.17112,1.534285,0.0,0.0,0.0,NA,0.0,0.0
SCHOOL_40,0,0,0,0,0,0,0,0,0,0,1,12000000.0,7.212923227000002,0.8087707600000001,0.0,0.0,0.0,NA,0.0,0.0
SCHOOL_41,0,0,0,0,0,0,0,0,0,0,3,2520000.0,7.213855033385449,0.6591843000288647,0.0,0.0,0.0,NA,0.0,0.0
SCHOOL_42,0,0,0,0,0,0,0,0,0,0,1,6198200.0,7.2223449,0.7900767000000005,0.0,0.0,0.0,NA,0.0,0.0
SCHOOL_43,0,0,0,0,0,0,0,0,0,0,1,12000000.0,7.262103400000003,0.7976216999999995,0.0,0.0,0.0,NA,0.0,0.0
SCHOOL_44,0,0,0,0,0,0,0,0,0,0,1,10829800.0,7.330785800000002,0.8407294999999999,0.0,0.0,0.0,NA,0.0,0.0
SCHOOL_45,0,0,0,0,0,0,0,0,0,0,1,12000000.0,7.333411600000001,1.0461296999999996,0.0,0.0,0.0,NA,0.0,0.0
SCHOOL_46,0,0,0,0,0,0,0,0,0,0,1,3034100.0,7.3490228,0.8496633000000001,0.0,0.0,0.0,NA,0.0,0.0
SCHOOL_47,0,0,0,0,0,0,0,0,0,0,1,12000000.0,7.355938300000001,1.0860217000000008,0.0,0.0,0.0,NA,0.0,0.0
SCHOOL_48,0,0,0,0,0,0,0,0,0,0,1,12000000.0,7.376107099999998,0.8932685000000006,0.0,0.0,0.0,NA,0.0,0.0
SCHOOL_49,0,0,0,0,0,0,0,0,0,0,1,12000000.0,7.243200000000002,1.1650218999999995,0.0,0.0,0.0,NA,0.0,0.0
SCHOOL_50,0,0,0,0,0,0,0,0,0,0,1,12000000.0,7.383305599999999,1.5728142,0.0,0.0,0.0,NA,0.0,0.0
SCHOOL_51,0,0,0,0,0,0,0,0,0,0,1,12000000.0,7.390430699999998,1.6206845000000003,0.0,0.0,0.0,NA,0.0,0.0
SCHOOL_52,0,0,0,0,0,0,0,0,0,0,1,12000000.0,7.455873299999999,1.6023750000000003,0.0,0.0,0.0,NA,0.0,0.0
SCHOOL_53,0,0,0,0,0,0,0,0,0,0,1,12000000.0,7.517131300000001,1.2056835000000001,0.0,0.0,0.0,NA,0.0,0.0
SCHOOL_54,0,0,0,0,0,0,0,0,0,0,1,1214600.0,7.434138299999998,0.9654717000000002,0.0,0.0,0.0,NA,0.0,0.0
SCHOOL_55,0,0,0,0,0,0,0,0,0,0,1,12000000.0,7.511644099999997,1.0202097999999995,0.0,0.0,0.0,NA,0.0,0.0
SCHOOL_56,0,0,0,0,0,0,0,0,0,0,1,12000000.0,7.515807199999999,1.0394005000000004,0.0,0.0,0.0,NA,0.0,0.0
SCHOOL_57,0,0,0,0,0,0,0,0,0,0,1,12000000.0,7.755369100000001,1.3941430000000001,0.0,0.0,0.0,NA,0.0,0.0
SCHOOL_58,0,0,0,0,0,0,0,0,0,0,1,12000000.0,7.953028400000001,1.2623133000000006,0.0,0.0,0.0,NA,0.0,0.0
SCHOOL_59,0,0,0,0,0,0,0,0,0,0,2,24000000.0,8.00368940018529,1.0388450505119935,0.0,0.0,0.0,NA,0.0,0.0
SCHOOL_60,0,0,0,0,0,0,0,0,0,0,1,725800.0,8.0272296,1.0344020000000007,0.0,0.0,0.0,NA,0.0,0.0
SCHOOL_61,0,0,0,0,0,0,0,0,0,0,1,1511200.0,8.069052999999998,1.0222247,0.0,0.0,0.0,NA,0.0,0.0
SCHOOL_62,0,0,0,0,0,0,0,0,0,0,1,1306300.0,8.083591799999999,1.0491678,0.0,0.0,0.0,NA,0.0,0.0
SCHOOL_63,0,0,0,0,0,0,0,0,0,0,1,1357000.0,8.0856266,1.1287169000000001,0.0,0.0,0.0,NA,0.0,0.0
SCHOOL_64,0,0,0,0,0,0,0,0,0,0,1,7568800.0,8.088104800000002,1.1386131999999993,0.0,0.0,0.0,NA,0.0,0.0
SCHOOL_65,0,0,0,0,0,0,0,0,0,0,1,12000000.0,8.1220838,0.9735683000000002,0.0,0.0,0.0,NA,0.0,0.0
SCHOOL_66,0,0,0,0,0,0,0,0,0,0,1,3752300.0,8.1622016,1.0519306,0.0,0.0,0.0,NA,0.0,0.0
SCHOOL_67,0,0,0,0,0,0,0,0,0,0,1,840000.0,8.16417,1.0373603000000005,0.0,0.0,0.0,NA,0.0,0.0
SCHOOL_68,0,0,0,0,0,0,0,0,0,0,1,9214600.0,8.168375,1.0392485999999996,0.0,0.0,0.0,NA,0.0,0.0
SCHOOL_69,0,0,0,0,0,0,0,0,0,0,3,36000000.0,8.207572635691948,0.8950872783753677,0.0,0.0,0.0,NA,0.0,0.0
SCHOOL_70,0,0,0,0,0,0,0,0,0,0,1,12000000.0,8.2396252,1.1297498000000004,0.0,0.0,0.0,NA,0.0,0.0
SCHOOL_71,0,0,0,0,0,0,0,0,0,0,1,12000000.0,8.6625363,1.4656833000000005,0.0,0.0,0.0,NA,0.0,0.0
SCHOOL_72,0,0,0,0,0,0,0,0,0,0,4,3360000.0,8.941126136007922,1.4533038564923257,0.0,0.0,0.0,NA,0.0,0.0
SCHOOL_73,0,0,0,0,0,0,0,0,0,0,1,12000000.0,8.9447119,1.5202556999999999,0.0,0.0,0.0,NA,0.0,0.0
SCHOOL_74,0,0,0,0,0,0,0,0,0,0,1,12000000.0,8.951058800000002,1.1839667000000005,0.0,0.0,0.0,NA,0.0,0.0
SCHOOL_75,0,0,0,0,0,0,0,0,0,0,2,17798400.0,8.957309579000801,1.4264304620039812,0.0,0.0,0.0,NA,0.0,0.0
SCHOOL_76,0,0,0,0,0,0,0,0,0,0,2,18643400.0,8.56430109950142,0.9583089600042923,0.0,0.0,0.0,NA,0.0,0.0
SCHOOL_77,0,0,0,0,0,0,0,0,0,0,2,24000000.0,8.604435182562982,1.002773402057595,0.0,0.0,0.0,NA,0.0,0.0
SCHOOL_78,0,0,0,0,0,0,0,0,0,0,2,24000000.0,8.614123652023284,1.0076910549678157,0.0,0.0,0.0,NA,0.0,0.0
SCHOOL_79,0,0,0,0,0,0,0,0,0,0,1,12000000.0,8.9639651,0.6018823000000001,0.0,0.0,0.0,NA,0.0,0.0
SCHOOL_80,0,0,0,0,0,0,0,0,0,0,1,1508800.0,8.976541599999997,1.1268348999999993,0.0,0.0,0.0,NA,0.0,0.0
SCHOOL_81,0,0,0,0,0,0,0,0,0,0,1,11783900.0,8.997332099999998,1.1498984000000008,0.0,0.0,0.0,NA,0.0,0.0
SCHOOL_82,0,0,0,0,0,0,0,0,0,0,1,12000000.0,9.16378296,0.7489694080000004,0.0,0.0,0.0,NA,0.0,0.0
SCHOOL_83,0,0,0,0,0,0,0,0,0,0,2,8970400.0,9.184288400999966,0.7599032350000898,0.0,0.0,0.0,NA,0.0,0.0
SCHOOL_84,0,0,0,0,0,0,0,0,0,0,2,14754000.0,9.221380428000042,0.5547648115000265,0.0,0.0,0.0,NA,0.0,0.0
SCHOOL_85,0,0,0,0,0,0,0,0,0,0,4,17524400.0,9.298355875744882,0.5695692402349953,0.0,0.0,0.0,NA,0.0,0.0
SCHOOL_86,0,0,0,0,0,0,0,0,0,0,3,11369099.999999998,8.993095182036827,1.415585079355799,0.0,0.0,0.0,NA,0.0,0.0
SCHOOL_87,0,0,0,0,0,0,0,0,0,0,1,12000000.0,9.008063700000003,1.1157285000000003,0.0,0.0,0.0,NA,0.0,0.0
SCHOOL_88,0,0,0,0,0,0,0,0,0,0,2,17349100.0,9.010531299999997,1.1148949999999993,0.0,0.0,0.0,NA,0.0,0.0
SCHOOL_89,0,0,0,0,0,0,0,0,0,0,1,745200.0,9.0091216,1.4142853000000004,0.0,0.0,0.0,NA,0.0,0.0
SCHOOL_90,0,0,0,0,0,0,0,0,0,0,1,2031800.0,9.0185501,1.1288452000000007,0.0,0.0,0.0,NA,0.0,0.0
SCHOOL_91,0,0,0,0,0,0,0,0,0,0,1,12000000.0,9.0294149,1.106275,0.0,0.0,0.0,NA,0.0,0.0
SCHOOL_92,0,0,0,0,0,0,0,0,0,0,1,11231400.0,9.035643576,0.48607913499999966,0.0,0.0,0.0,NA,0.0,0.0
SCHOOL_93,0,0,0,0,0,0,0,0,0,0,1,12000000.0,9.069991499999999,1.1354895999999997,0.0,0.0,0.0,NA,0.0,0.0
SCHOOL_94,0,0,0,0,0,0,0,0,0,0,1,12000000.0,9.105176699999998,1.1433279000000003,0.0,0.0,0.0,NA,0.0,0.0
SCHOOL_95,0,0,0,0,0,0,0,0,0,0,1,12000000.0,9.053452685,1.4198744510000003,0.0,0.0,0.0,NA,0.0,0.0
SCHOOL_96,0,0,0,0,0,0,0,0,0,0,1,12000000.0,9.573556600000002,1.1735362,0.0,0.0,0.0,NA,0.0,0.0
SCHOOL_97,0,0,0,0,0,0,0,0,0,0,2,4727600.0,9.586020750201499,1.1975872501563443,0.0,0.0,0.0,NA,0.0,0.0
SCHOOL_98,0,0,0,0,0,0,0,0,0,0,1,12000000.0,9.586953099999997,1.200935,0.0,0.0,0.0,NA,0.0,0.0
SCHOOL_99,0,0,0,0,0,0,0,0,0,0,1,7574000.0,9.603700000000002,1.1939016999999996,0.0,0.0,0.0,NA,0.0,0.0
SCHOOL_100,0,0,0,0,0,0,0,0,0,0,1,12000000.0,9.617645499999998,1.2479500000000001,0.0,0.0,0.0,NA,0.0,0.0
SCHOOL_101,0,0,0,0,0,0,0,0,0,0,1,12000000.0,10.805091600000004,0.09091590000000054,0.0,0.0,0.0,NA,0.0,0.0
SCHOOL_102,0,0,0,0,0,0,0,0,0,0,1,12000000.0,10.050654699999999,0.9168730000000003,0.0,0.0,0.0,NA,0.0,0.0
SCHOOL_103,0,0,0,0,0,0,0,0,0,0,3,36000000.0,10.120497800002134,1.0864933386775089,0.0,0.0,0.0,NA,0.0,0.0
SCHOOL_104,0,0,0,0,0,0,0,0,0,0,1,12000000.0,10.178220499999998,0.3958565000000006,0.0,0.0,0.0,NA,0.0,0.0
SCHOOL_105,0,0,0,0,0,0,0,0,0,0,2,11075800.0,10.29032515039557,0.4485045482365607,0.0,0.0,0.0,NA,0.0,0.0
SCHOOL_106,0,0,0,0,0,0,0,0,0,0,2,24000000.0,10.291652900363,0.462084250994553,0.0,0.0,0.0,NA,0.0,0.0
SCHOOL_107,0,0,0,0,0,0,0,0,0,0,1,12000000.0,10.346456000000002,0.4386726000000001,0.0,0.0,0.0,NA,0.0,0.0
SCHOOL_108,0,0,0,0,0,0,0,0,0,0,2,19534800.0,10.352588100121276,0.441119100305157,0.0,0.0,0.0,NA,0.0,0.0
SCHOOL_109,0,0,0,0,0,0,0,0,0,0,1,2450900.0,10.352735000000001,0.4636212000000003,0.0,0.0,0.0,NA,0.0,0.0
SCHOOL_110,0,0,0,0,0,0,0,0,0,0,1,12000000.0,10.794346100000002,0.4458912,0.0,0.0,0.0,NA,0.0,0.0
SCHOOL_111,0,0,0,0,0,0,0,0,0,0,1,12000000.0,10.888901300000002,0.40053750000000043,0.0,0.0,0.0,NA,0.0,0.0
SCHOOL_112,0,0,0,0,0,0,0,0,0,0,2,15447200.0,10.910166350881802,0.21090454929104208,0.0,0.0,0.0,NA,0.0,0.0
SCHOOL_113,0,0,0,0,0,0,0,0,0,0,1,12000000.0,10.938658099999998,0.2251679,0.0,0.0,0.0,NA,0.0,0.0
SCHOOL_114,0,0,0,0,0,0,0,0,0,0,1,4688000.0,10.950998799999999,0.21883240000000068,0.0,0.0,0.0,NA,0.0,0.0
SCHOOL_115,0,0,0,0,0,0,0,0,0,0,1,12000000.0,10.9640399,0.1874660000000006,0.0,0.0,0.0,NA,0.0,0.0
SCHOOL_116,0,0,0,0,0,0,0,0,0,0,1,12000000.0,10.9323628,0.39598019999999917,0.0,0.0,0.0,NA,0.0,0.0
SCHOOL_117,0,0,0,0,0,0,0,0,0,0,1,12000000.0,10.942514099999999,0.36892750000000024,0.0,0.0,0.0,NA,0.0,0.0
SCHOOL_118,0,0,0,0,0,0,0,0,0,0,1,12000000.0,10.977432099999998,0.2083948000000006,0.0,0.0,0.0,NA,0.0,0.0
SCHOOL_119,0,0,0,0,0,0,0,0,0,0,1,12000000.0,10.985096299999999,0.22769000000000042,0.0,0.0,0.0,NA,0.0,0.0
SPARSE_1,0,14,83,0,0,0,0,0,0,0,0,0.0,11.12916695815,-0.09583405294997431,0.0,484.54669189453125,484.54669189453125,OM,-0.34700000286102295,0.1751370840491474
SPARSE_2,0,147,122,0,0,0,0,0,0,0,0,0.0,11.118750291525,-0.0687507197249743,0.0,1343.3062744140625,335.8265686035156,OM,-0.5540000200271606,0.15697772851988653
SPARSE_3,0,50,102,0,0,0,0,0,0,0,0,0.0,11.11250029155,-0.13333405279997432,0.0,759.922119140625,379.9610595703125,OM,-0.4569999873638153,0.1751370840491474
SPARSE_4,8,190,75,0,0,0,0,0,0,0,0,0.0,11.10416695825,-0.1020840529249743,0.0,1365.8978271484375,341.4744567871094,OM,-0.7739999890327454,0.4026286705928697
SPARSE_5,0,9,79,0,0,0,0,0,0,0,0,0.0,11.11250029155,-0.012500719949974315,0.0,435.80950927734375,435.80950927734375,OM,-0.3319999873638153,0.15697772851988653
SPARSE_6,0,0,88,28,0,0,0,0,0,0,0,0.0,11.10416695825,0.03749927985002571,0.0,585.5029296875,585.5029296875,OM,0.25999999046325684,0.2892269009062014
SPARSE_7,0,6,907,203,0,0,0,0,0,0,0,0.0,11.083333625,0.015277057716692355,0.0,5578.115234375,929.6858520507812,OM,0.19900000095367432,0.2892269009062014
SPARSE_8,0,2,69,30,0,0,0,0,0,0,0,0.0,11.09583362495,0.07916594635002569,0.0,503.26263427734375,503.26263427734375,OM,0.25600001215934753,0.3876970327750518
SPARSE_9,0,19,139,0,0,0,0,0,0,0,0,0.0,11.083333625,0.09999927960002569,0.0,787.041015625,393.5205078125,OM,-0.4169999957084656,0.09823238624293817
SPARSE_10,0,1,71,0,0,0,0,0,0,0,0,0.0,11.07916695835,0.12083261285002572,0.0,361.54266357421875,361.54266357421875,OM,-0.3179999887943268,0.09823238624293817
SPARSE_11,0,5,70,0,0,0,0,0,0,0,0,0.0,11.07916695835,0.16249927935002573,0.0,373.8521728515625,373.8521728515625,OM,-0.382999986410141,0.09823238624293817
SPARSE_12,0,8,285,0,0,0,0,0,0,0,0,0.0,11.056250291775001,0.18749927925002569,0.0,1464.5296630859375,366.1324157714844,OM,-0.34200000762939453,0.0990353336665939
SPARSE_13,0,132,144,0,0,0,0,0,0,0,0,0.0,11.060416958425,0.2291659457500257,0.0,1379.3609619140625,344.8402404785156,OM,-0.5299999713897705,0.0990353336665939
SPARSE_14,0,23,77,0,0,0,0,0,0,0,0,0.0,11.05416695845,0.02916594655002569,0.0,497.35205078125,497.35205078125,OM,-0.40799999237060547,0.1709999999783892
SPARSE_15,0,100,770,0,0,0,0,0,0,0,0,0.0,11.03916695851,0.057499279770025696,0.0,4348.70703125,434.8706970214844,OM,-0.33000001311302185,0.1709999999783892
SPARSE_16,0,6,125,0,0,0,0,0,0,0,0,0.0,11.05416695845,0.1291659461500257,0.0,654.6537475585938,654.6537475585938,OM,-0.36399999260902405,0.09823238624293817
SPARSE_17,0,2,63,0,0,0,0,0,0,0,0,0.0,11.04583362515,0.3208326120500257,0.0,323.013671875,323.013671875,OM,-0.23800000548362732,0.15610680351268652
SPARSE_18,0,29,31,0,0,0,0,0,0,0,0,0.0,11.03750029185,0.16249927935002573,0.0,302.2789306640625,302.2789306640625,OM,-0.531000018119812,0.09823238624293817
SPARSE_19,0,25,52,0,0,0,0,0,0,0,0,0.0,11.03750029185,0.2291659457500257,0.0,388.9106750488281,388.9106750488281,OM,-0.49000000953674316,0.0990353336665939
SPARSE_20,0,119,515,3,0,0,0,0,0,0,0,0.0,11.01250029195,0.19270761256252572,0.0,3187.893310546875,398.4866638183594,OM,-0.27900001406669617,0.2887767184607549
SPARSE_21,5,658,760,9,0,0,0,0,0,0,0,0.0,10.99583362535,0.10833261290002572,0.0,7163.078125,397.94879150390625,OM,-0.49900001287460327,0.3876970327750518
SPARSE_22,0,0,35,35,0,0,0,0,0,0,0,0.0,11.02083362525,0.12083261285002572,0.0,355.57025146484375,355.57025146484375,OM,0.46399998664855957,0.3876970327750518
SPARSE_23,0,141,264,0,0,0,0,0,0,0,0,0.0,11.01750029193,0.23583261239002568,0.0,2022.991455078125,404.5982971191406,OM,-0.4650000035762787,0.17960510707993022
SPARSE_24,0,52,173,8,0,0,0,0,0,0,0,0.0,11.00416695865,0.1708326126500257,0.0,1164.09619140625,388.0320739746094,OM,-0.23899999260902405,0.3876970327750518
SPARSE_25,0,0,1308,6,0,0,0,0,0,0,0,0.0,10.98489612539375,0.3015617787937757,0.0,6574.4365234375,410.90228271484375,OM,0.057999998331069946,0.15610680351268652
SPARSE_26,4,280,244,3,0,0,0,0,0,0,0,0.0,10.987500292050001,0.2583326123000257,0.0,2652.880859375,442.1468200683594,OM,-0.5709999799728394,0.4026286705928697
SPARSE_27,4,283,86,0,0,0,0,0,0,0,0,0.0,10.99583362535,0.3324992786700257,0.0,1865.088623046875,373.0177307128906,OM,-0.7799999713897705,0.3319944609654297
SPARSE_28,0,26,51,0,0,0,0,0,0,0,0,0.0,11.00416695865,0.3791659451500258,0.0,388.2981872558594,388.2981872558594,OM,-0.39500001072883606,0.3319944609654297
SPARSE_29,0,13,456,0,0,0,0,0,0,0,0,0.0,10.99083362537,0.43249927827002577,0.0,2349.043701171875,469.8087463378906,OM,-0.19499999284744263,0.17861410656621046
SPARSE_30,0,14,135,0,0,0,0,0,0,0,0,0.0,11.000000292,0.4916659447000258,0.0,745.7014770507812,372.8507385253906,OM,-0.22499999403953552,0.2328032206974492
SPARSE_31,0,241,44,0,0,0,0,0,0,0,0,0.0,10.9833336254,0.2291659457500257,0.0,1424.4771728515625,356.1192932128906,OM,-0.718999981880188,0.17960510707993022
SPARSE_32,7,145,146,7,0,0,0,0,0,0,0,0.0,10.981250292075,0.05208261312502571,0.0,1526.5125732421875,381.6281433105469,OM,-0.5329999923706055,0.501338701792116
SPARSE_33,0,32,46,0,0,0,0,0,0,0,0,0.0,10.987500292050001,0.41249927835002576,0.0,387.991455078125,387.991455078125,OM,-0.4959999918937683,0.17861410656621046
SPARSE_34,0,109,227,0,0,0,0,0,0,0,0,0.0,10.96916695879,0.17416594597002572,0.0,1683.90283203125,336.78057861328125,OM,-0.44999998807907104,0.18779847441772493
SPARSE_35,0,7,60,1,0,0,0,0,0,0,0,0.0,10.97916695875,0.18749927925002569,0.0,339.3413391113281,339.3413391113281,OM,-0.17499999701976776,0.2887767184607549
SPARSE_36,0,62,22,0,0,0,0,0,0,0,0,0.0,10.97916695875,0.20416594585002573,0.0,418.87896728515625,418.87896728515625,OM,-0.718999981880188,0.2887767184607549
SPARSE_37,0,49,337,0,0,0,0,0,0,0,0,0.0,10.973611403216667,0.5069437224166924,0.0,1930.9896240234375,643.6632080078125,OM,-0.26899999380111694,0.2328032206974492
SPARSE_38,0,14,111,5,0,0,0,0,0,0,0,0.0,10.9666669588,0.3416659453000257,0.0,646.9423828125,323.47119140625,OM,-0.11900000274181366,0.3319944609654297
SPARSE_39,0,36,98,0,0,0,0,0,0,0,0,0.0,10.9666669588,0.3666659452000257,0.0,672.9254150390625,336.46270751953125,OM,-0.42500001192092896,0.17861410656621046
SPARSE_40,0,38,23,0,0,0,0,0,0,0,0,0.0,10.97083362545,0.4624992781500258,0.0,305.79437255859375,305.79437255859375,OM,-0.5889999866485596,0.17861410656621046
SPARSE_41,0,11,93,41,1,0,0,0,0,0,0,0.0,10.96250029215,0.0916659463000257,0.0,728.2689819335938,364.1344909667969,OM,0.17599999904632568,0.501338701792116
SPARSE_42,0,59,1720,0,0,0,0,0,0,0,0,0.0,10.931944736716666,0.2807532471309781,0.0,8896.814453125,423.6578369140625,OM,-0.19300000369548798,0.18641978123335584
SPARSE_43,0,5,161,1,0,0,0,0,0,0,0,0.0,10.9583336255,0.3999992784000257,0.0,832.8973388671875,416.44866943359375,OM,-0.11400000005960464,0.2194497497385436
SPARSE_44,1,207,296,2,0,0,0,0,0,0,0,0.0,10.947024101735714,0.4232135640214544,0.0,2526.83349609375,360.9762268066406,OM,-0.45500001311302185,0.3521368108076982
SPARSE_45,0,119,54,0,0,0,0,0,0,0,0,0.0,10.95416695885,0.008332613300025687,0.0,864.528076171875,432.2640380859375,OM,-0.6320000290870667,0.19609340322106414
SPARSE_46,0,8,157,0,0,0,0,0,0,0,0,0.0,10.9500002922,0.10833261290002572,0.0,821.6845703125,410.84228515625,OM,-0.20600000023841858,0.19609340322106414
SPARSE_47,0,18,43,0,0,0,0,0,0,0,0,0.0,10.95416695885,0.1291659461500257,0.0,307.5445251464844,307.5445251464844,OM,-0.43700000643730164,0.18779847441772493
SPARSE_48,0,23,48,0,0,0,0,0,0,0,0,0.0,10.95416695885,0.16249927935002573,0.0,355.8311767578125,355.8311767578125,OM,-0.44999998807907104,0.18779847441772493
SPARSE_49,0,257,78,0,0,0,0,0,0,0,0,0.0,10.94583362555,0.0416659465000257,0.0,1674.152099609375,418.53802490234375,OM,-0.6779999732971191,0.19609340322106414
SPARSE_50,5,74,72,5,0,0,0,0,0,0,0,0.0,10.9416669589,0.1833326126000257,0.0,782.0621948242188,391.0310974121094,OM,-0.5479999780654907,0.5402740725097521
SPARSE_51,0,25,1594,14,0,0,0,0,0,0,0,0.0,10.917763450223685,0.37214840131844673,0.0,8166.53857421875,429.81781005859375,OM,-0.06199999898672104,0.2194497497385436
SPARSE_52,0,13,55,0,0,0,0,0,0,0,0,0.0,10.93750029225,0.012499279950025699,0.0,341.8391418457031,341.8391418457031,OM,-0.36800000071525574,0.19609340322106414
SPARSE_53,18,117,55,2,0,0,0,0,0,0,0,0.0,10.93750029225,0.2249992791000257,0.0,956.8348388671875,478.41741943359375,OM,-0.828000009059906,0.5402740725097521
SPARSE_54,0,21,61,0,0,0,0,0,0,0,0,0.0,10.93750029225,0.4874992780500257,0.0,410.1747131347656,410.1747131347656,OM,-0.38999998569488525,0.2194497497385436
SPARSE_55,0,1,64,1,0,0,0,0,0,0,0,0.0,10.93750029225,0.5541659444500258,0.0,332.73602294921875,332.73602294921875,OM,-0.05299999937415123,0.2328032206974492
SPARSE_56,0,21,47,0,0,0,0,0,0,0,0,0.0,10.93750029225,0.6208326108500257,0.0,338.6976318359375,338.6976318359375,OM,-0.4429999887943268,0.18295057637298198
SPARSE_57,0,13,59,0,0,0,0,0,0,0,0,0.0,10.92916695895,0.02916594655002569,0.0,357.3725280761719,357.3725280761719,OM,-0.35499998927116394,0.19609340322106414
SPARSE_58,0,19,448,0,0,0,0,0,0,0,0,0.0,10.918452673278571,0.12321356522145427,0.0,2339.806640625,334.2580871582031,OM,-0.20999999344348907,0.18779847441772493
SPARSE_59,0,7,210,0,0,0,0,0,0,0,0,0.0,10.92916695895,0.1541659460500257,0.0,1088.885009765625,362.961669921875,OM,-0.19300000369548798,0.18779847441772493
SPARSE_60,119,958,542,20,0,0,0,0,0,0,0,0.0,10.91166695902,0.2024992791900257,0.0,8200.49609375,410.0248107910156,OM,-0.7540000081062317,0.5402740725097521
SPARSE_61,3,117,31,0,0,0,0,0,0,0,0,0.0,10.92916695895,0.4583326115000257,0.0,757.6661376953125,378.83306884765625,OM,-0.8240000009536743,0.3521368108076982
SPARSE_62,0,40,24,0,0,0,0,0,0,0,0,0.0,10.92916695895,0.5124992779500257,0.0,317.60821533203125,317.60821533203125,OM,-0.609000027179718,0.2328032206974492
SPARSE_63,0,14,64,0,0,0,0,0,0,0,0,0.0,10.92083362565,0.004165946650025704,0.0,390.67364501953125,390.67364501953125,OM,-0.35499998927116394,0.19609340322106414
SPARSE_64,0,57,33,0,0,0,0,0,0,0,0,0.0,10.92083362565,0.2624992789500257,0.0,450.3254089355469,450.3254089355469,OM,-0.6010000109672546,0.18641978123335584
SPARSE_65,0,84,350,0,0,0,0,0,0,0,0,0.0,10.913889181233333,0.48055483363335916,0.0,2173.48291015625,362.2471618652344,OM,-0.34599998593330383,0.2194497497385436
SPARSE_66,0,61,71,0,0,0,0,0,0,0,0,0.0,10.9083336257,0.0749992797000257,0.0,656.9847412109375,328.49237060546875,OM,-0.5170000195503235,0.19609340322106414
SPARSE_67,0,1,139,2,0,0,0,0,0,0,0,0.0,10.9083336257,0.4041659450500257,0.0,709.8004150390625,354.90020751953125,OM,-0.02500000037252903,0.2194497497385436
SPARSE_68,0,186,672,0,0,0,0,0,0,0,0,0.0,10.889773019713637,0.04810534041366207,0.0,4290.236328125,390.021484375,OM,-0.38199999928474426,0.19609340322106414
SPARSE_69,0,37,535,0,0,0,0,0,0,0,0,0.0,10.886309816264285,0.2660707075071686,0.0,2858.609619140625,408.372802734375,OM,-0.25200000405311584,0.18641978123335584
SPARSE_70,0,7,114,0,0,0,0,0,0,0,0,0.0,10.8916669591,0.33333261200002573,0.0,606.6932373046875,303.34661865234375,OM,-0.17000000178813934,0.23020932279492104
SPARSE_71,0,10,54,0,0,0,0,0,0,0,0,0.0,10.88750029245,0.14583261275002568,0.0,319.3036804199219,319.3036804199219,OM,-0.34599998593330383,0.18779847441772493
SPARSE_72,0,0,128,6,0,0,0,0,0,0,0,0.0,10.8833336258,0.4041659450500257,0.0,671.05810546875,335.529052734375,OM,0.08799999952316284,0.2194497497385436
SPARSE_73,0,55,22,0,0,0,0,0,0,0,0,0.0,10.88750029245,0.6374992774500258,0.0,383.0032958984375,383.0032958984375,OM,-0.6389999985694885,0.18295057637298198
SPARSE_74,0,111,16,0,0,0,0,0,0,0,0,0.0,10.88750029245,0.6666659440000258,0.0,635.7747802734375,317.88739013671875,OM,-0.7429999709129333,0.18295057637298198
SPARSE_75,2,47,72,8,0,0,0,0,0,0,0,0.0,10.87916695915,0.1666659460000257,0.0,645.27685546875,322.638427734375,OM,-0.367000013589859,0.5402740725097521
SPARSE_76,0,25,36,0,0,0,0,0,0,0,0,0.0,10.87083362585,-0.004167386649974292,0.0,305.9897766113281,305.9897766113281,OM,-0.47600001096725464,0.2561024327670044
SPARSE_77,0,25,39,0,0,0,0,0,0,0,0,0.0,10.87083362585,0.1374992794500257,0.0,320.00994873046875,320.00994873046875,OM,-0.4779999852180481,0.22262280642242518
SPARSE_78,0,25,46,1,0,0,0,0,0,0,0,0.0,10.87083362585,0.7374992770500257,0.0,363.01922607421875,363.01922607421875,OM,-0.37700000405311584,0.4038842662746966
SPARSE_79,0,63,106,0,0,0,0,0,0,0,0,0.0,10.8583336259,0.05833261310002569,0.0,845.9923095703125,422.99615478515625,OM,-0.4950000047683716,0.12670438053865274
SPARSE_80,0,2922,920,0,0,0,0,0,0,0,0,0.0,10.827833626022,0.0926659462960257,0.0,19208.693359375,384.1738586425781,OM,-0.625,0.12670438053865274
SPARSE_81,0,5,157,10,0,0,0,0,0,0,0,0.0,10.8583336259,0.2666659456000257,0.0,857.8564453125,428.92822265625,OM,0.00800000037997961,0.28765488693464153
SPARSE_82,0,18,42,0,0,0,0,0,0,0,0,0.0,10.86250029255,0.34583261195002574,0.0,303.137451171875,303.137451171875,OM,-0.4169999957084656,0.23020932279492104
SPARSE_83,0,93,54,0,0,0,0,0,0,0,0,0.0,10.85416695925,0.024999279900025706,0.0,735.6775512695312,367.8387756347656,OM,-0.6209999918937683,0.2561024327670044
SPARSE_84,0,16,158,0,0,0,0,0,0,0,0,0.0,10.84583362595,0.5999992776000257,0.0,868.6505126953125,434.32525634765625,OM,-0.3179999887943268,0.16337839502251558
SPARSE_85,1,27,45,6,0,0,0,0,0,0,0,0.0,10.83750029265,0.2374992790500257,0.0,394.86767578125,394.86767578125,OM,-0.33500000834465027,0.5402740725097521
SPARSE_86,0,21,46,0,0,0,0,0,0,0,0,0.0,10.83750029265,0.2624992789500257,0.0,334.9512939453125,334.9512939453125,OM,-0.39800000190734863,0.28765488693464153
SPARSE_87,0,0,138,26,0,0,0,0,0,0,0,0.0,10.833333626,0.3916659451000257,0.0,817.71875,408.859375,OM,0.24199999868869781,0.2194497497385436
SPARSE_88,0,69,77,0,0,0,0,0,0,0,0,0.0,10.82916695935,0.3666659452000257,0.0,733.5882568359375,366.79412841796875,OM,-0.5149999856948853,0.3110970152458558
SPARSE_89,0,150,127,0,0,0,0,0,0,0,0,0.0,10.818750292725,0.022915946575025686,0.0,1384.2967529296875,346.0741882324219,OM,-0.5630000233650208,0.2561024327670044
SPARSE_90,0,14,105,59,2,0,0,0,0,0,0,0.0,10.82083362605,0.1958326125500257,0.0,896.3562622070312,896.3562622070312,OM,0.23899999260902405,0.5402740725097521
SPARSE_91,1,20,36,5,0,0,0,0,0,0,0,0.0,10.82083362605,0.30416594545002573,0.0,308.1263732910156,308.1263732910156,OM,-0.3160000145435333,0.5402740725097521
SPARSE_92,0,35,104,1,0,0,0,0,0,0,0,0.0,10.81250029275,0.41666594500002574,0.0,703.0940551757812,351.5470275878906,OM,-0.3269999921321869,0.3110970152458558
SPARSE_93,0,12,65,7,0,0,0,0,0,0,0,0.0,10.81250029275,0.8041659434500258,0.0,420.87054443359375,420.87054443359375,OM,-0.10499999672174454,0.4038842662746966
SPARSE_94,0,164,304,1,0,0,0,0,0,0,0,0.0,10.774405054807144,0.3482135643214543,0.0,2341.45654296875,334.4938049316406,OM,-0.41499999165534973,0.3110970152458558
SPARSE_95,0,58,6,0,0,0,0,0,0,0,0,0.0,10.79583362615,0.5874992776500257,0.0,319.71466064453125,319.71466064453125,OM,-0.7580000162124634,0.16337839502251558
SPARSE_96,0,1,67,3,0,0,0,0,0,0,0,0.0,10.78750029285,-0.004167386649974292,0.0,354.2115173339844,354.2115173339844,OM,0.00800000037997961,0.2561024327670044
SPARSE_97,0,41,23,0,0,0,0,0,0,0,0,0.0,10.78750029285,0.24583261235002574,0.0,321.56878662109375,321.56878662109375,OM,-0.6370000243186951,0.2797832597547878
SPARSE_98,0,0,37,34,0,0,0,0,0,0,0,0.0,10.78750029285,0.4041659450500257,0.0,355.2142333984375,355.2142333984375,OM,0.4410000145435333,0.3110970152458558
SPARSE_99,0,36,31,0,0,0,0,0,0,0,0,0.0,10.78750029285,0.4541659448500257,0.0,331.45794677734375,331.45794677734375,OM,-0.5659999847412109,0.3110970152458558
SPARSE_100,0,28,34,0,0,0,0,0,0,0,0,0.0,10.77916695955,-0.04583405314997431,0.0,313.0178527832031,313.0178527832031,OM,-0.503000020980835,0.2561024327670044
SPARSE_101,0,44,25,0,0,0,0,0,0,0,0,0.0,10.77916695955,0.2624992789500257,0.0,342.53839111328125,342.53839111328125,OM,-0.6370000243186951,0.2797832597547878
SPARSE_102,0,42,726,20,0,0,0,0,0,0,0,0.0,10.759722515183334,0.28194372331669243,0.0,3944.08203125,438.2313232421875,OM,-0.08500000089406967,0.2797832597547878
SPARSE_103,0,42,31,0,0,0,0,0,0,0,0,0.0,10.77916695955,0.3624992785500257,0.0,367.5164489746094,367.5164489746094,OM,-0.5950000286102295,0.3110970152458558
SPARSE_104,0,128,225,1,0,0,0,0,0,0,0,0.0,10.76583362627,0.3858326117900257,0.0,1769.967529296875,353.9934997558594,OM,-0.4259999990463257,0.3110970152458558
SPARSE_105,0,3,37,35,3,0,0,0,0,0,0,0.0,10.77083362625,0.41249927835002576,0.0,390.4287109375,390.4287109375,OM,0.4410000145435333,0.5679234043740641
SPARSE_106,0,3,120,9,0,0,0,0,0,0,0,0.0,10.750000293,0.3249992787000257,0.0,657.6334228515625,328.81671142578125,OM,0.0430000014603138,0.2797832597547878
SPARSE_107,2,114,503,199,6,0,0,0,0,0,0,0.0,10.7416669597,0.41249927835002576,0.0,4119.85595703125,411.985595703125,OM,0.07599999755620956,0.5679234043740641
SPARSE_108,0,55,221,0,0,0,0,0,0,0,0,0.0,10.747916959675,0.4624992781500258,0.0,1382.0450439453125,345.5112609863281,OM,-0.42899999022483826,0.12621147008398065
SPARSE_109,0,26,118,0,0,0,0,0,0,0,0,0.0,10.7416669597,0.04583261315002571,0.0,718.806640625,359.4033203125,OM,-0.3540000021457672,0.19657568365257366
SPARSE_110,0,222,27,0,0,0,0,0,0,0,0,0.0,10.743055848583333,0.5180548334833591,0.0,1241.570068359375,413.856689453125,OM,-0.7379999756813049,0.16337839502251558
SPARSE_111,0,3,62,0,0,0,0,0,0,0,0,0.0,10.73750029305,0.0708326130500257,0.0,323.51873779296875,323.51873779296875,OM,-0.3619999885559082,0.014849250497112417
SPARSE_112,1,35,28,0,0,0,0,0,0,0,0,0.0,10.73750029305,0.7791659435500258,0.0,317.74615478515625,317.74615478515625,OM,-0.597000002861023,0.4026286705928697
SPARSE_113,0,6,61,0,0,0,0,0,0,0,0,0.0,10.72916695975,0.08749927965002571,0.0,334.76458740234375,334.76458740234375,OM,-0.2879999876022339,0.18241491244936328
SPARSE_114,0,75,126,0,0,0,0,0,0,0,0,0.0,10.72083362645,0.193054834783359,0.0,1005.8682861328125,335.2894287109375,OM,-0.503000020980835,0.04101217847312912
SPARSE_115,0,2,272,0,0,0,0,0,0,0,0,0.0,10.718750293125,0.2562492789750257,0.0,1369.868408203125,342.46710205078125,OM,-0.2919999957084656,0.02828426534690311
SPARSE_116,0,20,49,0,0,0,0,0,0,0,0,0.0,10.72916695975,0.3208326120500257,0.0,344.9156188964844,344.9156188964844,OM,-0.38199999928474426,0.2797832597547878
SPARSE_117,0,5,126,11,0,0,0,0,0,0,0,0.0,10.72916695975,0.3499992786000257,0.0,711.6715087890625,355.83575439453125,OM,0.017000000923871994,0.3110970152458558
SPARSE_118,0,45,19,0,0,0,0,0,0,0,0,0.0,10.72916695975,0.49583261135002576,0.0,322.5744934082031,322.5744934082031,OM,-0.6010000109672546,0.12621147008398065
SPARSE_119,9,72,52,3,0,0,0,0,0,0,0,0.0,10.7166669598,0.43749927825002577,0.0,679.0172119140625,339.50860595703125,OM,-0.6729999780654907,0.5679234043740641
SPARSE_120,2,29,27,2,0,0,0,0,0,0,0,0.0,10.71250029315,0.22083261245002572,0.0,301.3690490722656,301.3690490722656,OM,-0.5590000152587891,0.5508361933339138
SPARSE_121,0,34,31,0,0,0,0,0,0,0,0,0.0,10.71250029315,0.3791659451500258,0.0,323.6819152832031,323.6819152832031,OM,-0.5529999732971191,0.3110970152458558
SPARSE_122,0,64,127,1,0,0,0,0,0,0,0,0.0,10.698611404316667,0.40694372281669233,0.0,957.5681762695312,319.18939208984375,OM,-0.40299999713897705,0.3110970152458558
SPARSE_123,0,1,60,0,0,0,0,0,0,0,0,0.0,10.69583362655,0.2374992790500257,0.0,306.2783203125,306.2783203125,OM,-0.3269999921321869,0.0712758709270056
SPARSE_124,0,0,154,26,0,0,0,0,0,0,0,0.0,10.68750029325,0.21666594580002574,0.0,901.2720947265625,450.63604736328125,OM,0.2199999988079071,0.22753223822115431
SPARSE_125,0,14,113,3,0,0,0,0,0,0,0,0.0,10.68750029325,0.3499992786000257,0.0,651.5150146484375,325.75750732421875,OM,-0.1469999998807907,0.3110970152458558
SPARSE_126,1,119,97,1,0,0,0,0,0,0,0,0.0,10.676389182183334,0.37361038961669246,0.0,1087.206298828125,362.402099609375,OM,-0.5839999914169312,0.3730851973776908
SPARSE_127,0,13,48,3,0,0,0,0,0,0,0,0.0,10.67083362665,-0.0375007198499743,0.0,322.46624755859375,322.46624755859375,OM,-0.19099999964237213,0.4026286705928697
SPARSE_128,0,0,31,29,0,0,0,0,0,0,0,0.0,10.67083362665,0.08749927965002571,0.0,303.1677551269531,303.1677551269531,OM,0.44600000977516174,0.32331615360244936
SPARSE_129,0,0,71,0,0,0,0,0,0,0,0,0.0,10.67083362665,0.1124992795500257,0.0,356.76763916015625,356.76763916015625,OM,-0.054999999701976776,0.18116925449591612
SPARSE_130,0,0,61,0,0,0,0,0,0,0,0,0.0,10.67083362665,0.24583261235002574,0.0,303.4498291015625,303.4498291015625,OM,-0.25200000405311584,0.0712758709270056
SPARSE_131,0,11,123,1,0,0,0,0,0,0,0,0.0,10.67083362665,0.2916659455000257,0.0,679.76708984375,339.883544921875,OM,-0.16300000250339508,0.27011479218342876
SPARSE_132,0,11,111,4,0,0,0,0,0,0,0,0.0,10.67083362665,0.3999992784000257,0.0,631.3831787109375,315.69158935546875,OM,-0.11699999868869781,0.3110970152458558
SPARSE_133,0,37,25,0,0,0,0,0,0,0,0,0.0,10.67083362665,0.5708326110500257,0.0,311.7871398925781,311.7871398925781,OM,-0.574999988079071,0.16337839502251558
SPARSE_134,0,25,108,0,0,0,0,0,0,0,0,0.0,10.6583336267,0.14999927940002572,0.0,667.0263061523438,333.5131530761719,OM,-0.37599998712539673,0.18116925449591612
SPARSE_135,0,1,67,0,0,0,0,0,0,0,0,0.0,10.65416696005,0.1291659461500257,0.0,338.53778076171875,338.53778076171875,OM,-0.11800000071525574,0.18116925449591612
SPARSE_136,0,1,66,1,0,0,0,0,0,0,0,0.0,10.65416696005,0.1958326125500257,0.0,340.8562927246094,340.8562927246094,OM,0.0,0.22753223822115431
SPARSE_137,0,19,117,0,0,0,0,0,0,0,0,0.0,10.6500002934,0.2708326122500257,0.0,679.7803344726562,339.8901672363281,OM,-0.4259999990463257,0.0712758709270056
SPARSE_138,0,3,150,0,0,0,0,0,0,0,0,0.0,10.6500002934,0.2958326121500257,0.0,764.852783203125,382.4263916015625,OM,-0.3319999873638153,0.02828426534690311
SPARSE_139,0,0,62,2,0,0,0,0,0,0,0,0.0,10.63750029345,0.24583261235002574,0.0,325.2085876464844,325.2085876464844,OM,0.0560000017285347,0.22753223822115431
SPARSE_140,0,34,111,4,0,0,0,0,0,0,0,0.0,10.63750029345,0.3499992786000257,0.0,744.8002319335938,372.4001159667969,OM,-0.257999986410141,0.3730851973776908
SPARSE_141,0,4,199,0,0,0,0,0,0,0,0,0.0,10.626389182383333,0.29305483438335905,0.0,1017.0904541015625,339.0301513671875,OM,-0.3319999873638153,0.0712758709270056
SPARSE_142,0,11,52,0,0,0,0,0,0,0,0,0.0,10.62083362685,0.22083261245002572,0.0,314.62615966796875,314.62615966796875,OM,-0.3230000138282776,0.22753223822115431
SPARSE_143,0,14,52,0,0,0,0,0,0,0,0,0.0,10.62083362685,0.3374992786500257,0.0,327.6506652832031,327.6506652832031,OM,-0.3779999911785126,0.1977068436475722
SPARSE_144,0,15,54,3,0,0,0,0,0,0,0,0.0,10.61250029355,0.24583261235002574,0.0,359.893310546875,359.893310546875,OM,-0.20900000631809235,0.4026286705928697
SPARSE_145,0,6,52,2,0,0,0,0,0,0,0,0.0,10.60416696025,0.04583261315002571,0.0,300.8102111816406,300.8102111816406,OM,-0.11400000005960464,0.32331615360244936
SPARSE_146,0,838,195,0,0,0,0,0,0,0,0,0.0,10.5916669603,0.33868975483574004,0.0,5163.2958984375,368.8068542480469,OM,-0.7099999785423279,0.1977068436475722
SPARSE_147,0,19,45,0,0,0,0,0,0,0,0,0.0,10.57916696035,0.2624992789500257,0.0,315.936767578125,315.936767578125,OM,-0.48100000619888306,0.05586143133046505
SPARSE_148,0,20,43,2,0,0,0,0,0,0,0,0.0,10.54583362715,0.1041659462500257,0.0,324.4017028808594,324.4017028808594,OM,-0.3400000035762787,0.4026286705928697
SPARSE_149,0,6,61,0,0,0,0,0,0,0,0,0.0,10.54583362715,0.2124992791500257,0.0,333.7694091796875,333.7694091796875,OM,-0.4000000059604645,0.08346006953729539
SPARSE_150,0,12,48,1,0,0,0,0,0,0,0,0.0,10.53750029385,0.32916594535002575,0.0,302.96484375,302.96484375,OM,-0.23999999463558197,0.3408254723251323
SPARSE_151,0,33,51,0,0,0,0,0,0,0,0,0.0,10.48750029405,0.5708326110500257,0.0,419.2631530761719,419.2631530761719,OM,-0.4480000138282776,0.3128141038734766
SPARSE_152,0,44,18,0,0,0,0,0,0,0,0,0.0,10.42083362765,0.5208326112500258,0.0,311.07611083984375,311.07611083984375,OM,-0.7049999833106995,0.3128141038734766
SPARSE_153,0,25,154,0,0,0,0,0,0,0,0,0.0,10.3583336279,0.7583326103000257,0.0,896.561279296875,448.2806396484375,OM,-0.27399998903274536,0.2409867651212328
SPARSE_154,0,41,66,0,0,0,0,0,0,0,0,0.0,10.35416696125,0.43749927825002577,0.0,532.3745727539062,532.3745727539062,OM,-0.4390000104904175,0.3214854887601364
SPARSE_155,0,26,51,0,0,0,0,0,0,0,0,0.0,10.34583362795,0.6958326105500258,0.0,383.7994079589844,383.7994079589844,OM,-0.43700000643730164,0.2409867651212328
SPARSE_156,0,41,24,0,0,0,0,0,0,0,0,0.0,10.32083362805,0.7208326104500258,0.0,329.5932922363281,329.5932922363281,OM,-0.6150000095367432,0.2409867651212328
SPARSE_157,0,28,36,0,0,0,0,0,0,0,0,0.0,10.29583362815,0.6791659439500257,0.0,318.94287109375,318.94287109375,OM,-0.4970000088214874,0.2409867651212328
SPARSE_158,0,19,51,2,0,0,0,0,0,0,0,0.0,10.28750029485,0.44583261155002574,0.0,361.1497802734375,361.1497802734375,OM,-0.2741443989721445,0.4026286705928697
SPARSE_159,0,45,39,0,0,0,0,0,0,0,0,0.0,10.26250029495,0.5791659443500258,0.0,423.2312927246094,423.2312927246094,OM,-0.5569999814033508,0.24319430516768156
SPARSE_160,0,35,38,0,0,0,0,0,0,0,0,0.0,10.26250029495,0.6541659440500257,0.0,364.16253662109375,364.16253662109375,OM,-0.5210000276565552,0.24319430516768156
SPARSE_161,0,4,59,0,0,0,0,0,0,0,0,0.0,10.23750029505,0.6874992772500258,0.0,319.0470886230469,319.0470886230469,OM,-0.17499999701976776,0.24319430516768156
SPARSE_162,0,17,49,0,0,0,0,0,0,0,0,0.0,10.22916696175,0.7041659438500257,0.0,328.5831604003906,328.5831604003906,OM,-0.3799999952316284,0.24319430516768156
SPARSE_163,0,51,24,0,0,0,0,0,0,0,0,0.0,10.22083362845,0.7291659437500257,0.0,375.48675537109375,375.48675537109375,OM,-0.6460000276565552,0.24319430516768156
SPARSE_164,0,3,80,1,0,0,0,0,0,0,0,0.0,10.18750029525,0.8041659434500258,0.0,420.5796813964844,420.5796813964844,OM,-0.09300000220537186,0.2409867651212328
SPARSE_165,0,8,106,0,0,0,0,0,0,0,0,0.0,10.17916696195,0.3958326117500257,0.0,569.24609375,569.24609375,OM,-0.38999998569488525,0.007778158745836983
SPARSE_166,0,22,58,0,0,0,0,0,0,0,0,0.0,10.17083362865,0.47083261145002575,0.0,401.9509582519531,401.9509582519531,OM,-0.38999998569488525,0.2432447226129287
SPARSE_167,0,4,58,0,0,0,0,0,0,0,0,0.0,10.15416696205,0.38749927845002574,0.0,307.4723815917969,307.4723815917969,OM,-0.3790000081062317,0.007778158745836983
SPARSE_168,0,18,42,2,0,0,0,0,0,0,0,0.0,10.07916696235,0.6291659441500257,0.0,307.26324462890625,307.26324462890625,OM,-0.3089999854564667,0.4026286705928697
SPARSE_169,0,0,59,1,0,0,0,0,0,0,0,0.0,10.07083362905,0.4208326116500257,0.0,303.792724609375,303.792724609375,OM,0.15550000523217022,0.1517521988745472
SPARSE_170,0,0,122,24,0,0,0,0,0,0,0,0.0,10.041666962499999,0.4583326115000257,0.0,730.0443115234375,365.02215576171875,OM,0.3140000104904175,0.1517521988745472
SPARSE_171,0,0,185,0,0,0,0,0,0,0,0,0.0,10.01250029595,0.4499992782000257,0.0,928.034912109375,464.0174560546875,OM,-0.003000000026077032,0.1517521988745472
SPARSE_172,0,0,65,0,0,0,0,0,0,0,0,0.0,9.99583362935,1.3374992746500256,0.0,325.83349609375,325.83349609375,OM,-0.27000001072883606,0.05913826102298862
SPARSE_173,0,10,52,0,0,0,0,0,0,0,0,0.0,9.93750029625,0.9541659428500259,0.0,306.9845275878906,306.9845275878906,OM,-0.4350000023841858,1.6858739420058541e-09
SPARSE_174,0,21,62,2,0,0,0,0,0,0,0,0.0,9.93750029625,1.0374992758500259,0.0,427.4532165527344,427.4532165527344,OM,-0.27399998903274536,0.38157873508198464
SPARSE_175,0,15,55,4,0,0,0,0,0,0,0,0.0,9.92916696295,0.7708326102500258,0.0,367.93060302734375,367.93060302734375,OM,-0.19599999487400055,0.4026286705928697
SPARSE_176,0,2,63,0,0,0,0,0,0,0,0,0.0,9.92083362965,0.4041659450500257,0.0,325.86346435546875,325.86346435546875,OM,-0.34299999475479126,0.04602173688331691
SPARSE_177,0,0,78,0,0,0,0,0,0,0,0,0.0,9.91250029635,0.5708326110500257,0.0,390.3061828613281,390.3061828613281,OM,-0.18000000715255737,0.04596194583474741
SPARSE_178,0,47,24,0,0,0,0,0,0,0,0,0.0,9.90416696305,0.4874992780500257,0.0,356.8310546875,356.8310546875,OM,-0.6549999713897705,0.28434997915806814
SPARSE_179,0,0,71,0,0,0,0,0,0,0,0,0.0,9.90416696305,1.3458326079500256,0.0,355.41339111328125,355.41339111328125,OM,-0.21799999475479126,0.05913826102298862
SPARSE_180,0,2,71,0,0,0,0,0,0,0,0,0.0,9.87916696315,0.3958326117500257,0.0,365.8482666015625,365.8482666015625,OM,-0.34299999475479126,0.04602173688331691
SPARSE_181,0,27,37,0,0,0,0,0,0,0,0,0.0,9.87916696315,0.4791659447500257,0.0,319.90374755859375,319.90374755859375,OM,-0.47999998927116394,0.28434997915806814
SPARSE_182,0,6,154,229,20,0,0,0,0,0,0,0.0,9.87083362985,1.0937492756250258,0.0,2045.263671875,511.31591796875,OM,0.6050000190734863,0.521137711221477
SPARSE_183,0,27,92,6,0,0,0,0,0,0,0,0.0,9.8583336299,1.3333326080000258,0.0,623.5803833007812,311.7901916503906,OM,-0.2240000069141388,0.4026286705928697
SPARSE_184,0,0,70,1,0,0,0,0,0,0,0,0.0,9.84583362995,0.5041659446500257,0.0,356.81805419921875,356.81805419921875,OM,0.009999999776482582,0.2157853765952962
SPARSE_185,0,34,26,0,0,0,0,0,0,0,0,0.0,9.82916696335,0.4208326116500257,0.0,302.4775695800781,302.4775695800781,OM,-0.5709999799728394,0.2157853765952962
SPARSE_186,0,39,71,1,0,0,0,0,0,0,0,0.0,9.82916696335,0.5958326109500257,0.0,553.6363525390625,553.6363525390625,OM,-0.38999998569488525,0.37713114539619275
SPARSE_187,0,26,39,1,0,0,0,0,0,0,0,0.0,9.82916696335,1.129165942150026,0.0,328.43621826171875,328.43621826171875,OM,-0.4339999854564667,0.4026286705928697
SPARSE_188,0,4,53,10,0,0,0,0,0,0,0,0.0,9.82083363005,0.5791659443500258,0.0,330.6576843261719,330.6576843261719,OM,0.06700000166893005,0.37713114539619275
SPARSE_189,0,0,129,0,0,0,0,0,0,0,0,0.0,9.8166669634,1.1874992752500257,0.0,644.6507568359375,322.32537841796875,OM,-0.08299999684095383,0.08883833735113521
SPARSE_190,0,16,142,0,0,0,0,0,0,0,0,0.0,9.81250029675,1.3333326080000258,0.0,791.9813232421875,395.99066162109375,OM,-0.35199999809265137,0.14541369256446227
SPARSE_191,0,2,65,0,0,0,0,0,0,0,0,0.0,9.80416696345,0.8041659434500258,0.0,332.8746337890625,332.8746337890625,OM,-0.3479999899864197,0.04313350623453406
SPARSE_192,0,1,85,0,0,0,0,0,0,0,0,0.0,9.79583363015,0.7541659436500258,0.0,427.3826904296875,427.3826904296875,OM,-0.28700000047683716,0.04313350623453406
SPARSE_193,0,0,72,0,0,0,0,0,0,0,0,0.0,9.79583363015,1.1791659419500258,0.0,358.60791015625,358.60791015625,OM,-0.15800000727176666,0.08883833735113521
SPARSE_194,0,6,63,0,0,0,0,0,0,0,0,0.0,9.77916696355,0.6041659442500258,0.0,346.6262512207031,346.6262512207031,OM,-0.4000000059604645,0.030405587376336696
SPARSE_195,0,24,215,0,0,0,0,0,0,0,0,0.0,9.77083363025,1.3236103858166923,0.0,1195.57470703125,398.52490234375,OM,-0.3479999899864197,0.14541369256446227
SPARSE_196,0,19,45,1,0,0,0,0,0,0,0,0.0,9.77083363025,0.5624992777500257,0.0,326.376220703125,326.376220703125,OM,-0.32899999618530273,0.37713114539619275
SPARSE_197,0,16,43,2,0,0,0,0,0,0,0,0.0,9.76250029695,1.2708326082500259,0.0,301.5400390625,301.5400390625,OM,-0.27399998903274536,0.4026286705928697
SPARSE_198,0,37,33,0,0,0,0,0,0,0,0,0.0,9.75416696365,0.3374992786500257,0.0,348.41644287109375,348.41644287109375,OM,-0.5529999732971191,0.2157853765952962
SPARSE_199,0,2,69,0,0,0,0,0,0,0,0,0.0,9.75416696365,0.5124992779500257,0.0,357.68560791015625,357.68560791015625,OM,-0.12800000607967377,0.2157853765952962
SPARSE_200,0,4,64,15,0,0,0,0,0,0,0,0.0,9.75416696365,0.5874992776500257,0.0,410.3265686035156,410.3265686035156,OM,0.11299999803304672,0.37713114539619275
SPARSE_201,0,9,51,4,0,0,0,0,0,0,0,0.0,9.73750029705,0.5624992777500257,0.0,317.1769104003906,317.1769104003906,OM,-0.12800000607967377,0.37713114539619275
SPARSE_202,0,6,60,8,0,0,0,0,0,0,0,0.0,9.72916696375,0.5458326111500257,0.0,368.7635498046875,368.7635498046875,OM,-0.00800000037997961,0.37713114539619275
SPARSE_203,0,4,58,11,0,0,0,0,0,0,0,0.0,9.72916696375,0.6708326106500258,0.0,364.4782409667969,364.4782409667969,OM,0.0820000022649765,0.37713114539619275
SPARSE_204,0,5,78,2,0,0,0,0,0,0,0,0.0,9.72916696375,1.1874992752500257,0.0,421.67535400390625,421.67535400390625,OM,-0.0949999988079071,0.27597342936089625
SPARSE_205,0,0,379,0,0,0,0,0,0,0,0,0.0,9.714583630475,1.2937492748250259,0.0,1895.306884765625,473.82672119140625,OM,-0.09099999815225601,0.14541369256446227
SPARSE_206,0,2,126,0,0,0,0,0,0,0,0,0.0,9.7166669638,1.3374992746500256,0.0,640.1068115234375,320.05340576171875,OM,-0.3179999887943268,0.05257376720853384
SPARSE_207,0,8,135,3,0,0,0,0,0,0,0,0.0,9.712500297150001,1.199999275200026,0.0,733.8818359375,366.94091796875,OM,-0.0949999988079071,0.27597342936089625
SPARSE_208,0,4,60,0,0,0,0,0,0,0,0,0.0,9.712500297150001,1.3208326080500257,0.0,320.27313232421875,320.27313232421875,OM,-0.3179999887943268,0.14541369256446227
SPARSE_209,0,0,136,0,0,0,0,0,0,0,0,0.0,9.6916669639,1.3124992747500257,0.0,682.30712890625,341.153564453125,OM,-0.10000000149011612,0.14541369256446227
SPARSE_210,0,7,55,0,0,0,0,0,0,0,0,0.0,9.69583363055,1.3458326079500256,0.0,311.38446044921875,311.38446044921875,OM,-0.41600000858306885,0.05257376720853384
SPARSE_211,0,22,38,1,0,0,0,0,0,0,0,0.0,9.68750029725,0.5874992776500257,0.0,305.75616455078125,305.75616455078125,OM,-0.40400001406669617,0.37713114539619275
SPARSE_212,0,0,17,46,1,0,0,0,0,0,0,0.0,9.67916696395,0.6208326108500257,0.0,321.866455078125,321.866455078125,OM,0.6970000267028809,0.37713114539619275
SPARSE_213,0,26,41,0,0,0,0,0,0,0,0,0.0,9.67916696395,1.262499274950026,0.0,335.6919250488281,335.6919250488281,OM,-0.4580000042915344,0.2829016343806352
SPARSE_214,0,11,52,3,0,0,0,0,0,0,0,0.0,9.67083363065,0.5791659443500258,0.0,328.9580993652344,328.9580993652344,OM,-0.17100000381469727,0.37713114539619275
SPARSE_215,0,10,77,0,0,0,0,0,0,0,0,0.0,9.67083363065,1.137499275450026,0.0,434.2915954589844,434.2915954589844,OM,-0.2240000069141388,0.2548234714318064
SPARSE_216,0,68,106,0,0,0,0,0,0,0,0,0.0,9.666666964000001,1.2833326082000256,0.0,872.5989379882812,436.2994689941406,OM,-0.4580000042915344,0.2829016343806352
SPARSE_217,0,4,139,22,0,0,0,0,0,0,0,0.0,9.6583336307,0.5041659446500257,0.0,826.97802734375,413.489013671875,OM,0.10599999874830246,0.32170513898063546
SPARSE_218,0,17,885,25,0,0,0,0,0,0,0,0.0,9.65166696406,1.2083326085000259,0.0,4636.40576171875,463.64056396484375,OM,-0.017999999225139618,0.24870531655733014
SPARSE_219,0,8,87,14,0,0,0,0,0,0,0,0.0,9.63750029745,1.145832608750026,0.0,550.3201904296875,550.3201904296875,OM,0.023000000044703484,0.3910380964650329
SPARSE_220,0,19,44,0,0,0,0,0,0,0,0,0.0,9.62916696415,0.4874992780500257,0.0,315.6280212402344,315.6280212402344,OM,-0.3630000054836273,0.32170513898063546
SPARSE_221,2,24,36,7,0,0,0,0,0,0,0,0.0,9.62916696415,0.7791659435500258,0.0,345.1018981933594,345.1018981933594,OM,-0.3490000069141388,0.6236681805007728
SPARSE_222,0,0,65,0,0,0,0,0,0,0,0,0.0,9.62916696415,1.0041659426500256,0.0,325.9320373535156,325.9320373535156,OM,-0.2759999930858612,0.00636395614164449
SPARSE_223,0,1,41,19,0,0,0,0,0,0,0,0.0,9.62916696415,1.129165942150026,0.0,309.98944091796875,309.98944091796875,OM,0.2709999978542328,0.3910380964650329
SPARSE_224,1,39,24,0,0,0,0,0,0,0,0,0.0,9.62083363085,1.1124992755500256,0.0,314.8343811035156,314.8343811035156,OM,-0.6589999794960022,0.3910380964650329
SPARSE_225,0,6,54,2,0,0,0,0,0,0,0,0.0,9.61250029755,0.5874992776500257,0.0,313.40899658203125,313.40899658203125,OM,-0.11400000005960464,0.32170513898063546
SPARSE_226,0,40,407,28,0,0,0,0,0,0,0,0.0,9.59583363095,1.1958326085500257,0.0,2376.698486328125,475.3396911621094,OM,-0.06700000166893005,0.339787140762192
SPARSE_227,0,41,31,0,0,0,0,0,0,0,0,0.0,9.60416696425,0.4541659448500257,0.0,359.7038269042969,359.7038269042969,OM,-0.593999981880188,0.32170513898063546
SPARSE_228,0,36,135,0,0,0,0,0,0,0,0,0.0,9.6000002976,0.5458326111500257,0.0,857.5687255859375,428.78436279296875,OM,-0.42399999499320984,0.1384113293020535
SPARSE_229,0,4,41,47,7,0,0,0,0,0,0,0.0,9.60416696425,0.7791659435500258,0.0,496.26593017578125,496.26593017578125,OM,0.5329999923706055,0.6236681805007728
SPARSE_230,0,3,56,18,0,0,0,0,0,0,0,0.0,9.60416696425,1.137499275450026,0.0,381.92340087890625,381.92340087890625,OM,0.1770000010728836,0.3910380964650329
SPARSE_231,0,35,52,0,0,0,0,0,0,0,0,0.0,9.60416696425,1.254165941650026,0.0,432.07171630859375,432.07171630859375,OM,-0.47200000286102295,0.24870531655733014
SPARSE_232,0,14,90,11,0,0,0,0,0,0,0,0.0,9.59583363095,1.1708326086500258,0.0,571.9363403320312,571.9363403320312,OM,-0.05900000035762787,0.4026286705928697
SPARSE_233,0,2,69,1,0,0,0,0,0,0,0,0.0,9.58750029765,1.2208326084500256,0.0,361.807373046875,361.807373046875,OM,-0.0689999982714653,0.24870531655733014
SPARSE_234,0,37,26,0,0,0,0,0,0,0,0,0.0,9.58750029765,1.3041659414500257,0.0,312.8399353027344,312.8399353027344,OM,-0.5920000076293945,0.25371292977490334
SPARSE_235,0,2,237,153,0,0,0,0,0,0,0,0.0,9.57083363105,1.1749992753000256,0.0,1960.267822265625,980.1339111328125,OM,0.367000013589859,0.339787140762192
SPARSE_236,0,0,60,0,0,0,0,0,0,0,0,0.0,9.57083363105,1.3458326079500256,0.0,302.0603332519531,302.0603332519531,OM,-0.20999999344348907,0.043840615797412615
SPARSE_237,0,20,45,0,0,0,0,0,0,0,0,0.0,9.56250029775,0.6874992772500258,0.0,325.3645935058594,325.3645935058594,OM,-0.41999998688697815,0.23722773778163558
SPARSE_238,0,4,84,1,0,0,0,0,0,0,0,0.0,9.56250029775,0.7041659438500257,0.0,442.2714538574219,442.2714538574219,OM,-0.13500000536441803,0.23722773778163558
SPARSE_239,0,8,60,1,0,0,0,0,0,0,0,0.0,9.55416696445,0.24583261235002574,0.0,347.6825256347656,347.6825256347656,OM,-0.18299999833106995,0.29612930548349053
SPARSE_240,0,0,55,21,0,0,0,0,0,0,0,0.0,9.54583363115,0.3708326118500257,0.0,380.7450256347656,380.7450256347656,OM,0.28999999165534973,0.29612930548349053
SPARSE_241,0,20,42,0,0,0,0,0,0,0,0,0.0,9.54583363115,0.3958326117500257,0.0,310.7848815917969,310.7848815917969,OM,-0.39800000190734863,0.29612930548349053
SPARSE_242,0,40,29,0,0,0,0,0,0,0,0,0.0,9.53750029785,0.3374992786500257,0.0,342.4083251953125,342.4083251953125,OM,-0.597000002861023,0.29612930548349053
SPARSE_243,0,41,142,0,0,0,0,0,0,0,0,0.0,9.5333336312,1.3458326079500256,0.0,914.4056396484375,457.20281982421875,OM,-0.34200000762939453,0.25371292977490334
SPARSE_244,0,20,44,0,0,0,0,0,0,0,0,0.0,9.52916696455,0.5958326109500257,0.0,318.55279541015625,318.55279541015625,OM,-0.4690000116825104,0.1384113293020535
SPARSE_245,0,1,226,0,0,0,0,0,0,0,0,0.0,9.526389186783334,1.2319437195166927,0.0,1133.802490234375,377.9341735839844,OM,-0.1770000010728836,0.1337366819061294
SPARSE_246,0,2,88,0,0,0,0,0,0,0,0,0.0,9.52083363125,0.5541659444500258,0.0,451.0614318847656,451.0614318847656,OM,-0.25,0.1384113293020535
SPARSE_247,0,45,28,0,0,0,0,0,0,0,0,0.0,9.52083363125,0.6958326105500258,0.0,364.05133056640625,364.05133056640625,OM,-0.6060000061988831,0.23722773778163558
SPARSE_248,0,0,54,16,0,0,0,0,0,0,0,0.0,9.52083363125,1.1958326085500257,0.0,346.61669921875,346.61669921875,OM,0.27399998903274536,0.2476012895356017
SPARSE_249,0,16,123,2,0,0,0,0,0,0,0,0.0,9.51250029795,0.49999927800002575,0.0,704.369140625,352.1845703125,OM,-0.17900000512599945,0.29612930548349053
SPARSE_250,0,38,24,0,0,0,0,0,0,0,0,0.0,9.51250029795,0.6124992775500258,0.0,309.8232116699219,309.8232116699219,OM,-0.5730000138282776,0.1384113293020535
SPARSE_251,0,14,74,0,0,0,0,0,0,0,0,0.0,9.51250029795,1.2791659415500258,0.0,443.12152099609375,443.12152099609375,OM,-0.4020000100135803,0.1337366819061294
SPARSE_252,0,39,25,0,0,0,0,0,0,0,0,0.0,9.50416696465,0.5958326109500257,0.0,319.99090576171875,319.99090576171875,OM,-0.5730000138282776,0.1384113293020535
SPARSE_253,0,1,119,9,0,0,0,0,0,0,0,0.0,9.4916669647,1.1666659420000256,0.0,645.1617431640625,322.58087158203125,OM,0.0949999988079071,0.2476012895356017
SPARSE_254,0,1,146,0,0,0,0,0,0,0,0,0.0,9.49583363135,1.299999274800026,0.0,731.6112060546875,365.80560302734375,OM,-0.18299999833106995,0.1337366819061294
SPARSE_255,0,57,225,0,0,0,0,0,0,0,0,0.0,9.484722520283333,1.209721497383359,0.0,1412.146728515625,470.715576171875,OM,-0.32899999618530273,0.2476012895356017
SPARSE_256,0,38,93,0,0,0,0,0,0,0,0,0.0,9.4750002981,1.3249992747000259,0.0,651.8736572265625,325.93682861328125,OM,-0.460999995470047,0.1337366819061294
SPARSE_257,0,25,180,0,0,0,0,0,0,0,0,0.0,9.47083363145,1.343054830183359,0.0,1025.139892578125,341.7132873535156,OM,-0.3790000081062317,0.1337366819061294
SPARSE_258,0,69,141,0,0,0,0,0,0,0,0,0.0,9.468055853683333,1.1263881643833589,0.0,1051.02001953125,350.3399963378906,OM,-0.47699999809265137,0.1329360703112113
SPARSE_259,0,0,61,0,0,0,0,0,0,0,0,0.0,9.47083363145,1.370832607850026,0.0,308.14752197265625,308.14752197265625,OM,-0.16500000655651093,0.1337366819061294
SPARSE_260,0,0,24,36,1,0,0,0,0,0,0,0.0,9.46250029815,0.8291659433500258,0.0,311.1117248535156,311.1117248535156,OM,0.5759999752044678,0.440237543583973
SPARSE_261,0,42,162,0,0,0,0,0,0,0,0,0.0,9.44583363155,1.1652770531166925,0.0,1022.421142578125,340.8070373535156,OM,-0.3330000042915344,0.2476012895356017
SPARSE_262,0,3,59,0,0,0,0,0,0,0,0,0.0,9.44583363155,0.5374992778500257,0.0,313.819091796875,313.819091796875,OM,-0.31299999356269836,0.1384113293020535
SPARSE_263,0,647,143,0,0,0,0,0,0,0,0,0.0,9.421759557572223,1.2208326084500256,0.0,3947.95556640625,438.6617431640625,OM,-0.6389999985694885,0.11384420121192822
SPARSE_264,0,31,56,3,0,0,0,0,0,0,0,0.0,9.43750029825,0.6958326105500258,0.0,450.5275573730469,450.5275573730469,OM,-0.35899999737739563,0.440237543583973
SPARSE_265,0,7,216,0,0,0,0,0,0,0,0,0.0,9.42083363165,1.0874992756500257,0.0,1113.80078125,371.2669372558594,OM,-0.289000004529953,0.1329360703112113
SPARSE_266,0,0,218,0,0,0,0,0,0,0,0,0.0,9.42083363165,0.5999992776000257,0.0,1090.13720703125,545.068603515625,OM,-0.08399999886751175,0.1192589605734598
SPARSE_267,0,71,88,1,0,0,0,0,0,0,0,0.0,9.4083336317,1.1333326088000257,0.0,802.0977783203125,401.04888916015625,OM,-0.4880000054836273,0.35521015041667764
SPARSE_268,0,21,48,0,0,0,0,0,0,0,0,0.0,9.41250029835,1.1791659419500258,0.0,347.5976867675781,347.5976867675781,OM,-0.4779999852180481,0.11384420121192822
SPARSE_269,0,0,70,0,0,0,0,0,0,0,0,0.0,9.404166965049999,0.6124992775500258,0.0,351.31414794921875,351.31414794921875,OM,-0.08399999886751175,0.1192589605734598
SPARSE_270,0,4,107,0,0,0,0,0,0,0,0,0.0,9.39583363175,0.5874992776500257,0.0,554.6668090820312,554.6668090820312,OM,-0.3149999976158142,0.1192589605734598
SPARSE_271,0,15,45,1,0,0,0,0,0,0,0,0.0,9.38750029845,1.137499275450026,0.0,304.9617919921875,304.9617919921875,OM,-0.29600000381469727,0.35521015041667764
SPARSE_272,0,17,53,5,0,0,0,0,0,0,0,0.0,9.37916696515,0.8041659434500258,0.0,374.8055419921875,374.8055419921875,OM,-0.20999999344348907,0.440237543583973
SPARSE_273,0,7,55,3,0,0,0,0,0,0,0,0.0,9.37916696515,1.237499275050026,0.0,321.13067626953125,321.13067626953125,OM,-0.12300000339746475,0.3330885775486118
SPARSE_274,0,1,61,0,0,0,0,0,0,0,0,0.0,9.36250029855,0.5874992776500257,0.0,309.8080749511719,309.8080749511719,OM,-0.2919999957084656,0.1192589605734598
SPARSE_275,0,1,265,0,0,0,0,0,0,0,0,0.0,9.358333631899999,1.3291659413500256,0.0,1328.5235595703125,664.2617797851562,OM,-0.1379999965429306,0.14424978091753848
SPARSE_276,0,43,59,0,0,0,0,0,0,0,0,0.0,9.32916696535,1.0541659424500258,0.0,511.32623291015625,511.32623291015625,OM,-0.46299999952316284,0.35521015041667764
SPARSE_277,0,10,136,11,0,0,0,0,0,0,0,0.0,9.312500298749999,1.237499275050026,0.0,788.3865966796875,788.3865966796875,OM,-0.027000000700354576,0.3330885775486118
SPARSE_278,0,84,52,0,0,0,0,0,0,0,0,0.0,9.3000002988,0.5708326110500257,0.0,684.7489013671875,342.37445068359375,OM,-0.5649999976158142,0.01909188140616282
SPARSE_279,0,0,58,6,0,0,0,0,0,0,0,0.0,9.30416696545,0.6541659440500257,0.0,320.8127136230469,320.8127136230469,OM,0.11599999666213989,0.2616295124107705
SPARSE_280,0,41,23,0,0,0,0,0,0,0,0,0.0,9.28750029885,1.1874992752500257,0.0,320.49359130859375,320.49359130859375,OM,-0.6190000176429749,0.2405888705657485
SPARSE_281,0,15,90,0,0,0,0,0,0,0,0,0.0,9.26250029895,0.7041659438500257,0.0,525.4273681640625,525.4273681640625,OM,-0.2540000081062317,0.2616295124107705
SPARSE_282,1,116,79,0,0,0,0,0,0,0,0,0.0,9.250000299,1.362499274550026,0.0,977.6376953125,488.81884765625,OM,-0.6169999837875366,0.3369139252971869
SPARSE_283,0,1,51,46,1,0,0,0,0,0,0,0.0,9.23750029905,0.7541659436500258,0.0,496.3780517578125,496.3780517578125,OM,0.4359999895095825,0.44342525109965164
SPARSE_284,0,12,70,7,0,0,0,0,0,0,0,0.0,9.23750029905,1.245832608350026,0.0,449.9361877441406,449.9361877441406,OM,-0.09700000286102295,0.4026286705928697
SPARSE_285,0,20,44,3,0,0,0,0,0,0,0,0.0,9.22916696575,0.7874992768500257,0.0,334.9403381347656,334.9403381347656,OM,-0.3019999861717224,0.44342525109965164
SPARSE_286,0,64,46,0,0,0,0,0,0,0,0,0.0,9.22083363245,1.3458326079500256,0.0,552.5457763671875,552.5457763671875,OM,-0.6079999804496765,0.3369139252971869
SPARSE_287,0,15,72,0,0,0,0,0,0,0,0,0.0,9.21250029915,0.5874992776500257,0.0,435.5819091796875,435.5819091796875,OM,-0.44200000166893005,0.02899137684853668
SPARSE_288,0,2,71,0,0,0,0,0,0,0,0,0.0,9.18750029925,1.4124992743500258,0.0,362.39471435546875,362.39471435546875,OM,-0.2741443989721445,0.13000554224592503
SPARSE_289,0,0,64,0,0,0,0,0,0,0,0,0.0,9.17916696595,1.1958326085500257,0.0,322.47296142578125,322.47296142578125,OM,-0.12800000607967377,0.16739473855974732
SPARSE_290,0,31,32,0,0,0,0,0,0,0,0,0.0,9.15416696605,1.5291659405500257,0.0,314.7419738769531,314.7419738769531,OM,-0.5350000262260437,0.07681363666118801
SPARSE_291,0,69,158,0,0,0,0,0,0,0,0,0.0,9.1416669661,1.5124992739500258,0.0,1137.21728515625,568.608642578125,OM,-0.48399999737739563,0.07681363666118801
SPARSE_292,0,9,52,0,0,0,0,0,0,0,0,0.0,9.13750029945,1.1541659420500259,0.0,303.24200439453125,303.24200439453125,OM,-0.3569999933242798,0.16739473855974732
SPARSE_293,0,9,127,0,0,0,0,0,0,0,0,0.0,9.120833632850001,1.533332607200026,0.0,677.8545532226562,338.9272766113281,OM,-0.3840000033378601,0.07681363666118801
SPARSE_294,0,0,114,0,0,0,0,0,0,0,0,0.0,9.07083363305,0.6958326105500258,0.0,572.5846557617188,572.5846557617188,OM,-0.13699999451637268,0.14495689941554893
SPARSE_295,0,20,69,4,0,0,0,0,0,0,0,0.0,9.07083363305,1.137499275450026,0.0,466.7784423828125,466.7784423828125,OM,-0.20999999344348907,0.4026286705928697
SPARSE_296,0,12,117,0,0,0,0,0,0,0,0,0.0,9.062500299749999,0.6166659442000257,0.0,645.3143310546875,322.65716552734375,OM,-0.34200000762939453,0.14495689941554893
SPARSE_297,0,135,82,0,0,0,0,0,0,0,0,0.0,9.0583336331,1.2958326081500258,0.0,1085.21826171875,542.609130859375,OM,-0.5849999785423279,0.16122033565811442
SPARSE_298,0,6,55,0,0,0,0,0,0,0,0,0.0,9.05416696645,1.0791659423500257,0.0,306.0765075683594,306.0765075683594,OM,-0.23000000417232513,0.2352568780761096
SPARSE_299,11,24,19,6,1,0,0,0,0,0,0,0.0,9.03750029985,1.254165941650026,0.0,313.7204895019531,313.7204895019531,OM,-0.7559999823570251,0.9990189778498565
SPARSE_300,0,26,167,0,0,0,0,0,0,0,0,0.0,9.0250002999,1.2833326082000256,0.0,962.0341796875,481.01708984375,OM,-0.3569999933242798,0.16122033565811442
SPARSE_301,0,1,355,33,0,0,0,0,0,0,0,0.0,9.018055855483333,1.1208326088500256,0.0,1944.7763671875,648.2587890625,OM,0.1379999965429306,0.2352568780761096
SPARSE_302,0,29,52,2,0,0,0,0,0,0,0,0.0,9.01250029995,0.6874992772500258,0.0,414.3252258300781,414.3252258300781,OM,-0.3790000081062317,0.4026286705928697
SPARSE_303,10,25,24,9,1,0,0,0,0,0,0,0.0,9.01250029995,1.1874992752500257,0.0,356.7257080078125,356.7257080078125,OM,-0.5860000252723694,0.9990189778498565
SPARSE_304,21,138,138,21,0,0,0,0,0,0,0,0.0,9.00416696665,1.409721496583359,0.0,1587.544189453125,529.181396484375,OM,-0.5339999794960022,0.6667649317433912
SPARSE_305,13,39,19,1,0,0,0,0,0,0,0,0.0,9.01250029995,1.587499273650026,0.0,363.1633605957031,363.1633605957031,OM,-0.9350000023841858,0.6667649317433912
SPARSE_306,0,17,66,0,0,0,0,0,0,0,0,0.0,8.99583363335,1.1041659422500256,0.0,413.4581604003906,413.4581604003906,OM,-0.3409999907016754,0.2352568780761096
SPARSE_307,0,1,76,0,0,0,0,0,0,0,0,0.0,8.98750030005,1.3291659413500256,0.0,387.78533935546875,387.78533935546875,OM,-0.28999999165534973,0.11500869396248453
SPARSE_308,0,22,41,1,0,0,0,0,0,0,0,0.0,8.970833633449999,0.6791659439500257,0.0,320.3540344238281,320.3540344238281,OM,-0.3790000081062317,0.4026286705928697
SPARSE_309,0,4,355,0,0,0,0,0,0,0,0,0.0,8.943750300225,1.1270826088250256,0.0,1795.05224609375,448.7630615234375,OM,-0.3070000112056732,0.0151437624215632
SPARSE_310,0,2,152,0,0,0,0,0,0,0,0,0.0,8.95416696685,1.2124992751500256,0.0,772.5840454101562,772.5840454101562,OM,-0.28700000047683716,0.11500869396248453
SPARSE_311,0,8,55,0,0,0,0,0,0,0,0,0.0,8.94583363355,1.1541659420500259,0.0,313.630615234375,313.630615234375,OM,-0.3869999945163727,0.12658593684079178
SPARSE_312,0,2,192,0,0,0,0,0,0,0,0,0.0,8.93750030025,1.1708326086500258,0.0,969.245849609375,323.0819396972656,OM,-0.23100000619888306,0.12658593684079178
SPARSE_313,0,34,100,0,0,0,0,0,0,0,0,0.0,8.9416669669,1.4208326076500257,0.0,669.164794921875,334.5823974609375,OM,-0.3569999933242798,0.2651650429449553
SPARSE_314,0,1,148,0,0,0,0,0,0,0,0,0.0,8.92083363365,1.1041659422500256,0.0,745.9173583984375,745.9173583984375,OM,-0.28299999237060547,0.0151437624215632
SPARSE_315,0,50,15,0,0,0,0,0,0,0,0,0.0,8.92083363365,1.4124992743500258,0.0,328.0178527832031,328.0178527832031,OM,-0.7319999933242798,0.2651650429449553
SPARSE_316,0,64,15,0,0,0,0,0,0,0,0,0.0,8.90416696705,1.5124992739500258,0.0,392.4214782714844,392.4214782714844,OM,-0.7319999933242798,0.2230358743344094
SPARSE_317,1,122,223,6,0,0,0,0,0,0,0,0.0,8.87083363385,0.6541659440500257,0.0,1762.0667724609375,587.3555908203125,OM,-0.3790000081062317,0.4026286705928697
SPARSE_318,0,30,62,0,0,0,0,0,0,0,0,0.0,8.87083363385,0.5791659443500258,0.0,456.57110595703125,456.57110595703125,OM,-0.4259999990463257,0.24274907524893302
SPARSE_319,0,10,57,0,0,0,0,0,0,0,0,0.0,8.82083363405,1.5208326072500258,0.0,337.3158874511719,337.3158874511719,OM,-0.3059999942779541,0.2230358743344094
SPARSE_320,0,76,63,0,0,0,0,0,0,0,0,0.0,8.81250030075,0.5999992776000257,0.0,694.838134765625,347.4190673828125,OM,-0.5640000104904175,0.24274907524893302
SPARSE_321,0,50,38,0,0,0,0,0,0,0,0,0.0,8.78750030085,0.4874992780500257,0.0,441.6602478027344,441.6602478027344,OM,-0.578000009059906,0.24274907524893302
SPARSE_322,0,25,60,0,0,0,0,0,0,0,0,0.0,8.77916696755,0.4208326116500257,0.0,427.87677001953125,427.87677001953125,OM,-0.46700000762939453,0.12806155147821188
SPARSE_323,0,34,28,0,0,0,0,0,0,0,0,0.0,8.77916696755,0.4541659448500257,0.0,308.4742736816406,308.4742736816406,OM,-0.5640000104904175,0.24274907524893302
SPARSE_324,0,2,525,0,0,0,0,0,0,0,0,0.0,8.7750003009,0.6708326106500258,0.0,2638.1435546875,1319.07177734375,OM,-0.2720000147819519,0.09430535762783576
SPARSE_325,0,2,60,0,0,0,0,0,0,0,0,0.0,8.77916696755,1.5624992737500256,0.0,307.1975402832031,307.1975402832031,OM,-0.09799999743700027,0.2230358743344094
SPARSE_326,0,25,37,0,0,0,0,0,0,0,0,0.0,8.77083363425,1.129165942150026,0.0,310.8586120605469,310.8586120605469,OM,-0.5099999904632568,0.08935994308832734
SPARSE_327,0,26,51,0,0,0,0,0,0,0,0,0.0,8.77083363425,1.479165940750026,0.0,382.108154296875,382.108154296875,OM,-0.4399999976158142,0.2230358743344094
SPARSE_328,0,43,36,0,0,0,0,0,0,0,0,0.0,8.76250030095,0.5041659446500257,0.0,396.6310729980469,396.6310729980469,OM,-0.5640000104904175,0.24274907524893302
SPARSE_329,0,0,219,0,0,0,0,0,0,0,0,0.0,8.75416696765,0.41249927835002576,0.0,1094.0386962890625,1094.0386962890625,OM,-0.08799999952316284,0.12806155147821188
SPARSE_330,0,39,32,0,0,0,0,0,0,0,0,0.0,8.75416696765,0.5458326111500257,0.0,356.1995849609375,356.1995849609375,OM,-0.5640000104904175,0.24274907524893302
SPARSE_331,0,89,149,0,0,0,0,0,0,0,0,0.0,8.75416696765,0.6666659440000258,0.0,1189.257568359375,594.6287841796875,OM,-0.503000020980835,0.09430535762783576
SPARSE_332,0,50,20,0,0,0,0,0,0,0,0,0.0,8.75416696765,1.5541659404500257,0.0,350.3749694824219,350.3749694824219,OM,-0.6600000262260437,0.2230358743344094
SPARSE_333,0,10,115,0,0,0,0,0,0,0,0,0.0,8.72916696775,0.3958326117500257,0.0,625.304443359375,625.304443359375,OM,-0.3580000102519989,0.12806155147821188
SPARSE_334,0,45,16,0,0,0,0,0,0,0,0,0.0,8.720833634449999,0.5208326112500258,0.0,302.69403076171875,302.69403076171875,OM,-0.6880000233650208,0.24274907524893302
SPARSE_335,0,75,62,0,0,0,0,0,0,0,0,0.0,8.7166669678,0.5874992776500257,0.0,681.7294921875,340.86474609375,OM,-0.5640000104904175,0.24274907524893302
SPARSE_336,0,2,64,0,0,0,0,0,0,0,0,0.0,8.70416696785,0.44583261155002574,0.0,331.4612731933594,331.4612731933594,OM,-0.3062000036239624,0.12806155147821188
SPARSE_337,0,3,87,0,0,0,0,0,0,0,0,0.0,8.70416696785,1.2291659417500256,0.0,449.74578857421875,449.74578857421875,OM,-0.3009999990463257,0.12658593684079178
SPARSE_338,1,45,25,0,0,0,0,0,0,0,0,0.0,8.70416696785,1.470832607450026,0.0,359.0432434082031,359.0432434082031,OM,-0.6830000281333923,0.39889311592137755
SPARSE_339,0,33,72,3,0,0,0,0,0,0,0,0.0,8.69583363455,0.7708326102500258,0.0,534.6929321289062,534.6929321289062,OM,-0.3310000002384186,0.4026286705928697
SPARSE_340,0,6,79,0,0,0,0,0,0,0,0,0.0,8.67916696795,0.6374992774500258,0.0,426.265869140625,426.265869140625,OM,-0.38750001788139343,0.09430535762783576
SPARSE_341,0,14,48,0,0,0,0,0,0,0,0,0.0,8.67916696795,1.0041659426500256,0.0,312.94085693359375,312.94085693359375,OM,-0.3919999897480011,0.1951614667184527
SPARSE_342,0,7,59,0,0,0,0,0,0,0,0,0.0,8.67083363465,1.5291659405500257,0.0,326.5437927246094,326.5437927246094,OM,-0.40799999237060547,0.025455838727919105
SPARSE_343,0,7,73,0,0,0,0,0,0,0,0,0.0,8.65416696805,0.4874992780500257,0.0,402.8658447265625,402.8658447265625,OM,-0.3630000054836273,0.12806155147821188
SPARSE_344,0,9,57,0,0,0,0,0,0,0,0,0.0,8.64583363475,1.029165942550026,0.0,330.7955017089844,330.7955017089844,OM,-0.3400000035762787,0.17479511834223477
SPARSE_345,0,6,84,0,0,0,0,0,0,0,0,0.0,8.629166968149999,0.6124992775500258,0.0,453.56219482421875,453.56219482421875,OM,-0.38750001788139343,0.09430535762783576
SPARSE_346,0,64,21,0,0,0,0,0,0,0,0,0.0,8.629166968149999,1.0041659426500256,0.0,426.40399169921875,426.40399169921875,OM,-0.6679999828338623,0.1951614667184527
SPARSE_347,0,21,46,0,0,0,0,0,0,0,0,0.0,8.629166968149999,1.0874992756500257,0.0,336.03204345703125,336.03204345703125,OM,-0.4519999921321869,0.17479511834223477
SPARSE_348,0,393,223,0,0,0,0,0,0,0,0,0.0,8.6083336349,0.47499927810002573,0.0,3079.53466796875,769.8836669921875,OM,-0.5870000123977661,0.14600001275539398
SPARSE_349,0,88,262,14,0,0,0,0,0,0,0,0.0,8.6083336349,1.0041659426500256,0.0,1820.7218017578125,910.3609008789062,OM,-0.2540000081062317,0.4026286705928697
SPARSE_350,0,30,86,0,0,0,0,0,0,0,0,0.0,8.60416696825,0.49583261135002576,0.0,579.0546875,579.0546875,OM,-0.44099999964237213,0.14600001275539398
SPARSE_351,0,1,91,0,0,0,0,0,0,0,0,0.0,8.59583363495,0.5708326110500257,0.0,461.3495178222656,461.3495178222656,OM,-0.2549999952316284,0.12806155147821188
SPARSE_352,0,55,8,0,0,0,0,0,0,0,0,0.0,8.58750030165,1.0791659423500257,0.0,315.0682373046875,315.0682373046875,OM,-0.7360000014305115,0.17479511834223477
SPARSE_353,8,26,23,6,0,0,0,0,0,0,0,0.0,8.57083363505,1.0374992758500259,0.0,320.2137145996094,320.2137145996094,OM,-0.6349999904632568,0.8293135679846014
SPARSE_354,17,70,77,24,2,0,0,0,0,0,0,0.0,8.56250030175,0.9583326095000259,0.0,957.4776611328125,478.73883056640625,OM,-0.45399999618530273,0.8293135679846014
SPARSE_355,0,23,47,1,0,0,0,0,0,0,0,0.0,8.55416696845,1.4124992743500258,0.0,360.6788024902344,360.6788024902344,OM,-0.3540000021457672,0.39889311592137755
SPARSE_356,0,3,64,0,0,0,0,0,0,0,0,0.0,8.52916696855,0.6041659442500258,0.0,334.9813232421875,334.9813232421875,OM,-0.29499998688697815,0.14600001275539398
SPARSE_357,0,11,195,12,0,0,0,0,0,0,0,0.0,8.501389190883334,1.0819437201166924,0.0,1092.1895751953125,364.0632019042969,OM,-0.03400000184774399,0.3079193727073804
SPARSE_358,0,84,63,0,0,0,0,0,0,0,0,0.0,8.50416696865,1.1166659422000258,0.0,734.5697631835938,367.2848815917969,OM,-0.5910000205039978,0.3079193727073804
SPARSE_359,0,38,38,0,0,0,0,0,0,0,0,0.0,8.48750030205,1.0958326089500257,0.0,380.2820739746094,380.2820739746094,OM,-0.5400000214576721,0.3079193727073804
SPARSE_360,0,45,17,0,0,0,0,0,0,0,0,0.0,8.47916696875,1.3291659413500256,0.0,309.7511291503906,309.7511291503906,OM,-0.6110000014305115,0.12810672751908114
SPARSE_361,0,16,125,0,0,0,0,0,0,0,0,0.0,8.42916696895,1.2499992750000257,0.0,702.9110107421875,351.45550537109375,OM,-0.3799999952316284,0.12810672751908114
SPARSE_362,0,18,45,1,0,0,0,0,0,0,0,0.0,8.42083363565,0.9958326093500257,0.0,318.0332336425781,318.0332336425781,OM,-0.3199999928474426,0.3678735056236871
SPARSE_363,0,13,72,4,0,0,0,0,0,0,0,0.0,8.39583363575,0.9874992760500257,0.0,448.0025634765625,448.0025634765625,OM,-0.14499999582767487,0.3678735056236871
SPARSE_364,0,4,82,0,0,0,0,0,0,0,0,0.0,8.36250030255,1.362499274550026,0.0,430.6410827636719,430.6410827636719,OM,-0.3240000009536743,0.12810672751908114
SPARSE_365,0,40,112,5,0,0,0,0,0,0,0,0.0,8.3083336361,0.9291659429500257,0.0,787.04443359375,393.522216796875,OM,-0.27000001072883606,0.4026286705928697
SPARSE_366,0,44,64,1,0,0,0,0,0,0,0,0.0,8.27083363625,1.1124992755500256,0.0,548.9559326171875,548.9559326171875,OM,-0.4339999854564667,0.4026286705928697
SPARSE_367,0,1,201,0,0,0,0,0,0,0,0,0.0,8.23750030305,0.7749992769000258,0.0,1008.0828857421875,504.04144287109375,OM,-0.2590000033378601,0.05798275765887714
SPARSE_368,0,26,38,1,0,0,0,0,0,0,0,0.0,8.23750030305,0.9791659427500258,0.0,326.976806640625,326.976806640625,OM,-0.4339999854564667,0.4026286705928697
SPARSE_369,0,0,431,0,0,0,0,0,0,0,0,0.0,8.218055858683334,0.8097214989833591,0.0,2156.4736328125,718.8245239257812,OM,-0.1770000010728836,0.05798275765887714
SPARSE_370,0,23,227,42,0,0,0,0,0,0,0,0.0,8.21250030315,0.8833326098000257,0.0,1462.92919921875,731.464599609375,OM,0.03500000014901161,0.4026286705928697
SPARSE_371,0,26,36,1,0,0,0,0,0,0,0,0.0,8.20416696985,0.6874992772500258,0.0,312.4325866699219,312.4325866699219,OM,-0.45100000500679016,0.4026286705928697
SPARSE_372,4,55,98,27,1,0,0,0,0,0,0,0.0,8.20416696985,0.9833326094000258,0.0,928.94921875,464.474609375,OM,-0.2290000021457672,0.6639160937541732
SPARSE_373,0,18,50,2,0,0,0,0,0,0,0,0.0,8.195833636549999,0.6208326108500257,0.0,348.9160461425781,348.9160461425781,OM,-0.2680000066757202,0.4026286705928697
SPARSE_374,11,69,62,8,0,0,0,0,0,0,0,0.0,8.18750030325,0.9541659428500259,0.0,754.6602783203125,754.6602783203125,OM,-0.5910000205039978,0.6639160937541732
SPARSE_375,0,6,147,0,0,0,0,0,0,0,0,0.0,8.17916696995,0.6541659440500257,0.0,766.2427368164062,766.2427368164062,OM,-0.33399999141693115,0.11667261299522155
SPARSE_376,0,128,55,0,0,0,0,0,0,0,0,0.0,8.1750003033,1.137499275450026,0.0,916.3997802734375,458.19989013671875,OM,-0.6949999928474426,0.3011315099647869
SPARSE_377,0,9,57,0,0,0,0,0,0,0,0,0.0,8.17916696995,1.462499274150026,0.0,331.8370666503906,331.8370666503906,OM,-0.289000004529953,0.23065905435287382
SPARSE_378,14,65,44,4,0,0,0,0,0,0,0,0.0,8.16250030335,1.0458326091500258,0.0,643.3963623046875,643.3963623046875,OM,-0.7390000224113464,0.6639160937541732
SPARSE_379,0,0,61,0,0,0,0,0,0,0,0,0.0,8.14583363675,0.6791659439500257,0.0,305.7272033691406,305.7272033691406,OM,-0.16899999976158142,0.11667261299522155
SPARSE_380,0,73,77,0,0,0,0,0,0,0,0,0.0,8.1416669701,1.137499275450026,0.0,748.0443115234375,374.02215576171875,OM,-0.5239999890327454,0.3011315099647869
SPARSE_381,0,30,42,0,0,0,0,0,0,0,0,0.0,8.14583363675,1.4041659410500258,0.0,359.42431640625,359.42431640625,OM,-0.48899999260902405,0.23065905435287382
SPARSE_382,0,21,69,0,0,0,0,0,0,0,0,0.0,8.13750030345,1.462499274150026,0.0,453.2705993652344,453.2705993652344,OM,-0.36800000071525574,0.23065905435287382
SPARSE_383,0,17,75,6,0,0,0,0,0,0,0,0.0,8.12916697015,0.7708326102500258,0.0,490.20721435546875,490.20721435546875,OM,-0.16200000047683716,0.4026286705928697
SPARSE_384,0,25,54,0,0,0,0,0,0,0,0,0.0,8.12916697015,1.1124992755500256,0.0,396.8069763183594,396.8069763183594,OM,-0.39233332748214406,0.3011315099647869
SPARSE_385,0,2,61,0,0,0,0,0,0,0,0,0.0,8.104166970249999,1.6208326068500258,0.0,313.4830322265625,313.4830322265625,OM,-0.19699999690055847,0.1748628834570809
SPARSE_386,0,12,50,4,0,0,0,0,0,0,0,0.0,8.08750030365,0.7624992769500257,0.0,327.3725891113281,327.3725891113281,OM,-0.16200000047683716,0.4026286705928697
SPARSE_387,0,5,171,16,0,0,0,0,0,0,0,0.0,8.08750030365,1.137499275450026,0.0,962.3553466796875,962.3553466796875,OM,0.041999999433755875,0.3011315099647869
SPARSE_388,0,22,101,0,0,0,0,0,0,0,0,0.0,8.08750030365,1.370832607850026,0.0,616.9329223632812,616.9329223632812,OM,-0.3230000138282776,0.23065905435287382
SPARSE_389,0,8,61,0,0,0,0,0,0,0,0,0.0,8.07916697035,1.479165940750026,0.0,342.8466491699219,342.8466491699219,OM,-0.37599998712539673,0.1319080488239805
SPARSE_390,0,57,9,0,0,0,0,0,0,0,0,0.0,8.06250030375,1.3374992746500256,0.0,331.3548889160156,331.3548889160156,OM,-0.7879999876022339,0.23065905435287382
SPARSE_391,0,2,269,0,0,0,0,0,0,0,0,0.0,8.048611414916667,1.1569437198166925,0.0,1356.1759033203125,452.0586242675781,OM,-0.1979999989271164,0.13930003510152084
SPARSE_392,0,7,74,0,0,0,0,0,0,0,0,0.0,8.05416697045,1.3124992747500257,0.0,406.6610107421875,406.6610107421875,OM,-0.2240000069141388,0.23065905435287382
SPARSE_393,0,2,66,0,0,0,0,0,0,0,0,0.0,8.04583363715,1.579165940350026,0.0,337.1693115234375,337.1693115234375,OM,-0.19699999690055847,0.1748628834570809
SPARSE_394,0,2,167,0,0,0,0,0,0,0,0,0.0,8.037500303849999,1.4666659408000258,0.0,842.181396484375,421.0906982421875,OM,-0.23000000417232513,0.1319080488239805
SPARSE_395,0,39,45,0,0,0,0,0,0,0,0,0.0,8.02916697055,1.4208326076500257,0.0,419.7811584472656,419.7811584472656,OM,-0.5170000195503235,0.23065905435287382
SPARSE_396,0,0,60,0,0,0,0,0,0,0,0,0.0,8.02083363725,1.1791659419500258,0.0,300.2099914550781,300.2099914550781,OM,-0.0010000000474974513,0.13930003510152084
SPARSE_397,0,13,148,0,0,0,0,0,0,0,0,0.0,8.0083336373,1.0374992758500259,0.0,809.48095703125,404.740478515625,OM,-0.3970000147819519,0.043133524104797816
SPARSE_398,0,4,64,0,0,0,0,0,0,0,0,0.0,7.97916697075,1.3291659413500256,0.0,336.8807373046875,336.8807373046875,OM,-0.3149999976158142,0.13840875240355793
SPARSE_399,0,32,224,0,0,0,0,0,0,0,0,0.0,7.9666669708,1.2958326081500258,0.0,1277.3060302734375,638.6530151367188,OM,-0.375,0.13840875240355793
SPARSE_400,0,36,93,0,0,0,0,0,0,0,0,0.0,7.96250030415,0.9624992761500258,0.0,642.0370483398438,642.0370483398438,OM,-0.4099999964237213,0.21162139651744788
SPARSE_401,0,29,34,0,0,0,0,0,0,0,0,0.0,7.96250030415,1.1958326085500257,0.0,319.69207763671875,319.69207763671875,OM,-0.5170000195503235,0.1862546750776101
SPARSE_402,0,29,34,0,0,0,0,0,0,0,0,0.0,7.95416697085,1.2124992751500256,0.0,314.1911315917969,314.1911315917969,OM,-0.5170000195503235,0.1862546750776101
SPARSE_403,0,33,39,0,0,0,0,0,0,0,0,0.0,7.94583363755,1.1958326085500257,0.0,358.93060302734375,358.93060302734375,OM,-0.5170000195503235,0.1862546750776101
SPARSE_404,0,21,113,0,0,0,0,0,0,0,0,0.0,7.9333336376,1.3416659413000258,0.0,667.0667724609375,333.53338623046875,OM,-0.39500001072883606,0.13840875240355793
SPARSE_405,0,1,151,0,0,0,0,0,0,0,0,0.0,7.916666971,1.3041659414500257,0.0,762.9398193359375,381.46990966796875,OM,-0.210999995470047,0.13840875240355793
SPARSE_406,0,5,76,0,0,0,0,0,0,0,0,0.0,7.92083363765,1.362499274550026,0.0,403.17181396484375,403.17181396484375,OM,-0.32100000977516174,0.13840875240355793
SPARSE_407,0,6,71,0,0,0,0,0,0,0,0,0.0,7.91250030435,1.3874992744500259,0.0,384.11761474609375,384.11761474609375,OM,-0.33799999952316284,0.13840875240355793
SPARSE_408,0,41,22,0,0,0,0,0,0,0,0,0.0,7.91250030435,1.6291659401500258,0.0,317.1119384765625,317.1119384765625,OM,-0.6010000109672546,0.17424385920052776
SPARSE_409,0,7,113,1,0,0,0,0,0,0,0,0.0,7.879166971149999,0.8124992767500258,0.0,604.3007202148438,604.3007202148438,OM,-0.14499999582767487,0.24710591762205283
SPARSE_410,0,0,73,0,0,0,0,0,0,0,0,0.0,7.879166971149999,1.2791659415500258,0.0,364.1319274902344,364.1319274902344,OM,-0.0430000014603138,0.02616294987130447
SPARSE_411,0,5,65,0,0,0,0,0,0,0,0,0.0,7.87083363785,1.5541659404500257,0.0,349.65704345703125,349.65704345703125,OM,-0.2750000059604645,0.17424385920052776
SPARSE_412,0,53,44,0,0,0,0,0,0,0,0,0.0,7.86250030455,0.7208326104500258,0.0,484.1354675292969,484.1354675292969,OM,-0.5479999780654907,0.07449998903274535
SPARSE_413,0,6,170,0,0,0,0,0,0,0,0,0.0,7.8583336378999995,0.8166659434000257,0.0,881.7589111328125,440.87945556640625,OM,-0.14499999582767487,0.21162139651744788
SPARSE_414,0,220,73,0,0,0,0,0,0,0,0,0.0,7.845833637949999,0.8749992765000257,0.0,1469.421875,734.7109375,OM,-0.6779999732971191,0.21162139651744788
SPARSE_415,0,9,73,0,0,0,0,0,0,0,0,0.0,7.83750030465,0.6874992772500258,0.0,413.79388427734375,413.79388427734375,OM,-0.23100001364946365,0.2487301178908226
SPARSE_416,0,50,40,0,0,0,0,0,0,0,0,0.0,7.83750030465,0.7708326102500258,0.0,449.7140808105469,449.7140808105469,OM,-0.5479999780654907,0.07449998903274535
SPARSE_417,0,107,87,0,0,0,0,0,0,0,0,0.0,7.8083336381,0.7666659436000257,0.0,967.9844970703125,483.99224853515625,OM,-0.5479999780654907,0.07449998903274535
SPARSE_418,0,4,63,0,0,0,0,0,0,0,0,0.0,7.8125003047499995,1.1874992752500257,0.0,335.15252685546875,335.15252685546875,OM,-0.1550000011920929,0.23640950860390936
SPARSE_419,0,1,83,5,0,0,0,0,0,0,0,0.0,7.80416697145,0.7124992771500257,0.0,442.54925537109375,442.54925537109375,OM,0.0729999989271164,0.2487301178908226
SPARSE_420,0,5,90,1,0,0,0,0,0,0,0,0.0,7.80416697145,0.8124992767500258,0.0,478.5372009277344,478.5372009277344,OM,-0.14499999582767487,0.24710591762205283
SPARSE_421,0,13,60,2,0,0,0,0,0,0,0,0.0,7.80416697145,1.2708326082500259,0.0,375.646728515625,375.646728515625,OM,-0.21199999749660492,0.3441681514487578
SPARSE_422,1,64,34,0,0,0,0,0,0,0,0,0.0,7.80416697145,1.362499274550026,0.0,493.3030090332031,493.3030090332031,OM,-0.6700000166893005,0.3441681514487578
SPARSE_423,0,35,35,0,0,0,0,0,0,0,0,0.0,7.79583363815,0.6374992774500258,0.0,348.4482116699219,348.4482116699219,OM,-0.5350000262260437,0.2487301178908226
SPARSE_424,0,37,31,0,0,0,0,0,0,0,0,0.0,7.78750030485,1.1624992753500258,0.0,337.8074645996094,337.8074645996094,OM,-0.5640000104904175,0.23640950860390936
SPARSE_425,0,6,56,4,0,0,0,0,0,0,0,0.0,7.78750030485,1.245832608350026,0.0,327.1318664550781,327.1318664550781,OM,-0.06199999898672104,0.3441681514487578
SPARSE_426,0,37,30,0,0,0,0,0,0,0,0,0.0,7.77916697155,1.145832608750026,0.0,337.4609680175781,337.4609680175781,OM,-0.5640000104904175,0.23640950860390936
SPARSE_427,0,52,14,0,0,0,0,0,0,0,0,0.0,7.77916697155,1.6124992735500259,0.0,331.8207702636719,331.8207702636719,OM,-0.6729999780654907,0.17424385920052776
SPARSE_428,0,2,88,26,0,0,0,0,0,0,0,0.0,7.76250030495,0.7958326101500257,0.0,583.4577026367188,583.4577026367188,OM,0.20399999618530273,0.3436142697481349
SPARSE_429,0,1,60,18,0,0,0,0,0,0,0,0.0,7.76250030495,0.8208326100500257,0.0,396.0495910644531,396.0495910644531,OM,0.20399999618530273,0.3436142697481349
SPARSE_430,0,61,39,0,0,0,0,0,0,0,0,0.0,7.754166971649999,1.3958326077500258,0.0,502.2448425292969,502.2448425292969,OM,-0.5839999914169312,0.17424385920052776
SPARSE_431,0,30,31,0,0,0,0,0,0,0,0,0.0,7.754166971649999,1.479165940750026,0.0,303.6453552246094,303.6453552246094,OM,-0.5300000011920929,0.17424385920052776
SPARSE_432,0,14,61,2,0,0,0,0,0,0,0,0.0,7.74583363835,0.7541659436500258,0.0,385.4885559082031,385.4885559082031,OM,-0.20499999821186066,0.35708892323480107
SPARSE_433,0,37,44,0,0,0,0,0,0,0,0,0.0,7.74583363835,1.4208326076500257,0.0,404.1004333496094,404.1004333496094,OM,-0.5170000195503235,0.17424385920052776
SPARSE_434,0,11,60,6,0,0,0,0,0,0,0,0.0,7.73750030505,1.0624992757500258,0.0,388.83953857421875,388.83953857421875,OM,-0.11100000143051147,0.4026286705928697
SPARSE_435,0,1,88,39,0,0,0,0,0,0,0,0.0,7.7166669718,0.7208326104500258,0.0,637.176513671875,318.5882568359375,OM,0.28600001335144043,0.3436142697481349
SPARSE_436,0,40,100,0,0,0,0,0,0,0,0,0.0,7.720833638449999,1.1499992754000257,0.0,698.5399169921875,349.26995849609375,OM,-0.4000000059604645,0.23640950860390936
SPARSE_437,0,0,61,65,0,0,0,0,0,0,0,0.0,7.71250030515,0.6708326106500258,0.0,632.7440185546875,632.7440185546875,OM,0.4749999940395355,0.3436142697481349
SPARSE_438,0,42,50,0,0,0,0,0,0,0,0,0.0,7.71250030515,0.7541659436500258,0.0,460.40985107421875,460.40985107421875,OM,-0.4950000047683716,0.3436142697481349
SPARSE_439,0,10,201,0,0,0,0,0,0,0,0,0.0,7.708333638499999,1.3874992744500259,0.0,1057.7354736328125,528.8677368164062,OM,-0.3160000145435333,0.13224286746695801
SPARSE_440,0,49,40,0,0,0,0,0,0,0,0,0.0,7.70416697185,0.8624992765500258,0.0,444.1907958984375,444.1907958984375,OM,-0.5590000152587891,0.20235686687425894
SPARSE_441,0,5,71,7,0,0,0,0,0,0,0,0.0,7.69583363855,0.6874992772500258,0.0,414.2999267578125,414.2999267578125,OM,-0.012000000104308128,0.3436142697481349
SPARSE_442,0,37,29,0,0,0,0,0,0,0,0,0.0,7.6875003052499995,0.7458326103500258,0.0,330.749755859375,330.749755859375,OM,-0.5929999947547913,0.3436142697481349
SPARSE_443,0,1,127,1,0,0,0,0,0,0,0,0.0,7.6875003052499995,0.8458326099500257,0.0,644.939697265625,644.939697265625,OM,-0.07100000232458115,0.20235686687425894
SPARSE_444,0,24,354,12,0,0,0,0,0,0,0,0.0,7.668750305325,0.6979159438750258,0.0,1949.84423828125,487.4610595703125,OM,-0.08799999952316284,0.29156188470190175
SPARSE_445,0,52,38,0,0,0,0,0,0,0,0,0.0,7.67916697195,1.362499274550026,0.0,451.6341552734375,451.6341552734375,OM,-0.5600000023841858,0.13224286746695801
SPARSE_446,0,41,20,0,0,0,0,0,0,0,0,0.0,7.6708336386500005,1.5208326072500258,0.0,304.4912109375,304.4912109375,OM,-0.6230000257492065,0.18857719734275083
SPARSE_447,0,36,26,0,0,0,0,0,0,0,0,0.0,7.66250030535,0.7291659437500257,0.0,307.68634033203125,307.68634033203125,OM,-0.5929999947547913,0.29156188470190175
SPARSE_448,3,33,30,2,0,0,0,0,0,0,0,0.0,7.66250030535,1.262499274950026,0.0,341.4341125488281,341.4341125488281,OM,-0.5809999704360962,0.5756823768007575
SPARSE_449,0,28,33,0,0,0,0,0,0,0,0,0.0,7.66250030535,1.604165940250026,0.0,300.9850158691406,300.9850158691406,OM,-0.5149999899523598,0.18857719734275083
SPARSE_450,0,9,127,0,0,0,0,0,0,0,0,0.0,7.64583363875,0.7208326104500258,0.0,679.3422241210938,679.3422241210938,OM,-0.2280000001192093,0.20235686687425894
SPARSE_451,4,50,49,4,0,0,0,0,0,0,0,0.0,7.64583363875,1.2708326082500259,0.0,535.7870483398438,535.7870483398438,OM,-0.5419999957084656,0.5756823768007575
SPARSE_452,0,40,74,0,0,0,0,0,0,0,0,0.0,7.63750030545,1.4041659410500258,0.0,573.0302124023438,573.0302124023438,OM,-0.48500001430511475,0.13224286746695801
SPARSE_453,0,12,71,0,0,0,0,0,0,0,0,0.0,7.63750030545,1.470832607450026,0.0,415.8128356933594,415.8128356933594,OM,-0.3945000059902668,0.13224286746695801
SPARSE_454,0,2,91,0,0,0,0,0,0,0,0,0.0,7.63750030545,1.5208326072500258,0.0,467.6776428222656,467.6776428222656,OM,-0.16899999976158142,0.18857719734275083
SPARSE_455,0,4,65,0,0,0,0,0,0,0,0,0.0,7.629166972149999,0.7041659438500257,0.0,345.6575622558594,345.6575622558594,OM,-0.2280000001192093,0.20235686687425894
SPARSE_456,0,0,188,0,0,0,0,0,0,0,0,0.0,7.6250003055,1.1791659419500258,0.0,939.6832275390625,469.84161376953125,OM,-0.07900000363588333,0.10597326577637832
SPARSE_457,0,55,22,0,0,0,0,0,0,0,0,0.0,7.62083363885,1.604165940250026,0.0,385.79730224609375,385.79730224609375,OM,-0.640999972820282,0.18857719734275083
SPARSE_458,0,50,16,0,0,0,0,0,0,0,0,0.0,7.61250030555,1.5041659406500258,0.0,329.5928039550781,329.5928039550781,OM,-0.6639999747276306,0.18857719734275083
SPARSE_459,0,0,77,0,0,0,0,0,0,0,0,0.0,7.58750030565,0.6541659440500257,0.0,386.6695861816406,386.6695861816406,OM,0.12300000339746475,0.09616651983900011
SPARSE_460,3,31,33,3,0,0,0,0,0,0,0,0.0,7.58750030565,1.254165941650026,0.0,348.9425354003906,348.9425354003906,OM,-0.5099999904632568,0.5756823768007575
SPARSE_461,0,1,67,0,0,0,0,0,0,0,0,0.0,7.58750030565,1.4208326076500257,0.0,337.441162109375,337.441162109375,OM,-0.21699999272823334,0.13224286746695801
SPARSE_462,0,47,63,0,0,0,0,0,0,0,0,0.0,7.57083363905,1.604165940250026,0.0,554.1923217773438,554.1923217773438,OM,-0.5009999871253967,0.18857719734275083
SPARSE_463,0,14,95,0,0,0,0,0,0,0,0,0.0,7.5625003057499995,0.6041659442500258,0.0,544.4314575195312,544.4314575195312,OM,-0.3269999921321869,0.18526197110749146
SPARSE_464,0,0,481,0,0,0,0,0,0,0,0,0.0,7.55750030577,1.1474992754100257,0.0,2406.06298828125,481.21258544921875,OM,-0.07400000095367432,0.10597326577637832
SPARSE_465,0,0,64,0,0,0,0,0,0,0,0,0.0,7.55416697245,0.6958326105500258,0.0,323.1357727050781,323.1357727050781,OM,-0.06599999964237213,0.18605362767547856
SPARSE_466,0,26,35,0,0,0,0,0,0,0,0,0.0,7.55416697245,1.6124992735500259,0.0,309.72186279296875,309.72186279296875,OM,-0.5009999871253967,0.18857719734275083
SPARSE_467,0,1,135,0,0,0,0,0,0,0,0,0.0,7.54583363915,0.7124992771500257,0.0,682.0546875,682.0546875,OM,-0.06700000166893005,0.18605362767547856
SPARSE_468,0,88,113,0,0,0,0,0,0,0,0,0.0,7.54583363915,1.4833326074000257,0.0,1005.2508544921875,502.62542724609375,OM,-0.5059999823570251,0.18857719734275083
SPARSE_469,5,36,24,1,0,0,0,0,0,0,0,0.0,7.537500305849999,1.262499274950026,0.0,329.6792297363281,329.6792297363281,OM,-0.7160000205039978,0.5756823768007575
SPARSE_470,0,34,37,0,0,0,0,0,0,0,0,0.0,7.52916697255,1.2291659417500256,0.0,352.9268798828125,352.9268798828125,OM,-0.5199999809265137,0.28184683550321166
SPARSE_471,0,2,61,0,0,0,0,0,0,0,0,0.0,7.52083363925,0.6874992772500258,0.0,314.5047607421875,314.5047607421875,OM,-0.12399999797344208,0.21738168201439845
SPARSE_472,0,5,61,0,0,0,0,0,0,0,0,0.0,7.52083363925,0.8041659434500258,0.0,327.36260986328125,327.36260986328125,OM,-0.22200000286102295,0.21738168201439845
SPARSE_473,1,52,52,1,0,0,0,0,0,0,0,0.0,7.51250030595,1.020832609250026,0.0,528.2899169921875,528.2899169921875,OM,-0.5320000052452087,0.4026286705928697
SPARSE_474,9,62,23,0,0,0,0,0,0,0,0,0.0,7.51250030595,1.0374992758500259,0.0,471.82525634765625,471.82525634765625,OM,-0.8790000081062317,0.5069955678427259
SPARSE_475,1,20,43,7,0,0,0,0,0,0,0,0.0,7.51250030595,1.0624992757500258,0.0,352.61920166015625,352.61920166015625,OM,-0.23800000548362732,0.5381082643604728
SPARSE_476,0,11,57,0,0,0,0,0,0,0,0,0.0,7.51250030595,1.245832608350026,0.0,342.50885009765625,342.50885009765625,OM,-0.24899999797344208,0.28184683550321166
SPARSE_477,2,36,33,2,0,0,0,0,0,0,0,0.0,7.504166972649999,0.5291659445500257,0.0,364.738525390625,364.738525390625,OM,-0.574999988079071,0.5260874367734216
SPARSE_478,0,17,67,0,0,0,0,0,0,0,0,0.0,7.504166972649999,0.9791659427500258,0.0,418.021484375,418.021484375,OM,-0.45100000500679016,0.05727564944469774
SPARSE_479,0,37,39,0,0,0,0,0,0,0,0,0.0,7.504166972649999,0.9958326093500257,0.0,381.9491882324219,381.9491882324219,OM,-0.5320000052452087,0.05727564944469774
SPARSE_480,1,17,36,7,0,0,0,0,0,0,0,0.0,7.504166972649999,1.137499275450026,0.0,303.4356384277344,303.4356384277344,OM,-0.2070000022649765,0.5761113073235349
SPARSE_481,0,11,41,14,0,0,0,0,0,0,0,0.0,7.504166972649999,1.1791659419500258,0.0,332.0701904296875,332.0701904296875,OM,0.0,0.5761113073235349
SPARSE_482,0,33,260,190,12,0,0,0,0,0,0,0.0,7.484722528283333,1.1597214975833592,0.0,2479.100830078125,826.366943359375,OM,0.328000009059906,0.5761113073235349
SPARSE_483,0,19,74,0,0,0,0,0,0,0,0,0.0,7.48750030605,1.595832606950026,0.0,464.7984619140625,464.7984619140625,OM,-0.36899998784065247,0.20094166958323603
SPARSE_484,0,0,64,6,0,0,0,0,0,0,0,0.0,7.47916697275,0.5291659445500257,0.0,345.6091003417969,345.6091003417969,OM,0.2759999930858612,0.13293607975210536
SPARSE_485,0,38,23,0,0,0,0,0,0,0,0,0.0,7.47916697275,0.7624992769500257,0.0,301.2109069824219,301.2109069824219,OM,-0.6039999723434448,0.21738168201439845
SPARSE_486,0,74,70,0,0,0,0,0,0,0,0,0.0,7.4666669728,1.524999273900026,0.0,722.4175415039062,361.2087707519531,OM,-0.5429999828338623,0.20094166958323603
SPARSE_487,0,18,69,1,0,0,0,0,0,0,0,0.0,7.45416697285,1.1708326086500258,0.0,442.1769104003906,442.1769104003906,OM,-0.27399998903274536,0.32273879414505335
SPARSE_488,0,49,25,0,0,0,0,0,0,0,0,0.0,7.45416697285,1.2041659418500257,0.0,372.9698486328125,372.9698486328125,OM,-0.6269999742507935,0.22164290923249305
SPARSE_489,0,13,63,0,0,0,0,0,0,0,0,0.0,7.43750030625,0.8291659433500258,0.0,382.1874084472656,382.1874084472656,OM,-0.328000009059906,0.21738168201439845
SPARSE_490,0,15,56,1,0,0,0,0,0,0,0,0.0,7.42916697295,1.1708326086500258,0.0,360.48724365234375,360.48724365234375,OM,-0.27399998903274536,0.32273879414505335
SPARSE_491,1,64,9,0,0,0,0,0,0,0,0,0.0,7.42916697295,1.3374992746500256,0.0,368.40203857421875,368.40203857421875,OM,-0.871999979019165,0.28184683550321166
SPARSE_492,0,11,87,1,0,0,0,0,0,0,0,0.0,7.42916697295,1.362499274550026,0.0,493.6904602050781,493.6904602050781,OM,-0.19099999964237213,0.28184683550321166
SPARSE_493,0,5,313,31,0,0,0,0,0,0,0,0.0,7.415278084116666,1.4402770520166928,0.0,1744.4097900390625,581.4699096679688,OM,0.0820000022649765,0.28184683550321166
SPARSE_494,0,26,90,0,0,0,0,0,0,0,0,0.0,7.412500306349999,1.4124992743500258,0.0,583.6463012695312,583.6463012695312,OM,-0.32100000977516174,0.28184683550321166
SPARSE_495,0,0,61,1,0,0,0,0,0,0,0,0.0,7.40416697305,0.8708326098500258,0.0,309.3900146484375,309.3900146484375,OM,0.23600000143051147,0.0802516861784987
SPARSE_496,0,100,63,0,0,0,0,0,0,0,0,0.0,7.4000003064,1.3041659414500257,0.0,815.2144775390625,407.60723876953125,OM,-0.5989999771118164,0.22164290923249305
SPARSE_497,0,7,116,0,0,0,0,0,0,0,0,0.0,7.39583363975,1.3291659413500256,0.0,614.513427734375,614.513427734375,OM,-0.18199999630451202,0.22164290923249305
SPARSE_498,0,149,67,0,0,0,0,0,0,0,0,0.0,7.38750030645,1.354165941250026,0.0,1083.417724609375,361.1392517089844,OM,-0.6449999809265137,0.22164290923249305
SPARSE_499,0,80,20,0,0,0,0,0,0,0,0,0.0,7.38750030645,1.5374992738500257,0.0,500.1487731933594,500.1487731933594,OM,-0.7070000171661377,0.20094166958323603
SPARSE_500,0,32,112,0,0,0,0,0,0,0,0,0.0,7.38750030645,1.6208326068500258,0.0,721.7122802734375,721.7122802734375,OM,-0.42800000309944153,0.13947042558481074
SPARSE_501,0,9,54,0,0,0,0,0,0,0,0,0.0,7.37083363985,1.5374992738500257,0.0,313.2864990234375,313.2864990234375,OM,-0.32199999690055847,0.20094166958323603
SPARSE_502,0,34,26,0,0,0,0,0,0,0,0,0.0,7.35416697325,1.1708326086500258,0.0,303.77423095703125,303.77423095703125,OM,-0.5669999718666077,0.19133235755600816
SPARSE_503,0,1,375,0,0,0,0,0,0,0,0,0.0,7.351389195483334,1.6263881623833591,0.0,1883.7626953125,627.9208984375,OM,-0.164000004529953,0.13947042558481074
SPARSE_504,0,0,71,0,0,0,0,0,0,0,0,0.0,7.3458336399499995,0.8458326099500257,0.0,352.721923828125,352.721923828125,OM,0.09700000286102295,0.0802516861784987
SPARSE_505,0,28,76,0,0,0,0,0,0,0,0,0.0,7.3458336399499995,1.604165940250026,0.0,519.9661254882812,519.9661254882812,OM,-0.43799999356269836,0.15652293808739898
SPARSE_506,0,14,86,10,0,0,0,0,0,0,0,0.0,7.3291669733500004,1.0458326091500258,0.0,547.5874633789062,547.5874633789062,OM,-0.07400000095367432,0.4026286705928697
SPARSE_507,0,8,70,0,0,0,0,0,0,0,0,0.0,7.320833640049999,1.0874992756500257,0.0,391.6659851074219,391.6659851074219,OM,-0.29100000858306885,0.19133235755600816
SPARSE_508,0,0,66,0,0,0,0,0,0,0,0,0.0,7.31250030675,0.8208326100500257,0.0,331.2515563964844,331.2515563964844,OM,-0.22499999403953552,0.012020819494856155
SPARSE_509,0,4,91,0,0,0,0,0,0,0,0,0.0,7.31250030675,1.145832608750026,0.0,477.209228515625,477.209228515625,OM,-0.20600000023841858,0.19133235755600816
SPARSE_510,0,0,83,1,0,0,0,0,0,0,0,0.0,7.31250030675,1.1791659419500258,0.0,419.0116882324219,419.0116882324219,OM,-0.007000000216066837,0.19133235755600816
SPARSE_511,0,4,57,0,0,0,0,0,0,0,0,0.0,7.30416697345,1.1124992755500256,0.0,304.84075927734375,304.84075927734375,OM,-0.25099998712539673,0.19133235755600816
SPARSE_512,0,141,66,0,0,0,0,0,0,0,0,0.0,7.30416697345,1.5749992737000258,0.0,1032.3211669921875,516.1605834960938,OM,-0.609000027179718,0.15652293808739898
SPARSE_513,0,30,64,0,0,0,0,0,0,0,0,0.0,7.30416697345,1.595832606950026,0.0,469.9350891113281,469.9350891113281,OM,-0.460999995470047,0.15652293808739898
SPARSE_514,0,32,29,0,0,0,0,0,0,0,0,0.0,7.287500306849999,1.3458326079500256,0.0,307.05712890625,307.05712890625,OM,-0.5460000038146973,0.19133235755600816
SPARSE_515,0,0,110,0,0,0,0,0,0,0,0,0.0,7.27916697355,0.6541659440500257,0.0,549.946044921875,549.946044921875,OM,0.06599999964237213,0.0728319985465081
SPARSE_516,0,10,63,0,0,0,0,0,0,0,0,0.0,7.27083364025,1.2291659417500256,0.0,366.7725524902344,366.7725524902344,OM,-0.3269999921321869,0.19133235755600816
SPARSE_517,0,35,63,0,0,0,0,0,0,0,0,0.0,7.27083364025,1.4958326073500259,0.0,489.1050109863281,489.1050109863281,OM,-0.44999998807907104,0.23097670330631861
SPARSE_518,0,69,157,0,0,0,0,0,0,0,0,0.0,7.27083364025,1.5458326071500257,0.0,1126.7086181640625,1126.7086181640625,OM,-0.4339999854564667,0.19887360986542427
SPARSE_519,0,66,5,0,0,0,0,0,0,0,0,0.0,7.27083364025,1.579165940350026,0.0,356.2774353027344,356.2774353027344,OM,-0.8230000138282776,0.19887360986542427
SPARSE_520,0,0,84,0,0,0,0,0,0,0,0,0.0,7.26250030695,0.6624992773500258,0.0,420.41485595703125,420.41485595703125,AS,0.16899999976158142,0.0728319985465081
SPARSE_521,0,13,68,7,0,0,0,0,0,0,0,0.0,7.26250030695,0.7374992770500257,0.0,438.06280517578125,438.06280517578125,OM,-0.10700000077486038,0.4026286705928697
SPARSE_522,0,25,48,1,0,0,0,0,0,0,0,0.0,7.254166973649999,0.7958326101500257,0.0,376.0581359863281,376.0581359863281,OM,-0.36899998784065247,0.4026286705928697
SPARSE_523,0,0,72,1,0,0,0,0,0,0,0,0.0,7.254166973649999,1.3208326080500257,0.0,363.8084716796875,363.8084716796875,OM,0.004999999888241291,0.19133235755600816
SPARSE_524,0,71,100,0,0,0,0,0,0,0,0,0.0,7.254166973649999,1.4958326073500259,0.0,856.025634765625,856.025634765625,OM,-0.48699999041855335,0.23097670330631861
SPARSE_525,0,35,31,0,0,0,0,0,0,0,0,0.0,7.254166973649999,1.5458326071500257,0.0,333.1742248535156,333.1742248535156,OM,-0.550000011920929,0.19887360986542427
SPARSE_526,0,30,49,0,0,0,0,0,0,0,0,0.0,7.254166973649999,1.604165940250026,0.0,396.26776123046875,396.26776123046875,OM,-0.47600001096725464,0.19887360986542427
SPARSE_527,0,36,52,0,0,0,0,0,0,0,0,0.0,7.24583364035,1.1708326086500258,0.0,439.0472106933594,439.0472106933594,OM,-0.48899999260902405,0.19133235755600816
SPARSE_528,0,57,92,0,0,0,0,0,0,0,0,0.0,7.24583364035,1.587499273650026,0.0,747.88623046875,747.88623046875,OM,-0.47600001096725464,0.19887360986542427
SPARSE_529,0,1,138,1,0,0,0,0,0,0,0,0.0,7.23750030705,1.6291659401500258,0.0,699.8310546875,699.8310546875,OM,-0.003000000026077032,0.19887360986542427
SPARSE_530,0,106,12,0,0,0,0,0,0,0,0,0.0,7.2208336404499995,1.5208326072500258,0.0,587.448486328125,587.448486328125,OM,-0.8330000042915344,0.23097670330631861
SPARSE_531,0,21,43,0,0,0,0,0,0,0,0,0.0,7.21250030715,1.6291659401500258,0.0,321.9214172363281,321.9214172363281,OM,-0.4490000009536743,0.19887360986542427
SPARSE_532,0,2,68,1,0,0,0,0,0,0,0,0.0,7.20416697385,1.5374992738500257,0.0,350.88116455078125,350.88116455078125,OM,-0.08399999886751175,0.23097670330631861
SPARSE_533,0,7,76,0,0,0,0,0,0,0,0,0.0,7.195833640549999,1.0458326091500258,0.0,414.410888671875,414.410888671875,OM,-0.2770000100135803,0.19133235755600816
SPARSE_534,1,48,23,0,0,0,0,0,0,0,0,0.0,7.195833640549999,1.2291659417500256,0.0,358.47222900390625,358.47222900390625,OM,-0.6959999799728394,0.3536078614716905
SPARSE_535,0,88,124,0,0,0,0,0,0,0,0,0.0,7.195833640549999,1.5041659406500258,0.0,1060.4703369140625,1060.4703369140625,OM,-0.48699999041855335,0.23097670330631861
SPARSE_536,1,71,91,2,0,0,0,0,0,0,0,0.0,7.18750030725,1.0249992759000257,0.0,819.8839111328125,409.94195556640625,OM,-0.4690000116825104,0.4026286705928697
SPARSE_537,0,3,51,8,0,0,0,0,0,0,0,0.0,7.17916697395,1.1791659419500258,0.0,306.25244140625,306.25244140625,OM,0.054999999701976776,0.3536078614716905
SPARSE_538,6,55,4,0,0,0,0,0,0,0,0,0.0,7.17916697395,1.2041659418500257,0.0,326.353759765625,326.353759765625,OM,-1.0779999494552612,0.3536078614716905
SPARSE_539,0,46,17,0,0,0,0,0,0,0,0,0.0,7.17083364065,0.6291659441500257,0.0,316.459716796875,316.459716796875,AS,-0.7319999933242798,0.3145054294361247
SPARSE_540,0,109,79,0,0,0,0,0,0,0,0,0.0,7.17083364065,1.5124992739500258,0.0,942.2344970703125,942.2344970703125,OM,-0.5809999704360962,0.23097670330631861
SPARSE_541,0,42,315,2,0,0,0,0,0,0,0,0.0,7.17083364065,1.5374992738500257,0.0,1794.2679443359375,598.0892944335938,OM,-0.22499999403953552,0.26044625831093426
SPARSE_542,0,37,68,0,0,0,0,0,0,0,0,0.0,7.17083364065,1.6208326068500258,0.0,522.2369384765625,522.2369384765625,OM,-0.43700000643730164,0.26044625831093426
SPARSE_543,0,1,82,70,1,0,0,0,0,0,0,0.0,7.15416697405,0.7374992770500257,0.0,769.7359619140625,769.7359619140625,OM,0.4189999997615814,0.4026286705928697
SPARSE_544,0,15,184,20,0,0,0,0,0,0,0,0.0,7.15416697405,1.299999274800026,0.0,1095.8358154296875,547.9179077148438,OM,-0.006000000052154064,0.3536078614716905
SPARSE_545,0,36,27,0,0,0,0,0,0,0,0,0.0,7.15416697405,1.5291659405500257,0.0,314.3345031738281,314.3345031738281,OM,-0.5820000171661377,0.26044625831093426
SPARSE_546,0,39,35,0,0,0,0,0,0,0,0,0.0,7.14583364075,0.6291659441500257,0.0,371.0372314453125,371.0372314453125,AS,-0.5590000003576279,0.3145054294361247
SPARSE_547,0,36,28,0,0,0,0,0,0,0,0,0.0,7.14583364075,1.2791659415500258,0.0,322.23828125,322.23828125,OM,-0.5910000205039978,0.3536078614716905
SPARSE_548,0,33,61,0,0,0,0,0,0,0,0,0.0,7.13750030745,1.2124992751500256,0.0,468.5374450683594,468.5374450683594,OM,-0.4230000078678131,0.2852798888551622
SPARSE_549,0,66,66,0,0,0,0,0,0,0,0,0.0,7.1333336408,1.5124992739500258,0.0,660.9815673828125,330.49078369140625,OM,-0.5350000262260437,0.26044625831093426
SPARSE_550,0,7,75,1,0,0,0,0,0,0,0,0.0,7.13750030745,1.6291659401500258,0.0,409.8517150878906,409.8517150878906,OM,-0.16899999976158142,0.26044625831093426
SPARSE_551,0,24,55,0,0,0,0,0,0,0,0,0.0,7.1291669741499994,1.1708326086500258,0.0,394.51104736328125,394.51104736328125,OM,-0.3889999985694885,0.2852798888551622
SPARSE_552,0,45,22,0,0,0,0,0,0,0,0,0.0,7.1291669741499994,1.237499275050026,0.0,335.5653991699219,335.5653991699219,OM,-0.6660000085830688,0.2852798888551622
SPARSE_553,0,1,95,5,0,0,0,0,0,0,0,0.0,7.1291669741499994,1.587499273650026,0.0,507.8801574707031,507.8801574707031,OM,0.03400000184774399,0.26044625831093426
SPARSE_554,0,55,95,3,0,0,0,0,0,0,0,0.0,7.12083364085,0.5999992776000257,0.0,761.7325439453125,380.86627197265625,AS,-0.39100000262260437,0.4026286705928697
SPARSE_555,0,4,74,4,0,0,0,0,0,0,0,0.0,7.12083364085,0.7124992771500257,0.0,406.9818115234375,406.9818115234375,OM,-0.04699999839067459,0.29776318820211267
SPARSE_556,0,6,75,2,0,0,0,0,0,0,0,0.0,7.12083364085,1.0708326090500258,0.0,414.20703125,414.20703125,OM,-0.13099999725818634,0.2852798888551622
SPARSE_557,0,1,60,6,0,0,0,0,0,0,0,0.0,7.12083364085,1.129165942150026,0.0,336.74755859375,336.74755859375,OM,0.07199999690055847,0.2852798888551622
SPARSE_558,0,34,63,0,0,0,0,0,0,0,0,0.0,7.1125003075499995,1.0541659424500258,0.0,485.2840270996094,485.2840270996094,OM,-0.421999990940094,0.2852798888551622
SPARSE_559,0,1,55,8,0,0,0,0,0,0,0,0.0,7.1125003075499995,1.262499274950026,0.0,318.1175231933594,318.1175231933594,OM,0.12800000607967377,0.2852798888551622
SPARSE_560,0,20,42,0,0,0,0,0,0,0,0,0.0,7.10416697425,0.6624992773500258,0.0,312.4383850097656,312.4383850097656,AS,-0.38600000739097595,0.3145054294361247
SPARSE_561,0,5,280,235,2,0,0,0,0,0,0,0.0,7.102083640925,0.7312492770750257,0.0,2613.25244140625,653.3131103515625,OM,0.41600000858306885,0.4026286705928697
SPARSE_562,0,61,93,0,0,0,0,0,0,0,0,0.0,7.1000003076,1.5999992736000257,0.0,772.0733642578125,386.03668212890625,OM,-0.47699999809265137,0.22319290547185902
SPARSE_563,0,3,105,10,0,0,0,0,0,0,0,0.0,7.08750030765,0.9124992763500258,0.0,588.6876220703125,588.6876220703125,OM,0.05000000074505806,0.29776318820211267
SPARSE_564,0,24,39,0,0,0,0,0,0,0,0,0.0,7.08750030765,0.9874992760500257,0.0,314.8311462402344,314.8311462402344,OM,-0.44699999690055847,0.2852798888551622
SPARSE_565,0,4,61,0,0,0,0,0,0,0,0,0.0,7.08750030765,1.6291659401500258,0.0,322.1379699707031,322.1379699707031,OM,-0.18400000035762787,0.22319290547185902
SPARSE_566,0,45,26,0,0,0,0,0,0,0,0,0.0,7.07916697435,1.0624992757500258,0.0,353.7295227050781,353.7295227050781,OM,-0.6349999904632568,0.2852798888551622
SPARSE_567,0,46,26,0,0,0,0,0,0,0,0,0.0,7.07916697435,1.2041659418500257,0.0,360.7310485839844,360.7310485839844,OM,-0.6389999985694885,0.2852798888551622
SPARSE_568,0,0,61,0,0,0,0,0,0,0,0,0.0,7.07083364105,0.7124992771500257,0.0,304.0246887207031,304.0246887207031,OM,-0.1809999942779541,0.09050966394578062
SPARSE_569,0,0,48,20,0,0,0,0,0,0,0,0.0,7.07083364105,1.029165942550026,0.0,336.5916748046875,336.5916748046875,OM,0.3050000071525574,0.2852798888551622
SPARSE_570,0,55,12,0,0,0,0,0,0,0,0,0.0,7.07083364105,1.362499274550026,0.0,337.8661804199219,337.8661804199219,OM,-0.7070000171661377,0.18724678021320965
SPARSE_571,0,31,53,0,0,0,0,0,0,0,0,0.0,7.06250030775,1.237499275050026,0.0,422.9418029785156,422.9418029785156,OM,-0.4399999976158142,0.2852798888551622
SPARSE_572,0,8,76,0,0,0,0,0,0,0,0,0.0,7.06250030775,1.595832606950026,0.0,419.6627197265625,419.6627197265625,OM,-0.2381249973550439,0.22319290547185902
SPARSE_573,0,31,338,0,0,0,0,0,0,0,0,0.0,7.056250307775,1.6208326068500258,0.0,1843.876953125,460.96923828125,OM,-0.22699999809265137,0.22319290547185902
SPARSE_574,1,71,7,0,0,0,0,0,0,0,0,0.0,7.05416697445,0.9958326093500257,0.0,393.6059265136719,393.6059265136719,OM,-0.9269999861717224,0.2852798888551622
SPARSE_575,0,22,44,0,0,0,0,0,0,0,0,0.0,7.05416697445,1.0874992756500257,0.0,328.7499084472656,328.7499084472656,OM,-0.4090000092983246,0.2852798888551622
SPARSE_576,0,17,53,0,0,0,0,0,0,0,0,0.0,7.05416697445,1.2208326084500256,0.0,353.4153137207031,353.4153137207031,OM,-0.3370000123977661,0.2852798888551622
SPARSE_577,0,43,47,0,0,0,0,0,0,0,0,0.0,7.037500307849999,1.5041659406500258,0.0,448.89312744140625,448.89312744140625,OM,-0.5230000056326389,0.18724678021320965
SPARSE_578,0,1,62,1,0,0,0,0,0,0,0,0.0,7.037500307849999,1.6124992735500259,0.0,317.20001220703125,317.20001220703125,OM,-0.04600000008940697,0.22319290547185902
SPARSE_579,0,52,30,0,0,0,0,0,0,0,0,0.0,7.02916697455,1.0541659424500258,0.0,406.863037109375,406.863037109375,OM,-0.6349999904632568,0.2852798888551622
SPARSE_580,0,6,54,1,0,0,0,0,0,0,0,0.0,7.02916697455,1.2291659417500256,0.0,306.6851501464844,306.6851501464844,OM,-0.17499999701976776,0.2852798888551622
SPARSE_581,0,1,83,1,0,0,0,0,0,0,0,0.0,7.02916697455,1.587499273650026,0.0,428.0294189453125,428.0294189453125,OM,-0.04600000008940697,0.22319290547185902
SPARSE_582,2,40,33,1,0,0,0,0,0,0,0,0.0,7.020833641249999,0.7041659438500257,0.0,378.8266906738281,378.8266906738281,AS,-0.5920000076293945,0.4831618129507924
SPARSE_583,0,23,54,0,0,0,0,0,0,0,0,0.0,7.020833641249999,1.137499275450026,0.0,385.97314453125,385.97314453125,OM,-0.38600000739097595,0.2852798888551622
SPARSE_584,0,29,32,0,0,0,0,0,0,0,0,0.0,7.020833641249999,1.1708326086500258,0.0,302.294189453125,302.294189453125,OM,-0.5180000066757202,0.2852798888551622
SPARSE_585,0,11,314,0,0,0,0,0,0,0,0,0.0,7.01250030795,1.4645826074750259,0.0,1623.3271484375,405.831787109375,OM,-0.19300000369548798,0.18724678021320965
SPARSE_586,1,45,79,6,0,0,0,0,0,0,0,0.0,7.01250030795,0.9541659428500259,0.0,655.9910278320312,655.9910278320312,OM,-0.35100001096725464,0.4866335997252887
SPARSE_587,0,55,172,0,0,0,0,0,0,0,0,0.0,7.006944752416667,1.3847214966833592,0.0,1134.4267578125,378.1422424316406,OM,-0.4050000011920929,0.18724678021320965
SPARSE_588,0,103,10,0,0,0,0,0,0,0,0,0.0,7.01250030795,1.5208326072500258,0.0,566.2379760742188,566.2379760742188,OM,-0.7870000004768372,0.18724678021320965
SPARSE_589,0,3,117,8,0,0,0,0,0,0,0,0.0,7.0041669746499995,1.0874992756500257,0.0,643.8310546875,643.8310546875,OM,0.026000000536441803,0.2852798888551622
SPARSE_590,0,26,58,0,0,0,0,0,0,0,0,0.0,7.0041669746499995,1.1624992753500258,0.0,416.9779052734375,416.9779052734375,OM,-0.39100000262260437,0.2852798888551622
SPARSE_591,0,27,100,0,0,0,0,0,0,0,0,0.0,7.0041669746499995,1.587499273650026,0.0,632.653076171875,632.653076171875,OM,-0.3569999933242798,0.22319290547185902
SPARSE_592,0,13,48,0,0,0,0,0,0,0,0,0.0,7.0041669746499995,1.6124992735500259,0.0,307.3186340332031,307.3186340332031,OM,-0.3569999933242798,0.22319290547185902
SPARSE_593,0,5,61,0,0,0,0,0,0,0,0,0.0,7.0041669746499995,1.6291659401500258,0.0,331.66253662109375,331.66253662109375,OM,-0.210999995470047,0.22319290547185902
SPARSE_594,0,12,203,0,0,0,0,0,0,0,0,0.0,6.9916669747,0.6541659440500257,0.0,1074.64453125,537.322265625,OM,-0.3059999942779541,0.14424977931595825
SPARSE_595,0,20,46,0,0,0,0,0,0,0,0,0.0,6.9875003080499996,0.5624992777500257,0.0,335.1366882324219,335.1366882324219,AS,-0.3610000014305115,0.3331835641259771
SPARSE_596,0,9,54,0,0,0,0,0,0,0,0,0.0,6.9875003080499996,1.137499275450026,0.0,316.6612854003906,316.6612854003906,OM,-0.23000000417232513,0.2852798888551622
SPARSE_597,0,46,32,0,0,0,0,0,0,0,0,0.0,6.9875003080499996,1.1791659419500258,0.0,391.6248474121094,391.6248474121094,OM,-0.5979999899864197,0.2852798888551622
SPARSE_598,0,1,74,36,0,0,0,0,0,0,0,0.0,6.97916697475,0.5958326109500257,0.0,552.361572265625,552.361572265625,AS,0.3089999854564667,0.3331835641259771
SPARSE_599,0,5,65,1,0,0,0,0,0,0,0,0.0,6.97916697475,1.1624992753500258,0.0,359.6705017089844,359.6705017089844,OM,-0.11999999731779099,0.2852798888551622
SPARSE_600,0,4,69,8,0,0,0,0,0,0,0,0.0,6.97083364145,0.5791659443500258,0.0,404.4335021972656,404.4335021972656,AS,0.03200000151991844,0.3331835641259771
SPARSE_601,0,2,101,23,0,0,0,0,0,0,0,0.0,6.95416697485,0.5791659443500258,0.0,630.562255859375,630.562255859375,AS,0.15874998923391104,0.3331835641259771
SPARSE_602,0,0,24,62,1,0,0,0,0,0,0,0.0,6.95416697485,0.6374992774500258,0.0,434.7665100097656,434.7665100097656,OM,0.6549999713897705,0.3331835641259771
SPARSE_603,0,3,87,0,0,0,0,0,0,0,0,0.0,6.94583364155,1.3041659414500257,0.0,450.3941345214844,450.3941345214844,OM,-0.1599999964237213,0.1977530936157107
SPARSE_604,0,0,235,26,0,0,0,0,0,0,0,0.0,6.931944752716666,0.6069437220166923,0.0,1302.572509765625,434.1908264160156,AS,0.25999999046325684,0.15627059189873124
SPARSE_605,0,35,59,0,0,0,0,0,0,0,0,0.0,6.93750030825,1.254165941650026,0.0,470.75543212890625,470.75543212890625,OM,-0.47200000286102295,0.1977530936157107
SPARSE_606,3,75,88,5,0,0,0,0,0,0,0,0.0,6.929166974949999,1.0249992759000257,0.0,851.4588012695312,425.7294006347656,OM,-0.47999998927116394,0.4866335997252887
SPARSE_607,3,38,19,0,0,0,0,0,0,0,0,0.0,6.929166974949999,1.0708326090500258,0.0,302.52374267578125,302.52374267578125,OM,-0.7570000290870667,0.4866335997252887
SPARSE_608,0,25,47,4,0,0,0,0,0,0,0,0.0,6.92083364165,0.9958326093500257,0.0,385.32183837890625,385.32183837890625,OM,-0.32600000500679016,0.4866335997252887
SPARSE_609,0,0,451,24,0,0,0,0,0,0,0,0.0,6.9083336417,0.6083326109000258,0.0,2372.942138671875,593.2355346679688,OM,0.25999999046325684,0.1223294681719446
SPARSE_610,1,33,39,2,0,0,0,0,0,0,0,0.0,6.912500308349999,0.9458326095500257,0.0,374.4334411621094,374.4334411621094,OM,-0.4860000014305115,0.4866335997252887
SPARSE_611,0,19,47,0,0,0,0,0,0,0,0,0.0,6.90416697505,1.3041659414500257,0.0,329.1593017578125,329.1593017578125,OM,-0.44600000977516174,0.1578826084280677
SPARSE_612,0,0,102,0,0,0,0,0,0,0,0,0.0,6.8958336417499995,0.5624992777500257,0.0,509.83599853515625,509.83599853515625,OM,0.08699999749660492,0.1223294681719446
SPARSE_613,0,0,101,0,0,0,0,0,0,0,0,0.0,6.8958336417499995,0.7291659437500257,0.0,503.4310607910156,503.4310607910156,OM,-0.16899999976158142,0.012020815111583916
SPARSE_614,0,0,68,0,0,0,0,0,0,0,0,0.0,6.8958336417499995,0.8374992766500258,0.0,339.3125915527344,339.3125915527344,OM,-0.12099999934434891,0.09353073939315655
SPARSE_615,0,5,119,0,0,0,0,0,0,0,0,0.0,6.8958336417499995,1.2291659417500256,0.0,623.7174072265625,623.7174072265625,OM,-0.26600000262260437,0.1578826084280677
SPARSE_616,0,0,370,52,0,0,0,0,0,0,0,0.0,6.8750003085,0.6541659440500257,0.0,2109.67333984375,527.4183349609375,OM,0.34599998593330383,9.946656230357918e-09
SPARSE_617,1,33,40,2,0,0,0,0,0,0,0,0.0,6.8791669751499995,0.9791659427500258,0.0,379.7471008300781,379.7471008300781,OM,-0.4749999940395355,0.4866335997252887
SPARSE_618,1,37,46,3,0,0,0,0,0,0,0,0.0,6.8791669751499995,1.012499275950026,0.0,433.654052734375,433.654052734375,OM,-0.4614285741533552,0.4866335997252887
SPARSE_619,0,33,136,10,0,0,0,0,0,0,0,0.0,6.866666975199999,0.6041659442500258,0.0,897.1646118164062,448.5823059082031,OM,-0.17299999296665192,0.4026286705928697
SPARSE_620,1,25,42,3,0,0,0,0,0,0,0,0.0,6.87083364185,1.1124992755500256,0.0,353.525634765625,353.525634765625,OM,-0.35499998927116394,0.4866335997252887
SPARSE_621,0,0,62,0,0,0,0,0,0,0,0,0.0,6.86250030855,0.7791659435500258,0.0,312.1066589355469,312.1066589355469,OM,-0.28299999237060547,0.09353073939315655
SPARSE_622,0,0,22,49,2,0,0,0,0,0,0,0.0,6.85416697525,0.7458326103500258,0.0,364.84405517578125,364.84405517578125,OM,0.6650000214576721,0.4026286705928697
SPARSE_623,0,9,119,1,0,0,0,0,0,0,0,0.0,6.83750030865,0.5458326111500257,0.0,642.1520385742188,642.1520385742188,OM,-0.17299999296665192,0.24607315487959042
SPARSE_624,5,58,72,11,0,0,0,0,0,0,0,0.0,6.83750030865,0.6791659439500257,0.0,727.9679565429688,727.9679565429688,OM,-0.4320000112056732,0.6186213230486393
SPARSE_625,0,6,61,0,0,0,0,0,0,0,0,0.0,6.83750030865,1.129165942150026,0.0,335.0643310546875,335.0643310546875,OM,-0.2630000114440918,0.19992465279737723
SPARSE_626,0,1,83,0,0,0,0,0,0,0,0,0.0,6.83750030865,1.2124992751500256,0.0,423.0830383300781,423.0830383300781,OM,-0.10499999672174454,0.19992465279737723
SPARSE_627,0,4,82,19,0,0,0,0,0,0,0,0.0,6.82916697535,0.6458326107500257,0.0,525.1287841796875,525.1287841796875,OM,0.11900000274181366,0.3747666054085193
SPARSE_628,0,14,75,4,0,0,0,0,0,0,0,0.0,6.82916697535,1.020832609250026,0.0,464.71087646484375,464.71087646484375,OM,-0.1679999977350235,0.36176646355057634
SPARSE_629,0,0,75,0,0,0,0,0,0,0,0,0.0,6.82916697535,1.254165941650026,0.0,373.8575134277344,373.8575134277344,OM,-0.08100000023841858,0.1578826084280677
SPARSE_630,0,36,34,0,0,0,0,0,0,0,0,0.0,6.82083364205,0.7041659438500257,0.0,353.0205383300781,353.0205383300781,OM,-0.5490000247955322,0.4026286705928697
SPARSE_631,0,22,52,0,0,0,0,0,0,0,0,0.0,6.82083364205,0.8874992764500257,0.0,371.54901123046875,371.54901123046875,OM,-0.4000000059604645,0.2552494862749309
SPARSE_632,0,22,92,0,0,0,0,0,0,0,0,0.0,6.82083364205,0.9124992763500258,0.0,572.0121459960938,572.0121459960938,OM,-0.3149999976158142,0.2552494862749309
SPARSE_633,0,10,57,0,0,0,0,0,0,0,0,0.0,6.82083364205,1.1791659419500258,0.0,334.6470031738281,334.6470031738281,OM,-0.3240000009536743,0.19992465279737723
SPARSE_634,0,25,43,1,0,0,0,0,0,0,0,0.0,6.81250030875,0.6708326106500258,0.0,342.8505859375,342.8505859375,OM,-0.41100001335144043,0.3747666054085193
SPARSE_635,1,65,62,1,0,0,0,0,0,0,0,0.0,6.79583364215,0.7041659438500257,0.0,640.2421875,640.2421875,OM,-0.5490000247955322,0.4026286705928697
SPARSE_636,0,6,163,0,0,0,0,0,0,0,0,0.0,6.79583364215,1.1041659422500256,0.0,845.2798461914062,845.2798461914062,OM,-0.31200000643730164,0.1216223709159458
SPARSE_637,0,19,54,0,0,0,0,0,0,0,0,0.0,6.787500308849999,1.5124992739500258,0.0,365.56109619140625,365.56109619140625,OM,-0.328000009059906,0.3127847565246069
SPARSE_638,0,3,113,0,0,0,0,0,0,0,0,0.0,6.7708336422499995,0.6708326106500258,0.0,576.5899658203125,576.5899658203125,OM,-0.33500000834465027,0.06415605868883796
SPARSE_639,0,1,183,71,0,0,0,0,0,0,0,0.0,6.7708336422499995,1.5541659404500257,0.0,1275.126953125,425.0423278808594,OM,0.27900001406669617,0.3127847565246069
SPARSE_640,0,0,49,14,0,0,0,0,0,0,0,0.0,6.76250030895,0.5874992776500257,0.0,311.1363830566406,311.1363830566406,OM,0.25699999928474426,0.26403093211995826
SPARSE_641,0,19,55,0,0,0,0,0,0,0,0,0.0,6.76250030895,1.2124992751500256,0.0,365.3114318847656,365.3114318847656,OM,-0.40299999713897705,0.19992465279737723
SPARSE_642,0,13,75,2,0,0,0,0,0,0,0,0.0,6.76250030895,1.5041659406500258,0.0,446.2360534667969,446.2360534667969,OM,-0.1999999980131785,0.3127847565246069
SPARSE_643,0,10,54,0,0,0,0,0,0,0,0,0.0,6.75416697565,1.5541659404500257,0.0,319.2868347167969,319.2868347167969,OM,-0.2590000033378601,0.2741939717223132
SPARSE_644,0,22,121,0,0,0,0,0,0,0,0,0.0,6.74583364235,0.8249992767000257,0.0,718.2180786132812,359.1090393066406,OM,-0.2759999930858612,0.2552494862749309
SPARSE_645,0,12,47,2,0,0,0,0,0,0,0,0.0,6.74583364235,1.0958326089500257,0.0,302.3868713378906,302.3868713378906,OM,-0.22499999403953552,0.36176646355057634
SPARSE_646,0,35,32,0,0,0,0,0,0,0,0,0.0,6.74583364235,1.4958326073500259,0.0,337.0078430175781,337.0078430175781,OM,-0.5509999990463257,0.3127847565246069
SPARSE_647,1,42,22,0,0,0,0,0,0,0,0,0.0,6.72916697575,1.020832609250026,0.0,325.2312316894531,325.2312316894531,OM,-0.6790000200271606,0.36176646355057634
SPARSE_648,0,2,60,4,0,0,0,0,0,0,0,0.0,6.72083364245,0.8458326099500257,0.0,327.7264709472656,327.7264709472656,OM,0.02500000037252903,0.28598309487386836
SPARSE_649,0,24,59,0,0,0,0,0,0,0,0,0.0,6.71250030915,0.8208326100500257,0.0,418.16424560546875,418.16424560546875,OM,-0.3779999911785126,0.28598309487386836
SPARSE_650,0,90,60,0,0,0,0,0,0,0,0,0.0,6.7083336424999995,1.5624992737500256,0.0,745.38525390625,372.692626953125,OM,-0.5699999928474426,0.13576450316792887
SPARSE_651,0,29,38,1,0,0,0,0,0,0,0,0.0,6.695833642549999,0.9874992760500257,0.0,340.0319519042969,340.0319519042969,OM,-0.460999995470047,0.4026286705928697
SPARSE_652,0,5,62,7,0,0,0,0,0,0,0,0.0,6.695833642549999,1.0874992756500257,0.0,372.8651428222656,372.8651428222656,OM,-0.010999999940395355,0.36176646355057634
SPARSE_653,0,11,48,2,0,0,0,0,0,0,0,0.0,6.695833642549999,1.137499275450026,0.0,303.5898742675781,303.5898742675781,OM,-0.20800000429153442,0.36176646355057634
SPARSE_654,0,26,186,0,0,0,0,0,0,0,0,0.0,6.6750003093,1.541665940500026,0.0,1061.2484130859375,530.6242065429688,OM,-0.3779999911785126,0.13576450316792887
SPARSE_655,0,0,37,26,0,0,0,0,0,0,0,0.0,6.67083364265,1.1791659419500258,0.0,317.4601745605469,317.4601745605469,OM,0.37700000405311584,0.36176646355057634
SPARSE_656,1,108,59,0,0,0,0,0,0,0,0,0.0,6.67083364265,1.237499275050026,0.0,843.2098999023438,843.2098999023438,OM,-0.6729999780654907,0.36176646355057634
SPARSE_657,0,49,91,1,0,0,0,0,0,0,0,0.0,6.67083364265,1.5124992739500258,0.0,701.9989624023438,701.9989624023438,OM,-0.40799999237060547,0.3326274176176075
SPARSE_658,0,10,50,2,0,0,0,0,0,0,0,0.0,6.6625003093499995,1.2124992751500256,0.0,310.7531433105469,310.7531433105469,OM,-0.17399999499320984,0.36176646355057634
SPARSE_659,0,19,156,28,0,0,0,0,0,0,0,0.0,6.6625003093499995,1.595832606950026,0.0,1009.2864379882812,1009.2864379882812,OM,0.012000000104308128,0.4116926171334575
SPARSE_660,0,2,50,13,0,0,0,0,0,0,0,0.0,6.65416697605,1.137499275450026,0.0,319.5533752441406,319.5533752441406,OM,0.15299999713897705,0.36176646355057634
SPARSE_661,0,27,41,0,0,0,0,0,0,0,0,0.0,6.6458336427499995,1.1208326088500256,0.0,342.6387023925781,342.6387023925781,OM,-0.4399999976158142,0.36176646355057634
SPARSE_662,0,11,71,5,0,0,0,0,0,0,0,0.0,6.6458336427499995,1.1708326086500258,0.0,432.6054992675781,432.6054992675781,OM,-0.12099999934434891,0.36176646355057634
SPARSE_663,0,66,66,1,0,0,0,0,0,0,0,0.0,6.6416669761,1.4958326073500259,0.0,661.8433837890625,330.92169189453125,OM,-0.5339999794960022,0.3746260270627799
SPARSE_664,0,63,763,115,0,0,0,0,0,0,0,0.0,6.632197279168182,1.5268932132863893,0.0,4702.81787109375,427.5289001464844,OM,0.02500000037252903,0.3746260270627799
SPARSE_665,0,23,160,23,0,0,0,0,0,0,0,0.0,6.6458336427499995,1.5583326071000259,0.0,1032.48876953125,516.244384765625,OM,-0.03500000014901161,0.4116926171334575
SPARSE_666,0,14,45,3,0,0,0,0,0,0,0,0.0,6.63750030945,0.8124992767500258,0.0,309.3236083984375,309.3236083984375,OM,-0.2409999966621399,0.4026286705928697
SPARSE_667,0,34,81,7,0,0,0,0,0,0,0,0.0,6.616666976199999,1.4916659407000257,0.0,608.65283203125,304.326416015625,OM,-0.2680000066757202,0.4584161175907917
SPARSE_668,0,26,42,1,0,0,0,0,0,0,0,0.0,6.62083364285,1.579165940350026,0.0,349.482177734375,349.482177734375,OM,-0.4090000092983246,0.4116926171334575
SPARSE_669,0,8,56,0,0,0,0,0,0,0,0,0.0,6.61250030955,0.6791659439500257,0.0,319.6404724121094,319.6404724121094,OM,-0.4189999997615814,0.06415605868883796
SPARSE_670,0,29,56,0,0,0,0,0,0,0,0,0.0,6.61250030955,1.020832609250026,0.0,423.6904602050781,423.6904602050781,OM,-0.4020000100135803,0.3248125567637475
SPARSE_671,0,0,257,0,0,0,0,0,0,0,0,0.0,6.6000003095999995,1.524999273900026,0.0,1284.196044921875,642.0980224609375,OM,-0.08500000089406967,0.02757716509847808
SPARSE_672,0,26,57,2,0,0,0,0,0,0,0,0.0,6.60416697625,1.6124992735500259,0.0,424.3315734863281,424.3315734863281,OM,-0.32600000500679016,0.4116926171334575
SPARSE_673,0,0,59,25,0,0,0,0,0,0,0,0.0,6.57916697635,0.9958326093500257,0.0,423.80755615234375,423.80755615234375,OM,0.28999999165534973,0.3248125567637475
SPARSE_674,0,10,86,2,0,0,0,0,0,0,0,0.0,6.57916697635,1.6624992733500257,0.0,492.4103088378906,492.4103088378906,OM,-0.15000000596046448,0.3075003756572459
SPARSE_675,0,8,74,0,0,0,0,0,0,0,0,0.0,6.570833643049999,0.9208326096500258,0.0,410.0594177246094,410.0594177246094,OM,-0.28299999237060547,0.19728278655625014
SPARSE_676,0,33,61,0,0,0,0,0,0,0,0,0.0,6.570833643049999,1.0458326091500258,0.0,475.5319519042969,475.5319519042969,OM,-0.4099999964237213,0.3248125567637475
SPARSE_677,0,12,98,0,0,0,0,0,0,0,0,0.0,6.54583364315,1.362499274550026,0.0,555.7919311523438,555.7919311523438,OM,-0.23100000619888306,0.24996199703096322
SPARSE_678,0,40,46,0,0,0,0,0,0,0,0,0.0,6.5375003098499995,1.012499275950026,0.0,430.87615966796875,430.87615966796875,OM,-0.5099999904632568,0.3248125567637475
SPARSE_679,0,3,73,6,0,0,0,0,0,0,0,0.0,6.5375003098499995,1.695832606550026,0.0,407.3917541503906,407.3917541503906,OM,0.013000000268220901,0.3075003756572459
SPARSE_680,0,0,191,0,0,0,0,0,0,0,0,0.0,6.525000309899999,1.5541659404500257,0.0,955.3560791015625,477.67803955078125,OM,-0.11500000208616257,0.08286736390915123
SPARSE_681,0,1,79,13,0,0,0,0,0,0,0,0.0,6.52916697655,1.6624992733500257,0.0,470.79833984375,470.79833984375,OM,0.13099999725818634,0.3075003756572459
SPARSE_682,0,106,910,214,1,0,0,0,0,0,0,0.0,6.50265182514091,1.592802303931844,0.0,6154.1708984375,559.4700927734375,OM,0.0560000017285347,0.43303426228516095
SPARSE_683,0,0,16,102,17,0,0,0,0,0,0,0.0,6.51250030995,1.641665940100026,0.0,679.679931640625,339.8399658203125,OM,0.9679999947547913,0.43303426228516095
SPARSE_684,0,1,41,34,1,0,0,0,0,0,0,0.0,6.51250030995,1.6624992733500257,0.0,382.534423828125,382.534423828125,OM,0.41200000047683716,0.43303426228516095
SPARSE_685,0,17,43,2,0,0,0,0,0,0,0,0.0,6.50416697665,0.7208326104500258,0.0,305.9381408691406,305.9381408691406,OM,-0.2930000126361847,0.4026286705928697
SPARSE_686,0,21,146,1,0,0,0,0,0,0,0,0.0,6.50000031,1.4958326073500259,0.0,842.6834716796875,421.34173583984375,OM,-0.210999995470047,0.2834960342768341
SPARSE_687,0,6,62,19,0,0,0,0,0,0,0,0.0,6.50416697665,1.6791659399500256,0.0,433.67559814453125,433.67559814453125,OM,0.12099999934434891,0.43303426228516095
SPARSE_688,0,2,199,2,0,0,0,0,0,0,0,0.0,6.49583364335,1.3208326080500257,0.0,1010.3062133789062,1010.3062133789062,OM,-0.04100000113248825,0.20690241865270434
SPARSE_689,0,25,54,0,0,0,0,0,0,0,0,0.0,6.49583364335,1.5208326072500258,0.0,393.57476806640625,393.57476806640625,OM,-0.3959999978542328,0.2834960342768341
SPARSE_690,0,119,61,0,0,0,0,0,0,0,0,0.0,6.49583364335,1.712499273150026,0.0,899.5489501953125,899.5489501953125,OM,-0.6650000214576721,0.3075003756572459
SPARSE_691,0,17,119,1,0,0,0,0,0,0,0,0.0,6.48750031005,1.4749992741000257,0.0,690.0240478515625,345.01202392578125,OM,-0.210999995470047,0.2834960342768341
SPARSE_692,0,1,38,32,1,0,0,0,0,0,0,0.0,6.48750031005,1.6541659400500257,0.0,360.34979248046875,360.34979248046875,OM,0.41200000047683716,0.43303426228516095
SPARSE_693,0,10,81,21,0,0,0,0,0,0,0,0.0,6.479166976749999,0.7541659436500258,0.0,557.3104248046875,557.3104248046875,OM,0.06300000101327896,0.44497973208786745
SPARSE_694,0,20,70,0,0,0,0,0,0,0,0,0.0,6.479166976749999,1.245832608350026,0.0,448.25115966796875,448.25115966796875,OM,-0.37700000405311584,0.20690241865270434
SPARSE_695,0,1,90,10,0,0,0,0,0,0,0,0.0,6.479166976749999,1.4958326073500259,0.0,506.7057800292969,506.7057800292969,OM,0.09300000220537186,0.2834960342768341
SPARSE_696,0,15,91,15,0,0,0,0,0,0,0,0.0,6.479166976749999,1.6208326068500258,0.0,604.4946899414062,604.4946899414062,OM,-0.032999999821186066,0.43303426228516095
SPARSE_697,0,27,60,4,0,0,0,0,0,0,0,0.0,6.47083364345,0.8708326098500258,0.0,456.9176940917969,456.9176940917969,OM,-0.3050000071525574,0.44497973208786745
SPARSE_698,0,1,58,7,0,0,0,0,0,0,0,0.0,6.47083364345,1.5291659405500257,0.0,328.3594665527344,328.3594665527344,OM,0.1080000028014183,0.2834960342768341
SPARSE_699,0,52,158,1,0,0,0,0,0,0,0,0.0,6.47083364345,1.741665939700026,0.0,1055.30615234375,527.653076171875,OM,-0.3230000138282776,0.3075003756572459
SPARSE_700,0,1,50,14,0,0,0,0,0,0,0,0.0,6.462500310149999,1.470832607450026,0.0,328.9617614746094,328.9617614746094,OM,0.1860000044107437,0.3510289623940204
SPARSE_701,0,23,95,10,0,0,0,0,0,0,0,0.0,6.462500310149999,1.6083326069000257,0.0,645.3338623046875,322.66693115234375,OM,-0.14300000667572021,0.43303426228516095
SPARSE_702,0,24,41,0,0,0,0,0,0,0,0,0.0,6.45416697685,1.3458326079500256,0.0,328.0869140625,328.0869140625,OM,-0.46799999475479126,0.20690241865270434
SPARSE_703,0,0,29,32,0,0,0,0,0,0,0,0.0,6.45416697685,1.5041659406500258,0.0,304.8567810058594,304.8567810058594,OM,0.47600001096725464,0.2834960342768341
SPARSE_704,0,2,173,0,0,0,0,0,0,0,0,0.0,6.4500003102,1.5458326071500257,0.0,873.5577392578125,436.77886962890625,OM,-0.1599999964237213,0.1584466282599453
SPARSE_705,0,35,142,16,0,0,0,0,0,0,0,0.0,6.45416697685,1.5833326070000258,0.0,963.9879150390625,481.99395751953125,OM,-0.14300000667572021,0.43303426228516095
SPARSE_706,1,48,44,1,0,0,0,0,0,0,0,0.0,6.445833643549999,0.8958326097500257,0.0,473.66510009765625,473.66510009765625,OM,-0.5619999766349792,0.44497973208786745
SPARSE_707,0,3,76,1,0,0,0,0,0,0,0,0.0,6.445833643549999,1.0791659423500257,0.0,397.0538024902344,397.0538024902344,OM,-0.1120000034570694,0.2314222230219458
SPARSE_708,0,150,277,0,0,0,0,0,0,0,0,0.0,6.435416976925,1.1791659419500258,0.0,2135.793212890625,533.9483032226562,OM,-0.44699999690055847,0.2314222230219458
SPARSE_709,0,0,177,0,0,0,0,0,0,0,0,0.0,6.4416669769,1.5624992737500256,0.0,885.6868896484375,442.84344482421875,OM,-0.15399999916553497,0.08286736390915123
SPARSE_710,0,66,238,0,0,0,0,0,0,0,0,0.0,6.4416669769,1.6124992735500259,0.0,1518.9423828125,379.735595703125,OM,-0.34299999475479126,0.24630694459339486
SPARSE_711,0,9,149,9,0,0,0,0,0,0,0,0.0,6.4416669769,1.7541659396500258,0.0,833.1533203125,416.57666015625,OM,-0.03799999877810478,0.3075003756572459
SPARSE_712,0,3,787,252,0,0,0,0,0,0,0,0.0,6.4291669769499995,1.502499273990026,0.0,5208.36962890625,520.8369750976562,OM,0.2630000114440918,0.2834960342768341
SPARSE_713,1,71,139,7,0,0,0,0,0,0,0,0.0,6.431944754716667,1.5847214958833589,0.0,1087.643310546875,362.5477600097656,OM,-0.34299999475479126,0.43303426228516095
SPARSE_714,0,7,164,2,0,0,0,0,0,0,0,0.0,6.4333336436,1.6374992734500258,0.0,864.4839477539062,432.2419738769531,OM,-0.1120000034570694,0.24630694459339486
SPARSE_715,0,2,64,1,0,0,0,0,0,0,0,0.0,6.43750031025,1.6708326066500256,0.0,335.6616516113281,335.6616516113281,OM,-0.09600000083446503,0.24630694459339486
SPARSE_716,0,41,65,0,0,0,0,0,0,0,0,0.0,6.43750031025,1.704165939850026,0.0,532.7405395507812,532.7405395507812,OM,-0.45100000500679016,0.299813278268206
SPARSE_717,1,19,43,15,1,0,0,0,0,0,0,0.0,6.4291669769499995,1.237499275050026,0.0,393.23809814453125,393.23809814453125,OM,-0.11299999803304672,0.6668395757459169
SPARSE_718,0,1,117,10,0,0,0,0,0,0,0,0.0,6.4291669769499995,1.6541659400500257,0.0,635.5568237304688,635.5568237304688,OM,0.11400000005960464,0.24630694459339486
SPARSE_719,0,34,29,0,0,0,0,0,0,0,0,0.0,6.42083364365,1.0791659423500257,0.0,315.5703125,315.5703125,OM,-0.5619999766349792,0.2314222230219458
SPARSE_720,0,0,418,0,0,0,0,0,0,0,0,0.0,6.410833643689999,1.6058326069100257,0.0,2091.199462890625,418.2398986816406,OM,0.023000000044703484,0.12614594641170968
SPARSE_721,0,20,396,23,0,0,0,0,0,0,0,0.0,6.405555865933333,1.6819437177166927,0.0,2193.5693359375,365.5948791503906,OM,-0.027000000700354576,0.299813278268206
SPARSE_722,0,1,16,48,22,0,0,0,0,0,0,0.0,6.41250031035,1.2291659417500256,0.0,440.3268127441406,440.3268127441406,OM,1.0420000553131104,0.6668395757459169
SPARSE_723,0,0,247,15,0,0,0,0,0,0,0,0.0,6.41250031035,1.3374992746500256,0.0,1310.525146484375,436.8417053222656,OM,0.13199999928474426,0.20690241865270434
SPARSE_724,0,0,59,1,0,0,0,0,0,0,0,0.0,6.41250031035,1.5624992737500256,0.0,300.0468444824219,300.0468444824219,OM,0.17499999701976776,0.12614594641170968
SPARSE_725,0,596,1338,0,0,0,0,0,0,0,0,0.0,6.3666669771999995,1.569317455540935,0.0,9668.5263671875,439.4784851074219,OM,-0.4560000002384186,0.1584466282599453
SPARSE_726,0,11,1068,1028,9,0,0,0,0,0,0,0.0,6.372222532733333,1.4979159406750258,0.0,10585.2099609375,441.0504150390625,OM,0.4519999921321869,0.3871799690057626
SPARSE_727,0,1,73,7,0,0,0,0,0,0,0,0.0,6.40416697705,1.5041659406500258,0.0,403.9598693847656,403.9598693847656,OM,0.07400000095367432,0.2834960342768341
SPARSE_728,0,2,61,31,0,0,0,0,0,0,0,0.0,6.40416697705,1.5208326072500258,0.0,464.0471496582031,464.0471496582031,OM,0.2930000126361847,0.3871799690057626
SPARSE_729,0,0,129,0,0,0,0,0,0,0,0,0.0,6.40416697705,1.7624992729500257,0.0,645.0048217773438,645.0048217773438,OM,-0.16199999675154686,0.13686089535721513
SPARSE_730,0,20,79,6,0,0,0,0,0,0,0,0.0,6.39583364375,0.8374992766500258,0.0,522.6478881835938,522.6478881835938,OM,-0.17900000512599945,0.4026286705928697
SPARSE_731,0,67,33,0,0,0,0,0,0,0,0,0.0,6.39583364375,1.1124992755500256,0.0,504.3069152832031,504.3069152832031,OM,-0.6669999957084656,0.29839905862614996
SPARSE_732,0,41,599,51,0,0,0,0,0,0,0,0.0,6.37678602477857,1.1851183228785973,0.0,3455.7021484375,493.6717224121094,OM,-0.017000000923871994,0.3309259729420281
SPARSE_733,0,16,234,2,0,0,0,0,0,0,0,0.0,6.390278088216666,1.6347214956833591,0.0,1253.660888671875,417.886962890625,OM,-0.15700000524520874,0.24630694459339486
SPARSE_734,0,3,76,0,0,0,0,0,0,0,0,0.0,6.38750031045,0.8708326098500258,0.0,394.39495849609375,394.39495849609375,OM,-0.21699999272823334,0.17592896635376795
SPARSE_735,0,8,314,23,0,0,0,0,0,0,0,0.0,6.37916697715,1.222915941775026,0.0,1722.96923828125,430.7423095703125,OM,0.03400000184774399,0.283219525731643
SPARSE_736,0,152,625,7,0,0,0,0,0,0,0,0.0,6.360648458705556,1.6115733476278034,0.0,3920.234375,435.58160400390625,OM,-0.26899999380111694,0.308495810555842
SPARSE_737,0,28,132,1,0,0,0,0,0,0,0,0.0,6.37083364385,1.2499992750000257,0.0,802.73291015625,401.366455078125,OM,-0.2680000066757202,0.283219525731643
SPARSE_738,0,0,131,0,0,0,0,0,0,0,0,0.0,6.3666669771999995,1.4291659409500257,0.0,658.13427734375,329.067138671875,OM,-0.17399999499320984,0.1228414909320625
SPARSE_739,0,12,72,0,0,0,0,0,0,0,0,0.0,6.354166977249999,0.9291659429500257,0.0,417.726806640625,417.726806640625,OM,-0.3440000116825104,0.17592896635376795
SPARSE_740,0,0,143,46,0,0,0,0,0,0,0,0.0,6.3500003106,1.2874992748500258,0.0,942.5844116210938,471.2922058105469,OM,0.2630000114440918,0.283219525731643
SPARSE_741,0,5,66,15,0,0,0,0,0,0,0,0.0,6.354166977249999,1.3958326077500258,0.0,432.3512878417969,432.3512878417969,OM,0.07999999821186066,0.4026286705928697
SPARSE_742,0,68,2164,234,0,0,0,0,0,0,0,0.0,6.309413891009259,1.6205239648759515,0.0,12327.005859375,456.5557861328125,OM,0.05700000002980232,0.308495810555842
SPARSE_743,0,1,67,0,0,0,0,0,0,0,0,0.0,6.354166977249999,1.6624992733500257,0.0,337.0562744140625,337.0562744140625,OM,-0.20600000023841858,0.13686089535721513
SPARSE_744,0,9,121,22,0,0,0,0,0,0,0,0.0,6.3416669773,0.9833326094000258,0.0,755.7587890625,377.87939453125,OM,0.05999999865889549,0.3758921715784229
SPARSE_745,0,0,41,50,0,0,0,0,0,0,0,0.0,6.34583364395,1.2291659417500256,0.0,456.5677795410156,456.5677795410156,OM,0.49399998784065247,0.283219525731643
SPARSE_746,0,13,103,13,0,0,0,0,0,0,0,0.0,6.3416669773,1.4666659408000258,0.0,644.27587890625,322.137939453125,OM,-0.03799999877810478,0.3871799690057626
SPARSE_747,0,38,46,0,0,0,0,0,0,0,0,0.0,6.337500310649999,1.0041659426500256,0.0,420.9051818847656,420.9051818847656,OM,-0.49000000953674316,0.3758921715784229
SPARSE_748,3,94,31,0,0,0,0,0,0,0,0,0.0,6.337500310649999,1.0249992759000257,0.0,639.3517456054688,319.6758728027344,OM,-0.7990000247955322,0.3758921715784229
SPARSE_749,0,3,81,6,0,0,0,0,0,0,0,0.0,6.337500310649999,1.1208326088500256,0.0,451.29852294921875,451.29852294921875,OM,0.009999999776482582,0.30401589434281706
SPARSE_750,0,0,95,0,0,0,0,0,0,0,0,0.0,6.337500310649999,1.3958326077500258,0.0,476.95611572265625,476.95611572265625,OM,-0.18799999356269836,0.1228414909320625
SPARSE_751,0,0,231,0,0,0,0,0,0,0,0,0.0,6.334722532883332,1.418054829883359,0.0,1156.915283203125,385.638427734375,OM,-0.06700000166893005,0.1228414909320625
SPARSE_752,0,0,232,0,0,0,0,0,0,0,0,0.0,6.331944755116667,1.4458326075500256,0.0,1158.4405517578125,386.1468505859375,OM,0.02500000037252903,0.1228414909320625
SPARSE_753,0,0,69,0,0,0,0,0,0,0,0,0.0,6.32916697735,1.354165941250026,0.0,343.1427917480469,343.1427917480469,OM,0.10300000011920929,0.10400640999277173
SPARSE_754,0,116,464,0,0,0,0,0,0,0,0,0.0,6.316071739307143,1.658927844792883,0.0,2902.8291015625,414.68988037109375,OM,-0.34299999475479126,0.22884565213500027
SPARSE_755,0,2,65,0,0,0,0,0,0,0,0,0.0,6.32916697735,1.695832606550026,0.0,334.5614929199219,334.5614929199219,OM,-0.2759999930858612,0.13686089535721513
SPARSE_756,0,3,380,0,0,0,0,0,0,0,0,0.0,6.30916697743,1.077499275690026,0.0,1911.9615478515625,382.3923034667969,OM,-0.16699999570846558,0.15132084813934807
SPARSE_757,0,4,1776,1720,3,0,0,0,0,0,0,0.0,6.282222533093333,1.3127770525266924,0.0,17518.146484375,583.938232421875,OM,0.45500001311302185,0.3250278442306096
SPARSE_758,0,31,421,86,0,0,0,0,0,0,0,0.0,6.31250031075,1.527499273890026,0.0,2685.875,537.1749877929688,OM,0.07699999958276749,0.3871799690057626
SPARSE_759,0,0,91,0,0,0,0,0,0,0,0,0.0,6.3208336440499995,1.7291659397500259,0.0,454.2969055175781,454.2969055175781,OM,0.07400000095367432,0.13686089535721513
SPARSE_760,0,0,113,0,0,0,0,0,0,0,0,0.0,6.31250031075,1.4291659409500257,0.0,568.6463623046875,568.6463623046875,OM,0.11100000143051147,0.1228414909320625
SPARSE_761,0,3,149,221,11,0,0,0,0,0,0,0.0,6.298611421916667,1.2152770529166927,0.0,1919.39453125,639.7981567382812,OM,0.5830000042915344,0.46103362436820206
SPARSE_762,0,24,140,12,0,0,0,0,0,0,0,0.0,6.3000003108,1.5666659404000258,0.0,884.78857421875,442.394287109375,OM,-0.11100000143051147,0.3871799690057626
SPARSE_763,0,59,291,4,0,0,0,0,0,0,0,0.0,6.28250031087,1.0841659423300256,0.0,1766.6478271484375,353.3295593261719,OM,-0.2409999966621399,0.30401589434281706
SPARSE_764,0,0,416,0,0,0,0,0,0,0,0,0.0,6.2925003108299995,1.4141659410100256,0.0,2080.895751953125,416.17913818359375,OM,-0.05859999768435955,0.1228414909320625
SPARSE_765,0,24,58,2,0,0,0,0,0,0,0,0.0,6.29583364415,1.5374992738500257,0.0,420.0823974609375,420.0823974609375,OM,-0.3199999928474426,0.3871799690057626
SPARSE_766,0,2,140,0,0,0,0,0,0,0,0,0.0,6.29583364415,1.6749992733000258,0.0,710.88671875,355.443359375,OM,-0.23999999463558197,0.13686089535721513
SPARSE_767,0,0,76,58,0,0,0,0,0,0,0,0.0,6.28750031085,1.1541659420500259,0.0,669.4415893554688,669.4415893554688,OM,0.40799999237060547,0.30401589434281706
SPARSE_768,0,76,82,0,0,0,0,0,0,0,0,0.0,6.28750031085,1.7083326065000257,0.0,788.1475219726562,394.0737609863281,OM,-0.5260000228881836,0.2076017909801502
SPARSE_769,0,5,117,0,0,0,0,0,0,0,0,0.0,6.28750031085,1.804165939450026,0.0,614.4085693359375,614.4085693359375,OM,-0.1809999942779541,0.2076017909801502
SPARSE_770,0,392,2562,3,0,0,0,0,0,0,0,0.0,6.254924553404545,1.5021457386379047,0.0,14782.5771484375,447.9568786621094,OM,-0.2741443989721445,0.23447808393225175
SPARSE_771,0,86,432,7,0,0,0,0,0,0,0,0.0,6.261111422066667,1.5569437182166928,0.0,2628.584228515625,438.0973815917969,OM,-0.23000000417232513,0.31254120023473336
SPARSE_772,0,7,970,9,0,0,0,0,0,0,0,0.0,6.264583644275,1.656249273375026,0.0,4931.333984375,410.9444885253906,OM,-0.02800000086426735,0.2076017909801502
SPARSE_773,0,4,54,3,0,0,0,0,0,0,0,0.0,6.27083364425,1.3791659411500259,0.0,307.7878723144531,307.7878723144531,OM,-0.054999989767869316,0.3250278442306096
SPARSE_774,0,3,178,183,3,0,0,0,0,0,0,0.0,6.26250031095,1.587499273650026,0.0,1830.465087890625,610.155029296875,OM,0.4690000116825104,0.4101219413489799
SPARSE_775,0,39,177,0,0,0,0,0,0,0,0,0.0,6.27083364425,1.7333326064000256,0.0,1080.0601806640625,540.0300903320312,OM,-0.34700000286102295,0.2076017909801502
SPARSE_776,0,0,349,347,0,0,0,0,0,0,0,0.0,6.242262215792857,1.0815468947214542,0.0,3479.165283203125,497.02362060546875,OM,0.460999995470047,0.14372658987076653
SPARSE_777,0,0,84,22,0,0,0,0,0,0,0,0.0,6.22083364445,1.0874992756500257,0.0,525.8461303710938,525.8461303710938,OM,0.34299999475479126,0.14372658987076653
SPARSE_778,0,77,74,0,0,0,0,0,0,0,0,0.0,6.2166669778,1.3791659411500259,0.0,756.1744384765625,378.08721923828125,OM,-0.5429999828338623,0.3250278442306096
SPARSE_779,0,5,53,3,0,0,0,0,0,0,0,0.0,6.2125003111499995,1.3208326080500257,0.0,304.9580383300781,304.9580383300781,OM,-0.07699999958276749,0.3250278442306096
SPARSE_780,1,30,58,9,0,0,0,0,0,0,0,0.0,6.1958336445499995,1.4458326075500256,0.0,493.7198486328125,493.7198486328125,OM,-0.2741443989721445,0.558995931554948
SPARSE_781,1,21,40,6,0,0,0,0,0,0,0,0.0,6.18750031125,1.4208326076500257,0.0,339.8232421875,339.8232421875,OM,-0.2741443989721445,0.558995931554948
