cat,h_tier1,h_tier2,h_tier3,h_tier4,h_tier5,hospital_1,hospital_2,hospital_3,hospital_4,hospital_5,schools,school_total_demand,lat,lon,distance_grid_km,pop_sum,density,cooling,rwi,rwi_std
GHSL_1,0,0,176,167,0,0,0,0,0,0,0,0.0,-20.611752067504028,26.368691792777657,14.49,1715.92417907715,30500.4386689623,NA,-0.454,0.4728747931892978
GHSL_3,0,0,0,88,76,0,0,0,0,0,0,0.0,-24.24077750236668,25.855539332391192,1.98,821.233595848083,3179.0836153361,NA,0.531,0.6595550465719865
GHSL_4,0,0,69,73,0,0,0,0,0,0,0,0.0,-24.459058181342595,25.795334784837486,9.62,706.798429489136,2511.93573541857,NA,-0.434,0.6595550465719865
GHSL_6,0,0,45,232,3,0,0,0,0,0,0,0.0,-24.751207777481728,24.85128398681367,14.44,1399.30236816406,11216.3820329523,NA,-0.147,0.40869530414260224
GHSL_7,0,0,61,94,0,0,0,0,0,0,0,0.0,-24.753545660184013,24.84807580362799,14.72,778.473937988281,11093.6391202924,NA,-0.364,0.40869530414260224
GHSL_8,0,0,0,226,788,0,0,0,0,0,7,52380000.0,-21.981735772677702,28.429359428496202,0.22,5096.27127468586,755.727439925806,NA,0.788,0.4581197060892686
GHSL_11,0,0,8,126,5,0,0,0,0,0,1,4380000.0,-22.369996912554846,26.67688379697003,3.94,697.305603861809,510.627268423906,NA,0.029,0.4623083175254826
GHSL_12,0,0,0,119,562,0,0,0,0,0,1,7476000.0,-22.380615814470456,26.7209934789711,0.05,3436.83251214027,679.599630095545,NA,0.84,0.4623083175254826
GHSL_13,0,0,0,118,2553,0,1,0,0,0,10,64308000.0,-22.420272160695877,26.706966322430045,3.31,14137.8860539198,765.462098623144,NA,1.078,0.4623083175254826
GHSL_14,0,0,0,445,1079,0,2,0,0,0,8,51416500.0,-22.42471826794209,26.750948511928186,0.51,7644.68776941299,1023.61208173951,NA,0.723,0.4623083175254826
GHSL_15,0,0,293,615,2,0,0,0,0,0,2,15600000.0,-23.139197399427317,26.83949117291547,2.31,4547.22460794449,1021.19235206378,NA,-0.306,0.5335366978320407
GHSL_16,0,0,0,46,1489,1,0,0,0,0,6,46032000.0,-23.119619623317174,26.80347558236467,0.61,8337.31012701988,997.996104124996,NA,1.134,0.6000392259904954
GHSL_17,0,0,0,7,108,0,0,0,0,0,0,0.0,-24.390485775280425,26.12593524700925,10.25,601.277901172638,863.929855991031,NA,1.025,0.5547016214455752
GHSL_18,0,0,0,453,801,0,0,0,0,0,5,35208000.0,-24.36688832630922,26.16490813670329,15.41,6284.1920580864,905.871932712698,NA,0.665,0.5547016214455752
GHSL_20,0,0,0,6,343,0,1,0,0,0,2,20436000.0,-21.425482335632218,27.44993613933824,2.17,1989.27387809753,1091.56579885554,NA,1.211,0.4623083175254826
GHSL_21,0,0,0,4,125,0,1,0,0,0,3,18012000.0,-24.39494669188158,26.143921580856187,11.82,699.366105556488,1419.57152104187,NA,1.143,0.5547016214455752
GHSL_22,0,0,0,424,862,0,3,0,0,0,7,39816000.0,-22.383707056937343,26.690828722121346,2.08,6445.00492537022,859.974269558858,NA,0.691,0.4623083175254826
GHSL_23,0,0,0,242,1392,1,0,0,0,0,6,31517400.0,-22.41625467596267,26.718927179322705,1.19,8262.68948960304,980.247370947853,NA,0.874,0.4623083175254826
GHSL_24,0,0,0,426,3734,0,5,0,0,0,10,87588000.0,-23.101117410758743,26.821201639094046,0.56,21236.9831352234,1122.87703150328,NA,0.942,0.5335366978320407
GHSL_25,0,0,0,748,2493,1,3,0,0,0,8,50784000.0,-24.381566150829514,26.14095491182073,12.71,16286.8272128105,1230.86882001255,NA,0.78,0.5547016214455752
GHSL_26,0,0,3,1211,597,1,0,0,0,0,7,36768000.0,-21.970479064393132,28.408513205372866,0.19,9056.77022385597,752.790515942675,NA,0.426,0.4581197060892686
GHSL_27,0,0,0,189,2240,0,4,0,0,0,10,66152500.0,-21.44719884289528,27.46261009818396,2.28,12514.1966781616,794.921093137146,NA,0.989,0.5335366978320407
GHSL_28,0,0,0,174,1621,0,1,0,0,0,4,16128000.0,-24.420003183102573,26.07877493809608,5.73,9175.62662553787,1066.04226371028,NA,0.952,0.5547016214455752
GHSL_29,0,0,1,1060,1310,0,2,0,0,0,4,43272000.0,-19.99491158472707,23.39757591034132,1.53,11863.2216191292,1161.40046180649,NA,0.598,0.3822448743276302
GHSL_30,0,0,0,72,219,0,0,0,0,0,3,32304000.0,-21.333345245121308,25.368427827350306,2.04,1462.44425392151,2031.93455034737,AY,0.763,0.42035436979369617
GHSL_33,0,0,0,363,1583,0,1,0,0,0,5,59148000.0,-21.407530559256166,25.5759695775513,17.6,9805.96255326271,1105.16611205142,AY,0.827,0.42035436979369617
GHSL_34,0,0,0,29,532,0,0,0,0,0,3,25648300.0,-21.69485354245074,21.646832775068567,0.94,2944.11085581779,1892.69203821101,NA,1.054,0.5418975263997798
GHSL_35,0,0,3,1784,1134,1,12,0,0,0,19,149241800.0,-24.400017878448036,25.502617774317685,0.51,14607.8044811487,465.314283746947,NA,0.473,0.5335366978320407
GHSL_36,0,0,0,8,129,0,0,0,0,0,0,0.0,-24.36899928120802,25.53096968061532,4.17,716.115934371948,4360.15327702552,NA,1.031,0.6595550465719865
GHSL_37,0,0,0,159,3085,0,0,0,0,0,12,88374700.0,-24.62186672291137,25.88911249895396,0.55,17068.5881927013,1682.17168664558,NA,1.062,0.428979103496486
GHSL_38,0,0,0,26,539,0,2,0,0,0,3,33048000.0,-24.66545326456906,25.929168856483308,1.34,2980.21891570091,1712.92109514343,NA,1.07,0.428979103496486
GHSL_39,0,0,0,88,118,0,1,0,0,0,0,0.0,-24.691257133474544,25.882634491717244,0.61,1032.2284052372,1350.37729622867,NA,0.612,0.5335366978320407
GHSL_41,0,0,0,19,278,0,0,0,0,0,1,12000000.0,-24.659346308439844,25.96212942297467,0.21,1541.34906768799,1660.15293179296,NA,1.018,0.428979103496486
GHSL_49,0,0,0,9,901,0,1,0,0,0,4,38868000.0,-24.670627269529824,25.98513293782529,0.02,5542.09322738647,1603.50241718978,NA,1.284,0.428979103496486
GHSL_50,0,0,0,79,148,0,1,0,0,0,1,6012000.0,-24.958331131805757,25.33036155679971,2.96,1134.98917365074,1215.08775870454,NA,0.677,0.40869530414260224
GHSL_51,0,0,0,177,1027,0,0,0,0,0,2,12168000.0,-24.976740091697785,25.31290127247722,4.85,6090.35050749779,1315.2483255695,NA,0.875,0.40869530414260224
GHSL_52,0,0,0,5,514,0,0,0,0,0,0,0.0,-25.227648900769196,25.669929657236086,0.81,3150.07914543152,8449.42047935582,NA,1.28,0.3546843667262486
GHSL_56,0,0,0,104,243,0,0,0,0,0,0,0.0,-24.591865865140015,25.837510345975808,0.85,1741.32009792328,5869.6314977897,NA,0.717,0.5335366978320407
GHSL_57,0,0,0,3,66,0,0,0,0,0,0,0.0,-24.597165908424003,25.913273244454412,2.69,368.172703266144,1964.97109040041,NA,1.084,0.428979103496486
GHSL_58,0,0,0,6,127,0,1,0,0,0,0,0.0,-24.597852564174268,25.922940686852986,3.06,703.958665370941,1387.27192383047,NA,1.084,0.428979103496486
GHSL_59,0,0,3,497,140,0,1,0,0,0,2,10716000.0,-24.888104191776385,25.869909585367093,3.01,3200.9588906765,1304.73874789582,NA,0.325,0.5335366978320407
GHSL_62,0,0,55,875,38,0,0,0,0,0,0,0.0,-25.046121686696512,25.744642389969652,1.11,4839.82567596436,7976.61152882319,NA,0.029,0.524189144042348
GHSL_63,0,0,0,132,2180,0,0,0,0,0,0,0.0,-24.567650792565058,25.84929325095183,2.09,12069.0109739304,4223.01520977873,NA,1.039,0.6595550465719865
GHSL_64,0,0,1,98,29,0,1,0,0,0,2,13260000.0,-21.984424954314168,27.81397487655678,0.01,639.446212410927,1029.72489540574,NA,0.336,0.4887773504715889
GHSL_65,0,0,0,86,153,0,0,0,0,0,0,0.0,-24.558980397751387,25.803840485452415,0.56,1196.01449966431,4786.20221725055,NA,0.667,0.5335366978320407
GHSL_66,0,0,0,43,72,0,0,0,0,0,2,15060000.0,-24.60661113739982,25.937080026681674,3.26,576.205952167511,1537.82867924116,NA,0.652,0.428979103496486
GHSL_67,0,0,32,192,3,0,0,0,0,0,0,0.0,-25.03509287735721,25.756897821351075,0.51,1132.53149795532,8088.02097350931,NA,-0.122,0.524189144042348
GHSL_68,0,0,0,0,169,0,1,0,0,0,2,12024000.0,-25.200129879870588,25.694054383961156,1.52,1316.67345666885,3458.91131314708,NA,1.458,0.3546843667262486
GHSL_69,0,0,0,16,152,0,0,0,0,0,0,0.0,-24.60260985700711,25.85097588757533,1.17,857.208220481873,3660.46133554649,NA,0.955,0.5335366978320407
GHSL_70,0,0,0,347,1051,0,1,0,0,0,4,38824300.0,-21.335195096613628,25.366558737521757,2.11,7022.72698235512,1884.48537900079,AY,0.763,0.42035436979369617
GHSL_71,0,0,0,373,1111,1,1,0,0,0,4,48000000.0,-21.41915697502003,25.581495092113293,18.15,7452.50843667984,1926.40369121531,AY,0.76,0.42035436979369617
GHSL_72,0,0,0,7,4876,1,3,0,0,0,15,96108800.0,-21.980676881505993,27.840808635389635,1.96,41628.6313049793,4558.52880072535,NA,1.504,0.4887773504715889
GHSL_73,0,0,0,1577,14814,0,23,1,0,0,52,464267500.0,-24.64905577110502,25.908069844370264,0.19,83822.4589784145,1842.84557231777,NA,0.953,0.428979103496486
GHSL_74,0,0,0,24,3227,0,3,0,0,0,9,57920900.0,-24.62454402232889,25.86380387803615,0.83,20532.6504967213,1855.21093000506,NA,1.317,0.5335366978320407
GHSL_75,0,0,0,2,1753,0,2,0,0,0,7,69048000.0,-24.670610765766703,25.965052077530473,0.03,16381.9759802818,1764.50611353612,NA,1.546,0.428979103496486
GHSL_76,0,0,0,0,176,0,0,0,0,0,1,9264000.0,-24.648468408196102,25.972135303516605,0.22,1642.76049590111,1631.91599190797,NA,1.546,0.428979103496486
GHSL_77,0,0,0,1053,2698,0,2,0,0,0,9,50052400.0,-24.978908883015162,25.33201761954628,1.95,18813.9641342163,1539.85465719225,NA,0.733,0.40869530414260224
GHSL_78,0,0,14,3545,1428,0,1,0,0,0,4,22608000.0,-25.03628996831239,25.74374779942107,1.59,24934.8281764984,8368.78806229163,NA,0.389,0.524189144042348
GHSL_79,0,0,0,2,2123,1,2,0,0,0,6,45696000.0,-25.208044614286724,25.680268045761125,0.59,19984.7719559669,4353.12517057093,NA,1.549,0.5335366978320407
GHSL_80,0,0,0,50,5013,0,3,0,0,0,5,36648000.0,-25.232015827843114,25.681817219990474,1.92,30707.5387086868,10628.3264531337,NA,1.28,0.5335366978320407
GHSL_81,0,0,1,2523,4508,1,2,0,0,0,1,11904000.0,-24.568431887961832,25.827014779525534,0.81,35217.2011766434,5356.49380006774,NA,0.667,0.6595550465719865
GHSL_82,0,0,0,969,2127,1,5,0,0,0,10,91248000.0,-19.99332723180749,23.41663260907234,0.22,15515.5747621059,1743.41906364793,NA,0.705,0.3822448743276302
GHSL_83,0,0,0,31,1055,0,1,0,0,0,3,30444000.0,-21.70598308954437,21.64696401901332,0.82,5921.31505131721,1814.9107324503,NA,1.141,0.5418975263997798
GHSL_84,0,0,0,9,3948,0,1,0,0,0,2,18420000.0,-24.381088086934817,25.54191897857359,3.24,30405.1676084995,4552.45130249484,NA,1.45,0.5335366978320407
GHSL_85,0,0,9,776,146,0,0,0,0,0,2,16464000.0,-24.362657244367803,25.539660931088832,4.92,4655.68797016144,4077.26298021085,NA,0.256,0.6595550465719865
GHSL_86,0,0,0,105,63,0,0,0,0,0,1,2343800.0,-24.61654870739962,25.953569474835152,1.29,837.57376742363,1490.34038077455,NA,0.462,0.428979103496486
GHSL_87,0,0,0,12,1834,1,2,0,0,0,9,59712000.0,-24.86675695357406,25.865810039643918,1.63,11914.0603306293,1739.93778516065,NA,1.335,0.524189144042348
GHSL_88,0,0,0,2,824,0,0,0,0,0,1,6000000.0,-25.19523828209223,25.69933488519218,1.78,6438.72216892242,7534.35487436017,NA,1.458,0.5335366978320407
GHSL_89,0,0,0,69,904,0,0,0,0,0,1,12000000.0,-25.230219278101988,25.701115827082916,3.56,5028.90118026733,9383.6419874328,NA,1.005,0.3546843667262486
GHSL_90,0,0,0,1,351,0,0,0,0,0,0,0.0,-21.14456287038146,27.508833053951005,1.0,2593.83281469345,3598.94662933379,NA,1.425,0.38422463574257004
GHSL_91,0,0,0,2149,14147,0,20,1,0,0,27,225509300.0,-21.17334853355175,27.514903208061938,0.03,82633.1229634285,3826.84612220306,NA,0.896,0.38422463574257004
GHSL_92,0,0,0,1,161,0,0,0,0,0,2,3082900.0,-24.645925982233134,25.848748285555352,0.25,1026.97220611572,1731.52129494275,NA,1.317,0.428979103496486
GHSL_93,0,0,0,162,105,0,1,0,0,0,1,3984000.0,-17.902619945284595,25.226297859284415,7.02,1338.23584365845,674.068958328144,NA,0.477,0.3579764137694236
GHSL_94,0,0,3,142,17,1,0,0,0,0,1,1992000.0,-17.989163724901836,24.649283126765145,10.43,813.532113075256,691.819131900846,NA,0.185,0.3579764137694236
GHSL_95,0,0,17,111,2,0,1,0,0,0,1,1944000.0,-18.01656427893338,24.40564352239045,34.56,647.378271222115,624.307005821964,NA,-0.106,0.3579764137694236
GHSL_96,0,0,66,88,0,0,1,0,0,0,1,2940000.0,-18.040226457200035,24.31887562114272,44.02,772.030713915825,540.435467793064,NA,-0.392,0.3579764137694236
GHSL_97,0,0,3,162,21,0,1,0,0,0,1,1536000.0,-18.077886413969672,24.582548342120493,22.46,933.424666166306,794.189058655238,NA,0.196,0.3579764137694236
GHSL_98,0,0,1,196,67,0,1,0,0,0,2,7704000.0,-18.15572318515352,24.502747829974314,34.36,1320.73586463928,865.640229738285,NA,0.36,0.3579764137694236
GHSL_99,0,0,0,99,242,0,0,0,0,0,1,7104000.0,-18.283403927141013,21.783435284317097,0.17,1706.79258131981,808.398086438179,NA,0.725,0.4660545772479418
GHSL_100,0,0,60,145,1,0,1,0,0,0,1,6144000.0,-18.280163117672487,21.84218798660877,6.11,1025.77882313728,556.731566415516,NA,-0.281,0.4660545772479418
GHSL_101,0,0,5,151,12,0,1,0,0,0,0,0.0,-18.397370981522666,22.009076836366653,18.75,838.447355747223,623.687810683909,NA,0.113,0.4660545772479418
GHSL_102,0,0,0,22,210,0,0,0,0,0,0,0.0,-18.551659184146285,25.633270862000515,87.63,1185.33769702911,787.129090264369,NA,0.955,0.3579764137694236
GHSL_103,0,0,4,167,18,0,0,0,0,0,1,5064000.0,-18.583111581695636,21.99136335120387,10.41,941.808552861214,628.965930672271,NA,0.164,0.4660545772479418
GHSL_104,0,0,11,124,4,0,1,0,0,0,1,4572000.0,-18.721061749445145,22.73837484949924,80.36,691.019995450974,505.795794912333,NA,-0.023,0.4660545772479418
GHSL_105,0,0,0,241,162,0,1,0,0,0,1,5268000.0,-18.73887357161614,22.17357606562465,23.18,2017.59420776367,709.015889584138,NA,0.484,0.4660545772479418
GHSL_106,0,0,1,247,102,0,1,0,0,0,2,17724000.0,-18.810113366457276,22.41745820401987,45.09,1747.26575052738,576.390653333201,NA,0.393,0.4660545772479418
GHSL_107,0,0,0,27,347,0,0,0,0,0,2,13548000.0,-19.01973566662836,22.317008574650288,27.71,1933.04371356964,641.932685723367,NA,1.001,0.4660545772479418
GHSL_108,0,0,58,357,5,0,2,0,0,0,3,25716000.0,-19.116839910482827,22.29651480108136,22.28,2099.61479449272,573.898219672422,NA,-0.119,0.4660545772479418
GHSL_109,0,0,0,69,1266,1,2,0,0,0,4,36516000.0,-19.373390760162817,22.16869704781214,0.88,7004.83753204346,911.264323698859,NA,1.053,0.4660545772479418
GHSL_110,0,0,1,182,52,0,0,0,0,0,1,5184000.0,-19.661717966863375,22.1918245517549,0.65,1176.18457520008,508.61927717156,NA,0.327,0.4660545772479418
GHSL_111,0,0,0,79,73,0,0,0,0,0,0,0.0,-19.937906743383035,23.490730795551922,6.22,756.770045042038,1512.3241814422,NA,0.543,0.3822448743276302
GHSL_112,0,0,0,135,62,0,0,0,0,0,0,0.0,-19.96536934385793,23.480982515277134,3.22,984.677896738052,713.550219742496,NA,0.413,0.3822448743276302
GHSL_113,0,0,0,27,444,0,0,0,0,0,1,12000000.0,-19.990517445928255,23.47364107841138,0.44,2460.39981889725,724.32427484471,NA,1.037,0.3822448743276302
GHSL_114,0,0,276,207,0,0,0,0,0,0,1,6216000.0,-20.104918095020185,27.200236628240123,46.36,2415.37541365623,809.707200470442,NA,-0.499,0.4728747931892978
GHSL_115,0,0,25,155,2,0,1,0,0,0,1,4728000.0,-20.15649400564133,25.796836004261497,18.25,908.066435813904,524.076550021836,NA,-0.114,0.4728747931892978
GHSL_116,0,0,3,144,17,0,1,0,0,0,1,5652000.0,-20.16598113115911,22.454460337419697,0.76,822.126462817192,512.63044520106,NA,0.18,0.4660545772479418
GHSL_117,0,0,5,881,282,0,1,0,0,0,5,24024000.0,-20.209022301998424,25.25396485405409,23.94,5840.52589702606,1050.46693330547,NA,0.348,0.4728747931892978
GHSL_118,0,0,1,205,61,0,1,0,0,0,2,8292000.0,-20.216383856139156,24.131533485448667,24.73,1337.28923892975,744.245119406918,NA,0.334,0.42035436979369617
GHSL_119,0,0,0,109,47,0,0,0,0,0,0,0.0,-20.285901651129137,27.148961989718728,25.59,783.336782217026,704.874393930991,NA,0.4,0.4728747931892978
GHSL_120,0,0,251,169,0,0,1,0,0,0,3,13188000.0,-20.324598964440767,23.888272710338512,36.65,2103.13527464867,717.566553861961,NA,-0.52,0.5335366978320407
GHSL_121,0,0,20,549,40,0,1,0,0,0,1,8016000.0,-20.331959142436048,27.12680230472072,20.13,3045.63912272453,911.474780733392,NA,0.105,0.4728747931892978
GHSL_122,0,0,2,366,123,0,1,0,0,0,1,6600000.0,-20.474406689774643,22.700195483922787,1.74,2455.34367108345,686.002894921116,NA,0.357,0.4660545772479418
GHSL_123,0,0,2,158,30,0,1,0,0,0,1,3432000.0,-20.471624314893873,24.509886589876253,52.97,949.108912944794,706.59557627868,NA,0.256,0.5335366978320407
GHSL_124,0,0,0,84,130,0,1,0,0,0,0,0.0,-20.47780247899612,27.004840534644106,5.28,1070.61837625504,978.763389662033,NA,0.639,0.4728747931892978
GHSL_125,0,0,0,78,660,1,0,0,0,0,2,22416000.0,-20.487135327112114,27.039004049918624,1.87,3766.18450212479,1477.14885100032,NA,0.936,0.4728747931892978
GHSL_126,0,0,0,211,325,0,0,0,0,0,1,9444000.0,-20.485719547303393,27.014726025617176,4.1,2681.4887611866,1449.53957326468,NA,0.639,0.4728747931892978
GHSL_127,0,0,0,97,187,0,0,0,0,0,0,0.0,-20.493339692479008,27.053586614611138,0.96,1426.41690683365,1721.83362344105,NA,0.681,0.4728747931892978
GHSL_128,0,0,0,188,363,0,0,0,0,0,2,8544000.0,-20.49730796975725,27.06902659654418,0.96,2758.8246383667,1441.25003843258,NA,0.681,0.4728747931892978
GHSL_129,0,0,127,285,1,0,1,0,0,0,1,5640000.0,-20.499332483642412,26.99145388325122,5.97,2061.00251460075,1138.93792537507,NA,-0.294,0.4728747931892978
GHSL_130,0,0,1,248,110,0,1,0,0,0,0,0.0,-20.503230596789066,27.029542544598783,2.02,1796.99786686897,1011.06277483106,NA,0.407,0.4728747931892978
GHSL_131,0,0,4,544,155,0,0,0,0,0,1,7416000.0,-20.509372724868747,27.060705031982884,0.64,3512.72290182114,1611.82193253503,NA,0.327,0.4728747931892978
GHSL_132,0,0,33,234,4,0,1,0,0,0,1,7200000.0,-20.508498619767757,27.200219924239615,2.89,1353.74418973923,748.152305805204,NA,-0.095,0.4728747931892978
GHSL_133,0,0,5,126,9,0,1,0,0,0,1,4740000.0,-20.536180287199112,27.651881767708534,18.33,697.599452376366,463.989845143511,NA,0.106,0.37439439697094756
GHSL_134,0,0,121,128,0,0,0,0,0,0,1,3144000.0,-20.560250035602376,27.130094072717686,4.42,1244.09039330482,762.349061444194,NA,-0.435,0.4728747931892978
GHSL_135,0,0,0,0,116,0,1,0,0,0,1,7222600.0,-20.566812326387375,26.226843072330638,0.66,913.508643865585,1196.21308728201,NA,1.461,0.5335366978320407
GHSL_136,0,0,39,455,14,0,1,0,0,0,0,0.0,-20.595854167552012,26.535218889874972,28.0,2540.63950943947,1133.03904452635,NA,-0.018,0.4728747931892978
GHSL_137,0,0,15,730,90,1,0,0,0,0,3,27300000.0,-20.623511577980242,27.44621397454192,1.03,4175.83743858337,671.37684851445,NA,0.187,0.37439439697094756
GHSL_138,0,0,0,143,128,0,1,0,0,0,0,0.0,-20.644534965756716,26.636411196190362,27.03,1352.72798156738,930.250841085183,NA,0.537,0.4728747931892978
GHSL_139,0,6,268,33,0,0,1,0,0,0,0,0.0,-20.653036195006365,26.650013412402284,26.56,1536.020591259,923.623267333039,NA,-0.816,0.4728747931892978
GHSL_140,0,0,42,131,1,0,0,0,0,0,0,0.0,-20.661087621659735,27.212754804489816,13.28,866.20793056488,609.157725258957,NA,-0.234,0.4728747931892978
GHSL_141,0,0,12,367,31,0,1,0,0,0,1,1932000.0,-20.661154318820024,27.22886973228502,12.99,2049.36602973938,698.910906128633,NA,0.126,0.4728747931892978
GHSL_142,0,0,0,159,130,0,1,0,0,0,3,13116000.0,-20.72525958547147,27.587546419111234,2.37,1448.09494674206,660.563026843029,NA,0.521,0.37439439697094756
GHSL_143,0,0,65,113,0,0,0,0,0,0,1,2256000.0,-20.74754702314116,26.899303184895633,14.44,894.17761516571,580.014934265696,NA,-0.341,0.4728747931892978
GHSL_144,0,0,87,55,0,0,0,0,0,0,1,3840000.0,-20.765339472142852,27.68925307507835,9.76,707.195161938667,436.094437993426,NA,-0.532,0.37439439697094756
GHSL_145,0,0,19,374,20,0,1,0,0,0,1,5388000.0,-20.782931668129905,27.1818793339762,4.66,2065.46840524673,1113.85743822025,NA,0.059,0.4728747931892978
GHSL_146,0,0,9,205,12,0,0,0,0,0,2,5940000.0,-20.798760451334655,27.26827860421844,9.99,1131.7795830965,487.9244109174,NA,0.076,0.37439439697094756
GHSL_147,0,0,0,202,1184,0,0,0,0,0,2,16704000.0,-20.822609609762594,27.20926706588172,3.77,7010.05747079849,977.109378649847,NA,0.877,0.5335366978320407
GHSL_148,0,0,0,162,235,0,0,0,0,0,2,12900000.0,-20.84557236725658,27.630937784418414,0.23,1986.01049411297,654.794325332477,NA,0.628,0.37439439697094756
GHSL_149,0,0,0,23,130,0,1,0,0,0,0,0.0,-20.86823944148541,27.23286898616891,2.14,775.177818536758,1464.06416223859,NA,0.868,0.5335366978320407
GHSL_150,0,0,64,174,1,0,0,0,0,0,1,3972000.0,-20.887911474118056,27.066088011566972,12.18,1192.39798498154,835.061715802286,NA,-0.26,0.4728747931892978
GHSL_151,0,0,13,223,10,0,0,0,0,0,1,3756000.0,-20.908336486584936,27.079280656600726,12.65,1231.51913142204,953.643873261163,NA,0.041,0.4728747931892978
GHSL_152,0,0,18,135,3,0,0,0,0,0,1,3132000.0,-20.939468751132804,27.083613624262245,14.62,775.668936491013,667.095765222263,NA,-0.084,0.4728747931892978
GHSL_153,0,0,44,131,1,0,0,0,0,0,1,4368000.0,-20.938923848317245,27.260598778899674,1.01,878.642535209656,782.643485302457,NA,-0.241,0.4728747931892978
GHSL_154,0,0,53,99,0,0,0,0,0,0,0,0.0,-20.95108521310562,27.27125470980306,1.11,763.511698007584,793.556944729416,NA,-0.329,0.4728747931892978
GHSL_155,0,0,25,263,7,0,0,0,0,0,0,0.0,-21.027045792841875,26.688430913646087,51.61,1476.24360537529,881.2728224934,NA,-0.032,0.4728747931892978
GHSL_156,0,0,0,119,694,1,0,0,0,0,4,29232000.0,-21.034295860094712,24.404832414497466,1.1,4113.88756227493,778.955793979028,AY,0.876,0.42035436979369617
GHSL_157,0,0,3,104,10,0,0,0,0,0,0,0.0,-21.04063520331592,27.342957261313384,2.3,582.132858514786,666.493430579307,NA,0.145,0.5335366978320407
GHSL_158,0,1,264,113,0,0,0,0,0,0,1,6468000.0,-21.06244747003316,27.245454822651237,11.45,1887.05208945274,682.611704665067,NA,-0.603,0.5335366978320407
GHSL_159,0,0,6,103,5,0,1,0,0,0,1,6420000.0,-21.05143450387252,22.404662652004948,72.43,571.577532529831,544.513574344201,NA,0.032,0.5418975263997798
GHSL_160,0,0,4,104,7,0,1,0,0,0,1,3396000.0,-21.064918109734997,21.73408147444679,70.96,574.227311372757,592.264894044858,NA,0.097,0.5418975263997798
GHSL_161,0,0,2,234,57,0,1,0,0,0,1,5292000.0,-21.101977314890714,27.227676150304635,15.72,1461.90160703659,608.365213082226,NA,0.299,0.4623083175254826
GHSL_162,0,0,0,93,245,0,0,0,0,0,0,0.0,-21.119033865128603,27.53428879742408,0.09,1696.63747835159,2942.4520680859,NA,0.737,0.37439439697094756
GHSL_163,0,0,1,251,90,0,1,0,0,0,1,8808000.0,-21.12392264608171,27.657579629690595,9.32,1712.11737620831,585.751516283287,NA,0.368,0.37439439697094756
GHSL_164,0,0,56,180,1,0,1,0,0,0,1,4884000.0,-21.146595013920255,25.659016123121248,12.77,1186.097001791,667.192273206207,AY,-0.228,0.42035436979369617
GHSL_165,0,0,10,109,3,0,0,0,0,0,2,12420000.0,-21.171203696333755,24.606663391405142,1.71,611.652943372726,526.888711534774,AY,-0.024,0.42035436979369617
GHSL_166,0,0,0,80,259,0,0,0,0,0,0,0.0,-21.1879123568604,27.46262038116979,4.16,1700.23534679413,3169.70359318968,NA,0.776,0.38422463574257004
GHSL_167,0,0,170,123,0,0,1,0,0,0,1,12000000.0,-21.186539120061695,27.37614192188057,10.8,1464.90648424625,571.800245224774,NA,-0.506,0.5335366978320407
GHSL_168,0,0,0,24,325,0,0,0,0,0,1,10140000.0,-21.194385380963617,27.472245435689977,3.27,1806.22316884995,3222.98127984359,NA,1.01,0.38422463574257004
GHSL_169,0,0,0,41,378,0,1,0,0,0,2,9972000.0,-21.20348470413806,24.86832574761307,5.68,2141.7980158329,659.055274989872,AY,0.95,0.42035436979369617
GHSL_170,0,0,0,9,117,0,0,0,0,0,0,0.0,-21.203277555722973,27.485522348927255,1.78,651.889720439911,2201.22952186039,NA,1.01,0.38422463574257004
GHSL_171,0,0,55,147,1,0,0,0,0,0,0,0.0,-21.210816481124077,27.383585589802315,11.45,1011.19427514076,467.901938014496,NA,-0.262,0.5335366978320407
GHSL_172,0,0,112,245,1,0,1,0,0,0,2,14736000.0,-21.214416997307865,26.02275434350608,21.19,1793.01545882225,666.711085983143,NA,-0.299,0.42035436979369617
GHSL_173,0,0,0,50,80,0,1,0,0,0,1,8364000.0,-21.230180992447952,26.42728821285762,36.59,649.888467669487,507.489498440037,NA,0.649,0.5335366978320407
GHSL_174,0,0,24,229,6,0,1,0,0,0,1,12000000.0,-21.26116636774736,24.947875289886536,8.6,1289.01800477505,519.640315898484,AY,-0.045,0.42035436979369617
GHSL_175,0,0,26,966,94,0,1,0,0,0,2,18744000.0,-21.278515522888316,27.47074933788678,0.77,5429.48093318939,681.367045606322,NA,0.15,0.37439439697094756
GHSL_176,0,0,0,67,284,0,1,0,0,0,1,5196000.0,-21.30144497891112,27.884340882761173,2.75,1764.25994038582,562.653220806241,NA,0.823,0.5335366978320407
GHSL_177,0,0,4,138,14,0,0,0,0,0,0,0.0,-21.310786510056115,25.384589093076862,0.36,776.487083911896,1000.75277955092,AY,0.154,0.42035436979369617
GHSL_178,0,0,1,491,353,0,0,0,0,0,2,19092000.0,-21.385944526575535,27.42285010601584,1.2,4227.28052103519,786.816261844306,NA,0.496,0.5335366978320407
GHSL_179,0,0,0,188,259,0,0,0,0,0,1,12000000.0,-21.4381426345902,25.587659126455243,19.8,2238.47073554993,1157.48089103177,AY,0.618,0.42035436979369617
GHSL_180,0,0,2,260,57,0,0,0,0,0,1,9084000.0,-21.519983892083623,21.942782835250505,37.08,1598.2241063118,707.057179182359,NA,0.281,0.5418975263997798
GHSL_181,0,0,0,15,279,0,0,0,0,0,0,0.0,-21.681673332987394,21.65827357776106,2.75,1544.68838977814,1600.04219191814,NA,1.054,0.5418975263997798
GHSL_182,0,0,28,164,2,0,1,0,0,0,1,9396000.0,-21.866564604163685,26.4401615664929,0.97,966.78834104538,583.335952611757,NA,-0.124,0.4623083175254826
GHSL_183,0,0,10,176,8,0,1,0,0,0,1,3684000.0,-21.87275627176688,28.82530298160826,9.24,972.460942268372,506.414111981313,NA,0.041,0.4581197060892686
GHSL_184,0,0,2,151,25,0,1,0,0,0,1,8436000.0,-21.91036157699003,28.042748759190566,21.16,890.237913489342,469.561870894828,NA,0.236,0.4581197060892686
GHSL_185,0,0,2,274,75,0,1,0,0,0,2,16356000.0,-21.9180176582226,27.29567250338937,0.6,1757.28248775005,619.703188644788,NA,0.32,0.4623083175254826
GHSL_186,0,0,0,62,57,0,1,0,0,0,0,0.0,-21.920932225688958,27.851936376824373,4.81,594.159036755562,753.491300751937,NA,0.542,0.4581197060892686
GHSL_187,0,0,0,45,408,0,1,0,0,0,3,21216000.0,-21.964911686573856,27.872758500727862,5.61,2314.64374947548,1131.08351032484,NA,0.949,0.4887773504715889
GHSL_188,0,0,1,107,35,0,0,0,0,0,1,12000000.0,-21.967432762422806,27.816347776591588,1.52,709.862108588219,865.544769967836,NA,0.35,0.4887773504715889
GHSL_189,0,0,94,298,2,0,1,0,0,0,2,13188000.0,-22.07201686554919,28.596194164199396,3.14,1970.00229012966,676.453572962512,NA,-0.232,0.4581197060892686
GHSL_190,0,0,0,184,152,0,1,0,0,0,1,2472000.0,-22.092598623517194,20.617706791657703,10.77,1681.14131832123,832.013401327956,AY,0.522,0.5418975263997798
GHSL_191,0,0,66,84,0,0,1,0,0,0,1,3120000.0,-22.10137365991012,21.775653971450375,45.33,751.421643018723,590.368984144188,NA,-0.399,0.5418975263997798
GHSL_192,0,0,0,83,77,0,1,0,0,0,1,6492000.0,-22.121009745164482,22.417850172236843,92.97,796.211529016495,671.813347475426,AY,0.544,0.5418975263997798
GHSL_193,0,0,4,323,59,0,0,0,0,0,2,9312000.0,-22.159595279557525,20.862935235659837,1.44,1927.16635358334,646.280965089795,AY,0.25,0.5418975263997798
GHSL_194,0,0,14,234,10,0,1,0,0,0,1,4560000.0,-22.17979302919901,27.25013350203654,2.1,1291.7142983675,564.165923465889,NA,0.032,0.4298938041167464
GHSL_195,0,0,0,162,641,0,1,0,0,0,3,19032000.0,-22.191938490045835,27.96321667500282,0.75,4039.57091605663,708.685823135913,NA,0.81,0.4581197060892686
GHSL_196,0,0,13,175,6,0,1,0,0,0,1,6312000.0,-22.21425768486964,26.832057404889078,6.21,971.206604003906,441.103209373218,NA,0.006,0.4623083175254826
GHSL_197,0,0,7,248,22,0,0,0,0,0,0,0.0,-22.25704534695167,26.791084412813543,0.0,1384.98240745068,680.854699163503,NA,0.134,0.4623083175254826
GHSL_198,0,0,0,192,117,0,1,0,0,0,1,8124000.0,-22.26917727657659,28.746471133330758,0.39,1544.95575582981,514.411900945336,NA,0.465,0.4581197060892686
GHSL_199,0,0,1,106,20,0,1,0,0,0,1,5784000.0,-22.270616252628944,26.785752859092522,0.37,638.608193635941,623.086432658135,NA,0.259,0.4623083175254826
GHSL_200,0,0,0,37,822,0,0,0,0,0,2,19812000.0,-22.28143440728442,20.070318231019428,0.28,4551.0033416748,1054.94145240345,AY,1.08,0.5418975263997798
GHSL_201,0,0,17,247,9,0,1,0,0,0,1,6348000.0,-22.324743054058924,27.83386468954653,6.57,1368.81487059593,555.904874613488,NA,0.013,0.4298938041167464
GHSL_202,0,0,0,105,42,0,0,0,0,0,0,0.0,-22.36488345078667,26.744414329034903,1.5,736.909133791924,580.016028902012,NA,0.39,0.4623083175254826
GHSL_203,0,0,42,169,1,0,0,0,0,0,1,5028000.0,-22.370076315858487,27.59298433708646,1.18,1064.15163338184,525.616287988393,NA,-0.19,0.4298938041167464
GHSL_204,0,0,8,232,18,0,1,0,0,0,1,3024000.0,-22.381407021861524,27.56478282047526,1.01,1290.6798273325,564.495172973653,NA,0.114,0.4298938041167464
GHSL_205,0,0,285,255,0,0,1,0,0,0,3,20184000.0,-22.414723487403524,28.39463288376879,6.35,2705.33713674545,544.476914020874,AY,-0.466,0.4581197060892686
GHSL_206,0,0,18,237,8,0,1,0,0,0,2,12732000.0,-22.43581388776999,26.566786907684126,15.66,1315.43680071831,611.644447423627,NA,-0.001,0.4623083175254826
GHSL_207,0,0,2,104,15,0,2,0,0,0,1,2736000.0,-22.432627294502712,20.65287740806353,27.02,604.86067032814,564.572758296129,AY,0.212,0.5418975263997798
GHSL_208,0,0,77,55,0,0,1,0,0,0,1,8676000.0,-22.48655368824807,26.428790458393717,30.88,660.893765568733,457.732875649062,NA,-0.507,0.4623083175254826
GHSL_209,0,0,52,185,1,0,0,0,0,0,1,5868000.0,-22.518841584459953,27.539150329673866,5.68,1188.72780656815,427.019153650429,NA,-0.21,0.4298938041167464
GHSL_210,0,0,23,745,63,0,1,0,0,0,3,16656000.0,-22.59341817335771,27.638208269510454,1.94,4158.61948776245,662.449135354769,NA,0.128,0.4298938041167464
GHSL_211,0,0,0,155,151,0,1,0,0,0,2,20016000.0,-22.633226342073737,26.40307903871263,41.12,1528.65978658199,490.846732118417,NA,0.553,0.4623083175254826
GHSL_212,0,0,1,145,32,0,1,0,0,0,1,4260000.0,-22.65238814030095,27.696459021859308,5.68,889.777165412903,501.332499186629,NA,0.282,0.4298938041167464
GHSL_213,0,0,3,417,115,0,1,0,0,0,2,16656000.0,-22.664282888345493,27.22337987767649,5.41,2675.35376191139,663.422815382861,NA,0.321,0.4298938041167464
GHSL_214,0,0,0,247,175,0,0,0,0,0,2,9420000.0,-22.723615664449436,27.57038717950292,6.42,2113.61001312733,578.895469151877,NA,0.494,0.4298938041167464
GHSL_215,0,0,19,103,1,0,1,0,0,0,1,3420000.0,-22.727091283526693,27.42560055227139,1.13,616.297384738922,416.124739871254,NA,-0.137,0.4298938041167464
GHSL_216,0,0,22,209,5,0,0,0,0,0,1,5196000.0,-22.753682637584497,27.634066827926038,6.84,1176.98361361027,433.371950838024,NA,-0.046,0.4298938041167464
GHSL_217,0,0,0,361,552,0,1,0,0,0,4,25716000.0,-22.78600933404985,27.75837286060185,1.78,4568.76700425148,611.412774990492,NA,0.638,0.4298938041167464
GHSL_218,0,0,0,98,42,0,1,0,0,0,1,2268000.0,-22.80234600838205,27.192061779658406,16.52,698.279461860657,507.024681683009,NA,0.4,0.39970458836490397
GHSL_219,0,0,0,355,281,0,2,0,0,0,2,17448000.0,-22.801663593838043,26.99469741174793,0.65,3184.44714319706,776.70010834154,NA,0.514,0.39970458836490397
GHSL_220,0,0,1,338,206,0,1,0,0,0,2,19788000.0,-22.86405360832427,27.420002604055096,14.72,2721.12573981285,598.170751226926,NA,0.465,0.4298938041167464
GHSL_221,0,0,0,214,447,0,1,0,0,0,3,16704000.0,-22.88568380800525,27.523634372357286,11.45,3313.09188210964,605.272443988666,NA,0.696,0.4298938041167464
GHSL_222,0,0,7,248,23,0,1,0,0,0,1,2664000.0,-22.93881285947378,26.57173793579712,5.83,1390.72890472412,695.254404083467,NA,0.143,0.6000392259904954
GHSL_223,0,0,8,230,18,0,1,0,0,0,0,0.0,-22.937523865072716,26.378661271168536,16.5,1279.23351919651,537.532565311596,NA,0.119,0.6000392259904954
GHSL_224,0,0,64,135,0,0,1,0,0,0,1,3912000.0,-22.951014443413726,27.37417498015528,25.34,996.324808955193,543.195482782169,NA,-0.307,0.39970458836490397
GHSL_225,0,0,82,91,0,0,0,0,0,0,1,2340000.0,-22.998334941422264,20.192974900727734,3.71,866.217596054077,615.765024556226,AY,-0.426,0.5418975263997798
GHSL_226,0,0,0,125,216,0,1,0,0,0,2,14280000.0,-22.998713763098905,27.669970946318877,2.77,1708.41935324669,564.421731393501,NA,0.661,0.39970458836490397
GHSL_227,0,0,86,948,27,1,0,0,0,0,3,20640000.0,-23.026309112449308,27.527162418986237,12.43,5309.64272987843,959.998514913988,NA,-0.026,0.39970458836490397
GHSL_228,0,0,0,0,268,0,1,0,0,0,1,5172000.0,-23.034260851943266,26.51814036684527,0.02,2702.98799014091,950.297427238787,NA,1.578,0.6000392259904954
GHSL_229,0,0,137,95,0,0,0,0,0,0,1,3168000.0,-23.037231628438043,27.561237065502482,9.46,1159.53854417801,843.439390167408,NA,-0.514,0.39970458836490397
GHSL_230,0,0,0,358,986,0,0,0,0,0,5,35544000.0,-23.047476278235248,26.49159636647431,0.39,6744.64080286026,784.633838701589,NA,0.746,0.6000392259904954
GHSL_231,0,0,1,150,65,0,0,0,0,0,1,1896000.0,-23.045310947533483,26.57889321136605,2.55,1082.29129338264,706.099016762195,NA,0.403,0.6000392259904954
GHSL_232,0,0,8,388,46,0,0,0,0,0,0,0.0,-23.051513959284943,27.580447481742226,7.02,2211.02198851109,674.36234708952,NA,0.18,0.39970458836490397
GHSL_233,0,0,0,280,694,0,0,0,0,0,2,18167200.0,-23.11001154211181,26.853699029328258,1.84,4886.70987379551,953.56977553905,NA,0.727,0.39970458836490397
GHSL_234,0,0,6,553,108,0,1,0,0,0,2,10164000.0,-23.135563866446248,20.286076798836337,2.6,3332.98192930222,695.457659244862,AY,0.262,0.5418975263997798
GHSL_235,0,0,44,319,6,0,1,0,0,0,1,3024000.0,-23.18817751367236,27.488898196395727,1.23,1842.93513023853,778.391799304388,NA,-0.09,0.39970458836490397
GHSL_236,0,0,1,194,87,0,1,0,0,0,1,5232000.0,-23.29595660693965,27.279457858365674,25.69,1411.09919691086,562.708538438025,NA,0.409,0.39970458836490397
GHSL_237,0,0,11,163,7,0,1,0,0,0,0,0.0,-23.326386794021538,25.868099997652088,6.43,900.030807733536,481.684214214516,NA,0.024,0.6000392259904954
GHSL_238,0,0,127,65,0,0,0,0,0,0,0,0.0,-23.364104769559173,25.857562955030637,3.45,964.428590774536,2039.30599419466,NA,-0.57,0.6595550465719865
GHSL_239,0,0,35,192,2,0,0,0,0,0,1,4200000.0,-23.403474388417322,26.69746719182914,3.51,1148.4013838768,599.789302470621,NA,-0.138,0.6000392259904954
GHSL_240,0,0,21,185,4,0,1,0,0,0,1,5340000.0,-23.412198320955234,27.144569745013037,37.14,1049.98234426975,592.29142985894,NA,-0.057,0.39970458836490397
GHSL_241,0,0,43,214,2,0,0,0,0,0,0,0.0,-23.434617732167144,25.75072430796685,2.43,1297.3994436264,2458.18554371029,NA,-0.152,0.6595550465719865
GHSL_242,0,0,62,72,0,0,1,0,0,0,1,3504000.0,-23.64774628905615,26.823301700756655,15.58,667.315413832664,537.001306728789,NA,-0.417,0.6000392259904954
GHSL_243,0,0,1,462,358,0,0,0,0,0,3,24528000.0,-23.675278020842644,22.792203648902237,2.32,4106.49025583267,650.370145135001,NA,0.51,0.3460486960112338
GHSL_244,0,0,22,411,21,0,1,0,0,0,2,16644000.0,-23.686344998167545,26.660203283879166,0.82,2270.44965481758,631.840413363751,NA,0.051,0.6000392259904954
GHSL_245,0,0,26,172,3,0,1,0,0,0,0,0.0,-23.74664251103142,26.468918461941332,16.75,1002.04836678505,692.972931091257,NA,-0.107,0.6000392259904954
GHSL_246,0,0,0,152,229,0,0,0,0,0,1,3720000.0,-23.915794531503234,21.83121169854011,14.66,1911.4397714138,575.738308477315,AY,0.635,0.3460486960112338
GHSL_247,0,0,157,809,9,1,1,0,0,0,3,13572000.0,-23.994467289026176,21.774820288426678,13.62,4874.15304946899,616.464675345424,AY,-0.148,0.3460486960112338
GHSL_248,0,1,183,59,0,0,1,0,0,0,1,4440000.0,-23.983109768993792,25.24609477452756,14.01,1212.5584602356,1885.0235841446,NA,-0.654,0.6595550465719865
GHSL_249,0,0,0,17,138,0,0,0,0,0,1,5820000.0,-24.01515354876759,26.314206584616223,14.89,789.552793741226,484.008704307733,NA,0.925,0.5547016214455752
GHSL_250,0,0,12,177,7,0,1,0,0,0,1,1884000.0,-24.02295795346394,21.867395487677136,3.53,981.913166165352,539.698828036423,AY,0.014,0.3460486960112338
GHSL_251,0,0,0,48,205,0,0,0,0,0,1,3792000.0,-24.13611261674338,25.59261942524334,17.16,1272.34830379486,2255.45682442541,NA,0.823,0.6595550465719865
GHSL_252,0,0,23,160,3,0,1,0,0,0,1,1956000.0,-24.23879301986875,25.675461736950492,3.94,929.231782913208,1745.67875295547,NA,-0.099,0.6595550465719865
GHSL_253,0,0,208,378,1,0,0,0,0,0,1,8952000.0,-24.24601798267935,25.839325503269716,1.77,2932.92485952377,2036.2556232947,NA,-0.333,0.6595550465719865
GHSL_254,0,0,0,61,677,0,2,0,0,0,2,13560000.0,-24.377201679588417,26.077655760463834,6.17,3793.4880232811,1034.2266408078,NA,0.979,0.5547016214455752
GHSL_255,0,0,0,27,2003,0,2,0,0,0,7,57816000.0,-24.410027783642583,26.153152159989666,12.04,11859.5390834808,1173.14225696768,NA,1.24,0.5547016214455752
GHSL_256,0,0,0,127,1066,0,1,0,0,0,2,12960000.0,-24.42522564651389,26.02163726404367,0.96,6081.03697860241,1120.79460069815,NA,0.935,0.5547016214455752
GHSL_257,0,0,0,207,150,0,0,0,0,0,0,0.0,-24.46603510613208,25.873390770843447,13.07,1784.32543945312,3623.77730275296,NA,0.497,0.5335366978320407
GHSL_258,0,0,0,6,2290,0,1,0,0,0,3,32064000.0,-24.477421903462076,25.894174921482595,12.82,17271.8349750042,2472.25747315322,NA,1.438,0.5335366978320407
GHSL_259,0,0,53,599,18,0,1,0,0,0,1,6480000.0,-24.473772604025754,25.795026939346833,8.37,3345.90852689743,2314.26641551931,NA,-0.021,0.6595550465719865
GHSL_260,0,0,36,345,9,0,1,0,0,0,1,4800000.0,-24.512350706362653,25.863389670216613,8.07,1944.86242818832,2242.59750751541,NA,-0.046,0.6595550465719865
GHSL_261,0,0,3,313,63,0,0,0,0,0,0,0.0,-24.51526890471644,25.85056343045786,7.14,1893.61561107635,2920.21394008287,NA,0.267,0.6595550465719865
GHSL_262,0,0,8,440,59,0,1,0,0,0,1,5616000.0,-24.54659902527009,26.469700842736398,10.02,2533.29999315739,696.09359175688,NA,0.199,0.5547016214455752
GHSL_263,0,0,0,83,123,0,0,0,0,0,0,0.0,-24.541419616330025,25.97607495817099,7.93,1032.0184006691,1390.95410832145,NA,0.633,0.428979103496486
GHSL_264,0,0,1,218,91,0,1,0,0,0,1,7524000.0,-24.540292105215908,26.038633920828765,3.24,1549.14139485359,1279.7004624787,NA,0.396,0.5547016214455752
GHSL_265,0,0,0,14,1342,0,0,0,0,0,1,12000000.0,-24.56013561163184,25.982914965290323,6.05,8192.77829432487,1629.14198524157,NA,1.276,0.428979103496486
GHSL_266,0,0,0,92,210,0,0,0,0,0,0,0.0,-24.574017898525707,25.86428196056927,2.27,1517.58327293396,5398.96143888732,NA,0.712,0.6595550465719865
GHSL_267,0,0,88,43,0,0,1,0,0,0,1,2028000.0,-24.579733224262693,26.463463057348815,6.46,654.354817509651,570.108027499447,NA,-0.578,0.5547016214455752
GHSL_268,0,0,0,9,153,0,0,0,0,0,0,0.0,-24.58283074978468,25.857650752438786,1.08,846.643363952637,2780.42447761852,NA,1.039,0.6595550465719865
GHSL_269,0,0,0,359,320,0,3,0,0,0,7,44568000.0,-24.60349580929655,24.73396042101215,0.18,3398.00520801544,523.181081616534,NA,0.537,0.5335366978320407
GHSL_270,0,0,0,122,995,0,1,0,0,0,1,7608000.0,-24.619781861372488,26.12246166513823,1.89,5688.33216691017,1239.41115501542,NA,0.931,0.5335366978320407
GHSL_271,0,0,38,159,1,0,0,0,0,0,0,0.0,-24.627192463877275,26.38180804913151,0.85,990.984335660934,926.772876885895,NA,-0.181,0.5547016214455752
GHSL_272,0,0,1,281,145,0,0,0,0,0,1,1440000.0,-24.653176680220263,25.822605173074567,0.15,2130.90133190155,1079.433395666,NA,0.434,0.5335366978320407
GHSL_273,0,0,0,133,273,0,0,0,0,0,0,0.0,-24.649987323887313,25.993310497376847,1.52,2030.10854053497,1198.91174399266,NA,0.693,0.428979103496486
GHSL_274,0,0,0,14,180,0,0,0,0,0,1,1116000.0,-24.64571896050999,25.833204509320435,0.34,1002.70984530449,1760.09114627639,NA,0.998,0.428979103496486
GHSL_275,0,0,0,306,779,0,4,0,0,0,4,15684000.0,-24.666270992893647,25.53741714646301,1.18,5442.35047990084,447.43454306571,NA,0.732,0.48456151115523916
GHSL_276,0,0,0,38,796,0,3,0,0,0,2,14184000.0,-24.664755388659216,25.78723416185097,0.02,4406.62730354071,695.569924219636,NA,1.072,0.5335366978320407
GHSL_277,0,0,1,200,73,0,1,0,0,0,2,7704000.0,-24.656761789362477,25.699533508378934,1.15,1366.98699885607,352.527925077034,NA,0.371,0.48456151115523916
GHSL_278,0,0,0,53,230,0,0,0,0,0,0,0.0,-24.65532513447819,25.848770500313957,0.29,1428.59190058708,1006.06694738973,NA,0.826,0.428979103496486
GHSL_279,0,0,0,30,162,1,1,0,0,0,0,0.0,-24.688427569657506,25.534209919466882,0.42,968.199283838272,420.772257070333,NA,0.865,0.48456151115523916
GHSL_280,0,0,0,78,44,0,0,0,0,0,0,0.0,-24.689117445657537,25.820536570622885,1.07,612.438029766083,793.094260540077,NA,0.45,0.524189144042348
GHSL_281,0,0,0,90,66,0,1,0,0,0,1,2640000.0,-24.725845764384317,25.64673099008352,5.66,779.812060713768,333.338488806433,NA,0.501,0.48456151115523916
GHSL_282,0,0,43,2841,444,0,2,0,0,0,8,65616000.0,-24.778770041563384,25.420013399473113,5.87,16636.555970192,994.485963165094,NA,0.225,0.40869530414260224
GHSL_283,0,0,0,28,94,0,0,0,0,0,0,0.0,-24.768882865502636,25.586263504149564,9.39,613.496852040291,749.530091942505,NA,0.778,0.5335366978320407
GHSL_284,0,0,0,108,356,0,1,0,0,0,1,7236000.0,-24.77941357314713,25.59522318514146,10.82,2328.76623207331,803.094299171204,NA,0.778,0.5335366978320407
GHSL_285,0,0,0,53,121,0,0,0,0,0,1,3972000.0,-24.841550117353638,25.81160465957798,1.66,867.52637219429,1223.46725324691,NA,0.713,0.524189144042348
GHSL_286,0,0,0,101,87,0,1,0,0,0,1,6204000.0,-24.845423535659872,25.82939741161349,2.61,938.546108722687,1125.70058521883,NA,0.531,0.524189144042348
GHSL_287,0,0,0,0,162,0,0,0,0,0,0,0.0,-24.856849658668164,25.872799944251156,1.87,1652.32637405396,1631.54935692545,NA,1.584,0.524189144042348
GHSL_288,0,0,0,1,472,0,0,0,0,0,7,42424700.0,-24.873819725371842,25.848256493629894,0.27,3692.09298753738,1369.80603097842,NA,1.459,0.524189144042348
GHSL_289,0,0,0,130,66,0,0,0,0,0,0,0.0,-24.87574428976267,25.826412265640684,1.64,981.364928364754,649.368691267389,NA,0.433,0.524189144042348
GHSL_290,0,0,52,473,11,0,1,0,0,0,2,8568000.0,-24.91328275838593,25.471702837772604,7.09,2680.9757540226,742.014554703597,NA,-0.056,0.40869530414260224
GHSL_291,0,0,19,209,6,0,0,0,0,0,1,6144000.0,-24.96106819568755,25.594700878896955,5.15,1169.95542991161,695.846270469233,NA,-0.022,0.40869530414260224
GHSL_292,0,0,48,76,0,0,0,0,0,0,0,0.0,-24.967302949016535,25.28976301852099,6.21,619.53251516819,710.71809193076,NA,-0.358,0.40869530414260224
GHSL_293,0,0,96,151,0,0,1,0,0,0,0,0.0,-24.997446101599106,25.585771264272683,1.0,1236.09222817421,571.413323481917,NA,-0.361,0.40869530414260224
GHSL_294,0,0,97,553,7,0,2,0,0,0,3,18120000.0,-25.08369783380875,25.450577669686034,9.95,3283.93991851807,654.751109089383,NA,-0.131,0.273830606778684
GHSL_295,0,0,10,192,10,0,1,0,0,0,1,3612000.0,-25.091746432042132,25.62469678186736,7.59,1062.46872830391,553.242527145678,NA,0.061,0.273830606778684
GHSL_296,0,0,38,153,1,0,0,0,0,0,0,0.0,-25.1868525893227,25.54879748745373,7.86,962.26144862175,645.085179571331,NA,-0.191,0.273830606778684
GHSL_297,0,0,0,0,195,0,0,0,0,0,2,16236000.0,-25.187022417213594,25.69004748162247,0.51,1526.9680891037,3573.56882037866,NA,1.458,0.3546843667262486
GHSL_298,0,0,1,517,286,0,1,0,0,0,3,20220000.0,-25.208467051857973,25.564335524200768,6.53,4019.00450372696,699.157306087248,NA,0.447,0.273830606778684
GHSL_299,0,0,0,207,294,0,0,0,0,0,0,0.0,-25.221496036997564,25.704413646322248,3.44,2508.62587165833,7511.28319173343,NA,0.624,0.3546843667262486
GHSL_300,0,0,67,278,2,0,0,0,0,0,0,0.0,-25.266190148903856,23.281678452487824,101.17,1736.08473014832,614.304938738215,AY,-0.185,0.28604947155785454
GHSL_301,0,0,6,242,27,0,1,0,0,0,3,23484000.0,-25.308071923272482,25.269684718117524,0.61,1372.93999254704,587.64009710269,NA,0.169,0.259698600526852
GHSL_302,0,0,9,232,17,0,0,0,0,0,1,4428000.0,-25.317353510870674,25.5327794652543,1.92,1285.411901474,604.43160000007,NA,0.103,0.259698600526852
GHSL_303,0,0,129,443,3,0,0,0,0,0,0,0.0,-25.327975188753772,25.269649562278875,1.67,2876.44638419151,658.328705091785,NA,-0.218,0.259698600526852
GHSL_304,0,0,44,102,0,0,0,0,0,0,1,9852000.0,-25.32781333588272,25.55192754600709,1.27,730.71336710453,520.192906243709,NA,-0.289,0.259698600526852
GHSL_305,0,0,236,1235,14,0,1,0,0,0,1,6876000.0,-25.342819108387452,25.564952768814365,2.09,7423.6936378479,4020.03353876108,NA,-0.145,0.5335366978320407
GHSL_306,0,0,1,102,18,0,1,0,0,0,1,2220000.0,-25.39154063062647,25.501371688751448,8.53,605.828430652618,485.098557065763,NA,0.24,0.259698600526852
GHSL_307,0,0,83,211,1,0,0,0,0,0,0,0.0,-25.410045441696877,25.54154445602483,6.38,1476.55890321732,2719.67133341826,NA,-0.271,0.5335366978320407
GHSL_308,0,0,41,188,2,0,0,0,0,0,1,2808000.0,-25.443412542232114,25.289859638882803,4.12,1152.24499499798,766.079337109679,NA,-0.166,0.259698600526852
GHSL_309,0,0,12,107,2,0,1,0,0,0,1,3840000.0,-25.447726467534466,23.713263272431615,102.97,606.16134929657,704.387935495402,NA,-0.058,0.28604947155785454
GHSL_310,0,0,93,241,1,0,0,0,0,0,0,0.0,-25.458564725558364,25.594425967551274,1.0,1677.0308380127,1461.72464474093,NA,-0.268,0.4341502024386434
GHSL_311,0,0,77,168,1,0,0,0,0,0,0,0.0,-25.4713095259681,25.572511803323348,0.29,1228.59501266479,880.586130294512,NA,-0.298,0.4341502024386434
GHSL_312,0,0,0,96,57,0,0,0,0,0,1,6852000.0,-25.47102065742561,25.60021763921992,0.37,768.278701305389,2202.66546626353,NA,0.462,0.4341502024386434
GHSL_313,0,0,0,86,52,0,0,0,0,0,0,0.0,-25.479231557700853,25.60527484241501,0.54,691.330096483231,1292.64311193737,NA,0.462,0.4341502024386434
GHSL_314,0,0,6,100,4,0,0,0,0,0,0,0.0,-25.495469981228165,25.640650430010695,3.28,553.421813249588,707.022437878745,NA,0.029,0.4341502024386434
GHSL_315,0,0,41,191,2,0,0,0,0,0,1,2580000.0,-25.505098181136617,25.57815859591888,2.51,1168.98672819138,979.678476461093,NA,-0.163,0.4341502024386434
GHSL_316,0,0,24,109,1,0,0,0,0,0,1,1428000.0,-25.508236926152655,25.6317817046063,2.75,670.303578138351,758.886931928501,NA,-0.17,0.4341502024386434
GHSL_317,0,0,157,214,0,0,1,0,0,0,1,3672000.0,-25.560207156346564,25.579429844543853,2.2,1855.06767487526,806.354132110006,NA,-0.387,0.4341502024386434
GHSL_318,0,0,4,126,12,0,1,0,0,0,1,2028000.0,-25.554584520253737,25.244482408074692,11.92,705.856083154678,469.717714733164,NA,0.143,0.259698600526852
GHSL_319,0,0,42,377,9,0,0,0,0,0,1,3564000.0,-25.63736916361892,25.545971900972035,2.67,2139.22105908394,1146.67819788256,NA,-0.057,0.4341502024386434
GHSL_320,0,0,2,195,36,0,0,0,0,0,2,7008000.0,-25.658114170856795,25.402933446734835,17.64,1167.30368947983,742.987064073082,NA,0.251,0.4341502024386434
GHSL_321,0,0,0,93,77,0,1,0,0,0,2,8064000.0,-25.73322034177828,25.098634106548058,36.48,848.355513811111,532.469410258297,NA,0.523,0.259698600526852
GHSL_322,0,0,86,45,0,0,1,0,0,0,2,4068000.0,-25.755677689172668,25.218409572045942,33.19,659.625198602676,768.468816343058,NA,-0.565,0.4341502024386434
GHSL_323,0,2,139,27,0,0,1,0,0,0,1,2856000.0,-25.758507114751062,22.56972868943936,34.55,840.023707509041,537.764542285051,AY,-0.742,0.28604947155785454
GHSL_324,0,0,18,188,5,0,0,0,0,0,2,12084000.0,-25.763798571887982,24.55884789482708,82.79,1058.33669638634,445.806741332509,NA,-0.037,0.259698600526852
GHSL_325,0,0,0,49,858,1,0,0,0,0,3,30408000.0,-17.800233611747473,25.157151549098128,6.28,4747.40805721283,1904.01160058775,NA,1.047,0.5335366978320407
GHSL_326,0,0,1,670,615,0,0,0,0,0,1,8904000.0,-17.80783316399219,25.223708942759647,0.44,6427.8745906353,1228.67870448213,NA,0.542,0.3579764137694236
GHSL_327,0,0,0,296,1079,0,1,0,0,0,3,29520000.0,-18.364804364685735,21.838484272422228,2.77,6912.10858821869,863.79091440167,NA,0.796,0.4660545772479418
GHSL_328,0,0,5,261,34,0,0,0,0,0,0,0.0,-19.92549610478421,23.51864151241162,7.63,1496.99467754364,824.261739765373,NA,0.195,0.3822448743276302
GHSL_329,0,0,58,1425,95,0,1,0,0,0,2,23088000.0,-19.961577587961077,23.458310940830586,3.57,7891.45262503624,1166.89003296626,NA,0.093,0.3822448743276302
GHSL_330,0,0,0,16,2667,0,3,0,0,0,10,77183800.0,-20.01940055807196,23.44069163236967,2.68,17363.1418833733,1187.17448835936,NA,1.337,0.3822448743276302
GHSL_331,0,0,282,995,7,0,1,0,0,0,2,14856000.0,-20.13685367272762,27.22054023542437,43.48,6420.56818509102,1019.78953755574,NA,-0.213,0.5335366978320407
GHSL_332,0,0,0,4,1144,0,2,0,0,0,3,22836000.0,-20.21156367226262,26.1891681872365,24.45,8077.27402853966,1045.27766602131,NA,1.397,0.4728747931892978
GHSL_333,0,0,132,443,3,0,1,0,0,0,2,11004000.0,-20.28967759037773,27.12738880836893,24.56,2886.81396222115,940.891644310698,NA,-0.221,0.4728747931892978
GHSL_334,0,0,3,411,103,0,0,0,0,0,0,0.0,-20.53679069788656,27.07720262642914,3.01,2584.96804308891,832.93865012598,NA,0.304,0.4728747931892978
GHSL_335,0,0,13,1429,321,0,1,0,0,0,3,20172000.0,-20.996519221807173,27.332134569236345,0.06,8818.9195445776,1466.92361362766,NA,0.286,0.5335366978320407
GHSL_336,0,0,68,1904,144,0,2,0,0,0,2,23568000.0,-21.093695784858554,27.343606633024567,5.32,10575.6246621609,1091.09006053117,NA,0.111,0.5335366978320407
GHSL_337,0,0,0,2,725,0,0,0,0,0,2,20976000.0,-21.193518976777852,27.55028237841362,0.78,5297.14680528641,3165.7917586874,NA,1.419,0.38422463574257004
GHSL_338,0,0,0,129,424,0,0,0,0,0,2,13668000.0,-22.36260373785053,26.718688670514922,0.88,2778.50583314896,586.109881166809,NA,0.777,0.4623083175254826
GHSL_339,0,0,0,23,3732,1,2,0,0,0,11,111264000.0,-22.542591053707593,27.11877771462558,2.35,24301.2981806993,1002.19003153789,NA,1.337,0.4298938041167464
GHSL_340,0,0,0,162,1849,0,1,0,0,0,2,17568000.0,-24.254989113936897,25.8554520372667,0.47,10344.2568359375,4332.61272508589,NA,0.983,0.6595550465719865
GHSL_341,0,0,0,418,1047,0,1,0,0,0,1,6240000.0,-24.567192312385437,25.874033419413873,3.4,7349.10763168335,4927.62324810789,NA,0.729,0.6595550465719865
GHSL_342,0,0,0,1,632,0,1,0,0,0,1,9372000.0,-24.57039031011445,26.03910592046571,0.74,5160.70386123657,1488.57418323105,NA,1.482,0.5335366978320407
GHSL_343,0,0,18,770,85,0,1,0,0,0,5,16992000.0,-24.616670181203855,26.421148601667735,1.18,4365.64471328259,642.878787098792,NA,0.17,0.5547016214455752
GHSL_344,0,0,356,829,3,0,0,0,0,0,0,0.0,-24.743762184166638,24.85388880654892,13.58,5938.92707824707,16924.359745368,NA,-0.287,0.40869530414260224
GHSL_345,0,0,0,384,1839,0,1,0,0,0,6,33072400.0,-24.993616087558816,25.353471928564282,0.89,11212.7997385263,1182.13038598318,NA,0.843,0.40869530414260224
GHSL_346,0,0,0,140,1318,0,1,0,0,0,2,17268000.0,-25.469020292685567,25.430139508326317,0.02,7454.73006868362,1699.17987719291,NA,0.953,0.4341502024386434
GHSL_347,0,0,197,1844,44,1,1,0,0,0,5,35052000.0,-26.02294335493931,22.402934946160645,2.8,10425.4993602037,808.620643559524,AY,-0.051,0.28604947155785454
GHSL_348,0,0,0,188,2220,1,1,0,0,0,8,43680000.0,-21.877612786166868,27.750365338613154,1.24,12403.3502596617,897.259245323183,NA,0.988,0.4581197060892686
GHSL_349,0,0,0,9,27,0,0,0,0,0,1,12000000.0,-21.4177246299128,25.581101300275737,18.05,180.366827011108,2051.41802498901,AY,0.76,0.42035436979369617
GHSL_350,0,0,0,91,1349,0,0,0,0,0,2,18768000.0,-24.397713869641183,25.570631870964775,0.02,7484.43691444397,4272.92525091368,NA,1.022,0.6595550465719865
GHSL_351,0,0,0,0,24,0,0,0,0,0,2,10913300.0,-24.678014099790815,25.961023127740447,1.2,1147.1035733223,1960.35815316123,NA,2.032,0.428979103496486
SCHOOL_1,0,0,0,0,0,0,0,0,0,0,1,1944000.0,-25.817777500000002,24.6855648,0.0,0.0,0.0,NA,0.0,0.0
SCHOOL_2,0,0,0,0,0,0,0,0,0,0,1,2328000.0,-25.812642600000004,24.7980038,0.0,0.0,0.0,NA,0.0,0.0
SCHOOL_3,0,0,0,0,0,0,0,0,0,0,1,768000.0,-25.793509200000003,24.9024743,0.0,0.0,0.0,NA,0.0,0.0
SCHOOL_4,0,0,0,0,0,0,0,0,0,0,1,1500000.0,-25.757319999999996,25.2028639,0.0,0.0,0.0,NA,0.0,0.0
SCHOOL_5,0,0,0,0,0,0,0,0,0,0,1,1464000.0,-26.89485759999999,20.6877527,0.0,0.0,0.0,NA,0.0,0.0
SCHOOL_6,0,0,0,0,0,0,0,0,0,0,1,1812000.0,-26.867658199999994,20.7084253,0.0,0.0,0.0,NA,0.0,0.0
SCHOOL_7,0,0,0,0,0,0,0,0,0,0,1,2124000.0,-26.71361419999999,21.7672763,0.0,0.0,0.0,NA,0.0,0.0
SCHOOL_8,0,0,0,0,0,0,0,0,0,0,2,4980000.0,-26.666452204700757,21.881037298654373,0.0,0.0,0.0,NA,0.0,0.0
SCHOOL_9,0,0,0,0,0,0,0,0,0,0,1,684000.0,-26.662495399999997,21.9287096,0.0,0.0,0.0,NA,0.0,0.0
SCHOOL_10,0,0,0,0,0,0,0,0,0,0,1,1944000.0,-26.6583942,21.8380243,0.0,0.0,0.0,NA,0.0,0.0
SCHOOL_11,0,0,0,0,0,0,0,0,0,0,1,6576000.0,-26.6547002,21.8868003,0.0,0.0,0.0,NA,0.0,0.0
SCHOOL_12,0,0,0,0,0,0,0,0,0,0,1,1596000.0,-26.6438322,21.9940283,0.0,0.0,0.0,NA,0.0,0.0
SCHOOL_13,0,0,0,0,0,0,0,0,0,0,1,780000.0,-26.8223907,20.816321,0.0,0.0,0.0,NA,0.0,0.0
SCHOOL_14,0,0,0,0,0,0,0,0,0,0,1,3612000.0,-26.282732800000005,21.3659835,0.0,0.0,0.0,NA,0.0,0.0
SCHOOL_15,0,0,0,0,0,0,0,0,0,0,1,1608000.0,-24.135714499999995,21.2575537,0.0,0.0,0.0,NA,0.0,0.0
SCHOOL_16,0,0,0,0,0,0,0,0,0,0,1,1824000.0,-24.740905,21.872414300000003,0.0,0.0,0.0,NA,0.0,0.0
SCHOOL_17,0,0,0,0,0,0,0,0,0,0,1,3072000.0,-24.3457231,23.1140783,0.0,0.0,0.0,NA,0.0,0.0
SCHOOL_18,0,0,0,0,0,0,0,0,0,0,1,3468000.0,-24.113819099999997,21.7800063,0.0,0.0,0.0,NA,0.0,0.0
SCHOOL_19,0,0,0,0,0,0,0,0,0,0,1,3816000.0,-24.0147451,21.7817303,0.0,0.0,0.0,NA,0.0,0.0
SCHOOL_20,0,0,0,0,0,0,0,0,0,0,2,4032000.0,-23.9505781007054,22.971013800701982,0.0,0.0,0.0,NA,0.0,0.0
SCHOOL_21,0,0,0,0,0,0,0,0,0,0,1,3468000.0,-23.9164441,21.8502393,0.0,0.0,0.0,NA,0.0,0.0
SCHOOL_22,0,0,0,0,0,0,0,0,0,0,1,3588000.0,-23.682087100000004,22.7762863,0.0,0.0,0.0,NA,0.0,0.0
SCHOOL_23,0,0,0,0,0,0,0,0,0,0,1,948000.0,-23.6610101,21.5112803,0.0,0.0,0.0,NA,0.0,0.0
SCHOOL_24,0,0,0,0,0,0,0,0,0,0,1,1452000.0,-23.568773499999992,23.0649647,0.0,0.0,0.0,NA,0.0,0.0
SCHOOL_25,0,0,0,0,0,0,0,0,0,0,2,4464000.0,-23.41204180078912,21.6021857497148,0.0,0.0,0.0,NA,0.0,0.0
SCHOOL_26,0,0,0,0,0,0,0,0,0,0,1,1644000.0,-23.5588236,20.4969879,0.0,0.0,0.0,NA,0.0,0.0
SCHOOL_27,0,0,0,0,0,0,0,0,0,0,1,2244000.0,-22.389492999999995,20.1184173,0.0,0.0,0.0,NA,0.0,0.0
SCHOOL_28,0,0,0,0,0,0,0,0,0,0,1,2172000.0,-22.854825999999992,22.2049513,0.0,0.0,0.0,NA,0.0,0.0
SCHOOL_29,0,0,0,0,0,0,0,0,0,0,1,2568000.0,-22.820780999999997,21.872414300000003,0.0,0.0,0.0,NA,0.0,0.0
SCHOOL_30,0,0,0,0,0,0,0,0,0,0,1,2052000.0,-22.163427000000002,21.8518483,0.0,0.0,0.0,NA,0.0,0.0
SCHOOL_31,0,0,0,0,0,0,0,0,0,0,1,2964000.0,-22.192081,20.3172473,0.0,0.0,0.0,NA,0.0,0.0
SCHOOL_32,0,0,0,0,0,0,0,0,0,0,1,996000.0,-23.443262399999995,21.220654,0.0,0.0,0.0,NA,0.0,0.0
SCHOOL_33,0,0,0,0,0,0,0,0,0,0,1,2124000.0,-23.150830100000004,20.8259843,0.0,0.0,0.0,NA,0.0,0.0
SCHOOL_34,0,0,0,0,0,0,0,0,0,0,1,3444000.0,-22.154975,21.2070213,0.0,0.0,0.0,NA,0.0,0.0
SCHOOL_35,0,0,0,0,0,0,0,0,0,0,1,4980000.0,-21.360545000000002,21.2131083,0.0,0.0,0.0,NA,0.0,0.0
SCHOOL_36,0,0,0,0,0,0,0,0,0,0,1,11952000.0,-21.682273,21.6492523,0.0,0.0,0.0,NA,0.0,0.0
SCHOOL_37,0,0,0,0,0,0,0,0,0,0,1,3912000.0,-20.631526999999995,22.6035643,0.0,0.0,0.0,NA,0.0,0.0
SCHOOL_38,0,0,0,0,0,0,0,0,0,0,1,7968000.0,-20.62771,22.3269673,0.0,0.0,0.0,NA,0.0,0.0
SCHOOL_39,0,0,0,0,0,0,0,0,0,0,1,3168000.0,-20.5486285,22.7488737,0.0,0.0,0.0,NA,0.0,0.0
SCHOOL_40,0,0,0,0,0,0,0,0,0,0,1,9360000.0,-20.484905999999988,22.684004300000005,0.0,0.0,0.0,NA,0.0,0.0
SCHOOL_41,0,0,0,0,0,0,0,0,0,0,1,1416000.0,-20.382498499999997,22.32905,0.0,0.0,0.0,NA,0.0,0.0
SCHOOL_42,0,0,0,0,0,0,0,0,0,0,1,1656000.0,-20.379549500000003,22.8429077,0.0,0.0,0.0,NA,0.0,0.0
SCHOOL_43,0,0,0,0,0,0,0,0,0,0,1,6144000.0,-20.362646999999996,22.9551263,0.0,0.0,0.0,NA,0.0,0.0
SCHOOL_44,0,0,0,0,0,0,0,0,0,0,1,2076000.0,-20.3114022,22.4472077,0.0,0.0,0.0,NA,0.0,0.0
SCHOOL_45,0,0,0,0,0,0,0,0,0,0,1,1296000.0,-20.200611999999992,23.2240313,0.0,0.0,0.0,NA,0.0,0.0
SCHOOL_46,0,0,0,0,0,0,0,0,0,0,1,3168000.0,-19.863915,22.3880773,0.0,0.0,0.0,NA,0.0,0.0
SCHOOL_47,0,0,0,0,0,0,0,0,0,0,1,1572000.0,-19.88366989999999,21.0797133,0.0,0.0,0.0,NA,0.0,0.0
SCHOOL_48,0,0,0,0,0,0,0,0,0,0,1,3132000.0,-19.531342499999997,21.1778337,0.0,0.0,0.0,NA,0.0,0.0
SCHOOL_49,0,0,0,0,0,0,0,0,0,0,1,5184000.0,-18.973330000000004,21.3000413,0.0,0.0,0.0,NA,0.0,0.0
SCHOOL_50,0,0,0,0,0,0,0,0,0,0,1,1740000.0,-19.3577278,22.2814107,0.0,0.0,0.0,NA,0.0,0.0
SCHOOL_51,0,0,0,0,0,0,0,0,0,0,1,2016000.0,-18.8656049,22.2819403,0.0,0.0,0.0,NA,0.0,0.0
SCHOOL_52,0,0,0,0,0,0,0,0,0,0,1,3012000.0,-18.8401309,22.5761663,0.0,0.0,0.0,NA,0.0,0.0
SCHOOL_53,0,0,0,0,0,0,0,0,0,0,1,7560000.0,-18.7343979,22.1589913,0.0,0.0,0.0,NA,0.0,0.0
SCHOOL_54,0,0,0,0,0,0,0,0,0,0,1,2280000.0,-18.709646899999992,21.4382753,0.0,0.0,0.0,NA,0.0,0.0
SCHOOL_55,0,0,0,0,0,0,0,0,0,0,1,3084000.0,-18.600315499999994,22.9128787,0.0,0.0,0.0,NA,0.0,0.0
SCHOOL_56,0,0,0,0,0,0,0,0,0,0,1,2988000.0,-18.525549899999998,22.1505772,0.0,0.0,0.0,NA,0.0,0.0
SCHOOL_57,0,0,0,0,0,0,0,0,0,0,1,2978000.0,-18.454053699999996,22.0753956,0.0,0.0,0.0,NA,0.0,0.0
SCHOOL_58,0,0,0,0,0,0,0,0,0,0,1,6240000.0,-18.447453499999998,21.8953193,0.0,0.0,0.0,NA,0.0,0.0
SCHOOL_59,0,0,0,0,0,0,0,0,0,0,1,1536000.0,-25.552119199999996,25.547045400000002,0.0,0.0,0.0,NA,0.0,0.0
SCHOOL_60,0,0,0,0,0,0,0,0,0,0,1,1464000.0,-25.7504852,25.3385843,0.0,0.0,0.0,NA,0.0,0.0
SCHOOL_61,0,0,0,0,0,0,0,0,0,0,3,15648000.0,-25.274553434056067,23.281561566077684,0.0,0.0,0.0,NA,0.0,0.0
SCHOOL_62,0,0,0,0,0,0,0,0,0,0,1,960000.0,-25.654095599999994,25.4964797,0.0,0.0,0.0,NA,0.0,0.0
SCHOOL_63,0,0,0,0,0,0,0,0,0,0,1,2112000.0,-25.641337899999996,25.1352782,0.0,0.0,0.0,NA,0.0,0.0
SCHOOL_64,0,0,0,0,0,0,0,0,0,0,1,888000.0,-25.6198242,25.492348200000002,0.0,0.0,0.0,NA,0.0,0.0
SCHOOL_65,0,0,0,0,0,0,0,0,0,0,1,2160000.0,-25.593637600000005,25.3119719,0.0,0.0,0.0,NA,0.0,0.0
SCHOOL_66,0,0,0,0,0,0,0,0,0,0,1,816000.0,-25.567242599999993,25.4352537,0.0,0.0,0.0,NA,0.0,0.0
SCHOOL_67,0,0,0,0,0,0,0,0,0,0,1,1608000.0,-25.547672300000002,25.372981100000004,0.0,0.0,0.0,NA,0.0,0.0
SCHOOL_68,0,0,0,0,0,0,0,0,0,0,1,1680000.0,-25.543865599999997,25.4935517,0.0,0.0,0.0,NA,0.0,0.0
SCHOOL_69,0,0,0,0,0,0,0,0,0,0,1,840000.0,-25.5421891,25.4915253,0.0,0.0,0.0,NA,0.0,0.0
SCHOOL_70,0,0,0,0,0,0,0,0,0,0,1,1236000.0,-25.542002600000004,25.1362707,0.0,0.0,0.0,NA,0.0,0.0
SCHOOL_71,0,0,0,0,0,0,0,0,0,0,1,768000.0,-25.537402700000005,25.3098077,0.0,0.0,0.0,NA,0.0,0.0
SCHOOL_72,0,0,0,0,0,0,0,0,0,0,1,3060000.0,-25.4647283,25.3872433,0.0,0.0,0.0,NA,0.0,0.0
SCHOOL_73,0,0,0,0,0,0,0,0,0,0,1,12000000.0,-25.464726399999986,25.409626099999997,0.0,0.0,0.0,NA,0.0,0.0
SCHOOL_74,0,0,0,0,0,0,0,0,0,0,1,1488000.0,-25.433643099999998,25.5005611,0.0,0.0,0.0,NA,0.0,0.0
SCHOOL_75,0,0,0,0,0,0,0,0,0,0,1,3336000.0,-25.43129109999999,24.9582853,0.0,0.0,0.0,NA,0.0,0.0
SCHOOL_76,0,0,0,0,0,0,0,0,0,0,1,1104000.0,-25.4017341,25.4350633,0.0,0.0,0.0,NA,0.0,0.0
SCHOOL_77,0,0,0,0,0,0,0,0,0,0,1,1152000.0,-25.861596000000006,22.4318743,0.0,0.0,0.0,NA,0.0,0.0
SCHOOL_78,0,0,0,0,0,0,0,0,0,0,1,2124000.0,-25.795263199999997,22.6832053,0.0,0.0,0.0,NA,0.0,0.0
SCHOOL_79,0,0,0,0,0,0,0,0,0,0,1,972000.0,-25.707585200000004,22.6884997,0.0,0.0,0.0,NA,0.0,0.0
SCHOOL_80,0,0,0,0,0,0,0,0,0,0,1,4152000.0,-25.335716099999996,22.9776933,0.0,0.0,0.0,NA,0.0,0.0
SCHOOL_81,0,0,0,0,0,0,0,0,0,0,1,4080000.0,-24.920464099999993,23.2188323,0.0,0.0,0.0,NA,0.0,0.0
SCHOOL_82,0,0,0,0,0,0,0,0,0,0,1,4056000.0,-25.610499900000004,24.5352736,0.0,0.0,0.0,NA,0.0,0.0
SCHOOL_83,0,0,0,0,0,0,0,0,0,0,1,7584000.0,-25.323765399999996,24.4792262,0.0,0.0,0.0,NA,0.0,0.0
SCHOOL_84,0,0,0,0,0,0,0,0,0,0,1,3492000.0,-24.9149781,24.229120300000005,0.0,0.0,0.0,NA,0.0,0.0
SCHOOL_85,0,0,0,0,0,0,0,0,0,0,1,5532000.0,-24.903076999999996,24.6273726,0.0,0.0,0.0,NA,0.0,0.0
SCHOOL_86,0,0,0,0,0,0,0,0,0,0,1,10488000.0,-24.894410999999998,24.6293053,0.0,0.0,0.0,NA,0.0,0.0
SCHOOL_87,0,0,0,0,0,0,0,0,0,0,1,1092000.0,-25.389913599999996,25.1353867,0.0,0.0,0.0,NA,0.0,0.0
SCHOOL_88,0,0,0,0,0,0,0,0,0,0,1,1536000.0,-25.384432999999998,25.3651313,0.0,0.0,0.0,NA,0.0,0.0
SCHOOL_89,0,0,0,0,0,0,0,0,0,0,1,2484000.0,-25.29235149999999,25.4770773,0.0,0.0,0.0,NA,0.0,0.0
SCHOOL_90,0,0,0,0,0,0,0,0,0,0,1,3648000.0,-25.195409099999996,25.1779783,0.0,0.0,0.0,NA,0.0,0.0
SCHOOL_91,0,0,0,0,0,0,0,0,0,0,2,2712000.0,-25.152583800694817,25.510372000075115,0.0,0.0,0.0,NA,0.0,0.0
SCHOOL_92,0,0,0,0,0,0,0,0,0,0,1,3876000.0,-25.106846600000004,24.8741698,0.0,0.0,0.0,NA,0.0,0.0
SCHOOL_93,0,0,0,0,0,0,0,0,0,0,7,39223800.0,-24.994537333609298,25.315300917462316,0.0,0.0,0.0,NA,0.0,0.0
SCHOOL_94,0,0,0,0,0,0,0,0,0,0,1,12000000.0,-24.981935,25.076329100000002,0.0,0.0,0.0,NA,0.0,0.0
SCHOOL_95,0,0,0,0,0,0,0,0,0,0,1,5148000.0,-24.955681599999988,25.1131637,0.0,0.0,0.0,NA,0.0,0.0
SCHOOL_96,0,0,0,0,0,0,0,0,0,0,1,3900000.0,-24.952558699999997,25.3086387,0.0,0.0,0.0,NA,0.0,0.0
SCHOOL_97,0,0,0,0,0,0,0,0,0,0,1,8760000.0,-25.469921100000004,25.588405,0.0,0.0,0.0,NA,0.0,0.0
SCHOOL_98,0,0,0,0,0,0,0,0,0,0,1,2112000.0,-25.4114221,25.5349243,0.0,0.0,0.0,NA,0.0,0.0
SCHOOL_99,0,0,0,0,0,0,0,0,0,0,1,4140000.0,-25.369883999999992,25.6309867,0.0,0.0,0.0,NA,0.0,0.0
SCHOOL_100,0,0,0,0,0,0,0,0,0,0,1,12000000.0,-25.024695000000005,25.7466503,0.0,0.0,0.0,NA,0.0,0.0
SCHOOL_101,0,0,0,0,0,0,0,0,0,0,3,8700000.0,-24.9865341020182,25.698556197091,0.0,0.0,0.0,NA,0.0,0.0
SCHOOL_102,0,0,0,0,0,0,0,0,0,0,1,4836000.0,-24.980064100000003,25.589926299999995,0.0,0.0,0.0,NA,0.0,0.0
SCHOOL_103,0,0,0,0,0,0,0,0,0,0,1,3888000.0,-24.909535799999993,25.627517000000005,0.0,0.0,0.0,NA,0.0,0.0
SCHOOL_104,0,0,0,0,0,0,0,0,0,0,1,3216000.0,-24.90676359999999,25.6265963,0.0,0.0,0.0,NA,0.0,0.0
SCHOOL_105,0,0,0,0,0,0,0,0,0,0,1,2028000.0,-24.8556582,25.669891200000002,0.0,0.0,0.0,NA,0.0,0.0
SCHOOL_106,0,0,0,0,0,0,0,0,0,0,1,7824000.0,-24.78121090000001,25.837556,0.0,0.0,0.0,NA,0.0,0.0
SCHOOL_107,0,0,0,0,0,0,0,0,0,0,1,3036000.0,-24.763489599999996,25.7265207,0.0,0.0,0.0,NA,0.0,0.0
SCHOOL_108,0,0,0,0,0,0,0,0,0,0,1,5496000.0,-24.720715299999988,25.6683881,0.0,0.0,0.0,NA,0.0,0.0
SCHOOL_109,0,0,0,0,0,0,0,0,0,0,1,4332000.0,-24.714483599999998,25.8696591,0.0,0.0,0.0,NA,0.0,0.0
SCHOOL_110,0,0,0,0,0,0,0,0,0,0,1,12000000.0,-24.7068247,25.875809600000004,0.0,0.0,0.0,NA,0.0,0.0
SCHOOL_111,0,0,0,0,0,0,0,0,0,0,1,7956000.0,-24.6956076,25.8947236,0.0,0.0,0.0,NA,0.0,0.0
SCHOOL_112,0,0,0,0,0,0,0,0,0,0,1,1224000.0,-24.692446599999993,25.6034667,0.0,0.0,0.0,NA,0.0,0.0
SCHOOL_113,0,0,0,0,0,0,0,0,0,0,1,6780000.0,-24.685598600000002,25.7847507,0.0,0.0,0.0,NA,0.0,0.0
SCHOOL_114,0,0,0,0,0,0,0,0,0,0,1,1061800.0,-24.677854099999998,25.5642313,0.0,0.0,0.0,NA,0.0,0.0
SCHOOL_115,0,0,0,0,0,0,0,0,0,0,1,840000.0,-24.658026899999996,25.5819448,0.0,0.0,0.0,NA,0.0,0.0
SCHOOL_116,0,0,0,0,0,0,0,0,0,0,1,715800.0,-24.654376799999998,25.560257000000004,0.0,0.0,0.0,NA,0.0,0.0
SCHOOL_117,0,0,0,0,0,0,0,0,0,0,1,12000000.0,-24.6285101,25.8370465,0.0,0.0,0.0,NA,0.0,0.0
SCHOOL_118,0,0,0,0,0,0,0,0,0,0,1,840000.0,-24.622378900000005,25.7889136,0.0,0.0,0.0,NA,0.0,0.0
SCHOOL_119,0,0,0,0,0,0,0,0,0,0,1,2724000.0,-23.1122761,27.565982300000005,0.0,0.0,0.0,NA,0.0,0.0
SCHOOL_120,0,0,0,0,0,0,0,0,0,0,1,1584000.0,-23.0060917,27.746948,0.0,0.0,0.0,NA,0.0,0.0
SCHOOL_121,0,0,0,0,0,0,0,0,0,0,1,4728000.0,-24.602950999999997,25.768171900000002,0.0,0.0,0.0,NA,0.0,0.0
SCHOOL_122,0,0,0,0,0,0,0,0,0,0,1,1200000.0,-24.595009999999995,26.2179713,0.0,0.0,0.0,NA,0.0,0.0
SCHOOL_123,0,0,0,0,0,0,0,0,0,0,1,5868000.0,-24.5787346,25.9392087,0.0,0.0,0.0,NA,0.0,0.0
SCHOOL_124,0,0,0,0,0,0,0,0,0,0,1,4356000.0,-24.561259899999996,25.9059583,0.0,0.0,0.0,NA,0.0,0.0
SCHOOL_125,0,0,0,0,0,0,0,0,0,0,1,6624000.0,-24.5607228,26.0439461,0.0,0.0,0.0,NA,0.0,0.0
SCHOOL_126,0,0,0,0,0,0,0,0,0,0,1,1800000.0,-24.557565,25.667360999999996,0.0,0.0,0.0,NA,0.0,0.0
SCHOOL_127,0,0,0,0,0,0,0,0,0,0,1,2640000.0,-24.544857999999998,25.6159153,0.0,0.0,0.0,NA,0.0,0.0
SCHOOL_128,0,0,0,0,0,0,0,0,0,0,1,4668000.0,-24.478204999999996,25.6631703,0.0,0.0,0.0,NA,0.0,0.0
SCHOOL_129,0,0,0,0,0,0,0,0,0,0,1,6432000.0,-24.433318999999997,26.0421249,0.0,0.0,0.0,NA,0.0,0.0
SCHOOL_130,0,0,0,0,0,0,0,0,0,0,1,3480000.0,-24.3884696,25.5985647,0.0,0.0,0.0,NA,0.0,0.0
SCHOOL_131,0,0,0,0,0,0,0,0,0,0,2,4920000.0,-24.309298050001367,25.908325800006047,0.0,0.0,0.0,NA,0.0,0.0
SCHOOL_132,0,0,0,0,0,0,0,0,0,0,1,3552000.0,-24.295729499999993,26.1620179,0.0,0.0,0.0,NA,0.0,0.0
SCHOOL_133,0,0,0,0,0,0,0,0,0,0,1,2472000.0,-24.2925751,26.1677813,0.0,0.0,0.0,NA,0.0,0.0
SCHOOL_134,0,0,0,0,0,0,0,0,0,0,1,1752000.0,-24.258611999999996,25.543299299999997,0.0,0.0,0.0,NA,0.0,0.0
SCHOOL_135,0,0,0,0,0,0,0,0,0,0,1,2052000.0,-24.1393216,26.0060783,0.0,0.0,0.0,NA,0.0,0.0
SCHOOL_136,0,0,0,0,0,0,0,0,0,0,1,2460000.0,-24.066628800000004,25.864198400000003,0.0,0.0,0.0,NA,0.0,0.0
SCHOOL_137,0,0,0,0,0,0,0,0,0,0,1,2736000.0,-24.187932099999998,26.861941300000005,0.0,0.0,0.0,NA,0.0,0.0
SCHOOL_138,0,0,0,0,0,0,0,0,0,0,1,1536000.0,-23.840489499999997,26.4510287,0.0,0.0,0.0,NA,0.0,0.0
SCHOOL_139,0,0,0,0,0,0,0,0,0,0,1,4116000.0,-23.7466256,26.459838900000005,0.0,0.0,0.0,NA,0.0,0.0
SCHOOL_140,0,0,0,0,0,0,0,0,0,0,1,2388000.0,-23.2643569,26.5870591,0.0,0.0,0.0,NA,0.0,0.0
SCHOOL_141,0,0,0,0,0,0,0,0,0,0,1,1668000.0,-23.851655499999993,26.9251787,0.0,0.0,0.0,NA,0.0,0.0
SCHOOL_142,0,0,0,0,0,0,0,0,0,0,1,2868000.0,-23.522228100000007,27.0409303,0.0,0.0,0.0,NA,0.0,0.0
SCHOOL_143,0,0,0,0,0,0,0,0,0,0,1,7152000.0,-23.406470399999996,27.1287498,0.0,0.0,0.0,NA,0.0,0.0
SCHOOL_144,0,0,0,0,0,0,0,0,0,0,1,4944000.0,-24.0231554,26.314265,0.0,0.0,0.0,NA,0.0,0.0
SCHOOL_145,0,0,0,0,0,0,0,0,0,0,1,816000.0,-23.735583099999996,26.1814783,0.0,0.0,0.0,NA,0.0,0.0
SCHOOL_146,0,0,0,0,0,0,0,0,0,0,1,1440000.0,-23.664766100000005,26.074862300000003,0.0,0.0,0.0,NA,0.0,0.0
SCHOOL_147,0,0,0,0,0,0,0,0,0,0,1,4464000.0,-23.602274199999997,25.822205500000003,0.0,0.0,0.0,NA,0.0,0.0
SCHOOL_148,0,0,0,0,0,0,0,0,0,0,1,3108000.0,-23.599305499999996,26.26801,0.0,0.0,0.0,NA,0.0,0.0
SCHOOL_149,0,0,0,0,0,0,0,0,0,0,1,4176000.0,-23.540520300000004,26.017491799999995,0.0,0.0,0.0,NA,0.0,0.0
SCHOOL_150,0,0,0,0,0,0,0,0,0,0,1,5520000.0,-23.478133100000004,25.6582653,0.0,0.0,0.0,NA,0.0,0.0
SCHOOL_151,0,0,0,0,0,0,0,0,0,0,1,9840000.0,-23.441906999999993,25.7371353,0.0,0.0,0.0,NA,0.0,0.0
SCHOOL_152,0,0,0,0,0,0,0,0,0,0,1,6120000.0,-23.4309698,25.7446788,0.0,0.0,0.0,NA,0.0,0.0
SCHOOL_153,0,0,0,0,0,0,0,0,0,0,1,2256000.0,-23.1326149,26.4132395,0.0,0.0,0.0,NA,0.0,0.0
SCHOOL_154,0,0,0,0,0,0,0,0,0,0,1,8292000.0,-23.112237399999998,26.8556392,0.0,0.0,0.0,NA,0.0,0.0
SCHOOL_155,0,0,0,0,0,0,0,0,0,0,1,5941200.0,-23.065532199999996,26.5044988,0.0,0.0,0.0,NA,0.0,0.0
SCHOOL_156,0,0,0,0,0,0,0,0,0,0,1,5556000.0,-22.866626100000005,26.482490399999996,0.0,0.0,0.0,NA,0.0,0.0
SCHOOL_157,0,0,0,0,0,0,0,0,0,0,1,2124000.0,-23.139832999999992,26.9629627,0.0,0.0,0.0,NA,0.0,0.0
SCHOOL_158,0,0,0,0,0,0,0,0,0,0,1,3540000.0,-23.109112699999997,27.134933,0.0,0.0,0.0,NA,0.0,0.0
SCHOOL_159,0,0,0,0,0,0,0,0,0,0,1,2688000.0,-23.106989999999993,27.1515213,0.0,0.0,0.0,NA,0.0,0.0
SCHOOL_160,0,0,0,0,0,0,0,0,0,0,1,1920000.0,-22.856462999999998,27.2959413,0.0,0.0,0.0,NA,0.0,0.0
SCHOOL_161,0,0,0,0,0,0,0,0,0,0,1,3768000.0,-22.793352999999993,27.229251299999998,0.0,0.0,0.0,NA,0.0,0.0
SCHOOL_162,0,0,0,0,0,0,0,0,0,0,2,4020000.0,-22.718208251024237,27.311916500673334,0.0,0.0,0.0,NA,0.0,0.0
SCHOOL_163,0,0,0,0,0,0,0,0,0,0,1,1680000.0,-22.850744999999996,26.8961763,0.0,0.0,0.0,NA,0.0,0.0
SCHOOL_164,0,0,0,0,0,0,0,0,0,0,1,2148000.0,-22.78296999999999,26.895611299999995,0.0,0.0,0.0,NA,0.0,0.0
SCHOOL_165,0,0,0,0,0,0,0,0,0,0,1,1212000.0,-22.7679,26.7898713,0.0,0.0,0.0,NA,0.0,0.0
SCHOOL_166,0,0,0,0,0,0,0,0,0,0,1,6444000.0,-22.600001,26.3847163,0.0,0.0,0.0,NA,0.0,0.0
SCHOOL_167,0,0,0,0,0,0,0,0,0,0,2,5556000.0,-22.580753501019583,26.39042180111098,0.0,0.0,0.0,NA,0.0,0.0
SCHOOL_168,0,0,0,0,0,0,0,0,0,0,1,10368000.0,-22.562520999999993,27.0536284,0.0,0.0,0.0,NA,0.0,0.0
SCHOOL_169,0,0,0,0,0,0,0,0,0,0,1,12000000.0,-22.557844800000005,27.084158,0.0,0.0,0.0,NA,0.0,0.0
SCHOOL_170,0,0,0,0,0,0,0,0,0,0,1,5016000.0,-24.906179799999997,25.2319352,0.0,0.0,0.0,NA,0.0,0.0
SCHOOL_171,0,0,0,0,0,0,0,0,0,0,2,7140000.0,-24.889139350226202,25.005439100309225,0.0,0.0,0.0,NA,0.0,0.0
SCHOOL_172,0,0,0,0,0,0,0,0,0,0,1,2640000.0,-24.879823199999993,24.898598799999995,0.0,0.0,0.0,NA,0.0,0.0
SCHOOL_173,0,0,0,0,0,0,0,0,0,0,1,1620000.0,-24.875122,25.3684258,0.0,0.0,0.0,NA,0.0,0.0
SCHOOL_174,0,0,0,0,0,0,0,0,0,0,1,1980000.0,-24.8631331,24.8267833,0.0,0.0,0.0,NA,0.0,0.0
SCHOOL_175,0,0,0,0,0,0,0,0,0,0,1,6036000.0,-24.813544599999997,25.3094959,0.0,0.0,0.0,NA,0.0,0.0
SCHOOL_176,0,0,0,0,0,0,0,0,0,0,1,2520000.0,-24.735784799999998,25.2494178,0.0,0.0,0.0,NA,0.0,0.0
SCHOOL_177,0,0,0,0,0,0,0,0,0,0,1,5652000.0,-24.693077799999994,25.5128583,0.0,0.0,0.0,NA,0.0,0.0
SCHOOL_178,0,0,0,0,0,0,0,0,0,0,1,3948000.0,-24.69059830000001,25.0370426,0.0,0.0,0.0,NA,0.0,0.0
SCHOOL_179,0,0,0,0,0,0,0,0,0,0,1,2436000.0,-24.83076209999999,24.6713179,0.0,0.0,0.0,NA,0.0,0.0
SCHOOL_180,0,0,0,0,0,0,0,0,0,0,1,1728000.0,-24.781680600000005,24.4497217,0.0,0.0,0.0,NA,0.0,0.0
SCHOOL_181,0,0,0,0,0,0,0,0,0,0,1,3048000.0,-24.7680901,24.5963023,0.0,0.0,0.0,NA,0.0,0.0
SCHOOL_182,0,0,0,0,0,0,0,0,0,0,1,3456000.0,-24.59741899999999,23.7566793,0.0,0.0,0.0,NA,0.0,0.0
SCHOOL_183,0,0,0,0,0,0,0,0,0,0,1,1704000.0,-24.564890299999995,23.8577874,0.0,0.0,0.0,NA,0.0,0.0
SCHOOL_184,0,0,0,0,0,0,0,0,0,0,1,3912000.0,-24.51600639999999,23.922278900000002,0.0,0.0,0.0,NA,0.0,0.0
SCHOOL_185,0,0,0,0,0,0,0,0,0,0,2,7560000.0,-24.674896299999997,25.4556447,0.0,0.0,0.0,NA,0.0,0.0
SCHOOL_186,0,0,0,0,0,0,0,0,0,0,1,11160000.0,-24.659975500000005,24.8016189,0.0,0.0,0.0,NA,0.0,0.0
SCHOOL_187,0,0,0,0,0,0,0,0,0,0,2,9840000.0,-24.64955675000003,25.328559699999477,0.0,0.0,0.0,NA,0.0,0.0
SCHOOL_188,0,0,0,0,0,0,0,0,0,0,1,6480000.0,-24.554735499999996,25.373073,0.0,0.0,0.0,NA,0.0,0.0
SCHOOL_189,0,0,0,0,0,0,0,0,0,0,1,6960000.0,-24.522617000000007,25.0482713,0.0,0.0,0.0,NA,0.0,0.0
SCHOOL_190,0,0,0,0,0,0,0,0,0,0,1,10440000.0,-24.505331399999996,25.401319,0.0,0.0,0.0,NA,0.0,0.0
SCHOOL_191,0,0,0,0,0,0,0,0,0,0,1,3828000.0,-24.47735999999999,25.2752913,0.0,0.0,0.0,NA,0.0,0.0
SCHOOL_192,0,0,0,0,0,0,0,0,0,0,1,5916000.0,-24.422118999999988,25.4673753,0.0,0.0,0.0,NA,0.0,0.0
SCHOOL_193,0,0,0,0,0,0,0,0,0,0,2,8484000.0,-24.41436100000679,25.364798649904856,0.0,0.0,0.0,NA,0.0,0.0
SCHOOL_194,0,0,0,0,0,0,0,0,0,0,1,3803300.0,-24.383025999999997,25.4826784,0.0,0.0,0.0,NA,0.0,0.0
SCHOOL_195,0,0,0,0,0,0,0,0,0,0,1,2136000.0,-24.323355599999996,25.2280707,0.0,0.0,0.0,NA,0.0,0.0
SCHOOL_196,0,0,0,0,0,0,0,0,0,0,1,5352000.0,-24.2563061,25.3220883,0.0,0.0,0.0,NA,0.0,0.0
SCHOOL_197,0,0,0,0,0,0,0,0,0,0,1,3852000.0,-24.1897001,25.205384300000002,0.0,0.0,0.0,NA,0.0,0.0
SCHOOL_198,0,0,0,0,0,0,0,0,0,0,1,5712000.0,-24.1831991,25.2724923,0.0,0.0,0.0,NA,0.0,0.0
SCHOOL_199,0,0,0,0,0,0,0,0,0,0,1,7332000.0,-24.713395999999992,23.5013043,0.0,0.0,0.0,NA,0.0,0.0
SCHOOL_200,0,0,0,0,0,0,0,0,0,0,1,2220000.0,-24.7089191,23.6319673,0.0,0.0,0.0,NA,0.0,0.0
SCHOOL_201,0,0,0,0,0,0,0,0,0,0,1,7644000.0,-24.7004231,23.5051853,0.0,0.0,0.0,NA,0.0,0.0
SCHOOL_202,0,0,0,0,0,0,0,0,0,0,1,840000.0,-24.637269299999993,23.54523,0.0,0.0,0.0,NA,0.0,0.0
SCHOOL_203,0,0,0,0,0,0,0,0,0,0,1,5508000.0,-24.4002201,23.5638963,0.0,0.0,0.0,NA,0.0,0.0
SCHOOL_204,0,0,0,0,0,0,0,0,0,0,1,6036000.0,-24.393552699999997,23.5799109,0.0,0.0,0.0,NA,0.0,0.0
SCHOOL_205,0,0,0,0,0,0,0,0,0,0,1,780000.0,-24.329194200000003,23.6223811,0.0,0.0,0.0,NA,0.0,0.0
SCHOOL_206,0,0,0,0,0,0,0,0,0,0,1,3684000.0,-24.0613728,23.299166900000003,0.0,0.0,0.0,NA,0.0,0.0
SCHOOL_207,0,0,0,0,0,0,0,0,0,0,1,2100000.0,-24.06029,23.371431300000005,0.0,0.0,0.0,NA,0.0,0.0
SCHOOL_208,0,0,0,0,0,0,0,0,0,0,1,2340000.0,-23.8668721,23.67348,0.0,0.0,0.0,NA,0.0,0.0
SCHOOL_209,0,0,0,0,0,0,0,0,0,0,1,7188000.0,-24.1674815,24.9591177,0.0,0.0,0.0,NA,0.0,0.0
SCHOOL_210,0,0,0,0,0,0,0,0,0,0,1,12000000.0,-24.1176851,25.0232933,0.0,0.0,0.0,NA,0.0,0.0
SCHOOL_211,0,0,0,0,0,0,0,0,0,0,1,10812000.0,-24.102232299999994,25.0299278,0.0,0.0,0.0,NA,0.0,0.0
SCHOOL_212,0,0,0,0,0,0,0,0,0,0,1,8136000.0,-24.085517000000003,25.027117700000005,0.0,0.0,0.0,NA,0.0,0.0
SCHOOL_213,0,0,0,0,0,0,0,0,0,0,1,1464000.0,-24.04409599999999,24.8654562,0.0,0.0,0.0,NA,0.0,0.0
SCHOOL_214,0,0,0,0,0,0,0,0,0,0,1,4944000.0,-24.0245151,25.4897661,0.0,0.0,0.0,NA,0.0,0.0
SCHOOL_215,0,0,0,0,0,0,0,0,0,0,1,7740000.0,-23.884327999999996,24.7481761,0.0,0.0,0.0,NA,0.0,0.0
SCHOOL_216,0,0,0,0,0,0,0,0,0,0,1,2616000.0,-23.862029999999997,25.3633513,0.0,0.0,0.0,NA,0.0,0.0
SCHOOL_217,0,0,0,0,0,0,0,0,0,0,1,7344000.0,-23.8366366,25.2815698,0.0,0.0,0.0,NA,0.0,0.0
SCHOOL_218,0,0,0,0,0,0,0,0,0,0,1,3960000.0,-24.415471499999995,24.2217207,0.0,0.0,0.0,NA,0.0,0.0
SCHOOL_219,0,0,0,0,0,0,0,0,0,0,1,5508000.0,-24.093248499999994,24.5298707,0.0,0.0,0.0,NA,0.0,0.0
SCHOOL_220,0,0,0,0,0,0,0,0,0,0,1,12000000.0,-24.0157041,24.3070023,0.0,0.0,0.0,NA,0.0,0.0
SCHOOL_221,0,0,0,0,0,0,0,0,0,0,1,7824000.0,-24.002938899999997,24.3079591,0.0,0.0,0.0,NA,0.0,0.0
SCHOOL_222,0,0,0,0,0,0,0,0,0,0,1,4092000.0,-23.977662500000008,23.8871255,0.0,0.0,0.0,NA,0.0,0.0
SCHOOL_223,0,0,0,0,0,0,0,0,0,0,1,6336000.0,-23.735051599999995,24.5886564,0.0,0.0,0.0,NA,0.0,0.0
SCHOOL_224,0,0,0,0,0,0,0,0,0,0,1,9504000.0,-23.699901000000004,24.7053233,0.0,0.0,0.0,NA,0.0,0.0
SCHOOL_225,0,0,0,0,0,0,0,0,0,0,1,3900000.0,-23.381445900000003,24.659291,0.0,0.0,0.0,NA,0.0,0.0
SCHOOL_226,0,0,0,0,0,0,0,0,0,0,1,6636000.0,-23.187547599999995,27.4723433,0.0,0.0,0.0,NA,0.0,0.0
SCHOOL_227,0,0,0,0,0,0,0,0,0,0,1,2400000.0,-22.849266,27.3419393,0.0,0.0,0.0,NA,0.0,0.0
SCHOOL_228,0,0,0,0,0,0,0,0,0,0,1,2832000.0,-22.724268800000008,27.411184799999997,0.0,0.0,0.0,NA,0.0,0.0
SCHOOL_229,0,0,0,0,0,0,0,0,0,0,1,1776000.0,-22.724050999999992,27.391131299999998,0.0,0.0,0.0,NA,0.0,0.0
SCHOOL_230,0,0,0,0,0,0,0,0,0,0,1,1020000.0,-22.718380999999997,27.4775123,0.0,0.0,0.0,NA,0.0,0.0
SCHOOL_231,0,0,0,0,0,0,0,0,0,0,1,1308000.0,-22.681061,27.6123163,0.0,0.0,0.0,NA,0.0,0.0
SCHOOL_232,0,0,0,0,0,0,0,0,0,0,1,10824000.0,-22.677748000000005,27.609318300000005,0.0,0.0,0.0,NA,0.0,0.0
SCHOOL_233,0,0,0,0,0,0,0,0,0,0,1,2292000.0,-22.651659000000002,27.637385299999995,0.0,0.0,0.0,NA,0.0,0.0
SCHOOL_234,0,0,0,0,0,0,0,0,0,0,1,5436000.0,-22.3880152,27.5792675,0.0,0.0,0.0,NA,0.0,0.0
SCHOOL_235,0,0,0,0,0,0,0,0,0,0,1,2040000.0,-22.3315428,27.8165668,0.0,0.0,0.0,NA,0.0,0.0
SCHOOL_236,0,0,0,0,0,0,0,0,0,0,1,5952000.0,-21.9967735,27.845168100000002,0.0,0.0,0.0,NA,0.0,0.0
SCHOOL_237,0,0,0,0,0,0,0,0,0,0,1,3876000.0,-22.6126296,27.331530600000004,0.0,0.0,0.0,NA,0.0,0.0
SCHOOL_238,0,0,0,0,0,0,0,0,0,0,1,1992000.0,-22.570692000000008,27.4451043,0.0,0.0,0.0,NA,0.0,0.0
SCHOOL_239,0,0,0,0,0,0,0,0,0,0,1,3744000.0,-22.4104125,27.3992067,0.0,0.0,0.0,NA,0.0,0.0
SCHOOL_240,0,0,0,0,0,0,0,0,0,0,1,6108000.0,-21.969877099999994,27.8644233,0.0,0.0,0.0,NA,0.0,0.0
SCHOOL_241,0,0,0,0,0,0,0,0,0,0,1,12000000.0,-21.903299999999998,27.7358193,0.0,0.0,0.0,NA,0.0,0.0
SCHOOL_242,0,0,0,0,0,0,0,0,0,0,1,1752000.0,-22.357896,27.5357203,0.0,0.0,0.0,NA,0.0,0.0
SCHOOL_243,0,0,0,0,0,0,0,0,0,0,1,4644000.0,-21.4626489,27.5343837,0.0,0.0,0.0,NA,0.0,0.0
SCHOOL_244,0,0,0,0,0,0,0,0,0,0,1,1572000.0,-21.483798999999998,27.7795413,0.0,0.0,0.0,NA,0.0,0.0
SCHOOL_245,0,0,0,0,0,0,0,0,0,0,1,6168000.0,-21.3108846,27.8825585,0.0,0.0,0.0,NA,0.0,0.0
SCHOOL_246,0,0,0,0,0,0,0,0,0,0,1,9252000.0,-21.4203846,27.4392758,0.0,0.0,0.0,NA,0.0,0.0
SCHOOL_247,0,0,0,0,0,0,0,0,0,0,1,5748000.0,-21.405840699999995,27.4530538,0.0,0.0,0.0,NA,0.0,0.0
SCHOOL_248,0,0,0,0,0,0,0,0,0,0,1,3000000.0,-21.36889199999999,27.450742299999998,0.0,0.0,0.0,NA,0.0,0.0
SCHOOL_249,0,0,0,0,0,0,0,0,0,0,1,1944000.0,-23.3599082,25.8355104,0.0,0.0,0.0,NA,0.0,0.0
SCHOOL_250,0,0,0,0,0,0,0,0,0,0,1,3120000.0,-23.359571000000003,25.6752853,0.0,0.0,0.0,NA,0.0,0.0
SCHOOL_251,0,0,0,0,0,0,0,0,0,0,1,5328000.0,-23.1233697,26.1855698,0.0,0.0,0.0,NA,0.0,0.0
SCHOOL_252,0,0,0,0,0,0,0,0,0,0,1,4332000.0,-22.94921099999999,26.2384883,0.0,0.0,0.0,NA,0.0,0.0
SCHOOL_253,0,0,0,0,0,0,0,0,0,0,1,7176000.0,-22.937209799999998,26.36178,0.0,0.0,0.0,NA,0.0,0.0
SCHOOL_254,0,0,0,0,0,0,0,0,0,0,1,8568000.0,-21.815399000000003,25.9387113,0.0,0.0,0.0,NA,0.0,0.0
SCHOOL_255,0,0,0,0,0,0,0,0,0,0,1,5412000.0,-22.38518,26.7393163,0.0,0.0,0.0,NA,0.0,0.0
SCHOOL_256,0,0,0,0,0,0,0,0,0,0,1,9767500.0,-22.530570699999995,27.0377717,0.0,0.0,0.0,NA,0.0,0.0
SCHOOL_257,0,0,0,0,0,0,0,0,0,0,1,2100000.0,-22.04925,27.271282300000003,0.0,0.0,0.0,NA,0.0,0.0
SCHOOL_258,0,0,0,0,0,0,0,0,0,0,1,6816000.0,-22.226683000000005,26.815439299999998,0.0,0.0,0.0,NA,0.0,0.0
SCHOOL_259,0,0,0,0,0,0,0,0,0,0,1,6300000.0,-22.114924,26.9225803,0.0,0.0,0.0,NA,0.0,0.0
SCHOOL_260,0,0,0,0,0,0,0,0,0,0,1,3072000.0,-22.020755,26.790570299999995,0.0,0.0,0.0,NA,0.0,0.0
SCHOOL_261,0,0,0,0,0,0,0,0,0,0,1,7608000.0,-21.864576,26.4286013,0.0,0.0,0.0,NA,0.0,0.0
SCHOOL_262,0,0,0,0,0,0,0,0,0,0,1,5976000.0,-21.679334999999995,26.7534303,0.0,0.0,0.0,NA,0.0,0.0
SCHOOL_263,0,0,0,0,0,0,0,0,0,0,1,7968000.0,-21.3065362,26.8778779,0.0,0.0,0.0,NA,0.0,0.0
SCHOOL_264,0,0,0,0,0,0,0,0,0,0,1,4752000.0,-20.835264000000006,26.6769063,0.0,0.0,0.0,NA,0.0,0.0
SCHOOL_265,0,0,0,0,0,0,0,0,0,0,2,8844000.0,-21.78654425005083,27.27843200001648,0.0,0.0,0.0,NA,0.0,0.0
SCHOOL_266,0,0,0,0,0,0,0,0,0,0,1,4068000.0,-21.081330000000005,27.1347113,0.0,0.0,0.0,NA,0.0,0.0
SCHOOL_267,0,0,0,0,0,0,0,0,0,0,1,6600000.0,-20.902284999999992,27.0684843,0.0,0.0,0.0,NA,0.0,0.0
SCHOOL_268,0,0,0,0,0,0,0,0,0,0,1,3192000.0,-20.8999794,27.2745782,0.0,0.0,0.0,NA,0.0,0.0
SCHOOL_269,0,0,0,0,0,0,0,0,0,0,1,3216000.0,-21.0904355,26.329368,0.0,0.0,0.0,NA,0.0,0.0
SCHOOL_270,0,0,0,0,0,0,0,0,0,0,2,14712000.0,-20.562749350009952,26.218636999994448,0.0,0.0,0.0,NA,0.0,0.0
SCHOOL_271,0,0,0,0,0,0,0,0,0,0,1,840000.0,-20.899874100000005,27.2804469,0.0,0.0,0.0,NA,0.0,0.0
SCHOOL_272,0,0,0,0,0,0,0,0,0,0,2,7524000.0,-20.863347500011283,27.226814299990963,0.0,0.0,0.0,NA,0.0,0.0
SCHOOL_273,0,0,0,0,0,0,0,0,0,0,1,2220000.0,-20.853820000000002,27.2497613,0.0,0.0,0.0,NA,0.0,0.0
SCHOOL_274,0,0,0,0,0,0,0,0,0,0,1,1428000.0,-20.797219999999996,27.3272513,0.0,0.0,0.0,NA,0.0,0.0
SCHOOL_275,0,0,0,0,0,0,0,0,0,0,1,1488000.0,-20.7537325,27.356825700000005,0.0,0.0,0.0,NA,0.0,0.0
SCHOOL_276,0,0,0,0,0,0,0,0,0,0,1,1416000.0,-20.668066800000002,27.4123647,0.0,0.0,0.0,NA,0.0,0.0
SCHOOL_277,0,0,0,0,0,0,0,0,0,0,1,2916000.0,-20.603233999999997,27.395432299999996,0.0,0.0,0.0,NA,0.0,0.0
SCHOOL_278,0,0,0,0,0,0,0,0,0,0,1,3264000.0,-20.570354,27.4576723,0.0,0.0,0.0,NA,0.0,0.0
SCHOOL_279,0,0,0,0,0,0,0,0,0,0,1,6996000.0,-20.676647,27.1230473,0.0,0.0,0.0,NA,0.0,0.0
SCHOOL_280,0,0,0,0,0,0,0,0,0,0,1,1968000.0,-20.633352499999997,27.29161,0.0,0.0,0.0,NA,0.0,0.0
SCHOOL_281,0,0,0,0,0,0,0,0,0,0,1,2916000.0,-20.554196000000005,27.3156713,0.0,0.0,0.0,NA,0.0,0.0
SCHOOL_282,0,0,0,0,0,0,0,0,0,0,1,2100000.0,-20.538544399999996,27.3207755,0.0,0.0,0.0,NA,0.0,0.0
SCHOOL_283,0,0,0,0,0,0,0,0,0,0,1,6684000.0,-20.525376999999995,27.0625293,0.0,0.0,0.0,NA,0.0,0.0
SCHOOL_284,0,0,0,0,0,0,0,0,0,0,1,5604000.0,-20.50852499999999,27.1880173,0.0,0.0,0.0,NA,0.0,0.0
SCHOOL_285,0,0,0,0,0,0,0,0,0,0,1,9108000.0,-20.492365,27.025261299999997,0.0,0.0,0.0,NA,0.0,0.0
SCHOOL_286,0,0,0,0,0,0,0,0,0,0,1,2736000.0,-20.324908599999993,27.2279879,0.0,0.0,0.0,NA,0.0,0.0
SCHOOL_287,0,0,0,0,0,0,0,0,0,0,1,7536000.0,-20.300743799999992,27.147824999999997,0.0,0.0,0.0,NA,0.0,0.0
SCHOOL_288,0,0,0,0,0,0,0,0,0,0,1,3780000.0,-23.6728,25.306330299999996,0.0,0.0,0.0,NA,0.0,0.0
SCHOOL_289,0,0,0,0,0,0,0,0,0,0,1,4044000.0,-23.63650309999999,24.9580453,0.0,0.0,0.0,NA,0.0,0.0
SCHOOL_290,0,0,0,0,0,0,0,0,0,0,1,8760000.0,-21.946897900000003,25.4449652,0.0,0.0,0.0,NA,0.0,0.0
SCHOOL_291,0,0,0,0,0,0,0,0,0,0,1,9228000.0,-21.213218200000004,24.8930882,0.0,0.0,0.0,NA,0.0,0.0
SCHOOL_292,0,0,0,0,0,0,0,0,0,0,1,3096000.0,-21.090594,24.4782303,0.0,0.0,0.0,NA,0.0,0.0
SCHOOL_293,0,0,0,0,0,0,0,0,0,0,1,2928000.0,-21.070383999999994,24.5665673,0.0,0.0,0.0,NA,0.0,0.0
SCHOOL_294,0,0,0,0,0,0,0,0,0,0,1,2064000.0,-21.017539,24.4116943,0.0,0.0,0.0,NA,0.0,0.0
SCHOOL_295,0,0,0,0,0,0,0,0,0,0,1,3084000.0,-20.425363699999995,23.3299989,0.0,0.0,0.0,NA,0.0,0.0
SCHOOL_296,0,0,0,0,0,0,0,0,0,0,1,2568000.0,-20.150329,23.6550338,0.0,0.0,0.0,NA,0.0,0.0
SCHOOL_297,0,0,0,0,0,0,0,0,0,0,1,12000000.0,-19.941634900000004,23.4982823,0.0,0.0,0.0,NA,0.0,0.0
SCHOOL_298,0,0,0,0,0,0,0,0,0,0,1,1776000.0,-19.850779499999998,23.587466700000004,0.0,0.0,0.0,NA,0.0,0.0
SCHOOL_299,0,0,0,0,0,0,0,0,0,0,1,2748000.0,-20.042691600000005,25.483120200000002,0.0,0.0,0.0,NA,0.0,0.0
SCHOOL_300,0,0,0,0,0,0,0,0,0,0,1,2208000.0,-20.240137999999998,24.250935300000002,0.0,0.0,0.0,NA,0.0,0.0
SCHOOL_301,0,0,0,0,0,0,0,0,0,0,1,1944000.0,-20.1953256,24.5355064,0.0,0.0,0.0,NA,0.0,0.0
SCHOOL_302,0,0,0,0,0,0,0,0,0,0,1,1500000.0,-19.428477899999997,23.8712703,0.0,0.0,0.0,NA,0.0,0.0
SCHOOL_303,0,0,0,0,0,0,0,0,0,0,1,1344000.0,-19.1854135,23.9998747,0.0,0.0,0.0,NA,0.0,0.0
SCHOOL_304,0,0,0,0,0,0,0,0,0,0,1,4332000.0,-19.7654865,23.6686257,0.0,0.0,0.0,NA,0.0,0.0
SCHOOL_305,0,0,0,0,0,0,0,0,0,0,1,10476000.0,-21.20516989999999,27.4725745,0.0,0.0,0.0,NA,0.0,0.0
SCHOOL_306,0,0,0,0,0,0,0,0,0,0,1,10020000.0,-21.2005985,27.4774296,0.0,0.0,0.0,NA,0.0,0.0
SCHOOL_307,0,0,0,0,0,0,0,0,0,0,1,8424000.0,-21.18613199999999,27.4540077,0.0,0.0,0.0,NA,0.0,0.0
SCHOOL_308,0,0,0,0,0,0,0,0,0,0,1,12000000.0,-21.076706499999993,27.3457371,0.0,0.0,0.0,NA,0.0,0.0
SCHOOL_309,0,0,0,0,0,0,0,0,0,0,1,3936000.0,-20.9540029,27.6802344,0.0,0.0,0.0,NA,0.0,0.0
SCHOOL_310,0,0,0,0,0,0,0,0,0,0,1,3684000.0,-20.858756199999995,27.6733385,0.0,0.0,0.0,NA,0.0,0.0
SCHOOL_311,0,0,0,0,0,0,0,0,0,0,1,2340000.0,-20.908954800000004,27.6265908,0.0,0.0,0.0,NA,0.0,0.0
SCHOOL_312,0,0,0,0,0,0,0,0,0,0,1,5292000.0,-20.801208000000003,27.555529299999996,0.0,0.0,0.0,NA,0.0,0.0
SCHOOL_313,0,0,0,0,0,0,0,0,0,0,1,2316000.0,-20.62218100000001,27.5162533,0.0,0.0,0.0,NA,0.0,0.0
SCHOOL_314,0,0,0,0,0,0,0,0,0,0,1,1668000.0,-20.683543200000006,27.6909756,0.0,0.0,0.0,NA,0.0,0.0
SCHOOL_315,0,0,0,0,0,0,0,0,0,0,2,7872000.0,-20.570547900812365,27.708084702280406,0.0,0.0,0.0,NA,0.0,0.0
SCHOOL_316,0,0,0,0,0,0,0,0,0,0,1,1104000.0,-20.592524499999993,27.547514699999997,0.0,0.0,0.0,NA,0.0,0.0
SCHOOL_317,0,0,0,0,0,0,0,0,0,0,2,4680000.0,-20.588964500032546,27.649943800014913,0.0,0.0,0.0,NA,0.0,0.0
SCHOOL_318,0,0,0,0,0,0,0,0,0,0,1,1764000.0,-20.582423999999996,27.6081623,0.0,0.0,0.0,NA,0.0,0.0
SCHOOL_319,0,0,0,0,0,0,0,0,0,0,1,5832000.0,-20.550011,27.5805453,0.0,0.0,0.0,NA,0.0,0.0
SCHOOL_320,0,0,0,0,0,0,0,0,0,0,1,3900000.0,-20.5365266,27.5887404,0.0,0.0,0.0,NA,0.0,0.0
SCHOOL_321,0,0,0,0,0,0,0,0,0,0,1,4296000.0,-20.515491999999995,27.517123299999998,0.0,0.0,0.0,NA,0.0,0.0
SCHOOL_322,0,0,0,0,0,0,0,0,0,0,1,1548000.0,-20.5610513,27.3925746,0.0,0.0,0.0,NA,0.0,0.0
SCHOOL_323,0,0,0,0,0,0,0,0,0,0,1,6612000.0,-20.506094000000004,27.4324303,0.0,0.0,0.0,NA,0.0,0.0
SCHOOL_324,0,0,0,0,0,0,0,0,0,0,1,4212000.0,-20.504190599999998,27.4376463,0.0,0.0,0.0,NA,0.0,0.0
SCHOOL_325,0,0,0,0,0,0,0,0,0,0,1,1284000.0,-20.495689499999994,27.3760197,0.0,0.0,0.0,NA,0.0,0.0
SCHOOL_326,0,0,0,0,0,0,0,0,0,0,1,2400000.0,-20.490868499999998,27.346049700000002,0.0,0.0,0.0,NA,0.0,0.0
SCHOOL_327,0,0,0,0,0,0,0,0,0,0,1,2928000.0,-20.221421999999993,27.2593993,0.0,0.0,0.0,NA,0.0,0.0
SCHOOL_328,0,0,0,0,0,0,0,0,0,0,1,5568000.0,-20.118700999999998,27.207406299999995,0.0,0.0,0.0,NA,0.0,0.0
SCHOOL_329,0,0,0,0,0,0,0,0,0,0,1,4320000.0,-20.6440052,26.6072982,0.0,0.0,0.0,NA,0.0,0.0
SCHOOL_330,0,0,0,0,0,0,0,0,0,0,1,7656000.0,-20.5872885,26.4785092,0.0,0.0,0.0,NA,0.0,0.0
SCHOOL_331,0,0,0,0,0,0,0,0,0,0,1,2256000.0,-20.580297,26.4944613,0.0,0.0,0.0,NA,0.0,0.0
SCHOOL_332,0,0,0,0,0,0,0,0,0,0,1,2724000.0,-20.109599899999996,26.3742203,0.0,0.0,0.0,NA,0.0,0.0
SCHOOL_333,0,0,0,0,0,0,0,0,0,0,1,3288000.0,-19.862381,26.4876294,0.0,0.0,0.0,NA,0.0,0.0
SCHOOL_334,0,0,0,0,0,0,0,0,0,0,1,6708000.0,-20.560214500000004,26.2130794,0.0,0.0,0.0,NA,0.0,0.0
SCHOOL_335,0,0,0,0,0,0,0,0,0,0,1,12000000.0,-20.2087389,26.158696,0.0,0.0,0.0,NA,0.0,0.0
SCHOOL_336,0,0,0,0,0,0,0,0,0,0,1,4260000.0,-20.113361699999995,26.246468199999995,0.0,0.0,0.0,NA,0.0,0.0
SCHOOL_337,0,0,0,0,0,0,0,0,0,0,1,5388000.0,-18.5346059,25.6590823,0.0,0.0,0.0,NA,0.0,0.0
SCHOOL_338,0,0,0,0,0,0,0,0,0,0,1,3672000.0,-18.404109499999997,21.5678777,0.0,0.0,0.0,NA,0.0,0.0
SCHOOL_339,0,0,0,0,0,0,0,0,0,0,1,12000000.0,-18.387884299999996,21.8233963,0.0,0.0,0.0,NA,0.0,0.0
SCHOOL_340,0,0,0,0,0,0,0,0,0,0,2,6804000.0,-18.352027450001152,21.95781730000551,0.0,0.0,0.0,NA,0.0,0.0
SCHOOL_341,0,0,0,0,0,0,0,0,0,0,1,6984000.0,-18.3172984,21.884597,0.0,0.0,0.0,NA,0.0,0.0
SCHOOL_342,0,0,0,0,0,0,0,0,0,0,1,12000000.0,-18.2940615,21.8626947,0.0,0.0,0.0,NA,0.0,0.0
SCHOOL_343,0,0,0,0,0,0,0,0,0,0,1,2796000.0,-21.590857999999994,27.9795423,0.0,0.0,0.0,NA,0.0,0.0
SCHOOL_344,0,0,0,0,0,0,0,0,0,0,1,1056000.0,-21.452409,27.9457233,0.0,0.0,0.0,NA,0.0,0.0
SCHOOL_345,0,0,0,0,0,0,0,0,0,0,1,804000.0,-22.206775499999996,29.036610700000004,0.0,0.0,0.0,NA,0.0,0.0
SCHOOL_346,0,0,0,0,0,0,0,0,0,0,1,5796000.0,-21.844220999999997,28.723130300000005,0.0,0.0,0.0,NA,0.0,0.0
SCHOOL_347,0,0,0,0,0,0,0,0,0,0,1,5928000.0,-22.175026599999995,28.8747326,0.0,0.0,0.0,NA,0.0,0.0
SCHOOL_348,0,0,0,0,0,0,0,0,0,0,1,1872000.0,-21.818867,28.825329299999996,0.0,0.0,0.0,NA,0.0,0.0
SCHOOL_349,0,0,0,0,0,0,0,0,0,0,1,4596000.0,-21.816625899999995,28.76582339999999,0.0,0.0,0.0,NA,0.0,0.0
SCHOOL_350,0,0,0,0,0,0,0,0,0,0,1,4380000.0,-21.922539699999998,28.046085999999995,0.0,0.0,0.0,NA,0.0,0.0
SCHOOL_351,0,0,0,0,0,0,0,0,0,0,1,5304000.0,-21.738262,28.1103136,0.0,0.0,0.0,NA,0.0,0.0
SCHOOL_352,0,0,0,0,0,0,0,0,0,0,1,5988000.0,-22.507602,28.236256299999997,0.0,0.0,0.0,NA,0.0,0.0
SCHOOL_353,0,0,0,0,0,0,0,0,0,0,1,3036000.0,-21.78559299999999,28.3385753,0.0,0.0,0.0,NA,0.0,0.0
SPARSE_1,0,0,0,64,117,0,0,0,0,0,0,0.0,-17.78749959285,25.174999179300027,0.0,909.96337890625,454.981689453125,NA,0.6949999928474426,0.3579764137694236
SPARSE_2,0,0,1,89,83,0,0,0,0,0,0,0.0,-17.795832926150002,25.216665845800026,0.0,861.285888671875,430.6429443359375,NA,0.5419999957084656,0.3579764137694236
SPARSE_3,0,0,0,36,27,0,0,0,0,0,0,0.0,-17.829166259350004,25.16249917935003,0.0,320.4615783691406,320.4615783691406,NA,0.49399998784065247,0.3579764137694236
SPARSE_4,0,2,41,33,1,0,0,0,0,0,0,0.0,-18.262499590950004,21.795832526150026,0.0,387.0889587402344,387.0889587402344,NA,-0.5109999775886536,0.4660545772479418
SPARSE_5,0,0,24,36,2,0,0,0,0,0,0,0.0,-18.304166257450003,21.795832526150026,0.0,314.1898193359375,314.1898193359375,NA,-0.3179999887943268,0.4660545772479418
SPARSE_6,0,3,71,57,1,0,0,0,0,0,0,0.0,-18.31249959075,21.891665859100026,0.0,665.0743408203125,332.53717041015625,NA,-0.5139999985694885,0.4660545772479418
SPARSE_7,0,0,3,118,137,0,0,0,0,0,0,0.0,-18.384721812683335,21.834721414883358,0.0,1320.270751953125,440.0902404785156,NA,0.6050000190734863,0.4660545772479418
SPARSE_8,0,0,0,44,26,0,0,0,0,0,0,0.0,-18.62916625615,25.629165844150027,0.0,350.0335693359375,350.0335693359375,NA,0.4350000023841858,0.3579764137694236
SPARSE_9,0,1,47,119,11,0,0,0,0,0,0,0.0,-19.1833329206,22.24583252435003,0.0,887.395751953125,443.6978759765625,NA,-0.1589999943971634,0.4660545772479418
SPARSE_10,0,0,0,7,71,0,0,0,0,0,0,0.0,-19.937499584250002,23.479165852750025,0.0,436.67840576171875,436.67840576171875,NA,1.093000054359436,0.3822448743276302
SPARSE_11,0,0,1,141,132,0,0,0,0,0,0,0.0,-19.945832917550003,23.50138807488336,0.0,1377.501220703125,459.1670837402344,NA,0.5429999828338623,0.3822448743276302
SPARSE_12,0,0,1,105,108,0,0,0,0,0,0,0.0,-20.033332917200003,23.387499186450025,0.0,1070.513916015625,535.2569580078125,NA,0.5649999976158142,0.3822448743276302
SPARSE_13,0,0,13,111,13,0,0,0,0,0,0,0.0,-20.199999583200004,24.537499181850027,0.0,682.3845825195312,341.1922912597656,NA,0.052000001072883606,0.3822448743276302
SPARSE_14,0,0,6,47,9,0,0,0,0,0,0,0.0,-20.245832916350004,24.254165849650025,0.0,306.4477844238281,306.4477844238281,NA,0.10999999940395355,0.42035436979369617
SPARSE_15,0,0,1,169,172,0,0,0,0,0,0,0.0,-20.358332915900004,22.962499188150026,0.0,1720.077392578125,430.01934814453125,NA,0.563250008970499,0.3822448743276302
SPARSE_16,0,0,19,40,1,0,0,0,0,0,0,0.0,-20.50416624865,27.437499170250028,0.0,302.7843017578125,302.7843017578125,NA,-0.2680000066757202,0.37439439697094756
SPARSE_17,0,0,4,49,24,0,0,0,0,0,0,0.0,-20.629166248150003,22.329165857350027,0.0,382.3033752441406,382.3033752441406,NA,0.33399999141693115,0.4660545772479418
SPARSE_18,0,0,4,49,23,0,0,0,0,0,0,0.0,-20.86249958055,27.220832504450026,0.0,382.0880432128906,382.0880432128906,NA,0.32199999690055847,0.4728747931892978
SPARSE_19,0,0,7,48,8,0,0,0,0,0,0,0.0,-21.07083291305,24.57083251505003,0.0,312.89910888671875,312.89910888671875,AY,0.0722499955445528,0.42035436979369617
SPARSE_20,0,0,10,374,146,0,0,0,0,0,0,0.0,-21.13916624611,27.525832503230028,0.0,2651.87744140625,530.37548828125,NA,0.33500000834465027,0.37439439697094756
SPARSE_21,0,0,20,62,4,0,0,0,0,0,0,0.0,-21.16249957935,24.612499181550028,0.0,436.1099853515625,436.1099853515625,AY,-0.1420000046491623,0.42035436979369617
SPARSE_22,0,0,8,166,43,0,0,0,0,0,0,0.0,-21.174999579300003,27.554165836450025,0.0,1088.3721923828125,544.1860961914062,NA,0.23399999737739563,0.38422463574257004
SPARSE_23,0,0,0,28,64,0,0,0,0,0,0,0.0,-21.212499579150002,27.545832503150027,0.0,470.7276916503906,470.7276916503906,NA,0.7620000243186951,0.38422463574257004
SPARSE_24,0,0,12,76,11,0,0,0,0,0,0,0.0,-21.387499578450004,25.587499177650027,0.0,495.66387939453125,495.66387939453125,AY,0.03999999910593033,0.42035436979369617
SPARSE_25,0,0,12,288,221,0,0,0,0,0,0,0.0,-21.40749957837,27.449165836870026,0.0,2631.8125,526.3624877929688,NA,0.47699999809265137,0.4623083175254826
SPARSE_26,0,0,3,58,21,0,0,0,0,0,0,0.0,-21.445832911550003,25.604165844250026,0.0,413.21966552734375,413.21966552734375,AY,0.2809999883174896,0.42035436979369617
SPARSE_27,0,0,28,95,11,0,0,0,0,0,0,0.0,-21.679166243950004,27.366665837200028,0.0,672.8232421875,336.41162109375,NA,-0.07100000232458115,0.4581197060892686
SPARSE_28,0,5,50,36,2,0,0,0,0,0,0,0.0,-21.720832910450003,21.637499193450026,0.0,465.8881530761719,465.8881530761719,NA,-0.578000009059906,0.5418975263997798
SPARSE_29,0,0,0,10,46,0,0,0,0,0,0,0.0,-21.829166243350002,28.729165831750027,0.0,312.55657958984375,312.55657958984375,NA,1.003999948501587,0.4581197060892686
SPARSE_30,0,0,44,188,28,0,0,0,0,0,0,0.0,-21.926388465183337,27.30972139298336,0.0,1300.338134765625,433.446044921875,NA,-0.009999999776482582,0.4581197060892686
SPARSE_31,0,0,36,344,114,0,0,0,0,0,0,0.0,-21.947916242875003,27.858332501900026,0.0,2475.24609375,618.8115234375,NA,0.22300000488758087,0.4581197060892686
SPARSE_32,0,0,7,224,272,0,0,0,0,0,0,0.0,-21.989166242710002,27.875832501830025,0.0,2586.058837890625,517.2117919921875,NA,0.6230000257492065,0.4887773504715889
SPARSE_33,0,0,1,41,87,0,0,0,0,0,0,0.0,-22.112499575550004,26.924999172300026,0.0,676.28564453125,338.142822265625,NA,0.7910000085830688,0.4623083175254826
SPARSE_34,0,0,10,41,12,0,0,0,0,0,0,0.0,-22.145832908750002,20.845832529950027,0.0,316.9761047363281,316.9761047363281,AY,0.0949999988079071,0.5418975263997798
SPARSE_35,0,0,11,44,13,0,0,0,0,0,0,0.0,-22.145832908750002,20.862499196550026,0.0,339.28155517578125,339.28155517578125,AY,0.0949999988079071,0.5418975263997798
SPARSE_36,0,2,29,36,3,0,0,0,0,0,0,0.0,-22.387499574450004,20.120832532850027,0.0,350.2315368652344,350.2315368652344,AY,-0.36800000071525574,0.5418975263997798
SPARSE_37,0,0,2,64,63,0,0,0,0,0,0,0.0,-22.391666241100005,26.737499173050026,0.0,655.7376708984375,327.86883544921875,NA,0.5569999814033508,0.4623083175254826
SPARSE_38,0,0,6,143,80,0,0,0,0,0,0,0.0,-22.52361068501667,27.04305472738336,0.0,1149.017578125,383.005859375,NA,0.39399999380111694,0.4298938041167464
SPARSE_39,0,1,36,33,1,0,0,0,0,0,0,0.0,-22.579166240350002,26.395832507750026,0.0,353.6752624511719,353.6752624511719,NA,-0.4699999988079071,0.4623083175254826
SPARSE_40,0,1,39,36,1,0,0,0,0,0,0,0.0,-22.720832906450003,27.312499170750026,0.0,383.4105529785156,383.4105529785156,NA,-0.4729999899864197,0.4298938041167464
SPARSE_41,0,0,13,43,10,0,0,0,0,0,0,0.0,-22.995832905350003,27.937499168250028,0.0,331.0671081542969,331.0671081542969,NA,0.008999999612569809,0.5335366978320407
SPARSE_42,0,0,0,27,45,0,0,0,0,0,0,0.0,-23.087499571650003,26.84583250595003,0.0,368.3360290527344,368.3360290527344,NA,0.6930000185966492,0.39970458836490397
SPARSE_43,0,0,9,60,7,0,0,0,0,0,0,0.0,-23.120832904850005,26.870832505850025,0.0,378.4118957519531,378.4118957519531,NA,0.017999999225139618,0.39970458836490397
SPARSE_44,0,0,6,51,3,0,0,0,0,0,0,0.0,-23.41249957035,21.604165860250028,0.0,302.36968994140625,302.36968994140625,AY,0.004999999888241291,0.3460486960112338
SPARSE_45,0,10,35,19,1,0,0,0,0,0,0,0.0,-23.445832903550002,25.745832510350027,0.0,328.60076904296875,328.60076904296875,NA,-0.7860000133514404,0.6595550465719865
SPARSE_46,0,1,43,112,13,0,0,0,0,0,0,0.0,-23.695832902550002,24.716665847800027,0.0,845.4205322265625,422.71026611328125,NA,-0.12800000607967377,0.48456151115523916
SPARSE_47,0,0,25,281,138,0,0,0,0,0,0,0.0,-24.005832901310004,24.309165849430027,0.0,2233.750244140625,446.75006103515625,NA,0.3240000009536743,0.48456151115523916
SPARSE_48,0,0,46,162,26,0,0,0,0,0,0,0.0,-24.05694401221667,23.298610297916692,0.0,1170.133056640625,390.0443420410156,NA,-0.032999999821186066,0.48456151115523916
SPARSE_49,0,0,3,131,89,0,0,0,0,0,0,0.0,-24.083332901000002,23.074999187700026,0.0,1118.7930908203125,559.3965454101562,NA,0.45399999618530273,0.40869530414260224
SPARSE_50,0,0,13,476,651,0,0,0,0,0,0,0.0,-24.09444401206667,25.027776957666696,0.0,5883.08935546875,490.2574462890625,NA,0.6620000004768372,0.48456151115523916
SPARSE_51,0,0,2,36,26,0,0,0,0,0,0,0.0,-24.254166233650004,25.329165845350026,0.0,324.3781433105469,324.3781433105469,NA,0.45100000500679016,0.48456151115523916
SPARSE_52,0,2,22,30,6,0,0,0,0,0,0,0.0,-24.254166233650004,25.870832509850025,0.0,300.4271545410156,300.4271545410156,NA,-0.2709999978542328,0.6595550465719865
SPARSE_53,0,12,40,20,1,0,0,0,0,0,0,0.0,-24.270832900250003,25.862499176550028,0.0,371.9427185058594,371.9427185058594,NA,-0.8100000023841858,0.6595550465719865
SPARSE_54,0,2,32,34,3,0,0,0,0,0,0,0.0,-24.295832900150003,26.170832508650026,0.0,353.6180419921875,353.6180419921875,NA,-0.41499999165534973,0.5547016214455752
SPARSE_55,0,0,27,384,103,0,0,0,0,0,0,0.0,-24.347916233275,23.114582520875025,0.0,2572.99609375,643.2490234375,NA,0.2156363639303229,0.40869530414260224
SPARSE_56,0,0,1,20,35,0,0,0,0,0,0,0.0,-24.35416623325,26.087499175650027,0.0,301.3293762207031,301.3293762207031,NA,0.7730000019073486,0.5547016214455752
SPARSE_57,0,1,25,37,2,0,0,0,0,0,0,0.0,-24.37083289985,25.487499178050026,0.0,325.38751220703125,325.38751220703125,NA,-0.3059999942779541,0.48456151115523916
SPARSE_58,0,0,2,51,61,0,0,0,0,0,0,0.0,-24.379166233150002,25.462499178150026,0.0,582.4185180664062,582.4185180664062,NA,0.6209999918937683,0.48456151115523916
SPARSE_59,0,0,5,155,605,0,0,0,0,0,0,0.0,-24.392707899762502,25.587499177650027,0.0,5076.70703125,634.58837890625,NA,1.2710000276565552,0.6595550465719865
SPARSE_60,0,0,1,124,277,0,0,0,0,0,0,0.0,-24.389582899775004,23.579165852350027,0.0,2063.759765625,515.93994140625,AY,0.7710000276565552,0.40869530414260224
SPARSE_61,0,2,87,149,11,0,0,0,0,0,0,0.0,-24.412499566350004,25.558332511100026,0.0,1243.8533935546875,621.9266967773438,NA,-0.27000001072883606,0.48456151115523916
SPARSE_62,0,3,73,68,3,0,0,0,0,0,0,0.0,-24.474999566100003,25.66249917735003,0.0,736.514892578125,368.2574462890625,NA,-0.46799999475479126,0.48456151115523916
SPARSE_63,0,4,108,108,4,0,0,0,0,0,0,0.0,-24.504166232650004,25.70833251050003,0.0,1124.322021484375,562.1610107421875,NA,-0.44600000977516174,0.48456151115523916
SPARSE_64,0,0,13,424,228,0,0,0,0,0,0,0.0,-24.516666232600002,23.933332517600025,0.0,3333.838623046875,833.4596557617188,NA,0.39399999380111694,0.40869530414260224
SPARSE_65,0,0,13,41,6,0,0,0,0,0,0,0.0,-24.51249956595,25.054165846450026,0.0,301.7708435058594,301.7708435058594,NA,-0.054999999701976776,0.48456151115523916
SPARSE_66,0,0,8,541,705,0,0,0,0,0,0,0.0,-24.536666232520002,25.972499176110027,0.0,6367.56640625,636.7566528320312,NA,0.6330000162124634,0.428979103496486
SPARSE_67,0,0,4,34,43,0,0,0,0,0,0,0.0,-24.55416623245,25.829165843350026,0.0,435.3356628417969,435.3356628417969,NA,0.6869999766349792,0.6595550465719865
SPARSE_68,0,0,3,117,93,0,0,0,0,0,0,0.0,-24.559721787983335,25.92638806518336,0.0,1070.880859375,356.9602966308594,NA,0.492000013589859,0.428979103496486
SPARSE_69,0,1,87,209,22,0,0,0,0,0,0,0.0,-24.568055121283336,25.804165843450026,0.0,1599.37841796875,533.1261596679688,NA,-0.15600000321865082,0.48456151115523916
SPARSE_70,0,0,12,68,31,0,0,0,0,0,0,0.0,-24.562499565750002,26.054165842450026,0.0,562.0144653320312,562.0144653320312,NA,0.24899999797344208,0.5547016214455752
SPARSE_71,0,0,89,1052,309,0,0,0,0,0,0,0.0,-24.586666232320002,25.949165842870027,0.0,7257.1865234375,725.7186279296875,NA,0.21799999475479126,0.428979103496486
SPARSE_72,0,0,0,33,179,0,0,0,0,0,0,0.0,-24.579166232350005,25.991665842700026,0.0,1182.310791015625,591.1553955078125,NA,1.0210000276565552,0.428979103496486
SPARSE_73,0,0,10,428,691,0,0,0,0,0,0,0.0,-24.606249565575002,25.831249176675026,0.0,5872.83251953125,734.1040649414062,NA,0.7170000076293945,0.48456151115523916
SPARSE_74,0,0,1,79,95,0,0,0,0,0,0,0.0,-24.591666232300003,25.887499176450028,0.0,891.7930908203125,445.89654541015625,NA,0.6100000143051147,0.428979103496486
SPARSE_75,0,0,0,20,139,0,0,0,0,0,0,0.0,-24.587499565650003,25.912499176350025,0.0,911.2822265625,911.2822265625,NA,1.0839999914169312,0.428979103496486
SPARSE_76,0,0,37,121,7,0,0,0,0,0,0,0.0,-24.595832898950004,23.758332518300026,0.0,825.6339721679688,412.8169860839844,AY,-0.13500000536441803,0.40869530414260224
SPARSE_77,0,0,1,87,98,0,0,0,0,0,0,0.0,-24.595832898950004,24.754165847650025,0.0,941.0986328125,941.0986328125,NA,0.5889999866485596,0.40869530414260224
SPARSE_78,0,0,3,87,62,0,0,0,0,0,0,0.0,-24.612499565550003,25.966665842800026,0.0,763.848876953125,381.9244384765625,NA,0.4620000123977661,0.428979103496486
SPARSE_79,0,0,7,50,9,0,0,0,0,0,0,0.0,-24.637499565450003,25.954165842850028,0.0,332.67010498046875,332.67010498046875,NA,0.0860000029206276,0.428979103496486
SPARSE_80,0,0,0,36,51,0,0,0,0,0,0,0.0,-24.637499565450003,25.979165842750028,0.0,443.6250305175781,443.6250305175781,NA,0.6570000052452087,0.428979103496486
SPARSE_81,0,1,31,50,3,0,0,0,0,0,0,0.0,-24.64583289875,25.329165845350026,0.0,428.16015625,428.16015625,NA,-0.2919999957084656,0.48456151115523916
SPARSE_82,0,0,14,50,8,0,0,0,0,0,0,0.0,-24.64583289875,25.545832511150024,0.0,361.8161926269531,361.8161926269531,NA,-0.020999999716877937,0.48456151115523916
SPARSE_83,0,0,0,22,178,0,0,0,0,0,0,0.0,-24.65694400981667,25.56805473328336,0.0,1281.970947265625,427.3236389160156,NA,1.2319999933242798,0.48456151115523916
SPARSE_84,0,0,4,83,96,0,0,0,0,0,0,0.0,-24.654166232050002,25.804165843450026,0.0,950.2020874023438,950.2020874023438,NA,0.6110000014305115,0.524189144042348
SPARSE_85,0,0,0,43,278,0,0,0,0,0,0,0.0,-24.654166232050002,25.945832509550026,0.0,1821.219482421875,1821.219482421875,NA,1.0700000524520874,0.428979103496486
SPARSE_86,0,0,4,47,12,0,0,0,0,0,0,0.0,-24.662499565350004,24.804165847450026,0.0,314.08917236328125,314.08917236328125,NA,0.19499999284744263,0.40869530414260224
SPARSE_87,0,2,35,32,2,0,0,0,0,0,0,0.0,-24.67083289865,25.837499176650027,0.0,356.65594482421875,356.65594482421875,NA,-0.4779999852180481,0.524189144042348
SPARSE_88,0,0,5,132,143,0,0,0,0,0,0,0.0,-24.68194400971667,25.565276955516694,0.0,1426.8671875,475.6224060058594,NA,0.5849999785423279,0.48456151115523916
SPARSE_89,0,0,45,357,56,0,0,0,0,0,0,0.0,-24.699166231870002,23.502499185990025,0.0,2292.368408203125,458.47369384765625,AY,0.08100000023841858,0.40869530414260224
SPARSE_90,0,0,2,59,29,0,0,0,0,0,0,0.0,-24.687499565250004,25.045832513150025,0.0,451.89520263671875,451.89520263671875,NA,0.3720000088214874,0.40869530414260224
SPARSE_91,0,0,3,46,38,0,0,0,0,0,0,0.0,-24.687499565250004,25.787499176850027,0.0,446.6475830078125,446.6475830078125,NA,0.49399998784065247,0.524189144042348
SPARSE_92,0,0,2,41,48,0,0,0,0,0,0,0.0,-24.687499565250004,25.862499176550028,0.0,469.7557373046875,469.7557373046875,NA,0.6119999885559082,0.524189144042348
SPARSE_93,0,0,8,189,99,0,0,0,0,0,0,0.0,-24.693055120783335,25.923610287416693,0.0,1484.447509765625,494.8158264160156,NA,0.37599998712539673,0.428979103496486
SPARSE_94,0,4,74,65,2,0,0,0,0,0,0,0.0,-24.69583289855,25.599999177600026,0.0,724.080322265625,362.0401611328125,NA,-0.49000000953674316,0.48456151115523916
SPARSE_95,0,1,27,48,4,0,0,0,0,0,0,0.0,-24.704166231850003,25.745832510350027,0.0,393.20465087890625,393.20465087890625,NA,-0.2529999911785126,0.48456151115523916
SPARSE_96,0,0,17,111,45,0,0,0,0,0,0,0.0,-24.704166231850003,25.766665843600027,0.0,869.0946044921875,434.54730224609375,NA,0.2240000069141388,0.524189144042348
SPARSE_97,0,10,169,176,11,0,0,0,0,0,0,0.0,-24.70694400961667,25.812499176750027,0.0,1827.7164306640625,609.2388305664062,NA,-0.4320000112056732,0.524189144042348
SPARSE_98,0,0,4,82,69,0,0,0,0,0,0,0.0,-24.7166662318,25.633332510800027,0.0,784.8836669921875,392.44183349609375,NA,0.5,0.48456151115523916
SPARSE_99,0,0,3,118,218,0,0,0,0,0,0,0.0,-24.7166662318,25.870832509850025,0.0,1814.58154296875,907.290771484375,NA,0.7839999794960022,0.524189144042348
SPARSE_100,0,0,5,98,82,0,0,0,0,0,0,0.0,-24.724999565100003,25.66249917735003,0.0,934.9257202148438,467.4628601074219,NA,0.5009999871253967,0.48456151115523916
SPARSE_101,0,0,10,89,50,0,0,0,0,0,0,0.0,-24.741666231700002,25.829165843350026,0.0,751.2890014648438,375.6445007324219,NA,0.3490000069141388,0.524189144042348
SPARSE_102,0,0,1,39,59,0,0,0,0,0,0,0.0,-24.745832898350002,25.645832510750026,0.0,514.412109375,514.412109375,NA,0.6940000057220459,0.48456151115523916
SPARSE_103,0,0,15,73,7,0,0,0,0,0,0,0.0,-24.76249956495,25.395832511750026,0.0,472.6769104003906,472.6769104003906,NA,-0.029999999329447746,0.40869530414260224
SPARSE_104,0,0,15,72,23,0,0,0,0,0,0,0.0,-24.76249956495,25.820832510050025,0.0,549.23681640625,549.23681640625,NA,0.13600000739097595,0.524189144042348
SPARSE_105,0,0,53,396,187,0,0,0,0,0,0,0.0,-24.77559480299286,25.83868965283574,0.0,3200.948974609375,457.2784118652344,NA,0.28299999237060547,0.524189144042348
SPARSE_106,0,0,29,104,7,0,0,0,0,0,0,0.0,-24.812499564750002,25.308332512100026,0.0,701.033203125,350.5166015625,NA,-0.1080000028014183,0.40869530414260224
SPARSE_107,0,0,2,56,85,0,0,0,0,0,0,0.0,-24.82916623135,25.808332510100026,0.0,748.6956787109375,374.34783935546875,NA,0.7129999995231628,0.524189144042348
SPARSE_108,0,0,2,38,35,0,0,0,0,0,0,0.0,-24.837499564650003,25.829165843350026,0.0,383.9544372558594,383.9544372558594,NA,0.531000018119812,0.524189144042348
SPARSE_109,0,0,1,129,27,0,0,0,0,0,0,0.0,-24.8999995644,24.629165848150027,0.0,780.9500732421875,390.47503662109375,NA,0.30000001192092896,0.273830606778684
SPARSE_110,0,0,10,56,20,0,0,0,0,0,0,0.0,-24.96249956415,25.720832510450027,0.0,433.1983642578125,433.1983642578125,NA,0.17599999904632568,0.524189144042348
SPARSE_111,0,5,41,21,1,0,0,0,0,0,0,0.0,-24.970832897450002,25.704165843850028,0.0,338.46514892578125,338.46514892578125,NA,-0.6809999942779541,0.524189144042348
SPARSE_112,0,0,18,56,11,0,0,0,0,0,0,0.0,-24.987499564050005,25.695832510550026,0.0,430.288818359375,430.288818359375,NA,-0.027000000700354576,0.524189144042348
SPARSE_113,0,0,14,89,36,0,0,0,0,0,0,0.0,-24.9916662307,25.737499177050026,0.0,698.1900024414062,349.0950012207031,NA,0.23211764818166986,0.524189144042348
SPARSE_114,0,0,19,45,2,0,0,0,0,0,0,0.0,-24.995832897350002,25.312499178750027,0.0,329.2283020019531,329.2283020019531,NA,-0.210999995470047,0.40869530414260224
SPARSE_115,0,0,13,58,16,0,0,0,0,0,0,0.0,-25.020832897250003,25.75416584365003,0.0,435.79803466796875,435.79803466796875,NA,0.08799999952316284,0.524189144042348
SPARSE_116,0,0,2,29,29,0,0,0,0,0,0,0.0,-25.179166229950003,25.679165843950027,0.0,308.49853515625,308.49853515625,NA,0.5630000233650208,0.524189144042348
SPARSE_117,0,0,8,55,0,0,0,0,0,0,0,0.0,-25.295832896150003,25.479165844750028,0.0,315.3385314941406,315.3385314941406,NA,-0.1459999978542328,0.259698600526852
SPARSE_118,0,0,5,144,103,0,0,0,0,0,0,0.0,-25.468055117683335,25.615276955316695,0.0,1262.0450439453125,420.6816711425781,NA,0.4620000123977661,0.4341502024386434
SPARSE_119,0,0,23,51,0,0,0,0,0,0,0,0.0,-25.812499560750005,24.687499181250026,0.0,369.2985534667969,369.2985534667969,NA,-0.3199999928474426,0.259698600526852
SPARSE_120,0,0,25,115,1,0,0,0,0,0,0,0.0,-26.662499557350003,21.883332525800025,0.0,704.3596801757812,352.1798400878906,AY,-0.1809999942779541,0.28604947155785454
