cat,h_tier1,h_tier2,h_tier3,h_tier4,h_tier5,hospital_1,hospital_2,hospital_3,hospital_4,hospital_5,schools,school_total_demand,lat,lon,distance_grid_km,pop_sum,density,cooling,rwi,rwi_std
GHSL_1,1,112,34,0,0,0,0,0,0,0,1,1006700.0,12.147389343199302,3.081797894988632,0.02,735.351676940918,3808.88873491893,NA,-0.436,0.21637467504308353
GHSL_2,1,197,71,0,0,0,0,0,0,0,1,2770700.0,12.093681984147034,3.1687935470184385,0.05,1346.73436927795,4582.91148600679,NA,-0.406,0.4329637540367331
GHSL_3,2,103,14,0,0,0,0,0,0,0,0,0.0,11.83111975329942,3.253994894472064,1.47,592.487771034241,2711.58420391729,OM,-0.577,0.15719510170485593
GHSL_4,0,84,45,0,0,0,0,0,0,0,0,0.0,11.809603834537253,3.3313722853648455,2.21,642.200654029846,3322.04254211958,OM,-0.336,0.15719510170485593
GHSL_5,0,85,134,0,0,0,0,0,0,0,0,0.0,11.787283488411553,3.516191023641563,1.93,1096.33921527863,4076.21659458145,NA,-0.132,0.21166561679529658
GHSL_6,0,110,103,0,0,0,0,0,0,0,0,0.0,11.758557620037815,3.316925553935204,0.01,1063.60011100769,3615.10523438255,OM,-0.23,0.34897908092970875
GHSL_7,6,179,15,0,0,0,0,0,0,0,1,7507200.0,11.73574849150909,3.19058037809023,3.65,996.808458328247,3593.42337842467,OM,-0.65,0.34897908092970875
GHSL_8,1,142,45,0,0,0,0,0,0,0,0,0.0,11.553145327499532,3.35892968094076,21.15,939.47950553894,3190.95002220957,OM,-0.429,0.34723219896778007
GHSL_9,1,128,28,0,0,0,0,0,0,0,1,12000000.0,11.430569326597835,3.173436590963549,8.58,783.858867645264,3326.42745186944,OM,-0.495,0.34897908092970875
GHSL_10,0,57,76,0,0,0,0,0,0,0,2,7902000.0,11.379799698983994,2.434496388320891,6.83,662.49346780777,1967.72444994585,OM,-0.164,0.6676665474699044
GHSL_11,0,54,64,0,0,0,0,0,0,0,0,0.0,11.330783127627306,2.5269763673344743,3.68,592.588463783264,1599.70538442069,OM,-0.186,0.24778753436326892
GHSL_12,1,98,22,0,0,0,0,0,0,0,0,0.0,11.225512806340863,2.3588853847057063,0.07,606.699567317963,1847.11460009488,OM,-0.488,0.4329637540367331
GHSL_13,0,66,91,0,0,0,1,0,0,0,1,1692000.0,11.201927946051786,2.319724752361595,0.25,786.0956158638,2276.52723696248,OM,-0.157,0.21920310756262634
GHSL_14,0,5,114,7,0,0,0,0,0,0,0,0.0,11.147178541732805,2.2954942760101753,1.56,630.422722816467,1969.3888140898,OM,0.295,0.2322220956703747
GHSL_15,0,7,186,14,0,0,0,0,0,0,1,7982600.0,11.126734835440486,2.8753129467780134,0.09,1033.32422494888,2503.35345308081,OM,0.326,0.3728867229587592
GHSL_16,0,139,293,1,0,0,0,0,0,0,3,13677800.0,11.07930119401213,2.9030964017754517,0.16,2163.29241609573,3169.63790250543,OM,-0.078,0.30380407172684365
GHSL_17,0,92,93,0,0,0,0,0,0,0,2,18910800.0,10.871383860348988,2.846274539913668,0.05,923.569593906403,1766.63706981545,OM,-0.217,0.05819794161627464
GHSL_18,1,205,66,0,0,0,0,0,0,0,1,12000000.0,10.680010415953745,1.6270007548688503,16.63,1361.02556037903,5203.16568183471,OM,-0.429,0.20628731312311854
GHSL_19,8,221,17,0,0,0,0,0,0,0,0,0.0,10.661122097300222,1.4763981482186577,12.8,1229.79164505005,3835.38018815274,OM,-0.659,0.20628731312311854
GHSL_20,0,86,200,1,0,0,0,0,0,0,0,0.0,10.61146325531563,1.577786181467505,16.97,1435.19342803955,5486.02467055625,OM,-0.061,0.20628731312311854
GHSL_21,0,115,55,0,0,0,0,0,0,0,0,0.0,10.610456515723108,1.4144271962984216,11.02,853.081447601318,4043.51912596904,OM,-0.355,0.2605493351439532
GHSL_22,0,151,97,0,0,0,0,0,0,0,0,0.0,10.610254387590428,1.4480007574902998,13.77,1243.69947433472,4605.47559817039,OM,-0.301,0.2605493351439532
GHSL_23,3,172,24,0,0,0,0,0,0,0,0,0.0,10.572454464930992,1.5621476389861644,12.34,995.186752319336,4367.1526782488,OM,-0.572,0.20628731312311854
GHSL_24,1,229,83,0,0,0,0,0,0,0,1,12000000.0,10.562943391997347,1.5586334978635796,11.21,1565.61845016479,6183.32721234121,OM,-0.405,0.20628731312311854
GHSL_25,1,147,57,0,0,0,0,0,0,0,1,12000000.0,10.558421255049147,1.403835036850485,6.43,1024.68486213684,4496.59848225751,OM,-0.394,0.2605493351439532
GHSL_26,2,207,45,0,0,0,0,0,0,0,0,0.0,10.558490811375904,1.4606953854672575,11.33,1265.64412498474,3657.508163752,OM,-0.497,0.2605493351439532
GHSL_27,1,177,64,0,0,0,0,0,0,0,0,0.0,10.555277150523336,1.5493108949788161,10.01,1209.74928855896,4777.840792097,OM,-0.405,0.20628731312311854
GHSL_28,0,94,38,0,0,0,0,0,0,0,0,0.0,10.538098586844777,1.4273279583322518,7.06,658.998357772827,3252.96350043847,OM,-0.387,0.2605493351439532
GHSL_29,1,123,29,0,0,0,0,0,0,0,0,0.0,10.523629962773196,1.3026847064149487,0.79,765.475685119629,3778.55943766353,OM,-0.484,0.2605493351439532
GHSL_30,1,113,31,0,0,0,0,0,0,0,0,0.0,10.496312278630592,1.247628056860204,5.9,724.149998188019,3573.71983787368,OM,-0.459,0.10161364737737416
GHSL_31,1,161,55,0,0,0,0,0,0,0,1,12000000.0,10.490667583753064,1.5848546881217978,7.91,1083.02351570129,4750.91579569002,OM,-0.416,0.20628731312311854
GHSL_32,1,196,83,0,0,0,0,0,0,0,0,0.0,10.485304646275189,1.4187097144407743,4.51,1398.92642974854,4873.25535859339,OM,-0.378,0.2605493351439532
GHSL_33,1,83,25,0,0,0,0,0,0,0,0,0.0,10.476422523818266,1.2990604453912553,1.32,541.370262145996,4580.04316463339,OM,-0.442,0.4329637540367331
GHSL_34,4,158,18,0,0,0,0,0,0,0,0,0.0,10.474567300289468,1.3982552595302564,2.86,896.085706710815,3316.673970711,OM,-0.603,0.2605493351439532
GHSL_35,0,93,125,0,0,0,0,0,0,0,0,0.0,10.432770799572928,1.3688522447685734,0.46,1090.22695922852,3310.57998769727,OM,-0.161,0.1810073663326072
GHSL_36,0,256,215,0,0,0,0,0,0,0,1,9450800.0,10.410497540022101,1.4762690862363053,1.35,2354.04707336426,5068.78918514332,OM,-0.251,0.20628731312311854
GHSL_37,0,67,59,0,0,0,0,0,0,0,1,5590100.0,10.289098319948005,2.3995886486756426,0.02,630.151481151581,2572.1308497893,OM,-0.24,0.5180920821988508
GHSL_38,0,35,90,0,0,0,0,0,0,0,3,19618199.999999996,10.035959679292482,2.524398268351031,0.02,624.289803504944,2637.3343638762,OM,-0.041,0.4351525018341983
GHSL_39,0,42,116,1,0,0,0,0,0,0,0,0.0,9.936041355685404,3.181775223909821,0.05,792.695764064789,2037.65862160869,OM,-0.028,0.4705021458662896
GHSL_40,0,14,101,2,0,0,0,0,0,0,1,11925600.0,9.879368704906158,2.7807016304308303,0.79,582.283912658691,2220.51684847477,OM,0.139,0.3892972327779674
GHSL_41,0,1,168,48,0,0,0,0,0,0,0,0.0,9.802465389763656,2.974200101434947,1.16,1089.22550773621,2299.09565159086,OM,0.549,0.5164206134538009
GHSL_42,0,89,31,0,0,0,0,0,0,0,0,0.0,9.73574992297777,3.039421968599901,0.03,599.584159851074,2361.86937623523,OM,-0.415,0.05482320310935927
GHSL_43,0,28,101,1,0,0,0,0,0,0,0,0.0,9.597699187185912,1.3934155996025601,0.04,651.873292922974,2264.7205928546,OM,0.016,0.4037579720575187
GHSL_44,0,8,164,9,0,0,0,0,0,0,0,0.0,9.374337876978634,2.6680436245023658,0.01,905.046710014343,2811.59469774383,OM,0.285,0.4205570092453501
GHSL_45,5,130,9,0,0,0,0,0,0,0,2,9415400.0,9.367770420888313,1.7496885519682104,9.05,721.472486495972,2129.19847069629,OM,-0.68,0.2841322629641746
GHSL_46,0,1,129,28,0,0,0,0,0,0,1,12000000.0,9.290716037196228,2.728754130612641,0.09,787.945162773132,2583.1896179142,OM,0.499,0.4329637540367331
GHSL_47,4,144,15,0,0,0,0,0,0,0,2,6601000.0,9.256215170224058,2.3881248460782785,0.07,814.012236118317,2342.92624244696,OM,-0.618,0.3878614441838089
GHSL_48,0,0,98,50,0,0,0,0,0,0,0,0.0,9.004769615384962,1.6554808660436304,0.96,742.4214220047,2431.93599975334,OM,0.653,0.4124330248658563
GHSL_49,0,50,86,0,0,0,0,0,0,0,1,12000000.0,8.9919801170764,1.960349947896046,26.24,679.804787635803,2585.9889973973,OM,-0.118,0.461302865082511
GHSL_50,0,95,40,0,0,0,0,0,0,0,1,10121200.0,8.773742281344308,2.6020954509826217,0.3,677.751319885254,2852.72884874675,OM,-0.38,0.3355740997300006
GHSL_51,1,156,69,0,0,0,0,0,0,0,1,11564800.0,8.62415048039737,2.5713450869091203,0.09,1129.52586650848,3501.51547981128,OM,-0.371,0.14129862080880937
GHSL_52,0,66,75,0,0,0,0,0,0,0,1,8897400.0,8.438169522854453,2.579162690933214,0.15,705.690260887146,2865.2003917512,OM,-0.192,0.2690893284146858
GHSL_53,4,152,17,0,0,0,0,0,0,0,0,0.0,8.431347271025706,2.039884791323886,4.57,862.471702575684,2986.50534164567,OM,-0.607,0.27770547948021
GHSL_54,0,38,94,0,0,0,0,0,0,0,0,0.0,8.42796437623102,1.997506413150445,0.08,663.916347503662,2695.27515367303,OM,-0.052,0.27770547948021
GHSL_55,2,253,61,0,0,0,0,0,0,0,2,4332900.0,8.403203921939948,2.5899788368473247,0.07,1584.08341503143,3657.18345911496,OM,-0.477,0.2690893284146858
GHSL_56,0,131,166,0,0,0,0,0,0,0,2,1836800.0,8.148091110236672,1.9048473134595347,4.31,1485.27044010162,3426.30673798056,OM,-0.174,0.4329637540367331
GHSL_57,3,267,55,0,0,0,0,0,0,0,0,0.0,8.099512862991036,1.9514508709848073,2.26,1625.15235137939,3354.28761894612,OM,-0.504,0.5920838630735464
GHSL_58,0,104,37,0,0,0,0,0,0,0,1,4540200.0,8.018105916025425,1.9156265092312585,6.94,706.035535812378,2678.82143788702,OM,-0.412,0.4329637540367331
GHSL_59,0,21,126,2,0,0,0,0,0,0,0,0.0,8.001453578100376,2.085885796214361,0.51,743.964895248413,2573.66742513323,OM,0.105,0.238
GHSL_60,2,201,46,0,0,0,0,0,0,0,3,5089799.999999999,7.9953777630782366,1.9833639147489135,0.2,1244.0974779129,4180.85653094365,OM,-0.489,0.12020815280171307
GHSL_61,0,43,74,0,0,0,0,0,0,0,1,3091100.0,7.947139012916738,2.210430244416957,2.39,587.329096794128,2656.36105436934,OM,-0.117,0.05757024694521757
GHSL_62,0,101,45,0,0,0,0,0,0,0,1,6835100.0,7.921503196850871,2.1822729931616722,4.39,734.164552688599,2877.72245487848,OM,-0.368,0.45042701961583076
GHSL_63,0,84,84,0,0,0,0,0,0,0,0,0.0,7.9192698993030195,2.0281741645690663,1.42,836.888291358948,3644.8568488857,OM,-0.218,0.0824999932050705
GHSL_64,0,84,63,0,0,0,1,0,0,0,2,3076400.0,7.867359866241161,2.236011398421886,2.29,734.629172325134,2978.44039007792,OM,-0.271,0.019798989873223347
GHSL_65,0,143,126,0,0,0,0,0,0,0,0,0.0,7.852316891679875,2.1998324118796777,0.08,1346.69337081909,4279.01052701548,OM,-0.243,0.4329637540367331
GHSL_66,0,130,114,0,0,0,0,0,0,0,4,3360000.0,7.847497936552147,2.214713273560997,0.68,1223.64416503906,3345.84775146523,OM,-0.243,0.019798989873223347
GHSL_67,0,30,111,1,0,0,0,0,0,0,0,0.0,7.798273406071313,2.1764679409584717,0.29,712.408162117004,2463.09159947902,OM,0.022,0.29652093801874246
GHSL_68,0,67,95,0,0,0,0,0,0,0,2,24000000.0,7.756732028841054,2.3735984360513327,0.14,811.523267745972,2577.93386112267,OM,-0.154,0.08130395890535003
GHSL_69,1,93,23,0,0,0,0,0,0,0,0,0.0,7.722721382734519,1.877207856258063,10.94,582.850470542908,2854.42363335933,OM,-0.478,0.057226885542061255
GHSL_70,0,86,318,2,0,0,0,0,0,0,2,10861000.0,7.291928294292207,2.136294512284464,0.02,2033.20384216309,4340.4182910395,OM,0.022,0.3765394956357241
GHSL_71,0,9,126,5,0,0,0,0,0,0,1,743000.0,7.247688829316757,1.6386540313802462,0.97,701.123476982117,3166.1720765804,OM,0.246,0.3027545760733161
GHSL_72,0,20,193,5,0,0,0,0,0,0,1,2521000.0,7.244055475214001,2.177346826354041,0.66,1087.5656337738,4560.48253817493,OM,0.183,0.19948419260913305
GHSL_73,0,10,126,5,0,0,0,0,0,0,0,0.0,7.240801952424429,2.0681463883182065,0.58,703.952495574951,3178.94751481178,OM,0.224,0.16829141228610892
GHSL_74,0,55,94,0,0,0,0,0,0,0,2,5003800.0,7.22970806529746,2.5244023061717513,2.52,748.018072128296,2439.35847396834,OM,-0.119,0.31774006617701495
GHSL_75,0,129,54,0,0,0,0,0,0,0,0,0.0,7.162229783321343,2.3814234078155416,1.63,915.206525802612,3581.04052041559,OM,-0.381,0.5527920042502292
GHSL_76,0,76,46,0,0,0,0,0,0,0,1,8470300.0,7.13806922609621,1.7259890247566527,2.88,611.317391395569,2870.3715994627,OM,-0.311,0.4329637540367331
GHSL_77,0,22,135,2,0,0,0,0,0,0,1,12000000.0,7.139267315749152,2.4440891790818133,2.26,795.3434715271,6668.652185259,OM,0.106,0.3524821508483325
GHSL_78,2,171,39,0,0,0,0,0,0,0,0,0.0,7.116487656864142,2.434993975108628,2.96,1059.50470542908,5652.5005624684,OM,-0.488,0.2469702411222858
GHSL_79,0,70,129,0,0,0,0,0,0,0,1,6879500.0,7.105143103884323,2.045484056345982,2.38,998.80482673645,4884.60889444665,OM,-0.104,0.4329637540367331
GHSL_80,3,132,14,0,0,0,0,0,0,0,2,19552600.0,7.10357343544966,1.864473504209228,0.16,749.290537834167,3823.69125247075,OM,-0.609,0.2760869434150215
GHSL_81,13,231,12,0,0,0,0,0,0,0,1,12000000.0,7.094933842384942,2.409060198180005,3.45,1277.49457550049,6247.52824481851,OM,-0.726,0.5527920042502292
GHSL_82,0,60,93,0,0,0,0,0,0,0,0,0.0,7.095871226383379,1.7299931430277975,0.86,768.147047996521,2908.32594274012,OM,-0.136,0.15690204127249457
GHSL_83,0,69,141,0,0,0,0,0,0,0,0,0.0,7.074739120431209,2.527323213476158,0.19,1055.12311935425,4953.04832462973,OM,-0.085,0.2469702411222858
GHSL_84,0,29,132,1,0,0,0,0,0,0,1,2700000.0,7.07066810824797,1.9523921572704692,0.12,810.572533607483,3397.37343708604,OM,0.059,0.19200000000000003
GHSL_85,0,95,54,0,0,0,0,0,0,0,1,11659200.0,7.0498824227508745,1.9544815112494696,1.81,742.182198524475,2488.58181811147,OM,-0.325,0.19200000000000003
GHSL_86,0,91,51,0,0,0,0,0,0,0,0,0.0,7.038497440124575,1.9533573253902414,2.34,713.330039978027,3348.57429868808,OM,-0.325,0.4329637540367331
GHSL_87,0,135,70,0,0,0,0,0,0,0,1,8149600.0,7.032806188376044,1.752489515276427,1.64,1029.46309947968,2626.23130331415,OM,-0.341,0.4329637540367331
GHSL_88,1,131,36,0,0,0,0,0,0,0,0,0.0,7.035646509720833,2.4919669610063373,0.1,836.834348678589,5456.02595338698,OM,-0.455,0.32851341930987643
GHSL_89,1,130,39,0,0,0,0,0,0,0,1,12000000.0,7.033326812251695,2.740832667166899,3.89,846.136478424072,3423.98782906077,OM,-0.441,0.09899494936611662
GHSL_90,0,65,135,0,0,0,0,0,0,0,3,9947400.000000002,7.03178811773874,2.4880672699857667,0.02,1001.09387016296,4894.72225560646,OM,-0.081,0.32851341930987643
GHSL_91,0,59,77,0,0,0,0,0,0,0,1,6847300.0,7.001896865977625,1.951581256552937,2.69,678.290156364441,4681.93158444194,OM,-0.167,0.11129652334626597
GHSL_92,0,33,131,1,0,0,0,0,0,0,2,6647400.0,6.998767098239268,1.7908735193013983,0.62,823.118622779846,2610.47280735979,OM,0.037,0.18505198583699142
GHSL_93,1,123,40,0,0,0,0,0,0,0,1,3823300.0,6.996675791158059,2.054443679000829,0.08,817.512395858765,3307.91863597975,OM,-0.427,0.22469601687613422
GHSL_94,0,92,77,0,0,0,0,0,0,0,1,4382800.0,6.985023694404932,2.460481755273394,0.7,844.152494430542,2677.18050714698,OM,-0.252,0.32851341930987643
GHSL_95,0,211,266,0,0,0,1,0,0,0,1,10091000.0,6.970705309682673,2.240806406193172,0.11,2387.56099414825,4002.34853345669,OM,-0.175,0.2104342454740005
GHSL_96,0,38,94,0,0,0,1,0,0,0,1,5656000.0,6.971055141398087,2.04138904567227,0.0,660.593198776245,3523.46439576841,OM,-0.05,0.22469601687613422
GHSL_97,1,105,33,0,0,0,0,0,0,0,2,9466800.0,6.963976692186235,2.6982542805508833,2.67,692.758924484253,3251.25519827371,OM,-0.43,0.4329637540367331
GHSL_98,10,150,6,0,0,0,0,0,0,0,2,3958800.0,6.95877269389183,1.819907875546289,1.86,828.390669822693,2699.85356558949,OM,-0.75,0.30513330644193376
GHSL_99,0,79,78,0,0,0,0,0,0,0,0,0.0,6.932684343283216,1.8270658488646216,1.34,782.981527328491,4374.61394282413,OM,-0.22,0.17147304158083096
GHSL_100,0,60,77,0,0,0,0,0,0,0,1,969200.0,6.929051543878547,1.9583023161802176,3.35,683.094484329224,5009.1992573714,OM,-0.171,0.15854784206305225
GHSL_101,0,17,127,2,0,0,0,0,0,0,1,5833800.0,6.924558451969652,1.7108326455416258,0.09,731.455631256104,3432.85524466082,OM,0.139,0.4329637540367331
GHSL_102,0,67,64,0,0,0,0,0,0,0,3,11327099.999999998,6.919455320235785,2.7226065666320425,6.83,657.647734642029,2204.6151913043,OM,-0.228,0.10440689739779012
GHSL_103,0,117,75,0,0,0,0,0,0,0,1,5499600.0,6.914432931601262,1.7507136264090717,1.57,964.791778564453,5390.41014266412,OM,-0.301,0.4329637540367331
GHSL_104,0,72,109,0,0,0,0,0,0,0,0,0.0,6.907690928377876,2.0222169126740663,5.38,905.940044403076,4831.52562799631,OM,-0.142,0.4329637540367331
GHSL_105,0,28,147,2,0,0,0,0,0,0,0,0.0,6.905733745653516,1.8469875599787167,0.69,885.127872467041,5769.53780272362,OM,0.08,0.4329637540367331
GHSL_106,0,27,135,1,0,0,1,0,0,0,0,0.0,6.902576625070331,1.6947032503880992,0.05,819.866516113281,5344.14405538791,OM,0.071,0.12485691839399149
GHSL_107,5,126,9,0,0,0,0,0,0,0,0,0.0,6.902364269907059,2.5570553933324653,4.83,699.84116268158,2052.78657082478,OM,-0.667,0.3261636100658635
GHSL_108,0,74,69,0,0,0,0,0,0,0,1,12000000.0,6.900406317906801,1.9622337016591327,0.67,716.921773910522,4205.7546103114,OM,-0.231,0.15854784206305225
GHSL_109,0,76,71,0,0,0,0,0,0,0,3,9441300.0,6.892779820122723,1.9589280600865566,0.13,732.228576660156,4521.1574542478,OM,-0.231,0.15854784206305225
GHSL_110,0,86,98,0,0,0,0,0,0,0,1,10121000.0,6.889104815499847,1.8955411706761152,2.82,921.286275863647,4912.79316082744,OM,-0.194,0.4329637540367331
GHSL_111,0,54,94,0,0,0,0,0,0,0,1,9660700.0,6.885339352285515,1.9365940322249289,1.83,744.651321411133,5138.78682620099,OM,-0.114,0.15854784206305225
GHSL_112,0,4,192,26,0,0,0,0,0,0,0,0.0,6.884173224935588,2.6222309819550205,0.58,1106.93968296051,2885.81178101181,OM,0.424,0.40474971724204417
GHSL_113,3,249,52,0,0,0,0,0,0,0,0,0.0,6.881503607001147,1.9195098329669908,3.27,1517.37741088867,5086.06761040649,OM,-0.502,0.15854784206305225
GHSL_114,0,45,143,1,0,0,0,0,0,0,0,0.0,6.880667202050868,1.6800794317752081,0.24,943.96396446228,4429.67604158742,OM,-0.005,0.12485691839399149
GHSL_115,0,115,76,0,0,0,0,0,0,0,2,11709600.0,6.87317144116353,1.7001979054352667,1.38,954.332364082336,4867.75122968568,OM,-0.297,0.4329637540367331
GHSL_116,0,62,76,0,0,0,0,0,0,0,0,0.0,6.868729400651546,1.7828313504927422,1.08,686.528182983398,6195.43174911922,OM,-0.179,0.10276834598863901
GHSL_117,0,88,55,0,0,0,0,0,0,0,1,3900000.0,6.856510382518302,1.7330409479142355,0.14,718.51108455658,3512.19636984094,OM,-0.306,0.14935862902069805
GHSL_118,0,32,139,1,0,0,0,0,0,0,1,3445000.0,6.848214000188939,1.6825903805706088,1.94,862.0721616745,3889.43583105473,OM,0.05,0.12485691839399149
GHSL_119,0,24,130,2,0,0,0,0,0,0,3,15536800.0,6.848018601913032,1.8298154923895797,0.12,777.110157012939,4797.87797755621,OM,0.088,0.4329637540367331
GHSL_120,0,77,72,0,0,0,0,0,0,0,0,0.0,6.844950551016805,2.679360262019214,4.8,746.9350938797,3021.27654517019,OM,-0.229,0.09211586933963098
GHSL_121,0,87,81,0,0,0,0,0,0,0,1,4468800.0,6.831315286773397,1.651941560314502,2.34,839.528440475464,4281.66997564944,OM,-0.233,0.015000000774860543
GHSL_122,1,124,30,0,0,0,0,0,0,0,1,8611800.0,6.827253950761276,1.7374375478801187,1.37,776.80984210968,4141.88132289885,OM,-0.479,0.14935862902069805
GHSL_123,0,196,155,0,0,0,0,0,0,0,3,16478800.0,6.822250657595615,1.6396149789608434,1.15,1756.48613357544,4120.78858316819,OM,-0.263,0.015000000774860543
GHSL_124,1,105,26,0,0,0,0,0,0,0,0,0.0,6.812257448443846,2.0108764982027845,3.27,662.052993774414,3106.40700891221,OM,-0.473,0.4329637540367331
GHSL_125,0,24,134,2,0,0,0,0,0,0,1,5128000.0,6.807267198542497,1.6584114252861002,0.0,797.860001564026,4456.69600091622,OM,0.092,0.16331427852894115
GHSL_126,0,16,124,3,0,0,0,0,0,0,2,15754900.0,6.788632269797277,1.845492852600988,0.05,710.982200622559,4169.49449110109,OM,0.149,0.25692087312742096
GHSL_127,58,275,3,0,0,0,0,0,0,0,0,0.0,6.787476843514172,1.7412384633139126,0.16,1679.54281616211,4804.65152835833,OM,-0.938,0.26353350202545955
GHSL_128,1,136,43,0,0,0,0,0,0,0,0,0.0,6.760435879009316,1.7249123470736045,0.11,900.781622886658,5031.00668479976,OM,-0.43,0.26353350202545955
GHSL_129,6,139,9,0,0,0,0,0,0,0,2,13036200.0,6.757715881460404,1.7573165087652982,0.09,766.817739486694,4996.59694194682,OM,-0.684,0.2603079904789052
GHSL_130,0,100,39,0,0,0,0,0,0,0,0,0.0,6.726716292722353,1.7246755378267549,3.73,698.033731460571,3720.9811159236,OM,-0.393,0.2603079904789052
GHSL_131,0,50,104,0,0,0,0,0,0,0,0,0.0,6.7204848931388215,2.1818469530756897,0.08,773.102910041809,2158.69733128329,OM,-0.081,0.4329637540367331
GHSL_132,0,45,105,0,0,0,0,0,0,0,1,2482300.0,6.7173185946917044,1.6264424764856031,0.01,748.866696357727,3818.39117869951,OM,-0.06,0.0733675693060481
GHSL_133,0,86,103,0,0,0,0,0,0,0,0,0.0,6.716464778726054,1.672585865685846,1.01,947.944396972656,5053.17012789671,OM,-0.183,0.0733675693060481
GHSL_134,0,13,137,4,0,0,0,1,0,0,0,0.0,6.707557237344192,2.484112393455746,0.45,768.795498847961,2372.63521707505,OM,0.196,0.34352486735266113
GHSL_135,0,88,55,0,0,0,0,0,0,0,3,7209600.0,6.69668481690478,1.6206318482710231,0.58,717.865323066711,4008.92025368556,OM,-0.305,0.08021034845953483
GHSL_136,0,58,82,0,0,0,0,0,0,0,0,0.0,6.685668426506685,1.6489168337994677,1.82,699.734387397766,2735.35393363911,OM,-0.153,0.08021034845953483
GHSL_137,0,50,70,0,0,0,0,0,0,0,0,0.0,6.676676247973402,1.6638976777634313,0.08,600.180891990662,3198.9856514938,OM,-0.153,0.3536575579302072
GHSL_138,0,104,114,0,0,0,0,0,0,0,2,13440000.0,6.661789168269602,1.6287405619767863,0.44,1092.99091434479,3883.78714802145,OM,-0.2,0.08021034845953483
GHSL_139,0,67,85,0,0,0,0,0,0,0,1,12000000.0,6.629218951657505,2.470178771621952,3.81,758.280984401703,2868.27825002157,OM,-0.172,0.3188577347269268
GHSL_140,0,119,90,0,0,0,0,0,0,0,1,996000.0,6.625715207904239,1.6185541316001626,0.57,1048.61398601532,4391.47508214671,OM,-0.27,0.055861440602771664
GHSL_141,0,27,132,1,0,0,0,0,0,0,0,0.0,6.588104643690381,1.6927408948140916,0.92,798.777143478394,4071.92414360414,OM,0.072,0.23450152806893745
GHSL_142,0,93,59,0,0,0,0,0,0,0,0,0.0,6.563788931352375,1.730065035113454,0.3,759.400088310242,4046.6936944973,OM,-0.303,0.04300000242392236
GHSL_143,0,1,135,44,0,0,1,0,0,0,0,0.0,6.508452846417297,2.3256139112974434,0.88,896.484055519104,2388.30589912486,OM,0.571,0.4329637540367331
GHSL_144,0,39,119,1,0,0,0,0,0,0,1,2008800.0,6.500161606575685,1.9576389504833784,0.07,793.406349182129,4227.39713548518,OM,-0.009,0.13084723858775624
GHSL_145,0,0,340,657,2,0,0,0,0,0,1,12000000.0,6.453596431640942,2.622690366914955,0.22,4995.44668769836,8738.73719954791,OM,0.902,0.20718228688765844
GHSL_146,0,15,187,7,0,0,0,0,0,0,0,0.0,6.435004117754811,2.594018456410279,0.08,1044.43490219116,5100.57676097419,OM,0.222,0.13948249692667047
GHSL_147,0,81,64,0,0,0,0,0,0,0,2,5729200.0,6.432048991899992,1.96706190942907,0.63,725.932914733887,2578.28962882654,OM,-0.261,0.5490601067564148
GHSL_148,0,13,150,5,0,0,0,0,0,0,0,0.0,6.42334422435276,2.548243600230036,0.27,839.621550559998,3936.34107154242,OM,0.203,0.13948249692667047
GHSL_149,0,4,146,15,0,0,1,0,0,0,0,0.0,6.412143563415902,1.8129404837897003,0.35,825.319957733154,3582.67766549094,OM,0.378,0.4329637540367331
GHSL_150,0,0,14,189,7,0,1,0,0,0,5,10491200.0,6.403745505364841,1.9084292540032723,0.23,1051.64079761505,3735.10348781433,OM,1.226,0.4329637540367331
GHSL_151,0,33,105,1,0,0,0,0,0,0,1,12000000.0,6.345844223871984,2.248417475395613,4.14,690.906672477722,3855.65659639451,OM,-0.004,0.3741283110389989
GHSL_152,0,9,149,7,0,0,0,0,0,0,0,0.0,6.2858837397955165,1.8421208177465658,0.26,824.406936645508,4025.11003361802,OM,0.264,0.4329637540367331
GHSL_153,0,0,11,235,13,0,0,0,0,0,1,3846500.0,6.279399827335074,1.8210785693688545,0.06,1298.01792430878,4752.55537605733,OM,1.292,0.6244562285363138
GHSL_154,0,21,140,2,0,0,0,0,0,0,0,0.0,6.2653044585084325,1.770816074298074,0.38,816.901062965393,3987.99581607788,NA,0.124,0.4329637540367331
GHSL_159,0,0,157,119,0,0,0,0,0,0,6,24909700.0,10.222968073499066,2.6674942222393443,0.09,1383.08264636993,3088.63758884033,OM,0.727,0.5373638823305755
GHSL_162,0,44,7198,2209,0,0,2,0,0,0,49,84407900.0,9.711575100651505,1.6566345299147531,0.16,47257.3605041504,3211.15233848787,OM,0.561,0.4329637540367331
GHSL_168,0,0,681,2978,27,0,1,0,0,0,10,47115600.0,9.692612005772522,1.6845815568778304,0.38,18428.6739869118,2831.65816547522,OM,1.048,0.4329637540367331
GHSL_178,0,0,65,56,0,0,0,0,0,0,0,0.0,9.359329521317521,2.589809999069495,1.72,605.412924766541,2977.51871245741,OM,0.749,0.49014196199128557
GHSL_179,0,0,141,989,17,0,0,0,0,0,1,12000000.0,9.371762791208013,2.598950210437849,1.35,5733.27272510529,2383.09908907841,OM,1.127,0.4329637540367331
GHSL_180,0,8,192,13,0,0,0,0,0,0,0,0.0,9.337096743150296,2.576679284437291,0.08,1066.73921346664,2468.89225283435,OM,0.311,0.49014196199128557
GHSL_181,0,2,163,36,0,0,1,0,0,0,1,3735800.0,8.876877671899788,2.6097663753250866,1.06,1006.82678699493,1978.12642342515,OM,0.505,0.3355740997300006
GHSL_182,0,2,227,51,0,0,0,0,0,0,8,11008000.0,8.87309322788141,2.5997520203222506,0.1,1400.87923336029,3513.60852709246,OM,0.505,0.3355740997300006
GHSL_183,0,0,139,400,2,0,0,0,0,0,6,7302400.0,8.57530916304926,2.599990286184843,0.35,2702.8773651123,5585.26515221686,OM,0.975,0.6307969565611344
GHSL_184,0,142,1665,54,0,0,1,0,0,0,10,34625700.0,8.500973525991936,2.414239589438649,0.26,9307.45043563843,3435.8173119744,OM,0.211,0.4329637540367331
GHSL_189,0,46,1930,217,0,0,0,0,0,0,9,27501800.000000004,7.979526976767135,2.2360818037953596,0.44,10965.3285160065,3572.35080175708,OM,0.393,0.5678067452927976
GHSL_190,0,1,353,145,0,0,2,1,0,0,9,21351900.0,7.929133343986035,1.9813993124647544,0.68,2495.29343986511,5753.44806565102,OM,0.613,0.4329637540367331
GHSL_191,0,0,112,47,0,0,0,0,0,0,2,18504000.0,7.779299362450301,2.203756535769831,0.31,795.324987411499,4249.57514886937,OM,0.616,0.4329637540367331
GHSL_192,0,0,42,351,7,0,1,0,0,0,6,9276500.0,7.169757014174853,2.0084274758853646,1.01,2002.13335609436,2156.14460939913,OM,1.157,0.4329637540367331
GHSL_193,0,0,21,160,3,0,1,0,0,0,5,9958600.0,7.169016880468002,1.981146536293436,0.07,918.52435874939,2396.01507414639,OM,1.139,0.7919595953609384
GHSL_194,0,0,97,150,0,0,0,0,0,0,3,17653600.0,6.955939224526885,1.696868641196302,0.53,1233.34472465515,4989.92472561123,OM,0.861,0.47010758997849783
GHSL_195,0,17,209,7,0,0,0,0,0,0,1,12000000.0,6.4380816247034875,2.6032135508448393,0.87,1164.8429813385,4875.9417543136,OM,0.222,0.4329637540367331
GHSL_196,0,0,21,282,10,0,0,0,0,0,2,4276600.0,6.418727304884235,1.8923710641754552,0.26,1567.44859218597,2624.48696032746,OM,1.226,0.580371349542764
GHSL_198,0,1,114,22,0,0,0,0,0,0,2,1680000.0,7.761663407744357,2.1985420511013056,0.07,689.648868560791,2456.32940320266,OM,0.481,0.4329637540367331
GHSL_207,0,0,85,1886,113,0,0,0,0,0,11,26399400.0,10.634187139468999,1.2660724657924618,0.17,10421.5571293831,2330.1992738146,OM,1.301,0.7550421843898478
GHSL_208,0,0,370,446,1,0,2,0,0,0,6,40077400.0,10.309871947516646,1.3921076229769276,1.33,4086.47615528107,2394.72542312521,OM,0.814,0.4329637540367331
GHSL_210,1,168,60,0,0,0,0,0,0,0,2,2335200.0,7.970167747377656,2.2454834572286253,0.31,1141.90821743011,4476.49150272498,OM,-0.41,0.5678067452927976
GHSL_211,0,515,701,1,0,0,1,0,0,0,5,32132200.0,6.903817130111392,2.627683394339909,0.86,6084.32934379578,3698.66969203311,OM,-0.16,0.4329637540367331
GHSL_212,0,4,326,64,0,0,0,0,0,0,6,34016600.0,6.739106865335297,2.6646738110918085,0.47,1970.45677471161,2625.95921872716,OM,0.485,0.4329637540367331
GHSL_213,0,0,27,164,2,0,0,0,0,0,1,12000000.0,6.723030939332851,2.6722088028773774,0.61,966.490326881409,2138.57940013278,OM,1.105,0.4329637540367331
GHSL_214,0,0,198,154,0,0,0,0,0,0,2,10642700.0,6.597751694447998,2.545958239478981,0.29,1763.32172012329,4594.31669760241,OM,0.731,0.36150327734922594
GHSL_215,0,0,144,249,1,0,0,0,0,0,3,17885800.0,6.519969503836367,2.679524970682424,0.43,1966.74060726166,2955.96408163224,OM,0.882,0.4329637540367331
GHSL_216,0,0,229,152,0,0,0,0,0,0,0,0.0,6.481368216236764,2.271785415045707,0.89,1911.30003404617,2286.14014440273,OM,0.702,0.7134707501408339
GHSL_217,0,86,287,2,0,0,0,0,0,0,0,0.0,6.3635738744166614,2.224917089178138,2.18,1873.465259552,3136.50409260183,OM,0.004,0.20755849228912127
GHSL_218,0,1,394,288,0,0,1,0,0,0,4,3786399.9999999995,7.773889056917357,2.194114333852045,0.27,3411.61953449249,4890.69193303147,OM,0.72,0.4329637540367331
GHSL_219,1,96,23,0,0,0,0,0,0,0,0,0.0,9.65799692791762,1.3820529370321906,0.5,600.220342636108,2626.46302700811,OM,-0.478,0.7177133829043458
GHSL_220,0,13,141,4,0,0,0,0,0,0,0,0.0,9.544572486360167,1.3736036578050055,0.58,791.668559074402,2833.34786058674,OM,0.199,0.4329637540367331
GHSL_221,0,31,110,1,0,0,0,0,0,0,2,5204600.0,8.894350092938534,2.5855753936511743,0.72,707.802345275879,2317.7149897045,OM,0.018,0.3355740997300006
GHSL_222,0,89,413,4,0,0,0,0,0,0,4,6198700.0,8.888395619998983,2.5946701763110385,0.16,2533.20907402039,4977.0306770804,OM,0.061,0.3355740997300006
GHSL_223,0,1,114,27,0,0,0,0,0,0,1,5177600.0,8.413067735363011,1.8790162087420272,0.42,712.48064994812,2621.57309677131,OM,0.518,0.131
GHSL_224,0,2,101,11,0,0,0,0,0,0,0,0.0,7.792196961210711,2.183568771335965,0.79,574.016654014587,2595.22318278426,OM,0.389,0.29652093801874246
GHSL_225,0,2,99,11,0,0,0,0,0,0,2,1574800.0,7.786589914869325,2.1956384740704014,0.74,558.993134498596,2737.90767651442,OM,0.389,0.4329637540367331
GHSL_226,0,0,125,63,0,0,0,0,0,0,0,0.0,6.899768188431496,1.8289053131139714,0.83,941.386293411255,7363.13604367895,OM,0.65,0.4532598094391428
GHSL_227,0,0,124,62,0,0,0,0,0,0,0,0.0,6.890461199731901,1.8289845665273265,0.37,931.06761932373,6068.27532277315,OM,0.65,0.4532598094391428
GHSL_228,0,0,132,102,0,0,0,0,0,0,0,0.0,6.584529981169176,2.542934343927327,0.31,1173.71260452271,6553.0632437382,OM,0.731,0.36150327734922594
GHSL_229,0,0,15,120,2,0,0,0,0,0,0,0.0,6.540355694489459,2.3331998873163315,0.15,684.864579200745,3649.49685175714,OM,1.152,0.24619098368395476
GHSL_230,0,18,189,5,0,0,1,0,0,0,4,20341400.0,6.535395756391925,2.560979296574612,0.31,1063.36849021912,5194.25796316489,OM,0.195,0.4329637540367331
GHSL_231,0,1,201,81,0,0,0,0,0,0,1,4857000.0,6.418203063412764,2.6197453571747404,0.48,1412.98426151276,3011.09035825077,OM,0.609,0.20718228688765844
GHSL_232,0,0,5,186,17,0,0,0,0,0,2,10970200.0,6.366655759020717,2.0662137548029187,0.28,1042.98080253601,3055.72718427285,OM,1.364,0.6264163696561339
GHSL_233,0,400,4226,122,0,0,1,0,0,0,15,61238100.0,6.553824461414098,2.5629768852989354,0.33,23741.4713153839,4204.40802233834,OM,0.195,0.4329637540367331
GHSL_234,0,0,21,461,28,0,1,0,0,0,6,3804600.0000000005,10.6192395158871,1.2694051253756418,0.04,2545.90273666382,4570.95436530936,OM,1.301,0.7550421843898478
GHSL_235,0,0,72,76,0,0,1,0,0,0,2,2099000.0,10.322237401217158,1.3799520720224807,0.3,737.026106834412,2128.1219969405,OM,0.789,0.4329637540367331
GHSL_236,0,0,6,142,9,0,0,0,0,0,1,2375500.0,10.314633216329307,1.3746065492932147,0.1,784.776177883148,2510.75675521779,OM,1.302,0.4329637540367331
GHSL_237,0,0,59,42,0,0,0,0,0,0,0,0.0,9.687033468146284,1.3813298494881159,0.47,508.986970901489,2863.93416103425,OM,0.716,0.4329637540367331
GHSL_238,0,1,123,33,0,0,0,0,0,0,0,0.0,9.68056942767368,1.400179106135162,0.64,785.750030517578,2509.07328213682,OM,0.537,0.7177133829043458
GHSL_239,0,199,224,0,0,0,0,0,0,0,1,7872000.0,9.562294271639765,1.3707858832155069,0.68,2116.38434791565,2631.17800101021,OM,-0.196,0.24093484841912532
GHSL_240,0,6,99,4,0,0,0,0,0,0,2,3832600.0,8.046454174474146,2.4893649430875677,0.71,546.850267410278,2382.22931166644,OM,0.251,0.4329637540367331
GHSL_241,0,25,97,1,0,0,0,0,0,0,2,2428500.0,8.026444904738703,2.508874969335311,1.31,612.558585166931,2668.47271303019,OM,0.032,0.4329637540367331
GHSL_242,0,76,45,0,0,0,0,0,0,0,0,0.0,7.955531284292675,1.9855686273067117,0.76,606.66264629364,2460.23775095054,OM,-0.319,0.12020815280171307
GHSL_243,0,0,111,171,0,0,0,0,0,0,0,0.0,6.9495800242786006,1.713084402045593,0.79,1409.33478736877,5010.80778701757,OM,0.861,0.47010758997849783
GHSL_244,0,1,303,158,0,0,0,0,0,0,9,12249000.0,8.492025331753279,2.4275430134939913,0.08,2312.48667907715,6483.65598736387,OM,0.657,0.4329637540367331
GHSL_245,0,2,256,61,0,0,0,0,0,0,7,6399000.0,8.41158577721742,1.8895453378216474,0.33,1599.84893798828,6727.59473342871,OM,0.518,0.131
GHSL_246,0,0,80,162,0,0,0,0,0,0,11,9240000.0,8.134063651956726,1.963156516699437,0.1,1213.54145717621,5491.13781527696,OM,0.912,0.5920838630735464
GHSL_247,0,0,75,1673,101,0,0,2,0,0,13,26472300.0,10.306512940280015,1.380727857851766,0.31,9247.80558252335,3589.12198285665,OM,1.302,0.4329637540367331
GHSL_248,0,3,1764,1263,1,0,1,0,0,0,15,44132600.0,9.674487212799356,1.3829641432889714,0.64,15153.4586009979,3237.54390194418,OM,0.716,0.4329637540367331
GHSL_249,0,145,1569,47,0,0,1,0,0,0,14,31171800.000000004,9.556114344945888,1.3723542131860078,0.18,8802.0652551651,3879.00402403585,OM,0.199,0.24093484841912532
GHSL_250,0,4,3274,2794,2,0,2,0,0,0,7,84000000.0,9.350973681222294,2.5902028442843053,0.94,30367.9478387833,3591.69851979135,OM,0.749,0.4329637540367331
GHSL_251,1,425,309,0,0,0,0,0,0,0,0,0.0,9.31448436909114,2.66117014255596,1.55,3670.92376375198,3139.59707765997,OM,-0.278,0.4329637540367331
GHSL_252,0,0,526,6013,182,0,2,0,0,0,12,82754800.0,9.327131099027238,2.6415385489857095,0.25,33604.8580021858,5281.68686418734,OM,1.204,0.4329637540367331
GHSL_253,0,14,1460,325,0,0,2,1,0,0,17,42736000.0,8.88547605775987,2.598556077691637,0.4,8996.40689373016,3204.01129429131,OM,0.505,0.3355740997300006
GHSL_254,0,63,4419,744,0,0,5,0,0,0,21,43230300.0,8.03165650501958,2.4888854151365347,0.51,26131.1155700684,3748.2020830204,OM,0.458,0.4329637540367331
GHSL_255,0,6,2317,1268,0,0,5,0,0,0,15,38867700.0,7.961634220301334,2.2391414578067335,0.35,17957.0006685257,4610.94236143938,OM,0.666,0.4329637540367331
GHSL_256,0,55,3755,625,0,0,2,0,0,0,20,56720800.0,7.9321212945478266,1.9841211074968472,0.97,22172.8449735641,4112.56178450943,OM,0.456,0.4329637540367331
GHSL_257,0,0,25,191,4,0,0,0,0,0,0,0.0,7.183476278610498,1.9785299606705695,0.51,1101.78771829605,2874.06638310717,OM,1.139,1.0620743892197044
GHSL_258,0,0,809,6109,113,1,3,0,0,0,47,125098300.0,7.180694963749809,1.9995631349085106,0.66,35154.5293927193,3100.37777338649,OM,1.139,0.4329637540367331
GHSL_259,0,0,17,179,5,0,0,0,0,0,1,3698400.0,7.174387656042299,2.023826441039495,0.34,1005.1867389679,1815.28481849241,OM,1.196,0.4390000056028366
GHSL_260,0,1,2156,3336,6,0,1,1,0,0,21,52067600.0,6.947694826222953,1.7033230203625207,0.13,27489.7808275223,6981.30823687224,OM,0.861,0.47010758997849783
GHSL_261,0,3,1100,552,0,0,3,0,0,0,9,24110300.0,6.894628405371578,1.83405629157966,0.22,8278.1660900116,7301.97262912255,OM,0.65,0.4532598094391428
GHSL_262,0,1,1568,2774,6,0,4,1,0,0,17,65046300.0,6.732423095386321,2.6561245412628085,0.5,21743.4697313309,4257.02070812499,OM,0.886,0.4329637540367331
GHSL_263,0,0,33,134,1,0,0,0,0,0,0,0.0,6.669955831053365,2.7236294798751315,0.39,836.082341194153,2801.13354728676,OM,1.037,0.6831051813485907
GHSL_264,0,0,374,1534,13,0,1,0,0,0,8,13141599.999999998,6.679251751379123,2.718811850492009,0.05,9602.69555187225,4347.70858366459,OM,1.037,0.4329637540367331
GHSL_265,0,9,5311,3585,1,0,6,0,0,0,31,135754900.0,6.544043494229237,2.5856661441856934,0.4,44530.9281377792,2614.20050140698,OM,0.705,0.4329637540367331
GHSL_266,0,0,1311,6180,61,0,1,0,0,0,6,69525200.0,6.532482236738319,2.3541992849270827,0.09,37759.6052112579,3363.74081208625,OM,1.061,0.24619098368395476
GHSL_267,0,0,8,219,17,0,0,0,0,0,0,0.0,6.471739651599113,2.3303371492792477,0.14,1213.94838237762,3845.90502167809,OM,1.335,0.09377810689779006
GHSL_268,0,32,10503,5076,1,0,3,0,0,0,12,103609300.0,6.429584621601204,2.3053780940229265,0.39,78063.4509716034,4461.01450550849,OM,0.643,0.4329637540367331
GHSL_269,0,572,7212,255,0,0,2,0,0,0,13,86158000.0,6.433102871622207,2.620458991877926,0.2,40198.5312108994,5956.38628115576,OM,0.222,0.4329637540367331
GHSL_270,0,0,421,5459,189,0,4,1,0,0,19,62764000.0,6.406922368807373,1.882675380283835,0.33,30349.2512903214,4463.12256438692,OM,1.223,0.4329637540367331
GHSL_271,0,0,284,286,0,0,0,0,0,0,2,11402200.0,6.418679302019592,1.8622779329635888,0.31,2852.26261043549,3095.38666028056,OM,0.78,0.5550788231524144
GHSL_272,0,46,238,3,0,0,0,0,0,0,0,0.0,6.395094524905346,2.0929014552138416,0.32,1433.95332241058,3908.55036145887,OM,0.081,0.135057405659049
GHSL_273,0,0,424,14812,1357,1,6,1,0,0,33,185674100.0,6.366293255908509,2.0876423467886513,0.33,82965.4115810394,5659.44897202005,OM,1.364,0.4329637540367331
GHSL_274,0,12,3019,1259,0,0,3,1,0,0,13,40464000.0,7.779402561205783,2.197649646906023,0.31,21450.9309558868,3380.10175780236,OM,0.616,0.4329637540367331
GHSL_275,0,0,59,1297,78,1,1,0,0,0,24,23836600.000000004,10.622710142491853,1.2688246744476164,0.53,7171.23520517349,3319.42617848193,OM,1.301,0.7550421843898478
GHSL_276,0,33,152,2,0,0,0,0,0,0,3,19296800.0,8.902974947004713,2.5986798058839615,0.44,930.608325958252,2493.51943869964,OM,0.061,0.3355740997300006
GHSL_277,0,13,1483,356,0,0,0,0,0,0,21,39484000.0,8.411898386657821,1.8896166326500254,0.14,9259.06034469604,4225.48442145178,OM,0.518,0.131
GHSL_278,0,160,368,1,0,0,1,0,0,0,4,4392800.0,7.939938296518756,2.24034270209062,0.53,2647.40398788452,3276.97676373288,OM,-0.063,0.16658606410527513
GHSL_279,0,0,11,124,4,0,0,0,0,0,0,0.0,7.174228961086625,2.033994980897354,0.03,694.221820354462,1987.58534110113,OM,1.196,0.4390000056028366
GHSL_280,0,1,2597,5526,17,0,1,1,0,0,29,81353600.0,6.979271757768323,2.6611109769338426,0.18,40704.7062044144,7617.90502345827,OM,0.92,0.7112961760054668
GHSL_281,0,562,1482,7,0,0,0,0,0,0,12,39450800.0,6.938330880060579,1.723837815696533,0.14,10253.4546527863,4390.63326832514,OM,-0.038,0.4329637540367331
GHSL_282,0,26,1373,188,0,0,0,0,0,0,18,54341799.99999999,6.89906394746118,2.620904042896256,0.13,7932.87426185608,6163.57353535408,OM,0.424,0.4329637540367331
GHSL_283,0,0,77,324,3,0,0,0,0,0,4,18546399.999999996,6.627657723160749,2.2404691571733575,0.64,2016.21576118469,2251.64808494672,OM,1.042,0.4220000005364418
GHSL_284,0,0,319,1346,11,0,1,0,0,0,6,15819300.0,6.634366719282527,2.2224784744670534,0.67,8381.94791603088,3931.49527018334,OM,1.042,0.4220000005364418
GHSL_285,0,18,331,17,0,0,0,0,0,0,0,0.0,6.624036952092289,2.344612083817202,1.33,1833.87162494659,1920.01099837782,OM,0.275,0.45540824186583634
GHSL_286,0,0,375,1347,9,0,1,0,0,0,10,51365400.0,6.612998075479304,2.3557752338454576,0.11,8658.38460731506,2859.71600003229,OM,1.014,0.45540824186583634
GHSL_287,0,31,3064,674,0,1,1,0,0,0,9,28944200.0,6.584517427388815,2.550928611134499,0.03,18841.2755508423,7057.77565166402,OM,0.503,0.36150327734922594
GHSL_288,0,3,252,45,0,0,1,0,0,0,2,5631400.0,6.577846042150633,2.6740457441896255,0.12,1504.66153430939,2990.12051467354,OM,0.468,0.4329637540367331
GHSL_289,0,10,3011,1386,0,0,3,0,0,0,7,62368500.0,6.561307016861085,2.6573252338300346,0.24,22036.5424346924,3082.92849151951,OM,0.634,0.4329637540367331
GHSL_290,0,0,109,41,0,0,0,0,0,0,1,9525200.0,6.546548253616311,2.3569760485389257,0.17,754.035711288452,2525.65972630532,OM,0.599,0.24619098368395476
GHSL_291,0,0,1403,15524,452,0,2,0,0,0,40,259365500.0,6.492073567523446,2.6761110620133857,0.08,86891.3454551697,3714.58143204994,OM,1.199,0.4329637540367331
GHSL_292,0,103,9286,1892,0,0,2,0,0,0,11,100866200.0,6.465473525753699,2.285000475823119,0.17,56407.7105226517,2938.53068244905,OM,0.49,0.4329637540367331
GHSL_293,0,11,1021,208,0,0,0,0,0,0,2,19300000.0,6.45051631242896,2.2433985135345678,0.07,6202.98648166656,2764.35770397224,OM,0.49,0.4329637540367331
GHSL_294,0,129,249,1,0,0,0,0,0,0,0,0.0,6.387079942733223,2.6532749167584417,0.29,1896.76427268982,3420.18152960767,OM,-0.095,0.20287607104961242
GHSL_295,0,1566,5250,34,0,0,2,0,0,0,11,66231100.00000001,6.384939218237604,2.6902384690700267,0.54,34249.1424703598,5100.40973689625,OM,0.005,0.4329637540367331
GHSL_296,0,1,262,88,0,0,0,0,0,0,1,12000000.0,6.367138844410805,2.574301440538129,0.88,1758.74582099915,1944.44412370082,OM,0.577,0.4412346314604057
GHSL_297,0,76,6994,1450,0,0,0,0,0,0,9,93656800.0,6.378706628363609,2.610135723069846,0.04,42598.4739236832,4736.58281910444,OM,0.493,0.4329637540367331
GHSL_298,0,0,65,728,22,0,0,0,0,0,0,0.0,6.367886442515298,2.5392985826969174,0.44,4073.90572452545,5133.65028690064,OM,1.201,0.4412346314604057
GHSL_299,0,11,1792,550,0,0,0,0,0,0,0,0.0,6.371180532368641,2.555273023528218,0.33,11765.9742288589,4191.12148147135,OM,0.561,0.4329637540367331
GHSL_300,0,493,1552,9,0,0,0,0,0,0,0,0.0,6.3684113180196364,2.20923142679434,0.59,10269.4413871765,3869.76583333798,OM,-0.006,0.20755849228912127
GHSL_301,0,1,560,409,0,0,6,0,0,0,6,12124300.0,7.764131208321779,2.1811119080293775,0.21,4851.80871629715,2447.61892808089,OM,0.72,0.4329637540367331
GHSL_302,0,251,215,0,0,0,0,0,0,0,2,16776400.000000002,7.788234258261451,2.1729498605423623,0.29,2329.98718309402,2823.61424987066,OM,-0.247,0.29652093801874246
GHSL_303,0,0,164,1305,26,0,1,1,0,0,5,36613700.0,11.86194455061017,3.385544712738561,0.94,7473.18745326996,9773.14893924586,NA,1.147,0.7565449755302059
GHSL_304,0,0,1048,2206,6,0,1,0,0,0,32,44838600.0,9.700935508099988,1.667226097289796,0.23,16303.0580558777,4653.12150357186,OM,0.918,0.4329637540367331
GHSL_305,0,4,1348,703,0,0,4,0,0,0,14,37164300.0,8.491637050683813,2.4267303475226036,0.09,10275.2823677063,4859.41995381729,OM,0.657,0.4329637540367331
GHSL_306,0,4,367,81,0,0,0,0,0,0,0,0.0,6.591665789969225,2.5602652924679297,0.64,2254.04158401489,3830.14061830803,OM,0.503,0.36150327734922594
GHSL_307,2,565,246,0,0,0,1,0,0,0,4,37388800.0,8.486113457284624,2.4395088117343904,0.21,4061.92405414581,3517.085331303,OM,-0.373,0.4329637540367331
GHSL_308,0,0,19,1383,231,1,1,0,0,0,11,9664700.0,7.360226360579448,2.6029384139249085,0.02,8164.37708282471,5955.42180428743,OM,1.46,1.1476343076359343
GHSL_309,0,0,330,952,5,0,1,0,0,0,9,22034800.0,8.573384222743275,2.599028799159533,0.28,6433.36265277863,3557.55322343514,OM,0.975,0.6307969565611344
GHSL_310,0,3,765,314,0,0,0,0,0,0,2,2514000.0,7.916115901134735,1.9808648263237092,0.56,5412.6626033783,3060.02073875772,OM,0.613,0.4329637540367331
GHSL_311,0,0,18,196,6,0,0,0,0,0,0,0.0,7.1823707833263715,2.0323056783668894,0.15,1100.20871639252,2635.66605353344,OM,1.196,0.4390000056028366
GHSL_312,0,5,631,173,0,0,0,0,0,0,10,12270000.0,6.9825905218423205,2.648543040647695,0.31,4041.46277427673,4350.81437819516,OM,0.541,0.7112961760054668
GHSL_313,0,60,1262,76,0,0,0,0,0,0,2,21008800.0,6.963975161682354,2.650366939277095,0.29,6986.54124259949,5772.92504943415,OM,0.298,0.4329637540367331
GHSL_314,0,52,368,7,0,0,0,0,0,0,2,1725400.0,6.911411188870968,2.508015333696592,0.22,2134.45661258698,2340.51304012669,OM,0.132,0.4329637540367331
GHSL_315,0,154,1094,20,0,0,1,0,0,0,7,17979600.0,6.906172792650707,2.512933121555059,0.27,6338.40876960754,3137.89931088705,OM,0.132,0.4329637540367331
GHSL_316,0,0,68,86,0,0,0,0,0,0,2,4021200.0,6.726020235634724,2.6476827592318286,0.36,768.861253738403,2576.22427495319,OM,0.822,0.29699999994039533
GHSL_317,0,75,154,0,0,0,0,0,0,0,0,0.0,6.563741620883924,2.3175655803472974,1.16,1147.87529850006,2360.8737710903,OM,-0.082,0.28323258993272643
GHSL_318,0,11,1343,342,0,0,1,0,0,0,11,49211300.0,6.556622984244671,2.306844338702336,0.16,8478.97065496445,2889.58622609819,OM,0.528,0.28323258993272643
GHSL_319,0,0,121,64,0,0,0,0,0,0,0,0.0,6.4418617233664826,2.26600876477559,0.58,925.564452171326,2308.11775486361,OM,0.658,0.4329637540367331
GHSL_320,117,2014,94,0,0,0,0,0,0,0,3,25865900.0,6.426684093701221,2.2015793782204596,0.99,11126.5513556004,2455.9256159376,OM,-0.735,0.4329637540367331
GHSL_321,0,18,1738,367,0,0,0,0,0,0,6,59596899.99999999,6.4038868741996,2.2017840409382967,0.09,10614.0253210068,4334.5835236424,OM,0.496,0.20755849228912127
GHSL_322,0,189,596,4,0,0,0,0,0,0,0,0.0,6.361641200900956,2.208116804936061,0.34,3941.4140958786,3881.53367586109,OM,-0.006,0.20755849228912127
GHSL_323,0,90,1658,87,0,0,0,0,0,0,8,27783000.0,10.494681658769228,1.375630836560829,0.32,9174.59470176697,6281.29889966605,OM,0.278,0.2605493351439532
GHSL_324,0,4,420,101,0,0,0,0,0,0,9,24556800.0,8.42585381364912,1.8846999462296137,0.45,2624.42638301849,3471.62216151161,OM,0.518,0.4329637540367331
GHSL_325,0,0,159,182,0,0,0,0,0,0,2,1315200.0,6.937394206310643,1.698589337309303,0.67,1709.21234607697,4663.7480144751,OM,0.804,0.47010758997849783
GHSL_326,0,18,15204,13040,8,0,5,0,0,0,36,322256900.0,6.369689816643241,2.298365820389516,1.77,141350.637989521,4395.31704263707,OM,0.75,0.4329637540367331
GHSL_330,0,0,99,123,0,0,0,0,0,0,0,0.0,9.377813794599787,2.648581380646021,2.04,1112.0653796196,2152.11663248305,OM,0.821,0.4329637540367331
GHSL_331,0,0,95,107,0,0,0,0,0,0,0,0.0,9.313206870934973,2.621265083779326,1.59,1008.95256137848,3053.296175721,OM,0.802,0.49014196199128557
GHSL_332,0,3,2294,1988,1,0,1,0,0,0,1,12000000.0,9.318434211925332,2.6044765038810724,0.01,21429.9889082909,3436.66776198423,OM,0.752,0.49014196199128557
GHSL_334,0,0,5,398,72,0,0,0,0,0,5,24422400.0,6.449755082770299,2.3595927769127947,0.57,2376.16914367676,5254.73277887632,OM,1.473,0.09377810689779006
GHSL_335,0,0,6,709,163,0,0,0,0,0,5,17983600.0,6.459153685228168,2.349549057629859,0.41,4394.33882808685,6281.00069192431,OM,1.514,0.09377810689779006
GHSL_338,0,2,385,143,0,0,0,0,0,0,3,29172000.0,7.141397074149363,2.088599388873108,0.21,2649.18626308441,3019.16363204626,OM,0.595,0.4329637540367331
GHSL_342,0,0,15,106,2,0,0,0,0,0,0,0.0,9.379018537157428,2.6098844342704215,1.56,613.269367218018,3290.74257208024,OM,1.127,0.5921392726730672
GHSL_343,0,34,85,0,0,0,0,0,0,0,0,0.0,6.433400757958291,2.2365258431153365,0.1,595.89720249176,2408.36608020014,OM,-0.047,0.30204360086271065
GHSL_344,0,7,13275,18460,27,0,4,0,0,0,57,278300200.0,9.360124011449901,2.629649258344039,0.64,158845.062821865,4821.37928218008,OM,0.841,0.4329637540367331
GHSL_345,0,0,87,56515,39591,0,30,0,0,0,200,1113019700.0,6.508286013894336,2.6258380324967776,0.66,481056.571482182,7188.06497480609,OM,1.715,0.4329637540367331
GHSL_346,0,1,24771,178061,3090,5,47,1,2,0,220,1679567000.0,6.414530404452697,2.360967470184194,0.72,1029617.39878225,9552.74296186098,OM,1.131,0.4329637540367331
GHSL_347,0,0,2691,66201,4412,0,12,1,0,0,99,568784500.0,6.374040855523278,2.4834665156984803,0.46,366520.525736809,10943.6890822937,OM,1.316,0.4329637540367331
GHSL_348,0,0,440,31642,5227,0,4,0,0,0,50,295062900.0,7.181498977577268,2.070600250276174,0.34,186548.334328175,4773.98704800774,OM,1.458,0.4329637540367331
GHSL_349,0,44,19034,10879,3,0,5,0,0,0,27,253072800.0,6.400190278270235,2.237869996641733,1.17,149802.732224464,4062.29834343171,OM,0.674,0.4329637540367331
GHSL_350,0,0,98,86,0,0,0,0,0,0,3,13596800.0,7.155075191409792,2.04744188987273,0.03,922.746679782867,2407.02920213084,OM,0.754,0.4329637540367331
GHSL_351,0,49,124,1,0,0,0,0,0,0,0,0.0,6.4308098066136585,2.229065730887328,0.87,869.417608261108,2122.93329099544,OM,-0.047,0.4329637540367331
GHSL_352,7,236,20,0,0,0,0,0,0,0,1,1626400.0,12.347271025005812,2.852590875303226,10.01,1316.22885513306,3269.51645188252,NA,-0.646,0.2726890781335647
GHSL_353,1,131,39,0,0,0,0,0,0,0,1,2044700.0,12.321599535619754,2.9003474540530343,4.28,854.943876266479,3397.48798389159,NA,-0.443,0.2726890781335647
GHSL_354,0,78,122,0,0,0,1,0,0,0,1,1308200.0,12.292413888035151,2.9238909412488527,0.2,998.085548400879,3050.65408731483,NA,-0.134,0.2726890781335647
GHSL_355,0,53,123,0,0,0,0,0,0,0,1,12000000.0,12.244796344814013,2.9028768623947956,0.07,882.349666595459,3894.60341810431,NA,-0.061,0.2726890781335647
GHSL_356,0,272,198,0,0,0,1,0,0,0,1,6663000.0,12.206091615308619,3.0342555487805725,0.2,2351.18416404724,3786.07709409096,NA,-0.278,0.4329637540367331
GHSL_357,0,88,105,0,0,0,0,0,0,0,1,670300.0,12.183160055687223,3.0447211324917984,0.11,967.207298278809,3841.58688412212,NA,-0.184,0.2771858582251266
GHSL_358,3,175,23,0,0,0,0,0,0,0,1,1962700.0,12.162480576851221,3.062065782071082,0.01,1008.81840133667,3877.34172231341,NA,-0.576,0.2771858582251266
GHSL_359,16,261,12,0,0,0,1,0,0,0,1,2587400.0,12.103326228349903,3.105992514248287,0.1,1444.84660720825,3741.47812416359,NA,-0.742,0.21637467504308353
GHSL_360,0,48,181,1,0,0,0,0,0,0,1,1009600.0,12.079856042890125,3.1717782573253386,0.31,1152.86529445648,4038.56631468935,NA,0.025,0.171119835905229
GHSL_361,0,214,802,6,0,0,1,1,0,0,11,21962200.0,12.069536084371814,3.181073253997788,0.07,5110.71609306335,4347.91745479425,NA,0.025,0.4329637540367331
GHSL_362,2,316,101,0,0,0,0,0,0,0,0,0.0,12.04503533045631,3.133901642651817,5.81,2095.5131111145,4229.74531080411,NA,-0.428,0.4329637540367331
GHSL_363,4,320,61,0,0,0,0,0,0,0,0,0.0,12.033527602727139,3.207400325731586,0.02,1921.18000507355,3690.21963503392,NA,-0.518,0.4329637540367331
GHSL_364,1,516,313,0,0,0,1,0,0,0,3,9124800.0,11.97745910018696,3.2217529385102974,0.33,4146.14797878265,3886.99065110175,NA,-0.312,0.17819090885900996
GHSL_365,7,403,58,0,0,0,0,0,0,0,1,12000000.0,11.934352658033012,3.230796932752674,0.23,2338.48823451996,4282.94548446879,NA,-0.564,0.17819090885900996
GHSL_366,0,75,93,0,0,0,0,0,0,0,1,2647800.0,11.923503054655752,3.2895211818881025,5.89,841.256711959839,3338.32028555492,NA,-0.178,0.4329637540367331
GHSL_367,43,348,7,0,0,0,0,0,0,0,1,9675100.0,11.898735648907305,3.2649518420846704,2.22,1993.6904706955,3827.39791118306,NA,-0.851,0.4329637540367331
GHSL_368,11,391,36,0,0,0,0,0,0,0,0,0.0,11.855655290433583,3.4203678504831747,1.66,2187.28528690338,4648.18110645726,NA,-0.637,0.7565449755302059
GHSL_369,2,466,195,0,0,0,1,0,0,0,1,840000.0,11.855019832438307,3.2898773276151574,0.08,3313.12965297699,3458.59107647122,OM,-0.38,0.15719510170485593
GHSL_370,5,190,20,0,0,0,0,0,0,0,1,9862900.0,11.85278086319258,3.2102332409508127,2.74,1070.18064403534,3032.30888071533,NA,-0.616,0.15719510170485593
GHSL_371,0,107,89,0,0,0,0,0,0,0,1,12000000.0,11.838878650831798,3.2322031865829857,0.09,980.287734985352,3645.60177535312,NA,-0.253,0.15719510170485593
GHSL_372,3,877,397,0,0,0,1,0,0,0,2,20425400.0,11.80750422910935,3.3811155377273043,0.27,6383.69967937469,5464.11623723006,OM,-0.366,0.7565449755302059
GHSL_373,8,1277,362,0,0,0,1,0,0,0,1,12000000.0,11.795543520345417,3.4752164272433954,0.46,8234.92039108276,4151.54437485897,NA,-0.45,0.21166561679529658
GHSL_374,3,586,183,0,0,0,1,0,0,0,0,0.0,11.784671417948195,3.3980286477879966,2.44,3859.28606319427,3702.94761489347,NA,-0.433,0.7565449755302059
GHSL_375,21,505,33,0,0,0,0,0,0,0,0,0.0,11.774281954736043,3.215358214015915,0.37,2796.0430803299,3261.41428459938,OM,-0.687,0.4329637540367331
GHSL_376,0,129,273,1,0,0,0,0,0,0,0,0.0,11.77047718135864,3.241270668907401,2.38,2015.10439968109,3805.55287195691,OM,-0.078,0.34897908092970875
GHSL_377,2,266,62,0,0,0,0,0,0,0,1,1923700.0,11.765005966316966,3.196982041227875,2.49,1647.88543224335,3322.76469721704,OM,-0.485,0.34897908092970875
GHSL_378,0,337,609,1,0,0,0,0,0,0,1,12000000.0,11.72175077678852,3.2223310222848243,0.12,4736.18291759491,5314.73129670601,OM,-0.107,0.34897908092970875
GHSL_379,0,105,182,0,0,0,0,0,0,0,1,12000000.0,11.693204442897555,3.1747296902924953,3.41,1434.94056129456,3878.720918645,OM,-0.114,0.34897908092970875
GHSL_380,0,1,116,29,0,0,0,0,0,0,1,9325900.0,11.643104108798594,3.186205158908937,0.08,731.292650222778,3220.9433905594,OM,0.526,0.34897908092970875
GHSL_381,0,37,186,2,0,0,0,0,0,0,1,5304000.0,11.614538930254106,3.499031818158831,11.76,1122.13794517517,3812.25733030464,OM,0.076,0.34723219896778007
GHSL_382,0,92,189,1,0,0,0,0,0,0,2,24000000.0,11.576380697565721,3.4779434695577844,16.55,1410.27525615692,3493.13214876581,OM,-0.084,0.34723219896778007
GHSL_383,2,240,64,0,0,0,0,0,0,0,1,12000000.0,11.566330671766465,3.5111740470966937,16.26,1527.70842456818,3561.21051283296,OM,-0.462,0.34723219896778007
GHSL_384,0,104,256,1,0,0,0,0,0,0,1,12000000.0,11.559265568939335,3.12615121845186,0.43,1803.52057266235,3458.0410716303,OM,-0.05,0.34897908092970875
GHSL_385,0,33,988,83,0,0,1,0,0,0,4,21225900.0,11.474539329247785,2.532010699195033,0.15,5516.94153308868,2401.76396203334,OM,0.348,0.5098105568529946
GHSL_386,3,384,103,0,0,0,0,0,0,0,1,12000000.0,11.445352624466716,3.077526357610193,0.39,2452.89612674713,2143.31561877174,OM,-0.459,0.12225492491783987
GHSL_387,0,53,135,1,0,0,0,0,0,0,1,3922400.0,11.384478916792489,2.5284651922601356,0.14,941.222865104675,2109.8873687902,OM,-0.044,0.24778753436326892
GHSL_388,3,129,14,0,0,0,0,0,0,0,2,7046200.0,11.366386555751353,2.471574444613652,2.82,727.110323905945,1599.65440569058,OM,-0.611,0.39712130817117747
GHSL_389,1,267,92,0,0,0,1,0,0,0,0,0.0,11.351617327790677,3.0637433876803497,0.81,1802.15157365799,1982.205049335,OM,-0.416,0.12225492491783987
GHSL_390,0,32,314,8,0,0,1,0,0,0,0,0.0,11.327482561891529,2.473399491044272,0.08,1770.53162145615,2190.64469931126,OM,0.183,0.39712130817117747
GHSL_391,0,220,300,0,0,0,0,0,0,0,0,0.0,11.322116454780899,2.4910867031089037,0.03,2602.33129692078,2377.70911666905,OM,-0.16,0.4329637540367331
GHSL_392,3,268,56,0,0,0,0,0,0,0,2,14285900.0,11.320057758151238,3.0374363512796863,0.33,1634.15610074997,2156.70388506153,OM,-0.504,0.12225492491783987
GHSL_393,2,186,38,0,0,0,1,0,0,0,1,3617600.0,11.32242169083461,3.0473671804099385,0.28,1130.72028207779,2238.42950880506,OM,-0.504,0.12225492491783987
GHSL_394,0,66,90,0,0,0,0,0,0,0,0,0.0,11.310276138663339,2.4904186984350254,1.34,782.036735057831,1720.17600193968,OM,-0.16,0.4329637540367331
GHSL_395,0,0,198,1536,29,0,4,1,0,0,14,31953500.0,11.297632599735575,2.4321907569904178,0.14,8819.10289239883,2756.46914303794,OM,1.143,0.6676665474699044
GHSL_396,0,0,30,229,4,0,0,0,0,0,1,12000000.0,11.3021989421519,2.4181174963460124,0.15,1314.84832286835,1859.2295378171,OM,1.143,0.6676665474699044
GHSL_397,0,71,77,0,0,0,0,0,0,0,1,12000000.0,11.300406414855228,3.172160480462228,12.22,742.18784236908,2050.06056397553,OM,-0.202,0.12225492491783987
GHSL_398,4,283,49,0,0,0,0,0,0,0,1,12000000.0,11.288823535667547,3.0227424065832587,0.14,1674.9693646431,2139.00513963566,OM,-0.535,0.12225492491783987
GHSL_399,12,184,8,0,0,0,0,0,0,0,1,12000000.0,11.26529590983369,3.0713382600615806,4.99,1019.31389808655,2241.65398994515,OM,-0.748,0.2785342582666584
GHSL_400,0,176,257,0,0,0,1,0,0,0,3,5180100.0,11.23919539574964,2.3776196291796707,0.1,2167.36189126968,2451.19841130698,OM,-0.146,0.09912618431471791
GHSL_401,1,103,34,0,0,0,1,0,0,0,1,4842100.0,11.236359989576925,3.049394630082887,4.76,688.413074970245,1993.89179481681,OM,-0.424,0.2785342582666584
GHSL_402,10,263,19,0,0,0,1,0,0,0,2,14407400.0,11.23013392824406,2.403501116358963,0.08,1460.14520311356,2088.83403734094,OM,-0.67,0.22980970472856493
GHSL_403,1,183,52,0,0,0,0,0,0,0,2,7664400.0,11.189201958809713,2.9561175033899754,0.18,1182.02678251266,2378.5292943105,OM,-0.448,0.33431393431413614
GHSL_404,0,2,339,121,0,0,0,0,0,0,6,34034400.0,11.177850351330033,2.297894162319247,0.16,2311.13578367233,2950.3647637515,OM,0.588,0.4329637540367331
GHSL_405,0,14,687,89,0,0,0,0,0,0,1,7899500.0,11.142101135821774,2.9515866164553644,0.75,3947.57542133331,2453.48095105573,OM,0.415,0.4329637540367331
GHSL_406,0,83,104,0,0,0,0,0,0,0,0,0.0,11.138621215681336,3.6020240196286752,20.15,938.863369464874,1857.51695446517,OM,-0.175,0.20609013230953707
GHSL_407,0,0,69,5036,842,0,4,1,0,0,24,77743100.0,11.124535712928799,2.9317483208501502,0.39,29737.2665963173,3583.77176205119,OM,1.46,0.4329637540367331
GHSL_408,0,6,135,8,0,0,0,0,0,0,0,0.0,11.123700054188781,3.6682798467321196,18.06,745.725747108459,1967.19886859887,OM,0.297,0.20609013230953707
GHSL_409,0,285,242,0,0,0,1,0,0,0,2,14505200.0,11.11818915409959,2.8534500255348587,0.02,2636.23857784271,2674.65573355522,OM,-0.249,0.3728867229587592
GHSL_410,0,66,100,0,0,0,0,0,0,0,0,0.0,11.119893306472639,2.7770393324885037,0.04,829.954606533051,2052.55472096849,OM,-0.138,0.24779264718034377
GHSL_411,0,133,210,0,0,0,0,0,0,0,2,24000000.0,11.118269818743162,3.3749793522625624,0.18,1718.73216962814,2266.95168430698,OM,-0.132,0.20609013230953707
GHSL_412,1,274,95,0,0,0,1,0,0,0,2,20033800.0,11.085717628795221,2.761508333483955,0.06,1854.53630638123,2392.60370479048,OM,-0.414,0.24779264718034377
GHSL_413,0,28,248,6,0,0,0,0,0,0,1,12000000.0,11.061424176377733,2.2269161312219046,0.34,1412.28301525116,2121.39553732677,OM,0.165,0.2322220956703747
GHSL_414,1,186,54,0,0,0,0,0,0,0,1,11460800.0,11.039076635259107,2.884554409084139,0.02,1204.63488197327,2199.22206456037,OM,-0.447,0.30380407172684365
GHSL_415,0,20,373,20,0,0,0,0,0,0,2,7057600.0,11.032699990608677,2.7383598420551913,0.16,2064.59210443497,2355.74310644696,OM,0.28,0.3857858215495013
GHSL_416,0,58,76,0,0,0,0,0,0,0,1,8645200.0,11.025230654127803,3.4222056088467014,7.22,673.040387153625,1996.67849517511,OM,-0.166,0.20609013230953707
GHSL_417,0,241,190,0,0,0,0,0,0,0,2,6403600.0,10.997938350547354,0.9881032631547063,0.19,2153.8098897934,2028.2070816415,OM,-0.263,0.3948725089927153
GHSL_418,0,148,94,0,0,0,0,0,0,0,1,12000000.0,10.9894975043633,1.9875145792757383,0.17,1215.61965894699,1873.19272638976,OM,-0.303,0.20585019224147338
GHSL_419,0,74,168,1,0,0,1,0,0,0,1,12000000.0,10.986192235937349,3.1526038888488483,0.43,1213.30991649628,2027.62334980787,OM,-0.064,0.08537236466322053
GHSL_420,1,200,91,0,0,0,1,0,0,0,0,0.0,10.955288493386583,3.6374608883177397,0.32,1461.80236959457,2408.39984446186,OM,-0.365,0.5211376977344855
GHSL_421,0,35,1274,126,0,0,1,0,0,0,1,10272000.0,10.925489750900768,3.694877854446145,0.41,7176.20006656647,2763.8537449033,OM,0.372,0.5211376977344855
GHSL_422,0,83,111,0,0,0,0,0,0,0,1,3319700.0,10.929887043627263,2.7439716462918966,10.12,971.931457042694,2175.36528803844,OM,-0.163,0.3857858215495013
GHSL_423,2,130,17,0,0,0,0,0,0,0,0,0.0,10.92926002589932,1.0223265126674597,1.76,746.639219284058,1581.59468582456,OM,-0.58,0.32467355398352893
GHSL_424,0,75,170,1,0,0,0,0,0,0,1,12000000.0,10.929939599320736,3.5492926809786045,0.13,1232.47149848938,2182.09928735217,OM,-0.066,0.3599032304478195
GHSL_425,0,386,372,0,0,0,2,0,0,0,2,13095100.0,10.914528313011747,1.945251931903556,0.37,3795.89479064941,2185.66847711693,OM,-0.225,0.20585019224147338
GHSL_426,0,38,171,2,0,0,1,0,0,0,2,12605800.0,10.918736369325478,3.488599086821274,0.62,1052.18477869034,2228.80889074935,OM,0.055,0.3599032304478195
GHSL_427,0,108,196,0,0,0,1,0,0,0,2,10109600.0,10.849086791630379,3.4282438375830537,0.3,1523.820291996,2441.98520190277,OM,-0.106,0.09483522159991835
GHSL_428,0,4,406,87,0,0,0,1,0,0,3,27595900.0,10.839049511465781,2.8369496267773817,0.13,2486.18341612816,1786.76369969935,OM,0.498,0.5010532300544507
GHSL_429,0,18,1039,152,0,0,1,0,0,0,10,11039700.0,10.82736837078999,2.113969980328207,0.15,6043.3417634964,2152.04238870546,OM,0.435,0.33500010092998683
GHSL_430,0,32,321,9,0,0,1,0,0,0,4,9730800.0,10.830419801667677,1.026248382131887,0.05,1811.18622779846,2007.23041522286,OM,0.186,0.32467355398352893
GHSL_431,0,85,90,0,0,0,0,0,0,0,0,0.0,10.830881102794356,3.30964810091026,13.31,873.933512687683,2114.95052886905,OM,-0.208,0.09483522159991835
GHSL_432,0,109,58,0,0,0,0,0,0,0,2,1680000.0,10.82730596300723,1.0635357717692329,0.25,836.081938266754,1054.72414383558,OM,-0.334,0.07150524124862369
GHSL_433,0,135,72,0,0,0,0,0,0,0,2,2486100.0,10.814803081582864,1.0619530125726642,1.62,1037.14776992798,904.314780456311,OM,-0.334,0.07150524124862369
GHSL_434,0,196,131,0,0,0,1,0,0,0,4,16853100.0,10.812567207958239,2.72504506913351,0.21,1636.56532669067,1702.34035325993,OM,-0.293,0.13734725051116536
GHSL_435,2,106,16,0,0,0,0,0,0,0,0,0.0,10.812510404855015,1.4359361209072339,0.17,616.821390628815,1976.85857884186,OM,-0.555,0.05460063936875328
GHSL_436,0,97,135,0,0,0,0,0,0,0,5,21028000.0,10.810388676991613,2.102714537464377,0.11,1161.43095302582,2151.94576556722,OM,-0.155,0.33500010092998683
GHSL_437,0,117,49,0,0,0,1,0,0,0,1,12000000.0,10.794709345502696,2.187081770502478,8.41,834.341936588287,1831.96307843097,OM,-0.381,0.33500010092998683
GHSL_438,0,41,89,0,0,0,1,0,0,0,1,12000000.0,10.79363952699652,3.5356550556530895,0.03,653.993623256683,2040.59266146014,OM,-0.074,0.4329637540367331
GHSL_439,0,89,93,0,0,0,1,0,0,0,1,10441700.0,10.792751347960415,3.4669573038609602,0.01,913.183517456055,2082.1936791012,OM,-0.21,0.09483522159991835
GHSL_440,0,58,320,4,0,0,1,0,0,0,0,0.0,10.786012743570517,3.5847467509142876,0.17,1912.65331983566,2201.67932709043,OM,0.09,0.23970033582148756
GHSL_441,0,8,501,81,0,0,1,0,0,0,6,34388900.0,10.784228816757441,0.9218999413896213,0.61,2948.68022632599,2185.02546704538,OM,0.452,0.3948725089927153
GHSL_442,0,78,46,0,0,0,0,0,0,0,2,4154800.0,10.7701629018868,1.827436682239901,20.81,615.928879737854,1738.58604944775,OM,-0.318,0.2350239923721819
GHSL_443,0,63,86,0,0,0,0,0,0,0,0,0.0,10.761388315542014,1.0331127143882077,5.01,743.673111915588,1025.17626158392,OM,-0.158,0.4329637540367331
GHSL_444,0,6,175,15,0,0,0,0,0,0,0,0.0,10.741720244558342,2.071488182645817,0.07,978.09895324707,1965.37621341077,OM,0.351,0.36917946444506894
GHSL_445,0,103,228,1,0,0,1,0,0,0,1,4552400.0,10.736570223867929,2.1285549112438527,5.93,1658.33678770065,1965.99694484793,OM,-0.069,0.33500010092998683
GHSL_446,1,176,55,0,0,0,0,0,0,0,0,0.0,10.728681764462744,0.9940917853325846,0.01,1161.55629014969,1860.68743718759,OM,-0.432,0.11667262614503829
GHSL_447,0,65,62,0,0,0,0,0,0,0,0,0.0,10.728338090951874,1.2039148581171721,0.08,638.388951301575,1759.86897598767,OM,-0.228,0.38526328820717637
GHSL_448,0,140,427,2,0,0,1,0,0,0,1,12000000.0,10.71334223328336,2.7826214349569462,0.18,2845.52597427368,1124.3582955088,OM,-0.012,0.2691348575772149
GHSL_449,1,146,60,0,0,0,0,0,0,0,0,0.0,10.691124250048988,1.1134489350612868,0.12,1036.42076158524,1806.50489368474,OM,-0.383,0.38526328820717637
GHSL_450,1,109,36,0,0,0,0,0,0,0,0,0.0,10.690159403619973,2.6975170689121506,0.1,727.52626490593,888.973660332592,OM,-0.423,0.1350271607821325
GHSL_451,0,128,101,0,0,0,0,0,0,0,0,0.0,10.686909397056986,2.835514343457644,4.8,1145.36246490479,1020.7009135155,OM,-0.264,0.2691348575772149
GHSL_452,0,121,78,0,0,0,1,0,0,0,0,0.0,10.684354621205477,3.800376485291362,23.7,996.64132976532,2109.35046272923,OM,-0.299,0.23970033582148756
GHSL_453,0,113,183,0,0,0,1,0,0,0,0,0.0,10.676533081873204,2.6743536406639814,0.19,1482.36038732529,934.455307605115,OM,-0.128,0.1350271607821325
GHSL_454,0,51,145,1,0,0,0,0,0,0,1,7176700.0,10.669844250110007,1.891781924282774,19.18,983.952600002289,1943.49490401021,OM,-0.025,0.2350239923721819
GHSL_455,7,139,7,0,0,0,0,0,0,0,1,8157400.0,10.641319931159721,1.7945974535399434,10.59,768.617547035217,1980.21771858986,OM,-0.721,0.2350239923721819
GHSL_456,0,146,66,0,0,0,0,0,0,0,1,12000000.0,10.637362231020683,3.318758912450261,23.5,1061.25663471222,2168.467431227,OM,-0.367,0.09483522159991835
GHSL_457,1,137,41,0,0,0,0,0,0,0,0,0.0,10.63091022111971,1.0267161379303194,0.09,896.313164710999,1685.94730844521,OM,-0.441,0.0586898555892255
GHSL_458,11,128,4,0,0,0,0,0,0,0,1,3344400.0,10.626685984475486,2.0415078854573583,2.2,714.59209394455,1881.71872376809,OM,-0.794,0.36917946444506894
GHSL_459,0,62,69,0,0,0,1,0,0,0,1,4750700.0,10.625022557607123,2.063308111189763,0.09,654.304650783539,1891.05936948817,OM,-0.199,0.36917946444506894
GHSL_460,2,101,15,0,0,0,0,0,0,0,0,0.0,10.61453045940052,1.4019182316208358,10.33,587.352936267853,2577.77135375814,OM,-0.564,0.4329637540367331
GHSL_461,0,181,287,1,0,0,1,0,0,0,1,12000000.0,10.595267731359908,3.8076168694892836,16.51,2342.87270641327,3084.71607538185,OM,-0.131,0.06474823034904764
GHSL_462,0,148,127,0,0,0,0,0,0,0,2,4125399.9999999995,10.592790230353042,1.30359197622733,0.02,1375.3581905365,2012.05483438372,OM,-0.248,0.17618430920621425
GHSL_463,1,189,67,0,0,0,1,0,0,0,1,2544000.0,10.569973787149289,0.991228141897608,0.46,1281.03936624527,1705.41478013375,OM,-0.411,0.4329637540367331
GHSL_464,0,117,45,0,0,0,0,0,0,0,1,7399600.0,10.569217109200642,1.3911998869592648,6.1,813.765121459961,4017.40285080944,OM,-0.394,0.2605493351439532
GHSL_465,2,116,20,0,0,0,0,0,0,0,0,0.0,10.56827159271939,1.3511402986810703,3.03,687.726041793823,4288.63832498019,OM,-0.536,0.4329637540367331
GHSL_466,0,235,167,0,0,0,0,0,0,0,3,11217400.0,10.548076088776657,1.212604340649763,0.28,2010.90562295914,1598.91603756414,OM,-0.283,0.10161364737737416
GHSL_467,0,14,441,40,0,0,0,0,0,0,5,9662000.0,10.535369611034183,2.7255387583557686,0.24,2473.53682231903,2078.28626260966,OM,0.358,0.24112341173133653
GHSL_468,0,124,88,0,0,0,0,0,0,0,0,0.0,10.53366633085985,1.2110329012300554,0.94,1059.23635721207,1063.44974510216,OM,-0.283,0.10161364737737416
GHSL_469,0,290,254,0,0,0,0,0,0,0,0,0.0,10.540914071905267,1.3474260410631096,0.44,2724.77736854553,4362.19829299323,OM,-0.243,0.2605493351439532
GHSL_470,0,97,113,0,0,0,1,0,0,0,3,16000000.0,10.526306461932235,1.1172340613864615,0.07,1049.95489311218,1974.40477245828,OM,-0.188,0.4329637540367331
GHSL_471,0,224,366,1,0,0,0,0,0,0,0,0.0,10.522867022630848,1.2823871471634085,1.35,2951.53786754608,4541.127901609,OM,-0.126,0.7550421843898478
GHSL_472,0,378,470,1,0,0,1,0,0,0,3,23243200.0,10.508112486186981,2.476779136871405,7.0,4242.77264595032,2807.70439234416,OM,-0.177,0.4714279725825922
GHSL_473,0,180,145,0,0,0,0,0,0,0,1,1812000.0,10.497880632601916,3.691576188561185,0.07,1624.0957069397,2709.373940393,OM,-0.259,0.06474823034904764
GHSL_474,0,164,176,0,0,0,0,0,0,0,0,0.0,10.49562584069726,1.3924079018601156,1.53,1700.57834815979,4378.67486620094,OM,-0.204,0.2605493351439532
GHSL_475,0,198,263,0,0,0,0,0,0,0,1,12000000.0,10.493447614267174,1.4535257127202539,6.08,2305.50152206421,4708.04527330171,OM,-0.165,0.4329637540367331
GHSL_476,0,154,69,0,0,0,0,0,0,0,0,0.0,10.483752547125976,1.3737289531642949,0.02,1118.79933357239,3786.05889434151,OM,-0.368,0.2605493351439532
GHSL_477,0,81,57,0,0,0,0,0,0,0,0,0.0,10.473771168177564,0.8987342638486834,0.06,686.749287605286,1564.22090125932,OM,-0.285,0.19869700551341984
GHSL_478,0,223,608,3,0,0,0,0,0,0,1,10186700.0,10.472797928462917,1.637241715371226,5.42,4167.2684674263,4329.62057993261,OM,-0.032,0.20628731312311854
GHSL_479,0,76,80,0,0,0,1,0,0,0,1,12000000.0,10.465632470132125,3.5308454087863916,8.26,781.94665145874,2806.5087142612,OM,-0.21,0.4617095349252686
GHSL_480,1,158,51,0,0,0,0,0,0,0,0,0.0,10.461068273214552,1.394101366223081,2.78,1048.897605896,3030.0685107767,OM,-0.427,0.4329637540367331
GHSL_481,0,68,35,0,0,0,0,0,0,0,0,0.0,10.455576896936243,1.3771397641796312,0.87,513.025339126587,3574.31731909195,OM,-0.343,0.1810073663326072
GHSL_482,0,3,1015,470,0,0,1,0,0,0,6,22945700.0,10.444164138105203,2.450175413637068,0.04,7439.20907020569,3312.10432212079,OM,0.635,0.4714279725825922
GHSL_483,1,506,444,0,0,0,0,0,0,0,1,12000000.0,10.442073463514907,1.3023128420607963,2.24,4753.4419708252,5261.09560825714,OM,-0.243,0.1810073663326072
GHSL_484,0,114,83,0,0,0,0,0,0,0,0,0.0,10.42657052082524,1.6938392382279783,0.02,983.497687339783,2079.87431341735,OM,-0.277,0.30450561040466906
GHSL_485,2,115,15,0,0,0,0,0,0,0,1,2472000.0,10.424186116604247,1.3429579591331235,0.1,662.502101421356,1569.16651213017,OM,-0.579,0.1810073663326072
GHSL_486,0,9,200,13,0,0,0,0,0,0,4,26154800.0,10.4207150375652,3.0244242496121214,15.51,1106.47397422791,2620.73418812862,OM,0.31,0.27369051823342316
GHSL_487,0,66,205,1,0,0,0,0,0,0,2,13622599.999999998,10.412816017877963,2.0105475330969855,0.07,1361.91707324982,2094.65119819163,OM,-0.01,0.17197189692892653
GHSL_488,1,117,21,0,0,0,1,0,0,0,1,3555100.0,10.412267794146826,0.7879154726092751,0.07,694.74791097641,1679.12467970594,OM,-0.53,0.1909188376638636
GHSL_489,0,135,151,0,0,0,1,0,0,0,3,10446200.0,10.407962007202698,0.9448873368669668,0.06,1431.13544607162,1765.47381532205,OM,-0.197,0.4329637540367331
GHSL_490,0,68,80,0,0,0,0,0,0,0,1,12000000.0,10.407846167672282,2.486597786681518,5.47,739.054961681366,2500.69351587388,OM,-0.186,0.4714279725825922
GHSL_491,5,155,12,0,0,0,0,0,0,0,1,4527500.0,10.401096193023442,1.6452033514078879,5.27,861.671429157257,2125.93438181401,OM,-0.659,0.30450561040466906
GHSL_492,1,138,43,0,0,0,0,0,0,0,1,3733700.0,10.399159263270846,3.25884635441539,6.81,909.092299461365,2070.28342732889,OM,-0.432,0.06468642253500578
GHSL_493,0,62,77,0,0,0,0,0,0,0,0,0.0,10.397995886583029,3.574393572919942,0.11,696.561490058899,2425.99711138238,OM,-0.178,0.06474823034904764
GHSL_494,0,227,136,0,0,0,1,0,0,0,1,1932000.0,10.386879038807379,1.5742167379219114,8.37,1819.99735879898,1890.45460180838,OM,-0.314,0.15892331117903288
GHSL_495,0,86,424,5,0,0,1,0,0,0,3,26635400.0,10.385150181670827,3.4677589336144305,0.03,2575.55841064453,2823.89142232368,OM,0.072,0.4617095349252686
GHSL_496,1,231,96,0,0,0,0,0,0,0,2,7830400.0,10.383471139812963,1.755610289123936,6.78,1642.00043821335,2025.36071419645,OM,-0.381,0.38944037788371694
GHSL_497,0,83,59,0,0,0,0,0,0,0,2,3149800.0,10.374295382526451,1.5677271181398593,7.0,713.451837062836,1760.04498979385,OM,-0.281,0.15892331117903288
GHSL_498,0,2,648,316,0,0,0,0,0,0,5,22066700.0,10.37023658938838,2.397481094735979,0.07,4830.97776937485,2874.59047441542,OM,0.645,0.5180920821988508
GHSL_499,0,114,122,0,0,0,0,0,0,0,1,12000000.0,10.36925412408099,3.2215564714024674,3.06,1178.37614440918,2847.66047875009,OM,-0.205,0.27369051823342316
GHSL_500,0,93,66,0,0,0,0,0,0,0,0,0.0,10.36086612396198,0.8952848122612731,7.04,798.029173374176,974.082983678208,OM,-0.282,0.4329637540367331
GHSL_501,0,96,95,0,0,0,1,0,0,0,0,0.0,10.353018011259005,1.108450485516443,0.1,954.351477146149,1614.2070247051,OM,-0.221,0.14919953875396905
GHSL_502,18,113,2,0,0,0,0,0,0,0,1,1036099.9999999999,10.346937551068532,0.8912453989813609,8.4,664.990668296814,894.708991207261,OM,-0.891,0.4329637540367331
GHSL_503,0,4,1157,499,0,1,0,1,0,0,9,26599000.0,10.343664315620845,2.3824308508895014,0.14,8301.26404285431,3254.51447797472,OM,0.622,0.5180920821988508
GHSL_504,0,40,136,1,0,0,0,0,0,0,1,7074000.0,10.34195531417078,1.9362416012354158,6.01,883.961689472198,2180.42487931219,OM,0.007,0.17197189692892653
GHSL_505,0,262,166,0,0,0,1,0,0,0,2,13575700.0,10.340070933493811,3.267962265166184,0.22,2142.66038131714,2727.84264017215,OM,-0.303,0.06468642253500578
GHSL_506,0,158,1034,17,0,0,0,1,0,0,11,47074600.00000001,10.330481473067278,1.694154794593257,0.26,6043.03665733337,2620.64734464174,OM,0.119,0.38944037788371694
GHSL_507,1,349,172,0,0,0,1,0,0,0,4,21611200.0,10.332924507155726,2.2614319531670506,13.03,2610.34074497223,2596.99325375989,OM,-0.351,0.5180920821988508
GHSL_508,0,0,88,73,0,0,0,0,0,0,1,4461600.0,10.330049343435046,1.3856839654713167,0.02,804.391816616058,1641.90228526468,OM,0.744,0.4329637540367331
GHSL_509,2,186,45,0,0,0,1,0,0,0,1,4307000.0,10.327250801849939,3.4606698827825477,4.3,1163.56696224213,2869.77369244043,OM,-0.476,0.4617095349252686
GHSL_510,0,85,56,0,0,0,0,0,0,0,1,840000.0,10.325465717034175,1.99143309968001,0.25,706.170524120331,2039.0282135679,OM,-0.299,0.17197189692892653
GHSL_511,0,67,227,2,0,0,0,0,0,0,2,13699400.0,10.31908356099831,3.4091916143080736,0.21,1475.59243202209,2568.93088167896,OM,0.008,0.4617095349252686
GHSL_512,0,34,175,2,0,0,0,0,0,0,2,4934000.0,10.314866073708801,1.6360117855310152,0.21,1054.62896585464,1920.64272028751,OM,0.08,0.2651857233588693
GHSL_513,1,152,37,0,0,0,0,0,0,0,1,6146200.0,10.318218778342013,3.460207675971201,4.98,949.743632316589,2555.32839904204,OM,-0.476,0.4617095349252686
GHSL_514,0,79,282,2,0,0,1,0,0,0,3,8870600.0,10.308435205791675,1.5320846603312088,0.17,1814.65272474289,1935.15894240429,OM,0.016,0.15892331117903288
GHSL_515,2,120,17,0,0,0,0,0,0,0,2,9109200.0,10.308160379717465,2.7059315336762984,0.48,694.465304851532,1826.77110914229,OM,-0.567,0.5373638823305755
GHSL_516,1,100,24,0,0,0,0,0,0,0,1,7671700.0,10.306821121858393,1.7447706874885902,0.05,620.374916553497,1882.93668825726,OM,-0.481,0.38944037788371694
GHSL_517,0,71,54,0,0,0,0,0,0,0,0,0.0,10.305411051128305,2.0579053606543134,7.45,624.16165304184,1996.83166027411,OM,-0.271,0.4329637540367331
GHSL_518,0,0,884,2931,18,0,1,0,0,0,20,63881300.0,10.284494206262309,1.3750799057279375,0.38,19164.5999503136,2729.87529634352,OM,1.0,0.4329637540367331
GHSL_519,1,221,115,0,0,0,0,0,0,0,3,5008800.0,10.299934282560482,1.6566937778322752,0.19,1681.89472913742,1971.16750245816,OM,-0.34,0.2651857233588693
GHSL_520,1,178,86,0,0,0,0,0,0,0,1,840000.0,10.300080781657158,3.2191802849472477,4.57,1321.22052764893,2606.57458895385,OM,-0.354,0.27369051823342316
GHSL_521,0,144,95,0,0,0,0,0,0,0,1,2112000.0,10.284162698507494,1.4846436847733226,0.18,1195.08634090424,1813.63870208126,OM,-0.296,0.15892331117903288
GHSL_522,1,137,39,0,0,0,0,0,0,0,1,11339500.0,10.28010834120305,2.447794863999068,5.31,881.60573387146,2371.74407571308,OM,-0.449,0.5180920821988508
GHSL_523,0,72,167,1,0,0,0,0,0,0,1,12000000.0,10.278902968633723,1.9892474854558382,0.01,1195.54125404358,2670.14466758589,OM,-0.06,0.2638901493029253
GHSL_524,0,82,71,0,0,0,0,0,0,0,1,4675800.0,10.275052282531828,1.8130105006213917,0.18,770.446456432343,2026.63735383087,OM,-0.245,0.38944037788371694
GHSL_525,0,178,119,0,0,0,0,0,0,0,0,0.0,10.272826450164882,3.155790160660463,0.2,1489.79331874847,2177.1437154363,OM,-0.294,0.35421536924944497
GHSL_526,2,138,22,0,0,0,0,0,0,0,1,8754400.0,10.272038156795999,2.8996899995042558,8.31,812.744077682495,2004.28128374195,OM,-0.545,0.4486515317278856
GHSL_527,0,103,52,0,0,0,0,0,0,0,1,6556800.0,10.2712173032187,3.255972452009423,7.28,780.461681365967,2368.82551890894,OM,-0.345,0.35421536924944497
GHSL_528,6,109,5,0,0,0,0,0,0,0,0,0.0,10.263939395562849,3.2192346227403514,6.76,599.813677787781,2366.4089548577,OM,-0.73,0.35421536924944497
GHSL_529,0,0,140,431,2,0,0,0,0,0,4,12857100.0,10.251612885009157,1.3817156266597093,0.06,2862.60866641998,1831.40730962563,OM,0.987,0.7972855993565487
GHSL_530,0,125,115,0,0,0,0,0,0,0,2,2798800.0,10.250721958078667,1.9955896934063764,0.08,1203.95872974396,2740.33051190391,OM,-0.234,0.2638901493029253
GHSL_531,0,129,79,0,0,0,0,0,0,0,1,8632400.0,10.24454776873913,3.2495131360587957,7.36,1039.75019168854,3001.51032937521,OM,-0.31,0.35421536924944497
GHSL_532,3,145,18,0,0,0,0,0,0,0,0,0.0,10.240181177324802,2.0960296716744407,0.14,829.111616611481,2282.12397947598,OM,-0.59,0.2109698724422816
GHSL_533,0,102,414,4,0,0,0,0,0,0,3,21371000.0,10.23622966076497,1.393607084588077,0.06,2594.55516242981,1624.78460080734,OM,0.039,0.7972855993565487
GHSL_534,9,283,24,0,0,0,0,0,0,0,2,7808600.0,10.236500936840395,1.7189935065413369,6.69,1579.09337997437,2076.63415785479,OM,-0.647,0.2651857233588693
GHSL_535,1,101,30,0,0,0,0,0,0,0,1,1698400.0,10.235968134039474,1.518462776321603,5.98,658.263196468353,1811.86488690929,OM,-0.445,0.15892331117903288
GHSL_536,0,43,101,0,0,0,1,0,0,0,2,9467400.0,10.224514572075126,1.115193749713169,0.17,720.872105121613,812.575289407721,OM,-0.057,2.1073422803112063e-11
GHSL_537,0,100,60,0,0,0,0,0,0,0,1,7082200.0,10.222443874667693,3.1479970677344755,0.13,804.132774353027,2572.29473615309,OM,-0.313,0.35421536924944497
GHSL_538,0,9,164,8,0,0,0,0,0,0,2,14404400.0,10.201656678867034,2.655420149152793,0.17,905.45435667038,1913.47074528821,OM,0.274,0.5373638823305755
GHSL_539,0,10,283,23,0,0,0,0,0,0,2,1405200.0,10.197796333071771,2.8796061342169192,0.16,1577.43940448761,1924.52803573185,OM,0.342,0.4486515317278856
GHSL_540,0,4,114,9,0,0,0,0,0,0,0,0.0,10.198264774758977,2.899250585501148,1.88,637.67503118515,1754.98838911559,OM,0.342,0.4486515317278856
GHSL_541,1,455,296,0,0,0,0,0,0,0,15,23760000.0,10.186207658127604,1.101716341157624,0.11,3761.29828214645,1177.5112065574,OM,-0.299,0.4329637540367331
GHSL_542,1,193,75,0,0,0,1,0,0,0,2,2317400.0,10.195628283462835,2.1305625015300684,0.25,1342.32129240036,2269.35129738015,OM,-0.393,0.2109698724422816
GHSL_543,14,183,6,0,0,0,0,0,0,0,0,0.0,10.196085710921933,3.2985110239529236,0.13,1015.73509120941,2504.2778382875,OM,-0.777,0.28386792703650054
GHSL_544,0,71,61,0,0,0,0,0,0,0,1,4036100.0,10.193249263383656,3.2667506376591753,1.98,659.813352584839,2169.01167845115,OM,-0.248,0.28386792703650054
GHSL_545,9,177,9,0,0,0,0,0,0,0,0,0.0,10.188037452666464,3.161029408661036,0.05,979.082639694214,2633.35836388976,OM,-0.722,0.35421536924944497
GHSL_546,6,178,13,0,0,0,0,0,0,0,1,3403900.0,10.182835879142363,1.4963043803442373,7.5,990.34134721756,1723.42410917429,OM,-0.668,0.37102414681030005
GHSL_547,0,241,518,2,0,0,1,0,0,0,4,24258900.0,10.180065419976215,2.387864827377603,0.18,3805.51625061035,3360.56776212251,OM,-0.075,0.05600297525107477
GHSL_548,0,2,133,20,0,0,0,0,0,0,7,12795100.0,10.171604562759816,1.1170088422112017,0.34,774.381810188293,954.499726595833,OM,0.441,0.4329637540367331
GHSL_549,1,274,148,0,0,0,1,0,0,0,2,13954800.0,10.16132925098624,3.2608664435152392,0.05,2114.93438053131,2876.53420669976,OM,-0.334,0.28386792703650054
GHSL_550,4,248,38,0,0,0,1,0,0,0,0,0.0,10.132568409184392,2.491313009743851,6.0,1452.19931459427,2684.6443789086,OM,-0.553,0.5373638823305755
GHSL_551,0,29,392,15,0,0,1,0,0,0,5,12804000.0,10.116690413042829,1.4383969752918304,0.08,2179.47114372253,1983.47399915325,OM,0.23,0.37102414681030005
GHSL_552,8,180,12,0,0,0,0,0,0,0,0,0.0,10.115520238860114,2.3240883721584025,7.98,994.681015491486,2220.30001511501,OM,-0.69,0.4351525018341983
GHSL_553,0,197,110,0,0,0,1,0,0,0,0,0.0,10.113506939535863,2.3998665745073398,0.03,1537.9848818779,2562.64958367444,OM,-0.328,0.4351525018341983
GHSL_554,0,4,174,21,0,0,0,0,0,0,1,12000000.0,10.113333175171505,2.3780220633494453,2.32,994.432619094849,2262.36619093237,OM,0.401,0.4351525018341983
GHSL_555,0,131,67,0,0,0,0,0,0,0,1,6589200.0,10.083175699646398,3.207747242492538,0.1,993.086991786957,1753.48324941063,OM,-0.344,0.4705021458662896
GHSL_556,0,29,366,13,0,0,1,0,0,0,3,35680800.0,10.04000882014899,2.6466888138257345,0.74,2040.1738615036,2098.49092428961,OM,0.222,0.40355869435942765
GHSL_557,0,83,175,1,0,0,1,0,0,0,1,5004000.0,10.041619714675278,3.3817286993761426,16.28,1291.7767457962,1776.75181391526,OM,-0.078,0.21663157141913902
GHSL_558,1,142,31,0,0,0,0,0,0,0,1,605800.0,10.039401213314916,1.6714434181919688,16.65,870.485037326813,1745.20743831385,OM,-0.497,0.30124989688137477
GHSL_559,0,53,69,0,0,0,0,0,0,0,0,0.0,10.008951316731501,2.927510059348173,11.89,610.054384231567,1803.82727448719,OM,-0.17,0.19386128589305407
GHSL_560,1,217,90,0,0,0,0,0,0,0,0,0.0,10.004914983660008,1.4731874499128255,0.38,1535.73612117767,3131.66280139822,OM,-0.382,0.4329637540367331
GHSL_561,0,61,311,4,0,0,1,0,0,0,1,1572600.0,9.991596112105963,1.5264187221248817,0.14,1879.22917366028,2267.71616538465,OM,0.077,0.30124989688137477
GHSL_562,0,82,51,0,0,0,0,0,0,0,0,0.0,9.981608964160019,2.83651260238195,10.37,662.158744335175,1666.09317904742,OM,-0.307,0.40355869435942765
GHSL_563,3,123,12,0,0,0,0,0,0,0,1,5770000.0,9.980726053427121,1.8810132940266102,16.37,691.807757377625,1902.61973712796,OM,-0.625,0.3188190981016333
GHSL_564,0,65,777,26,0,0,0,0,0,0,5,50264800.0,9.964878701947393,2.7286345844433706,0.44,4342.01757383347,2302.61717412078,OM,0.213,0.40355869435942765
GHSL_565,0,90,69,0,0,0,0,0,0,0,7,8341400.0,9.964092694672,1.53525242804583,0.5,795.27415895462,1844.08833489765,OM,-0.266,0.30124989688137477
GHSL_566,0,0,1244,2874,10,1,3,1,0,0,17,99531100.0,9.933417777862207,3.205958568800228,0.0,20641.5969386101,2544.994901617,OM,0.935,0.4705021458662896
GHSL_567,0,31,187,3,0,0,0,0,0,0,1,3571300.0,9.943483584238436,1.3942498576247428,0.04,1102.87016820908,2248.43359349137,OM,0.104,0.1675843080684424
GHSL_568,5,114,7,0,0,0,0,0,0,0,1,7783300.0,9.926283479159636,2.5765977777940714,10.15,631.99097442627,2197.67910097739,OM,-0.692,0.24580581948773245
GHSL_569,0,117,164,0,0,0,1,0,0,0,0,0.0,9.917509431427293,3.0439091880758413,0.02,1404.57950210571,2075.81505986302,OM,-0.155,0.12969271547074895
GHSL_570,0,11,317,25,0,0,0,0,0,0,3,16717500.0,9.903299368458175,2.9459693157770483,0.25,1766.53252124786,2047.64084733315,OM,0.337,0.23655778053796633
GHSL_571,0,122,278,1,0,0,0,0,0,0,4,11345200.0,9.906645144303065,1.773605751553535,3.68,2004.11980485916,2300.48165447908,OM,-0.064,0.3188190981016333
GHSL_572,0,65,84,0,0,0,0,0,0,0,0,0.0,9.90274135590541,2.901938611470772,0.47,742.132282733917,1827.98406521911,OM,-0.169,0.23655778053796633
GHSL_573,1,158,43,0,0,0,1,0,0,0,1,7705200.0,9.895050033111628,2.471257038029435,16.47,1008.38125562668,2709.59515366484,OM,-0.458,0.24580581948773245
GHSL_574,0,149,1080,20,0,0,1,0,0,0,5,11549100.0,9.890901597946216,1.78004598619127,1.83,6245.10752868652,2655.99616585656,OM,0.136,0.3188190981016333
GHSL_575,1,108,23,0,0,0,0,0,0,0,1,6698500.0,9.894587889706788,1.8646177683138088,9.79,664.08935880661,2013.23389419397,OM,-0.498,0.3188190981016333
GHSL_576,0,9,1788,618,0,0,1,1,0,0,13,31400900.0,9.859386438489922,2.718177233524414,0.7,12077.4023451805,2884.35898055637,OM,0.582,0.3892972327779674
GHSL_577,0,70,115,0,0,0,0,0,0,0,1,8597400.0,9.860353622975294,2.973146481609213,0.25,927.417974948883,2332.69858604302,OM,-0.125,0.23655778053796633
GHSL_578,0,115,98,0,0,0,0,0,0,0,0,0.0,9.856704622381116,1.496546771518009,0.14,1066.04051065445,2333.78542830658,OM,-0.249,0.4329637540367331
GHSL_579,0,93,45,0,0,0,0,0,0,0,1,9360400.0,9.847512653513013,1.752656370161375,0.41,692.862864017487,1780.61664195451,OM,-0.355,0.253144227664784
GHSL_580,0,57,1180,69,0,0,1,0,0,0,12,32671300.0,9.835556580014728,1.5499267029545807,0.12,6535.02495574951,3273.400846452,OM,0.294,0.4329637540367331
GHSL_581,1,260,82,0,0,0,0,0,0,0,1,4806200.0,9.835297982692593,1.38017284202862,3.51,1716.86986160278,2899.42183288121,OM,-0.43,0.4329637540367331
GHSL_582,0,33,95,0,0,0,0,0,0,0,0,0.0,9.831738786312744,3.0262696755532614,4.46,643.237754821777,2172.41130896183,OM,-0.022,0.18243172745841546
GHSL_583,0,103,63,0,0,0,0,0,0,0,0,0.0,9.830726655745092,3.0381515793109575,5.7,835.192750930786,2243.70530408449,OM,-0.31,0.18243172745841546
GHSL_584,1,149,47,0,0,0,0,0,0,0,0,0.0,9.824255999671344,1.364463614940963,3.88,986.072695732117,2649.02400529797,OM,-0.43,0.4329637540367331
GHSL_585,0,0,69,169,1,0,0,0,0,0,1,10486300.0,9.817370173534126,2.9895985800050004,0.22,1197.13424968719,2358.42050765799,OM,0.945,0.5164206134538009
GHSL_586,17,346,19,0,0,0,0,0,0,0,3,12261200.0,9.8152491106768,1.7226643634226668,1.15,1910.32945346832,2034.29967570584,OM,-0.713,0.253144227664784
GHSL_587,0,3,112,12,0,0,0,0,0,0,0,0.0,9.80720691564964,1.395361335180813,0.07,635.224015235901,2346.42440616098,OM,0.386,0.6915504320004435
GHSL_588,1,132,30,0,0,0,0,0,0,0,1,4110000.0,9.80348617933102,1.5661923579230868,0.09,815.763143539429,1854.32583565351,OM,-0.486,0.18127396084486708
GHSL_589,0,69,345,4,0,0,0,0,0,0,2,2475200.0,9.802448093383896,2.445740478633851,5.87,2092.68857526779,2748.44766414882,OM,0.074,0.24580581948773245
GHSL_590,0,0,437,1066,4,0,4,0,0,0,10,21818899.999999996,9.795988037498581,2.991391496465711,0.17,7533.36102867126,3091.62909528346,OM,0.945,0.5164206134538009
GHSL_591,0,172,93,0,0,0,0,0,0,0,1,900000.0,9.794540656928252,1.6752538423819723,3.7,1325.0940079689,2175.16646306731,OM,-0.334,0.050204573372049976
GHSL_592,0,238,269,0,0,0,1,0,0,0,2,12988100.0,9.79440579107885,1.5752182628665339,0.27,2541.01822662354,2657.71031335188,OM,-0.195,0.18127396084486708
GHSL_593,0,42,444,13,0,0,1,0,0,0,5,25961000.0,9.786524205477207,2.636266226198206,0.09,2495.87923431396,2979.65977505103,OM,0.195,0.33731863937309925
GHSL_594,2,101,12,0,0,0,0,0,0,0,0,0.0,9.770298013105688,1.3916292653031181,0.06,575.795829772949,2346.65271396529,OM,-0.592,0.6915504320004435
GHSL_595,1,202,91,0,0,0,0,0,0,0,3,24972000.0,9.769538810404498,2.276128114942541,17.86,1470.55392837524,2633.38854033355,OM,-0.367,0.24580581948773245
GHSL_596,0,76,109,0,0,0,0,0,0,0,0,0.0,9.768177422170277,2.993028916574209,0.04,929.330791950226,2387.71696592109,OM,-0.15,0.5164206134538009
GHSL_597,1,446,216,0,0,0,1,0,0,0,5,25158800.0,9.747975570391452,2.438499307473825,0.15,3317.17279624939,2512.8726283486,OM,-0.354,0.24580581948773245
GHSL_598,0,113,332,2,0,0,1,0,0,0,3,9067200.0,9.745888170773231,1.949670857204812,19.9,2231.10118150711,2535.20396785983,OM,-0.018,0.19436532128806583
GHSL_599,1,411,315,0,0,0,0,0,0,0,4,13876000.0,9.74119842858106,2.0218542590145128,25.47,3637.1401143074,2498.95573803777,OM,-0.268,0.19436532128806583
GHSL_600,0,47,80,0,0,0,0,0,0,0,1,7336000.0,9.739199498288256,2.523590515924027,0.0,637.311501026154,2151.84353927188,OM,-0.12,0.33731863937309925
GHSL_601,0,6,213,21,0,0,0,0,0,0,3,9875000.0,9.736328381314303,2.6977073873598396,0.37,1199.04020118713,2778.37298276293,OM,0.373,0.33731863937309925
GHSL_602,0,91,56,0,0,0,0,0,0,0,1,5396600.0,9.734529193368537,2.002922796315688,24.04,738.724254608154,1939.97808400471,OM,-0.309,0.19436532128806583
GHSL_603,1,102,30,0,0,0,0,0,0,0,2,6146200.0,9.726497568592682,1.848037840768386,8.59,665.347706794739,1965.6928231941,OM,-0.441,0.19436532128806583
GHSL_604,0,2,238,57,0,0,0,0,0,0,2,8612000.0,9.717014942028596,2.8493176608158968,0.05,1485.19330787659,2340.07151009756,OM,0.519,0.7353910719901472
GHSL_605,0,127,203,0,0,0,1,0,0,0,7,14786400.000000002,9.715992173067923,1.7722429900398775,0.19,1649.32655572891,2051.54504808537,OM,-0.13,0.19436532128806583
GHSL_606,0,89,1168,43,0,0,1,0,0,0,15,27594100.0,9.712129416131942,1.4170245904629335,0.05,6499.88689041138,2752.87391440337,OM,0.228,0.47446864225256585
GHSL_607,1,99,24,0,0,0,0,0,0,0,1,3877900.0,9.71383523995695,3.22982521539828,4.41,617.591425418854,1824.40291448614,OM,-0.48,0.22776005099953286
GHSL_608,3,154,22,0,0,0,0,0,0,0,2,6099400.0,9.710166333544114,1.9321181513585588,17.72,891.613869190216,2341.207791275,OM,-0.569,0.19436532128806583
GHSL_609,0,141,61,0,0,0,0,0,0,0,2,6920000.0,9.702231495234011,1.4942551220942877,0.32,1012.97219848633,2028.71562251301,OM,-0.374,0.2834101012307319
GHSL_610,1,110,35,0,0,0,0,0,0,0,0,0.0,9.69742268186835,3.000011839386181,0.05,725.332837104797,2142.65874129977,OM,-0.43,0.05482320310935927
GHSL_611,0,109,57,0,0,0,0,0,0,0,1,6956600.0,9.698089952365843,2.936521201720288,0.03,831.054630279541,2283.68803816213,OM,-0.338,0.05482320310935927
GHSL_612,0,171,117,0,0,0,0,0,0,0,1,7077800.0,9.68773122640574,1.5942648795180647,0.15,1441.78238105774,2129.53796091478,OM,-0.29,0.2834101012307319
GHSL_613,0,144,422,2,0,0,1,0,0,0,5,5058400.0,9.680548725616976,1.572332849063868,0.05,2842.64327096939,2544.39180332967,OM,-0.019,0.2834101012307319
GHSL_614,0,53,138,1,0,0,0,0,0,0,2,1969000.0,9.679046549683003,1.5518538397704789,0.11,956.802516937256,2093.41167130463,OM,-0.04,0.2834101012307319
GHSL_615,0,45,245,3,0,0,0,0,0,0,1,3638400.0,9.674848391486298,2.679329078738515,0.66,1469.83359766006,2019.26847174911,OM,0.087,0.4329637540367331
GHSL_616,1,116,21,0,0,0,0,0,0,0,1,4597300.0,9.674887380785798,3.1941167923596754,0.03,692.533785820007,2153.18682786541,OM,-0.529,0.22776005099953286
GHSL_617,0,33,86,0,0,0,0,0,0,0,1,5357300.0,9.668395265215077,1.5581369569406378,0.48,594.180795192719,2127.30135186715,OM,-0.04,0.2834101012307319
GHSL_618,13,139,4,0,0,0,0,0,0,0,0,0.0,9.66788155145432,1.6058211939025897,0.4,779.206071853638,2140.95834575339,OM,-0.806,0.2834101012307319
GHSL_619,0,40,187,2,0,0,0,0,0,0,0,0.0,9.662534328921902,1.6832412446201146,0.14,1144.97568845749,2049.63569137289,OM,0.061,0.3398484953695452
GHSL_620,0,53,144,1,0,0,0,0,0,0,2,8824600.0,9.638313213925823,2.6623974297905075,0.37,984.895838737488,2281.35654016536,OM,-0.032,0.3234988044907387
GHSL_621,2,102,16,0,0,0,0,0,0,0,1,2894200.0,9.635568304670736,1.4738750677807215,6.72,595.266530990601,2344.03044296358,OM,-0.555,0.4329637540367331
GHSL_622,2,106,16,0,0,0,0,0,0,0,2,3858600.0,9.623149200413629,1.4792688068367967,7.85,617.778721809387,1972.44208045653,OM,-0.555,0.4037579720575187
GHSL_623,1,146,53,0,0,0,0,0,0,0,2,4752000.0,9.614996625174712,2.9849441303600934,0.02,997.141080379486,2222.56144697809,OM,-0.405,0.4329637540367331
GHSL_624,0,141,108,0,0,0,0,0,0,0,2,3539200.0,9.611851429176857,3.0517639740703113,0.14,1245.30682849884,2163.41827681255,OM,-0.269,0.08289149282554255
GHSL_625,0,67,67,0,0,0,0,0,0,0,1,6086800.0,9.610706474706586,2.8797406970892467,0.09,666.160181999207,2185.99521559102,OM,-0.218,0.21070208084200392
GHSL_626,0,1,166,52,0,0,0,0,0,0,2,4465100.0,9.60529740319906,1.7769131346560498,0.0,1098.3978843689,2127.17338388329,OM,0.565,0.3398484953695452
GHSL_627,1,167,61,0,0,0,0,0,0,0,2,6167200.0,9.604893251128761,3.1430450430783328,8.82,1141.32304143906,2451.42681939334,OM,-0.406,0.08289149282554255
GHSL_628,0,88,289,2,0,0,0,0,0,0,1,6364300.0,9.58940595864568,2.648845621584684,0.07,1896.55485010147,2765.68124364046,OM,0.001,0.3234988044907387
GHSL_629,0,83,61,0,0,0,0,0,0,0,0,0.0,9.577566021870165,1.38411103886319,0.3,719.573194503784,2073.06469638607,OM,-0.275,0.24093484841912532
GHSL_630,0,177,434,2,0,0,1,0,0,0,5,8256400.0,9.56534988363444,2.9490661907144813,0.29,3065.08045339584,2604.45116833849,OM,-0.051,0.21070208084200392
GHSL_631,0,53,74,0,0,0,0,0,0,0,0,0.0,9.556530526141731,1.6301113573280817,0.07,635.536857128143,1876.51132965674,OM,-0.155,0.10555725223663935
GHSL_632,2,111,15,0,0,0,0,0,0,0,1,2505200.0,9.545970579019988,2.6282820195923953,0.33,640.029108524323,2043.00035599042,OM,-0.575,0.3234988044907387
GHSL_633,0,43,1452,134,0,0,1,0,0,0,4,21300199.999999996,9.535254122895715,1.9123693213581543,0.07,8148.0412530899,2324.46664290003,OM,0.362,0.3632329439835921
GHSL_634,0,143,171,0,0,0,0,0,0,0,2,5439700.000000001,9.540649419953903,2.8896511675874312,7.05,1571.11350011826,2409.8348210827,OM,-0.184,0.21070208084200392
GHSL_635,0,167,78,0,0,0,1,0,0,0,3,7964400.0,9.519519328116422,3.151566390839857,5.55,1229.41357040405,2380.31245560684,OM,-0.359,0.08289149282554255
GHSL_636,8,254,22,0,0,0,0,0,0,0,1,4634800.0,9.51599905542452,2.8364756220931517,11.49,1419.72601890564,2429.95306096739,OM,-0.648,0.21070208084200392
GHSL_637,0,212,388,1,0,0,1,0,0,0,3,4892800.0,9.49876548407589,1.9857885810178821,0.17,3005.55869197845,2164.21556331041,OM,-0.105,0.23336494887089415
GHSL_638,0,131,269,1,0,0,0,0,0,0,3,9065000.0,9.488083719784742,2.627687869116089,0.15,2002.8631105423,2489.68481550871,OM,-0.084,0.3234988044907387
GHSL_639,0,131,90,0,0,0,0,0,0,0,2,4829000.0,9.483339392900268,2.7752883505692987,5.35,1106.85451889038,2042.22299387852,OM,-0.289,0.3572384377162481
GHSL_640,0,117,117,0,0,0,0,0,0,0,3,6210799.999999999,9.475354084761449,1.637839155613172,0.09,1173.98546361923,2310.35829420875,OM,-0.218,0.10555725223663935
GHSL_641,0,61,70,0,0,0,0,0,0,0,0,0.0,9.476068444830064,2.0101603494663625,0.21,657.263018131256,2097.51627758871,OM,-0.193,0.23336494887089415
GHSL_642,1,169,59,0,0,0,0,0,0,0,2,8043600.0,9.4612928498004,2.9387098844174115,4.58,1145.22317504883,2331.47091226996,OM,-0.414,0.21070208084200392
GHSL_643,0,50,224,2,0,0,0,0,0,0,1,6644900.0,9.457101817830633,2.0328321251621637,0.03,1381.09567642212,2717.94323694675,OM,0.056,0.23336494887089415
GHSL_644,0,17,325,18,0,0,0,0,0,0,5,9774600.0,9.447256822883558,2.6257873045451467,0.17,1798.71680355072,2308.56885155416,OM,0.286,0.3234988044907387
GHSL_645,0,174,105,0,0,0,1,0,0,0,2,5380000.0,9.445770575312322,2.7430262980123947,0.08,1398.06594610214,2579.38132103507,OM,-0.312,0.3572384377162481
GHSL_646,1,666,489,0,0,0,2,0,0,0,4,27155100.0,9.43731942998716,1.6217471465750302,0.12,5779.15098047256,2655.15521093862,OM,-0.276,0.0784888488341967
GHSL_647,2,270,81,0,0,0,0,0,0,0,0,0.0,9.432993524070314,2.066208502671442,0.15,1763.65652751923,2002.26655033562,OM,-0.439,0.23336494887089415
GHSL_648,47,106,0,0,0,0,0,0,0,0,2,2376200.0,9.427377323721162,2.717522162336057,0.08,769.554594039917,2216.01230754144,OM,-1.07,0.3572384377162481
GHSL_649,0,0,66,82,0,0,0,0,0,0,0,0.0,9.380071304952708,2.6570834156309004,1.32,741.989768981934,1684.45685502105,OM,0.821,0.4329637540367331
GHSL_650,0,29,376,14,0,0,1,0,0,0,3,13098800.0,9.376960001177219,1.565964692587733,0.13,2092.18421459198,2940.26147274452,OM,0.227,0.2841322629641746
GHSL_651,0,39,327,7,0,0,0,0,0,0,0,0.0,9.347715016116835,1.4248714573372687,0.14,1868.6950340271,2535.32262330964,OM,0.158,0.3083007189958099
GHSL_652,0,17,853,111,0,0,0,0,0,0,21,41875800.0,9.346929948133473,1.4411493912238869,0.1,4902.12580299377,3593.95495207727,OM,0.416,0.3083007189958099
GHSL_653,1,159,48,0,0,0,0,0,0,0,0,0.0,9.343453815687527,2.660505833506282,0.35,1039.66978311539,2045.30567972023,OM,-0.441,0.4205570092453501
GHSL_654,27,118,1,0,0,0,0,0,0,0,1,2958200.0,9.340611956065569,2.432921488130911,1.5,730.176163196564,2004.3485605018,OM,-0.949,0.3878614441838089
GHSL_655,0,157,112,0,0,0,0,0,0,0,3,8363799.999999999,9.336299264388627,2.1372137883284505,1.3,1342.32758235931,2296.27277298674,OM,-0.282,0.2033589284897228
GHSL_656,0,7,158,10,0,0,0,0,0,0,0,0.0,9.331160331324416,2.5817277500252476,0.24,876.94104385376,1725.1751728316,OM,0.311,0.49014196199128557
GHSL_657,0,118,131,0,0,0,0,0,0,0,0,0.0,9.325816080374599,1.4740948255563004,0.14,1245.943816185,2883.6485960326,OM,-0.198,0.3083007189958099
GHSL_658,0,251,282,0,0,0,0,0,0,0,3,13737599.999999998,9.319215617336253,1.5631374133561684,0.03,2669.71307563782,2461.82222441154,OM,-0.196,0.2841322629641746
GHSL_659,0,147,164,0,0,0,0,0,0,0,0,0.0,9.315332264898505,2.4916497419485615,0.0,1554.54935264587,2738.48832344881,OM,-0.197,0.3878614441838089
GHSL_660,1,118,27,0,0,0,0,0,0,0,0,0.0,9.312807603287855,2.6941281044108756,0.0,728.342111110687,1719.21291854954,OM,-0.489,0.4205570092453501
GHSL_661,0,0,98,85,0,0,0,0,0,0,0,0.0,9.297566329301933,2.6025394273728075,0.94,916.587995529175,2041.08499034486,OM,0.752,0.49014196199128557
GHSL_662,0,98,36,0,0,0,0,0,0,0,2,3149800.0,9.29767040448997,2.1797777386622617,0.04,674.421876430511,2274.18818239622,OM,-0.404,0.2033589284897228
GHSL_663,1,245,140,0,0,0,0,0,0,0,1,4896000.0,9.289141006178783,2.781338165617721,0.02,1926.78973007202,2297.00490097722,OM,-0.323,0.2562629431563552
GHSL_664,0,2,149,32,0,0,0,0,0,0,3,14496199.999999998,9.288561971796618,2.741587696091201,0.07,911.528217792511,2390.674214282,OM,0.499,0.4329637540367331
GHSL_665,0,93,40,0,0,0,0,0,0,0,0,0.0,9.281011998545605,1.658984837981479,10.45,665.277417182922,2066.01099885356,OM,-0.377,0.2841322629641746
GHSL_666,13,184,7,0,0,0,0,0,0,0,0,0.0,9.280695375360976,2.8314151077900953,5.29,1020.59944438934,2361.5674596458,OM,-0.767,0.2562629431563552
GHSL_667,2,236,65,0,0,0,1,0,0,0,3,18218400.0,9.28011162483082,2.8987730496142987,12.68,1511.54056072235,2787.10624131905,OM,-0.456,0.2562629431563552
GHSL_668,0,85,161,0,0,0,0,0,0,0,0,0.0,9.274446885616703,2.582061744555118,0.08,1233.23719453812,2553.19096708221,OM,-0.099,0.49014196199128557
GHSL_669,0,16,110,2,0,0,0,0,0,0,1,4806200.0,9.266444530233207,2.4073115041197273,0.14,634.976770877838,2341.63607386505,OM,0.131,0.3878614441838089
GHSL_670,3,294,58,0,0,0,0,0,0,0,0,0.0,9.247026390110355,1.5094661218762464,0.27,1773.94163227081,2990.56210976569,OM,-0.512,0.2841322629641746
GHSL_671,1,132,33,0,0,0,0,0,0,0,1,8131100.0,9.241170841533258,3.0653793002927494,22.44,829.639501094818,2225.09360475577,OM,-0.472,0.2562629431563552
GHSL_672,0,271,271,0,0,0,1,0,0,0,0,0.0,9.237612193967706,1.5527933681024937,0.2,2716.15566730499,3082.00158324217,OM,-0.218,0.2841322629641746
GHSL_673,2,127,23,0,0,0,0,0,0,0,2,9829000.0,9.235003712642735,2.3482291586293114,0.05,757.101546764374,1985.40334202785,OM,-0.528,0.3878614441838089
GHSL_674,1,251,102,0,0,0,0,0,0,0,3,14808000.0,9.220463285376788,2.561883753527398,0.19,1769.18012285233,2676.31816481707,OM,-0.386,0.5480490616763962
GHSL_675,2,120,19,0,0,0,0,0,0,0,0,0.0,9.217260671700815,1.775277245224529,20.88,704.63036775589,2131.85195599694,OM,-0.549,0.2841322629641746
GHSL_676,0,229,161,0,0,0,0,0,0,0,0,0.0,9.21182817714637,2.323574643841462,0.17,1950.98321628571,2423.20536101314,OM,-0.284,0.2033589284897228
GHSL_677,0,54,376,7,0,0,1,0,0,0,3,29307600.0,9.201193858541586,2.275829820124006,0.1,2181.8738079071,2860.45112500622,OM,0.128,0.2033589284897228
GHSL_678,0,99,42,0,0,0,0,0,0,0,0,0.0,9.200508337539711,2.287484988012789,0.17,703.39883518219,1976.02503016424,OM,-0.378,0.2033589284897228
GHSL_679,1,115,26,0,0,0,0,0,0,0,1,7144200.0,9.19761014206495,2.8699488340508297,13.68,709.902224063873,2393.00387756391,OM,-0.487,0.2562629431563552
GHSL_680,0,402,618,1,0,0,0,0,0,0,2,15569000.0,9.187398901316357,3.055212975337097,27.86,5108.29427671432,2702.58957325793,OM,-0.137,0.2562629431563552
GHSL_681,1,170,42,0,0,0,0,0,0,0,0,0.0,9.187472713836074,1.5715138154784642,0.01,1066.88990020752,2208.27827634584,OM,-0.475,0.2841322629641746
GHSL_682,1,114,22,0,0,0,0,0,0,0,1,9355900.0,9.154997250171563,2.056931324740227,16.75,686.390373706818,2188.6610643305,OM,-0.514,0.2033589284897228
GHSL_683,0,8,762,164,0,0,0,0,0,0,5,17572399.999999996,9.125604538413087,2.557539522268617,0.19,4667.60547161102,3850.489289085,OM,0.499,0.5480490616763962
GHSL_684,0,155,202,0,0,0,0,0,0,0,3,6323100.0,9.12579065020948,1.6001782605241208,0.04,1787.62791347504,2243.40193800376,OM,-0.168,0.4124330248658563
GHSL_685,2,180,31,0,0,0,0,0,0,0,1,12000000.0,9.101439418877241,1.9374560955797238,27.53,1066.6994805336,2467.05308904153,OM,-0.536,0.4124330248658563
GHSL_686,0,77,60,0,0,0,0,0,0,0,1,4761400.0,9.094516552215131,2.8901617726337956,24.31,686.69402217865,2454.45975029363,OM,-0.264,0.2562629431563552
GHSL_687,1,285,100,0,0,0,0,0,0,0,2,13262200.0,9.078741859409318,2.5042379544777553,0.02,1931.44147872925,3120.4272258929,OM,-0.413,0.5480490616763962
GHSL_688,0,106,41,0,0,0,0,0,0,0,1,8507300.0,9.049912731910041,1.8231044150308595,13.9,736.95259809494,1931.44526502061,OM,-0.394,0.4124330248658563
GHSL_689,0,90,199,1,0,0,0,0,0,0,3,26532000.0,9.02720145611179,2.4040472945119453,9.79,1449.39848041534,2848.99650197614,OM,-0.07,0.19547612941360543
GHSL_690,0,214,133,0,0,0,0,0,0,0,1,9344600.0,9.01214598601939,1.728597339309924,4.19,1738.12041473389,2928.10042913391,OM,-0.307,0.4124330248658563
GHSL_691,0,7,138,7,0,0,0,0,0,0,0,0.0,9.009770214979474,1.6841219194949155,1.6,764.217978477478,2310.7703751738,OM,0.28,0.4124330248658563
GHSL_692,0,100,163,0,0,0,0,0,0,0,1,1520900.0,9.000938026465226,2.588427672222566,0.27,1316.15295791626,2928.42861764921,OM,-0.127,0.5480490616763962
GHSL_693,0,2,1105,656,0,0,0,1,0,0,11,17599000.0,8.975343012771754,1.7211859496042008,0.17,8814.7564907074,3430.2412747197,OM,0.681,0.461302865082511
GHSL_694,0,1,570,338,0,0,0,0,0,0,4,26793000.0,8.973442602433288,1.7354801345496955,1.47,4549.16238975525,3173.93239587777,OM,0.681,0.461302865082511
GHSL_695,0,154,256,1,0,0,1,0,0,0,4,15310200.0,8.97542300391111,2.4978533611149607,0.12,2052.16395282745,3314.68399601923,OM,-0.123,0.4329637540367331
GHSL_696,6,127,7,0,0,0,0,0,0,0,1,3206400.0,8.972294457958812,2.7824750086266032,21.41,699.40176486969,1874.24768967449,OM,-0.712,0.5480490616763962
GHSL_697,0,51,299,4,0,0,0,0,0,0,3,10428400.0,8.939699646326146,2.589554564051719,0.29,1767.49886417389,2706.58303308065,OM,0.102,0.3355740997300006
GHSL_698,0,74,85,0,0,0,0,0,0,0,2,24000000.0,8.853707392559977,2.286967950823988,26.91,797.5157995224,2611.48375025345,OM,-0.192,0.19547612941360543
GHSL_699,0,120,184,0,0,0,1,0,0,0,0,0.0,8.833176673569493,1.6504502115040405,7.46,1525.70493888855,2366.22642449029,OM,-0.138,0.4124330248658563
GHSL_700,3,255,49,0,0,0,0,0,0,0,2,24000000.0,8.827223315827963,2.2858878059975285,28.59,1537.73258781433,3020.84823945924,OM,-0.516,0.19547612941360543
GHSL_701,0,151,319,1,0,0,0,0,0,0,3,8435800.0,8.81943728174798,2.6074283177834596,0.46,2353.91221618652,3117.40974912363,OM,-0.078,0.3355740997300006
GHSL_702,1,137,53,0,0,0,0,0,0,0,3,7545600.0,8.795434332355175,1.6504477386468959,11.61,954.162714958191,2498.95296263522,OM,-0.395,0.4124330248658563
GHSL_703,1,338,131,0,0,0,1,0,0,0,0,0.0,8.7770584922956,1.647512259164629,13.58,2350.59205627441,2388.18204160935,OM,-0.395,0.4124330248658563
GHSL_704,7,131,7,0,0,0,0,0,0,0,3,25319600.0,8.765054835017349,1.6479817698601964,14.92,723.415126800537,2079.29553221509,OM,-0.716,0.4124330248658563
GHSL_705,0,104,58,0,0,0,0,0,0,0,0,0.0,8.75085492064434,1.6460621079678697,16.48,812.739135742188,2588.48958138424,OM,-0.326,0.4124330248658563
GHSL_706,0,205,185,0,0,0,0,0,0,0,1,3444000.0,8.750395284088876,2.599577634151248,0.23,1952.67443180084,2528.63077881455,OM,-0.238,0.14129862080880937
GHSL_707,1,603,543,0,0,0,1,0,0,0,3,8638500.0,8.682983976854905,2.5921890544633928,0.49,5736.72793006897,3818.67736018667,OM,-0.238,0.14129862080880937
GHSL_708,1,194,62,0,0,0,0,0,0,0,2,9684400.0,8.66898937917277,2.6230930691584713,3.04,1282.46376419067,2360.8030531903,OM,-0.43,0.14129862080880937
GHSL_709,0,5,278,37,0,0,0,0,0,0,0,0.0,8.663042838904955,1.63494590595205,21.25,1601.92419815063,2301.56231774935,OM,0.42,0.4124330248658563
GHSL_710,0,132,649,7,0,0,1,0,0,0,1,1284700.0,8.591921961006237,2.553430033202323,0.44,3939.94066810608,3900.19379315999,OM,0.071,0.268700566567057
GHSL_711,0,96,142,0,0,0,0,0,0,0,2,5642200.0,8.583714115028586,1.6893217266304892,10.77,1190.77242231369,2377.3716718648,OM,-0.143,0.7474118677141807
GHSL_712,0,97,93,0,0,0,0,0,0,0,1,5908000.0,8.55749404288346,2.604175454326256,0.16,945.873279571533,2532.05182453028,OM,-0.226,0.6307969565611344
GHSL_713,1,92,27,0,0,0,0,0,0,0,0,0.0,8.545562470135826,2.635188744712918,2.55,597.044216156006,2268.22410125334,OM,-0.447,0.6307969565611344
GHSL_714,0,0,558,1148,3,0,0,0,0,0,8,18608200.0,8.495914148950192,1.7274674657626485,0.82,8547.63534450531,3916.54280453716,OM,0.914,0.7474118677141807
GHSL_715,0,155,326,1,0,0,0,0,0,0,4,10038400.0,8.495004930359642,2.351704023080874,2.27,2408.26810741425,2893.80173826776,OM,-0.079,0.061045989815390195
GHSL_716,0,123,258,1,0,0,1,0,0,0,0,0.0,8.495283558115181,2.3729081677562256,0.11,1905.76880168915,3803.71716089549,OM,-0.079,0.061045989815390195
GHSL_717,0,9,361,38,0,0,0,0,0,0,3,13485000.0,8.488822082073929,2.6093382236212253,0.28,2040.80508804321,2700.23483839809,OM,0.382,0.6307969565611344
GHSL_718,3,160,19,0,0,0,0,0,0,0,2,13794400.0,8.490610782669963,1.8968569709976115,6.63,914.548394203186,2834.08655267864,OM,-0.595,0.5996265504461923
GHSL_719,0,99,43,0,0,0,0,0,0,0,0,0.0,8.475419054330953,2.457697180059719,0.05,713.984069824219,2712.1695934854,OM,-0.373,0.4329637540367331
GHSL_720,0,104,121,0,0,0,0,0,0,0,1,5366200.0,8.460162443661638,2.5921270199700333,0.14,1127.06734752655,2823.85260602357,OM,-0.189,0.2690893284146858
GHSL_721,0,61,942,42,0,0,1,0,0,0,4,21400900.0,8.442736840190022,1.8842871834743213,1.39,5220.68295669556,4181.66137354857,OM,0.253,0.5996265504461923
GHSL_722,0,16,161,4,0,0,0,0,0,0,1,3316800.0,8.424549550736998,2.5984254742022075,0.15,907.828099250793,2485.55231668536,OM,0.187,0.2690893284146858
GHSL_723,0,148,222,0,0,0,1,0,0,0,2,14698800.0,8.40022720857935,2.6151782504559264,0.01,1849.57996368408,3067.14507973133,OM,-0.142,0.2690893284146858
GHSL_724,0,14,229,10,0,0,0,0,0,0,1,5880000.0,8.400363144354136,1.9002591279612442,1.06,1267.37589263916,2815.4790302222,OM,0.256,0.131
GHSL_725,4,576,157,0,0,0,1,0,0,0,2,7868400.0,8.378776507308705,1.8433512505173064,0.08,3686.38905715942,3417.3163985689,OM,-0.457,0.4329637540367331
GHSL_726,0,391,387,0,0,0,1,0,0,0,4,20309000.0,8.379286359813213,1.7890368980668965,0.01,3892.71628379822,3273.50086094236,OM,-0.22,0.0756604255869606
GHSL_727,0,117,58,0,0,0,0,0,0,0,2,9005800.0,8.372616775721115,1.9786281064883398,5.72,875.042256355286,2861.63519463178,OM,-0.348,0.27770547948021
GHSL_728,2,115,16,0,0,0,0,0,0,0,1,8458000.0,8.339929678184337,2.586421584891038,3.12,667.07493019104,2804.48553851442,OM,-0.571,0.2690893284146858
GHSL_729,0,173,113,0,0,0,0,0,0,0,2,8320600.0,8.314454419425282,2.646423487851921,2.42,1430.00642681122,2671.67075227038,OM,-0.299,0.10776270225281584
GHSL_730,1,397,256,0,0,0,0,0,0,0,5,22982700.0,8.304060442334027,2.40807541671724,18.84,3269.93137836456,3054.59467234306,OM,-0.3,0.4329637540367331
GHSL_731,0,170,681,6,0,0,1,0,0,0,5,31619600.0,8.292924170494654,1.9597230597245048,1.0,4284.12943744659,3791.37235518758,OM,0.036,0.4051721859570665
GHSL_732,1,106,31,0,0,0,0,0,0,0,1,4447700.0,8.27915336838296,2.647149975973958,1.46,689.025462150574,2385.29364043485,OM,-0.445,0.10776270225281584
GHSL_733,0,259,188,0,0,0,1,0,0,0,3,9059700.0,8.241108378525862,2.692584310522526,0.06,2238.2476978302,3212.39303661005,OM,-0.278,0.10776270225281584
GHSL_734,0,48,84,0,0,0,0,0,0,0,0,0.0,8.240184311586033,1.73040624364293,12.24,660.840246200562,2430.41752309845,OM,-0.113,0.0756604255869606
GHSL_735,0,2,720,332,0,0,0,0,0,0,7,18041300.0,8.218118021308433,2.1852524414129513,0.2,5272.46138763428,4463.56517880151,OM,0.634,0.6441742847416154
GHSL_736,0,192,290,1,0,0,1,0,0,0,3,8735900.0,8.197767690978155,2.6313044379642387,0.11,2414.39256000519,2559.57687978007,OM,-0.141,0.10776270225281584
GHSL_737,1,102,30,0,0,0,0,0,0,0,1,4321100.0,8.188927704381555,2.275278200500186,5.29,664.039295196533,2894.09837258672,OM,-0.445,0.28537052127995766
GHSL_738,1,198,67,0,0,0,0,0,0,0,2,9039100.0,8.170949604621587,1.9092669180357562,5.29,1330.07743740082,3009.57903961737,OM,-0.417,0.5600285706997457
GHSL_739,0,281,579,2,0,0,1,0,0,0,10,35891200.0,8.15908104879286,1.6618383747864813,0.56,4312.04394721985,3211.13276708641,OM,-0.083,0.4329637540367331
GHSL_740,0,11,407,41,0,0,0,0,0,0,2,4752000.0,8.157429385895428,1.957678051949859,0.18,2292.10534477234,3371.13975875447,OM,0.375,0.5600285706997457
GHSL_741,0,104,340,2,0,0,0,0,0,0,4,19829100.0,8.13140168960274,2.2580794891912017,0.17,2229.43568134308,3362.64808649031,OM,0.0,0.28537052127995766
GHSL_742,2,144,25,0,0,0,0,0,0,0,1,2172000.0,8.132276481849328,1.9431653105309472,0.07,856.581279754639,2799.28522795634,OM,-0.533,0.5920838630735464
GHSL_743,0,128,137,0,0,0,0,0,0,0,2,2503400.0,8.126880894781639,2.56383889769073,0.21,1329.54033470154,2651.12728754045,OM,-0.205,0.28765778199243247
GHSL_744,0,68,71,0,0,0,0,0,0,0,1,8231200.000000001,8.115762066558299,2.4407599906339796,8.51,697.217164993286,2000.62314201804,OM,-0.21,0.09302508526845747
GHSL_745,0,54,87,0,0,0,0,0,0,0,1,3777700.0,8.106629391891113,1.9741673517283314,0.11,706.485165596008,3196.76545518556,OM,-0.13,0.5920838630735464
GHSL_746,0,13,116,3,0,0,0,0,0,0,1,6033200.0,8.08515892794004,2.0583413140579725,8.73,657.587935447693,2495.58988784703,OM,0.174,0.4329637540367331
GHSL_747,0,88,39,0,0,0,0,0,0,0,2,13166200.0,8.084669989440917,2.1147418575832315,7.78,633.734088420868,2259.2734096026,OM,-0.371,0.238
GHSL_748,0,46,137,1,0,0,0,0,0,0,0,0.0,8.082803565765701,1.6385791841904784,0.09,915.583639144897,2504.88323746198,OM,-0.015,0.4329637540367331
GHSL_749,0,91,37,0,0,0,0,0,0,0,1,3642800.0,8.081742123799664,2.3173277053909427,6.1,642.693671226501,2607.08108405152,OM,-0.387,0.46149168081848974
GHSL_750,5,175,15,0,0,0,0,0,0,0,1,4333800.0,8.080365293598298,2.5251553893634666,0.21,975.01265335083,2548.78249308358,OM,-0.645,0.28765778199243247
GHSL_751,3,120,14,0,0,0,0,0,0,0,0,0.0,8.078366311361453,1.6743672913246732,2.73,682.112985610962,2431.48929220791,OM,-0.598,0.3233631080925496
GHSL_752,1,160,48,0,0,0,0,0,0,0,3,14951600.0,8.06377933515848,2.2632557510237854,0.08,1043.0317401886,2992.56540891487,OM,-0.441,0.46149168081848974
GHSL_753,0,41,145,1,0,0,0,0,0,0,0,0.0,8.062227136224083,1.9911544853694758,1.63,932.506464004517,2742.34344196129,OM,0.016,0.20810654322565963
GHSL_754,0,133,132,0,0,0,0,0,0,0,3,14157699.999999998,8.059395658943865,1.9316896556442766,4.8,1323.55480670929,3113.88026516713,OM,-0.219,0.20810654322565963
GHSL_755,0,298,603,2,0,0,1,0,0,0,4,13903200.0,8.05480579091487,1.9799455267527462,0.54,4511.35210609436,3401.70531322367,OM,-0.086,0.4329637540367331
GHSL_756,1,150,57,0,0,0,0,0,0,0,1,2511800.0,8.056714091749646,1.9634463061000909,1.31,1037.05009174347,2837.01258605272,OM,-0.399,0.20810654322565963
GHSL_757,1,242,128,0,0,0,1,0,0,0,1,982900.0,8.052003789586653,2.7095701454225827,16.11,1854.19728374481,3161.00334945727,OM,-0.337,0.4329637540367331
GHSL_758,0,25,100,1,0,0,0,1,0,0,3,5901000.0,8.05268843653651,2.507607107233954,0.2,631.332189559937,2395.65817936103,OM,0.036,0.4329637540367331
GHSL_759,0,126,1096,25,0,0,1,0,0,0,7,20025200.0,8.020685103772568,1.645145922974479,0.06,6238.05645084381,3527.48247631994,OM,0.165,0.3233631080925496
GHSL_760,0,348,758,3,0,0,0,0,0,0,6,32334300.0,8.01571083914927,2.17347271230945,0.04,5543.17834758759,4527.67514472704,OM,-0.073,0.4329637540367331
GHSL_761,0,121,413,3,0,0,0,0,0,0,1,11165000.0,8.016368712677933,2.3944241813799976,0.16,2683.76208591461,2895.98571077136,OM,0.009,0.09302508526845747
GHSL_762,0,10,577,82,0,0,1,0,0,0,6,16900800.0,8.008807370369007,2.2015594225149075,0.1,3346.17291069031,3545.71887768888,OM,0.43,0.4329637540367331
GHSL_763,0,76,457,7,0,0,1,0,0,0,1,10368000.0,8.002948064501854,2.077420844299643,0.25,2695.42685890198,3268.39634931499,OM,0.105,0.238
GHSL_764,0,2,128,18,0,0,0,0,0,0,2,7862800.0,8.000536551382336,2.2073187715401237,0.18,741.901950836182,2908.73500680695,OM,0.43,0.4329637540367331
GHSL_765,0,185,351,1,0,0,0,0,0,0,3,7125800.0,7.998368457355575,2.4074892221785578,0.05,2685.71047019958,2375.1248889687,OM,-0.098,0.09302508526845747
GHSL_766,0,100,66,0,0,0,0,0,0,0,1,4436500.0,7.99538795523033,1.7561526953704092,10.69,829.799510002136,2440.01267349487,OM,-0.298,0.3233631080925496
GHSL_767,0,2,518,250,0,0,0,0,0,0,3,11020400.000000002,7.9950702972698435,2.296265908378823,0.05,3850.01355934143,4079.60560349492,OM,0.643,0.46149168081848974
GHSL_768,0,22,133,2,0,0,0,0,0,0,1,10368000.0,7.9951883662655066,2.0742819046851153,0.76,785.237210273743,2886.22239720706,OM,0.105,0.238
GHSL_769,9,123,4,0,0,0,0,0,0,0,2,2806600.0,7.982822519484435,2.4571713852806267,3.2,683.447330474854,2009.55242851983,OM,-0.772,0.4329637540367331
GHSL_770,3,136,15,0,0,0,0,0,0,0,0,0.0,7.9817153983339075,1.6827308234147262,2.72,771.147296905518,2325.48891490028,OM,-0.608,0.3233631080925496
GHSL_771,0,2,362,111,0,0,0,0,0,0,1,4107399.9999999995,7.979891939038909,2.294394745478021,0.12,2377.09538555145,3538.74923344859,OM,0.561,0.46149168081848974
GHSL_772,0,228,335,1,0,0,0,0,0,0,2,13001600.0,7.977461209617798,2.167921678011106,0.06,2819.39531898499,3725.57910028448,OM,-0.146,0.05757024694521757
GHSL_773,0,106,64,0,0,0,0,0,0,0,1,6925300.0,7.964246351386463,1.8724049464259747,8.15,850.598634719849,2632.50318686237,OM,-0.312,0.4329637540367331
GHSL_774,0,98,493,6,0,0,0,0,0,0,5,5581200.000000001,7.936502319183546,1.9606580147266917,0.39,2982.27091789246,3653.02470147927,OM,0.076,0.4329637540367331
GHSL_775,0,38,103,0,0,0,0,0,0,0,1,3210800.0,7.941007873264086,2.1959368310359584,3.99,710.619583129883,3213.96077470278,OM,-0.035,0.05757024694521757
GHSL_776,1,163,50,0,0,0,0,0,0,0,3,8656200.0,7.934444598749805,2.3121128326320948,4.15,1067.0808763504,2727.82341903146,OM,-0.436,0.46149168081848974
GHSL_777,2,432,148,0,0,0,0,0,0,0,0,0.0,7.925232447631308,2.0655550883705085,0.18,2911.07821369171,3029.369014989,OM,-0.417,0.4329637540367331
GHSL_778,0,17,311,16,0,0,0,0,0,0,3,13816000.0,7.923485314881786,1.9623736963143597,0.45,1719.64617919922,2770.08431036357,OM,0.276,0.3804234444008525
GHSL_779,0,101,64,0,0,0,0,0,0,0,1,2586100.0,7.926424872094611,2.2516009156351373,1.7,826.064929962158,3237.94657401285,OM,-0.304,0.16658606410527513
GHSL_780,1,156,40,0,0,0,0,0,0,0,2,4896400.0,7.916283147451523,2.2729018059659927,4.25,988.47696018219,2980.42839623643,OM,-0.468,0.16658606410527513
GHSL_781,0,28,163,2,0,0,0,0,0,0,3,6502600.0,7.898653966178172,2.3210354074036017,0.1,963.949508190155,2267.04964296838,OM,0.099,0.15842499399380588
GHSL_782,4,151,15,0,0,0,0,0,0,0,3,5632600.0,7.8973461232079245,2.1539962947132016,4.74,849.215579032898,2080.43170623848,OM,-0.627,0.32895947065456765
GHSL_783,0,88,743,17,0,0,0,0,0,0,6,15530400.0,7.896129340152281,2.0831708994506446,0.86,4239.36600399017,3748.22817037022,OM,0.16,0.4329637540367331
GHSL_784,0,63,1095,54,0,0,0,0,0,0,7,15924500.0,7.87309343633112,2.213173804251246,0.06,6059.50188446045,3851.10544371019,OM,0.269,0.4329637540367331
GHSL_785,0,8,144,7,0,0,0,0,0,0,3,3227200.0000000005,7.866349576590066,2.2030902240879877,0.2,798.875233650208,3238.78951094141,OM,0.269,0.45042701961583076
GHSL_786,0,138,92,0,0,0,0,0,0,0,1,911200.0,7.857180735943085,2.191037109980713,0.57,1154.24403381348,3392.44072952468,OM,-0.294,0.4329637540367331
GHSL_787,7,127,7,0,0,0,0,0,0,0,1,7482800.0,7.856029352989545,1.7595048627632917,0.27,699.718801498413,2419.46446625362,OM,-0.721,0.48747307547921986
GHSL_788,0,11,191,9,0,0,0,0,0,0,2,7210900.0,7.8409315075831465,2.303445131015461,0.08,1058.34265136719,2539.54492883463,OM,0.264,0.4329637540367331
GHSL_789,0,113,48,0,0,0,0,0,0,0,1,2448000.0,7.841351591660431,2.132392529248241,0.07,810.899137973785,2166.90486337926,OM,-0.377,0.4329637540367331
GHSL_790,0,86,90,0,0,0,0,0,0,0,4,6672000.0,7.835826373405472,2.193627675248823,0.55,883.795528411865,2808.45715850337,OM,-0.209,0.32895947065456765
GHSL_791,0,45,92,0,0,0,0,0,0,0,2,5086500.0,7.83572848037868,2.279245475784749,0.0,684.480030536652,2367.04624955389,OM,-0.084,0.20600323640146742
GHSL_792,0,82,109,0,0,0,0,0,0,0,3,2922800.0,7.834168281865006,2.226914778408904,0.26,959.884571075439,3319.33952042015,OM,-0.165,0.15842499399380588
GHSL_793,0,65,1552,106,0,0,1,0,0,0,8,19864400.0,7.826782592393849,1.6647536869894264,0.02,8610.61150360107,3908.51522968872,OM,0.316,0.48747307547921986
GHSL_794,0,26,95,1,0,0,0,0,0,0,1,1189100.0,7.816544684863778,2.1842421997332275,0.18,609.585091114044,2559.47520705571,OM,0.022,0.32895947065456765
GHSL_795,0,0,106,44,0,0,0,0,0,0,1,1402700.0,7.796251827888002,2.211248647151418,0.22,753.665555000305,2060.31843958235,OM,0.616,0.4329637540367331
GHSL_796,0,119,57,0,0,0,0,0,0,0,1,5186200.0,7.785021019779573,2.268440066997925,0.06,882.547742366791,2593.59275410483,OM,-0.356,0.20600323640146742
GHSL_797,0,54,90,0,0,0,0,0,0,0,1,3512400.0,7.782917145227732,1.7414394800474113,2.28,722.551601886749,2071.61276620616,OM,-0.122,0.48747307547921986
GHSL_798,0,163,227,0,0,0,0,0,0,0,1,5808000.0,7.774802054785417,2.29358368096563,0.02,1951.25308084488,2730.59872380292,OM,-0.156,0.09410809718153375
GHSL_799,0,71,224,1,0,0,0,0,0,0,3,11890500.0,7.770875403134335,2.0135807698329775,14.52,1482.3739566803,2810.53025830096,OM,-0.005,0.12709166475322684
GHSL_800,0,176,144,0,0,0,0,0,0,0,3,5123500.0,7.743273534607094,2.1992213673598413,0.39,1601.08404397964,2213.94956163009,OM,-0.256,0.4329637540367331
GHSL_801,0,97,47,0,0,0,0,0,0,0,2,11835200.0,7.738942922075284,1.7784813430806228,0.01,722.661408424377,2573.91050285784,OM,-0.353,0.057226885542061255
GHSL_802,0,32,112,1,0,0,0,0,0,0,1,4583200.0,7.709650959827166,2.2090542079789834,0.02,723.449353218079,2237.67523203573,OM,0.013,0.20647519005312814
GHSL_803,0,61,71,0,0,0,0,0,0,0,0,0.0,7.688828268397983,2.2018857628939146,1.74,661.067400455475,2285.01102796166,OM,-0.187,0.4329637540367331
GHSL_804,0,371,870,3,0,0,1,0,0,0,6,20245000.0,7.677119586858437,2.225156735800203,0.03,6221.40061426163,2996.53819497852,OM,-0.059,0.12683729651152736
GHSL_805,0,42,82,0,0,0,0,0,0,0,1,1619200.0,7.65539109605621,2.6683285247238944,0.73,620.560813903809,2278.79264800165,OM,-0.092,0.3623765316126012
GHSL_806,0,84,53,0,0,0,0,0,0,0,2,5586200.0,7.604432820713942,2.178673223376502,0.07,686.889369010925,2124.0935401414,OM,-0.306,0.12683729651152736
GHSL_807,0,35,766,47,0,0,1,0,0,0,6,12933600.0,7.562937937558052,1.7010955427337953,0.68,4243.99918937683,3280.58363277309,OM,0.301,0.8025661905775853
GHSL_808,0,20,112,1,0,0,0,0,0,0,1,3726800.0,7.5427480867639,2.6504958799894527,2.69,666.339725494385,2115.7403395346,OM,0.091,0.3623765316126012
GHSL_809,0,52,92,0,0,0,0,0,0,0,1,3692400.0,7.541498851798671,2.612037001830617,5.97,720.132300376892,2488.29438155439,OM,-0.113,0.07350056689123786
GHSL_810,0,1,342,138,0,0,0,0,0,0,3,18822400.0,7.497293771863576,2.0734021778371026,0.16,2405.41751194,3767.88457384086,OM,0.61,0.5734636030826253
GHSL_811,0,0,531,623,1,0,0,0,0,0,5,11695600.0,7.478955198403353,2.714266242979214,0.06,5779.59720993042,3592.20932383427,OM,0.809,0.3623765316126012
GHSL_812,0,79,353,3,0,0,0,0,0,0,2,7560000.0,7.4562351261315305,2.7430666387209537,2.63,2176.13160133362,3235.75351076406,OM,0.055,0.3623765316126012
GHSL_813,0,277,1096,9,0,0,1,0,0,0,6,21239500.0,7.452164978773009,2.5645879201075026,0.28,6909.85165119171,3326.56691462802,OM,0.034,0.07350056689123786
GHSL_814,0,125,325,1,0,0,0,0,0,0,2,10082400.0,7.448961074105761,2.5857288386195236,0.07,2254.84980869293,2943.01500801771,OM,-0.04,0.07350056689123786
GHSL_815,0,0,69,1564,96,0,2,0,0,0,5,13627600.0,7.415758146234934,2.7388369365473815,0.47,8645.25782489777,4061.66681930833,OM,1.304,0.4329637540367331
GHSL_816,0,0,649,6605,174,0,1,0,0,0,20,46153500.0,7.3639248010870295,2.606578251369654,0.08,37144.7643136978,4182.42966573542,OM,1.186,0.4329637540367331
GHSL_817,0,102,1109,33,0,0,4,0,0,0,7,29738900.0,7.347351325366491,1.9351093115459945,1.3,6223.01271820068,4015.54639724383,OM,0.199,0.3607104076266956
GHSL_818,0,71,130,0,0,0,0,0,0,0,2,4580800.0,7.348511208474438,2.5675484228349696,2.88,1006.34990119934,2813.94150714241,OM,-0.104,0.31774006617701495
GHSL_819,0,5,252,32,0,0,0,0,0,0,2,4696600.0,7.335047480389461,2.5898638256522544,0.14,1445.35304927826,3536.17518987479,OM,0.412,0.31774006617701495
GHSL_820,0,53,758,30,0,0,1,0,0,0,3,8014200.000000001,7.330612380383629,2.336067142231066,0.07,4211.82476234436,3956.80485157003,OM,0.24,0.4329637540367331
GHSL_821,0,33,539,25,0,0,1,0,0,0,4,5095300.0,7.320406232812171,2.0782069436708266,0.02,2983.17486190796,2653.8057256821,OM,0.26,0.2771099111506974
GHSL_822,0,4,203,26,0,0,0,0,0,0,1,4124200.0,7.3254924089467,2.5815382611811883,0.06,1163.58133411407,4140.44626910512,OM,0.412,0.31774006617701495
GHSL_823,0,79,47,0,0,0,0,0,0,0,2,3259000.0,7.314173855884887,2.527826635289428,3.23,629.472469329834,2548.8430270397,OM,-0.316,0.31774006617701495
GHSL_824,0,27,401,17,0,0,0,0,0,0,0,0.0,7.3158269667448925,2.3417110790235167,0.07,2223.19696521759,3625.84965101246,OM,0.249,0.4329637540367331
GHSL_825,0,76,90,0,0,0,0,0,0,0,2,4550000.0,7.306236746007968,1.9478459107605866,0.29,831.434409141541,2381.26914371095,OM,-0.185,0.3607104076266956
GHSL_826,0,102,88,0,0,0,0,0,0,0,1,6612100.0,7.30820088820977,2.132873985737635,1.55,952.054035186768,3493.62242832157,OM,-0.246,0.3765394956357241
GHSL_827,0,8,123,6,0,0,0,0,0,0,2,6208200.0,7.306322074091685,2.084882428528699,0.02,680.018901824951,2495.37232057653,OM,0.26,0.2771099111506974
GHSL_828,1,111,36,0,0,0,0,0,0,0,1,5092300.0,7.301105807240142,2.001895330857602,4.3,735.273650169373,2539.34305437752,OM,-0.426,0.4329637540367331
GHSL_829,1,98,27,0,0,0,0,0,0,0,1,2225300.0,7.3004998639768095,2.5060790398477173,5.92,626.783324241638,2453.2780594871,OM,-0.456,0.31774006617701495
GHSL_830,0,156,577,4,0,0,0,0,0,0,0,0.0,7.286656662112774,2.1488068948602805,0.54,3687.09470272064,3797.45638003729,OM,0.022,0.3765394956357241
GHSL_831,0,73,152,0,0,0,0,0,0,0,1,2214600.0,7.282904704651365,2.160332157697116,1.02,1126.2563457489,4007.15981850524,OM,-0.081,0.4329637540367331
GHSL_832,0,286,223,0,0,0,0,0,0,0,4,12787400.0,7.273141257594903,2.021600318915922,1.27,2548.64107704163,2796.65087312086,OM,-0.265,0.4329637540367331
GHSL_833,0,294,376,1,0,0,0,0,0,0,0,0.0,7.27498701501151,2.369502310916294,0.13,3353.8559961319,4424.53624955231,OM,-0.172,0.4329637540367331
GHSL_834,0,72,60,0,0,0,0,0,0,0,1,2024300.0,7.275134527181622,2.028785435155859,1.42,662.012760162354,2355.40598006253,OM,-0.252,0.10392305024359604
GHSL_835,0,19,112,2,0,0,0,0,0,0,1,835700.0,7.274065053289524,2.067022630429553,1.18,664.57612991333,2517.07639716139,OM,0.101,0.2771099111506974
GHSL_836,0,34,97,0,0,0,0,0,0,0,1,10117800.0,7.273247025215501,2.1285180098515464,0.08,658.919224739075,3223.54910149835,OM,-0.025,0.4329637540367331
GHSL_837,0,54,436,9,0,0,0,0,0,0,3,22130400.0,7.265222278513718,2.1637258461788766,0.11,2495.99436473846,4014.52431919154,OM,0.153,0.19948419260913305
GHSL_838,0,164,208,0,0,0,0,0,0,0,1,3430400.0,7.266608469596915,2.14653099523778,1.27,1859.43973255157,3969.47224812743,OM,-0.173,0.19948419260913305
GHSL_839,0,144,120,0,0,0,0,0,0,0,0,0.0,7.263197834417056,2.0303271332267077,0.43,1324.77712249756,2468.96892023154,OM,-0.252,0.10392305024359604
GHSL_840,0,30,448,19,0,0,0,0,0,0,1,5583100.0,7.2537028056205575,2.092359838728003,0.77,2484.21710395813,3995.58192874224,OM,0.245,0.16829141228610892
GHSL_841,0,28,541,30,0,0,0,0,0,0,3,17957600.0,7.2522110794162895,2.3783252726849824,0.21,2992.52637863159,4684.78944641164,OM,0.287,0.4329637540367331
GHSL_842,0,21,208,6,0,0,0,0,0,0,0,0.0,7.25238748590271,2.1907287122778265,0.66,1175.58484554291,4313.37635590183,OM,0.183,0.19948419260913305
GHSL_843,0,126,1181,30,0,0,0,0,0,0,3,7563000.0,7.247360130735176,2.169844375172405,0.64,6684.64766025543,4288.84927685961,OM,0.176,0.19948419260913305
GHSL_844,0,80,47,0,0,0,0,0,0,0,1,1591000.0,7.249770032725529,1.984726492430037,1.53,634.457305908203,2759.00184775635,OM,-0.316,0.39810111350904775
GHSL_845,0,2,165,29,0,0,0,0,0,0,0,0.0,7.247080065750436,2.1172959328819054,0.5,981.516193389893,3717.48417165628,OM,0.467,0.23829498525986653
GHSL_846,0,19,104,1,0,0,0,0,0,0,1,3995200.0,7.2472238336024555,2.5558102173984505,6.24,622.851089477539,2359.04316406102,OM,0.092,0.31774006617701495
GHSL_847,0,15,147,4,0,0,0,0,0,0,2,5042000.0,7.246250915534194,2.187095933337792,0.15,828.835097312927,3475.54931025733,OM,0.183,0.19948419260913305
GHSL_848,0,141,308,1,0,0,0,0,0,0,2,5679000.0,7.243013892496889,2.042402812206151,2.77,2246.91743564606,2691.99588295924,OM,-0.072,0.4329637540367331
GHSL_849,0,18,178,5,0,0,0,0,0,0,1,9041500.0,7.2387024605238475,2.1940917711309353,1.2,1004.27533626556,3275.39475384383,OM,0.183,0.4329637540367331
GHSL_850,0,45,105,0,0,0,0,0,0,0,2,6029600.0,7.238866114789678,2.6659893601943656,2.11,751.949011802673,2263.79522042694,OM,-0.06,0.029698483461135846
GHSL_851,0,14,184,7,0,0,0,0,0,0,2,5863000.0,7.235759391215009,2.0741837820553766,0.05,1025.21103000641,2865.95045987269,OM,0.224,0.4329637540367331
GHSL_852,0,0,2147,4619,14,0,1,1,0,0,41,81751200.0,7.22315144969143,2.3427997106127836,0.2,33907.1122112274,5217.17979063898,OM,0.922,0.4329637540367331
GHSL_853,0,84,153,0,0,0,0,0,0,0,2,8288799.999999999,7.233636021044804,2.048954471732811,2.23,1187.69016075134,2734.20864357695,OM,-0.105,0.4329637540367331
GHSL_854,0,29,273,7,0,0,0,0,0,0,2,12413000.0,7.235645527947521,2.1728810943286376,1.68,1547.94043731689,3709.09505433443,OM,0.176,0.19948419260913305
GHSL_855,5,821,231,0,0,0,0,0,0,0,3,7301700.0,7.231655627527415,2.5012398000124025,0.07,5286.5486946106,3336.8867310602,OM,-0.451,0.4329637540367331
GHSL_856,0,126,60,0,0,0,0,0,0,0,2,11654000.0,7.233944286969923,2.2208719556540895,0.77,934.520099639893,3657.38024129856,OM,-0.357,0.3254951164219263
GHSL_857,0,17,165,4,0,0,0,0,0,0,2,4874800.0,7.231961112437359,2.1830077950635105,1.77,932.663993835449,3775.75030434084,OM,0.183,0.4329637540367331
GHSL_858,0,0,88,101,0,0,0,0,0,0,3,6159599.999999999,7.231122264270093,2.1292901022238753,0.19,948.542073249817,5302.78054912393,OM,0.804,0.23829498525986653
GHSL_859,0,33,619,34,0,0,2,0,0,0,4,21781800.0,7.228403166968834,2.21257167886692,0.13,3427.76166439056,5589.08204910934,OM,0.283,0.3254951164219263
GHSL_860,0,95,45,0,0,0,0,0,0,0,0,0.0,7.2267323051305,1.716657273252381,0.54,698.916172981262,2735.05585419606,OM,-0.358,0.3027545760733161
GHSL_861,0,159,140,0,0,0,0,0,0,0,3,9918000.0,7.2290634126214295,2.234383149313443,1.21,1496.08527851105,4878.83592428794,OM,-0.241,0.3254951164219263
GHSL_862,0,307,599,2,0,0,1,0,0,0,1,5652000.0,7.2291800284903855,1.6440751300211818,0.55,4543.06899738312,3397.1782555009,OM,-0.093,0.3027545760733161
GHSL_863,0,2,227,62,0,0,0,0,0,0,0,0.0,7.21798834853217,2.191595434925291,0.14,1452.95885372162,3790.55817411917,OM,0.54,0.3254951164219263
GHSL_864,0,11,512,64,0,0,0,0,0,0,2,7908200.0,7.215702374526885,2.0967581864589384,0.24,2933.10001754761,4358.75185764116,OM,0.409,0.4329637540367331
GHSL_865,0,13,342,26,0,0,0,0,0,0,2,13914400.0,7.212804587044157,2.17331410886483,0.27,1904.72273921967,4140.95366504845,OM,0.331,0.3485205347248987
GHSL_866,0,42,92,0,0,0,0,0,0,0,2,15240000.0,7.212281701225,2.02622196890442,0.96,668.748966693878,1453.89059919708,OM,-0.072,0.24595121501890815
GHSL_867,0,0,202,230,0,0,0,0,0,0,3,3440100.0000000005,7.208424513364992,2.130439987431134,0.43,2162.10314559937,3678.66027202304,OM,0.804,0.4329637540367331
GHSL_868,0,0,30,236,5,0,0,0,0,0,1,2121600.0,7.20618211958406,1.9985817029054151,0.65,1350.70070886612,1887.74012017425,OM,1.146,0.8082230508777845
GHSL_869,0,30,169,2,0,0,0,0,0,0,1,9886400.0,7.20405866999448,2.14207211407942,0.25,1004.57183933258,4211.97061404664,OM,0.096,0.3485205347248987
GHSL_870,0,100,115,0,0,0,0,0,0,0,2,7079000.0,7.201801987503121,2.120852628831018,0.06,1074.91082000732,4506.88801868029,OM,-0.193,0.4329637540367331
GHSL_871,0,24,162,3,0,0,0,0,0,0,2,2117600.0,7.197776098584892,2.0345006100502814,0.28,943.337495326996,1538.00080974519,OM,0.126,0.4329637540367331
GHSL_872,0,24,136,2,0,0,0,0,0,0,1,10140600.0,7.195293762448676,2.1525617585861374,0.29,806.399753570557,3053.51511638333,OM,0.096,0.3485205347248987
GHSL_873,0,26,150,2,0,0,0,0,0,0,3,19201200.0,7.191208399144487,2.131759163225243,0.01,890.675297737122,4021.21636584793,OM,0.096,0.3485205347248987
GHSL_874,0,5,124,8,0,0,0,0,0,0,2,14160200.0,7.187308509527443,1.969080432108693,0.32,688.394423484802,1469.21730780352,OM,0.308,0.4329637540367331
GHSL_875,0,59,259,2,0,0,0,0,0,0,0,0.0,7.184306059257336,2.341527744662707,4.0,1600.83067321777,3613.71114616598,OM,0.051,0.4329637540367331
GHSL_876,0,179,217,0,0,0,0,0,0,0,1,8744500.0,7.17534158299958,2.265955535566289,0.03,1981.77111721039,3752.08947970265,OM,-0.181,0.11027390306703093
GHSL_877,0,3,508,173,0,0,0,0,0,0,2,9614600.0,7.174175981923328,2.386903550659066,0.3,3417.58676147461,3857.42589130474,OM,0.579,0.5527920042502292
GHSL_878,0,0,79,279,2,0,0,0,0,0,2,12535000.0,7.173096510768577,2.118216210142727,1.78,1801.0147819519,2856.9125007565,OM,1.011,0.4329637540367331
GHSL_879,0,26,280,8,0,0,0,0,0,0,1,7116000.0,7.17034262414461,2.653686695440001,0.0,1573.7931728363,3848.73315734511,OM,0.198,0.35486006631722694
GHSL_880,0,104,165,0,0,0,0,0,0,0,1,12000000.0,7.17606610443943,1.6590294296720036,0.3,1342.36885547638,3664.50057047961,OM,-0.131,0.25727481749053693
GHSL_881,2,165,33,0,0,0,0,0,0,0,1,5973500.0,7.170573490457065,1.7984208244520434,5.89,997.371124267578,2490.98042240393,OM,-0.512,0.25727481749053693
GHSL_882,0,66,290,3,0,0,0,0,0,0,2,13613800.0,7.168353746178396,2.3453476628773196,4.23,1796.15066051483,3400.65406078033,OM,0.051,0.4329637540367331
GHSL_883,1,574,337,0,0,0,0,0,0,0,4,8243600.0,7.16534792077241,2.5010838776611073,3.22,4560.02440261841,6951.64880125618,OM,-0.318,0.3524821508483325
GHSL_884,1,279,122,0,0,0,0,0,0,0,3,11906600.0,7.163810308843369,2.264639390915602,0.56,2008.37974643707,3929.21654818068,OM,-0.372,0.11027390306703093
GHSL_885,0,200,117,0,0,0,0,0,0,0,1,4196600.0,7.158862045419044,2.4937359316398497,3.26,1586.83014297485,5034.31167525326,OM,-0.318,0.3524821508483325
GHSL_886,0,0,55,103,0,0,0,0,0,0,8,12165900.000000002,7.157467571777395,2.0039515463441435,0.2,792.272847652435,1788.47473893748,OM,0.896,0.39328403641435195
GHSL_887,0,25,1139,138,0,0,1,0,0,0,4,14285200.0,7.155230230470434,2.4295116479188406,0.16,6506.96333694458,7138.48356224578,OM,0.404,0.3524821508483325
GHSL_888,0,244,155,0,0,0,0,0,0,0,1,5024300.0,7.157214953928612,2.708342248627396,0.07,1997.39424610138,3211.82826799946,OM,-0.304,0.03889087296526011
GHSL_889,0,239,203,0,0,0,0,0,0,0,3,9013000.0,7.156183689122992,2.7373744871949914,0.09,2214.08383274078,3712.84998698839,OM,-0.249,0.03889087296526011
GHSL_890,0,13,309,21,0,0,0,0,0,0,4,18110400.0,7.147251692471679,2.0350041877759693,0.09,1717.04328298569,2121.62693049677,OM,0.318,0.4329637540367331
GHSL_891,0,72,455,7,0,0,0,0,0,0,1,5646500.0,7.1377103063132346,2.0045386466576107,0.15,2669.77475404739,1521.28146805731,OM,0.112,0.39328403641435195
GHSL_892,0,7,1424,529,0,0,1,0,0,0,7,32615900.0,7.122724918572311,2.082761225336963,0.16,9796.48106098175,3516.27437545109,OM,0.595,0.4329637540367331
GHSL_893,0,73,62,0,0,0,0,0,0,0,0,0.0,7.127065155222834,2.675824175858834,2.53,673.525522232056,2635.07637805969,OM,-0.25,0.35486006631722694
GHSL_894,0,77,276,2,0,0,1,0,0,0,3,5632400.0,7.1193100787514085,2.000681228441237,0.21,1774.76739692688,2509.71123497777,OM,0.018,0.4329637540367331
GHSL_895,0,57,307,4,0,0,0,0,0,0,1,2665100.0,7.116113222215167,2.034799876580337,1.3,1843.10373878479,3277.677725823,OM,0.086,0.4329637540367331
GHSL_896,0,78,143,0,0,0,0,0,0,0,0,0.0,7.118910610757493,2.0541105360362786,2.96,1107.93595504761,4644.26540512914,OM,-0.104,0.4329637540367331
GHSL_897,0,122,49,0,0,0,0,0,0,0,1,8089800.0,7.118621518959359,1.7070071461973637,0.0,859.601881027222,3479.04274335123,OM,-0.388,0.15690204127249457
GHSL_898,0,136,74,0,0,0,0,0,0,0,1,7419000.0,7.116517066938533,1.6589073684698707,1.3,1054.43511867523,3173.33308858563,OM,-0.331,0.4329637540367331
GHSL_899,0,26,197,4,0,0,0,0,0,0,0,0.0,7.106427299686779,1.9784250138638613,0.84,1133.93146419525,3502.38282738835,OM,0.146,0.4329637540367331
GHSL_900,0,81,83,0,0,0,1,0,0,0,0,0.0,7.1077076570673485,2.1343656650385148,0.13,820.119709968567,2831.12299768216,OM,-0.215,0.3228832281792206
GHSL_901,0,0,91,117,0,0,0,0,0,0,2,5027600.0,7.102107671661336,2.099272219257981,0.05,1038.35207176208,4062.41029640878,OM,0.826,0.4329637540367331
GHSL_902,0,2,154,33,0,0,0,0,0,0,0,0.0,7.10081141293241,1.966032120750863,0.68,942.298725128174,3686.61473054841,OM,0.501,0.4329637540367331
GHSL_903,6,612,125,0,0,0,0,0,0,0,3,9934200.0,7.098439390496682,2.464645989475579,0.17,3716.30702781677,5592.13167782709,OM,-0.507,0.2469702411222858
GHSL_904,0,203,121,0,0,0,0,0,0,0,0,0.0,7.0950668316551475,2.1710508547229983,0.03,1622.11395168304,3022.04700738327,OM,-0.315,0.3228832281792206
GHSL_905,0,124,49,0,0,0,0,0,0,0,1,1727300.0,7.094751573909155,1.6557082841989958,1.42,868.59740447998,2486.53785778078,OM,-0.39,0.28304131417051065
GHSL_906,1,104,20,0,0,0,0,0,0,0,2,9548900.0,7.0900604154972156,2.6356994662932745,0.07,624.75600528717,2291.50530108264,OM,-0.521,0.35486006631722694
GHSL_907,1,216,108,0,0,0,0,0,0,0,2,11966600.0,7.087884029212195,1.6784095421909642,0.94,1625.90987873077,2614.15810243329,OM,-0.348,0.28304131417051065
GHSL_908,0,63,68,0,0,0,0,0,0,0,0,0.0,7.085861482011092,2.131652119949121,0.08,654.260921478271,3071.64751867733,OM,-0.205,0.595951335008034
GHSL_909,0,0,118,54,0,0,0,0,0,0,0,0.0,7.081859446602459,2.107934907925755,0.01,860.679211616516,2886.04951679509,OM,0.631,0.595951335008034
GHSL_910,1,108,28,0,0,0,0,0,0,0,1,2698800.0,7.078892233890993,2.0944256993476573,1.53,685.410401344299,2979.17737591353,OM,-0.467,0.595951335008034
GHSL_911,0,189,237,0,0,0,0,0,0,0,2,4461600.0,7.075932868342386,2.50550352132955,0.04,2131.52889633179,4904.90367818328,OM,-0.175,0.2469702411222858
GHSL_912,0,30,138,1,0,0,0,0,0,0,0,0.0,7.0727192345046745,1.9438420454334968,0.06,850.466110229492,3326.94171352929,OM,0.059,0.19200000000000003
GHSL_913,0,104,87,0,0,0,0,0,0,0,1,3148000.0,7.0669883391943165,2.1768692161687353,3.09,954.625829696655,2732.49111863275,OM,-0.252,0.11491503947902106
GHSL_914,37,222,3,0,0,0,0,0,0,0,1,6336200.0,7.067344396716755,1.8784246476239774,1.03,1309.03805351257,3135.20271289557,OM,-0.897,0.2760869434150215
GHSL_915,0,42,193,2,0,0,0,0,0,0,0,0.0,7.0641747711872656,1.941625000544553,0.99,1183.58024406433,3086.70146713174,OM,0.059,0.19200000000000003
GHSL_916,0,70,73,0,0,0,0,0,0,0,0,0.0,7.061351049706313,2.2719608540460468,0.01,716.251212120056,3002.04206464724,OM,-0.212,0.4329637540367331
GHSL_917,1,112,34,0,0,0,0,0,0,0,0,0.0,7.055787490113209,2.2471639329809503,2.8,730.19101524353,2596.76099776143,OM,-0.438,0.4329637540367331
GHSL_918,1,209,87,0,0,0,0,0,0,0,4,12394500.0,7.053923432394005,1.669613099769287,0.22,1482.14708709717,4577.38184638932,OM,-0.381,0.28304131417051065
GHSL_919,0,94,676,12,0,0,0,0,0,0,1,5864000.0,7.0466332562319165,1.986300473326566,0.01,3911.55667972565,4173.17288807934,OM,0.134,0.3819057607753754
GHSL_920,0,58,80,0,0,0,0,0,0,0,0,0.0,7.053818212688498,2.316256348140447,0.07,686.963971138,2239.44754507817,OM,-0.157,0.03252691193458118
GHSL_921,0,153,285,1,0,0,1,0,0,0,2,14126400.0,7.048300341718865,1.8037628995318398,0.07,2193.12770366669,4021.54915735148,OM,-0.101,0.16511309412111475
GHSL_922,1,91,26,0,0,0,0,0,0,0,0,0.0,7.0532467301407955,2.415942206452846,3.52,588.600206375122,2878.18432096742,OM,-0.45,0.12054183229623372
GHSL_923,8,450,59,0,0,0,0,0,0,0,2,8053100.0,7.037884314909519,2.709038725036468,0.35,2585.02938365936,2708.65917199973,OM,-0.581,0.09899494936611662
GHSL_924,0,94,576,9,0,0,0,0,0,0,0,0.0,7.034511122601009,1.71892569146427,4.12,3392.60779190063,3110.39242789466,OM,0.109,0.08627489309331135
GHSL_925,0,186,110,0,0,0,0,0,0,0,0,0.0,7.032695829005883,1.977645915268607,0.09,1485.11220645905,3351.45838914378,OM,-0.316,0.4329637540367331
GHSL_926,0,4,489,117,0,0,0,0,0,0,3,16267600.0,7.027926583497797,2.478871935190023,0.03,3051.51735115051,4838.85484176172,OM,0.518,0.32851341930987643
GHSL_927,0,149,88,0,0,0,0,0,0,0,1,8906400.0,7.024525789904749,1.9749552172536153,0.52,1189.6553401947,3579.43946044537,OM,-0.316,0.4329637540367331
GHSL_928,0,73,46,0,0,0,0,0,0,0,1,3096000.0,7.0247231558558685,2.167657473200631,0.49,595.268022537231,2587.06451509918,OM,-0.302,0.11491503947902106
GHSL_929,0,64,209,1,0,0,0,0,0,0,2,7256600.0,7.023133162895537,1.7577608909173976,0.45,1367.82753944397,2720.4315439679,OM,0.001,0.18505198583699142
GHSL_930,0,18,112,2,0,0,0,0,0,0,0,0.0,7.022378500715727,1.7274766867146039,2.49,658.23514175415,2663.43153118561,OM,0.109,0.08627489309331135
GHSL_931,0,80,41,0,0,0,0,0,0,0,0,0.0,7.0201631310895305,2.150071605155742,2.02,607.279230117798,2298.71539362181,OM,-0.344,0.11491503947902106
GHSL_932,0,200,769,6,0,0,1,0,0,0,2,3735800.0,7.013423157430221,2.4644921667646296,0.07,4875.38436126709,5959.31163614162,OM,0.029,0.32851341930987643
GHSL_933,0,31,100,1,0,0,0,0,0,0,0,0.0,7.0167388197060525,1.7743554759533933,1.34,657.71285533905,2338.73416874347,OM,0.001,0.18505198583699142
GHSL_934,0,67,70,0,0,0,0,0,0,0,3,22015700.0,7.015677945527311,2.4131699858577083,2.92,686.095212936401,4237.30044180635,OM,-0.209,0.12054183229623372
GHSL_935,0,49,87,0,0,0,0,0,0,0,0,0.0,7.01641594321959,2.0786968404880395,0.12,678.572908401489,2745.72468985542,OM,-0.109,0.22469601687613422
GHSL_936,0,53,251,3,0,0,0,0,0,0,1,6387100.0,7.01186344665796,2.2039987664984824,4.37,1531.79752540588,2496.47566658499,OM,0.064,0.2104342454740005
GHSL_937,0,233,158,0,0,0,0,0,0,0,0,0.0,7.011129557013888,1.7442080304047547,0.38,1954.56874084473,2763.32093100597,OM,-0.291,0.4329637540367331
GHSL_938,1,107,22,0,0,0,0,0,0,0,1,4177399.9999999995,7.007453966924753,2.1019299325999916,2.76,654.420369148254,2477.15729742471,OM,-0.504,0.2987646226202186
GHSL_939,0,14,212,9,0,0,0,0,0,0,1,7593200.0,7.00671442778767,1.7132639950224748,2.11,1174.35688877106,2756.05934938056,OM,0.249,0.08627489309331135
GHSL_940,0,20,363,19,0,0,0,0,0,0,4,9136200.0,7.004371174872974,2.0313524683372197,2.61,2008.72949886322,2983.68407437373,OM,0.276,0.22469601687613422
GHSL_941,0,11,164,7,0,0,0,0,0,0,0,0.0,7.005618210985957,1.7252884241443125,1.16,907.63725566864,3435.65139058922,OM,0.251,0.08627489309331135
GHSL_942,0,95,64,0,0,0,0,0,0,0,0,0.0,7.004687510761401,1.7556606330193214,0.98,794.666793823242,2590.24614013156,OM,-0.291,0.18505198583699142
GHSL_943,1,252,136,0,0,0,0,0,0,0,4,16133800.0,6.999327264046013,1.6810126753702381,0.2,1942.54818534851,3799.08508438651,OM,-0.333,0.28304131417051065
GHSL_944,0,16,116,2,0,0,0,0,0,0,0,0.0,7.001071585101367,2.149904608076791,3.69,670.555901527405,2538.23463191059,OM,0.13,0.4329637540367331
GHSL_945,2,172,36,0,0,0,0,0,0,0,1,4177399.9999999995,6.998442431154075,2.100741449041258,3.24,1046.49052429199,3148.68462408605,OM,-0.504,0.2987646226202186
GHSL_946,0,97,374,3,0,0,0,0,0,0,3,5159900.0,6.999727303069232,2.4686318089883934,0.16,2371.70363616943,4882.5200331226,OM,0.029,0.32851341930987643
GHSL_947,2,310,77,0,0,0,0,0,0,0,3,7872800.0,6.9962347854501035,2.6421169617315154,0.59,1946.58592891693,4229.97976678429,OM,-0.472,0.7112961760054668
GHSL_948,1,120,30,0,0,0,0,0,0,0,0,0.0,6.995777277084215,2.6557623022880343,0.21,756.898383140564,3172.03533350892,OM,-0.472,0.7112961760054668
GHSL_949,2,142,26,0,0,0,0,0,0,0,1,1995200.0,6.9965475305602585,2.237508344992956,2.76,847.344788551331,2840.86494971446,OM,-0.523,0.2104342454740005
GHSL_950,0,169,87,0,0,0,0,0,0,0,3,6334600.0,6.98954612623751,1.7546381262736461,0.53,1281.6908121109,2685.6765935874,OM,-0.342,0.18505198583699142
GHSL_951,0,16,126,3,0,0,0,0,0,0,0,0.0,6.988603040445242,1.708856081318105,1.19,720.216625213623,2914.22858974995,OM,0.153,0.08627489309331135
GHSL_952,0,95,119,0,0,0,0,0,0,0,1,2111600.0,6.988092527563643,2.2245952741717954,2.53,1067.51354217529,3385.55707065114,OM,-0.175,0.2104342454740005
GHSL_953,0,94,64,0,0,0,0,0,0,0,0,0.0,6.9816822608257025,2.299068351697959,3.98,791.989868164062,3097.82472097341,OM,-0.29,0.2104342454740005
GHSL_954,0,37,134,1,0,0,0,0,0,0,1,2919400.0,6.981263503152675,1.7187483829201409,0.17,856.465341567993,3045.46998345812,OM,0.019,0.08627489309331135
GHSL_955,0,25,421,20,0,0,0,0,0,0,0,0.0,6.977646613769797,1.6868471475840434,0.33,2328.65369129181,3458.88629473055,OM,0.264,0.28304131417051065
GHSL_956,0,11,182,9,0,0,0,0,0,0,0,0.0,6.974826340121669,1.6776142795103943,0.08,1005.32766246796,3276.90312155453,OM,0.264,0.28304131417051065
GHSL_957,0,104,59,0,0,0,0,0,0,0,1,6612600.0,6.97272119715001,2.4369692923163613,3.39,815.969081878662,2901.47099442677,OM,-0.324,0.12054183229623372
GHSL_958,0,57,77,0,0,0,0,0,0,0,3,2475700.0,6.971851995505852,1.7990751371018276,3.65,673.287582397461,2468.93181763913,OM,-0.162,0.4329637540367331
GHSL_959,0,33,245,5,0,0,0,0,0,0,1,4020000.0,6.961515124734154,1.679183444568068,0.4,1411.81662559509,4040.19146354368,OM,0.141,0.4329637540367331
GHSL_960,0,79,62,0,0,0,0,0,0,0,2,10779400.0,6.96171342617218,1.828652891126817,0.88,705.471221923828,2434.48945042766,OM,-0.263,0.30513330644193376
GHSL_961,0,79,110,0,0,0,0,0,0,0,1,3716900.0,6.957856408099557,1.8884459683637256,1.63,945.768062591553,2642.06115271158,OM,-0.154,0.5819690713431428
GHSL_962,0,8,164,10,0,0,0,0,0,0,0,0.0,6.958589690908786,2.6581842787741676,1.25,907.247138977051,3548.23082239059,OM,0.298,0.4329637540367331
GHSL_963,0,47,124,1,0,0,0,0,0,0,0,0.0,6.9549491798386,1.662486937794352,0.06,857.790818214417,3470.49087545836,OM,-0.036,0.18423001925153146
GHSL_964,0,142,139,0,0,0,0,0,0,0,8,6720000.0,6.954871067957511,1.909047696103663,0.17,1407.74516963959,3753.86699529505,OM,-0.222,0.4329637540367331
GHSL_965,0,76,129,0,0,0,0,0,0,0,2,11410100.0,6.953018684116435,1.77697952668108,2.88,1027.38554096222,3652.80947796237,OM,-0.12,0.18526197995832963
GHSL_966,0,127,178,0,0,0,0,0,0,0,2,5875100.0,6.952337930777042,1.882462628229203,1.68,1524.6293296814,3084.20891478514,OM,-0.154,0.5819690713431428
GHSL_967,0,79,173,1,0,0,0,0,0,0,2,3167000.0,6.946711410268399,2.0348290200045698,0.81,1263.65890598297,3088.84514935804,OM,-0.073,0.22469601687613422
GHSL_968,0,27,736,57,0,0,2,0,0,0,2,7088600.0,6.945325846637341,1.6704901485994088,0.43,4098.97116661072,4218.6891266467,OM,0.334,0.18423001925153146
GHSL_969,0,0,78,116,0,0,0,0,0,0,4,16705000.0,6.9479251282459105,1.8726467967447222,1.18,973.103191375732,3567.93086125679,OM,0.854,0.5819690713431428
GHSL_970,0,14,287,17,0,0,0,0,0,0,2,5654000.0,6.945143908288771,1.9502519094997686,4.05,1586.54113769531,4136.62674252757,OM,0.292,0.2673131768372132
GHSL_971,0,281,315,0,0,0,1,0,0,0,3,12204300.0,6.943374074105273,2.306293251527317,0.18,2982.33384132385,3301.09408871871,OM,-0.196,0.4329637540367331
GHSL_972,0,24,486,28,0,0,0,0,0,0,2,5431800.0,6.942981468159555,1.9412510710071436,3.41,2692.23677349091,4211.72008837406,OM,0.292,0.2673131768372132
GHSL_973,0,54,190,1,0,0,0,0,0,0,0,0.0,6.941083275623224,1.7843461590667928,2.6,1224.13792228699,2564.77833569456,OM,0.013,0.4329637540367331
GHSL_974,0,510,523,0,0,0,1,0,0,0,5,24428500.0,6.937047391505046,1.751530176058834,0.01,5168.75027275085,4970.87944554163,OM,-0.213,0.4329637540367331
GHSL_975,0,0,187,278,0,0,0,0,0,0,3,9805800.0,6.936790036831734,1.8754304511618072,1.27,2327.60012054443,3330.44319180014,OM,0.854,0.4329637540367331
GHSL_976,0,3,121,14,0,0,0,0,0,0,2,7088600.0,6.937715428458777,1.6656617300099765,0.44,687.352202415466,2986.91645879979,OM,0.401,0.18423001925153146
GHSL_977,1,183,82,0,0,0,0,0,0,0,2,6751600.0,6.935871863305301,1.9332864455935874,2.31,1329.32026004791,4587.31135835874,OM,-0.367,0.4329637540367331
GHSL_978,1,205,69,0,0,0,0,0,0,0,1,9446000.0,6.934566722403997,2.662609092974247,0.04,1371.80608081818,2438.68832787249,OM,-0.42,0.10440689739779012
GHSL_979,0,48,1018,61,0,0,0,0,0,0,6,5834400.0,6.926231569142753,2.2709698979307467,0.03,5636.41609048843,2553.35260912826,OM,0.298,0.08555992035498486
GHSL_980,0,0,87,100,0,0,0,0,0,0,0,0.0,6.931955244409504,1.6979954023855306,0.65,936.219864845276,2554.56470684052,OM,0.804,0.47010758997849783
GHSL_981,0,0,327,487,1,0,5,0,0,0,10,17777600.000000004,6.929653042616119,1.8899304005539659,0.06,4073.33728122711,6206.79152549345,OM,0.854,0.5296229814268008
GHSL_982,0,6,288,34,0,0,0,0,0,0,0,0.0,6.926518353761473,1.6633276625729176,0.44,1640.37414360046,3007.25636439719,OM,0.401,0.18423001925153146
GHSL_983,0,96,123,0,0,0,0,0,0,0,0,0.0,6.927691063483579,1.9686804589372024,3.73,1099.11249542236,4159.94858474929,OM,-0.171,0.15854784206305225
GHSL_984,0,84,68,0,0,0,0,0,0,0,0,0.0,6.925559635581588,2.5916804287185604,2.17,761.899271965027,1752.81020897324,OM,-0.256,0.3261636100658635
GHSL_985,0,82,77,0,0,0,0,0,0,0,0,0.0,6.927563856240171,2.737336567805205,8.26,794.272922515869,2740.93257178109,OM,-0.23,0.4329637540367331
GHSL_986,0,0,100,114,0,0,0,0,0,0,0,0.0,6.926259913352641,1.6956183188789495,0.35,1069.65536117554,3302.68981509951,OM,0.804,0.47010758997849783
GHSL_987,0,11,421,43,0,0,0,0,0,0,1,8379799.999999999,6.925303516733724,2.4399736473514184,0.1,2377.69779586792,3576.5933445066,OM,0.379,0.1923330439348319
GHSL_988,0,5,160,14,0,0,0,0,0,0,2,10293000.0,6.923052498760785,1.7321082485685084,1.51,894.805707931519,4564.65986120175,OM,0.352,0.4329637540367331
GHSL_989,5,177,17,0,0,0,1,0,0,0,1,11121700.0,6.91974275019355,2.048476306921051,4.0,992.77465057373,2647.31435413728,OM,-0.625,0.4329637540367331
GHSL_990,0,20,178,4,0,0,0,0,0,0,1,10538900.0,6.916751339691066,2.5586459485919346,4.77,1013.29107666016,2123.01812880306,OM,0.168,0.3261636100658635
GHSL_991,1,284,104,0,0,0,0,0,0,0,0,0.0,6.916193420563829,1.9591580908132156,2.29,1947.53665828705,4570.0731157739,OM,-0.405,0.15854784206305225
GHSL_992,0,63,94,0,0,0,0,0,0,0,2,9076600.0,6.9177820175945675,2.038108651451844,4.0,782.184186935425,2622.0954624811,OM,-0.142,0.22469601687613422
GHSL_993,1,290,135,0,0,0,0,0,0,0,0,0.0,6.91428079159029,2.7017334756025857,4.78,2130.58157348633,2272.54762352813,OM,-0.361,0.10440689739779012
GHSL_994,0,43,76,0,0,0,0,0,0,0,1,1628800.0,6.917184855752943,2.5941596267001454,3.15,597.775545120239,2003.90722622899,OM,-0.111,0.3261636100658635
GHSL_995,0,14,526,54,0,0,2,0,0,0,4,17110600.0,6.9079660226499,2.454810485618144,0.13,2971.10210418701,3789.11041757471,OM,0.379,0.4730544307132415
GHSL_996,0,106,550,7,0,0,0,0,0,0,1,2928000.0,6.906684256164447,1.8560057627050333,0.02,3313.33092880249,5802.26451130915,OM,0.08,0.4329637540367331
GHSL_997,0,204,114,0,0,0,1,0,0,0,3,14215199.999999998,6.9028985480089124,1.6839757965796676,0.41,1591.64264678955,4342.90806896986,OM,-0.327,0.12485691839399149
GHSL_998,0,408,711,2,0,0,1,0,0,0,8,27926700.0,6.900727222936267,1.9415259991495508,0.09,5606.59034919739,6512.81168039039,OM,-0.114,0.15854784206305225
GHSL_999,5,189,18,0,0,0,0,0,0,0,0,0.0,6.902287985897896,1.9181213554496763,1.77,1063.90811157227,5201.16210827694,OM,-0.626,0.4329637540367331
GHSL_1000,0,116,202,0,0,0,0,0,0,0,1,3147100.0,6.898576372758233,1.9545440031396393,0.31,1589.72289085388,4782.13179610069,OM,-0.114,0.15854784206305225
GHSL_1001,0,59,138,1,0,0,0,0,0,0,0,0.0,6.897108524849315,2.648307669660834,1.36,987.635039329529,2758.73745635793,OM,-0.06,0.4329637540367331
GHSL_1002,0,113,54,0,0,0,0,0,0,0,0,0.0,6.89122868813647,1.7983364311587706,3.18,836.208194732666,4087.51854925635,OM,-0.357,0.10276834598863901
GHSL_1003,0,76,147,0,0,0,0,0,0,0,2,3475600.0,6.890326420518977,1.8153417480188607,1.55,1117.41081809998,5958.63454044183,OM,-0.094,0.4532598094391428
GHSL_1004,0,301,281,0,0,0,1,0,0,0,1,2328000.0,6.885630793618163,1.9647331702333908,0.05,2915.42998313904,4750.36169628734,OM,-0.231,0.4329637540367331
GHSL_1005,0,71,86,0,0,0,0,0,0,0,1,8555500.0,6.886804392170937,2.6084379498059675,0.54,786.535852432251,2976.55141623746,OM,-0.18,0.40474971724204417
GHSL_1006,0,0,134,67,0,0,0,0,0,0,0,0.0,6.885221069868226,1.8260339491938238,0.27,1006.17353248596,6557.78150898093,OM,0.65,0.4532598094391428
GHSL_1007,2,147,23,0,0,0,0,0,0,0,0,0.0,6.880762353191337,2.658191180407497,0.21,858.689888000488,2878.22580948075,OM,-0.554,0.40474971724204417
GHSL_1008,7,145,8,0,0,0,0,0,0,0,1,701600.0,6.878851069307073,2.5101611300014883,3.25,800.938798904419,2185.18109988874,OM,-0.706,0.4741434378781418
GHSL_1009,0,60,189,1,0,0,0,0,0,0,3,13816000.0,6.875057706873062,1.685303336093893,0.84,1249.66646957397,4581.42622878774,OM,-0.005,0.12485691839399149
GHSL_1010,0,52,262,3,0,0,0,0,0,0,1,4686400.0,6.873949690918257,1.8023197035039547,1.73,1586.71029663086,5474.88853835143,OM,0.076,0.4329637540367331
GHSL_1011,0,132,92,0,0,0,0,0,0,0,1,1032000.0,6.875510441910271,1.8369225781999476,1.17,1121.47920417786,5481.96857978383,OM,-0.286,0.4532598094391428
GHSL_1012,0,79,99,0,0,0,0,0,0,0,0,0.0,6.8725865651632345,1.7404045698169137,0.22,889.750162124634,4538.3375947434,OM,-0.177,0.14935862902069805
GHSL_1013,0,307,462,1,0,0,1,0,0,0,3,16861200.0,6.872351048586028,1.872765765962818,0.07,3851.32895851135,6275.30267237498,OM,-0.141,0.08775724091682312
GHSL_1014,12,301,20,0,0,0,0,0,0,0,2,4128800.0,6.865805378560647,2.5550249891574697,5.73,1665.37448120117,2504.80465593554,OM,-0.687,0.4329637540367331
GHSL_1015,5,141,11,0,0,0,0,0,0,0,2,5423000.0,6.8663874942361485,2.364972953910851,0.1,782.95796585083,1874.55818828669,OM,-0.662,0.4329637540367331
GHSL_1016,0,187,281,1,0,0,0,0,0,0,1,7321400.0,6.86195655768184,1.882689901313458,0.28,2342.79878425598,4164.35373962996,OM,-0.141,0.08775724091682312
GHSL_1017,0,199,166,0,0,0,0,0,0,0,1,2172000.0,6.86603631730093,2.0125951793863344,1.86,1825.85218334198,4371.45582542923,OM,-0.252,0.4329637540367331
GHSL_1018,0,34,170,2,0,0,0,0,0,0,1,7476000.0,6.86379117803294,1.8048949853380127,0.83,1027.69984817505,5480.24747331091,OM,0.076,0.08429314000714691
GHSL_1019,1,245,117,0,0,0,0,0,0,0,1,9171700.0,6.859469770184749,1.7868600274522346,0.5,1812.35157966614,5595.19739826292,OM,-0.356,0.4329637540367331
GHSL_1020,0,32,459,18,0,0,1,0,0,0,5,8433900.0,6.855104767094342,2.4674247144269303,0.19,2547.07651138306,2553.89237564198,OM,0.24,0.4741434378781418
GHSL_1021,3,185,31,0,0,0,0,0,0,0,0,0.0,6.8587945722941335,1.9760918649115127,1.2,1094.75131320953,3777.40122425792,OM,-0.539,0.4329637540367331
GHSL_1022,1,110,23,0,0,0,0,0,0,0,1,12000000.0,6.863919603768195,1.9895238442324654,0.12,668.601103782654,4357.63793591072,OM,-0.502,0.4329637540367331
GHSL_1023,0,95,66,0,0,0,0,0,0,0,0,0.0,6.85797590196067,2.6431729115817677,2.78,804.729785919189,1888.15060046736,OM,-0.285,0.4329637540367331
GHSL_1024,0,165,103,0,0,0,0,0,0,0,2,8610800.0,6.856980264849979,1.7235591454061105,0.18,1345.38754081726,3849.63987140258,OM,-0.306,0.4329637540367331
GHSL_1025,0,18,249,10,0,0,0,0,0,0,3,14610200.0,6.854894376726886,2.2317587591364094,0.85,1382.98722648621,1672.64198416866,OM,0.234,0.11101576650074929
GHSL_1026,0,79,155,0,0,0,0,0,0,0,2,4333400.0,6.847715684147115,2.1784347208174237,1.13,1174.60992002487,769.766442373473,OM,-0.092,0.4329637540367331
GHSL_1027,0,111,247,1,0,0,2,0,0,0,2,1303000.0,6.848488287402066,2.139626776582662,0.1,1792.97989678383,982.854054831002,OM,-0.068,0.4329637540367331
GHSL_1028,1,339,227,0,0,0,0,0,0,0,1,5179900.0,6.847224958454992,1.881179900672788,1.91,2834.43889331818,4749.86183290381,OM,-0.293,0.08775724091682312
GHSL_1029,0,120,65,0,0,0,0,0,0,0,2,4326200.0,6.842487694007128,2.605709542692749,0.95,927.671757698059,1943.17502659836,OM,-0.333,0.22944564028415865
GHSL_1030,0,19,396,24,0,0,2,0,0,0,9,26114600.0,6.837597139309729,2.106328350100298,0.4,2194.25155115128,878.464884910382,OM,0.298,0.4329637540367331
GHSL_1031,0,63,87,0,0,0,0,0,0,0,3,9771599.999999998,6.8431733718285965,1.7638921498303002,0.01,750.655632019043,3261.2387618944,OM,-0.155,0.4329637540367331
GHSL_1032,0,195,139,0,0,0,0,0,0,0,2,6948000.0,6.836214727761907,2.5425842822559024,7.53,1673.1304359436,2065.91194436623,OM,-0.282,0.4329637540367331
GHSL_1033,0,285,263,0,0,0,0,0,0,0,2,6207200.0,6.838570321807738,1.6553180560491745,2.67,2741.48973274231,4287.76497789609,OM,-0.233,0.015000000774860543
GHSL_1034,4,485,116,0,0,0,0,0,0,0,3,3207600.0000000005,6.8367777695455105,1.7445951908700026,0.09,3025.71807098389,4550.29411381891,OM,-0.479,0.14935862902069805
GHSL_1035,0,173,178,0,0,0,0,0,0,0,3,4582000.0,6.8360639969592425,1.6965667591616156,2.48,1755.50358581543,3744.07589616727,OM,-0.212,0.16331427852894115
GHSL_1036,0,151,239,0,0,0,0,0,0,0,2,6581000.0,6.832681198069332,1.7231817500430056,1.54,1955.45685863495,3887.78141783379,OM,-0.132,0.14935862902069805
GHSL_1037,0,82,326,3,0,0,2,0,0,0,2,5675200.0,6.833762110259074,1.68013464660422,0.99,2053.27973842621,4631.80631271421,OM,0.036,0.16331427852894115
GHSL_1038,0,18,220,8,0,0,0,0,0,0,0,0.0,6.830540743884771,2.2119550006353483,0.1,1224.91280412674,1294.45753520566,OM,0.22,0.4329637540367331
GHSL_1039,0,200,142,0,0,0,0,0,0,0,2,1753199.9999999998,6.830014074386304,2.5275905567934753,5.77,1710.20684146881,2279.66787719116,OM,-0.282,0.4329637540367331
GHSL_1040,1,111,24,0,0,0,0,0,0,0,1,2981600.0,6.8350610982795565,2.026585370536281,2.32,683.323428153992,3816.91623043704,OM,-0.495,0.07736493607140987
GHSL_1041,0,174,784,8,0,0,1,0,0,0,6,15947600.0,6.823983461770445,2.6087354435965904,0.34,4831.30265522003,2196.59581041625,OM,0.056,0.22944564028415865
GHSL_1042,0,92,95,0,0,0,0,0,0,0,3,7328600.0,6.82811540996218,1.7086308206399894,2.68,934.058906555176,3652.23423872991,OM,-0.212,0.4329637540367331
GHSL_1043,0,90,111,0,0,0,0,0,0,0,0,0.0,6.825246241369413,1.8489424336945854,1.39,1003.90361404419,4361.47980468856,OM,-0.178,1.789463405584743e-09
GHSL_1044,0,44,121,1,0,0,0,0,0,0,0,0.0,6.824281687403692,2.3020251946425927,3.29,830.183714866638,1498.18852220463,OM,-0.031,0.4329637540367331
GHSL_1045,0,92,367,3,0,0,0,0,0,0,3,13297600.0,6.820382026822519,1.6751494308201154,0.04,2310.37386703491,4442.81307059259,OM,0.036,0.16331427852894115
GHSL_1046,1,92,14,0,0,0,0,0,0,0,0,0.0,6.829769331010678,1.992226838900573,2.04,534.832450866699,3301.94444122055,OM,-0.559,0.07736493607140987
GHSL_1047,0,112,116,0,0,0,0,0,0,0,0,0.0,6.8239295615362225,1.6956576602058884,2.06,1140.51258850098,4054.07478361673,OM,-0.212,0.16331427852894115
GHSL_1048,0,67,83,0,0,0,1,0,0,0,1,9885100.0,6.820566240289751,1.8601075052577893,1.6,753.716917991638,3683.85590416245,OM,-0.178,1.789463405584743e-09
GHSL_1049,0,157,162,0,0,0,0,0,0,0,0,0.0,6.818673639338777,1.7058615407196511,3.29,1599.1968870163,4689.72694139676,OM,-0.212,0.4329637540367331
GHSL_1050,1,90,25,0,0,0,0,0,0,0,0,0.0,6.821745055028244,1.9244798839777528,6.75,577.972625732422,3389.86877262418,OM,-0.456,0.4329637540367331
GHSL_1051,0,63,350,5,0,0,0,0,0,0,1,4394500.0,6.816760092009197,1.6643455204252473,0.24,2085.21041584015,4009.82725030556,OM,0.092,0.16331427852894115
GHSL_1052,0,5,200,23,0,0,0,0,0,0,5,7166000.0,6.816314408331256,1.779114963860924,0.39,1138.76080322266,4606.17171897121,OM,0.396,0.42302222406258133
GHSL_1053,0,0,611,935,2,0,0,0,0,0,14,27924400.0,6.807936452364531,2.1749040936134385,0.21,7739.65226411819,2241.65445156513,OM,0.859,0.4329637540367331
GHSL_1054,1,186,68,0,0,0,0,0,0,0,0,0.0,6.814520045743129,2.0528373243710436,4.99,1276.57140159607,3186.0520411707,OM,-0.405,0.07736493607140987
GHSL_1055,0,4,184,21,0,0,0,0,0,0,1,2652000.0,6.810861498121674,1.759414341495189,0.48,1049.26725673676,4558.56307912134,OM,0.396,0.40341830793630123
GHSL_1056,0,130,87,0,0,0,0,0,0,0,1,1786900.0,6.8090873388662745,1.6806802398808152,0.92,1087.65261745453,3866.17832561816,OM,-0.293,0.16331427852894115
GHSL_1057,0,46,257,3,0,0,1,0,0,0,2,15351800.0,6.802224145034713,1.6679658160240827,0.15,1531.69619941711,5614.7107429381,OM,0.092,0.16331427852894115
GHSL_1058,1,234,100,0,0,0,0,0,0,0,2,11641000.0,6.800041477897814,1.7428243644183479,0.34,1670.64890670776,5598.94199742767,OM,-0.377,0.26353350202545955
GHSL_1059,1,154,43,0,0,0,0,0,0,0,0,0.0,6.794002484625656,2.4822202710336345,0.46,994.384812355042,2159.80923787596,OM,-0.451,0.4329637540367331
GHSL_1060,1,114,32,0,0,0,0,0,0,0,0,0.0,6.791033146324121,2.4726419351407416,1.49,737.441390037537,2217.77546219869,OM,-0.451,0.37710785044613576
GHSL_1061,1,117,24,0,0,0,0,0,0,0,1,8881600.0,6.785464315504751,2.0828492744183484,3.78,713.607745170593,820.567014358149,OM,-0.503,0.07283199846221437
GHSL_1062,0,410,417,0,0,0,0,0,0,0,1,6804000.0,6.779319329377992,1.7172962947987367,0.29,4140.31739234924,4455.14464374406,OM,-0.215,0.26353350202545955
GHSL_1063,0,122,184,0,0,0,0,0,0,0,5,18154600.0,6.782217897602826,1.7726279443344155,0.09,1533.96622848511,4734.63902516484,OM,-0.141,0.40341830793630123
GHSL_1064,0,235,219,0,0,0,0,0,0,0,5,11193500.0,6.768494010572,2.107673529200274,1.02,2272.60011029243,827.79314070823,OM,-0.232,0.4329637540367331
GHSL_1065,0,360,650,2,0,0,1,0,0,0,4,32564400.0,6.7682707142348395,2.4807084464892353,0.38,5057.98114299774,2181.03538923475,OM,-0.107,0.4329637540367331
GHSL_1066,0,97,37,0,0,0,0,0,0,0,0,0.0,6.785446948817504,2.7291151609109003,4.05,669.59396648407,1707.29422657057,OM,-0.397,0.4329637540367331
GHSL_1067,0,128,130,0,0,0,0,0,0,0,0,0.0,6.777491534173889,1.7288285729619426,0.14,1292.20868682861,4889.06300586673,OM,-0.215,0.26353350202545955
GHSL_1068,0,32,116,1,0,0,1,0,0,0,2,7967600.0,6.770201617550089,2.1654743444255407,0.11,742.956369400024,1428.52599262434,OM,0.021,0.18667619023324855
GHSL_1069,0,383,1283,8,0,1,2,0,0,0,6,39890800.0,6.7615251392109235,1.668460661251594,0.01,8371.73878860474,6634.50652424439,OM,0.005,0.0733675693060481
GHSL_1070,0,12,226,12,0,0,0,0,0,0,2,8714800.0,6.7653991535941005,2.1798861082812464,0.09,1253.32135486603,999.999485260793,OM,0.285,0.18667619023324855
GHSL_1071,3,120,12,0,0,0,0,0,0,0,1,9556000.0,6.749242894585132,1.9722953033050132,2.32,675.453137397766,3960.80887970962,OM,-0.618,0.2948635277547903
GHSL_1072,0,102,40,0,0,0,0,0,0,0,1,12000000.0,6.7488217867084375,2.013907325953825,3.67,711.98517036438,3479.16646226607,OM,-0.389,0.4329637540367331
GHSL_1073,2,105,12,0,0,0,0,0,0,0,0,0.0,6.745282594001599,2.074385897133752,0.76,597.392708301544,805.279373193046,OM,-0.606,0.07283199846221437
GHSL_1074,0,62,739,24,0,0,2,0,0,0,6,14089900.0,6.730603124594612,2.165333321408753,0.19,4127.66337966919,2200.31737671204,OM,0.213,0.045961939428426433
GHSL_1075,0,59,222,2,0,0,0,0,0,0,1,1956000.0,6.738234143319839,2.484539991854329,0.32,1416.45381259918,2339.63336444002,OM,0.024,0.4329637540367331
GHSL_1076,3,607,225,0,0,0,0,0,0,0,2,8626600.0,6.735603615913485,1.756121623933328,1.28,4175.73133468628,6443.51276546678,OM,-0.402,0.2603079904789052
GHSL_1077,0,60,417,7,0,0,1,0,0,0,4,10931100.0,6.727632865864759,2.117798164868267,0.04,2422.95176076889,1386.10025586953,OM,0.128,0.1864841345737689
GHSL_1078,0,1,161,59,0,0,0,0,0,0,6,10180100.0,6.727245610513907,2.481206257380423,0.72,1105.83670854568,2161.44151625364,OM,0.594,0.34352486735266113
GHSL_1079,0,475,517,1,0,0,1,0,0,0,8,21028100.0,6.728081676196986,1.7738901877953104,0.33,4967.29394817352,4774.89435503187,OM,-0.202,0.17615958498419687
GHSL_1080,0,54,478,11,0,0,0,0,0,0,3,7217600.0,6.7234942651224125,2.376174301567398,0.63,2714.40853404999,2002.081832588,OM,0.167,0.05444721962255326
GHSL_1081,0,256,532,2,0,0,0,0,0,0,2,20004000.0,6.719029807143001,2.1933427989850522,0.17,3949.6146197319,1971.01802770768,OM,-0.081,0.2680789640660714
GHSL_1082,0,111,212,1,0,0,0,0,0,0,0,0.0,6.722517237885235,1.6683577335020567,1.71,1619.32731246948,5132.59095106318,OM,-0.097,0.0733675693060481
GHSL_1083,1,194,76,0,0,0,0,0,0,0,0,0.0,6.7192259281818,1.7352976213564675,2.45,1354.41100215912,3693.90527533367,OM,-0.393,0.4329637540367331
GHSL_1084,0,361,622,1,0,0,1,0,0,0,4,19265000.0,6.708862058632189,2.6140798467496427,0.51,4923.2367272377,2685.44335352694,OM,-0.116,0.3769680771074741
GHSL_1085,0,0,101,127,0,0,0,0,0,0,3,6355800.0,6.71532952060043,2.6416625186269047,0.63,1140.05200529099,2228.31790252724,OM,0.822,0.29699999994039533
GHSL_1086,0,66,72,0,0,0,0,0,0,0,1,4524500.0,6.714241349317604,1.9949528281183047,0.06,688.81923866272,2692.69863829686,OM,-0.201,0.2948635277547903
GHSL_1087,0,1,158,58,0,0,0,0,0,0,0,0.0,6.714002864055012,2.476532798817507,1.07,1082.78639411926,3255.98143489688,OM,0.594,0.4329637540367331
GHSL_1088,0,0,74,92,0,0,0,0,0,0,1,7124900.0,6.713630404285334,2.652732439083834,0.18,831.126476287842,2784.85642677157,OM,0.822,0.29699999994039533
GHSL_1089,4,259,41,0,0,0,0,0,0,0,1,12000000.0,6.711586563718788,1.7475732543056852,0.91,1517.34210205078,3489.12934473606,OM,-0.551,0.17615958498419687
GHSL_1090,1,164,67,0,0,0,0,0,0,0,0,0.0,6.708986343174142,1.7128535225011312,3.36,1156.58594417572,3082.68373235743,OM,-0.384,0.17615958498419687
GHSL_1091,0,12,700,106,0,0,1,0,0,0,5,37460400.0,6.706026784755706,1.6800787956843077,0.03,4087.8922586441,4318.97011680344,OM,0.44,0.4329637540367331
GHSL_1092,0,48,111,0,0,0,0,0,0,0,1,3249600.0,6.710313045291377,1.6446637836056706,2.02,797.549262046814,3597.39317663717,OM,-0.06,0.4329637540367331
GHSL_1093,0,20,178,4,0,0,0,0,0,0,0,0.0,6.705542662774055,2.1527337998936233,0.03,1014.54208183289,2124.64206518975,OM,0.167,0.4329637540367331
GHSL_1094,0,13,102,2,0,0,0,0,0,0,0,0.0,6.705014956176263,2.2504201964865587,1.95,585.452796936035,1525.74905056105,OM,0.155,0.42896269326454534
GHSL_1095,0,74,81,0,0,0,0,0,0,0,0,0.0,6.696899539878951,2.1299258702374835,0.14,774.916663169861,2524.38874936431,OM,-0.201,0.07635007175083283
GHSL_1096,0,179,192,0,0,0,1,0,0,0,2,4311600.0,6.690270004738701,1.6435595237048384,1.95,1856.92974376678,2865.40238093052,OM,-0.205,0.08021034845953483
GHSL_1097,0,4,138,13,0,0,0,0,0,0,0,0.0,6.689208843014456,1.7866516020775984,2.16,774.838891029358,2065.20168829855,OM,0.366,0.4329637540367331
GHSL_1098,0,42,168,1,0,0,1,0,0,0,1,5760000.0,6.688636238328503,2.672286099732526,0.1,1056.28464984894,3440.98044723603,OM,0.036,0.0643920275296987
GHSL_1099,0,207,374,1,0,0,0,0,0,0,7,23398400.0,6.683800932851275,1.7438566321881666,0.19,2908.84606838226,3790.19417732692,OM,-0.107,0.0740697883957847
GHSL_1100,0,26,116,1,0,0,0,0,0,0,0,0.0,6.686481305338007,2.566000492777873,3.21,714.210742950439,1861.30162751192,OM,0.056,0.4329637540367331
GHSL_1101,0,145,81,0,0,0,1,0,0,0,1,7270200.0,6.682505751072782,2.548631092116259,3.14,1133.38134145737,1871.9649372861,OM,-0.328,0.26081725852863086
GHSL_1102,0,47,95,0,0,0,0,0,0,0,1,5235000.0,6.681630994021292,2.085655692213589,0.11,711.254064083099,1895.55949606809,OM,-0.085,0.07635007175083283
GHSL_1103,0,9,155,8,0,0,0,0,0,0,1,9384800.0,6.678255740409789,2.3668403027780696,0.03,858.110332489014,1597.1904096111,OM,0.267,0.2628808397782528
GHSL_1104,0,115,188,0,0,0,0,0,0,0,0,0.0,6.675605088864988,1.696947351011757,2.8,1515.22462844849,3352.38554561331,OM,-0.126,0.3536575579302072
GHSL_1105,0,114,55,0,0,0,0,0,0,0,1,9296600.0,6.67760783689007,2.0178838569741586,1.75,848.683867454529,2487.93347635591,OM,-0.355,0.019798980263741883
GHSL_1106,0,63,60,0,0,0,0,0,0,0,1,6950800.0,6.674945206199823,2.4802224842688205,0.08,614.991782188416,2253.57565588508,OM,-0.229,0.25575444024203753
GHSL_1107,0,0,108,46,0,0,0,0,0,0,3,13721000.0,6.672455220783264,2.500606316292665,0.07,775.813636779785,1935.58549753449,OM,0.621,0.4329637540367331
GHSL_1108,0,10,349,34,0,0,0,0,0,0,2,9891100.0,6.667877666555435,2.287992929452352,0.1,1966.15394544601,1397.28946034881,OM,0.37,0.18761663048443303
GHSL_1109,0,2,241,69,0,0,0,0,0,0,1,6652800.0,6.670991356210027,2.1321455545927184,0.11,1556.55026054382,3202.14579125075,OM,0.548,0.4329637540367331
GHSL_1110,0,214,148,0,0,0,0,0,0,0,1,4584800.0,6.668004242978768,2.0414006637364692,0.15,1810.01851654053,2358.26886145055,OM,-0.287,0.4329637540367331
GHSL_1111,0,72,389,5,0,0,4,0,0,0,2,6799600.0,6.667736453439757,2.1688474511088125,0.56,2329.19678783417,3593.72961488189,OM,0.087,0.4329637540367331
GHSL_1112,0,140,132,0,0,0,0,0,0,0,0,0.0,6.668475419799924,2.4714146425667134,0.09,1365.12451219559,2540.88215885596,OM,-0.229,0.4329637540367331
GHSL_1113,0,434,879,3,0,0,1,0,0,0,1,12000000.0,6.6586679687009696,1.6590297576264361,0.03,6577.48484325409,3915.13226258207,OM,-0.086,0.4329637540367331
GHSL_1114,0,46,224,2,0,0,0,0,0,0,1,12000000.0,6.661850379504671,2.3040609601493904,0.01,1360.28623819351,1296.8149283408,OM,0.071,0.18761663048443303
GHSL_1115,0,13,399,34,0,0,0,0,0,0,4,21219400.0,6.659402165899787,2.498251127734216,0.4,2228.01831388474,2902.87981275372,OM,0.348,0.26081725852863086
GHSL_1116,0,34,96,0,0,0,0,0,0,0,0,0.0,6.662433436441504,2.1104797660691887,0.26,651.187634468079,2313.90227723321,OM,-0.026,0.4329637540367331
GHSL_1117,0,111,43,0,0,0,0,0,0,0,0,0.0,6.6604973049511,2.6569910503226213,3.31,772.262038230896,2012.35678088101,OM,-0.396,0.4329637540367331
GHSL_1118,0,2,180,36,0,0,0,0,0,0,2,3736600.0,6.659735933665034,2.6197372339414238,0.01,1091.17973136902,3120.79500345782,OM,0.488,0.3658737200649014
GHSL_1119,0,85,293,2,0,0,0,0,0,0,2,5026800.0,6.659225424119275,2.6913573033845486,2.2,1902.21252536774,2896.8173981015,OM,0.01,0.23587416791409177
GHSL_1120,0,57,145,1,0,0,0,0,0,0,0,0.0,6.656178414635528,2.225122594015778,0.96,1015.07171297073,1506.68492318785,OM,-0.044,0.4329637540367331
GHSL_1121,0,102,68,0,0,0,0,0,0,0,1,4500000.0,6.65486692588884,2.475433172346949,1.62,852.125646591187,2498.02311969743,OM,-0.295,0.4329637540367331
GHSL_1122,0,127,258,1,0,0,0,0,0,0,0,0.0,6.660025340588022,1.6475639978364232,1.25,1929.66363239288,3771.23130158084,OM,-0.086,0.08021034845953483
GHSL_1123,0,250,861,6,0,0,1,0,0,0,3,5250600.0,6.6479695170239275,2.704582052906641,0.39,5582.20195770264,3500.3925149383,OM,0.01,0.23587416791409177
GHSL_1124,0,90,55,0,0,0,0,0,0,0,0,0.0,6.650668018931044,2.282869268623979,0.21,724.408537387848,1348.3288241681,OM,-0.312,0.4329637540367331
GHSL_1125,0,164,98,0,0,0,0,0,0,0,0,0.0,6.650512411328983,2.0974189290094905,0.03,1314.73492765427,1903.29448911106,OM,-0.315,0.4329637540367331
GHSL_1126,0,4,340,69,0,0,0,0,0,0,5,10185500.0,6.650244380433068,2.6193617481566753,0.01,2062.68239212036,4319.13861925498,OM,0.488,0.3658737200649014
GHSL_1127,0,154,274,1,0,0,0,0,0,0,2,12679200.0,6.643532860188581,2.527075652455802,0.17,2144.84858322144,2187.01421733159,OM,-0.11,0.26081725852863086
GHSL_1128,0,62,79,0,0,0,0,0,0,0,1,4260000.0,6.641361011662667,2.475962189372978,3.08,708.648680686951,2680.53879700626,OM,-0.172,0.3188577347269268
GHSL_1129,0,31,100,1,0,0,0,0,0,0,0,0.0,6.642207505313972,1.6607395369411637,1.48,656.014357566833,2958.64463471836,OM,-0.002,0.4329637540367331
GHSL_1130,0,37,218,3,0,0,0,0,0,0,4,8485600.0,6.638701878201109,2.600746786594242,0.13,1290.08179950714,2909.15400740353,OM,0.104,0.4329637540367331
GHSL_1131,0,0,34,144,1,0,0,0,0,0,1,12000000.0,6.638640136431334,2.234392726881596,1.17,895.728749275208,1909.7065266826,OM,1.042,0.4220000005364418
GHSL_1132,0,13,173,6,0,0,0,0,0,0,3,16510200.0,6.638908639155921,2.7015189336711654,0.06,963.356290817261,2755.21750679901,OM,0.227,0.23587416791409177
GHSL_1133,0,96,298,2,0,0,0,0,0,0,2,9003600.0,6.6343553927588585,2.0935743058144554,0.44,1980.61463212967,2002.14165924992,OM,-0.009,0.25954495421883417
GHSL_1134,0,45,76,0,0,0,1,0,0,0,1,1055800.0,6.636461780403043,2.5640607464193614,2.83,605.106415271759,1730.6159774166,OM,-0.122,0.4329637540367331
GHSL_1135,0,39,152,1,0,0,0,0,0,0,0,0.0,6.637318047571918,2.295717659671471,0.11,964.613335132599,1713.80787554117,OM,0.03,0.2566287870807428
GHSL_1136,0,35,123,1,0,0,0,0,0,0,1,5961600.0,6.6353235403871835,2.583325150142097,0.71,794.926801204681,1827.72045305127,OM,0.011,0.4329637540367331
GHSL_1137,0,127,940,18,0,0,0,0,0,0,4,5257200.0,6.626406259715719,2.543954283124327,1.34,5422.00795984268,1690.92719534679,OM,0.139,0.4329637540367331
GHSL_1138,0,24,127,2,0,0,0,0,0,0,1,4964200.0,6.633262043844811,2.71959765844969,1.45,760.960333824158,2624.43554044862,OM,0.087,0.23587416791409177
GHSL_1139,0,54,221,2,0,0,0,0,0,0,0,0.0,6.629981978050763,1.7569067283544404,0.46,1383.8594751358,4056.81131313263,OM,0.04,0.4329637540367331
GHSL_1140,1,129,31,0,0,0,0,0,0,0,1,4426800.0,6.630442943197905,2.158458193911909,0.52,805.021014213562,2052.1173582,OM,-0.476,0.3161281400783277
GHSL_1141,0,3,900,379,0,0,0,0,0,0,7,19820400.0,6.616474660239075,2.6961638763850417,0.15,6412.38494777679,2724.20991880923,OM,0.618,0.4329637540367331
GHSL_1142,0,117,73,0,0,0,0,0,0,0,3,5868000.0,6.6291196703300095,1.9200245602851955,1.57,953.916541099548,2943.60540232654,OM,-0.307,0.14404947066893373
GHSL_1143,0,42,252,4,0,0,0,0,0,0,4,18360000.0,6.626850072631525,2.595525766559363,0.24,1486.40649080276,1854.22549349672,OM,0.104,0.4329637540367331
GHSL_1144,0,28,268,7,0,0,0,0,0,0,2,11465800.0,6.619522458986894,2.3208419342224422,1.45,1515.19731712341,1645.05876009107,OM,0.179,0.4329637540367331
GHSL_1145,3,412,114,0,0,0,0,0,0,0,2,15685000.0,6.61912013305683,2.060879884592165,2.79,2642.37210702896,1961.00387879166,OM,-0.454,0.25954495421883417
GHSL_1146,0,1,565,361,0,0,0,0,0,0,5,20416000.0,6.61358966801001,2.6536227600957596,0.13,4636.29052782059,2601.0155945052,OM,0.695,0.4329637540367331
GHSL_1147,4,225,28,0,0,0,0,0,0,0,1,12000000.0,6.620186245873588,2.4483050391286794,2.03,1285.98581933975,2513.26184204923,OM,-0.588,0.03290896534380863
GHSL_1148,0,215,145,0,0,0,1,0,0,0,2,3978200.0,6.615668699524161,2.5205716212281937,0.15,1805.9321603775,2117.49983263241,OM,-0.292,0.4329637540367331
GHSL_1149,0,112,96,0,0,0,0,0,0,0,0,0.0,6.615222609820504,2.2520918261255813,0.19,1040.44209575653,1876.80511329588,OM,-0.246,0.4329637540367331
GHSL_1150,0,186,94,0,0,0,1,0,0,0,3,7989000.0,6.616709180665695,2.7244994541889005,1.11,1399.2113494873,2646.20646118989,OM,-0.346,0.23587416791409177
GHSL_1151,1,102,32,0,0,0,0,0,0,0,1,8177500.0,6.615294376784847,2.1328764549507127,0.01,672.568783760071,2075.26616191297,OM,-0.434,0.4329637540367331
GHSL_1152,0,66,128,0,0,0,0,0,0,0,3,2511300.0,6.608270341409719,2.623220362282116,1.82,972.552586078644,1540.93417384919,OM,-0.095,0.4329637540367331
GHSL_1153,0,250,303,0,0,0,0,0,0,0,0,0.0,6.611651653404818,1.6697104671382825,1.2,2771.16496372223,3868.00830397078,OM,-0.182,0.23450152806893745
GHSL_1154,0,73,88,0,0,0,0,0,0,0,0,0.0,6.6127052752268405,2.6668827891513986,1.6,806.043855667114,2100.14253109244,OM,-0.184,0.4329637540367331
GHSL_1155,0,157,130,0,0,0,0,0,0,0,1,1965100.0,6.614117697196632,1.8789423233363256,1.14,1436.71828460693,2904.35804578547,OM,-0.253,0.5116952372142833
GHSL_1156,23,1173,146,0,0,0,1,0,0,0,4,16387200.0,6.605783467020785,2.4513838569408186,0.49,6710.10537528992,5175.92098728943,OM,-0.588,0.03290896534380863
GHSL_1157,2,130,23,0,0,0,0,0,0,0,2,10332000.0,6.611732438860292,2.4733806760121175,2.88,773.270287036896,2450.38868474677,OM,-0.531,0.03290896534380863
GHSL_1158,0,69,163,1,0,0,0,0,0,0,1,4015300.0,6.608499524463267,1.902201013195681,0.0,1161.82540798187,2619.62672146133,OM,-0.058,0.14404947066893373
GHSL_1159,0,15,185,6,0,0,0,0,0,0,4,5568000.0,6.606785232568756,2.589461629495964,0.14,1032.58977508545,1952.71119611922,OM,0.214,0.4329637540367331
GHSL_1160,0,6,534,111,0,0,1,0,0,0,9,35995200.0,6.6038047473526955,1.7054486697900701,0.04,3251.96389293671,5295.59915343844,OM,0.493,0.23450152806893745
GHSL_1161,0,1,139,40,0,0,0,0,0,0,0,0.0,6.608988894833103,1.9732676193122591,0.05,899.469550132751,4218.4056753793,OM,0.55,0.3066050676129675
GHSL_1162,0,30,115,1,0,0,0,0,0,0,1,12000000.0,6.608128041287179,1.917562283725385,1.67,730.823105812073,2856.22818545384,OM,0.026,0.14404947066893373
GHSL_1163,0,134,111,0,0,0,0,0,0,0,0,0.0,6.605462842697321,1.8847121989366649,1.9,1225.59709739685,2763.41598662674,OM,-0.253,0.5116952372142833
GHSL_1164,0,1,138,44,0,0,0,0,0,0,0,0.0,6.6041707584578155,2.541667662842007,0.43,911.998970031738,5346.45896372223,OM,0.567,0.36150327734922594
GHSL_1165,0,105,125,0,0,0,0,0,0,0,0,0.0,6.600772659478,2.673824790341106,0.35,1152.07865524292,2412.10377879445,OM,-0.184,0.4329637540367331
GHSL_1166,0,54,167,1,0,0,0,0,0,0,0,0.0,6.60086537972627,2.025926303578342,2.68,1110.71002864838,2284.69232658932,OM,-0.009,0.25954495421883417
GHSL_1167,0,71,135,0,0,0,0,0,0,0,0,0.0,6.599774416999682,1.6632133403604237,0.76,1027.24321269989,4153.14570855576,OM,-0.097,0.23450152806893745
GHSL_1168,0,61,114,0,0,0,0,0,0,0,0,0.0,6.598696928113275,2.3101714457905467,3.18,878.080576896667,1634.16425546579,OM,-0.1,0.2566287870807428
GHSL_1169,0,93,48,0,0,0,0,0,0,0,2,1680000.0,6.595542963702508,2.0864031737811564,0.59,704.52611541748,860.454180122572,OM,-0.342,0.061878908453908775
GHSL_1170,0,58,122,0,0,0,0,0,0,0,2,2683000.0,6.597876978666838,2.3619351034028138,0.0,904.503823280334,2866.22690559818,OM,-0.079,0.45540824186583634
GHSL_1171,0,2,206,45,0,0,0,0,0,0,2,2904400.0,6.59627850374469,2.5704575372750833,1.32,1263.7842912674,1543.48923680408,OM,0.503,0.4329637540367331
GHSL_1172,0,75,91,0,0,0,0,0,0,0,1,2380600.0,6.5952835110910355,2.635882061669584,1.47,832.587657928467,1877.27765435678,OM,-0.182,0.4329637540367331
GHSL_1173,0,91,68,0,0,0,0,0,0,0,0,0.0,6.59587971305517,1.8674318005458463,0.15,795.910212516785,3110.60387117202,OM,-0.274,0.5116952372142833
GHSL_1174,0,109,46,0,0,0,0,0,0,0,0,0.0,6.59511762603484,1.7238156540265896,0.24,779.36150932312,4809.3594567335,OM,-0.378,0.2986184873497502
GHSL_1175,0,60,93,0,0,0,0,0,0,0,3,13075000.0,6.591055654670075,2.735267754832836,2.69,765.672773361206,2895.89890037862,OM,-0.134,0.4329637540367331
GHSL_1176,0,32,884,69,0,0,1,0,0,0,13,33956500.0,6.590469273001045,1.9658552835340188,0.2,4924.53240680695,4851.99029983412,OM,0.336,0.3066050676129675
GHSL_1177,0,73,89,0,0,0,0,0,0,0,0,0.0,6.591761143332329,2.00211805357039,0.03,808.829597473145,3512.32873235603,OM,-0.18,0.4329637540367331
GHSL_1178,0,92,174,0,0,0,0,0,0,0,2,6857600.0,6.588815695984374,2.3235303004218486,3.62,1332.43292379379,2002.86943158304,OM,-0.1,0.4329637540367331
GHSL_1179,0,47,98,0,0,0,0,0,0,0,1,5889700.0,6.589684784095513,1.8486418950227825,1.31,725.387746810913,3697.80720921925,OM,-0.08,0.26601002747116026
GHSL_1180,0,459,905,3,0,0,1,0,0,0,4,26282000.0,6.585952065602207,2.4957759027637687,1.21,6835.29483222961,6310.37860844346,OM,-0.091,0.4329637540367331
GHSL_1181,0,106,129,0,0,0,0,0,0,0,2,2732200.0,6.586626805356687,2.6243028700200517,0.04,1176.6989068985,2554.89746724356,OM,-0.182,0.0615182908061666
GHSL_1182,0,80,478,7,0,0,1,0,0,0,0,0.0,6.587265486556475,1.668411934896341,0.18,2825.17314720154,5915.05692176595,OM,0.103,0.4329637540367331
GHSL_1183,0,73,152,0,0,0,0,0,0,0,1,2777800.0,6.586392672336079,1.8680942521927448,0.06,1125.11499500275,3067.82330871894,OM,-0.08,0.5116952372142833
GHSL_1184,0,114,332,2,0,0,0,0,0,0,6,14396200.0,6.584669774647367,1.7415563711941993,0.6,2239.21185874939,4605.9817768262,OM,-0.02,0.2986184873497502
GHSL_1185,1,123,38,0,0,0,0,0,0,0,2,4105100.0000000005,6.582282858133006,2.1847696213915326,2.48,812.211697340012,584.229551965263,OM,-0.434,0.37563324515633956
GHSL_1186,0,25,125,1,0,0,0,0,0,0,0,0.0,6.584734132902104,1.6992566836441887,0.77,760.989978790283,4461.19110558262,OM,0.072,0.23450152806893745
GHSL_1187,0,5,341,55,0,0,0,0,0,0,3,11034600.0,6.582657573133307,1.7699445818006077,0.03,2004.46977233887,4196.7526178309,OM,0.45,0.4329637540367331
GHSL_1188,0,50,104,0,0,0,0,0,0,0,0,0.0,6.580538302292565,1.8539216331573694,0.14,767.319629669189,3598.63819753401,OM,-0.08,0.4329637540367331
GHSL_1189,0,50,144,1,0,0,0,0,0,0,1,3072000.0,6.578448865910046,1.900712424784977,0.23,973.177443504333,3565.69294284329,OM,-0.02,0.5116952372142833
GHSL_1190,0,44,145,1,0,0,0,0,0,0,3,29424000.0,6.58003796650973,2.3993675579485783,4.17,952.217262268066,2278.46234639577,OM,0.0,0.4329637540367331
GHSL_1191,0,171,106,0,0,0,1,0,0,0,0,0.0,6.577959839678066,2.520346850701464,0.06,1385.05673980713,6766.40842911991,OM,-0.308,0.4329637540367331
GHSL_1192,0,1,183,60,0,0,0,0,0,0,2,6264400.0,6.578449437150893,2.5724290893293773,0.37,1219.40640544891,3762.41555266217,OM,0.573,0.4329637540367331
GHSL_1193,0,81,243,1,0,0,0,0,0,0,2,5111200.0,6.576283694705459,2.6974026839456795,1.66,1626.2360868454,2888.96010197898,OM,-0.015,0.4329637540367331
GHSL_1194,0,126,540,5,0,0,0,0,0,0,3,31992000.0,6.569513330061728,1.9966468591681077,0.08,3355.18335819244,2789.85252388302,OM,0.047,0.10091704635840891
GHSL_1195,0,71,112,0,0,0,0,0,0,0,1,8130500.0,6.575487608218839,2.5406971270916223,0.73,913.035663604736,5634.24886982948,OM,-0.132,0.4329637540367331
GHSL_1196,0,0,334,598,1,0,0,0,0,0,5,8042200.0,6.571147972588461,1.8756012069128567,0.15,4671.17087078094,5646.19541912305,OM,0.888,0.5116952372142833
GHSL_1197,0,57,82,0,0,0,0,0,0,0,1,1502600.0,6.569002297496648,2.2134774968314574,1.38,697.087882518768,681.069299580826,OM,-0.149,0.4329637540367331
GHSL_1198,0,166,343,1,0,0,0,0,0,0,2,5361400.0,6.56602853374355,2.3268610787823873,1.98,2552.43603515625,2216.63055911066,OM,-0.082,0.28323258993272643
GHSL_1199,0,0,435,388,0,0,0,0,0,0,15,26419800.0,6.56834549412987,1.8592309572212637,0.14,4119.40683364868,5962.62301023375,OM,0.757,0.4329637540367331
GHSL_1200,1,156,37,0,0,0,0,0,0,0,0,0.0,6.5671615072308756,2.341879003642702,1.11,971.90353345871,1651.41936122357,OM,-0.482,0.4329637540367331
GHSL_1201,0,51,74,0,0,0,0,0,0,0,2,2342600.0,6.558918335111267,2.202393457063867,2.54,625.626424312592,559.882345398552,OM,-0.149,0.4329637540367331
GHSL_1202,0,184,366,1,0,0,0,0,0,0,2,5704400.0,6.562763027785832,2.4520487216175515,1.76,2753.97951507568,6208.8094397053,OM,-0.089,0.32314779900225227
GHSL_1203,0,0,296,370,0,0,0,0,0,0,6,18053600.0,6.558764862061187,1.8170736300463324,0.06,3337.23976039886,4162.08096630025,OM,0.821,0.32668333476264627
GHSL_1204,0,18,122,2,0,0,0,0,0,0,3,17378000.0,6.556642363061055,2.186367269349688,1.16,714.025851488113,581.303930438832,OM,0.121,0.37563324515633956
GHSL_1205,0,46,361,7,0,0,1,0,0,0,1,7176000.0,6.552243848194807,1.91570612712705,3.54,2072.16578674316,3680.70941550884,OM,0.148,0.23824833186001462
GHSL_1206,4,279,45,0,0,0,0,0,0,0,1,3694000.0,6.549826534683636,2.4551693734650284,0.51,1641.81676673889,5202.04292240072,OM,-0.546,0.32314779900225227
GHSL_1207,0,10,1244,316,0,0,1,0,0,0,4,13933200.0,6.53471125468627,2.3266840519477494,1.05,7852.55021953583,2691.7553524663,OM,0.528,0.4329637540367331
GHSL_1208,0,242,249,0,0,0,1,0,0,0,3,23582200.0,6.54478456683811,1.757831999773179,0.25,2455.14305496216,4053.86631270274,OM,-0.213,0.4329637540367331
GHSL_1209,0,147,81,0,0,0,0,0,0,0,2,3676000.0,6.543250682679672,1.9703461964341198,0.23,1139.14149475098,4307.91322751192,OM,-0.33,0.43639928200258277
GHSL_1210,4,187,22,0,0,0,0,0,0,0,1,7497200.0,6.543057294794475,2.4062649586292504,4.29,1063.58724212646,3778.41927644486,OM,-0.596,0.4329637540367331
GHSL_1211,0,22,172,4,0,0,0,0,0,0,1,5183900.0,6.539621716028279,1.9127989957626494,4.14,987.909003257751,2757.51968753908,OM,0.148,0.23824833186001462
GHSL_1212,0,34,139,1,0,0,0,0,0,0,0,0.0,6.531606815339063,2.1884225234242134,0.12,870.103166341782,698.664798167452,OM,0.038,0.4329637540367331
GHSL_1213,0,17,250,11,0,0,0,0,0,0,2,8867500.0,6.539853448504006,1.7891345505927705,0.48,1384.1368970871,3863.49828919527,OM,0.247,0.27721520063045146
GHSL_1214,0,170,350,1,0,0,0,0,0,0,1,12000000.0,6.534698275672305,2.536542979251058,0.13,2608.07056045532,6794.50452118099,OM,-0.083,0.4329637540367331
GHSL_1215,0,41,138,1,0,0,0,0,0,0,2,4556100.0,6.535208089413653,1.8753301097200015,4.02,899.083018302917,2451.22009406722,OM,0.007,0.4329637540367331
GHSL_1216,0,47,500,14,0,0,0,0,0,0,2,3857600.0,6.534439794683589,2.549079502865753,0.15,2807.7961807251,7314.82657476905,OM,0.195,0.4329637540367331
GHSL_1217,0,172,304,1,0,0,0,0,0,0,1,4583300.0,6.523914654094172,1.9169019773244311,2.83,2381.22686958313,2819.78858879904,OM,-0.111,0.23824833186001462
GHSL_1218,0,5,737,202,0,0,1,0,0,0,7,20531100.0,6.522986720620074,1.9646503057228373,0.08,4722.34003543854,4291.59286007301,OM,0.541,0.43639928200258277
GHSL_1219,0,105,298,1,0,0,0,0,0,0,6,8726600.0,6.504975812332549,2.2113538475493963,0.78,2021.17634558678,598.303098435512,OM,-0.025,0.4329637540367331
GHSL_1220,0,106,106,0,0,0,0,0,0,0,2,14537300.0,6.520205941214177,1.7670351711513552,0.9,1060.11507892609,3883.77446851585,OM,-0.217,0.04300000242392236
GHSL_1221,0,11,872,162,0,0,1,0,0,0,6,8905800.0,6.511544854845341,1.825503883420018,0.32,5224.87518692017,4470.5411693515,OM,0.475,0.27721520063045146
GHSL_1222,0,1,209,69,0,0,0,0,0,0,2,4454400.0,6.511054555165604,1.8165907374032844,1.14,1393.85667419434,2970.68682512411,OM,0.573,0.27721520063045146
GHSL_1223,0,38,529,21,0,0,1,0,0,0,9,20258800.0,6.509066821240118,2.1669650130052376,0.29,2940.81646203995,1025.95693769573,OM,0.238,0.4329637540367331
GHSL_1224,1,273,156,0,0,0,0,0,0,0,2,9344600.0,6.509316483349018,2.494401757619224,5.2,2150.77697563171,6149.10034174278,OM,-0.323,0.4329637540367331
GHSL_1225,0,58,180,1,0,0,0,0,0,0,2,3110200.0,6.508603166975497,1.9635530107999224,0.1,1192.9910030365,4511.02810258034,OM,-0.009,0.13084723858775624
GHSL_1226,0,1,182,59,0,0,0,0,0,0,2,15013200.0,6.50327489588184,2.3168895723683054,1.59,1212.94861412048,2632.98691508634,OM,0.571,0.06151828456843306
GHSL_1227,0,26,141,2,0,0,0,0,0,0,1,4269500.0,6.501422974239053,2.00252934421523,0.68,845.389282226562,2607.79350303402,OM,0.087,0.1626837458563912
GHSL_1228,0,8,171,10,0,0,1,0,0,0,3,8934700.0,6.50091163475561,2.1442175743029996,0.37,946.713653564453,1681.41440231252,OM,0.299,0.33813059488303815
GHSL_1229,0,1,321,119,0,0,3,0,0,0,5,37930300.0,6.495692772514009,2.40025124728582,0.13,2208.40335083008,3276.81078364992,OM,0.594,0.4329637540367331
GHSL_1230,4,645,184,0,0,0,0,0,0,0,1,6748400.0,6.49252294231884,2.282017535813503,1.52,4163.99988412857,1828.09813433386,OM,-0.449,0.4329637540367331
GHSL_1231,2,186,37,0,0,0,0,0,0,0,3,14157300.000000002,6.498642521073351,2.455829649450284,5.35,1126.14354324341,4000.18308714886,OM,-0.512,0.04384062886293565
GHSL_1232,1,106,19,0,0,0,0,0,0,0,0,0.0,6.495560030865064,1.9078371587877652,2.84,629.84371471405,3515.7142003899,OM,-0.528,0.23824833186001462
GHSL_1233,0,130,410,2,0,0,0,0,0,0,4,17947300.0,6.486244385393556,2.0056214038136018,0.12,2714.76535606384,1839.4426556285,OM,-0.006,0.1626837458563912
GHSL_1234,0,131,426,3,0,0,0,0,0,0,5,9109199.999999998,6.488882738519377,1.9504739220773684,0.07,2796.54157161713,3683.25113250831,OM,0.0,0.13084723858775624
GHSL_1235,0,11,328,26,0,0,2,0,0,0,6,19937400.0,6.4854619714704,2.5479583093243545,0.26,1827.88576316833,3694.20604603967,OM,0.34,0.4329637540367331
GHSL_1236,0,42,131,1,0,0,0,0,0,0,1,5114000.0,6.480822621798136,1.8552173294869996,2.15,872.772064208984,2841.83195994017,OM,-0.009,0.27721520063045146
GHSL_1237,0,93,180,0,0,0,0,0,0,0,3,15308400.0,6.478044125640156,1.8865101695892155,3.36,1368.96064376831,3027.71610700223,OM,-0.094,0.4329637540367331
GHSL_1238,0,617,658,1,0,0,1,0,0,0,7,7655500.0,6.471830945084834,2.411390714133596,2.55,6377.82362556458,4503.61722051495,OM,-0.206,0.4329637540367331
GHSL_1239,1,203,104,0,0,0,0,0,0,0,0,0.0,6.464256195063801,1.9838329665963306,1.93,1538.35845661163,1839.92757654793,OM,-0.342,0.4329637540367331
GHSL_1240,0,98,246,1,0,0,0,0,0,0,0,0.0,6.465146864985897,2.234768231610036,0.66,1723.49232435226,1655.8335849125301,OM,-0.047,0.4329637540367331
GHSL_1241,0,2,533,240,0,0,1,0,0,0,5,6350000.0,6.459421342753469,1.9225265147688728,0.32,3876.27240896225,2969.44136379693,OM,0.63,0.4329637540367331
GHSL_1242,15,888,127,0,0,0,1,0,0,0,3,9334000.0,6.44980906965107,2.1811841774903082,4.35,5150.18769931793,746.147901761565,OM,-0.565,0.4329637540367331
GHSL_1243,0,134,105,0,0,0,0,0,0,0,2,8142400.0,6.461287423422603,1.8360209664911764,0.23,1197.51188755035,2924.06989263545,OM,-0.264,0.27721520063045146
GHSL_1244,0,92,186,1,0,0,0,0,0,0,1,6732000.0,6.451776619313105,2.5441630852628507,0.06,1395.50182914734,2973.83503632813,OM,-0.086,0.4329637540367331
GHSL_1245,0,65,83,0,0,0,0,0,0,0,1,7404000.0,6.442996216433264,2.015312001490563,0.17,741.143446445465,2171.65801232262,OM,-0.172,0.4809327836296411
GHSL_1246,0,77,85,0,0,0,0,0,0,0,1,12000000.0,6.441804589632526,2.122148273312795,0.12,810.998784065247,3066.25071482407,OM,-0.2,0.42320918167087224
GHSL_1247,0,54,226,2,0,0,0,0,0,0,3,9625400.0,6.436071599067464,1.8398996130919203,0.19,1408.71890640259,4027.07427533243,OM,0.045,0.4329637540367331
GHSL_1248,0,0,407,721,2,0,0,0,0,0,2,24000000.0,6.422629808669623,2.277675598860364,0.6,5648.51724147797,1941.46351272283,OM,0.886,0.4329637540367331
GHSL_1249,0,25,170,3,0,0,0,0,0,0,1,12000000.0,6.429969417451874,2.583095692862707,0.26,989.163110733032,2696.17830202311,OM,0.126,0.13948249692667047
GHSL_1250,0,24,663,51,0,0,0,0,0,0,1,5314400.0,6.426743239232732,2.1023779066523995,0.12,3693.76963424683,4705.77472309722,OM,0.335,0.4018747286201869
GHSL_1251,0,105,208,1,0,0,0,0,0,0,3,27029400.0,6.42801477816902,2.56791092540978,0.07,1568.92751312256,2873.24102116034,OM,-0.09,0.13948249692667047
GHSL_1252,0,12,740,111,0,0,1,0,0,0,2,16045600.0,6.426178047985172,2.7018710336533696,0.25,4318.30242156982,3589.57551676112,OM,0.439,0.4329637540367331
GHSL_1253,0,5,174,18,0,0,0,0,0,0,1,5061400.0,6.423614063733678,1.8026219950249338,1.79,981.038540840149,2737.70048009775,OM,0.378,0.4329637540367331
GHSL_1254,0,79,311,3,0,0,0,0,0,0,0,0.0,6.4147484856715975,2.2198351397667246,1.78,1964.17149066925,3242.42700334326,OM,0.032,0.4329637540367331
GHSL_1255,0,0,130,64,0,0,0,0,0,0,1,4440400.0,6.402287913224182,1.9569955242255628,0.44,971.957102775574,2589.06870065522,OM,0.648,0.32224149576332495
GHSL_1256,0,162,194,0,0,0,1,0,0,0,4,9823600.0,6.403469871621762,2.504216916260221,0.29,1780.65421104431,3937.79292838573,OM,-0.184,0.4329637540367331
GHSL_1257,0,1,250,79,0,0,0,0,0,0,4,16126100.0,6.401548659212613,1.9234973167829368,0.06,1651.80325126648,3520.01715736794,OM,0.567,0.3873033686940821
GHSL_1258,7,307,33,0,0,0,0,0,0,0,0,0.0,6.394247043025017,2.1471546182167476,0.27,1735.66408348083,2786.71124257563,OM,-0.612,0.4018747286201869
GHSL_1259,0,27,115,1,0,0,0,0,0,0,0,0.0,6.3912215463619555,1.9963471832257564,0.02,714.696062088013,1994.44126897063,OM,0.048,0.6264163696561339
GHSL_1260,0,0,108,199,0,0,0,0,0,0,3,6452400.0,6.389429586213963,1.9459418043788266,0.17,1535.60619735718,4285.28508181295,OM,0.893,0.32224149576332495
GHSL_1261,0,45,120,1,0,0,0,0,0,0,1,12000000.0,6.3755677839929366,2.6628688937413436,0.25,830.203916549683,3354.94213762263,OM,-0.036,0.20287607104961242
GHSL_1262,0,8,403,51,0,0,0,0,0,0,2,24000000.0,6.367319042213006,2.1882115103638196,1.15,2314.45708656311,3767.16715262821,OM,0.413,0.20755849228912127
GHSL_1263,0,23,349,15,0,0,0,0,0,0,1,12000000.0,6.366664775123395,2.174342772083987,0.1,1936.49575901031,3846.47392676948,OM,0.248,0.20755849228912127
GHSL_1264,0,1,450,240,0,0,0,0,0,0,2,6879500.0,6.3575155616461005,2.057295770045195,0.29,3454.40316200256,2212.17860200902,OM,0.661,0.4329637540367331
GHSL_1265,0,88,109,0,0,0,0,0,0,0,0,0.0,6.3580388925369045,1.9043614419227957,0.9,984.105332374573,2402.69476438184,OM,-0.178,0.12663859199086003
GHSL_1266,0,6,310,40,0,0,0,0,0,0,0,0.0,6.358865271937947,2.1812571484300505,1.06,1780.74904537201,2858.7627492491,OM,0.413,0.20755849228912127
GHSL_1267,0,9,181,11,0,0,0,0,0,0,1,3696000.0,6.344683123676338,1.8393702194636279,0.98,1003.69511795044,3267.36434349792,OM,0.293,0.02020727091549896
GHSL_1268,0,0,2,108,13,0,0,0,0,0,0,0.0,6.34443466053178,2.413404617587607,1.38,613.186660766602,6532.78353309186,OM,1.404,0.4329637540367331
GHSL_1269,0,0,65,131,0,0,0,0,0,0,0,0.0,6.344146277904378,2.4260709792633146,0.91,984.206005096436,9611.76222798191,NA,0.91,0.4329637540367331
GHSL_1270,0,3,189,28,0,0,0,0,0,0,2,14508000.0,6.324208802658216,2.083644510035384,0.19,1099.5397310257,3390.58543234398,NA,0.436,0.4329637540367331
GHSL_1271,0,93,73,0,0,0,0,0,0,0,1,2828000.0,6.291378696575245,1.897413884468803,6.05,832.488766670227,3251.65520924235,OM,-0.263,0.4329637540367331
GHSL_1272,0,0,30,625,35,0,1,0,0,0,5,14328000.0,6.275961694145635,1.8050284244028731,0.08,3449.75879096985,5613.7453475393,OM,1.292,0.4329637540367331
GHSL_1273,0,10,440,53,0,0,0,0,0,0,1,1168600.0,6.2721031763361585,1.7915903368334756,0.08,2513.72265911102,3979.99122707931,NA,0.405,0.4329637540367331
GHSL_1274,0,26,175,3,0,0,0,0,0,0,1,4642600.0,6.266018461525334,1.7633232929652103,0.14,1017.5269536972,3222.11229974257,NA,0.124,0.4329637540367331
GHSL_1275,0,12,353,28,0,0,0,0,0,0,3,10570000.0,6.261618856558396,1.7461706064699414,0.26,1965.85549640656,5007.14575891229,OM,0.34,0.4329637540367331
GHSL_1276,0,0,24,930,93,0,0,0,0,0,0,0.0,6.240285923668193,1.6363036445190027,0.38,5234.93803501129,6524.99474630283,OM,1.377,0.4329637540367331
GHSL_1277,0,71,7318,1638,0,0,3,0,0,0,17,101425000.0,11.856110856081669,3.38276915132036,0.44,45138.4854183197,6834.29662839654,NA,0.506,0.7565449755302059
GHSL_1278,1,367,179,0,0,0,1,0,0,0,6,19621600.0,10.809862381282166,1.143360625166625,0.06,2739.37157392502,2082.30454071233,OM,-0.352,0.07150524124862369
GHSL_1279,0,11,1123,243,0,0,1,0,0,0,26,56891200.0,10.697307980569807,1.0699813557816416,0.35,6883.25982952118,2272.59269526125,OM,0.5,0.38526328820717637
GHSL_1280,1,435,247,0,0,0,1,0,0,0,4,14176000.0,10.566244650357373,1.729599017639778,0.2,3419.59312772751,2132.44769751029,OM,-0.324,0.2350239923721819
GHSL_1281,0,43,795,42,0,0,1,0,0,0,0,0.0,10.496598349667952,1.3746370393563903,0.52,4399.48796081543,4571.04414058817,OM,0.278,0.2605493351439532
GHSL_1282,0,300,957,6,0,0,1,0,0,0,4,26207100.0,10.48631188605397,1.008478078106923,0.02,6314.8978509903,1994.5196725273,OM,-0.004,0.19869700551341984
GHSL_1283,0,2,602,293,0,0,1,0,0,0,4,15845600.0,10.396591431405827,2.7281584375346273,0.1,4485.21967411041,2058.64237523721,OM,0.644,0.6648400124687692
GHSL_1284,0,71,529,10,0,0,1,0,0,0,1,4764000.0,10.354647105506295,3.14841627860485,0.14,3049.96102142334,2777.79287548347,OM,0.141,0.27369051823342316
GHSL_1285,0,500,1532,9,0,0,1,0,0,0,8,29645800.0,10.229778822186544,1.9982151929198468,0.12,10204.9393310547,3327.35004454036,OM,-0.011,0.2638901493029253
GHSL_1286,0,115,147,0,0,0,0,0,0,0,1,7916000.0,10.234287783030398,2.406702917947491,0.19,1314.65558338165,2550.80256540526,OM,-0.172,0.05600297525107477
GHSL_1287,0,420,731,2,0,0,0,0,0,0,7,22703199.999999996,9.674817061886728,1.6541091645970951,0.53,5765.20269775391,2095.84488521491,OM,-0.114,0.4329637540367331
GHSL_1288,0,119,661,9,0,0,1,0,0,0,1,696000.0,9.649798547472539,1.3977196716611642,0.15,3942.06673526764,3084.19456967957,OM,0.092,0.4329637540367331
GHSL_1289,0,0,363,411,0,0,0,0,0,0,0,0.0,9.304926619189745,2.630163599479892,2.65,3873.78295850754,1979.18366540804,OM,0.802,0.49014196199128557
GHSL_1290,0,149,2786,148,0,0,3,0,0,0,10,37321500.0,9.006205016434823,1.6723171917485946,0.66,15416.5247612,3423.7442862989,OM,0.28,0.4124330248658563
GHSL_1291,0,183,333,1,0,0,0,0,0,0,3,12260000.0,8.875171178661493,2.7505913733181546,16.24,2587.85284328461,2311.08638246601,OM,-0.106,0.3355740997300006
GHSL_1292,0,30,382,14,0,0,1,0,0,0,3,15147200.0,7.250053704916726,2.0782648609537606,0.26,2130.53874111176,3126.89142466795,OM,0.224,0.16829141228610892
GHSL_1293,0,100,1483,63,0,0,1,0,0,0,9,26828100.0,7.236103700195368,2.0104258644047133,0.42,8229.07092094421,2542.51946310347,OM,0.247,0.4329637540367331
GHSL_1294,0,2,2585,2952,3,0,1,0,0,0,16,65182300.0,7.22161901985775,2.111416931626792,0.3,27707.4979228973,4687.14944955676,OM,0.804,0.4329637540367331
GHSL_1295,0,150,3793,271,0,0,1,0,0,0,18,48025800.0,7.215598284334501,2.392505077438396,0.64,21068.2866802216,4986.6469386955,OM,0.323,0.4329637540367331
GHSL_1296,0,47,513,15,0,0,0,0,0,0,6,31044000.0,7.154129547973981,2.652278584164405,0.38,2878.78069400787,4022.91333938126,OM,0.199,0.35486006631722694
GHSL_1297,0,186,461,2,0,0,1,0,0,0,0,0.0,7.1333825234901544,1.960148644139321,0.39,3242.92279052734,3768.80996140224,OM,-0.049,0.3284879377229642
GHSL_1298,0,179,624,4,0,0,0,0,0,0,1,7765000.0,7.113818194677025,1.958413468257823,0.96,4033.43750762939,3559.45983588319,OM,0.012,0.3284879377229642
GHSL_1299,0,231,1240,16,0,0,0,0,0,0,7,21888100.0,7.103154145203583,2.0196862910935374,0.48,7431.1565952301,4075.70784258595,OM,0.086,0.4329637540367331
GHSL_1300,0,274,1177,11,0,0,1,0,0,0,6,20003300.0,7.097145299617195,2.5126047966491534,0.74,7312.95191001892,4716.08288833107,OM,0.048,0.2469702411222858
GHSL_1301,0,139,246,1,0,0,0,0,0,0,2,8201000.0,7.096611549792542,2.3094405557724067,0.16,1924.79369163513,4107.54095526063,OM,-0.111,0.03252691193458118
GHSL_1302,0,3,340,74,0,0,1,0,0,0,3,23017000.0,7.080489336016496,1.960552199793395,0.8,2088.7781124115,3358.13385837884,OM,0.501,0.4329637540367331
GHSL_1303,0,50,890,45,0,0,2,0,0,0,4,23649000.0,7.077225950681087,1.9732371884383446,0.28,4929.01421642303,3592.88758749704,OM,0.272,0.4329637540367331
GHSL_1304,0,0,614,793,1,0,1,0,0,0,6,31865400.0,7.071099764251313,2.1188059548900218,0.21,7044.28041362762,4920.81217665852,OM,0.827,0.595951335008034
GHSL_1305,0,17,1023,154,0,0,0,0,0,0,4,15923400.0,7.070365784733093,2.011452412951872,0.14,5972.90003490448,4464.72823223888,OM,0.44,0.26657925579083197
GHSL_1306,0,49,298,4,0,0,0,0,0,0,4,7805000.0,7.004948844994732,1.8225491084825682,0.88,1758.29357433319,2579.05065467788,OM,0.107,0.18330938917859388
GHSL_1307,0,4,764,264,0,0,5,0,0,0,5,32842800.000000004,6.998215892853368,2.6079038563074786,0.13,5158.5112695694,3219.77114899696,OM,0.582,0.11172287496780975
GHSL_1308,0,39,595,26,0,0,0,0,0,0,6,19006900.0,6.995853742279941,1.7301640775175462,0.0,3299.51338291168,3226.46618840617,OM,0.251,0.08627489309331135
GHSL_1309,0,60,2145,210,0,0,3,0,0,0,12,35724000.0,6.977745022650675,1.8430442342536202,0.07,12072.5115327835,4254.14085739701,OM,0.371,0.4329637540367331
GHSL_1310,0,0,284,439,1,0,0,0,0,0,1,6708000.0,6.9709071525848545,1.708043709525682,0.18,3621.16864204407,3971.12445975209,OM,0.861,0.4329637540367331
GHSL_1311,0,22,446,26,0,0,0,0,0,0,0,0.0,6.958381606930617,2.713796697483488,4.24,2469.32337284088,4389.76774581592,OM,0.295,0.4329637540367331
GHSL_1312,0,307,248,0,0,0,0,0,0,0,0,0.0,6.948482555567219,2.63734887955498,0.09,2776.64904212952,2692.42200456084,OM,-0.258,0.10440689739779012
GHSL_1313,0,238,421,1,0,0,0,0,0,0,1,4392000.0,6.918480134133097,2.6116869574194097,1.4,3301.00507068634,2912.07168809594,OM,-0.111,0.4329637540367331
GHSL_1314,0,160,244,0,0,0,2,0,0,0,3,21352400.0,6.916358386931344,1.8427673236282025,0.06,2024.79254722595,5279.2901488155,OM,-0.139,0.4329637540367331
GHSL_1315,0,92,605,10,0,0,0,0,0,0,10,27168000.0,6.719597641208724,2.284606131457041,0.14,3533.13713741302,2408.99436905822,OM,0.12,0.2083955383861066
GHSL_1316,0,179,169,0,0,0,0,0,0,0,0,0.0,6.699287874483541,2.088562486784266,1.89,1738.698179245,1836.98224003351,OM,-0.229,0.4329637540367331
GHSL_1317,0,32,344,10,0,0,0,0,0,0,1,8629300.0,6.640609236374369,2.2013078024215975,0.29,1932.66855335236,2221.82585778836,OM,0.198,0.4329637540367331
GHSL_1318,0,193,1004,12,0,0,1,0,0,0,15,42038900.0,6.631486120128825,1.8989664860963764,0.09,6044.45780754089,4663.01240460286,OM,0.081,0.4329637540367331
GHSL_1319,0,337,796,3,0,0,1,0,0,0,15,17483900.0,6.622543783318808,1.8993069007423398,0.92,5681.2105140686,3581.58926786034,OM,-0.058,0.14404947066893373
GHSL_1320,0,194,232,0,0,0,1,0,0,0,1,10548000.0,6.617021731183735,2.68030504457824,1.44,2131.7024564743,2403.42826977393,OM,-0.184,0.4329637540367331
GHSL_1321,0,0,199,434,1,0,0,0,0,0,6,21374800.000000004,6.597517141112024,2.280397427951229,0.08,3170.8825545311,2076.96420201016,OM,0.925,0.43204223588713525
GHSL_1322,0,139,445,3,0,0,1,0,0,0,0,0.0,6.5985549869825215,1.6872326809650673,0.07,2932.41281795502,4297.70901916259,OM,-0.003,0.23450152806893745
GHSL_1323,0,12,520,60,0,0,2,0,0,0,3,19975700.0,6.591393629058915,2.6868567168627355,0.14,2960.46219444275,3184.45346684732,OM,0.398,0.4329637540367331
GHSL_1324,0,1,1419,2048,3,0,0,0,0,0,8,33530600.0,6.56537790920756,2.3499668596349115,0.19,17352.7688956261,2357.36232944172,OM,0.848,0.4329637540367331
GHSL_1325,0,2,388,130,0,0,0,0,0,0,4,15494400.000000002,6.517802051988969,1.9441125670228165,0.1,2598.879570961,3501.86873382673,OM,0.576,1.7533088949758106e-08
GHSL_1326,1,331,206,0,0,0,0,0,0,0,2,15354500.0,6.403992165517816,2.134312450538438,0.67,2686.53557300568,2762.0840972332,OM,-0.307,0.4329637540367331
GHSL_1327,0,40,1318,121,0,0,0,0,0,0,5,15273200.0,6.248369854822763,1.6762704970051023,0.26,7395.15658950806,5315.64836922528,OM,0.361,0.4329637540367331
GHSL_1328,0,18,610,56,0,0,0,0,0,0,0,0.0,6.243503483230745,1.6503593572841495,0.31,3422.67842388153,6169.48929544686,OM,0.361,0.4329637540367331
GHSL_1329,0,518,624,1,0,0,0,0,0,0,1,12000000.0,10.484319383384666,1.5156496597742763,1.42,5712.1819152832,5244.63815746011,OM,-0.183,0.20628731312311854
GHSL_1330,14,1100,192,0,0,0,1,0,0,0,1,12000000.0,11.751411856516134,3.5211090587605987,0.3,6528.36934661865,4412.68232824677,NA,-0.533,0.21166561679529658
GHSL_1331,107,1121,31,0,0,0,1,0,0,0,1,1680000.0,11.703109484690687,3.54669503633364,0.65,6294.23324394226,3599.04100258354,OM,-0.81,0.34723219896778007
GHSL_1332,0,1,652,602,0,0,0,1,0,0,8,31137700.0,10.290965871438662,3.3835383895492717,0.06,6276.09578132629,2792.89122189631,OM,0.764,0.4617095349252686
GHSL_1333,0,1,698,530,0,1,1,1,0,0,9,39445600.0,10.227355381889492,2.671504160579144,0.2,6144.5718755722,2042.83839083865,OM,0.727,0.5373638823305755
GHSL_1334,0,9,891,188,0,0,1,0,0,0,7,35636100.0,10.211436643943896,3.137653979434344,0.5,5443.87027549744,3127.42847830197,OM,0.496,0.35421536924944497
GHSL_1335,0,417,1270,7,0,0,1,0,0,0,1,10404000.0,9.345141005837734,2.547349471825444,0.01,8468.202480793,3298.85068141102,OM,-0.012,0.49014196199128557
GHSL_1336,0,0,558,1137,3,0,1,0,0,0,17,32332400.0,8.137773762952795,1.9651476158991423,0.04,8495.77988052368,3556.95270607093,OM,0.912,0.4329637540367331
GHSL_1337,0,153,4769,413,0,0,3,0,0,0,19,79467800.0,6.903512311166739,1.7195353780636293,0.0,26671.0457172394,5617.95936390579,OM,0.352,0.4329637540367331
GHSL_1338,0,101,1276,45,0,0,1,0,0,0,2,9892100.0,6.8559695800415295,1.809159284915251,0.01,7110.99328613281,6837.96694206985,OM,0.222,0.08429314000714691
GHSL_1339,0,124,1167,30,0,0,1,0,0,0,10,13732600.0,6.821473748777247,2.471814254353741,0.44,6600.93592166901,2795.31889501848,OM,0.177,0.4329637540367331
GHSL_1340,0,76,2680,257,0,0,3,0,0,0,17,49156300.0,6.799965993969739,1.7795428254807495,0.19,15066.482922554,5063.77356533175,OM,0.368,0.4329637540367331
GHSL_1341,0,14,3164,1208,0,0,1,0,0,0,14,66889500.0,6.664416104918747,2.1489372245856897,0.12,21928.5382699966,4464.16263379062,OM,0.6,0.30617723928834817
GHSL_1342,0,407,2908,53,0,0,3,0,0,0,11,61179600.00000001,6.651145099564399,2.7281195068037265,0.32,16843.0800380707,4747.67509010777,OM,0.133,0.4329637540367331
GHSL_1343,3,915,421,0,0,0,2,0,0,0,8,27185200.0,6.468786358919441,2.391347876575551,2.98,6692.32658195496,3028.74753791883,OM,-0.363,0.4329637540367331
GHSL_1344,0,118,3229,248,0,0,1,0,0,0,3,36000000.0,6.430521473291801,2.6644168667978105,0.69,17974.3852396011,5138.29864029854,OM,0.334,0.20287607104961242
GHSL_1345,0,6,6466,6468,5,0,4,0,0,0,23,164620700.0,6.393397133259689,2.5575746594092337,0.55,64720.8554258347,5364.68211079835,OM,0.779,0.4329637540367331
GHSL_1346,0,41,9460,3692,1,0,1,1,0,0,55,162449100.0,6.640507351261868,1.7158594805913128,0.26,65967.3333940506,6377.06636071724,OM,0.604,0.4329637540367331
SCHOOL_1,0,0,0,0,0,0,0,0,0,0,1,989500.0,6.253195800000001,1.7003672000000003,0.0,0.0,0.0,NA,0.0,0.0
SCHOOL_2,0,0,0,0,0,0,0,0,0,0,2,8449400.0,6.283080699999999,1.8113758999999634,0.0,0.0,0.0,NA,0.0,0.0
SCHOOL_3,0,0,0,0,0,0,0,0,0,0,1,2420300.0,6.2870045999999995,1.8727804999999995,0.0,0.0,0.0,NA,0.0,0.0
SCHOOL_4,0,0,0,0,0,0,0,0,0,0,1,1200000.0,6.289249999999999,1.8899,0.0,0.0,0.0,NA,0.0,0.0
SCHOOL_5,0,0,0,0,0,0,0,0,0,0,1,1033700.0,6.294909,1.8935588999999997,0.0,0.0,0.0,NA,0.0,0.0
SCHOOL_6,0,0,0,0,0,0,0,0,0,0,1,4773400.0,6.2972059,1.8435599999999999,0.0,0.0,0.0,NA,0.0,0.0
SCHOOL_7,0,0,0,0,0,0,0,0,0,0,1,949200.0,6.2993814,1.9210763000000002,0.0,0.0,0.0,NA,0.0,0.0
SCHOOL_8,0,0,0,0,0,0,0,0,0,0,1,3639800.0,6.303453700000001,1.9421704000000002,0.0,0.0,0.0,NA,0.0,0.0
SCHOOL_9,0,0,0,0,0,0,0,0,0,0,2,7080600.0,6.303558650242327,1.833710249979103,0.0,0.0,0.0,NA,0.0,0.0
SCHOOL_10,0,0,0,0,0,0,0,0,0,0,1,4641700.0,6.3040609000000005,1.9741323,0.0,0.0,0.0,NA,0.0,0.0
SCHOOL_11,0,0,0,0,0,0,0,0,0,0,1,12000000.0,6.307275399999999,2.0014853000000006,0.0,0.0,0.0,NA,0.0,0.0
SCHOOL_12,0,0,0,0,0,0,0,0,0,0,1,10001400.0,6.315613299999999,1.9154190000000002,0.0,0.0,0.0,NA,0.0,0.0
SCHOOL_13,0,0,0,0,0,0,0,0,0,0,1,8403600.0,6.3182203999999995,1.9676094000000002,0.0,0.0,0.0,NA,0.0,0.0
SCHOOL_14,0,0,0,0,0,0,0,0,0,0,1,9606400.0,6.318246399999998,1.9558366,0.0,0.0,0.0,NA,0.0,0.0
SCHOOL_15,0,0,0,0,0,0,0,0,0,0,1,3588000.0,6.323969999999999,1.8329400000000005,0.0,0.0,0.0,NA,0.0,0.0
SCHOOL_16,0,0,0,0,0,0,0,0,0,0,1,11550100.0,6.3250307,1.8360097,0.0,0.0,0.0,NA,0.0,0.0
SCHOOL_17,0,0,0,0,0,0,0,0,0,0,1,12000000.0,6.325763399999999,2.0424745000000004,0.0,0.0,0.0,NA,0.0,0.0
SCHOOL_18,0,0,0,0,0,0,0,0,0,0,1,12000000.0,6.3355942,2.1714311000000004,0.0,0.0,0.0,NA,0.0,0.0
SCHOOL_19,0,0,0,0,0,0,0,0,0,0,1,5929800.0,6.347573599999999,2.0715753999999995,0.0,0.0,0.0,NA,0.0,0.0
SCHOOL_20,0,0,0,0,0,0,0,0,0,0,1,3528000.0,6.33395,2.03337,0.0,0.0,0.0,NA,0.0,0.0
SCHOOL_21,0,0,0,0,0,0,0,0,0,0,1,2976500.0,6.352495299999999,1.7967958999999998,0.0,0.0,0.0,NA,0.0,0.0
SCHOOL_22,0,0,0,0,0,0,0,0,0,0,1,5634800.0,6.358028199999999,1.8792278999999998,0.0,0.0,0.0,NA,0.0,0.0
SCHOOL_23,0,0,0,0,0,0,0,0,0,0,1,9536400.0,6.358739999999999,1.8556268000000002,0.0,0.0,0.0,NA,0.0,0.0
SCHOOL_24,0,0,0,0,0,0,0,0,0,0,1,2764800.0,6.359432199999999,1.8947980999999996,0.0,0.0,0.0,NA,0.0,0.0
SCHOOL_25,0,0,0,0,0,0,0,0,0,0,1,2764800.0,6.361168100000001,1.8989536000000005,0.0,0.0,0.0,NA,0.0,0.0
SCHOOL_26,0,0,0,0,0,0,0,0,0,0,2,16716000.0,6.362872300311318,1.914412249639069,0.0,0.0,0.0,NA,0.0,0.0
SCHOOL_27,0,0,0,0,0,0,0,0,0,0,1,12000000.0,6.344879899999998,2.2063032,0.0,0.0,0.0,NA,0.0,0.0
SCHOOL_28,0,0,0,0,0,0,0,0,0,0,1,1092000.0,6.3452734,2.2886163,0.0,0.0,0.0,NA,0.0,0.0
SCHOOL_29,0,0,0,0,0,0,0,0,0,0,1,12000000.0,6.361551800000001,2.1333439000000003,0.0,0.0,0.0,NA,0.0,0.0
SCHOOL_30,0,0,0,0,0,0,0,0,0,0,1,12000000.0,6.3663962,2.1583779,0.0,0.0,0.0,NA,0.0,0.0
SCHOOL_31,0,0,0,0,0,0,0,0,0,0,1,6253100.0,6.3645772,2.0237699,0.0,0.0,0.0,NA,0.0,0.0
SCHOOL_32,0,0,0,0,0,0,0,0,0,0,1,2214100.0,6.366163399999999,2.0292167000000005,0.0,0.0,0.0,NA,0.0,0.0
SCHOOL_33,0,0,0,0,0,0,0,0,0,0,1,12000000.0,6.3685273,1.9818583000000003,0.0,0.0,0.0,NA,0.0,0.0
SCHOOL_34,0,0,0,0,0,0,0,0,0,0,1,4220800.0,6.370601399999999,2.0364446,0.0,0.0,0.0,NA,0.0,0.0
SCHOOL_35,0,0,0,0,0,0,0,0,0,0,1,645100.0,6.374669399999999,2.026553700000001,0.0,0.0,0.0,NA,0.0,0.0
SCHOOL_36,0,0,0,0,0,0,0,0,0,0,1,5102200.0,6.375023199999999,1.8993329,0.0,0.0,0.0,NA,0.0,0.0
SCHOOL_37,0,0,0,0,0,0,0,0,0,0,1,8209600.0,6.378461199999999,1.8601987000000004,0.0,0.0,0.0,NA,0.0,0.0
SCHOOL_38,0,0,0,0,0,0,0,0,0,0,1,3221000.0,6.379017999999999,2.0201492,0.0,0.0,0.0,NA,0.0,0.0
SCHOOL_39,0,0,0,0,0,0,0,0,0,0,1,944200.0,6.379059499999999,1.9378024000000003,0.0,0.0,0.0,NA,0.0,0.0
SCHOOL_40,0,0,0,0,0,0,0,0,0,0,2,5556000.0,6.383139999999999,1.95753,0.0,0.0,0.0,NA,0.0,0.0
SCHOOL_41,0,0,0,0,0,0,0,0,0,0,2,3684400.0,6.3833853,1.9497943,0.0,0.0,0.0,NA,0.0,0.0
SCHOOL_42,0,0,0,0,0,0,0,0,0,0,1,4464000.0,6.384429999999998,2.00979,0.0,0.0,0.0,NA,0.0,0.0
SCHOOL_43,0,0,0,0,0,0,0,0,0,0,1,3876000.0,6.38551,1.9389899999999998,0.0,0.0,0.0,NA,0.0,0.0
SCHOOL_44,0,0,0,0,0,0,0,0,0,0,1,3168500.0,6.3855855,1.9027223,0.0,0.0,0.0,NA,0.0,0.0
SCHOOL_45,0,0,0,0,0,0,0,0,0,0,1,6720500.0,6.386748299999999,1.8010238000000005,0.0,0.0,0.0,NA,0.0,0.0
SCHOOL_46,0,0,0,0,0,0,0,0,0,0,1,5018200.0,6.388169099999999,2.0051297,0.0,0.0,0.0,NA,0.0,0.0
SCHOOL_47,0,0,0,0,0,0,0,0,0,0,2,2957600.0,6.392390200038848,1.9340330500525966,0.0,0.0,0.0,NA,0.0,0.0
SCHOOL_48,0,0,0,0,0,0,0,0,0,0,1,6817600.0,6.3954191,1.9825450000000004,0.0,0.0,0.0,NA,0.0,0.0
SCHOOL_49,0,0,0,0,0,0,0,0,0,0,1,3834600.0,6.397857500000001,1.9301339999999996,0.0,0.0,0.0,NA,0.0,0.0
SCHOOL_50,0,0,0,0,0,0,0,0,0,0,1,4247000.0,6.400308499999998,1.9140031000000002,0.0,0.0,0.0,NA,0.0,0.0
SCHOOL_51,0,0,0,0,0,0,0,0,0,0,1,10810100.0,6.4019248,2.050827,0.0,0.0,0.0,NA,0.0,0.0
SCHOOL_52,0,0,0,0,0,0,0,0,0,0,1,840000.0,6.404238899999998,1.7956075,0.0,0.0,0.0,NA,0.0,0.0
SCHOOL_53,0,0,0,0,0,0,0,0,0,0,1,1780600.0,6.4012183,2.4938333,0.0,0.0,0.0,NA,0.0,0.0
SCHOOL_54,0,0,0,0,0,0,0,0,0,0,1,10838800.0,6.403005,2.6756397000000005,0.0,0.0,0.0,NA,0.0,0.0
SCHOOL_55,0,0,0,0,0,0,0,0,0,0,1,12000000.0,6.409796499999999,2.6263858,0.0,0.0,0.0,NA,0.0,0.0
SCHOOL_56,0,0,0,0,0,0,0,0,0,0,1,9606000.0,6.3926453,2.1366468000000003,0.0,0.0,0.0,NA,0.0,0.0
SCHOOL_57,0,0,0,0,0,0,0,0,0,0,1,7511900.0,6.394600999999998,2.1135754,0.0,0.0,0.0,NA,0.0,0.0
SCHOOL_58,0,0,0,0,0,0,0,0,0,0,3,15943199.999999998,6.419511000000774,2.104643999995435,0.0,0.0,0.0,NA,0.0,0.0
SCHOOL_59,0,0,0,0,0,0,0,0,0,0,1,6217900.0,6.414373199999998,2.6921481,0.0,0.0,0.0,NA,0.0,0.0
SCHOOL_60,0,0,0,0,0,0,0,0,0,0,3,12572600.0,6.424713900932337,2.557043099571095,0.0,0.0,0.0,NA,0.0,0.0
SCHOOL_61,0,0,0,0,0,0,0,0,0,0,1,12000000.0,6.427130299999998,2.6909681000000005,0.0,0.0,0.0,NA,0.0,0.0
SCHOOL_62,0,0,0,0,0,0,0,0,0,0,5,4200000.0,6.407688700017064,1.7934088500624192,0.0,0.0,0.0,NA,0.0,0.0
SCHOOL_63,0,0,0,0,0,0,0,0,0,0,2,3718600.0,6.411467750031114,1.9246885000108964,0.0,0.0,0.0,NA,0.0,0.0
SCHOOL_64,0,0,0,0,0,0,0,0,0,0,1,7968000.0,6.412320000000001,1.9672200000000002,0.0,0.0,0.0,NA,0.0,0.0
SCHOOL_65,0,0,0,0,0,0,0,0,0,0,1,2030800.0,6.4143299,1.9072488999999995,0.0,0.0,0.0,NA,0.0,0.0
SCHOOL_66,0,0,0,0,0,0,0,0,0,0,1,6697300.0,6.4171725,1.8464270000000003,0.0,0.0,0.0,NA,0.0,0.0
SCHOOL_67,0,0,0,0,0,0,0,0,0,0,1,1576300.0,6.418241500000001,1.9638126999999999,0.0,0.0,0.0,NA,0.0,0.0
SCHOOL_68,0,0,0,0,0,0,0,0,0,0,1,3633500.0,6.420889000000001,2.0008884999999994,0.0,0.0,0.0,NA,0.0,0.0
SCHOOL_69,0,0,0,0,0,0,0,0,0,0,1,1576300.0,6.422817300000001,1.9583422000000004,0.0,0.0,0.0,NA,0.0,0.0
SCHOOL_70,0,0,0,0,0,0,0,0,0,0,2,6454400.0,6.426456600008855,1.9161029500104683,0.0,0.0,0.0,NA,0.0,0.0
SCHOOL_71,0,0,0,0,0,0,0,0,0,0,1,2251700.0,6.4281922,1.7840867000000002,0.0,0.0,0.0,NA,0.0,0.0
SCHOOL_72,0,0,0,0,0,0,0,0,0,0,4,2936800.0,6.4312324500017395,1.8451963499991157,0.0,0.0,0.0,NA,0.0,0.0
SCHOOL_73,0,0,0,0,0,0,0,0,0,0,1,4705800.0,6.4331877,2.0264111000000002,0.0,0.0,0.0,NA,0.0,0.0
SCHOOL_74,0,0,0,0,0,0,0,0,0,0,1,5724000.0,6.436859999999999,1.9025499999999997,0.0,0.0,0.0,NA,0.0,0.0
SCHOOL_75,0,0,0,0,0,0,0,0,0,0,1,3782300.0,6.4376186,2.0256587000000006,0.0,0.0,0.0,NA,0.0,0.0
SCHOOL_76,0,0,0,0,0,0,0,0,0,0,1,2599100.0,6.440509,1.804423,0.0,0.0,0.0,NA,0.0,0.0
SCHOOL_77,0,0,0,0,0,0,0,0,0,0,1,4225700.0,6.4407761,1.8988292,0.0,0.0,0.0,NA,0.0,0.0
SCHOOL_78,0,0,0,0,0,0,0,0,0,0,1,3575200.0,6.441138099999999,1.7669618,0.0,0.0,0.0,NA,0.0,0.0
SCHOOL_79,0,0,0,0,0,0,0,0,0,0,1,6349100.0,6.447411599999999,2.0044101000000003,0.0,0.0,0.0,NA,0.0,0.0
SCHOOL_80,0,0,0,0,0,0,0,0,0,0,1,3120000.0,6.448969999999999,1.8015100000000008,0.0,0.0,0.0,NA,0.0,0.0
SCHOOL_81,0,0,0,0,0,0,0,0,0,0,1,1187800.0,6.4501946,1.9091501999999998,0.0,0.0,0.0,NA,0.0,0.0
SCHOOL_82,0,0,0,0,0,0,0,0,0,0,1,701000.0,6.451031899999999,2.2228715,0.0,0.0,0.0,NA,0.0,0.0
SCHOOL_83,0,0,0,0,0,0,0,0,0,0,1,6107800.0,6.4424809,2.5791002,0.0,0.0,0.0,NA,0.0,0.0
SCHOOL_84,0,0,0,0,0,0,0,0,0,0,1,12000000.0,6.462844999999999,2.5454833,0.0,0.0,0.0,NA,0.0,0.0
SCHOOL_85,0,0,0,0,0,0,0,0,0,0,1,6075400.0,6.465699874999999,2.714970708,0.0,0.0,0.0,NA,0.0,0.0
SCHOOL_86,0,0,0,0,0,0,0,0,0,0,4,7035200.0,6.458232650005132,2.229596599988218,0.0,0.0,0.0,NA,0.0,0.0
SCHOOL_87,0,0,0,0,0,0,0,0,0,0,1,12000000.0,6.4402205,2.1010019,0.0,0.0,0.0,NA,0.0,0.0
SCHOOL_88,0,0,0,0,0,0,0,0,0,0,1,8100000.0,6.443139999999999,2.1075,0.0,0.0,0.0,NA,0.0,0.0
SCHOOL_89,0,0,0,0,0,0,0,0,0,0,1,2023400.0,6.474769400000001,2.1865814,0.0,0.0,0.0,NA,0.0,0.0
SCHOOL_90,0,0,0,0,0,0,0,0,0,0,1,2448000.0,6.4940508999999995,2.1669924,0.0,0.0,0.0,NA,0.0,0.0
SCHOOL_91,0,0,0,0,0,0,0,0,0,0,1,1366000.0,6.469431299999998,2.5498339,0.0,0.0,0.0,NA,0.0,0.0
SCHOOL_92,0,0,0,0,0,0,0,0,0,0,1,1366000.0,6.4698196999999995,2.5474304000000005,0.0,0.0,0.0,NA,0.0,0.0
SCHOOL_93,0,0,0,0,0,0,0,0,0,0,1,3348000.0,6.4725,2.7036111000000003,0.0,0.0,0.0,NA,0.0,0.0
SCHOOL_94,0,0,0,0,0,0,0,0,0,0,1,1290000.0,6.481636699999999,2.41925,0.0,0.0,0.0,NA,0.0,0.0
SCHOOL_95,0,0,0,0,0,0,0,0,0,0,1,12000000.0,6.484754200000001,2.4173202,0.0,0.0,0.0,NA,0.0,0.0
SCHOOL_96,0,0,0,0,0,0,0,0,0,0,1,9180000.0,6.48639,2.41493,0.0,0.0,0.0,NA,0.0,0.0
SCHOOL_97,0,0,0,0,0,0,0,0,0,0,2,5494800.0,6.483228499999999,2.578702,0.0,0.0,0.0,NA,0.0,0.0
SCHOOL_98,0,0,0,0,0,0,0,0,0,0,1,840000.0,6.4509783999999994,1.9351733000000007,0.0,0.0,0.0,NA,0.0,0.0
SCHOOL_99,0,0,0,0,0,0,0,0,0,0,1,5832000.0,6.451029999999999,1.8458299999999996,0.0,0.0,0.0,NA,0.0,0.0
SCHOOL_100,0,0,0,0,0,0,0,0,0,0,1,2949800.0,6.451755899999999,1.9018162999999997,0.0,0.0,0.0,NA,0.0,0.0
SCHOOL_101,0,0,0,0,0,0,0,0,0,0,2,3264400.0,6.452562099999999,1.8394533,0.0,0.0,0.0,NA,0.0,0.0
SCHOOL_102,0,0,0,0,0,0,0,0,0,0,2,2492000.0,6.454528299999998,2.015859,0.0,0.0,0.0,NA,0.0,0.0
SCHOOL_103,0,0,0,0,0,0,0,0,0,0,1,1549700.0,6.454778199999998,2.021277,0.0,0.0,0.0,NA,0.0,0.0
SCHOOL_104,0,0,0,0,0,0,0,0,0,0,1,5396500.0,6.455146099999999,1.863976,0.0,0.0,0.0,NA,0.0,0.0
SCHOOL_105,0,0,0,0,0,0,0,0,0,0,1,1549700.0,6.456230299999997,2.0189678,0.0,0.0,0.0,NA,0.0,0.0
SCHOOL_106,0,0,0,0,0,0,0,0,0,0,1,3393100.0,6.458863000000001,2.0234644,0.0,0.0,0.0,NA,0.0,0.0
SCHOOL_107,0,0,0,0,0,0,0,0,0,0,1,4596800.0,6.4602336000000005,1.8857201999999995,0.0,0.0,0.0,NA,0.0,0.0
SCHOOL_108,0,0,0,0,0,0,0,0,0,0,2,9186400.0,6.462082200647407,1.797264649827077,0.0,0.0,0.0,NA,0.0,0.0
SCHOOL_109,0,0,0,0,0,0,0,0,0,0,1,2503800.0,6.463689799999999,1.9168777000000001,0.0,0.0,0.0,NA,0.0,0.0
SCHOOL_110,0,0,0,0,0,0,0,0,0,0,1,1795000.0,6.4665729,1.9143744000000005,0.0,0.0,0.0,NA,0.0,0.0
SCHOOL_111,0,0,0,0,0,0,0,0,0,0,1,1418600.0,6.466759499999999,1.8933733000000008,0.0,0.0,0.0,NA,0.0,0.0
SCHOOL_112,0,0,0,0,0,0,0,0,0,0,1,3821500.0,6.466906099999999,1.8181386000000002,0.0,0.0,0.0,NA,0.0,0.0
SCHOOL_113,0,0,0,0,0,0,0,0,0,0,1,3780000.0,6.467807,2.0071521,0.0,0.0,0.0,NA,0.0,0.0
SCHOOL_114,0,0,0,0,0,0,0,0,0,0,1,11748000.0,6.46852,1.9207299999999998,0.0,0.0,0.0,NA,0.0,0.0
SCHOOL_115,0,0,0,0,0,0,0,0,0,0,1,4214500.0,6.4692183,1.8613566999999998,0.0,0.0,0.0,NA,0.0,0.0
SCHOOL_116,0,0,0,0,0,0,0,0,0,0,1,5797000.0,6.473632499999999,1.8358632999999998,0.0,0.0,0.0,NA,0.0,0.0
SCHOOL_117,0,0,0,0,0,0,0,0,0,0,1,6874200.0,6.4769574,2.060309,0.0,0.0,0.0,NA,0.0,0.0
SCHOOL_118,0,0,0,0,0,0,0,0,0,0,1,2094199.9999999998,6.4771742,1.904365300000001,0.0,0.0,0.0,NA,0.0,0.0
SCHOOL_119,0,0,0,0,0,0,0,0,0,0,1,2148000.0,6.47951,2.0593199999999996,0.0,0.0,0.0,NA,0.0,0.0
SCHOOL_120,0,0,0,0,0,0,0,0,0,0,1,2624900.0,6.479567900000001,1.9242457999999996,0.0,0.0,0.0,NA,0.0,0.0
SCHOOL_121,0,0,0,0,0,0,0,0,0,0,1,2546000.0,6.480010099999999,1.9300584000000005,0.0,0.0,0.0,NA,0.0,0.0
SCHOOL_122,0,0,0,0,0,0,0,0,0,0,1,840000.0,6.4832559000000005,1.7918877999999998,0.0,0.0,0.0,NA,0.0,0.0
SCHOOL_123,0,0,0,0,0,0,0,0,0,0,1,610100.0,6.483651399999999,1.9084345000000007,0.0,0.0,0.0,NA,0.0,0.0
SCHOOL_124,0,0,0,0,0,0,0,0,0,0,1,2448600.0,6.487337599999999,2.0458176000000003,0.0,0.0,0.0,NA,0.0,0.0
SCHOOL_125,0,0,0,0,0,0,0,0,0,0,1,2973500.0,6.4913403,1.9451883,0.0,0.0,0.0,NA,0.0,0.0
SCHOOL_126,0,0,0,0,0,0,0,0,0,0,2,1516600.0,6.492188350101955,1.9132682999488824,0.0,0.0,0.0,NA,0.0,0.0
SCHOOL_127,0,0,0,0,0,0,0,0,0,0,1,4525200.0,6.497244899999999,2.0147881000000005,0.0,0.0,0.0,NA,0.0,0.0
SCHOOL_128,0,0,0,0,0,0,0,0,0,0,1,10512000.0,6.49761,1.8186099999999996,0.0,0.0,0.0,NA,0.0,0.0
SCHOOL_129,0,0,0,0,0,0,0,0,0,0,1,1114900.0,6.5000203,1.8858318999999997,0.0,0.0,0.0,NA,0.0,0.0
SCHOOL_130,0,0,0,0,0,0,0,0,0,0,1,4876800.0,6.500111000000001,1.830882,0.0,0.0,0.0,NA,0.0,0.0
SCHOOL_131,0,0,0,0,0,0,0,0,0,0,1,9396500.0,6.500482099999999,1.7539310999999997,0.0,0.0,0.0,NA,0.0,0.0
SCHOOL_132,0,0,0,0,0,0,0,0,0,0,1,1878000.0,6.5006342,1.9267875,0.0,0.0,0.0,NA,0.0,0.0
SCHOOL_133,0,0,0,0,0,0,0,0,0,0,1,8090800.0,6.501944400000001,1.8116667,0.0,0.0,0.0,NA,0.0,0.0
SCHOOL_134,0,0,0,0,0,0,0,0,0,0,1,2506200.0,6.5027457,1.9072305000000005,0.0,0.0,0.0,NA,0.0,0.0
SCHOOL_135,0,0,0,0,0,0,0,0,0,0,1,2831000.0,6.503524999999999,1.8454933,0.0,0.0,0.0,NA,0.0,0.0
SCHOOL_136,0,0,0,0,0,0,0,0,0,0,1,1114900.0,6.503754499999999,1.8857323999999998,0.0,0.0,0.0,NA,0.0,0.0
SCHOOL_137,0,0,0,0,0,0,0,0,0,0,1,3406000.0,6.5041611,1.9452187,0.0,0.0,0.0,NA,0.0,0.0
SCHOOL_138,0,0,0,0,0,0,0,0,0,0,1,3573500.0,6.5065116000000005,2.0531399,0.0,0.0,0.0,NA,0.0,0.0
SCHOOL_139,0,0,0,0,0,0,0,0,0,0,1,3400600.0,6.501176000000002,2.1037209,0.0,0.0,0.0,NA,0.0,0.0
SCHOOL_140,0,0,0,0,0,0,0,0,0,0,1,2165500.0,6.5078133,1.9119933,0.0,0.0,0.0,NA,0.0,0.0
SCHOOL_141,0,0,0,0,0,0,0,0,0,0,1,2532100.0,6.5095983,1.8536117000000008,0.0,0.0,0.0,NA,0.0,0.0
SCHOOL_142,0,0,0,0,0,0,0,0,0,0,1,2200100.0,6.510868299999999,1.9318432999999997,0.0,0.0,0.0,NA,0.0,0.0
SCHOOL_143,0,0,0,0,0,0,0,0,0,0,1,1555100.0,6.514160199999999,1.9644594000000002,0.0,0.0,0.0,NA,0.0,0.0
SCHOOL_144,0,0,0,0,0,0,0,0,0,0,1,3783600.0,6.51466,1.8652217000000002,0.0,0.0,0.0,NA,0.0,0.0
SCHOOL_145,0,0,0,0,0,0,0,0,0,0,1,5646600.0,6.4892,2.2513243,0.0,0.0,0.0,NA,0.0,0.0
SCHOOL_146,0,0,0,0,0,0,0,0,0,0,1,4569400.0,6.4914531,2.2652204,0.0,0.0,0.0,NA,0.0,0.0
SCHOOL_147,0,0,0,0,0,0,0,0,0,0,1,840000.0,6.491609199999999,2.4513961000000006,0.0,0.0,0.0,NA,0.0,0.0
SCHOOL_148,0,0,0,0,0,0,0,0,0,0,1,4383500.0,6.4937067,2.4528369,0.0,0.0,0.0,NA,0.0,0.0
SCHOOL_149,0,0,0,0,0,0,0,0,0,0,1,3585800.0,6.500079799999999,2.2489792000000004,0.0,0.0,0.0,NA,0.0,0.0
SCHOOL_150,0,0,0,0,0,0,0,0,0,0,1,1914000.0,6.5002472000000004,2.1897076,0.0,0.0,0.0,NA,0.0,0.0
SCHOOL_151,0,0,0,0,0,0,0,0,0,0,1,4680000.0,6.506855,2.4840267,0.0,0.0,0.0,NA,0.0,0.0
SCHOOL_152,0,0,0,0,0,0,0,0,0,0,1,780000.0,6.5070642,2.1969217000000003,0.0,0.0,0.0,NA,0.0,0.0
SCHOOL_153,0,0,0,0,0,0,0,0,0,0,1,6565100.0,6.5112518999999995,2.4552528,0.0,0.0,0.0,NA,0.0,0.0
SCHOOL_154,0,0,0,0,0,0,0,0,0,0,1,5412700.0,6.511219999999999,2.719665,0.0,0.0,0.0,NA,0.0,0.0
SCHOOL_155,0,0,0,0,0,0,0,0,0,0,1,12000000.0,6.519606299999999,2.5361611,0.0,0.0,0.0,NA,0.0,0.0
SCHOOL_156,0,0,0,0,0,0,0,0,0,0,1,12000000.0,6.516043399999998,2.2782348000000003,0.0,0.0,0.0,NA,0.0,0.0
SCHOOL_157,0,0,0,0,0,0,0,0,0,0,1,12000000.0,6.530829999999999,2.43454,0.0,0.0,0.0,NA,0.0,0.0
SCHOOL_158,0,0,0,0,0,0,0,0,0,0,1,12000000.0,6.5308757,2.3084143,0.0,0.0,0.0,NA,0.0,0.0
SCHOOL_159,0,0,0,0,0,0,0,0,0,0,2,11743000.0,6.532913900001695,2.4361295000011696,0.0,0.0,0.0,NA,0.0,0.0
SCHOOL_160,0,0,0,0,0,0,0,0,0,0,2,24000000.0,6.5244542500609635,2.532305750009797,0.0,0.0,0.0,NA,0.0,0.0
SCHOOL_161,0,0,0,0,0,0,0,0,0,0,3,13830200.0,6.526427033427324,2.5391989662531884,0.0,0.0,0.0,NA,0.0,0.0
SCHOOL_162,0,0,0,0,0,0,0,0,0,0,1,3477600.0,6.528386500000001,2.5576654000000003,0.0,0.0,0.0,NA,0.0,0.0
SCHOOL_163,0,0,0,0,0,0,0,0,0,0,2,10102400.0,6.5360988500816815,2.6904041998604473,0.0,0.0,0.0,NA,0.0,0.0
SCHOOL_164,0,0,0,0,0,0,0,0,0,0,1,12000000.0,6.537132299999998,2.4014526999999997,0.0,0.0,0.0,NA,0.0,0.0
SCHOOL_165,0,0,0,0,0,0,0,0,0,0,2,7388000.0,6.543506650000786,2.4558733500008474,0.0,0.0,0.0,NA,0.0,0.0
SCHOOL_166,0,0,0,0,0,0,0,0,0,0,1,3275800.0,6.543917899999999,2.1992108,0.0,0.0,0.0,NA,0.0,0.0
SCHOOL_167,0,0,0,0,0,0,0,0,0,0,1,10543100.0,6.540019499999999,2.7107022,0.0,0.0,0.0,NA,0.0,0.0
SCHOOL_168,0,0,0,0,0,0,0,0,0,0,1,3343300.0,6.5164892,1.8844825,0.0,0.0,0.0,NA,0.0,0.0
SCHOOL_169,0,0,0,0,0,0,0,0,0,0,1,8487600.0,6.517246700000001,1.8109616,0.0,0.0,0.0,NA,0.0,0.0
SCHOOL_170,0,0,0,0,0,0,0,0,0,0,1,1653400.0,6.514017199999999,2.151976500000001,0.0,0.0,0.0,NA,0.0,0.0
SCHOOL_171,0,0,0,0,0,0,0,0,0,0,2,3580800.0,6.515401450081938,2.1313311500704826,0.0,0.0,0.0,NA,0.0,0.0
SCHOOL_172,0,0,0,0,0,0,0,0,0,0,1,1244800.0,6.5166318000000025,2.090007,0.0,0.0,0.0,NA,0.0,0.0
SCHOOL_173,0,0,0,0,0,0,0,0,0,0,1,4248000.0,6.520650000000001,2.0947700000000005,0.0,0.0,0.0,NA,0.0,0.0
SCHOOL_174,0,0,0,0,0,0,0,0,0,0,1,1086200.0,6.5217894,2.0692888000000003,0.0,0.0,0.0,NA,0.0,0.0
SCHOOL_175,0,0,0,0,0,0,0,0,0,0,2,2121700.0,6.527417700025687,2.0999344000640137,0.0,0.0,0.0,NA,0.0,0.0
SCHOOL_176,0,0,0,0,0,0,0,0,0,0,1,840000.0,6.520300800000001,1.9748500999999998,0.0,0.0,0.0,NA,0.0,0.0
SCHOOL_177,0,0,0,0,0,0,0,0,0,0,2,1754200.0,6.524476750005781,2.0352215999926617,0.0,0.0,0.0,NA,0.0,0.0
SCHOOL_178,0,0,0,0,0,0,0,0,0,0,1,11952000.0,6.529919999999999,1.8194200000000003,0.0,0.0,0.0,NA,0.0,0.0
SCHOOL_179,0,0,0,0,0,0,0,0,0,0,2,3246000.0,6.529983299999998,2.0484219999999964,0.0,0.0,0.0,NA,0.0,0.0
SCHOOL_180,0,0,0,0,0,0,0,0,0,0,4,3134799.9999999995,6.533260725013413,1.9696262250987444,0.0,0.0,0.0,NA,0.0,0.0
SCHOOL_181,0,0,0,0,0,0,0,0,0,0,1,6975100.0,6.532728699999999,1.8207366000000003,0.0,0.0,0.0,NA,0.0,0.0
SCHOOL_182,0,0,0,0,0,0,0,0,0,0,1,3768000.0,6.533519999999998,1.9085300000000005,0.0,0.0,0.0,NA,0.0,0.0
SCHOOL_183,0,0,0,0,0,0,0,0,0,0,1,2602000.0,6.534667700000003,1.8951499999999997,0.0,0.0,0.0,NA,0.0,0.0
SCHOOL_184,0,0,0,0,0,0,0,0,0,0,1,9325000.0,6.535252399999999,2.0082784999999994,0.0,0.0,0.0,NA,0.0,0.0
SCHOOL_185,0,0,0,0,0,0,0,0,0,0,1,4308000.0,6.535879999999999,2.0569800000000003,0.0,0.0,0.0,NA,0.0,0.0
SCHOOL_186,0,0,0,0,0,0,0,0,0,0,1,4164000.0,6.5378799999999995,1.9184050000000001,0.0,0.0,0.0,NA,0.0,0.0
SCHOOL_187,0,0,0,0,0,0,0,0,0,0,1,998000.0,6.538549499999999,1.8585363,0.0,0.0,0.0,NA,0.0,0.0
SCHOOL_188,0,0,0,0,0,0,0,0,0,0,1,2076000.0,6.53891,1.8467299999999995,0.0,0.0,0.0,NA,0.0,0.0
SCHOOL_189,0,0,0,0,0,0,0,0,0,0,1,7727400.0,6.5428348,1.8539681,0.0,0.0,0.0,NA,0.0,0.0
SCHOOL_190,0,0,0,0,0,0,0,0,0,0,1,2905300.0,6.544032700000001,1.9477024000000003,0.0,0.0,0.0,NA,0.0,0.0
SCHOOL_191,0,0,0,0,0,0,0,0,0,0,1,11889800.0,6.546335,1.9607010000000005,0.0,0.0,0.0,NA,0.0,0.0
SCHOOL_192,0,0,0,0,0,0,0,0,0,0,1,4085000.0,6.5476353,2.0335565000000004,0.0,0.0,0.0,NA,0.0,0.0
SCHOOL_193,0,0,0,0,0,0,0,0,0,0,1,2182800.0,6.5485974,1.8824427000000004,0.0,0.0,0.0,NA,0.0,0.0
SCHOOL_194,0,0,0,0,0,0,0,0,0,0,1,1557000.0,6.5547597,1.9538964000000003,0.0,0.0,0.0,NA,0.0,0.0
SCHOOL_195,0,0,0,0,0,0,0,0,0,0,2,5773600.0,6.555513650161078,1.9346990500896013,0.0,0.0,0.0,NA,0.0,0.0
SCHOOL_196,0,0,0,0,0,0,0,0,0,0,1,5860100.0,6.557944199999999,1.8466125000000002,0.0,0.0,0.0,NA,0.0,0.0
SCHOOL_197,0,0,0,0,0,0,0,0,0,0,1,1939400.0,6.5584156,1.8676698999999999,0.0,0.0,0.0,NA,0.0,0.0
SCHOOL_198,0,0,0,0,0,0,0,0,0,0,1,1380700.0,6.537585999999998,2.0749384,0.0,0.0,0.0,NA,0.0,0.0
SCHOOL_199,0,0,0,0,0,0,0,0,0,0,1,3475200.0,6.5431374,2.1290927000000006,0.0,0.0,0.0,NA,0.0,0.0
SCHOOL_200,0,0,0,0,0,0,0,0,0,0,1,925300.0,6.547748200000001,2.1151111000000005,0.0,0.0,0.0,NA,0.0,0.0
SCHOOL_201,0,0,0,0,0,0,0,0,0,0,1,1060700.0,6.559567199999999,2.0997653,0.0,0.0,0.0,NA,0.0,0.0
SCHOOL_202,0,0,0,0,0,0,0,0,0,0,1,817400.0,6.562086999999999,2.0877771000000003,0.0,0.0,0.0,NA,0.0,0.0
SCHOOL_203,0,0,0,0,0,0,0,0,0,0,2,1838600.0,6.568915300059208,2.0740062001519206,0.0,0.0,0.0,NA,0.0,0.0
SCHOOL_204,0,0,0,0,0,0,0,0,0,0,1,4716000.0,6.573489999999999,2.07341,0.0,0.0,0.0,NA,0.0,0.0
SCHOOL_205,0,0,0,0,0,0,0,0,0,0,2,2156600.0,6.574610900015325,2.1742192500086084,0.0,0.0,0.0,NA,0.0,0.0
SCHOOL_206,0,0,0,0,0,0,0,0,0,0,1,1810100.0,6.5607799,1.8238972000000004,0.0,0.0,0.0,NA,0.0,0.0
SCHOOL_207,0,0,0,0,0,0,0,0,0,0,1,6905800.0,6.5617202,2.0364848000000007,0.0,0.0,0.0,NA,0.0,0.0
SCHOOL_208,0,0,0,0,0,0,0,0,0,0,1,840000.0,6.562683799999999,1.8859597999999997,0.0,0.0,0.0,NA,0.0,0.0
SCHOOL_209,0,0,0,0,0,0,0,0,0,0,1,840000.0,6.5629813,1.9699583,0.0,0.0,0.0,NA,0.0,0.0
SCHOOL_210,0,0,0,0,0,0,0,0,0,0,1,2397200.0,6.5638475000000005,2.0592253,0.0,0.0,0.0,NA,0.0,0.0
SCHOOL_211,0,0,0,0,0,0,0,0,0,0,1,840000.0,6.5643268,1.9669011000000005,0.0,0.0,0.0,NA,0.0,0.0
SCHOOL_212,0,0,0,0,0,0,0,0,0,0,1,7805800.0,6.566122599999999,1.9017383000000008,0.0,0.0,0.0,NA,0.0,0.0
SCHOOL_213,0,0,0,0,0,0,0,0,0,0,1,2167700.0,6.566272999999999,1.9623583000000002,0.0,0.0,0.0,NA,0.0,0.0
SCHOOL_214,0,0,0,0,0,0,0,0,0,0,3,2520000.0,6.5664221000000005,1.8874193,0.0,0.0,0.0,NA,0.0,0.0
SCHOOL_215,0,0,0,0,0,0,0,0,0,0,1,6612000.0,6.547939999999999,2.20358,0.0,0.0,0.0,NA,0.0,0.0
SCHOOL_216,0,0,0,0,0,0,0,0,0,0,3,8265900.000000002,6.546008000012506,2.6845140332956765,0.0,0.0,0.0,NA,0.0,0.0
SCHOOL_217,0,0,0,0,0,0,0,0,0,0,1,4477000.0,6.550992099999999,2.7236532,0.0,0.0,0.0,NA,0.0,0.0
SCHOOL_218,0,0,0,0,0,0,0,0,0,0,1,8616000.0,6.55245,2.68835,0.0,0.0,0.0,NA,0.0,0.0
SCHOOL_219,0,0,0,0,0,0,0,0,0,0,1,840000.0,6.5547294,2.2265893,0.0,0.0,0.0,NA,0.0,0.0
SCHOOL_220,0,0,0,0,0,0,0,0,0,0,1,3120000.0,6.556210000000001,2.4561151999999997,0.0,0.0,0.0,NA,0.0,0.0
SCHOOL_221,0,0,0,0,0,0,0,0,0,0,1,8302900.0,6.556551399999999,2.4390467999999994,0.0,0.0,0.0,NA,0.0,0.0
SCHOOL_222,0,0,0,0,0,0,0,0,0,0,1,5770600.0,6.5558291,2.6918909000000006,0.0,0.0,0.0,NA,0.0,0.0
SCHOOL_223,0,0,0,0,0,0,0,0,0,0,1,4207800.0,6.556834699999999,2.6113309,0.0,0.0,0.0,NA,0.0,0.0
SCHOOL_224,0,0,0,0,0,0,0,0,0,0,2,4360000.0,6.558932900005384,2.7032835999587252,0.0,0.0,0.0,NA,0.0,0.0
SCHOOL_225,0,0,0,0,0,0,0,0,0,0,1,4956000.0,6.558900000000001,2.72954,0.0,0.0,0.0,NA,0.0,0.0
SCHOOL_226,0,0,0,0,0,0,0,0,0,0,1,7467400.0,6.561623,2.2915133000000005,0.0,0.0,0.0,NA,0.0,0.0
SCHOOL_227,0,0,0,0,0,0,0,0,0,0,2,2102000.0,6.5626399000429965,2.6078988499580094,0.0,0.0,0.0,NA,0.0,0.0
SCHOOL_228,0,0,0,0,0,0,0,0,0,0,2,5144000.0,6.562901800000842,2.7355376000010945,0.0,0.0,0.0,NA,0.0,0.0
SCHOOL_229,0,0,0,0,0,0,0,0,0,0,1,6998400.0,6.563689199999999,2.7160075999999997,0.0,0.0,0.0,NA,0.0,0.0
SCHOOL_230,0,0,0,0,0,0,0,0,0,0,1,10536000.0,6.566519999999999,2.70208,0.0,0.0,0.0,NA,0.0,0.0
SCHOOL_231,0,0,0,0,0,0,0,0,0,0,2,11431100.0,6.567509500151592,2.6023660002554108,0.0,0.0,0.0,NA,0.0,0.0
SCHOOL_232,0,0,0,0,0,0,0,0,0,0,1,7720900.0,6.5637193,2.437266,0.0,0.0,0.0,NA,0.0,0.0
SCHOOL_233,0,0,0,0,0,0,0,0,0,0,1,6627600.0,6.564972799999999,2.3602324000000006,0.0,0.0,0.0,NA,0.0,0.0
SCHOOL_234,0,0,0,0,0,0,0,0,0,0,2,4004200.0,6.565588050036809,2.4041352998807786,0.0,0.0,0.0,NA,0.0,0.0
SCHOOL_235,0,0,0,0,0,0,0,0,0,0,1,5121700.0,6.565590899999999,2.2985962,0.0,0.0,0.0,NA,0.0,0.0
SCHOOL_236,0,0,0,0,0,0,0,0,0,0,1,12000000.0,6.578395899999999,2.5089824,0.0,0.0,0.0,NA,0.0,0.0
SCHOOL_237,0,0,0,0,0,0,0,0,0,0,2,12083200.0,6.57125785000198,2.680267150001548,0.0,0.0,0.0,NA,0.0,0.0
SCHOOL_238,0,0,0,0,0,0,0,0,0,0,1,9072000.0,6.57349,2.67919,0.0,0.0,0.0,NA,0.0,0.0
SCHOOL_239,0,0,0,0,0,0,0,0,0,0,1,7235000.0,6.574748300000001,2.6310382,0.0,0.0,0.0,NA,0.0,0.0
SCHOOL_240,0,0,0,0,0,0,0,0,0,0,1,4104000.0,6.57788,2.52941,0.0,0.0,0.0,NA,0.0,0.0
SCHOOL_241,0,0,0,0,0,0,0,0,0,0,2,4564600.0,6.5784298000004116,2.6127138000016146,0.0,0.0,0.0,NA,0.0,0.0
SCHOOL_242,0,0,0,0,0,0,0,0,0,0,1,5326600.0,6.5800003,2.6306774,0.0,0.0,0.0,NA,0.0,0.0
SCHOOL_243,0,0,0,0,0,0,0,0,0,0,1,6806200.0,6.5811516,2.7359397,0.0,0.0,0.0,NA,0.0,0.0
SCHOOL_244,0,0,0,0,0,0,0,0,0,0,2,4058299.9999999995,6.581265750117212,2.591782599994102,0.0,0.0,0.0,NA,0.0,0.0
SCHOOL_245,0,0,0,0,0,0,0,0,0,0,2,9513600.0,6.580038900000002,2.2839275000000026,0.0,0.0,0.0,NA,0.0,0.0
SCHOOL_246,0,0,0,0,0,0,0,0,0,0,1,12000000.0,6.581167700000001,2.495798,0.0,0.0,0.0,NA,0.0,0.0
SCHOOL_247,0,0,0,0,0,0,0,0,0,0,1,1031800.0,6.585205500000001,2.2942822000000005,0.0,0.0,0.0,NA,0.0,0.0
SCHOOL_248,0,0,0,0,0,0,0,0,0,0,1,2910400.0,6.585421,2.2019717000000005,0.0,0.0,0.0,NA,0.0,0.0
SCHOOL_249,0,0,0,0,0,0,0,0,0,0,1,2115100.0,6.582275499999998,2.7072829,0.0,0.0,0.0,NA,0.0,0.0
SCHOOL_250,0,0,0,0,0,0,0,0,0,0,1,2115100.0,6.5828628,2.7001862,0.0,0.0,0.0,NA,0.0,0.0
SCHOOL_251,0,0,0,0,0,0,0,0,0,0,1,2815700.0,6.5830337,2.6811486999999996,0.0,0.0,0.0,NA,0.0,0.0
SCHOOL_252,0,0,0,0,0,0,0,0,0,0,1,1713100.0,6.583178199999999,2.5800418,0.0,0.0,0.0,NA,0.0,0.0
SCHOOL_253,0,0,0,0,0,0,0,0,0,0,1,9036400.0,6.587623299999999,2.5340166999999996,0.0,0.0,0.0,NA,0.0,0.0
SCHOOL_254,0,0,0,0,0,0,0,0,0,0,2,7976200.0,6.589736550066969,2.5894280499807962,0.0,0.0,0.0,NA,0.0,0.0
SCHOOL_255,0,0,0,0,0,0,0,0,0,0,1,4799900.0,6.589736699999998,2.6320133,0.0,0.0,0.0,NA,0.0,0.0
SCHOOL_256,0,0,0,0,0,0,0,0,0,0,1,9600000.0,6.569869999999999,1.8178299999999998,0.0,0.0,0.0,NA,0.0,0.0
SCHOOL_257,0,0,0,0,0,0,0,0,0,0,1,5197800.0,6.570054500000001,1.9516185,0.0,0.0,0.0,NA,0.0,0.0
SCHOOL_258,0,0,0,0,0,0,0,0,0,0,1,12000000.0,6.57036,1.8873100000000005,0.0,0.0,0.0,NA,0.0,0.0
SCHOOL_259,0,0,0,0,0,0,0,0,0,0,1,1764200.0,6.571349200000001,1.9617044,0.0,0.0,0.0,NA,0.0,0.0
SCHOOL_260,0,0,0,0,0,0,0,0,0,0,3,6663599.999999999,6.573942,1.7873074000000002,0.0,0.0,0.0,NA,0.0,0.0
SCHOOL_261,0,0,0,0,0,0,0,0,0,0,1,7293800.0,6.544576200000001,1.7134675000000001,0.0,0.0,0.0,NA,0.0,0.0
SCHOOL_262,0,0,0,0,0,0,0,0,0,0,1,870100.0,6.595702000000001,1.6937720999999997,0.0,0.0,0.0,NA,0.0,0.0
SCHOOL_263,0,0,0,0,0,0,0,0,0,0,1,1764200.0,6.5740287,1.9586478,0.0,0.0,0.0,NA,0.0,0.0
SCHOOL_264,0,0,0,0,0,0,0,0,0,0,3,9900000.0,6.576235950000142,1.8847320499997682,0.0,0.0,0.0,NA,0.0,0.0
SCHOOL_265,0,0,0,0,0,0,0,0,0,0,1,2052000.0,6.5776,2.01763,0.0,0.0,0.0,NA,0.0,0.0
SCHOOL_266,0,0,0,0,0,0,0,0,0,0,1,5770400.0,6.578713099999999,1.8273454999999998,0.0,0.0,0.0,NA,0.0,0.0
SCHOOL_267,0,0,0,0,0,0,0,0,0,0,1,676200.0,6.582728300000001,1.9220183000000002,0.0,0.0,0.0,NA,0.0,0.0
SCHOOL_268,0,0,0,0,0,0,0,0,0,0,1,6864000.0,6.585009999999998,1.7570300000000003,0.0,0.0,0.0,NA,0.0,0.0
SCHOOL_269,0,0,0,0,0,0,0,0,0,0,1,2592000.0,6.585939999999999,1.7763700000000002,0.0,0.0,0.0,NA,0.0,0.0
SCHOOL_270,0,0,0,0,0,0,0,0,0,0,1,6490000.0,6.588755899999999,1.8121991000000002,0.0,0.0,0.0,NA,0.0,0.0
SCHOOL_271,0,0,0,0,0,0,0,0,0,0,1,3038900.0,6.589789800000001,1.9536379,0.0,0.0,0.0,NA,0.0,0.0
SCHOOL_272,0,0,0,0,0,0,0,0,0,0,1,4973800.0,6.592315499999999,1.7433322000000002,0.0,0.0,0.0,NA,0.0,0.0
SCHOOL_273,0,0,0,0,0,0,0,0,0,0,1,1732300.0,6.594710599999999,1.8739807999999996,0.0,0.0,0.0,NA,0.0,0.0
SCHOOL_274,0,0,0,0,0,0,0,0,0,0,1,2450900.0,6.575025299999999,2.1277534000000005,0.0,0.0,0.0,NA,0.0,0.0
SCHOOL_275,0,0,0,0,0,0,0,0,0,0,1,2844000.0,6.579549999999999,2.1405600000000002,0.0,0.0,0.0,NA,0.0,0.0
SCHOOL_276,0,0,0,0,0,0,0,0,0,0,2,2632000.0,6.5855093000155644,2.083924650029783,0.0,0.0,0.0,NA,0.0,0.0
SCHOOL_277,0,0,0,0,0,0,0,0,0,0,1,2522600.0,6.587837600000001,2.1267337,0.0,0.0,0.0,NA,0.0,0.0
SCHOOL_278,0,0,0,0,0,0,0,0,0,0,1,4943500.0,6.618819999999999,2.1629517,0.0,0.0,0.0,NA,0.0,0.0
SCHOOL_279,0,0,0,0,0,0,0,0,0,0,1,3322000.0,6.597160999999999,1.8912619,0.0,0.0,0.0,NA,0.0,0.0
SCHOOL_280,0,0,0,0,0,0,0,0,0,0,4,3828000.0,6.6001603,1.9287044000000004,0.0,0.0,0.0,NA,0.0,0.0
SCHOOL_281,0,0,0,0,0,0,0,0,0,0,1,2770600.0,6.6001989,1.9514558000000002,0.0,0.0,0.0,NA,0.0,0.0
SCHOOL_282,0,0,0,0,0,0,0,0,0,0,1,7488000.0,6.60062,1.8803900000000002,0.0,0.0,0.0,NA,0.0,0.0
SCHOOL_283,0,0,0,0,0,0,0,0,0,0,1,10696800.0,6.6040866,1.9382021000000005,0.0,0.0,0.0,NA,0.0,0.0
SCHOOL_284,0,0,0,0,0,0,0,0,0,0,1,4692000.0,6.60583,2.04177,0.0,0.0,0.0,NA,0.0,0.0
SCHOOL_285,0,0,0,0,0,0,0,0,0,0,1,8509700.0,6.607355,1.7944399999999998,0.0,0.0,0.0,NA,0.0,0.0
SCHOOL_286,0,0,0,0,0,0,0,0,0,0,2,4527100.0,6.6080290503711865,1.870631150340547,0.0,0.0,0.0,NA,0.0,0.0
SCHOOL_287,0,0,0,0,0,0,0,0,0,0,1,1166200.0,6.6134659,1.8970184000000003,0.0,0.0,0.0,NA,0.0,0.0
SCHOOL_288,0,0,0,0,0,0,0,0,0,0,1,2288300.0,6.591152299999998,2.3049688000000006,0.0,0.0,0.0,NA,0.0,0.0
SCHOOL_289,0,0,0,0,0,0,0,0,0,0,2,3843600.0,6.595208999999999,2.3062949000000006,0.0,0.0,0.0,NA,0.0,0.0
SCHOOL_290,0,0,0,0,0,0,0,0,0,0,1,12000000.0,6.59009,2.58186,0.0,0.0,0.0,NA,0.0,0.0
SCHOOL_291,0,0,0,0,0,0,0,0,0,0,2,3923300.0,6.590696650015209,2.5665590500415285,0.0,0.0,0.0,NA,0.0,0.0
SCHOOL_292,0,0,0,0,0,0,0,0,0,0,2,8067800.0,6.590978950166744,2.6552476499810225,0.0,0.0,0.0,NA,0.0,0.0
SCHOOL_293,0,0,0,0,0,0,0,0,0,0,1,2240600.0,6.591339999999999,2.6060379,0.0,0.0,0.0,NA,0.0,0.0
SCHOOL_294,0,0,0,0,0,0,0,0,0,0,1,12000000.0,6.593299999999998,2.61751,0.0,0.0,0.0,NA,0.0,0.0
SCHOOL_295,0,0,0,0,0,0,0,0,0,0,1,6134000.0,6.594465299999999,2.6429679,0.0,0.0,0.0,NA,0.0,0.0
SCHOOL_296,0,0,0,0,0,0,0,0,0,0,5,3335500.0,6.595118650027123,2.6968335000523433,0.0,0.0,0.0,NA,0.0,0.0
SCHOOL_297,0,0,0,0,0,0,0,0,0,0,2,8169800.0,6.598189200000999,2.374659450004319,0.0,0.0,0.0,NA,0.0,0.0
SCHOOL_298,0,0,0,0,0,0,0,0,0,0,1,3116600.0,6.5986844,2.6613561,0.0,0.0,0.0,NA,0.0,0.0
SCHOOL_299,0,0,0,0,0,0,0,0,0,0,1,3366000.0,6.5990194,2.7165069,0.0,0.0,0.0,NA,0.0,0.0
SCHOOL_300,0,0,0,0,0,0,0,0,0,0,1,5124000.0,6.60186,2.5585400000000003,0.0,0.0,0.0,NA,0.0,0.0
SCHOOL_301,0,0,0,0,0,0,0,0,0,0,2,3725200.0,6.602331750015426,2.617748950072021,0.0,0.0,0.0,NA,0.0,0.0
SCHOOL_302,0,0,0,0,0,0,0,0,0,0,1,10405400.0,6.598726700000001,2.4122150000000007,0.0,0.0,0.0,NA,0.0,0.0
SCHOOL_303,0,0,0,0,0,0,0,0,0,0,1,4043500.0,6.599013300000001,2.4342033,0.0,0.0,0.0,NA,0.0,0.0
SCHOOL_304,0,0,0,0,0,0,0,0,0,0,1,9684100.0,6.6001667,2.4018117000000005,0.0,0.0,0.0,NA,0.0,0.0
SCHOOL_305,0,0,0,0,0,0,0,0,0,0,1,7146000.0,6.6004062999999995,2.3411162999999995,0.0,0.0,0.0,NA,0.0,0.0
SCHOOL_306,0,0,0,0,0,0,0,0,0,0,1,840000.0,6.6066012999999995,2.4819775,0.0,0.0,0.0,NA,0.0,0.0
SCHOOL_307,0,0,0,0,0,0,0,0,0,0,1,4831600.0,6.608224799999999,2.5691947,0.0,0.0,0.0,NA,0.0,0.0
SCHOOL_308,0,0,0,0,0,0,0,0,0,0,1,1144800.0,6.609149,2.6609681000000003,0.0,0.0,0.0,NA,0.0,0.0
SCHOOL_309,0,0,0,0,0,0,0,0,0,0,1,8506600.0,6.6100735,2.6752488,0.0,0.0,0.0,NA,0.0,0.0
SCHOOL_310,0,0,0,0,0,0,0,0,0,0,1,2208700.0,6.610457700000001,2.6023385,0.0,0.0,0.0,NA,0.0,0.0
SCHOOL_311,0,0,0,0,0,0,0,0,0,0,1,2005300.0,6.610546800000001,2.540745,0.0,0.0,0.0,NA,0.0,0.0
SCHOOL_312,0,0,0,0,0,0,0,0,0,0,1,1202900.0,6.610838300000002,2.6125107,0.0,0.0,0.0,NA,0.0,0.0
SCHOOL_313,0,0,0,0,0,0,0,0,0,0,1,840000.0,6.607644499999999,2.4796338000000007,0.0,0.0,0.0,NA,0.0,0.0
SCHOOL_314,0,0,0,0,0,0,0,0,0,0,1,4594200.0,6.6087077999999995,2.3117058,0.0,0.0,0.0,NA,0.0,0.0
SCHOOL_315,0,0,0,0,0,0,0,0,0,0,1,6050600.0,6.6091151,2.2099589,0.0,0.0,0.0,NA,0.0,0.0
SCHOOL_316,0,0,0,0,0,0,0,0,0,0,1,9872000.0,6.610725,2.3848767,0.0,0.0,0.0,NA,0.0,0.0
SCHOOL_317,0,0,0,0,0,0,0,0,0,0,1,914200.0,6.612426699999999,2.4556133,0.0,0.0,0.0,NA,0.0,0.0
SCHOOL_318,0,0,0,0,0,0,0,0,0,0,1,1906100.0,6.611387099999999,2.6399889,0.0,0.0,0.0,NA,0.0,0.0
SCHOOL_319,0,0,0,0,0,0,0,0,0,0,1,2005300.0,6.613465800000001,2.5412074,0.0,0.0,0.0,NA,0.0,0.0
SCHOOL_320,0,0,0,0,0,0,0,0,0,0,1,7284000.0,6.615649999999999,2.7167499999999998,0.0,0.0,0.0,NA,0.0,0.0
SCHOOL_321,0,0,0,0,0,0,0,0,0,0,2,4324800.0,6.617745800039145,2.5599283500200953,0.0,0.0,0.0,NA,0.0,0.0
SCHOOL_322,0,0,0,0,0,0,0,0,0,0,1,4576100.0,6.6180699999999995,2.6370608,0.0,0.0,0.0,NA,0.0,0.0
SCHOOL_323,0,0,0,0,0,0,0,0,0,0,2,3978200.0,6.62247195003995,2.5199451998190345,0.0,0.0,0.0,NA,0.0,0.0
SCHOOL_324,0,0,0,0,0,0,0,0,0,0,1,12000000.0,6.622117000000001,2.237958,0.0,0.0,0.0,NA,0.0,0.0
SCHOOL_325,0,0,0,0,0,0,0,0,0,0,1,2880200.0,6.619172999999998,2.6064029,0.0,0.0,0.0,NA,0.0,0.0
SCHOOL_326,0,0,0,0,0,0,0,0,0,0,2,4081200.0,6.619783250020334,2.6677216499985397,0.0,0.0,0.0,NA,0.0,0.0
SCHOOL_327,0,0,0,0,0,0,0,0,0,0,1,12000000.0,6.6236232,2.4129847,0.0,0.0,0.0,NA,0.0,0.0
SCHOOL_328,0,0,0,0,0,0,0,0,0,0,1,10044000.0,6.624909999999999,2.5237,0.0,0.0,0.0,NA,0.0,0.0
SCHOOL_329,0,0,0,0,0,0,0,0,0,0,1,3908200.0,6.624393999999999,2.7129178000000005,0.0,0.0,0.0,NA,0.0,0.0
SCHOOL_330,0,0,0,0,0,0,0,0,0,0,1,6900000.0,6.627299999999999,2.56156,0.0,0.0,0.0,NA,0.0,0.0
SCHOOL_331,0,0,0,0,0,0,0,0,0,0,1,6938300.0,6.6355129,2.6327436,0.0,0.0,0.0,NA,0.0,0.0
SCHOOL_332,0,0,0,0,0,0,0,0,0,0,1,2844000.0,6.618179999999999,1.88857,0.0,0.0,0.0,NA,0.0,0.0
SCHOOL_333,0,0,0,0,0,0,0,0,0,0,1,3917500.0,6.6214767,1.8467216999999998,0.0,0.0,0.0,NA,0.0,0.0
SCHOOL_334,0,0,0,0,0,0,0,0,0,0,1,12000000.0,6.632169999999999,1.7405399999999993,0.0,0.0,0.0,NA,0.0,0.0
SCHOOL_335,0,0,0,0,0,0,0,0,0,0,1,12000000.0,6.633909300000001,1.7342634,0.0,0.0,0.0,NA,0.0,0.0
SCHOOL_336,0,0,0,0,0,0,0,0,0,0,1,6204000.0,6.634019999999998,1.76172,0.0,0.0,0.0,NA,0.0,0.0
SCHOOL_337,0,0,0,0,0,0,0,0,0,0,1,5163500.0,6.634195000000001,2.0391383,0.0,0.0,0.0,NA,0.0,0.0
SCHOOL_338,0,0,0,0,0,0,0,0,0,0,1,7912300.0,6.6364651,1.9424601,0.0,0.0,0.0,NA,0.0,0.0
SCHOOL_339,0,0,0,0,0,0,0,0,0,0,1,1944000.0,6.623659999999999,2.1453,0.0,0.0,0.0,NA,0.0,0.0
SCHOOL_340,0,0,0,0,0,0,0,0,0,0,1,7585600.0,6.641029999999999,2.0842067000000006,0.0,0.0,0.0,NA,0.0,0.0
SCHOOL_341,0,0,0,0,0,0,0,0,0,0,1,7851400.0,6.649066699999998,2.1833233000000005,0.0,0.0,0.0,NA,0.0,0.0
SCHOOL_342,0,0,0,0,0,0,0,0,0,0,1,8650000.0,6.6534545,2.1808836999999994,0.0,0.0,0.0,NA,0.0,0.0
SCHOOL_343,0,0,0,0,0,0,0,0,0,0,4,19447500.0,6.640581075043348,1.981207899615771,0.0,0.0,0.0,NA,0.0,0.0
SCHOOL_344,0,0,0,0,0,0,0,0,0,0,1,1845000.0,6.6408753,1.8563349000000002,0.0,0.0,0.0,NA,0.0,0.0
SCHOOL_345,0,0,0,0,0,0,0,0,0,0,2,4522400.0,6.630655400058665,2.2507535500387603,0.0,0.0,0.0,NA,0.0,0.0
SCHOOL_346,0,0,0,0,0,0,0,0,0,0,1,7612000.0,6.6383617,2.422525,0.0,0.0,0.0,NA,0.0,0.0
SCHOOL_347,0,0,0,0,0,0,0,0,0,0,1,4948900.0,6.640013699999999,2.669551,0.0,0.0,0.0,NA,0.0,0.0
SCHOOL_348,0,0,0,0,0,0,0,0,0,0,1,6340300.0,6.640407299999999,2.7119839,0.0,0.0,0.0,NA,0.0,0.0
SCHOOL_349,0,0,0,0,0,0,0,0,0,0,1,5159200.0,6.642847200000001,2.6586126,0.0,0.0,0.0,NA,0.0,0.0
SCHOOL_350,0,0,0,0,0,0,0,0,0,0,2,8192000.0,6.643869400035132,2.695935549856879,0.0,0.0,0.0,NA,0.0,0.0
SCHOOL_351,0,0,0,0,0,0,0,0,0,0,1,1398200.0,6.643611699999998,2.5375102,0.0,0.0,0.0,NA,0.0,0.0
SCHOOL_352,0,0,0,0,0,0,0,0,0,0,1,4861800.0,6.645127799999999,2.607299,0.0,0.0,0.0,NA,0.0,0.0
SCHOOL_353,0,0,0,0,0,0,0,0,0,0,1,1055600.0,6.6487581,2.5491593999999997,0.0,0.0,0.0,NA,0.0,0.0
SCHOOL_354,0,0,0,0,0,0,0,0,0,0,1,654100.0,6.646380300000001,2.2287967,0.0,0.0,0.0,NA,0.0,0.0
SCHOOL_355,0,0,0,0,0,0,0,0,0,0,2,7546600.0,6.646670200000001,2.2223531,0.0,0.0,0.0,NA,0.0,0.0
SCHOOL_356,0,0,0,0,0,0,0,0,0,0,1,4403200.0,6.648645200000001,2.3210163,0.0,0.0,0.0,NA,0.0,0.0
SCHOOL_357,0,0,0,0,0,0,0,0,0,0,1,654100.0,6.649302100000001,2.2287401,0.0,0.0,0.0,NA,0.0,0.0
SCHOOL_358,0,0,0,0,0,0,0,0,0,0,1,8126500.0,6.655950900000001,2.5115789,0.0,0.0,0.0,NA,0.0,0.0
SCHOOL_359,0,0,0,0,0,0,0,0,0,0,1,4666000.0,6.656703300000001,2.2609133000000003,0.0,0.0,0.0,NA,0.0,0.0
SCHOOL_360,0,0,0,0,0,0,0,0,0,0,1,860500.0,6.6609721,2.5057739000000003,0.0,0.0,0.0,NA,0.0,0.0
SCHOOL_361,0,0,0,0,0,0,0,0,0,0,1,2220000.0,6.661880000000001,2.25096,0.0,0.0,0.0,NA,0.0,0.0
SCHOOL_362,0,0,0,0,0,0,0,0,0,0,1,9120000.0,6.656749999999997,2.62606,0.0,0.0,0.0,NA,0.0,0.0
SCHOOL_363,0,0,0,0,0,0,0,0,0,0,1,8772000.0,6.6569,2.56613,0.0,0.0,0.0,NA,0.0,0.0
SCHOOL_364,0,0,0,0,0,0,0,0,0,0,1,4560000.0,6.657219999999999,2.68143,0.0,0.0,0.0,NA,0.0,0.0
SCHOOL_365,0,0,0,0,0,0,0,0,0,0,1,10098700.0,6.660701499999998,2.6304145,0.0,0.0,0.0,NA,0.0,0.0
SCHOOL_366,0,0,0,0,0,0,0,0,0,0,2,11405600.0,6.660983100029068,2.668159499937021,0.0,0.0,0.0,NA,0.0,0.0
SCHOOL_367,0,0,0,0,0,0,0,0,0,0,1,1528900.0,6.661552099999999,2.5583018,0.0,0.0,0.0,NA,0.0,0.0
SCHOOL_368,0,0,0,0,0,0,0,0,0,0,1,3262400.0,6.661595899999998,2.6070803999999996,0.0,0.0,0.0,NA,0.0,0.0
SCHOOL_369,0,0,0,0,0,0,0,0,0,0,1,3720000.0,6.657260000000001,2.18538,0.0,0.0,0.0,NA,0.0,0.0
SCHOOL_370,0,0,0,0,0,0,0,0,0,0,2,4034800.0,6.6598423,2.1661811000000006,0.0,0.0,0.0,NA,0.0,0.0
SCHOOL_371,0,0,0,0,0,0,0,0,0,0,1,7214300.0,6.6420844,1.8309714000000004,0.0,0.0,0.0,NA,0.0,0.0
SCHOOL_372,0,0,0,0,0,0,0,0,0,0,1,5496000.0,6.642719999999999,1.8893199999999997,0.0,0.0,0.0,NA,0.0,0.0
SCHOOL_373,0,0,0,0,0,0,0,0,0,0,1,9578500.0,6.645320000000001,2.040085,0.0,0.0,0.0,NA,0.0,0.0
SCHOOL_374,0,0,0,0,0,0,0,0,0,0,1,1708900.0,6.6492227999999995,1.8449730999999998,0.0,0.0,0.0,NA,0.0,0.0
SCHOOL_375,0,0,0,0,0,0,0,0,0,0,1,12000000.0,6.651545300000001,1.7808036999999997,0.0,0.0,0.0,NA,0.0,0.0
SCHOOL_376,0,0,0,0,0,0,0,0,0,0,1,4260000.0,6.6467,1.69735,0.0,0.0,0.0,NA,0.0,0.0
SCHOOL_377,0,0,0,0,0,0,0,0,0,0,2,5529800.0,6.665288350030957,1.8524197999474692,0.0,0.0,0.0,NA,0.0,0.0
SCHOOL_378,0,0,0,0,0,0,0,0,0,0,1,1320000.0,6.666859999999999,1.8496699999999995,0.0,0.0,0.0,NA,0.0,0.0
SCHOOL_379,0,0,0,0,0,0,0,0,0,0,1,3556400.0,6.671305299999998,1.7348716000000006,0.0,0.0,0.0,NA,0.0,0.0
SCHOOL_380,0,0,0,0,0,0,0,0,0,0,1,7026400.0,6.672065,1.9840956000000005,0.0,0.0,0.0,NA,0.0,0.0
SCHOOL_381,0,0,0,0,0,0,0,0,0,0,6,4864800.0,6.682380867267438,2.0698159992153533,0.0,0.0,0.0,NA,0.0,0.0
SCHOOL_382,0,0,0,0,0,0,0,0,0,0,1,5373500.0,6.676282699999998,1.6071441,0.0,0.0,0.0,NA,0.0,0.0
SCHOOL_383,0,0,0,0,0,0,0,0,0,0,1,2449800.0,6.676328099999999,1.6556281000000002,0.0,0.0,0.0,NA,0.0,0.0
SCHOOL_384,0,0,0,0,0,0,0,0,0,0,2,5846000.0,6.6770112500052266,1.6589030500045092,0.0,0.0,0.0,NA,0.0,0.0
SCHOOL_385,0,0,0,0,0,0,0,0,0,0,1,9634200.0,6.678945,1.8378234000000004,0.0,0.0,0.0,NA,0.0,0.0
SCHOOL_386,0,0,0,0,0,0,0,0,0,0,1,1013300.0,6.6793392,2.0521638,0.0,0.0,0.0,NA,0.0,0.0
SCHOOL_387,0,0,0,0,0,0,0,0,0,0,2,5136400.0,6.686305850673425,2.0462290496029207,0.0,0.0,0.0,NA,0.0,0.0
SCHOOL_388,0,0,0,0,0,0,0,0,0,0,1,9735200.0,6.6822083,2.1027100000000005,0.0,0.0,0.0,NA,0.0,0.0
SCHOOL_389,0,0,0,0,0,0,0,0,0,0,2,3464200.0,6.682695901169662,2.0738736498486627,0.0,0.0,0.0,NA,0.0,0.0
SCHOOL_390,0,0,0,0,0,0,0,0,0,0,1,656800.0,6.6850499999999995,2.1868433000000005,0.0,0.0,0.0,NA,0.0,0.0
SCHOOL_391,0,0,0,0,0,0,0,0,0,0,2,2664800.0,6.688506300001269,2.0451971000007334,0.0,0.0,0.0,NA,0.0,0.0
SCHOOL_392,0,0,0,0,0,0,0,0,0,0,1,1902000.0,6.6892184,1.8680416,0.0,0.0,0.0,NA,0.0,0.0
SCHOOL_393,0,0,0,0,0,0,0,0,0,0,1,1332400.0,6.6893178,2.0484458,0.0,0.0,0.0,NA,0.0,0.0
SCHOOL_394,0,0,0,0,0,0,0,0,0,0,1,2568000.0,6.69105,1.9861000000000002,0.0,0.0,0.0,NA,0.0,0.0
SCHOOL_395,0,0,0,0,0,0,0,0,0,0,2,1745800.0,6.691347900000001,1.8105129999999996,0.0,0.0,0.0,NA,0.0,0.0
SCHOOL_396,0,0,0,0,0,0,0,0,0,0,14,11760000.0,6.6943817,1.8207106,0.0,0.0,0.0,NA,0.0,0.0
SCHOOL_397,0,0,0,0,0,0,0,0,0,0,1,4272400.0,6.711548600000001,1.6117016000000006,0.0,0.0,0.0,NA,0.0,0.0
SCHOOL_398,0,0,0,0,0,0,0,0,0,0,1,1569800.0,6.663186600000001,2.5545958999999994,0.0,0.0,0.0,NA,0.0,0.0
SCHOOL_399,0,0,0,0,0,0,0,0,0,0,1,1528900.0,6.666147800000001,2.5612871999999998,0.0,0.0,0.0,NA,0.0,0.0
SCHOOL_400,0,0,0,0,0,0,0,0,0,0,1,3247100.0,6.6677881,2.5923044,0.0,0.0,0.0,NA,0.0,0.0
SCHOOL_401,0,0,0,0,0,0,0,0,0,0,2,1680000.0,6.664716900009454,2.2186918499964188,0.0,0.0,0.0,NA,0.0,0.0
SCHOOL_402,0,0,0,0,0,0,0,0,0,0,2,2287000.0,6.66929085005978,2.2422000000199036,0.0,0.0,0.0,NA,0.0,0.0
SCHOOL_403,0,0,0,0,0,0,0,0,0,0,1,3043700.0,6.6707434,2.5642726,0.0,0.0,0.0,NA,0.0,0.0
SCHOOL_404,0,0,0,0,0,0,0,0,0,0,1,2100000.0,6.6727,2.60762,0.0,0.0,0.0,NA,0.0,0.0
SCHOOL_405,0,0,0,0,0,0,0,0,0,0,2,4284800.0,6.669586850000019,2.3207757999999656,0.0,0.0,0.0,NA,0.0,0.0
SCHOOL_406,0,0,0,0,0,0,0,0,0,0,1,4440000.0,6.6700769,2.4936509,0.0,0.0,0.0,NA,0.0,0.0
SCHOOL_407,0,0,0,0,0,0,0,0,0,0,1,6520100.0,6.671235399999999,2.3406364,0.0,0.0,0.0,NA,0.0,0.0
SCHOOL_408,0,0,0,0,0,0,0,0,0,0,1,6228000.0,6.671299999999999,2.36139,0.0,0.0,0.0,NA,0.0,0.0
SCHOOL_409,0,0,0,0,0,0,0,0,0,0,1,12000000.0,6.672169700000001,2.3808386000000006,0.0,0.0,0.0,NA,0.0,0.0
SCHOOL_410,0,0,0,0,0,0,0,0,0,0,2,8930800.0,6.674466650001046,2.1985633500065127,0.0,0.0,0.0,NA,0.0,0.0
SCHOOL_411,0,0,0,0,0,0,0,0,0,0,2,8091200.0,6.675990199999998,2.7032021,0.0,0.0,0.0,NA,0.0,0.0
SCHOOL_412,0,0,0,0,0,0,0,0,0,0,1,5444300.0,6.6792427,2.6015447000000003,0.0,0.0,0.0,NA,0.0,0.0
SCHOOL_413,0,0,0,0,0,0,0,0,0,0,1,4045600.0,6.679320199999999,2.7047556,0.0,0.0,0.0,NA,0.0,0.0
SCHOOL_414,0,0,0,0,0,0,0,0,0,0,1,9438700.0,6.685179199999999,2.6517033000000003,0.0,0.0,0.0,NA,0.0,0.0
SCHOOL_415,0,0,0,0,0,0,0,0,0,0,1,3415100.0,6.677068300000001,2.2208383,0.0,0.0,0.0,NA,0.0,0.0
SCHOOL_416,0,0,0,0,0,0,0,0,0,0,2,7696000.0,6.678930750000013,2.497169650000056,0.0,0.0,0.0,NA,0.0,0.0
SCHOOL_417,0,0,0,0,0,0,0,0,0,0,1,5198400.0,6.6804265,2.2374274,0.0,0.0,0.0,NA,0.0,0.0
SCHOOL_418,0,0,0,0,0,0,0,0,0,0,1,6950800.0,6.681155199999999,2.481836,0.0,0.0,0.0,NA,0.0,0.0
SCHOOL_419,0,0,0,0,0,0,0,0,0,0,1,5281300.0,6.6863892,2.2328815,0.0,0.0,0.0,NA,0.0,0.0
SCHOOL_420,0,0,0,0,0,0,0,0,0,0,7,5351500.0,6.688914750002398,2.2873624999924824,0.0,0.0,0.0,NA,0.0,0.0
SCHOOL_421,0,0,0,0,0,0,0,0,0,0,2,3312000.0,6.686863650157873,2.619584000035294,0.0,0.0,0.0,NA,0.0,0.0
SCHOOL_422,0,0,0,0,0,0,0,0,0,0,1,8136000.0,6.68864,2.5515400000000006,0.0,0.0,0.0,NA,0.0,0.0
SCHOOL_423,0,0,0,0,0,0,0,0,0,0,2,4698000.0,6.688802599999999,2.6408494,0.0,0.0,0.0,NA,0.0,0.0
SCHOOL_424,0,0,0,0,0,0,0,0,0,0,2,24000000.0,6.689792200030933,2.7179343500374538,0.0,0.0,0.0,NA,0.0,0.0
SCHOOL_425,0,0,0,0,0,0,0,0,0,0,1,12000000.0,6.689840099999999,2.4338738,0.0,0.0,0.0,NA,0.0,0.0
SCHOOL_426,0,0,0,0,0,0,0,0,0,0,2,1992800.0,6.69432915,2.2882913000000062,0.0,0.0,0.0,NA,0.0,0.0
SCHOOL_427,0,0,0,0,0,0,0,0,0,0,1,5399600.0,6.696985599999999,2.4813656,0.0,0.0,0.0,NA,0.0,0.0
SCHOOL_428,0,0,0,0,0,0,0,0,0,0,1,1740000.0,6.697777799999998,2.2611111000000004,0.0,0.0,0.0,NA,0.0,0.0
SCHOOL_429,0,0,0,0,0,0,0,0,0,0,2,1992800.0,6.699629450000537,2.2891812499996385,0.0,0.0,0.0,NA,0.0,0.0
SCHOOL_430,0,0,0,0,0,0,0,0,0,0,1,12000000.0,6.695379999999998,2.71281,0.0,0.0,0.0,NA,0.0,0.0
SCHOOL_431,0,0,0,0,0,0,0,0,0,0,1,1516800.0,6.698296999999999,2.7772013999999996,0.0,0.0,0.0,NA,0.0,0.0
SCHOOL_432,0,0,0,0,0,0,0,0,0,0,1,2761100.0,6.699614899999999,2.6454016,0.0,0.0,0.0,NA,0.0,0.0
SCHOOL_433,0,0,0,0,0,0,0,0,0,0,1,3841800.0,6.701509999999999,2.5625869,0.0,0.0,0.0,NA,0.0,0.0
SCHOOL_434,0,0,0,0,0,0,0,0,0,0,1,2676000.0,6.705149999999999,2.77781,0.0,0.0,0.0,NA,0.0,0.0
SCHOOL_435,0,0,0,0,0,0,0,0,0,0,1,3336800.0,6.7069135000000015,2.5504747000000005,0.0,0.0,0.0,NA,0.0,0.0
SCHOOL_436,0,0,0,0,0,0,0,0,0,0,2,7540400.0,6.703595300000002,2.3742116,0.0,0.0,0.0,NA,0.0,0.0
SCHOOL_437,0,0,0,0,0,0,0,0,0,0,1,6317900.0,6.7087983,2.2905896000000006,0.0,0.0,0.0,NA,0.0,0.0
SCHOOL_438,0,0,0,0,0,0,0,0,0,0,4,33154600.0,6.714540533827128,2.483996398868738,0.0,0.0,0.0,NA,0.0,0.0
SCHOOL_439,0,0,0,0,0,0,0,0,0,0,1,6063100.0,6.7169417,2.342821,0.0,0.0,0.0,NA,0.0,0.0
SCHOOL_440,0,0,0,0,0,0,0,0,0,0,2,2682800.0,6.711844900004114,2.5689891999733647,0.0,0.0,0.0,NA,0.0,0.0
SCHOOL_441,0,0,0,0,0,0,0,0,0,0,1,12000000.0,6.7115545,2.7742129,0.0,0.0,0.0,NA,0.0,0.0
SCHOOL_442,0,0,0,0,0,0,0,0,0,0,2,3413900.0,6.719900300015428,2.4832708999992232,0.0,0.0,0.0,NA,0.0,0.0
SCHOOL_443,0,0,0,0,0,0,0,0,0,0,1,3423400.0,6.723608799999999,2.6263463,0.0,0.0,0.0,NA,0.0,0.0
SCHOOL_444,0,0,0,0,0,0,0,0,0,0,1,7080000.0,6.71605,2.12414,0.0,0.0,0.0,NA,0.0,0.0
SCHOOL_445,0,0,0,0,0,0,0,0,0,0,1,7399600.0,6.716581699999999,2.1575683000000003,0.0,0.0,0.0,NA,0.0,0.0
SCHOOL_446,0,0,0,0,0,0,0,0,0,0,1,2114500.0,6.7247854,2.1751455,0.0,0.0,0.0,NA,0.0,0.0
SCHOOL_447,0,0,0,0,0,0,0,0,0,0,3,5872799.999999999,6.724488799999999,2.2936689000000006,0.0,0.0,0.0,NA,0.0,0.0
SCHOOL_448,0,0,0,0,0,0,0,0,0,0,1,2000500.0,6.7272508,2.6250337,0.0,0.0,0.0,NA,0.0,0.0
SCHOOL_449,0,0,0,0,0,0,0,0,0,0,2,19903600.0,6.7279331000527955,2.7733411499580125,0.0,0.0,0.0,NA,0.0,0.0
SCHOOL_450,0,0,0,0,0,0,0,0,0,0,2,1307600.0,6.728080350000416,2.6399732500000748,0.0,0.0,0.0,NA,0.0,0.0
SCHOOL_451,0,0,0,0,0,0,0,0,0,0,1,4932000.0,6.725789999999999,2.36009,0.0,0.0,0.0,NA,0.0,0.0
SCHOOL_452,0,0,0,0,0,0,0,0,0,0,5,6965500.0,6.733535533341688,2.301028766652742,0.0,0.0,0.0,NA,0.0,0.0
SCHOOL_453,0,0,0,0,0,0,0,0,0,0,1,4084100.0,6.695008,1.9884802,0.0,0.0,0.0,NA,0.0,0.0
SCHOOL_454,0,0,0,0,0,0,0,0,0,0,1,4599200.0,6.699158699999999,1.9709005,0.0,0.0,0.0,NA,0.0,0.0
SCHOOL_455,0,0,0,0,0,0,0,0,0,0,1,2346400.0,6.709203700000001,1.861112,0.0,0.0,0.0,NA,0.0,0.0
SCHOOL_456,0,0,0,0,0,0,0,0,0,0,1,11460000.0,6.71352,1.8042399999999996,0.0,0.0,0.0,NA,0.0,0.0
SCHOOL_457,0,0,0,0,0,0,0,0,0,0,1,897700.0,6.715905800000001,1.7686872000000002,0.0,0.0,0.0,NA,0.0,0.0
SCHOOL_458,0,0,0,0,0,0,0,0,0,0,1,790400.0,6.7169785,1.9569332,0.0,0.0,0.0,NA,0.0,0.0
SCHOOL_459,0,0,0,0,0,0,0,0,0,0,1,12000000.0,6.718445700000001,1.7974504,0.0,0.0,0.0,NA,0.0,0.0
SCHOOL_460,0,0,0,0,0,0,0,0,0,0,4,3360000.0,6.7215904,1.8483513,0.0,0.0,0.0,NA,0.0,0.0
SCHOOL_461,0,0,0,0,0,0,0,0,0,0,1,4500000.0,6.722299999999999,1.7436899999999995,0.0,0.0,0.0,NA,0.0,0.0
SCHOOL_462,0,0,0,0,0,0,0,0,0,0,1,840000.0,6.723114299999999,1.8380274000000008,0.0,0.0,0.0,NA,0.0,0.0
SCHOOL_463,0,0,0,0,0,0,0,0,0,0,1,900000.0,6.723679999999999,1.8834199999999996,0.0,0.0,0.0,NA,0.0,0.0
SCHOOL_464,0,0,0,0,0,0,0,0,0,0,1,11651300.0,6.7250454999999985,2.0176105000000004,0.0,0.0,0.0,NA,0.0,0.0
SCHOOL_465,0,0,0,0,0,0,0,0,0,0,1,802100.0,6.729476499999998,1.9724491000000004,0.0,0.0,0.0,NA,0.0,0.0
SCHOOL_466,0,0,0,0,0,0,0,0,0,0,1,4184600.0000000005,6.734375299999999,1.7915604000000005,0.0,0.0,0.0,NA,0.0,0.0
SCHOOL_467,0,0,0,0,0,0,0,0,0,0,4,4250800.0,6.7252161,1.6813011999999998,0.0,0.0,0.0,NA,0.0,0.0
SCHOOL_468,0,0,0,0,0,0,0,0,0,0,1,7512600.0,6.732414899999999,1.6243641000000004,0.0,0.0,0.0,NA,0.0,0.0
SCHOOL_469,0,0,0,0,0,0,0,0,0,0,2,6941600.0,6.745367000011568,1.6826201000493892,0.0,0.0,0.0,NA,0.0,0.0
SCHOOL_470,0,0,0,0,0,0,0,0,0,0,1,3470800.0,6.7474477,1.6764583000000002,0.0,0.0,0.0,NA,0.0,0.0
SCHOOL_471,0,0,0,0,0,0,0,0,0,0,3,13408199.999999998,6.738343100007446,1.9356358500043076,0.0,0.0,0.0,NA,0.0,0.0
SCHOOL_472,0,0,0,0,0,0,0,0,0,0,1,3372000.0,6.7384499999999985,2.0604500000000003,0.0,0.0,0.0,NA,0.0,0.0
SCHOOL_473,0,0,0,0,0,0,0,0,0,0,2,1525400.0,6.7403739,1.7652916999999997,0.0,0.0,0.0,NA,0.0,0.0
SCHOOL_474,0,0,0,0,0,0,0,0,0,0,3,5067299.999999999,6.746250900000001,1.8214372,0.0,0.0,0.0,NA,0.0,0.0
SCHOOL_475,0,0,0,0,0,0,0,0,0,0,1,1282200.0,6.740597500000002,2.1157783999999995,0.0,0.0,0.0,NA,0.0,0.0
SCHOOL_476,0,0,0,0,0,0,0,0,0,0,1,840000.0,6.7444299999999995,2.1244567,0.0,0.0,0.0,NA,0.0,0.0
SCHOOL_477,0,0,0,0,0,0,0,0,0,0,1,3967400.0,6.747045,2.1705767,0.0,0.0,0.0,NA,0.0,0.0
SCHOOL_478,0,0,0,0,0,0,0,0,0,0,1,1741900.0,6.7492332,2.1415317,0.0,0.0,0.0,NA,0.0,0.0
SCHOOL_479,0,0,0,0,0,0,0,0,0,0,1,3905000.0,6.750585,2.0876346999999997,0.0,0.0,0.0,NA,0.0,0.0
SCHOOL_480,0,0,0,0,0,0,0,0,0,0,3,2520000.0,6.754640100026157,2.16739713347647,0.0,0.0,0.0,NA,0.0,0.0
SCHOOL_481,0,0,0,0,0,0,0,0,0,0,1,1689100.0,6.747806099999999,1.8237365000000005,0.0,0.0,0.0,NA,0.0,0.0
SCHOOL_482,0,0,0,0,0,0,0,0,0,0,2,1587800.0,6.750382,1.8221569,0.0,0.0,0.0,NA,0.0,0.0
SCHOOL_483,0,0,0,0,0,0,0,0,0,0,2,5029900.0,6.751637800110656,1.8245783001956428,0.0,0.0,0.0,NA,0.0,0.0
SCHOOL_484,0,0,0,0,0,0,0,0,0,0,1,2499700.0,6.751494999999999,1.8051532999999995,0.0,0.0,0.0,NA,0.0,0.0
SCHOOL_485,0,0,0,0,0,0,0,0,0,0,1,720000.0,6.753333299999999,1.9380556,0.0,0.0,0.0,NA,0.0,0.0
SCHOOL_486,0,0,0,0,0,0,0,0,0,0,1,1003000.0,6.754479999999998,2.1372317,0.0,0.0,0.0,NA,0.0,0.0
SCHOOL_487,0,0,0,0,0,0,0,0,0,0,1,611500.0,6.7607327999999995,2.0960877,0.0,0.0,0.0,NA,0.0,0.0
SCHOOL_488,0,0,0,0,0,0,0,0,0,0,1,1639100.0,6.7675679,2.1513042,0.0,0.0,0.0,NA,0.0,0.0
SCHOOL_489,0,0,0,0,0,0,0,0,0,0,1,1278100.0,6.768050200000001,2.1026766,0.0,0.0,0.0,NA,0.0,0.0
SCHOOL_490,0,0,0,0,0,0,0,0,0,0,1,12000000.0,6.7535691,1.8264562999999996,0.0,0.0,0.0,NA,0.0,0.0
SCHOOL_491,0,0,0,0,0,0,0,0,0,0,1,7514200.0,6.7538889,1.7511111,0.0,0.0,0.0,NA,0.0,0.0
SCHOOL_492,0,0,0,0,0,0,0,0,0,0,1,4113800.0,6.760641300000002,1.7698488,0.0,0.0,0.0,NA,0.0,0.0
SCHOOL_493,0,0,0,0,0,0,0,0,0,0,1,3601700.0,6.7635132,1.8028119999999996,0.0,0.0,0.0,NA,0.0,0.0
SCHOOL_494,0,0,0,0,0,0,0,0,0,0,1,1076300.0,6.7643919,1.9606098000000003,0.0,0.0,0.0,NA,0.0,0.0
SCHOOL_495,0,0,0,0,0,0,0,0,0,0,1,1296000.0,6.765869999999999,1.82563,0.0,0.0,0.0,NA,0.0,0.0
SCHOOL_496,0,0,0,0,0,0,0,0,0,0,1,1756700.0,6.770356200000001,1.7662618,0.0,0.0,0.0,NA,0.0,0.0
SCHOOL_497,0,0,0,0,0,0,0,0,0,0,1,1862600.0,6.7725306,1.9213303000000004,0.0,0.0,0.0,NA,0.0,0.0
SCHOOL_498,0,0,0,0,0,0,0,0,0,0,1,12000000.0,6.769222799999999,1.7111179,0.0,0.0,0.0,NA,0.0,0.0
SCHOOL_499,0,0,0,0,0,0,0,0,0,0,1,1768700.0,6.7319708,2.5637853,0.0,0.0,0.0,NA,0.0,0.0
SCHOOL_500,0,0,0,0,0,0,0,0,0,0,1,1076800.0,6.733833999999999,2.5781748,0.0,0.0,0.0,NA,0.0,0.0
SCHOOL_501,0,0,0,0,0,0,0,0,0,0,1,3864700.0,6.734306899999999,2.6107665,0.0,0.0,0.0,NA,0.0,0.0
SCHOOL_502,0,0,0,0,0,0,0,0,0,0,1,10370500.0,6.734894899999998,2.7103738999999996,0.0,0.0,0.0,NA,0.0,0.0
SCHOOL_503,0,0,0,0,0,0,0,0,0,0,1,1567200.0,6.739402999999998,2.5970023,0.0,0.0,0.0,NA,0.0,0.0
SCHOOL_504,0,0,0,0,0,0,0,0,0,0,1,1192200.0,6.741134799999998,2.5536935,0.0,0.0,0.0,NA,0.0,0.0
SCHOOL_505,0,0,0,0,0,0,0,0,0,0,1,5117000.0,6.753782200000001,2.7169158000000007,0.0,0.0,0.0,NA,0.0,0.0
SCHOOL_506,0,0,0,0,0,0,0,0,0,0,2,2402600.0,6.755561650003661,2.5490441500092866,0.0,0.0,0.0,NA,0.0,0.0
SCHOOL_507,0,0,0,0,0,0,0,0,0,0,2,4678800.0,6.739630100057182,2.362988500069991,0.0,0.0,0.0,NA,0.0,0.0
SCHOOL_508,0,0,0,0,0,0,0,0,0,0,1,4176800.0,6.741884999999999,2.5259117,0.0,0.0,0.0,NA,0.0,0.0
SCHOOL_509,0,0,0,0,0,0,0,0,0,0,1,2256000.0,6.746639999999999,2.36746,0.0,0.0,0.0,NA,0.0,0.0
SCHOOL_510,0,0,0,0,0,0,0,0,0,0,1,1998100.0,6.766803200000001,2.3183981,0.0,0.0,0.0,NA,0.0,0.0
SCHOOL_511,0,0,0,0,0,0,0,0,0,0,1,840000.0,6.755187,2.5695569,0.0,0.0,0.0,NA,0.0,0.0
SCHOOL_512,0,0,0,0,0,0,0,0,0,0,1,6316000.0,6.755824,2.592022,0.0,0.0,0.0,NA,0.0,0.0
SCHOOL_513,0,0,0,0,0,0,0,0,0,0,1,3031700.0,6.7672628,2.7216935,0.0,0.0,0.0,NA,0.0,0.0
SCHOOL_514,0,0,0,0,0,0,0,0,0,0,1,840000.0,6.773488300000001,2.5412433000000005,0.0,0.0,0.0,NA,0.0,0.0
SCHOOL_515,0,0,0,0,0,0,0,0,0,0,1,840000.0,6.774704799999999,2.6940702,0.0,0.0,0.0,NA,0.0,0.0
SCHOOL_516,0,0,0,0,0,0,0,0,0,0,1,7140000.0,6.7695,2.2629500000000005,0.0,0.0,0.0,NA,0.0,0.0
SCHOOL_517,0,0,0,0,0,0,0,0,0,0,1,2865500.0,6.7696933,2.3338929,0.0,0.0,0.0,NA,0.0,0.0
SCHOOL_518,0,0,0,0,0,0,0,0,0,0,1,2215800.0,6.7700169,2.3065575,0.0,0.0,0.0,NA,0.0,0.0
SCHOOL_519,0,0,0,0,0,0,0,0,0,0,1,7713800.0,6.776528400000001,2.2585723999999994,0.0,0.0,0.0,NA,0.0,0.0
SCHOOL_520,0,0,0,0,0,0,0,0,0,0,1,2147600.0,6.7796485,2.3208114000000006,0.0,0.0,0.0,NA,0.0,0.0
SCHOOL_521,0,0,0,0,0,0,0,0,0,0,1,6642200.0,6.7862325,2.3616652,0.0,0.0,0.0,NA,0.0,0.0
SCHOOL_522,0,0,0,0,0,0,0,0,0,0,1,1679800.0,6.789907999999999,2.3074959000000006,0.0,0.0,0.0,NA,0.0,0.0
SCHOOL_523,0,0,0,0,0,0,0,0,0,0,1,7344000.0,6.791839999999999,2.3197599999999996,0.0,0.0,0.0,NA,0.0,0.0
SCHOOL_524,0,0,0,0,0,0,0,0,0,0,2,6449200.0,6.792352000024112,2.2780709000766173,0.0,0.0,0.0,NA,0.0,0.0
SCHOOL_525,0,0,0,0,0,0,0,0,0,0,1,3190400.0,6.7772286,2.7160034,0.0,0.0,0.0,NA,0.0,0.0
SCHOOL_526,0,0,0,0,0,0,0,0,0,0,1,2784000.0,6.780329999999999,2.54726,0.0,0.0,0.0,NA,0.0,0.0
SCHOOL_527,0,0,0,0,0,0,0,0,0,0,1,2076000.0,6.78049,2.72378,0.0,0.0,0.0,NA,0.0,0.0
SCHOOL_528,0,0,0,0,0,0,0,0,0,0,1,2543400.0,6.782704999999998,2.5655733,0.0,0.0,0.0,NA,0.0,0.0
SCHOOL_529,0,0,0,0,0,0,0,0,0,0,1,840000.0,6.785684900000001,2.6279917999999998,0.0,0.0,0.0,NA,0.0,0.0
SCHOOL_530,0,0,0,0,0,0,0,0,0,0,1,1109400.0,6.785882999999998,2.5934159,0.0,0.0,0.0,NA,0.0,0.0
SCHOOL_531,0,0,0,0,0,0,0,0,0,0,1,3884400.0,6.7890432,2.6852593,0.0,0.0,0.0,NA,0.0,0.0
SCHOOL_532,0,0,0,0,0,0,0,0,0,0,1,5381200.0,6.792486799999999,2.6542546000000002,0.0,0.0,0.0,NA,0.0,0.0
SCHOOL_533,0,0,0,0,0,0,0,0,0,0,1,4909600.0,6.795476500000001,2.6196939,0.0,0.0,0.0,NA,0.0,0.0
SCHOOL_534,0,0,0,0,0,0,0,0,0,0,1,4610600.0,6.802380000000001,2.5415282999999995,0.0,0.0,0.0,NA,0.0,0.0
SCHOOL_535,0,0,0,0,0,0,0,0,0,0,1,3964900.0,6.802786099999999,2.7073281000000002,0.0,0.0,0.0,NA,0.0,0.0
SCHOOL_536,0,0,0,0,0,0,0,0,0,0,1,840000.0,6.805182400000001,2.6293111,0.0,0.0,0.0,NA,0.0,0.0
SCHOOL_537,0,0,0,0,0,0,0,0,0,0,1,3483700.0,6.808216799999999,2.6724592000000005,0.0,0.0,0.0,NA,0.0,0.0
SCHOOL_538,0,0,0,0,0,0,0,0,0,0,1,2051199.9999999998,6.8115247,2.5664115,0.0,0.0,0.0,NA,0.0,0.0
SCHOOL_539,0,0,0,0,0,0,0,0,0,0,2,2400000.0,6.8002400000000005,2.11968,0.0,0.0,0.0,NA,0.0,0.0
SCHOOL_540,0,0,0,0,0,0,0,0,0,0,1,657800.0,6.800817000000001,2.1592770000000003,0.0,0.0,0.0,NA,0.0,0.0
SCHOOL_541,0,0,0,0,0,0,0,0,0,0,1,4416000.0,6.803055599999999,2.1433333,0.0,0.0,0.0,NA,0.0,0.0
SCHOOL_542,0,0,0,0,0,0,0,0,0,0,2,1407200.0,6.804581299999999,2.1334159,0.0,0.0,0.0,NA,0.0,0.0
SCHOOL_543,0,0,0,0,0,0,0,0,0,0,1,1207400.0,6.807087799999999,2.1573953,0.0,0.0,0.0,NA,0.0,0.0
SCHOOL_544,0,0,0,0,0,0,0,0,0,0,1,3069500.0,6.8053024,2.2434413000000006,0.0,0.0,0.0,NA,0.0,0.0
SCHOOL_545,0,0,0,0,0,0,0,0,0,0,2,5108200.0,6.806210699999999,2.4753105,0.0,0.0,0.0,NA,0.0,0.0
SCHOOL_546,0,0,0,0,0,0,0,0,0,0,1,5679200.0,6.814279999999999,2.3749144000000006,0.0,0.0,0.0,NA,0.0,0.0
SCHOOL_547,0,0,0,0,0,0,0,0,0,0,1,11628000.0,6.81436,2.47909,0.0,0.0,0.0,NA,0.0,0.0
SCHOOL_548,0,0,0,0,0,0,0,0,0,0,1,1369600.0,6.8191815,2.3616165,0.0,0.0,0.0,NA,0.0,0.0
SCHOOL_549,0,0,0,0,0,0,0,0,0,0,2,1680000.0,6.777142199999999,1.7713782000000002,0.0,0.0,0.0,NA,0.0,0.0
SCHOOL_550,0,0,0,0,0,0,0,0,0,0,1,2807600.0,6.7795111,1.7650472000000001,0.0,0.0,0.0,NA,0.0,0.0
SCHOOL_551,0,0,0,0,0,0,0,0,0,0,1,3638200.0,6.779527600000001,1.7775770000000002,0.0,0.0,0.0,NA,0.0,0.0
SCHOOL_552,0,0,0,0,0,0,0,0,0,0,2,5818600.0,6.7810072511802115,1.8263835496200742,0.0,0.0,0.0,NA,0.0,0.0
SCHOOL_553,0,0,0,0,0,0,0,0,0,0,1,6777100.0,6.781172,1.9366939000000005,0.0,0.0,0.0,NA,0.0,0.0
SCHOOL_554,0,0,0,0,0,0,0,0,0,0,1,715400.0,6.7818357,1.8619378,0.0,0.0,0.0,NA,0.0,0.0
SCHOOL_555,0,0,0,0,0,0,0,0,0,0,2,7536000.0,6.775809999999998,2.07663,0.0,0.0,0.0,NA,0.0,0.0
SCHOOL_556,0,0,0,0,0,0,0,0,0,0,1,2193600.0,6.797064600000001,2.1481877999999996,0.0,0.0,0.0,NA,0.0,0.0
SCHOOL_557,0,0,0,0,0,0,0,0,0,0,1,1078400.0,6.784964499999999,1.9671294000000004,0.0,0.0,0.0,NA,0.0,0.0
SCHOOL_558,0,0,0,0,0,0,0,0,0,0,1,4136300.0,6.7869315,1.8153115,0.0,0.0,0.0,NA,0.0,0.0
SCHOOL_559,0,0,0,0,0,0,0,0,0,0,1,7852400.0,6.7923731,1.9147691000000002,0.0,0.0,0.0,NA,0.0,0.0
SCHOOL_560,0,0,0,0,0,0,0,0,0,0,1,1872100.0,6.790738200000001,1.6791973,0.0,0.0,0.0,NA,0.0,0.0
SCHOOL_561,0,0,0,0,0,0,0,0,0,0,1,4813700.0,6.797093499999999,1.6913151999999998,0.0,0.0,0.0,NA,0.0,0.0
SCHOOL_562,0,0,0,0,0,0,0,0,0,0,1,1077100.0,6.794541099999998,1.8271740999999995,0.0,0.0,0.0,NA,0.0,0.0
SCHOOL_563,0,0,0,0,0,0,0,0,0,0,2,3613400.0,6.7965243,1.8481082999999998,0.0,0.0,0.0,NA,0.0,0.0
SCHOOL_564,0,0,0,0,0,0,0,0,0,0,1,4216700.0,6.7989983,1.813138,0.0,0.0,0.0,NA,0.0,0.0
SCHOOL_565,0,0,0,0,0,0,0,0,0,0,1,4296400.0,6.799013199999999,1.7261142,0.0,0.0,0.0,NA,0.0,0.0
SCHOOL_566,0,0,0,0,0,0,0,0,0,0,1,4584000.0,6.799079999999999,1.7356099999999999,0.0,0.0,0.0,NA,0.0,0.0
SCHOOL_567,0,0,0,0,0,0,0,0,0,0,2,5002400.0,6.8002294999999995,1.8266450999999997,0.0,0.0,0.0,NA,0.0,0.0
SCHOOL_568,0,0,0,0,0,0,0,0,0,0,1,5280000.0,6.800930000000001,1.7948700000000002,0.0,0.0,0.0,NA,0.0,0.0
SCHOOL_569,0,0,0,0,0,0,0,0,0,0,1,3208400.0,6.8066938,1.7174966,0.0,0.0,0.0,NA,0.0,0.0
SCHOOL_570,0,0,0,0,0,0,0,0,0,0,1,1712300.0,6.808875199999999,1.6673492,0.0,0.0,0.0,NA,0.0,0.0
SCHOOL_571,0,0,0,0,0,0,0,0,0,0,1,1306800.0,6.8089418,1.707663,0.0,0.0,0.0,NA,0.0,0.0
SCHOOL_572,0,0,0,0,0,0,0,0,0,0,1,12000000.0,6.810706399999999,1.6308775999999998,0.0,0.0,0.0,NA,0.0,0.0
SCHOOL_573,0,0,0,0,0,0,0,0,0,0,1,3032400.0,6.8112746999999985,1.6976075000000002,0.0,0.0,0.0,NA,0.0,0.0
SCHOOL_574,0,0,0,0,0,0,0,0,0,0,1,1584000.0,6.812099999999999,1.7007500000000002,0.0,0.0,0.0,NA,0.0,0.0
SCHOOL_575,0,0,0,0,0,0,0,0,0,0,1,3360400.0,6.806341799999999,1.7958114,0.0,0.0,0.0,NA,0.0,0.0
SCHOOL_576,0,0,0,0,0,0,0,0,0,0,1,3360400.0,6.808183799999999,1.7929923999999997,0.0,0.0,0.0,NA,0.0,0.0
SCHOOL_577,0,0,0,0,0,0,0,0,0,0,1,2083600.0,6.8103601,1.9618555999999998,0.0,0.0,0.0,NA,0.0,0.0
SCHOOL_578,0,0,0,0,0,0,0,0,0,0,2,3571600.0,6.81186855,1.945153300000002,0.0,0.0,0.0,NA,0.0,0.0
SCHOOL_579,0,0,0,0,0,0,0,0,0,0,1,2056199.9999999998,6.8127117,1.9802597000000002,0.0,0.0,0.0,NA,0.0,0.0
SCHOOL_580,0,0,0,0,0,0,0,0,0,0,1,5587800.0,6.812985,1.8694201,0.0,0.0,0.0,NA,0.0,0.0
SCHOOL_581,0,0,0,0,0,0,0,0,0,0,1,1138000.0,6.8191372,1.8837214,0.0,0.0,0.0,NA,0.0,0.0
SCHOOL_582,0,0,0,0,0,0,0,0,0,0,1,7038100.0,6.819107699999999,1.7187707000000003,0.0,0.0,0.0,NA,0.0,0.0
SCHOOL_583,0,0,0,0,0,0,0,0,0,0,1,1238200.0,6.815365399999998,2.1473996000000004,0.0,0.0,0.0,NA,0.0,0.0
SCHOOL_584,0,0,0,0,0,0,0,0,0,0,1,5706500.0,6.815758400000002,2.7015991000000006,0.0,0.0,0.0,NA,0.0,0.0
SCHOOL_585,0,0,0,0,0,0,0,0,0,0,1,3056500.0,6.8177585,2.6540737000000005,0.0,0.0,0.0,NA,0.0,0.0
SCHOOL_586,0,0,0,0,0,0,0,0,0,0,1,1425100.0,6.819724199999999,2.5863126,0.0,0.0,0.0,NA,0.0,0.0
SCHOOL_587,0,0,0,0,0,0,0,0,0,0,1,840000.0,6.829189100000001,2.5497963,0.0,0.0,0.0,NA,0.0,0.0
SCHOOL_588,0,0,0,0,0,0,0,0,0,0,1,9925300.0,6.820513500000001,2.3373598,0.0,0.0,0.0,NA,0.0,0.0
SCHOOL_589,0,0,0,0,0,0,0,0,0,0,1,3825600.0,6.822086799999999,2.1927438999999995,0.0,0.0,0.0,NA,0.0,0.0
SCHOOL_590,0,0,0,0,0,0,0,0,0,0,1,2470700.0,6.8274822,2.2687279000000005,0.0,0.0,0.0,NA,0.0,0.0
SCHOOL_591,0,0,0,0,0,0,0,0,0,0,1,1755200.0,6.829315299999999,2.5099786,0.0,0.0,0.0,NA,0.0,0.0
SCHOOL_592,0,0,0,0,0,0,0,0,0,0,1,3290500.0,6.829315799999999,2.3666665999999994,0.0,0.0,0.0,NA,0.0,0.0
SCHOOL_593,0,0,0,0,0,0,0,0,0,0,1,3840000.0,6.8343799999999995,2.6947699999999997,0.0,0.0,0.0,NA,0.0,0.0
SCHOOL_594,0,0,0,0,0,0,0,0,0,0,1,1579100.0,6.837117999999999,2.6502454,0.0,0.0,0.0,NA,0.0,0.0
SCHOOL_595,0,0,0,0,0,0,0,0,0,0,2,10161800.0,6.838768750015419,2.677876849995905,0.0,0.0,0.0,NA,0.0,0.0
SCHOOL_596,0,0,0,0,0,0,0,0,0,0,1,3117100.0,6.8395413000000005,2.6329524,0.0,0.0,0.0,NA,0.0,0.0
SCHOOL_597,0,0,0,0,0,0,0,0,0,0,2,3816800.0,6.8362136500137645,2.2212039000542685,0.0,0.0,0.0,NA,0.0,0.0
SCHOOL_598,0,0,0,0,0,0,0,0,0,0,1,4020500.0,6.836164999999999,2.2276462,0.0,0.0,0.0,NA,0.0,0.0
SCHOOL_599,0,0,0,0,0,0,0,0,0,0,1,1271400.0,6.8479606,2.229642,0.0,0.0,0.0,NA,0.0,0.0
SCHOOL_600,0,0,0,0,0,0,0,0,0,0,1,1460500.0,6.848597000000001,2.5108906,0.0,0.0,0.0,NA,0.0,0.0
SCHOOL_601,0,0,0,0,0,0,0,0,0,0,1,3946700.0,6.844883,2.6577777,0.0,0.0,0.0,NA,0.0,0.0
SCHOOL_602,0,0,0,0,0,0,0,0,0,0,1,840000.0,6.845343699999999,2.560941,0.0,0.0,0.0,NA,0.0,0.0
SCHOOL_603,0,0,0,0,0,0,0,0,0,0,1,840000.0,6.847805799999999,2.6199577,0.0,0.0,0.0,NA,0.0,0.0
SCHOOL_604,0,0,0,0,0,0,0,0,0,0,1,2364000.0,6.8515299999999995,2.6462,0.0,0.0,0.0,NA,0.0,0.0
SCHOOL_605,0,0,0,0,0,0,0,0,0,0,1,2071300.0000000002,6.852399599999999,2.5307766,0.0,0.0,0.0,NA,0.0,0.0
SCHOOL_606,0,0,0,0,0,0,0,0,0,0,2,5024400.0,6.85331515001335,2.5769432999566044,0.0,0.0,0.0,NA,0.0,0.0
SCHOOL_607,0,0,0,0,0,0,0,0,0,0,1,8812200.0,6.8563987,2.7148293000000003,0.0,0.0,0.0,NA,0.0,0.0
SCHOOL_608,0,0,0,0,0,0,0,0,0,0,1,3397100.0,6.843028599999999,2.1555929000000003,0.0,0.0,0.0,NA,0.0,0.0
SCHOOL_609,0,0,0,0,0,0,0,0,0,0,2,5908000.0,6.8601752500022295,2.1212705499809394,0.0,0.0,0.0,NA,0.0,0.0
SCHOOL_610,0,0,0,0,0,0,0,0,0,0,1,2247700.0,6.8693177,2.1691431000000003,0.0,0.0,0.0,NA,0.0,0.0
SCHOOL_611,0,0,0,0,0,0,0,0,0,0,1,2813900.0,6.8502872,2.4564648,0.0,0.0,0.0,NA,0.0,0.0
SCHOOL_612,0,0,0,0,0,0,0,0,0,0,1,2690000.0,6.8521072,2.2565966,0.0,0.0,0.0,NA,0.0,0.0
SCHOOL_613,0,0,0,0,0,0,0,0,0,0,1,2010200.0,6.854378499999999,2.3635217,0.0,0.0,0.0,NA,0.0,0.0
SCHOOL_614,0,0,0,0,0,0,0,0,0,0,1,3598400.0,6.861940899999999,2.2364520999999997,0.0,0.0,0.0,NA,0.0,0.0
SCHOOL_615,0,0,0,0,0,0,0,0,0,0,1,1060900.0,6.8241632999999995,1.9984576999999997,0.0,0.0,0.0,NA,0.0,0.0
SCHOOL_616,0,0,0,0,0,0,0,0,0,0,1,3776900.0,6.828191300000001,1.8140078999999998,0.0,0.0,0.0,NA,0.0,0.0
SCHOOL_617,0,0,0,0,0,0,0,0,0,0,1,2912600.0,6.829521699999999,1.7885836000000004,0.0,0.0,0.0,NA,0.0,0.0
SCHOOL_618,0,0,0,0,0,0,0,0,0,0,1,5513400.0,6.830225899999999,1.9393981000000007,0.0,0.0,0.0,NA,0.0,0.0
SCHOOL_619,0,0,0,0,0,0,0,0,0,0,1,5760000.0,6.83095,1.85458,0.0,0.0,0.0,NA,0.0,0.0
SCHOOL_620,0,0,0,0,0,0,0,0,0,0,1,1963700.0,6.8310781,1.7821220000000002,0.0,0.0,0.0,NA,0.0,0.0
SCHOOL_621,0,0,0,0,0,0,0,0,0,0,1,4061900.0,6.831372199999999,1.7686392,0.0,0.0,0.0,NA,0.0,0.0
SCHOOL_622,0,0,0,0,0,0,0,0,0,0,1,757000.0,6.832020999999999,1.8853609000000002,0.0,0.0,0.0,NA,0.0,0.0
SCHOOL_623,0,0,0,0,0,0,0,0,0,0,1,3776900.0,6.8320858,1.8134952000000004,0.0,0.0,0.0,NA,0.0,0.0
SCHOOL_624,0,0,0,0,0,0,0,0,0,0,1,8899900.0,6.815829999999998,2.0946199999999995,0.0,0.0,0.0,NA,0.0,0.0
SCHOOL_625,0,0,0,0,0,0,0,0,0,0,1,11775100.0,6.826249999999999,2.1441111,0.0,0.0,0.0,NA,0.0,0.0
SCHOOL_626,0,0,0,0,0,0,0,0,0,0,1,2579600.0,6.829071299999998,2.1637319000000006,0.0,0.0,0.0,NA,0.0,0.0
SCHOOL_627,0,0,0,0,0,0,0,0,0,0,1,6078500.0,6.825470400000001,1.6877469000000007,0.0,0.0,0.0,NA,0.0,0.0
SCHOOL_628,0,0,0,0,0,0,0,0,0,0,1,1763200.0,6.839203099999998,1.7212833000000003,0.0,0.0,0.0,NA,0.0,0.0
SCHOOL_629,0,0,0,0,0,0,0,0,0,0,1,4207400.0,6.834534500000001,1.7976086000000007,0.0,0.0,0.0,NA,0.0,0.0
SCHOOL_630,0,0,0,0,0,0,0,0,0,0,1,7013200.0,6.836948400000001,1.8785134,0.0,0.0,0.0,NA,0.0,0.0
SCHOOL_631,0,0,0,0,0,0,0,0,0,0,1,840000.0,6.8374500000000005,1.7952000000000001,0.0,0.0,0.0,NA,0.0,0.0
SCHOOL_632,0,0,0,0,0,0,0,0,0,0,1,2616000.0,6.83957,1.7843900000000004,0.0,0.0,0.0,NA,0.0,0.0
SCHOOL_633,0,0,0,0,0,0,0,0,0,0,1,3544100.0,6.843032299999999,1.96501,0.0,0.0,0.0,NA,0.0,0.0
SCHOOL_634,0,0,0,0,0,0,0,0,0,0,1,10508000.0,6.843692700000001,1.7582224,0.0,0.0,0.0,NA,0.0,0.0
SCHOOL_635,0,0,0,0,0,0,0,0,0,0,1,3142300.0,6.844728899999999,1.7233579999999997,0.0,0.0,0.0,NA,0.0,0.0
SCHOOL_636,0,0,0,0,0,0,0,0,0,0,1,4970900.0,6.8459067,1.7831937000000002,0.0,0.0,0.0,NA,0.0,0.0
SCHOOL_637,0,0,0,0,0,0,0,0,0,0,1,6950600.0,6.8477525,1.8040335,0.0,0.0,0.0,NA,0.0,0.0
SCHOOL_638,0,0,0,0,0,0,0,0,0,0,1,7704200.0,6.8482677999999995,1.9444991000000007,0.0,0.0,0.0,NA,0.0,0.0
SCHOOL_639,0,0,0,0,0,0,0,0,0,0,1,1643500.0,6.851625,1.7149100000000004,0.0,0.0,0.0,NA,0.0,0.0
SCHOOL_640,0,0,0,0,0,0,0,0,0,0,2,5841400.0,6.852869749999999,1.6678646999999858,0.0,0.0,0.0,NA,0.0,0.0
SCHOOL_641,0,0,0,0,0,0,0,0,0,0,1,4228000.0,6.854151700000001,1.6981353000000001,0.0,0.0,0.0,NA,0.0,0.0
SCHOOL_642,0,0,0,0,0,0,0,0,0,0,2,8139600.0,6.86495554999997,1.6750690000000512,0.0,0.0,0.0,NA,0.0,0.0
SCHOOL_643,0,0,0,0,0,0,0,0,0,0,1,10822600.0,6.849247100000001,1.8380308999999997,0.0,0.0,0.0,NA,0.0,0.0
SCHOOL_644,0,0,0,0,0,0,0,0,0,0,1,12000000.0,6.850883200000001,2.0014155,0.0,0.0,0.0,NA,0.0,0.0
SCHOOL_645,0,0,0,0,0,0,0,0,0,0,2,1646200.0,6.851346,1.906695650000001,0.0,0.0,0.0,NA,0.0,0.0
SCHOOL_646,0,0,0,0,0,0,0,0,0,0,1,2316000.0,6.852639999999998,1.7569300000000005,0.0,0.0,0.0,NA,0.0,0.0
SCHOOL_647,0,0,0,0,0,0,0,0,0,0,2,5279200.0,6.856561550027375,1.7397960997535036,0.0,0.0,0.0,NA,0.0,0.0
SCHOOL_648,0,0,0,0,0,0,0,0,0,0,1,5224100.0,6.8570741,1.8005967,0.0,0.0,0.0,NA,0.0,0.0
SCHOOL_649,0,0,0,0,0,0,0,0,0,0,1,840000.0,6.857710000000001,1.76572,0.0,0.0,0.0,NA,0.0,0.0
SCHOOL_650,0,0,0,0,0,0,0,0,0,0,1,8626300.0,6.8583075000000004,1.7688474000000005,0.0,0.0,0.0,NA,0.0,0.0
SCHOOL_651,0,0,0,0,0,0,0,0,0,0,2,5985400.0,6.861119800006218,1.7560140999828513,0.0,0.0,0.0,NA,0.0,0.0
SCHOOL_652,0,0,0,0,0,0,0,0,0,0,1,9991800.0,6.8618017,1.8700986,0.0,0.0,0.0,NA,0.0,0.0
SCHOOL_653,0,0,0,0,0,0,0,0,0,0,1,4686400.0,6.866997699999999,1.8010378000000007,0.0,0.0,0.0,NA,0.0,0.0
SCHOOL_654,0,0,0,0,0,0,0,0,0,0,1,5174800.0,6.867983299999999,1.8125184999999997,0.0,0.0,0.0,NA,0.0,0.0
SCHOOL_655,0,0,0,0,0,0,0,0,0,0,1,1945900.0,6.8682579,1.7595468,0.0,0.0,0.0,NA,0.0,0.0
SCHOOL_656,0,0,0,0,0,0,0,0,0,0,4,7711600.0,6.872034850766674,1.8222340992372954,0.0,0.0,0.0,NA,0.0,0.0
SCHOOL_657,0,0,0,0,0,0,0,0,0,0,1,1189000.0,6.872267699999998,1.8490562000000006,0.0,0.0,0.0,NA,0.0,0.0
SCHOOL_658,0,0,0,0,0,0,0,0,0,0,2,9648800.0,6.8740907500989605,1.7444151499445948,0.0,0.0,0.0,NA,0.0,0.0
SCHOOL_659,0,0,0,0,0,0,0,0,0,0,1,2580000.0,6.862119999999999,2.54972,0.0,0.0,0.0,NA,0.0,0.0
SCHOOL_660,0,0,0,0,0,0,0,0,0,0,1,2060800.0000000002,6.863494599999998,2.5937408,0.0,0.0,0.0,NA,0.0,0.0
SCHOOL_661,0,0,0,0,0,0,0,0,0,0,1,7615800.0,6.867021900000001,2.6098023,0.0,0.0,0.0,NA,0.0,0.0
SCHOOL_662,0,0,0,0,0,0,0,0,0,0,1,3733400.0,6.868840600000001,2.7304483,0.0,0.0,0.0,NA,0.0,0.0
SCHOOL_663,0,0,0,0,0,0,0,0,0,0,1,12000000.0,6.8688502,2.6407769,0.0,0.0,0.0,NA,0.0,0.0
SCHOOL_664,0,0,0,0,0,0,0,0,0,0,1,1212400.0,6.8690191,2.5702352,0.0,0.0,0.0,NA,0.0,0.0
SCHOOL_665,0,0,0,0,0,0,0,0,0,0,1,931400.0,6.8720587,2.6172215,0.0,0.0,0.0,NA,0.0,0.0
SCHOOL_666,0,0,0,0,0,0,0,0,0,0,1,840000.0,6.867726999999999,2.3849665,0.0,0.0,0.0,NA,0.0,0.0
SCHOOL_667,0,0,0,0,0,0,0,0,0,0,1,10996100.0,6.868487099999999,2.3809,0.0,0.0,0.0,NA,0.0,0.0
SCHOOL_668,0,0,0,0,0,0,0,0,0,0,1,1494000.0,6.8691073,2.4997485,0.0,0.0,0.0,NA,0.0,0.0
SCHOOL_669,0,0,0,0,0,0,0,0,0,0,1,3024000.0,6.873828200000001,2.4419377000000004,0.0,0.0,0.0,NA,0.0,0.0
SCHOOL_670,0,0,0,0,0,0,0,0,0,0,2,5444400.0,6.876537200000843,2.453032649992077,0.0,0.0,0.0,NA,0.0,0.0
SCHOOL_671,0,0,0,0,0,0,0,0,0,0,1,3588400.0,6.8802018,2.5246036000000003,0.0,0.0,0.0,NA,0.0,0.0
SCHOOL_672,0,0,0,0,0,0,0,0,0,0,1,5288800.0,6.884575800000001,2.2656014,0.0,0.0,0.0,NA,0.0,0.0
SCHOOL_673,0,0,0,0,0,0,0,0,0,0,1,840000.0,6.8833422,2.7056604999999996,0.0,0.0,0.0,NA,0.0,0.0
SCHOOL_674,0,0,0,0,0,0,0,0,0,0,1,3872200.0,6.890592999999999,2.5473566,0.0,0.0,0.0,NA,0.0,0.0
SCHOOL_675,0,0,0,0,0,0,0,0,0,0,1,12000000.0,6.8906529,2.6857638,0.0,0.0,0.0,NA,0.0,0.0
SCHOOL_676,0,0,0,0,0,0,0,0,0,0,1,1174200.0,6.884783700000001,2.4604745,0.0,0.0,0.0,NA,0.0,0.0
SCHOOL_677,0,0,0,0,0,0,0,0,0,0,1,4391200.0,6.8898104,2.2462648999999995,0.0,0.0,0.0,NA,0.0,0.0
SCHOOL_678,0,0,0,0,0,0,0,0,0,0,1,1806100.0,6.891072999999999,2.4874118,0.0,0.0,0.0,NA,0.0,0.0
SCHOOL_679,0,0,0,0,0,0,0,0,0,0,1,2992800.0,6.8963687,2.4535456000000004,0.0,0.0,0.0,NA,0.0,0.0
SCHOOL_680,0,0,0,0,0,0,0,0,0,0,1,3479000.0,6.894917099999999,2.5421413,0.0,0.0,0.0,NA,0.0,0.0
SCHOOL_681,0,0,0,0,0,0,0,0,0,0,1,4798400.0,6.8963697999999996,2.7254901,0.0,0.0,0.0,NA,0.0,0.0
SCHOOL_682,0,0,0,0,0,0,0,0,0,0,1,7582400.0,6.897549999999998,2.57761,0.0,0.0,0.0,NA,0.0,0.0
SCHOOL_683,0,0,0,0,0,0,0,0,0,0,1,3552000.0,6.904370000000001,2.69878,0.0,0.0,0.0,NA,0.0,0.0
SCHOOL_684,0,0,0,0,0,0,0,0,0,0,1,840000.0,6.905536700000002,2.5476967,0.0,0.0,0.0,NA,0.0,0.0
SCHOOL_685,0,0,0,0,0,0,0,0,0,0,1,2003400.0,6.907049799999999,2.4487311,0.0,0.0,0.0,NA,0.0,0.0
SCHOOL_686,0,0,0,0,0,0,0,0,0,0,1,5531500.0,6.913101799999999,2.4822270000000004,0.0,0.0,0.0,NA,0.0,0.0
SCHOOL_687,0,0,0,0,0,0,0,0,0,0,1,6158300.0,6.917079799999998,2.2622699,0.0,0.0,0.0,NA,0.0,0.0
SCHOOL_688,0,0,0,0,0,0,0,0,0,0,2,1680000.0,6.918144150000782,2.4504920500006664,0.0,0.0,0.0,NA,0.0,0.0
SCHOOL_689,0,0,0,0,0,0,0,0,0,0,1,2184000.0,6.877989999999999,1.7417400000000005,0.0,0.0,0.0,NA,0.0,0.0
SCHOOL_690,0,0,0,0,0,0,0,0,0,0,1,2220000.0,6.879359999999998,1.7881699999999998,0.0,0.0,0.0,NA,0.0,0.0
SCHOOL_691,0,0,0,0,0,0,0,0,0,0,2,9987600.0,6.879698949999993,1.8243593999996477,0.0,0.0,0.0,NA,0.0,0.0
SCHOOL_692,0,0,0,0,0,0,0,0,0,0,1,10207400.0,6.8832194,1.7664322999999997,0.0,0.0,0.0,NA,0.0,0.0
SCHOOL_693,0,0,0,0,0,0,0,0,0,0,3,5172900.0,6.887610100000571,1.733047000005385,0.0,0.0,0.0,NA,0.0,0.0
SCHOOL_694,0,0,0,0,0,0,0,0,0,0,1,5772000.0,6.88566,1.6840499999999998,0.0,0.0,0.0,NA,0.0,0.0
SCHOOL_695,0,0,0,0,0,0,0,0,0,0,1,12000000.0,6.8960485,1.6722766999999998,0.0,0.0,0.0,NA,0.0,0.0
SCHOOL_696,0,0,0,0,0,0,0,0,0,0,1,10976000.0,6.889025999999999,1.8478367,0.0,0.0,0.0,NA,0.0,0.0
SCHOOL_697,0,0,0,0,0,0,0,0,0,0,3,6834900.000000001,6.890465500190648,1.7369453332411178,0.0,0.0,0.0,NA,0.0,0.0
SCHOOL_698,0,0,0,0,0,0,0,0,0,0,1,2860200.0,6.8906079,1.9832399000000003,0.0,0.0,0.0,NA,0.0,0.0
SCHOOL_699,0,0,0,0,0,0,0,0,0,0,1,1601000.0,6.891703999999999,1.8046947000000002,0.0,0.0,0.0,NA,0.0,0.0
SCHOOL_700,0,0,0,0,0,0,0,0,0,0,1,8780000.0,6.893217399999998,1.765999,0.0,0.0,0.0,NA,0.0,0.0
SCHOOL_701,0,0,0,0,0,0,0,0,0,0,1,6919800.0,6.8940185,1.7561421000000004,0.0,0.0,0.0,NA,0.0,0.0
SCHOOL_702,0,0,0,0,0,0,0,0,0,0,5,12377500.0,6.894208300005911,1.9175795000092517,0.0,0.0,0.0,NA,0.0,0.0
SCHOOL_703,0,0,0,0,0,0,0,0,0,0,1,5177400.0,6.8966389,1.9060966,0.0,0.0,0.0,NA,0.0,0.0
SCHOOL_704,0,0,0,0,0,0,0,0,0,0,1,1259800.0,6.897043299999999,1.9339836000000001,0.0,0.0,0.0,NA,0.0,0.0
SCHOOL_705,0,0,0,0,0,0,0,0,0,0,1,12000000.0,6.897498699999999,1.8231482000000003,0.0,0.0,0.0,NA,0.0,0.0
SCHOOL_706,0,0,0,0,0,0,0,0,0,0,1,9450100.0,6.8991145,2.0630075,0.0,0.0,0.0,NA,0.0,0.0
SCHOOL_707,0,0,0,0,0,0,0,0,0,0,1,5798500.0,6.9004063,1.7503159999999998,0.0,0.0,0.0,NA,0.0,0.0
SCHOOL_708,0,0,0,0,0,0,0,0,0,0,1,2988000.0,6.904449999999999,1.6736300000000006,0.0,0.0,0.0,NA,0.0,0.0
SCHOOL_709,0,0,0,0,0,0,0,0,0,0,1,6386800.0,6.903412,1.8389986999999997,0.0,0.0,0.0,NA,0.0,0.0
SCHOOL_710,0,0,0,0,0,0,0,0,0,0,1,2959200.0,6.904700499999998,1.7398102,0.0,0.0,0.0,NA,0.0,0.0
SCHOOL_711,0,0,0,0,0,0,0,0,0,0,1,5826100.0,6.905501,1.8859045000000008,0.0,0.0,0.0,NA,0.0,0.0
SCHOOL_712,0,0,0,0,0,0,0,0,0,0,1,12000000.0,6.9055444,1.7687754,0.0,0.0,0.0,NA,0.0,0.0
SCHOOL_713,0,0,0,0,0,0,0,0,0,0,1,1524000.0,6.90574,1.9013000000000007,0.0,0.0,0.0,NA,0.0,0.0
SCHOOL_714,0,0,0,0,0,0,0,0,0,0,1,3209600.0,6.9087659,1.9012691999999998,0.0,0.0,0.0,NA,0.0,0.0
SCHOOL_715,0,0,0,0,0,0,0,0,0,0,1,3209600.0,6.910764200000001,1.8999532,0.0,0.0,0.0,NA,0.0,0.0
SCHOOL_716,0,0,0,0,0,0,0,0,0,0,2,9662800.0,6.911579950196307,1.7338152001300144,0.0,0.0,0.0,NA,0.0,0.0
SCHOOL_717,0,0,0,0,0,0,0,0,0,0,1,1631300.0,6.914505800000001,1.8278466999999998,0.0,0.0,0.0,NA,0.0,0.0
SCHOOL_718,0,0,0,0,0,0,0,0,0,0,1,2838400.0,6.9147737,1.9104401,0.0,0.0,0.0,NA,0.0,0.0
SCHOOL_719,0,0,0,0,0,0,0,0,0,0,1,2619100.0,6.915178399999999,1.8185505000000006,0.0,0.0,0.0,NA,0.0,0.0
SCHOOL_720,0,0,0,0,0,0,0,0,0,0,1,8096500.0,6.915489099999999,1.9293003,0.0,0.0,0.0,NA,0.0,0.0
SCHOOL_721,0,0,0,0,0,0,0,0,0,0,1,5273400.0,6.9191671999999995,1.8331727,0.0,0.0,0.0,NA,0.0,0.0
SCHOOL_722,0,0,0,0,0,0,0,0,0,0,1,8471900.0,6.9194788,1.9191048000000002,0.0,0.0,0.0,NA,0.0,0.0
SCHOOL_723,0,0,0,0,0,0,0,0,0,0,1,2075600.0,6.925689,1.7186406000000007,0.0,0.0,0.0,NA,0.0,0.0
SCHOOL_724,0,0,0,0,0,0,0,0,0,0,1,12000000.0,6.9338867,1.5995967,0.0,0.0,0.0,NA,0.0,0.0
SCHOOL_725,0,0,0,0,0,0,0,0,0,0,1,11118800.0,6.9241493,1.7681393000000003,0.0,0.0,0.0,NA,0.0,0.0
SCHOOL_726,0,0,0,0,0,0,0,0,0,0,1,1764000.0,6.924939999999999,1.8043500000000003,0.0,0.0,0.0,NA,0.0,0.0
SCHOOL_727,0,0,0,0,0,0,0,0,0,0,2,17733800.0,6.926469500056919,1.7944783501344392,0.0,0.0,0.0,NA,0.0,0.0
SCHOOL_728,0,0,0,0,0,0,0,0,0,0,1,6561000.0,6.929849100000001,1.8064507999999997,0.0,0.0,0.0,NA,0.0,0.0
SCHOOL_729,0,0,0,0,0,0,0,0,0,0,1,2544000.0,6.930440000000001,1.7533500000000002,0.0,0.0,0.0,NA,0.0,0.0
SCHOOL_730,0,0,0,0,0,0,0,0,0,0,1,4142300.0,6.933573,1.9187907999999998,0.0,0.0,0.0,NA,0.0,0.0
SCHOOL_731,0,0,0,0,0,0,0,0,0,0,3,8299000.0,6.934981567714938,1.8378835993921518,0.0,0.0,0.0,NA,0.0,0.0
SCHOOL_732,0,0,0,0,0,0,0,0,0,0,1,840000.0,6.934874699999999,1.8149385000000002,0.0,0.0,0.0,NA,0.0,0.0
SCHOOL_733,0,0,0,0,0,0,0,0,0,0,1,840000.0,6.9353965,1.8095466000000004,0.0,0.0,0.0,NA,0.0,0.0
SCHOOL_734,0,0,0,0,0,0,0,0,0,0,1,7500000.0,6.93756,1.8895499999999998,0.0,0.0,0.0,NA,0.0,0.0
SCHOOL_735,0,0,0,0,0,0,0,0,0,0,1,6839800.0,6.9378454,1.7673595000000002,0.0,0.0,0.0,NA,0.0,0.0
SCHOOL_736,0,0,0,0,0,0,0,0,0,0,1,4296400.0,6.939168399999999,2.0118193,0.0,0.0,0.0,NA,0.0,0.0
SCHOOL_737,0,0,0,0,0,0,0,0,0,0,1,5292500.0,6.9375873,1.6792578000000002,0.0,0.0,0.0,NA,0.0,0.0
SCHOOL_738,0,0,0,0,0,0,0,0,0,0,1,5817000.0,6.9412574,1.6847249000000004,0.0,0.0,0.0,NA,0.0,0.0
SCHOOL_739,0,0,0,0,0,0,0,0,0,0,2,1680000.0,6.939994850132229,1.824307900188171,0.0,0.0,0.0,NA,0.0,0.0
SCHOOL_740,0,0,0,0,0,0,0,0,0,0,2,2998000.0,6.943507650012118,1.7710044000037515,0.0,0.0,0.0,NA,0.0,0.0
SCHOOL_741,0,0,0,0,0,0,0,0,0,0,2,8031400.0,6.944388000142925,1.968518699408693,0.0,0.0,0.0,NA,0.0,0.0
SCHOOL_742,0,0,0,0,0,0,0,0,0,0,1,955400.0,6.9450457000000005,1.812778,0.0,0.0,0.0,NA,0.0,0.0
SCHOOL_743,0,0,0,0,0,0,0,0,0,0,3,2520000.0,6.9457865,1.7949875,0.0,0.0,0.0,NA,0.0,0.0
SCHOOL_744,0,0,0,0,0,0,0,0,0,0,1,1334500.0,6.944262599999999,1.6886043000000004,0.0,0.0,0.0,NA,0.0,0.0
SCHOOL_745,0,0,0,0,0,0,0,0,0,0,1,12000000.0,6.9445999999999986,1.6753900000000002,0.0,0.0,0.0,NA,0.0,0.0
SCHOOL_746,0,0,0,0,0,0,0,0,0,0,1,9739800.0,6.947608000000001,1.6817941999999997,0.0,0.0,0.0,NA,0.0,0.0
SCHOOL_747,0,0,0,0,0,0,0,0,0,0,1,840000.0,6.946052599999999,1.7975595000000002,0.0,0.0,0.0,NA,0.0,0.0
SCHOOL_748,0,0,0,0,0,0,0,0,0,0,1,1024099.9999999999,6.946247,1.8238345000000005,0.0,0.0,0.0,NA,0.0,0.0
SCHOOL_749,0,0,0,0,0,0,0,0,0,0,1,6309700.0,6.947676299999999,1.902363100000001,0.0,0.0,0.0,NA,0.0,0.0
SCHOOL_750,0,0,0,0,0,0,0,0,0,0,3,2152500.0,6.948324766688119,1.7257588667177617,0.0,0.0,0.0,NA,0.0,0.0
SCHOOL_751,0,0,0,0,0,0,0,0,0,0,1,752900.0,6.912368299999998,2.5371667,0.0,0.0,0.0,NA,0.0,0.0
SCHOOL_752,0,0,0,0,0,0,0,0,0,0,1,670900.0,6.920216699999998,2.707,0.0,0.0,0.0,NA,0.0,0.0
SCHOOL_753,0,0,0,0,0,0,0,0,0,0,1,2639800.0,6.925554999999998,2.6263469,0.0,0.0,0.0,NA,0.0,0.0
SCHOOL_754,0,0,0,0,0,0,0,0,0,0,2,3218600.0,6.920748650062248,2.5019813998687015,0.0,0.0,0.0,NA,0.0,0.0
SCHOOL_755,0,0,0,0,0,0,0,0,0,0,1,8473300.0,6.9278517,2.51783,0.0,0.0,0.0,NA,0.0,0.0
SCHOOL_756,0,0,0,0,0,0,0,0,0,0,2,5279600.0,6.930268750021897,2.632574699895588,0.0,0.0,0.0,NA,0.0,0.0
SCHOOL_757,0,0,0,0,0,0,0,0,0,0,1,5926200.0,6.9352697999999995,2.5910451,0.0,0.0,0.0,NA,0.0,0.0
SCHOOL_758,0,0,0,0,0,0,0,0,0,0,1,12000000.0,6.936628400000002,2.6831052000000004,0.0,0.0,0.0,NA,0.0,0.0
SCHOOL_759,0,0,0,0,0,0,0,0,0,0,1,1956000.0,6.936959999999999,2.5444699999999996,0.0,0.0,0.0,NA,0.0,0.0
SCHOOL_760,0,0,0,0,0,0,0,0,0,0,1,4995600.0,6.9519549000000005,2.6622629,0.0,0.0,0.0,NA,0.0,0.0
SCHOOL_761,0,0,0,0,0,0,0,0,0,0,1,6376700.0,6.9520043,2.591751,0.0,0.0,0.0,NA,0.0,0.0
SCHOOL_762,0,0,0,0,0,0,0,0,0,0,1,8052000.0,6.9325,2.42479,0.0,0.0,0.0,NA,0.0,0.0
SCHOOL_763,0,0,0,0,0,0,0,0,0,0,1,4681000.0,6.937217900000001,2.2657416999999995,0.0,0.0,0.0,NA,0.0,0.0
SCHOOL_764,0,0,0,0,0,0,0,0,0,0,1,10584600.0,6.939536999999999,2.4171776000000005,0.0,0.0,0.0,NA,0.0,0.0
SCHOOL_765,0,0,0,0,0,0,0,0,0,0,1,3516000.0,6.94232,2.2892200000000003,0.0,0.0,0.0,NA,0.0,0.0
SCHOOL_766,0,0,0,0,0,0,0,0,0,0,1,1225100.0,6.9429683,2.488775,0.0,0.0,0.0,NA,0.0,0.0
SCHOOL_767,0,0,0,0,0,0,0,0,0,0,1,8229500.0,6.9457993999999985,2.4198346000000006,0.0,0.0,0.0,NA,0.0,0.0
SCHOOL_768,0,0,0,0,0,0,0,0,0,0,1,894700.0,6.9540567000000015,2.5246733,0.0,0.0,0.0,NA,0.0,0.0
SCHOOL_769,0,0,0,0,0,0,0,0,0,0,1,4131399.9999999995,6.957693300000001,2.5809449999999994,0.0,0.0,0.0,NA,0.0,0.0
SCHOOL_770,0,0,0,0,0,0,0,0,0,0,2,9466800.0,6.962601300020837,2.7065829499730674,0.0,0.0,0.0,NA,0.0,0.0
SCHOOL_771,0,0,0,0,0,0,0,0,0,0,1,6390700.0,6.9714314,2.6309247999999994,0.0,0.0,0.0,NA,0.0,0.0
SCHOOL_772,0,0,0,0,0,0,0,0,0,0,2,5644400.0,6.961734950001897,2.1944099999895257,0.0,0.0,0.0,NA,0.0,0.0
SCHOOL_773,0,0,0,0,0,0,0,0,0,0,1,5246400.0,6.964135699999998,2.4100933,0.0,0.0,0.0,NA,0.0,0.0
SCHOOL_774,0,0,0,0,0,0,0,0,0,0,1,3743800.0,6.976056399999999,2.2336082,0.0,0.0,0.0,NA,0.0,0.0
SCHOOL_775,0,0,0,0,0,0,0,0,0,0,1,2928800.0,6.982150899999999,2.5108134,0.0,0.0,0.0,NA,0.0,0.0
SCHOOL_776,0,0,0,0,0,0,0,0,0,0,1,6180000.0,6.982529999999999,2.22583,0.0,0.0,0.0,NA,0.0,0.0
SCHOOL_777,0,0,0,0,0,0,0,0,0,0,1,6374400.0,6.985257199999999,2.410758,0.0,0.0,0.0,NA,0.0,0.0
SCHOOL_778,0,0,0,0,0,0,0,0,0,0,1,4761500.0,6.975063599999999,2.5693642,0.0,0.0,0.0,NA,0.0,0.0
SCHOOL_779,0,0,0,0,0,0,0,0,0,0,1,1788000.0,6.97635,2.7105499999999996,0.0,0.0,0.0,NA,0.0,0.0
SCHOOL_780,0,0,0,0,0,0,0,0,0,0,1,12000000.0,6.988603299999999,2.6868376000000005,0.0,0.0,0.0,NA,0.0,0.0
SCHOOL_781,0,0,0,0,0,0,0,0,0,0,2,5585800.0,6.948618600000004,1.7584298999999857,0.0,0.0,0.0,NA,0.0,0.0
SCHOOL_782,0,0,0,0,0,0,0,0,0,0,1,923800.0,6.9498069,1.8256115,0.0,0.0,0.0,NA,0.0,0.0
SCHOOL_783,0,0,0,0,0,0,0,0,0,0,1,1185000.0,6.9505091000000006,1.8980157999999998,0.0,0.0,0.0,NA,0.0,0.0
SCHOOL_784,0,0,0,0,0,0,0,0,0,0,1,2783900.0,6.9514817,1.7926850000000005,0.0,0.0,0.0,NA,0.0,0.0
SCHOOL_785,0,0,0,0,0,0,0,0,0,0,1,3088300.0,6.9516102,1.7473209,0.0,0.0,0.0,NA,0.0,0.0
SCHOOL_786,0,0,0,0,0,0,0,0,0,0,1,12000000.0,6.948865,1.6527067000000004,0.0,0.0,0.0,NA,0.0,0.0
SCHOOL_787,0,0,0,0,0,0,0,0,0,0,1,4302700.0,6.9525481,1.9276102,0.0,0.0,0.0,NA,0.0,0.0
SCHOOL_788,0,0,0,0,0,0,0,0,0,0,1,5337400.0,6.9560439999999994,1.7315693000000008,0.0,0.0,0.0,NA,0.0,0.0
SCHOOL_789,0,0,0,0,0,0,0,0,0,0,1,3114400.0,6.957803,1.9509990000000001,0.0,0.0,0.0,NA,0.0,0.0
SCHOOL_790,0,0,0,0,0,0,0,0,0,0,1,4385800.0,6.959105699999998,2.0009835000000002,0.0,0.0,0.0,NA,0.0,0.0
SCHOOL_791,0,0,0,0,0,0,0,0,0,0,1,2766200.0,6.959292399999999,1.7939288000000002,0.0,0.0,0.0,NA,0.0,0.0
SCHOOL_792,0,0,0,0,0,0,0,0,0,0,1,3817100.0,6.9595922,1.9376927999999998,0.0,0.0,0.0,NA,0.0,0.0
SCHOOL_793,0,0,0,0,0,0,0,0,0,0,1,4041400.0,6.959631900000001,1.9087432,0.0,0.0,0.0,NA,0.0,0.0
SCHOOL_794,0,0,0,0,0,0,0,0,0,0,1,623300.0,6.9648437,1.8477650999999997,0.0,0.0,0.0,NA,0.0,0.0
SCHOOL_795,0,0,0,0,0,0,0,0,0,0,1,623300.0,6.9660383999999995,1.8436856000000004,0.0,0.0,0.0,NA,0.0,0.0
SCHOOL_796,0,0,0,0,0,0,0,0,0,0,1,8796000.0,6.96704,1.8510400000000002,0.0,0.0,0.0,NA,0.0,0.0
SCHOOL_797,0,0,0,0,0,0,0,0,0,0,1,1728000.0,6.967249999999999,1.7952600000000003,0.0,0.0,0.0,NA,0.0,0.0
SCHOOL_798,0,0,0,0,0,0,0,0,0,0,1,4258200.0,6.9680763,1.7482353,0.0,0.0,0.0,NA,0.0,0.0
SCHOOL_799,0,0,0,0,0,0,0,0,0,0,1,3312000.0,6.961199999999999,1.6586599999999996,0.0,0.0,0.0,NA,0.0,0.0
SCHOOL_800,0,0,0,0,0,0,0,0,0,0,1,11676100.0,6.969436700000001,1.5739867,0.0,0.0,0.0,NA,0.0,0.0
SCHOOL_801,0,0,0,0,0,0,0,0,0,0,1,12000000.0,6.971761699999998,1.6510300000000007,0.0,0.0,0.0,NA,0.0,0.0
SCHOOL_802,0,0,0,0,0,0,0,0,0,0,1,7044600.0,6.981559999999999,1.6607883000000008,0.0,0.0,0.0,NA,0.0,0.0
SCHOOL_803,0,0,0,0,0,0,0,0,0,0,1,10149400.0,6.9825514,1.7008749,0.0,0.0,0.0,NA,0.0,0.0
SCHOOL_804,0,0,0,0,0,0,0,0,0,0,2,5583800.0,6.969887250000148,1.726840049988811,0.0,0.0,0.0,NA,0.0,0.0
SCHOOL_805,0,0,0,0,0,0,0,0,0,0,1,2674000.0,6.969993599999998,1.7821708,0.0,0.0,0.0,NA,0.0,0.0
SCHOOL_806,0,0,0,0,0,0,0,0,0,0,2,4843200.0,6.9722199500029065,2.0035506499540987,0.0,0.0,0.0,NA,0.0,0.0
SCHOOL_807,0,0,0,0,0,0,0,0,0,0,1,788300.0,6.972459800000001,1.8133247999999993,0.0,0.0,0.0,NA,0.0,0.0
SCHOOL_808,0,0,0,0,0,0,0,0,0,0,1,4726300.0,6.973327,1.9589855000000007,0.0,0.0,0.0,NA,0.0,0.0
SCHOOL_809,0,0,0,0,0,0,0,0,0,0,1,1054700.0,6.9734575,1.8206303000000004,0.0,0.0,0.0,NA,0.0,0.0
SCHOOL_810,0,0,0,0,0,0,0,0,0,0,1,2172000.0,6.9739,1.8757899999999998,0.0,0.0,0.0,NA,0.0,0.0
SCHOOL_811,0,0,0,0,0,0,0,0,0,0,2,7466099.999999999,6.975058500112079,1.8729030000716989,0.0,0.0,0.0,NA,0.0,0.0
SCHOOL_812,0,0,0,0,0,0,0,0,0,0,1,7861700.0,6.9182943,2.183828,0.0,0.0,0.0,NA,0.0,0.0
SCHOOL_813,0,0,0,0,0,0,0,0,0,0,1,5310600.0,6.981919399999999,2.1255538,0.0,0.0,0.0,NA,0.0,0.0
SCHOOL_814,0,0,0,0,0,0,0,0,0,0,1,12000000.0,6.983611099999999,2.1177778,0.0,0.0,0.0,NA,0.0,0.0
SCHOOL_815,0,0,0,0,0,0,0,0,0,0,2,2917600.0,7.010334500021852,2.1539628999926355,0.0,0.0,0.0,NA,0.0,0.0
SCHOOL_816,0,0,0,0,0,0,0,0,0,0,1,5748000.0,7.02177,2.17714,0.0,0.0,0.0,NA,0.0,0.0
SCHOOL_817,0,0,0,0,0,0,0,0,0,0,1,3400100.0,7.025311999999999,2.0822426,0.0,0.0,0.0,NA,0.0,0.0
SCHOOL_818,0,0,0,0,0,0,0,0,0,0,2,9067900.0,7.031518350934217,2.1056628497627017,0.0,0.0,0.0,NA,0.0,0.0
SCHOOL_819,0,0,0,0,0,0,0,0,0,0,1,801700.0,6.9769905,1.9131816000000004,0.0,0.0,0.0,NA,0.0,0.0
SCHOOL_820,0,0,0,0,0,0,0,0,0,0,3,9074400.0,6.978748300027626,1.9237816331154436,0.0,0.0,0.0,NA,0.0,0.0
SCHOOL_821,0,0,0,0,0,0,0,0,0,0,1,3225700.0,6.9773756,1.9405137000000003,0.0,0.0,0.0,NA,0.0,0.0
SCHOOL_822,0,0,0,0,0,0,0,0,0,0,2,4653400.0,6.978310800045759,1.9485279498911952,0.0,0.0,0.0,NA,0.0,0.0
SCHOOL_823,0,0,0,0,0,0,0,0,0,0,1,2870000.0,6.981097699999999,1.9014967999999999,0.0,0.0,0.0,NA,0.0,0.0
SCHOOL_824,0,0,0,0,0,0,0,0,0,0,1,3059500.0,6.9824095999999995,1.7887377000000002,0.0,0.0,0.0,NA,0.0,0.0
SCHOOL_825,0,0,0,0,0,0,0,0,0,0,1,995500.0,6.9831247,2.0497844000000005,0.0,0.0,0.0,NA,0.0,0.0
SCHOOL_826,0,0,0,0,0,0,0,0,0,0,3,6822299.999999999,6.987055500007562,1.725221800002874,0.0,0.0,0.0,NA,0.0,0.0
SCHOOL_827,0,0,0,0,0,0,0,0,0,0,1,826800.0,6.9874984,1.7732242000000003,0.0,0.0,0.0,NA,0.0,0.0
SCHOOL_828,0,0,0,0,0,0,0,0,0,0,1,1917100.0,6.9896616,1.7440728,0.0,0.0,0.0,NA,0.0,0.0
SCHOOL_829,0,0,0,0,0,0,0,0,0,0,2,3593800.0,6.989778150001426,1.8851621499925055,0.0,0.0,0.0,NA,0.0,0.0
SCHOOL_830,0,0,0,0,0,0,0,0,0,0,1,1366900.0,6.991024299999999,2.0405555,0.0,0.0,0.0,NA,0.0,0.0
SCHOOL_831,0,0,0,0,0,0,0,0,0,0,1,1424400.0,6.991089699999999,1.7877346000000005,0.0,0.0,0.0,NA,0.0,0.0
SCHOOL_832,0,0,0,0,0,0,0,0,0,0,1,776400.0,6.991401499999999,1.7989479000000004,0.0,0.0,0.0,NA,0.0,0.0
SCHOOL_833,0,0,0,0,0,0,0,0,0,0,1,2610400.0,6.9916303,1.9094452000000002,0.0,0.0,0.0,NA,0.0,0.0
SCHOOL_834,0,0,0,0,0,0,0,0,0,0,1,6754200.0,6.992894000000001,1.8177286000000004,0.0,0.0,0.0,NA,0.0,0.0
SCHOOL_835,0,0,0,0,0,0,0,0,0,0,1,608900.0,6.995561999999998,1.8995507000000003,0.0,0.0,0.0,NA,0.0,0.0
SCHOOL_836,0,0,0,0,0,0,0,0,0,0,1,902300.0,6.9972443,1.7642723,0.0,0.0,0.0,NA,0.0,0.0
SCHOOL_837,0,0,0,0,0,0,0,0,0,0,2,4249000.0,6.997875150068306,1.8692329499396991,0.0,0.0,0.0,NA,0.0,0.0
SCHOOL_838,0,0,0,0,0,0,0,0,0,0,1,5068200.0,6.9996211,1.8640163000000003,0.0,0.0,0.0,NA,0.0,0.0
SCHOOL_839,0,0,0,0,0,0,0,0,0,0,1,11205100.0,6.9869967,1.6896479,0.0,0.0,0.0,NA,0.0,0.0
SCHOOL_840,0,0,0,0,0,0,0,0,0,0,1,2919400.0,6.9897960999999995,1.7204089000000005,0.0,0.0,0.0,NA,0.0,0.0
SCHOOL_841,0,0,0,0,0,0,0,0,0,0,1,840000.0,6.991689999999999,1.5756833,0.0,0.0,0.0,NA,0.0,0.0
SCHOOL_842,0,0,0,0,0,0,0,0,0,0,2,5385400.0,7.010026399999999,1.6596209,0.0,0.0,0.0,NA,0.0,0.0
SCHOOL_843,0,0,0,0,0,0,0,0,0,0,1,3552000.0,7.002344699999999,1.8538437000000003,0.0,0.0,0.0,NA,0.0,0.0
SCHOOL_844,0,0,0,0,0,0,0,0,0,0,1,3054700.0,7.0064093000000005,1.7967359,0.0,0.0,0.0,NA,0.0,0.0
SCHOOL_845,0,0,0,0,0,0,0,0,0,0,1,2102200.0,7.008597599999999,1.9171481000000004,0.0,0.0,0.0,NA,0.0,0.0
SCHOOL_846,0,0,0,0,0,0,0,0,0,0,1,8412000.0,7.00979,1.8842000000000003,0.0,0.0,0.0,NA,0.0,0.0
SCHOOL_847,0,0,0,0,0,0,0,0,0,0,2,2453000.0,7.010062450021268,1.806219800053296,0.0,0.0,0.0,NA,0.0,0.0
SCHOOL_848,0,0,0,0,0,0,0,0,0,0,2,2662600.0,7.011048150006506,1.779079850044747,0.0,0.0,0.0,NA,0.0,0.0
SCHOOL_849,0,0,0,0,0,0,0,0,0,0,2,2799800.0,7.012995200011164,1.8690051500089806,0.0,0.0,0.0,NA,0.0,0.0
SCHOOL_850,0,0,0,0,0,0,0,0,0,0,1,3359200.0,7.014396899999999,1.730414,0.0,0.0,0.0,NA,0.0,0.0
SCHOOL_851,0,0,0,0,0,0,0,0,0,0,2,3788600.0,7.015581350091479,1.7694522001939104,0.0,0.0,0.0,NA,0.0,0.0
SCHOOL_852,0,0,0,0,0,0,0,0,0,0,1,2318600.0,7.0175917,1.8371893000000006,0.0,0.0,0.0,NA,0.0,0.0
SCHOOL_853,0,0,0,0,0,0,0,0,0,0,1,6125600.0,7.018028199999999,1.782553,0.0,0.0,0.0,NA,0.0,0.0
SCHOOL_854,0,0,0,0,0,0,0,0,0,0,2,4810600.0,7.0201457500334605,1.901173599871024,0.0,0.0,0.0,NA,0.0,0.0
SCHOOL_855,0,0,0,0,0,0,0,0,0,0,1,3715000.0,7.020987899999998,1.9354890000000002,0.0,0.0,0.0,NA,0.0,0.0
SCHOOL_856,0,0,0,0,0,0,0,0,0,0,1,3648200.0,7.022017199999998,1.8006773000000005,0.0,0.0,0.0,NA,0.0,0.0
SCHOOL_857,0,0,0,0,0,0,0,0,0,0,1,1222400.0,7.0240388000000005,1.9274436000000001,0.0,0.0,0.0,NA,0.0,0.0
SCHOOL_858,0,0,0,0,0,0,0,0,0,0,1,1140000.0,7.02445,1.79528,0.0,0.0,0.0,NA,0.0,0.0
SCHOOL_859,0,0,0,0,0,0,0,0,0,0,1,3255700.0,7.0246692,1.8176638000000003,0.0,0.0,0.0,NA,0.0,0.0
SCHOOL_860,0,0,0,0,0,0,0,0,0,0,1,5153900.0,7.0254885,1.9126120999999998,0.0,0.0,0.0,NA,0.0,0.0
SCHOOL_861,0,0,0,0,0,0,0,0,0,0,1,2531500.0,7.0273124,1.8202694999999998,0.0,0.0,0.0,NA,0.0,0.0
SCHOOL_862,0,0,0,0,0,0,0,0,0,0,1,4677400.0,7.027555999999998,1.8594622000000005,0.0,0.0,0.0,NA,0.0,0.0
SCHOOL_863,0,0,0,0,0,0,0,0,0,0,1,2531500.0,7.0306149,1.8166306000000008,0.0,0.0,0.0,NA,0.0,0.0
SCHOOL_864,0,0,0,0,0,0,0,0,0,0,1,1135900.0,7.0324448,1.9852901,0.0,0.0,0.0,NA,0.0,0.0
SCHOOL_865,0,0,0,0,0,0,0,0,0,0,1,11292000.0,7.039500000000001,1.9720820000000001,0.0,0.0,0.0,NA,0.0,0.0
SCHOOL_866,0,0,0,0,0,0,0,0,0,0,1,3191900.0,7.042215599999999,1.7963419999999999,0.0,0.0,0.0,NA,0.0,0.0
SCHOOL_867,0,0,0,0,0,0,0,0,0,0,4,12767600.0,7.042618000000002,1.7920276,0.0,0.0,0.0,NA,0.0,0.0
SCHOOL_868,0,0,0,0,0,0,0,0,0,0,1,12000000.0,7.04507,1.791717,0.0,0.0,0.0,NA,0.0,0.0
SCHOOL_869,0,0,0,0,0,0,0,0,0,0,1,9639600.0,7.0217882,1.7212316999999995,0.0,0.0,0.0,NA,0.0,0.0
SCHOOL_870,0,0,0,0,0,0,0,0,0,0,1,3752200.0,7.0222296,1.6547804,0.0,0.0,0.0,NA,0.0,0.0
SCHOOL_871,0,0,0,0,0,0,0,0,0,0,1,6830400.0,7.0269375,1.6779194000000006,0.0,0.0,0.0,NA,0.0,0.0
SCHOOL_872,0,0,0,0,0,0,0,0,0,0,1,4431000.0,7.035520900000001,1.6497345,0.0,0.0,0.0,NA,0.0,0.0
SCHOOL_873,0,0,0,0,0,0,0,0,0,0,1,9587900.0,7.041718099999999,1.7016956000000003,0.0,0.0,0.0,NA,0.0,0.0
SCHOOL_874,0,0,0,0,0,0,0,0,0,0,1,2595700.0,6.9962458,2.6301163,0.0,0.0,0.0,NA,0.0,0.0
SCHOOL_875,0,0,0,0,0,0,0,0,0,0,1,5597400.0,6.997828299999999,2.6646931000000005,0.0,0.0,0.0,NA,0.0,0.0
SCHOOL_876,0,0,0,0,0,0,0,0,0,0,5,12978500.0,6.999359700000714,2.6284979000022166,0.0,0.0,0.0,NA,0.0,0.0
SCHOOL_877,0,0,0,0,0,0,0,0,0,0,1,2860200.0,6.9949645,2.2144928,0.0,0.0,0.0,NA,0.0,0.0
SCHOOL_878,0,0,0,0,0,0,0,0,0,0,2,1680000.0,6.998935999999999,2.4364693000000006,0.0,0.0,0.0,NA,0.0,0.0
SCHOOL_879,0,0,0,0,0,0,0,0,0,0,1,1128000.0,7.002249999999999,2.39012,0.0,0.0,0.0,NA,0.0,0.0
SCHOOL_880,0,0,0,0,0,0,0,0,0,0,1,4277300.0,7.002370199999999,2.4118589,0.0,0.0,0.0,NA,0.0,0.0
SCHOOL_881,0,0,0,0,0,0,0,0,0,0,1,12000000.0,6.999769999999999,2.67084,0.0,0.0,0.0,NA,0.0,0.0
SCHOOL_882,0,0,0,0,0,0,0,0,0,0,1,7215400.0,7.001358300000001,2.5417483,0.0,0.0,0.0,NA,0.0,0.0
SCHOOL_883,0,0,0,0,0,0,0,0,0,0,3,18567000.0,7.004598399999998,2.6625131,0.0,0.0,0.0,NA,0.0,0.0
SCHOOL_884,0,0,0,0,0,0,0,0,0,0,3,16895100.0,7.0054961333337,2.384713300001279,0.0,0.0,0.0,NA,0.0,0.0
SCHOOL_885,0,0,0,0,0,0,0,0,0,0,1,5401600.0,7.017493499999999,2.4392514,0.0,0.0,0.0,NA,0.0,0.0
SCHOOL_886,0,0,0,0,0,0,0,0,0,0,1,701000.0,7.020616700000001,2.4041768000000006,0.0,0.0,0.0,NA,0.0,0.0
SCHOOL_887,0,0,0,0,0,0,0,0,0,0,1,2686100.0,7.0212838,2.4823884,0.0,0.0,0.0,NA,0.0,0.0
SCHOOL_888,0,0,0,0,0,0,0,0,0,0,1,2987400.0,7.037594799999999,2.4534579,0.0,0.0,0.0,NA,0.0,0.0
SCHOOL_889,0,0,0,0,0,0,0,0,0,0,1,840000.0,7.0485934,2.2009316,0.0,0.0,0.0,NA,0.0,0.0
SCHOOL_890,0,0,0,0,0,0,0,0,0,0,1,7687400.0,7.057751,2.3066584000000003,0.0,0.0,0.0,NA,0.0,0.0
SCHOOL_891,0,0,0,0,0,0,0,0,0,0,1,8488300.0,7.0606634,2.4618647,0.0,0.0,0.0,NA,0.0,0.0
SCHOOL_892,0,0,0,0,0,0,0,0,0,0,1,3692000.0,7.024299999999998,2.75307,0.0,0.0,0.0,NA,0.0,0.0
SCHOOL_893,0,0,0,0,0,0,0,0,0,0,1,10394300.0,7.032892699999999,2.6386627000000002,0.0,0.0,0.0,NA,0.0,0.0
SCHOOL_894,0,0,0,0,0,0,0,0,0,0,1,1966900.0,7.0358876,2.5288054,0.0,0.0,0.0,NA,0.0,0.0
SCHOOL_895,0,0,0,0,0,0,0,0,0,0,1,1327200.0,7.055980999999999,2.637205,0.0,0.0,0.0,NA,0.0,0.0
SCHOOL_896,0,0,0,0,0,0,0,0,0,0,1,5208600.0,7.066765799999998,2.645736,0.0,0.0,0.0,NA,0.0,0.0
SCHOOL_897,0,0,0,0,0,0,0,0,0,0,1,7882800.0,7.067788499999998,2.5388617,0.0,0.0,0.0,NA,0.0,0.0
SCHOOL_898,0,0,0,0,0,0,0,0,0,0,1,7915100.0,7.0630205,2.3633567,0.0,0.0,0.0,NA,0.0,0.0
SCHOOL_899,0,0,0,0,0,0,0,0,0,0,2,7727600.0,7.066246550001649,2.2690157000002746,0.0,0.0,0.0,NA,0.0,0.0
SCHOOL_900,0,0,0,0,0,0,0,0,0,0,1,840000.0,7.074077000000001,2.2083873,0.0,0.0,0.0,NA,0.0,0.0
SCHOOL_901,0,0,0,0,0,0,0,0,0,0,1,2921500.0,7.078551599999999,2.5226929,0.0,0.0,0.0,NA,0.0,0.0
SCHOOL_902,0,0,0,0,0,0,0,0,0,0,1,2340000.0,7.08469,2.2590699999999995,0.0,0.0,0.0,NA,0.0,0.0
SCHOOL_903,0,0,0,0,0,0,0,0,0,0,1,6576000.0,7.085379999999999,2.30206,0.0,0.0,0.0,NA,0.0,0.0
SCHOOL_904,0,0,0,0,0,0,0,0,0,0,1,899500.0,7.0425793,2.1014716000000004,0.0,0.0,0.0,NA,0.0,0.0
SCHOOL_905,0,0,0,0,0,0,0,0,0,0,1,2468900.0,7.0488548,2.1365847,0.0,0.0,0.0,NA,0.0,0.0
SCHOOL_906,0,0,0,0,0,0,0,0,0,0,1,2521900.0,7.049226399999999,2.1302642,0.0,0.0,0.0,NA,0.0,0.0
SCHOOL_907,0,0,0,0,0,0,0,0,0,0,1,840000.0,7.052904599999999,2.1332988,0.0,0.0,0.0,NA,0.0,0.0
SCHOOL_908,0,0,0,0,0,0,0,0,0,0,1,1436200.0,7.053590700000001,2.1292205,0.0,0.0,0.0,NA,0.0,0.0
SCHOOL_909,0,0,0,0,0,0,0,0,0,0,1,3135600.0,7.055482099999999,2.0959941000000004,0.0,0.0,0.0,NA,0.0,0.0
SCHOOL_910,0,0,0,0,0,0,0,0,0,0,1,1769500.0,7.0555469,2.0820302,0.0,0.0,0.0,NA,0.0,0.0
SCHOOL_911,0,0,0,0,0,0,0,0,0,0,1,3148000.0,7.064015099999999,2.171842,0.0,0.0,0.0,NA,0.0,0.0
SCHOOL_912,0,0,0,0,0,0,0,0,0,0,2,6338200.0,7.0469864000000655,1.8681792999998,0.0,0.0,0.0,NA,0.0,0.0
SCHOOL_913,0,0,0,0,0,0,0,0,0,0,1,3581900.0,7.0470412,1.9742031000000004,0.0,0.0,0.0,NA,0.0,0.0
SCHOOL_914,0,0,0,0,0,0,0,0,0,0,1,7737200.0,7.047840899999999,1.8922660999999996,0.0,0.0,0.0,NA,0.0,0.0
SCHOOL_915,0,0,0,0,0,0,0,0,0,0,1,2738900.0,7.048200199999999,1.8124846999999997,0.0,0.0,0.0,NA,0.0,0.0
SCHOOL_916,0,0,0,0,0,0,0,0,0,0,1,1432900.0,7.053152300000001,1.8332280000000005,0.0,0.0,0.0,NA,0.0,0.0
SCHOOL_917,0,0,0,0,0,0,0,0,0,0,1,4448300.0,7.054113499999999,1.8192164000000002,0.0,0.0,0.0,NA,0.0,0.0
SCHOOL_918,0,0,0,0,0,0,0,0,0,0,1,7515100.0,7.055817,2.0109819000000004,0.0,0.0,0.0,NA,0.0,0.0
SCHOOL_919,0,0,0,0,0,0,0,0,0,0,3,3935399.9999999995,7.056231299999999,1.9940846,0.0,0.0,0.0,NA,0.0,0.0
SCHOOL_920,0,0,0,0,0,0,0,0,0,0,1,3809400.0,7.0571125,2.0499759000000006,0.0,0.0,0.0,NA,0.0,0.0
SCHOOL_921,0,0,0,0,0,0,0,0,0,0,1,1541600.0,7.064521899999998,1.811312,0.0,0.0,0.0,NA,0.0,0.0
SCHOOL_922,0,0,0,0,0,0,0,0,0,0,1,6240000.0,7.06486,2.00453,0.0,0.0,0.0,NA,0.0,0.0
SCHOOL_923,0,0,0,0,0,0,0,0,0,0,1,6547600.0,7.0656558,1.8256404,0.0,0.0,0.0,NA,0.0,0.0
SCHOOL_924,0,0,0,0,0,0,0,0,0,0,1,666800.0,7.0709397,1.8246381000000003,0.0,0.0,0.0,NA,0.0,0.0
SCHOOL_925,0,0,0,0,0,0,0,0,0,0,1,2534200.0,7.0647562,2.1453019,0.0,0.0,0.0,NA,0.0,0.0
SCHOOL_926,0,0,0,0,0,0,0,0,0,0,1,2004200.0,7.065772199999999,2.1338757,0.0,0.0,0.0,NA,0.0,0.0
SCHOOL_927,0,0,0,0,0,0,0,0,0,0,1,1872000.0,7.07476,2.17436,0.0,0.0,0.0,NA,0.0,0.0
SCHOOL_928,0,0,0,0,0,0,0,0,0,0,1,9077800.0,7.0788696,1.8422057,0.0,0.0,0.0,NA,0.0,0.0
SCHOOL_929,0,0,0,0,0,0,0,0,0,0,1,5884200.0,7.079021599999999,1.8663329000000004,0.0,0.0,0.0,NA,0.0,0.0
SCHOOL_930,0,0,0,0,0,0,0,0,0,0,1,3635600.0,7.089619299999999,2.0318439000000006,0.0,0.0,0.0,NA,0.0,0.0
SCHOOL_931,0,0,0,0,0,0,0,0,0,0,1,1088300.0,7.095129299999999,1.8204471000000002,0.0,0.0,0.0,NA,0.0,0.0
SCHOOL_932,0,0,0,0,0,0,0,0,0,0,1,2760000.0,7.0958,1.9515800000000008,0.0,0.0,0.0,NA,0.0,0.0
SCHOOL_933,0,0,0,0,0,0,0,0,0,0,1,12000000.0,7.0985034,1.7807818000000002,0.0,0.0,0.0,NA,0.0,0.0
SCHOOL_934,0,0,0,0,0,0,0,0,0,0,1,7752700.0,7.0737384,1.7164689,0.0,0.0,0.0,NA,0.0,0.0
SCHOOL_935,0,0,0,0,0,0,0,0,0,0,1,8071400.0,7.0873663,1.7202872000000005,0.0,0.0,0.0,NA,0.0,0.0
SCHOOL_936,0,0,0,0,0,0,0,0,0,0,1,4525300.0,7.0962725,1.6689568999999997,0.0,0.0,0.0,NA,0.0,0.0
SCHOOL_937,0,0,0,0,0,0,0,0,0,0,1,4580200.0,7.099242099999998,1.6933031000000003,0.0,0.0,0.0,NA,0.0,0.0
SCHOOL_938,0,0,0,0,0,0,0,0,0,0,1,3533000.0,7.085644399999999,2.0824544000000005,0.0,0.0,0.0,NA,0.0,0.0
SCHOOL_939,0,0,0,0,0,0,0,0,0,0,1,4909400.0,7.098447799999999,2.1088505,0.0,0.0,0.0,NA,0.0,0.0
SCHOOL_940,0,0,0,0,0,0,0,0,0,0,1,3624000.0,7.09946,2.15257,0.0,0.0,0.0,NA,0.0,0.0
SCHOOL_941,0,0,0,0,0,0,0,0,0,0,1,7236200.0,7.1073566,2.116164,0.0,0.0,0.0,NA,0.0,0.0
SCHOOL_942,0,0,0,0,0,0,0,0,0,0,1,1391400.0,7.1088158,2.0930547,0.0,0.0,0.0,NA,0.0,0.0
SCHOOL_943,0,0,0,0,0,0,0,0,0,0,1,1391400.0,7.1157884,2.0962803999999995,0.0,0.0,0.0,NA,0.0,0.0
SCHOOL_944,0,0,0,0,0,0,0,0,0,0,1,3888000.0,7.09938,1.86145,0.0,0.0,0.0,NA,0.0,0.0
SCHOOL_945,0,0,0,0,0,0,0,0,0,0,1,2850700.0,7.099965399999999,2.0041269000000006,0.0,0.0,0.0,NA,0.0,0.0
SCHOOL_946,0,0,0,0,0,0,0,0,0,0,1,5558900.0,7.100614200000001,1.9840608000000006,0.0,0.0,0.0,NA,0.0,0.0
SCHOOL_947,0,0,0,0,0,0,0,0,0,0,1,678700.0,7.100976700000001,1.8408307,0.0,0.0,0.0,NA,0.0,0.0
SCHOOL_948,0,0,0,0,0,0,0,0,0,0,1,4170800.0,7.104910899999999,1.7224384,0.0,0.0,0.0,NA,0.0,0.0
SCHOOL_949,0,0,0,0,0,0,0,0,0,0,4,3360000.0,7.110291799999999,1.9879419,0.0,0.0,0.0,NA,0.0,0.0
SCHOOL_950,0,0,0,0,0,0,0,0,0,0,1,3867400.0,7.1138099,1.9754909000000007,0.0,0.0,0.0,NA,0.0,0.0
SCHOOL_951,0,0,0,0,0,0,0,0,0,0,1,873000.0,7.073289499999999,2.75218,0.0,0.0,0.0,NA,0.0,0.0
SCHOOL_952,0,0,0,0,0,0,0,0,0,0,1,2252400.0,7.077159400000001,2.6202993,0.0,0.0,0.0,NA,0.0,0.0
SCHOOL_953,0,0,0,0,0,0,0,0,0,0,1,12000000.0,7.079414199999999,2.5831951000000006,0.0,0.0,0.0,NA,0.0,0.0
SCHOOL_954,0,0,0,0,0,0,0,0,0,0,1,11165400.0,7.080750900000001,2.7395635,0.0,0.0,0.0,NA,0.0,0.0
SCHOOL_955,0,0,0,0,0,0,0,0,0,0,1,4314400.0,7.0813857,2.6505181,0.0,0.0,0.0,NA,0.0,0.0
SCHOOL_956,0,0,0,0,0,0,0,0,0,0,1,9670100.0,7.0975343,2.5670442,0.0,0.0,0.0,NA,0.0,0.0
SCHOOL_957,0,0,0,0,0,0,0,0,0,0,1,5871100.0,7.1007632,2.7279913000000002,0.0,0.0,0.0,NA,0.0,0.0
SCHOOL_958,0,0,0,0,0,0,0,0,0,0,1,5863600.0,7.1131666,2.7079841000000004,0.0,0.0,0.0,NA,0.0,0.0
SCHOOL_959,0,0,0,0,0,0,0,0,0,0,1,8043400.0,7.0895126,2.2376597000000005,0.0,0.0,0.0,NA,0.0,0.0
SCHOOL_960,0,0,0,0,0,0,0,0,0,0,1,747600.0,7.0930637,2.2690933000000006,0.0,0.0,0.0,NA,0.0,0.0
SCHOOL_961,0,0,0,0,0,0,0,0,0,0,1,4269800.0,7.097865699999998,2.3947323,0.0,0.0,0.0,NA,0.0,0.0
SCHOOL_962,0,0,0,0,0,0,0,0,0,0,1,1639900.0,7.102121599999999,2.2743662,0.0,0.0,0.0,NA,0.0,0.0
SCHOOL_963,0,0,0,0,0,0,0,0,0,0,1,1447000.0,7.107742000000001,2.2277573000000004,0.0,0.0,0.0,NA,0.0,0.0
SCHOOL_964,0,0,0,0,0,0,0,0,0,0,1,4863800.0,7.108026,2.4914448,0.0,0.0,0.0,NA,0.0,0.0
SCHOOL_965,0,0,0,0,0,0,0,0,0,0,1,4587700.0,7.1087219,2.3097643,0.0,0.0,0.0,NA,0.0,0.0
SCHOOL_966,0,0,0,0,0,0,0,0,0,0,1,4608000.0,7.120839999999999,2.4587500000000007,0.0,0.0,0.0,NA,0.0,0.0
SCHOOL_967,0,0,0,0,0,0,0,0,0,0,1,5619800.0,7.1265503,2.2453548000000003,0.0,0.0,0.0,NA,0.0,0.0
SCHOOL_968,0,0,0,0,0,0,0,0,0,0,1,1289600.0,7.1218811,2.5576768,0.0,0.0,0.0,NA,0.0,0.0
SCHOOL_969,0,0,0,0,0,0,0,0,0,0,1,12000000.0,7.122183699999998,2.6466915,0.0,0.0,0.0,NA,0.0,0.0
SCHOOL_970,0,0,0,0,0,0,0,0,0,0,1,5317900.0,7.123525599999999,2.7172205,0.0,0.0,0.0,NA,0.0,0.0
SCHOOL_971,0,0,0,0,0,0,0,0,0,0,1,12000000.0,7.131537300000001,2.6047492999999995,0.0,0.0,0.0,NA,0.0,0.0
SCHOOL_972,0,0,0,0,0,0,0,0,0,0,1,9763000.0,7.134184199999999,2.6702454999999996,0.0,0.0,0.0,NA,0.0,0.0
SCHOOL_973,0,0,0,0,0,0,0,0,0,0,1,3109600.0,7.1342884,2.6851407,0.0,0.0,0.0,NA,0.0,0.0
SCHOOL_974,0,0,0,0,0,0,0,0,0,0,1,5574700.0,7.136121799999998,2.7496240000000003,0.0,0.0,0.0,NA,0.0,0.0
SCHOOL_975,0,0,0,0,0,0,0,0,0,0,1,2301000.0,7.144819999999999,2.7717499999999995,0.0,0.0,0.0,NA,0.0,0.0
SCHOOL_976,0,0,0,0,0,0,0,0,0,0,1,1707400.0,7.145079199999999,2.5409635,0.0,0.0,0.0,NA,0.0,0.0
SCHOOL_977,0,0,0,0,0,0,0,0,0,0,1,12000000.0,7.129466299999999,2.5199679,0.0,0.0,0.0,NA,0.0,0.0
SCHOOL_978,0,0,0,0,0,0,0,0,0,0,1,10789200.0,7.1323697,2.2934081,0.0,0.0,0.0,NA,0.0,0.0
SCHOOL_979,0,0,0,0,0,0,0,0,0,0,1,1552100.0,7.140447,2.4964395,0.0,0.0,0.0,NA,0.0,0.0
SCHOOL_980,0,0,0,0,0,0,0,0,0,0,1,5699900.0,7.143606600000002,2.5104451999999995,0.0,0.0,0.0,NA,0.0,0.0
SCHOOL_981,0,0,0,0,0,0,0,0,0,0,3,2520000.0,7.145217399999999,2.442411,0.0,0.0,0.0,NA,0.0,0.0
SCHOOL_982,0,0,0,0,0,0,0,0,0,0,1,9898100.0,7.1487344,2.3603175,0.0,0.0,0.0,NA,0.0,0.0
SCHOOL_983,0,0,0,0,0,0,0,0,0,0,1,816200.0,7.145607599999999,2.7508281,0.0,0.0,0.0,NA,0.0,0.0
SCHOOL_984,0,0,0,0,0,0,0,0,0,0,1,2536300.0,7.147846099999999,2.771851,0.0,0.0,0.0,NA,0.0,0.0
SCHOOL_985,0,0,0,0,0,0,0,0,0,0,1,900100.0,7.1482664,2.7180833,0.0,0.0,0.0,NA,0.0,0.0
SCHOOL_986,0,0,0,0,0,0,0,0,0,0,1,1508800.0,7.150549293000001,2.775544524,0.0,0.0,0.0,NA,0.0,0.0
SCHOOL_987,0,0,0,0,0,0,0,0,0,0,2,1315600.0,7.152630950003674,2.551155349998153,0.0,0.0,0.0,NA,0.0,0.0
SCHOOL_988,0,0,0,0,0,0,0,0,0,0,1,4508400.0,7.153558600000001,2.761761,0.0,0.0,0.0,NA,0.0,0.0
SCHOOL_989,0,0,0,0,0,0,0,0,0,0,1,12000000.0,7.154563900000001,2.568869,0.0,0.0,0.0,NA,0.0,0.0
SCHOOL_990,0,0,0,0,0,0,0,0,0,0,1,4152000.0,7.158269999999999,2.7231199999999998,0.0,0.0,0.0,NA,0.0,0.0
SCHOOL_991,0,0,0,0,0,0,0,0,0,0,1,1005800.0,7.159921699999999,2.6000765,0.0,0.0,0.0,NA,0.0,0.0
SCHOOL_992,0,0,0,0,0,0,0,0,0,0,1,1788000.0,7.15573,2.38126,0.0,0.0,0.0,NA,0.0,0.0
SCHOOL_993,0,0,0,0,0,0,0,0,0,0,1,5424000.0,7.15667,2.4860799999999994,0.0,0.0,0.0,NA,0.0,0.0
SCHOOL_994,0,0,0,0,0,0,0,0,0,0,1,7741700.0,7.1590423,2.2304103,0.0,0.0,0.0,NA,0.0,0.0
SCHOOL_995,0,0,0,0,0,0,0,0,0,0,1,3922100.0,7.159183400000001,2.5159357,0.0,0.0,0.0,NA,0.0,0.0
SCHOOL_996,0,0,0,0,0,0,0,0,0,0,1,6247700.0,7.1603683,2.2117938,0.0,0.0,0.0,NA,0.0,0.0
SCHOOL_997,0,0,0,0,0,0,0,0,0,0,2,15681500.0,7.163736651023416,2.435451599884326,0.0,0.0,0.0,NA,0.0,0.0
SCHOOL_998,0,0,0,0,0,0,0,0,0,0,1,8591300.0,7.115465299999999,2.0508819000000003,0.0,0.0,0.0,NA,0.0,0.0
SCHOOL_999,0,0,0,0,0,0,0,0,0,0,1,1512000.0,7.11794,1.7252500000000002,0.0,0.0,0.0,NA,0.0,0.0
SCHOOL_1000,0,0,0,0,0,0,0,0,0,0,1,8553000.0,7.11951,1.9634937999999997,0.0,0.0,0.0,NA,0.0,0.0
SCHOOL_1001,0,0,0,0,0,0,0,0,0,0,1,6103200.0,7.120246,1.8290861,0.0,0.0,0.0,NA,0.0,0.0
SCHOOL_1002,0,0,0,0,0,0,0,0,0,0,1,9120000.0,7.120759999999999,2.0078200000000006,0.0,0.0,0.0,NA,0.0,0.0
SCHOOL_1003,0,0,0,0,0,0,0,0,0,0,1,2027000.0,7.124897899999999,1.9858819000000003,0.0,0.0,0.0,NA,0.0,0.0
SCHOOL_1004,0,0,0,0,0,0,0,0,0,0,1,638000.0,7.125619100000001,1.8378542000000002,0.0,0.0,0.0,NA,0.0,0.0
SCHOOL_1005,0,0,0,0,0,0,0,0,0,0,1,6897400.0,7.125674899999999,1.8558543,0.0,0.0,0.0,NA,0.0,0.0
SCHOOL_1006,0,0,0,0,0,0,0,0,0,0,1,3036000.0,7.127220000000001,2.05708,0.0,0.0,0.0,NA,0.0,0.0
SCHOOL_1007,0,0,0,0,0,0,0,0,0,0,1,4805300.0,7.130275000000001,1.7297895999999993,0.0,0.0,0.0,NA,0.0,0.0
SCHOOL_1008,0,0,0,0,0,0,0,0,0,0,1,4140000.0,7.1313,1.9822199999999996,0.0,0.0,0.0,NA,0.0,0.0
SCHOOL_1009,0,0,0,0,0,0,0,0,0,0,2,17314800.0,7.135063750009638,2.0654305500079695,0.0,0.0,0.0,NA,0.0,0.0
SCHOOL_1010,0,0,0,0,0,0,0,0,0,0,1,6748200.0,7.1380792,1.9823489000000005,0.0,0.0,0.0,NA,0.0,0.0
SCHOOL_1011,0,0,0,0,0,0,0,0,0,0,1,12000000.0,7.1220536999999995,2.1505313,0.0,0.0,0.0,NA,0.0,0.0
SCHOOL_1012,0,0,0,0,0,0,0,0,0,0,1,11643000.0,7.139917900000002,2.1476488,0.0,0.0,0.0,NA,0.0,0.0
SCHOOL_1013,0,0,0,0,0,0,0,0,0,0,1,1143700.0,7.141595999999999,1.9263701,0.0,0.0,0.0,NA,0.0,0.0
SCHOOL_1014,0,0,0,0,0,0,0,0,0,0,1,10432900.0,7.1419659,1.761895,0.0,0.0,0.0,NA,0.0,0.0
SCHOOL_1015,0,0,0,0,0,0,0,0,0,0,1,7596000.0,7.145789999999999,1.96384,0.0,0.0,0.0,NA,0.0,0.0
SCHOOL_1016,0,0,0,0,0,0,0,0,0,0,1,2034100.0,7.1464265,1.7344321,0.0,0.0,0.0,NA,0.0,0.0
SCHOOL_1017,0,0,0,0,0,0,0,0,0,0,1,6349700.0,7.1468988,1.9596330000000006,0.0,0.0,0.0,NA,0.0,0.0
SCHOOL_1018,0,0,0,0,0,0,0,0,0,0,1,3091000.0,7.150409999999999,2.0197770000000004,0.0,0.0,0.0,NA,0.0,0.0
SCHOOL_1019,0,0,0,0,0,0,0,0,0,0,1,1641800.0,7.151268899999999,1.9685292000000005,0.0,0.0,0.0,NA,0.0,0.0
SCHOOL_1020,0,0,0,0,0,0,0,0,0,0,1,7535800.0,7.1518625,1.8225714000000006,0.0,0.0,0.0,NA,0.0,0.0
SCHOOL_1021,0,0,0,0,0,0,0,0,0,0,1,1641800.0,7.152892800000002,1.9668864,0.0,0.0,0.0,NA,0.0,0.0
SCHOOL_1022,0,0,0,0,0,0,0,0,0,0,1,11514200.0,7.153692800000001,1.9415479000000007,0.0,0.0,0.0,NA,0.0,0.0
SCHOOL_1023,0,0,0,0,0,0,0,0,0,0,1,10044100.0,7.149528299999999,2.1407319,0.0,0.0,0.0,NA,0.0,0.0
SCHOOL_1024,0,0,0,0,0,0,0,0,0,0,1,12000000.0,7.162397399999999,2.1241135,0.0,0.0,0.0,NA,0.0,0.0
SCHOOL_1025,0,0,0,0,0,0,0,0,0,0,1,9108000.0,7.16604,2.1250800000000005,0.0,0.0,0.0,NA,0.0,0.0
SCHOOL_1026,0,0,0,0,0,0,0,0,0,0,1,668500.0,7.15756,1.8346311,0.0,0.0,0.0,NA,0.0,0.0
SCHOOL_1027,0,0,0,0,0,0,0,0,0,0,1,7972300.0,7.16235,1.9363411,0.0,0.0,0.0,NA,0.0,0.0
SCHOOL_1028,0,0,0,0,0,0,0,0,0,0,1,7654300.0,7.167893600000001,2.0305044000000003,0.0,0.0,0.0,NA,0.0,0.0
SCHOOL_1029,0,0,0,0,0,0,0,0,0,0,2,14232000.0,7.137346300001774,1.6662260995570595,0.0,0.0,0.0,NA,0.0,0.0
SCHOOL_1030,0,0,0,0,0,0,0,0,0,0,1,686800.0,7.214665,1.6640893,0.0,0.0,0.0,NA,0.0,0.0
SCHOOL_1031,0,0,0,0,0,0,0,0,0,0,1,1838300.0,7.1749369000000005,2.1673753,0.0,0.0,0.0,NA,0.0,0.0
SCHOOL_1032,0,0,0,0,0,0,0,0,0,0,1,12000000.0,7.178469599999999,2.1384743,0.0,0.0,0.0,NA,0.0,0.0
SCHOOL_1033,0,0,0,0,0,0,0,0,0,0,1,1264000.0,7.1832158999999995,2.1789784,0.0,0.0,0.0,NA,0.0,0.0
SCHOOL_1034,0,0,0,0,0,0,0,0,0,0,1,5632200.0,7.185167699999998,1.9522149999999996,0.0,0.0,0.0,NA,0.0,0.0
SCHOOL_1035,0,0,0,0,0,0,0,0,0,0,1,12000000.0,7.188558999999998,2.0333466,0.0,0.0,0.0,NA,0.0,0.0
SCHOOL_1036,0,0,0,0,0,0,0,0,0,0,2,3522800.0,7.193804400035266,2.009823099868834,0.0,0.0,0.0,NA,0.0,0.0
SCHOOL_1037,0,0,0,0,0,0,0,0,0,0,1,3057800.0,7.1947043,1.9637512,0.0,0.0,0.0,NA,0.0,0.0
SCHOOL_1038,0,0,0,0,0,0,0,0,0,0,1,2707900.0,7.196146400000001,2.0026374,0.0,0.0,0.0,NA,0.0,0.0
SCHOOL_1039,0,0,0,0,0,0,0,0,0,0,1,6693500.0,7.202541999999999,2.1593727999999994,0.0,0.0,0.0,NA,0.0,0.0
SCHOOL_1040,0,0,0,0,0,0,0,0,0,0,1,3408000.0,7.197679999999998,2.0273,0.0,0.0,0.0,NA,0.0,0.0
SCHOOL_1041,0,0,0,0,0,0,0,0,0,0,1,1742200.0,7.198204199999998,1.973932900000001,0.0,0.0,0.0,NA,0.0,0.0
SCHOOL_1042,0,0,0,0,0,0,0,0,0,0,1,2150200.0,7.203192400000001,1.9883056,0.0,0.0,0.0,NA,0.0,0.0
SCHOOL_1043,0,0,0,0,0,0,0,0,0,0,1,3239800.0,7.203307499999998,2.0254531000000005,0.0,0.0,0.0,NA,0.0,0.0
SCHOOL_1044,0,0,0,0,0,0,0,0,0,0,1,12000000.0,7.2046283,1.7316000000000003,0.0,0.0,0.0,NA,0.0,0.0
SCHOOL_1045,0,0,0,0,0,0,0,0,0,0,1,4855400.0,7.2085716,1.9901407999999998,0.0,0.0,0.0,NA,0.0,0.0
SCHOOL_1046,0,0,0,0,0,0,0,0,0,0,1,3420500.0,7.2095674,1.7636318,0.0,0.0,0.0,NA,0.0,0.0
SCHOOL_1047,0,0,0,0,0,0,0,0,0,0,1,2188400.0,7.2097074999999995,2.0174283000000006,0.0,0.0,0.0,NA,0.0,0.0
SCHOOL_1048,0,0,0,0,0,0,0,0,0,0,1,6640000.0,7.209824199999998,1.9388165999999998,0.0,0.0,0.0,NA,0.0,0.0
SCHOOL_1049,0,0,0,0,0,0,0,0,0,0,1,8652400.0,7.164989,2.6799876,0.0,0.0,0.0,NA,0.0,0.0
SCHOOL_1050,0,0,0,0,0,0,0,0,0,0,1,3833500.0,7.1662782,2.7049686,0.0,0.0,0.0,NA,0.0,0.0
SCHOOL_1051,0,0,0,0,0,0,0,0,0,0,1,9024000.0,7.171386700000002,2.6087183,0.0,0.0,0.0,NA,0.0,0.0
SCHOOL_1052,0,0,0,0,0,0,0,0,0,0,1,11029800.0,7.172905300000002,2.5323967,0.0,0.0,0.0,NA,0.0,0.0
SCHOOL_1053,0,0,0,0,0,0,0,0,0,0,1,5412000.0,7.176359999999998,2.55493,0.0,0.0,0.0,NA,0.0,0.0
SCHOOL_1054,0,0,0,0,0,0,0,0,0,0,1,4141000.0,7.176408799999999,2.7201107000000007,0.0,0.0,0.0,NA,0.0,0.0
SCHOOL_1055,0,0,0,0,0,0,0,0,0,0,1,1432700.0,7.176785000000001,2.564075,0.0,0.0,0.0,NA,0.0,0.0
SCHOOL_1056,0,0,0,0,0,0,0,0,0,0,1,1794600.0,7.1771441,2.2232734999999995,0.0,0.0,0.0,NA,0.0,0.0
SCHOOL_1057,0,0,0,0,0,0,0,0,0,0,1,2208000.0,7.177249999999998,2.3426800000000005,0.0,0.0,0.0,NA,0.0,0.0
SCHOOL_1058,0,0,0,0,0,0,0,0,0,0,1,7657400.0,7.1801188,2.2870390999999994,0.0,0.0,0.0,NA,0.0,0.0
SCHOOL_1059,0,0,0,0,0,0,0,0,0,0,2,2728600.0,7.1803533500485415,2.198746149911347,0.0,0.0,0.0,NA,0.0,0.0
SCHOOL_1060,0,0,0,0,0,0,0,0,0,0,1,2916000.0,7.1833800000000005,2.38183,0.0,0.0,0.0,NA,0.0,0.0
SCHOOL_1061,0,0,0,0,0,0,0,0,0,0,2,1680000.0,7.190952899999999,2.5086303000000005,0.0,0.0,0.0,NA,0.0,0.0
SCHOOL_1062,0,0,0,0,0,0,0,0,0,0,1,7655000.0,7.1768176,2.5500148,0.0,0.0,0.0,NA,0.0,0.0
SCHOOL_1063,0,0,0,0,0,0,0,0,0,0,1,692000.0,7.181799399999999,2.6355125,0.0,0.0,0.0,NA,0.0,0.0
SCHOOL_1064,0,0,0,0,0,0,0,0,0,0,1,3528800.0,7.1818149,2.5709884999999995,0.0,0.0,0.0,NA,0.0,0.0
SCHOOL_1065,0,0,0,0,0,0,0,0,0,0,1,840000.0,7.1874994,2.6231178999999996,0.0,0.0,0.0,NA,0.0,0.0
SCHOOL_1066,0,0,0,0,0,0,0,0,0,0,1,8503400.0,7.1896995,2.6477591999999994,0.0,0.0,0.0,NA,0.0,0.0
SCHOOL_1067,0,0,0,0,0,0,0,0,0,0,1,2024000.0,7.1956436,2.5636535,0.0,0.0,0.0,NA,0.0,0.0
SCHOOL_1068,0,0,0,0,0,0,0,0,0,0,1,5954300.0,7.197622399999999,2.7644885,0.0,0.0,0.0,NA,0.0,0.0
SCHOOL_1069,0,0,0,0,0,0,0,0,0,0,1,5917000.0,7.2004992,2.5999099,0.0,0.0,0.0,NA,0.0,0.0
SCHOOL_1070,0,0,0,0,0,0,0,0,0,0,1,6244100.0,7.194346499999998,2.4811946,0.0,0.0,0.0,NA,0.0,0.0
SCHOOL_1071,0,0,0,0,0,0,0,0,0,0,1,10505200.0,7.196665799999998,2.2733016,0.0,0.0,0.0,NA,0.0,0.0
SCHOOL_1072,0,0,0,0,0,0,0,0,0,0,1,4962500.0,7.1983602,2.3993818,0.0,0.0,0.0,NA,0.0,0.0
SCHOOL_1073,0,0,0,0,0,0,0,0,0,0,2,16659599.999999998,7.200820300007939,2.20469164995084,0.0,0.0,0.0,NA,0.0,0.0
SCHOOL_1074,0,0,0,0,0,0,0,0,0,0,1,10558100.0,7.201465400000001,2.2533036000000006,0.0,0.0,0.0,NA,0.0,0.0
SCHOOL_1075,0,0,0,0,0,0,0,0,0,0,1,5756200.0,7.2020011,2.223655,0.0,0.0,0.0,NA,0.0,0.0
SCHOOL_1076,0,0,0,0,0,0,0,0,0,0,1,8446800.0,7.206687900000002,2.2344831,0.0,0.0,0.0,NA,0.0,0.0
SCHOOL_1077,0,0,0,0,0,0,0,0,0,0,1,4899500.0,7.208812799999999,2.2242081000000002,0.0,0.0,0.0,NA,0.0,0.0
SCHOOL_1078,0,0,0,0,0,0,0,0,0,0,1,5104300.0,7.214842400000001,2.503022,0.0,0.0,0.0,NA,0.0,0.0
SCHOOL_1079,0,0,0,0,0,0,0,0,0,0,1,3513100.0,7.2158443000000005,2.4745465999999996,0.0,0.0,0.0,NA,0.0,0.0
SCHOOL_1080,0,0,0,0,0,0,0,0,0,0,1,4032800.0,7.2006786,2.7177097,0.0,0.0,0.0,NA,0.0,0.0
SCHOOL_1081,0,0,0,0,0,0,0,0,0,0,1,3099600.0,7.200878262999999,2.7791494129999994,0.0,0.0,0.0,NA,0.0,0.0
SCHOOL_1082,0,0,0,0,0,0,0,0,0,0,1,2061500.0,7.2017749,2.6641598,0.0,0.0,0.0,NA,0.0,0.0
SCHOOL_1083,0,0,0,0,0,0,0,0,0,0,1,4032800.0,7.204309400000001,2.7234531,0.0,0.0,0.0,NA,0.0,0.0
SCHOOL_1084,0,0,0,0,0,0,0,0,0,0,1,3323000.0,7.208565300000002,2.6444503,0.0,0.0,0.0,NA,0.0,0.0
SCHOOL_1085,0,0,0,0,0,0,0,0,0,0,1,840000.0,7.209825599999999,2.6350363,0.0,0.0,0.0,NA,0.0,0.0
SCHOOL_1086,0,0,0,0,0,0,0,0,0,0,1,840000.0,7.221154799999998,2.6071509999999996,0.0,0.0,0.0,NA,0.0,0.0
SCHOOL_1087,0,0,0,0,0,0,0,0,0,0,1,7651600.0,7.223371299999998,2.7336552,0.0,0.0,0.0,NA,0.0,0.0
SCHOOL_1088,0,0,0,0,0,0,0,0,0,0,1,1474600.0,7.231861799999999,2.6464361,0.0,0.0,0.0,NA,0.0,0.0
SCHOOL_1089,0,0,0,0,0,0,0,0,0,0,1,1716100.0,7.233912899999999,2.6387901,0.0,0.0,0.0,NA,0.0,0.0
SCHOOL_1090,0,0,0,0,0,0,0,0,0,0,1,12000000.0,7.219166699999999,2.3219444,0.0,0.0,0.0,NA,0.0,0.0
SCHOOL_1091,0,0,0,0,0,0,0,0,0,0,2,7038800.0,7.219229200008685,2.198798399998784,0.0,0.0,0.0,NA,0.0,0.0
SCHOOL_1092,0,0,0,0,0,0,0,0,0,0,1,1150100.0,7.219484499999998,2.3266766,0.0,0.0,0.0,NA,0.0,0.0
SCHOOL_1093,0,0,0,0,0,0,0,0,0,0,1,4538200.0,7.2212611,2.4687697,0.0,0.0,0.0,NA,0.0,0.0
SCHOOL_1094,0,0,0,0,0,0,0,0,0,0,1,840000.0,7.2222932,2.4411198,0.0,0.0,0.0,NA,0.0,0.0
SCHOOL_1095,0,0,0,0,0,0,0,0,0,0,1,840000.0,7.224874599999999,2.4246917,0.0,0.0,0.0,NA,0.0,0.0
SCHOOL_1096,0,0,0,0,0,0,0,0,0,0,3,2892000.0,7.225268100002478,2.134658750011273,0.0,0.0,0.0,NA,0.0,0.0
SCHOOL_1097,0,0,0,0,0,0,0,0,0,0,1,8982500.0,7.229793300000001,2.4435969,0.0,0.0,0.0,NA,0.0,0.0
SCHOOL_1098,0,0,0,0,0,0,0,0,0,0,1,3310600.0,7.231047799999998,2.488316,0.0,0.0,0.0,NA,0.0,0.0
SCHOOL_1099,0,0,0,0,0,0,0,0,0,0,1,1440000.0,7.231180000000002,2.32186,0.0,0.0,0.0,NA,0.0,0.0
SCHOOL_1100,0,0,0,0,0,0,0,0,0,0,1,2842100.0,7.2327508,2.5146424,0.0,0.0,0.0,NA,0.0,0.0
SCHOOL_1101,0,0,0,0,0,0,0,0,0,0,1,11076000.0,7.2341999999999995,2.3315400000000004,0.0,0.0,0.0,NA,0.0,0.0
SCHOOL_1102,0,0,0,0,0,0,0,0,0,0,1,3372000.0,7.240919999999999,2.52032,0.0,0.0,0.0,NA,0.0,0.0
SCHOOL_1103,0,0,0,0,0,0,0,0,0,0,1,3677400.0,7.2422302,2.5120872,0.0,0.0,0.0,NA,0.0,0.0
SCHOOL_1104,0,0,0,0,0,0,0,0,0,0,1,840000.0,7.237689399999997,2.6805738,0.0,0.0,0.0,NA,0.0,0.0
SCHOOL_1105,0,0,0,0,0,0,0,0,0,0,1,1716100.0,7.239636900000001,2.6380564,0.0,0.0,0.0,NA,0.0,0.0
SCHOOL_1106,0,0,0,0,0,0,0,0,0,0,1,6385300.0,7.2418251,2.7185768000000006,0.0,0.0,0.0,NA,0.0,0.0
SCHOOL_1107,0,0,0,0,0,0,0,0,0,0,1,3474500.0,7.243508300000001,2.5910612000000004,0.0,0.0,0.0,NA,0.0,0.0
SCHOOL_1108,0,0,0,0,0,0,0,0,0,0,1,1648000.0,7.256467699999999,2.5637522000000006,0.0,0.0,0.0,NA,0.0,0.0
SCHOOL_1109,0,0,0,0,0,0,0,0,0,0,1,840000.0,7.2605507000000005,2.656724,0.0,0.0,0.0,NA,0.0,0.0
SCHOOL_1110,0,0,0,0,0,0,0,0,0,0,1,4331600.0,7.2183102,2.1351264,0.0,0.0,0.0,NA,0.0,0.0
SCHOOL_1111,0,0,0,0,0,0,0,0,0,0,1,2868200.0,7.220082900000002,2.1695413,0.0,0.0,0.0,NA,0.0,0.0
SCHOOL_1112,0,0,0,0,0,0,0,0,0,0,1,7008000.0,7.217783500000001,2.0460911999999998,0.0,0.0,0.0,NA,0.0,0.0
SCHOOL_1113,0,0,0,0,0,0,0,0,0,0,1,12000000.0,7.2198809,1.8536005,0.0,0.0,0.0,NA,0.0,0.0
SCHOOL_1114,0,0,0,0,0,0,0,0,0,0,1,1536000.0,7.22025,2.0162000000000004,0.0,0.0,0.0,NA,0.0,0.0
SCHOOL_1115,0,0,0,0,0,0,0,0,0,0,1,2134700.0,7.2210458,2.0301103,0.0,0.0,0.0,NA,0.0,0.0
SCHOOL_1116,0,0,0,0,0,0,0,0,0,0,1,1899400.0,7.223342699999998,2.0168066,0.0,0.0,0.0,NA,0.0,0.0
SCHOOL_1117,0,0,0,0,0,0,0,0,0,0,1,6048000.0,7.23342,2.12569,0.0,0.0,0.0,NA,0.0,0.0
SCHOOL_1118,0,0,0,0,0,0,0,0,0,0,1,5964400.0,7.237092899999999,2.0934137000000006,0.0,0.0,0.0,NA,0.0,0.0
SCHOOL_1119,0,0,0,0,0,0,0,0,0,0,1,2769600.0,7.234432899999999,2.0045187999999996,0.0,0.0,0.0,NA,0.0,0.0
SCHOOL_1120,0,0,0,0,0,0,0,0,0,0,1,3715600.0,7.236704,2.0604414000000006,0.0,0.0,0.0,NA,0.0,0.0
SCHOOL_1121,0,0,0,0,0,0,0,0,0,0,1,3226800.0,7.237702200000001,1.9724967,0.0,0.0,0.0,NA,0.0,0.0
SCHOOL_1122,0,0,0,0,0,0,0,0,0,0,1,2853400.0,7.242819599999998,2.058119,0.0,0.0,0.0,NA,0.0,0.0
SCHOOL_1123,0,0,0,0,0,0,0,0,0,0,1,6819000.0,7.245762499999999,2.1449505999999996,0.0,0.0,0.0,NA,0.0,0.0
SCHOOL_1124,0,0,0,0,0,0,0,0,0,0,1,1264600.0,7.2537398,2.0069420999999994,0.0,0.0,0.0,NA,0.0,0.0
SCHOOL_1125,0,0,0,0,0,0,0,0,0,0,1,840000.0,7.255364999999998,2.0123777,0.0,0.0,0.0,NA,0.0,0.0
SCHOOL_1126,0,0,0,0,0,0,0,0,0,0,1,2264400.0,7.2587932,2.0624909000000002,0.0,0.0,0.0,NA,0.0,0.0
SCHOOL_1127,0,0,0,0,0,0,0,0,0,0,1,840000.0,7.259491799999999,1.9751854000000004,0.0,0.0,0.0,NA,0.0,0.0
SCHOOL_1128,0,0,0,0,0,0,0,0,0,0,2,1680000.0,7.2640302500741685,2.015278699946301,0.0,0.0,0.0,NA,0.0,0.0
SCHOOL_1129,0,0,0,0,0,0,0,0,0,0,2,5055600.0,7.270716200042174,2.077729500013273,0.0,0.0,0.0,NA,0.0,0.0
SCHOOL_1130,0,0,0,0,0,0,0,0,0,0,1,6810400.0,7.271561200000002,2.1854292000000006,0.0,0.0,0.0,NA,0.0,0.0
SCHOOL_1131,0,0,0,0,0,0,0,0,0,0,1,3203900.0,7.275563,2.1718576,0.0,0.0,0.0,NA,0.0,0.0
SCHOOL_1132,0,0,0,0,0,0,0,0,0,0,1,2187000.0,7.2650500000000005,2.0450489000000003,0.0,0.0,0.0,NA,0.0,0.0
SCHOOL_1133,0,0,0,0,0,0,0,0,0,0,1,2537000.0,7.267109999999999,1.9972458,0.0,0.0,0.0,NA,0.0,0.0
SCHOOL_1134,0,0,0,0,0,0,0,0,0,0,1,3555000.0,7.2675537,1.8950803,0.0,0.0,0.0,NA,0.0,0.0
SCHOOL_1135,0,0,0,0,0,0,0,0,0,0,1,739700.0,7.273357799999999,2.0561814,0.0,0.0,0.0,NA,0.0,0.0
SCHOOL_1136,0,0,0,0,0,0,0,0,0,0,1,1692500.0,7.2758796,1.9524477000000007,0.0,0.0,0.0,NA,0.0,0.0
SCHOOL_1137,0,0,0,0,0,0,0,0,0,0,1,2634500.0,7.278865999999998,1.9745928000000004,0.0,0.0,0.0,NA,0.0,0.0
SCHOOL_1138,0,0,0,0,0,0,0,0,0,0,1,1325000.0,7.2795288,2.036053,0.0,0.0,0.0,NA,0.0,0.0
SCHOOL_1139,0,0,0,0,0,0,0,0,0,0,1,8155400.0,7.281107000000002,1.8043545999999995,0.0,0.0,0.0,NA,0.0,0.0
SCHOOL_1140,0,0,0,0,0,0,0,0,0,0,1,2474000.0,7.286994899999998,2.0424631000000004,0.0,0.0,0.0,NA,0.0,0.0
SCHOOL_1141,0,0,0,0,0,0,0,0,0,0,1,3052700.0,7.297236099999997,1.9400261000000008,0.0,0.0,0.0,NA,0.0,0.0
SCHOOL_1142,0,0,0,0,0,0,0,0,0,0,1,2619800.0,7.301973599999998,2.0582472999999997,0.0,0.0,0.0,NA,0.0,0.0
SCHOOL_1143,0,0,0,0,0,0,0,0,0,0,1,9456000.0,7.292849999999999,2.12872,0.0,0.0,0.0,NA,0.0,0.0
SCHOOL_1144,0,0,0,0,0,0,0,0,0,0,1,2075800.0000000002,7.297974499999999,2.0803293999999997,0.0,0.0,0.0,NA,0.0,0.0
SCHOOL_1145,0,0,0,0,0,0,0,0,0,0,2,6670900.0,7.3001669500610085,2.158240200083064,0.0,0.0,0.0,NA,0.0,0.0
SCHOOL_1146,0,0,0,0,0,0,0,0,0,0,1,840000.0,7.300268099999999,2.0733440000000005,0.0,0.0,0.0,NA,0.0,0.0
SCHOOL_1147,0,0,0,0,0,0,0,0,0,0,1,9420000.0,7.245099999999999,2.49618,0.0,0.0,0.0,NA,0.0,0.0
SCHOOL_1148,0,0,0,0,0,0,0,0,0,0,1,4453000.0,7.253946700000002,2.4688711999999997,0.0,0.0,0.0,NA,0.0,0.0
SCHOOL_1149,0,0,0,0,0,0,0,0,0,0,2,1680000.0,7.26226440003644,2.214817050017837,0.0,0.0,0.0,NA,0.0,0.0
SCHOOL_1150,0,0,0,0,0,0,0,0,0,0,1,2319600.0,7.2660752,2.5185089,0.0,0.0,0.0,NA,0.0,0.0
SCHOOL_1151,0,0,0,0,0,0,0,0,0,0,1,2592000.0,7.268839999999999,2.3652000000000006,0.0,0.0,0.0,NA,0.0,0.0
SCHOOL_1152,0,0,0,0,0,0,0,0,0,0,1,7423900.0,7.2729459,2.2224285999999998,0.0,0.0,0.0,NA,0.0,0.0
SCHOOL_1153,0,0,0,0,0,0,0,0,0,0,1,3866500.0,7.263530500000002,2.5415754,0.0,0.0,0.0,NA,0.0,0.0
SCHOOL_1154,0,0,0,0,0,0,0,0,0,0,1,3972200.0,7.266588899999999,2.7112943,0.0,0.0,0.0,NA,0.0,0.0
SCHOOL_1155,0,0,0,0,0,0,0,0,0,0,1,1771400.0,7.266774799999999,2.5859061,0.0,0.0,0.0,NA,0.0,0.0
SCHOOL_1156,0,0,0,0,0,0,0,0,0,0,2,1220200.0,7.270145050118031,2.5676833005683077,0.0,0.0,0.0,NA,0.0,0.0
SCHOOL_1157,0,0,0,0,0,0,0,0,0,0,1,6285400.0,7.2751463,2.6260998,0.0,0.0,0.0,NA,0.0,0.0
SCHOOL_1158,0,0,0,0,0,0,0,0,0,0,1,3650200.0,7.281043999999999,2.6808158000000004,0.0,0.0,0.0,NA,0.0,0.0
SCHOOL_1159,0,0,0,0,0,0,0,0,0,0,1,2140100.0,7.2837871,2.5723482,0.0,0.0,0.0,NA,0.0,0.0
SCHOOL_1160,0,0,0,0,0,0,0,0,0,0,1,1465800.0,7.284216600000001,2.5543002,0.0,0.0,0.0,NA,0.0,0.0
SCHOOL_1161,0,0,0,0,0,0,0,0,0,0,1,3919200.0,7.275567200000002,2.4945954,0.0,0.0,0.0,NA,0.0,0.0
SCHOOL_1162,0,0,0,0,0,0,0,0,0,0,1,6059800.0,7.283488099999999,2.2084088999999993,0.0,0.0,0.0,NA,0.0,0.0
SCHOOL_1163,0,0,0,0,0,0,0,0,0,0,1,8096200.0,7.287726199999997,2.2850141,0.0,0.0,0.0,NA,0.0,0.0
SCHOOL_1164,0,0,0,0,0,0,0,0,0,0,1,1461700.0,7.289988,2.5213852999999995,0.0,0.0,0.0,NA,0.0,0.0
SCHOOL_1165,0,0,0,0,0,0,0,0,0,0,1,7268900.0,7.300370900000001,2.3649688,0.0,0.0,0.0,NA,0.0,0.0
SCHOOL_1166,0,0,0,0,0,0,0,0,0,0,4,4331600.0,7.302795599999998,2.3304702,0.0,0.0,0.0,NA,0.0,0.0
SCHOOL_1167,0,0,0,0,0,0,0,0,0,0,1,4593600.0,7.290978199999998,2.7321306,0.0,0.0,0.0,NA,0.0,0.0
SCHOOL_1168,0,0,0,0,0,0,0,0,0,0,1,3629200.0,7.294132399999999,2.5905851,0.0,0.0,0.0,NA,0.0,0.0
SCHOOL_1169,0,0,0,0,0,0,0,0,0,0,1,6598700.0,7.312570199999999,2.6221282,0.0,0.0,0.0,NA,0.0,0.0
SCHOOL_1170,0,0,0,0,0,0,0,0,0,0,1,2270000.0,7.3138451,2.5524177000000003,0.0,0.0,0.0,NA,0.0,0.0
SCHOOL_1171,0,0,0,0,0,0,0,0,0,0,1,3011500.0,7.314164200000001,2.7145789,0.0,0.0,0.0,NA,0.0,0.0
SCHOOL_1172,0,0,0,0,0,0,0,0,0,0,1,5194200.0,7.3184841,2.6627997000000003,0.0,0.0,0.0,NA,0.0,0.0
SCHOOL_1173,0,0,0,0,0,0,0,0,0,0,1,1113400.0,7.307321899999998,2.3013577999999995,0.0,0.0,0.0,NA,0.0,0.0
SCHOOL_1174,0,0,0,0,0,0,0,0,0,0,2,2580000.0,7.308559999999996,2.5236000000000005,0.0,0.0,0.0,NA,0.0,0.0
SCHOOL_1175,0,0,0,0,0,0,0,0,0,0,1,6468000.0,7.315180000000001,2.32979,0.0,0.0,0.0,NA,0.0,0.0
SCHOOL_1176,0,0,0,0,0,0,0,0,0,0,1,3933100.0,7.320098000000001,2.2702793000000003,0.0,0.0,0.0,NA,0.0,0.0
SCHOOL_1177,0,0,0,0,0,0,0,0,0,0,1,8699300.0,7.322554999999999,2.4744013,0.0,0.0,0.0,NA,0.0,0.0
SCHOOL_1178,0,0,0,0,0,0,0,0,0,0,1,2767800.0,7.331229699999998,2.4672218,0.0,0.0,0.0,NA,0.0,0.0
SCHOOL_1179,0,0,0,0,0,0,0,0,0,0,1,7752000.0,7.323544000000001,2.5895510000000006,0.0,0.0,0.0,NA,0.0,0.0
SCHOOL_1180,0,0,0,0,0,0,0,0,0,0,1,2596900.0,7.3317257,2.7394566,0.0,0.0,0.0,NA,0.0,0.0
SCHOOL_1181,0,0,0,0,0,0,0,0,0,0,1,3151100.0,7.342251099999999,2.6509908,0.0,0.0,0.0,NA,0.0,0.0
SCHOOL_1182,0,0,0,0,0,0,0,0,0,0,1,3402000.0,7.358858299999998,2.6529221,0.0,0.0,0.0,NA,0.0,0.0
SCHOOL_1183,0,0,0,0,0,0,0,0,0,0,1,12000000.0,7.229325,1.6754150000000003,0.0,0.0,0.0,NA,0.0,0.0
SCHOOL_1184,0,0,0,0,0,0,0,0,0,0,1,12000000.0,7.347405000000001,1.6946033000000005,0.0,0.0,0.0,NA,0.0,0.0
SCHOOL_1185,0,0,0,0,0,0,0,0,0,0,1,12000000.0,7.385353299999997,1.6855599999999997,0.0,0.0,0.0,NA,0.0,0.0
SCHOOL_1186,0,0,0,0,0,0,0,0,0,0,1,10056000.0,7.310249999999998,2.06637,0.0,0.0,0.0,NA,0.0,0.0
SCHOOL_1187,0,0,0,0,0,0,0,0,0,0,1,840000.0,7.3110566,2.0807657000000006,0.0,0.0,0.0,NA,0.0,0.0
SCHOOL_1188,0,0,0,0,0,0,0,0,0,0,1,5778000.0,7.312923100000001,2.1866152,0.0,0.0,0.0,NA,0.0,0.0
SCHOOL_1189,0,0,0,0,0,0,0,0,0,0,1,3452900.0,7.318724100000001,2.1685836,0.0,0.0,0.0,NA,0.0,0.0
SCHOOL_1190,0,0,0,0,0,0,0,0,0,0,1,2517000.0,7.337290899999997,2.1604292999999997,0.0,0.0,0.0,NA,0.0,0.0
SCHOOL_1191,0,0,0,0,0,0,0,0,0,0,1,2900300.0,7.306313000000001,1.9684948000000002,0.0,0.0,0.0,NA,0.0,0.0
SCHOOL_1192,0,0,0,0,0,0,0,0,0,0,1,684100.0,7.308026400000001,2.0603003000000006,0.0,0.0,0.0,NA,0.0,0.0
SCHOOL_1193,0,0,0,0,0,0,0,0,0,0,1,2644300.0,7.319877399999999,1.9092433000000002,0.0,0.0,0.0,NA,0.0,0.0
SCHOOL_1194,0,0,0,0,0,0,0,0,0,0,1,5532800.0,7.329661599999997,1.8823963000000004,0.0,0.0,0.0,NA,0.0,0.0
SCHOOL_1195,0,0,0,0,0,0,0,0,0,0,1,3246000.0,7.329808600000002,1.837913,0.0,0.0,0.0,NA,0.0,0.0
SCHOOL_1196,0,0,0,0,0,0,0,0,0,0,1,840000.0,7.3403768,1.9644618000000003,0.0,0.0,0.0,NA,0.0,0.0
SCHOOL_1197,0,0,0,0,0,0,0,0,0,0,1,5146100.0,7.3462616,1.7767594,0.0,0.0,0.0,NA,0.0,0.0
SCHOOL_1198,0,0,0,0,0,0,0,0,0,0,1,2742200.0,7.354774100000002,1.9621097000000003,0.0,0.0,0.0,NA,0.0,0.0
SCHOOL_1199,0,0,0,0,0,0,0,0,0,0,1,5643400.0,7.360168299999998,1.9803123000000005,0.0,0.0,0.0,NA,0.0,0.0
SCHOOL_1200,0,0,0,0,0,0,0,0,0,0,1,2141000.0,7.3609369000000004,1.9375253000000006,0.0,0.0,0.0,NA,0.0,0.0
SCHOOL_1201,0,0,0,0,0,0,0,0,0,0,1,5737700.0,7.375381899999998,1.9433165,0.0,0.0,0.0,NA,0.0,0.0
SCHOOL_1202,0,0,0,0,0,0,0,0,0,0,1,909100.0,7.379668999999999,1.7743363000000003,0.0,0.0,0.0,NA,0.0,0.0
SCHOOL_1203,0,0,0,0,0,0,0,0,0,0,1,4109300.0,7.344957799999999,2.0751798000000004,0.0,0.0,0.0,NA,0.0,0.0
SCHOOL_1204,0,0,0,0,0,0,0,0,0,0,1,4033200.0,7.356815100000001,2.1044540999999994,0.0,0.0,0.0,NA,0.0,0.0
SCHOOL_1205,0,0,0,0,0,0,0,0,0,0,1,4141800.0,7.359895700000001,2.1875572999999995,0.0,0.0,0.0,NA,0.0,0.0
SCHOOL_1206,0,0,0,0,0,0,0,0,0,0,3,3111000.0,7.3656517,2.0761456000000003,0.0,0.0,0.0,NA,0.0,0.0
SCHOOL_1207,0,0,0,0,0,0,0,0,0,0,1,4965600.0,7.3690212,2.1311665000000004,0.0,0.0,0.0,NA,0.0,0.0
SCHOOL_1208,0,0,0,0,0,0,0,0,0,0,1,1517000.0,7.371567400000001,2.0758353000000005,0.0,0.0,0.0,NA,0.0,0.0
SCHOOL_1209,0,0,0,0,0,0,0,0,0,0,1,4655800.0,7.390155199999998,2.0753824000000005,0.0,0.0,0.0,NA,0.0,0.0
SCHOOL_1210,0,0,0,0,0,0,0,0,0,0,1,3115700.0,7.395914800000001,2.174795,0.0,0.0,0.0,NA,0.0,0.0
SCHOOL_1211,0,0,0,0,0,0,0,0,0,0,1,4261300.0,7.3804791,1.8717978,0.0,0.0,0.0,NA,0.0,0.0
SCHOOL_1212,0,0,0,0,0,0,0,0,0,0,1,618500.0,7.400550700000003,1.9537143000000001,0.0,0.0,0.0,NA,0.0,0.0
SCHOOL_1213,0,0,0,0,0,0,0,0,0,0,1,4405900.0,7.4045065,1.8768240999999999,0.0,0.0,0.0,NA,0.0,0.0
SCHOOL_1214,0,0,0,0,0,0,0,0,0,0,1,813500.0,7.407139899999999,1.7754702,0.0,0.0,0.0,NA,0.0,0.0
SCHOOL_1215,0,0,0,0,0,0,0,0,0,0,1,1763200.0,7.4228171,1.9823737999999997,0.0,0.0,0.0,NA,0.0,0.0
SCHOOL_1216,0,0,0,0,0,0,0,0,0,0,1,5121500.0,7.423781199999999,1.8560162000000007,0.0,0.0,0.0,NA,0.0,0.0
SCHOOL_1217,0,0,0,0,0,0,0,0,0,0,1,2140400.0,7.4259641,1.8955953999999997,0.0,0.0,0.0,NA,0.0,0.0
SCHOOL_1218,0,0,0,0,0,0,0,0,0,0,1,1716000.0,7.427370000000002,1.8536500000000005,0.0,0.0,0.0,NA,0.0,0.0
SCHOOL_1219,0,0,0,0,0,0,0,0,0,0,1,3448000.0,7.449870500000001,1.7839495000000003,0.0,0.0,0.0,NA,0.0,0.0
SCHOOL_1220,0,0,0,0,0,0,0,0,0,0,1,1036200.0,7.455499700000001,1.9763386000000003,0.0,0.0,0.0,NA,0.0,0.0
SCHOOL_1221,0,0,0,0,0,0,0,0,0,0,1,2172000.0,7.40261,2.07446,0.0,0.0,0.0,NA,0.0,0.0
SCHOOL_1222,0,0,0,0,0,0,0,0,0,0,1,1926400.0,7.405544200000002,2.0888185000000004,0.0,0.0,0.0,NA,0.0,0.0
SCHOOL_1223,0,0,0,0,0,0,0,0,0,0,1,3225700.0,7.4061849,2.1163998,0.0,0.0,0.0,NA,0.0,0.0
SCHOOL_1224,0,0,0,0,0,0,0,0,0,0,1,1291000.0,7.41222,2.1054954000000006,0.0,0.0,0.0,NA,0.0,0.0
SCHOOL_1225,0,0,0,0,0,0,0,0,0,0,1,1289400.0,7.4298321000000005,2.0927045000000004,0.0,0.0,0.0,NA,0.0,0.0
SCHOOL_1226,0,0,0,0,0,0,0,0,0,0,1,4640000.0,7.434728999999999,2.0695863000000005,0.0,0.0,0.0,NA,0.0,0.0
SCHOOL_1227,0,0,0,0,0,0,0,0,0,0,1,3300200.0,7.4373915,2.1447162000000004,0.0,0.0,0.0,NA,0.0,0.0
SCHOOL_1228,0,0,0,0,0,0,0,0,0,0,1,1083700.0,7.442267899999997,2.0911164,0.0,0.0,0.0,NA,0.0,0.0
SCHOOL_1229,0,0,0,0,0,0,0,0,0,0,1,2346000.0,7.449342899999999,2.1020033,0.0,0.0,0.0,NA,0.0,0.0
SCHOOL_1230,0,0,0,0,0,0,0,0,0,0,1,7131200.0,7.4539311999999995,2.0672351999999994,0.0,0.0,0.0,NA,0.0,0.0
SCHOOL_1231,0,0,0,0,0,0,0,0,0,0,1,7340300.0,7.435841699999998,1.6578333000000003,0.0,0.0,0.0,NA,0.0,0.0
SCHOOL_1232,0,0,0,0,0,0,0,0,0,0,1,3067200.0,7.4659241000000005,1.7086523,0.0,0.0,0.0,NA,0.0,0.0
SCHOOL_1233,0,0,0,0,0,0,0,0,0,0,2,3153200.0,7.518924650026704,1.691141100053054,0.0,0.0,0.0,NA,0.0,0.0
SCHOOL_1234,0,0,0,0,0,0,0,0,0,0,1,3667200.0,7.5352838,1.6856942000000001,0.0,0.0,0.0,NA,0.0,0.0
SCHOOL_1235,0,0,0,0,0,0,0,0,0,0,1,1426000.0,7.4599348,1.7992518,0.0,0.0,0.0,NA,0.0,0.0
SCHOOL_1236,0,0,0,0,0,0,0,0,0,0,1,1191700.0,7.473107800000002,1.7933440000000005,0.0,0.0,0.0,NA,0.0,0.0
SCHOOL_1237,0,0,0,0,0,0,0,0,0,0,1,5509600.0,7.476280499999998,1.9559396999999996,0.0,0.0,0.0,NA,0.0,0.0
SCHOOL_1238,0,0,0,0,0,0,0,0,0,0,1,4038700.0,7.481960700000002,1.8600930000000004,0.0,0.0,0.0,NA,0.0,0.0
SCHOOL_1239,0,0,0,0,0,0,0,0,0,0,1,1165000.0,7.4899695,1.7698878999999996,0.0,0.0,0.0,NA,0.0,0.0
SCHOOL_1240,0,0,0,0,0,0,0,0,0,0,1,1408300.0,7.4923337000000005,1.7659962000000005,0.0,0.0,0.0,NA,0.0,0.0
SCHOOL_1241,0,0,0,0,0,0,0,0,0,0,1,2263300.0,7.499188799999998,1.8103287000000003,0.0,0.0,0.0,NA,0.0,0.0
SCHOOL_1242,0,0,0,0,0,0,0,0,0,0,1,8038600.0,7.499306500000002,2.0151479,0.0,0.0,0.0,NA,0.0,0.0
SCHOOL_1243,0,0,0,0,0,0,0,0,0,0,1,886900.0,7.505792899999999,1.7491351,0.0,0.0,0.0,NA,0.0,0.0
SCHOOL_1244,0,0,0,0,0,0,0,0,0,0,1,6745600.0,7.511666200000001,1.9882497000000001,0.0,0.0,0.0,NA,0.0,0.0
SCHOOL_1245,0,0,0,0,0,0,0,0,0,0,1,4043000.0,7.462740299999999,2.1289996,0.0,0.0,0.0,NA,0.0,0.0
SCHOOL_1246,0,0,0,0,0,0,0,0,0,0,1,834800.0,7.471900299999996,2.1727641999999996,0.0,0.0,0.0,NA,0.0,0.0
SCHOOL_1247,0,0,0,0,0,0,0,0,0,0,1,2955400.0,7.5015837,2.1227913,0.0,0.0,0.0,NA,0.0,0.0
SCHOOL_1248,0,0,0,0,0,0,0,0,0,0,1,4951700.0,7.5111678,2.1346464,0.0,0.0,0.0,NA,0.0,0.0
SCHOOL_1249,0,0,0,0,0,0,0,0,0,0,1,9388700.0,7.5366049,2.0681995000000004,0.0,0.0,0.0,NA,0.0,0.0
SCHOOL_1250,0,0,0,0,0,0,0,0,0,0,1,5383800.0,7.548411899999998,2.1163266000000003,0.0,0.0,0.0,NA,0.0,0.0
SCHOOL_1251,0,0,0,0,0,0,0,0,0,0,1,1865500.0,7.555647499999999,2.1846669,0.0,0.0,0.0,NA,0.0,0.0
SCHOOL_1252,0,0,0,0,0,0,0,0,0,0,1,2686200.0,7.3628241,2.5312183,0.0,0.0,0.0,NA,0.0,0.0
SCHOOL_1253,0,0,0,0,0,0,0,0,0,0,1,4124000.0,7.369339699999999,2.6827701,0.0,0.0,0.0,NA,0.0,0.0
SCHOOL_1254,0,0,0,0,0,0,0,0,0,0,1,2095199.9999999998,7.341762699999999,2.520698,0.0,0.0,0.0,NA,0.0,0.0
SCHOOL_1255,0,0,0,0,0,0,0,0,0,0,1,1507300.0,7.343049200000002,2.4910448,0.0,0.0,0.0,NA,0.0,0.0
SCHOOL_1256,0,0,0,0,0,0,0,0,0,0,1,2979200.0,7.344142300000001,2.2619653000000004,0.0,0.0,0.0,NA,0.0,0.0
SCHOOL_1257,0,0,0,0,0,0,0,0,0,0,1,637700.0,7.3559769,2.3626789,0.0,0.0,0.0,NA,0.0,0.0
SCHOOL_1258,0,0,0,0,0,0,0,0,0,0,1,1118300.0,7.3615847,2.4804282,0.0,0.0,0.0,NA,0.0,0.0
SCHOOL_1259,0,0,0,0,0,0,0,0,0,0,1,2854200.0,7.3670619,2.3985456000000003,0.0,0.0,0.0,NA,0.0,0.0
SCHOOL_1260,0,0,0,0,0,0,0,0,0,0,1,1507600.0,7.3740606,2.5027215999999997,0.0,0.0,0.0,NA,0.0,0.0
SCHOOL_1261,0,0,0,0,0,0,0,0,0,0,1,4075800.0,7.377222800000001,2.3437642,0.0,0.0,0.0,NA,0.0,0.0
SCHOOL_1262,0,0,0,0,0,0,0,0,0,0,1,4997200.0,7.386109000000001,2.4533128,0.0,0.0,0.0,NA,0.0,0.0
SCHOOL_1263,0,0,0,0,0,0,0,0,0,0,1,1749600.0,7.3981044,2.5215059,0.0,0.0,0.0,NA,0.0,0.0
SCHOOL_1264,0,0,0,0,0,0,0,0,0,0,1,6732000.0,7.371229999999997,2.57865,0.0,0.0,0.0,NA,0.0,0.0
SCHOOL_1265,0,0,0,0,0,0,0,0,0,0,1,4458400.0,7.381365200000002,2.558775,0.0,0.0,0.0,NA,0.0,0.0
SCHOOL_1266,0,0,0,0,0,0,0,0,0,0,1,4356800.0,7.3862534,2.6491935,0.0,0.0,0.0,NA,0.0,0.0
SCHOOL_1267,0,0,0,0,0,0,0,0,0,0,1,8712000.0,7.387590000000003,2.60249,0.0,0.0,0.0,NA,0.0,0.0
SCHOOL_1268,0,0,0,0,0,0,0,0,0,0,1,840000.0,7.391400000000002,2.67828,0.0,0.0,0.0,NA,0.0,0.0
SCHOOL_1269,0,0,0,0,0,0,0,0,0,0,1,6599900.0,7.395441000000001,2.7143405,0.0,0.0,0.0,NA,0.0,0.0
SCHOOL_1270,0,0,0,0,0,0,0,0,0,0,2,3146600.0,7.39659400002633,2.670788250046018,0.0,0.0,0.0,NA,0.0,0.0
SCHOOL_1271,0,0,0,0,0,0,0,0,0,0,1,4716200.0,7.4021417000000005,2.7395917000000005,0.0,0.0,0.0,NA,0.0,0.0
SCHOOL_1272,0,0,0,0,0,0,0,0,0,0,1,2472000.0,7.4058333,2.735,0.0,0.0,0.0,NA,0.0,0.0
SCHOOL_1273,0,0,0,0,0,0,0,0,0,0,1,2932700.0,7.4109147,2.5721771,0.0,0.0,0.0,NA,0.0,0.0
SCHOOL_1274,0,0,0,0,0,0,0,0,0,0,1,3156500.0,7.415363799999998,2.6971965,0.0,0.0,0.0,NA,0.0,0.0
SCHOOL_1275,0,0,0,0,0,0,0,0,0,0,1,5528400.0,7.416861699999999,2.5903785,0.0,0.0,0.0,NA,0.0,0.0
SCHOOL_1276,0,0,0,0,0,0,0,0,0,0,1,2978000.0,7.417993299999999,2.7113877000000004,0.0,0.0,0.0,NA,0.0,0.0
SCHOOL_1277,0,0,0,0,0,0,0,0,0,0,1,3291000.0,7.418955399999997,2.6495207000000005,0.0,0.0,0.0,NA,0.0,0.0
SCHOOL_1278,0,0,0,0,0,0,0,0,0,0,1,3672500.0,7.407703999999999,2.5090142,0.0,0.0,0.0,NA,0.0,0.0
SCHOOL_1279,0,0,0,0,0,0,0,0,0,0,1,2573500.0,7.4126464,2.3066909,0.0,0.0,0.0,NA,0.0,0.0
SCHOOL_1280,0,0,0,0,0,0,0,0,0,0,1,3215500.0,7.415290099999996,2.414591300000001,0.0,0.0,0.0,NA,0.0,0.0
SCHOOL_1281,0,0,0,0,0,0,0,0,0,0,1,1248400.0,7.422947199999999,2.3465808,0.0,0.0,0.0,NA,0.0,0.0
SCHOOL_1282,0,0,0,0,0,0,0,0,0,0,1,715400.0,7.427190300000001,2.2521522,0.0,0.0,0.0,NA,0.0,0.0
SCHOOL_1283,0,0,0,0,0,0,0,0,0,0,1,3428000.0,7.4325028999999985,2.2386436,0.0,0.0,0.0,NA,0.0,0.0
SCHOOL_1284,0,0,0,0,0,0,0,0,0,0,1,1726700.0,7.437044099999999,2.2064265,0.0,0.0,0.0,NA,0.0,0.0
SCHOOL_1285,0,0,0,0,0,0,0,0,0,0,1,840000.0,7.439661,2.3099163,0.0,0.0,0.0,NA,0.0,0.0
SCHOOL_1286,0,0,0,0,0,0,0,0,0,0,1,621100.0,7.440522100000001,2.3060118,0.0,0.0,0.0,NA,0.0,0.0
SCHOOL_1287,0,0,0,0,0,0,0,0,0,0,1,4532200.0,7.4432166,2.3255459,0.0,0.0,0.0,NA,0.0,0.0
SCHOOL_1288,0,0,0,0,0,0,0,0,0,0,1,12000000.0,7.419359319999999,2.75869895,0.0,0.0,0.0,NA,0.0,0.0
SCHOOL_1289,0,0,0,0,0,0,0,0,0,0,1,1092000.0,7.420049999999999,2.71527,0.0,0.0,0.0,NA,0.0,0.0
SCHOOL_1290,0,0,0,0,0,0,0,0,0,0,1,2765800.0,7.420468332999997,2.755475,0.0,0.0,0.0,NA,0.0,0.0
SCHOOL_1291,0,0,0,0,0,0,0,0,0,0,1,3408600.0,7.4229865,2.6717396,0.0,0.0,0.0,NA,0.0,0.0
SCHOOL_1292,0,0,0,0,0,0,0,0,0,0,1,12000000.0,7.42430242,2.75261151,0.0,0.0,0.0,NA,0.0,0.0
SCHOOL_1293,0,0,0,0,0,0,0,0,0,0,1,1165100.0,7.426861667,2.787273333,0.0,0.0,0.0,NA,0.0,0.0
SCHOOL_1294,0,0,0,0,0,0,0,0,0,0,1,1039200.0,7.429343332999999,2.799241667,0.0,0.0,0.0,NA,0.0,0.0
SCHOOL_1295,0,0,0,0,0,0,0,0,0,0,1,7525600.0,7.4298635,2.7457565999999995,0.0,0.0,0.0,NA,0.0,0.0
SCHOOL_1296,0,0,0,0,0,0,0,0,0,0,1,4934400.0,7.433603,2.7111808999999996,0.0,0.0,0.0,NA,0.0,0.0
SCHOOL_1297,0,0,0,0,0,0,0,0,0,0,1,1586600.0,7.436416099999998,2.6402627,0.0,0.0,0.0,NA,0.0,0.0
SCHOOL_1298,0,0,0,0,0,0,0,0,0,0,1,774000.0,7.444842000000001,2.6458561,0.0,0.0,0.0,NA,0.0,0.0
SCHOOL_1299,0,0,0,0,0,0,0,0,0,0,1,2809000.0,7.453194699999999,2.6264660999999996,0.0,0.0,0.0,NA,0.0,0.0
SCHOOL_1300,0,0,0,0,0,0,0,0,0,0,1,900000.0,7.4536399999999965,2.73168,0.0,0.0,0.0,NA,0.0,0.0
SCHOOL_1301,0,0,0,0,0,0,0,0,0,0,1,2769700.0,7.456511600000001,2.6528061999999997,0.0,0.0,0.0,NA,0.0,0.0
SCHOOL_1302,0,0,0,0,0,0,0,0,0,0,1,1236000.0,7.458310000000002,2.65716,0.0,0.0,0.0,NA,0.0,0.0
SCHOOL_1303,0,0,0,0,0,0,0,0,0,0,1,3708000.0,7.45974,2.70819,0.0,0.0,0.0,NA,0.0,0.0
SCHOOL_1304,0,0,0,0,0,0,0,0,0,0,1,2016200.0,7.465636599999997,2.6672471000000004,0.0,0.0,0.0,NA,0.0,0.0
SCHOOL_1305,0,0,0,0,0,0,0,0,0,0,1,12000000.0,7.4782145,2.7354227,0.0,0.0,0.0,NA,0.0,0.0
SCHOOL_1306,0,0,0,0,0,0,0,0,0,0,1,3959600.0,7.4850499,2.6826787,0.0,0.0,0.0,NA,0.0,0.0
SCHOOL_1307,0,0,0,0,0,0,0,0,0,0,1,3785300.0,7.447228000000001,2.5161171,0.0,0.0,0.0,NA,0.0,0.0
SCHOOL_1308,0,0,0,0,0,0,0,0,0,0,1,617600.0,7.449571400000003,2.3041676,0.0,0.0,0.0,NA,0.0,0.0
SCHOOL_1309,0,0,0,0,0,0,0,0,0,0,1,2742800.0,7.467384800000001,2.3023827000000003,0.0,0.0,0.0,NA,0.0,0.0
SCHOOL_1310,0,0,0,0,0,0,0,0,0,0,1,10751800.0,7.478375999999998,2.4666993,0.0,0.0,0.0,NA,0.0,0.0
SCHOOL_1311,0,0,0,0,0,0,0,0,0,0,1,3634100.0,7.4822975,2.4307304,0.0,0.0,0.0,NA,0.0,0.0
SCHOOL_1312,0,0,0,0,0,0,0,0,0,0,1,1359000.0,7.488304699999998,2.2338422000000002,0.0,0.0,0.0,NA,0.0,0.0
SCHOOL_1313,0,0,0,0,0,0,0,0,0,0,1,2560600.0,7.491892999999999,2.2719518,0.0,0.0,0.0,NA,0.0,0.0
SCHOOL_1314,0,0,0,0,0,0,0,0,0,0,1,1224000.0,7.507419999999997,2.3043,0.0,0.0,0.0,NA,0.0,0.0
SCHOOL_1315,0,0,0,0,0,0,0,0,0,0,1,8221299.999999999,7.517982199999998,2.3043612,0.0,0.0,0.0,NA,0.0,0.0
SCHOOL_1316,0,0,0,0,0,0,0,0,0,0,1,922200.0,7.5301672,2.2406141,0.0,0.0,0.0,NA,0.0,0.0
SCHOOL_1317,0,0,0,0,0,0,0,0,0,0,1,4524700.0,7.497683199999998,2.6079028999999996,0.0,0.0,0.0,NA,0.0,0.0
SCHOOL_1318,0,0,0,0,0,0,0,0,0,0,1,3560400.0,7.513163900000002,2.6437241,0.0,0.0,0.0,NA,0.0,0.0
SCHOOL_1319,0,0,0,0,0,0,0,0,0,0,1,6448900.0,7.5206461,2.7067369,0.0,0.0,0.0,NA,0.0,0.0
SCHOOL_1320,0,0,0,0,0,0,0,0,0,0,1,1200000.0,7.53378,2.6449500000000006,0.0,0.0,0.0,NA,0.0,0.0
SCHOOL_1321,0,0,0,0,0,0,0,0,0,0,1,6208900.0,7.5431862,2.5426703,0.0,0.0,0.0,NA,0.0,0.0
SCHOOL_1322,0,0,0,0,0,0,0,0,0,0,1,4710500.0,7.5459451999999985,2.5965774,0.0,0.0,0.0,NA,0.0,0.0
SCHOOL_1323,0,0,0,0,0,0,0,0,0,0,1,1069100.0,7.532041,2.2258048999999995,0.0,0.0,0.0,NA,0.0,0.0
SCHOOL_1324,0,0,0,0,0,0,0,0,0,0,1,1364300.0,7.535394499999999,2.2683259,0.0,0.0,0.0,NA,0.0,0.0
SCHOOL_1325,0,0,0,0,0,0,0,0,0,0,1,753500.0,7.5408318,2.2058078,0.0,0.0,0.0,NA,0.0,0.0
SCHOOL_1326,0,0,0,0,0,0,0,0,0,0,1,840000.0,7.549607600000001,2.2580681,0.0,0.0,0.0,NA,0.0,0.0
SCHOOL_1327,0,0,0,0,0,0,0,0,0,0,2,1680000.0,7.554419000023468,2.206793150072059,0.0,0.0,0.0,NA,0.0,0.0
SCHOOL_1328,0,0,0,0,0,0,0,0,0,0,1,1624700.0,7.5719878,2.2821632000000003,0.0,0.0,0.0,NA,0.0,0.0
SCHOOL_1329,0,0,0,0,0,0,0,0,0,0,1,1244200.0,7.574653499999998,2.2470095,0.0,0.0,0.0,NA,0.0,0.0
SCHOOL_1330,0,0,0,0,0,0,0,0,0,0,1,2124000.0,7.577000000000001,2.32665,0.0,0.0,0.0,NA,0.0,0.0
SCHOOL_1331,0,0,0,0,0,0,0,0,0,0,1,10187200.0,7.589182799999998,2.2763429,0.0,0.0,0.0,NA,0.0,0.0
SCHOOL_1332,0,0,0,0,0,0,0,0,0,0,1,2657900.0,7.552653409999999,2.7455340600000007,0.0,0.0,0.0,NA,0.0,0.0
SCHOOL_1333,0,0,0,0,0,0,0,0,0,0,1,8460000.0,7.5550231000000005,2.7407281,0.0,0.0,0.0,NA,0.0,0.0
SCHOOL_1334,0,0,0,0,0,0,0,0,0,0,1,840000.0,7.567777800000002,2.735,0.0,0.0,0.0,NA,0.0,0.0
SCHOOL_1335,0,0,0,0,0,0,0,0,0,0,1,2161300.0,7.568809100000002,2.6626778000000004,0.0,0.0,0.0,NA,0.0,0.0
SCHOOL_1336,0,0,0,0,0,0,0,0,0,0,1,810100.0,7.580969499999998,2.6381018,0.0,0.0,0.0,NA,0.0,0.0
SCHOOL_1337,0,0,0,0,0,0,0,0,0,0,1,840000.0,7.585960399999999,2.6566207,0.0,0.0,0.0,NA,0.0,0.0
SCHOOL_1338,0,0,0,0,0,0,0,0,0,0,1,4673000.0,7.5879642,2.5307222,0.0,0.0,0.0,NA,0.0,0.0
SCHOOL_1339,0,0,0,0,0,0,0,0,0,0,1,4229900.0,7.596483500000001,2.6826372,0.0,0.0,0.0,NA,0.0,0.0
SCHOOL_1340,0,0,0,0,0,0,0,0,0,0,1,1831900.0,7.6092623,2.6632853000000005,0.0,0.0,0.0,NA,0.0,0.0
SCHOOL_1341,0,0,0,0,0,0,0,0,0,0,1,840000.0,7.6124368,2.7208393,0.0,0.0,0.0,NA,0.0,0.0
SCHOOL_1342,0,0,0,0,0,0,0,0,0,0,1,4137000.0,7.6390218,2.6875878000000006,0.0,0.0,0.0,NA,0.0,0.0
SCHOOL_1343,0,0,0,0,0,0,0,0,0,0,1,4344000.0,7.642379999999997,2.68254,0.0,0.0,0.0,NA,0.0,0.0
SCHOOL_1344,0,0,0,0,0,0,0,0,0,0,1,5453200.0,7.644536399999998,2.5729335,0.0,0.0,0.0,NA,0.0,0.0
SCHOOL_1345,0,0,0,0,0,0,0,0,0,0,1,3476600.0,7.647128600000001,2.6296798,0.0,0.0,0.0,NA,0.0,0.0
SCHOOL_1346,0,0,0,0,0,0,0,0,0,0,1,885100.0,7.647471000000001,2.6773148999999994,0.0,0.0,0.0,NA,0.0,0.0
SCHOOL_1347,0,0,0,0,0,0,0,0,0,0,1,2801500.0,7.5225484,1.7299739999999997,0.0,0.0,0.0,NA,0.0,0.0
SCHOOL_1348,0,0,0,0,0,0,0,0,0,0,2,5780800.0,7.528774000084834,1.902547399997873,0.0,0.0,0.0,NA,0.0,0.0
SCHOOL_1349,0,0,0,0,0,0,0,0,0,0,1,2654600.0,7.531315,1.8191312,0.0,0.0,0.0,NA,0.0,0.0
SCHOOL_1350,0,0,0,0,0,0,0,0,0,0,1,1197600.0,7.5381117,1.7958822000000005,0.0,0.0,0.0,NA,0.0,0.0
SCHOOL_1351,0,0,0,0,0,0,0,0,0,0,1,1514200.0,7.539208200000002,1.7718119000000006,0.0,0.0,0.0,NA,0.0,0.0
SCHOOL_1352,0,0,0,0,0,0,0,0,0,0,1,2396600.0,7.567789999999999,1.7772570000000003,0.0,0.0,0.0,NA,0.0,0.0
SCHOOL_1353,0,0,0,0,0,0,0,0,0,0,1,4929400.0,7.577450300000001,1.8997835000000003,0.0,0.0,0.0,NA,0.0,0.0
SCHOOL_1354,0,0,0,0,0,0,0,0,0,0,1,1462600.0,7.578550299999999,1.8719261999999999,0.0,0.0,0.0,NA,0.0,0.0
SCHOOL_1355,0,0,0,0,0,0,0,0,0,0,1,1352600.0,7.595690999999999,1.799512,0.0,0.0,0.0,NA,0.0,0.0
SCHOOL_1356,0,0,0,0,0,0,0,0,0,0,1,3740600.0,7.559948200000001,1.6675243000000004,0.0,0.0,0.0,NA,0.0,0.0
SCHOOL_1357,0,0,0,0,0,0,0,0,0,0,1,6483200.0,7.572447300000001,1.7035452999999998,0.0,0.0,0.0,NA,0.0,0.0
SCHOOL_1358,0,0,0,0,0,0,0,0,0,0,1,3657100.0,7.5990666000000004,1.6966727000000001,0.0,0.0,0.0,NA,0.0,0.0
SCHOOL_1359,0,0,0,0,0,0,0,0,0,0,1,3197600.0,7.600205200000003,1.6757752000000001,0.0,0.0,0.0,NA,0.0,0.0
SCHOOL_1360,0,0,0,0,0,0,0,0,0,0,1,1567400.0,7.5575732,2.1277695,0.0,0.0,0.0,NA,0.0,0.0
SCHOOL_1361,0,0,0,0,0,0,0,0,0,0,1,2126800.0,7.568581999999998,2.1392087,0.0,0.0,0.0,NA,0.0,0.0
SCHOOL_1362,0,0,0,0,0,0,0,0,0,0,1,1784600.0,7.5774985,2.1868800000000004,0.0,0.0,0.0,NA,0.0,0.0
SCHOOL_1363,0,0,0,0,0,0,0,0,0,0,1,1929100.0,7.589300700000002,2.163167,0.0,0.0,0.0,NA,0.0,0.0
SCHOOL_1364,0,0,0,0,0,0,0,0,0,0,1,3240000.0,7.59924,2.17431,0.0,0.0,0.0,NA,0.0,0.0
SCHOOL_1365,0,0,0,0,0,0,0,0,0,0,1,12000000.0,7.654223599999998,2.0855691,0.0,0.0,0.0,NA,0.0,0.0
SCHOOL_1366,0,0,0,0,0,0,0,0,0,0,1,2709500.0,7.685988699999998,2.1292731,0.0,0.0,0.0,NA,0.0,0.0
SCHOOL_1367,0,0,0,0,0,0,0,0,0,0,1,2971300.0,7.7248172,2.1513874000000004,0.0,0.0,0.0,NA,0.0,0.0
SCHOOL_1368,0,0,0,0,0,0,0,0,0,0,1,1319300.0,7.600395400000001,1.7796247999999995,0.0,0.0,0.0,NA,0.0,0.0
SCHOOL_1369,0,0,0,0,0,0,0,0,0,0,1,1480400.0,7.618231399999999,1.7594877000000004,0.0,0.0,0.0,NA,0.0,0.0
SCHOOL_1370,0,0,0,0,0,0,0,0,0,0,1,6009500.0,7.6228446000000005,1.8734041000000001,0.0,0.0,0.0,NA,0.0,0.0
SCHOOL_1371,0,0,0,0,0,0,0,0,0,0,1,3172900.0,7.624001100000001,1.8371493000000005,0.0,0.0,0.0,NA,0.0,0.0
SCHOOL_1372,0,0,0,0,0,0,0,0,0,0,1,1820000.0,7.636862700000003,1.7818568,0.0,0.0,0.0,NA,0.0,0.0
SCHOOL_1373,0,0,0,0,0,0,0,0,0,0,1,2246300.0,7.639011799999998,1.7352311,0.0,0.0,0.0,NA,0.0,0.0
SCHOOL_1374,0,0,0,0,0,0,0,0,0,0,1,1580500.0,7.6566614,1.749819,0.0,0.0,0.0,NA,0.0,0.0
SCHOOL_1375,0,0,0,0,0,0,0,0,0,0,1,3348100.0,7.672884699999999,1.7226905000000003,0.0,0.0,0.0,NA,0.0,0.0
SCHOOL_1376,0,0,0,0,0,0,0,0,0,0,1,1151300.0,7.714461099999998,1.7464850999999997,0.0,0.0,0.0,NA,0.0,0.0
SCHOOL_1377,0,0,0,0,0,0,0,0,0,0,1,2962800.0,7.721619699999998,1.7764323,0.0,0.0,0.0,NA,0.0,0.0
SCHOOL_1378,0,0,0,0,0,0,0,0,0,0,1,840000.0,7.6360212,1.6939365000000002,0.0,0.0,0.0,NA,0.0,0.0
SCHOOL_1379,0,0,0,0,0,0,0,0,0,0,1,2406600.0,7.636587500000001,1.6637679000000005,0.0,0.0,0.0,NA,0.0,0.0
SCHOOL_1380,0,0,0,0,0,0,0,0,0,0,1,1915800.0,7.638853899999999,1.7193420999999995,0.0,0.0,0.0,NA,0.0,0.0
SCHOOL_1381,0,0,0,0,0,0,0,0,0,0,1,2064000.0,7.671450000000002,1.66242,0.0,0.0,0.0,NA,0.0,0.0
SCHOOL_1382,0,0,0,0,0,0,0,0,0,0,1,2326200.0,7.679551799999999,1.6644813,0.0,0.0,0.0,NA,0.0,0.0
SCHOOL_1383,0,0,0,0,0,0,0,0,0,0,1,912700.0,7.697437099999998,1.6859623000000001,0.0,0.0,0.0,NA,0.0,0.0
SCHOOL_1384,0,0,0,0,0,0,0,0,0,0,1,1309000.0,7.698037700000001,1.6628899000000001,0.0,0.0,0.0,NA,0.0,0.0
SCHOOL_1385,0,0,0,0,0,0,0,0,0,0,1,2698400.0,7.728176400000001,1.6713365000000002,0.0,0.0,0.0,NA,0.0,0.0
SCHOOL_1386,0,0,0,0,0,0,0,0,0,0,1,1338400.0,7.743225,1.6432896,0.0,0.0,0.0,NA,0.0,0.0
SCHOOL_1387,0,0,0,0,0,0,0,0,0,0,1,1386200.0,7.733794099999999,1.7334491999999997,0.0,0.0,0.0,NA,0.0,0.0
SCHOOL_1388,0,0,0,0,0,0,0,0,0,0,1,2850100.0,7.751768299999999,1.9359523000000005,0.0,0.0,0.0,NA,0.0,0.0
SCHOOL_1389,0,0,0,0,0,0,0,0,0,0,1,3204000.0,7.779649999999999,2.02057,0.0,0.0,0.0,NA,0.0,0.0
SCHOOL_1390,0,0,0,0,0,0,0,0,0,0,1,5402900.0,7.7923475,2.0346690000000005,0.0,0.0,0.0,NA,0.0,0.0
SCHOOL_1391,0,0,0,0,0,0,0,0,0,0,1,862200.0,7.753825499999998,1.6894547999999996,0.0,0.0,0.0,NA,0.0,0.0
SCHOOL_1392,0,0,0,0,0,0,0,0,0,0,1,5245900.0,7.771639099999996,1.6746179000000005,0.0,0.0,0.0,NA,0.0,0.0
SCHOOL_1393,0,0,0,0,0,0,0,0,0,0,1,4959000.0,7.805013199999998,1.6838246000000001,0.0,0.0,0.0,NA,0.0,0.0
SCHOOL_1394,0,0,0,0,0,0,0,0,0,0,1,7253800.0,7.5908348,2.4833487000000005,0.0,0.0,0.0,NA,0.0,0.0
SCHOOL_1395,0,0,0,0,0,0,0,0,0,0,1,9228800.0,7.596973599999999,2.2696045,0.0,0.0,0.0,NA,0.0,0.0
SCHOOL_1396,0,0,0,0,0,0,0,0,0,0,1,840000.0,7.614825299999997,2.2049389,0.0,0.0,0.0,NA,0.0,0.0
SCHOOL_1397,0,0,0,0,0,0,0,0,0,0,1,4051300.0,7.622987599999999,2.2007931999999997,0.0,0.0,0.0,NA,0.0,0.0
SCHOOL_1398,0,0,0,0,0,0,0,0,0,0,1,840000.0,7.6251624999999965,2.2156431,0.0,0.0,0.0,NA,0.0,0.0
SCHOOL_1399,0,0,0,0,0,0,0,0,0,0,1,6103600.0,7.6366327,2.4857731,0.0,0.0,0.0,NA,0.0,0.0
SCHOOL_1400,0,0,0,0,0,0,0,0,0,0,1,12000000.0,7.668361,2.232761,0.0,0.0,0.0,NA,0.0,0.0
SCHOOL_1401,0,0,0,0,0,0,0,0,0,0,1,2928000.0,7.702289999999998,2.20021,0.0,0.0,0.0,NA,0.0,0.0
SCHOOL_1402,0,0,0,0,0,0,0,0,0,0,1,2707100.0,7.710608199999999,2.2033351000000003,0.0,0.0,0.0,NA,0.0,0.0
SCHOOL_1403,0,0,0,0,0,0,0,0,0,0,1,2494100.0,7.720493399999998,2.2014703,0.0,0.0,0.0,NA,0.0,0.0
SCHOOL_1404,0,0,0,0,0,0,0,0,0,0,1,7487000.0,7.726725300000001,2.4754647,0.0,0.0,0.0,NA,0.0,0.0
SCHOOL_1405,0,0,0,0,0,0,0,0,0,0,1,720600.0,7.66254,2.656915,0.0,0.0,0.0,NA,0.0,0.0
SCHOOL_1406,0,0,0,0,0,0,0,0,0,0,1,872900.0,7.6863295,2.6431873,0.0,0.0,0.0,NA,0.0,0.0
SCHOOL_1407,0,0,0,0,0,0,0,0,0,0,1,1344100.0,7.6969512,2.6711765,0.0,0.0,0.0,NA,0.0,0.0
SCHOOL_1408,0,0,0,0,0,0,0,0,0,0,1,1126100.0,7.698506799999998,2.7059657999999995,0.0,0.0,0.0,NA,0.0,0.0
SCHOOL_1409,0,0,0,0,0,0,0,0,0,0,1,1743000.0,7.7125439,2.6341083000000003,0.0,0.0,0.0,NA,0.0,0.0
SCHOOL_1410,0,0,0,0,0,0,0,0,0,0,1,3175600.0,7.747894099999999,2.6898942,0.0,0.0,0.0,NA,0.0,0.0
SCHOOL_1411,0,0,0,0,0,0,0,0,0,0,1,4637800.0,7.7603963,2.6143094000000002,0.0,0.0,0.0,NA,0.0,0.0
SCHOOL_1412,0,0,0,0,0,0,0,0,0,0,1,3403100.0,7.780295899999997,2.5424535,0.0,0.0,0.0,NA,0.0,0.0
SCHOOL_1413,0,0,0,0,0,0,0,0,0,0,1,3242300.0,7.759771699999998,2.3232282999999994,0.0,0.0,0.0,NA,0.0,0.0
SCHOOL_1414,0,0,0,0,0,0,0,0,0,0,1,3600000.0,7.76276,2.36372,0.0,0.0,0.0,NA,0.0,0.0
SCHOOL_1415,0,0,0,0,0,0,0,0,0,0,1,6137600.0,7.768437100000001,2.3141176,0.0,0.0,0.0,NA,0.0,0.0
SCHOOL_1416,0,0,0,0,0,0,0,0,0,0,1,2914700.0,7.7696865,2.3467216,0.0,0.0,0.0,NA,0.0,0.0
SCHOOL_1417,0,0,0,0,0,0,0,0,0,0,1,5171300.0,7.754153700000002,2.1077193,0.0,0.0,0.0,NA,0.0,0.0
SCHOOL_1418,0,0,0,0,0,0,0,0,0,0,1,2352700.0,7.786360400000001,2.1098919,0.0,0.0,0.0,NA,0.0,0.0
SCHOOL_1419,0,0,0,0,0,0,0,0,0,0,1,2169700.0,7.7711683,2.3337917000000004,0.0,0.0,0.0,NA,0.0,0.0
SCHOOL_1420,0,0,0,0,0,0,0,0,0,0,1,2253800.0,7.773761699999998,2.2309867,0.0,0.0,0.0,NA,0.0,0.0
SCHOOL_1421,0,0,0,0,0,0,0,0,0,0,1,2431400.0,7.780338399999996,2.2545467,0.0,0.0,0.0,NA,0.0,0.0
SCHOOL_1422,0,0,0,0,0,0,0,0,0,0,1,1692000.0,7.783800000000001,2.26098,0.0,0.0,0.0,NA,0.0,0.0
SCHOOL_1423,0,0,0,0,0,0,0,0,0,0,5,4073000.0,7.794636050222608,2.288878149715383,0.0,0.0,0.0,NA,0.0,0.0
SCHOOL_1424,0,0,0,0,0,0,0,0,0,0,2,1586400.0,7.803929150021343,2.181108749854695,0.0,0.0,0.0,NA,0.0,0.0
SCHOOL_1425,0,0,0,0,0,0,0,0,0,0,1,1189100.0,7.808427000000001,2.1779399,0.0,0.0,0.0,NA,0.0,0.0
SCHOOL_1426,0,0,0,0,0,0,0,0,0,0,1,2577100.0,7.8173737999999995,2.1081532,0.0,0.0,0.0,NA,0.0,0.0
SCHOOL_1427,0,0,0,0,0,0,0,0,0,0,1,1152000.0,7.82073,2.11644,0.0,0.0,0.0,NA,0.0,0.0
SCHOOL_1428,0,0,0,0,0,0,0,0,0,0,1,1732300.0,7.822009200000001,2.1119437,0.0,0.0,0.0,NA,0.0,0.0
SCHOOL_1429,0,0,0,0,0,0,0,0,0,0,1,1173100.0,7.827774999999999,2.18544,0.0,0.0,0.0,NA,0.0,0.0
SCHOOL_1430,0,0,0,0,0,0,0,0,0,0,1,2162200.0,7.8060176000000006,2.2160082000000005,0.0,0.0,0.0,NA,0.0,0.0
SCHOOL_1431,0,0,0,0,0,0,0,0,0,0,4,3360000.0,7.817180375019054,2.220484749988875,0.0,0.0,0.0,NA,0.0,0.0
SCHOOL_1432,0,0,0,0,0,0,0,0,0,0,1,840000.0,7.8247953,2.2211776,0.0,0.0,0.0,NA,0.0,0.0
SCHOOL_1433,0,0,0,0,0,0,0,0,0,0,1,3509000.0,7.827542700000001,2.300518,0.0,0.0,0.0,NA,0.0,0.0
SCHOOL_1434,0,0,0,0,0,0,0,0,0,0,4,4433600.0,7.828827900000204,1.6735813999998632,0.0,0.0,0.0,NA,0.0,0.0
SCHOOL_1435,0,0,0,0,0,0,0,0,0,0,1,2523600.0,7.809061500000002,1.7345217,0.0,0.0,0.0,NA,0.0,0.0
SCHOOL_1436,0,0,0,0,0,0,0,0,0,0,1,5755600.0,7.8224951,1.7776172999999997,0.0,0.0,0.0,NA,0.0,0.0
SCHOOL_1437,0,0,0,0,0,0,0,0,0,0,1,6717200.0,7.8319116,1.9957864000000005,0.0,0.0,0.0,NA,0.0,0.0
SCHOOL_1438,0,0,0,0,0,0,0,0,0,0,1,1742400.0,7.8492612,1.9675277000000004,0.0,0.0,0.0,NA,0.0,0.0
SCHOOL_1439,0,0,0,0,0,0,0,0,0,0,1,852000.0,7.85351,1.9247600000000005,0.0,0.0,0.0,NA,0.0,0.0
SCHOOL_1440,0,0,0,0,0,0,0,0,0,0,1,1059200.0,7.854032699999999,2.0371386,0.0,0.0,0.0,NA,0.0,0.0
SCHOOL_1441,0,0,0,0,0,0,0,0,0,0,1,7574300.0,7.8568647,1.7257221,0.0,0.0,0.0,NA,0.0,0.0
SCHOOL_1442,0,0,0,0,0,0,0,0,0,0,1,1956000.0,7.858159999999998,1.7541900000000001,0.0,0.0,0.0,NA,0.0,0.0
SCHOOL_1443,0,0,0,0,0,0,0,0,0,0,1,12000000.0,7.861347099999999,1.930008,0.0,0.0,0.0,NA,0.0,0.0
SCHOOL_1444,0,0,0,0,0,0,0,0,0,0,1,1173100.0,7.831214999999999,2.1843471000000005,0.0,0.0,0.0,NA,0.0,0.0
SCHOOL_1445,0,0,0,0,0,0,0,0,0,0,1,840000.0,7.836263700000002,2.1853319,0.0,0.0,0.0,NA,0.0,0.0
SCHOOL_1446,0,0,0,0,0,0,0,0,0,0,1,840000.0,7.837308500000001,2.1882771,0.0,0.0,0.0,NA,0.0,0.0
SCHOOL_1447,0,0,0,0,0,0,0,0,0,0,1,5952100.0,7.8559314,2.1386843,0.0,0.0,0.0,NA,0.0,0.0
SCHOOL_1448,0,0,0,0,0,0,0,0,0,0,1,840000.0,7.8711128000000015,2.115109,0.0,0.0,0.0,NA,0.0,0.0
SCHOOL_1449,0,0,0,0,0,0,0,0,0,0,1,3881400.0,7.871497099999998,2.1695711000000006,0.0,0.0,0.0,NA,0.0,0.0
SCHOOL_1450,0,0,0,0,0,0,0,0,0,0,2,6879600.0,7.88804630047482,2.097692700232682,0.0,0.0,0.0,NA,0.0,0.0
SCHOOL_1451,0,0,0,0,0,0,0,0,0,0,3,8745900.000000002,7.8394803999999985,1.6603660000000005,0.0,0.0,0.0,NA,0.0,0.0
SCHOOL_1452,0,0,0,0,0,0,0,0,0,0,1,3250800.0,7.935517199999998,1.6959823999999994,0.0,0.0,0.0,NA,0.0,0.0
SCHOOL_1453,0,0,0,0,0,0,0,0,0,0,1,840000.0,7.947729500000003,1.6729757999999995,0.0,0.0,0.0,NA,0.0,0.0
SCHOOL_1454,0,0,0,0,0,0,0,0,0,0,1,4296000.0,7.997303800000001,1.6957921000000002,0.0,0.0,0.0,NA,0.0,0.0
SCHOOL_1455,0,0,0,0,0,0,0,0,0,0,1,8966500.0,7.9100543,1.9360114999999996,0.0,0.0,0.0,NA,0.0,0.0
SCHOOL_1456,0,0,0,0,0,0,0,0,0,0,2,2228200.0,7.91456285,1.9441281999999007,0.0,0.0,0.0,NA,0.0,0.0
SCHOOL_1457,0,0,0,0,0,0,0,0,0,0,1,12000000.0,7.917532500000002,2.0618189,0.0,0.0,0.0,NA,0.0,0.0
SCHOOL_1458,0,0,0,0,0,0,0,0,0,0,1,840000.0,7.918838700000001,1.9497849,0.0,0.0,0.0,NA,0.0,0.0
SCHOOL_1459,0,0,0,0,0,0,0,0,0,0,1,840000.0,7.918874100000002,1.9421459000000003,0.0,0.0,0.0,NA,0.0,0.0
SCHOOL_1460,0,0,0,0,0,0,0,0,0,0,2,8588400.0,7.919875399999999,2.0535628,0.0,0.0,0.0,NA,0.0,0.0
SCHOOL_1461,0,0,0,0,0,0,0,0,0,0,1,976000.0,7.920526800000002,1.9525353,0.0,0.0,0.0,NA,0.0,0.0
SCHOOL_1462,0,0,0,0,0,0,0,0,0,0,1,5868000.0,7.924859999999998,2.0566900000000006,0.0,0.0,0.0,NA,0.0,0.0
SCHOOL_1463,0,0,0,0,0,0,0,0,0,0,1,5580000.0,7.9738799999999985,2.17617,0.0,0.0,0.0,NA,0.0,0.0
SCHOOL_1464,0,0,0,0,0,0,0,0,0,0,1,5700000.0,7.94077,1.93989,0.0,0.0,0.0,NA,0.0,0.0
SCHOOL_1465,0,0,0,0,0,0,0,0,0,0,1,3369400.0,7.9426689,1.9139267000000004,0.0,0.0,0.0,NA,0.0,0.0
SCHOOL_1466,0,0,0,0,0,0,0,0,0,0,1,3981700.0,7.951684400000001,1.9117036999999995,0.0,0.0,0.0,NA,0.0,0.0
SCHOOL_1467,0,0,0,0,0,0,0,0,0,0,1,3570600.0,7.9656508,1.9833535999999996,0.0,0.0,0.0,NA,0.0,0.0
SCHOOL_1468,0,0,0,0,0,0,0,0,0,0,1,7260000.0,7.97105,1.9838699999999996,0.0,0.0,0.0,NA,0.0,0.0
SCHOOL_1469,0,0,0,0,0,0,0,0,0,0,1,987000.0,7.974107000000001,1.7620928000000007,0.0,0.0,0.0,NA,0.0,0.0
SCHOOL_1470,0,0,0,0,0,0,0,0,0,0,1,3482300.0,7.9851215,1.9845547,0.0,0.0,0.0,NA,0.0,0.0
SCHOOL_1471,0,0,0,0,0,0,0,0,0,0,1,3949000.0,7.985215,1.7945716000000005,0.0,0.0,0.0,NA,0.0,0.0
SCHOOL_1472,0,0,0,0,0,0,0,0,0,0,1,1883800.0,7.831710000000001,2.4731300000000003,0.0,0.0,0.0,NA,0.0,0.0
SCHOOL_1473,0,0,0,0,0,0,0,0,0,0,1,1149600.0,7.8387217,2.4357983000000005,0.0,0.0,0.0,NA,0.0,0.0
SCHOOL_1474,0,0,0,0,0,0,0,0,0,0,1,2124000.0,7.84003,2.2227700000000006,0.0,0.0,0.0,NA,0.0,0.0
SCHOOL_1475,0,0,0,0,0,0,0,0,0,0,1,840000.0,7.842316399999999,2.2216311,0.0,0.0,0.0,NA,0.0,0.0
SCHOOL_1476,0,0,0,0,0,0,0,0,0,0,1,693700.0,7.843712599999999,2.1961158,0.0,0.0,0.0,NA,0.0,0.0
SCHOOL_1477,0,0,0,0,0,0,0,0,0,0,1,693700.0,7.8477997,2.1952304000000002,0.0,0.0,0.0,NA,0.0,0.0
SCHOOL_1478,0,0,0,0,0,0,0,0,0,0,1,840000.0,7.855431500000001,2.2163098000000003,0.0,0.0,0.0,NA,0.0,0.0
SCHOOL_1479,0,0,0,0,0,0,0,0,0,0,1,1483700.0,7.858126999999998,2.2016527,0.0,0.0,0.0,NA,0.0,0.0
SCHOOL_1480,0,0,0,0,0,0,0,0,0,0,1,1372200.0,7.858656100000001,2.2382648,0.0,0.0,0.0,NA,0.0,0.0
SCHOOL_1481,0,0,0,0,0,0,0,0,0,0,1,6419000.0,7.859196900000001,2.3365702,0.0,0.0,0.0,NA,0.0,0.0
SCHOOL_1482,0,0,0,0,0,0,0,0,0,0,1,840000.0,7.859805399999997,2.2163944000000004,0.0,0.0,0.0,NA,0.0,0.0
SCHOOL_1483,0,0,0,0,0,0,0,0,0,0,1,4716000.0,7.862449999999999,2.1976700000000005,0.0,0.0,0.0,NA,0.0,0.0
SCHOOL_1484,0,0,0,0,0,0,0,0,0,0,1,1262400.0,7.872605000000002,2.5220633,0.0,0.0,0.0,NA,0.0,0.0
SCHOOL_1485,0,0,0,0,0,0,0,0,0,0,1,4704600.0,7.8766877,2.2899016,0.0,0.0,0.0,NA,0.0,0.0
SCHOOL_1486,0,0,0,0,0,0,0,0,0,0,1,1526000.0,7.8826183,2.4678583,0.0,0.0,0.0,NA,0.0,0.0
SCHOOL_1487,0,0,0,0,0,0,0,0,0,0,1,3912000.0,7.8855499999999985,2.20778,0.0,0.0,0.0,NA,0.0,0.0
SCHOOL_1488,0,0,0,0,0,0,0,0,0,0,1,840000.0,7.893129799999998,2.2233988,0.0,0.0,0.0,NA,0.0,0.0
SCHOOL_1489,0,0,0,0,0,0,0,0,0,0,1,3778900.0,7.894258599999999,2.2559765,0.0,0.0,0.0,NA,0.0,0.0
SCHOOL_1490,0,0,0,0,0,0,0,0,0,0,1,1073600.0,7.894348299999998,2.4111783,0.0,0.0,0.0,NA,0.0,0.0
SCHOOL_1491,0,0,0,0,0,0,0,0,0,0,1,2847200.0,7.907460699999998,2.2297436000000004,0.0,0.0,0.0,NA,0.0,0.0
SCHOOL_1492,0,0,0,0,0,0,0,0,0,0,1,3901200.0,7.790041999999996,2.7193991,0.0,0.0,0.0,NA,0.0,0.0
SCHOOL_1493,0,0,0,0,0,0,0,0,0,0,1,2085100.0,7.808447699999999,2.5860494,0.0,0.0,0.0,NA,0.0,0.0
SCHOOL_1494,0,0,0,0,0,0,0,0,0,0,1,3535900.0,7.8178113999999965,2.5858476000000006,0.0,0.0,0.0,NA,0.0,0.0
SCHOOL_1495,0,0,0,0,0,0,0,0,0,0,1,1752000.0,7.821750000000001,2.57895,0.0,0.0,0.0,NA,0.0,0.0
SCHOOL_1496,0,0,0,0,0,0,0,0,0,0,1,696400.0,7.8393,2.5459399999999994,0.0,0.0,0.0,NA,0.0,0.0
SCHOOL_1497,0,0,0,0,0,0,0,0,0,0,1,1783800.0,7.8816483,2.5568249999999995,0.0,0.0,0.0,NA,0.0,0.0
SCHOOL_1498,0,0,0,0,0,0,0,0,0,0,1,6128300.0,7.897175,2.6362267,0.0,0.0,0.0,NA,0.0,0.0
SCHOOL_1499,0,0,0,0,0,0,0,0,0,0,1,2304200.0,7.904406700000001,2.5434883,0.0,0.0,0.0,NA,0.0,0.0
SCHOOL_1500,0,0,0,0,0,0,0,0,0,0,1,3378400.0,8.017262999999996,2.6991308,0.0,0.0,0.0,NA,0.0,0.0
SCHOOL_1501,0,0,0,0,0,0,0,0,0,0,1,1478800.0,7.918321099999997,2.2229647000000003,0.0,0.0,0.0,NA,0.0,0.0
SCHOOL_1502,0,0,0,0,0,0,0,0,0,0,1,2381000.0,7.921644,2.3146379000000006,0.0,0.0,0.0,NA,0.0,0.0
SCHOOL_1503,0,0,0,0,0,0,0,0,0,0,1,1538400.0,7.926535000000002,2.3988933000000006,0.0,0.0,0.0,NA,0.0,0.0
SCHOOL_1504,0,0,0,0,0,0,0,0,0,0,1,840000.0,7.930306899999999,2.2246433000000003,0.0,0.0,0.0,NA,0.0,0.0
SCHOOL_1505,0,0,0,0,0,0,0,0,0,0,1,7968000.0,7.93206,2.2465800000000002,0.0,0.0,0.0,NA,0.0,0.0
SCHOOL_1506,0,0,0,0,0,0,0,0,0,0,1,2256000.0,7.938530000000003,2.20278,0.0,0.0,0.0,NA,0.0,0.0
SCHOOL_1507,0,0,0,0,0,0,0,0,0,0,1,2469400.0,7.9435283000000005,2.4744199999999994,0.0,0.0,0.0,NA,0.0,0.0
SCHOOL_1508,0,0,0,0,0,0,0,0,0,0,1,3859700.0,7.950594,2.2987988999999995,0.0,0.0,0.0,NA,0.0,0.0
SCHOOL_1509,0,0,0,0,0,0,0,0,0,0,1,3306200.0,7.962216199999999,2.1920926000000005,0.0,0.0,0.0,NA,0.0,0.0
SCHOOL_1510,0,0,0,0,0,0,0,0,0,0,1,3227800.0,7.976050199999999,2.2767404,0.0,0.0,0.0,NA,0.0,0.0
SCHOOL_1511,0,0,0,0,0,0,0,0,0,0,1,7264800.0,7.980921000000001,2.2861000000000002,0.0,0.0,0.0,NA,0.0,0.0
SCHOOL_1512,0,0,0,0,0,0,0,0,0,0,1,2657600.0,7.984403499999999,2.4917393,0.0,0.0,0.0,NA,0.0,0.0
SCHOOL_1513,0,0,0,0,0,0,0,0,0,0,1,6217000.0,7.999751799999997,1.6552236000000005,0.0,0.0,0.0,NA,0.0,0.0
SCHOOL_1514,0,0,0,0,0,0,0,0,0,0,3,2520000.0,8.0081865,1.6494283999999997,0.0,0.0,0.0,NA,0.0,0.0
SCHOOL_1515,0,0,0,0,0,0,0,0,0,0,1,12000000.0,8.011819999999998,1.6553099999999996,0.0,0.0,0.0,NA,0.0,0.0
SCHOOL_1516,0,0,0,0,0,0,0,0,0,0,1,2338600.0,7.996867800000002,1.9059855,0.0,0.0,0.0,NA,0.0,0.0
SCHOOL_1517,0,0,0,0,0,0,0,0,0,0,1,6956500.0,8.02581,2.02026,0.0,0.0,0.0,NA,0.0,0.0
SCHOOL_1518,0,0,0,0,0,0,0,0,0,0,3,13112699.999999998,8.0289079,1.983447,0.0,0.0,0.0,NA,0.0,0.0
SCHOOL_1519,0,0,0,0,0,0,0,0,0,0,1,1178900.0,8.0752657,2.1177018,0.0,0.0,0.0,NA,0.0,0.0
SCHOOL_1520,0,0,0,0,0,0,0,0,0,0,1,6404600.0,8.071603999999997,1.9791309999999998,0.0,0.0,0.0,NA,0.0,0.0
SCHOOL_1521,0,0,0,0,0,0,0,0,0,0,1,7747700.0,8.0973465,1.8057436999999996,0.0,0.0,0.0,NA,0.0,0.0
SCHOOL_1522,0,0,0,0,0,0,0,0,0,0,1,3960000.0,8.10249,1.9597400000000003,0.0,0.0,0.0,NA,0.0,0.0
SCHOOL_1523,0,0,0,0,0,0,0,0,0,0,1,5616000.0,8.14933,1.6574300000000002,0.0,0.0,0.0,NA,0.0,0.0
SCHOOL_1524,0,0,0,0,0,0,0,0,0,0,1,1862500.0,8.0840808,2.1375290000000002,0.0,0.0,0.0,NA,0.0,0.0
SCHOOL_1525,0,0,0,0,0,0,0,0,0,0,1,840000.0,8.097822899999999,2.1164451,0.0,0.0,0.0,NA,0.0,0.0
SCHOOL_1526,0,0,0,0,0,0,0,0,0,0,1,2934400.0,8.099768799999998,2.0930907000000003,0.0,0.0,0.0,NA,0.0,0.0
SCHOOL_1527,0,0,0,0,0,0,0,0,0,0,1,840000.0,8.1011495,2.1412846000000005,0.0,0.0,0.0,NA,0.0,0.0
SCHOOL_1528,0,0,0,0,0,0,0,0,0,0,1,3318800.0,8.1013278,2.1536889,0.0,0.0,0.0,NA,0.0,0.0
SCHOOL_1529,0,0,0,0,0,0,0,0,0,0,1,942500.0,8.106812100000003,2.1216658,0.0,0.0,0.0,NA,0.0,0.0
SCHOOL_1530,0,0,0,0,0,0,0,0,0,0,1,4348300.0,8.1178757,2.1221873000000007,0.0,0.0,0.0,NA,0.0,0.0
SCHOOL_1531,0,0,0,0,0,0,0,0,0,0,1,1739500.0,8.1292959,2.1492419,0.0,0.0,0.0,NA,0.0,0.0
SCHOOL_1532,0,0,0,0,0,0,0,0,0,0,1,5070500.0,8.114971699999998,1.9665953999999999,0.0,0.0,0.0,NA,0.0,0.0
SCHOOL_1533,0,0,0,0,0,0,0,0,0,0,1,840000.0,8.120766299999998,1.9675125000000007,0.0,0.0,0.0,NA,0.0,0.0
SCHOOL_1534,0,0,0,0,0,0,0,0,0,0,1,6567000.0,8.128169300000001,1.9092739,0.0,0.0,0.0,NA,0.0,0.0
SCHOOL_1535,0,0,0,0,0,0,0,0,0,0,1,3972000.0,7.989030000000001,2.28828,0.0,0.0,0.0,NA,0.0,0.0
SCHOOL_1536,0,0,0,0,0,0,0,0,0,0,1,4976200.0,7.989041899999998,2.5181631,0.0,0.0,0.0,NA,0.0,0.0
SCHOOL_1537,0,0,0,0,0,0,0,0,0,0,1,3228000.0,7.996530000000001,2.3042300000000004,0.0,0.0,0.0,NA,0.0,0.0
SCHOOL_1538,0,0,0,0,0,0,0,0,0,0,1,5273300.0,8.0073297,2.3288677,0.0,0.0,0.0,NA,0.0,0.0
SCHOOL_1539,0,0,0,0,0,0,0,0,0,0,2,3297200.0,8.007816799999999,2.3624247000000005,0.0,0.0,0.0,NA,0.0,0.0
SCHOOL_1540,0,0,0,0,0,0,0,0,0,0,1,4592200.0,8.007980199999999,2.2620139,0.0,0.0,0.0,NA,0.0,0.0
SCHOOL_1541,0,0,0,0,0,0,0,0,0,0,1,6031900.0,8.0085333,2.2263454,0.0,0.0,0.0,NA,0.0,0.0
SCHOOL_1542,0,0,0,0,0,0,0,0,0,0,1,10416000.0,8.009339999999996,2.40302,0.0,0.0,0.0,NA,0.0,0.0
SCHOOL_1543,0,0,0,0,0,0,0,0,0,0,1,3089500.0,8.010714,2.365075,0.0,0.0,0.0,NA,0.0,0.0
SCHOOL_1544,0,0,0,0,0,0,0,0,0,0,1,3302500.0,8.012709900000003,2.4417153,0.0,0.0,0.0,NA,0.0,0.0
SCHOOL_1545,0,0,0,0,0,0,0,0,0,0,1,640100.0,8.017580299999999,2.5153061,0.0,0.0,0.0,NA,0.0,0.0
SCHOOL_1546,0,0,0,0,0,0,0,0,0,0,1,2831200.0,8.022974599999996,2.5242806,0.0,0.0,0.0,NA,0.0,0.0
SCHOOL_1547,0,0,0,0,0,0,0,0,0,0,1,2002300.0,8.027683300000001,2.465785,0.0,0.0,0.0,NA,0.0,0.0
SCHOOL_1548,0,0,0,0,0,0,0,0,0,0,2,1696400.0,8.030214400173923,2.4692917499195755,0.0,0.0,0.0,NA,0.0,0.0
SCHOOL_1549,0,0,0,0,0,0,0,0,0,0,1,3805600.0,8.0487421,2.3058039000000004,0.0,0.0,0.0,NA,0.0,0.0
SCHOOL_1550,0,0,0,0,0,0,0,0,0,0,1,953900.0,8.060099499999998,2.3306493,0.0,0.0,0.0,NA,0.0,0.0
SCHOOL_1551,0,0,0,0,0,0,0,0,0,0,1,3020600.0,8.0625589,2.5131402,0.0,0.0,0.0,NA,0.0,0.0
SCHOOL_1552,0,0,0,0,0,0,0,0,0,0,1,2713000.0,8.0651502,2.3353046,0.0,0.0,0.0,NA,0.0,0.0
SCHOOL_1553,0,0,0,0,0,0,0,0,0,0,1,7169300.0,8.069207700000002,2.3409342,0.0,0.0,0.0,NA,0.0,0.0
SCHOOL_1554,0,0,0,0,0,0,0,0,0,0,2,1680000.0,8.073117150136047,2.522841200115784,0.0,0.0,0.0,NA,0.0,0.0
SCHOOL_1555,0,0,0,0,0,0,0,0,0,0,1,840000.0,8.0928404,2.4697936,0.0,0.0,0.0,NA,0.0,0.0
SCHOOL_1556,0,0,0,0,0,0,0,0,0,0,1,3803200.0,8.031278599999997,2.6520661000000003,0.0,0.0,0.0,NA,0.0,0.0
SCHOOL_1557,0,0,0,0,0,0,0,0,0,0,1,840000.0,8.034182099999999,2.7118370000000005,0.0,0.0,0.0,NA,0.0,0.0
SCHOOL_1558,0,0,0,0,0,0,0,0,0,0,1,3381000.0,8.0410208,2.5961728999999996,0.0,0.0,0.0,NA,0.0,0.0
SCHOOL_1559,0,0,0,0,0,0,0,0,0,0,2,7871000.0,8.046754251274187,2.6990909490303525,0.0,0.0,0.0,NA,0.0,0.0
SCHOOL_1560,0,0,0,0,0,0,0,0,0,0,1,3849700.0,8.067330000000004,2.6336744,0.0,0.0,0.0,NA,0.0,0.0
SCHOOL_1561,0,0,0,0,0,0,0,0,0,0,1,1416000.0,8.09011,2.53271,0.0,0.0,0.0,NA,0.0,0.0
SCHOOL_1562,0,0,0,0,0,0,0,0,0,0,1,2137600.0,8.0953567,2.4520853000000002,0.0,0.0,0.0,NA,0.0,0.0
SCHOOL_1563,0,0,0,0,0,0,0,0,0,0,1,10278400.0,8.118693000000002,2.3335447,0.0,0.0,0.0,NA,0.0,0.0
SCHOOL_1564,0,0,0,0,0,0,0,0,0,0,1,1374200.0,8.12972,2.4665583000000004,0.0,0.0,0.0,NA,0.0,0.0
SCHOOL_1565,0,0,0,0,0,0,0,0,0,0,1,3310800.0,8.1652912,2.3540212,0.0,0.0,0.0,NA,0.0,0.0
SCHOOL_1566,0,0,0,0,0,0,0,0,0,0,1,2643700.0,8.168946699999998,2.2606817,0.0,0.0,0.0,NA,0.0,0.0
SCHOOL_1567,0,0,0,0,0,0,0,0,0,0,1,700200.0,8.128493700000002,2.6174107000000006,0.0,0.0,0.0,NA,0.0,0.0
SCHOOL_1568,0,0,0,0,0,0,0,0,0,0,1,1107800.0,8.133252500000001,2.5481179000000003,0.0,0.0,0.0,NA,0.0,0.0
SCHOOL_1569,0,0,0,0,0,0,0,0,0,0,1,1123300.0,8.140999799999998,2.5855962,0.0,0.0,0.0,NA,0.0,0.0
SCHOOL_1570,0,0,0,0,0,0,0,0,0,0,1,1340600.0,8.1466129,2.5938981,0.0,0.0,0.0,NA,0.0,0.0
SCHOOL_1571,0,0,0,0,0,0,0,0,0,0,1,1131700.0,8.1606444,2.709709,0.0,0.0,0.0,NA,0.0,0.0
SCHOOL_1572,0,0,0,0,0,0,0,0,0,0,1,1718000.0,8.168423600000002,2.618363,0.0,0.0,0.0,NA,0.0,0.0
SCHOOL_1573,0,0,0,0,0,0,0,0,0,0,1,1655900.0,8.1725537,2.5295122,0.0,0.0,0.0,NA,0.0,0.0
SCHOOL_1574,0,0,0,0,0,0,0,0,0,0,1,2555900.0,8.186417199999998,2.5538055,0.0,0.0,0.0,NA,0.0,0.0
SCHOOL_1575,0,0,0,0,0,0,0,0,0,0,1,2278800.0,8.1881014,2.622772,0.0,0.0,0.0,NA,0.0,0.0
SCHOOL_1576,0,0,0,0,0,0,0,0,0,0,1,2636300.0,8.1468818,2.1404115000000004,0.0,0.0,0.0,NA,0.0,0.0
SCHOOL_1577,0,0,0,0,0,0,0,0,0,0,1,4214000.0,8.182603399999998,2.1556116999999997,0.0,0.0,0.0,NA,0.0,0.0
SCHOOL_1578,0,0,0,0,0,0,0,0,0,0,1,2055500.0,8.208586199999997,2.1096702,0.0,0.0,0.0,NA,0.0,0.0
SCHOOL_1579,0,0,0,0,0,0,0,0,0,0,1,11364000.0,8.210930000000001,2.18659,0.0,0.0,0.0,NA,0.0,0.0
SCHOOL_1580,0,0,0,0,0,0,0,0,0,0,1,2667800.0,8.2182245,2.0932222999999994,0.0,0.0,0.0,NA,0.0,0.0
SCHOOL_1581,0,0,0,0,0,0,0,0,0,0,1,3108000.0,8.1816328,2.2174026,0.0,0.0,0.0,NA,0.0,0.0
SCHOOL_1582,0,0,0,0,0,0,0,0,0,0,1,3912400.0,8.1900283,2.385655,0.0,0.0,0.0,NA,0.0,0.0
SCHOOL_1583,0,0,0,0,0,0,0,0,0,0,1,4688300.0,8.204212499999999,2.344246,0.0,0.0,0.0,NA,0.0,0.0
SCHOOL_1584,0,0,0,0,0,0,0,0,0,0,1,2531500.0,8.2339319,2.2861079999999996,0.0,0.0,0.0,NA,0.0,0.0
SCHOOL_1585,0,0,0,0,0,0,0,0,0,0,1,2253600.0,8.2410014,2.3304953,0.0,0.0,0.0,NA,0.0,0.0
SCHOOL_1586,0,0,0,0,0,0,0,0,0,0,1,3869600.0,8.242665200000001,2.2301515,0.0,0.0,0.0,NA,0.0,0.0
SCHOOL_1587,0,0,0,0,0,0,0,0,0,0,1,5015200.0,8.2569283,2.227565,0.0,0.0,0.0,NA,0.0,0.0
SCHOOL_1588,0,0,0,0,0,0,0,0,0,0,1,3600000.0,8.291499999999997,2.40748,0.0,0.0,0.0,NA,0.0,0.0
SCHOOL_1589,0,0,0,0,0,0,0,0,0,0,2,6960000.0,8.243779999999997,2.6822800000000004,0.0,0.0,0.0,NA,0.0,0.0
SCHOOL_1590,0,0,0,0,0,0,0,0,0,0,1,3013400.0,8.2460011,2.6481743,0.0,0.0,0.0,NA,0.0,0.0
SCHOOL_1591,0,0,0,0,0,0,0,0,0,0,1,2136000.0,8.29971,2.64785,0.0,0.0,0.0,NA,0.0,0.0
SCHOOL_1592,0,0,0,0,0,0,0,0,0,0,1,2406200.0,8.252050999999998,2.1491385,0.0,0.0,0.0,NA,0.0,0.0
SCHOOL_1593,0,0,0,0,0,0,0,0,0,0,1,2240500.0,8.257002300000002,2.0951347000000005,0.0,0.0,0.0,NA,0.0,0.0
SCHOOL_1594,0,0,0,0,0,0,0,0,0,0,1,3303800.0,8.275922599999998,2.1586224000000005,0.0,0.0,0.0,NA,0.0,0.0
SCHOOL_1595,0,0,0,0,0,0,0,0,0,0,1,1908200.0,8.2830395,2.0983277000000005,0.0,0.0,0.0,NA,0.0,0.0
SCHOOL_1596,0,0,0,0,0,0,0,0,0,0,1,1647600.0,8.284526900000001,2.1449749,0.0,0.0,0.0,NA,0.0,0.0
SCHOOL_1597,0,0,0,0,0,0,0,0,0,0,1,1771600.0,8.311424399999998,2.1011724,0.0,0.0,0.0,NA,0.0,0.0
SCHOOL_1598,0,0,0,0,0,0,0,0,0,0,1,805000.0,8.3133131,2.1226065999999997,0.0,0.0,0.0,NA,0.0,0.0
SCHOOL_1599,0,0,0,0,0,0,0,0,0,0,1,1331400.0,8.319313699999999,2.1401528,0.0,0.0,0.0,NA,0.0,0.0
SCHOOL_1600,0,0,0,0,0,0,0,0,0,0,1,1030700.0,8.3307302,2.1321015,0.0,0.0,0.0,NA,0.0,0.0
SCHOOL_1601,0,0,0,0,0,0,0,0,0,0,1,2196700.0,8.2957919,2.3946428,0.0,0.0,0.0,NA,0.0,0.0
SCHOOL_1602,0,0,0,0,0,0,0,0,0,0,1,4746200.0,8.3134722,2.3112658999999995,0.0,0.0,0.0,NA,0.0,0.0
SCHOOL_1603,0,0,0,0,0,0,0,0,0,0,1,7313200.0,8.3683094,2.4178929,0.0,0.0,0.0,NA,0.0,0.0
SCHOOL_1604,0,0,0,0,0,0,0,0,0,0,1,4563700.0,8.383156199999998,2.3512377,0.0,0.0,0.0,NA,0.0,0.0
SCHOOL_1605,0,0,0,0,0,0,0,0,0,0,1,6426000.0,8.383313999999999,2.1910152,0.0,0.0,0.0,NA,0.0,0.0
SCHOOL_1606,0,0,0,0,0,0,0,0,0,0,1,2792400.0,8.3423233,2.6804442,0.0,0.0,0.0,NA,0.0,0.0
SCHOOL_1607,0,0,0,0,0,0,0,0,0,0,1,4526800.0,8.3844246,2.5591736000000003,0.0,0.0,0.0,NA,0.0,0.0
SCHOOL_1608,0,0,0,0,0,0,0,0,0,0,1,5201600.0,8.3888492,2.6233513,0.0,0.0,0.0,NA,0.0,0.0
SCHOOL_1609,0,0,0,0,0,0,0,0,0,0,1,3840000.0,8.40792,2.61048,0.0,0.0,0.0,NA,0.0,0.0
SCHOOL_1610,0,0,0,0,0,0,0,0,0,0,1,5148000.0,8.41275,2.59636,0.0,0.0,0.0,NA,0.0,0.0
SCHOOL_1611,0,0,0,0,0,0,0,0,0,0,1,2784200.0,8.447815799999999,2.5926671,0.0,0.0,0.0,NA,0.0,0.0
SCHOOL_1612,0,0,0,0,0,0,0,0,0,0,1,2520000.0,8.451679999999998,2.58828,0.0,0.0,0.0,NA,0.0,0.0
SCHOOL_1613,0,0,0,0,0,0,0,0,0,0,1,2784000.0,8.486,2.60025,0.0,0.0,0.0,NA,0.0,0.0
SCHOOL_1614,0,0,0,0,0,0,0,0,0,0,1,9587200.0,8.4618683,2.3430583,0.0,0.0,0.0,NA,0.0,0.0
SCHOOL_1615,0,0,0,0,0,0,0,0,0,0,1,2432900.0,8.4913848,2.3629433,0.0,0.0,0.0,NA,0.0,0.0
SCHOOL_1616,0,0,0,0,0,0,0,0,0,0,3,8420400.000000002,8.4933398,2.3928421000000006,0.0,0.0,0.0,NA,0.0,0.0
SCHOOL_1617,0,0,0,0,0,0,0,0,0,0,1,3108000.0,8.14084,1.9157600000000004,0.0,0.0,0.0,NA,0.0,0.0
SCHOOL_1618,0,0,0,0,0,0,0,0,0,0,1,3455500.0,8.151152800000002,1.9635384999999996,0.0,0.0,0.0,NA,0.0,0.0
SCHOOL_1619,0,0,0,0,0,0,0,0,0,0,1,3660000.0,8.15349,1.9695300000000007,0.0,0.0,0.0,NA,0.0,0.0
SCHOOL_1620,0,0,0,0,0,0,0,0,0,0,1,6129200.0,8.1571304,1.789817,0.0,0.0,0.0,NA,0.0,0.0
SCHOOL_1621,0,0,0,0,0,0,0,0,0,0,1,2652400.0,8.1652198,1.9052391000000006,0.0,0.0,0.0,NA,0.0,0.0
SCHOOL_1622,0,0,0,0,0,0,0,0,0,0,1,4471600.0,8.173155099999997,1.7597405,0.0,0.0,0.0,NA,0.0,0.0
SCHOOL_1623,0,0,0,0,0,0,0,0,0,0,1,3573000.0,8.1994611,1.9850643,0.0,0.0,0.0,NA,0.0,0.0
SCHOOL_1624,0,0,0,0,0,0,0,0,0,0,1,3094200.0,8.2269805,2.0054107,0.0,0.0,0.0,NA,0.0,0.0
SCHOOL_1625,0,0,0,0,0,0,0,0,0,0,1,4872600.0,8.237658099999999,1.9713509000000002,0.0,0.0,0.0,NA,0.0,0.0
SCHOOL_1626,0,0,0,0,0,0,0,0,0,0,1,4309100.0,8.338668300000002,1.9418149999999998,0.0,0.0,0.0,NA,0.0,0.0
SCHOOL_1627,0,0,0,0,0,0,0,0,0,0,1,6384000.0,8.37696,1.83117,0.0,0.0,0.0,NA,0.0,0.0
SCHOOL_1628,0,0,0,0,0,0,0,0,0,0,1,3480000.0,8.37902,1.8005400000000005,0.0,0.0,0.0,NA,0.0,0.0
SCHOOL_1629,0,0,0,0,0,0,0,0,0,0,1,3934200.0,8.379244999999997,1.8348395000000002,0.0,0.0,0.0,NA,0.0,0.0
SCHOOL_1630,0,0,0,0,0,0,0,0,0,0,1,4467400.0,8.511604999999996,1.6723217000000001,0.0,0.0,0.0,NA,0.0,0.0
SCHOOL_1631,0,0,0,0,0,0,0,0,0,0,1,3980400.0,8.529880000000002,1.7115249999999997,0.0,0.0,0.0,NA,0.0,0.0
SCHOOL_1632,0,0,0,0,0,0,0,0,0,0,1,1574600.0,8.5648233,1.6961817,0.0,0.0,0.0,NA,0.0,0.0
SCHOOL_1633,0,0,0,0,0,0,0,0,0,0,1,1224000.0,8.576944399999999,1.6922222000000002,0.0,0.0,0.0,NA,0.0,0.0
SCHOOL_1634,0,0,0,0,0,0,0,0,0,0,1,816000.0,8.42558,1.9878400000000003,0.0,0.0,0.0,NA,0.0,0.0
SCHOOL_1635,0,0,0,0,0,0,0,0,0,0,1,9480000.0,8.4260734,1.9903895999999996,0.0,0.0,0.0,NA,0.0,0.0
SCHOOL_1636,0,0,0,0,0,0,0,0,0,0,1,924000.0,8.427080000000002,2.03118,0.0,0.0,0.0,NA,0.0,0.0
SCHOOL_1637,0,0,0,0,0,0,0,0,0,0,2,7950000.0,8.428530200021633,2.03482029990502,0.0,0.0,0.0,NA,0.0,0.0
SCHOOL_1638,0,0,0,0,0,0,0,0,0,0,2,15576000.0,8.484829999999999,1.7300600000000004,0.0,0.0,0.0,NA,0.0,0.0
SCHOOL_1639,0,0,0,0,0,0,0,0,0,0,1,10156000.0,8.491374999999996,1.7429610000000002,0.0,0.0,0.0,NA,0.0,0.0
SCHOOL_1640,0,0,0,0,0,0,0,0,0,0,1,2012400.0,8.335747700000002,2.1548240999999995,0.0,0.0,0.0,NA,0.0,0.0
SCHOOL_1641,0,0,0,0,0,0,0,0,0,0,1,1098400.0,8.3533191,2.1151409,0.0,0.0,0.0,NA,0.0,0.0
SCHOOL_1642,0,0,0,0,0,0,0,0,0,0,1,840000.0,8.358061299999997,2.1046480999999995,0.0,0.0,0.0,NA,0.0,0.0
SCHOOL_1643,0,0,0,0,0,0,0,0,0,0,1,1489700.0,8.363505499999999,2.0992206000000007,0.0,0.0,0.0,NA,0.0,0.0
SCHOOL_1644,0,0,0,0,0,0,0,0,0,0,1,5857600.0,8.3663422,2.1387914,0.0,0.0,0.0,NA,0.0,0.0
SCHOOL_1645,0,0,0,0,0,0,0,0,0,0,1,4208200.0,8.382381300000002,2.0810108000000005,0.0,0.0,0.0,NA,0.0,0.0
SCHOOL_1646,0,0,0,0,0,0,0,0,0,0,1,5821400.0,8.4975778,2.1597185,0.0,0.0,0.0,NA,0.0,0.0
SCHOOL_1647,0,0,0,0,0,0,0,0,0,0,1,4096800.0,9.051388899999997,2.1002778,0.0,0.0,0.0,NA,0.0,0.0
SCHOOL_1648,0,0,0,0,0,0,0,0,0,0,1,3977300.0,9.0726296,2.0864642,0.0,0.0,0.0,NA,0.0,0.0
SCHOOL_1649,0,0,0,0,0,0,0,0,0,0,1,7669100.0,9.095607600000001,2.0998221999999993,0.0,0.0,0.0,NA,0.0,0.0
SCHOOL_1650,0,0,0,0,0,0,0,0,0,0,1,6527400.0,8.6748724,1.6357184000000005,0.0,0.0,0.0,NA,0.0,0.0
SCHOOL_1651,0,0,0,0,0,0,0,0,0,0,1,1848000.0,8.679739999999999,1.6365899999999998,0.0,0.0,0.0,NA,0.0,0.0
SCHOOL_1652,0,0,0,0,0,0,0,0,0,0,4,4374400.0,8.786363499999998,1.6485943999999997,0.0,0.0,0.0,NA,0.0,0.0
SCHOOL_1653,0,0,0,0,0,0,0,0,0,0,1,8304000.0,8.50735,1.72253,0.0,0.0,0.0,NA,0.0,0.0
SCHOOL_1654,0,0,0,0,0,0,0,0,0,0,1,6416900.0,8.59352,1.7393550000000007,0.0,0.0,0.0,NA,0.0,0.0
SCHOOL_1655,0,0,0,0,0,0,0,0,0,0,1,11942600.0,8.961155699999999,1.8804067,0.0,0.0,0.0,NA,0.0,0.0
SCHOOL_1656,0,0,0,0,0,0,0,0,0,0,1,1488000.0,8.844149999999997,1.6499499999999996,0.0,0.0,0.0,NA,0.0,0.0
SCHOOL_1657,0,0,0,0,0,0,0,0,0,0,2,13058600.0,8.85941710024646,1.6441934007877328,0.0,0.0,0.0,NA,0.0,0.0
SCHOOL_1658,0,0,0,0,0,0,0,0,0,0,1,8208000.0,8.495700000000001,2.36312,0.0,0.0,0.0,NA,0.0,0.0
SCHOOL_1659,0,0,0,0,0,0,0,0,0,0,1,5741600.0,8.5163611,2.6102539999999994,0.0,0.0,0.0,NA,0.0,0.0
SCHOOL_1660,0,0,0,0,0,0,0,0,0,0,1,2832000.0,8.54801,2.60326,0.0,0.0,0.0,NA,0.0,0.0
SCHOOL_1661,0,0,0,0,0,0,0,0,0,0,1,5908000.0,8.550115000000002,2.6062017,0.0,0.0,0.0,NA,0.0,0.0
SCHOOL_1662,0,0,0,0,0,0,0,0,0,0,2,2117800.0,8.559788750033503,2.7501596000220383,0.0,0.0,0.0,NA,0.0,0.0
SCHOOL_1663,0,0,0,0,0,0,0,0,0,0,1,12000000.0,8.5779378,2.5902797,0.0,0.0,0.0,NA,0.0,0.0
SCHOOL_1664,0,0,0,0,0,0,0,0,0,0,1,3342200.0,8.600439400000003,2.5974472,0.0,0.0,0.0,NA,0.0,0.0
SCHOOL_1665,0,0,0,0,0,0,0,0,0,0,1,840000.0,8.5005914,2.3791379,0.0,0.0,0.0,NA,0.0,0.0
SCHOOL_1666,0,0,0,0,0,0,0,0,0,0,1,4980000.0,8.506319999999999,2.4282,0.0,0.0,0.0,NA,0.0,0.0
SCHOOL_1667,0,0,0,0,0,0,0,0,0,0,1,6123000.0,8.541233300000002,2.3214317000000007,0.0,0.0,0.0,NA,0.0,0.0
SCHOOL_1668,0,0,0,0,0,0,0,0,0,0,1,12000000.0,8.5654183,2.2417033,0.0,0.0,0.0,NA,0.0,0.0
SCHOOL_1669,0,0,0,0,0,0,0,0,0,0,1,9589700.0,8.591549999999998,2.4210517,0.0,0.0,0.0,NA,0.0,0.0
SCHOOL_1670,0,0,0,0,0,0,0,0,0,0,1,3941300.0,8.651836699999999,2.4509783,0.0,0.0,0.0,NA,0.0,0.0
SCHOOL_1671,0,0,0,0,0,0,0,0,0,0,1,12000000.0,8.6766117,2.2289117,0.0,0.0,0.0,NA,0.0,0.0
SCHOOL_1672,0,0,0,0,0,0,0,0,0,0,1,6720000.0,8.606169999999999,2.55734,0.0,0.0,0.0,NA,0.0,0.0
SCHOOL_1673,0,0,0,0,0,0,0,0,0,0,1,5769500.0,8.620623299999998,2.595105,0.0,0.0,0.0,NA,0.0,0.0
SCHOOL_1674,0,0,0,0,0,0,0,0,0,0,1,1788100.0,8.6361679,2.5924378000000003,0.0,0.0,0.0,NA,0.0,0.0
SCHOOL_1675,0,0,0,0,0,0,0,0,0,0,1,2953900.0,8.6477767,2.5915917,0.0,0.0,0.0,NA,0.0,0.0
SCHOOL_1676,0,0,0,0,0,0,0,0,0,0,1,2961500.0,8.652513300000003,2.546865,0.0,0.0,0.0,NA,0.0,0.0
SCHOOL_1677,0,0,0,0,0,0,0,0,0,0,1,5914700.0,8.6539015,2.7306035000000004,0.0,0.0,0.0,NA,0.0,0.0
SCHOOL_1678,0,0,0,0,0,0,0,0,0,0,1,11676000.0,8.669309999999998,2.59164,0.0,0.0,0.0,NA,0.0,0.0
SCHOOL_1679,0,0,0,0,0,0,0,0,0,0,6,4821600.0,8.70610196666669,2.5938789333334404,0.0,0.0,0.0,NA,0.0,0.0
SCHOOL_1680,0,0,0,0,0,0,0,0,0,0,1,8900200.0,8.719858500000003,2.5952087,0.0,0.0,0.0,NA,0.0,0.0
SCHOOL_1681,0,0,0,0,0,0,0,0,0,0,2,4539800.0,8.728840000099945,2.6545158494095116,0.0,0.0,0.0,NA,0.0,0.0
SCHOOL_1682,0,0,0,0,0,0,0,0,0,0,1,4884000.0,8.7519817,2.6363182999999997,0.0,0.0,0.0,NA,0.0,0.0
SCHOOL_1683,0,0,0,0,0,0,0,0,0,0,1,840000.0,8.762607700000002,2.7288547,0.0,0.0,0.0,NA,0.0,0.0
SCHOOL_1684,0,0,0,0,0,0,0,0,0,0,1,4047100.0,8.800126900000002,2.6130743,0.0,0.0,0.0,NA,0.0,0.0
SCHOOL_1685,0,0,0,0,0,0,0,0,0,0,1,7648400.0,8.8146382,2.6486185,0.0,0.0,0.0,NA,0.0,0.0
SCHOOL_1686,0,0,0,0,0,0,0,0,0,0,1,10821600.0,8.8277307,2.6059437,0.0,0.0,0.0,NA,0.0,0.0
SCHOOL_1687,0,0,0,0,0,0,0,0,0,0,1,3256000.0,8.8491609,2.5595335,0.0,0.0,0.0,NA,0.0,0.0
SCHOOL_1688,0,0,0,0,0,0,0,0,0,0,1,7963900.0,8.7756992,2.3157766000000004,0.0,0.0,0.0,NA,0.0,0.0
SCHOOL_1689,0,0,0,0,0,0,0,0,0,0,1,12000000.0,8.8264582,2.5151886,0.0,0.0,0.0,NA,0.0,0.0
SCHOOL_1690,0,0,0,0,0,0,0,0,0,0,1,2376000.0,8.842449999999998,2.28945,0.0,0.0,0.0,NA,0.0,0.0
SCHOOL_1691,0,0,0,0,0,0,0,0,0,0,1,1400600.0,8.9733544,2.3762816,0.0,0.0,0.0,NA,0.0,0.0
SCHOOL_1692,0,0,0,0,0,0,0,0,0,0,1,6899400.0,8.884157599999998,2.6732509,0.0,0.0,0.0,NA,0.0,0.0
SCHOOL_1693,0,0,0,0,0,0,0,0,0,0,1,2568000.0,8.99506,1.97117,0.0,0.0,0.0,NA,0.0,0.0
SCHOOL_1694,0,0,0,0,0,0,0,0,0,0,3,3177000.0,9.0027851,1.7305656000000005,0.0,0.0,0.0,NA,0.0,0.0
SCHOOL_1695,0,0,0,0,0,0,0,0,0,0,1,4224000.0,9.004150000000001,1.64731,0.0,0.0,0.0,NA,0.0,0.0
SCHOOL_1696,0,0,0,0,0,0,0,0,0,0,1,8156500.0,9.0508152,1.6784085999999998,0.0,0.0,0.0,NA,0.0,0.0
SCHOOL_1697,0,0,0,0,0,0,0,0,0,0,1,2016000.0,9.01844,1.7334599999999998,0.0,0.0,0.0,NA,0.0,0.0
SCHOOL_1698,0,0,0,0,0,0,0,0,0,0,1,912000.0,9.0233,2.0445500000000005,0.0,0.0,0.0,NA,0.0,0.0
SCHOOL_1699,0,0,0,0,0,0,0,0,0,0,1,6265200.0,9.029098799999998,2.0529331999999996,0.0,0.0,0.0,NA,0.0,0.0
SCHOOL_1700,0,0,0,0,0,0,0,0,0,0,4,3360000.0,9.087751300014347,1.906946749961469,0.0,0.0,0.0,NA,0.0,0.0
SCHOOL_1701,0,0,0,0,0,0,0,0,0,0,1,2171500.0,8.912340599999999,2.7202984000000003,0.0,0.0,0.0,NA,0.0,0.0
SCHOOL_1702,0,0,0,0,0,0,0,0,0,0,1,10205300.0,8.9204854,2.5650107,0.0,0.0,0.0,NA,0.0,0.0
SCHOOL_1703,0,0,0,0,0,0,0,0,0,0,1,3179500.0,8.930142799999999,2.5885681,0.0,0.0,0.0,NA,0.0,0.0
SCHOOL_1704,0,0,0,0,0,0,0,0,0,0,1,1176600.0,8.9310758,2.6617945,0.0,0.0,0.0,NA,0.0,0.0
SCHOOL_1705,0,0,0,0,0,0,0,0,0,0,1,1113100.0,8.937723599999998,2.5293861000000004,0.0,0.0,0.0,NA,0.0,0.0
SCHOOL_1706,0,0,0,0,0,0,0,0,0,0,1,4031400.0,8.9525267,2.5889879,0.0,0.0,0.0,NA,0.0,0.0
SCHOOL_1707,0,0,0,0,0,0,0,0,0,0,1,6986000.0,8.973504899999998,2.6953802,0.0,0.0,0.0,NA,0.0,0.0
SCHOOL_1708,0,0,0,0,0,0,0,0,0,0,1,5803600.0,8.976658,2.592674,0.0,0.0,0.0,NA,0.0,0.0
SCHOOL_1709,0,0,0,0,0,0,0,0,0,0,1,4517800.0,8.989233099999998,2.5894736,0.0,0.0,0.0,NA,0.0,0.0
SCHOOL_1710,0,0,0,0,0,0,0,0,0,0,1,7191100.0,9.0073611,2.5871027000000004,0.0,0.0,0.0,NA,0.0,0.0
SCHOOL_1711,0,0,0,0,0,0,0,0,0,0,1,3288000.0,9.01108,2.58612,0.0,0.0,0.0,NA,0.0,0.0
SCHOOL_1712,0,0,0,0,0,0,0,0,0,0,1,4083100.0,9.0200271,2.5314458000000006,0.0,0.0,0.0,NA,0.0,0.0
SCHOOL_1713,0,0,0,0,0,0,0,0,0,0,1,1699600.0,9.0250593,2.6152395000000004,0.0,0.0,0.0,NA,0.0,0.0
SCHOOL_1714,0,0,0,0,0,0,0,0,0,0,1,3099200.0,9.0264506,2.5778464000000003,0.0,0.0,0.0,NA,0.0,0.0
SCHOOL_1715,0,0,0,0,0,0,0,0,0,0,1,6925200.0,8.985530799999996,2.4298432000000005,0.0,0.0,0.0,NA,0.0,0.0
SCHOOL_1716,0,0,0,0,0,0,0,0,0,0,1,4116000.0,8.98778,2.4913900000000004,0.0,0.0,0.0,NA,0.0,0.0
SCHOOL_1717,0,0,0,0,0,0,0,0,0,0,1,2660400.0,8.993793,2.4964732999999995,0.0,0.0,0.0,NA,0.0,0.0
SCHOOL_1718,0,0,0,0,0,0,0,0,0,0,1,5839100.0,9.026423499999998,2.4969673,0.0,0.0,0.0,NA,0.0,0.0
SCHOOL_1719,0,0,0,0,0,0,0,0,0,0,1,4019800.0,9.043732199999999,2.3918669,0.0,0.0,0.0,NA,0.0,0.0
SCHOOL_1720,0,0,0,0,0,0,0,0,0,0,1,629200.0,9.139546400000004,2.892577,0.0,0.0,0.0,NA,0.0,0.0
SCHOOL_1721,0,0,0,0,0,0,0,0,0,0,1,3986600.0,9.041231699999999,2.5681175,0.0,0.0,0.0,NA,0.0,0.0
SCHOOL_1722,0,0,0,0,0,0,0,0,0,0,1,749300.0,9.0686773,2.5484421999999998,0.0,0.0,0.0,NA,0.0,0.0
SCHOOL_1723,0,0,0,0,0,0,0,0,0,0,1,10699100.0,9.080064199999999,2.725443,0.0,0.0,0.0,NA,0.0,0.0
SCHOOL_1724,0,0,0,0,0,0,0,0,0,0,1,5092100.0,9.092255100000001,2.558647,0.0,0.0,0.0,NA,0.0,0.0
SCHOOL_1725,0,0,0,0,0,0,0,0,0,0,1,2874600.0,9.095801900000001,2.8256197,0.0,0.0,0.0,NA,0.0,0.0
SCHOOL_1726,0,0,0,0,0,0,0,0,0,0,1,2502100.0,9.098107,2.7890504,0.0,0.0,0.0,NA,0.0,0.0
SCHOOL_1727,0,0,0,0,0,0,0,0,0,0,1,3692000.0,9.101622800000003,2.5827289000000007,0.0,0.0,0.0,NA,0.0,0.0
SCHOOL_1728,0,0,0,0,0,0,0,0,0,0,1,1042900.0000000001,9.1019649,2.5291323,0.0,0.0,0.0,NA,0.0,0.0
SCHOOL_1729,0,0,0,0,0,0,0,0,0,0,2,5068800.0,9.113264700025404,2.5589860501289445,0.0,0.0,0.0,NA,0.0,0.0
SCHOOL_1730,0,0,0,0,0,0,0,0,0,0,2,8664000.0,9.115793950004987,2.5921598999887117,0.0,0.0,0.0,NA,0.0,0.0
SCHOOL_1731,0,0,0,0,0,0,0,0,0,0,2,5878000.0,9.134965400001638,2.556886699993059,0.0,0.0,0.0,NA,0.0,0.0
SCHOOL_1732,0,0,0,0,0,0,0,0,0,0,1,7547300.0,9.136094700000001,2.5953841,0.0,0.0,0.0,NA,0.0,0.0
SCHOOL_1733,0,0,0,0,0,0,0,0,0,0,1,12000000.0,9.067766099999998,2.3615898,0.0,0.0,0.0,NA,0.0,0.0
SCHOOL_1734,0,0,0,0,0,0,0,0,0,0,1,4608000.0,9.084749999999998,2.5085100000000002,0.0,0.0,0.0,NA,0.0,0.0
SCHOOL_1735,0,0,0,0,0,0,0,0,0,0,1,2364000.0,9.0973398,2.4893667000000006,0.0,0.0,0.0,NA,0.0,0.0
SCHOOL_1736,0,0,0,0,0,0,0,0,0,0,1,1923100.0,9.102507400000002,2.3724086000000004,0.0,0.0,0.0,NA,0.0,0.0
SCHOOL_1737,0,0,0,0,0,0,0,0,0,0,1,3538400.0,9.1440422,2.5190179000000006,0.0,0.0,0.0,NA,0.0,0.0
SCHOOL_1738,0,0,0,0,0,0,0,0,0,0,1,8484000.0,9.160292800000002,2.3137725,0.0,0.0,0.0,NA,0.0,0.0
SCHOOL_1739,0,0,0,0,0,0,0,0,0,0,1,3969700.0,9.1844056,2.2126983,0.0,0.0,0.0,NA,0.0,0.0
SCHOOL_1740,0,0,0,0,0,0,0,0,0,0,1,3657700.0,9.1872885,2.3190882,0.0,0.0,0.0,NA,0.0,0.0
SCHOOL_1741,0,0,0,0,0,0,0,0,0,0,1,4237400.0,9.1394266,2.8141736000000006,0.0,0.0,0.0,NA,0.0,0.0
SCHOOL_1742,0,0,0,0,0,0,0,0,0,0,1,1271300.0,9.1558386,2.7125724,0.0,0.0,0.0,NA,0.0,0.0
SCHOOL_1743,0,0,0,0,0,0,0,0,0,0,1,1152500.0,9.169639699999998,2.6378492,0.0,0.0,0.0,NA,0.0,0.0
SCHOOL_1744,0,0,0,0,0,0,0,0,0,0,1,840000.0,9.183982900000002,2.7105598,0.0,0.0,0.0,NA,0.0,0.0
SCHOOL_1745,0,0,0,0,0,0,0,0,0,0,1,7874500.0,9.2052183,2.5539421000000004,0.0,0.0,0.0,NA,0.0,0.0
SCHOOL_1746,0,0,0,0,0,0,0,0,0,0,1,3855000.0,9.212692699999996,2.7760883,0.0,0.0,0.0,NA,0.0,0.0
SCHOOL_1747,0,0,0,0,0,0,0,0,0,0,1,4152000.0,9.21465,2.55526,0.0,0.0,0.0,NA,0.0,0.0
SCHOOL_1748,0,0,0,0,0,0,0,0,0,0,1,1016200.0,9.2147804,2.8217947,0.0,0.0,0.0,NA,0.0,0.0
SCHOOL_1749,0,0,0,0,0,0,0,0,0,0,1,3784700.0,9.1315936,1.6511302,0.0,0.0,0.0,NA,0.0,0.0
SCHOOL_1750,0,0,0,0,0,0,0,0,0,0,1,2112000.0,9.176039999999999,1.57619,0.0,0.0,0.0,NA,0.0,0.0
SCHOOL_1751,0,0,0,0,0,0,0,0,0,0,1,6007600.0,9.1969109,1.5687303000000006,0.0,0.0,0.0,NA,0.0,0.0
SCHOOL_1752,0,0,0,0,0,0,0,0,0,0,1,12000000.0,9.2139211,1.5626576,0.0,0.0,0.0,NA,0.0,0.0
SCHOOL_1753,0,0,0,0,0,0,0,0,0,0,1,4392000.0,9.22843,1.5565700000000005,0.0,0.0,0.0,NA,0.0,0.0
SCHOOL_1754,0,0,0,0,0,0,0,0,0,0,1,1572000.0,9.090861099999998,1.9230556000000003,0.0,0.0,0.0,NA,0.0,0.0
SCHOOL_1755,0,0,0,0,0,0,0,0,0,0,1,5615000.0,9.112119,1.9920904999999998,0.0,0.0,0.0,NA,0.0,0.0
SCHOOL_1756,0,0,0,0,0,0,0,0,0,0,1,3260900.0,9.130939099999999,2.0292404999999993,0.0,0.0,0.0,NA,0.0,0.0
SCHOOL_1757,0,0,0,0,0,0,0,0,0,0,9,21955500.0,9.2228041,1.7701838000000005,0.0,0.0,0.0,NA,0.0,0.0
SCHOOL_1758,0,0,0,0,0,0,0,0,0,0,1,2076000.0,9.259059999999998,1.5091800000000006,0.0,0.0,0.0,NA,0.0,0.0
SCHOOL_1759,0,0,0,0,0,0,0,0,0,0,1,840000.0,9.303073699999999,1.4412640000000005,0.0,0.0,0.0,NA,0.0,0.0
SCHOOL_1760,0,0,0,0,0,0,0,0,0,0,1,2604000.0,9.30796,1.5625800000000003,0.0,0.0,0.0,NA,0.0,0.0
SCHOOL_1761,0,0,0,0,0,0,0,0,0,0,1,9420000.0,9.31759,1.4780899999999992,0.0,0.0,0.0,NA,0.0,0.0
SCHOOL_1762,0,0,0,0,0,0,0,0,0,0,1,2868000.0,9.318129999999998,1.4727299999999999,0.0,0.0,0.0,NA,0.0,0.0
SCHOOL_1763,0,0,0,0,0,0,0,0,0,0,1,6483700.0,9.337895000000001,1.4360695,0.0,0.0,0.0,NA,0.0,0.0
SCHOOL_1764,0,0,0,0,0,0,0,0,0,0,1,4489300.0,9.3617631,1.888871,0.0,0.0,0.0,NA,0.0,0.0
SCHOOL_1765,0,0,0,0,0,0,0,0,0,0,1,1599000.0,9.3875658,2.015771400000001,0.0,0.0,0.0,NA,0.0,0.0
SCHOOL_1766,0,0,0,0,0,0,0,0,0,0,1,1539800.0,9.4080546,2.0640823000000004,0.0,0.0,0.0,NA,0.0,0.0
SCHOOL_1767,0,0,0,0,0,0,0,0,0,0,1,1368700.0,9.344961699999999,1.5649690999999997,0.0,0.0,0.0,NA,0.0,0.0
SCHOOL_1768,0,0,0,0,0,0,0,0,0,0,1,2513500.0,9.374798599999998,1.6377419000000004,0.0,0.0,0.0,NA,0.0,0.0
SCHOOL_1769,0,0,0,0,0,0,0,0,0,0,1,4572000.0,9.4121298,1.5946068,0.0,0.0,0.0,NA,0.0,0.0
SCHOOL_1770,0,0,0,0,0,0,0,0,0,0,4,2434000.0,9.423873533354737,1.6061899666243895,0.0,0.0,0.0,NA,0.0,0.0
SCHOOL_1771,0,0,0,0,0,0,0,0,0,0,1,5851200.0,9.4089948,1.9755971000000003,0.0,0.0,0.0,NA,0.0,0.0
SCHOOL_1772,0,0,0,0,0,0,0,0,0,0,1,12000000.0,9.420018699999998,1.7381438000000002,0.0,0.0,0.0,NA,0.0,0.0
SCHOOL_1773,0,0,0,0,0,0,0,0,0,0,1,7884000.0,9.423336500000001,1.9145844000000005,0.0,0.0,0.0,NA,0.0,0.0
SCHOOL_1774,0,0,0,0,0,0,0,0,0,0,1,2028000.0,9.4394,2.0524,0.0,0.0,0.0,NA,0.0,0.0
SCHOOL_1775,0,0,0,0,0,0,0,0,0,0,3,17037000.0,9.44445815040749,2.047985650597251,0.0,0.0,0.0,NA,0.0,0.0
SCHOOL_1776,0,0,0,0,0,0,0,0,0,0,1,2053300.0000000002,9.450089100000001,1.9800330999999995,0.0,0.0,0.0,NA,0.0,0.0
SCHOOL_1777,0,0,0,0,0,0,0,0,0,0,1,4351200.0,9.4514756,1.9012130000000003,0.0,0.0,0.0,NA,0.0,0.0
SCHOOL_1778,0,0,0,0,0,0,0,0,0,0,1,2922600.0,9.4298057,1.4724038000000004,0.0,0.0,0.0,NA,0.0,0.0
SCHOOL_1779,0,0,0,0,0,0,0,0,0,0,1,767400.0,9.437269999999998,1.5004951000000002,0.0,0.0,0.0,NA,0.0,0.0
SCHOOL_1780,0,0,0,0,0,0,0,0,0,0,1,5412000.0,9.45968,1.63666,0.0,0.0,0.0,NA,0.0,0.0
SCHOOL_1781,0,0,0,0,0,0,0,0,0,0,1,6679400.0,9.460008899999997,1.6547274999999997,0.0,0.0,0.0,NA,0.0,0.0
SCHOOL_1782,0,0,0,0,0,0,0,0,0,0,1,3012000.0,9.46417,1.4103400000000004,0.0,0.0,0.0,NA,0.0,0.0
SCHOOL_1783,0,0,0,0,0,0,0,0,0,0,1,7999700.0,9.468455899999999,1.4069820999999998,0.0,0.0,0.0,NA,0.0,0.0
SCHOOL_1784,0,0,0,0,0,0,0,0,0,0,1,6031600.0,9.1395824,2.9872320000000006,0.0,0.0,0.0,NA,0.0,0.0
SCHOOL_1785,0,0,0,0,0,0,0,0,0,0,1,3274400.0,9.163124400000001,2.9205434000000006,0.0,0.0,0.0,NA,0.0,0.0
SCHOOL_1786,0,0,0,0,0,0,0,0,0,0,1,2273400.0,9.164024800000002,3.0173513000000005,0.0,0.0,0.0,NA,0.0,0.0
SCHOOL_1787,0,0,0,0,0,0,0,0,0,0,1,3036000.0,9.1988,3.04036,0.0,0.0,0.0,NA,0.0,0.0
SCHOOL_1788,0,0,0,0,0,0,0,0,0,0,1,3109400.0,9.2082634,3.0039484,0.0,0.0,0.0,NA,0.0,0.0
SCHOOL_1789,0,0,0,0,0,0,0,0,0,0,1,2377000.0,9.227602300000001,2.9750769,0.0,0.0,0.0,NA,0.0,0.0
SCHOOL_1790,0,0,0,0,0,0,0,0,0,0,1,1253300.0,9.19629,2.5097272000000004,0.0,0.0,0.0,NA,0.0,0.0
SCHOOL_1791,0,0,0,0,0,0,0,0,0,0,1,5626800.0,9.1992135,2.4812394,0.0,0.0,0.0,NA,0.0,0.0
SCHOOL_1792,0,0,0,0,0,0,0,0,0,0,2,6915800.0,9.202667900004041,2.255287700005834,0.0,0.0,0.0,NA,0.0,0.0
SCHOOL_1793,0,0,0,0,0,0,0,0,0,0,1,2676100.0,9.2050902,2.355045,0.0,0.0,0.0,NA,0.0,0.0
SCHOOL_1794,0,0,0,0,0,0,0,0,0,0,1,840000.0,9.207600600000001,2.3098138000000006,0.0,0.0,0.0,NA,0.0,0.0
SCHOOL_1795,0,0,0,0,0,0,0,0,0,0,1,12000000.0,9.209935900000003,2.2301869,0.0,0.0,0.0,NA,0.0,0.0
SCHOOL_1796,0,0,0,0,0,0,0,0,0,0,1,4495200.0,9.1486997,2.1049579,0.0,0.0,0.0,NA,0.0,0.0
SCHOOL_1797,0,0,0,0,0,0,0,0,0,0,1,2232000.0,9.161950000000001,2.14694,0.0,0.0,0.0,NA,0.0,0.0
SCHOOL_1798,0,0,0,0,0,0,0,0,0,0,2,10759600.0,9.167084250056956,2.163918100121923,0.0,0.0,0.0,NA,0.0,0.0
SCHOOL_1799,0,0,0,0,0,0,0,0,0,0,1,6646300.0,9.2673614,2.1827096000000004,0.0,0.0,0.0,NA,0.0,0.0
SCHOOL_1800,0,0,0,0,0,0,0,0,0,0,1,1452000.0,9.285,2.18242,0.0,0.0,0.0,NA,0.0,0.0
SCHOOL_1801,0,0,0,0,0,0,0,0,0,0,1,3474700.0,9.3113972,2.1682559000000006,0.0,0.0,0.0,NA,0.0,0.0
SCHOOL_1802,0,0,0,0,0,0,0,0,0,0,1,1796800.0,9.219720799999997,2.4229517,0.0,0.0,0.0,NA,0.0,0.0
SCHOOL_1803,0,0,0,0,0,0,0,0,0,0,1,1154300.0,9.226454599999999,2.474646,0.0,0.0,0.0,NA,0.0,0.0
SCHOOL_1804,0,0,0,0,0,0,0,0,0,0,1,5934600.0,9.2403807,2.3598627999999997,0.0,0.0,0.0,NA,0.0,0.0
SCHOOL_1805,0,0,0,0,0,0,0,0,0,0,1,840000.0,9.2542533,2.3680447000000004,0.0,0.0,0.0,NA,0.0,0.0
SCHOOL_1806,0,0,0,0,0,0,0,0,0,0,1,5028000.0,9.275579999999998,2.42323,0.0,0.0,0.0,NA,0.0,0.0
SCHOOL_1807,0,0,0,0,0,0,0,0,0,0,1,1806600.0,9.226621900000001,2.5934082,0.0,0.0,0.0,NA,0.0,0.0
SCHOOL_1808,0,0,0,0,0,0,0,0,0,0,1,3967800.0,9.230331199999998,2.7236468,0.0,0.0,0.0,NA,0.0,0.0
SCHOOL_1809,0,0,0,0,0,0,0,0,0,0,1,2094600.0,9.232178599999997,2.7400915,0.0,0.0,0.0,NA,0.0,0.0
SCHOOL_1810,0,0,0,0,0,0,0,0,0,0,1,4714700.0,9.2359081,2.5356984,0.0,0.0,0.0,NA,0.0,0.0
SCHOOL_1811,0,0,0,0,0,0,0,0,0,0,1,3307400.0,9.245527000000001,2.6989357,0.0,0.0,0.0,NA,0.0,0.0
SCHOOL_1812,0,0,0,0,0,0,0,0,0,0,1,12000000.0,9.2776663,2.6428250000000006,0.0,0.0,0.0,NA,0.0,0.0
SCHOOL_1813,0,0,0,0,0,0,0,0,0,0,1,6067700.0,9.278188800000002,2.696696,0.0,0.0,0.0,NA,0.0,0.0
SCHOOL_1814,0,0,0,0,0,0,0,0,0,0,2,6511400.0,9.278152350049218,2.4325370998996423,0.0,0.0,0.0,NA,0.0,0.0
SCHOOL_1815,0,0,0,0,0,0,0,0,0,0,1,1734200.0,9.283927900000002,2.4386596000000003,0.0,0.0,0.0,NA,0.0,0.0
SCHOOL_1816,0,0,0,0,0,0,0,0,0,0,1,840000.0,9.293683599999998,2.4909631,0.0,0.0,0.0,NA,0.0,0.0
SCHOOL_1817,0,0,0,0,0,0,0,0,0,0,1,7774300.0,9.2949411,2.4566182,0.0,0.0,0.0,NA,0.0,0.0
SCHOOL_1818,0,0,0,0,0,0,0,0,0,0,1,12000000.0,9.307678299999997,2.3158046,0.0,0.0,0.0,NA,0.0,0.0
SCHOOL_1819,0,0,0,0,0,0,0,0,0,0,2,24000000.0,9.319721550137032,2.5006784502404162,0.0,0.0,0.0,NA,0.0,0.0
SCHOOL_1820,0,0,0,0,0,0,0,0,0,0,1,1203700.0,9.3399993,2.4142056,0.0,0.0,0.0,NA,0.0,0.0
SCHOOL_1821,0,0,0,0,0,0,0,0,0,0,1,12000000.0,9.288783000000002,2.752538,0.0,0.0,0.0,NA,0.0,0.0
SCHOOL_1822,0,0,0,0,0,0,0,0,0,0,1,12000000.0,9.327719599999998,2.7626359,0.0,0.0,0.0,NA,0.0,0.0
SCHOOL_1823,0,0,0,0,0,0,0,0,0,0,1,4512000.0,9.33085,2.67419,0.0,0.0,0.0,NA,0.0,0.0
SCHOOL_1824,0,0,0,0,0,0,0,0,0,0,1,4076500.0,9.246487600000002,2.9522843,0.0,0.0,0.0,NA,0.0,0.0
SCHOOL_1825,0,0,0,0,0,0,0,0,0,0,1,1872000.0,9.279719999999998,2.90643,0.0,0.0,0.0,NA,0.0,0.0
SCHOOL_1826,0,0,0,0,0,0,0,0,0,0,1,10862400.0,9.283688100000003,2.8587166,0.0,0.0,0.0,NA,0.0,0.0
SCHOOL_1827,0,0,0,0,0,0,0,0,0,0,1,12000000.0,9.290520099999998,2.9793038,0.0,0.0,0.0,NA,0.0,0.0
SCHOOL_1828,0,0,0,0,0,0,0,0,0,0,1,1769000.0,9.324430200000002,2.990817,0.0,0.0,0.0,NA,0.0,0.0
SCHOOL_1829,0,0,0,0,0,0,0,0,0,0,1,2168000.0,9.3349905,3.0240449,0.0,0.0,0.0,NA,0.0,0.0
SCHOOL_1830,0,0,0,0,0,0,0,0,0,0,1,2324800.0,9.403511800000002,2.9323682,0.0,0.0,0.0,NA,0.0,0.0
SCHOOL_1831,0,0,0,0,0,0,0,0,0,0,1,5995300.0,9.3757614,2.7671428999999996,0.0,0.0,0.0,NA,0.0,0.0
SCHOOL_1832,0,0,0,0,0,0,0,0,0,0,1,12000000.0,9.3877139,2.6744277,0.0,0.0,0.0,NA,0.0,0.0
SCHOOL_1833,0,0,0,0,0,0,0,0,0,0,2,8173400.0,9.392153100512802,2.6744306996595593,0.0,0.0,0.0,NA,0.0,0.0
SCHOOL_1834,0,0,0,0,0,0,0,0,0,0,1,10493400.0,9.3944146,2.5955168,0.0,0.0,0.0,NA,0.0,0.0
SCHOOL_1835,0,0,0,0,0,0,0,0,0,0,1,6864000.0,9.394769999999998,2.60431,0.0,0.0,0.0,NA,0.0,0.0
SCHOOL_1836,0,0,0,0,0,0,0,0,0,0,1,12000000.0,9.398466299999999,2.5838377,0.0,0.0,0.0,NA,0.0,0.0
SCHOOL_1837,0,0,0,0,0,0,0,0,0,0,1,1369300.0,9.402745,2.8007212,0.0,0.0,0.0,NA,0.0,0.0
SCHOOL_1838,0,0,0,0,0,0,0,0,0,0,1,5167600.0,9.408134699999998,2.6839469,0.0,0.0,0.0,NA,0.0,0.0
SCHOOL_1839,0,0,0,0,0,0,0,0,0,0,1,1731600.0,9.4115837,2.8454234999999994,0.0,0.0,0.0,NA,0.0,0.0
SCHOOL_1840,0,0,0,0,0,0,0,0,0,0,1,12000000.0,9.428316499999998,2.6204296000000005,0.0,0.0,0.0,NA,0.0,0.0
SCHOOL_1841,0,0,0,0,0,0,0,0,0,0,1,4021300.0,9.4372392,2.6643940000000006,0.0,0.0,0.0,NA,0.0,0.0
SCHOOL_1842,0,0,0,0,0,0,0,0,0,0,1,4680000.0,9.43844,2.7360100000000003,0.0,0.0,0.0,NA,0.0,0.0
SCHOOL_1843,0,0,0,0,0,0,0,0,0,0,1,6861400.0,9.445594800000002,2.5993598000000007,0.0,0.0,0.0,NA,0.0,0.0
SCHOOL_1844,0,0,0,0,0,0,0,0,0,0,1,12000000.0,9.4237111,3.0007171,0.0,0.0,0.0,NA,0.0,0.0
SCHOOL_1845,0,0,0,0,0,0,0,0,0,0,1,840000.0,9.440566700000002,2.9423336,0.0,0.0,0.0,NA,0.0,0.0
SCHOOL_1846,0,0,0,0,0,0,0,0,0,0,1,1437400.0,9.446701199999998,3.0154385999999995,0.0,0.0,0.0,NA,0.0,0.0
SCHOOL_1847,0,0,0,0,0,0,0,0,0,0,1,2450200.0,9.4610248,2.8719859,0.0,0.0,0.0,NA,0.0,0.0
SCHOOL_1848,0,0,0,0,0,0,0,0,0,0,1,1521400.0,9.4635422,3.0714344999999996,0.0,0.0,0.0,NA,0.0,0.0
SCHOOL_1849,0,0,0,0,0,0,0,0,0,0,1,2368600.0,9.481393699999998,2.9307684,0.0,0.0,0.0,NA,0.0,0.0
SCHOOL_1850,0,0,0,0,0,0,0,0,0,0,1,1263000.0,9.497045500000002,3.0460719,0.0,0.0,0.0,NA,0.0,0.0
SCHOOL_1851,0,0,0,0,0,0,0,0,0,0,1,7903900.0,9.506701699999999,3.0645205999999994,0.0,0.0,0.0,NA,0.0,0.0
SCHOOL_1852,0,0,0,0,0,0,0,0,0,0,1,6312000.0,9.459449999999999,2.62627,0.0,0.0,0.0,NA,0.0,0.0
SCHOOL_1853,0,0,0,0,0,0,0,0,0,0,1,1485600.0,9.4634858,2.8290961,0.0,0.0,0.0,NA,0.0,0.0
SCHOOL_1854,0,0,0,0,0,0,0,0,0,0,1,1336000.0,9.469579299999996,2.7154671,0.0,0.0,0.0,NA,0.0,0.0
SCHOOL_1855,0,0,0,0,0,0,0,0,0,0,1,2640800.0,9.4707769,2.6963724,0.0,0.0,0.0,NA,0.0,0.0
SCHOOL_1856,0,0,0,0,0,0,0,0,0,0,1,8365100.0,9.4715097,2.5852189000000005,0.0,0.0,0.0,NA,0.0,0.0
SCHOOL_1857,0,0,0,0,0,0,0,0,0,0,2,4786600.0,9.499762150058686,2.622720450116395,0.0,0.0,0.0,NA,0.0,0.0
SCHOOL_1858,0,0,0,0,0,0,0,0,0,0,1,10500400.0,9.5049396,2.5367274,0.0,0.0,0.0,NA,0.0,0.0
SCHOOL_1859,0,0,0,0,0,0,0,0,0,0,1,876000.0,9.513610000000002,2.82468,0.0,0.0,0.0,NA,0.0,0.0
SCHOOL_1860,0,0,0,0,0,0,0,0,0,0,1,5642800.0,9.521350899999998,2.6259646,0.0,0.0,0.0,NA,0.0,0.0
SCHOOL_1861,0,0,0,0,0,0,0,0,0,0,1,4531100.0,9.556012999999998,2.6326782000000004,0.0,0.0,0.0,NA,0.0,0.0
SCHOOL_1862,0,0,0,0,0,0,0,0,0,0,1,4362500.0,9.5588537,2.8042397,0.0,0.0,0.0,NA,0.0,0.0
SCHOOL_1863,0,0,0,0,0,0,0,0,0,0,1,6644900.0,9.461869799999999,2.0262649,0.0,0.0,0.0,NA,0.0,0.0
SCHOOL_1864,0,0,0,0,0,0,0,0,0,0,1,1236000.0,9.463609999999996,2.0225499999999994,0.0,0.0,0.0,NA,0.0,0.0
SCHOOL_1865,0,0,0,0,0,0,0,0,0,0,1,7854700.0,9.486728699999999,2.0000001,0.0,0.0,0.0,NA,0.0,0.0
SCHOOL_1866,0,0,0,0,0,0,0,0,0,0,1,4200000.0,9.488670000000003,1.99429,0.0,0.0,0.0,NA,0.0,0.0
SCHOOL_1867,0,0,0,0,0,0,0,0,0,0,3,3500399.9999999995,9.506508500000002,1.9753149000000005,0.0,0.0,0.0,NA,0.0,0.0
SCHOOL_1868,0,0,0,0,0,0,0,0,0,0,1,8869200.0,9.4709332,1.4629993000000001,0.0,0.0,0.0,NA,0.0,0.0
SCHOOL_1869,0,0,0,0,0,0,0,0,0,0,1,7459900.0,9.478541199999997,1.5186452000000006,0.0,0.0,0.0,NA,0.0,0.0
SCHOOL_1870,0,0,0,0,0,0,0,0,0,0,1,4402600.0,9.4875863,1.6338176,0.0,0.0,0.0,NA,0.0,0.0
SCHOOL_1871,0,0,0,0,0,0,0,0,0,0,1,3832800.0,9.499491999999998,1.4817662999999999,0.0,0.0,0.0,NA,0.0,0.0
SCHOOL_1872,0,0,0,0,0,0,0,0,0,0,1,840000.0,9.5008264,1.6338071999999997,0.0,0.0,0.0,NA,0.0,0.0
SCHOOL_1873,0,0,0,0,0,0,0,0,0,0,1,1703500.0,9.511991199999997,1.5022539000000004,0.0,0.0,0.0,NA,0.0,0.0
SCHOOL_1874,0,0,0,0,0,0,0,0,0,0,1,1016600.0,9.518504200000002,1.4518600000000004,0.0,0.0,0.0,NA,0.0,0.0
SCHOOL_1875,0,0,0,0,0,0,0,0,0,0,1,4376600.0,9.5194445,1.9546618000000004,0.0,0.0,0.0,NA,0.0,0.0
SCHOOL_1876,0,0,0,0,0,0,0,0,0,0,11,11908600.0,9.526984500921465,1.9314327766051178,0.0,0.0,0.0,NA,0.0,0.0
SCHOOL_1877,0,0,0,0,0,0,0,0,0,0,1,2125400.0,9.5214582,1.5329095,0.0,0.0,0.0,NA,0.0,0.0
SCHOOL_1878,0,0,0,0,0,0,0,0,0,0,1,4429700.0,9.5227793,1.5652736,0.0,0.0,0.0,NA,0.0,0.0
SCHOOL_1879,0,0,0,0,0,0,0,0,0,0,1,6574700.0,9.5256438,1.3593743,0.0,0.0,0.0,NA,0.0,0.0
SCHOOL_1880,0,0,0,0,0,0,0,0,0,0,1,3469200.0,9.535255699999999,1.6729218,0.0,0.0,0.0,NA,0.0,0.0
SCHOOL_1881,0,0,0,0,0,0,0,0,0,0,1,3368000.0,9.537790099999999,1.4892623000000007,0.0,0.0,0.0,NA,0.0,0.0
SCHOOL_1882,0,0,0,0,0,0,0,0,0,0,1,4788800.0,9.542701,1.5459559000000007,0.0,0.0,0.0,NA,0.0,0.0
SCHOOL_1883,0,0,0,0,0,0,0,0,0,0,1,12000000.0,9.5319512,1.7383943000000004,0.0,0.0,0.0,NA,0.0,0.0
SCHOOL_1884,0,0,0,0,0,0,0,0,0,0,1,1213400.0,9.541700000000002,1.8852502000000002,0.0,0.0,0.0,NA,0.0,0.0
SCHOOL_1885,0,0,0,0,0,0,0,0,0,0,1,8141600.0,9.565118599999998,1.8213538,0.0,0.0,0.0,NA,0.0,0.0
SCHOOL_1886,0,0,0,0,0,0,0,0,0,0,1,960000.0,9.569999999999999,1.8094444000000005,0.0,0.0,0.0,NA,0.0,0.0
SCHOOL_1887,0,0,0,0,0,0,0,0,0,0,1,4123300.0,9.548733999999998,1.6303577000000002,0.0,0.0,0.0,NA,0.0,0.0
SCHOOL_1888,0,0,0,0,0,0,0,0,0,0,1,4392000.0,9.549119999999997,1.3581400000000006,0.0,0.0,0.0,NA,0.0,0.0
SCHOOL_1889,0,0,0,0,0,0,0,0,0,0,1,1388000.0,9.5109047,2.9810691,0.0,0.0,0.0,NA,0.0,0.0
SCHOOL_1890,0,0,0,0,0,0,0,0,0,0,1,3364600.0,9.5130634,2.921359,0.0,0.0,0.0,NA,0.0,0.0
SCHOOL_1891,0,0,0,0,0,0,0,0,0,0,1,1943600.0,9.5260482,3.0332618999999994,0.0,0.0,0.0,NA,0.0,0.0
SCHOOL_1892,0,0,0,0,0,0,0,0,0,0,1,3832600.0,9.5275404,2.858733,0.0,0.0,0.0,NA,0.0,0.0
SCHOOL_1893,0,0,0,0,0,0,0,0,0,0,1,3995600.0,9.5372307,2.9886306,0.0,0.0,0.0,NA,0.0,0.0
SCHOOL_1894,0,0,0,0,0,0,0,0,0,0,1,1359800.0,9.546362600000002,2.9547354,0.0,0.0,0.0,NA,0.0,0.0
SCHOOL_1895,0,0,0,0,0,0,0,0,0,0,1,1392000.0,9.55002,2.88728,0.0,0.0,0.0,NA,0.0,0.0
SCHOOL_1896,0,0,0,0,0,0,0,0,0,0,1,3982100.0,9.354523,2.3876946,0.0,0.0,0.0,NA,0.0,0.0
SCHOOL_1897,0,0,0,0,0,0,0,0,0,0,1,4197700.0,9.3924472,2.4098997,0.0,0.0,0.0,NA,0.0,0.0
SCHOOL_1898,0,0,0,0,0,0,0,0,0,0,1,3904800.0,9.760184199999998,2.3587872,0.0,0.0,0.0,NA,0.0,0.0
SCHOOL_1899,0,0,0,0,0,0,0,0,0,0,1,3660000.0,9.763935799999999,2.3323716000000005,0.0,0.0,0.0,NA,0.0,0.0
SCHOOL_1900,0,0,0,0,0,0,0,0,0,0,1,1183400.0,9.5789601,2.9590454,0.0,0.0,0.0,NA,0.0,0.0
SCHOOL_1901,0,0,0,0,0,0,0,0,0,0,1,2877000.0,9.5808616,3.0812237999999996,0.0,0.0,0.0,NA,0.0,0.0
SCHOOL_1902,0,0,0,0,0,0,0,0,0,0,1,2129600.0,9.593053399999997,2.9295767,0.0,0.0,0.0,NA,0.0,0.0
SCHOOL_1903,0,0,0,0,0,0,0,0,0,0,1,2131700.0,9.5953325,2.9561206000000007,0.0,0.0,0.0,NA,0.0,0.0
SCHOOL_1904,0,0,0,0,0,0,0,0,0,0,1,1596000.0,9.6069,3.05886,0.0,0.0,0.0,NA,0.0,0.0
SCHOOL_1905,0,0,0,0,0,0,0,0,0,0,1,1995600.0,9.609043299999996,3.0707727,0.0,0.0,0.0,NA,0.0,0.0
SCHOOL_1906,0,0,0,0,0,0,0,0,0,0,1,1332000.0,9.611239999999997,2.97516,0.0,0.0,0.0,NA,0.0,0.0
SCHOOL_1907,0,0,0,0,0,0,0,0,0,0,1,2692200.0,9.6115596,3.0233366000000004,0.0,0.0,0.0,NA,0.0,0.0
SCHOOL_1908,0,0,0,0,0,0,0,0,0,0,1,2631600.0,9.6441716,2.8931533,0.0,0.0,0.0,NA,0.0,0.0
SCHOOL_1909,0,0,0,0,0,0,0,0,0,0,1,3883900.0,9.650124399999997,3.059945,0.0,0.0,0.0,NA,0.0,0.0
SCHOOL_1910,0,0,0,0,0,0,0,0,0,0,1,6596800.0,9.651934299999997,3.0018602,0.0,0.0,0.0,NA,0.0,0.0
SCHOOL_1911,0,0,0,0,0,0,0,0,0,0,1,2978800.0,9.5783586,2.6418104,0.0,0.0,0.0,NA,0.0,0.0
SCHOOL_1912,0,0,0,0,0,0,0,0,0,0,1,11388000.0,9.597720000000004,2.64899,0.0,0.0,0.0,NA,0.0,0.0
SCHOOL_1913,0,0,0,0,0,0,0,0,0,0,1,4094800.0,9.6083042,2.6964738,0.0,0.0,0.0,NA,0.0,0.0
SCHOOL_1914,0,0,0,0,0,0,0,0,0,0,1,5721700.0,9.6363763,2.7607642,0.0,0.0,0.0,NA,0.0,0.0
SCHOOL_1915,0,0,0,0,0,0,0,0,0,0,1,1489900.0,9.682804000000003,2.7405847999999997,0.0,0.0,0.0,NA,0.0,0.0
SCHOOL_1916,0,0,0,0,0,0,0,0,0,0,1,2419700.0,9.6984238,2.6835398,0.0,0.0,0.0,NA,0.0,0.0
SCHOOL_1917,0,0,0,0,0,0,0,0,0,0,1,1321200.0,9.663498699999998,2.8612525,0.0,0.0,0.0,NA,0.0,0.0
SCHOOL_1918,0,0,0,0,0,0,0,0,0,0,1,4238900.0,9.672547800000002,2.9064925000000006,0.0,0.0,0.0,NA,0.0,0.0
SCHOOL_1919,0,0,0,0,0,0,0,0,0,0,1,1069900.0,9.6780493,3.0235689,0.0,0.0,0.0,NA,0.0,0.0
SCHOOL_1920,0,0,0,0,0,0,0,0,0,0,1,4483700.0,9.701721599999999,3.1199154000000004,0.0,0.0,0.0,NA,0.0,0.0
SCHOOL_1921,0,0,0,0,0,0,0,0,0,0,1,792000.0,9.706388900000002,3.0008333000000005,0.0,0.0,0.0,NA,0.0,0.0
SCHOOL_1922,0,0,0,0,0,0,0,0,0,0,1,6422600.0,9.712769199999997,3.0916252000000006,0.0,0.0,0.0,NA,0.0,0.0
SCHOOL_1923,0,0,0,0,0,0,0,0,0,0,1,2196000.0,9.725360000000002,2.85824,0.0,0.0,0.0,NA,0.0,0.0
SCHOOL_1924,0,0,0,0,0,0,0,0,0,0,1,5486800.0,9.7491787,2.9026022,0.0,0.0,0.0,NA,0.0,0.0
SCHOOL_1925,0,0,0,0,0,0,0,0,0,0,1,12000000.0,9.781235799999997,2.9958079,0.0,0.0,0.0,NA,0.0,0.0
SCHOOL_1926,0,0,0,0,0,0,0,0,0,0,2,6158400.0,9.713623200239939,2.7423965498509935,0.0,0.0,0.0,NA,0.0,0.0
SCHOOL_1927,0,0,0,0,0,0,0,0,0,0,1,5610500.0,9.7446695,2.6984175000000006,0.0,0.0,0.0,NA,0.0,0.0
SCHOOL_1928,0,0,0,0,0,0,0,0,0,0,1,3098800.0,9.7547908,2.5496811,0.0,0.0,0.0,NA,0.0,0.0
SCHOOL_1929,0,0,0,0,0,0,0,0,0,0,1,6712900.0,9.759636600000002,2.8226569,0.0,0.0,0.0,NA,0.0,0.0
SCHOOL_1930,0,0,0,0,0,0,0,0,0,0,1,4948900.0,9.7845616,3.0885539999999994,0.0,0.0,0.0,NA,0.0,0.0
SCHOOL_1931,0,0,0,0,0,0,0,0,0,0,1,2772000.0,9.7919,2.97821,0.0,0.0,0.0,NA,0.0,0.0
SCHOOL_1932,0,0,0,0,0,0,0,0,0,0,1,4686800.0,9.764161199999998,2.5824685,0.0,0.0,0.0,NA,0.0,0.0
SCHOOL_1933,0,0,0,0,0,0,0,0,0,0,1,7535800.0,9.8061203,2.7124078,0.0,0.0,0.0,NA,0.0,0.0
SCHOOL_1934,0,0,0,0,0,0,0,0,0,0,1,5159500.0,9.8339987,2.6791832000000007,0.0,0.0,0.0,NA,0.0,0.0
SCHOOL_1935,0,0,0,0,0,0,0,0,0,0,1,7524000.0,9.856409999999999,2.72958,0.0,0.0,0.0,NA,0.0,0.0
SCHOOL_1936,0,0,0,0,0,0,0,0,0,0,1,10152000.0,9.80631,2.99079,0.0,0.0,0.0,NA,0.0,0.0
SCHOOL_1937,0,0,0,0,0,0,0,0,0,0,1,9911600.0,9.8084529,2.9040941,0.0,0.0,0.0,NA,0.0,0.0
SCHOOL_1938,0,0,0,0,0,0,0,0,0,0,1,3034600.0,9.8365838,2.9347178999999994,0.0,0.0,0.0,NA,0.0,0.0
SCHOOL_1939,0,0,0,0,0,0,0,0,0,0,1,720000.0,9.850809999999996,3.08538,0.0,0.0,0.0,NA,0.0,0.0
SCHOOL_1940,0,0,0,0,0,0,0,0,0,0,3,13916400.000000002,9.857443533453297,3.0953795332977103,0.0,0.0,0.0,NA,0.0,0.0
SCHOOL_1941,0,0,0,0,0,0,0,0,0,0,1,3844700.0,9.555325499999999,1.5117596,0.0,0.0,0.0,NA,0.0,0.0
SCHOOL_1942,0,0,0,0,0,0,0,0,0,0,1,10881400.0,9.5658205,1.4307335,0.0,0.0,0.0,NA,0.0,0.0
SCHOOL_1943,0,0,0,0,0,0,0,0,0,0,1,1396000.0,9.5758087,1.4665222999999998,0.0,0.0,0.0,NA,0.0,0.0
SCHOOL_1944,0,0,0,0,0,0,0,0,0,0,1,12000000.0,9.582072899999998,1.3884457000000001,0.0,0.0,0.0,NA,0.0,0.0
SCHOOL_1945,0,0,0,0,0,0,0,0,0,0,1,4630800.0,9.582378099999998,1.6266691000000004,0.0,0.0,0.0,NA,0.0,0.0
SCHOOL_1946,0,0,0,0,0,0,0,0,0,0,1,2978900.0,9.571017400000002,1.8144096999999997,0.0,0.0,0.0,NA,0.0,0.0
SCHOOL_1947,0,0,0,0,0,0,0,0,0,0,1,5017600.0,9.573981999999999,1.7275392,0.0,0.0,0.0,NA,0.0,0.0
SCHOOL_1948,0,0,0,0,0,0,0,0,0,0,5,4200000.0,9.575904800000089,1.8089368000000101,0.0,0.0,0.0,NA,0.0,0.0
SCHOOL_1949,0,0,0,0,0,0,0,0,0,0,1,1923200.0,9.5798466,1.8038971000000006,0.0,0.0,0.0,NA,0.0,0.0
SCHOOL_1950,0,0,0,0,0,0,0,0,0,0,1,9232000.0,9.592472299999999,1.7901761000000003,0.0,0.0,0.0,NA,0.0,0.0
SCHOOL_1951,0,0,0,0,0,0,0,0,0,0,1,5842000.0,9.597367099999998,1.9692850000000004,0.0,0.0,0.0,NA,0.0,0.0
SCHOOL_1952,0,0,0,0,0,0,0,0,0,0,1,3043000.0,9.5858152,1.3726116,0.0,0.0,0.0,NA,0.0,0.0
SCHOOL_1953,0,0,0,0,0,0,0,0,0,0,1,2304400.0,9.5906823,1.4897594000000003,0.0,0.0,0.0,NA,0.0,0.0
SCHOOL_1954,0,0,0,0,0,0,0,0,0,0,1,2321000.0,9.592959200000003,1.5252026,0.0,0.0,0.0,NA,0.0,0.0
SCHOOL_1955,0,0,0,0,0,0,0,0,0,0,1,4656000.0,9.601858499999999,1.4166243,0.0,0.0,0.0,NA,0.0,0.0
SCHOOL_1956,0,0,0,0,0,0,0,0,0,0,1,7474100.0,9.610203,1.5794424000000005,0.0,0.0,0.0,NA,0.0,0.0
SCHOOL_1957,0,0,0,0,0,0,0,0,0,0,1,4186600.0000000005,9.610831399999999,1.7032816000000002,0.0,0.0,0.0,NA,0.0,0.0
SCHOOL_1958,0,0,0,0,0,0,0,0,0,0,1,5092700.0,9.623611499999999,1.6745595000000006,0.0,0.0,0.0,NA,0.0,0.0
SCHOOL_1959,0,0,0,0,0,0,0,0,0,0,1,931400.0,9.626033900000001,1.5393738999999997,0.0,0.0,0.0,NA,0.0,0.0
SCHOOL_1960,0,0,0,0,0,0,0,0,0,0,2,2669600.0,9.633724,1.6324734,0.0,0.0,0.0,NA,0.0,0.0
SCHOOL_1961,0,0,0,0,0,0,0,0,0,0,1,1375000.0,9.598895599999999,1.9452827000000001,0.0,0.0,0.0,NA,0.0,0.0
SCHOOL_1962,0,0,0,0,0,0,0,0,0,0,1,4938800.0,9.609330199999997,1.7700774000000001,0.0,0.0,0.0,NA,0.0,0.0
SCHOOL_1963,0,0,0,0,0,0,0,0,0,0,1,4381700.0,9.623597999999998,1.9734931,0.0,0.0,0.0,NA,0.0,0.0
SCHOOL_1964,0,0,0,0,0,0,0,0,0,0,2,8652200.0,9.627171899999999,1.7569024999999996,0.0,0.0,0.0,NA,0.0,0.0
SCHOOL_1965,0,0,0,0,0,0,0,0,0,0,1,9596000.0,9.629305199999997,2.0303466000000006,0.0,0.0,0.0,NA,0.0,0.0
SCHOOL_1966,0,0,0,0,0,0,0,0,0,0,1,2665800.0,9.629961100000001,1.9341331000000004,0.0,0.0,0.0,NA,0.0,0.0
SCHOOL_1967,0,0,0,0,0,0,0,0,0,0,1,5400000.0,9.684850199999998,2.0242463000000006,0.0,0.0,0.0,NA,0.0,0.0
SCHOOL_1968,0,0,0,0,0,0,0,0,0,0,1,4478500.0,9.6357341,1.4919932999999999,0.0,0.0,0.0,NA,0.0,0.0
SCHOOL_1969,0,0,0,0,0,0,0,0,0,0,1,840000.0,9.6410689,1.5275867000000003,0.0,0.0,0.0,NA,0.0,0.0
SCHOOL_1970,0,0,0,0,0,0,0,0,0,0,1,8723200.0,9.641191299999997,1.4380661000000006,0.0,0.0,0.0,NA,0.0,0.0
SCHOOL_1971,0,0,0,0,0,0,0,0,0,0,2,2733600.0,9.651540699999998,1.6378596000000003,0.0,0.0,0.0,NA,0.0,0.0
SCHOOL_1972,0,0,0,0,0,0,0,0,0,0,1,7071400.0,9.665894699999999,1.4637270000000002,0.0,0.0,0.0,NA,0.0,0.0
SCHOOL_1973,0,0,0,0,0,0,0,0,0,0,1,4124800.0,9.6750859,3.2668254999999995,0.0,0.0,0.0,NA,0.0,0.0
SCHOOL_1974,0,0,0,0,0,0,0,0,0,0,1,4718500.0,9.714719399999998,3.2754999,0.0,0.0,0.0,NA,0.0,0.0
SCHOOL_1975,0,0,0,0,0,0,0,0,0,0,1,12000000.0,9.8006624,3.3029117000000006,0.0,0.0,0.0,NA,0.0,0.0
SCHOOL_1976,0,0,0,0,0,0,0,0,0,0,1,4573200.0,9.584691600000001,3.1367022,0.0,0.0,0.0,NA,0.0,0.0
SCHOOL_1977,0,0,0,0,0,0,0,0,0,0,1,1956800.0,9.614425899999999,3.1818726000000006,0.0,0.0,0.0,NA,0.0,0.0
SCHOOL_1978,0,0,0,0,0,0,0,0,0,0,1,3772700.0,9.629299299999998,3.2243753999999996,0.0,0.0,0.0,NA,0.0,0.0
SCHOOL_1979,0,0,0,0,0,0,0,0,0,0,1,840000.0,9.6548831,3.2614456,0.0,0.0,0.0,NA,0.0,0.0
SCHOOL_1980,0,0,0,0,0,0,0,0,0,0,1,5150500.0,9.675438900000001,3.2322145000000004,0.0,0.0,0.0,NA,0.0,0.0
SCHOOL_1981,0,0,0,0,0,0,0,0,0,0,1,3504000.0,9.678000000000003,3.2337299999999995,0.0,0.0,0.0,NA,0.0,0.0
SCHOOL_1982,0,0,0,0,0,0,0,0,0,0,1,1213800.0,9.696690500000003,3.2437412,0.0,0.0,0.0,NA,0.0,0.0
SCHOOL_1983,0,0,0,0,0,0,0,0,0,0,1,1825200.0,9.732458399999999,3.1449986,0.0,0.0,0.0,NA,0.0,0.0
SCHOOL_1984,0,0,0,0,0,0,0,0,0,0,1,4046400.0,9.7353935,3.1881823,0.0,0.0,0.0,NA,0.0,0.0
SCHOOL_1985,0,0,0,0,0,0,0,0,0,0,1,2148000.0,9.74363,3.1684500000000004,0.0,0.0,0.0,NA,0.0,0.0
SCHOOL_1986,0,0,0,0,0,0,0,0,0,0,1,2944000.0,9.761865500000003,3.1425238999999996,0.0,0.0,0.0,NA,0.0,0.0
SCHOOL_1987,0,0,0,0,0,0,0,0,0,0,1,9951000.0,9.766179400000002,3.2452678999999995,0.0,0.0,0.0,NA,0.0,0.0
SCHOOL_1988,0,0,0,0,0,0,0,0,0,0,1,9278200.0,9.813186400000001,3.1681304,0.0,0.0,0.0,NA,0.0,0.0
SCHOOL_1989,0,0,0,0,0,0,0,0,0,0,1,2515600.0,9.827091210000003,3.357705509,0.0,0.0,0.0,NA,0.0,0.0
SCHOOL_1990,0,0,0,0,0,0,0,0,0,0,1,840000.0,9.831734999999997,3.3706683329999994,0.0,0.0,0.0,NA,0.0,0.0
SCHOOL_1991,0,0,0,0,0,0,0,0,0,0,1,1740000.0,9.846629999999996,3.3510400000000002,0.0,0.0,0.0,NA,0.0,0.0
SCHOOL_1992,0,0,0,0,0,0,0,0,0,0,1,3363000.0,9.816810799999999,3.1353925,0.0,0.0,0.0,NA,0.0,0.0
SCHOOL_1993,0,0,0,0,0,0,0,0,0,0,1,3166600.0,9.875280199999999,3.2465808,0.0,0.0,0.0,NA,0.0,0.0
SCHOOL_1994,0,0,0,0,0,0,0,0,0,0,1,2342300.0,9.898530100000002,3.1521791000000006,0.0,0.0,0.0,NA,0.0,0.0
SCHOOL_1995,0,0,0,0,0,0,0,0,0,0,1,10673900.0,9.912031200000001,3.1699878,0.0,0.0,0.0,NA,0.0,0.0
SCHOOL_1996,0,0,0,0,0,0,0,0,0,0,1,12000000.0,9.925859,3.190276,0.0,0.0,0.0,NA,0.0,0.0
SCHOOL_1997,0,0,0,0,0,0,0,0,0,0,1,8095800.0,9.951499699999998,3.2376131,0.0,0.0,0.0,NA,0.0,0.0
SCHOOL_1998,0,0,0,0,0,0,0,0,0,0,1,4221600.0,9.9912475,3.2412998000000006,0.0,0.0,0.0,NA,0.0,0.0
SCHOOL_1999,0,0,0,0,0,0,0,0,0,0,1,6629900.0,10.0345921,3.2145339,0.0,0.0,0.0,NA,0.0,0.0
SCHOOL_2000,0,0,0,0,0,0,0,0,0,0,1,3512300.0,10.038805500000002,3.147949,0.0,0.0,0.0,NA,0.0,0.0
SCHOOL_2001,0,0,0,0,0,0,0,0,0,0,1,2209200.0,10.041083,3.1844288,0.0,0.0,0.0,NA,0.0,0.0
SCHOOL_2002,0,0,0,0,0,0,0,0,0,0,1,2136000.0,10.059797000000001,3.2299400999999994,0.0,0.0,0.0,NA,0.0,0.0
SCHOOL_2003,0,0,0,0,0,0,0,0,0,0,1,2258800.0,10.074599,3.1627189,0.0,0.0,0.0,NA,0.0,0.0
SCHOOL_2004,0,0,0,0,0,0,0,0,0,0,1,1169400.0,9.990702399999998,3.3338825,0.0,0.0,0.0,NA,0.0,0.0
SCHOOL_2005,0,0,0,0,0,0,0,0,0,0,1,7426400.0,10.001410599999998,3.2864703000000004,0.0,0.0,0.0,NA,0.0,0.0
SCHOOL_2006,0,0,0,0,0,0,0,0,0,0,1,1381100.0,10.0271953,3.2879235999999996,0.0,0.0,0.0,NA,0.0,0.0
SCHOOL_2007,0,0,0,0,0,0,0,0,0,0,1,2851700.0,10.032704800000001,3.3262125000000005,0.0,0.0,0.0,NA,0.0,0.0
SCHOOL_2008,0,0,0,0,0,0,0,0,0,0,1,1749800.0,10.0540859,3.3244065000000003,0.0,0.0,0.0,NA,0.0,0.0
SCHOOL_2009,0,0,0,0,0,0,0,0,0,0,1,1233100.0,10.099859799999999,3.2734162,0.0,0.0,0.0,NA,0.0,0.0
SCHOOL_2010,0,0,0,0,0,0,0,0,0,0,1,2391700.0,10.1543048,3.3273776000000006,0.0,0.0,0.0,NA,0.0,0.0
SCHOOL_2011,0,0,0,0,0,0,0,0,0,0,1,4059700.0,10.190790699999999,3.2934337,0.0,0.0,0.0,NA,0.0,0.0
SCHOOL_2012,0,0,0,0,0,0,0,0,0,0,1,10355000.0,10.204438700000003,3.3156745,0.0,0.0,0.0,NA,0.0,0.0
SCHOOL_2013,0,0,0,0,0,0,0,0,0,0,1,12000000.0,9.97982,3.4068119,0.0,0.0,0.0,NA,0.0,0.0
SCHOOL_2014,0,0,0,0,0,0,0,0,0,0,1,12000000.0,10.037962299999997,3.4269299999999996,0.0,0.0,0.0,NA,0.0,0.0
SCHOOL_2015,0,0,0,0,0,0,0,0,0,0,1,4776600.0,10.0549278,3.3606991999999996,0.0,0.0,0.0,NA,0.0,0.0
SCHOOL_2016,0,0,0,0,0,0,0,0,0,0,1,3170200.0,10.0598097,3.4118207,0.0,0.0,0.0,NA,0.0,0.0
SCHOOL_2017,0,0,0,0,0,0,0,0,0,0,1,2017700.0,10.072987400000002,3.3734261,0.0,0.0,0.0,NA,0.0,0.0
SCHOOL_2018,0,0,0,0,0,0,0,0,0,0,1,2506300.0,10.110753800000001,3.4422742,0.0,0.0,0.0,NA,0.0,0.0
SCHOOL_2019,0,0,0,0,0,0,0,0,0,0,1,5405600.0,10.1173192,3.4279203999999996,0.0,0.0,0.0,NA,0.0,0.0
SCHOOL_2020,0,0,0,0,0,0,0,0,0,0,1,4041500.0,10.120717699999998,3.3735937999999996,0.0,0.0,0.0,NA,0.0,0.0
SCHOOL_2021,0,0,0,0,0,0,0,0,0,0,1,3655900.0,10.2261085,3.3609957000000006,0.0,0.0,0.0,NA,0.0,0.0
SCHOOL_2022,0,0,0,0,0,0,0,0,0,0,1,3140900.0,10.0940308,3.2451189000000005,0.0,0.0,0.0,NA,0.0,0.0
SCHOOL_2023,0,0,0,0,0,0,0,0,0,0,1,1561800.0,10.101073999999999,3.1737575000000002,0.0,0.0,0.0,NA,0.0,0.0
SCHOOL_2024,0,0,0,0,0,0,0,0,0,0,1,744800.0,10.1032408,3.1815914,0.0,0.0,0.0,NA,0.0,0.0
SCHOOL_2025,0,0,0,0,0,0,0,0,0,0,1,3385300.0,10.128773600000002,3.2585460000000004,0.0,0.0,0.0,NA,0.0,0.0
SCHOOL_2026,0,0,0,0,0,0,0,0,0,0,1,2683300.0,10.1383622,3.1453814,0.0,0.0,0.0,NA,0.0,0.0
SCHOOL_2027,0,0,0,0,0,0,0,0,0,0,1,840000.0,10.150453600000002,3.2037082,0.0,0.0,0.0,NA,0.0,0.0
SCHOOL_2028,0,0,0,0,0,0,0,0,0,0,1,5797000.0,10.1877374,3.2222036,0.0,0.0,0.0,NA,0.0,0.0
SCHOOL_2029,0,0,0,0,0,0,0,0,0,0,1,840000.0,10.200806599999998,3.1523648,0.0,0.0,0.0,NA,0.0,0.0
SCHOOL_2030,0,0,0,0,0,0,0,0,0,0,1,6873000.0,10.0677839,3.5287729999999997,0.0,0.0,0.0,NA,0.0,0.0
SCHOOL_2031,0,0,0,0,0,0,0,0,0,0,1,9632200.0,10.186202699999999,3.4516966999999994,0.0,0.0,0.0,NA,0.0,0.0
SCHOOL_2032,0,0,0,0,0,0,0,0,0,0,1,12000000.0,10.269375,3.4837568999999995,0.0,0.0,0.0,NA,0.0,0.0
SCHOOL_2033,0,0,0,0,0,0,0,0,0,0,1,4895600.0,10.3501509,3.5191699000000005,0.0,0.0,0.0,NA,0.0,0.0
SCHOOL_2034,0,0,0,0,0,0,0,0,0,0,1,12000000.0,10.3889736,3.4830385,0.0,0.0,0.0,NA,0.0,0.0
SCHOOL_2035,0,0,0,0,0,0,0,0,0,0,1,12000000.0,10.529001199999998,3.5534468000000006,0.0,0.0,0.0,NA,0.0,0.0
SCHOOL_2036,0,0,0,0,0,0,0,0,0,0,1,12000000.0,10.523144300000002,3.6945298,0.0,0.0,0.0,NA,0.0,0.0
SCHOOL_2037,0,0,0,0,0,0,0,0,0,0,1,4656000.0,9.681944399999999,1.5633333000000003,0.0,0.0,0.0,NA,0.0,0.0
SCHOOL_2038,0,0,0,0,0,0,0,0,0,0,1,1140000.0,9.6841667,1.6008333,0.0,0.0,0.0,NA,0.0,0.0
SCHOOL_2039,0,0,0,0,0,0,0,0,0,0,1,2577000.0,9.691077299999998,1.5249104,0.0,0.0,0.0,NA,0.0,0.0
SCHOOL_2040,0,0,0,0,0,0,0,0,0,0,1,10495100.0,9.693491499999999,1.4001972000000003,0.0,0.0,0.0,NA,0.0,0.0
SCHOOL_2041,0,0,0,0,0,0,0,0,0,0,1,3138800.0,9.695505699999995,1.5600978000000003,0.0,0.0,0.0,NA,0.0,0.0
SCHOOL_2042,0,0,0,0,0,0,0,0,0,0,1,1056000.0,9.703450000000002,1.48531,0.0,0.0,0.0,NA,0.0,0.0
SCHOOL_2043,0,0,0,0,0,0,0,0,0,0,1,1173100.0,9.707271199999997,1.5232783999999997,0.0,0.0,0.0,NA,0.0,0.0
SCHOOL_2044,0,0,0,0,0,0,0,0,0,0,1,9188500.0,9.709408800000002,1.9541905000000002,0.0,0.0,0.0,NA,0.0,0.0
SCHOOL_2045,0,0,0,0,0,0,0,0,0,0,1,9063800.0,9.713849399999999,1.7411294000000004,0.0,0.0,0.0,NA,0.0,0.0
SCHOOL_2046,0,0,0,0,0,0,0,0,0,0,1,5471500.0,9.7214619,1.4212865,0.0,0.0,0.0,NA,0.0,0.0
SCHOOL_2047,0,0,0,0,0,0,0,0,0,0,2,10943000.0,9.724198699999997,1.4205068000000003,0.0,0.0,0.0,NA,0.0,0.0
SCHOOL_2048,0,0,0,0,0,0,0,0,0,0,1,4632000.0,9.71459,1.9501799999999996,0.0,0.0,0.0,NA,0.0,0.0
SCHOOL_2049,0,0,0,0,0,0,0,0,0,0,1,8114600.0,9.7165015,1.9035485,0.0,0.0,0.0,NA,0.0,0.0
SCHOOL_2050,0,0,0,0,0,0,0,0,0,0,1,3534500.0,9.7207366,1.8858252000000002,0.0,0.0,0.0,NA,0.0,0.0
SCHOOL_2051,0,0,0,0,0,0,0,0,0,0,1,4992700.0,9.7245546,1.9799903999999997,0.0,0.0,0.0,NA,0.0,0.0
SCHOOL_2052,0,0,0,0,0,0,0,0,0,0,1,12000000.0,9.729790000000001,1.8130700000000006,0.0,0.0,0.0,NA,0.0,0.0
SCHOOL_2053,0,0,0,0,0,0,0,0,0,0,1,5205200.0,9.3370357,2.0691944999999996,0.0,0.0,0.0,NA,0.0,0.0
SCHOOL_2054,0,0,0,0,0,0,0,0,0,0,1,8710700.0,9.3816254,2.1160438000000004,0.0,0.0,0.0,NA,0.0,0.0
SCHOOL_2055,0,0,0,0,0,0,0,0,0,0,1,9193400.0,9.401260599999999,2.0967346000000004,0.0,0.0,0.0,NA,0.0,0.0
SCHOOL_2056,0,0,0,0,0,0,0,0,0,0,1,12000000.0,9.753503500000003,2.1070609000000005,0.0,0.0,0.0,NA,0.0,0.0
SCHOOL_2057,0,0,0,0,0,0,0,0,0,0,1,1762400.0,9.760465999999997,2.1265165,0.0,0.0,0.0,NA,0.0,0.0
SCHOOL_2058,0,0,0,0,0,0,0,0,0,0,1,6701400.0,9.7690397,2.1533873,0.0,0.0,0.0,NA,0.0,0.0
SCHOOL_2059,0,0,0,0,0,0,0,0,0,0,1,1853400.0,10.121295999999997,2.1272816,0.0,0.0,0.0,NA,0.0,0.0
SCHOOL_2060,0,0,0,0,0,0,0,0,0,0,1,1168200.0,10.1264145,2.1731527,0.0,0.0,0.0,NA,0.0,0.0
SCHOOL_2061,0,0,0,0,0,0,0,0,0,0,1,3924000.0,9.74523,2.03396,0.0,0.0,0.0,NA,0.0,0.0
SCHOOL_2062,0,0,0,0,0,0,0,0,0,0,2,10499200.0,9.748549950007806,2.0537638500259257,0.0,0.0,0.0,NA,0.0,0.0
SCHOOL_2063,0,0,0,0,0,0,0,0,0,0,1,2004000.0,9.753640000000003,1.9481400000000002,0.0,0.0,0.0,NA,0.0,0.0
SCHOOL_2064,0,0,0,0,0,0,0,0,0,0,1,3331700.0,9.7260149,1.5133476000000001,0.0,0.0,0.0,NA,0.0,0.0
SCHOOL_2065,0,0,0,0,0,0,0,0,0,0,1,1668000.0,9.73449,1.6871100000000008,0.0,0.0,0.0,NA,0.0,0.0
SCHOOL_2066,0,0,0,0,0,0,0,0,0,0,1,2796200.0,9.745806699999997,1.6618077000000002,0.0,0.0,0.0,NA,0.0,0.0
SCHOOL_2067,0,0,0,0,0,0,0,0,0,0,1,5704300.0,9.7483908,1.5621264,0.0,0.0,0.0,NA,0.0,0.0
SCHOOL_2068,0,0,0,0,0,0,0,0,0,0,1,4742200.0,9.757103399999998,1.6608367999999998,0.0,0.0,0.0,NA,0.0,0.0
SCHOOL_2069,0,0,0,0,0,0,0,0,0,0,1,3072600.0,9.777181599999999,1.4223309000000004,0.0,0.0,0.0,NA,0.0,0.0
SCHOOL_2070,0,0,0,0,0,0,0,0,0,0,1,3977200.0,9.780894100000001,1.5030312,0.0,0.0,0.0,NA,0.0,0.0
SCHOOL_2071,0,0,0,0,0,0,0,0,0,0,1,4581200.0,9.786012200000002,1.4714748,0.0,0.0,0.0,NA,0.0,0.0
SCHOOL_2072,0,0,0,0,0,0,0,0,0,0,1,5375400.0,9.7593665,1.7917014000000007,0.0,0.0,0.0,NA,0.0,0.0
SCHOOL_2073,0,0,0,0,0,0,0,0,0,0,2,16911800.0,9.762597550000581,1.9360029000036227,0.0,0.0,0.0,NA,0.0,0.0
SCHOOL_2074,0,0,0,0,0,0,0,0,0,0,1,2783600.0,9.762610799999997,1.8571338000000002,0.0,0.0,0.0,NA,0.0,0.0
SCHOOL_2075,0,0,0,0,0,0,0,0,0,0,1,4057200.0,9.7864446,1.7447307000000003,0.0,0.0,0.0,NA,0.0,0.0
SCHOOL_2076,0,0,0,0,0,0,0,0,0,0,1,840000.0,9.826061699999997,1.7331272,0.0,0.0,0.0,NA,0.0,0.0
SCHOOL_2077,0,0,0,0,0,0,0,0,0,0,1,10742400.0,9.847063900000002,1.8515216000000005,0.0,0.0,0.0,NA,0.0,0.0
SCHOOL_2078,0,0,0,0,0,0,0,0,0,0,1,4015700.0,9.788664899999999,1.5302812000000001,0.0,0.0,0.0,NA,0.0,0.0
SCHOOL_2079,0,0,0,0,0,0,0,0,0,0,1,12000000.0,9.808400099999997,1.4060211999999996,0.0,0.0,0.0,NA,0.0,0.0
SCHOOL_2080,0,0,0,0,0,0,0,0,0,0,1,1872000.0,9.811789999999998,1.3913200000000001,0.0,0.0,0.0,NA,0.0,0.0
SCHOOL_2081,0,0,0,0,0,0,0,0,0,0,1,4243900.0,9.822771,1.5375347999999995,0.0,0.0,0.0,NA,0.0,0.0
SCHOOL_2082,0,0,0,0,0,0,0,0,0,0,1,10350600.0,9.8244864,1.4534758000000005,0.0,0.0,0.0,NA,0.0,0.0
SCHOOL_2083,0,0,0,0,0,0,0,0,0,0,1,8528000.0,9.8268092,1.6202234000000006,0.0,0.0,0.0,NA,0.0,0.0
SCHOOL_2084,0,0,0,0,0,0,0,0,0,0,1,1891700.0,9.8287324,1.5000449,0.0,0.0,0.0,NA,0.0,0.0
SCHOOL_2085,0,0,0,0,0,0,0,0,0,0,1,3007300.0,9.8464214,1.6026217,0.0,0.0,0.0,NA,0.0,0.0
SCHOOL_2086,0,0,0,0,0,0,0,0,0,0,1,9215500.0,9.8467762,1.5102588000000003,0.0,0.0,0.0,NA,0.0,0.0
SCHOOL_2087,0,0,0,0,0,0,0,0,0,0,1,7434200.0,9.850890500000002,1.6800525999999996,0.0,0.0,0.0,NA,0.0,0.0
SCHOOL_2088,0,0,0,0,0,0,0,0,0,0,1,1568900.0,9.855218899999999,1.540384,0.0,0.0,0.0,NA,0.0,0.0
SCHOOL_2089,0,0,0,0,0,0,0,0,0,0,1,2859600.0,9.8557578,1.3827012999999995,0.0,0.0,0.0,NA,0.0,0.0
SCHOOL_2090,0,0,0,0,0,0,0,0,0,0,2,3137800.0,9.857630950000852,1.539494850002104,0.0,0.0,0.0,NA,0.0,0.0
SCHOOL_2091,0,0,0,0,0,0,0,0,0,0,1,1993400.0,9.868845199999999,1.3963537000000001,0.0,0.0,0.0,NA,0.0,0.0
SCHOOL_2092,0,0,0,0,0,0,0,0,0,0,1,1440000.0,9.86918,1.48759,0.0,0.0,0.0,NA,0.0,0.0
SCHOOL_2093,0,0,0,0,0,0,0,0,0,0,1,1959400.0,9.872753,1.6645816,0.0,0.0,0.0,NA,0.0,0.0
SCHOOL_2094,0,0,0,0,0,0,0,0,0,0,1,1723300.0,9.872959599999998,1.4324153000000004,0.0,0.0,0.0,NA,0.0,0.0
SCHOOL_2095,0,0,0,0,0,0,0,0,0,0,2,1680000.0,9.885009050001695,1.402199600002865,0.0,0.0,0.0,NA,0.0,0.0
SCHOOL_2096,0,0,0,0,0,0,0,0,0,0,1,3452900.0,9.8901995,1.3797500999999996,0.0,0.0,0.0,NA,0.0,0.0
SCHOOL_2097,0,0,0,0,0,0,0,0,0,0,1,667300.0,9.890219899999998,1.5149623000000003,0.0,0.0,0.0,NA,0.0,0.0
SCHOOL_2098,0,0,0,0,0,0,0,0,0,0,1,1823900.0,9.895746000000003,1.5917044,0.0,0.0,0.0,NA,0.0,0.0
SCHOOL_2099,0,0,0,0,0,0,0,0,0,0,5,6075000.0,9.881106900180882,1.7723164656069081,0.0,0.0,0.0,NA,0.0,0.0
SCHOOL_2100,0,0,0,0,0,0,0,0,0,0,1,1122800.0,9.899733599999998,1.3958942,0.0,0.0,0.0,NA,0.0,0.0
SCHOOL_2101,0,0,0,0,0,0,0,0,0,0,1,2273300.0,9.903199099999998,1.6937438000000002,0.0,0.0,0.0,NA,0.0,0.0
SCHOOL_2102,0,0,0,0,0,0,0,0,0,0,1,2906300.0,9.903504800000002,1.6096584,0.0,0.0,0.0,NA,0.0,0.0
SCHOOL_2103,0,0,0,0,0,0,0,0,0,0,1,7665200.0,9.908276000000003,1.5352390999999999,0.0,0.0,0.0,NA,0.0,0.0
SCHOOL_2104,0,0,0,0,0,0,0,0,0,0,1,840000.0,9.908507100000001,1.3648714999999998,0.0,0.0,0.0,NA,0.0,0.0
SCHOOL_2105,0,0,0,0,0,0,0,0,0,0,1,840000.0,9.911073899999998,1.3665211000000008,0.0,0.0,0.0,NA,0.0,0.0
SCHOOL_2106,0,0,0,0,0,0,0,0,0,0,1,7411900.0,9.918676800000002,1.4306986999999998,0.0,0.0,0.0,NA,0.0,0.0
SCHOOL_2107,0,0,0,0,0,0,0,0,0,0,1,1810200.0,9.926437599999998,1.3936493000000005,0.0,0.0,0.0,NA,0.0,0.0
SCHOOL_2108,0,0,0,0,0,0,0,0,0,0,1,2674100.0,9.927627599999994,1.5830047999999999,0.0,0.0,0.0,NA,0.0,0.0
SCHOOL_2109,0,0,0,0,0,0,0,0,0,0,1,5578800.0,9.9283869,1.5290794000000003,0.0,0.0,0.0,NA,0.0,0.0
SCHOOL_2110,0,0,0,0,0,0,0,0,0,0,1,11655400.0,9.899126399999997,1.7926159,0.0,0.0,0.0,NA,0.0,0.0
SCHOOL_2111,0,0,0,0,0,0,0,0,0,0,1,3747500.0,9.901400499999998,1.7673961999999999,0.0,0.0,0.0,NA,0.0,0.0
SCHOOL_2112,0,0,0,0,0,0,0,0,0,0,1,5988000.0,9.902379999999997,1.7981300000000005,0.0,0.0,0.0,NA,0.0,0.0
SCHOOL_2113,0,0,0,0,0,0,0,0,0,0,1,6696200.0,9.9202063,1.9267132000000002,0.0,0.0,0.0,NA,0.0,0.0
SCHOOL_2114,0,0,0,0,0,0,0,0,0,0,1,4564000.0,9.9455005,1.7362936,0.0,0.0,0.0,NA,0.0,0.0
SCHOOL_2115,0,0,0,0,0,0,0,0,0,0,1,5748000.0,9.947521200000002,1.8511111999999996,0.0,0.0,0.0,NA,0.0,0.0
SCHOOL_2116,0,0,0,0,0,0,0,0,0,0,1,1271800.0,9.9296556,1.3680517000000008,0.0,0.0,0.0,NA,0.0,0.0
SCHOOL_2117,0,0,0,0,0,0,0,0,0,0,1,1933400.0,9.933205899999997,1.616326,0.0,0.0,0.0,NA,0.0,0.0
SCHOOL_2118,0,0,0,0,0,0,0,0,0,0,1,4884000.0,9.93914,1.38927,0.0,0.0,0.0,NA,0.0,0.0
SCHOOL_2119,0,0,0,0,0,0,0,0,0,0,1,7004300.0,9.9497544,1.6910788,0.0,0.0,0.0,NA,0.0,0.0
SCHOOL_2120,0,0,0,0,0,0,0,0,0,0,1,1584500.0,9.9525116,1.6308631999999996,0.0,0.0,0.0,NA,0.0,0.0
SCHOOL_2121,0,0,0,0,0,0,0,0,0,0,1,5971400.0,9.971896399999999,1.3925311,0.0,0.0,0.0,NA,0.0,0.0
SCHOOL_2122,0,0,0,0,0,0,0,0,0,0,1,626300.0,9.9785563,1.5279219000000004,0.0,0.0,0.0,NA,0.0,0.0
SCHOOL_2123,0,0,0,0,0,0,0,0,0,0,1,840000.0,9.980269,1.405149,0.0,0.0,0.0,NA,0.0,0.0
SCHOOL_2124,0,0,0,0,0,0,0,0,0,0,1,1854100.0,9.9853638,1.6447518000000005,0.0,0.0,0.0,NA,0.0,0.0
SCHOOL_2125,0,0,0,0,0,0,0,0,0,0,1,6749500.0,9.985397299999997,1.4946733000000003,0.0,0.0,0.0,NA,0.0,0.0
SCHOOL_2126,0,0,0,0,0,0,0,0,0,0,1,6980800.0,9.985898800000001,1.4629604000000003,0.0,0.0,0.0,NA,0.0,0.0
SCHOOL_2127,0,0,0,0,0,0,0,0,0,0,1,2285200.0,9.9904228,1.6154864000000007,0.0,0.0,0.0,NA,0.0,0.0
SCHOOL_2128,0,0,0,0,0,0,0,0,0,0,2,7456700.0,9.996403050177507,1.5168774995109884,0.0,0.0,0.0,NA,0.0,0.0
SCHOOL_2129,0,0,0,0,0,0,0,0,0,0,1,1676300.0,10.000540099999998,1.5605154,0.0,0.0,0.0,NA,0.0,0.0
SCHOOL_2130,0,0,0,0,0,0,0,0,0,0,1,1953700.0,10.001114699999997,1.5349565000000005,0.0,0.0,0.0,NA,0.0,0.0
SCHOOL_2131,0,0,0,0,0,0,0,0,0,0,1,4961200.0,10.0027933,1.4832063000000002,0.0,0.0,0.0,NA,0.0,0.0
SCHOOL_2132,0,0,0,0,0,0,0,0,0,0,1,3381400.0,10.002925599999998,1.4434991000000001,0.0,0.0,0.0,NA,0.0,0.0
SCHOOL_2133,0,0,0,0,0,0,0,0,0,0,3,2380800.0,10.0053504,1.5066609,0.0,0.0,0.0,NA,0.0,0.0
SCHOOL_2134,0,0,0,0,0,0,0,0,0,0,1,12000000.0,9.953373599999999,1.9598815000000003,0.0,0.0,0.0,NA,0.0,0.0
SCHOOL_2135,0,0,0,0,0,0,0,0,0,0,1,1032000.0,9.983489999999998,1.8871300000000004,0.0,0.0,0.0,NA,0.0,0.0
SCHOOL_2136,0,0,0,0,0,0,0,0,0,0,1,5550000.0,9.997025899999999,1.8948733,0.0,0.0,0.0,NA,0.0,0.0
SCHOOL_2137,0,0,0,0,0,0,0,0,0,0,1,9021800.0,10.003587800000002,1.7973595999999996,0.0,0.0,0.0,NA,0.0,0.0
SCHOOL_2138,0,0,0,0,0,0,0,0,0,0,1,6136200.0,10.041038799999999,1.9845734999999995,0.0,0.0,0.0,NA,0.0,0.0
SCHOOL_2139,0,0,0,0,0,0,0,0,0,0,1,1698100.0,10.041188800000002,1.7784655999999999,0.0,0.0,0.0,NA,0.0,0.0
SCHOOL_2140,0,0,0,0,0,0,0,0,0,0,1,3391000.0,10.044396,1.9038227,0.0,0.0,0.0,NA,0.0,0.0
SCHOOL_2141,0,0,0,0,0,0,0,0,0,0,1,7776700.0,10.046456799999998,2.0528567,0.0,0.0,0.0,NA,0.0,0.0
SCHOOL_2142,0,0,0,0,0,0,0,0,0,0,1,10143500.0,10.0467916,2.0602823,0.0,0.0,0.0,NA,0.0,0.0
SCHOOL_2143,0,0,0,0,0,0,0,0,0,0,1,4053400.0,10.0082103,1.4137214999999999,0.0,0.0,0.0,NA,0.0,0.0
SCHOOL_2144,0,0,0,0,0,0,0,0,0,0,1,4837900.0,10.012785099999999,1.4614017000000001,0.0,0.0,0.0,NA,0.0,0.0
SCHOOL_2145,0,0,0,0,0,0,0,0,0,0,1,840000.0,10.0148934,1.6479012999999998,0.0,0.0,0.0,NA,0.0,0.0
SCHOOL_2146,0,0,0,0,0,0,0,0,0,0,1,4704000.0,10.015509999999999,1.47582,0.0,0.0,0.0,NA,0.0,0.0
SCHOOL_2147,0,0,0,0,0,0,0,0,0,0,1,5895600.0,10.017057899999998,1.3773619,0.0,0.0,0.0,NA,0.0,0.0
SCHOOL_2148,0,0,0,0,0,0,0,0,0,0,1,3740600.0,10.019907399999997,1.6864878,0.0,0.0,0.0,NA,0.0,0.0
SCHOOL_2149,0,0,0,0,0,0,0,0,0,0,3,3773100.0000000005,10.026910150013212,1.4831063500092412,0.0,0.0,0.0,NA,0.0,0.0
SCHOOL_2150,0,0,0,0,0,0,0,0,0,0,1,5765800.0,10.0323014,1.3392290000000004,0.0,0.0,0.0,NA,0.0,0.0
SCHOOL_2151,0,0,0,0,0,0,0,0,0,0,1,2208000.0,10.032419399999998,1.5459743999999997,0.0,0.0,0.0,NA,0.0,0.0
SCHOOL_2152,0,0,0,0,0,0,0,0,0,0,1,840000.0,10.038847300000002,1.4298647,0.0,0.0,0.0,NA,0.0,0.0
SCHOOL_2153,0,0,0,0,0,0,0,0,0,0,1,840000.0,10.04121,1.6621200000000005,0.0,0.0,0.0,NA,0.0,0.0
SCHOOL_2154,0,0,0,0,0,0,0,0,0,0,1,2757200.0,10.0461968,1.3813608,0.0,0.0,0.0,NA,0.0,0.0
SCHOOL_2155,0,0,0,0,0,0,0,0,0,0,1,1817800.0,10.0491958,1.6207509999999994,0.0,0.0,0.0,NA,0.0,0.0
SCHOOL_2156,0,0,0,0,0,0,0,0,0,0,1,3382100.0,10.0515392,1.4792832,0.0,0.0,0.0,NA,0.0,0.0
SCHOOL_2157,0,0,0,0,0,0,0,0,0,0,1,662800.0,10.0530557,1.6975761000000005,0.0,0.0,0.0,NA,0.0,0.0
SCHOOL_2158,0,0,0,0,0,0,0,0,0,0,1,4532200.0,10.054630599999996,1.5538426,0.0,0.0,0.0,NA,0.0,0.0
SCHOOL_2159,0,0,0,0,0,0,0,0,0,0,1,1080100.0,10.059025999999998,1.4848730000000003,0.0,0.0,0.0,NA,0.0,0.0
SCHOOL_2160,0,0,0,0,0,0,0,0,0,0,1,3108700.0,10.0628248,1.3501619000000002,0.0,0.0,0.0,NA,0.0,0.0
SCHOOL_2161,0,0,0,0,0,0,0,0,0,0,1,752400.0,10.063023500000002,1.6744462000000002,0.0,0.0,0.0,NA,0.0,0.0
SCHOOL_2162,0,0,0,0,0,0,0,0,0,0,1,1272000.0,10.06441,1.4118200000000005,0.0,0.0,0.0,NA,0.0,0.0
SCHOOL_2163,0,0,0,0,0,0,0,0,0,0,1,4469300.0,10.0650042,1.4088358,0.0,0.0,0.0,NA,0.0,0.0
SCHOOL_2164,0,0,0,0,0,0,0,0,0,0,1,1083600.0,10.0657298,1.656451300000001,0.0,0.0,0.0,NA,0.0,0.0
SCHOOL_2165,0,0,0,0,0,0,0,0,0,0,1,2131100.0,10.065820600000002,1.7191469000000001,0.0,0.0,0.0,NA,0.0,0.0
SCHOOL_2166,0,0,0,0,0,0,0,0,0,0,1,3109800.0,10.0723635,1.5227218,0.0,0.0,0.0,NA,0.0,0.0
SCHOOL_2167,0,0,0,0,0,0,0,0,0,0,1,7692700.0,10.0754904,1.3023531000000006,0.0,0.0,0.0,NA,0.0,0.0
SCHOOL_2168,0,0,0,0,0,0,0,0,0,0,1,1251000.0,10.086995599999998,1.6203665000000007,0.0,0.0,0.0,NA,0.0,0.0
SCHOOL_2169,0,0,0,0,0,0,0,0,0,0,1,6587500.0,10.091911100000003,1.4673981000000003,0.0,0.0,0.0,NA,0.0,0.0
SCHOOL_2170,0,0,0,0,0,0,0,0,0,0,2,10574000.0,9.810103500040297,2.4442018996149733,0.0,0.0,0.0,NA,0.0,0.0
SCHOOL_2171,0,0,0,0,0,0,0,0,0,0,1,3481900.0,9.8538255,2.5267486999999997,0.0,0.0,0.0,NA,0.0,0.0
SCHOOL_2172,0,0,0,0,0,0,0,0,0,0,1,1212000.0,9.905879999999998,2.47251,0.0,0.0,0.0,NA,0.0,0.0
SCHOOL_2173,0,0,0,0,0,0,0,0,0,0,1,2757700.0,9.870499600000002,2.9352121,0.0,0.0,0.0,NA,0.0,0.0
SCHOOL_2174,0,0,0,0,0,0,0,0,0,0,1,4471000.0,9.8753545,3.1210447,0.0,0.0,0.0,NA,0.0,0.0
SCHOOL_2175,0,0,0,0,0,0,0,0,0,0,1,9578900.0,9.898623900000002,2.8566836,0.0,0.0,0.0,NA,0.0,0.0
SCHOOL_2176,0,0,0,0,0,0,0,0,0,0,3,9648300.0,9.902583200000002,2.8891054,0.0,0.0,0.0,NA,0.0,0.0
SCHOOL_2177,0,0,0,0,0,0,0,0,0,0,1,1854000.0,9.9028938,2.9547248,0.0,0.0,0.0,NA,0.0,0.0
SCHOOL_2178,0,0,0,0,0,0,0,0,0,0,1,4317600.0,9.877024999999998,2.6262012000000006,0.0,0.0,0.0,NA,0.0,0.0
SCHOOL_2179,0,0,0,0,0,0,0,0,0,0,2,12169400.0,9.881283800000002,2.7206037,0.0,0.0,0.0,NA,0.0,0.0
SCHOOL_2180,0,0,0,0,0,0,0,0,0,0,1,6374800.0,9.8885631,2.8131032,0.0,0.0,0.0,NA,0.0,0.0
SCHOOL_2181,0,0,0,0,0,0,0,0,0,0,1,12000000.0,9.950750000000001,2.7282300000000004,0.0,0.0,0.0,NA,0.0,0.0
SCHOOL_2182,0,0,0,0,0,0,0,0,0,0,1,8627500.0,9.906523799999999,2.9734608,0.0,0.0,0.0,NA,0.0,0.0
SCHOOL_2183,0,0,0,0,0,0,0,0,0,0,1,5160000.0,9.92009,3.05165,0.0,0.0,0.0,NA,0.0,0.0
SCHOOL_2184,0,0,0,0,0,0,0,0,0,0,1,12000000.0,9.961960999999999,2.9908867,0.0,0.0,0.0,NA,0.0,0.0
SCHOOL_2185,0,0,0,0,0,0,0,0,0,0,1,12000000.0,9.9624749,2.9449011,0.0,0.0,0.0,NA,0.0,0.0
SCHOOL_2186,0,0,0,0,0,0,0,0,0,0,1,7609800.0,9.982358700000002,2.8903299,0.0,0.0,0.0,NA,0.0,0.0
SCHOOL_2187,0,0,0,0,0,0,0,0,0,0,1,2454800.0,10.028590899999998,2.9477752999999995,0.0,0.0,0.0,NA,0.0,0.0
SCHOOL_2188,0,0,0,0,0,0,0,0,0,0,1,3980500.0,10.0829152,3.056219,0.0,0.0,0.0,NA,0.0,0.0
SCHOOL_2189,0,0,0,0,0,0,0,0,0,0,1,9871700.0,10.083663999999999,3.0898099000000006,0.0,0.0,0.0,NA,0.0,0.0
SCHOOL_2190,0,0,0,0,0,0,0,0,0,0,1,4501600.0,10.109358900000002,3.0271611,0.0,0.0,0.0,NA,0.0,0.0
SCHOOL_2191,0,0,0,0,0,0,0,0,0,0,1,12000000.0,9.975180000000002,2.72369,0.0,0.0,0.0,NA,0.0,0.0
SCHOOL_2192,0,0,0,0,0,0,0,0,0,0,1,2136000.0,10.028039999999999,2.54936,0.0,0.0,0.0,NA,0.0,0.0
SCHOOL_2193,0,0,0,0,0,0,0,0,0,0,1,4668000.0,10.048009999999998,2.64297,0.0,0.0,0.0,NA,0.0,0.0
SCHOOL_2194,0,0,0,0,0,0,0,0,0,0,1,8793600.0,9.957206799999996,2.4995639,0.0,0.0,0.0,NA,0.0,0.0
SCHOOL_2195,0,0,0,0,0,0,0,0,0,0,1,12000000.0,10.1132224,2.3644874000000002,0.0,0.0,0.0,NA,0.0,0.0
SCHOOL_2196,0,0,0,0,0,0,0,0,0,0,1,7428000.0,10.121670000000002,2.39807,0.0,0.0,0.0,NA,0.0,0.0
SCHOOL_2197,0,0,0,0,0,0,0,0,0,0,1,12000000.0,10.1635512,2.1914601,0.0,0.0,0.0,NA,0.0,0.0
SCHOOL_2198,0,0,0,0,0,0,0,0,0,0,1,12000000.0,10.058806500000001,2.8309223999999995,0.0,0.0,0.0,NA,0.0,0.0
SCHOOL_2199,0,0,0,0,0,0,0,0,0,0,1,6609800.0,10.1055689,2.8487213999999996,0.0,0.0,0.0,NA,0.0,0.0
SCHOOL_2200,0,0,0,0,0,0,0,0,0,0,1,5880700.0,10.140856199999996,2.6495637,0.0,0.0,0.0,NA,0.0,0.0
SCHOOL_2201,0,0,0,0,0,0,0,0,0,0,1,8322000.0,10.169943399999998,2.7416268,0.0,0.0,0.0,NA,0.0,0.0
SCHOOL_2202,0,0,0,0,0,0,0,0,0,0,1,5050600.0,10.1862105,2.8331686,0.0,0.0,0.0,NA,0.0,0.0
SCHOOL_2203,0,0,0,0,0,0,0,0,0,0,1,6132000.0,10.1904,2.65587,0.0,0.0,0.0,NA,0.0,0.0
SCHOOL_2204,0,0,0,0,0,0,0,0,0,0,1,1560000.0,10.19524,2.6093300000000004,0.0,0.0,0.0,NA,0.0,0.0
SCHOOL_2205,0,0,0,0,0,0,0,0,0,0,1,2358600.0,10.2023287,2.6758698,0.0,0.0,0.0,NA,0.0,0.0
SCHOOL_2206,0,0,0,0,0,0,0,0,0,0,1,2358600.0,10.202990699999999,2.6805276,0.0,0.0,0.0,NA,0.0,0.0
SCHOOL_2207,0,0,0,0,0,0,0,0,0,0,1,2768900.0,10.116842499999999,3.1121373,0.0,0.0,0.0,NA,0.0,0.0
SCHOOL_2208,0,0,0,0,0,0,0,0,0,0,1,1632000.0,10.117449999999998,2.89114,0.0,0.0,0.0,NA,0.0,0.0
SCHOOL_2209,0,0,0,0,0,0,0,0,0,0,1,11506100.0,10.118244899999999,2.9001679,0.0,0.0,0.0,NA,0.0,0.0
SCHOOL_2210,0,0,0,0,0,0,0,0,0,0,1,4616000.0,10.1238638,2.9900342,0.0,0.0,0.0,NA,0.0,0.0
SCHOOL_2211,0,0,0,0,0,0,0,0,0,0,1,2566900.0,10.131680399999999,3.0709047,0.0,0.0,0.0,NA,0.0,0.0
SCHOOL_2212,0,0,0,0,0,0,0,0,0,0,1,3585600.0,10.151888800000002,3.1157512,0.0,0.0,0.0,NA,0.0,0.0
SCHOOL_2213,0,0,0,0,0,0,0,0,0,0,1,10147400.0,10.1566625,3.0442353,0.0,0.0,0.0,NA,0.0,0.0
SCHOOL_2214,0,0,0,0,0,0,0,0,0,0,1,840000.0,10.162604999999997,2.8582332999999998,0.0,0.0,0.0,NA,0.0,0.0
SCHOOL_2215,0,0,0,0,0,0,0,0,0,0,2,14207800.0,10.19156955135157,2.8830549009790842,0.0,0.0,0.0,NA,0.0,0.0
SCHOOL_2216,0,0,0,0,0,0,0,0,0,0,1,840000.0,10.2121469,2.6761785000000002,0.0,0.0,0.0,NA,0.0,0.0
SCHOOL_2217,0,0,0,0,0,0,0,0,0,0,1,2170000.0,10.0976326,1.4210104000000003,0.0,0.0,0.0,NA,0.0,0.0
SCHOOL_2218,0,0,0,0,0,0,0,0,0,0,1,2365800.0,10.1049189,1.5603223000000002,0.0,0.0,0.0,NA,0.0,0.0
SCHOOL_2219,0,0,0,0,0,0,0,0,0,0,1,3949800.0,10.106112599999998,1.5785426,0.0,0.0,0.0,NA,0.0,0.0
SCHOOL_2220,0,0,0,0,0,0,0,0,0,0,1,2051000.0,10.111125799999998,1.692103,0.0,0.0,0.0,NA,0.0,0.0
SCHOOL_2221,0,0,0,0,0,0,0,0,0,0,1,4156100.0000000005,10.114820999999997,1.3676918000000005,0.0,0.0,0.0,NA,0.0,0.0
SCHOOL_2222,0,0,0,0,0,0,0,0,0,0,1,1497500.0,10.1178656,1.1906214999999996,0.0,0.0,0.0,NA,0.0,0.0
SCHOOL_2223,0,0,0,0,0,0,0,0,0,0,1,2208500.0,10.0761515,1.8485821000000002,0.0,0.0,0.0,NA,0.0,0.0
SCHOOL_2224,0,0,0,0,0,0,0,0,0,0,1,4252900.0,10.084265500000003,1.8930631000000002,0.0,0.0,0.0,NA,0.0,0.0
SCHOOL_2225,0,0,0,0,0,0,0,0,0,0,1,6100200.0,10.095222800000002,1.8162961000000004,0.0,0.0,0.0,NA,0.0,0.0
SCHOOL_2226,0,0,0,0,0,0,0,0,0,0,1,2961400.0,10.1096571,1.8668680000000002,0.0,0.0,0.0,NA,0.0,0.0
SCHOOL_2227,0,0,0,0,0,0,0,0,0,0,1,1916500.0,10.1097751,2.009410000000001,0.0,0.0,0.0,NA,0.0,0.0
SCHOOL_2228,0,0,0,0,0,0,0,0,0,0,1,6723500.0,10.131726000000002,1.9789729000000007,0.0,0.0,0.0,NA,0.0,0.0
SCHOOL_2229,0,0,0,0,0,0,0,0,0,0,1,1657100.0,10.1471114,1.8668663999999995,0.0,0.0,0.0,NA,0.0,0.0
SCHOOL_2230,0,0,0,0,0,0,0,0,0,0,1,3805900.0,10.1598593,1.9538163000000002,0.0,0.0,0.0,NA,0.0,0.0
SCHOOL_2231,0,0,0,0,0,0,0,0,0,0,1,6376000.0,10.172996400000002,1.9564126000000002,0.0,0.0,0.0,NA,0.0,0.0
SCHOOL_2232,0,0,0,0,0,0,0,0,0,0,1,3702800.0,10.1741133,1.7869197000000008,0.0,0.0,0.0,NA,0.0,0.0
SCHOOL_2233,0,0,0,0,0,0,0,0,0,0,1,2342600.0,10.1279929,1.4324564000000002,0.0,0.0,0.0,NA,0.0,0.0
SCHOOL_2234,0,0,0,0,0,0,0,0,0,0,1,2301100.0,10.1482904,1.6019978,0.0,0.0,0.0,NA,0.0,0.0
SCHOOL_2235,0,0,0,0,0,0,0,0,0,0,1,1980000.0,10.14905,1.3905299999999998,0.0,0.0,0.0,NA,0.0,0.0
SCHOOL_2236,0,0,0,0,0,0,0,0,0,0,1,1520300.0,10.150638300000002,1.6872387999999994,0.0,0.0,0.0,NA,0.0,0.0
SCHOOL_2237,0,0,0,0,0,0,0,0,0,0,1,3043200.0,10.155975599999998,1.5738775999999999,0.0,0.0,0.0,NA,0.0,0.0
SCHOOL_2238,0,0,0,0,0,0,0,0,0,0,1,3375200.0,10.1564152,1.4797745,0.0,0.0,0.0,NA,0.0,0.0
SCHOOL_2239,0,0,0,0,0,0,0,0,0,0,1,7599200.0,10.156968600000003,1.3701901000000003,0.0,0.0,0.0,NA,0.0,0.0
SCHOOL_2240,0,0,0,0,0,0,0,0,0,0,2,1680000.0,10.160693550013784,1.6281497499795425,0.0,0.0,0.0,NA,0.0,0.0
SCHOOL_2241,0,0,0,0,0,0,0,0,0,0,1,4660300.0,10.1279945,2.1135985000000006,0.0,0.0,0.0,NA,0.0,0.0
SCHOOL_2242,0,0,0,0,0,0,0,0,0,0,1,3122300.0,10.129280700000002,2.0851978,0.0,0.0,0.0,NA,0.0,0.0
SCHOOL_2243,0,0,0,0,0,0,0,0,0,0,1,2451500.0,10.146081099999998,2.077668,0.0,0.0,0.0,NA,0.0,0.0
SCHOOL_2244,0,0,0,0,0,0,0,0,0,0,1,1632000.0,10.179659999999998,2.06804,0.0,0.0,0.0,NA,0.0,0.0
SCHOOL_2245,0,0,0,0,0,0,0,0,0,0,1,2969400.0,10.1902666,2.1379756,0.0,0.0,0.0,NA,0.0,0.0
SCHOOL_2246,0,0,0,0,0,0,0,0,0,0,1,5388000.0,10.203099999999997,2.13419,0.0,0.0,0.0,NA,0.0,0.0
SCHOOL_2247,0,0,0,0,0,0,0,0,0,0,1,3504700.0,10.204312299999998,2.0884457000000007,0.0,0.0,0.0,NA,0.0,0.0
SCHOOL_2248,0,0,0,0,0,0,0,0,0,0,1,2081300.0000000002,10.220192699999998,2.1394363,0.0,0.0,0.0,NA,0.0,0.0
SCHOOL_2249,0,0,0,0,0,0,0,0,0,0,1,1456300.0,10.1647057,1.6562764000000005,0.0,0.0,0.0,NA,0.0,0.0
SCHOOL_2250,0,0,0,0,0,0,0,0,0,0,1,9518800.0,10.1653357,1.1877788,0.0,0.0,0.0,NA,0.0,0.0
SCHOOL_2251,0,0,0,0,0,0,0,0,0,0,1,2422700.0,10.1740758,1.4598609999999999,0.0,0.0,0.0,NA,0.0,0.0
SCHOOL_2252,0,0,0,0,0,0,0,0,0,0,5,9266000.0,10.179122100000003,1.4152814000000005,0.0,0.0,0.0,NA,0.0,0.0
SCHOOL_2253,0,0,0,0,0,0,0,0,0,0,1,10146000.0,10.1824852,1.2004446000000006,0.0,0.0,0.0,NA,0.0,0.0
SCHOOL_2254,0,0,0,0,0,0,0,0,0,0,2,2446400.0,10.198037000456097,1.11242449991935,0.0,0.0,0.0,NA,0.0,0.0
SCHOOL_2255,0,0,0,0,0,0,0,0,0,0,1,1171000.0,10.185055699999998,1.6668303999999998,0.0,0.0,0.0,NA,0.0,0.0
SCHOOL_2256,0,0,0,0,0,0,0,0,0,0,1,9296200.0,10.1863883,1.2043697000000004,0.0,0.0,0.0,NA,0.0,0.0
SCHOOL_2257,0,0,0,0,0,0,0,0,0,0,1,1690700.0,10.190216699999999,1.5338448000000002,0.0,0.0,0.0,NA,0.0,0.0
SCHOOL_2258,0,0,0,0,0,0,0,0,0,0,1,1700900.0,10.190554399999998,1.6041202000000008,0.0,0.0,0.0,NA,0.0,0.0
SCHOOL_2259,0,0,0,0,0,0,0,0,0,0,1,1356500.0,10.1927823,1.6908485,0.0,0.0,0.0,NA,0.0,0.0
SCHOOL_2260,0,0,0,0,0,0,0,0,0,0,1,840000.0,10.195010699999997,1.4040648000000002,0.0,0.0,0.0,NA,0.0,0.0
SCHOOL_2261,0,0,0,0,0,0,0,0,0,0,1,1721500.0,10.199719199999999,1.6154481999999992,0.0,0.0,0.0,NA,0.0,0.0
SCHOOL_2262,0,0,0,0,0,0,0,0,0,0,1,4108399.9999999995,10.209136199999996,1.1805668999999999,0.0,0.0,0.0,NA,0.0,0.0
SCHOOL_2263,0,0,0,0,0,0,0,0,0,0,2,5544000.0,10.21151,1.6203799999999995,0.0,0.0,0.0,NA,0.0,0.0
SCHOOL_2264,0,0,0,0,0,0,0,0,0,0,1,1848000.0,10.182239999999997,1.9562700000000004,0.0,0.0,0.0,NA,0.0,0.0
SCHOOL_2265,0,0,0,0,0,0,0,0,0,0,1,7131400.0,10.1830886,2.0652455,0.0,0.0,0.0,NA,0.0,0.0
SCHOOL_2266,0,0,0,0,0,0,0,0,0,0,1,7275200.0,10.190341600000002,1.9670471999999997,0.0,0.0,0.0,NA,0.0,0.0
SCHOOL_2267,0,0,0,0,0,0,0,0,0,0,1,4970300.0,10.2192067,1.9984815,0.0,0.0,0.0,NA,0.0,0.0
SCHOOL_2268,0,0,0,0,0,0,0,0,0,0,1,4284000.0,10.22023,2.02245,0.0,0.0,0.0,NA,0.0,0.0
SCHOOL_2269,0,0,0,0,0,0,0,0,0,0,1,840000.0,10.2142814,1.3999021000000003,0.0,0.0,0.0,NA,0.0,0.0
SCHOOL_2270,0,0,0,0,0,0,0,0,0,0,1,2868000.0,10.218611099999999,1.4019444000000005,0.0,0.0,0.0,NA,0.0,0.0
SCHOOL_2271,0,0,0,0,0,0,0,0,0,0,1,4090700.0,10.229673799999999,1.6291857000000007,0.0,0.0,0.0,NA,0.0,0.0
SCHOOL_2272,0,0,0,0,0,0,0,0,0,0,1,5234400.0,10.2315509,1.5828073999999996,0.0,0.0,0.0,NA,0.0,0.0
SCHOOL_2273,0,0,0,0,0,0,0,0,0,0,2,1944000.0,10.143684500360227,1.1370574991049236,0.0,0.0,0.0,NA,0.0,0.0
SCHOOL_2274,0,0,0,0,0,0,0,0,0,0,1,4137500.0,10.231811399999998,1.1476494,0.0,0.0,0.0,NA,0.0,0.0
SCHOOL_2275,0,0,0,0,0,0,0,0,0,0,1,840000.0,10.2338141,1.0269343000000004,0.0,0.0,0.0,NA,0.0,0.0
SCHOOL_2276,0,0,0,0,0,0,0,0,0,0,1,1707100.0,10.2387855,1.1177047000000004,0.0,0.0,0.0,NA,0.0,0.0
SCHOOL_2277,0,0,0,0,0,0,0,0,0,0,9,7560000.0,10.2466083,1.1165656999999998,0.0,0.0,0.0,NA,0.0,0.0
SCHOOL_2278,0,0,0,0,0,0,0,0,0,0,2,7456600.0,10.25977420030832,0.9941992004369534,0.0,0.0,0.0,NA,0.0,0.0
SCHOOL_2279,0,0,0,0,0,0,0,0,0,0,1,1888200.0,10.291423599999998,1.0043227,0.0,0.0,0.0,NA,0.0,0.0
SCHOOL_2280,0,0,0,0,0,0,0,0,0,0,1,3529600.0,10.294219200000004,1.0325831999999997,0.0,0.0,0.0,NA,0.0,0.0
SCHOOL_2281,0,0,0,0,0,0,0,0,0,0,1,1401100.0,10.3009133,0.9061304000000004,0.0,0.0,0.0,NA,0.0,0.0
SCHOOL_2282,0,0,0,0,0,0,0,0,0,0,1,2152800.0,10.3068683,0.9320425000000004,0.0,0.0,0.0,NA,0.0,0.0
SCHOOL_2283,0,0,0,0,0,0,0,0,0,0,2,1331600.0,10.314174250000963,0.963861150009882,0.0,0.0,0.0,NA,0.0,0.0
SCHOOL_2284,0,0,0,0,0,0,0,0,0,0,1,3020800.0,10.242932199999998,1.9947396,0.0,0.0,0.0,NA,0.0,0.0
SCHOOL_2285,0,0,0,0,0,0,0,0,0,0,1,10121000.0,10.247510999999998,1.8885492000000002,0.0,0.0,0.0,NA,0.0,0.0
SCHOOL_2286,0,0,0,0,0,0,0,0,0,0,1,8399900.0,10.250062699999999,2.0486494000000004,0.0,0.0,0.0,NA,0.0,0.0
SCHOOL_2287,0,0,0,0,0,0,0,0,0,0,1,7949200.0,10.250796300000001,1.9348984999999999,0.0,0.0,0.0,NA,0.0,0.0
SCHOOL_2288,0,0,0,0,0,0,0,0,0,0,1,4004000.0,10.2618969,1.9930276000000005,0.0,0.0,0.0,NA,0.0,0.0
SCHOOL_2289,0,0,0,0,0,0,0,0,0,0,1,1512000.0,10.245069999999998,1.7103600000000008,0.0,0.0,0.0,NA,0.0,0.0
SCHOOL_2290,0,0,0,0,0,0,0,0,0,0,1,3283900.0,10.247385899999998,1.5087642000000006,0.0,0.0,0.0,NA,0.0,0.0
SCHOOL_2291,0,0,0,0,0,0,0,0,0,0,1,840000.0,10.249166999999996,1.5304913000000002,0.0,0.0,0.0,NA,0.0,0.0
SCHOOL_2292,0,0,0,0,0,0,0,0,0,0,1,2004000.0,10.252720000000002,1.2355800000000001,0.0,0.0,0.0,NA,0.0,0.0
SCHOOL_2293,0,0,0,0,0,0,0,0,0,0,1,2705400.0,10.263262900000003,1.6905438999999998,0.0,0.0,0.0,NA,0.0,0.0
SCHOOL_2294,0,0,0,0,0,0,0,0,0,0,1,12000000.0,10.2648471,1.3053049000000003,0.0,0.0,0.0,NA,0.0,0.0
SCHOOL_2295,0,0,0,0,0,0,0,0,0,0,1,8785400.0,10.260813400000002,1.1289214999999997,0.0,0.0,0.0,NA,0.0,0.0
SCHOOL_2296,0,0,0,0,0,0,0,0,0,0,1,653300.0,10.267818099999998,0.9437823000000002,0.0,0.0,0.0,NA,0.0,0.0
SCHOOL_2297,0,0,0,0,0,0,0,0,0,0,1,2940000.0,10.2732,0.9966900000000004,0.0,0.0,0.0,NA,0.0,0.0
SCHOOL_2298,0,0,0,0,0,0,0,0,0,0,1,2313600.0,10.281877899999998,0.9635675999999991,0.0,0.0,0.0,NA,0.0,0.0
SCHOOL_2299,0,0,0,0,0,0,0,0,0,0,1,840000.0,10.287795699999998,0.9864290000000003,0.0,0.0,0.0,NA,0.0,0.0
SCHOOL_2300,0,0,0,0,0,0,0,0,0,0,1,1250800.0,10.290125999999999,1.0851298,0.0,0.0,0.0,NA,0.0,0.0
SCHOOL_2301,0,0,0,0,0,0,0,0,0,0,1,2627200.0,10.2902002,1.1477640000000005,0.0,0.0,0.0,NA,0.0,0.0
SCHOOL_2302,0,0,0,0,0,0,0,0,0,0,1,4095200.0,10.270147900000003,1.6825359,0.0,0.0,0.0,NA,0.0,0.0
SCHOOL_2303,0,0,0,0,0,0,0,0,0,0,1,2873000.0,10.271194599999998,1.6685964000000004,0.0,0.0,0.0,NA,0.0,0.0
SCHOOL_2304,0,0,0,0,0,0,0,0,0,0,1,3048000.0,10.292540000000002,1.66354,0.0,0.0,0.0,NA,0.0,0.0
SCHOOL_2305,0,0,0,0,0,0,0,0,0,0,1,11695400.0,10.298831500000002,1.5146926,0.0,0.0,0.0,NA,0.0,0.0
SCHOOL_2306,0,0,0,0,0,0,0,0,0,0,1,890500.0,10.299474999999997,1.6352036000000003,0.0,0.0,0.0,NA,0.0,0.0
SCHOOL_2307,0,0,0,0,0,0,0,0,0,0,6,5040000.0,10.300553099999998,1.5185133000000002,0.0,0.0,0.0,NA,0.0,0.0
SCHOOL_2308,0,0,0,0,0,0,0,0,0,0,1,3121900.0,10.309279699999998,1.5565678,0.0,0.0,0.0,NA,0.0,0.0
SCHOOL_2309,0,0,0,0,0,0,0,0,0,0,1,840000.0,10.313640600000001,1.7125679000000005,0.0,0.0,0.0,NA,0.0,0.0
SCHOOL_2310,0,0,0,0,0,0,0,0,0,0,5,6943200.0,10.318651202725224,1.3651508001823895,0.0,0.0,0.0,NA,0.0,0.0
SCHOOL_2311,0,0,0,0,0,0,0,0,0,0,1,1271500.0,10.317825799999998,1.5381828999999996,0.0,0.0,0.0,NA,0.0,0.0
SCHOOL_2312,0,0,0,0,0,0,0,0,0,0,1,1405200.0,10.3211446,1.3633518000000007,0.0,0.0,0.0,NA,0.0,0.0
SCHOOL_2313,0,0,0,0,0,0,0,0,0,0,1,840000.0,10.3235382,1.5993720999999999,0.0,0.0,0.0,NA,0.0,0.0
SCHOOL_2314,0,0,0,0,0,0,0,0,0,0,1,3444800.0,10.2656043,1.7339063,0.0,0.0,0.0,NA,0.0,0.0
SCHOOL_2315,0,0,0,0,0,0,0,0,0,0,1,2451400.0,10.2884054,1.7840032000000001,0.0,0.0,0.0,NA,0.0,0.0
SCHOOL_2316,0,0,0,0,0,0,0,0,0,0,1,1593000.0,10.3133512,1.9578020000000005,0.0,0.0,0.0,NA,0.0,0.0
SCHOOL_2317,0,0,0,0,0,0,0,0,0,0,1,6852700.0,10.346466799999998,1.7655037999999998,0.0,0.0,0.0,NA,0.0,0.0
SCHOOL_2318,0,0,0,0,0,0,0,0,0,0,1,1265900.0,10.316491599999999,0.9933351000000002,0.0,0.0,0.0,NA,0.0,0.0
SCHOOL_2319,0,0,0,0,0,0,0,0,0,0,1,911000.0,10.3169511,1.0021301000000005,0.0,0.0,0.0,NA,0.0,0.0
SCHOOL_2320,0,0,0,0,0,0,0,0,0,0,1,840000.0,10.3219435,1.0391580999999999,0.0,0.0,0.0,NA,0.0,0.0
SCHOOL_2321,0,0,0,0,0,0,0,0,0,0,1,5434000.0,10.3224414,1.0552090000000003,0.0,0.0,0.0,NA,0.0,0.0
SCHOOL_2322,0,0,0,0,0,0,0,0,0,0,1,1435400.0,10.3248708,0.9721635999999996,0.0,0.0,0.0,NA,0.0,0.0
SCHOOL_2323,0,0,0,0,0,0,0,0,0,0,1,1448800.0,10.3303285,1.0749061999999991,0.0,0.0,0.0,NA,0.0,0.0
SCHOOL_2324,0,0,0,0,0,0,0,0,0,0,1,6594200.0,10.3305951,1.1171153,0.0,0.0,0.0,NA,0.0,0.0
SCHOOL_2325,0,0,0,0,0,0,0,0,0,0,1,1699800.0,10.336394,1.0861882999999997,0.0,0.0,0.0,NA,0.0,0.0
SCHOOL_2326,0,0,0,0,0,0,0,0,0,0,1,11772800.0,10.324149699999998,1.2088455999999996,0.0,0.0,0.0,NA,0.0,0.0
SCHOOL_2327,0,0,0,0,0,0,0,0,0,0,1,2899700.0,10.336913100000002,1.4221402000000005,0.0,0.0,0.0,NA,0.0,0.0
SCHOOL_2328,0,0,0,0,0,0,0,0,0,0,1,4461600.0,10.3378737,1.3880799999999995,0.0,0.0,0.0,NA,0.0,0.0
SCHOOL_2329,0,0,0,0,0,0,0,0,0,0,1,836200.0,10.3435931,1.3627489,0.0,0.0,0.0,NA,0.0,0.0
SCHOOL_2330,0,0,0,0,0,0,0,0,0,0,1,2298000.0,10.3448942,1.6019393000000006,0.0,0.0,0.0,NA,0.0,0.0
SCHOOL_2331,0,0,0,0,0,0,0,0,0,0,5,4181000.0,10.3452436,1.3599508000000002,0.0,0.0,0.0,NA,0.0,0.0
SCHOOL_2332,0,0,0,0,0,0,0,0,0,0,1,1458500.0,10.3374361,0.9956325999999998,0.0,0.0,0.0,NA,0.0,0.0
SCHOOL_2333,0,0,0,0,0,0,0,0,0,0,1,1209200.0,10.3413654,0.9161837000000002,0.0,0.0,0.0,NA,0.0,0.0
SCHOOL_2334,0,0,0,0,0,0,0,0,0,0,2,2158400.0,10.341926799999998,1.1102763999999994,0.0,0.0,0.0,NA,0.0,0.0
SCHOOL_2335,0,0,0,0,0,0,0,0,0,0,1,858000.0,10.3446173,1.0575492,0.0,0.0,0.0,NA,0.0,0.0
SCHOOL_2336,0,0,0,0,0,0,0,0,0,0,1,840000.0,10.351680400000001,0.8931151000000002,0.0,0.0,0.0,NA,0.0,0.0
SCHOOL_2337,0,0,0,0,0,0,0,0,0,0,1,1788500.0,10.352736299999998,1.1328335000000007,0.0,0.0,0.0,NA,0.0,0.0
SCHOOL_2338,0,0,0,0,0,0,0,0,0,0,1,2525000.0,10.3467951,1.5530727000000002,0.0,0.0,0.0,NA,0.0,0.0
SCHOOL_2339,0,0,0,0,0,0,0,0,0,0,1,3353200.0,10.3469413,1.2548573000000005,0.0,0.0,0.0,NA,0.0,0.0
SCHOOL_2340,0,0,0,0,0,0,0,0,0,0,1,3254200.0,10.359869599999998,1.6371716000000005,0.0,0.0,0.0,NA,0.0,0.0
SCHOOL_2341,0,0,0,0,0,0,0,0,0,0,1,1632000.0,10.3657,1.3505899999999997,0.0,0.0,0.0,NA,0.0,0.0
SCHOOL_2342,0,0,0,0,0,0,0,0,0,0,3,10287000.0,10.3680123,1.3574415000000004,0.0,0.0,0.0,NA,0.0,0.0
SCHOOL_2343,0,0,0,0,0,0,0,0,0,0,1,3456000.0,10.3696201,1.5237084000000003,0.0,0.0,0.0,NA,0.0,0.0
SCHOOL_2344,0,0,0,0,0,0,0,0,0,0,1,7248000.0,10.358429999999997,1.1048100000000003,0.0,0.0,0.0,NA,0.0,0.0
SCHOOL_2345,0,0,0,0,0,0,0,0,0,0,1,840000.0,10.362481599999999,0.8189979000000003,0.0,0.0,0.0,NA,0.0,0.0
SCHOOL_2346,0,0,0,0,0,0,0,0,0,0,2,1853200.0,10.364367500024297,0.878174549877732,0.0,0.0,0.0,NA,0.0,0.0
SCHOOL_2347,0,0,0,0,0,0,0,0,0,0,1,5076600.0,10.3655624,0.9973238000000005,0.0,0.0,0.0,NA,0.0,0.0
SCHOOL_2348,0,0,0,0,0,0,0,0,0,0,1,3422400.0,10.3672635,0.9032594999999998,0.0,0.0,0.0,NA,0.0,0.0
SCHOOL_2349,0,0,0,0,0,0,0,0,0,0,1,5896100.0,10.3699427,1.118131,0.0,0.0,0.0,NA,0.0,0.0
SCHOOL_2350,0,0,0,0,0,0,0,0,0,0,1,4633100.0,10.3699573,0.9507837000000003,0.0,0.0,0.0,NA,0.0,0.0
SCHOOL_2351,0,0,0,0,0,0,0,0,0,0,1,5771200.0,10.372124400000002,0.8421332000000001,0.0,0.0,0.0,NA,0.0,0.0
SCHOOL_2352,0,0,0,0,0,0,0,0,0,0,1,5003500.0,10.382736,1.0413770000000004,0.0,0.0,0.0,NA,0.0,0.0
SCHOOL_2353,0,0,0,0,0,0,0,0,0,0,1,4532500.0,10.3852955,1.0808659,0.0,0.0,0.0,NA,0.0,0.0
SCHOOL_2354,0,0,0,0,0,0,0,0,0,0,2,3409600.0,10.39110315000091,1.0613968999997803,0.0,0.0,0.0,NA,0.0,0.0
SCHOOL_2355,0,0,0,0,0,0,0,0,0,0,1,4391200.0,10.379147899999998,1.6928715,0.0,0.0,0.0,NA,0.0,0.0
SCHOOL_2356,0,0,0,0,0,0,0,0,0,0,2,3148600.0,10.392722399999998,1.5585819,0.0,0.0,0.0,NA,0.0,0.0
SCHOOL_2357,0,0,0,0,0,0,0,0,0,0,1,840000.0,10.3940098,1.3998355000000002,0.0,0.0,0.0,NA,0.0,0.0
SCHOOL_2358,0,0,0,0,0,0,0,0,0,0,1,3194000.0,10.410894299999999,1.5949676000000002,0.0,0.0,0.0,NA,0.0,0.0
SCHOOL_2359,0,0,0,0,0,0,0,0,0,0,1,3808700.0,10.415907399999998,1.6922178,0.0,0.0,0.0,NA,0.0,0.0
SCHOOL_2360,0,0,0,0,0,0,0,0,0,0,1,2964000.0,10.396319999999998,1.0543400000000003,0.0,0.0,0.0,NA,0.0,0.0
SCHOOL_2361,0,0,0,0,0,0,0,0,0,0,1,1576200.0,10.397725199999998,0.9031125000000002,0.0,0.0,0.0,NA,0.0,0.0
SCHOOL_2362,0,0,0,0,0,0,0,0,0,0,1,2474400.0,10.400660099999998,1.019290000000001,0.0,0.0,0.0,NA,0.0,0.0
SCHOOL_2363,0,0,0,0,0,0,0,0,0,0,1,4059000.0,10.412813099999997,0.8145226000000009,0.0,0.0,0.0,NA,0.0,0.0
SCHOOL_2364,0,0,0,0,0,0,0,0,0,0,1,1416700.0,10.414591999999997,1.0975296,0.0,0.0,0.0,NA,0.0,0.0
SCHOOL_2365,0,0,0,0,0,0,0,0,0,0,1,1279700.0,10.346489,0.8613024999999997,0.0,0.0,0.0,NA,0.0,0.0
SCHOOL_2366,0,0,0,0,0,0,0,0,0,0,1,969100.0,10.349676799999997,0.9462541000000005,0.0,0.0,0.0,NA,0.0,0.0
SCHOOL_2367,0,0,0,0,0,0,0,0,0,0,1,1836700.0,10.3512157,0.9773253000000005,0.0,0.0,0.0,NA,0.0,0.0
SCHOOL_2368,0,0,0,0,0,0,0,0,0,0,1,1800000.0,10.38772,1.7608900000000007,0.0,0.0,0.0,NA,0.0,0.0
SCHOOL_2369,0,0,0,0,0,0,0,0,0,0,1,4587700.0,10.4135269,1.8275069999999998,0.0,0.0,0.0,NA,0.0,0.0
SCHOOL_2370,0,0,0,0,0,0,0,0,0,0,1,5796800.0,10.421801599999998,1.9223241000000002,0.0,0.0,0.0,NA,0.0,0.0
SCHOOL_2371,0,0,0,0,0,0,0,0,0,0,1,3756000.0,10.42332,2.01502,0.0,0.0,0.0,NA,0.0,0.0
SCHOOL_2372,0,0,0,0,0,0,0,0,0,0,1,12000000.0,10.441393000000001,2.0266606999999994,0.0,0.0,0.0,NA,0.0,0.0
SCHOOL_2373,0,0,0,0,0,0,0,0,0,0,1,2090800.0000000002,10.442595899999997,1.7321550999999997,0.0,0.0,0.0,NA,0.0,0.0
SCHOOL_2374,0,0,0,0,0,0,0,0,0,0,1,1821400.0,10.464058399999997,1.7497864000000007,0.0,0.0,0.0,NA,0.0,0.0
SCHOOL_2375,0,0,0,0,0,0,0,0,0,0,1,2257300.0,10.416806099999999,1.0674054000000002,0.0,0.0,0.0,NA,0.0,0.0
SCHOOL_2376,0,0,0,0,0,0,0,0,0,0,1,3555100.0,10.4172249,0.7942002999999996,0.0,0.0,0.0,NA,0.0,0.0
SCHOOL_2377,0,0,0,0,0,0,0,0,0,0,1,1059400.0,10.418176,0.9826012000000007,0.0,0.0,0.0,NA,0.0,0.0
SCHOOL_2378,0,0,0,0,0,0,0,0,0,0,1,9579600.0,10.418210599999997,1.1456531000000003,0.0,0.0,0.0,NA,0.0,0.0
SCHOOL_2379,0,0,0,0,0,0,0,0,0,0,1,3984000.0,10.4198,0.7970400000000005,0.0,0.0,0.0,NA,0.0,0.0
SCHOOL_2380,0,0,0,0,0,0,0,0,0,0,1,4222200.0,10.4210137,0.8463341999999997,0.0,0.0,0.0,NA,0.0,0.0
SCHOOL_2381,0,0,0,0,0,0,0,0,0,0,1,3195800.0,10.4211923,0.877742200000001,0.0,0.0,0.0,NA,0.0,0.0
SCHOOL_2382,0,0,0,0,0,0,0,0,0,0,1,4704100.0,10.429396599999999,1.0544397000000003,0.0,0.0,0.0,NA,0.0,0.0
SCHOOL_2383,0,0,0,0,0,0,0,0,0,0,1,862100.0,10.432282299999999,1.0782706000000009,0.0,0.0,0.0,NA,0.0,0.0
SCHOOL_2384,0,0,0,0,0,0,0,0,0,0,1,3051800.0,10.436274999999998,0.9519315,0.0,0.0,0.0,NA,0.0,0.0
SCHOOL_2385,0,0,0,0,0,0,0,0,0,0,1,12000000.0,10.4234378,1.4535532000000002,0.0,0.0,0.0,NA,0.0,0.0
SCHOOL_2386,0,0,0,0,0,0,0,0,0,0,1,2412000.0,10.42469,1.68729,0.0,0.0,0.0,NA,0.0,0.0
SCHOOL_2387,0,0,0,0,0,0,0,0,0,0,1,1583600.0,10.425128499999996,1.6735416000000003,0.0,0.0,0.0,NA,0.0,0.0
SCHOOL_2388,0,0,0,0,0,0,0,0,0,0,1,4876000.0,10.428077999999996,1.1968695,0.0,0.0,0.0,NA,0.0,0.0
SCHOOL_2389,0,0,0,0,0,0,0,0,0,0,1,4187399.9999999995,10.4325528,1.5512531999999999,0.0,0.0,0.0,NA,0.0,0.0
SCHOOL_2390,0,0,0,0,0,0,0,0,0,0,1,2455600.0,10.446963899999998,1.5951240999999998,0.0,0.0,0.0,NA,0.0,0.0
SCHOOL_2391,0,0,0,0,0,0,0,0,0,0,3,10978400.0,10.448919500747243,1.3668477995377621,0.0,0.0,0.0,NA,0.0,0.0
SCHOOL_2392,0,0,0,0,0,0,0,0,0,0,1,7960300.0,10.453585500000003,1.2321189000000003,0.0,0.0,0.0,NA,0.0,0.0
SCHOOL_2393,0,0,0,0,0,0,0,0,0,0,5,6656500.0,10.459090300000092,1.3669679000006538,0.0,0.0,0.0,NA,0.0,0.0
SCHOOL_2394,0,0,0,0,0,0,0,0,0,0,1,2272200.0,10.462335700000002,1.6598729000000003,0.0,0.0,0.0,NA,0.0,0.0
SCHOOL_2395,0,0,0,0,0,0,0,0,0,0,1,4523200.0,10.4626772,1.6921354,0.0,0.0,0.0,NA,0.0,0.0
SCHOOL_2396,0,0,0,0,0,0,0,0,0,0,1,12000000.0,10.467607799999998,1.301747,0.0,0.0,0.0,NA,0.0,0.0
SCHOOL_2397,0,0,0,0,0,0,0,0,0,0,1,10869800.0,10.4429864,0.9062002999999995,0.0,0.0,0.0,NA,0.0,0.0
SCHOOL_2398,0,0,0,0,0,0,0,0,0,0,1,1871300.0,10.443820499999998,0.9238876000000003,0.0,0.0,0.0,NA,0.0,0.0
SCHOOL_2399,0,0,0,0,0,0,0,0,0,0,1,9429700.0,10.445884299999998,0.8192567000000006,0.0,0.0,0.0,NA,0.0,0.0
SCHOOL_2400,0,0,0,0,0,0,0,0,0,0,1,2876500.0,10.4567127,0.9593195,0.0,0.0,0.0,NA,0.0,0.0
SCHOOL_2401,0,0,0,0,0,0,0,0,0,0,1,8197700.000000001,10.461087099999999,1.016034199999999,0.0,0.0,0.0,NA,0.0,0.0
SCHOOL_2402,0,0,0,0,0,0,0,0,0,0,1,12000000.0,10.4691556,0.9645947000000006,0.0,0.0,0.0,NA,0.0,0.0
SCHOOL_2403,0,0,0,0,0,0,0,0,0,0,1,840000.0,10.4760984,0.7820591000000005,0.0,0.0,0.0,NA,0.0,0.0
SCHOOL_2404,0,0,0,0,0,0,0,0,0,0,1,1668000.0,10.23719,2.08852,0.0,0.0,0.0,NA,0.0,0.0
SCHOOL_2405,0,0,0,0,0,0,0,0,0,0,1,8158900.0,10.2489494,2.1387992000000002,0.0,0.0,0.0,NA,0.0,0.0
SCHOOL_2406,0,0,0,0,0,0,0,0,0,0,1,11474300.0,10.308674499999997,2.1704493,0.0,0.0,0.0,NA,0.0,0.0
SCHOOL_2407,0,0,0,0,0,0,0,0,0,0,1,1606800.0,10.5584592,2.0733697999999996,0.0,0.0,0.0,NA,0.0,0.0
SCHOOL_2408,0,0,0,0,0,0,0,0,0,0,1,7083500.0,10.5894975,2.0873100999999994,0.0,0.0,0.0,NA,0.0,0.0
SCHOOL_2409,0,0,0,0,0,0,0,0,0,0,1,876000.0,10.616640000000002,2.0668000000000006,0.0,0.0,0.0,NA,0.0,0.0
SCHOOL_2410,0,0,0,0,0,0,0,0,0,0,1,957800.0,10.670174100000002,2.0931902,0.0,0.0,0.0,NA,0.0,0.0
SCHOOL_2411,0,0,0,0,0,0,0,0,0,0,2,1680000.0,10.711304499999999,2.0709901000000004,0.0,0.0,0.0,NA,0.0,0.0
SCHOOL_2412,0,0,0,0,0,0,0,0,0,0,1,3470500.0,10.7180931,2.0775344,0.0,0.0,0.0,NA,0.0,0.0
SCHOOL_2413,0,0,0,0,0,0,0,0,0,0,1,6557300.0,10.469425999999999,1.3686045,0.0,0.0,0.0,NA,0.0,0.0
SCHOOL_2414,0,0,0,0,0,0,0,0,0,0,1,2232000.0,10.4765,1.5071300000000003,0.0,0.0,0.0,NA,0.0,0.0
SCHOOL_2415,0,0,0,0,0,0,0,0,0,0,1,3016900.0,10.4810566,1.1701067,0.0,0.0,0.0,NA,0.0,0.0
SCHOOL_2416,0,0,0,0,0,0,0,0,0,0,1,4784900.0,10.487025900000003,1.6341683000000002,0.0,0.0,0.0,NA,0.0,0.0
SCHOOL_2417,0,0,0,0,0,0,0,0,0,0,1,1511400.0,10.4969463,0.8193586999999996,0.0,0.0,0.0,NA,0.0,0.0
SCHOOL_2418,0,0,0,0,0,0,0,0,0,0,2,15418400.0,10.508468100026178,0.8451055999005594,0.0,0.0,0.0,NA,0.0,0.0
SCHOOL_2419,0,0,0,0,0,0,0,0,0,0,1,1721800.0,10.511030799999999,1.1449619999999996,0.0,0.0,0.0,NA,0.0,0.0
SCHOOL_2420,0,0,0,0,0,0,0,0,0,0,1,1416500.0,10.516553299999996,0.8157005999999996,0.0,0.0,0.0,NA,0.0,0.0
SCHOOL_2421,0,0,0,0,0,0,0,0,0,0,1,3636000.0,10.517719999999999,1.0562500000000004,0.0,0.0,0.0,NA,0.0,0.0
SCHOOL_2422,0,0,0,0,0,0,0,0,0,0,10,8400000.0,10.5237724,1.1291195000000005,0.0,0.0,0.0,NA,0.0,0.0
SCHOOL_2423,0,0,0,0,0,0,0,0,0,0,1,3323900.0,10.501266299999997,1.2445751,0.0,0.0,0.0,NA,0.0,0.0
SCHOOL_2424,0,0,0,0,0,0,0,0,0,0,1,10696400.0,10.509356399999998,1.3635291000000005,0.0,0.0,0.0,NA,0.0,0.0
SCHOOL_2425,0,0,0,0,0,0,0,0,0,0,1,8538800.0,10.518746300000002,1.7051665000000003,0.0,0.0,0.0,NA,0.0,0.0
SCHOOL_2426,0,0,0,0,0,0,0,0,0,0,1,2636300.0,10.5215776,1.2036725000000008,0.0,0.0,0.0,NA,0.0,0.0
SCHOOL_2427,0,0,0,0,0,0,0,0,0,0,1,1186900.0,10.527152200000002,1.1378302999999999,0.0,0.0,0.0,NA,0.0,0.0
SCHOOL_2428,0,0,0,0,0,0,0,0,0,0,1,4095400.0,10.1944446,3.0908768,0.0,0.0,0.0,NA,0.0,0.0
SCHOOL_2429,0,0,0,0,0,0,0,0,0,0,1,4655800.0,10.198208799999998,2.8906462,0.0,0.0,0.0,NA,0.0,0.0
SCHOOL_2430,0,0,0,0,0,0,0,0,0,0,1,1939900.0,10.2159804,2.8786015,0.0,0.0,0.0,NA,0.0,0.0
SCHOOL_2431,0,0,0,0,0,0,0,0,0,0,1,6499300.0,10.227869599999998,2.9361341,0.0,0.0,0.0,NA,0.0,0.0
SCHOOL_2432,0,0,0,0,0,0,0,0,0,0,1,1559500.0,10.2369973,2.8704581,0.0,0.0,0.0,NA,0.0,0.0
SCHOOL_2433,0,0,0,0,0,0,0,0,0,0,1,5120900.0,10.251579299999998,2.8595499,0.0,0.0,0.0,NA,0.0,0.0
SCHOOL_2434,0,0,0,0,0,0,0,0,0,0,1,4615600.0,10.254923999999999,3.0943449999999997,0.0,0.0,0.0,NA,0.0,0.0
SCHOOL_2435,0,0,0,0,0,0,0,0,0,0,1,6012400.0,10.1860303,2.4071607,0.0,0.0,0.0,NA,0.0,0.0
SCHOOL_2436,0,0,0,0,0,0,0,0,0,0,1,11558400.0,10.188677899999998,2.3903317000000004,0.0,0.0,0.0,NA,0.0,0.0
SCHOOL_2437,0,0,0,0,0,0,0,0,0,0,1,2560300.0,10.1945842,2.3934798,0.0,0.0,0.0,NA,0.0,0.0
SCHOOL_2438,0,0,0,0,0,0,0,0,0,0,1,3346100.0,10.278163199999998,2.3988102999999996,0.0,0.0,0.0,NA,0.0,0.0
SCHOOL_2439,0,0,0,0,0,0,0,0,0,0,1,11195400.0,10.3074797,2.2239338,0.0,0.0,0.0,NA,0.0,0.0
SCHOOL_2440,0,0,0,0,0,0,0,0,0,0,1,4872000.0,10.23586,2.6839200000000005,0.0,0.0,0.0,NA,0.0,0.0
SCHOOL_2441,0,0,0,0,0,0,0,0,0,0,1,3390700.0,10.314681699999998,2.8483217,0.0,0.0,0.0,NA,0.0,0.0
SCHOOL_2442,0,0,0,0,0,0,0,0,0,0,1,840000.0,10.322497,2.7245158,0.0,0.0,0.0,NA,0.0,0.0
SCHOOL_2443,0,0,0,0,0,0,0,0,0,0,1,3306100.0,10.3277333,2.8226333000000006,0.0,0.0,0.0,NA,0.0,0.0
SCHOOL_2444,0,0,0,0,0,0,0,0,0,0,1,4755000.0,10.3373388,2.7170432,0.0,0.0,0.0,NA,0.0,0.0
SCHOOL_2445,0,0,0,0,0,0,0,0,0,0,1,5135500.0,10.3591283,2.81794,0.0,0.0,0.0,NA,0.0,0.0
SCHOOL_2446,0,0,0,0,0,0,0,0,0,0,1,4468900.0,10.3692333,2.7606500000000005,0.0,0.0,0.0,NA,0.0,0.0
SCHOOL_2447,0,0,0,0,0,0,0,0,0,0,1,3360000.0,10.326960000000001,2.2532100000000006,0.0,0.0,0.0,NA,0.0,0.0
SCHOOL_2448,0,0,0,0,0,0,0,0,0,0,1,12000000.0,10.334593399999996,2.4429254,0.0,0.0,0.0,NA,0.0,0.0
SCHOOL_2449,0,0,0,0,0,0,0,0,0,0,6,5580600.0,10.345522400000002,2.3670597,0.0,0.0,0.0,NA,0.0,0.0
SCHOOL_2450,0,0,0,0,0,0,0,0,0,0,1,2371300.0,10.371878299999999,2.6771967000000005,0.0,0.0,0.0,NA,0.0,0.0
SCHOOL_2451,0,0,0,0,0,0,0,0,0,0,1,7303900.0,10.4029833,2.5843967,0.0,0.0,0.0,NA,0.0,0.0
SCHOOL_2452,0,0,0,0,0,0,0,0,0,0,3,4937100.0,10.4144433,2.7325442,0.0,0.0,0.0,NA,0.0,0.0
SCHOOL_2453,0,0,0,0,0,0,0,0,0,0,1,3484100.0,10.427948300000002,2.5792483,0.0,0.0,0.0,NA,0.0,0.0
SCHOOL_2454,0,0,0,0,0,0,0,0,0,0,1,2336000.0,10.4323233,2.698115,0.0,0.0,0.0,NA,0.0,0.0
SCHOOL_2455,0,0,0,0,0,0,0,0,0,0,1,5268200.0,10.443211699999999,2.6211900000000004,0.0,0.0,0.0,NA,0.0,0.0
SCHOOL_2456,0,0,0,0,0,0,0,0,0,0,1,7886000.0,10.479458,2.8236547000000005,0.0,0.0,0.0,NA,0.0,0.0
SCHOOL_2457,0,0,0,0,0,0,0,0,0,0,1,1435900.0,10.480219999999997,2.6930233,0.0,0.0,0.0,NA,0.0,0.0
SCHOOL_2458,0,0,0,0,0,0,0,0,0,0,1,12000000.0,10.4840321,2.7813578,0.0,0.0,0.0,NA,0.0,0.0
SCHOOL_2459,0,0,0,0,0,0,0,0,0,0,1,5504400.0,10.486090200000001,2.5884089000000006,0.0,0.0,0.0,NA,0.0,0.0
SCHOOL_2460,0,0,0,0,0,0,0,0,0,0,1,2815200.0,10.494470300000001,2.7314256999999995,0.0,0.0,0.0,NA,0.0,0.0
SCHOOL_2461,0,0,0,0,0,0,0,0,0,0,1,7292200.0,10.5251324,2.6408406,0.0,0.0,0.0,NA,0.0,0.0
SCHOOL_2462,0,0,0,0,0,0,0,0,0,0,1,1815500.0,10.5268764,2.6904794,0.0,0.0,0.0,NA,0.0,0.0
SCHOOL_2463,0,0,0,0,0,0,0,0,0,0,1,10091900.0,10.528432499999997,2.6103729,0.0,0.0,0.0,NA,0.0,0.0
SCHOOL_2464,0,0,0,0,0,0,0,0,0,0,1,1593800.0,10.322356700000002,2.8851967,0.0,0.0,0.0,NA,0.0,0.0
SCHOOL_2465,0,0,0,0,0,0,0,0,0,0,1,2194100.0,10.329564999999999,2.8768567000000003,0.0,0.0,0.0,NA,0.0,0.0
SCHOOL_2466,0,0,0,0,0,0,0,0,0,0,1,9697400.0,10.353648300000001,2.9408117,0.0,0.0,0.0,NA,0.0,0.0
SCHOOL_2467,0,0,0,0,0,0,0,0,0,0,1,12000000.0,10.400576999999998,3.0650785,0.0,0.0,0.0,NA,0.0,0.0
SCHOOL_2468,0,0,0,0,0,0,0,0,0,0,1,8018500.0,10.4467967,2.9717867,0.0,0.0,0.0,NA,0.0,0.0
SCHOOL_2469,0,0,0,0,0,0,0,0,0,0,1,1392000.0,10.735879999999996,2.97071,0.0,0.0,0.0,NA,0.0,0.0
SCHOOL_2470,0,0,0,0,0,0,0,0,0,0,1,6696000.0,10.45904,2.45523,0.0,0.0,0.0,NA,0.0,0.0
SCHOOL_2471,0,0,0,0,0,0,0,0,0,0,1,3468000.0,10.5108,2.49007,0.0,0.0,0.0,NA,0.0,0.0
SCHOOL_2472,0,0,0,0,0,0,0,0,0,0,1,3232900.0,10.770911400000003,2.364624,0.0,0.0,0.0,NA,0.0,0.0
SCHOOL_2473,0,0,0,0,0,0,0,0,0,0,2,2688400.0,10.854126650000097,2.232281849999308,0.0,0.0,0.0,NA,0.0,0.0
SCHOOL_2474,0,0,0,0,0,0,0,0,0,0,1,5024500.0,10.4713508,1.8785229999999993,0.0,0.0,0.0,NA,0.0,0.0
SCHOOL_2475,0,0,0,0,0,0,0,0,0,0,1,3745100.0,10.4752694,1.8292970999999996,0.0,0.0,0.0,NA,0.0,0.0
SCHOOL_2476,0,0,0,0,0,0,0,0,0,0,1,9223100.0,10.534348399999999,2.058400600000001,0.0,0.0,0.0,NA,0.0,0.0
SCHOOL_2477,0,0,0,0,0,0,0,0,0,0,1,7416000.0,10.55291,1.72417,0.0,0.0,0.0,NA,0.0,0.0
SCHOOL_2478,0,0,0,0,0,0,0,0,0,0,1,4785400.0,10.603197900000001,1.8287834000000005,0.0,0.0,0.0,NA,0.0,0.0
SCHOOL_2479,0,0,0,0,0,0,0,0,0,0,1,9081700.0,10.608680499999998,1.9816509000000007,0.0,0.0,0.0,NA,0.0,0.0
SCHOOL_2480,0,0,0,0,0,0,0,0,0,0,1,1450300.0,10.5416883,1.2080760000000001,0.0,0.0,0.0,NA,0.0,0.0
SCHOOL_2481,0,0,0,0,0,0,0,0,0,0,1,1088900.0,10.557052699999998,1.1623155000000005,0.0,0.0,0.0,NA,0.0,0.0
SCHOOL_2482,0,0,0,0,0,0,0,0,0,0,1,11044600.0,10.5609353,1.3247481000000003,0.0,0.0,0.0,NA,0.0,0.0
SCHOOL_2483,0,0,0,0,0,0,0,0,0,0,7,8008199.999999999,10.576654600654713,1.3141624194439807,0.0,0.0,0.0,NA,0.0,0.0
SCHOOL_2484,0,0,0,0,0,0,0,0,0,0,1,3348000.0,10.596679999999997,1.3103200000000006,0.0,0.0,0.0,NA,0.0,0.0
SCHOOL_2485,0,0,0,0,0,0,0,0,0,0,6,5040000.0,10.602979900011889,1.2984798666933075,0.0,0.0,0.0,NA,0.0,0.0
SCHOOL_2486,0,0,0,0,0,0,0,0,0,0,1,1702400.0,10.541523000000002,1.0958534000000002,0.0,0.0,0.0,NA,0.0,0.0
SCHOOL_2487,0,0,0,0,0,0,0,0,0,0,1,3118100.0,10.566735799999998,1.0821227999999996,0.0,0.0,0.0,NA,0.0,0.0
SCHOOL_2488,0,0,0,0,0,0,0,0,0,0,1,12000000.0,10.5895121,0.9975344000000002,0.0,0.0,0.0,NA,0.0,0.0
SCHOOL_2489,0,0,0,0,0,0,0,0,0,0,1,2313700.0,10.597853400000002,1.139808400000001,0.0,0.0,0.0,NA,0.0,0.0
SCHOOL_2490,0,0,0,0,0,0,0,0,0,0,1,2474000.0,10.604670999999998,1.0394605,0.0,0.0,0.0,NA,0.0,0.0
SCHOOL_2491,0,0,0,0,0,0,0,0,0,0,1,5902900.0,10.6290366,0.9795010999999998,0.0,0.0,0.0,NA,0.0,0.0
SCHOOL_2492,0,0,0,0,0,0,0,0,0,0,1,5268000.0,10.63123,1.0223200000000003,0.0,0.0,0.0,NA,0.0,0.0
SCHOOL_2493,0,0,0,0,0,0,0,0,0,0,2,15296000.0,10.658800800146976,1.0431386007784,0.0,0.0,0.0,NA,0.0,0.0
SCHOOL_2494,0,0,0,0,0,0,0,0,0,0,1,978700.0,10.658695899999998,1.4053569000000004,0.0,0.0,0.0,NA,0.0,0.0
SCHOOL_2495,0,0,0,0,0,0,0,0,0,0,1,2658700.0,10.670580999999999,1.3578386000000007,0.0,0.0,0.0,NA,0.0,0.0
SCHOOL_2496,0,0,0,0,0,0,0,0,0,0,1,1460400.0,10.6968255,1.3889149000000003,0.0,0.0,0.0,NA,0.0,0.0
SCHOOL_2497,0,0,0,0,0,0,0,0,0,0,2,3156000.0,10.62622,2.05245,0.0,0.0,0.0,NA,0.0,0.0
SCHOOL_2498,0,0,0,0,0,0,0,0,0,0,1,2119700.0,10.655769299999998,1.8538674000000004,0.0,0.0,0.0,NA,0.0,0.0
SCHOOL_2499,0,0,0,0,0,0,0,0,0,0,1,1236000.0,10.66558,1.8765300000000005,0.0,0.0,0.0,NA,0.0,0.0
SCHOOL_2500,0,0,0,0,0,0,0,0,0,0,1,8149200.0,10.697872800000003,1.9707122999999995,0.0,0.0,0.0,NA,0.0,0.0
SCHOOL_2501,0,0,0,0,0,0,0,0,0,0,1,5137400.0,10.716517199999998,1.8316551999999995,0.0,0.0,0.0,NA,0.0,0.0
SCHOOL_2502,0,0,0,0,0,0,0,0,0,0,1,1620000.0,10.684040000000001,1.1172999999999997,0.0,0.0,0.0,NA,0.0,0.0
SCHOOL_2503,0,0,0,0,0,0,0,0,0,0,2,24000000.0,10.7204631,1.1099390999999994,0.0,0.0,0.0,NA,0.0,0.0
SCHOOL_2504,0,0,0,0,0,0,0,0,0,0,4,12793600.0,10.726286100000001,2.1355591,0.0,0.0,0.0,NA,0.0,0.0
SCHOOL_2505,0,0,0,0,0,0,0,0,0,0,1,4992000.0,10.728620000000001,2.0759499999999997,0.0,0.0,0.0,NA,0.0,0.0
SCHOOL_2506,0,0,0,0,0,0,0,0,0,0,1,5918800.0,10.7326695,2.0744554000000006,0.0,0.0,0.0,NA,0.0,0.0
SCHOOL_2507,0,0,0,0,0,0,0,0,0,0,1,2844000.0,10.74952,2.12292,0.0,0.0,0.0,NA,0.0,0.0
SCHOOL_2508,0,0,0,0,0,0,0,0,0,0,1,3009200.0,10.7505078,2.071477,0.0,0.0,0.0,NA,0.0,0.0
SCHOOL_2509,0,0,0,0,0,0,0,0,0,0,1,3009200.0,10.755107499999998,2.0732926000000003,0.0,0.0,0.0,NA,0.0,0.0
SCHOOL_2510,0,0,0,0,0,0,0,0,0,0,1,2316000.0,10.72556,1.004820000000001,0.0,0.0,0.0,NA,0.0,0.0
SCHOOL_2511,0,0,0,0,0,0,0,0,0,0,1,1299500.0,10.729625399999996,1.049167,0.0,0.0,0.0,NA,0.0,0.0
SCHOOL_2512,0,0,0,0,0,0,0,0,0,0,1,12000000.0,10.7476334,0.8504320999999988,0.0,0.0,0.0,NA,0.0,0.0
SCHOOL_2513,0,0,0,0,0,0,0,0,0,0,1,6211900.0,10.755931199999997,1.0677919000000002,0.0,0.0,0.0,NA,0.0,0.0
SCHOOL_2514,0,0,0,0,0,0,0,0,0,0,1,6486400.0,10.774151300000002,0.958326,0.0,0.0,0.0,NA,0.0,0.0
SCHOOL_2515,0,0,0,0,0,0,0,0,0,0,1,1142400.0,10.7746178,1.0752541000000002,0.0,0.0,0.0,NA,0.0,0.0
SCHOOL_2516,0,0,0,0,0,0,0,0,0,0,1,3445000.0,10.718659699999998,1.4198543000000001,0.0,0.0,0.0,NA,0.0,0.0
SCHOOL_2517,0,0,0,0,0,0,0,0,0,0,1,1392000.0,10.723059999999998,1.1950100000000006,0.0,0.0,0.0,NA,0.0,0.0
SCHOOL_2518,0,0,0,0,0,0,0,0,0,0,1,12000000.0,10.726004100000003,1.1576885999999997,0.0,0.0,0.0,NA,0.0,0.0
SCHOOL_2519,0,0,0,0,0,0,0,0,0,0,1,7691000.0,10.731847899999998,1.6723290000000002,0.0,0.0,0.0,NA,0.0,0.0
SCHOOL_2520,0,0,0,0,0,0,0,0,0,0,1,12000000.0,10.759808,1.1899333000000005,0.0,0.0,0.0,NA,0.0,0.0
SCHOOL_2521,0,0,0,0,0,0,0,0,0,0,1,7037300.0,10.772462000000003,1.6874106,0.0,0.0,0.0,NA,0.0,0.0
SCHOOL_2522,0,0,0,0,0,0,0,0,0,0,1,7819000.0,10.776213099999998,1.1694035000000003,0.0,0.0,0.0,NA,0.0,0.0
SCHOOL_2523,0,0,0,0,0,0,0,0,0,0,2,24000000.0,10.818158050000054,1.4657253000001491,0.0,0.0,0.0,NA,0.0,0.0
SCHOOL_2524,0,0,0,0,0,0,0,0,0,0,1,1956000.0,10.81966,1.4387700000000003,0.0,0.0,0.0,NA,0.0,0.0
SCHOOL_2525,0,0,0,0,0,0,0,0,0,0,1,3500200.0,10.782187599999999,0.9151241000000007,0.0,0.0,0.0,NA,0.0,0.0
SCHOOL_2526,0,0,0,0,0,0,0,0,0,0,3,4598700.000000001,10.7862995,0.9363558999999997,0.0,0.0,0.0,NA,0.0,0.0
SCHOOL_2527,0,0,0,0,0,0,0,0,0,0,1,840000.0,10.799067900000002,0.9710149000000001,0.0,0.0,0.0,NA,0.0,0.0
SCHOOL_2528,0,0,0,0,0,0,0,0,0,0,7,6257299.999999999,10.822663800013046,1.017431500008657,0.0,0.0,0.0,NA,0.0,0.0
SCHOOL_2529,0,0,0,0,0,0,0,0,0,0,2,1787800.0,10.823959950024564,1.019644150014367,0.0,0.0,0.0,NA,0.0,0.0
SCHOOL_2530,0,0,0,0,0,0,0,0,0,0,1,3402600.0,10.8272913,1.035797199999999,0.0,0.0,0.0,NA,0.0,0.0
SCHOOL_2531,0,0,0,0,0,0,0,0,0,0,1,3650500.0,10.827602700000002,1.0039396,0.0,0.0,0.0,NA,0.0,0.0
SCHOOL_2532,0,0,0,0,0,0,0,0,0,0,1,840000.0,10.828183399999997,1.1045107000000005,0.0,0.0,0.0,NA,0.0,0.0
SCHOOL_2533,0,0,0,0,0,0,0,0,0,0,1,1131800.0,10.8286772,1.0756718000000003,0.0,0.0,0.0,NA,0.0,0.0
SCHOOL_2534,0,0,0,0,0,0,0,0,0,0,1,5045400.0,10.831554699999998,1.1143010999999998,0.0,0.0,0.0,NA,0.0,0.0
SCHOOL_2535,0,0,0,0,0,0,0,0,0,0,1,606500.0,10.832049899999998,1.0499670000000005,0.0,0.0,0.0,NA,0.0,0.0
SCHOOL_2536,0,0,0,0,0,0,0,0,0,0,1,2496000.0,10.832999999999997,1.0543600000000006,0.0,0.0,0.0,NA,0.0,0.0
SCHOOL_2537,0,0,0,0,0,0,0,0,0,0,1,1249900.0,10.837492100000002,1.0830934000000003,0.0,0.0,0.0,NA,0.0,0.0
SCHOOL_2538,0,0,0,0,0,0,0,0,0,0,1,7690400.0,10.8406679,1.1116260000000007,0.0,0.0,0.0,NA,0.0,0.0
SCHOOL_2539,0,0,0,0,0,0,0,0,0,0,1,6274700.0,10.7806778,1.7559524999999996,0.0,0.0,0.0,NA,0.0,0.0
SCHOOL_2540,0,0,0,0,0,0,0,0,0,0,1,6560900.0,10.835055300000002,1.8969102000000002,0.0,0.0,0.0,NA,0.0,0.0
SCHOOL_2541,0,0,0,0,0,0,0,0,0,0,1,11270900.0,10.83988,1.8443750000000005,0.0,0.0,0.0,NA,0.0,0.0
SCHOOL_2542,0,0,0,0,0,0,0,0,0,0,1,8051900.0,10.850918999999994,1.9445479000000008,0.0,0.0,0.0,NA,0.0,0.0
SCHOOL_2543,0,0,0,0,0,0,0,0,0,0,1,11153400.0,10.864494400000002,2.0451141999999995,0.0,0.0,0.0,NA,0.0,0.0
SCHOOL_2544,0,0,0,0,0,0,0,0,0,0,1,2724600.0,10.883524599999998,1.8748460999999998,0.0,0.0,0.0,NA,0.0,0.0
SCHOOL_2545,0,0,0,0,0,0,0,0,0,0,1,3246600.0,10.901629,1.9771068,0.0,0.0,0.0,NA,0.0,0.0
SCHOOL_2546,0,0,0,0,0,0,0,0,0,0,2,1680000.0,10.904371750021834,1.9718427000088512,0.0,0.0,0.0,NA,0.0,0.0
SCHOOL_2547,0,0,0,0,0,0,0,0,0,0,1,10116000.0,10.532939999999996,2.73331,0.0,0.0,0.0,NA,0.0,0.0
SCHOOL_2548,0,0,0,0,0,0,0,0,0,0,1,12000000.0,10.5953867,2.742375,0.0,0.0,0.0,NA,0.0,0.0
SCHOOL_2549,0,0,0,0,0,0,0,0,0,0,1,6168000.0,10.682569999999995,2.6835600000000004,0.0,0.0,0.0,NA,0.0,0.0
SCHOOL_2550,0,0,0,0,0,0,0,0,0,0,1,12000000.0,10.8059964,2.6113284,0.0,0.0,0.0,NA,0.0,0.0
SCHOOL_2551,0,0,0,0,0,0,0,0,0,0,1,3329000.0,10.817964700000001,2.6721685,0.0,0.0,0.0,NA,0.0,0.0
SCHOOL_2552,0,0,0,0,0,0,0,0,0,0,1,7272000.0,10.81883,2.73016,0.0,0.0,0.0,NA,0.0,0.0
SCHOOL_2553,0,0,0,0,0,0,0,0,0,0,1,12000000.0,10.8229457,2.8269859,0.0,0.0,0.0,NA,0.0,0.0
SCHOOL_2554,0,0,0,0,0,0,0,0,0,0,1,840000.0,10.836371999999999,2.6885775000000005,0.0,0.0,0.0,NA,0.0,0.0
SCHOOL_2555,0,0,0,0,0,0,0,0,0,0,1,840000.0,10.8453636,2.7627064,0.0,0.0,0.0,NA,0.0,0.0
SCHOOL_2556,0,0,0,0,0,0,0,0,0,0,1,2309200.0,10.849589600000002,2.8394792000000004,0.0,0.0,0.0,NA,0.0,0.0
SCHOOL_2557,0,0,0,0,0,0,0,0,0,0,1,8416000.0,10.853641200000002,2.6821653,0.0,0.0,0.0,NA,0.0,0.0
SCHOOL_2558,0,0,0,0,0,0,0,0,0,0,2,2330800.0,10.859778699999998,2.8429068000000006,0.0,0.0,0.0,NA,0.0,0.0
SCHOOL_2559,0,0,0,0,0,0,0,0,0,0,1,4612100.0,10.864194399999999,2.7649397,0.0,0.0,0.0,NA,0.0,0.0
SCHOOL_2560,0,0,0,0,0,0,0,0,0,0,1,5184000.0,10.884060000000002,2.84853,0.0,0.0,0.0,NA,0.0,0.0
SCHOOL_2561,0,0,0,0,0,0,0,0,0,0,1,5062800.0,10.899132099999997,2.7354413,0.0,0.0,0.0,NA,0.0,0.0
SCHOOL_2562,0,0,0,0,0,0,0,0,0,0,1,6713000.0,10.9433574,2.7211797,0.0,0.0,0.0,NA,0.0,0.0
SCHOOL_2563,0,0,0,0,0,0,0,0,0,0,1,2016100.0,10.944029200000003,2.762391,0.0,0.0,0.0,NA,0.0,0.0
SCHOOL_2564,0,0,0,0,0,0,0,0,0,0,1,4492800.0,10.953610299999996,2.7901633,0.0,0.0,0.0,NA,0.0,0.0
SCHOOL_2565,0,0,0,0,0,0,0,0,0,0,1,4368200.0,10.9647242,2.8171807,0.0,0.0,0.0,NA,0.0,0.0
SCHOOL_2566,0,0,0,0,0,0,0,0,0,0,1,3294500.0,10.977704699999997,2.7447312000000004,0.0,0.0,0.0,NA,0.0,0.0
SCHOOL_2567,0,0,0,0,0,0,0,0,0,0,1,840000.0,10.9854578,2.8366765,0.0,0.0,0.0,NA,0.0,0.0
SCHOOL_2568,0,0,0,0,0,0,0,0,0,0,1,3236000.0,10.9960163,2.8139617000000006,0.0,0.0,0.0,NA,0.0,0.0
SCHOOL_2569,0,0,0,0,0,0,0,0,0,0,1,9880300.0,11.000534599999998,2.6960351,0.0,0.0,0.0,NA,0.0,0.0
SCHOOL_2570,0,0,0,0,0,0,0,0,0,0,1,1500700.0,10.9274677,2.437938,0.0,0.0,0.0,NA,0.0,0.0
SCHOOL_2571,0,0,0,0,0,0,0,0,0,0,1,12000000.0,10.94347,2.331308,0.0,0.0,0.0,NA,0.0,0.0
SCHOOL_2572,0,0,0,0,0,0,0,0,0,0,1,4207800.0,10.9562852,2.2378058,0.0,0.0,0.0,NA,0.0,0.0
SCHOOL_2573,0,0,0,0,0,0,0,0,0,0,1,8743100.0,10.9728284,2.2139117000000006,0.0,0.0,0.0,NA,0.0,0.0
SCHOOL_2574,0,0,0,0,0,0,0,0,0,0,1,12000000.0,10.979508599999999,2.3778421,0.0,0.0,0.0,NA,0.0,0.0
SCHOOL_2575,0,0,0,0,0,0,0,0,0,0,1,12000000.0,11.064946100000002,2.3649227999999995,0.0,0.0,0.0,NA,0.0,0.0
SCHOOL_2576,0,0,0,0,0,0,0,0,0,0,1,2100000.0,11.07374,2.22951,0.0,0.0,0.0,NA,0.0,0.0
SCHOOL_2577,0,0,0,0,0,0,0,0,0,0,1,2109000.0,11.0784073,2.3120079000000002,0.0,0.0,0.0,NA,0.0,0.0
SCHOOL_2578,0,0,0,0,0,0,0,0,0,0,1,3792100.0,10.9089861,3.1104176,0.0,0.0,0.0,NA,0.0,0.0
SCHOOL_2579,0,0,0,0,0,0,0,0,0,0,1,6632800.0,10.9191707,2.8613651,0.0,0.0,0.0,NA,0.0,0.0
SCHOOL_2580,0,0,0,0,0,0,0,0,0,0,1,12000000.0,10.919323599999998,3.0303467,0.0,0.0,0.0,NA,0.0,0.0
SCHOOL_2581,0,0,0,0,0,0,0,0,0,0,1,603800.0,10.936395399999999,2.8831671999999995,0.0,0.0,0.0,NA,0.0,0.0
SCHOOL_2582,0,0,0,0,0,0,0,0,0,0,1,1162800.0,11.0114074,2.8996513,0.0,0.0,0.0,NA,0.0,0.0
SCHOOL_2583,0,0,0,0,0,0,0,0,0,0,1,4961300.0,11.025799299999996,3.1042898,0.0,0.0,0.0,NA,0.0,0.0
SCHOOL_2584,0,0,0,0,0,0,0,0,0,0,1,12000000.0,11.048536799999999,3.0667177,0.0,0.0,0.0,NA,0.0,0.0
SCHOOL_2585,0,0,0,0,0,0,0,0,0,0,1,11811100.0,11.0511182,2.949594,0.0,0.0,0.0,NA,0.0,0.0
SCHOOL_2586,0,0,0,0,0,0,0,0,0,0,1,5244000.0,11.066869999999996,2.89897,0.0,0.0,0.0,NA,0.0,0.0
SCHOOL_2587,0,0,0,0,0,0,0,0,0,0,1,3415700.0,11.0014868,2.7752002,0.0,0.0,0.0,NA,0.0,0.0
SCHOOL_2588,0,0,0,0,0,0,0,0,0,0,1,2184800.0,11.0091762,2.7595899,0.0,0.0,0.0,NA,0.0,0.0
SCHOOL_2589,0,0,0,0,0,0,0,0,0,0,1,11643200.0,11.011593399999999,2.8504423000000005,0.0,0.0,0.0,NA,0.0,0.0
SCHOOL_2590,0,0,0,0,0,0,0,0,0,0,1,1719200.0,11.014976699999997,2.8099328,0.0,0.0,0.0,NA,0.0,0.0
SCHOOL_2591,0,0,0,0,0,0,0,0,0,0,1,3852000.0,11.0192,2.73832,0.0,0.0,0.0,NA,0.0,0.0
SCHOOL_2592,0,0,0,0,0,0,0,0,0,0,1,840000.0,11.035824399999997,2.8173931,0.0,0.0,0.0,NA,0.0,0.0
SCHOOL_2593,0,0,0,0,0,0,0,0,0,0,1,12000000.0,11.044371499999999,2.6772221,0.0,0.0,0.0,NA,0.0,0.0
SCHOOL_2594,0,0,0,0,0,0,0,0,0,0,1,840000.0,11.049059499999998,2.8185429000000006,0.0,0.0,0.0,NA,0.0,0.0
SCHOOL_2595,0,0,0,0,0,0,0,0,0,0,1,4537300.0,11.050463300000002,2.8006255,0.0,0.0,0.0,NA,0.0,0.0
SCHOOL_2596,0,0,0,0,0,0,0,0,0,0,1,835000.0,11.062680200000003,2.7763519000000003,0.0,0.0,0.0,NA,0.0,0.0
SCHOOL_2597,0,0,0,0,0,0,0,0,0,0,1,8421100.0,11.078819200000002,2.8386779,0.0,0.0,0.0,NA,0.0,0.0
SCHOOL_2598,0,0,0,0,0,0,0,0,0,0,1,5496000.0,11.08815,2.7711999999999994,0.0,0.0,0.0,NA,0.0,0.0
SCHOOL_2599,0,0,0,0,0,0,0,0,0,0,1,4748600.0,11.095792700000002,2.7862332000000003,0.0,0.0,0.0,NA,0.0,0.0
SCHOOL_2600,0,0,0,0,0,0,0,0,0,0,1,2689900.0,11.1074147,2.7806202,0.0,0.0,0.0,NA,0.0,0.0
SCHOOL_2601,0,0,0,0,0,0,0,0,0,0,1,1812000.0,11.114810000000002,2.84372,0.0,0.0,0.0,NA,0.0,0.0
SCHOOL_2602,0,0,0,0,0,0,0,0,0,0,1,4232900.0,11.082856699999999,2.9160477,0.0,0.0,0.0,NA,0.0,0.0
SCHOOL_2603,0,0,0,0,0,0,0,0,0,0,1,1688900.0,11.083927499999998,2.8843557999999994,0.0,0.0,0.0,NA,0.0,0.0
SCHOOL_2604,0,0,0,0,0,0,0,0,0,0,1,12000000.0,11.093212599999998,2.9933824,0.0,0.0,0.0,NA,0.0,0.0
SCHOOL_2605,0,0,0,0,0,0,0,0,0,0,1,6786400.0,11.103673000000002,2.9522122000000004,0.0,0.0,0.0,NA,0.0,0.0
SCHOOL_2606,0,0,0,0,0,0,0,0,0,0,1,2504200.0,11.104454399999998,2.8809022,0.0,0.0,0.0,NA,0.0,0.0
SCHOOL_2607,0,0,0,0,0,0,0,0,0,0,1,5221100.0,11.1170817,2.9660351,0.0,0.0,0.0,NA,0.0,0.0
SCHOOL_2608,0,0,0,0,0,0,0,0,0,0,1,3717100.0,10.852156900000002,0.9768321000000001,0.0,0.0,0.0,NA,0.0,0.0
SCHOOL_2609,0,0,0,0,0,0,0,0,0,0,1,11491100.0,10.8702239,0.9598586,0.0,0.0,0.0,NA,0.0,0.0
SCHOOL_2610,0,0,0,0,0,0,0,0,0,0,1,1692000.0,10.87585,0.9606200000000004,0.0,0.0,0.0,NA,0.0,0.0
SCHOOL_2611,0,0,0,0,0,0,0,0,0,0,1,8243600.0,10.896690800000002,0.9958258,0.0,0.0,0.0,NA,0.0,0.0
SCHOOL_2612,0,0,0,0,0,0,0,0,0,0,1,1660300.0,10.904296299999997,1.0411452,0.0,0.0,0.0,NA,0.0,0.0
SCHOOL_2613,0,0,0,0,0,0,0,0,0,0,5,6140000.0,10.916939600190874,1.0684657498544223,0.0,0.0,0.0,NA,0.0,0.0
SCHOOL_2614,0,0,0,0,0,0,0,0,0,0,1,5371100.0,10.9311176,1.0609512,0.0,0.0,0.0,NA,0.0,0.0
SCHOOL_2615,0,0,0,0,0,0,0,0,0,0,1,3775600.0,10.933221400000003,0.912917000000001,0.0,0.0,0.0,NA,0.0,0.0
SCHOOL_2616,0,0,0,0,0,0,0,0,0,0,1,4289600.0,10.9355566,0.9177293999999997,0.0,0.0,0.0,NA,0.0,0.0
SCHOOL_2617,0,0,0,0,0,0,0,0,0,0,1,6450800.0,10.984051,1.0070201999999995,0.0,0.0,0.0,NA,0.0,0.0
SCHOOL_2618,0,0,0,0,0,0,0,0,0,0,1,9961200.0,10.9993766,0.9539391,0.0,0.0,0.0,NA,0.0,0.0
SCHOOL_2619,0,0,0,0,0,0,0,0,0,0,1,3351500.0,10.211217199999998,3.2122733,0.0,0.0,0.0,NA,0.0,0.0
SCHOOL_2620,0,0,0,0,0,0,0,0,0,0,1,4656400.0,10.226694799999999,3.1891447,0.0,0.0,0.0,NA,0.0,0.0
SCHOOL_2621,0,0,0,0,0,0,0,0,0,0,1,4994900.0,10.230196700000002,3.4325664,0.0,0.0,0.0,NA,0.0,0.0
SCHOOL_2622,0,0,0,0,0,0,0,0,0,0,1,12000000.0,10.2682935,3.3480639,0.0,0.0,0.0,NA,0.0,0.0
SCHOOL_2623,0,0,0,0,0,0,0,0,0,0,1,1896000.0,10.276299999999997,3.3647099999999996,0.0,0.0,0.0,NA,0.0,0.0
SCHOOL_2624,0,0,0,0,0,0,0,0,0,0,1,4177800.0,10.2461624,3.1989826,0.0,0.0,0.0,NA,0.0,0.0
SCHOOL_2625,0,0,0,0,0,0,0,0,0,0,1,7330600.0,10.2793547,3.2390636,0.0,0.0,0.0,NA,0.0,0.0
SCHOOL_2626,0,0,0,0,0,0,0,0,0,0,1,4714200.0,10.310375200000001,3.2558683000000004,0.0,0.0,0.0,NA,0.0,0.0
SCHOOL_2627,0,0,0,0,0,0,0,0,0,0,1,4551800.0,10.3398418,3.2168293,0.0,0.0,0.0,NA,0.0,0.0
SCHOOL_2628,0,0,0,0,0,0,0,0,0,0,1,12000000.0,10.342857899999998,3.1917689999999994,0.0,0.0,0.0,NA,0.0,0.0
SCHOOL_2629,0,0,0,0,0,0,0,0,0,0,1,840000.0,10.3452875,3.2561524999999993,0.0,0.0,0.0,NA,0.0,0.0
SCHOOL_2630,0,0,0,0,0,0,0,0,0,0,1,6035900.0,10.744136199999998,3.4144263,0.0,0.0,0.0,NA,0.0,0.0
SCHOOL_2631,0,0,0,0,0,0,0,0,0,0,1,985300.0,10.815555899999998,3.4313881999999998,0.0,0.0,0.0,NA,0.0,0.0
SCHOOL_2632,0,0,0,0,0,0,0,0,0,0,1,4272000.0,10.85211,3.43394,0.0,0.0,0.0,NA,0.0,0.0
SCHOOL_2633,0,0,0,0,0,0,0,0,0,0,1,6459600.0,10.9624844,3.3971045,0.0,0.0,0.0,NA,0.0,0.0
SCHOOL_2634,0,0,0,0,0,0,0,0,0,0,1,1469600.0,10.3527985,3.2440268,0.0,0.0,0.0,NA,0.0,0.0
SCHOOL_2635,0,0,0,0,0,0,0,0,0,0,1,2646500.0,10.3597806,3.2509359000000004,0.0,0.0,0.0,NA,0.0,0.0
SCHOOL_2636,0,0,0,0,0,0,0,0,0,0,1,1668000.0,10.99148,3.14683,0.0,0.0,0.0,NA,0.0,0.0
SCHOOL_2637,0,0,0,0,0,0,0,0,0,0,1,7704800.0,10.362492699999999,3.3173525,0.0,0.0,0.0,NA,0.0,0.0
SCHOOL_2638,0,0,0,0,0,0,0,0,0,0,1,6097800.0,10.387672099999998,3.2990431,0.0,0.0,0.0,NA,0.0,0.0
SCHOOL_2639,0,0,0,0,0,0,0,0,0,0,1,12000000.0,10.440403299999998,3.2698446000000003,0.0,0.0,0.0,NA,0.0,0.0
SCHOOL_2640,0,0,0,0,0,0,0,0,0,0,1,12000000.0,10.9291666,3.2935316,0.0,0.0,0.0,NA,0.0,0.0
SCHOOL_2641,0,0,0,0,0,0,0,0,0,0,1,10872800.0,10.981636599999998,3.2868769,0.0,0.0,0.0,NA,0.0,0.0
SCHOOL_2642,0,0,0,0,0,0,0,0,0,0,1,6246600.0,11.009679999999998,3.2936577000000002,0.0,0.0,0.0,NA,0.0,0.0
SCHOOL_2643,0,0,0,0,0,0,0,0,0,0,1,12000000.0,11.841699600000002,3.3135079000000003,0.0,0.0,0.0,NA,0.0,0.0
SCHOOL_2644,0,0,0,0,0,0,0,0,0,0,1,4152000.0,11.31144,3.03497,0.0,0.0,0.0,NA,0.0,0.0
SCHOOL_2645,0,0,0,0,0,0,0,0,0,0,1,12000000.0,11.337947999999999,3.0519071999999996,0.0,0.0,0.0,NA,0.0,0.0
SCHOOL_2646,0,0,0,0,0,0,0,0,0,0,1,3723500.0,11.358223,2.9847315,0.0,0.0,0.0,NA,0.0,0.0
SCHOOL_2647,0,0,0,0,0,0,0,0,0,0,1,6436000.0,11.418697200000002,3.0733698,0.0,0.0,0.0,NA,0.0,0.0
SCHOOL_2648,0,0,0,0,0,0,0,0,0,0,1,5029700.0,11.425781799999998,3.0772533,0.0,0.0,0.0,NA,0.0,0.0
SCHOOL_2649,0,0,0,0,0,0,0,0,0,0,1,10866500.0,11.509572899999998,3.1092460999999996,0.0,0.0,0.0,NA,0.0,0.0
SCHOOL_2650,0,0,0,0,0,0,0,0,0,0,1,2792400.0,11.0701348,3.3998016,0.0,0.0,0.0,NA,0.0,0.0
SCHOOL_2651,0,0,0,0,0,0,0,0,0,0,1,2160000.0,11.108380000000002,3.3820099999999997,0.0,0.0,0.0,NA,0.0,0.0
SCHOOL_2652,0,0,0,0,0,0,0,0,0,0,1,12000000.0,11.161219400000002,3.4130965000000004,0.0,0.0,0.0,NA,0.0,0.0
SCHOOL_2653,0,0,0,0,0,0,0,0,0,0,1,12000000.0,11.7914035,3.4052068000000006,0.0,0.0,0.0,NA,0.0,0.0
SCHOOL_2654,0,0,0,0,0,0,0,0,0,0,1,4860200.0,11.826828499999998,3.3872409,0.0,0.0,0.0,NA,0.0,0.0
SCHOOL_2655,0,0,0,0,0,0,0,0,0,0,1,7884000.0,11.8308822,3.4072872999999992,0.0,0.0,0.0,NA,0.0,0.0
SCHOOL_2656,0,0,0,0,0,0,0,0,0,0,1,1630000.0,11.658962600000004,3.2296655,0.0,0.0,0.0,NA,0.0,0.0
SCHOOL_2657,0,0,0,0,0,0,0,0,0,0,1,7208300.0,11.667632999999999,3.2536228,0.0,0.0,0.0,NA,0.0,0.0
SCHOOL_2658,0,0,0,0,0,0,0,0,0,0,1,4707000.0,11.6715952,3.1990389000000006,0.0,0.0,0.0,NA,0.0,0.0
SCHOOL_2659,0,0,0,0,0,0,0,0,0,0,1,6347400.0,11.720750399999998,3.1740614000000003,0.0,0.0,0.0,NA,0.0,0.0
SCHOOL_2660,0,0,0,0,0,0,0,0,0,0,1,12000000.0,11.729707999999999,3.2383315000000006,0.0,0.0,0.0,NA,0.0,0.0
SCHOOL_2661,0,0,0,0,0,0,0,0,0,0,1,8316000.0,11.73406,3.22351,0.0,0.0,0.0,NA,0.0,0.0
SCHOOL_2662,0,0,0,0,0,0,0,0,0,0,1,1128000.0,11.133888899999997,2.87,0.0,0.0,0.0,NA,0.0,0.0
SCHOOL_2663,0,0,0,0,0,0,0,0,0,0,1,12000000.0,11.136388900000002,2.8877778,0.0,0.0,0.0,NA,0.0,0.0
SCHOOL_2664,0,0,0,0,0,0,0,0,0,0,1,2209700.0,11.138026800000002,2.9788657999999995,0.0,0.0,0.0,NA,0.0,0.0
SCHOOL_2665,0,0,0,0,0,0,0,0,0,0,1,4765900.0,11.151525099999997,2.9235739,0.0,0.0,0.0,NA,0.0,0.0
SCHOOL_2666,0,0,0,0,0,0,0,0,0,0,1,3546100.0,11.152224199999997,2.8739780000000006,0.0,0.0,0.0,NA,0.0,0.0
SCHOOL_2667,0,0,0,0,0,0,0,0,0,0,1,9098500.0,11.1073843,2.2781029,0.0,0.0,0.0,NA,0.0,0.0
SCHOOL_2668,0,0,0,0,0,0,0,0,0,0,1,12000000.0,11.139369499999999,2.4254357,0.0,0.0,0.0,NA,0.0,0.0
SCHOOL_2669,0,0,0,0,0,0,0,0,0,0,1,7708700.0,11.1546332,2.223735,0.0,0.0,0.0,NA,0.0,0.0
SCHOOL_2670,0,0,0,0,0,0,0,0,0,0,1,12000000.0,11.184015800000001,2.3038435,0.0,0.0,0.0,NA,0.0,0.0
SCHOOL_2671,0,0,0,0,0,0,0,0,0,0,1,3535700.0,11.165341100000001,2.8841276,0.0,0.0,0.0,NA,0.0,0.0
SCHOOL_2672,0,0,0,0,0,0,0,0,0,0,1,6197500.0,11.1654579,2.9835054,0.0,0.0,0.0,NA,0.0,0.0
SCHOOL_2673,0,0,0,0,0,0,0,0,0,0,1,3870600.0,11.170852100000003,2.9153448,0.0,0.0,0.0,NA,0.0,0.0
SCHOOL_2674,0,0,0,0,0,0,0,0,0,0,1,12000000.0,11.1742988,3.0651836,0.0,0.0,0.0,NA,0.0,0.0
SCHOOL_2675,0,0,0,0,0,0,0,0,0,0,1,7344000.0,11.174476700000001,2.8575332,0.0,0.0,0.0,NA,0.0,0.0
SCHOOL_2676,0,0,0,0,0,0,0,0,0,0,1,3749200.0,11.174939399999996,2.9331261,0.0,0.0,0.0,NA,0.0,0.0
SCHOOL_2677,0,0,0,0,0,0,0,0,0,0,1,1650200.0,11.1813779,2.8713299000000005,0.0,0.0,0.0,NA,0.0,0.0
SCHOOL_2678,0,0,0,0,0,0,0,0,0,0,1,2800800.0,11.1831065,2.9804546000000003,0.0,0.0,0.0,NA,0.0,0.0
SCHOOL_2679,0,0,0,0,0,0,0,0,0,0,1,12000000.0,11.1251854,2.7691819000000004,0.0,0.0,0.0,NA,0.0,0.0
SCHOOL_2680,0,0,0,0,0,0,0,0,0,0,1,2161900.0,11.1837623,2.7080556,0.0,0.0,0.0,NA,0.0,0.0
SCHOOL_2681,0,0,0,0,0,0,0,0,0,0,1,2403500.0,11.2148435,2.5970329000000003,0.0,0.0,0.0,NA,0.0,0.0
SCHOOL_2682,0,0,0,0,0,0,0,0,0,0,1,11748500.0,11.221073599999999,2.8069866,0.0,0.0,0.0,NA,0.0,0.0
SCHOOL_2683,0,0,0,0,0,0,0,0,0,0,1,12000000.0,11.234854099999998,2.6697940000000004,0.0,0.0,0.0,NA,0.0,0.0
SCHOOL_2684,0,0,0,0,0,0,0,0,0,0,1,6129400.0,11.267465699999999,2.5969055000000005,0.0,0.0,0.0,NA,0.0,0.0
SCHOOL_2685,0,0,0,0,0,0,0,0,0,0,1,10553500.0,11.273921599999998,2.7701578,0.0,0.0,0.0,NA,0.0,0.0
SCHOOL_2686,0,0,0,0,0,0,0,0,0,0,1,2487200.0,11.274658899999999,2.7955936000000006,0.0,0.0,0.0,NA,0.0,0.0
SCHOOL_2687,0,0,0,0,0,0,0,0,0,0,1,10190300.0,11.279145100000001,2.5740556,0.0,0.0,0.0,NA,0.0,0.0
SCHOOL_2688,0,0,0,0,0,0,0,0,0,0,1,12000000.0,11.186099999999998,2.30653,0.0,0.0,0.0,NA,0.0,0.0
SCHOOL_2689,0,0,0,0,0,0,0,0,0,0,1,12000000.0,11.210394600000003,2.4902761,0.0,0.0,0.0,NA,0.0,0.0
SCHOOL_2690,0,0,0,0,0,0,0,0,0,0,1,4056000.0,11.2239,2.39727,0.0,0.0,0.0,NA,0.0,0.0
SCHOOL_2691,0,0,0,0,0,0,0,0,0,0,1,12000000.0,11.231233500000002,2.379402,0.0,0.0,0.0,NA,0.0,0.0
SCHOOL_2692,0,0,0,0,0,0,0,0,0,0,1,745400.0,11.238028199999997,2.2910919000000005,0.0,0.0,0.0,NA,0.0,0.0
SCHOOL_2693,0,0,0,0,0,0,0,0,0,0,1,8251000.0,11.2399034,2.3503106000000002,0.0,0.0,0.0,NA,0.0,0.0
SCHOOL_2694,0,0,0,0,0,0,0,0,0,0,1,12000000.0,11.193060900000003,2.8792716000000005,0.0,0.0,0.0,NA,0.0,0.0
SCHOOL_2695,0,0,0,0,0,0,0,0,0,0,1,2928000.0,11.194670000000002,2.96096,0.0,0.0,0.0,NA,0.0,0.0
SCHOOL_2696,0,0,0,0,0,0,0,0,0,0,1,12000000.0,11.1980728,2.9076965,0.0,0.0,0.0,NA,0.0,0.0
SCHOOL_2697,0,0,0,0,0,0,0,0,0,0,1,5189000.0,11.208015099999999,2.972163,0.0,0.0,0.0,NA,0.0,0.0
SCHOOL_2698,0,0,0,0,0,0,0,0,0,0,1,840000.0,11.212170499999997,2.9334593,0.0,0.0,0.0,NA,0.0,0.0
SCHOOL_2699,0,0,0,0,0,0,0,0,0,0,1,12000000.0,11.219566099999996,3.0635809,0.0,0.0,0.0,NA,0.0,0.0
SCHOOL_2700,0,0,0,0,0,0,0,0,0,0,1,9974500.0,11.246049300000001,2.9989852,0.0,0.0,0.0,NA,0.0,0.0
SCHOOL_2701,0,0,0,0,0,0,0,0,0,0,1,6595600.0,11.2429282,2.4912696000000003,0.0,0.0,0.0,NA,0.0,0.0
SCHOOL_2702,0,0,0,0,0,0,0,0,0,0,1,12000000.0,11.24581,2.3871,0.0,0.0,0.0,NA,0.0,0.0
SCHOOL_2703,0,0,0,0,0,0,0,0,0,0,1,9593300.0,11.246124500000004,2.3308708,0.0,0.0,0.0,NA,0.0,0.0
SCHOOL_2704,0,0,0,0,0,0,0,0,0,0,1,8688800.0,11.2556826,2.3879234000000005,0.0,0.0,0.0,NA,0.0,0.0
SCHOOL_2705,0,0,0,0,0,0,0,0,0,0,1,10299800.0,11.261524,2.2675260000000006,0.0,0.0,0.0,NA,0.0,0.0
SCHOOL_2706,0,0,0,0,0,0,0,0,0,0,1,12000000.0,11.2773158,2.3740988,0.0,0.0,0.0,NA,0.0,0.0
SCHOOL_2707,0,0,0,0,0,0,0,0,0,0,1,12000000.0,11.283783999999997,2.415328,0.0,0.0,0.0,NA,0.0,0.0
SCHOOL_2708,0,0,0,0,0,0,0,0,0,0,1,12000000.0,11.2842125,2.1998855000000006,0.0,0.0,0.0,NA,0.0,0.0
SCHOOL_2709,0,0,0,0,0,0,0,0,0,0,1,2369600.0,11.290114900000003,2.2530748,0.0,0.0,0.0,NA,0.0,0.0
SCHOOL_2710,0,0,0,0,0,0,0,0,0,0,1,3368500.0,11.2917612,2.3253748999999995,0.0,0.0,0.0,NA,0.0,0.0
SCHOOL_2711,0,0,0,0,0,0,0,0,0,0,1,5592500.0,11.962312299999997,3.1706839000000007,0.0,0.0,0.0,NA,0.0,0.0
SCHOOL_2712,0,0,0,0,0,0,0,0,0,0,1,2168000.0,11.971001499999998,3.2609859,0.0,0.0,0.0,NA,0.0,0.0
SCHOOL_2713,0,0,0,0,0,0,0,0,0,0,1,4732200.0,11.9728229,3.1361866,0.0,0.0,0.0,NA,0.0,0.0
SCHOOL_2714,0,0,0,0,0,0,0,0,0,0,1,12000000.0,10.5515538,3.6359249,0.0,0.0,0.0,NA,0.0,0.0
SCHOOL_2715,0,0,0,0,0,0,0,0,0,0,1,3288000.0,10.775749999999999,3.5914,0.0,0.0,0.0,NA,0.0,0.0
SCHOOL_2716,0,0,0,0,0,0,0,0,0,0,1,658000.0,10.8239635,3.4494908999999994,0.0,0.0,0.0,NA,0.0,0.0
SCHOOL_2717,0,0,0,0,0,0,0,0,0,0,1,2472000.0,10.923400000000003,3.5010900000000005,0.0,0.0,0.0,NA,0.0,0.0
SCHOOL_2718,0,0,0,0,0,0,0,0,0,0,1,1824000.0,10.959290000000001,3.65042,0.0,0.0,0.0,NA,0.0,0.0
SCHOOL_2719,0,0,0,0,0,0,0,0,0,0,1,12000000.0,10.602402999999999,3.8053481000000002,0.0,0.0,0.0,NA,0.0,0.0
SCHOOL_2720,0,0,0,0,0,0,0,0,0,0,1,1911400.0,11.529632650000002,3.5145692600000005,0.0,0.0,0.0,NA,0.0,0.0
SCHOOL_2721,0,0,0,0,0,0,0,0,0,0,1,1550300.0,11.594596339999999,3.54892323,0.0,0.0,0.0,NA,0.0,0.0
SCHOOL_2722,0,0,0,0,0,0,0,0,0,0,1,2320100.0,11.625132199999998,3.4987750999999996,0.0,0.0,0.0,NA,0.0,0.0
SCHOOL_2723,0,0,0,0,0,0,0,0,0,0,1,701500.0,11.625205199999998,3.4543135999999994,0.0,0.0,0.0,NA,0.0,0.0
SCHOOL_2724,0,0,0,0,0,0,0,0,0,0,1,7587600.0,11.666565809999996,3.5837199600000003,0.0,0.0,0.0,NA,0.0,0.0
SCHOOL_2725,0,0,0,0,0,0,0,0,0,0,1,10947700.0,11.666772299999998,3.4700883999999994,0.0,0.0,0.0,NA,0.0,0.0
SCHOOL_2726,0,0,0,0,0,0,0,0,0,0,1,12000000.0,11.6727705,3.5742872000000006,0.0,0.0,0.0,NA,0.0,0.0
SCHOOL_2727,0,0,0,0,0,0,0,0,0,0,1,12000000.0,11.772239899999997,3.5064068999999995,0.0,0.0,0.0,NA,0.0,0.0
SCHOOL_2728,0,0,0,0,0,0,0,0,0,0,1,1764000.0,11.789449999999999,3.4847,0.0,0.0,0.0,NA,0.0,0.0
SCHOOL_2729,0,0,0,0,0,0,0,0,0,0,1,12000000.0,11.306859999999999,2.44634,0.0,0.0,0.0,NA,0.0,0.0
SCHOOL_2730,0,0,0,0,0,0,0,0,0,0,1,4019500.0,11.3088823,2.4381808,0.0,0.0,0.0,NA,0.0,0.0
SCHOOL_2731,0,0,0,0,0,0,0,0,0,0,1,4277000.0,11.3091732,2.3051944,0.0,0.0,0.0,NA,0.0,0.0
SCHOOL_2732,0,0,0,0,0,0,0,0,0,0,1,12000000.0,11.3175045,2.4635356,0.0,0.0,0.0,NA,0.0,0.0
SCHOOL_2733,0,0,0,0,0,0,0,0,0,0,1,10212000.0,11.321172000000002,2.5027159999999995,0.0,0.0,0.0,NA,0.0,0.0
SCHOOL_2734,0,0,0,0,0,0,0,0,0,0,1,6350900.0,11.3216791,2.2349042000000003,0.0,0.0,0.0,NA,0.0,0.0
SCHOOL_2735,0,0,0,0,0,0,0,0,0,0,1,11952000.0,11.3308,2.4824999999999995,0.0,0.0,0.0,NA,0.0,0.0
SCHOOL_2736,0,0,0,0,0,0,0,0,0,0,1,4618300.0,11.332678299999998,2.3455497,0.0,0.0,0.0,NA,0.0,0.0
SCHOOL_2737,0,0,0,0,0,0,0,0,0,0,2,4824000.0,11.335997650009825,2.388024150056425,0.0,0.0,0.0,NA,0.0,0.0
SCHOOL_2738,0,0,0,0,0,0,0,0,0,0,1,3588000.0,11.33573,2.37293,0.0,0.0,0.0,NA,0.0,0.0
SCHOOL_2739,0,0,0,0,0,0,0,0,0,0,1,2530200.0,11.336226,2.3600386,0.0,0.0,0.0,NA,0.0,0.0
SCHOOL_2740,0,0,0,0,0,0,0,0,0,0,1,6290500.0,11.337291700000002,2.4110542,0.0,0.0,0.0,NA,0.0,0.0
SCHOOL_2741,0,0,0,0,0,0,0,0,0,0,1,12000000.0,11.337377500000002,2.2136853000000003,0.0,0.0,0.0,NA,0.0,0.0
SCHOOL_2742,0,0,0,0,0,0,0,0,0,0,1,12000000.0,11.3491693,2.325353,0.0,0.0,0.0,NA,0.0,0.0
SCHOOL_2743,0,0,0,0,0,0,0,0,0,0,1,10964600.0,11.355266000000002,2.496358,0.0,0.0,0.0,NA,0.0,0.0
SCHOOL_2744,0,0,0,0,0,0,0,0,0,0,1,3664400.0,11.358114500000003,2.4271947,0.0,0.0,0.0,NA,0.0,0.0
SCHOOL_2745,0,0,0,0,0,0,0,0,0,0,1,12000000.0,11.360580899999997,2.2097739000000005,0.0,0.0,0.0,NA,0.0,0.0
SCHOOL_2746,0,0,0,0,0,0,0,0,0,0,1,4933800.0,11.379006299999999,2.3925569,0.0,0.0,0.0,NA,0.0,0.0
SCHOOL_2747,0,0,0,0,0,0,0,0,0,0,1,840000.0,11.379727099999998,2.4789048,0.0,0.0,0.0,NA,0.0,0.0
SCHOOL_2748,0,0,0,0,0,0,0,0,0,0,1,10399300.0,11.380766599999998,2.5227352,0.0,0.0,0.0,NA,0.0,0.0
SCHOOL_2749,0,0,0,0,0,0,0,0,0,0,1,2273300.0,11.3875509,2.356993,0.0,0.0,0.0,NA,0.0,0.0
SCHOOL_2750,0,0,0,0,0,0,0,0,0,0,1,3036000.0,11.38994,2.43005,0.0,0.0,0.0,NA,0.0,0.0
SCHOOL_2751,0,0,0,0,0,0,0,0,0,0,1,3838200.0,11.390552900000001,2.5026931,0.0,0.0,0.0,NA,0.0,0.0
SCHOOL_2752,0,0,0,0,0,0,0,0,0,0,1,1299600.0,11.400593800000001,2.3837145999999994,0.0,0.0,0.0,NA,0.0,0.0
SCHOOL_2753,0,0,0,0,0,0,0,0,0,0,1,5785900.0,11.403256399999998,2.3718808,0.0,0.0,0.0,NA,0.0,0.0
SCHOOL_2754,0,0,0,0,0,0,0,0,0,0,1,659600.0,11.405425,2.409658,0.0,0.0,0.0,NA,0.0,0.0
SCHOOL_2755,0,0,0,0,0,0,0,0,0,0,1,840000.0,11.415380700000002,2.4886646,0.0,0.0,0.0,NA,0.0,0.0
SCHOOL_2756,0,0,0,0,0,0,0,0,0,0,1,6290000.0,11.426663399999999,2.4131181,0.0,0.0,0.0,NA,0.0,0.0
SCHOOL_2757,0,0,0,0,0,0,0,0,0,0,1,6519100.0,11.3785109,2.5961170999999994,0.0,0.0,0.0,NA,0.0,0.0
SCHOOL_2758,0,0,0,0,0,0,0,0,0,0,1,7505800.0,11.384361600000002,2.7245972999999997,0.0,0.0,0.0,NA,0.0,0.0
SCHOOL_2759,0,0,0,0,0,0,0,0,0,0,1,3669600.0,11.4035028,2.5428932,0.0,0.0,0.0,NA,0.0,0.0
SCHOOL_2760,0,0,0,0,0,0,0,0,0,0,1,4945200.0,11.405692099999998,2.7529437,0.0,0.0,0.0,NA,0.0,0.0
SCHOOL_2761,0,0,0,0,0,0,0,0,0,0,1,6683300.0,11.4075781,2.6533926,0.0,0.0,0.0,NA,0.0,0.0
SCHOOL_2762,0,0,0,0,0,0,0,0,0,0,1,5018300.0,11.419168399999998,2.6142191,0.0,0.0,0.0,NA,0.0,0.0
SCHOOL_2763,0,0,0,0,0,0,0,0,0,0,1,4562300.0,11.421101599999998,2.5774786,0.0,0.0,0.0,NA,0.0,0.0
SCHOOL_2764,0,0,0,0,0,0,0,0,0,0,1,4756000.0,11.4334897,2.5318803,0.0,0.0,0.0,NA,0.0,0.0
SCHOOL_2765,0,0,0,0,0,0,0,0,0,0,1,3308600.0,11.4406542,2.6527264,0.0,0.0,0.0,NA,0.0,0.0
SCHOOL_2766,0,0,0,0,0,0,0,0,0,0,1,6098900.0,11.443054299999998,2.5652535000000003,0.0,0.0,0.0,NA,0.0,0.0
SCHOOL_2767,0,0,0,0,0,0,0,0,0,0,1,8004600.0,11.447998899999998,2.7207579,0.0,0.0,0.0,NA,0.0,0.0
SCHOOL_2768,0,0,0,0,0,0,0,0,0,0,1,2918600.0,11.4566338,2.6471289,0.0,0.0,0.0,NA,0.0,0.0
SCHOOL_2769,0,0,0,0,0,0,0,0,0,0,1,3444700.0,11.4713425,2.5981360000000002,0.0,0.0,0.0,NA,0.0,0.0
SCHOOL_2770,0,0,0,0,0,0,0,0,0,0,1,8946500.0,11.475974,2.5613653999999997,0.0,0.0,0.0,NA,0.0,0.0
SCHOOL_2771,0,0,0,0,0,0,0,0,0,0,1,2115800.0,11.4771581,2.6645022,0.0,0.0,0.0,NA,0.0,0.0
SCHOOL_2772,0,0,0,0,0,0,0,0,0,0,1,5163700.0,11.439772399999997,2.4998597000000005,0.0,0.0,0.0,NA,0.0,0.0
SCHOOL_2773,0,0,0,0,0,0,0,0,0,0,1,1541800.0,11.4488519,2.4415719,0.0,0.0,0.0,NA,0.0,0.0
SCHOOL_2774,0,0,0,0,0,0,0,0,0,0,1,7804400.0,11.450157799999998,2.4605182000000005,0.0,0.0,0.0,NA,0.0,0.0
SCHOOL_2775,0,0,0,0,0,0,0,0,0,0,1,3671800.0,11.453016799999999,2.5087442,0.0,0.0,0.0,NA,0.0,0.0
SCHOOL_2776,0,0,0,0,0,0,0,0,0,0,1,3604000.0,11.464159999999998,2.3905512000000004,0.0,0.0,0.0,NA,0.0,0.0
SCHOOL_2777,0,0,0,0,0,0,0,0,0,0,1,2614800.0,11.473749899999998,2.4198050000000006,0.0,0.0,0.0,NA,0.0,0.0
SCHOOL_2778,0,0,0,0,0,0,0,0,0,0,1,840000.0,11.480520299999997,2.4963737,0.0,0.0,0.0,NA,0.0,0.0
SCHOOL_2779,0,0,0,0,0,0,0,0,0,0,1,5116000.0,11.511942299999998,2.4104528,0.0,0.0,0.0,NA,0.0,0.0
SCHOOL_2780,0,0,0,0,0,0,0,0,0,0,1,8887000.0,11.5280748,2.4923115,0.0,0.0,0.0,NA,0.0,0.0
SCHOOL_2781,0,0,0,0,0,0,0,0,0,0,1,8014300.0,11.537213,2.4626863,0.0,0.0,0.0,NA,0.0,0.0
SCHOOL_2782,0,0,0,0,0,0,0,0,0,0,1,11820000.0,11.489559999999997,2.53178,0.0,0.0,0.0,NA,0.0,0.0
SCHOOL_2783,0,0,0,0,0,0,0,0,0,0,1,1200800.0,11.5087585,2.6147050999999997,0.0,0.0,0.0,NA,0.0,0.0
SCHOOL_2784,0,0,0,0,0,0,0,0,0,0,1,2103100.0,11.524544600000002,2.6385601,0.0,0.0,0.0,NA,0.0,0.0
SCHOOL_2785,0,0,0,0,0,0,0,0,0,0,1,3530500.0,11.5321882,2.5959964,0.0,0.0,0.0,NA,0.0,0.0
SCHOOL_2786,0,0,0,0,0,0,0,0,0,0,1,3422400.0,11.5360528,2.5687566,0.0,0.0,0.0,NA,0.0,0.0
SCHOOL_2787,0,0,0,0,0,0,0,0,0,0,1,7310200.0,11.558199,2.6254666000000006,0.0,0.0,0.0,NA,0.0,0.0
SCHOOL_2788,0,0,0,0,0,0,0,0,0,0,1,3134200.0,11.558254600000001,2.5805058000000005,0.0,0.0,0.0,NA,0.0,0.0
SCHOOL_2789,0,0,0,0,0,0,0,0,0,0,1,840000.0,11.5613884,2.531829,0.0,0.0,0.0,NA,0.0,0.0
SCHOOL_2790,0,0,0,0,0,0,0,0,0,0,1,12000000.0,11.5944213,2.5946838,0.0,0.0,0.0,NA,0.0,0.0
SCHOOL_2791,0,0,0,0,0,0,0,0,0,0,1,4190899.9999999995,11.6226768,2.5666055,0.0,0.0,0.0,NA,0.0,0.0
SCHOOL_2792,0,0,0,0,0,0,0,0,0,0,1,4812000.0,11.6544444,2.8886111,0.0,0.0,0.0,NA,0.0,0.0
SCHOOL_2793,0,0,0,0,0,0,0,0,0,0,1,12000000.0,12.007465399999997,3.0844652,0.0,0.0,0.0,NA,0.0,0.0
SCHOOL_2794,0,0,0,0,0,0,0,0,0,0,1,1384700.0,12.1286308,3.1193105,0.0,0.0,0.0,NA,0.0,0.0
SCHOOL_2795,0,0,0,0,0,0,0,0,0,0,1,840000.0,12.138027899999997,3.1022843,0.0,0.0,0.0,NA,0.0,0.0
SCHOOL_2796,0,0,0,0,0,0,0,0,0,0,1,1036599.9999999999,12.159907399999996,3.1021323000000005,0.0,0.0,0.0,NA,0.0,0.0
SCHOOL_2797,0,0,0,0,0,0,0,0,0,0,2,5924400.0,10.899206600015408,2.1740833000018065,0.0,0.0,0.0,NA,0.0,0.0
SCHOOL_2798,0,0,0,0,0,0,0,0,0,0,1,1752000.0,10.913659999999998,2.18336,0.0,0.0,0.0,NA,0.0,0.0
SCHOOL_2799,0,0,0,0,0,0,0,0,0,0,1,12000000.0,11.095065800000002,2.1325753000000005,0.0,0.0,0.0,NA,0.0,0.0
SCHOOL_2800,0,0,0,0,0,0,0,0,0,0,1,7655800.0,11.138210499999998,2.1763352,0.0,0.0,0.0,NA,0.0,0.0
SCHOOL_2801,0,0,0,0,0,0,0,0,0,0,1,11558400.0,11.2485652,2.1740368,0.0,0.0,0.0,NA,0.0,0.0
SCHOOL_2802,0,0,0,0,0,0,0,0,0,0,1,3407200.0,10.824270700000003,2.1375644,0.0,0.0,0.0,NA,0.0,0.0
SCHOOL_2803,0,0,0,0,0,0,0,0,0,0,2,9724000.0,10.844688850646788,2.129516299605415,0.0,0.0,0.0,NA,0.0,0.0
SCHOOL_2804,0,0,0,0,0,0,0,0,0,0,1,4139200.0,10.883255599999998,2.1617259,0.0,0.0,0.0,NA,0.0,0.0
SCHOOL_2805,0,0,0,0,0,0,0,0,0,0,1,3131900.0,10.919574600000002,1.9008167000000002,0.0,0.0,0.0,NA,0.0,0.0
SCHOOL_2806,0,0,0,0,0,0,0,0,0,0,1,6938900.0,11.008119899999999,1.9518152999999998,0.0,0.0,0.0,NA,0.0,0.0
SCHOOL_2807,0,0,0,0,0,0,0,0,0,0,1,1452600.0,11.0540112,1.9563524000000003,0.0,0.0,0.0,NA,0.0,0.0
SCHOOL_2808,0,0,0,0,0,0,0,0,0,0,1,12000000.0,11.065720499999998,1.9220751999999999,0.0,0.0,0.0,NA,0.0,0.0
SCHOOL_2809,0,0,0,0,0,0,0,0,0,0,1,4977400.0,11.646212099999998,2.5401028,0.0,0.0,0.0,NA,0.0,0.0
SCHOOL_2810,0,0,0,0,0,0,0,0,0,0,1,12000000.0,11.6580699,2.5397443,0.0,0.0,0.0,NA,0.0,0.0
SCHOOL_2811,0,0,0,0,0,0,0,0,0,0,1,12000000.0,12.3743329,2.8516673,0.0,0.0,0.0,NA,0.0,0.0
SCHOOL_2812,0,0,0,0,0,0,0,0,0,0,1,661800.0,12.3949552,2.8493623,0.0,0.0,0.0,NA,0.0,0.0
SCHOOL_2813,0,0,0,0,0,0,0,0,0,0,1,729000.0,12.400120799999996,2.837464,0.0,0.0,0.0,NA,0.0,0.0
SCHOOL_2814,0,0,0,0,0,0,0,0,0,0,1,7015700.0,11.548586299999998,2.5239108,0.0,0.0,0.0,NA,0.0,0.0
SCHOOL_2815,0,0,0,0,0,0,0,0,0,0,1,2889700.0,11.5553405,2.3724412999999998,0.0,0.0,0.0,NA,0.0,0.0
SCHOOL_2816,0,0,0,0,0,0,0,0,0,0,1,3773200.0,11.566558499999996,2.5199085,0.0,0.0,0.0,NA,0.0,0.0
SCHOOL_2817,0,0,0,0,0,0,0,0,0,0,1,840000.0,11.567044400000002,2.5066239000000006,0.0,0.0,0.0,NA,0.0,0.0
SCHOOL_2818,0,0,0,0,0,0,0,0,0,0,1,2936900.0,11.5694901,2.4704505,0.0,0.0,0.0,NA,0.0,0.0
SCHOOL_2819,0,0,0,0,0,0,0,0,0,0,1,3078800.0,11.607418700000002,2.4951366,0.0,0.0,0.0,NA,0.0,0.0
SCHOOL_2820,0,0,0,0,0,0,0,0,0,0,1,8114300.0,11.611919,2.4112871,0.0,0.0,0.0,NA,0.0,0.0
SCHOOL_2821,0,0,0,0,0,0,0,0,0,0,1,12000000.0,11.6168964,2.441121,0.0,0.0,0.0,NA,0.0,0.0
SCHOOL_2822,0,0,0,0,0,0,0,0,0,0,1,6951500.0,11.6408662,2.4861830000000005,0.0,0.0,0.0,NA,0.0,0.0
SCHOOL_2823,0,0,0,0,0,0,0,0,0,0,1,1632000.0,12.288967799999998,2.9402826,0.0,0.0,0.0,NA,0.0,0.0
SCHOOL_2824,0,0,0,0,0,0,0,0,0,0,1,1401600.0,12.3110367,2.924007,0.0,0.0,0.0,NA,0.0,0.0
SCHOOL_2825,0,0,0,0,0,0,0,0,0,0,1,840000.0,12.339209199999999,2.9175022,0.0,0.0,0.0,NA,0.0,0.0
SCHOOL_2826,0,0,0,0,0,0,0,0,0,0,1,1869500.0,12.388498299999997,2.8648854000000004,0.0,0.0,0.0,NA,0.0,0.0
SCHOOL_2827,0,0,0,0,0,0,0,0,0,0,1,840000.0,12.177305099999998,3.0755474000000005,0.0,0.0,0.0,NA,0.0,0.0
SCHOOL_2828,0,0,0,0,0,0,0,0,0,0,1,1260500.0,12.179516100000003,3.0357683,0.0,0.0,0.0,NA,0.0,0.0
SCHOOL_2829,0,0,0,0,0,0,0,0,0,0,1,840000.0,12.192447699999999,3.0584417000000004,0.0,0.0,0.0,NA,0.0,0.0
SCHOOL_2830,0,0,0,0,0,0,0,0,0,0,1,1380000.0,12.19709,3.03448,0.0,0.0,0.0,NA,0.0,0.0
SCHOOL_2831,0,0,0,0,0,0,0,0,0,0,1,840000.0,11.013394799999999,0.9920954000000001,0.0,0.0,0.0,NA,0.0,0.0
SCHOOL_2832,0,0,0,0,0,0,0,0,0,0,1,12000000.0,11.043905599999999,0.9677501999999997,0.0,0.0,0.0,NA,0.0,0.0
SPARSE_1,0,71,71,0,0,0,0,0,0,0,0,0.0,11.66250028935,2.5333326032000256,0.0,709.079345703125,354.5396728515625,OM,-0.21699999272823334,0.171119835905229
SPARSE_2,2,34,29,1,0,0,0,0,0,0,0,0.0,11.61250028955,2.445832603550026,0.0,328.3601379394531,328.3601379394531,OM,-0.2750000059604645,0.5098105568529946
SPARSE_3,13,43,8,0,0,0,0,0,0,0,0,0.0,11.512500289950001,2.412499270350026,0.0,319.0257568359375,319.0257568359375,OM,-0.8040000200271606,0.5098105568529946
SPARSE_4,2,55,10,0,0,0,0,0,0,0,0,0.0,11.512500289950001,3.112499267550026,0.0,333.1601257324219,333.1601257324219,OM,-0.5889999866485596,0.34897908092970875
SPARSE_5,0,24,121,36,0,0,0,0,0,0,0,0.0,11.479166956750001,2.545832603150026,0.0,909.9559326171875,909.9559326171875,OM,0.3479999899864197,0.5098105568529946
SPARSE_6,6,57,28,1,0,0,0,0,0,0,0,0.0,11.45416695685,2.462499270150026,0.0,459.5579528808594,459.5579528808594,OM,-0.4699999988079071,0.5098105568529946
SPARSE_7,8,35,24,3,0,0,0,0,0,0,0,0.0,11.42916695695,2.412499270350026,0.0,348.972412109375,348.972412109375,OM,-0.4169999957084656,0.6676665474699044
SPARSE_8,0,66,17,0,0,0,0,0,0,0,0,0.0,11.420833623650001,2.620832602850026,0.0,416.212646484375,416.212646484375,OM,-0.4180000126361847,0.24778753436326892
SPARSE_9,0,47,15,0,0,0,0,0,0,0,0,0.0,11.40416695705,2.370832603850026,0.0,310.8407287597656,310.8407287597656,OM,-0.2879999876022339,0.09121585747442225
SPARSE_10,0,68,4,0,0,0,0,0,0,0,0,0.0,11.39583362375,2.504165936650026,0.0,365.50250244140625,365.50250244140625,OM,-0.6039999723434448,0.24778753436326892
SPARSE_11,0,113,95,0,0,0,0,0,0,0,0,0.0,11.33750029065,2.383332603800026,0.0,1035.5216064453125,517.7608032226562,OM,-0.2290000021457672,0.09121585747442225
SPARSE_12,0,79,2,0,0,0,0,0,0,0,0,0.0,11.329166957350001,2.3458326039500257,0.0,407.8331298828125,407.8331298828125,OM,-0.40799999237060547,0.09121585747442225
SPARSE_13,1,85,81,1,0,0,0,0,0,0,0,0.0,11.308333624100001,2.458332603500026,0.0,835.9832153320312,417.9916076660156,OM,-0.23100000619888306,0.39712130817117747
SPARSE_14,16,96,87,12,0,0,0,0,0,0,0,0.0,11.295833624150001,2.399999270400026,0.0,1055.8035888671875,527.9017944335938,OM,-0.26600000262260437,0.6676665474699044
SPARSE_15,1,29,102,56,4,0,0,0,0,0,0,0.0,11.28750029085,2.441665936900026,0.0,966.3177490234375,483.15887451171875,OM,0.453000009059906,0.6676665474699044
SPARSE_16,0,63,52,0,0,0,0,0,0,0,0,0.0,11.27916695755,2.370832603850026,0.0,574.4415283203125,574.4415283203125,OM,-0.23100000619888306,0.09912618431471791
SPARSE_17,6,50,57,10,0,0,0,0,0,0,0,0.0,11.27916695755,2.404165937050026,0.0,615.9827880859375,615.9827880859375,OM,-0.14499999582767487,0.6676665474699044
SPARSE_18,0,53,8,0,0,0,0,0,0,0,0,0.0,11.262500290950001,2.262499270950026,0.0,301.9099426269531,301.9099426269531,OM,-0.46700000762939453,0.21920310756262634
SPARSE_19,0,46,104,1,0,0,0,0,0,0,0,0.0,11.24583362435,2.995832601350026,0.0,755.0702514648438,755.0702514648438,OM,-0.04899999871850014,0.33431393431413614
SPARSE_20,0,1,82,0,0,0,0,0,0,0,0,0.0,11.23750029105,2.3458326039500257,0.0,417.47332763671875,417.47332763671875,OM,0.007000000216066837,0.09912618431471791
SPARSE_21,4,50,8,0,0,0,0,0,0,0,0,0.0,11.23750029105,2.6708326026500258,0.0,311.3436584472656,311.3436584472656,OM,-0.6320000290870667,0.3728867229587592
SPARSE_22,0,17,54,0,0,0,0,0,0,0,0,0.0,11.22916695775,2.379165937150026,0.0,350.69403076171875,350.69403076171875,OM,-0.1459999978542328,0.09912618431471791
SPARSE_23,0,37,68,0,0,0,0,0,0,0,0,0.0,11.22083362445,3.062499267750026,0.0,525.8781127929688,525.8781127929688,OM,-0.10999999940395355,0.2785342582666584
SPARSE_24,0,38,25,0,0,0,0,0,0,0,0,0.0,11.19583362455,2.879165935150026,0.0,314.7273864746094,314.7273864746094,OM,-0.3089999854564667,0.33431393431413614
SPARSE_25,0,26,47,0,0,0,0,0,0,0,0,0.0,11.18750029125,2.287499270850026,0.0,365.791015625,365.791015625,OM,-0.13099999725818634,0.2322220956703747
SPARSE_26,0,153,63,0,0,0,0,0,0,0,0,0.0,11.1833336246,2.358332603900026,0.0,1077.9796142578125,538.9898071289062,OM,-0.3449999988079071,0.22980970472856493
SPARSE_27,1,48,13,0,0,0,0,0,0,0,0,0.0,11.170833624650001,2.912499268350026,0.0,310.6120300292969,310.6120300292969,OM,-0.4830000102519989,0.33431393431413614
SPARSE_28,0,33,31,0,0,0,0,0,0,0,0,0.0,11.170833624650001,3.062499267750026,0.0,322.4393310546875,322.4393310546875,OM,-0.23000000417232513,0.2785342582666584
SPARSE_29,0,100,37,0,0,0,0,0,0,0,0,0.0,11.16250029135,2.287499270850026,0.0,684.939208984375,684.939208984375,OM,-0.36000001430511475,0.2322220956703747
SPARSE_30,2,52,7,0,0,0,0,0,0,0,0,0.0,11.16250029135,2.887499268450026,0.0,305.8446044921875,305.8446044921875,OM,-0.6079999804496765,0.33431393431413614
SPARSE_31,0,22,89,0,0,0,0,0,0,0,0,0.0,11.16250029135,3.412499266350026,0.0,555.1458129882812,555.1458129882812,OM,-0.04500000178813934,0.20609013230953707
SPARSE_32,3,65,18,0,0,0,0,0,0,0,0,0.0,11.15416695805,2.870832601850026,0.0,427.5135498046875,427.5135498046875,OM,-0.5210000276565552,0.3728867229587592
SPARSE_33,0,5,120,17,0,0,0,0,0,0,0,0.0,11.150000291400001,2.924999268300026,0.0,710.8521728515625,355.42608642578125,OM,0.3799999952316284,0.33431393431413614
SPARSE_34,0,26,35,0,0,0,0,0,0,0,0,0.0,11.14583362475,2.8958326017500258,0.0,306.7161865234375,306.7161865234375,OM,-0.1550000011920929,0.33431393431413614
SPARSE_35,0,12,48,0,0,0,0,0,0,0,0,0.0,11.13750029145,2.170832604650026,0.0,303.6340637207031,303.6340637207031,OM,-0.027000000700354576,0.2322220956703747
SPARSE_36,0,61,29,0,0,0,0,0,0,0,0,0.0,11.12916695815,2.7708326022500263,0.0,451.2322082519531,451.2322082519531,OM,-0.33000001311302185,0.24779264718034377
SPARSE_37,0,0,74,0,0,0,0,0,0,0,0,0.0,11.12083362485,2.954165934850026,0.0,367.8150939941406,367.8150939941406,OM,0.2409999966621399,0.07353910676068749
SPARSE_38,0,0,91,0,0,0,0,0,0,0,0,0.0,11.11250029155,2.970832601450026,0.0,456.3004455566406,456.3004455566406,OM,0.13699999451637268,0.07353910676068749
SPARSE_39,0,10,55,0,0,0,0,0,0,0,0,0.0,11.09583362495,2.762499268950026,0.0,324.8612976074219,324.8612976074219,OM,0.03700000047683716,0.24779264718034377
SPARSE_40,1,43,24,0,0,0,0,0,0,0,0,0.0,11.08750029165,2.845832601950026,0.0,336.61602783203125,336.61602783203125,OM,-0.35899999737739563,0.3728867229587592
SPARSE_41,0,37,24,0,0,0,0,0,0,0,0,0.0,11.08750029165,2.912499268350026,0.0,304.5740966796875,304.5740966796875,OM,-0.3019999861717224,0.30380407172684365
SPARSE_42,0,48,150,12,0,0,0,0,0,0,0,0.0,11.07083362505,1.9208326056500258,0.0,1052.9361572265625,1052.9361572265625,OM,0.10000000149011612,0.4329637540367331
SPARSE_43,0,28,59,0,0,0,0,0,0,0,0,0.0,11.06250029175,2.3624992705500256,0.0,436.2952575683594,436.2952575683594,OM,-0.11299999803304672,0.2322220956703747
SPARSE_44,0,62,4,0,0,0,0,0,0,0,0,0.0,11.05416695845,2.804165935450026,0.0,329.6701965332031,329.6701965332031,OM,-0.6039999723434448,0.24779264718034377
SPARSE_45,0,30,51,0,0,0,0,0,0,0,0,0.0,11.045833625150001,3.070832601050026,0.0,406.50689697265625,406.50689697265625,OM,-0.18473475595858804,0.08537236466322053
SPARSE_46,6,66,2,0,0,0,0,0,0,0,0,0.0,11.02083362525,2.837499268650026,0.0,368.4756164550781,368.4756164550781,OM,-0.8019999861717224,0.30380407172684365
SPARSE_47,0,57,15,0,0,0,0,0,0,0,0,0.0,11.012500291950001,3.295832600150026,0.0,361.21356201171875,361.21356201171875,OM,-0.38199999928474426,0.20609013230953707
SPARSE_48,0,25,38,0,0,0,0,0,0,0,0,0.0,11.012500291950001,3.420832599650026,0.0,317.24468994140625,317.24468994140625,OM,-0.16599999368190765,0.20609013230953707
SPARSE_49,1,85,1,0,0,0,0,0,0,0,0,0.0,11.00416695865,1.9541659388500259,0.0,433.0244445800781,433.0244445800781,OM,-0.7200000286102295,0.20585019224147338
SPARSE_50,2,48,13,0,0,0,0,0,0,0,0,0.0,11.00416695865,2.695832602550026,0.0,316.1874694824219,316.1874694824219,OM,-0.5429999828338623,0.3857858215495013
SPARSE_51,17,141,16,0,0,0,0,0,0,0,0,0.0,11.000000292000001,2.779165935550026,0.0,873.2833251953125,436.64166259765625,OM,-0.7260000109672546,0.3857858215495013
SPARSE_52,0,33,29,0,0,0,0,0,0,0,0,0.0,10.99583362535,2.212499271150026,0.0,307.8051452636719,307.8051452636719,OM,-0.24799999594688416,0.33500010092998683
SPARSE_53,0,103,13,0,0,0,0,0,0,0,0,0.0,10.97916695875,2.870832601850026,0.0,580.535400390625,580.535400390625,OM,-0.3400000035762787,0.05819794161627464
SPARSE_54,1,115,52,0,0,0,0,0,0,0,0,0.0,10.97083362545,2.212499271150026,0.0,842.1959228515625,842.1959228515625,OM,-0.3840000033378601,0.33500010092998683
SPARSE_55,3,51,8,0,0,0,0,0,0,0,0,0.0,10.96250029215,3.395832599750026,0.0,313.125244140625,313.125244140625,OM,-0.6200000047683716,0.3599032304478195
SPARSE_56,1,62,50,0,0,0,0,0,0,0,0,0.0,10.94583362555,2.720832602450026,0.0,565.994384765625,565.994384765625,OM,-0.2720000147819519,0.3857858215495013
SPARSE_57,0,56,35,0,0,0,0,0,0,0,0,0.0,10.93750029225,2.829165935350026,0.0,456.55810546875,456.55810546875,OM,-0.24799999594688416,0.05819794161627464
SPARSE_58,0,33,28,0,0,0,0,0,0,0,0,0.0,10.90416695905,1.0041659426500258,0.0,301.53173828125,301.53173828125,OM,-0.25099998712539673,0.32467355398352893
SPARSE_59,0,140,3,0,0,0,0,0,0,0,0,0.0,10.9000002924,1.487499274050026,0.0,712.2915649414062,356.1457824707031,OM,-0.4269999861717224,0.05460063936875328
SPARSE_60,0,53,43,0,0,0,0,0,0,0,0,0.0,10.90416695905,2.179165937950026,0.0,482.6036376953125,482.6036376953125,OM,-0.26499998569488525,0.33500010092998683
SPARSE_61,0,236,55,0,0,0,0,0,0,0,0,0.0,10.89583362575,2.737499269050026,0.0,1456.358154296875,1456.358154296875,OM,-0.33899998664855957,0.13734725051116536
SPARSE_62,1,65,15,0,0,0,0,0,0,0,0,0.0,10.88750029245,2.162499271350026,0.0,408.0848388671875,408.0848388671875,OM,-0.5130000114440918,0.33500010092998683
SPARSE_63,0,44,20,0,0,0,0,0,0,0,0,0.0,10.87916695915,1.0541659424500258,0.0,321.3028869628906,321.3028869628906,OM,-0.38199999928474426,0.32467355398352893
SPARSE_64,0,68,2,0,0,0,0,0,0,0,0,0.0,10.87916695915,1.879165939150026,0.0,352.9591979980469,352.9591979980469,OM,-0.5989999771118164,0.20585019224147338
SPARSE_65,1,100,157,3,0,0,0,0,0,0,0,0.0,10.87083362585,0.9541659428500258,0.0,1304.978515625,434.9928283691406,OM,-0.10300000011920929,0.3948725089927153
SPARSE_66,0,175,0,0,0,0,0,0,0,0,0,0.0,10.8666669592,2.762499268950026,0.0,876.0986328125,438.04931640625,OM,-0.6150000095367432,0.13734725051116536
SPARSE_67,0,37,38,0,0,0,0,0,0,0,0,0.0,10.85416695925,2.837499268650026,0.0,375.6128845214844,375.6128845214844,OM,-0.21699999272823334,0.05819794161627464
SPARSE_68,0,65,5,0,0,0,0,0,0,0,0,0.0,10.84583362595,1.945832605550026,0.0,348.9815979003906,348.9815979003906,OM,-0.5199999809265137,0.20585019224147338
SPARSE_69,0,90,0,0,0,0,0,0,0,0,0,0.0,10.83750029265,1.1124992755500258,0.0,451.4982604980469,451.4982604980469,OM,-0.4819999933242798,0.07150524124862369
SPARSE_70,0,113,77,0,0,0,0,0,0,0,0,0.0,10.83750029265,1.8416659393000259,0.0,947.3271484375,473.66357421875,OM,-0.27399998903274536,0.2350239923721819
SPARSE_71,3,86,125,9,0,0,0,0,0,0,0,0.0,10.829166959350001,2.829165935350026,0.0,1110.62353515625,1110.62353515625,OM,-0.08799999952316284,0.5010532300544507
SPARSE_72,0,50,86,0,0,0,0,0,0,0,0,0.0,10.829166959350001,3.470832599450026,0.0,679.2823486328125,679.2823486328125,OM,-0.18473475595858804,0.09483522159991835
SPARSE_73,0,66,12,0,0,0,0,0,0,0,0,0.0,10.829166959350001,3.545832599150026,0.0,390.4335632324219,390.4335632324219,OM,-0.4580000042915344,0.23970033582148756
SPARSE_74,0,101,0,0,0,0,0,0,0,0,0,0.0,10.82083362605,1.470832607450026,0.0,504.16619873046875,504.16619873046875,OM,-0.5,0.05460063936875328
SPARSE_75,0,63,32,0,0,0,0,0,0,0,0,0.0,10.81250029275,0.9791659427500258,0.0,472.0025939941406,472.0025939941406,OM,-0.2669999897480011,0.11667262614503829
SPARSE_76,0,2,51,9,0,0,0,0,0,0,0,0.0,10.81250029275,2.120832604850026,0.0,311.6295166015625,311.6295166015625,OM,0.4350000023841858,0.33500010092998683
SPARSE_77,0,73,3,0,0,0,0,0,0,0,0,0.0,10.80416695945,2.612499269550026,0.0,382.2645568847656,382.2645568847656,OM,-0.45399999618530273,0.13734725051116536
SPARSE_78,0,74,2,0,0,0,0,0,0,0,0,0.0,10.79583362615,2.695832602550026,0.0,377.56768798828125,377.56768798828125,OM,-0.48500001430511475,0.13734725051116536
SPARSE_79,17,149,66,1,0,0,0,0,0,0,0,0.0,10.783333626200001,2.804165935450026,0.0,1172.0545654296875,586.0272827148438,OM,-0.49900001287460327,0.5010532300544507
SPARSE_80,0,4,65,18,0,0,0,0,0,0,0,0.0,10.77916695955,0.9124992763500258,0.0,433.3792419433594,433.3792419433594,OM,0.4519999921321869,0.3948725089927153
SPARSE_81,0,230,0,0,0,0,0,0,0,0,0,0.0,10.77916695955,2.716665935800026,0.0,1150.6297607421875,575.3148803710938,OM,-0.6259999871253967,0.13734725051116536
SPARSE_82,1,66,1,0,0,0,0,0,0,0,0,0.0,10.77083362625,1.687499273250026,0.0,343.0924987792969,343.0924987792969,OM,-0.7459999918937683,0.2350239923721819
SPARSE_83,0,12,69,2,0,0,0,0,0,0,0,0.0,10.762500292950001,2.070832605050026,0.0,420.05633544921875,420.05633544921875,OM,0.13300000131130219,0.33500010092998683
SPARSE_84,0,85,1,0,0,0,0,0,0,0,0,0.0,10.74583362635,1.3874992744500259,0.0,429.5691223144531,429.5691223144531,OM,-0.4634999930858612,0.05460063936875328
SPARSE_85,0,69,216,18,0,0,0,0,0,0,0,0.0,10.7333336264,2.979165934750026,0.0,1517.7822265625,758.89111328125,OM,0.10400000214576721,0.4329637540367331
SPARSE_86,1,208,17,0,0,0,0,0,0,0,0,0.0,10.72916695975,1.6666659400000259,0.0,1127.7484130859375,563.8742065429688,OM,-0.5550000071525574,0.2350239923721819
SPARSE_87,1,118,12,0,0,0,0,0,0,0,0,0.0,10.72916695975,2.7874992688500257,0.0,652.343017578125,652.343017578125,OM,-0.578000009059906,0.2691348575772149
SPARSE_88,1,44,23,0,0,0,0,0,0,0,0,0.0,10.72083362645,0.8958326097500258,0.0,341.5773010253906,341.5773010253906,OM,-0.375,0.3948725089927153
SPARSE_89,1,68,54,0,0,0,0,0,0,0,0,0.0,10.72083362645,1.1874992752500257,0.0,616.97216796875,616.97216796875,OM,-0.27399998903274536,0.38526328820717637
SPARSE_90,11,144,22,0,0,0,0,0,0,0,0,0.0,10.716666959800001,2.0374992718500256,0.0,883.43798828125,441.718994140625,OM,-0.6470000147819519,0.36917946444506894
SPARSE_91,0,231,106,0,0,0,0,0,0,0,0,0.0,10.716666959800001,2.745832602350026,0.0,1687.7958984375,843.89794921875,OM,-0.3479999899864197,0.2691348575772149
SPARSE_92,0,72,4,0,0,0,0,0,0,0,0,0.0,10.71250029315,1.8374992726500259,0.0,381.5696716308594,381.5696716308594,OM,-0.593999981880188,0.2350239923721819
SPARSE_93,0,65,26,0,0,0,0,0,0,0,0,0.0,10.71250029315,3.587499265650026,0.0,452.68017578125,452.68017578125,OM,-0.35600000619888306,0.23970033582148756
SPARSE_94,2,80,28,0,0,0,0,0,0,0,0,0.0,10.69583362655,2.079165938350026,0.0,549.2722778320312,549.2722778320312,OM,-0.46399998664855957,0.36917946444506894
SPARSE_95,2,47,17,0,0,0,0,0,0,0,0,0.0,10.67916695995,1.0541659424500258,0.0,327.1549377441406,327.1549377441406,OM,-0.4620000123977661,0.38526328820717637
SPARSE_96,0,60,3,0,0,0,0,0,0,0,0,0.0,10.670833626650001,1.354165941250026,0.0,317.28839111328125,317.28839111328125,OM,-0.5009999871253967,0.17618430920621425
SPARSE_97,1,58,5,0,0,0,0,0,0,0,0,0.0,10.670833626650001,2.762499268950026,0.0,321.9480285644531,321.9480285644531,OM,-0.5920000076293945,0.2691348575772149
SPARSE_98,0,65,11,0,0,0,0,0,0,0,0,0.0,10.670833626650001,2.820832602050026,0.0,383.9593811035156,383.9593811035156,OM,-0.503000020980835,0.2691348575772149
SPARSE_99,0,67,8,0,0,0,0,0,0,0,0,0.0,10.65416696005,1.8541659392500258,0.0,375.83331298828125,375.83331298828125,OM,-0.5149999856948853,0.2350239923721819
SPARSE_100,0,172,62,0,0,0,0,0,0,0,0,0.0,10.645833626750001,2.545832603150026,0.0,1166.6541748046875,1166.6541748046875,OM,-0.30300000309944153,0.1350271607821325
SPARSE_101,6,63,1,0,0,0,0,0,0,0,0,0.0,10.62916696015,2.754165935650026,0.0,347.68701171875,347.68701171875,OM,-0.8479999899864197,0.2691348575772149
SPARSE_102,0,73,1,0,0,0,0,0,0,0,0,0.0,10.62083362685,1.3458326079500258,0.0,370.65972900390625,370.65972900390625,OM,-0.6179999709129333,0.17618430920621425
SPARSE_103,3,21,28,8,0,0,0,0,0,0,0,0.0,10.612500293550001,1.254165941650026,0.0,303.7416076660156,303.7416076660156,OM,-0.026000000536441803,0.7550421843898478
SPARSE_104,0,304,28,0,0,0,0,0,0,0,0,0.0,10.6083336269,2.745832602350026,0.0,1662.3095703125,831.15478515625,OM,-0.40400001406669617,0.1350271607821325
SPARSE_105,0,61,5,0,0,0,0,0,0,0,0,0.0,10.60416696025,1.0708326090500258,0.0,329.6542663574219,329.6542663574219,OM,-0.3580000102519989,0.0586898555892255
SPARSE_106,1,54,31,0,0,0,0,0,0,0,0,0.0,10.60416696025,1.9791659387500258,0.0,429.7850036621094,429.7850036621094,OM,-0.3529999852180481,0.36917946444506894
SPARSE_107,1,53,21,0,0,0,0,0,0,0,0,0.0,10.58750029365,2.087499271650026,0.0,377.97320556640625,377.97320556640625,OM,-0.42899999022483826,0.36917946444506894
SPARSE_108,0,48,26,0,0,0,0,0,0,0,0,0.0,10.579166960350001,1.3291659413500259,0.0,371.426025390625,371.426025390625,OM,-0.28600001335144043,0.17618430920621425
SPARSE_109,0,79,56,0,0,0,0,0,0,0,0,0.0,10.51250029395,0.8458326099500257,0.0,676.7627563476562,676.7627563476562,OM,-0.25999999046325684,0.1909188376638636
SPARSE_110,0,10,53,0,0,0,0,0,0,0,0,0.0,10.487500294050001,2.587499269650026,0.0,315.4886474609375,315.4886474609375,OM,0.017000000923871994,0.24112341173133653
SPARSE_111,0,38,111,1,0,0,0,0,0,0,0,0.0,10.46250029415,1.658332606700026,0.0,747.2237548828125,373.61187744140625,OM,-0.014999999664723873,0.30450561040466906
SPARSE_112,0,37,110,1,0,0,0,0,0,0,0,0.0,10.46250029415,1.6916659399000258,0.0,737.7186279296875,368.85931396484375,OM,-0.014999999664723873,0.30450561040466906
SPARSE_113,0,136,8,0,0,0,0,0,0,0,0,0.0,10.4500002942,3.212499267150026,0.0,718.6868896484375,359.34344482421875,OM,-0.37599998712539673,0.06468642253500578
SPARSE_114,0,62,8,0,0,0,0,0,0,0,0,0.0,10.40416696105,1.5124992739500258,0.0,352.70953369140625,352.70953369140625,OM,-0.40799999237060547,0.15892331117903288
SPARSE_115,5,31,24,2,0,0,0,0,0,0,0,0.0,10.38750029445,1.362499274550026,0.0,308.5622253417969,308.5622253417969,OM,-0.335999995470047,0.6173218884657747
SPARSE_116,0,7,35,27,3,0,0,0,0,0,0,0.0,10.38750029445,2.737499269050026,0.0,362.2657775878906,362.2657775878906,OM,0.6439999938011169,0.6648400124687692
SPARSE_117,13,54,3,0,0,0,0,0,0,0,0,0.0,10.37916696115,1.695832606550026,0.0,352.452392578125,352.452392578125,OM,-0.8769999742507935,0.38944037788371694
SPARSE_118,6,70,12,0,0,0,0,0,0,0,0,0.0,10.37083362785,1.7374992730500258,0.0,437.2430114746094,437.2430114746094,OM,-0.6510000228881836,0.38944037788371694
SPARSE_119,15,45,8,0,0,0,0,0,0,0,0,0.0,10.37083362785,2.462499270150026,0.0,343.0782775878906,343.0782775878906,OM,-0.8349999785423279,0.5180920821988508
SPARSE_120,0,67,5,0,0,0,0,0,0,0,0,0.0,10.36250029455,1.1041659422500258,0.0,359.98101806640625,359.98101806640625,OM,-0.4320000112056732,0.14919953875396905
SPARSE_121,7,63,64,8,0,0,0,0,0,0,0,0.0,10.3583336279,1.354165941250026,0.0,708.1114501953125,354.05572509765625,OM,-0.21400000154972076,0.6173218884657747
SPARSE_122,0,81,16,0,0,0,0,0,0,0,0,0.0,10.36250029455,1.6374992734500258,0.0,485.6106262207031,485.6106262207031,OM,-0.4819999933242798,0.2651857233588693
SPARSE_123,29,115,67,6,0,0,0,0,0,0,0,0.0,10.3583336279,2.820832602050026,0.0,1092.059814453125,546.0299072265625,OM,-0.5009999871253967,0.6648400124687692
SPARSE_124,0,24,55,0,0,0,0,0,0,0,0,0.0,10.34583362795,1.5541659404500259,0.0,395.4420471191406,395.4420471191406,OM,-0.1379999965429306,0.15892331117903288
SPARSE_125,0,60,75,0,0,0,0,0,0,0,0,0.0,10.3416669613,3.195832600550026,0.0,675.9191284179688,337.9595642089844,OM,-0.18199999630451202,0.27369051823342316
SPARSE_126,0,3,29,29,3,0,0,0,0,0,0,0.0,10.329166961350001,1.362499274550026,0.0,322.56121826171875,322.56121826171875,OM,0.7889999747276306,0.6173218884657747
SPARSE_127,13,50,29,2,0,0,0,0,0,0,0,0.0,10.329166961350001,2.720832602450026,0.0,477.8768615722656,477.8768615722656,OM,-0.5139999985694885,0.6648400124687692
SPARSE_128,0,1,52,46,1,0,0,0,0,0,0,0.0,10.32083362805,1.3958326077500258,0.0,500.3446044921875,500.3446044921875,OM,0.7440000176429749,0.4329637540367331
SPARSE_129,3,36,26,1,0,0,0,0,0,0,0,0.0,10.32083362805,2.379165937150026,0.0,328.35711669921875,328.35711669921875,OM,-0.33899998664855957,0.5180920821988508
SPARSE_130,1,98,1,0,0,0,0,0,0,0,0,0.0,10.31250029475,2.170832604650026,0.0,497.9239501953125,497.9239501953125,OM,-0.7070000171661377,0.2109698724422816
SPARSE_131,1,79,1,0,0,0,0,0,0,0,0,0.0,10.30416696145,2.2208326044500257,0.0,399.9286193847656,399.9286193847656,OM,-0.7279999852180481,0.2109698724422816
SPARSE_132,0,32,79,7,0,0,0,0,0,0,0,0.0,10.30416696145,3.320832600050026,0.0,589.8102416992188,589.8102416992188,OM,0.05999999865889549,0.4617095349252686
SPARSE_133,2,35,33,2,0,0,0,0,0,0,0,0.0,10.27916696155,2.395832603750026,0.0,361.1355285644531,361.1355285644531,OM,-0.23999999463558197,0.5180920821988508
SPARSE_134,1,61,29,0,0,0,0,0,0,0,0,0.0,10.27916696155,3.2374992670500258,0.0,450.80511474609375,450.80511474609375,OM,-0.3840000033378601,0.35421536924944497
SPARSE_135,1,71,93,3,0,0,0,0,0,0,0,0.0,10.2666669616,0.9958326093500258,0.0,838.2337646484375,419.11688232421875,OM,-0.1420000046491623,0.4329637540367331
SPARSE_136,21,36,15,2,0,0,0,0,0,0,0,0.0,10.27083362825,1.354165941250026,0.0,379.9687805175781,379.9687805175781,OM,-0.8299999833106995,0.7972855993565487
SPARSE_137,0,9,50,4,0,0,0,0,0,0,0,0.0,10.27083362825,1.6791659399500258,0.0,316.42962646484375,316.42962646484375,OM,0.19300000369548798,0.38944037788371694
SPARSE_138,9,44,8,0,0,0,0,0,0,0,0,0.0,10.27083362825,3.345832599950026,0.0,307.24664306640625,307.24664306640625,OM,-0.7229999899864197,0.4617095349252686
SPARSE_139,0,92,15,0,0,0,0,0,0,0,0,0.0,10.24583362835,2.137499271450026,0.0,533.072509765625,533.072509765625,OM,-0.44699999690055847,0.2109698724422816
SPARSE_140,7,74,25,0,0,0,0,0,0,0,0,0.0,10.237500295050001,2.870832601850026,0.0,533.1923828125,533.1923828125,OM,-0.5339999794960022,0.4486515317278856
SPARSE_141,0,75,10,0,0,0,0,0,0,0,0,0.0,10.22916696175,1.6291659401500258,0.0,429.71954345703125,429.71954345703125,OM,-0.531000018119812,0.2651857233588693
SPARSE_142,1,36,29,1,0,0,0,0,0,0,0,0.0,10.22916696175,2.937499268250026,0.0,332.2314147949219,332.2314147949219,OM,-0.28600001335144043,0.4486515317278856
SPARSE_143,0,3,59,0,0,0,0,0,0,0,0,0.0,10.21250029515,1.1124992755500258,0.0,310.8492431640625,310.8492431640625,OM,-0.05700000002980232,2.1073422803112063e-11
SPARSE_144,0,19,47,0,0,0,0,0,0,0,0,0.0,10.21250029515,1.995832605350026,0.0,333.5093994140625,333.5093994140625,OM,-0.07100000232458115,0.2638901493029253
SPARSE_145,2,76,3,0,0,0,0,0,0,0,0,0.0,10.21250029515,2.0374992718500256,0.0,403.8912048339844,403.8912048339844,OM,-0.6990000009536743,0.2638901493029253
SPARSE_146,14,36,24,4,0,0,0,0,0,0,0,0.0,10.20416696185,1.4124992743500258,0.0,391.958740234375,391.958740234375,OM,-0.5180000066757202,0.7972855993565487
SPARSE_147,0,73,91,0,0,0,0,0,0,0,0,0.0,10.2000002952,1.6166659402000259,0.0,823.5673828125,411.78369140625,OM,-0.18199999630451202,0.2651857233588693
SPARSE_148,1,148,24,0,0,0,0,0,0,0,0,0.0,10.191666961900001,1.9666659388000258,0.0,862.577392578125,431.2886962890625,OM,-0.5070000290870667,0.2638901493029253
SPARSE_149,24,162,77,2,0,0,0,0,0,0,0,0.0,10.19583362855,2.6083326029000258,0.0,1328.406494140625,664.2032470703125,OM,-0.5,0.5373638823305755
SPARSE_150,17,53,4,0,0,0,0,0,0,0,0,0.0,10.179166961950001,1.204165941850026,0.0,372.1940002441406,372.1940002441406,OM,-0.9049999713897705,0.4329637540367331
SPARSE_151,0,22,74,0,0,0,0,0,0,0,0,0.0,10.179166961950001,2.062499271750026,0.0,479.3687438964844,479.3687438964844,OM,-0.019999999552965164,0.2638901493029253
SPARSE_152,0,23,84,22,0,0,0,0,0,0,0,0.0,10.1750002953,2.654165936050026,0.0,651.5111083984375,325.75555419921875,OM,0.27399998903274536,0.5373638823305755
SPARSE_153,15,111,57,2,0,0,0,0,0,0,0,0.0,10.170833628650001,2.741665935700026,0.0,925.4915771484375,462.74578857421875,OM,-0.47099998593330383,0.5373638823305755
SPARSE_154,0,21,73,0,0,0,0,0,0,0,0,0.0,10.16250029535,1.9541659388500259,0.0,467.1063232421875,467.1063232421875,OM,-0.014999999664723873,0.2638901493029253
SPARSE_155,0,6,71,0,0,0,0,0,0,0,0,0.0,10.16250029535,2.387499270450026,0.0,386.59942626953125,386.59942626953125,OM,-0.07500000298023224,0.05600297525107477
SPARSE_156,0,27,40,0,0,0,0,0,0,0,0,0.0,10.15416696205,2.070832605050026,0.0,332.3941955566406,332.3941955566406,OM,-0.16599999368190765,0.2109698724422816
SPARSE_157,0,113,7,0,0,0,0,0,0,0,0,0.0,10.15416696205,3.045832601150026,0.0,601.6349487304688,601.6349487304688,OM,-0.5239999890327454,0.19386128589305407
SPARSE_158,0,39,26,0,0,0,0,0,0,0,0,0.0,10.12916696215,1.4374992742500259,0.0,326.6365051269531,326.6365051269531,OM,-0.3160000145435333,0.37102414681030005
SPARSE_159,2,244,2,0,0,0,0,0,0,0,0,0.0,10.125000295500001,2.1124992715500257,0.0,1241.1318359375,620.56591796875,OM,-0.7170000076293945,0.2109698724422816
SPARSE_160,0,77,116,0,0,0,0,0,0,0,0,0.0,10.1166669622,2.8958326017500258,0.0,962.13427734375,481.067138671875,OM,-0.1679999977350235,0.19386128589305407
SPARSE_161,0,91,43,0,0,0,0,0,0,0,0,0.0,10.11250029555,1.587499273650026,0.0,674.379150390625,674.379150390625,OM,-0.3580000102519989,0.30124989688137477
SPARSE_162,2,44,62,6,0,0,0,0,0,0,0,0.0,10.10416696225,2.645832602750026,0.0,567.5475463867188,567.5475463867188,OM,-0.08399999886751175,0.5373638823305755
SPARSE_163,0,118,7,0,0,0,0,0,0,0,0,0.0,10.10416696225,3.174999267300026,0.0,623.158935546875,311.5794677734375,OM,-0.4269999861717224,0.12969271547074895
SPARSE_164,9,101,31,0,0,0,0,0,0,0,0,0.0,10.08750029565,2.458332603500026,0.0,702.8952026367188,351.4476013183594,OM,-0.5509999990463257,0.4351525018341983
SPARSE_165,1,45,21,0,0,0,0,0,0,0,0,0.0,10.079166962350001,3.095832600950026,0.0,334.2041320800781,334.2041320800781,OM,-0.38199999928474426,0.35421536924944497
SPARSE_166,1,83,7,0,0,0,0,0,0,0,0,0.0,10.07083362905,1.8458326059500259,0.0,450.8590087890625,450.8590087890625,OM,-0.5989999771118164,0.2638901493029253
SPARSE_167,2,110,14,0,0,0,0,0,0,0,0,0.0,10.06250029575,1.408332607700026,0.0,627.858154296875,313.9290771484375,OM,-0.5849999785423279,0.2991061529318694
SPARSE_168,1,202,234,2,0,0,0,0,0,0,0,0.0,10.05083362913,1.4841659407300258,0.0,2198.453125,439.69061279296875,OM,-0.18299999833106995,0.37102414681030005
SPARSE_169,0,18,119,0,0,0,0,0,0,0,0,0.0,10.06250029575,2.829165935350026,0.0,688.2950439453125,688.2950439453125,OM,-0.0020000000949949026,0.19386128589305407
SPARSE_170,0,113,64,0,0,0,0,0,0,0,0,0.0,10.04583362915,2.058332605100026,0.0,885.3963623046875,442.69818115234375,OM,-0.3109999895095825,0.2638901493029253
SPARSE_171,1,44,24,0,0,0,0,0,0,0,0,0.0,10.03750029585,2.762499268950026,0.0,345.3910827636719,345.3910827636719,OM,-0.37599998712539673,0.40355869435942765
SPARSE_172,0,107,6,0,0,0,0,0,0,0,0,0.0,10.03750029585,3.429165932950026,0.0,568.0947875976562,568.0947875976562,OM,-0.5609999895095825,0.21663157141913902
SPARSE_173,0,63,85,0,0,0,0,0,0,0,0,0.0,10.02916696255,1.3374992746500258,0.0,740.0462646484375,740.0462646484375,OM,-0.16200000047683716,0.2991061529318694
SPARSE_174,4,124,10,0,0,0,0,0,0,0,0,0.0,10.02916696255,1.5458326071500257,0.0,691.0933227539062,691.0933227539062,OM,-0.6620000004768372,0.30124989688137477
SPARSE_175,23,128,13,0,0,0,0,0,0,0,0,0.0,10.02083362925,2.5624992697500257,0.0,822.7203369140625,822.7203369140625,OM,-0.781000018119812,0.40355869435942765
SPARSE_176,0,106,4,0,0,0,0,0,0,0,0,0.0,10.02083362925,3.070832601050026,0.0,549.866455078125,549.866455078125,OM,-0.453000009059906,0.12969271547074895
SPARSE_177,7,53,7,0,0,0,0,0,0,0,0,0.0,10.01250029595,2.5958326029500256,0.0,334.23486328125,334.23486328125,OM,-0.7279999852180481,0.40355869435942765
SPARSE_178,0,16,79,1,0,0,0,0,0,0,0,0.0,10.00416696265,1.5374992738500257,0.0,477.9342041015625,477.9342041015625,OM,0.07699999958276749,0.30124989688137477
SPARSE_179,1,29,45,3,0,0,0,0,0,0,0,0.0,10.00416696265,3.287499266850026,0.0,386.716796875,386.716796875,OM,-0.07800000160932541,0.4705021458662896
SPARSE_180,2,45,38,1,0,0,0,0,0,0,0,0.0,9.97916696275,3.204165933850026,0.0,431.3136291503906,431.3136291503906,OM,-0.2770000100135803,0.4705021458662896
SPARSE_181,0,71,9,0,0,0,0,0,0,0,0,0.0,9.97916696275,3.404165933050026,0.0,398.547119140625,398.547119140625,OM,-0.4830000102519989,0.21663157141913902
SPARSE_182,0,68,35,0,0,0,0,0,0,0,0,0.0,9.96250029615,2.945832601550026,0.0,516.9024658203125,516.9024658203125,OM,-0.296999990940094,0.19386128589305407
SPARSE_183,0,72,2,0,0,0,0,0,0,0,0,0.0,9.96250029615,3.087499267650026,0.0,370.7246398925781,370.7246398925781,OM,-0.4740000069141388,0.12969271547074895
SPARSE_184,0,24,54,0,0,0,0,0,0,0,0,0.0,9.95416696285,1.3874992744500259,0.0,390.2967529296875,390.2967529296875,OM,-0.13300000131130219,0.1675843080684424
SPARSE_185,5,109,11,0,0,0,0,0,0,0,0,0.0,9.95416696285,1.9624992721500258,0.0,619.8298950195312,619.8298950195312,OM,-0.6499999761581421,0.3188190981016333
SPARSE_186,0,67,51,0,0,0,0,0,0,0,0,0.0,9.95416696285,2.495832603350026,0.0,589.1209106445312,589.1209106445312,OM,-0.2590000033378601,0.24580581948773245
SPARSE_187,0,26,102,0,0,0,0,0,0,0,0,0.0,9.94583362955,3.370832599850026,0.0,637.5526733398438,637.5526733398438,OM,-0.03799999877810478,0.21663157141913902
SPARSE_188,0,13,49,0,0,0,0,0,0,0,0,0.0,9.94583362955,3.412499266350026,0.0,310.749755859375,310.749755859375,OM,-0.04800000041723251,0.21663157141913902
SPARSE_189,0,69,6,0,0,0,0,0,0,0,0,0.0,9.92916696295,3.087499267650026,0.0,375.4797058105469,375.4797058105469,OM,-0.3970000147819519,0.12969271547074895
SPARSE_190,2,56,7,0,0,0,0,0,0,0,0,0.0,9.92083362965,1.8124992727500258,0.0,325.0452880859375,325.0452880859375,OM,-0.6169999837875366,0.3188190981016333
SPARSE_191,2,47,19,0,0,0,0,0,0,0,0,0.0,9.92083362965,2.720832602450026,0.0,344.0088195800781,344.0088195800781,OM,-0.45100000500679016,0.40355869435942765
SPARSE_192,0,35,43,0,0,0,0,0,0,0,0,0.0,9.91250029635,3.270832600250026,0.0,392.4112854003906,392.4112854003906,OM,-0.19200000166893005,0.21663157141913902
SPARSE_193,0,53,8,0,0,0,0,0,0,0,0,0.0,9.90416696305,1.4458326075500259,0.0,303.7953796386719,303.7953796386719,OM,-0.32899999618530273,0.02179449102565776
SPARSE_194,0,100,17,0,0,0,0,0,0,0,0,0.0,9.90416696305,1.5291659405500257,0.0,587.2056884765625,587.2056884765625,OM,-0.3240000009536743,0.02179449102565776
SPARSE_195,1,35,55,3,0,0,0,0,0,0,0,0.0,9.90416696305,3.179165933950026,0.0,469.3335266113281,469.3335266113281,OM,-0.07000000029802322,0.4705021458662896
SPARSE_196,0,34,37,0,0,0,0,0,0,0,0,0.0,9.88750029645,2.720832602450026,0.0,356.3516845703125,356.3516845703125,OM,-0.1940000057220459,0.3892972327779674
SPARSE_197,0,106,5,0,0,0,0,0,0,0,0,0.0,9.85416696325,1.704165939850026,0.0,555.4097900390625,555.4097900390625,OM,-0.5289999842643738,0.18127396084486708
SPARSE_198,0,116,32,0,0,0,0,0,0,0,0,0.0,9.85416696325,3.095832600950026,0.0,739.9799194335938,739.9799194335938,OM,-0.36000001430511475,0.18243172745841546
SPARSE_199,3,106,14,0,0,0,0,0,0,0,0,0.0,9.84583362995,1.8541659392500258,0.0,617.36083984375,617.36083984375,OM,-0.6050000190734863,0.3188190981016333
SPARSE_200,0,43,67,0,0,0,0,0,0,0,0,0.0,9.84583362995,3.179165933950026,0.0,547.0037841796875,547.0037841796875,OM,-0.1550000011920929,0.22776005099953286
SPARSE_201,5,57,25,0,0,0,0,0,0,0,0,0.0,9.84583362995,3.220832600450026,0.0,432.3085021972656,432.3085021972656,OM,-0.4819999933242798,0.4705021458662896
SPARSE_202,0,10,141,0,0,0,0,0,0,0,0,0.0,9.837500296650001,2.837499268650026,0.0,758.3283081054688,758.3283081054688,OM,0.1340000033378601,0.23655778053796633
SPARSE_203,12,96,30,0,0,0,0,0,0,0,0,0.0,9.837500296650001,3.254165933650026,0.0,693.41845703125,693.41845703125,OM,-0.5870000123977661,0.4705021458662896
SPARSE_204,0,205,71,0,0,0,0,0,0,0,0,0.0,9.834722518883334,3.3569437110166924,0.0,1379.690185546875,459.896728515625,OM,-0.35899999737739563,0.21663157141913902
SPARSE_205,0,249,19,0,0,0,0,0,0,0,0,0.0,9.823611407816667,1.4541659408500258,0.0,1342.1644287109375,447.3881530761719,OM,-0.36399999260902405,0.02179449102565776
SPARSE_206,0,55,87,0,0,0,0,0,0,0,0,0.0,9.81250029675,3.170832600650026,0.0,707.5204467773438,707.5204467773438,OM,-0.15333332866430283,0.22776005099953286
SPARSE_207,2,59,11,0,0,0,0,0,0,0,0,0.0,9.804166963450001,2.712499269150026,0.0,358.4132385253906,358.4132385253906,OM,-0.5569999814033508,0.33731863937309925
SPARSE_208,0,7,61,0,0,0,0,0,0,0,0,0.0,9.804166963450001,3.229165933750026,0.0,342.72222900390625,342.72222900390625,OM,0.06400000303983688,0.22776005099953286
SPARSE_209,0,28,34,0,0,0,0,0,0,0,0,0.0,9.77916696355,1.579165940350026,0.0,307.255859375,307.255859375,OM,-0.19499999284744263,0.18127396084486708
SPARSE_210,0,57,7,0,0,0,0,0,0,0,0,0.0,9.77083363025,2.154165938050026,0.0,316.1334533691406,316.1334533691406,OM,-0.5289999842643738,0.24580581948773245
SPARSE_211,0,64,39,0,0,0,0,0,0,0,0,0.0,9.75416696365,2.545832603150026,0.0,518.1757202148438,518.1757202148438,OM,-0.3230000138282776,0.33731863937309925
SPARSE_212,0,43,28,0,0,0,0,0,0,0,0,0.0,9.74583363035,2.0374992718500256,0.0,357.2555847167969,357.2555847167969,OM,-0.2680000066757202,0.19436532128806583
SPARSE_213,2,140,5,0,0,0,0,0,0,0,0,0.0,9.74583363035,2.091665938300026,0.0,733.1417236328125,366.57086181640625,OM,-0.6650000214576721,0.24580581948773245
SPARSE_214,11,33,20,3,0,0,0,0,0,0,0,0.0,9.74583363035,2.8958326017500258,0.0,334.67041015625,334.67041015625,OM,-0.5210000276565552,0.7353910719901472
SPARSE_215,2,40,18,0,0,0,0,0,0,0,0,0.0,9.737500297050001,1.7291659397500259,0.0,301.540771484375,301.540771484375,OM,-0.4429999887943268,0.4329637540367331
SPARSE_216,0,27,46,0,0,0,0,0,0,0,0,0.0,9.737500297050001,1.820832606050026,0.0,367.75531005859375,367.75531005859375,OM,-0.15399999916553497,0.19436532128806583
SPARSE_217,0,53,26,0,0,0,0,0,0,0,0,0.0,9.72916696375,1.6374992734500258,0.0,390.6521301269531,390.6521301269531,OM,-0.2630000114440918,0.050204573372049976
SPARSE_218,0,65,4,0,0,0,0,0,0,0,0,0.0,9.72916696375,1.987499272050026,0.0,344.8849182128906,344.8849182128906,OM,-0.5230000019073486,0.19436532128806583
SPARSE_219,0,52,19,0,0,0,0,0,0,0,0,0.0,9.72083363045,1.5124992739500258,0.0,357.54156494140625,357.54156494140625,OM,-0.39399999380111694,0.2834101012307319
SPARSE_220,0,29,51,0,0,0,0,0,0,0,0,0.0,9.72083363045,2.695832602550026,0.0,400.1596374511719,400.1596374511719,OM,-0.09799999743700027,0.33731863937309925
SPARSE_221,0,48,22,0,0,0,0,0,0,0,0,0.0,9.72083363045,3.062499267750026,0.0,353.3408508300781,353.3408508300781,OM,-0.3370000123977661,0.24915054220017765
SPARSE_222,0,76,3,0,0,0,0,0,0,0,0,0.0,9.712500297150001,1.9124992723500258,0.0,393.4006042480469,393.4006042480469,OM,-0.5690000057220459,0.19436532128806583
SPARSE_223,0,49,16,0,0,0,0,0,0,0,0,0.0,9.712500297150001,3.095832600950026,0.0,324.8773498535156,324.8773498535156,OM,-0.39100000262260437,0.24915054220017765
SPARSE_224,4,81,1,0,0,0,0,0,0,0,0,0.0,9.70416696385,3.120832600850026,0.0,428.6955871582031,428.6955871582031,OM,-0.7929999828338623,0.24915054220017765
SPARSE_225,5,59,29,0,0,0,0,0,0,0,0,0.0,9.69583363055,1.4041659410500258,0.0,465.2680969238281,465.2680969238281,OM,-0.4429999887943268,0.47446864225256585
SPARSE_226,0,32,119,3,0,0,0,0,0,0,0,0.0,9.666666964000001,1.6999992732000258,0.0,765.7955932617188,382.8977966308594,OM,0.061000000685453415,0.3398484953695452
SPARSE_227,0,70,13,0,0,0,0,0,0,0,0,0.0,9.67083363065,2.9041659350500257,0.0,416.58941650390625,416.58941650390625,OM,-0.3199999928474426,0.05482320310935927
SPARSE_228,0,53,18,0,0,0,0,0,0,0,0,0.0,9.67083363065,3.2374992670500258,0.0,354.40447998046875,354.40447998046875,OM,-0.36899998784065247,0.22776005099953286
SPARSE_229,0,46,38,0,0,0,0,0,0,0,0,0.0,9.645833630750001,1.7374992730500258,0.0,419.72900390625,419.72900390625,OM,-0.25699999928474426,0.3398484953695452
SPARSE_230,3,71,16,0,0,0,0,0,0,0,0,0.0,9.60416696425,1.9124992723500258,0.0,451.34210205078125,451.34210205078125,OM,-0.5540000200271606,0.3632329439835921
SPARSE_231,0,47,45,0,0,0,0,0,0,0,0,0.0,9.60416696425,1.9708326054500258,0.0,462.8475036621094,462.8475036621094,OM,-0.22699999809265137,0.3632329439835921
SPARSE_232,0,47,16,0,0,0,0,0,0,0,0,0.0,9.58750029765,1.370832607850026,0.0,313.9686279296875,313.9686279296875,OM,-0.3790000081062317,0.24093484841912532
SPARSE_233,0,88,199,4,0,0,0,0,0,0,0,0.0,9.5666669644,1.816665939400026,0.0,1455.544189453125,727.7720947265625,OM,-0.03099999949336052,0.3632329439835921
SPARSE_234,7,165,38,0,0,0,0,0,0,0,0,0.0,9.54583363115,1.8583326059000258,0.0,1045.1700439453125,522.5850219726562,OM,-0.550000011920929,0.3632329439835921
SPARSE_235,0,93,41,0,0,0,0,0,0,0,0,0.0,9.52916696455,1.3583326079000257,0.0,670.4487915039062,335.2243957519531,OM,-0.34200000762939453,0.24093484841912532
SPARSE_236,2,75,23,0,0,0,0,0,0,0,0,0.0,9.52083363125,1.945832605550026,0.0,500.3319396972656,500.3319396972656,OM,-0.4830000102519989,0.3632329439835921
SPARSE_237,0,38,34,0,0,0,0,0,0,0,0,0.0,9.50416696465,3.070832601050026,0.0,358.4232482910156,358.4232482910156,OM,-0.2240000069141388,0.08289149282554255
SPARSE_238,0,58,8,0,0,0,0,0,0,0,0,0.0,9.495833631350001,1.362499274550026,0.0,332.5845947265625,332.5845947265625,OM,-0.4950000047683716,0.24093484841912532
SPARSE_239,2,50,35,0,0,0,0,0,0,0,0,0.0,9.47083363145,1.4041659410500258,0.0,433.3857421875,433.3857421875,OM,-0.3230000138282776,0.4329637540367331
SPARSE_240,0,60,3,0,0,0,0,0,0,0,0,0.0,9.47083363145,1.5541659404500259,0.0,315.9274597167969,315.9274597167969,OM,-0.3869999945163727,0.0784888488341967
SPARSE_241,0,136,13,0,0,0,0,0,0,0,0,0.0,9.4583336315,1.6374992734500258,0.0,744.2799072265625,372.13995361328125,OM,-0.3610000014305115,0.10555725223663935
SPARSE_242,0,46,18,0,0,0,0,0,0,0,0,0.0,9.462500298150001,2.629165936150026,0.0,320.4055480957031,320.4055480957031,OM,-0.4059999883174896,0.3234988044907387
SPARSE_243,0,4,56,4,0,0,0,0,0,0,0,0.0,9.43750029825,2.620832602850026,0.0,322.0902404785156,322.0902404785156,OM,0.28600001335144043,0.3234988044907387
SPARSE_244,4,53,69,9,0,0,0,0,0,0,0,0.0,9.416666965000001,2.6249992695000257,0.0,677.0819702148438,338.5409851074219,OM,-0.09799999743700027,0.5921392726730672
SPARSE_245,0,114,14,0,0,0,0,0,0,0,0,0.0,9.41250029835,2.087499271650026,0.0,638.0571899414062,638.0571899414062,OM,-0.5049999952316284,0.23336494887089415
SPARSE_246,1,52,25,0,0,0,0,0,0,0,0,0.0,9.41250029835,2.695832602550026,0.0,389.18865966796875,389.18865966796875,OM,-0.382999986410141,0.3572384377162481
SPARSE_247,0,63,17,0,0,0,0,0,0,0,0,0.0,9.41250029835,3.020832601250026,0.0,398.2179870605469,398.2179870605469,OM,-0.38600000739097595,0.21070208084200392
SPARSE_248,4,49,30,1,0,0,0,0,0,0,0,0.0,9.40416696505,2.479165936750026,0.0,419.6090087890625,419.6090087890625,OM,-0.382999986410141,0.49014196199128557
SPARSE_249,1,41,132,45,1,0,0,0,0,0,0,0.0,9.398611409516667,2.601388158483359,0.0,1099.36083984375,366.45361328125,OM,0.30000001192092896,0.5921392726730672
SPARSE_250,3,29,34,4,0,0,0,0,0,0,0,0.0,9.395833631750001,2.5791659363500257,0.0,347.7340393066406,347.7340393066406,OM,-0.15800000727176666,0.5921392726730672
SPARSE_251,0,51,62,0,0,0,0,0,0,0,0,0.0,9.395833631750001,2.679165935950026,0.0,568.58642578125,568.58642578125,OM,-0.17299999296665192,0.3572384377162481
SPARSE_252,0,75,202,0,0,0,0,0,0,0,0,0.0,9.3833336318,2.1124992715500257,0.0,1387.962646484375,693.9813232421875,OM,-0.09399999678134918,0.2033589284897228
SPARSE_253,0,10,69,11,0,0,0,0,0,0,0,0.0,9.36250029855,2.6624992693500262,0.0,450.3121032714844,450.3121032714844,OM,0.2849999964237213,0.4205570092453501
SPARSE_254,0,124,11,0,0,0,0,0,0,0,0,0.0,9.34583363195,2.1291659381500256,0.0,675.4468383789062,675.4468383789062,OM,-0.503000020980835,0.2033589284897228
SPARSE_255,10,95,41,1,0,0,0,0,0,0,0,0.0,9.333333632,2.566665936400026,0.0,735.6870727539062,367.8435363769531,OM,-0.503000020980835,0.49014196199128557
SPARSE_256,0,21,171,33,0,0,0,0,0,0,0,0.0,9.32916696535,2.673610380416693,0.0,1127.0487060546875,375.6828918457031,OM,0.33399999141693115,0.4205570092453501
SPARSE_257,2,39,31,1,0,0,0,0,0,0,0,0.0,9.32916696535,2.537499269850026,0.0,363.065185546875,363.065185546875,OM,-0.2980000078678131,0.49014196199128557
SPARSE_258,0,8,60,0,0,0,0,0,0,0,0,0.0,9.32916696535,2.762499268950026,0.0,339.51556396484375,339.51556396484375,OM,0.08299999684095383,0.2562629431563552
SPARSE_259,0,24,83,4,0,0,0,0,0,0,0,0.0,9.32083363205,2.504165936650026,0.0,554.9407958984375,554.9407958984375,OM,0.08100000023841858,0.3878614441838089
SPARSE_260,1,53,106,10,0,0,0,0,0,0,0,0.0,9.3083336321,2.587499269650026,0.0,849.0928344726562,424.5464172363281,OM,0.01600000075995922,0.49014196199128557
SPARSE_261,32,260,31,0,0,0,0,0,0,0,0,0.0,9.27916696555,2.433332603600026,0.0,1616.6893310546875,808.3446655273438,OM,-0.722000002861023,0.3878614441838089
SPARSE_262,0,125,46,0,0,0,0,0,0,0,0,0.0,9.27083363225,2.179165937950026,0.0,853.725830078125,853.725830078125,OM,-0.3440000116825104,0.2033589284897228
SPARSE_263,4,63,14,0,0,0,0,0,0,0,0,0.0,9.23750029905,2.3624992705500256,0.0,408.449951171875,408.449951171875,OM,-0.5839999914169312,0.3878614441838089
SPARSE_264,0,50,26,0,0,0,0,0,0,0,0,0.0,9.22916696575,2.204165937850026,0.0,378.4241943359375,378.4241943359375,OM,-0.3021428614322628,0.2033589284897228
SPARSE_265,0,8,61,0,0,0,0,0,0,0,0,0.0,9.212500299150001,2.229165937750026,0.0,344.1099548339844,344.1099548339844,OM,0.02500000037252903,0.2033589284897228
SPARSE_266,0,95,57,0,0,0,0,0,0,0,0,0.0,9.212500299150001,2.312499270750026,0.0,759.3452758789062,759.3452758789062,OM,-0.2840000092983246,0.2033589284897228
SPARSE_267,0,296,8,0,0,0,0,0,0,0,0,0.0,9.201389188083333,2.259721493183359,0.0,1519.878662109375,506.626220703125,OM,-0.6159999966621399,0.2033589284897228
SPARSE_268,6,97,105,9,0,0,0,0,0,0,0,0.0,9.20416696585,2.554165936450026,0.0,1084.3828125,1084.3828125,OM,-0.18400000035762787,0.5480490616763962
SPARSE_269,0,144,76,0,0,0,0,0,0,0,0,0.0,9.16250029935,2.1583326047000257,0.0,1101.0228271484375,550.5114135742188,OM,-0.29899999499320984,0.2033589284897228
SPARSE_270,0,10,63,31,1,0,0,0,0,0,0,0.0,9.13750029945,2.554165936450026,0.0,521.1268920898438,521.1268920898438,OM,0.49900001287460327,0.5480490616763962
SPARSE_271,0,0,23,74,19,0,0,0,0,0,0,0.0,9.11250029955,2.5624992697500257,0.0,581.3049926757812,581.3049926757812,OM,1.2450000047683716,0.5480490616763962
SPARSE_272,11,51,18,0,0,0,0,0,0,0,0,0.0,9.10416696625,2.529165936550026,0.0,399.16558837890625,399.16558837890625,OM,-0.6330000162124634,0.5480490616763962
SPARSE_273,17,105,49,2,0,0,0,0,0,0,0,0.0,9.07916696635,2.729165935750026,0.0,866.5106811523438,866.5106811523438,OM,-0.5170000195503235,0.5480490616763962
SPARSE_274,0,50,15,0,0,0,0,0,0,0,0,0.0,9.07083363305,2.3624992705500256,0.0,324.79803466796875,324.79803466796875,OM,-0.36500000953674316,0.19547612941360543
SPARSE_275,1,18,37,6,0,0,0,0,0,0,0,0.0,9.029166966550001,2.5791659363500257,0.0,306.3883056640625,306.3883056640625,OM,0.05400000140070915,0.5480490616763962
SPARSE_276,1,25,37,4,0,0,0,0,0,0,0,0.0,8.98750030005,2.587499269650026,0.0,338.37298583984375,338.37298583984375,OM,-0.06400000303983688,0.5480490616763962
SPARSE_277,3,31,26,2,0,0,0,0,0,0,0,0.0,8.97083363345,2.695832602550026,0.0,308.4087219238281,308.4087219238281,OM,-0.29499998688697815,0.5480490616763962
SPARSE_278,0,48,33,0,0,0,0,0,0,0,0,0.0,8.95416696685,2.587499269650026,0.0,408.59503173828125,408.59503173828125,OM,-0.29600000381469727,0.3355740997300006
SPARSE_279,0,12,59,2,0,0,0,0,0,0,0,0.0,8.92916696695,2.587499269650026,0.0,362.8114013671875,362.8114013671875,OM,0.10199999809265137,0.3355740997300006
SPARSE_280,2,66,12,0,0,0,0,0,0,0,0,0.0,8.91250030035,2.5958326029500256,0.0,397.16259765625,397.16259765625,OM,-0.5680000185966492,0.3355740997300006
SPARSE_281,0,11,70,0,0,0,0,0,0,0,0,0.0,8.620833634850001,2.5958326029500256,0.0,406.8646545410156,406.8646545410156,OM,-0.06499999761581421,0.14129862080880937
SPARSE_282,0,39,23,0,0,0,0,0,0,0,0,0.0,8.60416696825,2.554165936450026,0.0,311.6016845703125,311.6016845703125,OM,-0.3089999854564667,0.268700566567057
SPARSE_283,0,25,42,0,0,0,0,0,0,0,0,0.0,8.56250030175,2.2374992710500257,0.0,331.931640625,331.931640625,OM,-0.18473475595858804,0.061045989815390195
SPARSE_284,4,31,32,4,0,0,0,0,0,0,0,0.0,8.56250030175,2.754165935650026,0.0,358.1615905761719,358.1615905761719,OM,-0.2070000022649765,0.6307969565611344
SPARSE_285,5,30,27,3,0,0,0,0,0,0,0,0.0,8.32916696935,2.1291659381500256,0.0,326.08819580078125,326.08819580078125,OM,-0.2770000100135803,0.6441742847416154
SPARSE_286,0,48,16,0,0,0,0,0,0,0,0,0.0,8.24583363635,2.645832602750026,0.0,319.8210754394531,319.8210754394531,OM,-0.289000004529953,0.10776270225281584
SPARSE_287,4,61,18,0,0,0,0,0,0,0,0,0.0,8.23750030305,1.9708326054500258,0.0,409.54180908203125,409.54180908203125,OM,-0.5370000004768372,0.4051721859570665
SPARSE_288,1,59,9,0,0,0,0,0,0,0,0,0.0,8.16250030335,2.354165937250026,0.0,342.6862487792969,342.6862487792969,OM,-0.5320000052452087,0.28537052127995766
SPARSE_289,4,34,30,3,0,0,0,0,0,0,0,0.0,8.12916697015,1.887499272450026,0.0,353.9356384277344,353.9356384277344,OM,-0.2630000114440918,0.5920838630735464
SPARSE_290,1,49,11,0,0,0,0,0,0,0,0,0.0,8.07083363705,1.7791659395500259,0.0,304.2106628417969,304.2106628417969,OM,-0.5049999952316284,0.3233631080925496
SPARSE_291,0,16,49,0,0,0,0,0,0,0,0,0.0,8.07083363705,2.379165937150026,0.0,325.8776550292969,325.8776550292969,OM,-0.1509999930858612,0.09302508526845747
SPARSE_292,0,32,61,0,0,0,0,0,0,0,0,0.0,8.07083363705,2.520832603250026,0.0,465.8092956542969,465.8092956542969,OM,-0.10400000214576721,0.28765778199243247
SPARSE_293,1,31,42,2,0,0,0,0,0,0,0,0.0,7.95416697085,2.295832604150026,0.0,378.6990966796875,378.6990966796875,OM,-0.11800000071525574,0.46149168081848974
SPARSE_294,1,38,53,2,0,0,0,0,0,0,0,0.0,7.92083363765,2.312499270750026,0.0,469.3977355957031,469.3977355957031,OM,-0.11800000071525574,0.46149168081848974
SPARSE_295,0,83,4,0,0,0,0,0,0,0,0,0.0,7.91250030435,2.0208326052500256,0.0,438.7759094238281,438.7759094238281,OM,-0.382999986410141,0.0824999932050705
SPARSE_296,0,37,25,0,0,0,0,0,0,0,0,0.0,7.91250030435,2.229165937750026,0.0,308.81854248046875,308.81854248046875,OM,-0.25999999046325684,0.16658606410527513
SPARSE_297,1,75,62,0,0,0,0,0,0,0,0,0.0,7.8875003044500005,1.887499272450026,0.0,692.2113647460938,692.2113647460938,OM,-0.2619999945163727,0.3804234444008525
SPARSE_298,0,62,87,0,0,0,0,0,0,0,0,0.0,7.87916697115,2.287499270850026,0.0,748.8869018554688,748.8869018554688,OM,-0.18473475595858804,0.15842499399380588
SPARSE_299,9,51,14,0,0,0,0,0,0,0,0,0.0,7.86250030455,1.662499273350026,0.0,368.23150634765625,368.23150634765625,OM,-0.652999997138977,0.48747307547921986
SPARSE_300,0,96,5,0,0,0,0,0,0,0,0,0.0,7.86250030455,1.929165938950026,0.0,505.8033142089844,505.8033142089844,OM,-0.382999986410141,0.0824999932050705
SPARSE_301,0,73,14,0,0,0,0,0,0,0,0,0.0,7.86250030455,2.337499270650026,0.0,433.3624572753906,433.3624572753906,OM,-0.3190000057220459,0.09410809718153375
SPARSE_302,0,27,41,0,0,0,0,0,0,0,0,0.0,7.83750030465,1.995832605350026,0.0,339.25225830078125,339.25225830078125,OM,-0.18473475595858804,0.12709166475322684
SPARSE_303,0,42,40,0,0,0,0,0,0,0,0,0.0,7.82083363805,2.1124992715500257,0.0,411.79949951171875,411.79949951171875,OM,-0.2280000001192093,0.29652093801874246
SPARSE_304,7,72,19,0,0,0,0,0,0,0,0,0.0,7.81250030475,2.587499269650026,0.0,489.8339538574219,489.8339538574219,OM,-0.5839999914169312,0.4329637540367331
SPARSE_305,0,58,3,0,0,0,0,0,0,0,0,0.0,7.78750030485,1.8958326057500259,0.0,303.1625671386719,303.1625671386719,OM,-0.382999986410141,0.0824999932050705
SPARSE_306,0,7,67,0,0,0,0,0,0,0,0,0.0,7.7791669715500005,2.2541659376500256,0.0,370.1053771972656,370.1053771972656,OM,0.04800000041723251,0.20600323640146742
SPARSE_307,0,2,72,0,0,0,0,0,0,0,0,0.0,7.7625003049500005,2.420832603650026,0.0,368.2457580566406,368.2457580566406,OM,-0.01899999938905239,0.08130395890535003
SPARSE_308,0,85,5,0,0,0,0,0,0,0,0,0.0,7.72083363845,1.7791659395500259,0.0,449.2353515625,449.2353515625,OM,-0.375,0.057226885542061255
SPARSE_309,0,40,25,0,0,0,0,0,0,0,0,0.0,7.72083363845,2.204165937850026,0.0,322.27978515625,322.27978515625,OM,-0.27900001406669617,0.20647519005312814
SPARSE_310,0,32,74,0,0,0,0,0,0,0,0,0.0,7.72083363845,2.3624992705500256,0.0,529.9815063476562,529.9815063476562,OM,-0.16500000655651093,0.08130395890535003
SPARSE_311,0,52,10,0,0,0,0,0,0,0,0,0.0,7.69583363855,2.337499270650026,0.0,307.6654052734375,307.6654052734375,OM,-0.3190000057220459,0.09410809718153375
SPARSE_312,2,40,24,0,0,0,0,0,0,0,0,0.0,7.68750030525,2.1291659381500256,0.0,329.9781799316406,329.9781799316406,OM,-0.3659999966621399,0.4329637540367331
SPARSE_313,0,83,6,0,0,0,0,0,0,0,0,0.0,7.67916697195,1.662499273350026,0.0,446.1573181152344,446.1573181152344,OM,-0.367000013589859,0.057226885542061255
SPARSE_314,0,33,45,0,0,0,0,0,0,0,0,0.0,7.637500305450001,2.6874992692500257,0.0,389.854736328125,389.854736328125,OM,-0.14650000259280205,0.3623765316126012
SPARSE_315,0,46,16,0,0,0,0,0,0,0,0,0.0,7.60416697225,2.387499270450026,0.0,309.4955749511719,309.4955749511719,OM,-0.3009999990463257,0.12683729651152736
SPARSE_316,0,28,83,0,0,0,0,0,0,0,0,0.0,7.57916697235,2.3291659373500258,0.0,555.2548828125,555.2548828125,OM,-0.13300000131130219,0.12683729651152736
SPARSE_317,0,48,153,4,0,0,0,0,0,0,0,0.0,7.5583336391,2.737499269050026,0.0,1025.665283203125,512.8326416015625,OM,0.04699999839067459,0.3623765316126012
SPARSE_318,0,65,41,0,0,0,0,0,0,0,0,0.0,7.529166972550001,1.9041659390500258,0.0,530.1485595703125,530.1485595703125,OM,-0.25200000405311584,0.12020814352940641
SPARSE_319,17,29,12,1,0,0,0,0,0,0,0,0.0,7.52083363925,1.695832606550026,0.0,306.72393798828125,306.72393798828125,OM,-0.8339999914169312,0.8025661905775853
SPARSE_320,0,64,11,0,0,0,0,0,0,0,0,0.0,7.52083363925,2.304165937450026,0.0,372.5536804199219,372.5536804199219,OM,-0.35199999809265137,0.12683729651152736
SPARSE_321,3,31,33,3,0,0,0,0,0,0,0,0.0,7.51250030595,1.987499272050026,0.0,348.74468994140625,348.74468994140625,OM,-0.20100000500679016,0.5734636030826253
SPARSE_322,0,69,3,0,0,0,0,0,0,0,0,0.0,7.48750030605,1.8624992725500258,0.0,360.6575622558594,360.6575622558594,OM,-0.421999990940094,0.12020814352940641
SPARSE_323,1,48,28,0,0,0,0,0,0,0,0,0.0,7.42916697295,2.745832602350026,0.0,382.59783935546875,382.59783935546875,OM,-0.3400000035762787,0.3623765316126012
SPARSE_324,6,76,9,0,0,0,0,0,0,0,0,0.0,7.37916697315,1.945832605550026,0.0,455.2498474121094,455.2498474121094,OM,-0.6809999942779541,0.3607104076266956
SPARSE_325,16,34,36,18,5,0,0,0,0,0,0,0.0,7.35416697325,2.620832602850026,0.0,559.0292358398438,559.0292358398438,OM,-0.16300000250339508,1.1476343076359343
SPARSE_326,0,5,77,2,0,0,0,0,0,0,0,0.0,7.34583363995,2.070832605050026,0.0,416.43646240234375,416.43646240234375,OM,0.22300000488758087,0.2771099111506974
SPARSE_327,0,36,42,0,0,0,0,0,0,0,0,0.0,7.3125003067500005,1.9541659388500259,0.0,390.6587219238281,390.6587219238281,OM,-0.1850000023841858,0.3607104076266956
SPARSE_328,4,49,7,0,0,0,0,0,0,0,0,0.0,7.3125003067500005,2.187499271250026,0.0,301.2516174316406,301.2516174316406,OM,-0.6679999828338623,0.3765394956357241
SPARSE_329,0,61,16,0,0,0,0,0,0,0,0,0.0,7.30416697345,2.062499271750026,0.0,389.0967102050781,389.0967102050781,OM,-0.4410000145435333,0.2771099111506974
SPARSE_330,0,3,67,2,0,0,0,0,0,0,0,0.0,7.29583364015,2.087499271650026,0.0,359.7015075683594,359.7015075683594,OM,0.25999999046325684,0.2771099111506974
SPARSE_331,17,116,10,0,0,0,0,0,0,0,0,0.0,7.29583364015,2.108332604900026,0.0,716.674072265625,358.3370361328125,OM,-0.7749999761581421,0.3765394956357241
SPARSE_332,5,119,69,1,0,0,0,0,0,0,0,0.0,7.2833336402,2.041665938500026,0.0,967.311279296875,483.6556396484375,OM,-0.37400001287460327,0.4329637540367331
SPARSE_333,0,57,20,0,0,0,0,0,0,0,0,0.0,7.27916697355,2.2208326044500257,0.0,383.3996276855469,383.3996276855469,OM,-0.34599998593330383,0.19948419260913305
SPARSE_334,0,8,54,0,0,0,0,0,0,0,0,0.0,7.27916697355,2.629165936150026,0.0,310.0517883300781,310.0517883300781,OM,-0.10199999809265137,0.029698483461135846
SPARSE_335,0,14,156,0,0,0,0,0,0,0,0,0.0,7.2583336403,2.041665938500026,0.0,849.8309936523438,424.9154968261719,OM,-0.07199999690055847,0.10392305024359604
SPARSE_336,0,28,44,0,0,0,0,0,0,0,0,0.0,7.26250030695,2.537499269850026,0.0,360.3732604980469,360.3732604980469,OM,-0.12800000607967377,0.31774006617701495
SPARSE_337,0,33,213,24,0,0,0,0,0,0,0,0.0,7.25416697365,2.008332605300026,0.0,1350.145263671875,675.0726318359375,OM,0.24699999392032623,0.39810111350904775
SPARSE_338,0,47,141,0,0,0,0,0,0,0,0,0.0,7.2500003070000005,2.062499271750026,0.0,940.0980224609375,470.04901123046875,OM,-0.10499999672174454,0.16829141228610892
SPARSE_339,0,32,32,0,0,0,0,0,0,0,0,0.0,7.25416697365,2.204165937850026,0.0,322.1080627441406,322.1080627441406,OM,-0.2150000035762787,0.3254951164219263
SPARSE_340,0,15,48,0,0,0,0,0,0,0,0,0.0,7.24583364035,2.1458326047500256,0.0,319.058349609375,319.058349609375,OM,-0.07800000160932541,0.19948419260913305
SPARSE_341,1,69,248,49,0,0,0,0,0,0,0,0.0,7.234722529283333,2.093054827183359,0.0,1836.5914306640625,612.1971435546875,OM,0.2240000069141388,0.5020458205430075
SPARSE_342,0,20,51,0,0,0,0,0,0,0,0,0.0,7.22916697375,2.029165938550026,0.0,354.50823974609375,354.50823974609375,OM,-0.07199999690055847,0.24595121501890815
SPARSE_343,1,94,40,0,0,0,0,0,0,0,0,0.0,7.22916697375,2.512499269950026,0.0,675.188720703125,675.188720703125,OM,-0.3869999945163727,0.31774006617701495
SPARSE_344,1,74,156,8,0,0,0,0,0,0,0,0.0,7.2166669738,2.045832605150026,0.0,1198.6529541015625,599.3264770507812,OM,-0.007000000216066837,0.4329637540367331
SPARSE_345,0,38,541,39,0,0,0,0,0,0,0,0.0,7.206944751616667,2.199999271200026,0.0,3092.659423828125,515.4432373046875,OM,0.28299999237060547,0.3254951164219263
SPARSE_346,0,48,43,0,0,0,0,0,0,0,0,0.0,7.22083364045,2.229165937750026,0.0,455.88739013671875,455.88739013671875,OM,-0.2409999966621399,0.3254951164219263
SPARSE_347,0,7,110,45,0,0,0,0,0,0,0,0.0,7.22083364045,2.366665937200026,0.0,811.2909545898438,405.6454772949219,OM,0.5239999890327454,0.4329637540367331
SPARSE_348,35,187,250,88,8,0,0,0,0,0,0,0.0,7.2083336405,1.983332605400026,0.0,2848.4794921875,712.119873046875,OM,0.003000000026077032,0.8082230508777845
SPARSE_349,0,7,665,29,0,0,0,0,0,0,0,0.0,7.202500307189999,2.0158326052700257,0.0,3506.487548828125,701.2974853515625,OM,0.3540000021457672,0.24595121501890815
SPARSE_350,0,1,28,44,3,0,0,0,0,0,0,0.0,7.2041669738500005,2.0958326049500258,0.0,378.48614501953125,378.48614501953125,OM,0.9340000152587891,0.5020458205430075
SPARSE_351,0,41,111,1,0,0,0,0,0,0,0,0.0,7.2041669738500005,2.224999271100026,0.0,766.5319213867188,383.2659606933594,OM,-0.014000000432133675,0.3254951164219263
SPARSE_352,3,121,120,3,0,0,0,0,0,0,0,0.0,7.190278085016667,1.9513881610833592,0.0,1231.474853515625,410.4916076660156,OM,-0.22100000083446503,0.4329637540367331
SPARSE_353,2,27,35,3,0,0,0,0,0,0,0,0.0,7.19583364055,2.404165937050026,0.0,336.7398986816406,336.7398986816406,OM,-0.12200000137090683,0.5527920042502292
SPARSE_354,0,33,31,0,0,0,0,0,0,0,0,0.0,7.17916697395,2.137499271450026,0.0,316.8689880371094,316.8689880371094,OM,-0.23199999332427979,0.3485205347248987
SPARSE_355,2,55,12,0,0,0,0,0,0,0,0,0.0,7.17916697395,2.179165937950026,0.0,344.15899658203125,344.15899658203125,OM,-0.5529999732971191,0.3485205347248987
SPARSE_356,2,55,11,0,0,0,0,0,0,0,0,0.0,7.17916697395,2.195832604550026,0.0,340.335205078125,340.335205078125,OM,-0.5529999732971191,0.3485205347248987
SPARSE_357,0,42,72,0,0,0,0,0,0,0,0,0.0,7.17916697395,2.287499270850026,0.0,570.7564697265625,570.7564697265625,OM,-0.1809999942779541,0.11027390306703093
SPARSE_358,0,0,465,0,0,0,0,0,0,0,0,0.0,7.17083364065,2.545832603150026,0.0,2323.892578125,580.97314453125,OM,0.3269999921321869,0.13010763745449372
SPARSE_359,40,230,320,111,9,0,0,0,0,0,0,0.0,7.155555862933333,1.9652770499166927,0.0,3557.86328125,592.9772338867188,OM,0.01899999938905239,0.7919595953609384
SPARSE_360,16,32,28,11,2,0,0,0,0,0,0,0.0,7.16250030735,1.937499272250026,0.0,459.14105224609375,459.14105224609375,OM,-0.3630000054836273,1.0620743892197044
SPARSE_361,0,46,308,61,0,0,0,0,0,0,0,0.0,7.16250030735,2.029165938550026,0.0,2076.91943359375,692.3064575195312,OM,0.3179999887943268,0.4390000056028366
SPARSE_362,0,11,57,8,0,0,0,0,0,0,0,0.0,7.16250030735,2.120832604850026,0.0,379.6918640136719,379.6918640136719,OM,0.2280000001192093,0.4329637540367331
SPARSE_363,0,83,311,31,0,0,0,0,0,0,0,0.0,7.140278085216667,2.043054827383359,0.0,2132.1513671875,710.7171020507812,OM,0.15199999511241913,0.4329637540367331
SPARSE_364,0,1,210,0,0,0,0,0,0,0,0,0.0,7.1416669741000005,2.545832603150026,0.0,1051.7432861328125,525.8716430664062,OM,0.14300000667572021,0.13010763745449372
SPARSE_365,1,77,5,0,0,0,0,0,0,0,0,0.0,7.13750030745,1.662499273350026,0.0,414.952392578125,414.952392578125,OM,-0.6209999918937683,0.25727481749053693
SPARSE_366,0,61,6,0,0,0,0,0,0,0,0,0.0,7.13750030745,1.7624992729500257,0.0,337.7347106933594,337.7347106933594,OM,-0.42500001192092896,0.15690204127249457
SPARSE_367,0,19,322,85,0,0,0,0,0,0,0,0.0,7.131944751916667,1.9902770498166926,0.0,2133.288330078125,711.0961303710938,OM,0.4490000009536743,0.39328403641435195
SPARSE_368,1,31,34,1,0,0,0,0,0,0,0,0.0,7.12916697415,2.062499271750026,0.0,333.4310607910156,333.4310607910156,OM,-0.19699999690055847,0.4329637540367331
SPARSE_369,10,50,1,0,0,0,0,0,0,0,0,0.0,7.12083364085,2.212499271150026,0.0,306.4198913574219,306.4198913574219,OM,-0.8989999890327454,0.3228832281792206
SPARSE_370,0,30,52,2,0,0,0,0,0,0,0,0.0,7.11250030755,2.0958326049500258,0.0,424.0718688964844,424.0718688964844,OM,-0.05700000002980232,0.4329637540367331
SPARSE_371,0,50,14,0,0,0,0,0,0,0,0,0.0,7.10416697425,1.695832606550026,0.0,316.9786376953125,316.9786376953125,OM,-0.4410000145435333,0.28304131417051065
SPARSE_372,5,148,23,0,0,0,0,0,0,0,0,0.0,7.10416697425,1.949999272200026,0.0,877.2714233398438,438.6357116699219,OM,-0.5849999785423279,0.3284879377229642
SPARSE_373,18,65,24,1,0,0,0,0,0,0,0,0.0,7.10416697425,2.120832604850026,0.0,541.0282592773438,541.0282592773438,OM,-0.6499999761581421,0.595951335008034
SPARSE_374,0,74,430,2,0,0,0,0,0,0,0,0.0,7.08750030765,1.9824992720700259,0.0,2530.52880859375,506.10577392578125,OM,0.06300000101327896,0.26657925579083197
SPARSE_375,0,19,44,0,0,0,0,0,0,0,0,0.0,7.08750030765,1.720832606450026,0.0,314.085205078125,314.085205078125,OM,-0.13600000739097595,0.15690204127249457
SPARSE_376,2,32,41,5,0,0,0,0,0,0,0,0.0,7.08750030765,2.079165938350026,0.0,400.8218078613281,400.8218078613281,OM,-0.10599999874830246,0.595951335008034
SPARSE_377,0,68,32,0,0,0,0,0,0,0,0,0.0,7.0791669743500005,1.8624992725500258,0.0,500.9950866699219,500.9950866699219,OM,-0.3449999988079071,0.2760869434150215
SPARSE_378,0,14,88,1,0,0,0,0,0,0,0,0.0,7.07083364105,1.6791659399500258,0.0,516.5033569335938,516.5033569335938,OM,0.09300000220537186,0.28304131417051065
SPARSE_379,0,6,1625,1,0,0,0,0,0,0,0,0.0,7.03750030785,1.8080875080617906,0.0,8159.18017578125,479.9517822265625,OM,0.22200000286102295,0.16511309412111475
SPARSE_380,0,9,161,0,0,0,0,0,0,0,0,0.0,7.0666669744,2.141665938100026,0.0,850.771728515625,425.3858642578125,OM,-0.03400000184774399,0.11491503947902106
SPARSE_381,0,33,29,0,0,0,0,0,0,0,0,0.0,7.07083364105,2.212499271150026,0.0,307.0912170410156,307.0912170410156,OM,-0.2460000067949295,0.3228832281792206
SPARSE_382,0,31,63,0,0,0,0,0,0,0,0,0.0,7.06250030775,2.162499271350026,0.0,472.5940246582031,472.5940246582031,OM,-0.1679999940097332,0.11491503947902106
SPARSE_383,0,28,242,5,0,0,0,0,0,0,0,0.0,7.0500003078,2.099999271600026,0.0,1378.568115234375,689.2840576171875,OM,0.16099999845027924,0.2987646226202186
SPARSE_384,0,18,77,0,0,0,0,0,0,0,0,0.0,7.05416697445,2.204165937850026,0.0,473.3534240722656,473.3534240722656,OM,-0.03099999949336052,0.2104342454740005
SPARSE_385,0,50,99,2,0,0,0,0,0,0,0,0.0,7.04583364115,1.9708326054500258,0.0,757.4503784179688,757.4503784179688,OM,-0.05000000074505806,0.3819057607753754
SPARSE_386,0,64,60,0,0,0,0,0,0,0,0,0.0,7.04583364115,2.1291659381500256,0.0,620.864013671875,620.864013671875,OM,-0.23000000417232513,0.2987646226202186
SPARSE_387,1,65,7,0,0,0,0,0,0,0,0,0.0,7.03750030785,1.6458326067500257,0.0,364.6624450683594,364.6624450683594,OM,-0.5849999785423279,0.28304131417051065
SPARSE_388,0,113,53,0,0,0,0,0,0,0,0,0.0,7.0333336412000005,1.8624992725500258,0.0,833.103759765625,416.5518798828125,OM,-0.27000001072883606,0.11129652334626597
SPARSE_389,0,11,106,0,0,0,0,0,0,0,0,0.0,7.02916697455,1.7708326062500257,0.0,583.2093505859375,583.2093505859375,OM,0.0010000000474974513,0.16511309412111475
SPARSE_390,0,83,60,0,0,0,0,0,0,0,0,0.0,7.0250003079,1.9083326057000258,0.0,716.8692626953125,358.43463134765625,OM,-0.2409999966621399,0.11129652334626597
SPARSE_391,0,84,2,0,0,0,0,0,0,0,0,0.0,7.02916697455,1.929165938950026,0.0,434.3366394042969,434.3366394042969,OM,-0.4309999942779541,0.11129652334626597
SPARSE_392,3,48,10,0,0,0,0,0,0,0,0,0.0,7.02916697455,1.987499272050026,0.0,305.04339599609375,305.04339599609375,OM,-0.6000000238418579,0.3819057607753754
SPARSE_393,0,32,35,0,0,0,0,0,0,0,0,0.0,7.02083364125,1.8374992726500259,0.0,335.2831115722656,335.2831115722656,OM,-0.20999999344348907,0.18330938917859388
SPARSE_394,0,24,81,1,0,0,0,0,0,0,0,0.0,7.02083364125,2.1124992715500257,0.0,525.6312866210938,525.6312866210938,OM,0.004999999888241291,0.2987646226202186
SPARSE_395,0,56,20,0,0,0,0,0,0,0,0,0.0,7.01250030795,1.704165939850026,0.0,379.9777526855469,379.9777526855469,OM,-0.39399999380111694,0.28304131417051065
SPARSE_396,0,0,128,0,0,0,0,0,0,0,0,0.0,7.01250030795,1.7291659397500259,0.0,639.373046875,639.373046875,OM,0.10899999737739563,0.08627489309331135
SPARSE_397,0,63,21,0,0,0,0,0,0,0,0,0.0,7.01250030795,1.7541659396500258,0.0,419.4539489746094,419.4539489746094,OM,-0.3409999907016754,0.18505198583699142
SPARSE_398,22,1088,1103,24,0,0,0,0,0,0,0,0.0,6.9821431652142865,1.8773802248714544,0.0,11191.923828125,399.7115783691406,OM,-0.21400000154972076,0.4329637540367331
SPARSE_399,0,70,21,0,0,0,0,0,0,0,0,0.0,7.01250030795,2.162499271350026,0.0,459.15771484375,459.15771484375,OM,-0.3019999861717224,0.11491503947902106
SPARSE_400,0,41,449,0,0,0,0,0,0,0,0,0.0,6.98750030805,1.7827373681071688,0.0,2448.953857421875,349.8505554199219,OM,0.03700000047683716,0.18505198583699142
SPARSE_401,1,41,49,1,0,0,0,0,0,0,0,0.0,7.00416697465,2.387499270450026,0.0,460.5382385253906,460.5382385253906,OM,-0.16500000655651093,0.4329637540367331
SPARSE_402,0,179,93,0,0,0,0,0,0,0,0,0.0,6.990278085816667,1.6930548287833593,0.0,1362.170654296875,454.056884765625,OM,-0.3330000042915344,0.28304131417051065
SPARSE_403,0,142,151,0,0,0,0,0,0,0,0,0.0,6.9916669747,1.824999272700026,0.0,1469.8966064453125,367.4741516113281,OM,-0.210999995470047,0.18330938917859388
SPARSE_404,0,7,73,0,0,0,0,0,0,0,0,0.0,6.99583364135,2.212499271150026,0.0,399.3586730957031,399.3586730957031,OM,0.06400000303983688,0.2104342454740005
SPARSE_405,0,0,102,0,0,0,0,0,0,0,0,0.0,6.99583364135,2.629165936150026,0.0,510.59173583984375,510.59173583984375,OM,0.42399999499320984,0.11172287496780975
SPARSE_406,0,59,32,0,0,0,0,0,0,0,0,0.0,6.98750030805,1.662499273350026,0.0,454.50152587890625,454.50152587890625,OM,-0.32899999618530273,0.28304131417051065
SPARSE_407,0,1,68,0,0,0,0,0,0,0,0,0.0,6.9708336414500005,1.662499273350026,0.0,343.631103515625,343.631103515625,OM,0.20600000023841858,0.18423001925153146
SPARSE_408,19,285,156,3,0,0,0,0,0,0,0,0.0,6.96250030815,1.724165939770026,0.0,2312.97802734375,462.5956115722656,OM,-0.4090000092983246,0.47010758997849783
SPARSE_409,0,45,53,0,0,0,0,0,0,0,0,0.0,6.9708336414500005,1.820832606050026,0.0,492.4715576171875,492.4715576171875,OM,-0.18799999356269836,0.30513330644193376
SPARSE_410,3,87,61,1,0,0,0,0,0,0,0,0.0,6.9583336415,1.933332605600026,0.0,757.0404663085938,378.5202331542969,OM,-0.3190000057220459,0.4329637540367331
SPARSE_411,0,20,758,0,0,0,0,0,0,0,0,0.0,6.93750030825,1.766665939600026,0.0,3890.36181640625,486.29522705078125,OM,0.1420000046491623,0.18526197995832963
SPARSE_412,0,67,3,0,0,0,0,0,0,0,0,0.0,6.94583364155,1.820832606050026,0.0,350.7523498535156,350.7523498535156,OM,-0.5170000195503235,0.17147304158083096
SPARSE_413,0,31,41,0,0,0,0,0,0,0,0,0.0,6.94583364155,1.9708326054500258,0.0,362.6038818359375,362.6038818359375,OM,-0.17100000381469727,0.2673131768372132
SPARSE_414,0,7,150,0,0,0,0,0,0,0,0,0.0,6.9416669749,2.420832603650026,0.0,784.9697875976562,392.4848937988281,OM,0.10700000077486038,0.1923330439348319
SPARSE_415,0,136,134,0,0,0,0,0,0,0,0,0.0,6.9347225304833335,1.8402770504166925,0.0,1348.317138671875,449.4390563964844,OM,-0.2199999988079071,0.17147304158083096
SPARSE_416,0,16,124,27,0,0,0,0,0,0,0,0.0,6.92916697495,1.720832606450026,0.0,834.9011840820312,834.9011840820312,OM,0.35199999809265137,0.4329637540367331
SPARSE_417,0,19,46,0,0,0,0,0,0,0,0,0.0,6.92916697495,2.629165936150026,0.0,325.3328552246094,325.3328552246094,OM,-0.1599999964237213,0.10440689739779012
SPARSE_418,0,68,5,0,0,0,0,0,0,0,0,0.0,6.92083364165,1.945832605550026,0.0,366.7888488769531,366.7888488769531,OM,-0.4490000009536743,0.15854784206305225
SPARSE_419,0,14,215,0,0,0,0,0,0,0,0,0.0,6.90416697505,1.6680548288833592,0.0,1148.8626708984375,382.9542236328125,OM,-0.027000000700354576,0.12485691839399149
SPARSE_420,2,44,23,0,0,0,0,0,0,0,0,0.0,6.91250030835,1.7958326061500258,0.0,346.5250549316406,346.5250549316406,OM,-0.40700000524520874,0.4329637540367331
SPARSE_421,1,52,67,3,0,0,0,0,0,0,0,0.0,6.91250030835,1.829165939350026,0.0,615.381103515625,615.381103515625,OM,-0.13899999856948853,0.4532598094391428
SPARSE_422,1,57,134,22,0,0,0,0,0,0,0,0.0,6.90416697505,1.9041659390500258,0.0,1067.449462890625,355.8164978027344,OM,0.10499999672174454,0.5296229814268008
SPARSE_423,0,15,153,0,0,0,0,0,0,0,0,0.0,6.9083336417000005,1.929165938950026,0.0,835.671875,417.8359375,OM,-0.003000000026077032,0.15854784206305225
SPARSE_424,0,0,143,0,0,0,0,0,0,0,0,0.0,6.91250030835,2.2666659376000258,0.0,714.6937866210938,357.3468933105469,OM,0.4189999997615814,0.08555992035498486
SPARSE_425,1,48,12,0,0,0,0,0,0,0,0,0.0,6.91250030835,2.537499269850026,0.0,301.25341796875,301.25341796875,OM,-0.4950000047683716,0.3261636100658635
SPARSE_426,0,329,144,0,0,0,0,0,0,0,0,0.0,6.88916697511,1.7474992730100258,0.0,2363.01904296875,472.60382080078125,OM,-0.34200000762939453,0.24183052456059587
SPARSE_427,3,41,20,0,0,0,0,0,0,0,0,0.0,6.89583364175,1.8458326059500259,0.0,318.2591247558594,318.2591247558594,OM,-0.44200000166893005,0.4532598094391428
SPARSE_428,1,32,26,1,0,0,0,0,0,0,0,0.0,6.89583364175,2.4541659368500257,0.0,301.256591796875,301.256591796875,OM,-0.28999999165534973,0.4730544307132415
SPARSE_429,1,96,111,2,0,0,0,0,0,0,0,0.0,6.89583364175,2.612499269550026,0.0,1046.8037109375,1046.8037109375,OM,-0.18000000715255737,0.40474971724204417
SPARSE_430,0,1,61,0,0,0,0,0,0,0,0,0.0,6.88750030845,1.704165939850026,0.0,308.1893310546875,308.1893310546875,OM,0.07100000232458115,0.12485691839399149
SPARSE_431,0,11,51,0,0,0,0,0,0,0,0,0.0,6.88750030845,1.7708326062500257,0.0,312.7976989746094,312.7976989746094,OM,0.0,0.24183052456059587
SPARSE_432,0,65,6,0,0,0,0,0,0,0,0,0.0,6.87916697515,1.7874992728500259,0.0,358.8248596191406,358.8248596191406,OM,-0.3569999933242798,0.10276834598863901
SPARSE_433,0,1,602,0,0,0,0,0,0,0,0,0.0,6.87250030851,1.8174992727300259,0.0,3013.07666015625,602.6153564453125,OM,0.07599999755620956,0.08429314000714691
SPARSE_434,4,63,30,0,0,0,0,0,0,0,0,0.0,6.87916697515,1.8624992725500258,0.0,484.32769775390625,484.32769775390625,OM,-0.44200000166893005,0.4532598094391428
SPARSE_435,2,41,33,1,0,0,0,0,0,0,0,0.0,6.87916697515,2.4541659368500257,0.0,384.1280822753906,384.1280822753906,OM,-0.28999999165534973,0.4741434378781418
SPARSE_436,0,4,233,0,0,0,0,0,0,0,0,0.0,6.8625003085500005,1.6749992733000258,0.0,1184.377197265625,592.1885986328125,OM,0.05000000074505806,0.12485691839399149
SPARSE_437,0,119,188,0,0,0,0,0,0,0,0,0.0,6.856250308575,1.7520826063250259,0.0,1535.055419921875,383.76385498046875,OM,-0.17599999904632568,0.14935862902069805
SPARSE_438,1,57,108,7,0,0,0,0,0,0,0,0.0,6.8583336419,1.8583326059000258,0.0,857.721923828125,428.8609619140625,OM,-0.024000000208616257,0.4532598094391428
SPARSE_439,0,58,72,0,0,0,0,0,0,0,0,0.0,6.8625003085500005,2.120832604850026,0.0,650.5947875976562,650.5947875976562,OM,-0.19499999284744263,0.16122035673153867
SPARSE_440,4,48,16,0,0,0,0,0,0,0,0,0.0,6.85416697525,1.712499273150026,0.0,343.5850524902344,343.5850524902344,OM,-0.5220000147819519,0.4329637540367331
SPARSE_441,4,104,63,1,0,0,0,0,0,0,0,0.0,6.8500003086,1.7958326061500258,0.0,859.880615234375,429.9403076171875,OM,-0.35600000619888306,0.42302222406258133
SPARSE_442,0,56,6,0,0,0,0,0,0,0,0,0.0,6.85416697525,2.0958326049500258,0.0,312.60162353515625,312.60162353515625,OM,-0.4230000078678131,0.16122035673153867
SPARSE_443,0,56,8,0,0,0,0,0,0,0,0,0.0,6.85416697525,2.5791659363500257,0.0,319.3996276855469,319.3996276855469,OM,-0.48500001430511475,0.22944564028415865
SPARSE_444,0,1,89,0,0,0,0,0,0,0,0,0.0,6.84583364195,1.695832606550026,0.0,453.7755126953125,453.7755126953125,OM,0.05000000074505806,0.12485691839399149
SPARSE_445,0,36,56,0,0,0,0,0,0,0,0,0.0,6.84583364195,1.7374992730500258,0.0,458.2723693847656,458.2723693847656,OM,-0.17599999904632568,0.14935862902069805
SPARSE_446,2,48,29,0,0,0,0,0,0,0,0,0.0,6.84583364195,1.8124992727500258,0.0,391.6510925292969,391.6510925292969,OM,-0.35600000619888306,0.42302222406258133
SPARSE_447,0,19,51,5,0,0,0,0,0,0,0,0.0,6.84583364195,1.8374992726500259,0.0,374.54974365234375,374.54974365234375,OM,0.08799999952316284,0.4532598094391428
SPARSE_448,0,0,620,0,0,0,0,0,0,0,0,0.0,6.83750030865,2.227082604425026,0.0,3102.248291015625,775.5620727539062,OM,0.39100000262260437,0.11101576650074929
SPARSE_449,0,45,15,0,0,0,0,0,0,0,0,0.0,6.84583364195,2.645832602750026,0.0,301.6935119628906,301.6935119628906,OM,-0.2849999964237213,0.09211586933963098
SPARSE_450,0,57,109,0,0,0,0,0,0,0,0,0.0,6.833333642,1.8624992725500258,0.0,834.7423095703125,417.37115478515625,OM,-0.17800000309944153,1.789463405584743e-09
SPARSE_451,0,55,10,0,0,0,0,0,0,0,0,0.0,6.83750030865,2.587499269650026,0.0,322.3625183105469,322.3625183105469,OM,-0.4580000042915344,0.22944564028415865
SPARSE_452,0,53,41,0,0,0,0,0,0,0,0,0.0,6.82916697535,1.662499273350026,0.0,469.2942199707031,469.2942199707031,OM,-0.2329999953508377,0.015000000774860543
SPARSE_453,3,52,22,0,0,0,0,0,0,0,0,0.0,6.82916697535,1.7874992728500259,0.0,382.6399230957031,382.6399230957031,OM,-0.4490000009536743,0.42302222406258133
SPARSE_454,0,3,97,124,6,0,0,0,0,0,0,0.0,6.82083364205,2.1569437158166926,0.0,1145.3953857421875,381.7984619140625,OM,0.859000027179718,0.47517577162446323
SPARSE_455,0,114,22,0,0,0,0,0,0,0,0,0.0,6.8166669754,1.716665939800026,0.0,682.1376953125,341.06884765625,OM,-0.47600001096725464,0.26353350202545955
SPARSE_456,0,72,42,0,0,0,0,0,0,0,0,0.0,6.82083364205,2.1291659381500256,0.0,569.2498779296875,569.2498779296875,OM,-0.25200000405311584,0.07212489033232869
SPARSE_457,0,66,3,0,0,0,0,0,0,0,0,0.0,6.82083364205,2.337499270650026,0.0,341.7842102050781,341.7842102050781,OM,-0.5080000162124634,0.16584732818361447
SPARSE_458,0,20,62,0,0,0,0,0,0,0,0,0.0,6.81250030875,2.104165938250026,0.0,411.43377685546875,411.43377685546875,OM,-0.15000000596046448,0.07212489033232869
SPARSE_459,0,42,29,0,0,0,0,0,0,0,0,0.0,6.81250030875,2.295832604150026,0.0,356.27117919921875,356.27117919921875,OM,-0.2549999952316284,0.169596577073276
SPARSE_460,0,6,52,11,0,0,0,0,0,0,0,0.0,6.80416697545,1.7958326061500258,0.0,343.1739807128906,343.1739807128906,OM,0.36800000071525574,0.42302222406258133
SPARSE_461,0,80,49,0,0,0,0,0,0,0,0,0.0,6.79583364215,1.8499992726000258,0.0,644.9107666015625,322.45538330078125,OM,-0.29600000381469727,0.25692087312742096
SPARSE_462,1,72,258,39,0,0,0,0,0,0,0,0.0,6.79583364215,2.141665938100026,0.0,1850.6851806640625,462.6712951660156,OM,0.18700000643730164,0.47517577162446323
SPARSE_463,0,63,44,0,0,0,0,0,0,0,0,0.0,6.79583364215,2.270832604250026,0.0,534.0953979492188,534.0953979492188,OM,-0.2549999952316284,0.169596577073276
SPARSE_464,0,37,33,0,0,0,0,0,0,0,0,0.0,6.79583364215,2.3208326040500262,0.0,351.82879638671875,351.82879638671875,OM,-0.2280000001192093,0.16584732818361447
SPARSE_465,0,24,43,0,0,0,0,0,0,0,0,0.0,6.79583364215,2.620832602850026,0.0,333.6211242675781,333.6211242675781,OM,-0.13300000131130219,0.22944564028415865
SPARSE_466,0,3,87,0,0,0,0,0,0,0,0,0.0,6.78750030885,1.6541659400500257,0.0,446.142578125,446.142578125,OM,-0.028999999165534973,0.0733675693060481
SPARSE_467,3,97,3,0,0,0,0,0,0,0,0,0.0,6.78750030885,1.6791659399500258,0.0,514.5770263671875,514.5770263671875,OM,-0.7110000252723694,0.26353350202545955
SPARSE_468,1,44,22,0,0,0,0,0,0,0,0,0.0,6.78750030885,1.7874992728500259,0.0,338.2632751464844,338.2632751464844,OM,-0.39399999380111694,0.40341830793630123
SPARSE_469,0,28,93,4,0,0,0,0,0,0,0,0.0,6.7833336422,2.529165936550026,0.0,623.32861328125,311.664306640625,OM,0.06300000101327896,0.37710785044613576
SPARSE_470,0,18,49,3,0,0,0,0,0,0,0,0.0,6.78750030885,2.545832603150026,0.0,351.3006591796875,351.3006591796875,OM,0.06300000101327896,0.4329637540367331
SPARSE_471,0,6,71,1,0,0,0,0,0,0,0,0.0,6.77916697555,1.829165939350026,0.0,387.1311340332031,387.1311340332031,OM,0.14900000393390656,0.25692087312742096
SPARSE_472,0,28,54,0,0,0,0,0,0,0,0,0.0,6.77916697555,2.1124992715500257,0.0,409.7607116699219,409.7607116699219,OM,-0.14499999582767487,0.17394826770827534
SPARSE_473,0,200,208,0,0,0,0,0,0,0,0,0.0,6.77083364225,2.3291659373500258,0.0,2043.0999755859375,408.6199951171875,OM,-0.21400000154972076,0.16584732818361447
SPARSE_474,3,87,60,1,0,0,0,0,0,0,0,0.0,6.77916697555,2.737499269050026,0.0,757.3917236328125,757.3917236328125,OM,-0.3230000138282776,0.4329637540367331
SPARSE_475,0,15,50,0,0,0,0,0,0,0,0,0.0,6.77083364225,2.245832604350026,0.0,327.4640808105469,327.4640808105469,OM,-0.09399999678134918,0.169596577073276
SPARSE_476,5,61,9,0,0,0,0,0,0,0,0,0.0,6.77083364225,2.512499269950026,0.0,377.3531799316406,377.3531799316406,OM,-0.671999990940094,0.37710785044613576
SPARSE_477,0,9,59,0,0,0,0,0,0,0,0,0.0,6.77083364225,2.720832602450026,0.0,335.8688049316406,335.8688049316406,OM,-0.10499999672174454,0.09211586933963098
SPARSE_478,0,17,49,0,0,0,0,0,0,0,0,0.0,6.7541669756500005,1.7708326062500257,0.0,330.4245910644531,330.4245910644531,OM,-0.04800000041723251,0.2603079904789052
SPARSE_479,0,140,167,0,0,0,0,0,0,0,0,0.0,6.748611420116667,1.8236103838166926,0.0,1533.90673828125,511.30224609375,OM,-0.20200000703334808,0.14318287087135173
SPARSE_480,0,103,25,0,0,0,0,0,0,0,0,0.0,6.750000309,2.195832604550026,0.0,641.758056640625,320.8790283203125,OM,-0.4480000138282776,0.2680789640660714
SPARSE_481,1,66,5,0,0,0,0,0,0,0,0,0.0,6.7541669756500005,2.212499271150026,0.0,361.6443176269531,361.6443176269531,OM,-0.6029999852180481,0.2680789640660714
SPARSE_482,0,2,69,0,0,0,0,0,0,0,0,0.0,6.7541669756500005,2.245832604350026,0.0,357.0153503417969,357.0153503417969,OM,0.10199999809265137,0.169596577073276
SPARSE_483,0,22,39,0,0,0,0,0,0,0,0,0.0,6.7541669756500005,2.295832604150026,0.0,302.4148254394531,302.4148254394531,OM,-0.14300000667572021,0.2083955383861066
SPARSE_484,0,23,125,0,0,0,0,0,0,0,0,0.0,6.750000309,2.554165936450026,0.0,740.3005981445312,370.1502990722656,OM,-0.008999999612569809,0.20647517443772076
SPARSE_485,0,37,99,0,0,0,0,0,0,0,0,0.0,6.7416669757,1.687499273250026,0.0,682.7164306640625,341.35821533203125,OM,-0.15800000727176666,0.0733675693060481
SPARSE_486,0,2,68,0,0,0,0,0,0,0,0,0.0,6.74583364235,2.120832604850026,0.0,353.07037353515625,353.07037353515625,OM,0.10100000351667404,0.17394826770827534
SPARSE_487,0,25,44,0,0,0,0,0,0,0,0,0.0,6.74583364235,2.279165937550026,0.0,343.8165588378906,343.8165588378906,OM,-0.14300000667572021,0.2083955383861066
SPARSE_488,1,46,51,1,0,0,0,0,0,0,0,0.0,6.74583364235,2.370832603850026,0.0,493.03387451171875,493.03387451171875,OM,-0.19099999964237213,0.4329637540367331
SPARSE_489,0,1,71,1,0,0,0,0,0,0,0,0.0,6.74583364235,2.4708326034500256,0.0,359.22601318359375,359.22601318359375,OM,0.28299999237060547,0.20647517443772076
SPARSE_490,0,0,61,0,0,0,0,0,0,0,0,0.0,6.73750030905,2.1458326047500256,0.0,304.6729736328125,304.6729736328125,OM,0.14800000190734863,0.045961939428426433
SPARSE_491,6,60,15,0,0,0,0,0,0,0,0,0.0,6.73750030905,2.212499271150026,0.0,406.4888916015625,406.4888916015625,OM,-0.6029999852180481,0.42896269326454534
SPARSE_492,0,13,45,4,0,0,0,0,0,0,0,0.0,6.73750030905,2.229165937750026,0.0,309.6268005371094,309.6268005371094,OM,0.12399999797344208,0.42896269326454534
SPARSE_493,0,0,97,2,0,0,0,0,0,0,0,0.0,6.73750030905,2.312499270750026,0.0,496.75640869140625,496.75640869140625,OM,0.3499999940395355,0.2083955383861066
SPARSE_494,20,46,1,0,0,0,0,0,0,0,0,0.0,6.73750030905,2.612499269550026,0.0,337.8714904785156,337.8714904785156,OM,-1.0240000486373901,0.3769680771074741
SPARSE_495,0,2,70,0,0,0,0,0,0,0,0,0.0,6.72916697575,1.8124992727500258,0.0,364.0748596191406,364.0748596191406,OM,0.04600000008940697,0.14318287087135173
SPARSE_496,12,102,24,0,0,0,0,0,0,0,0,0.0,6.72916697575,2.041665938500026,0.0,690.1484375,345.07421875,OM,-0.6269999742507935,0.4329637540367331
SPARSE_497,0,15,201,7,0,0,0,0,0,0,0,0.0,6.723611420216667,2.629165936150026,0.0,1116.586181640625,372.1954040527344,OM,0.2280000001192093,0.29699999994039533
SPARSE_498,3,24,30,6,0,0,0,0,0,0,0,0.0,6.72916697575,2.712499269150026,0.0,317.1724548339844,317.1724548339844,OM,-0.09099999815225601,0.6831051813485907
SPARSE_499,9,33,21,2,0,0,0,0,0,0,0,0.0,6.72916697575,2.7708326022500263,0.0,325.408203125,325.408203125,OM,-0.4860000014305115,0.6831051813485907
SPARSE_500,0,32,37,0,0,0,0,0,0,0,0,0.0,6.72083364245,1.7624992729500257,0.0,342.6280212402344,342.6280212402344,OM,-0.20200000703334808,0.17615958498419687
SPARSE_501,0,2,61,0,0,0,0,0,0,0,0,0.0,6.72083364245,2.1291659381500256,0.0,316.72698974609375,316.72698974609375,OM,0.12800000607967377,0.1864841345737689
SPARSE_502,0,43,391,87,0,0,0,0,0,0,0,0.0,6.701389198083333,2.274999270900026,0.0,2604.85888671875,434.1431579589844,OM,0.3709999918937683,0.42284984806888487
SPARSE_503,0,9,171,0,0,0,0,0,0,0,0,0.0,6.72083364245,2.295832604150026,0.0,901.1835327148438,901.1835327148438,OM,0.11999999731779099,0.2083955383861066
SPARSE_504,0,79,143,1,0,0,0,0,0,0,0,0.0,6.7180558646833335,2.545832603150026,0.0,1117.291015625,372.4303283691406,OM,-0.09000000357627869,0.34352486735266113
SPARSE_505,0,8,224,0,0,0,0,0,0,0,0,0.0,6.7083336425,1.7999992728000258,0.0,1158.757080078125,579.3785400390625,OM,0.04600000008940697,0.14318287087135173
SPARSE_506,0,32,39,0,0,0,0,0,0,0,0,0.0,6.71250030915,2.0958326049500258,0.0,357.5882873535156,357.5882873535156,OM,-0.19499999284744263,0.1864841345737689
SPARSE_507,16,296,67,0,0,0,0,0,0,0,0,0.0,6.706250309175,2.566665936400026,0.0,1896.69091796875,474.1727294921875,OM,-0.5669999718666077,0.3769680771074741
SPARSE_508,0,50,444,0,0,0,0,0,0,0,0,0.0,6.702778086966667,2.702777046966693,0.0,2470.328125,411.7213439941406,OM,-0.09099999815225601,0.0643920275296987
SPARSE_509,89,280,143,12,0,0,0,0,0,0,0,0.0,6.7000003092,2.774999268900026,0.0,2638.906494140625,659.7266235351562,OM,-0.5899999737739563,0.6831051813485907
SPARSE_510,0,63,166,0,0,0,0,0,0,0,0,0.0,6.701389198083333,1.7458326063500258,0.0,1143.705078125,381.2350158691406,OM,-0.1120000034570694,0.17615958498419687
SPARSE_511,3,67,35,0,0,0,0,0,0,0,0,0.0,6.70416697585,1.829165939350026,0.0,525.7305297851562,525.7305297851562,OM,-0.4050000011920929,0.4329637540367331
SPARSE_512,0,0,67,0,0,0,0,0,0,0,0,0.0,6.69583364255,2.412499270350026,0.0,336.4438171386719,336.4438171386719,OM,0.09000000357627869,0.05444721962255326
SPARSE_513,0,66,50,0,0,0,0,0,0,0,0,0.0,6.69583364255,2.479165936750026,0.0,578.7316284179688,578.7316284179688,OM,-0.2630000114440918,0.25575444024203753
SPARSE_514,0,2,53,11,0,0,0,0,0,0,0,0.0,6.68750030925,1.687499273250026,0.0,334.0368957519531,334.0368957519531,OM,0.4399999976158142,0.3536575579302072
SPARSE_515,0,69,4,0,0,0,0,0,0,0,0,0.0,6.68750030925,2.045832605150026,0.0,363.8206787109375,363.8206787109375,OM,-0.382999986410141,0.019798980263741883
SPARSE_516,0,102,86,0,0,0,0,0,0,0,0,0.0,6.684722531483333,2.104165938250026,0.0,942.3201293945312,314.1067199707031,OM,-0.2290000021457672,0.07635007175083283
SPARSE_517,0,13,105,3,0,0,0,0,0,0,0,0.0,6.68750030925,2.1458326047500256,0.0,602.8164672851562,602.8164672851562,OM,0.16699999570846558,0.30617723928834817
SPARSE_518,3,149,144,3,0,0,0,0,0,0,0,0.0,6.681944753716667,2.229165937750026,0.0,1494.083740234375,498.0279235839844,OM,-0.22699999809265137,0.42284984806888487
SPARSE_519,0,6,98,1,0,0,0,0,0,0,0,0.0,6.68750030925,2.504165936650026,0.0,523.0534057617188,523.0534057617188,OM,0.19599999487400055,0.25575444024203753
SPARSE_520,9,334,136,0,0,0,0,0,0,0,0,0.0,6.6722225315333334,2.613888158433359,0.0,2393.61328125,398.935546875,OM,-0.4320000112056732,0.3769680771074741
SPARSE_521,0,15,278,0,0,0,0,0,0,0,0,0.0,6.672916975975,2.258332604300026,0.0,1464.8802490234375,366.2200622558594,OM,0.09000000357627869,0.18761663048443303
SPARSE_522,0,159,235,0,0,0,0,0,0,0,0,0.0,6.675833642630001,2.3208326040500262,0.0,1967.7313232421875,393.5462646484375,OM,-0.1720000058412552,0.18761663048443303
SPARSE_523,0,8,421,0,0,0,0,0,0,0,0,0.0,6.67750030929,2.6924992692300256,0.0,2145.302001953125,429.0603942871094,OM,-0.008999999612569809,0.0643920275296987
SPARSE_524,1,27,94,54,5,0,0,0,0,0,0,0.0,6.67916697595,2.7499992690000257,0.0,903.6993408203125,451.84967041015625,OM,0.47099998593330383,0.6831051813485907
SPARSE_525,1,53,24,0,0,0,0,0,0,0,0,0.0,6.67083364265,1.6708326066500259,0.0,387.8166809082031,387.8166809082031,OM,-0.39500001072883606,0.3536575579302072
SPARSE_526,0,10,81,0,0,0,0,0,0,0,0,0.0,6.67083364265,1.7291659397500259,0.0,456.88128662109375,456.88128662109375,OM,-0.09700000286102295,0.0740697883957847
SPARSE_527,0,95,58,0,0,0,0,0,0,0,0,0.0,6.67083364265,2.199999271200026,0.0,766.28271484375,383.141357421875,OM,-0.3149999976158142,0.3161281400783277
SPARSE_528,0,32,44,0,0,0,0,0,0,0,0,0.0,6.67083364265,2.379165937150026,0.0,380.2458190917969,380.2458190917969,OM,-0.16300000250339508,0.2628808397782528
SPARSE_529,0,359,224,0,0,0,0,0,0,0,0,0.0,6.666666976,2.487499270050026,0.0,2913.1640625,1456.58203125,OM,-0.29499998688697815,0.26081725852863086
SPARSE_530,0,8,196,4,0,0,0,0,0,0,0,0.0,6.668055864883333,2.5569437142166924,0.0,1042.619384765625,347.539794921875,OM,0.24300000071525574,0.26081725852863086
SPARSE_531,0,31,46,0,0,0,0,0,0,0,0,0.0,6.66250030935,2.529165936550026,0.0,381.85601806640625,381.85601806640625,OM,-0.15399999916553497,0.26081725852863086
SPARSE_532,1,109,81,0,0,0,0,0,0,0,0,0.0,6.65416697605,2.5902770474166927,0.0,956.9744873046875,318.9914855957031,OM,-0.2879999876022339,0.3658737200649014
SPARSE_533,1,175,13,0,0,0,0,0,0,0,0,0.0,6.6583336427,2.666665936000026,0.0,939.8633422851562,469.9316711425781,OM,-0.5690000057220459,0.23587416791409177
SPARSE_534,0,48,40,0,0,0,0,0,0,0,0,0.0,6.65416697605,1.695832606550026,0.0,441.7486877441406,441.7486877441406,OM,-0.23000000417232513,0.0740697883957847
SPARSE_535,0,89,569,14,0,0,0,0,0,0,0,0.0,6.6500003094,2.179165937950026,0.0,3362.560791015625,560.4268188476562,OM,0.1340000033378601,0.3161281400783277
SPARSE_536,0,37,171,19,0,0,0,0,0,0,0,0.0,6.6500003094,2.212499271150026,0.0,1131.9493408203125,565.9746704101562,OM,0.1979999989271164,0.4220000005364418
SPARSE_537,0,9,374,15,0,0,0,0,0,0,0,0.0,6.65083364273,2.3608326038900262,0.0,1989.83251953125,397.96649169921875,OM,0.3140000104904175,0.2628808397782528
SPARSE_538,0,25,198,17,0,0,0,0,0,0,0,0.0,6.648611420516667,2.568054825283359,0.0,1202.9600830078125,400.9866943359375,OM,0.24300000071525574,0.3658737200649014
SPARSE_539,1,57,80,3,0,0,0,0,0,0,0,0.0,6.6416669761,1.9749992721000258,0.0,703.7852783203125,351.89263916015625,OM,-0.11900000274181366,0.4329637540367331
SPARSE_540,0,202,42,0,0,0,0,0,0,0,0,0.0,6.63750030945,2.0374992718500256,0.0,1225.654052734375,408.5513610839844,OM,-0.46299999952316284,0.25954495421883417
SPARSE_541,0,24,104,0,0,0,0,0,0,0,0,0.0,6.64583364275,2.241665937700026,0.0,639.2308349609375,319.61541748046875,OM,-0.050999999046325684,0.18761663048443303
SPARSE_542,0,62,96,0,0,0,0,0,0,0,0,0.0,6.64583364275,2.3166659374000256,0.0,790.7839965820312,395.3919982910156,OM,-0.16599999368190765,0.18761663048443303
SPARSE_543,0,6,61,0,0,0,0,0,0,0,0,0.0,6.64583364275,2.537499269850026,0.0,334.2951354980469,334.2951354980469,OM,0.13899999856948853,0.26081725852863086
SPARSE_544,0,142,96,0,0,0,0,0,0,0,0,0.0,6.63750030945,2.6874992692500257,0.0,1188.795654296875,396.2652282714844,OM,-0.2750000059604645,0.23587416791409177
SPARSE_545,0,14,63,0,0,0,0,0,0,0,0,0.0,6.63750030945,2.262499270950026,0.0,385.5929260253906,385.5929260253906,OM,-0.050999999046325684,0.18761663048443303
SPARSE_546,0,69,14,0,0,0,0,0,0,0,0,0.0,6.63750030945,2.279165937550026,0.0,413.3098449707031,413.3098449707031,OM,-0.4650000035762787,0.2566287870807428
SPARSE_547,0,45,24,0,0,0,0,0,0,0,0,0.0,6.63750030945,2.420832603650026,0.0,343.0087585449219,343.0087585449219,OM,-0.34299999475479126,0.3188577347269268
SPARSE_548,0,72,55,0,0,0,0,0,0,0,0,0.0,6.6333336428,2.508332603300026,0.0,637.431396484375,318.7156982421875,OM,-0.26100000739097595,0.26081725852863086
SPARSE_549,0,370,3017,0,0,0,0,0,0,0,0,0.0,6.594489556933872,2.6213702372564773,0.0,16933.3984375,546.2386474609375,OM,-0.0949999988079071,0.0615182908061666
SPARSE_550,7,53,2,0,0,0,0,0,0,0,0,0.0,6.6291669761500005,2.4541659368500257,0.0,306.99658203125,306.99658203125,OM,-0.8460000157356262,0.3188577347269268
SPARSE_551,0,87,593,1,0,0,0,0,0,0,0,0.0,6.6031253095875,2.707290935837526,0.0,3401.138427734375,425.1423034667969,OM,0.05000000074505806,0.23587416791409177
SPARSE_552,0,43,204,26,0,0,0,0,0,0,0,0.0,6.6166669762,2.570832603050026,0.0,1369.2291259765625,342.3072814941406,OM,0.21400000154972076,0.4329637540367331
SPARSE_553,0,28,191,36,0,0,0,0,0,0,0,0.0,6.6097225317833335,2.287499270850026,0.0,1272.6422119140625,424.2140808105469,OM,0.3140000104904175,0.43204223588713525
SPARSE_554,0,85,9,0,0,0,0,0,0,0,0,0.0,6.60416697625,1.6291659401500258,0.0,467.0539855957031,467.0539855957031,OM,-0.3490000069141388,0.055861440602771664
SPARSE_555,5,84,76,4,0,0,0,0,0,0,0,0.0,6.6000003096,1.874999272500026,0.0,840.9439697265625,420.47198486328125,OM,-0.2529999911785126,0.5116952372142833
SPARSE_556,0,41,380,11,0,0,0,0,0,0,0,0.0,6.59250030963,1.952499272190026,0.0,2162.376220703125,432.4752502441406,OM,0.18400000035762787,0.3066050676129675
SPARSE_557,0,22,190,57,0,0,0,0,0,0,0,0.0,6.601389198483333,2.3458326039500257,0.0,1347.15283203125,449.0509338378906,OM,0.4180000126361847,0.45540824186583634
SPARSE_558,0,0,281,440,0,0,0,0,0,0,0,0.0,6.57916697635,2.370832603850026,0.0,3607.841064453125,515.4058837890625,OM,0.8479999899864197,0.24619098368395476
SPARSE_559,0,26,34,0,0,0,0,0,0,0,0,0.0,6.60416697625,2.554165936450026,0.0,303.41668701171875,303.41668701171875,OM,-0.1550000011920929,0.36150327734922594
SPARSE_560,0,24,51,0,0,0,0,0,0,0,0,0.0,6.60416697625,2.729165935750026,0.0,375.01416015625,375.01416015625,OM,-0.1120000034570694,0.23587416791409177
SPARSE_561,1,66,132,7,0,0,0,0,0,0,0,0.0,6.5916669763,1.7541659396500258,0.0,1021.7244873046875,510.86224365234375,OM,-0.019999999552965164,0.4329637540367331
SPARSE_562,2,35,32,2,0,0,0,0,0,0,0,0.0,6.59583364295,1.8958326057500259,0.0,350.7252502441406,350.7252502441406,OM,-0.2529999911785126,0.5116952372142833
SPARSE_563,0,5,61,0,0,0,0,0,0,0,0,0.0,6.59583364295,1.9791659387500258,0.0,333.72607421875,333.72607421875,OM,-0.07599999755620956,0.10091704635840891
SPARSE_564,0,57,263,33,0,0,0,0,0,0,0,0.0,6.581250309675,2.127082604825026,0.0,1769.0509033203125,442.2627258300781,OM,0.20800000429153442,0.4329637540367331
SPARSE_565,0,10,87,10,0,0,0,0,0,0,0,0.0,6.58750030965,2.204165937850026,0.0,533.6417846679688,533.6417846679688,OM,0.28200000524520874,0.37563324515633956
SPARSE_566,0,1451,2454,3,0,0,0,0,0,0,0,0.0,6.552778087566667,2.2952770485966925,0.0,19540.125,651.3375244140625,OM,-0.125,0.28323258993272643
SPARSE_567,0,107,182,0,0,0,0,0,0,0,0,0.0,6.581944754116667,2.334721492883359,0.0,1447.9248046875,482.6416015625,OM,-0.125,0.28323258993272643
SPARSE_568,0,25,45,0,0,0,0,0,0,0,0,0.0,6.58750030965,2.729165935750026,0.0,353.1143493652344,353.1143493652344,OM,-0.1340000033378601,0.23587416791409177
SPARSE_569,2,142,180,5,0,0,0,0,0,0,0,0.0,6.573611420816667,1.6680548288833592,0.0,1646.20556640625,548.7351684570312,OM,-0.15000000596046448,0.4329637540367331
SPARSE_570,0,10,153,2,0,0,0,0,0,0,0,0.0,6.5750003097,1.824999272700026,0.0,828.20947265625,414.104736328125,OM,0.1899999976158142,0.26601002747116026
SPARSE_571,0,4,70,66,3,0,0,0,0,0,0,0.0,6.57916697635,1.8624992725500258,0.0,721.2138671875,721.2138671875,OM,0.7570000290870667,0.5116952372142833
SPARSE_572,0,104,176,0,0,0,0,0,0,0,0,0.0,6.5750003097,2.012499271950026,0.0,1402.2574462890625,701.1287231445312,OM,-0.12300000339746475,0.28920667481185025
SPARSE_573,0,8,102,3,0,0,0,0,0,0,0,0.0,6.57083364305,1.7624992729500257,0.0,567.8650512695312,567.8650512695312,OM,0.2150000035762787,0.2986184873497502
SPARSE_574,0,7,175,238,18,0,0,0,0,0,0,0.0,6.56250030975,1.8841659391300258,0.0,2187.1572265625,437.43145751953125,OM,0.8880000114440918,0.5116952372142833
SPARSE_575,0,80,1,0,0,0,0,0,0,0,0,0.0,6.57083364305,2.070832605050026,0.0,403.6378479003906,403.6378479003906,OM,-0.46399998664855957,0.061878908453908775
SPARSE_576,16,757,749,16,0,0,0,0,0,0,0,0.0,6.551944754236667,2.6947214914433593,0.0,7691.50537109375,512.7670288085938,OM,-0.22100000083446503,0.4329637540367331
SPARSE_577,0,183,86,0,0,0,0,0,0,0,0,0.0,6.55416697645,1.8486103837166925,0.0,1344.5810546875,448.1936950683594,OM,-0.34200000762939453,0.26601002747116026
SPARSE_578,0,50,41,0,0,0,0,0,0,0,0,0.0,6.56250030975,1.9124992723500258,0.0,452.1438903808594,452.1438903808594,OM,-0.24699999392032623,0.23824833186001462
SPARSE_579,0,32,39,0,0,0,0,0,0,0,0,0.0,6.56250030975,1.937499272250026,0.0,356.6748046875,356.6748046875,OM,-0.17800000309944153,0.3066050676129675
SPARSE_580,0,19,50,4,0,0,0,0,0,0,0,0.0,6.56250030975,1.9624992721500258,0.0,366.4921875,366.4921875,OM,0.05700000002980232,0.43639928200258277
SPARSE_581,0,77,2,0,0,0,0,0,0,0,0,0.0,6.56250030975,2.104165938250026,0.0,390.930908203125,390.930908203125,OM,-0.42100000381469727,0.061878908453908775
SPARSE_582,0,41,83,4,0,0,0,0,0,0,0,0.0,6.56250030975,2.404165937050026,0.0,639.8533935546875,639.8533935546875,OM,-0.017999999225139618,0.4329637540367331
SPARSE_583,0,22,44,1,0,0,0,0,0,0,0,0.0,6.56250030975,2.554165936450026,0.0,329.5072021484375,329.5072021484375,OM,-0.0560000017285347,0.36150327734922594
SPARSE_584,0,61,65,0,0,0,0,0,0,0,0,0.0,6.56250030975,2.737499269050026,0.0,626.8815307617188,626.8815307617188,OM,-0.20800000429153442,0.24183052456059587
SPARSE_585,6,56,15,0,0,0,0,0,0,0,0,0.0,6.55416697645,2.229165937750026,0.0,381.6719665527344,381.6719665527344,OM,-0.5929999947547913,0.4329637540367331
SPARSE_586,0,2,54,6,0,0,0,0,0,0,0,0.0,6.54583364315,1.820832606050026,0.0,313.203857421875,313.203857421875,OM,0.35899999737739563,0.32668333476264627
SPARSE_587,0,11,266,0,0,0,0,0,0,0,0,0.0,6.5416669765,1.995832605350026,0.0,1389.0648193359375,694.5324096679688,OM,-0.0430000014603138,0.10091704635840891
SPARSE_588,0,0,86,0,0,0,0,0,0,0,0,0.0,6.54583364315,2.012499271950026,0.0,431.03900146484375,431.03900146484375,OM,0.14900000393390656,0.10091704635840891
SPARSE_589,1,60,16,0,0,0,0,0,0,0,0,0.0,6.54583364315,2.1124992715500257,0.0,385.1380920410156,385.1380920410156,OM,-0.49799999594688416,0.33813059488303815
SPARSE_590,1,64,17,0,0,0,0,0,0,0,0,0.0,6.54583364315,2.1291659381500256,0.0,408.8077392578125,408.8077392578125,OM,-0.49799999594688416,0.33813059488303815
SPARSE_591,0,4,87,3,0,0,0,0,0,0,0,0.0,6.53750030985,1.8041659394500258,0.0,469.7532043457031,469.7532043457031,OM,0.24699999392032623,0.27721520063045146
SPARSE_592,0,11,51,0,0,0,0,0,0,0,0,0.0,6.53750030985,1.8958326057500259,0.0,310.5252380371094,310.5252380371094,OM,0.007000000216066837,0.23824833186001462
SPARSE_593,0,5,73,0,0,0,0,0,0,0,0,0.0,6.53750030985,1.9208326056500258,0.0,392.79248046875,392.79248046875,OM,0.14800000190734863,0.23824833186001462
SPARSE_594,0,111,1,0,0,0,0,0,0,0,0,0.0,6.53750030985,2.4374992702500258,0.0,558.5490112304688,558.5490112304688,OM,-0.44999998807907104,0.04384062886293565
SPARSE_595,0,71,7,0,0,0,0,0,0,0,0,0.0,6.53750030985,2.712499269150026,0.0,389.2185974121094,389.2185974121094,OM,-0.550000011920929,0.24183052456059587
SPARSE_596,0,4,151,8,0,0,0,0,0,0,0,0.0,6.52916697655,1.824999272700026,0.0,814.6021118164062,407.3010559082031,OM,0.3269999921321869,0.27721520063045146
SPARSE_597,0,207,124,0,0,0,0,0,0,0,0,0.0,6.5208336432500005,2.0041659386500257,0.0,1654.3072509765625,413.5768127441406,OM,-0.27000001072883606,0.1626837458563912
SPARSE_598,1,129,21,0,0,0,0,0,0,0,0,0.0,6.52916697655,2.041665938500026,0.0,759.216796875,379.6083984375,OM,-0.5320000052452087,0.28920667481185025
SPARSE_599,5,108,14,0,0,0,0,0,0,0,0,0.0,6.5250003099,2.0958326049500258,0.0,637.814697265625,318.9073486328125,OM,-0.6349999904632568,0.33813059488303815
SPARSE_600,0,33,34,0,0,0,0,0,0,0,0,0.0,6.5208336432500005,1.7791659395500259,0.0,335.575439453125,335.575439453125,OM,-0.21699999272823334,0.04300000242392236
SPARSE_601,0,0,147,3,0,0,0,0,0,0,0,0.0,6.5208336432500005,1.9541659388500259,0.0,749.2075805664062,749.2075805664062,OM,0.5759999752044678,1.7533088949758106e-08
SPARSE_602,3,197,69,0,0,0,0,0,0,0,0,0.0,6.515278087716667,2.1319437159166927,0.0,1345.012451171875,448.3374938964844,OM,-0.4399999976158142,0.33813059488303815
SPARSE_603,0,17,215,73,0,0,0,0,0,0,0,0.0,6.5208336432500005,2.537499269850026,0.0,1524.6572265625,1524.6572265625,OM,0.47200000286102295,0.4329637540367331
SPARSE_604,1,32,38,1,0,0,0,0,0,0,0,0.0,6.5208336432500005,2.5624992697500257,0.0,359.8897399902344,359.8897399902344,OM,-0.16899999976158142,0.4329637540367331
SPARSE_605,3,146,169,4,0,0,0,0,0,0,0,0.0,6.502500309989999,2.050832605130026,0.0,1611.1534423828125,322.2306823730469,OM,-0.17599999904632568,0.4329637540367331
SPARSE_606,0,67,584,42,0,0,0,0,0,0,0,0.0,6.493981791505556,2.171758530572248,0.0,3462.5703125,384.73004150390625,OM,0.23800000548362732,0.3498375908456471
SPARSE_607,0,11,58,0,0,0,0,0,0,0,0,0.0,6.50416697665,1.887499272450026,0.0,343.8913879394531,343.8913879394531,OM,0.024000000208616257,0.23824833186001462
SPARSE_608,0,104,79,0,0,0,0,0,0,0,0,0.0,6.50416697665,1.941665938900026,0.0,916.267822265625,458.1339111328125,OM,-0.2409999966621399,0.13084723858775624
SPARSE_609,80,373,320,52,1,0,0,0,0,0,0,0.0,6.48750031005,2.251784985278597,0.0,4142.8388671875,591.8341064453125,OM,-0.3070000112056732,0.7134707501408339
SPARSE_610,0,45,63,0,0,0,0,0,0,0,0,0.0,6.48750031005,1.995832605350026,0.0,536.831787109375,536.831787109375,OM,-0.18299999833106995,0.1626837458563912
SPARSE_611,1,50,13,0,0,0,0,0,0,0,0,0.0,6.48750031005,2.0958326049500258,0.0,317.812255859375,317.812255859375,OM,-0.49900001287460327,0.33813059488303815
SPARSE_612,0,25,59,1,0,0,0,0,0,0,0,0.0,6.48750031005,2.204165937850026,0.0,424.1016540527344,424.1016540527344,OM,-0.02500000037252903,0.3498375908456471
SPARSE_613,6,96,38,0,0,0,0,0,0,0,0,0.0,6.48750031005,2.420832603650026,0.0,698.359375,698.359375,OM,-0.4830000102519989,0.4329637540367331
SPARSE_614,0,2,321,0,0,0,0,0,0,0,0,0.0,6.4750003101,1.9249992723000258,0.0,1614.83984375,403.7099609375,OM,0.11900000274181366,0.13084723858775624
SPARSE_615,0,28,142,2,0,0,0,0,0,0,0,0.0,6.4750003101,2.224999271100026,0.0,862.5154418945312,431.2577209472656,OM,0.07699999958276749,0.30204360086271065
SPARSE_616,0,23,45,2,0,0,0,0,0,0,0,0.0,6.47916697675,2.712499269150026,0.0,351.24371337890625,351.24371337890625,OM,-0.020999999716877937,0.4329637540367331
SPARSE_617,0,18,61,0,0,0,0,0,0,0,0,0.0,6.47083364345,1.8624992725500258,0.0,395.72064208984375,395.72064208984375,OM,-0.008999999612569809,0.27721520063045146
SPARSE_618,0,12,82,68,7,0,0,0,0,0,0,0.0,6.4666669768,1.999999272000026,0.0,845.5887451171875,422.79437255859375,OM,0.6899999976158142,0.6272037110349576
SPARSE_619,4,31,32,4,0,0,0,0,0,0,0,0.0,6.47083364345,2.029165938550026,0.0,353.93682861328125,353.93682861328125,OM,-0.19699999690055847,0.6272037110349576
SPARSE_620,2,94,32,0,0,0,0,0,0,0,0,0.0,6.47083364345,2.187499271250026,0.0,638.64111328125,638.64111328125,OM,-0.45500001311302185,0.3498375908456471
SPARSE_621,0,19,110,17,0,0,0,0,0,0,0,0.0,6.4666669768,2.691665935900026,0.0,735.3939819335938,367.6969909667969,OM,0.2669999897480011,0.4329637540367331
SPARSE_622,0,42,43,0,0,0,0,0,0,0,0,0.0,6.46250031015,1.7958326061500258,0.0,423.70367431640625,423.70367431640625,OM,-0.21699999272823334,0.04300000242392236
SPARSE_623,0,3,31,25,1,0,0,0,0,0,0,0.0,6.45416697685,2.012499271950026,0.0,301.50653076171875,301.50653076171875,OM,0.6899999976158142,0.5490601067564148
SPARSE_624,0,34,57,1,0,0,0,0,0,0,0,0.0,6.45416697685,2.087499271650026,0.0,466.50164794921875,466.50164794921875,OM,-0.0860000029206276,0.4018747286201869
SPARSE_625,2,136,145,3,0,0,0,0,0,0,0,0.0,6.447916976875,2.118749271525026,0.0,1429.82470703125,357.4561767578125,OM,-0.20000000298023224,0.42320918167087224
SPARSE_626,0,86,214,1,0,0,0,0,0,0,0,0.0,6.4500003102,2.229165937750026,0.0,1504.8739013671875,752.4369506835938,OM,-0.04699999839067459,0.30204360086271065
SPARSE_627,1,57,64,2,0,0,0,0,0,0,0,0.0,6.4416669769,1.8041659394500258,0.0,618.5974731445312,309.2987365722656,OM,-0.18473475595858804,0.4329637540367331
SPARSE_628,3,51,83,13,0,0,0,0,0,0,0,0.0,6.4416669769,1.8958326057500259,0.0,746.472900390625,373.2364501953125,OM,-0.004999999888241291,0.580371349542764
SPARSE_629,5,67,60,4,0,0,0,0,0,0,0,0.0,6.44583364355,1.9749992721000258,0.0,681.2300415039062,340.6150207519531,OM,-0.26100000739097595,0.5490601067564148
SPARSE_630,1,37,22,0,0,0,0,0,0,0,0,0.0,6.44583364355,2.162499271350026,0.0,302.5613098144531,302.5613098144531,OM,-0.36500000953674316,0.42320918167087224
SPARSE_631,0,0,79,10,0,0,0,0,0,0,0,0.0,6.44583364355,2.279165937550026,0.0,442.682373046875,442.682373046875,OM,0.6579999923706055,0.06151828456843306
SPARSE_632,0,1,125,0,0,0,0,0,0,0,0,0.0,6.43750031025,2.570832603050026,0.0,630.4844360351562,630.4844360351562,OM,0.12600000202655792,0.13948249692667047
SPARSE_633,1,21,35,5,0,0,0,0,0,0,0,0.0,6.42916697695,1.870832605850026,0.0,307.2441711425781,307.2441711425781,OM,-0.004999999888241291,0.5550788231524144
SPARSE_634,0,31,220,24,0,0,0,0,0,0,0,0.0,6.42916697695,1.9208326056500258,0.0,1375.2880859375,1375.2880859375,OM,0.2540000081062317,0.3873033686940821
SPARSE_635,1,31,36,2,0,0,0,0,0,0,0,0.0,6.42916697695,2.0208326052500256,0.0,346.7185363769531,346.7185363769531,OM,-0.1720000058412552,0.4809327836296411
SPARSE_636,0,15,70,0,0,0,0,0,0,0,0,0.0,6.42916697695,2.554165936450026,0.0,428.2665710449219,428.2665710449219,OM,-0.09000000357627869,0.13948249692667047
SPARSE_637,0,109,169,0,0,0,0,0,0,0,0,0.0,6.42083364365,2.643054824983359,0.0,1392.2799072265625,464.0932922363281,OM,-0.16300000250339508,0.20287607104961242
SPARSE_638,0,1,241,126,0,0,0,0,0,0,0,0.0,6.4083336437,1.968749272125026,0.0,1841.05517578125,460.2637939453125,OM,0.6480000019073486,0.32224149576332495
SPARSE_639,0,0,13,38,10,0,0,0,0,0,0,0.0,6.4125003103500005,1.9041659390500258,0.0,314.0658874511719,314.0658874511719,OM,1.2259999513626099,0.580371349542764
SPARSE_640,0,46,138,6,0,0,0,0,0,0,0,0.0,6.4125003103500005,1.929165938950026,0.0,949.0909423828125,949.0909423828125,OM,0.050999999046325684,0.3873033686940821
SPARSE_641,4,32,31,4,0,0,0,0,0,0,0,0.0,6.4125003103500005,1.995832605350026,0.0,352.666748046875,352.666748046875,OM,-0.23000000417232513,0.6264163696561339
SPARSE_642,0,0,78,0,0,0,0,0,0,0,0,0.0,6.40416697705,2.0958326049500258,0.0,390.56982421875,390.56982421875,OM,0.2720000147819519,0.135057405659049
SPARSE_643,0,0,63,23,0,0,0,0,0,0,0,0.0,6.40416697705,2.2208326044500257,0.0,428.88055419921875,428.88055419921875,OM,0.5870000123977661,0.30204360086271065
SPARSE_644,0,3,190,264,8,0,0,0,0,0,0,0.0,6.398611421516667,2.504165936650026,0.0,2327.2314453125,775.7438354492188,OM,0.871999979019165,0.4329637540367331
SPARSE_645,0,3,97,0,0,0,0,0,0,0,0,0.0,6.40416697705,2.6708326026500258,0.0,501.223876953125,501.223876953125,OM,0.15399999916553497,0.20287607104961242
SPARSE_646,0,2,53,23,0,0,0,0,0,0,0,0.0,6.39583364375,1.9124992723500258,0.0,389.0096740722656,389.0096740722656,OM,0.5669999718666077,0.3873033686940821
SPARSE_647,0,0,71,112,2,0,0,0,0,0,0,0.0,6.39583364375,1.937499272250026,0.0,924.8838500976562,924.8838500976562,OM,0.8930000066757202,0.3873033686940821
SPARSE_648,0,4,78,37,0,0,0,0,0,0,0,0.0,6.39583364375,2.179165937950026,0.0,596.2518310546875,596.2518310546875,OM,0.5770000219345093,0.42320918167087224
SPARSE_649,0,5,59,67,7,0,0,0,0,0,0,0.0,6.3833336438,1.8958326057500259,0.0,692.148193359375,346.0740966796875,OM,0.8339999914169312,0.580371349542764
SPARSE_650,0,62,364,9,0,0,0,0,0,0,0,0.0,6.373611421616667,1.9666659388000258,0.0,2176.6005859375,362.7667541503906,OM,0.12800000607967377,0.32224149576332495
SPARSE_651,2,43,131,50,2,0,0,0,0,0,0,0.0,6.3833336438,2.008332605300026,0.0,1144.3443603515625,572.1721801757812,OM,0.3160000145435333,0.6264163696561339
SPARSE_652,11,126,27,0,0,0,0,0,0,0,0,0.0,6.3833336438,2.137499271450026,0.0,819.5291748046875,409.76458740234375,OM,-0.6119999885559082,0.4018747286201869
SPARSE_653,0,25,39,1,0,0,0,0,0,0,0,0.0,6.38750031045,2.154165938050026,0.0,326.7137451171875,326.7137451171875,OM,-0.10700000077486038,0.4018747286201869
SPARSE_654,0,0,188,5,0,0,0,0,0,0,0,0.0,6.38750031045,2.633332602800026,0.0,965.6588745117188,482.8294372558594,OM,0.49300000071525574,0.1456639970930162
SPARSE_655,0,29,37,1,0,0,0,0,0,0,0,0.0,6.37916697715,1.937499272250026,0.0,333.3851318359375,333.3851318359375,OM,-0.16300000250339508,0.3873033686940821
SPARSE_656,0,2,41,28,1,0,0,0,0,0,0,0.0,6.37916697715,2.054165938450026,0.0,361.7342834472656,361.7342834472656,OM,0.6610000133514404,0.4809327836296411
SPARSE_657,0,12,39,16,1,0,0,0,0,0,0,0.0,6.37083364385,2.029165938550026,0.0,344.9291076660156,344.9291076660156,OM,0.3400000035762787,0.6264163696561339
SPARSE_658,0,0,56,23,0,0,0,0,0,0,0,0.0,6.37083364385,2.612499269550026,0.0,392.9716491699219,392.9716491699219,OM,0.6990000009536743,0.1456639970930162
SPARSE_659,0,305,33,0,0,0,0,0,0,0,0,0.0,6.360416977225,1.8895826057750258,0.0,1690.468505859375,422.61712646484375,OM,-0.38199999928474426,0.12663859199086003
SPARSE_660,0,259,18,0,0,0,0,0,0,0,0,0.0,6.36250031055,1.9166659390000258,0.0,1385.533203125,692.7666015625,OM,-0.4099999964237213,0.12663859199086003
SPARSE_661,21,116,77,6,0,0,0,0,0,0,0,0.0,6.356944755016667,2.001388160883359,0.0,1106.62744140625,368.8758239746094,OM,-0.41200000047683716,0.6264163696561339
SPARSE_662,0,3,269,1,0,0,0,0,0,0,0,0.0,6.36250031055,2.154165938050026,0.0,1371.3826904296875,457.1275634765625,OM,0.24799999594688416,0.20755849228912127
SPARSE_663,0,23,140,0,0,0,0,0,0,0,0,0.0,6.36250031055,2.2374992710500257,0.0,814.9430541992188,814.9430541992188,OM,0.004000000189989805,0.20755849228912127
SPARSE_664,0,0,80,0,0,0,0,0,0,0,0,0.0,6.35416697725,1.8374992726500259,0.0,401.9284973144531,401.9284973144531,OM,0.2930000126361847,0.02020727091549896
SPARSE_665,7,85,13,0,0,0,0,0,0,0,0,0.0,6.34583364395,2.204165937850026,0.0,520.9125366210938,520.9125366210938,OM,-0.6539999842643738,0.3741283110389989
SPARSE_666,0,11,119,35,0,0,0,0,0,0,0,0.0,6.33750031065,2.087499271650026,0.0,822.638916015625,822.638916015625,NA,0.4359999895095825,0.4329637540367331
SPARSE_667,0,18,42,1,0,0,0,0,0,0,0,0.0,6.33750031065,2.162499271350026,0.0,305.7298583984375,305.7298583984375,OM,-0.00800000037997961,0.3741283110389989
SPARSE_668,0,0,224,0,0,0,0,0,0,0,0,0.0,6.32916697735,1.8374992726500259,0.0,1121.5574951171875,1121.5574951171875,OM,0.257999986410141,0.02020727091549896
SPARSE_669,0,39,100,7,0,0,0,0,0,0,0,0.0,6.3250003107,2.029165938550026,0.0,727.6163330078125,363.80816650390625,OM,0.04600000008940697,0.4329637540367331
SPARSE_670,1,36,98,33,1,0,0,0,0,0,0,0.0,6.30416697745,1.833332606000026,0.0,849.0191650390625,424.50958251953125,OM,0.2639999985694885,0.6244562285363138
SPARSE_671,3,27,29,4,0,0,0,0,0,0,0,0.0,6.28750031085,1.8124992727500258,0.0,319.5010681152344,319.5010681152344,OM,-0.1809999942779541,0.6244562285363138
SPARSE_672,1,23,63,22,1,0,0,0,0,0,0,0.0,6.27916697755,1.829165939350026,0.0,546.278564453125,546.278564453125,OM,0.2639999985694885,0.6244562285363138
SPARSE_673,0,0,125,0,0,0,0,0,0,0,0,0.0,6.27083364425,1.7791659395500259,0.0,626.2808227539062,626.2808227539062,NA,0.12399999797344208,0.0926309863966827
SPARSE_674,0,0,172,0,0,0,0,0,0,0,0,0.0,6.25416697765,1.6999992732000258,0.0,862.297119140625,431.1485595703125,OM,0.2549999952316284,0.0926309863966827
