cat,h_tier1,h_tier2,h_tier3,h_tier4,h_tier5,hospital_1,hospital_2,hospital_3,hospital_4,hospital_5,schools,school_total_demand,lat,lon,distance_grid_km,pop_sum,density,cooling,rwi,rwi_std
GHSL_1,0,0,104,67,0,0,0,0,0,0,0,0.0,-16.834351231445094,29.71744277163648,28.85,857.074890136719,4345.51639762675,NA,0.227,0.5424549343466735
GHSL_2,0,0,90,114,0,0,0,0,0,0,0,0.0,-17.370530268697763,30.078045469978903,1.79,1024.44962263107,3907.01131403723,NA,0.353,0.1414213562373095
GHSL_3,0,6,110,6,0,0,0,0,0,0,0,0.0,-17.37847755970888,30.38380454296844,11.62,609.420158147812,1487.47902891826,NA,-0.197,2.191636128532841e-09
GHSL_4,0,2,196,48,0,0,0,0,0,0,0,0.0,-17.393025027381135,30.175440186734793,4.55,1227.79247665405,3655.09068316514,NA,0.053,0.03290896516314169
GHSL_5,0,0,0,89,72,0,0,0,0,0,0,0.0,-17.81929764587226,31.206878486643134,2.18,802.709067106247,3777.02785147205,NA,1.271,0.5424549343466735
GHSL_6,0,0,3,316,70,0,0,0,0,0,0,0.0,-17.831525365851945,30.993228994060843,1.8,1943.12586307526,4029.35772392745,NA,1.036,0.5424549343466735
GHSL_7,0,0,10,99,3,0,0,0,0,0,0,0.0,-18.029471924969844,31.058055996554366,1.76,560.422101974487,5279.77862334059,NA,0.71,0.5424549343466735
GHSL_8,0,24,141,2,0,0,0,0,0,0,1,4956000.0,-18.33229839642893,26.47318634444791,0.52,834.057236671448,2224.74589669631,NA,-0.37,0.5424549343466735
GHSL_9,0,1,104,31,0,0,0,0,0,0,1,12000000.0,-18.877155795032735,32.649943629955175,12.83,677.428010940552,1462.91259802135,NA,0.083,0.041012195163281084
GHSL_10,0,0,36,96,0,0,0,0,0,0,0,0.0,-18.89876109450878,29.808126926941785,9.34,662.662115097046,3021.42574170757,NA,0.492,0.24726975822638186
GHSL_11,0,0,75,130,0,0,0,0,0,0,0,0.0,-19.958498035003977,32.350879349936555,108.81,1024.80233478546,2227.87959474219,NA,0.412,0.40445890427856274
GHSL_12,0,0,29,113,1,0,0,0,0,0,0,0.0,-20.209944568455757,28.678039823935414,0.52,715.828333377838,2277.80747713003,NA,0.559,0.18032082240528957
GHSL_13,0,0,1,136,45,0,0,0,0,0,0,0.0,-20.283123151863816,30.046756328326072,44.3,909.035126686096,3527.54845510251,NA,1.105,0.5424549343466735
GHSL_14,0,0,10,134,5,0,0,0,0,0,0,0.0,-22.190781906396005,30.004031277431878,1.86,741.484212875366,4055.15019346659,AY,0.757,0.17182694782833105
GHSL_15,0,3,151,18,0,0,0,0,0,0,0,0.0,-17.34090552770822,31.362272614657424,1.69,863.122879743576,2106.20517262952,NA,-0.065,0.5424549343466735
GHSL_16,0,0,41,159,1,0,0,0,0,0,0,0.0,-17.361854212663918,30.16676716054354,0.97,1006.86325836182,3233.63455404409,NA,0.557,0.5424549343466735
GHSL_17,0,0,0,85,44,0,0,0,0,0,0,0.0,-17.754677408100402,31.163518834045977,8.17,645.887309551239,2257.0845315601,NA,1.188,0.5424549343466735
GHSL_18,0,0,13,683,86,0,0,0,0,0,1,12000000.0,-17.87059974571269,30.988326595551772,2.31,3912.30054616928,3469.16347990069,NA,0.943,0.5424549343466735
GHSL_19,0,0,2,138,24,0,0,0,0,0,1,4980000.0,-17.757419221781205,31.02843439931443,9.55,819.503175258636,3855.10676303363,NA,0.998,0.5424549343466735
GHSL_20,0,0,1,225,72,0,0,0,0,0,0,0.0,-17.77982376906123,31.076254358879403,8.58,1489.74133396149,4237.42016896159,NA,1.1,0.5424549343466735
GHSL_21,0,0,601,724,1,0,0,0,0,0,1,10788000.0,-17.943705382116406,31.04900922279431,8.63,6631.07895588875,1040.76353234254,NA,0.344,0.3618132554032961
GHSL_22,0,0,0,208,141,0,0,0,0,0,0,0.0,-17.932038488530324,31.005677968998125,7.88,1749.23963165283,1878.34585569841,NA,1.239,0.5424549343466735
GHSL_23,0,0,292,1093,8,0,0,0,0,0,3,36000000.0,-17.909669763849184,30.933571279666683,2.95,6962.85522532463,2360.8472788137,NA,0.551,0.5424549343466735
GHSL_24,0,0,0,86,58,0,0,0,0,0,0,0.0,-17.91631792105886,31.020253566103335,7.59,718.784476280212,4189.5343174668,NA,1.239,0.5424549343466735
GHSL_25,0,0,203,897,8,0,0,0,0,0,7,36804000.0,-17.943683551964284,25.8165055505282,1.71,5538.3435049057,3704.76414892779,NA,0.58,0.5424549343466735
GHSL_26,0,0,45,421,10,0,0,0,0,0,0,0.0,-18.322310128490866,29.913732949492204,9.91,2381.8568611145,2837.40170482399,NA,0.704,0.11030865786510143
GHSL_27,0,308,1801,25,0,0,0,0,0,0,1,12000000.0,-19.02467319460552,32.58816117636063,6.48,10673.3930740356,3037.11974856654,NA,-0.37,0.5424549343466735
GHSL_28,0,0,0,66,104,0,0,0,0,0,0,0.0,-20.185482399854788,28.598664802902363,7.23,851.896190643311,5034.24668517745,NA,1.397,0.5424549343466735
GHSL_29,0,0,0,75,34,0,0,0,0,0,0,0.0,-20.116418229414254,28.618769001950156,0.32,541.691226005554,3536.3513429184,NA,1.163,0.21783971590273907
GHSL_30,0,0,533,569,1,0,0,0,0,0,2,24000000.0,-20.18139433929615,32.62889156745287,132.04,5517.88912010193,3701.12097921755,NA,0.321,0.5424549343466735
GHSL_31,0,0,0,83,100,0,0,0,0,0,0,0.0,-20.189530920829363,32.60824719585489,132.88,915.702917575836,2913.82005325441,NA,1.345,0.5424549343466735
GHSL_32,0,0,1,199,78,0,0,0,0,0,0,0.0,-18.937353609437036,29.784889575870345,8.09,1389.13302087784,3801.67767071111,NA,1.139,0.5424549343466735
GHSL_33,0,0,1,408,280,0,0,0,0,0,2,20364000.0,-20.10124770801851,28.504182619300327,6.21,3446.53656768799,3532.74819433416,NA,1.241,0.5424549343466735
GHSL_34,0,0,0,86,62,0,0,0,0,0,0,0.0,-17.930904988513166,30.96569714218003,4.6,741.742990970612,3242.84748513811,NA,1.251,0.3618132554032961
GHSL_35,0,0,1,398,299,0,0,0,0,0,0,0.0,-18.992050537968804,32.60676276941309,7.24,3487.22962284088,3767.67256234659,NA,1.258,0.5424549343466735
GHSL_36,0,1,485,377,0,0,0,0,0,0,0,0.0,-19.469164261868066,29.840992392074625,18.96,4313.40155172348,3649.6412902633,NA,0.261,0.5424549343466735
GHSL_37,0,0,3,195,28,0,0,0,0,0,0,0.0,-17.895663307749327,30.91348693901021,2.62,1133.22648048401,2311.76352607917,NA,0.965,0.5424549343466735
GHSL_38,0,0,1,109,34,0,0,0,0,0,2,22548000.0,-18.213006807410963,28.945273748567743,50.05,718.009819984436,2668.04087466115,NA,1.095,0.5424549343466735
GHSL_39,0,2,203,39,0,0,0,0,0,0,1,12000000.0,-18.23132443920939,28.95352050832924,48.15,1218.89364862442,3050.42832991626,NA,0.008,0.5424549343466735
GHSL_40,0,0,7,135,8,0,0,0,0,0,4,48000000.0,-18.33649604372389,29.887750516206477,7.52,745.685517787933,3812.29814820007,NA,0.821,0.5424549343466735
GHSL_41,0,0,0,66,39,0,0,0,0,0,1,12000000.0,-20.095724579867422,28.514971428493126,7.34,524.426299095154,2322.60797147443,NA,1.21,0.5424549343466735
GHSL_42,0,0,0,107,84,0,0,0,0,0,1,11484000.0,-20.120937455112447,28.578164334600768,4.52,956.352859973907,2824.3991800862,NA,1.267,0.5424549343466735
GHSL_43,0,0,138,155,0,0,0,0,0,0,0,0.0,-22.216624055116334,29.980853974279707,0.24,1466.37619590759,3547.88602788117,AY,0.331,0.5424549343466735
GHSL_44,0,0,14,563,59,0,0,0,0,0,0,0.0,-20.159537192192808,28.551622182437153,8.67,3178.86924314499,3081.63741929151,NA,0.915,0.5424549343466735
GHSL_45,0,0,5,263,34,0,0,0,0,0,0,0.0,-17.015928062391318,30.853434263532673,11.17,1507.54814624786,7982.85698827705,NA,0.948,0.6075850390241937
GHSL_46,0,0,4,93,6,0,0,0,0,0,0,0.0,-20.04669315166385,30.80858465588633,29.45,513.198421478271,3534.7165156781,NA,0.833,0.5424549343466735
GHSL_47,0,0,3,174,23,0,0,0,0,0,0,0.0,-18.961007799429645,32.636541389443316,10.53,999.129567623138,3969.21010497036,NA,0.95,0.5424549343466735
GHSL_48,0,0,30,1569,203,0,0,0,0,0,1,8232000.0,-17.023595760359754,30.859410409095894,12.16,9010.93195152283,13384.8250965848,NA,0.948,0.5424549343466735
GHSL_49,0,0,223,8448,832,0,4,1,0,0,10,116040000.0,-17.368571689842103,30.191522651371766,2.71,47515.5893068314,3993.75324829241,NA,0.905,0.5424549343466735
GHSL_50,0,0,3,96,9,0,0,0,0,0,0,0.0,-17.682352844768722,31.1189016827049,13.87,541.765999078751,1655.76405586415,NA,0.902,0.5424549343466735
GHSL_51,0,0,104,23482,8632,0,1,0,0,0,13,110424000.0,-17.73928229863056,31.129301898241994,12.2,161096.433324099,3505.90257131702,NA,1.126,0.5424549343466735
GHSL_52,0,0,2036,117617,16397,0,25,0,1,0,139,1412484000.0,-17.859105922877475,31.00935986399244,3.25,680251.814263105,4427.92464628856,NA,0.96,0.5424549343466735
GHSL_53,0,21,4048,1392,0,0,0,0,0,0,1,12000000.0,-17.84033390353936,31.248669187713965,2.56,27305.4512469769,1238.34715534198,NA,0.111,0.5424549343466735
GHSL_54,0,0,177,4029,250,0,0,0,0,0,1,12000000.0,-17.869563782535614,31.206774656205056,0.71,22277.2597579956,3770.53298707726,NA,0.835,0.5424549343466735
GHSL_55,0,0,0,1230,4630,1,2,0,0,0,3,14112000.0,-17.93306384323756,25.830989120355305,0.95,29480.4369602203,5811.30166304064,NA,1.555,0.5424549343466735
GHSL_56,0,0,0,60,26,0,0,0,0,0,0,0.0,-18.014936636213967,31.04363938667064,1.75,427.848821640015,4366.69546478888,NA,1.155,0.5424549343466735
GHSL_57,0,0,9,2668,1151,0,0,0,0,0,1,12000000.0,-18.00536223157402,31.0308813731927,1.62,19142.0497148037,3940.04198763962,NA,1.155,0.5424549343466735
GHSL_58,0,0,14,2455,758,1,0,0,0,0,4,43308000.0,-18.22216047984819,28.939521460720304,48.96,16136.5062837601,2830.81536692219,NA,1.095,0.5424549343466735
GHSL_59,0,0,1,2487,3214,1,2,0,0,0,9,75396000.0,-18.34072625821677,29.910946416230768,10.0,28532.5991344452,3916.10490951329,NA,1.36,0.5424549343466735
GHSL_60,0,0,10,213,12,0,0,0,0,0,0,0.0,-18.525667609711032,32.13625697135311,14.09,1176.59324336052,1829.67879103119,NA,0.825,0.5424549343466735
GHSL_61,0,0,1026,5050,53,1,0,0,0,0,7,61992000.0,-18.540136085341114,32.12534507384489,12.47,30646.3490049839,4508.87154511379,NA,0.598,0.5424549343466735
GHSL_62,0,0,261,41996,12332,0,10,0,2,0,65,622476000.0,-20.17355579879793,28.56833735239325,7.36,272951.181326866,4114.73761894362,NA,1.086,0.5424549343466735
GHSL_63,0,0,1,1383,1650,1,1,0,0,0,1,8112000.0,-20.191448497758156,32.620692492045436,133.26,15181.8451132774,3933.29071782918,NA,1.345,0.5424549343466735
GHSL_64,0,0,24,3293,858,1,0,0,0,0,2,21552000.0,-22.203764378350254,29.991408723001626,1.47,20874.6257419586,5169.18798051812,AY,1.065,0.5424549343466735
GHSL_65,0,0,3,564,197,0,0,0,0,0,0,0.0,-17.770116545465786,30.962488717929336,8.1,3819.17520666122,3593.23273244508,NA,1.117,0.4843906811834658
GHSL_66,0,0,34,20876,14259,2,3,0,0,0,34,381336000.0,-17.815289315721124,30.956544396879636,2.86,175877.532851696,4335.29806396158,NA,1.24,0.5424549343466735
GHSL_67,0,0,46,1330,103,0,0,0,0,0,1,12000000.0,-17.8218584343037,30.888785162475052,2.91,7392.7278470993,1783.86647646301,NA,0.868,0.5424549343466735
GHSL_68,0,0,25,6343,2506,1,2,0,0,0,7,67704000.0,-18.929110547936705,29.805429657127753,9.64,44368.9147415161,5002.92942807969,NA,1.139,0.5424549343466735
GHSL_69,0,0,330,12067,1151,0,1,0,0,0,17,161388000.0,-18.98557089405494,32.63180541655684,10.16,67743.2666482925,4321.00092789229,NA,0.9,0.5424549343466735
GHSL_70,0,0,75,7482,1571,0,4,1,0,0,10,105792000.0,-17.310127444464246,31.340544392987958,1.27,45644.4487061501,4257.30967324204,NA,1.028,0.5424549343466735
GHSL_71,0,0,0,10,237,0,0,0,0,0,0,0.0,-17.810384755459154,31.044751162941086,3.97,1317.51267433167,5036.97957828047,NA,1.849,0.5424549343466735
GHSL_72,0,0,0,146,79,0,0,0,0,0,0,0.0,-18.12867302921954,30.160654772987275,15.47,1128.25384521484,1868.69390660429,NA,1.198,0.5424549343466735
GHSL_73,0,0,23,6578,2838,1,2,0,0,0,13,138252000.0,-18.127034030911982,30.138689519345487,16.9,47196.1059112549,5431.23611969808,NA,1.155,0.5424549343466735
GHSL_74,0,0,1,151,65,0,0,0,0,0,0,0.0,-18.133867096893336,30.131073063511344,17.03,1086.04546165466,3597.57078621407,NA,1.155,0.5424549343466735
GHSL_75,0,0,2,1909,1596,0,0,0,0,0,5,60000000.0,-19.01231895993831,32.60139300763651,7.16,17542.3187322617,3879.82520558657,NA,1.278,0.5424549343466735
GHSL_76,0,0,6,147,11,0,0,0,0,0,1,8400000.0,-19.451734267957164,29.857903257935444,21.56,815.755899906158,3148.91025702182,NA,0.856,0.21920310823697592
GHSL_77,0,0,43,1131,81,0,0,0,0,0,0,0.0,-19.4468479203706,29.846119877899277,21.32,6273.54287242889,3587.1211955601,NA,0.856,0.5424549343466735
GHSL_78,0,0,3,1585,922,0,1,0,0,0,5,60000000.0,-20.080937090973276,28.512979277352887,7.15,12555.8629250526,3139.16663792799,NA,1.21,0.5424549343466735
GHSL_79,0,0,59,888,36,0,0,0,0,0,0,0.0,-20.171024866112884,28.664994177530577,1.96,4919.62113857269,2787.4455222487,NA,0.774,0.5424549343466735
GHSL_80,0,0,1,687,401,0,0,0,0,0,3,17916000.0,-20.17100192236006,28.645585718161584,3.65,5447.7799987793,2650.92978439854,NA,1.211,0.5424549343466735
GHSL_81,0,0,228,693,4,0,0,0,0,0,1,12000000.0,-22.183033427649168,29.99234916675762,0.53,4623.68367147446,4806.573804745,AY,0.514,0.5424549343466735
GHSL_82,0,0,42,6095,1671,1,2,0,0,0,4,45240000.0,-17.883694619161243,31.231907230598274,2.73,39041.6253771782,2965.96576783817,NA,1.074,0.5424549343466735
GHSL_83,0,0,448,706,1,0,0,0,0,0,1,12000000.0,-18.911562520979423,29.86210331557284,15.11,5775.51369380951,4389.01703660517,NA,0.394,0.5424549343466735
GHSL_84,0,0,217,6704,550,0,1,0,0,0,8,91152000.0,-18.906310644839074,29.845364618523462,13.22,37359.0389251709,5250.25039892012,NA,0.877,0.5424549343466735
GHSL_85,0,0,37,9778,3949,0,5,0,0,0,30,328344000.0,-20.130698736268318,28.498738491461395,5.33,68826.5921325684,4114.58953369851,NA,1.143,0.5424549343466735
GHSL_86,0,0,154,7399,888,0,6,1,0,0,8,86928000.0,-19.45577130162899,29.807953545019497,18.41,42207.6466245651,3940.73506339634,NA,0.936,0.5424549343466735
GHSL_87,0,0,139,87,0,0,0,0,0,0,4,11760000.0,-17.9290485402003,25.81700031597219,2.4,1131.99546289444,1799.63762735339,NA,0.221,0.5424549343466735
GHSL_88,0,0,124,2555,144,0,2,0,0,0,8,74136000.0,-18.345588865471033,29.889924277633877,8.03,14112.7464270592,4976.0224542669,NA,0.821,0.5424549343466735
GHSL_89,0,0,27,260,7,0,0,0,0,0,0,0.0,-17.37845205714228,30.208175980777018,4.38,1466.40336704254,3376.61557937594,NA,0.71,0.5424549343466735
GHSL_90,0,0,10,166,8,0,0,0,0,0,0,0.0,-17.379184910651226,30.176876139494535,3.15,918.956510543823,3031.07913682333,NA,0.794,0.16758430714121175
GHSL_91,0,0,1,98,18,0,0,0,0,0,0,0.0,-17.700723541779258,31.103119959263115,15.25,586.056384086609,2311.29699611865,NA,1.0,0.23263812831297584
GHSL_92,0,0,70,567,11,0,1,0,0,0,4,47508000.0,-17.854839205561586,30.96731159401981,1.0,3245.89447307587,4270.93625897487,NA,0.679,0.5424549343466735
GHSL_93,0,0,36,204,3,0,0,0,0,0,1,12000000.0,-17.86484996815828,30.69572319107252,1.0,1213.68717646599,1500.17944553957,NA,0.624,0.5424549343466735
GHSL_94,0,0,11,2734,1068,0,2,0,0,0,2,24000000.0,-17.88055112497623,30.69510134290762,2.37,19065.8055524826,3461.80419971534,NA,1.137,0.5424549343466735
GHSL_95,0,0,120,62,0,0,0,0,0,0,0,0.0,-18.00290744742427,31.011110504559568,1.34,912.538980960846,1085.05288493047,NA,0.187,0.5424549343466735
GHSL_96,0,0,426,6150,240,0,3,1,0,0,3,29604000.0,-20.059730201224752,30.82297815897501,29.4,34081.4237136841,4608.39038276781,NA,0.769,0.5424549343466735
GHSL_97,0,0,26,1157,131,0,0,0,0,0,2,24000000.0,-20.113905848522787,28.608457917446593,1.29,6571.33798694611,3622.66765177988,NA,0.927,0.5424549343466735
GHSL_103,0,0,4,139,13,0,0,0,0,0,0,0.0,-17.811558836946055,31.148197788097892,8.45,776.692595005035,3800.79566921965,NA,0.894,0.35257622875985983
GHSL_104,0,0,10,4221,2338,0,2,0,0,0,3,36000000.0,-17.883291027419535,31.113486462990647,8.29,32846.3087716103,3471.33520890725,NA,1.201,0.5424549343466735
GHSL_108,0,0,190,2537,91,0,0,0,0,0,1,12000000.0,-18.02469732936781,31.147176625813426,5.84,14090.3151820898,966.281338363199,NA,0.757,0.5424549343466735
GHSL_109,0,1,410,191,0,0,0,0,0,0,0,0.0,-18.051771224528952,31.092746004262384,1.54,3015.15808010101,702.222184982179,NA,0.166,0.08838834684752833
GHSL_110,0,0,4,2310,1487,0,0,0,0,0,2,22476000.0,-18.976361541802284,32.68662661343095,15.63,19009.5650262833,4493.93516975984,NA,1.229,0.5424549343466735
GHSL_111,0,0,21,372,18,0,0,0,0,0,1,12000000.0,-20.122988096671374,28.55092599079044,7.41,2056.11114740372,3923.65159896135,NA,0.796,0.5424549343466735
GHSL_115,0,0,1,119,30,0,0,0,0,0,0,0.0,-18.009105713745857,31.078979043527795,4.93,749.7245054245,5401.27881145852,NA,1.059,0.5424549343466735
GHSL_116,0,0,6,103,5,0,0,0,0,0,0,0.0,-17.742764175478886,30.973548086034892,11.07,569.989067316055,1548.84124702061,NA,0.786,0.4843906811834658
GHSL_117,0,0,29,31238,29201,4,6,0,0,0,23,211188000.0,-17.81431781048108,31.1020511443211,7.76,302458.829877377,4138.45385323708,NA,1.299,0.5424549343466735
GHSL_118,0,0,90,18894,6606,0,1,0,1,0,12,112860000.0,-17.774695950743794,31.0042784034112,7.48,127951.950241566,4320.80898026631,NA,1.117,0.5424549343466735
GHSL_119,0,0,10,142,5,0,0,0,0,0,0,0.0,-17.866003498688727,31.150544022978824,5.14,788.248725414276,1968.51550194861,NA,0.767,0.38890873479451665
GHSL_120,0,0,68,24405,12003,0,2,0,0,0,9,102276000.0,-17.8947035099459,31.15743846488841,3.85,182393.910937786,6791.48670867546,NA,1.179,0.5424549343466735
GHSL_121,0,6,24771,49713,135,0,1,0,0,0,42,473508000.0,-18.018283059637874,31.078834060406425,4.12,373128.071180582,9710.83969725813,NA,0.439,0.5424549343466735
GHSL_122,0,0,164,10581,1608,1,2,1,0,0,6,59316000.0,-18.96940467997261,32.664429457659864,13.5,61764.9932379723,4474.73137890746,NA,0.974,0.5424549343466735
GHSL_123,0,0,484,9918,554,0,6,0,0,0,26,292428000.0,-20.135566688846424,28.53338859222032,9.15,54778.6346254349,4226.03546756463,NA,0.82,0.5424549343466735
GHSL_124,0,0,22,7836,3854,0,1,0,1,0,9,68160000.0,-20.19258042841789,28.616969941673666,5.63,58561.4540882111,3403.86369335765,NA,1.179,0.5424549343466735
GHSL_125,0,26,112,1,0,0,0,0,0,0,0,0.0,-16.031216752493275,31.048637061734752,76.97,692.019740104675,748.757595674507,NA,-0.419,0.06222808363357036
GHSL_126,0,20,93,1,0,0,0,0,0,0,0,0.0,-16.047029656866098,31.03963211146705,75.11,572.920824050903,771.445627453982,NA,-0.41,0.06222808363357036
GHSL_127,0,43,71,0,0,0,0,0,0,0,0,0.0,-16.06727658152806,30.562791750162635,78.98,572.662887573242,499.37901685044,NA,-0.596,0.09114823206130222
GHSL_128,0,32,128,1,0,0,0,0,0,0,1,9384000.0,-16.112538178541488,30.588511995928116,73.3,804.529824733734,527.256288000193,NA,-0.435,0.25001066645311615
GHSL_129,0,26,210,4,0,0,0,0,0,0,0,0.0,-16.139556681574152,31.156324979883866,69.3,1200.97461867332,566.627079054244,NA,-0.319,0.5424549343466735
GHSL_130,0,1,95,17,0,0,0,0,0,0,0,0.0,-16.15237406947241,30.566975540120847,70.36,566.931803703308,630.67893880044,NA,-0.005,0.25001066645311615
GHSL_131,1,180,48,0,0,0,0,0,0,0,0,0.0,-16.164760013792915,30.588012695546134,68.51,1147.64922618866,740.230710292084,NA,-0.929,0.5424549343466735
GHSL_132,0,2,115,16,0,0,0,0,0,0,0,0.0,-16.187077078989585,30.629251425505444,63.96,664.14709186554,706.574247441343,NA,-0.048,0.5424549343466735
GHSL_133,0,37,105,1,0,0,0,0,0,0,1,3336000.0,-16.186474831731825,30.982913901017813,58.71,711.729227304459,634.710521239641,NA,-0.495,0.03676955262170051
GHSL_134,0,62,65,0,0,0,0,0,0,0,0,0.0,-16.19534799906591,31.49904368506214,56.15,635.094127893448,583.543863033103,NA,-0.682,0.11384419177103418
GHSL_135,0,56,120,0,0,0,0,0,0,0,1,7212000.0,-16.198857839709937,30.969233585835333,57.17,879.958679676056,702.146978771868,NA,-0.547,0.03676955262170051
GHSL_136,0,99,1543,68,0,0,1,0,0,0,2,16308000.0,-16.23495361531123,31.702238547096727,34.69,8555.32078337669,611.187119821989,NA,-0.217,0.5424549343466735
GHSL_137,0,13,99,2,0,0,0,0,0,0,0,0.0,-16.206783629215497,31.601969098432132,46.02,569.693207979202,539.809361714677,NA,-0.329,0.04242640687119285
GHSL_138,0,56,139,1,0,0,0,0,0,0,0,0.0,-16.21952178416901,31.52197888998304,52.65,978.830114841461,503.116688570466,NA,-0.521,0.11384419177103418
GHSL_139,0,23,256,8,0,0,0,0,0,0,0,0.0,-16.22914013421688,31.6209440752959,43.09,1436.95035624504,520.350944754275,NA,-0.269,0.04242640687119285
GHSL_140,0,86,81,0,0,0,0,0,0,0,1,6852000.0,-16.251193361789944,30.955782056510014,51.26,833.79648065567,632.201165510288,NA,-0.701,0.5424549343466735
GHSL_141,0,79,126,0,0,0,0,0,0,0,1,8028000.0,-16.258907757383266,31.75929240338394,28.94,1026.87701749802,548.851569355893,NA,-0.6,0.0965701817332866
GHSL_142,0,37,146,1,0,0,0,0,0,0,2,17640000.0,-16.270267929235054,30.45222061587863,67.18,920.784855127335,749.789387087038,NA,-0.435,0.5424549343466735
GHSL_143,0,56,65,0,0,0,0,0,0,0,0,0.0,-16.276396124077163,31.797987445204527,24.52,606.995067596436,827.495758423555,NA,-0.66,0.0965701817332866
GHSL_144,0,157,477,3,0,0,0,0,0,0,0,0.0,-16.309335864011235,31.744648540120032,27.14,3183.17543530464,599.843427614984,NA,-0.483,0.5424549343466735
GHSL_145,0,51,103,0,0,0,0,0,0,0,0,0.0,-16.30424726530959,31.542301243822127,45.84,772.64746594429,475.960417534632,NA,-0.558,0.5424549343466735
GHSL_146,0,53,61,0,0,0,0,0,0,0,0,0.0,-16.294650869301087,30.899354316211873,45.84,566.875278234482,642.870986116241,NA,-0.662,0.04737613478336095
GHSL_147,0,94,124,0,0,0,0,0,0,0,0,0.0,-16.303430657111505,30.461627546732352,63.83,1090.70917963982,671.884814155801,NA,-0.637,0.5424549343466735
GHSL_148,0,61,70,0,0,0,0,0,0,0,1,2532000.0,-16.2953081727963,31.808201163790624,22.38,654.779824495316,696.967161292041,NA,-0.66,0.0965701817332866
GHSL_149,0,84,48,0,0,0,0,0,0,0,0,0.0,-16.310477237026454,30.77972177145725,45.56,662.906178236008,718.301597429793,NA,-0.794,0.1421284630184961
GHSL_150,0,34,140,1,0,0,0,0,0,0,0,0.0,-16.320459850997374,31.827639843377003,18.93,874.775771379471,583.308286687474,NA,-0.431,0.0965701817332866
GHSL_151,0,53,102,0,0,0,0,0,0,0,0,0.0,-16.321827649048558,30.736771966943994,45.74,779.808136224747,775.712374885352,NA,-0.567,0.5424549343466735
GHSL_152,0,63,51,0,0,0,0,0,0,0,0,0.0,-16.320646068380377,30.7040717995809,47.16,570.831877231598,672.579740352057,NA,-0.731,0.5424549343466735
GHSL_153,0,43,97,0,0,0,0,0,0,0,0,0.0,-16.327133792704227,30.538735553763928,56.24,705.51443862915,757.7051707934,NA,-0.537,0.10010452870208553
GHSL_154,0,55,80,0,0,0,0,0,0,0,1,3876000.0,-16.335298727846716,30.56092326109935,53.93,678.233946561813,680.345507559353,NA,-0.617,0.10010452870208553
GHSL_155,0,32,144,1,0,0,0,0,0,0,2,9216000.0,-16.333701986775537,30.67852079923706,47.11,882.63311958313,723.855603380674,NA,-0.412,0.5424549343466735
GHSL_156,0,60,136,0,0,0,0,0,0,0,0,0.0,-16.332344751353013,31.850325305384185,16.33,982.639140605927,617.946237089549,NA,-0.536,0.0965701817332866
GHSL_157,0,93,180,0,0,0,1,0,0,0,0,0.0,-16.353077878246943,31.29977274034392,58.13,1372.13077521324,557.015973348078,NA,-0.565,0.5424549343466735
GHSL_158,0,2,152,23,0,0,0,0,0,0,0,0.0,-16.343070025239033,31.87395558293697,13.61,888.87523317337,556.180647805039,NA,-0.027,0.24695394307441215
GHSL_159,0,37,116,1,0,0,0,0,0,0,0,0.0,-16.344937002742835,30.636570592191646,48.29,768.064783811569,690.620616386435,NA,-0.475,0.10010452870208553
GHSL_160,0,78,71,0,0,0,1,0,0,0,0,0.0,-16.347167457225876,30.612481416212386,49.58,742.425108194351,672.540987829192,NA,-0.706,0.10010452870208553
GHSL_161,0,48,80,0,0,0,0,0,0,0,0,0.0,-16.350782455952885,30.776674123966753,41.3,645.544775485992,824.813256038243,NA,-0.593,0.1421284630184961
GHSL_162,0,43,69,0,0,0,0,0,0,0,0,0.0,-16.357254283938108,31.771051193809324,21.98,558.897039413452,639.960080441687,NA,-0.599,0.1732866122930447
GHSL_163,0,92,313,2,0,0,0,0,0,0,0,0.0,-16.36265876224011,30.72243900352165,42.02,2034.82233142853,812.45348261868,NA,-0.462,0.5424549343466735
GHSL_164,0,12,129,4,0,0,0,0,0,0,0,0.0,-16.366214841554886,31.021851392204024,40.52,723.442812919617,609.79970085261,NA,-0.274,0.2556840466763671
GHSL_165,0,88,125,0,0,0,1,0,0,0,0,0.0,-16.374040171435716,31.86678444028698,12.24,1065.96536850929,473.971165881157,NA,-0.621,0.24695394307441215
GHSL_166,0,81,153,0,0,0,0,0,0,0,2,10824000.0,-16.37239158648495,31.72322583949667,25.46,1171.52085614204,497.22865078488,NA,-0.568,0.5424549343466735
GHSL_167,0,55,55,0,0,0,0,0,0,0,0,0.0,-16.374158441223276,31.800001330881454,18.37,553.175631046295,438.884073841051,NA,-0.688,0.1732866122930447
GHSL_168,0,32,243,5,0,0,0,0,0,0,1,11328000.0,-16.379855058646037,31.783204403242777,19.58,1400.53538680077,582.248593051263,NA,-0.328,0.1732866122930447
GHSL_169,0,63,126,0,0,0,0,0,0,0,0,0.0,-16.387018399486866,30.757279437559557,38.19,944.335679531097,895.73858980955,NA,-0.558,0.5424549343466735
GHSL_170,0,20,113,2,0,0,1,0,0,0,2,18684000.0,-16.384742619095867,30.734667490520387,39.33,673.237343788147,1857.66894776478,NA,-0.374,0.5424549343466735
GHSL_171,0,20,110,1,0,0,0,0,0,0,1,4476000.0,-16.390128378198103,31.830379567399543,14.33,656.795830488205,492.264494039049,NA,-0.376,0.1732866122930447
GHSL_172,0,20,146,3,0,0,0,0,0,0,0,0.0,-16.4017288706218,31.033368681992247,37.39,839.99521446228,572.981330567282,NA,-0.332,0.2556840466763671
GHSL_173,0,67,290,3,0,0,0,0,0,0,0,0.0,-16.428144011270362,31.894968836543942,6.55,1795.38964533806,631.936093770657,NA,-0.42,0.24695394307441215
GHSL_174,0,25,139,2,0,0,0,0,0,0,0,0.0,-16.448650398536582,31.85937846982435,8.69,830.390234470367,758.190573031434,NA,-0.379,0.24695394307441215
GHSL_175,0,33,88,0,0,0,0,0,0,0,0,0.0,-16.467311417432338,31.670396673735546,23.26,607.859876394272,476.303860242099,NA,-0.506,0.17324116139070414
GHSL_176,0,12,110,3,0,0,0,0,0,0,1,2472000.0,-16.462794983552183,31.81763122132204,11.79,624.227052688599,798.012538953802,NA,-0.297,0.17103313060172431
GHSL_177,0,19,123,2,0,0,0,0,0,0,0,0.0,-16.467994440995575,31.305832579606136,47.94,718.299548864365,641.487546070832,NA,-0.354,0.5424549343466735
GHSL_178,0,17,102,1,0,0,0,0,0,0,2,15588000.0,-16.46447636793146,31.729253960649793,18.53,599.582485198975,555.880788778413,NA,-0.364,0.17103313060172431
GHSL_179,0,0,84,29,0,0,0,0,0,0,0,0.0,-16.469344009831037,31.2434135464086,46.21,568.558231115341,600.49433880454,NA,0.115,0.4772970789867935
GHSL_180,0,1,98,32,0,0,0,0,0,0,0,0.0,-16.478484488752052,31.282033721088876,49.28,651.251307725906,1614.33778875433,NA,0.099,0.5424549343466735
GHSL_181,0,10,101,3,0,0,0,0,0,0,0,0.0,-16.475706404019533,31.90157564413434,3.32,567.496632099152,526.179443645756,NA,-0.288,0.5424549343466735
GHSL_182,0,10,99,3,0,0,0,0,0,0,0,0.0,-16.48788266792585,31.196384636549915,41.11,559.697335958481,601.612264003896,NA,-0.287,0.5424549343466735
GHSL_183,0,42,92,0,0,0,0,0,0,0,0,0.0,-16.48709620996148,31.34554423732017,43.42,673.707357645035,556.667466207451,NA,-0.542,0.1951614697530258
GHSL_184,0,4,175,19,0,0,0,0,0,0,1,9840000.0,-16.493828497812725,31.45431800751714,35.1,989.506783723831,622.74577437605,NA,-0.082,0.5424549343466735
GHSL_185,0,160,103,0,0,0,0,0,0,0,2,19416000.0,-16.503981927564283,31.107015495704882,32.76,1314.84386777878,616.67816749542,NA,-0.771,0.5424549343466735
GHSL_186,0,21,242,8,0,0,0,0,0,0,1,1896000.0,-16.49931919032223,31.675203931894792,20.37,1355.86621809006,598.920006232619,NA,-0.261,0.17324116139070414
GHSL_187,0,6,117,7,0,0,0,0,0,0,1,4392000.0,-16.511596991045934,31.53902922634697,29.05,646.056403875351,493.639993639755,NA,-0.174,0.5424549343466735
GHSL_188,0,0,39,307,6,0,0,0,0,0,1,5196000.0,-16.52497956114146,28.798365898584116,0.39,1758.99533939362,5087.56576945259,NA,0.676,0.5424549343466735
GHSL_189,0,46,78,0,0,0,0,0,0,0,0,0.0,-16.535815415984636,30.727741829627526,25.5,620.893484592438,628.634172367283,NA,-0.592,0.5424549343466735
GHSL_190,0,15,116,2,0,0,0,0,0,0,1,5976000.0,-16.571440841881312,31.632507907788074,17.59,666.648251056671,618.398763554358,NA,-0.327,0.5424549343466735
GHSL_191,0,0,70,83,0,0,0,0,0,0,0,0.0,-16.57026974430464,31.575937678334157,21.49,765.573938846588,1632.16237947265,NA,0.34,2.5288108933826254e-09
GHSL_192,0,5,153,13,0,0,0,0,0,0,0,0.0,-16.581306851372904,31.60173111196888,18.96,856.384205818176,667.139626005979,NA,-0.127,0.5424549343466735
GHSL_193,0,57,83,0,0,0,0,0,0,0,0,0.0,-16.61953766690354,31.728247774165627,6.66,705.446513175964,621.380307881179,NA,-0.618,0.5424549343466735
GHSL_194,0,26,161,2,0,0,0,0,0,0,2,12516000.0,-16.61761163884948,31.65784112954892,11.95,951.407383441925,605.483742595985,NA,-0.363,0.2743574311003804
GHSL_195,0,25,264,8,0,0,0,0,0,0,1,7668000.0,-16.619006421746725,32.452176628950355,44.57,1481.15538549423,560.888718679044,NA,-0.274,0.5424549343466735
GHSL_196,0,2,151,32,0,0,0,0,0,0,1,5628000.0,-16.626425275232002,31.67527781304934,9.95,924.736795186996,677.186244645393,NA,0.025,0.2743574311003804
GHSL_197,0,0,101,126,0,0,1,0,0,0,1,12000000.0,-16.63485598459576,32.019509661584166,8.84,1138.77531909943,1357.11607675226,NA,0.35,0.5424549343466735
GHSL_198,0,38,172,2,0,1,1,0,0,0,2,16440000.0,-16.63876162461333,32.13932573018488,18.89,1062.44592618942,746.502164690651,NA,-0.414,0.5424549343466735
GHSL_199,0,14,194,8,0,0,0,0,0,0,1,5400000.0,-16.648397702271378,32.64916154329444,65.04,1075.96936988831,525.267066871345,NA,-0.233,0.20788939366884496
GHSL_200,0,18,125,2,0,0,0,0,0,0,2,15996000.0,-16.654152819011816,32.41669362202366,43.06,724.249679327011,607.187184059187,NA,-0.342,0.5424549343466735
GHSL_201,0,19,108,1,0,0,0,0,0,0,1,3192000.0,-16.664888406109515,32.317892194962575,35.57,639.021600246429,532.119087752188,NA,-0.374,0.5424549343466735
GHSL_202,0,45,135,1,0,0,0,0,0,0,1,2772000.0,-16.712079568927965,30.715053154779337,16.63,905.059765100479,495.781089877644,NA,-0.484,0.025106435113462274
GHSL_203,0,15,178,6,0,0,0,0,0,0,0,0.0,-16.712695495943276,30.770029124402324,10.96,997.092621326447,469.986632939395,NA,-0.257,0.1520279579551077
GHSL_204,0,34,81,0,0,0,0,0,0,0,1,4092000.0,-16.708094546706217,32.738268324752596,76.33,579.567981719971,542.164081721972,NA,-0.527,0.20788939366884496
GHSL_205,0,12,654,92,0,0,1,0,0,0,2,23448000.0,-16.74040199089406,30.797183550009617,6.96,3788.22100806236,559.826321132133,NA,-0.042,0.1520279579551077
GHSL_206,0,37,83,0,0,0,0,0,0,0,0,0.0,-16.72103158828277,29.394846689559223,16.32,597.978031635284,491.352560579328,NA,-0.536,0.5424549343466735
GHSL_207,0,0,176,132,0,0,1,0,0,0,1,10380000.0,-16.729696196838137,31.117865808050357,24.73,1543.78843069077,1501.93181594453,NA,0.255,0.5424549343466735
GHSL_208,0,34,86,0,0,0,0,0,0,0,1,7812000.0,-16.721264608942263,30.666623986622447,21.25,604.996849536896,529.307469343223,NA,-0.518,0.025106435113462274
GHSL_209,0,26,220,5,0,0,0,0,0,0,1,12000000.0,-16.765272855608604,31.638393166710244,0.12,1254.84099030495,633.354712127754,NA,-0.313,0.050204582391475544
GHSL_210,0,13,110,3,0,0,0,0,0,0,0,0.0,-16.766555643825672,30.7800697519967,8.11,623.395372629166,505.530854015461,NA,-0.306,0.5424549343466735
GHSL_211,0,0,216,449,1,0,0,0,0,0,0,0.0,-16.777312949146285,31.579276004880974,6.55,3331.19015097618,1800.92040090742,NA,0.446,0.5424549343466735
GHSL_212,0,9,106,4,0,0,0,0,0,0,0,0.0,-16.78108455900179,28.87615325514038,27.57,590.624160528183,399.148263426651,OM,-0.253,0.1513208511739212
GHSL_213,0,15,127,3,0,0,0,0,0,0,0,0.0,-16.77809496365066,31.62801695033127,1.45,724.964519500732,572.62642196081,NA,-0.313,0.5424549343466735
GHSL_214,0,32,105,1,0,0,0,0,0,0,1,1776000.0,-16.790842400421297,28.85422796273212,29.06,684.494312763214,394.699631118767,OM,-0.467,0.1513208511739212
GHSL_215,0,34,207,3,0,0,0,0,0,0,2,13152000.0,-16.79494631964341,31.25473082529841,40.38,1219.00883364677,588.547760924777,NA,-0.362,0.5424549343466735
GHSL_216,0,0,0,658,728,0,0,0,0,0,0,0.0,-16.823889775200545,29.709743392118547,29.26,6935.66345262527,3889.20399593674,NA,1.331,0.5424549343466735
GHSL_217,0,16,104,2,0,0,0,0,0,0,0,0.0,-16.81440989461001,31.587654171681347,5.53,608.775291442871,649.751773229904,NA,-0.351,0.2566797521298227
GHSL_218,0,38,66,0,0,0,0,0,0,0,0,0.0,-16.81514339112013,31.458676834164383,19.33,519.793103456497,726.970321180953,NA,-0.584,0.21206437163512193
GHSL_219,0,2,126,22,0,0,0,0,0,0,1,5292000.0,-16.838912890735244,29.41611497842844,7.74,745.661994695663,1649.7311770076,NA,-0.007,0.3396866145058385
GHSL_220,0,7,118,6,0,0,0,0,0,0,0,0.0,-16.845145741003503,30.74019102174562,8.24,655.045549869537,517.595386537864,NA,-0.202,0.5424549343466735
GHSL_221,0,2,110,18,0,0,0,0,0,0,2,10560000.0,-16.857022755265632,31.09391771080177,26.69,651.291988134384,531.956574015716,NA,-0.015,0.5424549343466735
GHSL_222,0,0,91,39,0,0,1,0,0,0,0,0.0,-16.880811961704417,31.12433085272066,30.5,649.866075754166,832.606564539237,NA,0.15,0.5424549343466735
GHSL_223,0,51,55,0,0,0,0,0,0,0,0,0.0,-16.896565183442146,32.63992310589527,78.25,533.5568318367,450.991982638613,NA,-0.675,0.5424549343466735
GHSL_224,0,0,25,528,30,0,0,0,0,0,0,0.0,-16.899588222607488,30.161256106861305,46.36,2915.96613121033,2075.71914659652,NA,0.822,0.5424549343466735
GHSL_225,0,5,148,13,0,0,0,0,0,0,2,21432000.0,-16.910929879920708,31.53156374481636,11.5,828.321816205978,690.703323265305,NA,-0.116,0.18177275554620717
GHSL_226,0,4,107,9,0,0,0,0,0,0,0,0.0,-16.940139895926432,31.607198919044215,3.25,595.484018325806,641.559541475492,NA,-0.123,0.17960299640377536
GHSL_227,0,6,390,64,0,0,0,0,0,0,1,5544000.0,-16.96821026794786,32.847785706225025,100.75,2300.83565378189,681.70242046293,NA,-0.017,0.5424549343466735
GHSL_228,0,7,135,7,0,0,0,0,0,0,0,0.0,-16.96844660718735,32.82030363830139,98.39,745.826795101166,480.53744752238,NA,-0.191,0.5424549343466735
GHSL_229,0,0,173,205,0,1,0,0,0,0,1,12000000.0,-16.992749167143607,32.66851299977081,87.43,1892.15339565277,1347.60985701877,NA,0.34,0.5424549343466735
GHSL_230,0,142,315,1,0,0,0,0,0,0,1,7068000.0,-17.016665377699162,31.17949102260191,25.95,2293.33061027527,588.046787523033,NA,-0.54,0.5424549343466735
GHSL_231,0,58,72,0,0,0,0,0,0,0,1,6684000.0,-17.012615076310354,30.18531963107901,33.8,648.021355628967,626.38745335711,NA,-0.647,0.5424549343466735
GHSL_232,0,8,129,6,0,0,0,0,0,0,2,18348000.0,-17.009060426902554,31.4147467929798,14.52,711.525128126144,577.700749503629,NA,-0.204,0.5424549343466735
GHSL_233,0,0,21,218,6,0,0,0,0,0,1,12000000.0,-17.02125735277139,30.84314401799606,10.61,1222.91973876953,3546.5452664275,NA,0.72,0.5424549343466735
GHSL_234,0,36,159,2,0,0,0,0,0,0,1,12000000.0,-17.060258104815123,31.082784738401664,19.89,986.121248960495,572.104715986459,NA,-0.419,0.5424549343466735
GHSL_235,0,65,307,3,0,0,0,0,0,0,1,12000000.0,-17.07745497251699,31.430355751900983,8.31,1877.93497800827,615.110552756652,NA,-0.406,0.5424549343466735
GHSL_236,0,41,177,2,0,0,1,0,0,0,2,14928000.0,-17.06915501415455,31.139291266244356,19.0,1100.80336618423,583.152773625836,NA,-0.422,0.18243354634296877
GHSL_237,0,1,296,120,0,0,0,0,0,0,2,22008000.0,-17.124668436153016,31.983600223441247,40.3,2086.66833376884,750.138945080712,NA,0.14,0.5424549343466735
GHSL_238,0,35,88,0,0,0,0,0,0,0,1,11112000.0,-17.119435645058985,31.00609484137914,14.03,616.551593542099,560.726209901005,NA,-0.517,0.43840620433565947
GHSL_239,0,1,93,31,0,0,0,0,0,0,0,0.0,-17.12684059289676,31.029384993194842,13.2,619.023149728775,558.78721228661,NA,0.103,0.43840620433565947
GHSL_240,0,8,128,6,0,0,1,0,0,0,0,0.0,-17.138963769176133,31.044920399106722,11.62,709.249709606171,726.38593068271,NA,-0.22,0.5424549343466735
GHSL_241,0,64,315,3,0,0,0,0,0,0,2,15240000.0,-17.146621182467168,31.558135335356546,3.07,1916.18049287796,549.538380902491,NA,-0.4,0.5424549343466735
GHSL_242,0,19,152,3,0,0,0,0,0,0,0,0.0,-17.14695146583585,31.5995524259741,1.35,874.460333347321,683.222876996475,NA,-0.321,0.5424549343466735
GHSL_243,0,13,107,2,0,0,0,0,0,0,2,14748000.0,-17.170960952528866,30.98494377518054,8.63,614.411648273468,619.015264797769,NA,-0.32,0.5424549343466735
GHSL_244,0,2,114,19,0,0,1,0,0,0,0,0.0,-17.19135139374481,31.090484537482553,5.36,674.43320775032,595.853349176521,NA,-0.013,0.3401183531527723
GHSL_245,0,13,102,2,0,0,0,0,0,0,0,0.0,-17.243524857309485,30.98214788347059,0.56,587.170062065125,577.538739308182,NA,-0.323,0.02333452377915609
GHSL_246,0,0,153,86,0,0,0,0,0,0,0,0.0,-17.24209696532168,31.03677639491143,0.31,1195.04805397987,636.486212228392,NA,0.201,0.5424549343466735
GHSL_247,0,21,103,1,0,0,0,0,0,0,0,0.0,-17.242449702795245,30.961226252981234,0.73,624.482092857361,518.125829189098,NA,-0.396,0.5424549343466735
GHSL_248,0,0,31,290,7,0,1,0,0,0,2,20304000.0,-17.27538006838534,30.03236750172704,12.96,1643.37278270721,1285.00133139666,NA,0.701,0.5424549343466735
GHSL_249,0,12,152,5,0,0,0,0,0,0,2,18336000.0,-17.27902975911458,32.47381521493892,91.58,845.968091487885,593.057524184399,NA,-0.254,0.5424549343466735
GHSL_250,0,17,171,5,0,0,0,0,0,0,1,12000000.0,-17.284222314698255,31.578233943683514,7.28,962.830207586288,1806.8763630647,NA,-0.287,3.371748041020976e-10
GHSL_251,0,2,118,16,0,0,0,0,0,0,1,9216000.0,-17.301277311450626,30.03347998739224,10.69,682.235862731934,2133.99991596558,NA,-0.043,0.5424549343466735
GHSL_252,0,0,93,66,0,0,0,0,0,0,1,5136000.0,-17.312092454216994,31.579409688473895,10.24,793.994621753693,1899.29510737714,NA,0.244,0.17606958843642498
GHSL_253,0,0,4,249,37,0,0,0,0,0,1,11076000.0,-17.316044878884426,31.322075044156286,2.29,1449.96129131317,3158.85299156167,NA,0.969,0.5424549343466735
GHSL_254,0,0,125,223,0,0,0,0,0,0,1,12000000.0,-17.33085662873897,31.291879330697423,4.67,1740.39999437332,1984.55594291873,NA,0.417,0.38768156030378853
GHSL_255,0,0,1,353,155,0,0,0,0,0,0,0.0,-17.359264710627563,31.06293221507954,12.87,2547.77087783813,2591.09396899981,NA,1.158,0.5424549343466735
GHSL_256,0,36,99,0,0,0,0,0,0,0,0,0.0,-17.36932935655465,30.930794430611652,13.74,676.625966310501,1619.13300097752,NA,-0.499,0.5424549343466735
GHSL_257,0,0,0,125,55,0,0,0,0,0,0,0.0,-17.369138369129246,31.060475315432523,13.9,902.346043109894,2685.92141516366,NA,1.158,0.5424549343466735
GHSL_258,0,0,27,106,1,0,0,0,0,0,0,0.0,-17.36974489711892,30.15704559733984,1.38,667.731357574463,1771.52783472122,NA,0.557,0.16758430714121175
GHSL_259,0,1,280,122,0,0,1,0,0,0,2,19980000.0,-17.373121779145674,30.067429216539214,1.97,2013.65514564514,3900.75422133334,NA,0.153,0.1414213562373095
GHSL_260,0,7,141,8,0,0,0,0,0,0,0,0.0,-17.388229610365254,31.32548621434544,3.11,781.657648563385,548.296797018842,NA,-0.179,0.5424549343466735
GHSL_261,0,3,159,24,0,0,0,0,0,0,0,0.0,-17.39857064750078,30.202508280918796,6.2,926.572981834412,1884.88746864073,NA,-0.033,0.5424549343466735
GHSL_262,0,3,244,43,0,0,0,0,0,0,0,0.0,-17.402098909451404,30.16419901353604,5.0,1452.97064495087,2814.96718056038,NA,-0.004,0.03290896516314169
GHSL_263,0,0,9,268,22,0,0,0,0,0,0,0.0,-17.4127220203081,32.24557620751469,75.4,1495.842846632,1942.29485813266,NA,0.877,0.42339810132278693
GHSL_264,0,7,112,5,0,0,0,0,0,0,1,12000000.0,-17.436093431066926,31.32883373751177,0.71,620.081030368805,508.051554708365,NA,-0.219,0.5424549343466735
GHSL_265,0,0,74,32,0,0,0,0,0,0,0,0.0,-17.461723839101815,28.054556165489327,124.87,529.90593624115,513.449578447094,NA,0.154,0.5424549343466735
GHSL_266,0,19,102,1,0,0,0,0,0,0,0,0.0,-17.523085842859743,31.490536842637795,17.35,612.624101400375,623.574061927828,NA,-0.382,0.1340857931415359
GHSL_267,0,9,186,11,0,0,1,0,0,0,2,21456000.0,-17.524444562005648,31.252649358711974,7.79,1027.67297244072,682.200952491437,NA,-0.169,0.28173983261962976
GHSL_268,0,56,86,0,0,0,0,0,0,0,1,12000000.0,-17.537867701224194,31.176009292171834,15.88,707.585105895996,564.888146356687,NA,-0.607,0.28173983261962976
GHSL_269,0,2,94,12,0,0,0,0,0,0,0,0.0,-17.54769591465273,31.4788102232174,16.28,540.920630931854,629.282212208989,NA,-0.061,0.5424549343466735
GHSL_270,0,4,192,24,0,0,0,0,0,0,0,0.0,-17.546786423627292,31.466146854748345,14.92,1098.43165016174,1490.77943270513,NA,-0.061,0.1340857931415359
GHSL_271,0,1,907,1130,1,0,1,0,0,0,2,24000000.0,-17.56097664662843,31.20834766918556,12.2,10197.1374080181,1132.56143478701,NA,0.35,0.5424549343466735
GHSL_272,0,14,165,5,0,0,0,0,0,0,0,0.0,-17.55625313798718,31.454216991351167,13.79,925.542476892471,743.910031840825,NA,-0.262,0.1340857931415359
GHSL_273,0,31,160,2,0,0,0,0,0,0,1,12000000.0,-17.56390472801793,31.433556542787727,11.69,962.311056375504,716.89069563263,NA,-0.389,0.5424549343466735
GHSL_274,0,13,146,5,0,0,0,0,0,0,1,11100000.0,-17.590155508453762,31.31239956800878,0.91,816.184346914291,635.14067360621,NA,-0.266,0.5424549343466735
GHSL_275,0,15,217,9,0,0,0,0,0,0,1,12000000.0,-17.5953809953354,28.366602777953673,112.96,1205.38317465782,759.14845629768,NA,-0.223,0.21885232292958973
GHSL_276,0,31,163,2,0,0,0,0,0,0,0,0.0,-17.617628291120283,31.295102412104182,1.76,978.878447771072,524.664123831323,NA,-0.385,0.5424549343466735
GHSL_277,0,0,102,211,1,0,0,0,0,0,0,0.0,-17.625776917807098,27.339250232855655,93.09,1567.1471118927,1024.15246217185,OM,0.444,0.5424549343466735
GHSL_278,0,108,681,11,0,0,0,0,0,0,2,24000000.0,-17.621816229779366,31.15633175132137,12.88,3999.72941040993,1339.13757402497,NA,-0.358,0.5424549343466735
GHSL_279,0,43,105,0,0,0,0,0,0,0,0,0.0,-17.620370614971723,31.7717616176937,47.87,741.562042236328,616.478032885772,NA,-0.521,0.5424549343466735
GHSL_280,0,0,15,457,37,0,0,0,0,0,2,22080000.0,-17.646658156182962,31.776792426877826,48.7,2548.10731697083,2273.20013218515,NA,0.876,9.103719278981149e-09
GHSL_281,0,0,488,582,1,0,0,0,0,0,1,12000000.0,-17.670742720747835,31.17593131285278,8.26,5354.46221995354,710.64450692651,NA,0.342,0.5424549343466735
GHSL_282,0,0,2,426,155,0,0,0,0,0,0,0.0,-17.66720657190622,31.102870393530562,15.91,2916.9623196125,1443.61253412605,NA,1.124,0.5424549343466735
GHSL_283,0,34,147,1,0,0,0,0,0,0,1,9168000.0,-17.693645592544165,28.34721667927837,101.91,912.648952245712,448.090815299405,NA,-0.42,0.21885232292958973
GHSL_284,0,94,946,26,0,0,2,0,0,0,1,9108000.0,-17.713169656124272,29.005550115701816,94.33,5326.26362466812,983.735803747022,NA,-0.282,0.5424549343466735
GHSL_285,0,0,36,136,1,0,1,0,0,0,3,16428000.0,-17.699907169116255,30.196490069609823,13.04,867.967490673065,1082.81477014714,NA,0.551,0.10960155260120144
GHSL_286,0,4,197,23,0,0,0,0,0,0,0,0.0,-17.70499568802961,31.47099722014634,18.99,1123.88811397552,654.32605617614,NA,-0.07,0.5424549343466735
GHSL_287,0,0,11,189,9,0,0,0,0,0,0,0.0,-17.705174373794705,31.15267267580436,9.98,1044.56135845184,3192.81500932829,NA,0.799,0.19516147160748706
GHSL_288,0,0,214,297,0,0,0,0,0,0,0,0.0,-17.716219315857547,31.04522342068539,14.24,2555.6061258316,1570.23808720664,NA,0.37,0.2541770093545427
GHSL_289,0,0,74,70,0,0,2,0,0,0,1,5268000.0,-17.71271437209481,30.548008218595744,5.1,724.498975276947,757.097314340507,NA,0.298,0.2396587850112704
GHSL_290,0,0,1,146,40,0,0,0,0,0,0,0.0,-17.710285120653026,31.166011038000782,8.51,935.149053573608,2788.6677468878,NA,1.075,0.19516147160748706
GHSL_291,0,0,54,1130,64,0,0,0,0,0,2,7356000.0,-17.72932994410139,30.941926591384473,12.69,6240.9365298748,1236.8429627298,NA,0.822,0.5424549343466735
GHSL_292,0,61,85,0,0,0,0,0,0,0,0,0.0,-17.727955702701564,28.25408576704666,97.32,732.629889011383,473.987409106565,NA,-0.626,0.5424549343466735
GHSL_293,0,1,102,30,0,0,0,0,0,0,0,0.0,-17.727439580641597,31.483296119809328,21.42,661.133351564407,621.868570051364,NA,0.084,0.5899177175172011
GHSL_294,0,0,28,420,17,0,0,0,0,0,0,0.0,-17.73368852215413,31.03709385666768,12.22,2327.88621091843,3558.15329377358,NA,0.774,0.5424549343466735
GHSL_295,0,36,105,1,0,0,0,0,0,0,1,6996000.0,-17.746162563958737,29.048054967209954,92.78,705.483464241028,456.476228297316,NA,-0.488,0.5424549343466735
GHSL_296,0,1,110,35,0,0,0,0,0,0,0,0.0,-17.742477025430905,29.015318022873423,96.03,728.379892110825,631.674003892037,NA,0.099,0.5424549343466735
GHSL_297,0,0,29,156,2,0,0,0,0,0,0,0.0,-17.74837780080324,30.934931623662564,10.56,933.11187171936,1653.69976326934,NA,0.616,0.33160347183821076
GHSL_298,0,1,221,81,0,0,1,0,0,0,2,20412000.0,-17.764101494205864,31.489424430675218,24.5,1514.97101593018,537.072946468176,NA,0.122,0.5899177175172011
GHSL_299,0,74,48,0,0,0,0,0,0,0,0,0.0,-17.754833260384913,31.480513841571092,23.05,614.344737529755,491.107653858463,NA,-0.769,0.5899177175172011
GHSL_300,0,32,91,0,0,0,0,0,0,0,0,0.0,-17.77825262590508,32.9956158726121,64.57,617.9072701931,487.585435099662,NA,-0.498,0.5424549343466735
GHSL_301,0,24,166,3,0,0,0,0,0,0,0,0.0,-17.786364716350942,28.593964229508657,93.82,961.368062019348,496.143392939366,NA,-0.342,0.3549675913430049
GHSL_302,0,0,1,346,129,0,0,0,0,0,0,0.0,-17.780975625537682,30.949933304657865,6.91,2387.17844629288,4055.19278357536,NA,1.129,0.5424549343466735
GHSL_303,0,0,454,2035,19,0,0,0,0,0,1,12000000.0,-17.79153798598101,30.90330894644569,6.34,12539.8645284176,1861.40319356528,NA,0.582,0.5424549343466735
GHSL_304,0,59,90,0,0,0,0,0,0,0,0,0.0,-17.792901895942894,28.175062241459372,89.32,743.55965089798,528.760495987089,NA,-0.608,0.10535891646594175
GHSL_305,0,46,460,12,0,0,0,0,0,0,0,0.0,-17.79323107681087,30.86179129379163,5.97,2591.14142417908,908.087015004407,NA,-0.285,0.5424549343466735
GHSL_306,0,0,11,145,5,0,0,0,0,0,0,0.0,-17.797198002709347,31.165527375089226,6.87,806.674841403961,2055.49484620628,NA,0.76,0.35257622875985983
GHSL_307,0,10,119,4,0,0,0,0,0,0,0,0.0,-17.81749432785857,31.36336864446798,13.42,661.097901344299,565.581385755191,NA,-0.252,0.2589740934272374
GHSL_308,0,0,45,114,0,0,0,0,0,0,0,0.0,-17.822986435028668,30.86929152033389,2.73,800.080312490463,897.991968818634,NA,0.48,0.33160347183821076
GHSL_309,0,0,173,120,0,0,0,0,0,0,2,24000000.0,-17.8391079599465,31.363670256535503,14.17,1465.56529378891,556.927646737327,NA,0.24,0.2589740934272374
GHSL_310,0,18,178,5,0,0,0,0,0,0,0,0.0,-17.845546404398117,30.857996323548544,0.2,1001.70768022537,770.931020962338,NA,-0.286,0.33160347183821076
GHSL_311,0,0,26,250,6,0,0,0,0,0,0,0.0,-17.856179229349312,31.38085682585395,16.48,1409.55687570572,1612.02015968102,NA,0.708,0.5424549343466735
GHSL_312,0,0,169,251,0,0,0,0,0,0,0,0.0,-17.86174238553314,32.937181179067736,52.99,2101.45522165298,734.723173782597,NA,0.383,0.5424549343466735
GHSL_313,0,5,160,15,0,0,0,0,0,0,0,0.0,-17.86069981578319,31.35261268816614,13.5,898.921965003014,567.011548740112,NA,-0.11,0.5424549343466735
GHSL_314,0,0,184,218,0,0,0,0,0,0,0,0.0,-17.862792469235536,30.868592488918022,1.61,2010.2215116024,1472.98758694242,NA,0.341,0.33160347183821076
GHSL_315,0,0,5,134,10,0,0,0,0,0,0,0.0,-17.861714027523856,30.895714276547192,0.68,742.631298065186,1356.3447411715,NA,0.869,0.5424549343466735
GHSL_316,0,0,16,227,9,0,0,0,0,0,0,0.0,-17.85937287693701,31.151417572675726,5.46,1258.9748415947,2567.65957251325,NA,0.767,0.5424549343466735
GHSL_317,0,0,4,268,39,0,0,0,0,0,0,0.0,-17.882073105720952,30.89461911542069,1.03,1554.41787981987,970.568496250055,NA,0.965,0.5424549343466735
GHSL_318,0,0,2,422,165,0,0,0,0,0,0,0.0,-17.88121693048727,30.71716278805537,3.8,2941.01125812531,2665.97286678658,NA,1.137,0.5424549343466735
GHSL_319,0,0,29,220,4,0,0,0,0,0,0,0.0,-17.915909223384105,31.09858012608081,10.65,1268.95070362091,2251.07407443742,NA,0.667,0.3618132554032961
GHSL_320,0,18,149,3,0,0,0,0,0,0,2,19200000.0,-17.922050268270777,29.08254169115164,83.45,852.448475599289,656.288629067419,NA,-0.316,0.12116656608043987
GHSL_321,0,0,243,150,0,0,0,0,0,0,1,12000000.0,-17.9307520936703,30.92424148133554,1.15,1970.27766168118,809.360999588876,NA,0.218,0.3618132554032961
GHSL_322,0,0,48,358,7,0,0,0,0,0,1,8652000.0,-17.935202727773955,31.1030282172018,10.94,2062.13062524796,2450.81230040629,NA,0.667,0.3618132554032961
GHSL_323,0,0,15,239,10,0,1,0,0,0,1,8640000.0,-17.943602572444345,29.295125013710248,62.56,1322.80981564522,660.983023949326,NA,0.783,0.5424549343466735
GHSL_324,0,0,4,605,160,0,0,0,0,0,0,0.0,-17.954552334219795,31.011049236205622,5.91,3850.65729808807,2114.13539556079,NA,1.068,0.3618132554032961
GHSL_325,0,0,10,155,7,0,0,0,0,0,1,8640000.0,-17.95646768078762,29.31252724790058,60.37,854.507095575333,731.652971686232,NA,0.783,0.5424549343466735
GHSL_326,0,0,116,430,3,0,0,0,0,0,0,0.0,-17.960573236927388,30.997738723451597,4.67,2744.70927453041,1507.0544065999,NA,0.549,0.3618132554032961
GHSL_327,0,0,91,336,2,0,0,0,0,0,0,0.0,-17.96636518007908,30.98429298124962,3.39,2148.15879011154,2711.64037080524,NA,0.549,0.3618132554032961
GHSL_328,0,0,2,354,107,0,0,0,0,0,0,0.0,-17.979781065052084,31.00817132000796,3.45,2314.04081559181,1676.62890909603,NA,1.091,0.3618132554032961
GHSL_329,0,76,66,0,0,0,0,0,0,0,0,0.0,-17.981905923505977,27.21621098198989,52.53,711.60808467865,506.60024924335,NA,-0.716,0.5424549343466735
GHSL_330,0,0,22,161,3,0,0,0,0,0,0,0.0,-17.989580065922905,29.243205383229142,66.88,930.448543071747,1519.22368041758,NA,0.66,0.49851028200092146
GHSL_331,0,0,16,205,7,0,0,0,0,0,0,0.0,-17.99274637269487,30.995506681419606,1.52,1142.48939371109,1195.79556856665,NA,0.747,0.5424549343466735
GHSL_332,0,89,848,22,0,0,0,0,0,0,0,0.0,-18.025316317888734,31.0106190671111,0.84,4794.87856817245,823.638302139304,NA,-0.292,0.5424549343466735
GHSL_333,0,1,587,601,1,0,1,0,0,0,0,0.0,-18.06338380911469,31.209088389879255,1.02,5947.92241978645,679.109154346256,NA,0.313,0.5424549343466735
GHSL_334,0,83,89,0,0,0,0,0,0,0,0,0.0,-18.06740619159608,29.267016624409308,62.72,862.638779878616,648.358851753573,NA,-0.676,0.22882672816291255
GHSL_335,0,1,228,77,0,0,0,0,0,0,1,12000000.0,-18.089648955324606,31.220043038195552,1.49,1527.53684663773,698.380358937671,NA,0.107,0.5424549343466735
GHSL_336,0,38,154,1,0,0,0,0,0,0,1,7560000.0,-18.125565172681085,31.271267738670407,0.64,967.923537731171,536.799180612904,NA,-0.434,0.5424549343466735
GHSL_337,0,0,0,99,43,0,0,0,0,0,0,0.0,-18.1402348719199,30.128682624345863,16.62,709.718595504761,4349.29890614512,NA,1.155,0.5424549343466735
GHSL_338,0,2,134,24,0,0,0,0,0,0,0,0.0,-18.14821703534643,31.855448385921186,27.25,796.36040019989,2076.7052705142,NA,-0.005,0.24784335627500736
GHSL_339,0,43,278,4,0,0,0,0,0,0,0,0.0,-18.184005297828453,28.827945992295028,52.15,1628.45967721939,643.999075454607,NA,-0.353,0.008485281374238538
GHSL_340,0,6,158,11,0,0,0,0,0,0,1,5256000.0,-18.20071658251715,32.73969534684184,10.83,878.473095178604,660.774583223212,NA,-0.147,0.5424549343466735
GHSL_341,0,23,157,3,0,0,0,0,0,0,0,0.0,-18.220019917339577,28.896171869629494,48.84,913.535354375839,506.884627522653,NA,-0.341,0.008485281374238538
GHSL_342,0,6,147,11,0,0,0,0,0,0,0,0.0,-18.223058301286816,28.91426552476338,48.69,816.398706436157,1962.94515919779,NA,-0.14,0.5424549343466735
GHSL_343,0,0,97,98,0,0,1,0,0,0,1,10884000.0,-18.23040193533055,29.794489439451674,4.42,975.859269618988,1759.77929935223,NA,0.312,0.5424549343466735
GHSL_344,0,1,216,75,0,0,0,0,0,0,0,0.0,-18.237153202613822,31.524973298917352,1.01,1462.13855695724,1149.4018405872,NA,0.112,0.5424549343466735
GHSL_345,0,5,97,6,0,0,0,0,0,0,0,0.0,-18.26018508116214,29.213271393492718,47.32,538.169248819351,485.298850816047,NA,-0.171,0.5424549343466735
GHSL_346,0,8,121,5,0,0,0,0,0,0,0,0.0,-18.287454779238164,28.946641727886558,41.9,668.004019737244,607.045181080108,NA,-0.213,0.5424549343466735
GHSL_347,0,0,34,146,1,0,0,0,0,0,1,10704000.0,-18.305331156932482,31.19806800301176,21.84,907.556034088135,994.015166685911,NA,0.574,0.5424549343466735
GHSL_348,0,0,100,110,0,0,0,0,0,0,1,6168000.0,-18.306029131225134,32.995335348251814,30.23,1051.08637881279,781.432876987471,NA,0.325,0.5424549343466735
GHSL_349,0,0,11,295,22,0,0,0,0,0,0,0.0,-18.317671970271746,29.884990111301683,6.87,1634.69037342072,2305.18726650621,NA,0.86,0.5424549343466735
GHSL_350,0,0,146,179,0,0,1,0,0,0,2,19296000.0,-18.31952714296976,30.598558646941925,29.22,1623.86133980751,816.567854589575,NA,0.347,0.5424549343466735
GHSL_351,0,0,13,1080,198,0,1,0,0,0,5,33408000.0,-18.32916804310057,26.519224724057953,4.21,6457.78263711929,2401.10899316575,NA,1.005,0.5424549343466735
GHSL_352,0,0,1,187,55,0,0,0,0,0,0,0.0,-18.32600924681797,29.975822542140904,10.6,1211.79867649078,3457.83614350345,NA,1.085,0.658606356213819
GHSL_353,0,0,4,115,8,0,0,0,0,0,0,0.0,-18.328494890553934,29.88974294911991,7.56,636.045484542847,3716.3043210216,NA,0.86,0.11030865786510143
GHSL_354,0,0,43,347,7,0,0,0,0,0,0,0.0,-18.334702136926857,26.501238688402484,2.27,1988.64753103256,2541.72741696391,NA,0.678,0.5424549343466735
GHSL_355,0,0,69,150,0,0,0,0,0,0,0,0.0,-18.332165254490448,29.93861354971152,12.49,1096.38326740265,3363.13885706334,NA,0.453,0.05091168824543143
GHSL_356,0,0,166,243,0,0,0,0,0,0,0,0.0,-18.340333552136006,29.938336378469813,11.83,2045.30774927139,2560.79598005683,NA,0.381,0.05091168824543143
GHSL_357,0,0,13,390,32,0,0,0,0,0,3,32100000.0,-18.353326604660904,26.49084107267603,1.06,2173.53842353821,3065.72500255946,NA,0.876,0.5424549343466735
GHSL_358,0,0,92,81,0,0,0,0,0,0,0,0.0,-18.371497626978886,29.87917988331464,7.35,868.141957759857,1420.62020015006,NA,0.285,0.0870172372792954
GHSL_359,0,0,150,206,0,0,1,0,0,0,1,12000000.0,-18.37701947236393,29.861760434417825,5.74,1780.86461830139,4047.49317783367,NA,0.369,0.5424549343466735
GHSL_360,0,0,86,76,0,0,0,0,0,0,1,6168000.0,-18.377978395363613,26.497049421716763,0.88,812.006425380707,2491.42864930261,NA,0.287,0.16223543624141423
GHSL_361,0,0,25,101,1,0,0,0,0,0,2,7368000.0,-18.39225612697173,26.463267714685593,1.43,632.703290462494,2156.98225352675,NA,0.568,0.5424549343466735
GHSL_362,0,8,123,6,0,0,1,0,0,0,0,0.0,-18.396275996236856,28.52833459194994,26.09,682.717073917389,590.076715109354,NA,-0.215,0.5424549343466735
GHSL_363,0,51,132,1,0,0,0,0,0,0,2,12852000.0,-18.42135922897613,33.002182131913955,33.09,920.530665636063,495.632683062582,NA,-0.511,0.04313351365237936
GHSL_364,0,1,191,101,0,0,0,0,0,0,1,10956000.0,-18.418088649948917,26.408139023974336,7.88,1459.68103456497,2133.21325477443,NA,0.189,0.5424549343466735
GHSL_365,0,21,91,1,0,0,0,0,0,0,0,0.0,-18.428632157362053,32.914199809277086,26.18,564.756228685379,517.388277788878,NA,-0.417,0.17848342570445622
GHSL_366,0,44,82,0,0,0,0,0,0,0,1,7440000.0,-18.448777316128034,32.98104959769207,33.34,633.703913450241,489.346285387008,NA,-0.572,0.04313351365237936
GHSL_367,0,23,155,3,0,0,0,0,0,0,1,9168000.0,-18.463495668942667,32.94887533274011,31.37,905.106316566467,555.689045043263,NA,-0.346,0.5424549343466735
GHSL_368,0,0,77,65,0,0,0,0,0,0,0,0.0,-18.471564149372828,29.441805261777102,25.64,711.066942095757,549.130541831743,NA,0.276,0.3609325870651297
GHSL_369,0,0,91,172,0,0,0,0,0,0,0,0.0,-18.481802332000626,32.86056608939923,25.35,1320.06884837151,640.756939237982,NA,0.428,0.5424549343466735
GHSL_370,0,23,676,54,0,1,0,0,0,0,2,20424000.0,-18.501293220959113,32.8622000604025,27.01,3768.92203164101,875.044991022073,NA,-0.129,0.5424549343466735
GHSL_371,0,44,212,2,0,0,1,0,0,0,0,0.0,-18.5192501811962,32.81968256712608,25.55,1295.21951746941,593.672820699166,NA,-0.404,0.5424549343466735
GHSL_372,0,0,62,259,2,0,0,0,0,0,1,1212000.0,-18.549282878734008,32.148691589253005,13.9,1618.19217419624,1266.21087512813,NA,0.57,0.5424549343466735
GHSL_373,0,110,172,0,0,0,0,0,0,0,0,0.0,-18.556140769639473,29.822241295132404,3.84,1414.54194116592,546.485880327407,NA,-0.604,0.4791635147519799
GHSL_374,0,0,97,61,0,0,0,0,0,0,1,11352000.0,-18.553118128426753,32.64469244977371,7.26,793.174253940582,1188.31164070921,NA,0.222,0.19929291674756713
GHSL_375,0,4,133,12,0,0,0,0,0,0,0,0.0,-18.584080340379522,32.6415140493149,6.98,744.363867044449,662.80917492498,NA,-0.115,0.19929291674756713
GHSL_376,0,7,138,8,0,0,1,0,0,0,1,7392000.0,-18.583328878258826,30.726259712201927,60.58,762.518168926239,557.729002772296,NA,-0.186,0.5424549343466735
GHSL_377,0,2,121,18,0,0,1,0,0,0,0,0.0,-18.600847358349192,32.77058604130218,20.68,707.233732223511,634.43008219381,NA,-0.032,0.5424549343466735
GHSL_378,0,0,7,144,8,0,0,0,0,0,2,24000000.0,-18.61390149278576,32.09040316605782,4.99,794.620285511017,856.718882388942,NA,0.828,0.4723473323614246
GHSL_379,0,0,137,72,0,0,0,0,0,0,1,5100000.0,-18.652560236913256,30.612121651291723,59.69,1045.55183148384,829.269468093039,NA,0.188,0.5424549343466735
GHSL_380,0,0,144,666,6,0,1,0,0,0,1,11904000.0,-18.677053225714175,30.28647172450288,40.2,4081.54006290436,1489.02325279535,NA,0.588,0.38778934143159577
GHSL_381,0,0,65,82,0,0,0,0,0,0,0,0.0,-18.67776262723847,29.34789519439454,2.26,736.23397231102,1645.69365918819,NA,0.354,0.5424549343466735
GHSL_382,0,5,116,8,0,0,0,0,0,0,2,9660000.0,-18.685334720196554,32.70464944491737,15.48,641.395771741867,773.173394490684,NA,-0.156,0.5424549343466735
GHSL_383,0,0,102,78,0,0,0,0,0,0,0,0.0,-18.688663297964325,32.63494976681791,8.21,896.975928783417,1531.97233286778,NA,0.258,0.5424549343466735
GHSL_384,0,4,114,9,0,0,0,0,0,0,0,0.0,-18.75005691149875,32.59574506887367,2.54,632.744861841202,508.682328695625,NA,-0.132,0.5424549343466735
GHSL_385,0,0,74,33,0,0,0,0,0,0,0,0.0,-18.790391009289507,32.586459227285324,2.42,536.354336977005,568.866176708234,NA,0.158,0.5424549343466735
GHSL_386,0,0,35,103,1,0,1,0,0,0,0,0.0,-18.806267369646918,32.08666561746804,8.06,690.855984449387,611.549880293882,NA,0.509,0.5424549343466735
GHSL_387,0,1,214,63,0,0,0,0,0,0,0,0.0,-18.881247075861204,32.639542854529694,11.78,1389.92011427879,1089.76719205933,NA,0.083,0.5424549343466735
GHSL_388,0,0,129,117,0,0,0,0,0,0,0,0.0,-18.8816557809309,32.675483120366984,15.47,1232.0562210083,1366.30206059288,NA,0.291,0.5424549343466735
GHSL_389,0,0,15,141,4,0,0,0,0,0,0,0.0,-18.90528620890575,31.455164087288892,66.12,795.95152258873,765.526439766645,NA,0.708,0.5424549343466735
GHSL_390,0,0,131,226,0,0,0,0,0,0,0,0.0,-18.913727380513755,29.823481800631114,11.32,1785.39076042175,4676.4788201135,NA,0.411,0.24726975822638186
GHSL_391,0,0,4,126,10,0,0,0,0,0,0,0.0,-18.920221745350577,29.82884145879792,12.07,700.004803657532,3591.0941663462,NA,0.874,0.24726975822638186
GHSL_392,0,0,20,88,1,0,0,0,0,0,0,0.0,-18.92387151206135,27.78494905105334,31.49,545.40366768837,780.830228103356,NA,0.579,2.697398275807517e-09
GHSL_393,0,0,50,98,0,0,0,0,0,0,0,0.0,-18.95979114082106,29.831941817577448,13.55,742.596775531769,1075.91535139346,NA,0.434,0.5424549343466735
GHSL_394,0,0,82,74,0,0,0,0,0,0,0,0.0,-18.961627898430162,29.806006612164982,10.94,781.264067649841,1527.21883581562,NA,0.29,0.5424549343466735
GHSL_395,0,12,113,3,0,0,0,0,0,0,1,11028000.0,-18.95638193992602,32.386184048909925,7.14,639.85756278038,972.841882230098,NA,-0.295,0.5424549343466735
GHSL_396,0,2,105,15,0,0,0,0,0,0,0,0.0,-18.987395874245756,29.170191556808195,33.14,608.465052127838,459.775148445884,NA,-0.039,0.13647160404855663
GHSL_397,0,0,133,76,0,0,0,0,0,0,0,0.0,-19.005576091028598,30.880937298812114,105.9,1049.28599870205,812.908109599247,NA,0.204,0.5424549343466735
GHSL_398,0,0,143,82,0,0,0,0,0,0,0,0.0,-19.00353902490313,30.894787788058423,105.15,1124.11462306976,1573.5163770344,NA,0.204,0.5424549343466735
GHSL_399,0,0,8,220,17,0,0,0,0,0,1,2520000.0,-19.0040647241234,28.90006760855101,37.59,1224.61803340912,1109.20108457672,NA,0.867,0.5424549343466735
GHSL_400,0,0,18,182,5,0,0,0,0,0,0,0.0,-19.00567385098526,29.800229953815666,11.73,1025.49468612671,4511.55582887547,NA,0.716,0.1691636288725603
GHSL_401,0,0,35,344,9,0,0,0,0,0,0,0.0,-19.014310726966304,29.750674765924053,6.97,1937.02266025543,3059.14265397063,NA,0.712,0.5424549343466735
GHSL_402,0,0,15,155,4,0,0,0,0,0,0,0.0,-19.012253702428367,29.79670787518905,11.59,872.670386791229,3706.83447932321,NA,0.716,0.1691636288725603
GHSL_403,0,0,0,101,117,0,0,0,0,0,1,12000000.0,-19.017891040086575,30.896834617365794,106.42,1088.51510429382,2163.0759203771,NA,1.339,0.6772318655529546
GHSL_404,0,0,7,294,30,0,0,0,0,0,0,0.0,-19.022033666445765,29.78386374165141,10.55,1660.14184570312,3466.97848506638,NA,0.911,0.5424549343466735
GHSL_405,0,1,257,94,0,0,1,0,0,0,0,0.0,-19.02527126261363,29.772783347799223,9.55,1763.36539173126,3950.36827754662,NA,0.123,0.5424549343466735
GHSL_406,0,0,6,238,24,0,0,0,0,0,0,0.0,-19.030944533029693,29.78618334901634,11.09,1339.11053180695,2618.98998608851,NA,0.911,0.5424549343466735
GHSL_407,0,0,11,164,6,0,0,0,0,0,0,0.0,-19.032485394019176,32.64600145217395,12.36,905.909078121185,2657.62244514418,NA,0.771,0.5424549343466735
GHSL_408,0,11,458,52,0,0,0,0,0,0,0,0.0,-19.104036823430096,32.68762258787489,20.13,2604.45676708221,598.954726257073,NA,-0.077,0.5424549343466735
GHSL_409,0,10,225,14,0,0,0,0,0,0,1,11172000.0,-19.131451859795856,32.6367077904472,18.79,1248.92527937889,615.86150398538,NA,-0.164,0.024041629801699337
GHSL_410,0,0,119,58,0,0,0,0,0,0,0,0.0,-19.135341520048602,32.68032685866942,21.97,890.213167905807,1338.40463917644,NA,0.175,0.2957739838402047
GHSL_411,0,7,117,6,0,0,0,0,0,0,1,10584000.0,-19.139728891347918,32.662076144916625,21.1,649.964934110641,584.908641677828,NA,-0.198,0.5424549343466735
GHSL_412,0,7,120,6,0,0,0,0,0,0,2,22584000.0,-19.146018621937127,32.67257495875158,22.28,663.545510053635,737.009922076276,NA,-0.198,0.2957739838402047
GHSL_413,0,26,108,1,0,0,0,0,0,0,1,4872000.0,-19.16434977476796,32.673472552938584,23.88,675.152341604233,562.467782368457,NA,-0.425,0.2957739838402047
GHSL_414,0,0,4,250,34,0,0,0,0,0,2,20520000.0,-19.27276299395446,30.522840393217933,73.1,1444.21894168854,1220.47014923017,NA,0.957,0.5424549343466735
GHSL_415,0,0,5,195,19,0,0,0,0,0,0,0.0,-19.285892599669864,31.644189127922456,78.52,1094.51988005638,985.794186542773,NA,0.902,7.080670532873199e-09
GHSL_416,0,0,125,96,0,0,0,0,0,0,0,0.0,-19.361416872396653,29.813202347553823,23.81,1107.7028298378,621.545523657313,NA,0.26,0.5424549343466735
GHSL_417,0,0,61,226,2,0,0,0,0,0,0,0.0,-19.405633800283418,29.846077062508268,24.01,1444.33940172195,1474.02929988014,NA,0.55,0.5424549343466735
GHSL_418,0,0,178,784,7,0,0,0,0,0,0,0.0,-19.436194062951362,29.767000505403054,15.22,4846.18987798691,3150.08799749544,NA,0.579,0.5424549343466735
GHSL_419,0,0,20,243,8,0,0,0,0,0,2,11724000.0,-19.509640291934634,29.843287413901546,15.43,1355.60849499702,968.34988313372,NA,0.743,0.5424549343466735
GHSL_420,0,35,315,8,0,0,0,0,0,0,2,14424000.0,-19.549222019565516,32.70251586291305,64.25,1788.15446352959,617.333440884239,NA,-0.299,0.5424549343466735
GHSL_421,0,36,213,3,0,0,1,0,0,0,0,0.0,-19.560873371162174,32.51083013869956,63.15,1258.22183012962,656.165541359036,NA,-0.368,0.5424549343466735
GHSL_422,0,13,166,6,0,0,0,0,0,0,0,0.0,-19.55538734439251,32.68084872592452,64.38,923.807161092758,597.786022406616,NA,-0.252,0.5424549343466735
GHSL_423,0,9,166,8,0,0,0,0,0,0,0,0.0,-19.584916577344107,31.95902554003319,89.5,919.074283123016,601.176185579154,NA,-0.197,0.5424549343466735
GHSL_424,0,0,30,158,2,0,0,0,0,0,2,12840000.0,-19.640515133782262,31.158324030848153,87.27,950.190275669098,1895.09702084408,NA,0.607,0.2658721453428696
GHSL_425,0,1,111,20,0,0,0,0,0,0,1,9960000.0,-19.668072932015246,28.86178781854526,28.68,661.529432892799,508.231093037787,NA,-0.002,0.23405234760732033
GHSL_426,0,0,1,125,33,0,0,0,0,0,0,0.0,-19.66696361916476,29.978726100029373,7.41,796.746925354004,2663.3229656248,NA,1.067,0.5424549343466735
GHSL_427,0,0,8,659,116,1,0,0,0,0,2,23472000.0,-19.67227907962215,29.999730393916902,7.75,3917.25005626678,3670.91612252953,NA,0.998,0.5424549343466735
GHSL_428,0,0,1,132,35,0,0,0,0,0,0,0.0,-19.67815515705489,29.97170776310185,5.97,838.096855640411,2303.85632976088,NA,1.067,0.5424549343466735
GHSL_429,0,38,172,2,0,0,0,0,0,0,0,0.0,-19.674490790838327,28.806690138691753,31.99,1057.8841958046,752.069140980657,NA,-0.414,0.43293863315020054
GHSL_430,0,27,94,1,0,0,0,0,0,0,1,9204000.0,-19.69547218610113,28.834329395487426,28.55,608.022688508034,545.05245345287,NA,-0.459,0.43293863315020054
GHSL_431,0,0,22,149,2,0,0,0,0,0,1,6516000.0,-19.707133569068365,30.631363117297546,43.97,864.895079612732,938.727906950177,NA,0.654,0.5424549343466735
GHSL_432,0,69,354,4,0,0,0,0,0,0,1,8784000.0,-19.72443957691885,32.43146640407079,81.98,2136.57649374008,622.040039764065,NA,-0.393,0.4518412379829446
GHSL_433,0,34,124,1,0,0,0,0,0,0,2,18840000.0,-19.75429416756316,32.44821204868912,85.03,794.992179870605,484.620422575246,NA,-0.453,0.4660128736037757
GHSL_434,0,1,116,44,0,0,0,0,0,0,0,0.0,-19.76644829009804,27.748701126777718,37.19,805.57231426239,1557.69332009221,NA,0.13,0.5424549343466735
GHSL_435,0,0,28,180,3,1,0,0,0,0,0,0.0,-19.768898393010996,27.757136283796214,36.71,1056.67006826401,1655.33046101474,NA,0.64,0.9715647365692793
GHSL_436,0,0,104,40,0,0,0,0,0,0,0,0.0,-19.775862270793635,27.736640491068346,38.93,721.138648986816,528.108951187186,NA,0.13,0.5424549343466735
GHSL_437,0,32,325,9,0,0,0,0,0,0,0,0.0,-19.785314717106623,30.115227277314023,2.13,1830.80367040634,899.294529028106,NA,-0.279,0.5424549343466735
GHSL_438,0,0,229,742,4,0,1,0,0,0,2,18696000.0,-19.795457269847503,32.421289898269876,89.68,4875.15549039841,903.409041461657,NA,0.526,0.5424549343466735
GHSL_439,0,0,6,197,18,0,0,0,0,0,2,20652000.0,-19.82436617114573,32.85087994941183,97.94,1103.86803793907,1608.05879139217,NA,0.892,0.1958468871448969
GHSL_440,0,122,107,0,0,0,0,0,0,0,0,0.0,-19.844901050208083,27.837866978116466,36.38,1146.45815467834,657.216027987788,NA,-0.713,0.5424549343466735
GHSL_441,0,11,260,17,0,0,0,0,0,0,0,0.0,-19.93624233597436,32.379372991791286,105.88,1443.30277132988,748.199364306051,NA,-0.157,0.06434671708797582
GHSL_442,0,0,56,91,0,0,0,0,0,0,0,0.0,-19.995756199117555,31.591269206145725,91.94,734.465410470963,1468.29651684665,NA,0.399,0.5424549343466735
GHSL_443,0,0,58,94,0,0,0,0,0,0,0,0.0,-20.001781011756897,31.576155976003303,90.17,761.389858961105,479.043522798035,NA,0.399,0.5424549343466735
GHSL_444,0,11,103,3,0,0,0,0,0,0,1,9492000.0,-20.00474217920415,32.35485152848684,113.73,582.252881526947,477.934971227141,NA,-0.288,0.4829539391368447
GHSL_445,0,0,26,322,11,0,0,0,0,0,2,24000000.0,-20.01050846748451,31.604299507526733,92.29,1791.8988969326,1451.63082502374,NA,0.745,0.5424549343466735
GHSL_446,0,39,80,0,0,0,0,0,0,0,2,11268000.0,-20.00875897468905,27.817219945336525,50.8,592.985397577286,544.44200137948,NA,-0.554,0.5424549343466735
GHSL_447,0,86,356,3,0,0,0,0,0,0,2,17244000.0,-20.028413755271735,32.909491001588286,121.21,2225.75171136856,647.752203758127,NA,-0.428,0.5424549343466735
GHSL_448,0,20,390,22,0,0,0,0,0,0,1,11016000.0,-20.045251327169105,32.8506952527432,121.17,2160.5412607193,642.371591712736,NA,-0.185,0.5424549343466735
GHSL_449,0,68,132,0,0,0,1,0,0,0,0,0.0,-20.074559917930173,32.410407401429886,120.6,1000.37053227425,498.193294139183,NA,-0.563,0.5424549343466735
GHSL_450,0,0,35,153,1,0,0,0,0,0,2,10812000.0,-20.066271046387154,28.39685385847278,5.02,945.504722118378,1302.66964313066,NA,0.578,0.10486181355850917
GHSL_451,0,0,369,511,1,0,0,0,0,0,0,0.0,-20.07366251151662,28.483967915599788,4.13,4403.4490942955,1772.92199436249,NA,0.37,0.5424549343466735
GHSL_452,0,0,0,287,283,0,0,0,0,0,3,22356000.0,-20.065613314254087,30.845310375339313,30.71,2851.32184886932,3761.32777202842,NA,1.309,0.5424549343466735
GHSL_453,0,0,133,337,1,0,0,0,0,0,0,0.0,-20.091698506830493,30.786707841626857,24.26,2358.04988431931,937.256277154168,NA,0.481,0.11950104146866689
GHSL_454,0,2,156,30,0,0,0,0,0,0,1,6336000.0,-20.081819345520742,28.4333622664218,1.16,939.928337097168,889.760103425618,NA,0.012,0.39888009991439394
GHSL_455,0,0,0,129,75,0,0,0,0,0,0,0.0,-20.08916663888333,28.4998886261801,5.78,1024.58758735657,2647.02067666111,NA,1.21,0.1456640333393059
GHSL_456,0,0,22,142,2,0,0,0,0,0,1,4140000.0,-20.087503719775846,28.62852639048845,0.67,828.313704490662,959.976385748894,NA,0.645,0.5424549343466735
GHSL_457,0,0,31,328,9,0,0,0,0,0,0,0.0,-20.096003503931712,28.55011613767323,7.5,1841.65217113495,2154.58977939017,NA,0.722,0.24086863361773447
GHSL_458,0,28,152,2,0,0,1,0,0,0,1,6156000.0,-20.093688111522052,27.806718101586174,55.33,909.915416240692,584.65232371754,NA,-0.384,0.5424549343466735
GHSL_459,0,0,17,183,5,0,0,0,0,0,0,0.0,-20.095807387656123,28.585890533090296,4.19,1022.44590044022,2756.33491966501,NA,0.728,0.24086863361773447
GHSL_460,0,1,140,53,0,0,0,0,0,0,0,0.0,-20.099134087026528,32.45518515402059,122.9,965.881715774536,700.534319258355,NA,0.127,0.5424549343466735
GHSL_461,0,75,612,13,0,0,1,0,0,0,3,31272000.0,-20.12044125914654,32.359349381360396,126.26,3501.69458866119,643.47296870132,NA,-0.316,0.5424549343466735
GHSL_462,0,0,81,292,2,0,0,0,0,0,1,12000000.0,-20.108915457198993,28.57936647594213,4.36,1875.78932857513,3323.86385614193,NA,0.544,0.24086863361773447
GHSL_463,0,0,18,147,3,0,0,0,0,0,0,0.0,-20.106887578178732,28.632273827981987,0.66,841.945225715637,2748.25766662196,NA,0.68,0.21783971590273907
GHSL_464,0,2,118,16,0,0,0,0,0,0,2,18792000.0,-20.117449007162204,28.754567039086808,2.79,681.802114963531,919.237478783358,NA,-0.052,0.29415641574739454
GHSL_465,0,5,251,33,0,0,0,0,0,0,1,7056000.0,-20.136922562508,32.38493931021171,127.85,1445.43216323853,700.410783882896,NA,-0.051,0.5424549343466735
GHSL_466,0,0,8,623,107,0,0,0,0,0,1,12000000.0,-20.126826530456373,28.63584151485545,0.47,3690.7759513855,3662.3924102064,NA,0.994,0.21783971590273907
GHSL_467,0,0,5,371,64,0,0,0,0,0,0,0.0,-20.13188634306232,28.647266970742976,1.02,2199.90908193588,2842.54260323946,NA,0.994,0.21783971590273907
GHSL_468,0,0,33,339,9,0,0,0,0,0,1,2952000.0,-20.142455076659882,28.651881130911143,2.15,1904.10203456879,2054.01426575491,NA,0.718,0.5424549343466735
GHSL_469,0,0,22,225,6,0,0,0,0,0,1,2952000.0,-20.144161285773144,28.642148014740112,2.34,1261.72492599487,2484.49114561267,NA,0.718,0.21783971590273907
GHSL_470,0,0,11,472,52,0,0,0,0,0,0,0.0,-20.165732165580913,28.501353329188397,5.54,2675.73332834244,3387.93911274559,NA,0.923,0.5424549343466735
GHSL_471,0,0,4,166,17,0,0,0,0,0,0,0.0,-20.176101804760467,28.553414426785032,8.46,934.733781337738,2761.57913169464,NA,0.915,0.06293252105869174
GHSL_472,0,0,4,141,13,0,0,0,0,0,1,7284000.0,-20.19082047627547,28.667660061311512,0.72,791.480061531067,1488.22563221768,NA,0.897,0.18032082240528957
GHSL_473,0,2,123,16,0,0,0,0,0,0,1,5868000.0,-20.195371971579622,28.775261281266484,8.6,709.290090918541,557.108189454415,NA,-0.056,0.5424549343466735
GHSL_474,0,0,12,111,3,0,0,0,0,0,1,3828000.0,-20.19893746794496,28.15489525743035,27.86,625.563662052155,792.169604616726,NA,0.7,0.5424549343466735
GHSL_475,0,0,58,299,3,0,0,0,0,0,1,12000000.0,-20.208839035218823,28.494495723855014,2.61,1801.21105694771,846.707514905058,NA,0.606,0.10486181355850917
GHSL_476,0,0,144,307,1,0,0,0,0,0,0,0.0,-20.2065111908995,28.650995134243207,2.27,2261.05033302307,2622.40152935966,NA,0.45,0.18032082240528957
GHSL_477,0,0,51,113,0,0,0,0,0,0,1,1584000.0,-20.21473754783202,28.65766399083608,1.65,824.905453681946,2559.37105289838,NA,0.456,0.18032082240528957
GHSL_478,0,0,21,185,4,0,0,0,0,0,0,0.0,-20.217667180842714,28.63204437058348,4.25,1047.98917245865,1445.16725210886,NA,0.696,0.18032082240528957
GHSL_479,0,0,106,223,1,0,0,0,0,0,1,4284000.0,-20.229660407670384,28.659284343825703,1.47,1651.16391992569,1463.84940225477,NA,0.447,0.5424549343466735
GHSL_480,0,0,90,65,0,0,0,0,0,0,0,0.0,-20.281051455078842,30.082065268045245,41.74,778.056348800659,589.127782102609,NA,0.248,0.5424549343466735
GHSL_481,0,70,117,0,0,0,0,0,0,0,1,11400000.0,-20.281328014111285,30.910376732049123,16.38,938.44850897789,987.576488999667,NA,-0.591,0.5424549343466735
GHSL_482,0,0,1,249,82,0,0,0,0,0,0,0.0,-20.28824342138265,30.049018350058986,44.58,1660.83742046356,4296.63226039872,NA,1.105,0.5424549343466735
GHSL_483,0,3,113,12,0,0,0,0,0,0,0,0.0,-20.302802504443946,28.778829856714648,12.69,642.044833660126,938.075061017493,NA,-0.083,0.5424549343466735
GHSL_484,0,0,17,330,18,0,0,0,0,0,2,20652000.0,-20.309081530745175,30.50121293184208,13.82,1824.36573433876,1630.02152764116,NA,0.814,7.417845376227606e-09
GHSL_485,0,1,167,59,0,1,0,0,0,0,2,7680000.0,-20.310522599193906,30.928488427977992,14.97,1136.75991249084,1120.45505059459,NA,0.116,0.5424549343466735
GHSL_486,0,4,226,32,0,0,0,0,0,0,2,20988000.0,-20.349402163060667,32.315660536118926,113.84,1309.61462855339,924.33180307858,NA,-0.039,0.3266388658709715
GHSL_487,0,2,132,19,0,0,1,0,0,0,1,7500000.0,-20.397124936598836,30.86708659049569,4.26,765.068697214127,579.723232169814,NA,-0.039,0.5424549343466735
GHSL_488,0,77,173,1,0,0,0,0,0,0,1,8136000.0,-20.398896559359027,32.320472401697145,110.83,1253.63300204277,531.702613206613,NA,-0.538,0.5424549343466735
GHSL_489,0,2,123,16,0,0,0,0,0,0,1,7752000.0,-20.397375512643887,32.35925649472751,114.39,704.166023492813,543.519573663742,NA,-0.056,0.3394112644104369
GHSL_490,0,508,2183,20,0,0,2,0,0,0,3,34800000.0,-20.498634732527982,32.3852836725756,110.67,13555.9281413555,644.107162823477,NA,-0.422,0.5424549343466735
GHSL_491,0,14,112,2,0,0,0,0,0,0,0,0.0,-20.41872234138316,31.32614535602183,43.14,642.736387014389,487.06452474195,NA,-0.315,0.5424549343466735
GHSL_492,0,1,202,94,0,0,1,0,0,0,0,0.0,-20.4046514102805,28.983556764418108,36.61,1485.96641349792,769.420494955639,NA,0.166,0.5424549343466735
GHSL_493,0,112,60,0,0,0,0,0,0,0,0,0.0,-20.451946102387993,32.64980769861631,138.0,864.980448007584,610.896412232035,NA,-0.805,0.5424549343466735
GHSL_494,0,102,156,0,0,0,0,0,0,0,1,10896000.0,-20.478450855013048,32.32577163710143,106.54,1292.04053282738,497.339871745207,NA,-0.609,0.2531768103560345
GHSL_495,0,132,138,0,0,0,0,0,0,0,0,0.0,-20.481690180759166,32.30781975269458,104.8,1352.81182193756,761.062337154519,NA,-0.679,0.2531768103560345
GHSL_496,0,0,12,175,7,0,0,0,0,0,0,0.0,-20.48205326158256,27.801536774953323,25.88,967.590721130371,1795.55545868266,NA,0.774,0.5424549343466735
GHSL_497,0,68,69,0,0,0,0,0,0,0,0,0.0,-20.500481464757037,32.63470651772206,134.29,685.294545412064,595.871186596127,NA,-0.683,0.5424549343466735
GHSL_498,0,0,3,155,19,0,0,0,0,0,0,0.0,-20.50338392385687,27.81046862150172,23.73,886.465802907944,1968.37986689815,NA,0.935,0.5424549343466735
GHSL_499,0,133,292,1,0,0,0,0,0,0,2,16128000.0,-20.519942686416385,32.32066254179048,103.2,2129.20436120033,530.653423347478,NA,-0.542,0.2531768103560345
GHSL_500,0,3,133,16,0,0,0,0,0,0,2,18480000.0,-20.521753974036283,32.66234337244642,136.11,761.111760139465,757.307553517019,NA,-0.065,0.5424549343466735
GHSL_501,0,20,99,1,0,0,0,0,0,0,0,0.0,-20.526907387039465,32.5989852833565,129.78,601.161831617355,588.750255108842,NA,-0.398,0.5424549343466735
GHSL_502,0,0,1,144,41,0,0,0,0,0,1,7272000.0,-20.542410215242466,29.276891326893814,71.02,930.073566198349,1522.11568178572,NA,1.081,0.4797780651622153
GHSL_503,0,6,150,11,0,0,0,0,0,0,1,5412000.0,-20.545554246168148,30.5416847967564,28.19,832.536448717117,522.989698585408,NA,-0.145,0.5424549343466735
GHSL_504,0,0,183,113,0,0,0,0,0,0,1,7056000.0,-20.63816046923991,31.16391879716876,14.19,1481.39077663422,1013.07143466461,NA,0.219,0.5424549343466735
GHSL_505,0,25,322,12,0,0,0,0,0,0,0,0.0,-20.72374378902927,32.275818641572485,90.61,1793.26172113419,597.107123493928,NA,-0.242,0.7499453412693652
GHSL_506,0,0,75,1631,97,0,0,0,0,0,2,24000000.0,-20.763258966320148,32.239737418515766,85.82,9015.42520427704,1147.07837616443,NA,0.829,0.5424549343466735
GHSL_507,0,0,158,90,0,0,1,0,0,0,1,12000000.0,-20.787479749085964,32.225600245466865,83.61,1237.85017299652,829.072693736418,NA,0.203,0.21505882829321632
GHSL_508,0,0,11,169,7,0,1,0,0,0,0,0.0,-20.801602621459207,30.800276696247913,26.35,933.332230567932,1710.21326337431,NA,0.774,0.5424549343466735
GHSL_509,0,0,9,131,5,0,0,0,0,0,0,0.0,-20.80723640018963,30.800331049222056,26.77,725.713520050049,1412.99361380461,NA,0.774,0.5424549343466735
GHSL_510,0,11,229,14,0,0,0,0,0,0,1,10176000.0,-20.814109953709472,32.270535377710765,87.48,1269.59091520309,653.737501713702,NA,-0.174,0.21505882829321632
GHSL_511,0,3,105,10,0,0,0,0,0,0,0,0.0,-20.80875828889572,30.048115458058444,86.17,589.770008325577,471.097237849913,NA,-0.109,0.04384062313096425
GHSL_512,0,179,1401,29,0,0,0,0,0,0,2,23232000.0,-20.847003233859244,32.197742743601324,79.36,8040.20316886902,642.338692669382,NA,-0.322,0.21505882829321632
GHSL_513,0,12,115,3,0,0,0,0,0,0,0,0.0,-20.83241930216837,32.304407861202314,90.57,653.637572526932,702.193070903707,NA,-0.296,0.21505882829321632
GHSL_514,0,0,27,112,1,0,0,0,0,0,0,0.0,-20.839259020849333,30.193764383672963,76.84,698.859128952026,1319.6379213723,NA,0.572,0.5424549343466735
GHSL_515,0,27,88,1,0,0,0,0,0,0,2,15276000.0,-20.852030148225314,31.115559857016677,6.26,574.911522865295,542.840518414919,NA,-0.469,0.09930551994502529
GHSL_516,0,5,134,10,0,0,0,0,0,0,0,0.0,-20.888039868436515,32.35676850866492,95.13,748.612907171249,501.720341085703,NA,-0.135,0.24767027856735316
GHSL_517,0,35,537,24,0,0,0,0,0,0,0,0.0,-20.900694325592717,32.16871849722939,75.42,2975.97967076302,576.988959912625,NA,-0.218,0.5424549343466735
GHSL_518,0,20,201,6,0,0,0,0,0,0,2,14460000.0,-20.91299308488203,32.35339038424227,94.45,1131.66921830177,549.02042587132,NA,-0.28,0.24767027856735316
GHSL_519,0,43,104,0,0,0,0,0,0,0,0,0.0,-20.9138548979914,32.502373284974695,110.01,736.092109441757,563.045295502635,NA,-0.522,0.24767027856735316
GHSL_520,0,71,127,0,0,0,0,0,0,0,0,0.0,-20.928733343153354,32.43388635125735,102.23,989.388815879822,503.594176015545,NA,-0.58,0.24767027856735316
GHSL_521,0,126,352,2,0,0,0,0,0,0,0,0.0,-20.942813834131506,32.164674189966966,74.78,2398.12516331673,559.006168714381,NA,-0.497,0.2074642633877864
GHSL_522,0,0,192,703,5,0,1,0,0,0,2,18972000.0,-20.942055050464468,29.003261436567254,75.64,4497.79319143295,3441.05540096332,NA,0.547,0.5424549343466735
GHSL_523,0,23,119,1,0,0,0,0,0,0,0,0.0,-20.96710028370384,32.16720362572446,74.9,716.755484819412,507.979836044012,NA,-0.388,0.2074642633877864
GHSL_524,0,49,100,0,0,0,0,0,0,0,0,0.0,-20.978647440997314,31.827896813537656,39.65,747.124577045441,763.873262192269,NA,-0.557,0.5424549343466735
GHSL_525,0,36,234,4,0,0,0,0,0,0,0,0.0,-20.98071650219311,32.079522797564024,65.75,1370.85455226898,624.077864323798,NA,-0.352,0.5424549343466735
GHSL_526,0,52,416,9,0,0,0,0,0,0,1,12000000.0,-20.991172241511947,32.17154789589278,75.5,2385.19622421265,556.17225947778,NA,-0.32,0.5424549343466735
GHSL_527,0,79,62,0,0,0,0,0,0,0,1,6864000.0,-20.999754141478512,32.27558628099094,86.21,705.402726888657,423.096200702173,NA,-0.733,0.18535370863931194
GHSL_528,0,4,518,139,0,0,0,0,0,0,0,0.0,-21.01932013750902,31.70506659665606,27.3,3304.41313552856,2454.03940196103,NA,0.067,0.5424549343466735
GHSL_529,0,0,51,141,1,0,0,0,0,0,0,0.0,-21.026330990679337,31.43729921794655,5.57,959.641283035278,2029.33331155625,NA,0.498,0.5424549343466735
GHSL_530,0,0,3,133,14,0,0,0,0,0,0,0.0,-21.026781046481332,31.458507943219743,6.16,751.149564266205,1588.44024290516,NA,0.912,0.3003579807426081
GHSL_531,0,0,81,98,0,0,0,0,0,0,0,0.0,-21.032803725786657,31.648619595641613,22.03,897.989250659943,1556.21697357839,NA,0.345,0.5424549343466735
GHSL_532,0,0,4,150,15,0,0,0,0,0,0,0.0,-21.03881427569215,31.450559325742496,7.38,846.836849212646,1651.28607360472,NA,0.912,0.5424549343466735
GHSL_533,0,1,116,30,0,0,1,0,0,0,0,0.0,-21.059627805013516,28.4505524236021,24.31,734.107014894485,810.74781676069,NA,0.06,0.5424549343466735
GHSL_534,0,0,51,168,1,0,0,0,0,0,1,12000000.0,-21.072344406301617,31.66397602068479,25.14,1096.56631994247,1849.52434650436,NA,0.53,0.29189776048557525
GHSL_535,0,3,120,12,0,0,1,0,0,0,0,0.0,-21.120598684625993,27.8726922357662,29.04,673.817479133606,824.927277460338,NA,-0.095,0.5424549343466735
GHSL_536,0,4,273,42,0,0,0,0,0,0,2,16620000.0,-21.226880339321575,31.641705080550654,34.74,1596.4200963974,709.797160200293,NA,-0.025,0.5424549343466735
GHSL_537,0,0,19,307,13,0,1,0,0,0,2,17376000.0,-21.232479028228635,30.727459617125028,18.11,1697.81442189217,1753.19900752781,NA,0.782,0.5424549343466735
GHSL_538,0,68,125,0,0,0,0,0,0,0,0,0.0,-21.292491902767964,31.713812697091896,45.01,965.82461476326,515.992097257745,NA,-0.575,0.08909543689641604
GHSL_539,1,87,21,0,0,0,0,0,0,0,1,6036000.0,-21.347043230221452,31.79205356922486,54.82,541.227666139603,564.003274947385,NA,-0.948,0.16970562748477142
GHSL_540,0,61,55,0,0,0,0,0,0,0,0,0.0,-21.37854777698089,31.696623655294587,49.93,582.547095775604,564.836642839376,NA,-0.708,0.16970562748477142
GHSL_541,0,17,121,2,0,0,0,0,0,0,1,3144000.0,-21.425303224928474,31.613388467092797,47.92,699.250937700272,575.545491861523,NA,-0.334,0.5424549343466735
GHSL_542,0,18,96,1,0,0,0,0,0,0,0,0.0,-21.525277111044545,31.28322283495717,30.15,575.072705030441,571.439837291736,NA,-0.388,0.5424549343466735
GHSL_543,0,27,142,2,0,0,0,0,0,0,0,0.0,-21.5374039032862,31.497521764878748,45.96,850.899120569229,619.450445765332,NA,-0.387,0.5424549343466735
GHSL_544,0,32,391,13,0,0,0,0,0,0,2,20028000.0,-21.68161283931767,31.313454317462433,45.71,2180.62851262093,683.287824510338,NA,-0.252,0.5424549343466735
GHSL_545,0,0,34,103,1,0,0,0,0,0,0,0.0,-22.18460684484304,30.00794318013404,1.57,690.217452049255,2346.48122403282,AY,0.514,0.17182694782833105
GHSL_546,0,191,199,0,0,0,1,0,0,0,2,8520000.0,-16.089543738523847,30.82822368363915,68.82,1954.16246342659,742.533471426461,OM,-0.681,0.5424549343466735
GHSL_547,0,0,154,685,6,1,0,0,0,0,3,35484000.0,-16.6702782113882,30.68831070044143,20.96,4223.16826462746,798.534333927592,NA,0.581,0.5424549343466735
GHSL_548,0,108,684,11,0,0,0,0,0,0,0,0.0,-16.76086435070015,31.57102542056221,7.38,4016.41617631912,1080.87529592937,NA,-0.357,0.5424549343466735
GHSL_549,0,98,197,1,0,0,0,0,0,0,1,8592000.0,-16.97196123273842,32.7676743326368,94.2,1475.28309965134,493.543052665938,NA,-0.558,0.5424549343466735
GHSL_550,0,6,392,63,0,0,0,0,0,0,1,12000000.0,-16.99461937343479,31.49882718801767,8.65,2304.22892594337,708.6401809753,NA,-0.02,0.5424549343466735
GHSL_551,0,59,811,32,0,0,1,0,0,0,2,24000000.0,-17.08801182143057,31.035280438214226,16.96,4506.80520248413,715.046684513596,NA,-0.235,0.5424549343466735
GHSL_552,0,72,693,18,0,0,0,0,0,0,3,30576000.0,-17.219371438194294,30.99001832646473,3.33,3918.03050708771,683.470704315436,NA,-0.29,0.02333452377915609
GHSL_553,0,13,968,173,0,0,0,0,0,0,1,12000000.0,-17.21773742959816,31.058664248951548,2.69,5768.3917517662,654.280429676563,NA,-0.002,0.5424549343466735
GHSL_554,0,0,185,390,1,0,1,0,0,0,4,34344000.0,-17.381910012814355,30.398864421965975,12.63,2883.92668437958,1660.23425686595,NA,0.448,0.5424549343466735
GHSL_555,0,0,27,879,75,0,0,0,0,0,1,7656000.0,-17.40832706263674,32.2186022659067,72.33,4904.40463924408,1894.34257066921,NA,0.882,0.42339810132278693
GHSL_556,0,2,1918,1901,2,0,0,0,0,0,5,60000000.0,-17.586181870788685,31.172450987709695,12.77,19110.7878828049,948.01143992226,NA,0.307,0.5424549343466735
GHSL_557,0,1,317,122,0,0,0,0,0,0,0,0.0,-17.65201675475741,31.204896810512498,7.04,2200.57111907005,694.968257374085,NA,0.131,0.5424549343466735
GHSL_558,0,0,94,1086,33,0,0,0,0,0,2,24000000.0,-17.742109497148807,31.190346974736308,5.46,6064.24203300476,2696.59251729,NA,0.735,0.5424549343466735
GHSL_559,0,0,130,1084,23,0,0,0,0,0,0,0.0,-17.844492902244202,30.884154048829473,0.35,6187.05627036095,1475.83660980085,NA,0.684,0.5424549343466735
GHSL_560,0,0,145,481,3,0,1,0,0,0,0,0.0,-17.8444084505705,31.394662710174607,17.53,3144.36598181725,584.761490047794,NA,0.53,0.5424549343466735
GHSL_561,0,2,419,168,0,0,0,0,0,0,0,0.0,-17.907035407253378,31.205199953729,0.22,2942.5177025795,1652.11598855709,NA,0.138,0.5424549343466735
GHSL_562,0,0,172,1511,34,0,0,0,0,0,0,0.0,-17.955994801192798,30.9561313955408,2.17,8579.60850024223,1419.54983584831,NA,0.693,0.3618132554032961
GHSL_563,0,0,213,399,1,0,0,0,0,0,0,0.0,-18.154199235804185,30.149859820448782,14.02,3063.79594159126,3129.26006209019,NA,0.426,0.5424549343466735
GHSL_564,0,0,27,268,7,0,0,0,0,0,2,12828000.0,-18.232074202654417,32.741146383692964,7.66,1510.76874375343,1342.51208603744,NA,0.71,0.5131929515253594
GHSL_565,0,19,322,16,0,0,1,0,0,0,2,21552000.0,-18.253763775298086,30.852239775490794,31.14,1785.08353984356,931.579613630987,NA,-0.202,0.5424549343466735
GHSL_566,0,0,5,760,222,0,0,0,0,0,2,13092000.0,-18.3143438864823,29.97687708997627,11.51,4935.91499042511,4147.29787872384,NA,1.085,0.5424549343466735
GHSL_567,0,0,203,1018,11,0,1,0,0,0,2,14088000.0,-18.36196768584522,26.50298354270734,2.83,6163.86231517792,2538.30781060742,NA,0.601,0.5424549343466735
GHSL_568,0,0,8,699,135,0,0,0,0,0,0,0.0,-18.94455846432303,29.834233227613932,13.35,4212.99534320831,3125.55295804522,NA,1.014,0.5424549343466735
GHSL_569,0,0,9,736,138,0,1,0,0,0,1,12000000.0,-19.005832801205255,29.781508893047032,9.91,4416.79153966904,3579.43324424365,NA,1.009,0.1691636288725603
GHSL_570,0,0,31,658,38,0,0,0,0,0,0,0.0,-19.01173112530076,29.72788568891894,4.61,3632.69113063812,3339.44756137836,NA,0.825,0.5424549343466735
GHSL_571,0,0,1,205,57,1,0,0,0,0,1,12000000.0,-19.263135459523248,31.65528539279149,75.89,1316.97604942322,1289.59788629713,NA,1.075,0.5424549343466735
GHSL_572,0,83,519,8,0,0,0,0,0,0,0,0.0,-19.560136871743044,32.6573444651049,64.29,3050.02154064178,1102.25265560375,NA,-0.359,0.5424549343466735
GHSL_573,0,0,107,143,0,0,0,0,0,0,1,6756000.0,-19.674776724057978,28.838160019961077,29.9,1252.15309286118,723.776509141505,NA,0.362,0.43293863315020054
GHSL_574,0,0,2,253,67,0,0,0,0,0,0,0.0,-19.673594588665505,29.981556968492132,6.86,1604.36956453323,2334.85107042703,NA,1.067,0.5424549343466735
GHSL_575,0,30,383,14,0,0,1,0,0,0,0,0.0,-19.877854192493896,32.399762002725716,99.33,2136.60829591751,605.515590508065,NA,-0.248,0.06434671708797582
GHSL_576,0,0,125,1011,20,0,0,0,0,0,0,0.0,-20.115357501490205,28.63918549267662,0.77,5780.06297206879,3480.34707477534,NA,0.68,0.21783971590273907
GHSL_577,0,0,109,479,4,0,0,0,0,0,0,0.0,-20.39627910342942,31.44514224143943,54.13,2960.01321458817,1222.05320041229,NA,0.579,0.36557420658994144
GHSL_578,0,33,933,74,0,0,0,0,0,0,2,22944000.0,-20.441530515549992,32.3047822918127,106.93,5199.90178346634,752.427867344589,NA,-0.132,0.2531768103560345
GHSL_579,0,0,10,476,57,0,0,0,0,0,1,10104000.0,-20.490615736922198,27.806548509534355,24.91,2713.23415803909,1984.36058603077,NA,0.935,0.5424549343466735
GHSL_580,0,42,321,6,0,0,1,0,0,0,0,0.0,-20.66576816515195,32.348064879204976,99.82,1847.25192546844,640.567275816228,NA,-0.326,0.07283199500617282
GHSL_581,0,10,743,135,0,0,0,0,0,0,2,24000000.0,-20.93451719207822,29.02742204077,77.76,4439.00966072083,2417.29912240134,NA,0.0,0.5424549343466735
GHSL_582,0,0,147,1738,55,0,0,0,0,0,3,36000000.0,-16.516673607910445,28.847162234186055,0.59,9695.84505844116,5530.05189755899,OM,0.739,0.5424549343466735
GHSL_583,0,0,16,1151,188,0,0,0,0,0,0,0.0,-16.527947943259147,28.774820581159616,0.03,6777.01226997375,4625.01246845262,NA,0.986,0.5424549343466735
GHSL_584,0,0,1,1715,1900,1,0,0,0,0,5,56196000.0,-16.818211753210086,29.68902377279147,28.44,18087.8190307617,3619.88696450583,NA,1.331,0.5424549343466735
GHSL_585,0,0,5,1913,988,0,0,0,0,0,0,0.0,-17.767613266657097,31.166111812682566,7.39,14529.8116559982,2568.10636658227,NA,1.188,0.35257622875985983
GHSL_586,0,0,0,746,944,0,0,0,0,0,1,12000000.0,-17.812108578636185,31.179456527074603,5.13,8459.80215978622,2843.30985131973,NA,1.356,0.35257622875985983
GHSL_587,0,0,167,5051,407,0,1,0,0,0,13,144840000.0,-17.83524454123219,31.19666854970591,3.07,28123.9260287285,3748.517881099,NA,0.874,0.5424549343466735
GHSL_588,0,0,856,6200,109,0,1,0,0,0,6,72000000.0,-17.888607051098,30.66033578860471,0.43,35822.5696601868,3690.46788471332,NA,0.662,0.5424549343466735
GHSL_589,0,0,6,1386,527,0,1,0,0,0,4,34944000.0,-19.438206874241008,29.825374855647976,20.09,9592.29463672638,3922.75719677322,NA,1.132,0.5424549343466735
GHSL_590,0,0,1058,7117,114,0,1,0,0,0,12,132840000.0,-19.458312923009053,29.756362702579533,13.0,41439.7973918915,4806.50157170681,NA,0.65,0.5424549343466735
GHSL_591,0,0,110,1440,50,0,0,0,0,0,2,24000000.0,-19.482432898335453,29.798558434942137,15.08,8001.04734230042,4206.14889547835,NA,0.754,5.73197139496944e-09
GHSL_592,0,0,2008,5073,20,0,2,0,0,0,9,97296000.0,-20.09064135900684,30.81209076874897,26.29,35506.3073425293,5174.11160285576,NA,0.481,0.5424549343466735
GHSL_593,0,0,0,673,1004,0,1,0,0,0,2,24000000.0,-20.08498012193721,30.840356986979014,28.88,8396.8098449707,4302.77298398489,NA,1.387,0.5424549343466735
GHSL_594,0,0,0,557,611,0,0,0,0,0,1,1992000.0,-20.126350454639798,28.606468742650907,1.94,5844.84051275253,4588.52164141867,NA,1.329,0.5424549343466735
GHSL_595,0,0,18,1157,178,0,1,0,0,0,2,23340000.0,-20.163014792359764,28.47745705852356,3.18,6765.78776931763,3266.66117988668,NA,0.976,0.5424549343466735
GHSL_596,0,0,47,1627,147,0,0,0,0,0,2,22620000.0,-20.21901584702996,28.51306232794223,2.14,9109.13596010208,3334.91944314476,NA,0.892,0.5424549343466735
GHSL_597,0,0,38,5298,1420,0,0,0,0,0,5,52944000.0,-20.307745003889305,30.05683969124472,45.72,33780.8981704712,4666.50524454259,NA,1.07,0.5424549343466735
GHSL_598,0,0,33,3695,837,1,0,0,0,0,4,48000000.0,-21.03715074712091,31.67663170608847,24.86,22829.4533348083,3432.26411219066,NA,1.041,0.5424549343466735
GHSL_599,0,0,15,7704,4753,0,2,1,0,0,12,128652000.0,-18.19434449341139,31.54570405756202,5.6,62369.273663044,3871.77240828754,NA,1.221,0.5424549343466735
SCHOOL_1,0,0,0,0,0,0,0,0,0,0,1,4272000.0,-21.18044,27.86096,0.0,0.0,0.0,NA,0.0,0.0
SCHOOL_2,0,0,0,0,0,0,0,0,0,0,1,7308000.0,-21.12988,27.846890000000002,0.0,0.0,0.0,NA,0.0,0.0
SCHOOL_3,0,0,0,0,0,0,0,0,0,0,1,8820000.0,-21.108009999999997,27.85024,0.0,0.0,0.0,NA,0.0,0.0
SCHOOL_4,0,0,0,0,0,0,0,0,0,0,1,4920000.0,-21.017929999999996,27.78095,0.0,0.0,0.0,NA,0.0,0.0
SCHOOL_5,0,0,0,0,0,0,0,0,0,0,1,7992000.0,-20.99837,27.74522,0.0,0.0,0.0,NA,0.0,0.0
SCHOOL_6,0,0,0,0,0,0,0,0,0,0,1,6696000.0,-20.99126,27.72032,0.0,0.0,0.0,NA,0.0,0.0
SCHOOL_7,0,0,0,0,0,0,0,0,0,0,1,3876000.0,-20.959069999999993,27.79102,0.0,0.0,0.0,NA,0.0,0.0
SCHOOL_8,0,0,0,0,0,0,0,0,0,0,1,3528000.0,-20.877889999999997,27.7307,0.0,0.0,0.0,NA,0.0,0.0
SCHOOL_9,0,0,0,0,0,0,0,0,0,0,1,7692000.0,-20.875239999999998,27.70298,0.0,0.0,0.0,NA,0.0,0.0
SCHOOL_10,0,0,0,0,0,0,0,0,0,0,1,6072000.0,-20.798599999999997,27.74465,0.0,0.0,0.0,NA,0.0,0.0
SCHOOL_11,0,0,0,0,0,0,0,0,0,0,1,4632000.0,-20.78771,27.780430000000003,0.0,0.0,0.0,NA,0.0,0.0
SCHOOL_12,0,0,0,0,0,0,0,0,0,0,1,5304000.0,-20.759940000000007,27.84564,0.0,0.0,0.0,NA,0.0,0.0
SCHOOL_13,0,0,0,0,0,0,0,0,0,0,1,4860000.0,-20.754549999999995,27.80985,0.0,0.0,0.0,NA,0.0,0.0
SCHOOL_14,0,0,0,0,0,0,0,0,0,0,1,4476000.0,-20.729909999999997,27.77908,0.0,0.0,0.0,NA,0.0,0.0
SCHOOL_15,0,0,0,0,0,0,0,0,0,0,1,5616000.0,-20.725140000000003,27.74266,0.0,0.0,0.0,NA,0.0,0.0
SCHOOL_16,0,0,0,0,0,0,0,0,0,0,1,7332000.0,-20.697200000000002,27.88313,0.0,0.0,0.0,NA,0.0,0.0
SCHOOL_17,0,0,0,0,0,0,0,0,0,0,1,3252000.0,-20.663779999999992,27.72022,0.0,0.0,0.0,NA,0.0,0.0
SCHOOL_18,0,0,0,0,0,0,0,0,0,0,1,2136000.0,-20.651719999999997,27.84271,0.0,0.0,0.0,NA,0.0,0.0
SCHOOL_19,0,0,0,0,0,0,0,0,0,0,1,6120000.0,-20.647389999999998,27.77971,0.0,0.0,0.0,NA,0.0,0.0
SCHOOL_20,0,0,0,0,0,0,0,0,0,0,1,3420000.0,-20.590990000000005,27.850570000000005,0.0,0.0,0.0,NA,0.0,0.0
SCHOOL_21,0,0,0,0,0,0,0,0,0,0,1,5232000.0,-20.562239999999996,27.77465,0.0,0.0,0.0,NA,0.0,0.0
SCHOOL_22,0,0,0,0,0,0,0,0,0,0,1,2580000.0,-20.545859999999998,27.73752,0.0,0.0,0.0,NA,0.0,0.0
SCHOOL_23,0,0,0,0,0,0,0,0,0,0,1,12000000.0,-20.523019999999995,27.80998,0.0,0.0,0.0,NA,0.0,0.0
SCHOOL_24,0,0,0,0,0,0,0,0,0,0,1,8940000.0,-20.485899999999994,27.7773,0.0,0.0,0.0,NA,0.0,0.0
SCHOOL_25,0,0,0,0,0,0,0,0,0,0,1,3396000.0,-20.449869999999997,27.64682,0.0,0.0,0.0,NA,0.0,0.0
SCHOOL_26,0,0,0,0,0,0,0,0,0,0,1,3660000.0,-20.439270000000004,27.60426,0.0,0.0,0.0,NA,0.0,0.0
SCHOOL_27,0,0,0,0,0,0,0,0,0,0,1,2076000.0,-20.420439999999992,27.46535,0.0,0.0,0.0,NA,0.0,0.0
SCHOOL_28,0,0,0,0,0,0,0,0,0,0,1,4416000.0,-20.386519999999994,27.34822,0.0,0.0,0.0,NA,0.0,0.0
SCHOOL_29,0,0,0,0,0,0,0,0,0,0,1,4368000.0,-20.351820000000004,27.46484,0.0,0.0,0.0,NA,0.0,0.0
SCHOOL_30,0,0,0,0,0,0,0,0,0,0,1,3960000.0,-20.313170000000003,27.41383,0.0,0.0,0.0,NA,0.0,0.0
SCHOOL_31,0,0,0,0,0,0,0,0,0,0,1,3348000.0,-20.306799999999996,27.37938,0.0,0.0,0.0,NA,0.0,0.0
SCHOOL_32,0,0,0,0,0,0,0,0,0,0,1,4620000.0,-20.692079999999997,27.96881,0.0,0.0,0.0,NA,0.0,0.0
SCHOOL_33,0,0,0,0,0,0,0,0,0,0,1,2784000.0,-20.691289999999995,27.90228,0.0,0.0,0.0,NA,0.0,0.0
SCHOOL_34,0,0,0,0,0,0,0,0,0,0,1,9348000.0,-20.66209,27.88645,0.0,0.0,0.0,NA,0.0,0.0
SCHOOL_35,0,0,0,0,0,0,0,0,0,0,1,4296000.0,-20.64471,27.91109,0.0,0.0,0.0,NA,0.0,0.0
SCHOOL_36,0,0,0,0,0,0,0,0,0,0,1,1944000.0,-20.506379999999996,27.9742,0.0,0.0,0.0,NA,0.0,0.0
SCHOOL_37,0,0,0,0,0,0,0,0,0,0,1,5856000.0,-20.394529999999996,27.96365,0.0,0.0,0.0,NA,0.0,0.0
SCHOOL_38,0,0,0,0,0,0,0,0,0,0,1,4932000.0,-20.37821,27.89321,0.0,0.0,0.0,NA,0.0,0.0
SCHOOL_39,0,0,0,0,0,0,0,0,0,0,1,5724000.0,-20.296610000000005,27.90166,0.0,0.0,0.0,NA,0.0,0.0
SCHOOL_40,0,0,0,0,0,0,0,0,0,0,1,6384000.0,-20.224649999999993,27.95376,0.0,0.0,0.0,NA,0.0,0.0
SCHOOL_41,0,0,0,0,0,0,0,0,0,0,1,1860000.0,-20.172389999999993,27.97912,0.0,0.0,0.0,NA,0.0,0.0
SCHOOL_42,0,0,0,0,0,0,0,0,0,0,1,7272000.0,-20.47122,27.81521,0.0,0.0,0.0,NA,0.0,0.0
SCHOOL_43,0,0,0,0,0,0,0,0,0,0,1,1896000.0,-20.429829999999995,27.675780000000003,0.0,0.0,0.0,NA,0.0,0.0
SCHOOL_44,0,0,0,0,0,0,0,0,0,0,1,4944000.0,-20.39564,27.7742,0.0,0.0,0.0,NA,0.0,0.0
SCHOOL_45,0,0,0,0,0,0,0,0,0,0,1,9732000.0,-20.387049999999995,27.75978,0.0,0.0,0.0,NA,0.0,0.0
SCHOOL_46,0,0,0,0,0,0,0,0,0,0,1,7584000.0,-20.37497,27.86974,0.0,0.0,0.0,NA,0.0,0.0
SCHOOL_47,0,0,0,0,0,0,0,0,0,0,1,5232000.0,-20.371039999999994,27.82596,0.0,0.0,0.0,NA,0.0,0.0
SCHOOL_48,0,0,0,0,0,0,0,0,0,0,2,7140000.0,-20.339940000000002,27.82651,0.0,0.0,0.0,NA,0.0,0.0
SCHOOL_49,0,0,0,0,0,0,0,0,0,0,1,6264000.0,-20.331919999999997,27.7112,0.0,0.0,0.0,NA,0.0,0.0
SCHOOL_50,0,0,0,0,0,0,0,0,0,0,1,2592000.0,-20.305539999999997,27.79816,0.0,0.0,0.0,NA,0.0,0.0
SCHOOL_51,0,0,0,0,0,0,0,0,0,0,1,1260000.0,-20.38611999999999,27.522000000000002,0.0,0.0,0.0,NA,0.0,0.0
SCHOOL_52,0,0,0,0,0,0,0,0,0,0,1,2796000.0,-20.36945,27.6308,0.0,0.0,0.0,NA,0.0,0.0
SCHOOL_53,0,0,0,0,0,0,0,0,0,0,1,3588000.0,-20.367669999999997,27.5652,0.0,0.0,0.0,NA,0.0,0.0
SCHOOL_54,0,0,0,0,0,0,0,0,0,0,1,1416000.0,-20.36442,27.603600000000004,0.0,0.0,0.0,NA,0.0,0.0
SCHOOL_55,0,0,0,0,0,0,0,0,0,0,1,3444000.0,-20.25948,27.62977,0.0,0.0,0.0,NA,0.0,0.0
SCHOOL_56,0,0,0,0,0,0,0,0,0,0,1,8424000.0,-20.240560000000002,27.64749,0.0,0.0,0.0,NA,0.0,0.0
SCHOOL_57,0,0,0,0,0,0,0,0,0,0,1,5460000.0,-20.175059999999995,27.59668,0.0,0.0,0.0,NA,0.0,0.0
SCHOOL_58,0,0,0,0,0,0,0,0,0,0,1,3612000.0,-20.160540000000005,27.65684,0.0,0.0,0.0,NA,0.0,0.0
SCHOOL_59,0,0,0,0,0,0,0,0,0,0,1,7980000.0,-20.130029999999998,27.53358,0.0,0.0,0.0,NA,0.0,0.0
SCHOOL_60,0,0,0,0,0,0,0,0,0,0,1,4500000.0,-20.109100000000005,27.59247,0.0,0.0,0.0,NA,0.0,0.0
SCHOOL_61,0,0,0,0,0,0,0,0,0,0,1,1728000.0,-20.298989999999993,27.71489,0.0,0.0,0.0,NA,0.0,0.0
SCHOOL_62,0,0,0,0,0,0,0,0,0,0,1,4992000.0,-20.281840000000003,27.747610000000005,0.0,0.0,0.0,NA,0.0,0.0
SCHOOL_63,0,0,0,0,0,0,0,0,0,0,1,2784000.0,-20.27061,27.69147,0.0,0.0,0.0,NA,0.0,0.0
SCHOOL_64,0,0,0,0,0,0,0,0,0,0,2,10140000.0,-20.23674500011057,27.872275000368,0.0,0.0,0.0,NA,0.0,0.0
SCHOOL_65,0,0,0,0,0,0,0,0,0,0,1,2424000.0,-20.213990000000003,27.80049,0.0,0.0,0.0,NA,0.0,0.0
SCHOOL_66,0,0,0,0,0,0,0,0,0,0,1,7452000.0,-20.19859,27.73737,0.0,0.0,0.0,NA,0.0,0.0
SCHOOL_67,0,0,0,0,0,0,0,0,0,0,1,4944000.0,-20.188940000000002,27.70248,0.0,0.0,0.0,NA,0.0,0.0
SCHOOL_68,0,0,0,0,0,0,0,0,0,0,1,12000000.0,-20.122249999999994,27.87179,0.0,0.0,0.0,NA,0.0,0.0
SCHOOL_69,0,0,0,0,0,0,0,0,0,0,1,9324000.0,-20.115829999999992,27.87101,0.0,0.0,0.0,NA,0.0,0.0
SCHOOL_70,0,0,0,0,0,0,0,0,0,0,1,7032000.0,-20.283469999999998,27.43034,0.0,0.0,0.0,NA,0.0,0.0
SCHOOL_71,0,0,0,0,0,0,0,0,0,0,1,2688000.0,-20.261599999999998,27.477,0.0,0.0,0.0,NA,0.0,0.0
SCHOOL_72,0,0,0,0,0,0,0,0,0,0,1,4056000.0,-20.25706999999999,27.40696,0.0,0.0,0.0,NA,0.0,0.0
SCHOOL_73,0,0,0,0,0,0,0,0,0,0,1,6168000.0,-20.19196000000001,27.3595,0.0,0.0,0.0,NA,0.0,0.0
SCHOOL_74,0,0,0,0,0,0,0,0,0,0,1,10968000.0,-20.176800000000004,27.4218,0.0,0.0,0.0,NA,0.0,0.0
SCHOOL_75,0,0,0,0,0,0,0,0,0,0,1,10092000.0,-20.13198,27.44919,0.0,0.0,0.0,NA,0.0,0.0
SCHOOL_76,0,0,0,0,0,0,0,0,0,0,1,6312000.0,-20.009969999999996,27.38137,0.0,0.0,0.0,NA,0.0,0.0
SCHOOL_77,0,0,0,0,0,0,0,0,0,0,1,2712000.0,-19.97476,27.32599,0.0,0.0,0.0,NA,0.0,0.0
SCHOOL_78,0,0,0,0,0,0,0,0,0,0,1,9864000.0,-19.94612,27.45255,0.0,0.0,0.0,NA,0.0,0.0
SCHOOL_79,0,0,0,0,0,0,0,0,0,0,1,7872000.0,-19.923220000000008,27.34568,0.0,0.0,0.0,NA,0.0,0.0
SCHOOL_80,0,0,0,0,0,0,0,0,0,0,1,3036000.0,-20.109799999999996,27.689470000000004,0.0,0.0,0.0,NA,0.0,0.0
SCHOOL_81,0,0,0,0,0,0,0,0,0,0,1,6036000.0,-20.06182,27.77061,0.0,0.0,0.0,NA,0.0,0.0
SCHOOL_82,0,0,0,0,0,0,0,0,0,0,1,4728000.0,-20.06169,27.84726,0.0,0.0,0.0,NA,0.0,0.0
SCHOOL_83,0,0,0,0,0,0,0,0,0,0,1,4884000.0,-20.058609999999994,27.769900000000003,0.0,0.0,0.0,NA,0.0,0.0
SCHOOL_84,0,0,0,0,0,0,0,0,0,0,1,5808000.0,-20.04372,27.72162,0.0,0.0,0.0,NA,0.0,0.0
SCHOOL_85,0,0,0,0,0,0,0,0,0,0,1,2496000.0,-19.98085,27.6822,0.0,0.0,0.0,NA,0.0,0.0
SCHOOL_86,0,0,0,0,0,0,0,0,0,0,1,9408000.0,-19.978930000000005,27.85731,0.0,0.0,0.0,NA,0.0,0.0
SCHOOL_87,0,0,0,0,0,0,0,0,0,0,1,2760000.0,-20.101069999999993,27.47966,0.0,0.0,0.0,NA,0.0,0.0
SCHOOL_88,0,0,0,0,0,0,0,0,0,0,1,7812000.0,-20.08499,27.49226,0.0,0.0,0.0,NA,0.0,0.0
SCHOOL_89,0,0,0,0,0,0,0,0,0,0,1,4392000.0,-20.06365000000001,27.62663,0.0,0.0,0.0,NA,0.0,0.0
SCHOOL_90,0,0,0,0,0,0,0,0,0,0,1,7260000.0,-20.05918,27.65369,0.0,0.0,0.0,NA,0.0,0.0
SCHOOL_91,0,0,0,0,0,0,0,0,0,0,1,6420000.0,-20.040199999999995,27.53245,0.0,0.0,0.0,NA,0.0,0.0
SCHOOL_92,0,0,0,0,0,0,0,0,0,0,1,5328000.0,-20.00209,27.59122,0.0,0.0,0.0,NA,0.0,0.0
SCHOOL_93,0,0,0,0,0,0,0,0,0,0,1,2964000.0,-19.992799999999995,27.55238,0.0,0.0,0.0,NA,0.0,0.0
SCHOOL_94,0,0,0,0,0,0,0,0,0,0,1,4644000.0,-19.99011,27.63445,0.0,0.0,0.0,NA,0.0,0.0
SCHOOL_95,0,0,0,0,0,0,0,0,0,0,1,4356000.0,-19.973289999999995,27.52983,0.0,0.0,0.0,NA,0.0,0.0
SCHOOL_96,0,0,0,0,0,0,0,0,0,0,1,3444000.0,-19.971969999999992,27.64579,0.0,0.0,0.0,NA,0.0,0.0
SCHOOL_97,0,0,0,0,0,0,0,0,0,0,1,5916000.0,-19.949529999999996,27.5406,0.0,0.0,0.0,NA,0.0,0.0
SCHOOL_98,0,0,0,0,0,0,0,0,0,0,1,3324000.0,-19.944709999999993,27.5798,0.0,0.0,0.0,NA,0.0,0.0
SCHOOL_99,0,0,0,0,0,0,0,0,0,0,1,6612000.0,-19.93377999999999,27.63783,0.0,0.0,0.0,NA,0.0,0.0
SCHOOL_100,0,0,0,0,0,0,0,0,0,0,1,1692000.0,-19.92587,27.55383,0.0,0.0,0.0,NA,0.0,0.0
SCHOOL_101,0,0,0,0,0,0,0,0,0,0,1,5004000.0,-19.869080000000004,27.50203,0.0,0.0,0.0,NA,0.0,0.0
SCHOOL_102,0,0,0,0,0,0,0,0,0,0,1,7296000.0,-19.86161,27.55725,0.0,0.0,0.0,NA,0.0,0.0
SCHOOL_103,0,0,0,0,0,0,0,0,0,0,1,6204000.0,-19.840340000000005,27.6401,0.0,0.0,0.0,NA,0.0,0.0
SCHOOL_104,0,0,0,0,0,0,0,0,0,0,1,2088000.0,-19.834440000000004,27.64989,0.0,0.0,0.0,NA,0.0,0.0
SCHOOL_105,0,0,0,0,0,0,0,0,0,0,1,5868000.0,-19.806009999999997,27.53879,0.0,0.0,0.0,NA,0.0,0.0
SCHOOL_106,0,0,0,0,0,0,0,0,0,0,1,9192000.0,-19.80232,27.531900000000004,0.0,0.0,0.0,NA,0.0,0.0
SCHOOL_107,0,0,0,0,0,0,0,0,0,0,1,4404000.0,-19.945129999999992,27.73188,0.0,0.0,0.0,NA,0.0,0.0
SCHOOL_108,0,0,0,0,0,0,0,0,0,0,1,5016000.0,-19.92967,27.80535,0.0,0.0,0.0,NA,0.0,0.0
SCHOOL_109,0,0,0,0,0,0,0,0,0,0,1,10944000.0,-19.890929999999997,27.76402,0.0,0.0,0.0,NA,0.0,0.0
SCHOOL_110,0,0,0,0,0,0,0,0,0,0,1,6036000.0,-19.88456,27.75827,0.0,0.0,0.0,NA,0.0,0.0
SCHOOL_111,0,0,0,0,0,0,0,0,0,0,1,3540000.0,-19.85006,27.70849,0.0,0.0,0.0,NA,0.0,0.0
SCHOOL_112,0,0,0,0,0,0,0,0,0,0,1,2364000.0,-19.841200000000004,27.86376,0.0,0.0,0.0,NA,0.0,0.0
SCHOOL_113,0,0,0,0,0,0,0,0,0,0,1,4224000.0,-19.827809999999996,27.8293,0.0,0.0,0.0,NA,0.0,0.0
SCHOOL_114,0,0,0,0,0,0,0,0,0,0,1,9336000.0,-19.822089999999996,27.81691,0.0,0.0,0.0,NA,0.0,0.0
SCHOOL_115,0,0,0,0,0,0,0,0,0,0,1,7296000.0,-19.814259999999994,27.72387,0.0,0.0,0.0,NA,0.0,0.0
SCHOOL_116,0,0,0,0,0,0,0,0,0,0,1,10140000.0,-19.795269999999995,27.78078,0.0,0.0,0.0,NA,0.0,0.0
SCHOOL_117,0,0,0,0,0,0,0,0,0,0,1,3060000.0,-20.10588,27.95134,0.0,0.0,0.0,NA,0.0,0.0
SCHOOL_118,0,0,0,0,0,0,0,0,0,0,1,1800000.0,-20.063210000000005,28.02817,0.0,0.0,0.0,NA,0.0,0.0
SCHOOL_119,0,0,0,0,0,0,0,0,0,0,1,10272000.0,-20.02036,27.89088,0.0,0.0,0.0,NA,0.0,0.0
SCHOOL_120,0,0,0,0,0,0,0,0,0,0,1,2892000.0,-20.019289999999998,27.89955,0.0,0.0,0.0,NA,0.0,0.0
SCHOOL_121,0,0,0,0,0,0,0,0,0,0,1,2652000.0,-19.995950000000004,27.98743,0.0,0.0,0.0,NA,0.0,0.0
SCHOOL_122,0,0,0,0,0,0,0,0,0,0,1,1056000.0,-19.911489999999997,28.00657,0.0,0.0,0.0,NA,0.0,0.0
SCHOOL_123,0,0,0,0,0,0,0,0,0,0,1,2304000.0,-19.85706,27.97208,0.0,0.0,0.0,NA,0.0,0.0
SCHOOL_124,0,0,0,0,0,0,0,0,0,0,1,3600000.0,-19.687799999999996,28.01515,0.0,0.0,0.0,NA,0.0,0.0
SCHOOL_125,0,0,0,0,0,0,0,0,0,0,1,2196000.0,-19.576319999999996,27.99579,0.0,0.0,0.0,NA,0.0,0.0
SCHOOL_126,0,0,0,0,0,0,0,0,0,0,1,2892000.0,-19.555289999999996,27.93308,0.0,0.0,0.0,NA,0.0,0.0
SCHOOL_127,0,0,0,0,0,0,0,0,0,0,1,8124000.0,-19.8819,27.37551,0.0,0.0,0.0,NA,0.0,0.0
SCHOOL_128,0,0,0,0,0,0,0,0,0,0,1,5796000.0,-19.835299999999993,27.47059,0.0,0.0,0.0,NA,0.0,0.0
SCHOOL_129,0,0,0,0,0,0,0,0,0,0,1,12000000.0,-19.78834,27.35119,0.0,0.0,0.0,NA,0.0,0.0
SCHOOL_130,0,0,0,0,0,0,0,0,0,0,1,3852000.0,-19.77415,27.37827,0.0,0.0,0.0,NA,0.0,0.0
SCHOOL_131,0,0,0,0,0,0,0,0,0,0,1,6084000.0,-19.694360000000007,27.43142,0.0,0.0,0.0,NA,0.0,0.0
SCHOOL_132,0,0,0,0,0,0,0,0,0,0,1,2940000.0,-19.69366,27.42736,0.0,0.0,0.0,NA,0.0,0.0
SCHOOL_133,0,0,0,0,0,0,0,0,0,0,1,3072000.0,-19.686599999999995,27.36329,0.0,0.0,0.0,NA,0.0,0.0
SCHOOL_134,0,0,0,0,0,0,0,0,0,0,1,4596000.0,-19.581679999999995,27.46699,0.0,0.0,0.0,NA,0.0,0.0
SCHOOL_135,0,0,0,0,0,0,0,0,0,0,1,4236000.0,-19.56797,27.3688,0.0,0.0,0.0,NA,0.0,0.0
SCHOOL_136,0,0,0,0,0,0,0,0,0,0,1,6060000.0,-19.509909999999994,27.390250000000005,0.0,0.0,0.0,NA,0.0,0.0
SCHOOL_137,0,0,0,0,0,0,0,0,0,0,1,3468000.0,-20.206459999999993,27.3054,0.0,0.0,0.0,NA,0.0,0.0
SCHOOL_138,0,0,0,0,0,0,0,0,0,0,1,11628000.0,-20.130539999999996,27.28608,0.0,0.0,0.0,NA,0.0,0.0
SCHOOL_139,0,0,0,0,0,0,0,0,0,0,1,5460000.0,-20.08325,27.23059,0.0,0.0,0.0,NA,0.0,0.0
SCHOOL_140,0,0,0,0,0,0,0,0,0,0,1,2832000.0,-20.062489999999993,27.21876,0.0,0.0,0.0,NA,0.0,0.0
SCHOOL_141,0,0,0,0,0,0,0,0,0,0,1,3864000.0,-20.02616,27.19369,0.0,0.0,0.0,NA,0.0,0.0
SCHOOL_142,0,0,0,0,0,0,0,0,0,0,1,6624000.0,-20.015509999999995,27.24725,0.0,0.0,0.0,NA,0.0,0.0
SCHOOL_143,0,0,0,0,0,0,0,0,0,0,1,1968000.0,-19.905580000000004,27.26793,0.0,0.0,0.0,NA,0.0,0.0
SCHOOL_144,0,0,0,0,0,0,0,0,0,0,1,5880000.0,-19.887030000000003,27.22401,0.0,0.0,0.0,NA,0.0,0.0
SCHOOL_145,0,0,0,0,0,0,0,0,0,0,1,4116000.0,-19.87577,27.26209,0.0,0.0,0.0,NA,0.0,0.0
SCHOOL_146,0,0,0,0,0,0,0,0,0,0,1,5568000.0,-19.851139999999994,27.27454,0.0,0.0,0.0,NA,0.0,0.0
SCHOOL_147,0,0,0,0,0,0,0,0,0,0,1,6720000.0,-19.765769999999996,27.21785,0.0,0.0,0.0,NA,0.0,0.0
SCHOOL_148,0,0,0,0,0,0,0,0,0,0,1,3600000.0,-19.69936999999999,27.03305,0.0,0.0,0.0,NA,0.0,0.0
SCHOOL_149,0,0,0,0,0,0,0,0,0,0,1,2280000.0,-19.676459999999995,26.96724,0.0,0.0,0.0,NA,0.0,0.0
SCHOOL_150,0,0,0,0,0,0,0,0,0,0,1,3564000.0,-18.619009999999992,26.868950000000005,0.0,0.0,0.0,NA,0.0,0.0
SCHOOL_151,0,0,0,0,0,0,0,0,0,0,1,7452000.0,-18.58717,26.82768,0.0,0.0,0.0,NA,0.0,0.0
SCHOOL_152,0,0,0,0,0,0,0,0,0,0,1,4104000.0,-18.561879999999995,26.8361,0.0,0.0,0.0,NA,0.0,0.0
SCHOOL_153,0,0,0,0,0,0,0,0,0,0,1,4500000.0,-18.52831,26.88571,0.0,0.0,0.0,NA,0.0,0.0
SCHOOL_154,0,0,0,0,0,0,0,0,0,0,1,4572000.0,-19.670180000000002,27.24283,0.0,0.0,0.0,NA,0.0,0.0
SCHOOL_155,0,0,0,0,0,0,0,0,0,0,1,3384000.0,-19.66654,27.13671,0.0,0.0,0.0,NA,0.0,0.0
SCHOOL_156,0,0,0,0,0,0,0,0,0,0,1,2436000.0,-19.632029999999997,27.111980000000003,0.0,0.0,0.0,NA,0.0,0.0
SCHOOL_157,0,0,0,0,0,0,0,0,0,0,1,3360000.0,-19.61428,27.019200000000005,0.0,0.0,0.0,NA,0.0,0.0
SCHOOL_158,0,0,0,0,0,0,0,0,0,0,1,4200000.0,-19.612600000000004,27.09275,0.0,0.0,0.0,NA,0.0,0.0
SCHOOL_159,0,0,0,0,0,0,0,0,0,0,1,3024000.0,-19.57593,26.990370000000002,0.0,0.0,0.0,NA,0.0,0.0
SCHOOL_160,0,0,0,0,0,0,0,0,0,0,1,1056000.0,-19.574519999999993,27.0586,0.0,0.0,0.0,NA,0.0,0.0
SCHOOL_161,0,0,0,0,0,0,0,0,0,0,1,2076000.0,-19.55326,27.13604,0.0,0.0,0.0,NA,0.0,0.0
SCHOOL_162,0,0,0,0,0,0,0,0,0,0,1,3660000.0,-19.536359999999988,27.27638,0.0,0.0,0.0,NA,0.0,0.0
SCHOOL_163,0,0,0,0,0,0,0,0,0,0,1,1344000.0,-19.525829999999996,27.08437,0.0,0.0,0.0,NA,0.0,0.0
SCHOOL_164,0,0,0,0,0,0,0,0,0,0,1,2028000.0,-18.268379999999997,26.11674,0.0,0.0,0.0,NA,0.0,0.0
SCHOOL_165,0,0,0,0,0,0,0,0,0,0,1,3780000.0,-19.49111999999999,27.16841,0.0,0.0,0.0,NA,0.0,0.0
SCHOOL_166,0,0,0,0,0,0,0,0,0,0,1,1944000.0,-19.479229999999998,27.02031,0.0,0.0,0.0,NA,0.0,0.0
SCHOOL_167,0,0,0,0,0,0,0,0,0,0,1,2796000.0,-19.47826999999999,27.17601,0.0,0.0,0.0,NA,0.0,0.0
SCHOOL_168,0,0,0,0,0,0,0,0,0,0,1,2352000.0,-19.454889999999995,27.27396,0.0,0.0,0.0,NA,0.0,0.0
SCHOOL_169,0,0,0,0,0,0,0,0,0,0,1,1344000.0,-19.44093,26.96377,0.0,0.0,0.0,NA,0.0,0.0
SCHOOL_170,0,0,0,0,0,0,0,0,0,0,1,2112000.0,-19.40597,27.18159,0.0,0.0,0.0,NA,0.0,0.0
SCHOOL_171,0,0,0,0,0,0,0,0,0,0,1,1056000.0,-19.39911,27.08084,0.0,0.0,0.0,NA,0.0,0.0
SCHOOL_172,0,0,0,0,0,0,0,0,0,0,1,6252000.0,-19.305879999999988,27.31148,0.0,0.0,0.0,NA,0.0,0.0
SCHOOL_173,0,0,0,0,0,0,0,0,0,0,1,1752000.0,-18.733219999999996,26.95458,0.0,0.0,0.0,NA,0.0,0.0
SCHOOL_174,0,0,0,0,0,0,0,0,0,0,1,840000.0,-18.639000000000003,27.24499,0.0,0.0,0.0,NA,0.0,0.0
SCHOOL_175,0,0,0,0,0,0,0,0,0,0,1,2832000.0,-18.605969999999996,27.17686,0.0,0.0,0.0,NA,0.0,0.0
SCHOOL_176,0,0,0,0,0,0,0,0,0,0,1,4308000.0,-18.57096,27.00565,0.0,0.0,0.0,NA,0.0,0.0
SCHOOL_177,0,0,0,0,0,0,0,0,0,0,1,3288000.0,-18.569050000000004,27.08414,0.0,0.0,0.0,NA,0.0,0.0
SCHOOL_178,0,0,0,0,0,0,0,0,0,0,1,960000.0,-18.56327,27.22032,0.0,0.0,0.0,NA,0.0,0.0
SCHOOL_179,0,0,0,0,0,0,0,0,0,0,1,3768000.0,-18.54365,27.00559,0.0,0.0,0.0,NA,0.0,0.0
SCHOOL_180,0,0,0,0,0,0,0,0,0,0,1,3564000.0,-18.51326,27.06499,0.0,0.0,0.0,NA,0.0,0.0
SCHOOL_181,0,0,0,0,0,0,0,0,0,0,2,6852000.0,-18.5102800000739,26.97225500017253,0.0,0.0,0.0,NA,0.0,0.0
SCHOOL_182,0,0,0,0,0,0,0,0,0,0,1,2568000.0,-18.494280000000003,27.03626,0.0,0.0,0.0,NA,0.0,0.0
SCHOOL_183,0,0,0,0,0,0,0,0,0,0,1,3672000.0,-18.47403,27.27577,0.0,0.0,0.0,NA,0.0,0.0
SCHOOL_184,0,0,0,0,0,0,0,0,0,0,1,1632000.0,-18.517810000000008,26.78368,0.0,0.0,0.0,NA,0.0,0.0
SCHOOL_185,0,0,0,0,0,0,0,0,0,0,1,3504000.0,-18.506670000000007,26.8477,0.0,0.0,0.0,NA,0.0,0.0
SCHOOL_186,0,0,0,0,0,0,0,0,0,0,1,4836000.0,-18.504299999999994,26.84621,0.0,0.0,0.0,NA,0.0,0.0
SCHOOL_187,0,0,0,0,0,0,0,0,0,0,1,8568000.0,-18.491789999999995,26.90844,0.0,0.0,0.0,NA,0.0,0.0
SCHOOL_188,0,0,0,0,0,0,0,0,0,0,1,4332000.0,-18.491329999999998,26.91501,0.0,0.0,0.0,NA,0.0,0.0
SCHOOL_189,0,0,0,0,0,0,0,0,0,0,1,840000.0,-18.473440000000004,26.71779,0.0,0.0,0.0,NA,0.0,0.0
SCHOOL_190,0,0,0,0,0,0,0,0,0,0,1,2232000.0,-18.44865,26.62634,0.0,0.0,0.0,NA,0.0,0.0
SCHOOL_191,0,0,0,0,0,0,0,0,0,0,1,3204000.0,-18.446979999999993,26.86572,0.0,0.0,0.0,NA,0.0,0.0
SCHOOL_192,0,0,0,0,0,0,0,0,0,0,1,1392000.0,-18.44047,26.858490000000003,0.0,0.0,0.0,NA,0.0,0.0
SCHOOL_193,0,0,0,0,0,0,0,0,0,0,1,2796000.0,-18.402349999999995,26.82587,0.0,0.0,0.0,NA,0.0,0.0
SCHOOL_194,0,0,0,0,0,0,0,0,0,0,1,3876000.0,-18.39013,26.63149,0.0,0.0,0.0,NA,0.0,0.0
SCHOOL_195,0,0,0,0,0,0,0,0,0,0,1,4344000.0,-18.38697000000001,26.73108,0.0,0.0,0.0,NA,0.0,0.0
SCHOOL_196,0,0,0,0,0,0,0,0,0,0,1,1080000.0,-18.38606,26.90744,0.0,0.0,0.0,NA,0.0,0.0
SCHOOL_197,0,0,0,0,0,0,0,0,0,0,1,1944000.0,-18.38187,26.73487,0.0,0.0,0.0,NA,0.0,0.0
SCHOOL_198,0,0,0,0,0,0,0,0,0,0,1,5388000.0,-18.37784999999999,26.44855,0.0,0.0,0.0,NA,0.0,0.0
SCHOOL_199,0,0,0,0,0,0,0,0,0,0,1,7740000.0,-18.371069999999996,26.42864,0.0,0.0,0.0,NA,0.0,0.0
SCHOOL_200,0,0,0,0,0,0,0,0,0,0,1,4908000.0,-18.409209999999998,26.95068,0.0,0.0,0.0,NA,0.0,0.0
SCHOOL_201,0,0,0,0,0,0,0,0,0,0,1,1236000.0,-18.408289999999994,26.955210000000005,0.0,0.0,0.0,NA,0.0,0.0
SCHOOL_202,0,0,0,0,0,0,0,0,0,0,1,948000.0,-18.393119999999993,27.24774,0.0,0.0,0.0,NA,0.0,0.0
SCHOOL_203,0,0,0,0,0,0,0,0,0,0,1,1896000.0,-18.348709999999997,27.28429,0.0,0.0,0.0,NA,0.0,0.0
SCHOOL_204,0,0,0,0,0,0,0,0,0,0,1,5220000.0,-18.331169999999997,27.2128,0.0,0.0,0.0,NA,0.0,0.0
SCHOOL_205,0,0,0,0,0,0,0,0,0,0,1,4740000.0,-18.31775,27.04767,0.0,0.0,0.0,NA,0.0,0.0
SCHOOL_206,0,0,0,0,0,0,0,0,0,0,1,4068000.0,-18.30636,27.05504,0.0,0.0,0.0,NA,0.0,0.0
SCHOOL_207,0,0,0,0,0,0,0,0,0,0,1,4116000.0,-18.30357,27.08521,0.0,0.0,0.0,NA,0.0,0.0
SCHOOL_208,0,0,0,0,0,0,0,0,0,0,1,4680000.0,-18.291979999999995,27.31789,0.0,0.0,0.0,NA,0.0,0.0
SCHOOL_209,0,0,0,0,0,0,0,0,0,0,1,1884000.0,-18.28933,27.318550000000002,0.0,0.0,0.0,NA,0.0,0.0
SCHOOL_210,0,0,0,0,0,0,0,0,0,0,1,4752000.0,-19.771879999999996,27.48375,0.0,0.0,0.0,NA,0.0,0.0
SCHOOL_211,0,0,0,0,0,0,0,0,0,0,1,4140000.0,-19.749780000000005,27.66232,0.0,0.0,0.0,NA,0.0,0.0
SCHOOL_212,0,0,0,0,0,0,0,0,0,0,1,4956000.0,-19.741850000000003,27.59705,0.0,0.0,0.0,NA,0.0,0.0
SCHOOL_213,0,0,0,0,0,0,0,0,0,0,1,4656000.0,-19.739399999999996,27.65512,0.0,0.0,0.0,NA,0.0,0.0
SCHOOL_214,0,0,0,0,0,0,0,0,0,0,1,3564000.0,-19.70764,27.5162,0.0,0.0,0.0,NA,0.0,0.0
SCHOOL_215,0,0,0,0,0,0,0,0,0,0,1,4296000.0,-19.700879999999994,27.656520000000004,0.0,0.0,0.0,NA,0.0,0.0
SCHOOL_216,0,0,0,0,0,0,0,0,0,0,1,3084000.0,-19.675829999999998,27.61133,0.0,0.0,0.0,NA,0.0,0.0
SCHOOL_217,0,0,0,0,0,0,0,0,0,0,1,2112000.0,-19.675060000000002,27.60742,0.0,0.0,0.0,NA,0.0,0.0
SCHOOL_218,0,0,0,0,0,0,0,0,0,0,1,3168000.0,-19.665109999999984,27.565670000000004,0.0,0.0,0.0,NA,0.0,0.0
SCHOOL_219,0,0,0,0,0,0,0,0,0,0,1,3840000.0,-19.593089999999997,27.58632,0.0,0.0,0.0,NA,0.0,0.0
SCHOOL_220,0,0,0,0,0,0,0,0,0,0,1,2244000.0,-19.77859,27.870000000000005,0.0,0.0,0.0,NA,0.0,0.0
SCHOOL_221,0,0,0,0,0,0,0,0,0,0,1,9828000.0,-19.765989999999995,27.72588,0.0,0.0,0.0,NA,0.0,0.0
SCHOOL_222,0,0,0,0,0,0,0,0,0,0,1,5112000.0,-19.75954,27.75531,0.0,0.0,0.0,NA,0.0,0.0
SCHOOL_223,0,0,0,0,0,0,0,0,0,0,1,3636000.0,-19.73392,27.80148,0.0,0.0,0.0,NA,0.0,0.0
SCHOOL_224,0,0,0,0,0,0,0,0,0,0,1,8712000.0,-19.716239999999996,27.75798,0.0,0.0,0.0,NA,0.0,0.0
SCHOOL_225,0,0,0,0,0,0,0,0,0,0,1,4044000.0,-19.665080000000003,27.71007,0.0,0.0,0.0,NA,0.0,0.0
SCHOOL_226,0,0,0,0,0,0,0,0,0,0,1,10596000.0,-19.663099999999996,27.70802,0.0,0.0,0.0,NA,0.0,0.0
SCHOOL_227,0,0,0,0,0,0,0,0,0,0,1,5280000.0,-19.6267,27.6801,0.0,0.0,0.0,NA,0.0,0.0
SCHOOL_228,0,0,0,0,0,0,0,0,0,0,1,3036000.0,-19.602259999999998,27.81895,0.0,0.0,0.0,NA,0.0,0.0
SCHOOL_229,0,0,0,0,0,0,0,0,0,0,1,9168000.0,-19.545099999999998,27.73728,0.0,0.0,0.0,NA,0.0,0.0
SCHOOL_230,0,0,0,0,0,0,0,0,0,0,1,2220000.0,-19.51998,27.47956,0.0,0.0,0.0,NA,0.0,0.0
SCHOOL_231,0,0,0,0,0,0,0,0,0,0,1,5796000.0,-19.47695,27.5608,0.0,0.0,0.0,NA,0.0,0.0
SCHOOL_232,0,0,0,0,0,0,0,0,0,0,1,3012000.0,-19.467860000000005,27.57404,0.0,0.0,0.0,NA,0.0,0.0
SCHOOL_233,0,0,0,0,0,0,0,0,0,0,1,5004000.0,-19.438059999999997,27.47994,0.0,0.0,0.0,NA,0.0,0.0
SCHOOL_234,0,0,0,0,0,0,0,0,0,0,1,5172000.0,-19.421709999999997,27.66555,0.0,0.0,0.0,NA,0.0,0.0
SCHOOL_235,0,0,0,0,0,0,0,0,0,0,1,12000000.0,-19.41926,27.60809,0.0,0.0,0.0,NA,0.0,0.0
SCHOOL_236,0,0,0,0,0,0,0,0,0,0,1,6288000.0,-19.341209999999997,27.58892,0.0,0.0,0.0,NA,0.0,0.0
SCHOOL_237,0,0,0,0,0,0,0,0,0,0,1,4176000.0,-19.284619999999997,27.65705,0.0,0.0,0.0,NA,0.0,0.0
SCHOOL_238,0,0,0,0,0,0,0,0,0,0,1,4764000.0,-19.283199999999997,27.65491,0.0,0.0,0.0,NA,0.0,0.0
SCHOOL_239,0,0,0,0,0,0,0,0,0,0,1,4944000.0,-19.258160000000004,27.515,0.0,0.0,0.0,NA,0.0,0.0
SCHOOL_240,0,0,0,0,0,0,0,0,0,0,1,6372000.0,-19.508669999999995,27.71387,0.0,0.0,0.0,NA,0.0,0.0
SCHOOL_241,0,0,0,0,0,0,0,0,0,0,1,5544000.0,-19.503239999999998,27.729500000000005,0.0,0.0,0.0,NA,0.0,0.0
SCHOOL_242,0,0,0,0,0,0,0,0,0,0,1,1920000.0,-19.468399999999995,27.743040000000004,0.0,0.0,0.0,NA,0.0,0.0
SCHOOL_243,0,0,0,0,0,0,0,0,0,0,1,4680000.0,-19.308449999999993,27.71,0.0,0.0,0.0,NA,0.0,0.0
SCHOOL_244,0,0,0,0,0,0,0,0,0,0,1,3720000.0,-19.291940000000004,27.71073,0.0,0.0,0.0,NA,0.0,0.0
SCHOOL_245,0,0,0,0,0,0,0,0,0,0,1,2484000.0,-19.279509999999995,27.68137,0.0,0.0,0.0,NA,0.0,0.0
SCHOOL_246,0,0,0,0,0,0,0,0,0,0,1,3672000.0,-19.24387,27.69392,0.0,0.0,0.0,NA,0.0,0.0
SCHOOL_247,0,0,0,0,0,0,0,0,0,0,1,1464000.0,-19.170060000000003,27.69964,0.0,0.0,0.0,NA,0.0,0.0
SCHOOL_248,0,0,0,0,0,0,0,0,0,0,1,1080000.0,-19.127280000000003,27.82378,0.0,0.0,0.0,NA,0.0,0.0
SCHOOL_249,0,0,0,0,0,0,0,0,0,0,1,1440000.0,-19.117620000000006,27.74597,0.0,0.0,0.0,NA,0.0,0.0
SCHOOL_250,0,0,0,0,0,0,0,0,0,0,1,1272000.0,-19.11322,27.73981,0.0,0.0,0.0,NA,0.0,0.0
SCHOOL_251,0,0,0,0,0,0,0,0,0,0,1,1872000.0,-19.074500000000004,27.77064,0.0,0.0,0.0,NA,0.0,0.0
SCHOOL_252,0,0,0,0,0,0,0,0,0,0,1,1620000.0,-19.02608,27.71328,0.0,0.0,0.0,NA,0.0,0.0
SCHOOL_253,0,0,0,0,0,0,0,0,0,0,1,2580000.0,-19.019339999999996,27.72866,0.0,0.0,0.0,NA,0.0,0.0
SCHOOL_254,0,0,0,0,0,0,0,0,0,0,1,960000.0,-18.991509999999995,27.86054,0.0,0.0,0.0,NA,0.0,0.0
SCHOOL_255,0,0,0,0,0,0,0,0,0,0,1,3240000.0,-18.984460000000002,27.85836,0.0,0.0,0.0,NA,0.0,0.0
SCHOOL_256,0,0,0,0,0,0,0,0,0,0,1,1848000.0,-18.956469999999992,27.80855,0.0,0.0,0.0,NA,0.0,0.0
SCHOOL_257,0,0,0,0,0,0,0,0,0,0,1,4956000.0,-18.93068999999999,27.78427,0.0,0.0,0.0,NA,0.0,0.0
SCHOOL_258,0,0,0,0,0,0,0,0,0,0,1,3456000.0,-18.918999999999993,27.87082,0.0,0.0,0.0,NA,0.0,0.0
SCHOOL_259,0,0,0,0,0,0,0,0,0,0,1,4524000.0,-18.916219999999992,27.744,0.0,0.0,0.0,NA,0.0,0.0
SCHOOL_260,0,0,0,0,0,0,0,0,0,0,1,3132000.0,-19.254179999999995,27.582480000000004,0.0,0.0,0.0,NA,0.0,0.0
SCHOOL_261,0,0,0,0,0,0,0,0,0,0,1,2928000.0,-19.253469999999997,27.48217,0.0,0.0,0.0,NA,0.0,0.0
SCHOOL_262,0,0,0,0,0,0,0,0,0,0,1,2328000.0,-19.214369999999995,27.5827,0.0,0.0,0.0,NA,0.0,0.0
SCHOOL_263,0,0,0,0,0,0,0,0,0,0,1,2436000.0,-19.154419999999995,27.63999,0.0,0.0,0.0,NA,0.0,0.0
SCHOOL_264,0,0,0,0,0,0,0,0,0,0,1,6084000.0,-19.1443,27.64754,0.0,0.0,0.0,NA,0.0,0.0
SCHOOL_265,0,0,0,0,0,0,0,0,0,0,1,1596000.0,-19.132149999999996,27.48139,0.0,0.0,0.0,NA,0.0,0.0
SCHOOL_266,0,0,0,0,0,0,0,0,0,0,1,2280000.0,-18.815710000000003,27.64242,0.0,0.0,0.0,NA,0.0,0.0
SCHOOL_267,0,0,0,0,0,0,0,0,0,0,1,2808000.0,-18.803009999999993,27.59573,0.0,0.0,0.0,NA,0.0,0.0
SCHOOL_268,0,0,0,0,0,0,0,0,0,0,1,3072000.0,-18.796339999999994,27.59484,0.0,0.0,0.0,NA,0.0,0.0
SCHOOL_269,0,0,0,0,0,0,0,0,0,0,1,2436000.0,-18.76765,27.49068,0.0,0.0,0.0,NA,0.0,0.0
SCHOOL_270,0,0,0,0,0,0,0,0,0,0,1,4668000.0,-19.506249999999994,27.40604,0.0,0.0,0.0,NA,0.0,0.0
SCHOOL_271,0,0,0,0,0,0,0,0,0,0,1,2028000.0,-19.492100000000004,27.33058,0.0,0.0,0.0,NA,0.0,0.0
SCHOOL_272,0,0,0,0,0,0,0,0,0,0,1,5724000.0,-19.267899999999997,27.43759,0.0,0.0,0.0,NA,0.0,0.0
SCHOOL_273,0,0,0,0,0,0,0,0,0,0,1,1860000.0,-19.215359999999997,27.46446,0.0,0.0,0.0,NA,0.0,0.0
SCHOOL_274,0,0,0,0,0,0,0,0,0,0,1,4116000.0,-19.134069999999998,27.45607,0.0,0.0,0.0,NA,0.0,0.0
SCHOOL_275,0,0,0,0,0,0,0,0,0,0,1,6516000.0,-18.742650000000005,27.4146,0.0,0.0,0.0,NA,0.0,0.0
SCHOOL_276,0,0,0,0,0,0,0,0,0,0,1,1608000.0,-18.740910000000003,27.32398,0.0,0.0,0.0,NA,0.0,0.0
SCHOOL_277,0,0,0,0,0,0,0,0,0,0,1,3096000.0,-18.740420000000004,27.40819,0.0,0.0,0.0,NA,0.0,0.0
SCHOOL_278,0,0,0,0,0,0,0,0,0,0,1,2808000.0,-18.63249,27.45688,0.0,0.0,0.0,NA,0.0,0.0
SCHOOL_279,0,0,0,0,0,0,0,0,0,0,1,4908000.0,-18.467409999999997,27.38229,0.0,0.0,0.0,NA,0.0,0.0
SCHOOL_280,0,0,0,0,0,0,0,0,0,0,1,7356000.0,-18.9124,27.74052,0.0,0.0,0.0,NA,0.0,0.0
SCHOOL_281,0,0,0,0,0,0,0,0,0,0,1,3000000.0,-18.872909999999997,27.72449,0.0,0.0,0.0,NA,0.0,0.0
SCHOOL_282,0,0,0,0,0,0,0,0,0,0,1,2436000.0,-18.867940000000008,27.67628,0.0,0.0,0.0,NA,0.0,0.0
SCHOOL_283,0,0,0,0,0,0,0,0,0,0,1,2676000.0,-18.811849999999996,27.82702,0.0,0.0,0.0,NA,0.0,0.0
SCHOOL_284,0,0,0,0,0,0,0,0,0,0,1,1416000.0,-18.781540000000003,27.7734,0.0,0.0,0.0,NA,0.0,0.0
SCHOOL_285,0,0,0,0,0,0,0,0,0,0,1,2052000.0,-18.77153,27.73076,0.0,0.0,0.0,NA,0.0,0.0
SCHOOL_286,0,0,0,0,0,0,0,0,0,0,1,3528000.0,-18.726100000000002,27.68265,0.0,0.0,0.0,NA,0.0,0.0
SCHOOL_287,0,0,0,0,0,0,0,0,0,0,1,3300000.0,-18.719759999999997,27.76423,0.0,0.0,0.0,NA,0.0,0.0
SCHOOL_288,0,0,0,0,0,0,0,0,0,0,1,5664000.0,-18.634899999999995,27.75386,0.0,0.0,0.0,NA,0.0,0.0
SCHOOL_289,0,0,0,0,0,0,0,0,0,0,2,9444000.0,-18.535235000001972,27.87219500001945,0.0,0.0,0.0,NA,0.0,0.0
SCHOOL_290,0,0,0,0,0,0,0,0,0,0,1,2244000.0,-18.76428,27.54265,0.0,0.0,0.0,NA,0.0,0.0
SCHOOL_291,0,0,0,0,0,0,0,0,0,0,1,3636000.0,-18.740309999999997,27.66217,0.0,0.0,0.0,NA,0.0,0.0
SCHOOL_292,0,0,0,0,0,0,0,0,0,0,1,4152000.0,-18.715479999999996,27.55293,0.0,0.0,0.0,NA,0.0,0.0
SCHOOL_293,0,0,0,0,0,0,0,0,0,0,1,2508000.0,-18.713810000000002,27.58491,0.0,0.0,0.0,NA,0.0,0.0
SCHOOL_294,0,0,0,0,0,0,0,0,0,0,1,2892000.0,-18.701849999999993,27.61901,0.0,0.0,0.0,NA,0.0,0.0
SCHOOL_295,0,0,0,0,0,0,0,0,0,0,1,3372000.0,-18.691550000000003,27.51922,0.0,0.0,0.0,NA,0.0,0.0
SCHOOL_296,0,0,0,0,0,0,0,0,0,0,1,3012000.0,-18.66942,27.4825,0.0,0.0,0.0,NA,0.0,0.0
SCHOOL_297,0,0,0,0,0,0,0,0,0,0,1,7188000.0,-18.624089999999995,27.601130000000005,0.0,0.0,0.0,NA,0.0,0.0
SCHOOL_298,0,0,0,0,0,0,0,0,0,0,1,3480000.0,-18.61517,27.59729,0.0,0.0,0.0,NA,0.0,0.0
SCHOOL_299,0,0,0,0,0,0,0,0,0,0,1,3756000.0,-18.60566,27.51774,0.0,0.0,0.0,NA,0.0,0.0
SCHOOL_300,0,0,0,0,0,0,0,0,0,0,1,3180000.0,-18.533649999999994,27.75184,0.0,0.0,0.0,NA,0.0,0.0
SCHOOL_301,0,0,0,0,0,0,0,0,0,0,1,4080000.0,-18.526430000000005,27.78782,0.0,0.0,0.0,NA,0.0,0.0
SCHOOL_302,0,0,0,0,0,0,0,0,0,0,1,3348000.0,-18.501870000000004,27.72751,0.0,0.0,0.0,NA,0.0,0.0
SCHOOL_303,0,0,0,0,0,0,0,0,0,0,1,2616000.0,-18.476910000000004,27.67245,0.0,0.0,0.0,NA,0.0,0.0
SCHOOL_304,0,0,0,0,0,0,0,0,0,0,1,1284000.0,-18.456710000000005,27.726360000000003,0.0,0.0,0.0,NA,0.0,0.0
SCHOOL_305,0,0,0,0,0,0,0,0,0,0,1,4992000.0,-18.447300000000002,27.86933,0.0,0.0,0.0,NA,0.0,0.0
SCHOOL_306,0,0,0,0,0,0,0,0,0,0,1,3624000.0,-18.435729999999992,27.793860000000002,0.0,0.0,0.0,NA,0.0,0.0
SCHOOL_307,0,0,0,0,0,0,0,0,0,0,1,5352000.0,-18.435100000000006,27.87202,0.0,0.0,0.0,NA,0.0,0.0
SCHOOL_308,0,0,0,0,0,0,0,0,0,0,1,1956000.0,-18.36667999999999,27.82452,0.0,0.0,0.0,NA,0.0,0.0
SCHOOL_309,0,0,0,0,0,0,0,0,0,0,1,11124000.0,-18.365069999999996,26.43176,0.0,0.0,0.0,NA,0.0,0.0
SCHOOL_310,0,0,0,0,0,0,0,0,0,0,1,10344000.0,-18.3642,26.623520000000003,0.0,0.0,0.0,NA,0.0,0.0
SCHOOL_311,0,0,0,0,0,0,0,0,0,0,1,3420000.0,-18.292400000000004,26.68405,0.0,0.0,0.0,NA,0.0,0.0
SCHOOL_312,0,0,0,0,0,0,0,0,0,0,1,1572000.0,-18.287609999999994,26.6859,0.0,0.0,0.0,NA,0.0,0.0
SCHOOL_313,0,0,0,0,0,0,0,0,0,0,1,2088000.0,-18.268609999999995,26.62485,0.0,0.0,0.0,NA,0.0,0.0
SCHOOL_314,0,0,0,0,0,0,0,0,0,0,2,4764000.0,-18.23128500004791,26.369555000010006,0.0,0.0,0.0,NA,0.0,0.0
SCHOOL_315,0,0,0,0,0,0,0,0,0,0,1,1032000.0,-18.226069999999993,26.52772,0.0,0.0,0.0,NA,0.0,0.0
SCHOOL_316,0,0,0,0,0,0,0,0,0,0,1,1860000.0,-18.223799999999997,26.81113,0.0,0.0,0.0,NA,0.0,0.0
SCHOOL_317,0,0,0,0,0,0,0,0,0,0,1,2028000.0,-18.267479999999995,27.249490000000005,0.0,0.0,0.0,NA,0.0,0.0
SCHOOL_318,0,0,0,0,0,0,0,0,0,0,1,6708000.0,-18.264990000000004,27.2485,0.0,0.0,0.0,NA,0.0,0.0
SCHOOL_319,0,0,0,0,0,0,0,0,0,0,1,5076000.0,-18.252699999999997,27.18066,0.0,0.0,0.0,NA,0.0,0.0
SCHOOL_320,0,0,0,0,0,0,0,0,0,0,1,1368000.0,-18.247769999999992,27.31809,0.0,0.0,0.0,NA,0.0,0.0
SCHOOL_321,0,0,0,0,0,0,0,0,0,0,1,8292000.0,-18.23524,27.169730000000005,0.0,0.0,0.0,NA,0.0,0.0
SCHOOL_322,0,0,0,0,0,0,0,0,0,0,1,2088000.0,-18.20981,27.30025,0.0,0.0,0.0,NA,0.0,0.0
SCHOOL_323,0,0,0,0,0,0,0,0,0,0,1,1740000.0,-18.20788,27.05829,0.0,0.0,0.0,NA,0.0,0.0
SCHOOL_324,0,0,0,0,0,0,0,0,0,0,1,5436000.0,-18.200509999999994,27.14538,0.0,0.0,0.0,NA,0.0,0.0
SCHOOL_325,0,0,0,0,0,0,0,0,0,0,1,2304000.0,-18.188070000000003,27.21917,0.0,0.0,0.0,NA,0.0,0.0
SCHOOL_326,0,0,0,0,0,0,0,0,0,0,1,3924000.0,-18.163410000000006,27.02301,0.0,0.0,0.0,NA,0.0,0.0
SCHOOL_327,0,0,0,0,0,0,0,0,0,0,1,1488000.0,-18.22754,26.01818,0.0,0.0,0.0,NA,0.0,0.0
SCHOOL_328,0,0,0,0,0,0,0,0,0,0,2,5616000.0,-18.214570000000922,26.026929999992674,0.0,0.0,0.0,NA,0.0,0.0
SCHOOL_329,0,0,0,0,0,0,0,0,0,0,1,2676000.0,-18.14414,26.279310000000002,0.0,0.0,0.0,NA,0.0,0.0
SCHOOL_330,0,0,0,0,0,0,0,0,0,0,1,2760000.0,-18.141490000000005,26.22562,0.0,0.0,0.0,NA,0.0,0.0
SCHOOL_331,0,0,0,0,0,0,0,0,0,0,1,4296000.0,-18.13365,26.07278,0.0,0.0,0.0,NA,0.0,0.0
SCHOOL_332,0,0,0,0,0,0,0,0,0,0,1,2256000.0,-18.112530000000003,26.01021,0.0,0.0,0.0,NA,0.0,0.0
SCHOOL_333,0,0,0,0,0,0,0,0,0,0,1,3528000.0,-18.10995,25.90492,0.0,0.0,0.0,NA,0.0,0.0
SCHOOL_334,0,0,0,0,0,0,0,0,0,0,1,2520000.0,-18.10502,25.95717,0.0,0.0,0.0,NA,0.0,0.0
SCHOOL_335,0,0,0,0,0,0,0,0,0,0,1,4440000.0,-18.104909999999997,26.109110000000005,0.0,0.0,0.0,NA,0.0,0.0
SCHOOL_336,0,0,0,0,0,0,0,0,0,0,1,3744000.0,-18.222519999999992,26.52853,0.0,0.0,0.0,NA,0.0,0.0
SCHOOL_337,0,0,0,0,0,0,0,0,0,0,1,2448000.0,-18.19303,26.59395,0.0,0.0,0.0,NA,0.0,0.0
SCHOOL_338,0,0,0,0,0,0,0,0,0,0,1,984000.0,-18.168249999999997,26.82991,0.0,0.0,0.0,NA,0.0,0.0
SCHOOL_339,0,0,0,0,0,0,0,0,0,0,1,2676000.0,-18.115380000000002,26.555220000000002,0.0,0.0,0.0,NA,0.0,0.0
SCHOOL_340,0,0,0,0,0,0,0,0,0,0,1,2508000.0,-18.096620000000005,26.747970000000002,0.0,0.0,0.0,NA,0.0,0.0
SCHOOL_341,0,0,0,0,0,0,0,0,0,0,1,3048000.0,-18.094669999999997,26.65788,0.0,0.0,0.0,NA,0.0,0.0
SCHOOL_342,0,0,0,0,0,0,0,0,0,0,1,1104000.0,-18.071719999999996,26.50155,0.0,0.0,0.0,NA,0.0,0.0
SCHOOL_343,0,0,0,0,0,0,0,0,0,0,1,840000.0,-18.06008,26.8674,0.0,0.0,0.0,NA,0.0,0.0
SCHOOL_344,0,0,0,0,0,0,0,0,0,0,2,4380000.0,-18.04616500000006,26.38483499999986,0.0,0.0,0.0,NA,0.0,0.0
SCHOOL_345,0,0,0,0,0,0,0,0,0,0,1,2064000.0,-18.098039999999994,26.079390000000004,0.0,0.0,0.0,NA,0.0,0.0
SCHOOL_346,0,0,0,0,0,0,0,0,0,0,1,8208000.0,-18.096209999999992,26.15852,0.0,0.0,0.0,NA,0.0,0.0
SCHOOL_347,0,0,0,0,0,0,0,0,0,0,2,3612000.0,-18.09517500000022,25.856669999999173,0.0,0.0,0.0,NA,0.0,0.0
SCHOOL_348,0,0,0,0,0,0,0,0,0,0,1,3588000.0,-18.082649999999997,25.98709,0.0,0.0,0.0,NA,0.0,0.0
SCHOOL_349,0,0,0,0,0,0,0,0,0,0,1,840000.0,-18.07730999999999,25.81039,0.0,0.0,0.0,NA,0.0,0.0
SCHOOL_350,0,0,0,0,0,0,0,0,0,0,1,3324000.0,-18.07138,26.2362,0.0,0.0,0.0,NA,0.0,0.0
SCHOOL_351,0,0,0,0,0,0,0,0,0,0,2,13920000.0,-18.071045000000062,25.739434999999858,0.0,0.0,0.0,NA,0.0,0.0
SCHOOL_352,0,0,0,0,0,0,0,0,0,0,1,5256000.0,-18.054969999999997,26.22143,0.0,0.0,0.0,NA,0.0,0.0
SCHOOL_353,0,0,0,0,0,0,0,0,0,0,1,1812000.0,-18.16168,27.0825,0.0,0.0,0.0,NA,0.0,0.0
SCHOOL_354,0,0,0,0,0,0,0,0,0,0,1,2640000.0,-18.105690000000006,27.244790000000002,0.0,0.0,0.0,NA,0.0,0.0
SCHOOL_355,0,0,0,0,0,0,0,0,0,0,1,8904000.0,-18.094959999999997,27.07358,0.0,0.0,0.0,NA,0.0,0.0
SCHOOL_356,0,0,0,0,0,0,0,0,0,0,1,2628000.0,-18.094809999999992,27.07781,0.0,0.0,0.0,NA,0.0,0.0
SCHOOL_357,0,0,0,0,0,0,0,0,0,0,1,5244000.0,-18.014319999999998,27.12379,0.0,0.0,0.0,NA,0.0,0.0
SCHOOL_358,0,0,0,0,0,0,0,0,0,0,1,5820000.0,-17.989649999999997,27.21525,0.0,0.0,0.0,NA,0.0,0.0
SCHOOL_359,0,0,0,0,0,0,0,0,0,0,1,6384000.0,-17.980069999999994,27.25082,0.0,0.0,0.0,NA,0.0,0.0
SCHOOL_360,0,0,0,0,0,0,0,0,0,0,1,2652000.0,-17.957339999999995,27.27597,0.0,0.0,0.0,NA,0.0,0.0
SCHOOL_361,0,0,0,0,0,0,0,0,0,0,1,3852000.0,-17.95668,27.12571,0.0,0.0,0.0,NA,0.0,0.0
SCHOOL_362,0,0,0,0,0,0,0,0,0,0,1,3420000.0,-17.939829999999997,27.22645,0.0,0.0,0.0,NA,0.0,0.0
SCHOOL_363,0,0,0,0,0,0,0,0,0,0,1,3348000.0,-18.050009999999997,25.87828,0.0,0.0,0.0,NA,0.0,0.0
SCHOOL_364,0,0,0,0,0,0,0,0,0,0,1,1968000.0,-18.049540000000004,25.98678,0.0,0.0,0.0,NA,0.0,0.0
SCHOOL_365,0,0,0,0,0,0,0,0,0,0,1,1332000.0,-18.048969999999997,26.00751,0.0,0.0,0.0,NA,0.0,0.0
SCHOOL_366,0,0,0,0,0,0,0,0,0,0,1,2088000.0,-18.04854999999999,26.02139,0.0,0.0,0.0,NA,0.0,0.0
SCHOOL_367,0,0,0,0,0,0,0,0,0,0,1,1488000.0,-18.0207,26.09423,0.0,0.0,0.0,NA,0.0,0.0
SCHOOL_368,0,0,0,0,0,0,0,0,0,0,1,3444000.0,-18.0169,25.84747,0.0,0.0,0.0,NA,0.0,0.0
SCHOOL_369,0,0,0,0,0,0,0,0,0,0,1,2796000.0,-18.013509999999997,25.89282,0.0,0.0,0.0,NA,0.0,0.0
SCHOOL_370,0,0,0,0,0,0,0,0,0,0,1,4680000.0,-18.01169,25.9616,0.0,0.0,0.0,NA,0.0,0.0
SCHOOL_371,0,0,0,0,0,0,0,0,0,0,1,1272000.0,-18.01168,26.279570000000003,0.0,0.0,0.0,NA,0.0,0.0
SCHOOL_372,0,0,0,0,0,0,0,0,0,0,1,3288000.0,-18.00399,26.2873,0.0,0.0,0.0,NA,0.0,0.0
SCHOOL_373,0,0,0,0,0,0,0,0,0,0,1,3708000.0,-18.000949999999996,26.17457,0.0,0.0,0.0,NA,0.0,0.0
SCHOOL_374,0,0,0,0,0,0,0,0,0,0,1,1068000.0,-17.97919999999999,26.0934,0.0,0.0,0.0,NA,0.0,0.0
SCHOOL_375,0,0,0,0,0,0,0,0,0,0,1,12000000.0,-17.972529999999992,25.83624,0.0,0.0,0.0,NA,0.0,0.0
SCHOOL_376,0,0,0,0,0,0,0,0,0,0,1,2136000.0,-18.109159999999992,27.35933,0.0,0.0,0.0,NA,0.0,0.0
SCHOOL_377,0,0,0,0,0,0,0,0,0,0,1,4560000.0,-18.1059,27.3586,0.0,0.0,0.0,NA,0.0,0.0
SCHOOL_378,0,0,0,0,0,0,0,0,0,0,1,3084000.0,-18.048689999999993,27.39912,0.0,0.0,0.0,NA,0.0,0.0
SCHOOL_379,0,0,0,0,0,0,0,0,0,0,1,4884000.0,-18.02047,27.3872,0.0,0.0,0.0,NA,0.0,0.0
SCHOOL_380,0,0,0,0,0,0,0,0,0,0,1,4272000.0,-17.999239999999993,27.46109,0.0,0.0,0.0,NA,0.0,0.0
SCHOOL_381,0,0,0,0,0,0,0,0,0,0,1,6360000.0,-17.775939999999995,27.324810000000003,0.0,0.0,0.0,NA,0.0,0.0
SCHOOL_382,0,0,0,0,0,0,0,0,0,0,1,10764000.0,-17.75007,27.40414,0.0,0.0,0.0,NA,0.0,0.0
SCHOOL_383,0,0,0,0,0,0,0,0,0,0,1,4548000.0,-17.742700000000003,27.44527,0.0,0.0,0.0,NA,0.0,0.0
SCHOOL_384,0,0,0,0,0,0,0,0,0,0,1,7068000.0,-17.72788,27.38027,0.0,0.0,0.0,NA,0.0,0.0
SCHOOL_385,0,0,0,0,0,0,0,0,0,0,1,3288000.0,-17.69867,27.4052,0.0,0.0,0.0,NA,0.0,0.0
SCHOOL_386,0,0,0,0,0,0,0,0,0,0,1,2556000.0,-17.93546,27.18374,0.0,0.0,0.0,NA,0.0,0.0
SCHOOL_387,0,0,0,0,0,0,0,0,0,0,1,11484000.0,-17.910330000000002,27.28715,0.0,0.0,0.0,NA,0.0,0.0
SCHOOL_388,0,0,0,0,0,0,0,0,0,0,1,3864000.0,-17.89875,27.27923,0.0,0.0,0.0,NA,0.0,0.0
SCHOOL_389,0,0,0,0,0,0,0,0,0,0,1,2976000.0,-17.894910000000007,27.23493,0.0,0.0,0.0,NA,0.0,0.0
SCHOOL_390,0,0,0,0,0,0,0,0,0,0,1,3384000.0,-17.879669999999994,27.15973,0.0,0.0,0.0,NA,0.0,0.0
SCHOOL_391,0,0,0,0,0,0,0,0,0,0,1,3072000.0,-17.81292,27.20399,0.0,0.0,0.0,NA,0.0,0.0
SCHOOL_392,0,0,0,0,0,0,0,0,0,0,1,3420000.0,-17.786999999999992,27.25841,0.0,0.0,0.0,NA,0.0,0.0
SCHOOL_393,0,0,0,0,0,0,0,0,0,0,1,6444000.0,-17.78112000000001,27.256400000000003,0.0,0.0,0.0,NA,0.0,0.0
SCHOOL_394,0,0,0,0,0,0,0,0,0,0,1,4020000.0,-18.58196999999999,27.55734,0.0,0.0,0.0,NA,0.0,0.0
SCHOOL_395,0,0,0,0,0,0,0,0,0,0,1,1800000.0,-18.56132,27.66711,0.0,0.0,0.0,NA,0.0,0.0
SCHOOL_396,0,0,0,0,0,0,0,0,0,0,1,3492000.0,-18.555079999999993,27.66311,0.0,0.0,0.0,NA,0.0,0.0
SCHOOL_397,0,0,0,0,0,0,0,0,0,0,1,2112000.0,-18.53747,27.562680000000004,0.0,0.0,0.0,NA,0.0,0.0
SCHOOL_398,0,0,0,0,0,0,0,0,0,0,1,1728000.0,-18.528739999999992,27.52469,0.0,0.0,0.0,NA,0.0,0.0
SCHOOL_399,0,0,0,0,0,0,0,0,0,0,1,3600000.0,-18.528460000000003,27.61181,0.0,0.0,0.0,NA,0.0,0.0
SCHOOL_400,0,0,0,0,0,0,0,0,0,0,1,3444000.0,-18.4854,27.66588,0.0,0.0,0.0,NA,0.0,0.0
SCHOOL_401,0,0,0,0,0,0,0,0,0,0,1,1296000.0,-18.441379999999995,27.663170000000004,0.0,0.0,0.0,NA,0.0,0.0
SCHOOL_402,0,0,0,0,0,0,0,0,0,0,1,4116000.0,-18.43641,27.57651,0.0,0.0,0.0,NA,0.0,0.0
SCHOOL_403,0,0,0,0,0,0,0,0,0,0,1,3240000.0,-18.28619,27.66709,0.0,0.0,0.0,NA,0.0,0.0
SCHOOL_404,0,0,0,0,0,0,0,0,0,0,1,6960000.0,-18.454840000000004,27.33009,0.0,0.0,0.0,NA,0.0,0.0
SCHOOL_405,0,0,0,0,0,0,0,0,0,0,1,9096000.0,-18.44798,27.334470000000003,0.0,0.0,0.0,NA,0.0,0.0
SCHOOL_406,0,0,0,0,0,0,0,0,0,0,1,5160000.0,-18.413459999999993,27.45982,0.0,0.0,0.0,NA,0.0,0.0
SCHOOL_407,0,0,0,0,0,0,0,0,0,0,1,3084000.0,-18.399290000000008,27.46212,0.0,0.0,0.0,NA,0.0,0.0
SCHOOL_408,0,0,0,0,0,0,0,0,0,0,1,3240000.0,-18.365669999999998,27.36738,0.0,0.0,0.0,NA,0.0,0.0
SCHOOL_409,0,0,0,0,0,0,0,0,0,0,1,2220000.0,-18.32571,27.45217,0.0,0.0,0.0,NA,0.0,0.0
SCHOOL_410,0,0,0,0,0,0,0,0,0,0,1,1428000.0,-18.30801,27.476770000000002,0.0,0.0,0.0,NA,0.0,0.0
SCHOOL_411,0,0,0,0,0,0,0,0,0,0,1,3708000.0,-18.220829999999992,27.40187,0.0,0.0,0.0,NA,0.0,0.0
SCHOOL_412,0,0,0,0,0,0,0,0,0,0,1,6864000.0,-18.20292,27.38888,0.0,0.0,0.0,NA,0.0,0.0
SCHOOL_413,0,0,0,0,0,0,0,0,0,0,1,4332000.0,-18.153110000000005,27.474690000000002,0.0,0.0,0.0,NA,0.0,0.0
SCHOOL_414,0,0,0,0,0,0,0,0,0,0,1,3780000.0,-18.270750000000003,27.76991,0.0,0.0,0.0,NA,0.0,0.0
SCHOOL_415,0,0,0,0,0,0,0,0,0,0,1,3264000.0,-18.22203999999999,27.68476,0.0,0.0,0.0,NA,0.0,0.0
SCHOOL_416,0,0,0,0,0,0,0,0,0,0,1,6024000.0,-18.19351,27.865,0.0,0.0,0.0,NA,0.0,0.0
SCHOOL_417,0,0,0,0,0,0,0,0,0,0,1,6372000.0,-18.192639999999997,27.7607,0.0,0.0,0.0,NA,0.0,0.0
SCHOOL_418,0,0,0,0,0,0,0,0,0,0,1,3972000.0,-18.18614,27.866,0.0,0.0,0.0,NA,0.0,0.0
SCHOOL_419,0,0,0,0,0,0,0,0,0,0,1,3732000.0,-18.170509999999997,27.71565,0.0,0.0,0.0,NA,0.0,0.0
SCHOOL_420,0,0,0,0,0,0,0,0,0,0,1,9072000.0,-18.13839,27.84449,0.0,0.0,0.0,NA,0.0,0.0
SCHOOL_421,0,0,0,0,0,0,0,0,0,0,1,3708000.0,-18.13356,27.80517,0.0,0.0,0.0,NA,0.0,0.0
SCHOOL_422,0,0,0,0,0,0,0,0,0,0,1,4164000.0,-18.090539999999997,27.882370000000005,0.0,0.0,0.0,NA,0.0,0.0
SCHOOL_423,0,0,0,0,0,0,0,0,0,0,1,2184000.0,-18.084410000000002,27.70099,0.0,0.0,0.0,NA,0.0,0.0
SCHOOL_424,0,0,0,0,0,0,0,0,0,0,1,6036000.0,-18.258029999999998,27.54823,0.0,0.0,0.0,NA,0.0,0.0
SCHOOL_425,0,0,0,0,0,0,0,0,0,0,1,8976000.0,-18.229059999999997,27.5941,0.0,0.0,0.0,NA,0.0,0.0
SCHOOL_426,0,0,0,0,0,0,0,0,0,0,1,3624000.0,-18.227010000000007,27.60766,0.0,0.0,0.0,NA,0.0,0.0
SCHOOL_427,0,0,0,0,0,0,0,0,0,0,1,2340000.0,-18.10316,27.6312,0.0,0.0,0.0,NA,0.0,0.0
SCHOOL_428,0,0,0,0,0,0,0,0,0,0,1,2832000.0,-18.09643,27.52871,0.0,0.0,0.0,NA,0.0,0.0
SCHOOL_429,0,0,0,0,0,0,0,0,0,0,1,2112000.0,-18.093379999999993,27.52561,0.0,0.0,0.0,NA,0.0,0.0
SCHOOL_430,0,0,0,0,0,0,0,0,0,0,1,4692000.0,-18.05708,27.54413,0.0,0.0,0.0,NA,0.0,0.0
SCHOOL_431,0,0,0,0,0,0,0,0,0,0,1,2940000.0,-18.038969999999992,27.56807,0.0,0.0,0.0,NA,0.0,0.0
SCHOOL_432,0,0,0,0,0,0,0,0,0,0,1,7476000.0,-17.99195,27.52667,0.0,0.0,0.0,NA,0.0,0.0
SCHOOL_433,0,0,0,0,0,0,0,0,0,0,1,9960000.0,-17.970799999999997,27.53406,0.0,0.0,0.0,NA,0.0,0.0
SCHOOL_434,0,0,0,0,0,0,0,0,0,0,1,6192000.0,-18.08328,27.77306,0.0,0.0,0.0,NA,0.0,0.0
SCHOOL_435,0,0,0,0,0,0,0,0,0,0,1,5328000.0,-18.08294,27.81789,0.0,0.0,0.0,NA,0.0,0.0
SCHOOL_436,0,0,0,0,0,0,0,0,0,0,1,6492000.0,-18.066209999999998,27.83646,0.0,0.0,0.0,NA,0.0,0.0
SCHOOL_437,0,0,0,0,0,0,0,0,0,0,1,4956000.0,-18.060450000000007,27.83118,0.0,0.0,0.0,NA,0.0,0.0
SCHOOL_438,0,0,0,0,0,0,0,0,0,0,1,5052000.0,-18.055729999999997,27.6712,0.0,0.0,0.0,NA,0.0,0.0
SCHOOL_439,0,0,0,0,0,0,0,0,0,0,1,6240000.0,-18.010170000000002,27.86356,0.0,0.0,0.0,NA,0.0,0.0
SCHOOL_440,0,0,0,0,0,0,0,0,0,0,1,2676000.0,-17.984500000000004,27.74438,0.0,0.0,0.0,NA,0.0,0.0
SCHOOL_441,0,0,0,0,0,0,0,0,0,0,1,6096000.0,-17.9841,27.72985,0.0,0.0,0.0,NA,0.0,0.0
SCHOOL_442,0,0,0,0,0,0,0,0,0,0,1,3132000.0,-17.648889999999998,27.72129,0.0,0.0,0.0,NA,0.0,0.0
SCHOOL_443,0,0,0,0,0,0,0,0,0,0,2,6168000.0,-17.57397000017812,27.821944999993462,0.0,0.0,0.0,NA,0.0,0.0
SCHOOL_444,0,0,0,0,0,0,0,0,0,0,1,7644000.0,-17.93710999999999,27.57409,0.0,0.0,0.0,NA,0.0,0.0
SCHOOL_445,0,0,0,0,0,0,0,0,0,0,1,4044000.0,-17.925010000000004,27.53588,0.0,0.0,0.0,NA,0.0,0.0
SCHOOL_446,0,0,0,0,0,0,0,0,0,0,1,3384000.0,-17.9032,27.49715,0.0,0.0,0.0,NA,0.0,0.0
SCHOOL_447,0,0,0,0,0,0,0,0,0,0,1,3996000.0,-17.882329999999996,27.49063,0.0,0.0,0.0,NA,0.0,0.0
SCHOOL_448,0,0,0,0,0,0,0,0,0,0,1,2772000.0,-17.862729999999996,27.596020000000003,0.0,0.0,0.0,NA,0.0,0.0
SCHOOL_449,0,0,0,0,0,0,0,0,0,0,1,9732000.0,-17.85479,27.59583,0.0,0.0,0.0,NA,0.0,0.0
SCHOOL_450,0,0,0,0,0,0,0,0,0,0,1,7596000.0,-17.715249999999997,27.53771,0.0,0.0,0.0,NA,0.0,0.0
SCHOOL_451,0,0,0,0,0,0,0,0,0,0,1,3276000.0,-17.690340000000006,27.51134,0.0,0.0,0.0,NA,0.0,0.0
SCHOOL_452,0,0,0,0,0,0,0,0,0,0,1,2532000.0,-17.688489999999998,27.601520000000004,0.0,0.0,0.0,NA,0.0,0.0
SCHOOL_453,0,0,0,0,0,0,0,0,0,0,1,4320000.0,-17.6785,27.66412,0.0,0.0,0.0,NA,0.0,0.0
SCHOOL_454,0,0,0,0,0,0,0,0,0,0,1,7692000.0,-17.677539999999997,27.45956,0.0,0.0,0.0,NA,0.0,0.0
SCHOOL_455,0,0,0,0,0,0,0,0,0,0,1,3492000.0,-17.643209999999993,27.44669,0.0,0.0,0.0,NA,0.0,0.0
SCHOOL_456,0,0,0,0,0,0,0,0,0,0,1,2424000.0,-17.619729999999993,27.38721,0.0,0.0,0.0,NA,0.0,0.0
SCHOOL_457,0,0,0,0,0,0,0,0,0,0,1,9996000.0,-17.619320000000002,27.35616,0.0,0.0,0.0,NA,0.0,0.0
SCHOOL_458,0,0,0,0,0,0,0,0,0,0,1,6192000.0,-17.61326,27.37387,0.0,0.0,0.0,NA,0.0,0.0
SCHOOL_459,0,0,0,0,0,0,0,0,0,0,1,3048000.0,-17.623019999999986,27.65961,0.0,0.0,0.0,NA,0.0,0.0
SCHOOL_460,0,0,0,0,0,0,0,0,0,0,1,4464000.0,-21.14721,32.08305,0.0,0.0,0.0,NA,0.0,0.0
SCHOOL_461,0,0,0,0,0,0,0,0,0,0,1,10704000.0,-21.303120000000003,32.44224,0.0,0.0,0.0,NA,0.0,0.0
SCHOOL_462,0,0,0,0,0,0,0,0,0,0,1,6312000.0,-20.97203,32.44348,0.0,0.0,0.0,NA,0.0,0.0
SCHOOL_463,0,0,0,0,0,0,0,0,0,0,1,12000000.0,-20.923149999999996,32.42402,0.0,0.0,0.0,NA,0.0,0.0
SCHOOL_464,0,0,0,0,0,0,0,0,0,0,1,1956000.0,-21.253620000000005,32.3958,0.0,0.0,0.0,NA,0.0,0.0
SCHOOL_465,0,0,0,0,0,0,0,0,0,0,2,12744000.0,-21.07374500313534,32.275330002349506,0.0,0.0,0.0,NA,0.0,0.0
SCHOOL_466,0,0,0,0,0,0,0,0,0,0,1,3156000.0,-21.057499999999997,32.35837,0.0,0.0,0.0,NA,0.0,0.0
SCHOOL_467,0,0,0,0,0,0,0,0,0,0,1,12000000.0,-21.057019999999998,32.34702,0.0,0.0,0.0,NA,0.0,0.0
SCHOOL_468,0,0,0,0,0,0,0,0,0,0,1,8004000.0,-21.015029999999996,32.1908,0.0,0.0,0.0,NA,0.0,0.0
SCHOOL_469,0,0,0,0,0,0,0,0,0,0,1,11664000.0,-21.008720000000004,32.19562,0.0,0.0,0.0,NA,0.0,0.0
SCHOOL_470,0,0,0,0,0,0,0,0,0,0,1,12000000.0,-20.98407999999999,32.3837,0.0,0.0,0.0,NA,0.0,0.0
SCHOOL_471,0,0,0,0,0,0,0,0,0,0,1,12000000.0,-21.086810000000003,32.1698,0.0,0.0,0.0,NA,0.0,0.0
SCHOOL_472,0,0,0,0,0,0,0,0,0,0,1,12000000.0,-21.060259999999992,32.0881,0.0,0.0,0.0,NA,0.0,0.0
SCHOOL_473,0,0,0,0,0,0,0,0,0,0,1,5040000.0,-21.05729,32.14618,0.0,0.0,0.0,NA,0.0,0.0
SCHOOL_474,0,0,0,0,0,0,0,0,0,0,1,9864000.0,-21.053949999999993,32.15421,0.0,0.0,0.0,NA,0.0,0.0
SCHOOL_475,0,0,0,0,0,0,0,0,0,0,1,8340000.0,-21.010989999999996,32.12788,0.0,0.0,0.0,NA,0.0,0.0
SCHOOL_476,0,0,0,0,0,0,0,0,0,0,1,12000000.0,-20.997319999999995,32.1263,0.0,0.0,0.0,NA,0.0,0.0
SCHOOL_477,0,0,0,0,0,0,0,0,0,0,1,3948000.0,-20.986400000000003,32.05945,0.0,0.0,0.0,NA,0.0,0.0
SCHOOL_478,0,0,0,0,0,0,0,0,0,0,1,12000000.0,-20.98163,32.10276,0.0,0.0,0.0,NA,0.0,0.0
SCHOOL_479,0,0,0,0,0,0,0,0,0,0,1,7356000.0,-20.952310000000008,32.14678,0.0,0.0,0.0,NA,0.0,0.0
SCHOOL_480,0,0,0,0,0,0,0,0,0,0,1,12000000.0,-20.546189999999996,32.59039,0.0,0.0,0.0,NA,0.0,0.0
SCHOOL_481,0,0,0,0,0,0,0,0,0,0,1,12000000.0,-20.53421999999999,32.63588,0.0,0.0,0.0,NA,0.0,0.0
SCHOOL_482,0,0,0,0,0,0,0,0,0,0,1,3924000.0,-20.528119999999998,32.64116,0.0,0.0,0.0,NA,0.0,0.0
SCHOOL_483,0,0,0,0,0,0,0,0,0,0,1,12000000.0,-20.479930000000003,32.69392,0.0,0.0,0.0,NA,0.0,0.0
SCHOOL_484,0,0,0,0,0,0,0,0,0,0,1,3648000.0,-20.470969999999994,32.70188,0.0,0.0,0.0,NA,0.0,0.0
SCHOOL_485,0,0,0,0,0,0,0,0,0,0,1,4596000.0,-20.450110000000002,32.71523,0.0,0.0,0.0,NA,0.0,0.0
SCHOOL_486,0,0,0,0,0,0,0,0,0,0,1,8688000.0,-20.423819999999996,32.7359,0.0,0.0,0.0,NA,0.0,0.0
SCHOOL_487,0,0,0,0,0,0,0,0,0,0,1,6180000.0,-20.416919999999998,32.70252,0.0,0.0,0.0,NA,0.0,0.0
SCHOOL_488,0,0,0,0,0,0,0,0,0,0,1,12000000.0,-20.50154,32.64799,0.0,0.0,0.0,NA,0.0,0.0
SCHOOL_489,0,0,0,0,0,0,0,0,0,0,1,5580000.0,-20.44406,32.66327,0.0,0.0,0.0,NA,0.0,0.0
SCHOOL_490,0,0,0,0,0,0,0,0,0,0,1,12000000.0,-20.434069999999995,32.6535,0.0,0.0,0.0,NA,0.0,0.0
SCHOOL_491,0,0,0,0,0,0,0,0,0,0,1,4884000.0,-20.42127,32.5733,0.0,0.0,0.0,NA,0.0,0.0
SCHOOL_492,0,0,0,0,0,0,0,0,0,0,1,12000000.0,-20.405499999999996,32.57967,0.0,0.0,0.0,NA,0.0,0.0
SCHOOL_493,0,0,0,0,0,0,0,0,0,0,1,9408000.0,-20.38727,32.62513,0.0,0.0,0.0,NA,0.0,0.0
SCHOOL_494,0,0,0,0,0,0,0,0,0,0,1,12000000.0,-20.336969999999997,32.64884,0.0,0.0,0.0,NA,0.0,0.0
SCHOOL_495,0,0,0,0,0,0,0,0,0,0,1,12000000.0,-20.328479999999995,32.59369,0.0,0.0,0.0,NA,0.0,0.0
SCHOOL_496,0,0,0,0,0,0,0,0,0,0,1,3048000.0,-20.31211,32.56234,0.0,0.0,0.0,NA,0.0,0.0
SCHOOL_497,0,0,0,0,0,0,0,0,0,0,1,3720000.0,-21.430180000000004,31.729999999999997,0.0,0.0,0.0,NA,0.0,0.0
SCHOOL_498,0,0,0,0,0,0,0,0,0,0,1,12000000.0,-21.351020000000002,31.778219999999997,0.0,0.0,0.0,NA,0.0,0.0
SCHOOL_499,0,0,0,0,0,0,0,0,0,0,1,7692000.0,-21.262499999999996,31.774689999999996,0.0,0.0,0.0,NA,0.0,0.0
SCHOOL_500,0,0,0,0,0,0,0,0,0,0,1,3144000.0,-21.245730000000002,31.79315,0.0,0.0,0.0,NA,0.0,0.0
SCHOOL_501,0,0,0,0,0,0,0,0,0,0,1,6840000.0,-21.18605,31.820540000000005,0.0,0.0,0.0,NA,0.0,0.0
SCHOOL_502,0,0,0,0,0,0,0,0,0,0,1,5628000.0,-21.096739999999997,31.73525,0.0,0.0,0.0,NA,0.0,0.0
SCHOOL_503,0,0,0,0,0,0,0,0,0,0,1,5376000.0,-21.093119999999995,31.766860000000005,0.0,0.0,0.0,NA,0.0,0.0
SCHOOL_504,0,0,0,0,0,0,0,0,0,0,1,6396000.0,-21.30426,31.872189999999996,0.0,0.0,0.0,NA,0.0,0.0
SCHOOL_505,0,0,0,0,0,0,0,0,0,0,1,6528000.0,-21.270979999999994,31.837580000000003,0.0,0.0,0.0,NA,0.0,0.0
SCHOOL_506,0,0,0,0,0,0,0,0,0,0,1,1200000.0,-21.26295,31.90412,0.0,0.0,0.0,NA,0.0,0.0
SCHOOL_507,0,0,0,0,0,0,0,0,0,0,1,2796000.0,-21.165739999999996,31.993290000000002,0.0,0.0,0.0,NA,0.0,0.0
SCHOOL_508,0,0,0,0,0,0,0,0,0,0,1,8208000.0,-21.092499999999994,32.01467,0.0,0.0,0.0,NA,0.0,0.0
SCHOOL_509,0,0,0,0,0,0,0,0,0,0,1,4764000.0,-20.982340000000004,32.01463,0.0,0.0,0.0,NA,0.0,0.0
SCHOOL_510,0,0,0,0,0,0,0,0,0,0,1,10488000.0,-21.415170000000007,31.618820000000003,0.0,0.0,0.0,NA,0.0,0.0
SCHOOL_511,0,0,0,0,0,0,0,0,0,0,1,6636000.0,-21.386459999999992,31.682480000000005,0.0,0.0,0.0,NA,0.0,0.0
SCHOOL_512,0,0,0,0,0,0,0,0,0,0,1,9540000.0,-21.313779999999994,31.671010000000003,0.0,0.0,0.0,NA,0.0,0.0
SCHOOL_513,0,0,0,0,0,0,0,0,0,0,1,2628000.0,-22.30547,31.276950000000003,0.0,0.0,0.0,NA,0.0,0.0
SCHOOL_514,0,0,0,0,0,0,0,0,0,0,1,1008000.0,-22.27505,31.23581,0.0,0.0,0.0,NA,0.0,0.0
SCHOOL_515,0,0,0,0,0,0,0,0,0,0,1,3636000.0,-22.17217,31.368860000000005,0.0,0.0,0.0,NA,0.0,0.0
SCHOOL_516,0,0,0,0,0,0,0,0,0,0,1,6036000.0,-22.092460000000003,31.310310000000005,0.0,0.0,0.0,NA,0.0,0.0
SCHOOL_517,0,0,0,0,0,0,0,0,0,0,1,6708000.0,-21.925959999999993,31.345830000000003,0.0,0.0,0.0,NA,0.0,0.0
SCHOOL_518,0,0,0,0,0,0,0,0,0,0,1,6360000.0,-21.774819999999995,31.267550000000004,0.0,0.0,0.0,NA,0.0,0.0
SCHOOL_519,0,0,0,0,0,0,0,0,0,0,1,840000.0,-21.70233,31.36696,0.0,0.0,0.0,NA,0.0,0.0
SCHOOL_520,0,0,0,0,0,0,0,0,0,0,1,1584000.0,-22.311800000000005,31.38485,0.0,0.0,0.0,NA,0.0,0.0
SCHOOL_521,0,0,0,0,0,0,0,0,0,0,1,4776000.0,-22.21541,31.404280000000004,0.0,0.0,0.0,NA,0.0,0.0
SCHOOL_522,0,0,0,0,0,0,0,0,0,0,1,2424000.0,-22.136199999999995,31.41255,0.0,0.0,0.0,NA,0.0,0.0
SCHOOL_523,0,0,0,0,0,0,0,0,0,0,2,5568000.0,-22.12755000000069,31.38036500000013,0.0,0.0,0.0,NA,0.0,0.0
SCHOOL_524,0,0,0,0,0,0,0,0,0,0,1,6552000.0,-22.071309999999997,31.40898,0.0,0.0,0.0,NA,0.0,0.0
SCHOOL_525,0,0,0,0,0,0,0,0,0,0,1,5232000.0,-22.07126999999999,31.415639999999996,0.0,0.0,0.0,NA,0.0,0.0
SCHOOL_526,0,0,0,0,0,0,0,0,0,0,1,11904000.0,-21.584919999999993,31.410029999999995,0.0,0.0,0.0,NA,0.0,0.0
SCHOOL_527,0,0,0,0,0,0,0,0,0,0,1,11748000.0,-21.53109,31.49346,0.0,0.0,0.0,NA,0.0,0.0
SCHOOL_528,0,0,0,0,0,0,0,0,0,0,1,4416000.0,-21.52653,31.495549999999998,0.0,0.0,0.0,NA,0.0,0.0
SCHOOL_529,0,0,0,0,0,0,0,0,0,0,1,10680000.0,-21.46783,31.58369,0.0,0.0,0.0,NA,0.0,0.0
SCHOOL_530,0,0,0,0,0,0,0,0,0,0,1,3984000.0,-21.455209999999997,31.519749999999995,0.0,0.0,0.0,NA,0.0,0.0
SCHOOL_531,0,0,0,0,0,0,0,0,0,0,1,5004000.0,-21.37842,31.55539,0.0,0.0,0.0,NA,0.0,0.0
SCHOOL_532,0,0,0,0,0,0,0,0,0,0,1,7512000.0,-21.277200000000004,31.56208,0.0,0.0,0.0,NA,0.0,0.0
SCHOOL_533,0,0,0,0,0,0,0,0,0,0,1,3600000.0,-21.083170000000006,31.536390000000004,0.0,0.0,0.0,NA,0.0,0.0
SCHOOL_534,0,0,0,0,0,0,0,0,0,0,1,6792000.0,-21.08134,31.564210000000003,0.0,0.0,0.0,NA,0.0,0.0
SCHOOL_535,0,0,0,0,0,0,0,0,0,0,1,3588000.0,-21.078579999999995,31.545699999999997,0.0,0.0,0.0,NA,0.0,0.0
SCHOOL_536,0,0,0,0,0,0,0,0,0,0,1,2544000.0,-21.07066,31.583470000000002,0.0,0.0,0.0,NA,0.0,0.0
SCHOOL_537,0,0,0,0,0,0,0,0,0,0,1,7152000.0,-21.66099,31.253200000000003,0.0,0.0,0.0,NA,0.0,0.0
SCHOOL_538,0,0,0,0,0,0,0,0,0,0,1,8184000.0,-21.648460000000004,31.307030000000005,0.0,0.0,0.0,NA,0.0,0.0
SCHOOL_539,0,0,0,0,0,0,0,0,0,0,1,9060000.0,-21.58845000000001,31.30307,0.0,0.0,0.0,NA,0.0,0.0
SCHOOL_540,0,0,0,0,0,0,0,0,0,0,1,5268000.0,-21.53441000000001,31.2742,0.0,0.0,0.0,NA,0.0,0.0
SCHOOL_541,0,0,0,0,0,0,0,0,0,0,1,4704000.0,-21.456299999999995,31.341859999999997,0.0,0.0,0.0,NA,0.0,0.0
SCHOOL_542,0,0,0,0,0,0,0,0,0,0,1,8964000.0,-21.453979999999998,31.342910000000003,0.0,0.0,0.0,NA,0.0,0.0
SCHOOL_543,0,0,0,0,0,0,0,0,0,0,1,12000000.0,-21.121880000000004,31.35511,0.0,0.0,0.0,NA,0.0,0.0
SCHOOL_544,0,0,0,0,0,0,0,0,0,0,1,4464000.0,-21.111969999999996,31.357550000000003,0.0,0.0,0.0,NA,0.0,0.0
SCHOOL_545,0,0,0,0,0,0,0,0,0,0,1,5928000.0,-21.507850000000005,31.40625,0.0,0.0,0.0,NA,0.0,0.0
SCHOOL_546,0,0,0,0,0,0,0,0,0,0,1,7224000.0,-21.413860000000007,31.45118,0.0,0.0,0.0,NA,0.0,0.0
SCHOOL_547,0,0,0,0,0,0,0,0,0,0,1,5232000.0,-21.40406,31.38393,0.0,0.0,0.0,NA,0.0,0.0
SCHOOL_548,0,0,0,0,0,0,0,0,0,0,2,11904000.0,-21.346385000620323,31.48559999737547,0.0,0.0,0.0,NA,0.0,0.0
SCHOOL_549,0,0,0,0,0,0,0,0,0,0,1,2820000.0,-21.3063,31.459230000000005,0.0,0.0,0.0,NA,0.0,0.0
SCHOOL_550,0,0,0,0,0,0,0,0,0,0,1,2148000.0,-21.231879999999993,31.473079999999992,0.0,0.0,0.0,NA,0.0,0.0
SCHOOL_551,0,0,0,0,0,0,0,0,0,0,1,12000000.0,-21.070509999999995,31.496910000000003,0.0,0.0,0.0,NA,0.0,0.0
SCHOOL_552,0,0,0,0,0,0,0,0,0,0,1,11640000.0,-21.05322000000001,31.48517,0.0,0.0,0.0,NA,0.0,0.0
SCHOOL_553,0,0,0,0,0,0,0,0,0,0,1,12000000.0,-21.03739,31.38393,0.0,0.0,0.0,NA,0.0,0.0
SCHOOL_554,0,0,0,0,0,0,0,0,0,0,1,3264000.0,-21.413840000000004,27.98609,0.0,0.0,0.0,NA,0.0,0.0
SCHOOL_555,0,0,0,0,0,0,0,0,0,0,1,4236000.0,-21.689810000000005,28.960499999999996,0.0,0.0,0.0,NA,0.0,0.0
SCHOOL_556,0,0,0,0,0,0,0,0,0,0,1,4704000.0,-21.635989999999996,28.93769,0.0,0.0,0.0,NA,0.0,0.0
SCHOOL_557,0,0,0,0,0,0,0,0,0,0,1,5316000.0,-21.629889999999996,28.93337,0.0,0.0,0.0,NA,0.0,0.0
SCHOOL_558,0,0,0,0,0,0,0,0,0,0,1,1572000.0,-21.554019999999998,28.678690000000003,0.0,0.0,0.0,NA,0.0,0.0
SCHOOL_559,0,0,0,0,0,0,0,0,0,0,1,1524000.0,-21.490329999999997,28.71068,0.0,0.0,0.0,NA,0.0,0.0
SCHOOL_560,0,0,0,0,0,0,0,0,0,0,1,5040000.0,-21.66051,28.86974,0.0,0.0,0.0,NA,0.0,0.0
SCHOOL_561,0,0,0,0,0,0,0,0,0,0,1,5028000.0,-21.61478,28.821030000000004,0.0,0.0,0.0,NA,0.0,0.0
SCHOOL_562,0,0,0,0,0,0,0,0,0,0,1,5424000.0,-21.605580000000003,28.773619999999998,0.0,0.0,0.0,NA,0.0,0.0
SCHOOL_563,0,0,0,0,0,0,0,0,0,0,1,5640000.0,-21.595109999999988,28.77614,0.0,0.0,0.0,NA,0.0,0.0
SCHOOL_564,0,0,0,0,0,0,0,0,0,0,1,2568000.0,-21.577219999999997,28.900510000000004,0.0,0.0,0.0,NA,0.0,0.0
SCHOOL_565,0,0,0,0,0,0,0,0,0,0,1,1908000.0,-21.557740000000003,28.810370000000002,0.0,0.0,0.0,NA,0.0,0.0
SCHOOL_566,0,0,0,0,0,0,0,0,0,0,1,3348000.0,-21.548139999999997,28.728490000000004,0.0,0.0,0.0,NA,0.0,0.0
SCHOOL_567,0,0,0,0,0,0,0,0,0,0,1,2004000.0,-21.528580000000005,28.86602,0.0,0.0,0.0,NA,0.0,0.0
SCHOOL_568,0,0,0,0,0,0,0,0,0,0,1,4452000.0,-21.51241999999999,28.795660000000005,0.0,0.0,0.0,NA,0.0,0.0
SCHOOL_569,0,0,0,0,0,0,0,0,0,0,1,3252000.0,-21.511520000000008,28.859119999999997,0.0,0.0,0.0,NA,0.0,0.0
SCHOOL_570,0,0,0,0,0,0,0,0,0,0,1,3084000.0,-21.510299999999997,28.9059,0.0,0.0,0.0,NA,0.0,0.0
SCHOOL_571,0,0,0,0,0,0,0,0,0,0,1,4680000.0,-21.458120000000008,28.90041,0.0,0.0,0.0,NA,0.0,0.0
SCHOOL_572,0,0,0,0,0,0,0,0,0,0,1,6960000.0,-21.449389999999998,28.899999999999995,0.0,0.0,0.0,NA,0.0,0.0
SCHOOL_573,0,0,0,0,0,0,0,0,0,0,1,4536000.0,-21.368049999999997,28.803010000000004,0.0,0.0,0.0,NA,0.0,0.0
SCHOOL_574,0,0,0,0,0,0,0,0,0,0,1,2808000.0,-21.593829999999993,29.087679999999995,0.0,0.0,0.0,NA,0.0,0.0
SCHOOL_575,0,0,0,0,0,0,0,0,0,0,1,2784000.0,-21.586459999999995,28.94194,0.0,0.0,0.0,NA,0.0,0.0
SCHOOL_576,0,0,0,0,0,0,0,0,0,0,1,3792000.0,-21.575569999999985,29.021219999999996,0.0,0.0,0.0,NA,0.0,0.0
SCHOOL_577,0,0,0,0,0,0,0,0,0,0,1,7572000.0,-21.549209999999995,29.00185,0.0,0.0,0.0,NA,0.0,0.0
SCHOOL_578,0,0,0,0,0,0,0,0,0,0,1,2784000.0,-21.537039999999998,29.078000000000003,0.0,0.0,0.0,NA,0.0,0.0
SCHOOL_579,0,0,0,0,0,0,0,0,0,0,1,5340000.0,-21.510960000000004,29.050249999999995,0.0,0.0,0.0,NA,0.0,0.0
SCHOOL_580,0,0,0,0,0,0,0,0,0,0,1,5784000.0,-21.41669,29.03144,0.0,0.0,0.0,NA,0.0,0.0
SCHOOL_581,0,0,0,0,0,0,0,0,0,0,1,3360000.0,-21.40892999999999,29.01235,0.0,0.0,0.0,NA,0.0,0.0
SCHOOL_582,0,0,0,0,0,0,0,0,0,0,1,2952000.0,-21.39217,28.917,0.0,0.0,0.0,NA,0.0,0.0
SCHOOL_583,0,0,0,0,0,0,0,0,0,0,1,5112000.0,-21.313529999999993,28.990550000000002,0.0,0.0,0.0,NA,0.0,0.0
SCHOOL_584,0,0,0,0,0,0,0,0,0,0,1,2928000.0,-22.136979999999994,29.34489,0.0,0.0,0.0,NA,0.0,0.0
SCHOOL_585,0,0,0,0,0,0,0,0,0,0,1,7248000.0,-22.116930000000004,29.339320000000004,0.0,0.0,0.0,NA,0.0,0.0
SCHOOL_586,0,0,0,0,0,0,0,0,0,0,1,2364000.0,-22.02009,29.24082,0.0,0.0,0.0,NA,0.0,0.0
SCHOOL_587,0,0,0,0,0,0,0,0,0,0,1,2376000.0,-21.832100000000004,29.280130000000003,0.0,0.0,0.0,NA,0.0,0.0
SCHOOL_588,0,0,0,0,0,0,0,0,0,0,1,2424000.0,-21.765089999999997,29.141009999999998,0.0,0.0,0.0,NA,0.0,0.0
SCHOOL_589,0,0,0,0,0,0,0,0,0,0,1,7980000.0,-21.69934,29.200149999999997,0.0,0.0,0.0,NA,0.0,0.0
SCHOOL_590,0,0,0,0,0,0,0,0,0,0,1,4440000.0,-21.697119999999998,29.204530000000002,0.0,0.0,0.0,NA,0.0,0.0
SCHOOL_591,0,0,0,0,0,0,0,0,0,0,1,3360000.0,-21.667989999999996,29.13036,0.0,0.0,0.0,NA,0.0,0.0
SCHOOL_592,0,0,0,0,0,0,0,0,0,0,1,1572000.0,-22.097690000000004,29.623950000000004,0.0,0.0,0.0,NA,0.0,0.0
SCHOOL_593,0,0,0,0,0,0,0,0,0,0,1,6120000.0,-21.949360000000002,29.57372,0.0,0.0,0.0,NA,0.0,0.0
SCHOOL_594,0,0,0,0,0,0,0,0,0,0,1,6192000.0,-21.903259999999996,29.64918,0.0,0.0,0.0,NA,0.0,0.0
SCHOOL_595,0,0,0,0,0,0,0,0,0,0,1,4512000.0,-21.723920000000003,29.61326,0.0,0.0,0.0,NA,0.0,0.0
SCHOOL_596,0,0,0,0,0,0,0,0,0,0,1,2592000.0,-21.655219999999996,29.550260000000005,0.0,0.0,0.0,NA,0.0,0.0
SCHOOL_597,0,0,0,0,0,0,0,0,0,0,1,4740000.0,-21.651929999999993,29.48789,0.0,0.0,0.0,NA,0.0,0.0
SCHOOL_598,0,0,0,0,0,0,0,0,0,0,1,7656000.0,-21.61259,29.59497,0.0,0.0,0.0,NA,0.0,0.0
SCHOOL_599,0,0,0,0,0,0,0,0,0,0,1,7812000.0,-21.584760000000006,29.49308,0.0,0.0,0.0,NA,0.0,0.0
SCHOOL_600,0,0,0,0,0,0,0,0,0,0,1,4356000.0,-21.564869999999996,29.621909999999996,0.0,0.0,0.0,NA,0.0,0.0
SCHOOL_601,0,0,0,0,0,0,0,0,0,0,1,4812000.0,-21.550319999999996,29.555209999999995,0.0,0.0,0.0,NA,0.0,0.0
SCHOOL_602,0,0,0,0,0,0,0,0,0,0,1,4992000.0,-21.95515,29.45362,0.0,0.0,0.0,NA,0.0,0.0
SCHOOL_603,0,0,0,0,0,0,0,0,0,0,1,5352000.0,-21.94873,29.31649,0.0,0.0,0.0,NA,0.0,0.0
SCHOOL_604,0,0,0,0,0,0,0,0,0,0,1,6108000.0,-21.859540000000003,29.42481,0.0,0.0,0.0,NA,0.0,0.0
SCHOOL_605,0,0,0,0,0,0,0,0,0,0,1,2832000.0,-21.853320000000004,29.401350000000004,0.0,0.0,0.0,NA,0.0,0.0
SCHOOL_606,0,0,0,0,0,0,0,0,0,0,1,7524000.0,-21.62539,29.39739,0.0,0.0,0.0,NA,0.0,0.0
SCHOOL_607,0,0,0,0,0,0,0,0,0,0,1,2064000.0,-21.62532,29.393410000000003,0.0,0.0,0.0,NA,0.0,0.0
SCHOOL_608,0,0,0,0,0,0,0,0,0,0,1,6048000.0,-21.60885999999999,29.47987,0.0,0.0,0.0,NA,0.0,0.0
SCHOOL_609,0,0,0,0,0,0,0,0,0,0,1,5148000.0,-21.584869999999995,29.35306,0.0,0.0,0.0,NA,0.0,0.0
SCHOOL_610,0,0,0,0,0,0,0,0,0,0,1,4848000.0,-21.463410000000003,29.304780000000004,0.0,0.0,0.0,NA,0.0,0.0
SCHOOL_611,0,0,0,0,0,0,0,0,0,0,1,2712000.0,-21.245300000000004,29.45318,0.0,0.0,0.0,NA,0.0,0.0
SCHOOL_612,0,0,0,0,0,0,0,0,0,0,1,11808000.0,-21.627910000000004,29.28983,0.0,0.0,0.0,NA,0.0,0.0
SCHOOL_613,0,0,0,0,0,0,0,0,0,0,1,3588000.0,-21.622339999999994,29.21137,0.0,0.0,0.0,NA,0.0,0.0
SCHOOL_614,0,0,0,0,0,0,0,0,0,0,1,2652000.0,-21.592129999999997,29.177119999999995,0.0,0.0,0.0,NA,0.0,0.0
SCHOOL_615,0,0,0,0,0,0,0,0,0,0,1,3972000.0,-21.58413,29.15774,0.0,0.0,0.0,NA,0.0,0.0
SCHOOL_616,0,0,0,0,0,0,0,0,0,0,1,6816000.0,-21.55882,29.29285,0.0,0.0,0.0,NA,0.0,0.0
SCHOOL_617,0,0,0,0,0,0,0,0,0,0,1,3240000.0,-21.55648,29.291620000000005,0.0,0.0,0.0,NA,0.0,0.0
SCHOOL_618,0,0,0,0,0,0,0,0,0,0,1,3624000.0,-21.555709999999994,29.211160000000003,0.0,0.0,0.0,NA,0.0,0.0
SCHOOL_619,0,0,0,0,0,0,0,0,0,0,1,6972000.0,-21.523540000000004,29.107869999999995,0.0,0.0,0.0,NA,0.0,0.0
SCHOOL_620,0,0,0,0,0,0,0,0,0,0,1,4260000.0,-21.46319,29.22165,0.0,0.0,0.0,NA,0.0,0.0
SCHOOL_621,0,0,0,0,0,0,0,0,0,0,1,6108000.0,-21.46294,29.232310000000002,0.0,0.0,0.0,NA,0.0,0.0
SCHOOL_622,0,0,0,0,0,0,0,0,0,0,1,5076000.0,-21.51775,29.623890000000003,0.0,0.0,0.0,NA,0.0,0.0
SCHOOL_623,0,0,0,0,0,0,0,0,0,0,1,7476000.0,-21.512649999999997,29.66372,0.0,0.0,0.0,NA,0.0,0.0
SCHOOL_624,0,0,0,0,0,0,0,0,0,0,1,3900000.0,-21.508169999999996,29.529050000000005,0.0,0.0,0.0,NA,0.0,0.0
SCHOOL_625,0,0,0,0,0,0,0,0,0,0,1,4560000.0,-21.49423000000001,29.661820000000002,0.0,0.0,0.0,NA,0.0,0.0
SCHOOL_626,0,0,0,0,0,0,0,0,0,0,1,1476000.0,-21.25472999999999,29.551130000000004,0.0,0.0,0.0,NA,0.0,0.0
SCHOOL_627,0,0,0,0,0,0,0,0,0,0,1,1836000.0,-21.22333,29.618249999999996,0.0,0.0,0.0,NA,0.0,0.0
SCHOOL_628,0,0,0,0,0,0,0,0,0,0,1,2724000.0,-21.22045,29.48156,0.0,0.0,0.0,NA,0.0,0.0
SCHOOL_629,0,0,0,0,0,0,0,0,0,0,1,3372000.0,-21.07856,29.55528,0.0,0.0,0.0,NA,0.0,0.0
SCHOOL_630,0,0,0,0,0,0,0,0,0,0,1,3948000.0,-21.02657,29.567819999999998,0.0,0.0,0.0,NA,0.0,0.0
SCHOOL_631,0,0,0,0,0,0,0,0,0,0,1,7440000.0,-21.015699999999995,29.616760000000003,0.0,0.0,0.0,NA,0.0,0.0
SCHOOL_632,0,0,0,0,0,0,0,0,0,0,1,6876000.0,-21.302840000000003,28.92302,0.0,0.0,0.0,NA,0.0,0.0
SCHOOL_633,0,0,0,0,0,0,0,0,0,0,1,1848000.0,-21.295749999999998,29.03101,0.0,0.0,0.0,NA,0.0,0.0
SCHOOL_634,0,0,0,0,0,0,0,0,0,0,1,5904000.0,-21.253879999999995,29.032600000000002,0.0,0.0,0.0,NA,0.0,0.0
SCHOOL_635,0,0,0,0,0,0,0,0,0,0,1,7104000.0,-21.24901,29.02953,0.0,0.0,0.0,NA,0.0,0.0
SCHOOL_636,0,0,0,0,0,0,0,0,0,0,1,984000.0,-21.24568,28.92509,0.0,0.0,0.0,NA,0.0,0.0
SCHOOL_637,0,0,0,0,0,0,0,0,0,0,1,3648000.0,-21.232189999999996,29.08201,0.0,0.0,0.0,NA,0.0,0.0
SCHOOL_638,0,0,0,0,0,0,0,0,0,0,1,2172000.0,-21.197609999999997,28.96622,0.0,0.0,0.0,NA,0.0,0.0
SCHOOL_639,0,0,0,0,0,0,0,0,0,0,1,4152000.0,-21.196989999999996,29.039420000000003,0.0,0.0,0.0,NA,0.0,0.0
SCHOOL_640,0,0,0,0,0,0,0,0,0,0,1,4788000.0,-21.166500000000003,29.09974,0.0,0.0,0.0,NA,0.0,0.0
SCHOOL_641,0,0,0,0,0,0,0,0,0,0,1,6396000.0,-21.15919,29.00408,0.0,0.0,0.0,NA,0.0,0.0
SCHOOL_642,0,0,0,0,0,0,0,0,0,0,1,5340000.0,-21.435889999999997,29.27248,0.0,0.0,0.0,NA,0.0,0.0
SCHOOL_643,0,0,0,0,0,0,0,0,0,0,1,2916000.0,-21.379389999999994,29.2581,0.0,0.0,0.0,NA,0.0,0.0
SCHOOL_644,0,0,0,0,0,0,0,0,0,0,1,4152000.0,-21.324499999999997,29.13011,0.0,0.0,0.0,NA,0.0,0.0
SCHOOL_645,0,0,0,0,0,0,0,0,0,0,2,14148000.0,-21.225219999999997,29.1034,0.0,0.0,0.0,NA,0.0,0.0
SCHOOL_646,0,0,0,0,0,0,0,0,0,0,2,5448000.0,-21.215485000001507,29.21136999999653,0.0,0.0,0.0,NA,0.0,0.0
SCHOOL_647,0,0,0,0,0,0,0,0,0,0,1,840000.0,-21.098069999999996,29.26222,0.0,0.0,0.0,NA,0.0,0.0
SCHOOL_648,0,0,0,0,0,0,0,0,0,0,1,6660000.0,-21.004400000000004,29.20649,0.0,0.0,0.0,NA,0.0,0.0
SCHOOL_649,0,0,0,0,0,0,0,0,0,0,1,2256000.0,-21.00139,29.21911,0.0,0.0,0.0,NA,0.0,0.0
SCHOOL_650,0,0,0,0,0,0,0,0,0,0,1,5424000.0,-21.072,29.368040000000004,0.0,0.0,0.0,NA,0.0,0.0
SCHOOL_651,0,0,0,0,0,0,0,0,0,0,1,2076000.0,-21.05740000000001,29.31339,0.0,0.0,0.0,NA,0.0,0.0
SCHOOL_652,0,0,0,0,0,0,0,0,0,0,1,852000.0,-21.01945999999999,29.362990000000003,0.0,0.0,0.0,NA,0.0,0.0
SCHOOL_653,0,0,0,0,0,0,0,0,0,0,1,8064000.0,-20.979630000000004,29.350430000000003,0.0,0.0,0.0,NA,0.0,0.0
SCHOOL_654,0,0,0,0,0,0,0,0,0,0,1,900000.0,-20.97048,29.33876,0.0,0.0,0.0,NA,0.0,0.0
SCHOOL_655,0,0,0,0,0,0,0,0,0,0,1,2700000.0,-20.940429999999996,29.476240000000004,0.0,0.0,0.0,NA,0.0,0.0
SCHOOL_656,0,0,0,0,0,0,0,0,0,0,1,3108000.0,-20.940179999999994,29.418560000000003,0.0,0.0,0.0,NA,0.0,0.0
SCHOOL_657,0,0,0,0,0,0,0,0,0,0,1,4068000.0,-20.892310000000002,29.444360000000003,0.0,0.0,0.0,NA,0.0,0.0
SCHOOL_658,0,0,0,0,0,0,0,0,0,0,1,4608000.0,-20.889129999999998,29.45136,0.0,0.0,0.0,NA,0.0,0.0
SCHOOL_659,0,0,0,0,0,0,0,0,0,0,1,5172000.0,-20.880209999999995,29.402780000000003,0.0,0.0,0.0,NA,0.0,0.0
SCHOOL_660,0,0,0,0,0,0,0,0,0,0,1,4716000.0,-21.49164,28.14811,0.0,0.0,0.0,NA,0.0,0.0
SCHOOL_661,0,0,0,0,0,0,0,0,0,0,1,4932000.0,-21.481109999999994,28.10015,0.0,0.0,0.0,NA,0.0,0.0
SCHOOL_662,0,0,0,0,0,0,0,0,0,0,1,7692000.0,-21.377399999999998,28.06929,0.0,0.0,0.0,NA,0.0,0.0
SCHOOL_663,0,0,0,0,0,0,0,0,0,0,1,8364000.0,-21.372939999999996,28.163090000000004,0.0,0.0,0.0,NA,0.0,0.0
SCHOOL_664,0,0,0,0,0,0,0,0,0,0,1,2976000.0,-21.351870000000005,28.05291,0.0,0.0,0.0,NA,0.0,0.0
SCHOOL_665,0,0,0,0,0,0,0,0,0,0,1,5328000.0,-21.332090000000004,28.13407,0.0,0.0,0.0,NA,0.0,0.0
SCHOOL_666,0,0,0,0,0,0,0,0,0,0,1,9324000.0,-21.29905,28.10138,0.0,0.0,0.0,NA,0.0,0.0
SCHOOL_667,0,0,0,0,0,0,0,0,0,0,1,4092000.0,-21.55785,28.3058,0.0,0.0,0.0,NA,0.0,0.0
SCHOOL_668,0,0,0,0,0,0,0,0,0,0,1,4644000.0,-21.53747999999999,28.217050000000004,0.0,0.0,0.0,NA,0.0,0.0
SCHOOL_669,0,0,0,0,0,0,0,0,0,0,1,2688000.0,-21.51135,28.28311,0.0,0.0,0.0,NA,0.0,0.0
SCHOOL_670,0,0,0,0,0,0,0,0,0,0,1,2280000.0,-21.406469999999995,28.29045,0.0,0.0,0.0,NA,0.0,0.0
SCHOOL_671,0,0,0,0,0,0,0,0,0,0,1,2964000.0,-21.399000000000004,28.2591,0.0,0.0,0.0,NA,0.0,0.0
SCHOOL_672,0,0,0,0,0,0,0,0,0,0,1,4920000.0,-21.345649999999992,28.30225,0.0,0.0,0.0,NA,0.0,0.0
SCHOOL_673,0,0,0,0,0,0,0,0,0,0,1,2220000.0,-21.342619999999993,28.24823,0.0,0.0,0.0,NA,0.0,0.0
SCHOOL_674,0,0,0,0,0,0,0,0,0,0,1,5136000.0,-21.27206,28.199090000000005,0.0,0.0,0.0,NA,0.0,0.0
SCHOOL_675,0,0,0,0,0,0,0,0,0,0,1,3780000.0,-21.52752999999999,28.388050000000003,0.0,0.0,0.0,NA,0.0,0.0
SCHOOL_676,0,0,0,0,0,0,0,0,0,0,1,4776000.0,-21.52044,28.45298,0.0,0.0,0.0,NA,0.0,0.0
SCHOOL_677,0,0,0,0,0,0,0,0,0,0,1,2784000.0,-21.518250000000005,28.41036,0.0,0.0,0.0,NA,0.0,0.0
SCHOOL_678,0,0,0,0,0,0,0,0,0,0,1,6864000.0,-21.49031,28.3253,0.0,0.0,0.0,NA,0.0,0.0
SCHOOL_679,0,0,0,0,0,0,0,0,0,0,1,7056000.0,-21.413759999999996,28.3632,0.0,0.0,0.0,NA,0.0,0.0
SCHOOL_680,0,0,0,0,0,0,0,0,0,0,1,4956000.0,-21.250799999999995,28.27566,0.0,0.0,0.0,NA,0.0,0.0
SCHOOL_681,0,0,0,0,0,0,0,0,0,0,1,9336000.0,-21.234859999999998,28.27978,0.0,0.0,0.0,NA,0.0,0.0
SCHOOL_682,0,0,0,0,0,0,0,0,0,0,1,2172000.0,-21.13443,28.23593,0.0,0.0,0.0,NA,0.0,0.0
SCHOOL_683,0,0,0,0,0,0,0,0,0,0,1,2856000.0,-21.091260000000002,28.25668,0.0,0.0,0.0,NA,0.0,0.0
SCHOOL_684,0,0,0,0,0,0,0,0,0,0,1,3840000.0,-21.04056,28.26106,0.0,0.0,0.0,NA,0.0,0.0
SCHOOL_685,0,0,0,0,0,0,0,0,0,0,1,3648000.0,-21.00889,28.21427,0.0,0.0,0.0,NA,0.0,0.0
SCHOOL_686,0,0,0,0,0,0,0,0,0,0,1,2148000.0,-20.979159999999993,28.30754,0.0,0.0,0.0,NA,0.0,0.0
SCHOOL_687,0,0,0,0,0,0,0,0,0,0,1,2736000.0,-20.977589999999992,28.27462,0.0,0.0,0.0,NA,0.0,0.0
SCHOOL_688,0,0,0,0,0,0,0,0,0,0,1,7512000.0,-20.966219999999996,28.27781,0.0,0.0,0.0,NA,0.0,0.0
SCHOOL_689,0,0,0,0,0,0,0,0,0,0,1,1152000.0,-20.96265999999999,28.25591,0.0,0.0,0.0,NA,0.0,0.0
SCHOOL_690,0,0,0,0,0,0,0,0,0,0,1,2244000.0,-21.144119999999994,28.46576,0.0,0.0,0.0,NA,0.0,0.0
SCHOOL_691,0,0,0,0,0,0,0,0,0,0,1,5556000.0,-21.134859999999993,28.31787,0.0,0.0,0.0,NA,0.0,0.0
SCHOOL_692,0,0,0,0,0,0,0,0,0,0,1,4476000.0,-21.13441999999999,28.33716,0.0,0.0,0.0,NA,0.0,0.0
SCHOOL_693,0,0,0,0,0,0,0,0,0,0,1,5484000.0,-21.097890000000003,28.35179,0.0,0.0,0.0,NA,0.0,0.0
SCHOOL_694,0,0,0,0,0,0,0,0,0,0,2,3252000.0,-21.084500000140988,28.46622000003883,0.0,0.0,0.0,NA,0.0,0.0
SCHOOL_695,0,0,0,0,0,0,0,0,0,0,1,7512000.0,-21.08272,28.41086,0.0,0.0,0.0,NA,0.0,0.0
SCHOOL_696,0,0,0,0,0,0,0,0,0,0,1,8172000.0,-21.081519999999994,28.4665,0.0,0.0,0.0,NA,0.0,0.0
SCHOOL_697,0,0,0,0,0,0,0,0,0,0,2,12360000.0,-21.066859999999995,28.45877,0.0,0.0,0.0,NA,0.0,0.0
SCHOOL_698,0,0,0,0,0,0,0,0,0,0,1,2436000.0,-21.243450000000006,28.00789,0.0,0.0,0.0,NA,0.0,0.0
SCHOOL_699,0,0,0,0,0,0,0,0,0,0,1,4080000.0,-21.227559999999997,27.90005,0.0,0.0,0.0,NA,0.0,0.0
SCHOOL_700,0,0,0,0,0,0,0,0,0,0,1,4176000.0,-21.198989999999995,27.94806,0.0,0.0,0.0,NA,0.0,0.0
SCHOOL_701,0,0,0,0,0,0,0,0,0,0,1,4680000.0,-21.186740000000004,28.01353,0.0,0.0,0.0,NA,0.0,0.0
SCHOOL_702,0,0,0,0,0,0,0,0,0,0,1,6444000.0,-21.15462,27.94466,0.0,0.0,0.0,NA,0.0,0.0
SCHOOL_703,0,0,0,0,0,0,0,0,0,0,1,5520000.0,-21.145129999999998,28.033030000000004,0.0,0.0,0.0,NA,0.0,0.0
SCHOOL_704,0,0,0,0,0,0,0,0,0,0,1,2400000.0,-21.097819999999995,28.00459,0.0,0.0,0.0,NA,0.0,0.0
SCHOOL_705,0,0,0,0,0,0,0,0,0,0,1,9840000.0,-21.089209999999998,28.00876,0.0,0.0,0.0,NA,0.0,0.0
SCHOOL_706,0,0,0,0,0,0,0,0,0,0,1,8316000.0,-21.04135,27.90752,0.0,0.0,0.0,NA,0.0,0.0
SCHOOL_707,0,0,0,0,0,0,0,0,0,0,1,3312000.0,-20.743450000000003,27.97027,0.0,0.0,0.0,NA,0.0,0.0
SCHOOL_708,0,0,0,0,0,0,0,0,0,0,1,5496000.0,-21.22961,28.15491,0.0,0.0,0.0,NA,0.0,0.0
SCHOOL_709,0,0,0,0,0,0,0,0,0,0,1,3768000.0,-21.196389999999994,28.05983,0.0,0.0,0.0,NA,0.0,0.0
SCHOOL_710,0,0,0,0,0,0,0,0,0,0,1,2520000.0,-21.067320000000002,28.08385,0.0,0.0,0.0,NA,0.0,0.0
SCHOOL_711,0,0,0,0,0,0,0,0,0,0,1,1308000.0,-20.608699999999995,28.12257,0.0,0.0,0.0,NA,0.0,0.0
SCHOOL_712,0,0,0,0,0,0,0,0,0,0,1,4764000.0,-20.48879,28.06449,0.0,0.0,0.0,NA,0.0,0.0
SCHOOL_713,0,0,0,0,0,0,0,0,0,0,1,1968000.0,-20.32013,28.14992,0.0,0.0,0.0,NA,0.0,0.0
SCHOOL_714,0,0,0,0,0,0,0,0,0,0,1,2856000.0,-20.233599999999996,28.18883,0.0,0.0,0.0,NA,0.0,0.0
SCHOOL_715,0,0,0,0,0,0,0,0,0,0,1,2652000.0,-20.199469999999994,28.05247,0.0,0.0,0.0,NA,0.0,0.0
SCHOOL_716,0,0,0,0,0,0,0,0,0,0,1,9168000.0,-20.194699999999987,28.16243,0.0,0.0,0.0,NA,0.0,0.0
SCHOOL_717,0,0,0,0,0,0,0,0,0,0,1,2844000.0,-20.815539999999995,28.29677,0.0,0.0,0.0,NA,0.0,0.0
SCHOOL_718,0,0,0,0,0,0,0,0,0,0,1,1116000.0,-20.772229999999997,28.23086,0.0,0.0,0.0,NA,0.0,0.0
SCHOOL_719,0,0,0,0,0,0,0,0,0,0,1,5604000.0,-20.661119999999997,28.2564,0.0,0.0,0.0,NA,0.0,0.0
SCHOOL_720,0,0,0,0,0,0,0,0,0,0,1,7752000.0,-20.399229999999992,28.21154,0.0,0.0,0.0,NA,0.0,0.0
SCHOOL_721,0,0,0,0,0,0,0,0,0,0,1,3720000.0,-20.391229999999993,28.241940000000003,0.0,0.0,0.0,NA,0.0,0.0
SCHOOL_722,0,0,0,0,0,0,0,0,0,0,1,2532000.0,-20.198659999999997,28.27733,0.0,0.0,0.0,NA,0.0,0.0
SCHOOL_723,0,0,0,0,0,0,0,0,0,0,1,1404000.0,-20.17337,28.28944,0.0,0.0,0.0,NA,0.0,0.0
SCHOOL_724,0,0,0,0,0,0,0,0,0,0,2,3360000.0,-20.114780000000177,28.245525000001233,0.0,0.0,0.0,NA,0.0,0.0
SCHOOL_725,0,0,0,0,0,0,0,0,0,0,1,1944000.0,-20.083829999999995,28.21035,0.0,0.0,0.0,NA,0.0,0.0
SCHOOL_726,0,0,0,0,0,0,0,0,0,0,1,1320000.0,-20.074929999999988,28.108760000000004,0.0,0.0,0.0,NA,0.0,0.0
SCHOOL_727,0,0,0,0,0,0,0,0,0,0,1,2496000.0,-20.04247999999999,28.12818,0.0,0.0,0.0,NA,0.0,0.0
SCHOOL_728,0,0,0,0,0,0,0,0,0,0,1,1212000.0,-20.01391,28.09379,0.0,0.0,0.0,NA,0.0,0.0
SCHOOL_729,0,0,0,0,0,0,0,0,0,0,2,7476000.0,-19.948275000079022,28.19300999958286,0.0,0.0,0.0,NA,0.0,0.0
SCHOOL_730,0,0,0,0,0,0,0,0,0,0,1,2772000.0,-19.94774,28.05073,0.0,0.0,0.0,NA,0.0,0.0
SCHOOL_731,0,0,0,0,0,0,0,0,0,0,1,7356000.0,-19.947079999999996,28.060910000000003,0.0,0.0,0.0,NA,0.0,0.0
SCHOOL_732,0,0,0,0,0,0,0,0,0,0,1,2172000.0,-19.85734,28.19193,0.0,0.0,0.0,NA,0.0,0.0
SCHOOL_733,0,0,0,0,0,0,0,0,0,0,1,2040000.0,-19.84961,28.08948,0.0,0.0,0.0,NA,0.0,0.0
SCHOOL_734,0,0,0,0,0,0,0,0,0,0,1,4212000.0,-19.742549999999994,28.14976,0.0,0.0,0.0,NA,0.0,0.0
SCHOOL_735,0,0,0,0,0,0,0,0,0,0,1,2076000.0,-19.90906,28.30851,0.0,0.0,0.0,NA,0.0,0.0
SCHOOL_736,0,0,0,0,0,0,0,0,0,0,1,1080000.0,-19.880760000000006,28.41785,0.0,0.0,0.0,NA,0.0,0.0
SCHOOL_737,0,0,0,0,0,0,0,0,0,0,1,1920000.0,-19.822429999999994,28.44421,0.0,0.0,0.0,NA,0.0,0.0
SCHOOL_738,0,0,0,0,0,0,0,0,0,0,2,9180000.0,-19.79757500060169,28.465485002108316,0.0,0.0,0.0,NA,0.0,0.0
SCHOOL_739,0,0,0,0,0,0,0,0,0,0,2,8964000.0,-19.740650000011225,28.415280000050185,0.0,0.0,0.0,NA,0.0,0.0
SCHOOL_740,0,0,0,0,0,0,0,0,0,0,1,3012000.0,-19.671049999999997,28.40322,0.0,0.0,0.0,NA,0.0,0.0
SCHOOL_741,0,0,0,0,0,0,0,0,0,0,1,1224000.0,-19.619979999999995,28.31842,0.0,0.0,0.0,NA,0.0,0.0
SCHOOL_742,0,0,0,0,0,0,0,0,0,0,1,2724000.0,-19.502129999999998,28.31041,0.0,0.0,0.0,NA,0.0,0.0
SCHOOL_743,0,0,0,0,0,0,0,0,0,0,1,4248000.0,-21.47528,28.70388,0.0,0.0,0.0,NA,0.0,0.0
SCHOOL_744,0,0,0,0,0,0,0,0,0,0,1,2508000.0,-21.4417,28.66186,0.0,0.0,0.0,NA,0.0,0.0
SCHOOL_745,0,0,0,0,0,0,0,0,0,0,1,2484000.0,-21.428329999999992,28.63426,0.0,0.0,0.0,NA,0.0,0.0
SCHOOL_746,0,0,0,0,0,0,0,0,0,0,1,2976000.0,-21.405359999999998,28.71111,0.0,0.0,0.0,NA,0.0,0.0
SCHOOL_747,0,0,0,0,0,0,0,0,0,0,1,2868000.0,-21.391640000000002,28.61831,0.0,0.0,0.0,NA,0.0,0.0
SCHOOL_748,0,0,0,0,0,0,0,0,0,0,1,1716000.0,-21.388270000000002,28.6565,0.0,0.0,0.0,NA,0.0,0.0
SCHOOL_749,0,0,0,0,0,0,0,0,0,0,1,1500000.0,-21.367600000000003,28.56471,0.0,0.0,0.0,NA,0.0,0.0
SCHOOL_750,0,0,0,0,0,0,0,0,0,0,1,6024000.0,-21.335229999999992,28.533490000000004,0.0,0.0,0.0,NA,0.0,0.0
SCHOOL_751,0,0,0,0,0,0,0,0,0,0,1,2388000.0,-21.327920000000002,28.58044,0.0,0.0,0.0,NA,0.0,0.0
SCHOOL_752,0,0,0,0,0,0,0,0,0,0,1,1284000.0,-21.295520000000007,28.64982,0.0,0.0,0.0,NA,0.0,0.0
SCHOOL_753,0,0,0,0,0,0,0,0,0,0,1,4644000.0,-21.390399999999993,28.3572,0.0,0.0,0.0,NA,0.0,0.0
SCHOOL_754,0,0,0,0,0,0,0,0,0,0,1,7668000.0,-21.36776,28.48655,0.0,0.0,0.0,NA,0.0,0.0
SCHOOL_755,0,0,0,0,0,0,0,0,0,0,1,5940000.0,-21.362510000000004,28.35284,0.0,0.0,0.0,NA,0.0,0.0
SCHOOL_756,0,0,0,0,0,0,0,0,0,0,1,4452000.0,-21.347229999999996,28.48948,0.0,0.0,0.0,NA,0.0,0.0
SCHOOL_757,0,0,0,0,0,0,0,0,0,0,1,4596000.0,-21.292830000000002,28.47833,0.0,0.0,0.0,NA,0.0,0.0
SCHOOL_758,0,0,0,0,0,0,0,0,0,0,1,5448000.0,-21.270679999999995,28.36023,0.0,0.0,0.0,NA,0.0,0.0
SCHOOL_759,0,0,0,0,0,0,0,0,0,0,1,3720000.0,-21.200100000000003,28.33047,0.0,0.0,0.0,NA,0.0,0.0
SCHOOL_760,0,0,0,0,0,0,0,0,0,0,1,5244000.0,-21.195919999999994,28.422320000000003,0.0,0.0,0.0,NA,0.0,0.0
SCHOOL_761,0,0,0,0,0,0,0,0,0,0,1,5268000.0,-21.17538999999999,28.473160000000004,0.0,0.0,0.0,NA,0.0,0.0
SCHOOL_762,0,0,0,0,0,0,0,0,0,0,1,2328000.0,-21.147059999999996,28.39715,0.0,0.0,0.0,NA,0.0,0.0
SCHOOL_763,0,0,0,0,0,0,0,0,0,0,1,3924000.0,-21.325220000000005,28.895740000000004,0.0,0.0,0.0,NA,0.0,0.0
SCHOOL_764,0,0,0,0,0,0,0,0,0,0,1,1188000.0,-21.28656,28.774170000000005,0.0,0.0,0.0,NA,0.0,0.0
SCHOOL_765,0,0,0,0,0,0,0,0,0,0,1,1368000.0,-21.28203,28.81328,0.0,0.0,0.0,NA,0.0,0.0
SCHOOL_766,0,0,0,0,0,0,0,0,0,0,1,2220000.0,-21.274919999999995,28.754339999999996,0.0,0.0,0.0,NA,0.0,0.0
SCHOOL_767,0,0,0,0,0,0,0,0,0,0,1,3252000.0,-21.269310000000004,28.745920000000005,0.0,0.0,0.0,NA,0.0,0.0
SCHOOL_768,0,0,0,0,0,0,0,0,0,0,1,1656000.0,-21.224180000000004,28.855170000000005,0.0,0.0,0.0,NA,0.0,0.0
SCHOOL_769,0,0,0,0,0,0,0,0,0,0,1,936000.0,-21.159099999999995,28.90031,0.0,0.0,0.0,NA,0.0,0.0
SCHOOL_770,0,0,0,0,0,0,0,0,0,0,1,840000.0,-21.144279999999995,28.739010000000004,0.0,0.0,0.0,NA,0.0,0.0
SCHOOL_771,0,0,0,0,0,0,0,0,0,0,1,3420000.0,-21.09349,28.81041,0.0,0.0,0.0,NA,0.0,0.0
SCHOOL_772,0,0,0,0,0,0,0,0,0,0,1,9072000.0,-21.02265999999999,28.77605,0.0,0.0,0.0,NA,0.0,0.0
SCHOOL_773,0,0,0,0,0,0,0,0,0,0,1,1968000.0,-21.268979999999996,28.63291,0.0,0.0,0.0,NA,0.0,0.0
SCHOOL_774,0,0,0,0,0,0,0,0,0,0,1,3432000.0,-21.246399999999998,28.54116,0.0,0.0,0.0,NA,0.0,0.0
SCHOOL_775,0,0,0,0,0,0,0,0,0,0,1,2028000.0,-21.21518,28.60119,0.0,0.0,0.0,NA,0.0,0.0
SCHOOL_776,0,0,0,0,0,0,0,0,0,0,1,4080000.0,-21.188180000000003,28.612730000000003,0.0,0.0,0.0,NA,0.0,0.0
SCHOOL_777,0,0,0,0,0,0,0,0,0,0,1,5580000.0,-21.164809999999992,28.50768,0.0,0.0,0.0,NA,0.0,0.0
SCHOOL_778,0,0,0,0,0,0,0,0,0,0,1,1776000.0,-21.14011,28.58391,0.0,0.0,0.0,NA,0.0,0.0
SCHOOL_779,0,0,0,0,0,0,0,0,0,0,1,6036000.0,-21.104689999999998,28.54617,0.0,0.0,0.0,NA,0.0,0.0
SCHOOL_780,0,0,0,0,0,0,0,0,0,0,1,4020000.0,-21.103450000000002,28.61748,0.0,0.0,0.0,NA,0.0,0.0
SCHOOL_781,0,0,0,0,0,0,0,0,0,0,1,3324000.0,-21.092899999999997,28.58509,0.0,0.0,0.0,NA,0.0,0.0
SCHOOL_782,0,0,0,0,0,0,0,0,0,0,1,3276000.0,-21.065599999999996,28.5938,0.0,0.0,0.0,NA,0.0,0.0
SCHOOL_783,0,0,0,0,0,0,0,0,0,0,1,4752000.0,-21.154640000000004,29.012130000000003,0.0,0.0,0.0,NA,0.0,0.0
SCHOOL_784,0,0,0,0,0,0,0,0,0,0,1,2412000.0,-21.123629999999995,29.057660000000002,0.0,0.0,0.0,NA,0.0,0.0
SCHOOL_785,0,0,0,0,0,0,0,0,0,0,1,3924000.0,-21.121769999999998,28.94559,0.0,0.0,0.0,NA,0.0,0.0
SCHOOL_786,0,0,0,0,0,0,0,0,0,0,1,636000.0,-21.021359999999998,28.96579,0.0,0.0,0.0,NA,0.0,0.0
SCHOOL_787,0,0,0,0,0,0,0,0,0,0,1,2400000.0,-21.010519999999993,29.032349999999997,0.0,0.0,0.0,NA,0.0,0.0
SCHOOL_788,0,0,0,0,0,0,0,0,0,0,1,12000000.0,-20.950759999999995,29.03103,0.0,0.0,0.0,NA,0.0,0.0
SCHOOL_789,0,0,0,0,0,0,0,0,0,0,1,2592000.0,-21.062819999999995,28.31519,0.0,0.0,0.0,NA,0.0,0.0
SCHOOL_790,0,0,0,0,0,0,0,0,0,0,1,4824000.0,-21.011889999999998,28.385690000000004,0.0,0.0,0.0,NA,0.0,0.0
SCHOOL_791,0,0,0,0,0,0,0,0,0,0,1,2820000.0,-21.010129999999997,28.37628,0.0,0.0,0.0,NA,0.0,0.0
SCHOOL_792,0,0,0,0,0,0,0,0,0,0,1,3984000.0,-20.95572,28.43444,0.0,0.0,0.0,NA,0.0,0.0
SCHOOL_793,0,0,0,0,0,0,0,0,0,0,1,5892000.0,-20.936370000000004,28.46247,0.0,0.0,0.0,NA,0.0,0.0
SCHOOL_794,0,0,0,0,0,0,0,0,0,0,1,2940000.0,-20.93458,28.4912,0.0,0.0,0.0,NA,0.0,0.0
SCHOOL_795,0,0,0,0,0,0,0,0,0,0,1,6036000.0,-20.92031,28.37305,0.0,0.0,0.0,NA,0.0,0.0
SCHOOL_796,0,0,0,0,0,0,0,0,0,0,1,3828000.0,-20.918329999999997,28.40599,0.0,0.0,0.0,NA,0.0,0.0
SCHOOL_797,0,0,0,0,0,0,0,0,0,0,1,1416000.0,-20.901859999999996,28.40285,0.0,0.0,0.0,NA,0.0,0.0
SCHOOL_798,0,0,0,0,0,0,0,0,0,0,1,4776000.0,-20.89864,28.43744,0.0,0.0,0.0,NA,0.0,0.0
SCHOOL_799,0,0,0,0,0,0,0,0,0,0,1,2700000.0,-21.0156,28.77961,0.0,0.0,0.0,NA,0.0,0.0
SCHOOL_800,0,0,0,0,0,0,0,0,0,0,1,2520000.0,-20.972179999999998,28.73791,0.0,0.0,0.0,NA,0.0,0.0
SCHOOL_801,0,0,0,0,0,0,0,0,0,0,1,612000.0,-20.97066,28.79838,0.0,0.0,0.0,NA,0.0,0.0
SCHOOL_802,0,0,0,0,0,0,0,0,0,0,1,840000.0,-20.964499999999997,28.890930000000004,0.0,0.0,0.0,NA,0.0,0.0
SCHOOL_803,0,0,0,0,0,0,0,0,0,0,1,8868000.0,-20.95436,28.760720000000003,0.0,0.0,0.0,NA,0.0,0.0
SCHOOL_804,0,0,0,0,0,0,0,0,0,0,1,792000.0,-20.915990000000004,28.80104,0.0,0.0,0.0,NA,0.0,0.0
SCHOOL_805,0,0,0,0,0,0,0,0,0,0,1,1068000.0,-20.89829,28.728710000000003,0.0,0.0,0.0,NA,0.0,0.0
SCHOOL_806,0,0,0,0,0,0,0,0,0,0,1,3108000.0,-20.895569999999992,28.73347,0.0,0.0,0.0,NA,0.0,0.0
SCHOOL_807,0,0,0,0,0,0,0,0,0,0,1,1836000.0,-20.88969,28.760130000000004,0.0,0.0,0.0,NA,0.0,0.0
SCHOOL_808,0,0,0,0,0,0,0,0,0,0,1,2832000.0,-20.82706,28.796500000000005,0.0,0.0,0.0,NA,0.0,0.0
SCHOOL_809,0,0,0,0,0,0,0,0,0,0,1,2928000.0,-21.06509,28.703999999999997,0.0,0.0,0.0,NA,0.0,0.0
SCHOOL_810,0,0,0,0,0,0,0,0,0,0,1,840000.0,-20.935960000000005,28.5918,0.0,0.0,0.0,NA,0.0,0.0
SCHOOL_811,0,0,0,0,0,0,0,0,0,0,1,840000.0,-20.869280000000003,28.56145,0.0,0.0,0.0,NA,0.0,0.0
SCHOOL_812,0,0,0,0,0,0,0,0,0,0,1,2652000.0,-20.81958,28.71892,0.0,0.0,0.0,NA,0.0,0.0
SCHOOL_813,0,0,0,0,0,0,0,0,0,0,1,3336000.0,-20.711479999999998,28.68439,0.0,0.0,0.0,NA,0.0,0.0
SCHOOL_814,0,0,0,0,0,0,0,0,0,0,1,996000.0,-20.684740000000005,28.609720000000003,0.0,0.0,0.0,NA,0.0,0.0
SCHOOL_815,0,0,0,0,0,0,0,0,0,0,1,1092000.0,-20.671160000000004,28.58838,0.0,0.0,0.0,NA,0.0,0.0
SCHOOL_816,0,0,0,0,0,0,0,0,0,0,1,3492000.0,-20.665959999999995,28.54397,0.0,0.0,0.0,NA,0.0,0.0
SCHOOL_817,0,0,0,0,0,0,0,0,0,0,1,2520000.0,-20.63903,28.72045,0.0,0.0,0.0,NA,0.0,0.0
SCHOOL_818,0,0,0,0,0,0,0,0,0,0,1,1812000.0,-20.591519999999996,28.65631,0.0,0.0,0.0,NA,0.0,0.0
SCHOOL_819,0,0,0,0,0,0,0,0,0,0,1,1452000.0,-20.81488,28.797189999999997,0.0,0.0,0.0,NA,0.0,0.0
SCHOOL_820,0,0,0,0,0,0,0,0,0,0,1,3684000.0,-20.78418,28.90357,0.0,0.0,0.0,NA,0.0,0.0
SCHOOL_821,0,0,0,0,0,0,0,0,0,0,1,1368000.0,-20.776159999999997,28.77069,0.0,0.0,0.0,NA,0.0,0.0
SCHOOL_822,0,0,0,0,0,0,0,0,0,0,1,2220000.0,-20.765649999999997,28.82393,0.0,0.0,0.0,NA,0.0,0.0
SCHOOL_823,0,0,0,0,0,0,0,0,0,0,1,4344000.0,-20.752519999999997,28.826960000000003,0.0,0.0,0.0,NA,0.0,0.0
SCHOOL_824,0,0,0,0,0,0,0,0,0,0,1,3000000.0,-20.751640000000002,28.77013,0.0,0.0,0.0,NA,0.0,0.0
SCHOOL_825,0,0,0,0,0,0,0,0,0,0,1,2496000.0,-20.73772,28.76998,0.0,0.0,0.0,NA,0.0,0.0
SCHOOL_826,0,0,0,0,0,0,0,0,0,0,1,11244000.0,-20.724179999999993,28.8903,0.0,0.0,0.0,NA,0.0,0.0
SCHOOL_827,0,0,0,0,0,0,0,0,0,0,1,7440000.0,-20.72037,28.896150000000002,0.0,0.0,0.0,NA,0.0,0.0
SCHOOL_828,0,0,0,0,0,0,0,0,0,0,1,2628000.0,-20.718380000000007,28.780350000000002,0.0,0.0,0.0,NA,0.0,0.0
SCHOOL_829,0,0,0,0,0,0,0,0,0,0,1,4464000.0,-20.84155000000001,28.360150000000004,0.0,0.0,0.0,NA,0.0,0.0
SCHOOL_830,0,0,0,0,0,0,0,0,0,0,1,1416000.0,-20.8273,28.342040000000004,0.0,0.0,0.0,NA,0.0,0.0
SCHOOL_831,0,0,0,0,0,0,0,0,0,0,1,840000.0,-20.811249999999998,28.45176,0.0,0.0,0.0,NA,0.0,0.0
SCHOOL_832,0,0,0,0,0,0,0,0,0,0,1,1344000.0,-20.787499999999994,28.40916,0.0,0.0,0.0,NA,0.0,0.0
SCHOOL_833,0,0,0,0,0,0,0,0,0,0,1,840000.0,-20.74903,28.49434,0.0,0.0,0.0,NA,0.0,0.0
SCHOOL_834,0,0,0,0,0,0,0,0,0,0,1,1416000.0,-20.748949999999997,28.31835,0.0,0.0,0.0,NA,0.0,0.0
SCHOOL_835,0,0,0,0,0,0,0,0,0,0,1,3732000.0,-20.67554,28.46299,0.0,0.0,0.0,NA,0.0,0.0
SCHOOL_836,0,0,0,0,0,0,0,0,0,0,1,3756000.0,-20.666059999999998,28.31979,0.0,0.0,0.0,NA,0.0,0.0
SCHOOL_837,0,0,0,0,0,0,0,0,0,0,1,5376000.0,-20.665,28.47822,0.0,0.0,0.0,NA,0.0,0.0
SCHOOL_838,0,0,0,0,0,0,0,0,0,0,1,4080000.0,-20.648589999999995,28.41537,0.0,0.0,0.0,NA,0.0,0.0
SCHOOL_839,0,0,0,0,0,0,0,0,0,0,1,3552000.0,-21.007999999999996,29.481610000000003,0.0,0.0,0.0,NA,0.0,0.0
SCHOOL_840,0,0,0,0,0,0,0,0,0,0,1,6696000.0,-20.978219999999997,29.573969999999996,0.0,0.0,0.0,NA,0.0,0.0
SCHOOL_841,0,0,0,0,0,0,0,0,0,0,1,1776000.0,-20.977459999999994,29.509710000000002,0.0,0.0,0.0,NA,0.0,0.0
SCHOOL_842,0,0,0,0,0,0,0,0,0,0,1,4896000.0,-20.969769999999993,29.591519999999996,0.0,0.0,0.0,NA,0.0,0.0
SCHOOL_843,0,0,0,0,0,0,0,0,0,0,1,4584000.0,-20.94225,29.4832,0.0,0.0,0.0,NA,0.0,0.0
SCHOOL_844,0,0,0,0,0,0,0,0,0,0,1,2808000.0,-20.936469999999993,29.532650000000004,0.0,0.0,0.0,NA,0.0,0.0
SCHOOL_845,0,0,0,0,0,0,0,0,0,0,1,5460000.0,-20.93144,29.65367,0.0,0.0,0.0,NA,0.0,0.0
SCHOOL_846,0,0,0,0,0,0,0,0,0,0,1,3072000.0,-20.922459999999997,29.603140000000003,0.0,0.0,0.0,NA,0.0,0.0
SCHOOL_847,0,0,0,0,0,0,0,0,0,0,1,2028000.0,-20.89498,29.566019999999998,0.0,0.0,0.0,NA,0.0,0.0
SCHOOL_848,0,0,0,0,0,0,0,0,0,0,1,1956000.0,-20.853150000000003,29.60197,0.0,0.0,0.0,NA,0.0,0.0
SCHOOL_849,0,0,0,0,0,0,0,0,0,0,1,6648000.0,-20.999739999999996,29.209119999999995,0.0,0.0,0.0,NA,0.0,0.0
SCHOOL_850,0,0,0,0,0,0,0,0,0,0,1,1620000.0,-20.939629999999998,29.120519999999996,0.0,0.0,0.0,NA,0.0,0.0
SCHOOL_851,0,0,0,0,0,0,0,0,0,0,1,2388000.0,-20.902940000000008,29.30007,0.0,0.0,0.0,NA,0.0,0.0
SCHOOL_852,0,0,0,0,0,0,0,0,0,0,1,3228000.0,-20.86489,29.256710000000005,0.0,0.0,0.0,NA,0.0,0.0
SCHOOL_853,0,0,0,0,0,0,0,0,0,0,1,2904000.0,-20.863879999999995,29.19387,0.0,0.0,0.0,NA,0.0,0.0
SCHOOL_854,0,0,0,0,0,0,0,0,0,0,1,5184000.0,-20.859939999999995,29.145850000000003,0.0,0.0,0.0,NA,0.0,0.0
SCHOOL_855,0,0,0,0,0,0,0,0,0,0,1,4968000.0,-20.858139999999995,29.13836,0.0,0.0,0.0,NA,0.0,0.0
SCHOOL_856,0,0,0,0,0,0,0,0,0,0,1,4872000.0,-20.83273,29.111529999999995,0.0,0.0,0.0,NA,0.0,0.0
SCHOOL_857,0,0,0,0,0,0,0,0,0,0,1,2184000.0,-20.829310000000003,29.29336,0.0,0.0,0.0,NA,0.0,0.0
SCHOOL_858,0,0,0,0,0,0,0,0,0,0,1,1968000.0,-20.823899999999995,29.18445,0.0,0.0,0.0,NA,0.0,0.0
SCHOOL_859,0,0,0,0,0,0,0,0,0,0,1,12000000.0,-20.88003,29.474109999999996,0.0,0.0,0.0,NA,0.0,0.0
SCHOOL_860,0,0,0,0,0,0,0,0,0,0,1,1992000.0,-20.850789999999996,29.423370000000002,0.0,0.0,0.0,NA,0.0,0.0
SCHOOL_861,0,0,0,0,0,0,0,0,0,0,1,1920000.0,-20.845149999999993,29.350860000000004,0.0,0.0,0.0,NA,0.0,0.0
SCHOOL_862,0,0,0,0,0,0,0,0,0,0,1,2664000.0,-20.841070000000002,29.3341,0.0,0.0,0.0,NA,0.0,0.0
SCHOOL_863,0,0,0,0,0,0,0,0,0,0,1,6348000.0,-20.824980000000007,29.385139999999996,0.0,0.0,0.0,NA,0.0,0.0
SCHOOL_864,0,0,0,0,0,0,0,0,0,0,1,2868000.0,-20.824080000000002,29.39281,0.0,0.0,0.0,NA,0.0,0.0
SCHOOL_865,0,0,0,0,0,0,0,0,0,0,1,5952000.0,-20.81497,29.3216,0.0,0.0,0.0,NA,0.0,0.0
SCHOOL_866,0,0,0,0,0,0,0,0,0,0,1,2832000.0,-20.81327999999999,29.47676,0.0,0.0,0.0,NA,0.0,0.0
SCHOOL_867,0,0,0,0,0,0,0,0,0,0,1,6996000.0,-20.794700000000006,29.312099999999997,0.0,0.0,0.0,NA,0.0,0.0
SCHOOL_868,0,0,0,0,0,0,0,0,0,0,1,1284000.0,-20.779079999999997,29.4734,0.0,0.0,0.0,NA,0.0,0.0
SCHOOL_869,0,0,0,0,0,0,0,0,0,0,1,5892000.0,-20.849780000000006,29.552800000000005,0.0,0.0,0.0,NA,0.0,0.0
SCHOOL_870,0,0,0,0,0,0,0,0,0,0,1,4152000.0,-20.848039999999994,29.550769999999996,0.0,0.0,0.0,NA,0.0,0.0
SCHOOL_871,0,0,0,0,0,0,0,0,0,0,1,684000.0,-20.846989999999998,29.62137,0.0,0.0,0.0,NA,0.0,0.0
SCHOOL_872,0,0,0,0,0,0,0,0,0,0,1,1104000.0,-20.81447,29.49543,0.0,0.0,0.0,NA,0.0,0.0
SCHOOL_873,0,0,0,0,0,0,0,0,0,0,1,3156000.0,-20.80976,29.500000000000004,0.0,0.0,0.0,NA,0.0,0.0
SCHOOL_874,0,0,0,0,0,0,0,0,0,0,1,840000.0,-20.807359999999996,29.599050000000002,0.0,0.0,0.0,NA,0.0,0.0
SCHOOL_875,0,0,0,0,0,0,0,0,0,0,1,2748000.0,-20.79236,29.564789999999995,0.0,0.0,0.0,NA,0.0,0.0
SCHOOL_876,0,0,0,0,0,0,0,0,0,0,1,5316000.0,-20.785389999999996,29.534140000000004,0.0,0.0,0.0,NA,0.0,0.0
SCHOOL_877,0,0,0,0,0,0,0,0,0,0,1,3948000.0,-20.7785,29.53415,0.0,0.0,0.0,NA,0.0,0.0
SCHOOL_878,0,0,0,0,0,0,0,0,0,0,1,840000.0,-20.75764,29.618520000000004,0.0,0.0,0.0,NA,0.0,0.0
SCHOOL_879,0,0,0,0,0,0,0,0,0,0,1,3096000.0,-20.92946999999999,29.09705,0.0,0.0,0.0,NA,0.0,0.0
SCHOOL_880,0,0,0,0,0,0,0,0,0,0,1,11280000.0,-20.87505999999999,28.9241,0.0,0.0,0.0,NA,0.0,0.0
SCHOOL_881,0,0,0,0,0,0,0,0,0,0,1,5076000.0,-20.87325999999999,28.93619,0.0,0.0,0.0,NA,0.0,0.0
SCHOOL_882,0,0,0,0,0,0,0,0,0,0,1,4440000.0,-20.801539999999992,29.06365,0.0,0.0,0.0,NA,0.0,0.0
SCHOOL_883,0,0,0,0,0,0,0,0,0,0,1,1476000.0,-20.799129999999995,29.05876,0.0,0.0,0.0,NA,0.0,0.0
SCHOOL_884,0,0,0,0,0,0,0,0,0,0,1,6516000.0,-20.734159999999996,29.07613,0.0,0.0,0.0,NA,0.0,0.0
SCHOOL_885,0,0,0,0,0,0,0,0,0,0,1,3120000.0,-20.709429999999994,28.964470000000002,0.0,0.0,0.0,NA,0.0,0.0
SCHOOL_886,0,0,0,0,0,0,0,0,0,0,1,2136000.0,-20.69227999999999,28.955940000000002,0.0,0.0,0.0,NA,0.0,0.0
SCHOOL_887,0,0,0,0,0,0,0,0,0,0,1,2700000.0,-20.679019999999998,29.042430000000003,0.0,0.0,0.0,NA,0.0,0.0
SCHOOL_888,0,0,0,0,0,0,0,0,0,0,1,4464000.0,-20.661879999999993,29.037650000000003,0.0,0.0,0.0,NA,0.0,0.0
SCHOOL_889,0,0,0,0,0,0,0,0,0,0,1,2676000.0,-20.811259999999994,29.14551,0.0,0.0,0.0,NA,0.0,0.0
SCHOOL_890,0,0,0,0,0,0,0,0,0,0,1,3672000.0,-20.778430000000004,29.243160000000003,0.0,0.0,0.0,NA,0.0,0.0
SCHOOL_891,0,0,0,0,0,0,0,0,0,0,1,2544000.0,-20.765170000000005,29.16919,0.0,0.0,0.0,NA,0.0,0.0
SCHOOL_892,0,0,0,0,0,0,0,0,0,0,1,6648000.0,-20.761220000000005,29.29835,0.0,0.0,0.0,NA,0.0,0.0
SCHOOL_893,0,0,0,0,0,0,0,0,0,0,1,2844000.0,-20.75665,29.12805,0.0,0.0,0.0,NA,0.0,0.0
SCHOOL_894,0,0,0,0,0,0,0,0,0,0,1,2712000.0,-20.740009999999998,29.121350000000003,0.0,0.0,0.0,NA,0.0,0.0
SCHOOL_895,0,0,0,0,0,0,0,0,0,0,1,3768000.0,-20.733089999999997,29.239870000000003,0.0,0.0,0.0,NA,0.0,0.0
SCHOOL_896,0,0,0,0,0,0,0,0,0,0,1,4488000.0,-20.67004,29.128110000000003,0.0,0.0,0.0,NA,0.0,0.0
SCHOOL_897,0,0,0,0,0,0,0,0,0,0,1,2580000.0,-20.666119999999996,29.13203,0.0,0.0,0.0,NA,0.0,0.0
SCHOOL_898,0,0,0,0,0,0,0,0,0,0,1,7368000.0,-20.660609999999995,29.258490000000002,0.0,0.0,0.0,NA,0.0,0.0
SCHOOL_899,0,0,0,0,0,0,0,0,0,0,1,3360000.0,-20.77731,29.46754,0.0,0.0,0.0,NA,0.0,0.0
SCHOOL_900,0,0,0,0,0,0,0,0,0,0,1,6192000.0,-20.76568,29.40276,0.0,0.0,0.0,NA,0.0,0.0
SCHOOL_901,0,0,0,0,0,0,0,0,0,0,1,1956000.0,-20.735989999999997,29.356329999999996,0.0,0.0,0.0,NA,0.0,0.0
SCHOOL_902,0,0,0,0,0,0,0,0,0,0,1,840000.0,-20.733969999999992,29.348,0.0,0.0,0.0,NA,0.0,0.0
SCHOOL_903,0,0,0,0,0,0,0,0,0,0,1,4308000.0,-20.709149999999994,29.43958,0.0,0.0,0.0,NA,0.0,0.0
SCHOOL_904,0,0,0,0,0,0,0,0,0,0,1,4236000.0,-20.70734,29.30852,0.0,0.0,0.0,NA,0.0,0.0
SCHOOL_905,0,0,0,0,0,0,0,0,0,0,1,4260000.0,-20.699749999999998,29.44912,0.0,0.0,0.0,NA,0.0,0.0
SCHOOL_906,0,0,0,0,0,0,0,0,0,0,1,4344000.0,-20.651570000000007,29.303750000000004,0.0,0.0,0.0,NA,0.0,0.0
SCHOOL_907,0,0,0,0,0,0,0,0,0,0,1,3120000.0,-20.608589999999992,29.32217,0.0,0.0,0.0,NA,0.0,0.0
SCHOOL_908,0,0,0,0,0,0,0,0,0,0,1,1560000.0,-20.56083,29.3953,0.0,0.0,0.0,NA,0.0,0.0
SCHOOL_909,0,0,0,0,0,0,0,0,0,0,1,840000.0,-20.744519999999998,29.53879,0.0,0.0,0.0,NA,0.0,0.0
SCHOOL_910,0,0,0,0,0,0,0,0,0,0,1,840000.0,-20.726629999999997,29.59931,0.0,0.0,0.0,NA,0.0,0.0
SCHOOL_911,0,0,0,0,0,0,0,0,0,0,1,3960000.0,-20.71079,29.48125,0.0,0.0,0.0,NA,0.0,0.0
SCHOOL_912,0,0,0,0,0,0,0,0,0,0,1,2148000.0,-20.709359999999997,29.63067,0.0,0.0,0.0,NA,0.0,0.0
SCHOOL_913,0,0,0,0,0,0,0,0,0,0,1,4020000.0,-20.70399,29.59478,0.0,0.0,0.0,NA,0.0,0.0
SCHOOL_914,0,0,0,0,0,0,0,0,0,0,1,3816000.0,-20.697079999999993,29.512780000000003,0.0,0.0,0.0,NA,0.0,0.0
SCHOOL_915,0,0,0,0,0,0,0,0,0,0,1,7344000.0,-20.688469999999995,29.57988,0.0,0.0,0.0,NA,0.0,0.0
SCHOOL_916,0,0,0,0,0,0,0,0,0,0,1,1524000.0,-20.675119999999996,29.648399999999995,0.0,0.0,0.0,NA,0.0,0.0
SCHOOL_917,0,0,0,0,0,0,0,0,0,0,1,10092000.0,-20.612309999999997,29.640630000000005,0.0,0.0,0.0,NA,0.0,0.0
SCHOOL_918,0,0,0,0,0,0,0,0,0,0,1,11076000.0,-20.56155,29.579760000000004,0.0,0.0,0.0,NA,0.0,0.0
SCHOOL_919,0,0,0,0,0,0,0,0,0,0,1,6864000.0,-20.64771,29.26482,0.0,0.0,0.0,NA,0.0,0.0
SCHOOL_920,0,0,0,0,0,0,0,0,0,0,1,3948000.0,-20.646390000000004,29.228020000000004,0.0,0.0,0.0,NA,0.0,0.0
SCHOOL_921,0,0,0,0,0,0,0,0,0,0,1,6024000.0,-20.626540000000002,29.209829999999997,0.0,0.0,0.0,NA,0.0,0.0
SCHOOL_922,0,0,0,0,0,0,0,0,0,0,1,7380000.0,-20.62218,29.16251,0.0,0.0,0.0,NA,0.0,0.0
SCHOOL_923,0,0,0,0,0,0,0,0,0,0,1,5400000.0,-20.5924,29.28794,0.0,0.0,0.0,NA,0.0,0.0
SCHOOL_924,0,0,0,0,0,0,0,0,0,0,1,3576000.0,-20.58653,29.27269,0.0,0.0,0.0,NA,0.0,0.0
SCHOOL_925,0,0,0,0,0,0,0,0,0,0,1,9036000.0,-20.539259999999995,29.2637,0.0,0.0,0.0,NA,0.0,0.0
SCHOOL_926,0,0,0,0,0,0,0,0,0,0,1,2340000.0,-20.49007,29.151129999999995,0.0,0.0,0.0,NA,0.0,0.0
SCHOOL_927,0,0,0,0,0,0,0,0,0,0,1,2796000.0,-20.48308,29.13039,0.0,0.0,0.0,NA,0.0,0.0
SCHOOL_928,0,0,0,0,0,0,0,0,0,0,1,4968000.0,-20.634160000000005,29.003140000000002,0.0,0.0,0.0,NA,0.0,0.0
SCHOOL_929,0,0,0,0,0,0,0,0,0,0,1,3504000.0,-20.62307,29.077909999999996,0.0,0.0,0.0,NA,0.0,0.0
SCHOOL_930,0,0,0,0,0,0,0,0,0,0,1,3696000.0,-20.608829999999998,28.947030000000005,0.0,0.0,0.0,NA,0.0,0.0
SCHOOL_931,0,0,0,0,0,0,0,0,0,0,1,8340000.0,-20.564709999999998,28.994110000000003,0.0,0.0,0.0,NA,0.0,0.0
SCHOOL_932,0,0,0,0,0,0,0,0,0,0,1,11844000.0,-20.531140000000004,28.97644,0.0,0.0,0.0,NA,0.0,0.0
SCHOOL_933,0,0,0,0,0,0,0,0,0,0,1,3132000.0,-20.525130000000004,29.07122,0.0,0.0,0.0,NA,0.0,0.0
SCHOOL_934,0,0,0,0,0,0,0,0,0,0,1,4368000.0,-20.51184999999999,28.993090000000002,0.0,0.0,0.0,NA,0.0,0.0
SCHOOL_935,0,0,0,0,0,0,0,0,0,0,1,1692000.0,-20.509259999999998,29.08146,0.0,0.0,0.0,NA,0.0,0.0
SCHOOL_936,0,0,0,0,0,0,0,0,0,0,1,5100000.0,-20.505199999999995,28.95912,0.0,0.0,0.0,NA,0.0,0.0
SCHOOL_937,0,0,0,0,0,0,0,0,0,0,1,4080000.0,-20.454719999999995,29.03038,0.0,0.0,0.0,NA,0.0,0.0
SCHOOL_938,0,0,0,0,0,0,0,0,0,0,1,2292000.0,-20.70424999999999,28.80439,0.0,0.0,0.0,NA,0.0,0.0
SCHOOL_939,0,0,0,0,0,0,0,0,0,0,1,2172000.0,-20.662040000000008,28.842490000000005,0.0,0.0,0.0,NA,0.0,0.0
SCHOOL_940,0,0,0,0,0,0,0,0,0,0,1,1848000.0,-20.657560000000004,28.78874,0.0,0.0,0.0,NA,0.0,0.0
SCHOOL_941,0,0,0,0,0,0,0,0,0,0,1,5604000.0,-20.63721,28.9023,0.0,0.0,0.0,NA,0.0,0.0
SCHOOL_942,0,0,0,0,0,0,0,0,0,0,1,3048000.0,-20.628399999999996,28.80665,0.0,0.0,0.0,NA,0.0,0.0
SCHOOL_943,0,0,0,0,0,0,0,0,0,0,1,3396000.0,-20.62269999999999,28.804639999999996,0.0,0.0,0.0,NA,0.0,0.0
SCHOOL_944,0,0,0,0,0,0,0,0,0,0,1,3852000.0,-20.581450000000004,28.901299999999996,0.0,0.0,0.0,NA,0.0,0.0
SCHOOL_945,0,0,0,0,0,0,0,0,0,0,1,2724000.0,-20.57542,28.79075,0.0,0.0,0.0,NA,0.0,0.0
SCHOOL_946,0,0,0,0,0,0,0,0,0,0,1,3924000.0,-20.563309999999998,28.906250000000004,0.0,0.0,0.0,NA,0.0,0.0
SCHOOL_947,0,0,0,0,0,0,0,0,0,0,1,2892000.0,-20.540889999999997,28.737330000000004,0.0,0.0,0.0,NA,0.0,0.0
SCHOOL_948,0,0,0,0,0,0,0,0,0,0,1,7272000.0,-20.577429999999996,28.565420000000003,0.0,0.0,0.0,NA,0.0,0.0
SCHOOL_949,0,0,0,0,0,0,0,0,0,0,1,3456000.0,-20.567339999999998,28.560200000000002,0.0,0.0,0.0,NA,0.0,0.0
SCHOOL_950,0,0,0,0,0,0,0,0,0,0,1,5724000.0,-20.56582999999999,28.59511,0.0,0.0,0.0,NA,0.0,0.0
SCHOOL_951,0,0,0,0,0,0,0,0,0,0,1,2784000.0,-20.50732,28.69554,0.0,0.0,0.0,NA,0.0,0.0
SCHOOL_952,0,0,0,0,0,0,0,0,0,0,1,3828000.0,-20.471179999999997,28.62268,0.0,0.0,0.0,NA,0.0,0.0
SCHOOL_953,0,0,0,0,0,0,0,0,0,0,1,4044000.0,-20.464329999999997,28.57226,0.0,0.0,0.0,NA,0.0,0.0
SCHOOL_954,0,0,0,0,0,0,0,0,0,0,1,4464000.0,-20.450490000000006,28.604910000000004,0.0,0.0,0.0,NA,0.0,0.0
SCHOOL_955,0,0,0,0,0,0,0,0,0,0,1,5496000.0,-20.441099999999988,28.65704,0.0,0.0,0.0,NA,0.0,0.0
SCHOOL_956,0,0,0,0,0,0,0,0,0,0,1,4224000.0,-20.405729999999995,28.59287,0.0,0.0,0.0,NA,0.0,0.0
SCHOOL_957,0,0,0,0,0,0,0,0,0,0,1,840000.0,-20.40234,28.67785,0.0,0.0,0.0,NA,0.0,0.0
SCHOOL_958,0,0,0,0,0,0,0,0,0,0,1,3096000.0,-20.53697,28.873230000000003,0.0,0.0,0.0,NA,0.0,0.0
SCHOOL_959,0,0,0,0,0,0,0,0,0,0,1,5628000.0,-20.530899999999995,28.783109999999997,0.0,0.0,0.0,NA,0.0,0.0
SCHOOL_960,0,0,0,0,0,0,0,0,0,0,1,4944000.0,-20.52498,28.780350000000002,0.0,0.0,0.0,NA,0.0,0.0
SCHOOL_961,0,0,0,0,0,0,0,0,0,0,1,2388000.0,-20.470759999999995,28.858220000000003,0.0,0.0,0.0,NA,0.0,0.0
SCHOOL_962,0,0,0,0,0,0,0,0,0,0,1,4296000.0,-20.470299999999995,28.84482,0.0,0.0,0.0,NA,0.0,0.0
SCHOOL_963,0,0,0,0,0,0,0,0,0,0,2,17916000.0,-20.46612500000966,28.728984999987908,0.0,0.0,0.0,NA,0.0,0.0
SCHOOL_964,0,0,0,0,0,0,0,0,0,0,1,708000.0,-20.45815,28.729610000000005,0.0,0.0,0.0,NA,0.0,0.0
SCHOOL_965,0,0,0,0,0,0,0,0,0,0,1,3408000.0,-20.442659999999997,28.899089999999998,0.0,0.0,0.0,NA,0.0,0.0
SCHOOL_966,0,0,0,0,0,0,0,0,0,0,1,6096000.0,-20.400499999999997,28.7883,0.0,0.0,0.0,NA,0.0,0.0
SCHOOL_967,0,0,0,0,0,0,0,0,0,0,1,6612000.0,-20.622299999999996,28.47946,0.0,0.0,0.0,NA,0.0,0.0
SCHOOL_968,0,0,0,0,0,0,0,0,0,0,1,2928000.0,-20.59088,28.34199,0.0,0.0,0.0,NA,0.0,0.0
SCHOOL_969,0,0,0,0,0,0,0,0,0,0,1,7128000.0,-20.578669999999995,28.31756,0.0,0.0,0.0,NA,0.0,0.0
SCHOOL_970,0,0,0,0,0,0,0,0,0,0,1,2508000.0,-20.451209999999996,28.36565,0.0,0.0,0.0,NA,0.0,0.0
SCHOOL_971,0,0,0,0,0,0,0,0,0,0,1,3780000.0,-20.367019999999993,28.31483,0.0,0.0,0.0,NA,0.0,0.0
SCHOOL_972,0,0,0,0,0,0,0,0,0,0,1,6852000.0,-20.336099999999995,28.41214,0.0,0.0,0.0,NA,0.0,0.0
SCHOOL_973,0,0,0,0,0,0,0,0,0,0,1,1908000.0,-20.308900000000005,28.38457,0.0,0.0,0.0,NA,0.0,0.0
SCHOOL_974,0,0,0,0,0,0,0,0,0,0,2,2016000.0,-20.281770000005164,28.46178500001159,0.0,0.0,0.0,NA,0.0,0.0
SCHOOL_975,0,0,0,0,0,0,0,0,0,0,1,7248000.0,-20.42016,28.944209999999998,0.0,0.0,0.0,NA,0.0,0.0
SCHOOL_976,0,0,0,0,0,0,0,0,0,0,1,12000000.0,-20.399270000000005,28.98464,0.0,0.0,0.0,NA,0.0,0.0
SCHOOL_977,0,0,0,0,0,0,0,0,0,0,1,5208000.0,-20.388000000000005,28.9864,0.0,0.0,0.0,NA,0.0,0.0
SCHOOL_978,0,0,0,0,0,0,0,0,0,0,1,8604000.0,-20.38697,28.910340000000005,0.0,0.0,0.0,NA,0.0,0.0
SCHOOL_979,0,0,0,0,0,0,0,0,0,0,1,4992000.0,-20.3624,28.973790000000005,0.0,0.0,0.0,NA,0.0,0.0
SCHOOL_980,0,0,0,0,0,0,0,0,0,0,1,1908000.0,-20.33935,28.92066,0.0,0.0,0.0,NA,0.0,0.0
SCHOOL_981,0,0,0,0,0,0,0,0,0,0,1,5052000.0,-20.330170000000003,28.946600000000004,0.0,0.0,0.0,NA,0.0,0.0
SCHOOL_982,0,0,0,0,0,0,0,0,0,0,1,2136000.0,-20.31519,29.08452,0.0,0.0,0.0,NA,0.0,0.0
SCHOOL_983,0,0,0,0,0,0,0,0,0,0,1,9756000.0,-20.308339999999994,28.961140000000004,0.0,0.0,0.0,NA,0.0,0.0
SCHOOL_984,0,0,0,0,0,0,0,0,0,0,1,5832000.0,-20.299689999999995,28.95052,0.0,0.0,0.0,NA,0.0,0.0
SCHOOL_985,0,0,0,0,0,0,0,0,0,0,1,4764000.0,-20.394489999999998,28.90292,0.0,0.0,0.0,NA,0.0,0.0
SCHOOL_986,0,0,0,0,0,0,0,0,0,0,1,3372000.0,-20.391489999999997,28.8364,0.0,0.0,0.0,NA,0.0,0.0
SCHOOL_987,0,0,0,0,0,0,0,0,0,0,1,2208000.0,-20.384670000000003,28.84332,0.0,0.0,0.0,NA,0.0,0.0
SCHOOL_988,0,0,0,0,0,0,0,0,0,0,1,2904000.0,-20.367139999999992,28.86172,0.0,0.0,0.0,NA,0.0,0.0
SCHOOL_989,0,0,0,0,0,0,0,0,0,0,1,3480000.0,-20.348079999999992,28.82034,0.0,0.0,0.0,NA,0.0,0.0
SCHOOL_990,0,0,0,0,0,0,0,0,0,0,1,4620000.0,-20.33263000000001,28.90289,0.0,0.0,0.0,NA,0.0,0.0
SCHOOL_991,0,0,0,0,0,0,0,0,0,0,1,2244000.0,-20.31318,28.822960000000002,0.0,0.0,0.0,NA,0.0,0.0
SCHOOL_992,0,0,0,0,0,0,0,0,0,0,1,4152000.0,-20.294949999999996,28.793379999999996,0.0,0.0,0.0,NA,0.0,0.0
SCHOOL_993,0,0,0,0,0,0,0,0,0,0,1,9420000.0,-20.293249999999997,28.78618,0.0,0.0,0.0,NA,0.0,0.0
SCHOOL_994,0,0,0,0,0,0,0,0,0,0,1,1992000.0,-20.25561,28.87929,0.0,0.0,0.0,NA,0.0,0.0
SCHOOL_995,0,0,0,0,0,0,0,0,0,0,1,1872000.0,-20.381390000000003,28.50083,0.0,0.0,0.0,NA,0.0,0.0
SCHOOL_996,0,0,0,0,0,0,0,0,0,0,1,1476000.0,-20.37781,28.50628,0.0,0.0,0.0,NA,0.0,0.0
SCHOOL_997,0,0,0,0,0,0,0,0,0,0,1,1224000.0,-20.35209999999999,28.518260000000005,0.0,0.0,0.0,NA,0.0,0.0
SCHOOL_998,0,0,0,0,0,0,0,0,0,0,2,14040000.0,-20.261530000379096,28.658385000704428,0.0,0.0,0.0,NA,0.0,0.0
SCHOOL_999,0,0,0,0,0,0,0,0,0,0,1,4404000.0,-20.25916,28.49851,0.0,0.0,0.0,NA,0.0,0.0
SCHOOL_1000,0,0,0,0,0,0,0,0,0,0,1,4536000.0,-20.243979999999993,28.68937,0.0,0.0,0.0,NA,0.0,0.0
SCHOOL_1001,0,0,0,0,0,0,0,0,0,0,1,10380000.0,-22.113719999999997,29.59146,0.0,0.0,0.0,NA,0.0,0.0
SCHOOL_1002,0,0,0,0,0,0,0,0,0,0,1,3192000.0,-22.331249999999997,31.10504,0.0,0.0,0.0,NA,0.0,0.0
SCHOOL_1003,0,0,0,0,0,0,0,0,0,0,1,2928000.0,-22.303749999999994,31.150460000000002,0.0,0.0,0.0,NA,0.0,0.0
SCHOOL_1004,0,0,0,0,0,0,0,0,0,0,1,3324000.0,-22.268349999999998,31.23136,0.0,0.0,0.0,NA,0.0,0.0
SCHOOL_1005,0,0,0,0,0,0,0,0,0,0,1,1932000.0,-22.223049999999997,31.16548,0.0,0.0,0.0,NA,0.0,0.0
SCHOOL_1006,0,0,0,0,0,0,0,0,0,0,1,3096000.0,-22.178379999999994,31.197439999999997,0.0,0.0,0.0,NA,0.0,0.0
SCHOOL_1007,0,0,0,0,0,0,0,0,0,0,1,3108000.0,-22.14845,31.225079999999995,0.0,0.0,0.0,NA,0.0,0.0
SCHOOL_1008,0,0,0,0,0,0,0,0,0,0,1,5532000.0,-22.131420000000002,31.12535,0.0,0.0,0.0,NA,0.0,0.0
SCHOOL_1009,0,0,0,0,0,0,0,0,0,0,1,2916000.0,-22.102359999999997,31.1478,0.0,0.0,0.0,NA,0.0,0.0
SCHOOL_1010,0,0,0,0,0,0,0,0,0,0,1,4044000.0,-21.997460000000004,31.06388,0.0,0.0,0.0,NA,0.0,0.0
SCHOOL_1011,0,0,0,0,0,0,0,0,0,0,1,3012000.0,-21.488279999999996,31.088279999999997,0.0,0.0,0.0,NA,0.0,0.0
SCHOOL_1012,0,0,0,0,0,0,0,0,0,0,1,6396000.0,-21.159659999999995,31.0259,0.0,0.0,0.0,NA,0.0,0.0
SCHOOL_1013,0,0,0,0,0,0,0,0,0,0,1,7656000.0,-21.095730000000003,31.059910000000002,0.0,0.0,0.0,NA,0.0,0.0
SCHOOL_1014,0,0,0,0,0,0,0,0,0,0,1,8772000.0,-20.931700000000003,31.002680000000005,0.0,0.0,0.0,NA,0.0,0.0
SCHOOL_1015,0,0,0,0,0,0,0,0,0,0,1,4944000.0,-20.893410000000006,31.086230000000004,0.0,0.0,0.0,NA,0.0,0.0
SCHOOL_1016,0,0,0,0,0,0,0,0,0,0,1,3396000.0,-22.235789999999994,30.956440000000004,0.0,0.0,0.0,NA,0.0,0.0
SCHOOL_1017,0,0,0,0,0,0,0,0,0,0,1,2592000.0,-22.141630000000003,30.903130000000004,0.0,0.0,0.0,NA,0.0,0.0
SCHOOL_1018,0,0,0,0,0,0,0,0,0,0,1,5592000.0,-21.29598,30.94384,0.0,0.0,0.0,NA,0.0,0.0
SCHOOL_1019,0,0,0,0,0,0,0,0,0,0,1,7044000.0,-21.12064999999999,30.89571,0.0,0.0,0.0,NA,0.0,0.0
SCHOOL_1020,0,0,0,0,0,0,0,0,0,0,1,1428000.0,-21.053409999999996,30.89741,0.0,0.0,0.0,NA,0.0,0.0
SCHOOL_1021,0,0,0,0,0,0,0,0,0,0,1,5796000.0,-21.04605,30.955830000000002,0.0,0.0,0.0,NA,0.0,0.0
SCHOOL_1022,0,0,0,0,0,0,0,0,0,0,1,5244000.0,-22.204879999999992,30.16062,0.0,0.0,0.0,NA,0.0,0.0
SCHOOL_1023,0,0,0,0,0,0,0,0,0,0,1,3108000.0,-22.160220000000002,30.076509999999995,0.0,0.0,0.0,NA,0.0,0.0
SCHOOL_1024,0,0,0,0,0,0,0,0,0,0,1,8724000.0,-22.109609999999996,30.071179999999995,0.0,0.0,0.0,NA,0.0,0.0
SCHOOL_1025,0,0,0,0,0,0,0,0,0,0,1,12000000.0,-22.06481,30.10501,0.0,0.0,0.0,NA,0.0,0.0
SCHOOL_1026,0,0,0,0,0,0,0,0,0,0,1,8568000.0,-22.004940000000005,30.10586,0.0,0.0,0.0,NA,0.0,0.0
SCHOOL_1027,0,0,0,0,0,0,0,0,0,0,1,1080000.0,-22.17948,30.28693,0.0,0.0,0.0,NA,0.0,0.0
SCHOOL_1028,0,0,0,0,0,0,0,0,0,0,1,3012000.0,-22.107929999999996,30.27781,0.0,0.0,0.0,NA,0.0,0.0
SCHOOL_1029,0,0,0,0,0,0,0,0,0,0,1,6684000.0,-22.105819999999994,30.20038,0.0,0.0,0.0,NA,0.0,0.0
SCHOOL_1030,0,0,0,0,0,0,0,0,0,0,1,4644000.0,-22.084059999999997,30.20338,0.0,0.0,0.0,NA,0.0,0.0
SCHOOL_1031,0,0,0,0,0,0,0,0,0,0,1,7104000.0,-22.02528,30.182930000000002,0.0,0.0,0.0,NA,0.0,0.0
SCHOOL_1032,0,0,0,0,0,0,0,0,0,0,1,6972000.0,-21.885770000000004,30.265420000000002,0.0,0.0,0.0,NA,0.0,0.0
SCHOOL_1033,0,0,0,0,0,0,0,0,0,0,1,1176000.0,-21.814019999999996,30.281980000000004,0.0,0.0,0.0,NA,0.0,0.0
SCHOOL_1034,0,0,0,0,0,0,0,0,0,0,1,7368000.0,-21.438129999999994,30.25033,0.0,0.0,0.0,NA,0.0,0.0
SCHOOL_1035,0,0,0,0,0,0,0,0,0,0,1,11448000.0,-21.232579999999995,30.18385,0.0,0.0,0.0,NA,0.0,0.0
SCHOOL_1036,0,0,0,0,0,0,0,0,0,0,1,6240000.0,-21.228030000000004,30.189750000000004,0.0,0.0,0.0,NA,0.0,0.0
SCHOOL_1037,0,0,0,0,0,0,0,0,0,0,1,5364000.0,-21.18292,30.297670000000004,0.0,0.0,0.0,NA,0.0,0.0
SCHOOL_1038,0,0,0,0,0,0,0,0,0,0,1,2412000.0,-21.169749999999993,30.209859999999995,0.0,0.0,0.0,NA,0.0,0.0
SCHOOL_1039,0,0,0,0,0,0,0,0,0,0,1,3612000.0,-21.12884,30.17903,0.0,0.0,0.0,NA,0.0,0.0
SCHOOL_1040,0,0,0,0,0,0,0,0,0,0,1,2172000.0,-21.103930000000002,30.214779999999998,0.0,0.0,0.0,NA,0.0,0.0
SCHOOL_1041,0,0,0,0,0,0,0,0,0,0,1,5772000.0,-21.091099999999997,30.2147,0.0,0.0,0.0,NA,0.0,0.0
SCHOOL_1042,0,0,0,0,0,0,0,0,0,0,1,3132000.0,-21.900600000000004,30.151400000000002,0.0,0.0,0.0,NA,0.0,0.0
SCHOOL_1043,0,0,0,0,0,0,0,0,0,0,1,4308000.0,-21.83015,30.08229,0.0,0.0,0.0,NA,0.0,0.0
SCHOOL_1044,0,0,0,0,0,0,0,0,0,0,1,3864000.0,-21.51430999999999,30.137780000000003,0.0,0.0,0.0,NA,0.0,0.0
SCHOOL_1045,0,0,0,0,0,0,0,0,0,0,1,2076000.0,-21.21978,30.064430000000005,0.0,0.0,0.0,NA,0.0,0.0
SCHOOL_1046,0,0,0,0,0,0,0,0,0,0,1,9972000.0,-21.194380000000002,30.13302,0.0,0.0,0.0,NA,0.0,0.0
SCHOOL_1047,0,0,0,0,0,0,0,0,0,0,1,5604000.0,-21.15449,30.08842,0.0,0.0,0.0,NA,0.0,0.0
SCHOOL_1048,0,0,0,0,0,0,0,0,0,0,1,11484000.0,-21.153570000000002,30.097310000000004,0.0,0.0,0.0,NA,0.0,0.0
SCHOOL_1049,0,0,0,0,0,0,0,0,0,0,1,4200000.0,-21.110909999999997,30.07955,0.0,0.0,0.0,NA,0.0,0.0
SCHOOL_1050,0,0,0,0,0,0,0,0,0,0,1,5892000.0,-21.057,30.12269,0.0,0.0,0.0,NA,0.0,0.0
SCHOOL_1051,0,0,0,0,0,0,0,0,0,0,1,6120000.0,-21.044080000000005,30.061779999999995,0.0,0.0,0.0,NA,0.0,0.0
SCHOOL_1052,0,0,0,0,0,0,0,0,0,0,1,6624000.0,-21.208859999999998,30.34156,0.0,0.0,0.0,NA,0.0,0.0
SCHOOL_1053,0,0,0,0,0,0,0,0,0,0,1,7980000.0,-21.204669999999993,30.399950000000004,0.0,0.0,0.0,NA,0.0,0.0
SCHOOL_1054,0,0,0,0,0,0,0,0,0,0,1,2160000.0,-21.202440000000003,30.400509999999997,0.0,0.0,0.0,NA,0.0,0.0
SCHOOL_1055,0,0,0,0,0,0,0,0,0,0,1,7968000.0,-21.196150000000006,30.350200000000005,0.0,0.0,0.0,NA,0.0,0.0
SCHOOL_1056,0,0,0,0,0,0,0,0,0,0,2,8580000.0,-21.15221,30.328009999999995,0.0,0.0,0.0,NA,0.0,0.0
SCHOOL_1057,0,0,0,0,0,0,0,0,0,0,1,1260000.0,-21.140060000000002,30.397750000000002,0.0,0.0,0.0,NA,0.0,0.0
SCHOOL_1058,0,0,0,0,0,0,0,0,0,0,1,5988000.0,-21.12417,30.41553,0.0,0.0,0.0,NA,0.0,0.0
SCHOOL_1059,0,0,0,0,0,0,0,0,0,0,1,3396000.0,-21.089709999999986,30.370399999999997,0.0,0.0,0.0,NA,0.0,0.0
SCHOOL_1060,0,0,0,0,0,0,0,0,0,0,1,5088000.0,-21.076100000000004,30.301140000000004,0.0,0.0,0.0,NA,0.0,0.0
SCHOOL_1061,0,0,0,0,0,0,0,0,0,0,1,8760000.0,-22.045729999999995,30.51563,0.0,0.0,0.0,NA,0.0,0.0
SCHOOL_1062,0,0,0,0,0,0,0,0,0,0,1,6120000.0,-22.028929999999995,30.49904,0.0,0.0,0.0,NA,0.0,0.0
SCHOOL_1063,0,0,0,0,0,0,0,0,0,0,1,6516000.0,-21.896839999999997,30.557140000000004,0.0,0.0,0.0,NA,0.0,0.0
SCHOOL_1064,0,0,0,0,0,0,0,0,0,0,1,1212000.0,-21.827519999999993,30.446400000000004,0.0,0.0,0.0,NA,0.0,0.0
SCHOOL_1065,0,0,0,0,0,0,0,0,0,0,1,1236000.0,-21.715630000000008,30.492430000000002,0.0,0.0,0.0,NA,0.0,0.0
SCHOOL_1066,0,0,0,0,0,0,0,0,0,0,1,7908000.0,-21.65215,30.4774,0.0,0.0,0.0,NA,0.0,0.0
SCHOOL_1067,0,0,0,0,0,0,0,0,0,0,1,1632000.0,-21.401179999999997,30.570520000000002,0.0,0.0,0.0,NA,0.0,0.0
SCHOOL_1068,0,0,0,0,0,0,0,0,0,0,1,792000.0,-21.30151,30.52494,0.0,0.0,0.0,NA,0.0,0.0
SCHOOL_1069,0,0,0,0,0,0,0,0,0,0,1,2640000.0,-22.224600000000006,30.80169,0.0,0.0,0.0,NA,0.0,0.0
SCHOOL_1070,0,0,0,0,0,0,0,0,0,0,1,5952000.0,-22.17044999999999,30.79604,0.0,0.0,0.0,NA,0.0,0.0
SCHOOL_1071,0,0,0,0,0,0,0,0,0,0,1,4500000.0,-21.416809999999998,30.72678,0.0,0.0,0.0,NA,0.0,0.0
SCHOOL_1072,0,0,0,0,0,0,0,0,0,0,1,2184000.0,-21.406450000000003,30.804809999999996,0.0,0.0,0.0,NA,0.0,0.0
SCHOOL_1073,0,0,0,0,0,0,0,0,0,0,1,9648000.0,-21.33288,30.737230000000004,0.0,0.0,0.0,NA,0.0,0.0
SCHOOL_1074,0,0,0,0,0,0,0,0,0,0,1,9924000.0,-21.242800000000003,30.732309999999995,0.0,0.0,0.0,NA,0.0,0.0
SCHOOL_1075,0,0,0,0,0,0,0,0,0,0,1,9480000.0,-21.241160000000004,30.75498,0.0,0.0,0.0,NA,0.0,0.0
SCHOOL_1076,0,0,0,0,0,0,0,0,0,0,1,4980000.0,-22.209349999999993,30.403450000000003,0.0,0.0,0.0,NA,0.0,0.0
SCHOOL_1077,0,0,0,0,0,0,0,0,0,0,1,6504000.0,-22.186349999999997,30.43322,0.0,0.0,0.0,NA,0.0,0.0
SCHOOL_1078,0,0,0,0,0,0,0,0,0,0,1,3276000.0,-22.075959999999995,30.366589999999995,0.0,0.0,0.0,NA,0.0,0.0
SCHOOL_1079,0,0,0,0,0,0,0,0,0,0,1,2880000.0,-21.612860000000005,30.404909999999997,0.0,0.0,0.0,NA,0.0,0.0
SCHOOL_1080,0,0,0,0,0,0,0,0,0,0,1,5988000.0,-21.603779999999993,30.386799999999997,0.0,0.0,0.0,NA,0.0,0.0
SCHOOL_1081,0,0,0,0,0,0,0,0,0,0,1,1212000.0,-21.582439999999995,30.39473,0.0,0.0,0.0,NA,0.0,0.0
SCHOOL_1082,0,0,0,0,0,0,0,0,0,0,1,4896000.0,-21.462650000000004,30.4027,0.0,0.0,0.0,NA,0.0,0.0
SCHOOL_1083,0,0,0,0,0,0,0,0,0,0,1,6480000.0,-21.45941,30.357430000000004,0.0,0.0,0.0,NA,0.0,0.0
SCHOOL_1084,0,0,0,0,0,0,0,0,0,0,1,6756000.0,-21.406229999999997,30.37826,0.0,0.0,0.0,NA,0.0,0.0
SCHOOL_1085,0,0,0,0,0,0,0,0,0,0,1,4896000.0,-21.221149999999994,30.41919,0.0,0.0,0.0,NA,0.0,0.0
SCHOOL_1086,0,0,0,0,0,0,0,0,0,0,1,3840000.0,-22.160539999999997,30.710900000000002,0.0,0.0,0.0,NA,0.0,0.0
SCHOOL_1087,0,0,0,0,0,0,0,0,0,0,1,5496000.0,-22.14987,30.637780000000003,0.0,0.0,0.0,NA,0.0,0.0
SCHOOL_1088,0,0,0,0,0,0,0,0,0,0,1,8868000.0,-22.078640000000004,30.65911,0.0,0.0,0.0,NA,0.0,0.0
SCHOOL_1089,0,0,0,0,0,0,0,0,0,0,1,2616000.0,-22.007399999999993,30.5789,0.0,0.0,0.0,NA,0.0,0.0
SCHOOL_1090,0,0,0,0,0,0,0,0,0,0,1,5196000.0,-21.440699999999993,30.670529999999996,0.0,0.0,0.0,NA,0.0,0.0
SCHOOL_1091,0,0,0,0,0,0,0,0,0,0,1,7872000.0,-21.416299999999996,30.58718,0.0,0.0,0.0,NA,0.0,0.0
SCHOOL_1092,0,0,0,0,0,0,0,0,0,0,1,4344000.0,-21.272529999999996,30.6746,0.0,0.0,0.0,NA,0.0,0.0
SCHOOL_1093,0,0,0,0,0,0,0,0,0,0,1,1944000.0,-21.23276,30.67451,0.0,0.0,0.0,NA,0.0,0.0
SCHOOL_1094,0,0,0,0,0,0,0,0,0,0,1,5400000.0,-21.231579999999997,30.6723,0.0,0.0,0.0,NA,0.0,0.0
SCHOOL_1095,0,0,0,0,0,0,0,0,0,0,1,3492000.0,-21.20309,30.647739999999995,0.0,0.0,0.0,NA,0.0,0.0
SCHOOL_1096,0,0,0,0,0,0,0,0,0,0,1,5136000.0,-21.289739999999995,30.53715,0.0,0.0,0.0,NA,0.0,0.0
SCHOOL_1097,0,0,0,0,0,0,0,0,0,0,1,1152000.0,-21.247219999999995,30.53526,0.0,0.0,0.0,NA,0.0,0.0
SCHOOL_1098,0,0,0,0,0,0,0,0,0,0,1,8604000.0,-21.22788,30.52966,0.0,0.0,0.0,NA,0.0,0.0
SCHOOL_1099,0,0,0,0,0,0,0,0,0,0,1,4128000.0,-21.189710000000005,30.5206,0.0,0.0,0.0,NA,0.0,0.0
SCHOOL_1100,0,0,0,0,0,0,0,0,0,0,1,8472000.0,-21.1846,30.548589999999997,0.0,0.0,0.0,NA,0.0,0.0
SCHOOL_1101,0,0,0,0,0,0,0,0,0,0,1,5988000.0,-21.135099999999994,30.44831,0.0,0.0,0.0,NA,0.0,0.0
SCHOOL_1102,0,0,0,0,0,0,0,0,0,0,1,6408000.0,-21.112999999999992,30.530970000000003,0.0,0.0,0.0,NA,0.0,0.0
SCHOOL_1103,0,0,0,0,0,0,0,0,0,0,1,3552000.0,-21.073259999999994,30.4875,0.0,0.0,0.0,NA,0.0,0.0
SCHOOL_1104,0,0,0,0,0,0,0,0,0,0,1,8424000.0,-21.040059999999993,30.51872,0.0,0.0,0.0,NA,0.0,0.0
SCHOOL_1105,0,0,0,0,0,0,0,0,0,0,1,7356000.0,-21.030929999999998,30.457840000000004,0.0,0.0,0.0,NA,0.0,0.0
SCHOOL_1106,0,0,0,0,0,0,0,0,0,0,1,2472000.0,-21.2315,30.79205,0.0,0.0,0.0,NA,0.0,0.0
SCHOOL_1107,0,0,0,0,0,0,0,0,0,0,1,5040000.0,-21.228079999999995,30.794060000000005,0.0,0.0,0.0,NA,0.0,0.0
SCHOOL_1108,0,0,0,0,0,0,0,0,0,0,1,4200000.0,-21.17223,30.84146,0.0,0.0,0.0,NA,0.0,0.0
SCHOOL_1109,0,0,0,0,0,0,0,0,0,0,1,3612000.0,-21.16047999999999,30.757880000000004,0.0,0.0,0.0,NA,0.0,0.0
SCHOOL_1110,0,0,0,0,0,0,0,0,0,0,1,3252000.0,-21.13564999999999,30.845709999999997,0.0,0.0,0.0,NA,0.0,0.0
SCHOOL_1111,0,0,0,0,0,0,0,0,0,0,1,3624000.0,-21.103909999999996,30.7828,0.0,0.0,0.0,NA,0.0,0.0
SCHOOL_1112,0,0,0,0,0,0,0,0,0,0,1,3900000.0,-21.083429999999993,30.73471,0.0,0.0,0.0,NA,0.0,0.0
SCHOOL_1113,0,0,0,0,0,0,0,0,0,0,1,2880000.0,-21.083350000000003,30.85013,0.0,0.0,0.0,NA,0.0,0.0
SCHOOL_1114,0,0,0,0,0,0,0,0,0,0,1,3948000.0,-21.190340000000003,30.590679999999995,0.0,0.0,0.0,NA,0.0,0.0
SCHOOL_1115,0,0,0,0,0,0,0,0,0,0,1,3960000.0,-21.15176,30.692079999999997,0.0,0.0,0.0,NA,0.0,0.0
SCHOOL_1116,0,0,0,0,0,0,0,0,0,0,1,3588000.0,-21.133759999999995,30.65373,0.0,0.0,0.0,NA,0.0,0.0
SCHOOL_1117,0,0,0,0,0,0,0,0,0,0,1,1992000.0,-21.123899999999995,30.692449999999997,0.0,0.0,0.0,NA,0.0,0.0
SCHOOL_1118,0,0,0,0,0,0,0,0,0,0,1,8772000.0,-21.116899999999998,30.582290000000004,0.0,0.0,0.0,NA,0.0,0.0
SCHOOL_1119,0,0,0,0,0,0,0,0,0,0,1,4692000.0,-21.101029999999998,30.575850000000003,0.0,0.0,0.0,NA,0.0,0.0
SCHOOL_1120,0,0,0,0,0,0,0,0,0,0,1,5484000.0,-21.07991,30.66365,0.0,0.0,0.0,NA,0.0,0.0
SCHOOL_1121,0,0,0,0,0,0,0,0,0,0,1,6996000.0,-21.072929999999996,30.60167,0.0,0.0,0.0,NA,0.0,0.0
SCHOOL_1122,0,0,0,0,0,0,0,0,0,0,1,4248000.0,-21.01143,30.65573,0.0,0.0,0.0,NA,0.0,0.0
SCHOOL_1123,0,0,0,0,0,0,0,0,0,0,1,8460000.0,-21.009119999999992,30.579140000000002,0.0,0.0,0.0,NA,0.0,0.0
SCHOOL_1124,0,0,0,0,0,0,0,0,0,0,1,12000000.0,-22.212019999999992,29.9694,0.0,0.0,0.0,NA,0.0,0.0
SCHOOL_1125,0,0,0,0,0,0,0,0,0,0,1,12000000.0,-22.20788,30.01146,0.0,0.0,0.0,NA,0.0,0.0
SCHOOL_1126,0,0,0,0,0,0,0,0,0,0,1,1956000.0,-22.020670000000003,29.85718,0.0,0.0,0.0,NA,0.0,0.0
SCHOOL_1127,0,0,0,0,0,0,0,0,0,0,1,6480000.0,-21.991450000000004,29.928010000000004,0.0,0.0,0.0,NA,0.0,0.0
SCHOOL_1128,0,0,0,0,0,0,0,0,0,0,1,2208000.0,-21.61841999999999,29.817030000000003,0.0,0.0,0.0,NA,0.0,0.0
SCHOOL_1129,0,0,0,0,0,0,0,0,0,0,1,840000.0,-21.483860000000007,29.823230000000002,0.0,0.0,0.0,NA,0.0,0.0
SCHOOL_1130,0,0,0,0,0,0,0,0,0,0,1,5268000.0,-21.98454,29.77146,0.0,0.0,0.0,NA,0.0,0.0
SCHOOL_1131,0,0,0,0,0,0,0,0,0,0,1,4596000.0,-21.57074,29.7084,0.0,0.0,0.0,NA,0.0,0.0
SCHOOL_1132,0,0,0,0,0,0,0,0,0,0,1,5652000.0,-21.51638000000001,29.73498,0.0,0.0,0.0,NA,0.0,0.0
SCHOOL_1133,0,0,0,0,0,0,0,0,0,0,1,4200000.0,-21.08362,29.714819999999996,0.0,0.0,0.0,NA,0.0,0.0
SCHOOL_1134,0,0,0,0,0,0,0,0,0,0,1,5136000.0,-21.001740000000005,29.779940000000003,0.0,0.0,0.0,NA,0.0,0.0
SCHOOL_1135,0,0,0,0,0,0,0,0,0,0,1,4716000.0,-20.983259999999998,29.728930000000002,0.0,0.0,0.0,NA,0.0,0.0
SCHOOL_1136,0,0,0,0,0,0,0,0,0,0,1,10536000.0,-20.98269,29.68125,0.0,0.0,0.0,NA,0.0,0.0
SCHOOL_1137,0,0,0,0,0,0,0,0,0,0,1,6276000.0,-20.979660000000003,29.67082,0.0,0.0,0.0,NA,0.0,0.0
SCHOOL_1138,0,0,0,0,0,0,0,0,0,0,1,8940000.0,-22.131069999999998,29.93709,0.0,0.0,0.0,NA,0.0,0.0
SCHOOL_1139,0,0,0,0,0,0,0,0,0,0,1,12000000.0,-22.093999999999998,29.96453,0.0,0.0,0.0,NA,0.0,0.0
SCHOOL_1140,0,0,0,0,0,0,0,0,0,0,1,5328000.0,-22.08843,30.05962,0.0,0.0,0.0,NA,0.0,0.0
SCHOOL_1141,0,0,0,0,0,0,0,0,0,0,1,6360000.0,-22.05687,30.03573,0.0,0.0,0.0,NA,0.0,0.0
SCHOOL_1142,0,0,0,0,0,0,0,0,0,0,1,2088000.0,-21.846009999999996,29.99428,0.0,0.0,0.0,NA,0.0,0.0
SCHOOL_1143,0,0,0,0,0,0,0,0,0,0,2,14580000.0,-21.555430000000005,30.023010000000003,0.0,0.0,0.0,NA,0.0,0.0
SCHOOL_1144,0,0,0,0,0,0,0,0,0,0,1,5772000.0,-21.277229999999996,29.974660000000004,0.0,0.0,0.0,NA,0.0,0.0
SCHOOL_1145,0,0,0,0,0,0,0,0,0,0,1,684000.0,-21.453150000000004,29.9022,0.0,0.0,0.0,NA,0.0,0.0
SCHOOL_1146,0,0,0,0,0,0,0,0,0,0,1,3516000.0,-21.160449999999997,29.855980000000002,0.0,0.0,0.0,NA,0.0,0.0
SCHOOL_1147,0,0,0,0,0,0,0,0,0,0,1,2352000.0,-21.13173,29.861280000000004,0.0,0.0,0.0,NA,0.0,0.0
SCHOOL_1148,0,0,0,0,0,0,0,0,0,0,1,6708000.0,-21.13015,29.914250000000003,0.0,0.0,0.0,NA,0.0,0.0
SCHOOL_1149,0,0,0,0,0,0,0,0,0,0,1,5064000.0,-21.09376,29.8413,0.0,0.0,0.0,NA,0.0,0.0
SCHOOL_1150,0,0,0,0,0,0,0,0,0,0,1,5100000.0,-21.057699999999993,29.81708,0.0,0.0,0.0,NA,0.0,0.0
SCHOOL_1151,0,0,0,0,0,0,0,0,0,0,1,4044000.0,-21.030749999999994,29.882900000000003,0.0,0.0,0.0,NA,0.0,0.0
SCHOOL_1152,0,0,0,0,0,0,0,0,0,0,2,13860000.0,-21.002625000853108,29.93374500236244,0.0,0.0,0.0,NA,0.0,0.0
SCHOOL_1153,0,0,0,0,0,0,0,0,0,0,1,10428000.0,-20.92956,29.80259,0.0,0.0,0.0,NA,0.0,0.0
SCHOOL_1154,0,0,0,0,0,0,0,0,0,0,1,9060000.0,-21.226920000000003,30.06135,0.0,0.0,0.0,NA,0.0,0.0
SCHOOL_1155,0,0,0,0,0,0,0,0,0,0,1,6252000.0,-21.15048,30.01071,0.0,0.0,0.0,NA,0.0,0.0
SCHOOL_1156,0,0,0,0,0,0,0,0,0,0,1,1548000.0,-21.121629999999996,29.999,0.0,0.0,0.0,NA,0.0,0.0
SCHOOL_1157,0,0,0,0,0,0,0,0,0,0,1,6372000.0,-21.070549999999997,29.975999999999996,0.0,0.0,0.0,NA,0.0,0.0
SCHOOL_1158,0,0,0,0,0,0,0,0,0,0,1,5784000.0,-21.0533,30.022199999999998,0.0,0.0,0.0,NA,0.0,0.0
SCHOOL_1159,0,0,0,0,0,0,0,0,0,0,1,4368000.0,-20.969679999999997,30.000610000000005,0.0,0.0,0.0,NA,0.0,0.0
SCHOOL_1160,0,0,0,0,0,0,0,0,0,0,1,9732000.0,-20.906259999999993,30.02265,0.0,0.0,0.0,NA,0.0,0.0
SCHOOL_1161,0,0,0,0,0,0,0,0,0,0,1,11916000.0,-20.900319999999997,29.94398,0.0,0.0,0.0,NA,0.0,0.0
SCHOOL_1162,0,0,0,0,0,0,0,0,0,0,1,4440000.0,-20.872749999999996,29.97445,0.0,0.0,0.0,NA,0.0,0.0
SCHOOL_1163,0,0,0,0,0,0,0,0,0,0,1,4104000.0,-20.84592,29.97895,0.0,0.0,0.0,NA,0.0,0.0
SCHOOL_1164,0,0,0,0,0,0,0,0,0,0,1,9648000.0,-20.939590000000003,29.756039999999995,0.0,0.0,0.0,NA,0.0,0.0
SCHOOL_1165,0,0,0,0,0,0,0,0,0,0,1,6852000.0,-20.927430000000008,29.705320000000004,0.0,0.0,0.0,NA,0.0,0.0
SCHOOL_1166,0,0,0,0,0,0,0,0,0,0,1,4980000.0,-20.916090000000004,29.700600000000005,0.0,0.0,0.0,NA,0.0,0.0
SCHOOL_1167,0,0,0,0,0,0,0,0,0,0,1,6132000.0,-20.86986,29.787780000000005,0.0,0.0,0.0,NA,0.0,0.0
SCHOOL_1168,0,0,0,0,0,0,0,0,0,0,1,7344000.0,-20.866649999999996,29.68646,0.0,0.0,0.0,NA,0.0,0.0
SCHOOL_1169,0,0,0,0,0,0,0,0,0,0,1,5112000.0,-20.849499999999995,29.756220000000003,0.0,0.0,0.0,NA,0.0,0.0
SCHOOL_1170,0,0,0,0,0,0,0,0,0,0,1,7020000.0,-20.797690000000006,29.707090000000004,0.0,0.0,0.0,NA,0.0,0.0
SCHOOL_1171,0,0,0,0,0,0,0,0,0,0,1,2616000.0,-20.793860000000006,29.77518,0.0,0.0,0.0,NA,0.0,0.0
SCHOOL_1172,0,0,0,0,0,0,0,0,0,0,1,5208000.0,-20.786,29.777179999999998,0.0,0.0,0.0,NA,0.0,0.0
SCHOOL_1173,0,0,0,0,0,0,0,0,0,0,1,7248000.0,-20.7519,29.71358,0.0,0.0,0.0,NA,0.0,0.0
SCHOOL_1174,0,0,0,0,0,0,0,0,0,0,1,3252000.0,-20.923400000000004,29.799539999999997,0.0,0.0,0.0,NA,0.0,0.0
SCHOOL_1175,0,0,0,0,0,0,0,0,0,0,1,5736000.0,-20.909529999999997,29.83618,0.0,0.0,0.0,NA,0.0,0.0
SCHOOL_1176,0,0,0,0,0,0,0,0,0,0,1,6288000.0,-20.89661,29.88229,0.0,0.0,0.0,NA,0.0,0.0
SCHOOL_1177,0,0,0,0,0,0,0,0,0,0,1,8628000.0,-20.89561,29.79215,0.0,0.0,0.0,NA,0.0,0.0
SCHOOL_1178,0,0,0,0,0,0,0,0,0,0,1,6048000.0,-20.87646,29.881090000000004,0.0,0.0,0.0,NA,0.0,0.0
SCHOOL_1179,0,0,0,0,0,0,0,0,0,0,1,6072000.0,-20.86666,29.91585,0.0,0.0,0.0,NA,0.0,0.0
SCHOOL_1180,0,0,0,0,0,0,0,0,0,0,1,7056000.0,-20.857619999999994,29.85975,0.0,0.0,0.0,NA,0.0,0.0
SCHOOL_1181,0,0,0,0,0,0,0,0,0,0,1,3708000.0,-20.821750000000005,29.872160000000004,0.0,0.0,0.0,NA,0.0,0.0
SCHOOL_1182,0,0,0,0,0,0,0,0,0,0,1,5268000.0,-20.79133,29.933480000000003,0.0,0.0,0.0,NA,0.0,0.0
SCHOOL_1183,0,0,0,0,0,0,0,0,0,0,1,5880000.0,-20.744989999999998,29.825370000000003,0.0,0.0,0.0,NA,0.0,0.0
SCHOOL_1184,0,0,0,0,0,0,0,0,0,0,1,4644000.0,-20.734750000000002,29.908640000000002,0.0,0.0,0.0,NA,0.0,0.0
SCHOOL_1185,0,0,0,0,0,0,0,0,0,0,1,7260000.0,-20.72623,29.90706,0.0,0.0,0.0,NA,0.0,0.0
SCHOOL_1186,0,0,0,0,0,0,0,0,0,0,1,6372000.0,-20.70180999999999,29.794630000000005,0.0,0.0,0.0,NA,0.0,0.0
SCHOOL_1187,0,0,0,0,0,0,0,0,0,0,1,6156000.0,-20.69809,29.85801,0.0,0.0,0.0,NA,0.0,0.0
SCHOOL_1188,0,0,0,0,0,0,0,0,0,0,1,5076000.0,-20.686569999999996,29.81851,0.0,0.0,0.0,NA,0.0,0.0
SCHOOL_1189,0,0,0,0,0,0,0,0,0,0,1,4980000.0,-20.669749999999997,29.822140000000005,0.0,0.0,0.0,NA,0.0,0.0
SCHOOL_1190,0,0,0,0,0,0,0,0,0,0,1,6072000.0,-20.662789999999998,29.88456,0.0,0.0,0.0,NA,0.0,0.0
SCHOOL_1191,0,0,0,0,0,0,0,0,0,0,1,6252000.0,-20.63571,29.84226,0.0,0.0,0.0,NA,0.0,0.0
SCHOOL_1192,0,0,0,0,0,0,0,0,0,0,1,1812000.0,-20.6302,29.84595,0.0,0.0,0.0,NA,0.0,0.0
SCHOOL_1193,0,0,0,0,0,0,0,0,0,0,1,7320000.0,-20.54001,29.92016,0.0,0.0,0.0,NA,0.0,0.0
SCHOOL_1194,0,0,0,0,0,0,0,0,0,0,1,11040000.0,-20.744430000000005,29.726030000000005,0.0,0.0,0.0,NA,0.0,0.0
SCHOOL_1195,0,0,0,0,0,0,0,0,0,0,1,10404000.0,-20.672969999999992,29.73493,0.0,0.0,0.0,NA,0.0,0.0
SCHOOL_1196,0,0,0,0,0,0,0,0,0,0,1,840000.0,-20.44863,29.70187,0.0,0.0,0.0,NA,0.0,0.0
SCHOOL_1197,0,0,0,0,0,0,0,0,0,0,1,996000.0,-20.39773,29.683559999999996,0.0,0.0,0.0,NA,0.0,0.0
SCHOOL_1198,0,0,0,0,0,0,0,0,0,0,1,6456000.0,-20.379589999999997,29.788319999999995,0.0,0.0,0.0,NA,0.0,0.0
SCHOOL_1199,0,0,0,0,0,0,0,0,0,0,1,1776000.0,-20.377209999999998,29.678370000000005,0.0,0.0,0.0,NA,0.0,0.0
SCHOOL_1200,0,0,0,0,0,0,0,0,0,0,1,840000.0,-20.363040000000005,29.722549999999995,0.0,0.0,0.0,NA,0.0,0.0
SCHOOL_1201,0,0,0,0,0,0,0,0,0,0,1,3060000.0,-20.282929999999997,29.73018,0.0,0.0,0.0,NA,0.0,0.0
SCHOOL_1202,0,0,0,0,0,0,0,0,0,0,1,4968000.0,-20.274029999999996,29.78997,0.0,0.0,0.0,NA,0.0,0.0
SCHOOL_1203,0,0,0,0,0,0,0,0,0,0,1,3564000.0,-20.273250000000004,29.753610000000002,0.0,0.0,0.0,NA,0.0,0.0
SCHOOL_1204,0,0,0,0,0,0,0,0,0,0,1,3864000.0,-22.085310000000007,31.11038,0.0,0.0,0.0,NA,0.0,0.0
SCHOOL_1205,0,0,0,0,0,0,0,0,0,0,1,4548000.0,-22.073249999999998,31.16596,0.0,0.0,0.0,NA,0.0,0.0
SCHOOL_1206,0,0,0,0,0,0,0,0,0,0,1,2688000.0,-22.03249,31.13392,0.0,0.0,0.0,NA,0.0,0.0
SCHOOL_1207,0,0,0,0,0,0,0,0,0,0,1,4932000.0,-21.937090000000005,31.19166,0.0,0.0,0.0,NA,0.0,0.0
SCHOOL_1208,0,0,0,0,0,0,0,0,0,0,1,1272000.0,-21.848000000000003,31.162050000000004,0.0,0.0,0.0,NA,0.0,0.0
SCHOOL_1209,0,0,0,0,0,0,0,0,0,0,1,3144000.0,-21.683749999999996,31.14966,0.0,0.0,0.0,NA,0.0,0.0
SCHOOL_1210,0,0,0,0,0,0,0,0,0,0,1,3372000.0,-21.570849999999993,31.185479999999995,0.0,0.0,0.0,NA,0.0,0.0
SCHOOL_1211,0,0,0,0,0,0,0,0,0,0,1,2472000.0,-21.53593,31.14911,0.0,0.0,0.0,NA,0.0,0.0
SCHOOL_1212,0,0,0,0,0,0,0,0,0,0,1,5184000.0,-21.474310000000006,31.20093,0.0,0.0,0.0,NA,0.0,0.0
SCHOOL_1213,0,0,0,0,0,0,0,0,0,0,1,9516000.0,-21.281300000000005,31.15881,0.0,0.0,0.0,NA,0.0,0.0
SCHOOL_1214,0,0,0,0,0,0,0,0,0,0,1,5220000.0,-20.973500000000005,31.213820000000002,0.0,0.0,0.0,NA,0.0,0.0
SCHOOL_1215,0,0,0,0,0,0,0,0,0,0,1,9060000.0,-20.96891,31.22241,0.0,0.0,0.0,NA,0.0,0.0
SCHOOL_1216,0,0,0,0,0,0,0,0,0,0,1,4248000.0,-20.94467,31.14517,0.0,0.0,0.0,NA,0.0,0.0
SCHOOL_1217,0,0,0,0,0,0,0,0,0,0,1,9228000.0,-20.943749999999994,31.09937,0.0,0.0,0.0,NA,0.0,0.0
SCHOOL_1218,0,0,0,0,0,0,0,0,0,0,1,8076000.0,-20.905630000000002,31.225870000000004,0.0,0.0,0.0,NA,0.0,0.0
SCHOOL_1219,0,0,0,0,0,0,0,0,0,0,1,8952000.0,-20.891039999999997,31.150059999999996,0.0,0.0,0.0,NA,0.0,0.0
SCHOOL_1220,0,0,0,0,0,0,0,0,0,0,1,12000000.0,-20.857430000000004,31.22121,0.0,0.0,0.0,NA,0.0,0.0
SCHOOL_1221,0,0,0,0,0,0,0,0,0,0,1,10020000.0,-20.846280000000004,31.2236,0.0,0.0,0.0,NA,0.0,0.0
SCHOOL_1222,0,0,0,0,0,0,0,0,0,0,1,3024000.0,-21.04475,30.88905,0.0,0.0,0.0,NA,0.0,0.0
SCHOOL_1223,0,0,0,0,0,0,0,0,0,0,2,6504000.0,-20.965155000700967,30.895879997667837,0.0,0.0,0.0,NA,0.0,0.0
SCHOOL_1224,0,0,0,0,0,0,0,0,0,0,1,6540000.0,-20.947310000000005,30.89184,0.0,0.0,0.0,NA,0.0,0.0
SCHOOL_1225,0,0,0,0,0,0,0,0,0,0,1,2940000.0,-20.901580000000003,30.9723,0.0,0.0,0.0,NA,0.0,0.0
SCHOOL_1226,0,0,0,0,0,0,0,0,0,0,1,9432000.0,-20.85805,30.89159,0.0,0.0,0.0,NA,0.0,0.0
SCHOOL_1227,0,0,0,0,0,0,0,0,0,0,1,11604000.0,-20.824320000000004,30.897770000000005,0.0,0.0,0.0,NA,0.0,0.0
SCHOOL_1228,0,0,0,0,0,0,0,0,0,0,1,12000000.0,-20.811369999999993,30.86681,0.0,0.0,0.0,NA,0.0,0.0
SCHOOL_1229,0,0,0,0,0,0,0,0,0,0,1,12000000.0,-20.793839999999996,30.88871,0.0,0.0,0.0,NA,0.0,0.0
SCHOOL_1230,0,0,0,0,0,0,0,0,0,0,1,4392000.0,-20.623169999999995,30.936160000000005,0.0,0.0,0.0,NA,0.0,0.0
SCHOOL_1231,0,0,0,0,0,0,0,0,0,0,1,12000000.0,-20.831210000000002,30.98239,0.0,0.0,0.0,NA,0.0,0.0
SCHOOL_1232,0,0,0,0,0,0,0,0,0,0,1,12000000.0,-20.809369999999998,31.08856,0.0,0.0,0.0,NA,0.0,0.0
SCHOOL_1233,0,0,0,0,0,0,0,0,0,0,1,1776000.0,-20.7918,31.07734,0.0,0.0,0.0,NA,0.0,0.0
SCHOOL_1234,0,0,0,0,0,0,0,0,0,0,2,8028000.0,-20.770015000000097,31.009394999999827,0.0,0.0,0.0,NA,0.0,0.0
SCHOOL_1235,0,0,0,0,0,0,0,0,0,0,1,3540000.0,-20.721290000000003,31.016920000000002,0.0,0.0,0.0,NA,0.0,0.0
SCHOOL_1236,0,0,0,0,0,0,0,0,0,0,1,12000000.0,-20.719480000000004,31.058880000000002,0.0,0.0,0.0,NA,0.0,0.0
SCHOOL_1237,0,0,0,0,0,0,0,0,0,0,1,11316000.0,-20.719219999999996,31.01358,0.0,0.0,0.0,NA,0.0,0.0
SCHOOL_1238,0,0,0,0,0,0,0,0,0,0,1,8208000.0,-20.70398999999999,31.086230000000004,0.0,0.0,0.0,NA,0.0,0.0
SCHOOL_1239,0,0,0,0,0,0,0,0,0,0,1,9480000.0,-20.668980000000005,30.97754,0.0,0.0,0.0,NA,0.0,0.0
SCHOOL_1240,0,0,0,0,0,0,0,0,0,0,1,9180000.0,-20.795570000000005,31.199949999999998,0.0,0.0,0.0,NA,0.0,0.0
SCHOOL_1241,0,0,0,0,0,0,0,0,0,0,1,12000000.0,-20.759660000000004,31.16508,0.0,0.0,0.0,NA,0.0,0.0
SCHOOL_1242,0,0,0,0,0,0,0,0,0,0,1,6756000.0,-20.740619999999993,31.168160000000004,0.0,0.0,0.0,NA,0.0,0.0
SCHOOL_1243,0,0,0,0,0,0,0,0,0,0,1,4128000.0,-20.72404,31.22391,0.0,0.0,0.0,NA,0.0,0.0
SCHOOL_1244,0,0,0,0,0,0,0,0,0,0,1,9600000.0,-20.704169999999994,31.11964,0.0,0.0,0.0,NA,0.0,0.0
SCHOOL_1245,0,0,0,0,0,0,0,0,0,0,1,2832000.0,-20.65021000000001,31.232200000000002,0.0,0.0,0.0,NA,0.0,0.0
SCHOOL_1246,0,0,0,0,0,0,0,0,0,0,1,12000000.0,-20.645329999999998,31.17022,0.0,0.0,0.0,NA,0.0,0.0
SCHOOL_1247,0,0,0,0,0,0,0,0,0,0,1,10932000.0,-20.62847,31.14396,0.0,0.0,0.0,NA,0.0,0.0
SCHOOL_1248,0,0,0,0,0,0,0,0,0,0,1,8112000.0,-20.595069999999993,31.16899,0.0,0.0,0.0,NA,0.0,0.0
SCHOOL_1249,0,0,0,0,0,0,0,0,0,0,1,2496000.0,-20.66769,31.08537,0.0,0.0,0.0,NA,0.0,0.0
SCHOOL_1250,0,0,0,0,0,0,0,0,0,0,1,10896000.0,-20.643459999999997,31.03854,0.0,0.0,0.0,NA,0.0,0.0
SCHOOL_1251,0,0,0,0,0,0,0,0,0,0,1,7692000.0,-20.63623,31.036240000000003,0.0,0.0,0.0,NA,0.0,0.0
SCHOOL_1252,0,0,0,0,0,0,0,0,0,0,1,11148000.0,-20.601719999999997,31.04795,0.0,0.0,0.0,NA,0.0,0.0
SCHOOL_1253,0,0,0,0,0,0,0,0,0,0,1,12000000.0,-20.54961,30.975950000000005,0.0,0.0,0.0,NA,0.0,0.0
SCHOOL_1254,0,0,0,0,0,0,0,0,0,0,1,7416000.0,-20.52379,31.064649999999997,0.0,0.0,0.0,NA,0.0,0.0
SCHOOL_1255,0,0,0,0,0,0,0,0,0,0,1,1584000.0,-20.482349999999997,31.066720000000004,0.0,0.0,0.0,NA,0.0,0.0
SCHOOL_1256,0,0,0,0,0,0,0,0,0,0,1,1476000.0,-20.47039,30.976950000000002,0.0,0.0,0.0,NA,0.0,0.0
SCHOOL_1257,0,0,0,0,0,0,0,0,0,0,1,900000.0,-20.455089999999995,31.021290000000004,0.0,0.0,0.0,NA,0.0,0.0
SCHOOL_1258,0,0,0,0,0,0,0,0,0,0,1,5460000.0,-20.451049999999995,31.07726,0.0,0.0,0.0,NA,0.0,0.0
SCHOOL_1259,0,0,0,0,0,0,0,0,0,0,1,3924000.0,-20.544890000000006,31.19776,0.0,0.0,0.0,NA,0.0,0.0
SCHOOL_1260,0,0,0,0,0,0,0,0,0,0,1,9000000.0,-20.541049999999995,31.135630000000003,0.0,0.0,0.0,NA,0.0,0.0
SCHOOL_1261,0,0,0,0,0,0,0,0,0,0,1,9540000.0,-20.532420000000002,31.118519999999997,0.0,0.0,0.0,NA,0.0,0.0
SCHOOL_1262,0,0,0,0,0,0,0,0,0,0,1,888000.0,-20.52735999999999,31.21261,0.0,0.0,0.0,NA,0.0,0.0
SCHOOL_1263,0,0,0,0,0,0,0,0,0,0,1,1860000.0,-20.51441,31.17178,0.0,0.0,0.0,NA,0.0,0.0
SCHOOL_1264,0,0,0,0,0,0,0,0,0,0,1,1212000.0,-20.51374,31.15508,0.0,0.0,0.0,NA,0.0,0.0
SCHOOL_1265,0,0,0,0,0,0,0,0,0,0,1,888000.0,-20.484579999999998,31.11607,0.0,0.0,0.0,NA,0.0,0.0
SCHOOL_1266,0,0,0,0,0,0,0,0,0,0,1,4992000.0,-20.448559999999997,31.16901,0.0,0.0,0.0,NA,0.0,0.0
SCHOOL_1267,0,0,0,0,0,0,0,0,0,0,1,5244000.0,-20.441330000000004,31.1435,0.0,0.0,0.0,NA,0.0,0.0
SCHOOL_1268,0,0,0,0,0,0,0,0,0,0,1,4992000.0,-20.43611,31.10871,0.0,0.0,0.0,NA,0.0,0.0
SCHOOL_1269,0,0,0,0,0,0,0,0,0,0,1,12000000.0,-20.53246,30.90372,0.0,0.0,0.0,NA,0.0,0.0
SCHOOL_1270,0,0,0,0,0,0,0,0,0,0,1,6000000.0,-20.52993,30.88722,0.0,0.0,0.0,NA,0.0,0.0
SCHOOL_1271,0,0,0,0,0,0,0,0,0,0,1,3456000.0,-20.47535999999999,30.919910000000005,0.0,0.0,0.0,NA,0.0,0.0
SCHOOL_1272,0,0,0,0,0,0,0,0,0,0,1,2664000.0,-20.46637,30.93452,0.0,0.0,0.0,NA,0.0,0.0
SCHOOL_1273,0,0,0,0,0,0,0,0,0,0,1,9096000.0,-20.435040000000004,30.964080000000003,0.0,0.0,0.0,NA,0.0,0.0
SCHOOL_1274,0,0,0,0,0,0,0,0,0,0,1,6300000.0,-20.43312,30.891040000000004,0.0,0.0,0.0,NA,0.0,0.0
SCHOOL_1275,0,0,0,0,0,0,0,0,0,0,1,6228000.0,-20.432960000000005,30.89431,0.0,0.0,0.0,NA,0.0,0.0
SCHOOL_1276,0,0,0,0,0,0,0,0,0,0,1,8484000.0,-20.430499999999995,30.969000000000005,0.0,0.0,0.0,NA,0.0,0.0
SCHOOL_1277,0,0,0,0,0,0,0,0,0,0,1,9084000.0,-20.408969999999997,30.91928,0.0,0.0,0.0,NA,0.0,0.0
SCHOOL_1278,0,0,0,0,0,0,0,0,0,0,1,3096000.0,-20.445629999999994,30.987240000000003,0.0,0.0,0.0,NA,0.0,0.0
SCHOOL_1279,0,0,0,0,0,0,0,0,0,0,1,5448000.0,-20.442729999999994,31.04122,0.0,0.0,0.0,NA,0.0,0.0
SCHOOL_1280,0,0,0,0,0,0,0,0,0,0,1,5004000.0,-20.435159999999996,31.072249999999997,0.0,0.0,0.0,NA,0.0,0.0
SCHOOL_1281,0,0,0,0,0,0,0,0,0,0,1,5520000.0,-20.409739999999996,31.00546,0.0,0.0,0.0,NA,0.0,0.0
SCHOOL_1282,0,0,0,0,0,0,0,0,0,0,1,6000000.0,-20.383889999999994,31.05415,0.0,0.0,0.0,NA,0.0,0.0
SCHOOL_1283,0,0,0,0,0,0,0,0,0,0,1,1824000.0,-20.376340000000006,31.070380000000004,0.0,0.0,0.0,NA,0.0,0.0
SCHOOL_1284,0,0,0,0,0,0,0,0,0,0,1,6564000.0,-20.34006,31.084680000000002,0.0,0.0,0.0,NA,0.0,0.0
SCHOOL_1285,0,0,0,0,0,0,0,0,0,0,1,5688000.0,-20.33316,31.08055,0.0,0.0,0.0,NA,0.0,0.0
SCHOOL_1286,0,0,0,0,0,0,0,0,0,0,1,7548000.0,-20.329520000000006,31.024619999999995,0.0,0.0,0.0,NA,0.0,0.0
SCHOOL_1287,0,0,0,0,0,0,0,0,0,0,1,9228000.0,-20.28969999999999,31.069979999999997,0.0,0.0,0.0,NA,0.0,0.0
SCHOOL_1288,0,0,0,0,0,0,0,0,0,0,1,8868000.0,-20.403180000000003,31.11828,0.0,0.0,0.0,NA,0.0,0.0
SCHOOL_1289,0,0,0,0,0,0,0,0,0,0,1,2496000.0,-20.391130000000004,31.101920000000003,0.0,0.0,0.0,NA,0.0,0.0
SCHOOL_1290,0,0,0,0,0,0,0,0,0,0,1,6588000.0,-20.38371,31.22574,0.0,0.0,0.0,NA,0.0,0.0
SCHOOL_1291,0,0,0,0,0,0,0,0,0,0,1,4320000.0,-20.369449999999993,31.14756,0.0,0.0,0.0,NA,0.0,0.0
SCHOOL_1292,0,0,0,0,0,0,0,0,0,0,1,3096000.0,-20.358909999999995,31.19329,0.0,0.0,0.0,NA,0.0,0.0
SCHOOL_1293,0,0,0,0,0,0,0,0,0,0,1,6480000.0,-20.352049999999988,31.18576,0.0,0.0,0.0,NA,0.0,0.0
SCHOOL_1294,0,0,0,0,0,0,0,0,0,0,1,6708000.0,-20.327779999999997,31.11556,0.0,0.0,0.0,NA,0.0,0.0
SCHOOL_1295,0,0,0,0,0,0,0,0,0,0,1,7332000.0,-20.31281,31.1514,0.0,0.0,0.0,NA,0.0,0.0
SCHOOL_1296,0,0,0,0,0,0,0,0,0,0,1,5988000.0,-20.301599999999993,31.16505,0.0,0.0,0.0,NA,0.0,0.0
SCHOOL_1297,0,0,0,0,0,0,0,0,0,0,1,7188000.0,-20.27347,31.22496,0.0,0.0,0.0,NA,0.0,0.0
SCHOOL_1298,0,0,0,0,0,0,0,0,0,0,1,3864000.0,-21.082609999999995,30.81016,0.0,0.0,0.0,NA,0.0,0.0
SCHOOL_1299,0,0,0,0,0,0,0,0,0,0,1,3108000.0,-21.05266,30.73501,0.0,0.0,0.0,NA,0.0,0.0
SCHOOL_1300,0,0,0,0,0,0,0,0,0,0,1,5088000.0,-21.046600000000005,30.786910000000002,0.0,0.0,0.0,NA,0.0,0.0
SCHOOL_1301,0,0,0,0,0,0,0,0,0,0,1,5400000.0,-21.022599999999994,30.73725,0.0,0.0,0.0,NA,0.0,0.0
SCHOOL_1302,0,0,0,0,0,0,0,0,0,0,1,2448000.0,-21.01505999999999,30.806820000000002,0.0,0.0,0.0,NA,0.0,0.0
SCHOOL_1303,0,0,0,0,0,0,0,0,0,0,1,2076000.0,-20.969,30.84377,0.0,0.0,0.0,NA,0.0,0.0
SCHOOL_1304,0,0,0,0,0,0,0,0,0,0,1,4500000.0,-20.93522,30.73015,0.0,0.0,0.0,NA,0.0,0.0
SCHOOL_1305,0,0,0,0,0,0,0,0,0,0,1,3744000.0,-20.933349999999994,30.76339,0.0,0.0,0.0,NA,0.0,0.0
SCHOOL_1306,0,0,0,0,0,0,0,0,0,0,1,12000000.0,-20.920159999999992,30.773919999999997,0.0,0.0,0.0,NA,0.0,0.0
SCHOOL_1307,0,0,0,0,0,0,0,0,0,0,1,11976000.0,-20.904050000000005,30.83633,0.0,0.0,0.0,NA,0.0,0.0
SCHOOL_1308,0,0,0,0,0,0,0,0,0,0,1,2496000.0,-21.026859999999996,30.456260000000004,0.0,0.0,0.0,NA,0.0,0.0
SCHOOL_1309,0,0,0,0,0,0,0,0,0,0,1,4212000.0,-20.991810000000005,30.55151,0.0,0.0,0.0,NA,0.0,0.0
SCHOOL_1310,0,0,0,0,0,0,0,0,0,0,1,6456000.0,-20.99077,30.557799999999997,0.0,0.0,0.0,NA,0.0,0.0
SCHOOL_1311,0,0,0,0,0,0,0,0,0,0,1,4224000.0,-20.958290000000005,30.463150000000002,0.0,0.0,0.0,NA,0.0,0.0
SCHOOL_1312,0,0,0,0,0,0,0,0,0,0,1,3420000.0,-20.93022999999999,30.537690000000005,0.0,0.0,0.0,NA,0.0,0.0
SCHOOL_1313,0,0,0,0,0,0,0,0,0,0,1,8472000.0,-20.926069999999992,30.5344,0.0,0.0,0.0,NA,0.0,0.0
SCHOOL_1314,0,0,0,0,0,0,0,0,0,0,1,10464000.0,-20.89288,30.457510000000003,0.0,0.0,0.0,NA,0.0,0.0
SCHOOL_1315,0,0,0,0,0,0,0,0,0,0,1,6684000.0,-20.87108999999999,30.501100000000005,0.0,0.0,0.0,NA,0.0,0.0
SCHOOL_1316,0,0,0,0,0,0,0,0,0,0,1,4464000.0,-20.841980000000003,30.56414,0.0,0.0,0.0,NA,0.0,0.0
SCHOOL_1317,0,0,0,0,0,0,0,0,0,0,1,8676000.0,-20.840679999999995,30.56116,0.0,0.0,0.0,NA,0.0,0.0
SCHOOL_1318,0,0,0,0,0,0,0,0,0,0,1,3156000.0,-20.9875,30.70469,0.0,0.0,0.0,NA,0.0,0.0
SCHOOL_1319,0,0,0,0,0,0,0,0,0,0,1,5712000.0,-20.96179,30.648940000000003,0.0,0.0,0.0,NA,0.0,0.0
SCHOOL_1320,0,0,0,0,0,0,0,0,0,0,1,4104000.0,-20.95211,30.64118,0.0,0.0,0.0,NA,0.0,0.0
SCHOOL_1321,0,0,0,0,0,0,0,0,0,0,1,12000000.0,-20.95208,30.63428,0.0,0.0,0.0,NA,0.0,0.0
SCHOOL_1322,0,0,0,0,0,0,0,0,0,0,1,11412000.0,-20.943439999999995,30.62557,0.0,0.0,0.0,NA,0.0,0.0
SCHOOL_1323,0,0,0,0,0,0,0,0,0,0,1,5664000.0,-20.940149999999992,30.69321,0.0,0.0,0.0,NA,0.0,0.0
SCHOOL_1324,0,0,0,0,0,0,0,0,0,0,1,10920000.0,-20.934950000000004,30.686469999999996,0.0,0.0,0.0,NA,0.0,0.0
SCHOOL_1325,0,0,0,0,0,0,0,0,0,0,1,6168000.0,-20.89428999999999,30.68642,0.0,0.0,0.0,NA,0.0,0.0
SCHOOL_1326,0,0,0,0,0,0,0,0,0,0,1,4536000.0,-20.87584,30.641620000000003,0.0,0.0,0.0,NA,0.0,0.0
SCHOOL_1327,0,0,0,0,0,0,0,0,0,0,1,3708000.0,-20.8728,30.63987,0.0,0.0,0.0,NA,0.0,0.0
SCHOOL_1328,0,0,0,0,0,0,0,0,0,0,1,8292000.0,-20.89817,30.779890000000005,0.0,0.0,0.0,NA,0.0,0.0
SCHOOL_1329,0,0,0,0,0,0,0,0,0,0,1,9984000.0,-20.87837,30.725280000000005,0.0,0.0,0.0,NA,0.0,0.0
SCHOOL_1330,0,0,0,0,0,0,0,0,0,0,1,8244000.0,-20.869770000000003,30.83206,0.0,0.0,0.0,NA,0.0,0.0
SCHOOL_1331,0,0,0,0,0,0,0,0,0,0,1,10188000.0,-20.86177,30.783160000000002,0.0,0.0,0.0,NA,0.0,0.0
SCHOOL_1332,0,0,0,0,0,0,0,0,0,0,1,12000000.0,-20.861329999999995,30.84248,0.0,0.0,0.0,NA,0.0,0.0
SCHOOL_1333,0,0,0,0,0,0,0,0,0,0,1,8400000.0,-20.83296,30.741660000000003,0.0,0.0,0.0,NA,0.0,0.0
SCHOOL_1334,0,0,0,0,0,0,0,0,0,0,1,12000000.0,-20.817990000000005,30.78925,0.0,0.0,0.0,NA,0.0,0.0
SCHOOL_1335,0,0,0,0,0,0,0,0,0,0,1,12000000.0,-20.811519999999998,30.79043,0.0,0.0,0.0,NA,0.0,0.0
SCHOOL_1336,0,0,0,0,0,0,0,0,0,0,1,3648000.0,-20.761300000000002,30.71747,0.0,0.0,0.0,NA,0.0,0.0
SCHOOL_1337,0,0,0,0,0,0,0,0,0,0,1,5748000.0,-20.760239999999996,30.8402,0.0,0.0,0.0,NA,0.0,0.0
SCHOOL_1338,0,0,0,0,0,0,0,0,0,0,1,4752000.0,-20.834350000000004,30.465980000000002,0.0,0.0,0.0,NA,0.0,0.0
SCHOOL_1339,0,0,0,0,0,0,0,0,0,0,1,2076000.0,-20.821080000000006,30.517730000000004,0.0,0.0,0.0,NA,0.0,0.0
SCHOOL_1340,0,0,0,0,0,0,0,0,0,0,1,4164000.0,-20.78666999999999,30.566829999999996,0.0,0.0,0.0,NA,0.0,0.0
SCHOOL_1341,0,0,0,0,0,0,0,0,0,0,1,4500000.0,-20.77866,30.50903,0.0,0.0,0.0,NA,0.0,0.0
SCHOOL_1342,0,0,0,0,0,0,0,0,0,0,1,8760000.0,-20.776759999999992,30.510470000000005,0.0,0.0,0.0,NA,0.0,0.0
SCHOOL_1343,0,0,0,0,0,0,0,0,0,0,1,5316000.0,-20.73946,30.53921,0.0,0.0,0.0,NA,0.0,0.0
SCHOOL_1344,0,0,0,0,0,0,0,0,0,0,1,3708000.0,-20.732249999999997,30.50039,0.0,0.0,0.0,NA,0.0,0.0
SCHOOL_1345,0,0,0,0,0,0,0,0,0,0,1,6756000.0,-20.72008,30.462800000000005,0.0,0.0,0.0,NA,0.0,0.0
SCHOOL_1346,0,0,0,0,0,0,0,0,0,0,1,10176000.0,-20.70686,30.45829,0.0,0.0,0.0,NA,0.0,0.0
SCHOOL_1347,0,0,0,0,0,0,0,0,0,0,2,8916000.0,-20.706609999999998,30.54215,0.0,0.0,0.0,NA,0.0,0.0
SCHOOL_1348,0,0,0,0,0,0,0,0,0,0,1,6612000.0,-20.871210000000005,30.586170000000003,0.0,0.0,0.0,NA,0.0,0.0
SCHOOL_1349,0,0,0,0,0,0,0,0,0,0,1,4356000.0,-20.83112,30.60947,0.0,0.0,0.0,NA,0.0,0.0
SCHOOL_1350,0,0,0,0,0,0,0,0,0,0,1,9684000.0,-20.765129999999992,30.70238,0.0,0.0,0.0,NA,0.0,0.0
SCHOOL_1351,0,0,0,0,0,0,0,0,0,0,1,3096000.0,-20.760229999999993,30.603829999999995,0.0,0.0,0.0,NA,0.0,0.0
SCHOOL_1352,0,0,0,0,0,0,0,0,0,0,1,6552000.0,-20.727520000000002,30.666030000000003,0.0,0.0,0.0,NA,0.0,0.0
SCHOOL_1353,0,0,0,0,0,0,0,0,0,0,1,4008000.0,-20.714459999999995,30.584590000000002,0.0,0.0,0.0,NA,0.0,0.0
SCHOOL_1354,0,0,0,0,0,0,0,0,0,0,1,5160000.0,-20.671299999999995,30.62863,0.0,0.0,0.0,NA,0.0,0.0
SCHOOL_1355,0,0,0,0,0,0,0,0,0,0,1,9540000.0,-20.644009999999998,30.70087,0.0,0.0,0.0,NA,0.0,0.0
SCHOOL_1356,0,0,0,0,0,0,0,0,0,0,1,6756000.0,-20.635959999999994,30.63929,0.0,0.0,0.0,NA,0.0,0.0
SCHOOL_1357,0,0,0,0,0,0,0,0,0,0,1,7752000.0,-20.633329999999994,30.57545,0.0,0.0,0.0,NA,0.0,0.0
SCHOOL_1358,0,0,0,0,0,0,0,0,0,0,1,5964000.0,-20.686820000000004,30.477630000000005,0.0,0.0,0.0,NA,0.0,0.0
SCHOOL_1359,0,0,0,0,0,0,0,0,0,0,1,6348000.0,-20.662949999999995,30.54588,0.0,0.0,0.0,NA,0.0,0.0
SCHOOL_1360,0,0,0,0,0,0,0,0,0,0,1,7200000.0,-20.645359999999997,30.563680000000005,0.0,0.0,0.0,NA,0.0,0.0
SCHOOL_1361,0,0,0,0,0,0,0,0,0,0,1,5628000.0,-20.63579,30.518190000000004,0.0,0.0,0.0,NA,0.0,0.0
SCHOOL_1362,0,0,0,0,0,0,0,0,0,0,1,4176000.0,-20.63012000000001,30.50754,0.0,0.0,0.0,NA,0.0,0.0
SCHOOL_1363,0,0,0,0,0,0,0,0,0,0,1,3228000.0,-20.59843,30.46813,0.0,0.0,0.0,NA,0.0,0.0
SCHOOL_1364,0,0,0,0,0,0,0,0,0,0,1,5076000.0,-20.595779999999998,30.56156,0.0,0.0,0.0,NA,0.0,0.0
SCHOOL_1365,0,0,0,0,0,0,0,0,0,0,1,3552000.0,-20.556,30.47871,0.0,0.0,0.0,NA,0.0,0.0
SCHOOL_1366,0,0,0,0,0,0,0,0,0,0,1,7284000.0,-20.553959999999996,30.543660000000003,0.0,0.0,0.0,NA,0.0,0.0
SCHOOL_1367,0,0,0,0,0,0,0,0,0,0,1,6096000.0,-20.741290000000003,30.83967,0.0,0.0,0.0,NA,0.0,0.0
SCHOOL_1368,0,0,0,0,0,0,0,0,0,0,1,2124000.0,-20.694649999999996,30.780580000000004,0.0,0.0,0.0,NA,0.0,0.0
SCHOOL_1369,0,0,0,0,0,0,0,0,0,0,1,4236000.0,-20.691910000000004,30.781080000000003,0.0,0.0,0.0,NA,0.0,0.0
SCHOOL_1370,0,0,0,0,0,0,0,0,0,0,1,7632000.0,-20.68326,30.71753,0.0,0.0,0.0,NA,0.0,0.0
SCHOOL_1371,0,0,0,0,0,0,0,0,0,0,1,10524000.0,-20.628869999999996,30.72201,0.0,0.0,0.0,NA,0.0,0.0
SCHOOL_1372,0,0,0,0,0,0,0,0,0,0,1,8604000.0,-20.552979999999994,30.79021,0.0,0.0,0.0,NA,0.0,0.0
SCHOOL_1373,0,0,0,0,0,0,0,0,0,0,1,1776000.0,-20.513570000000005,30.745050000000003,0.0,0.0,0.0,NA,0.0,0.0
SCHOOL_1374,0,0,0,0,0,0,0,0,0,0,1,1296000.0,-20.475899999999996,30.850510000000003,0.0,0.0,0.0,NA,0.0,0.0
SCHOOL_1375,0,0,0,0,0,0,0,0,0,0,1,1740000.0,-20.47319999999999,30.806570000000004,0.0,0.0,0.0,NA,0.0,0.0
SCHOOL_1376,0,0,0,0,0,0,0,0,0,0,1,3408000.0,-20.463309999999996,30.756080000000004,0.0,0.0,0.0,NA,0.0,0.0
SCHOOL_1377,0,0,0,0,0,0,0,0,0,0,1,5040000.0,-20.58479,30.65707,0.0,0.0,0.0,NA,0.0,0.0
SCHOOL_1378,0,0,0,0,0,0,0,0,0,0,1,8664000.0,-20.58417,30.642680000000002,0.0,0.0,0.0,NA,0.0,0.0
SCHOOL_1379,0,0,0,0,0,0,0,0,0,0,1,6696000.0,-20.58074,30.69005,0.0,0.0,0.0,NA,0.0,0.0
SCHOOL_1380,0,0,0,0,0,0,0,0,0,0,1,2484000.0,-20.55697,30.604030000000005,0.0,0.0,0.0,NA,0.0,0.0
SCHOOL_1381,0,0,0,0,0,0,0,0,0,0,1,4080000.0,-20.530290000000008,30.64607,0.0,0.0,0.0,NA,0.0,0.0
SCHOOL_1382,0,0,0,0,0,0,0,0,0,0,1,7788000.0,-20.507899999999996,30.684239999999996,0.0,0.0,0.0,NA,0.0,0.0
SCHOOL_1383,0,0,0,0,0,0,0,0,0,0,1,9924000.0,-20.507230000000003,30.69533,0.0,0.0,0.0,NA,0.0,0.0
SCHOOL_1384,0,0,0,0,0,0,0,0,0,0,1,4776000.0,-20.483130000000003,30.67259,0.0,0.0,0.0,NA,0.0,0.0
SCHOOL_1385,0,0,0,0,0,0,0,0,0,0,1,5676000.0,-20.46982,30.5877,0.0,0.0,0.0,NA,0.0,0.0
SCHOOL_1386,0,0,0,0,0,0,0,0,0,0,1,3000000.0,-20.468179999999993,30.673810000000003,0.0,0.0,0.0,NA,0.0,0.0
SCHOOL_1387,0,0,0,0,0,0,0,0,0,0,1,6816000.0,-20.53627,30.57015,0.0,0.0,0.0,NA,0.0,0.0
SCHOOL_1388,0,0,0,0,0,0,0,0,0,0,1,1980000.0,-20.52002,30.50442,0.0,0.0,0.0,NA,0.0,0.0
SCHOOL_1389,0,0,0,0,0,0,0,0,0,0,1,6576000.0,-20.49881,30.469320000000003,0.0,0.0,0.0,NA,0.0,0.0
SCHOOL_1390,0,0,0,0,0,0,0,0,0,0,1,6468000.0,-20.468349999999994,30.524120000000003,0.0,0.0,0.0,NA,0.0,0.0
SCHOOL_1391,0,0,0,0,0,0,0,0,0,0,1,5988000.0,-20.442089999999997,30.542179999999995,0.0,0.0,0.0,NA,0.0,0.0
SCHOOL_1392,0,0,0,0,0,0,0,0,0,0,1,4368000.0,-20.426850000000005,30.55856,0.0,0.0,0.0,NA,0.0,0.0
SCHOOL_1393,0,0,0,0,0,0,0,0,0,0,1,4668000.0,-20.399780000000003,30.53663,0.0,0.0,0.0,NA,0.0,0.0
SCHOOL_1394,0,0,0,0,0,0,0,0,0,0,1,7932000.0,-20.38899,30.453070000000004,0.0,0.0,0.0,NA,0.0,0.0
SCHOOL_1395,0,0,0,0,0,0,0,0,0,0,1,4224000.0,-20.385149999999996,30.45082,0.0,0.0,0.0,NA,0.0,0.0
SCHOOL_1396,0,0,0,0,0,0,0,0,0,0,1,1092000.0,-21.051059999999996,30.306880000000003,0.0,0.0,0.0,NA,0.0,0.0
SCHOOL_1397,0,0,0,0,0,0,0,0,0,0,1,4620000.0,-21.02125,30.369890000000005,0.0,0.0,0.0,NA,0.0,0.0
SCHOOL_1398,0,0,0,0,0,0,0,0,0,0,1,3960000.0,-21.01761999999999,30.300409999999996,0.0,0.0,0.0,NA,0.0,0.0
SCHOOL_1399,0,0,0,0,0,0,0,0,0,0,1,3924000.0,-20.97486,30.42552,0.0,0.0,0.0,NA,0.0,0.0
SCHOOL_1400,0,0,0,0,0,0,0,0,0,0,1,3744000.0,-20.93674,30.338579999999997,0.0,0.0,0.0,NA,0.0,0.0
SCHOOL_1401,0,0,0,0,0,0,0,0,0,0,1,3540000.0,-20.926909999999996,30.340410000000002,0.0,0.0,0.0,NA,0.0,0.0
SCHOOL_1402,0,0,0,0,0,0,0,0,0,0,1,6288000.0,-20.925819999999995,30.433380000000003,0.0,0.0,0.0,NA,0.0,0.0
SCHOOL_1403,0,0,0,0,0,0,0,0,0,0,1,5340000.0,-20.918880000000005,30.417559999999998,0.0,0.0,0.0,NA,0.0,0.0
SCHOOL_1404,0,0,0,0,0,0,0,0,0,0,1,6372000.0,-20.907580000000003,30.41426,0.0,0.0,0.0,NA,0.0,0.0
SCHOOL_1405,0,0,0,0,0,0,0,0,0,0,1,7512000.0,-20.89007,30.319669999999995,0.0,0.0,0.0,NA,0.0,0.0
SCHOOL_1406,0,0,0,0,0,0,0,0,0,0,1,2928000.0,-21.056219999999993,30.291560000000004,0.0,0.0,0.0,NA,0.0,0.0
SCHOOL_1407,0,0,0,0,0,0,0,0,0,0,1,4212000.0,-21.047179999999994,30.207830000000005,0.0,0.0,0.0,NA,0.0,0.0
SCHOOL_1408,0,0,0,0,0,0,0,0,0,0,1,5208000.0,-21.006159999999994,30.18474,0.0,0.0,0.0,NA,0.0,0.0
SCHOOL_1409,0,0,0,0,0,0,0,0,0,0,1,6204000.0,-20.9903,30.25654,0.0,0.0,0.0,NA,0.0,0.0
SCHOOL_1410,0,0,0,0,0,0,0,0,0,0,1,10104000.0,-20.983429999999995,30.23545,0.0,0.0,0.0,NA,0.0,0.0
SCHOOL_1411,0,0,0,0,0,0,0,0,0,0,1,5460000.0,-20.924929999999996,30.170719999999996,0.0,0.0,0.0,NA,0.0,0.0
SCHOOL_1412,0,0,0,0,0,0,0,0,0,0,1,5184000.0,-20.910459999999997,30.23716,0.0,0.0,0.0,NA,0.0,0.0
SCHOOL_1413,0,0,0,0,0,0,0,0,0,0,1,6024000.0,-20.90469,30.287010000000002,0.0,0.0,0.0,NA,0.0,0.0
SCHOOL_1414,0,0,0,0,0,0,0,0,0,0,1,9276000.0,-20.90308999999999,30.23222,0.0,0.0,0.0,NA,0.0,0.0
SCHOOL_1415,0,0,0,0,0,0,0,0,0,0,1,3972000.0,-20.87242,30.202220000000004,0.0,0.0,0.0,NA,0.0,0.0
SCHOOL_1416,0,0,0,0,0,0,0,0,0,0,1,5400000.0,-20.972849999999998,30.12964,0.0,0.0,0.0,NA,0.0,0.0
SCHOOL_1417,0,0,0,0,0,0,0,0,0,0,1,8088000.0,-20.967070000000003,30.12664,0.0,0.0,0.0,NA,0.0,0.0
SCHOOL_1418,0,0,0,0,0,0,0,0,0,0,1,10872000.0,-20.954409999999996,30.08039,0.0,0.0,0.0,NA,0.0,0.0
SCHOOL_1419,0,0,0,0,0,0,0,0,0,0,1,5268000.0,-20.89456,30.12347,0.0,0.0,0.0,NA,0.0,0.0
SCHOOL_1420,0,0,0,0,0,0,0,0,0,0,1,6876000.0,-20.892170000000004,30.07343,0.0,0.0,0.0,NA,0.0,0.0
SCHOOL_1421,0,0,0,0,0,0,0,0,0,0,1,5664000.0,-20.886759999999995,30.128160000000005,0.0,0.0,0.0,NA,0.0,0.0
SCHOOL_1422,0,0,0,0,0,0,0,0,0,0,1,7788000.0,-20.88505,30.067340000000005,0.0,0.0,0.0,NA,0.0,0.0
SCHOOL_1423,0,0,0,0,0,0,0,0,0,0,1,5604000.0,-20.88118,30.12712,0.0,0.0,0.0,NA,0.0,0.0
SCHOOL_1424,0,0,0,0,0,0,0,0,0,0,1,4104000.0,-20.811620000000005,30.09996,0.0,0.0,0.0,NA,0.0,0.0
SCHOOL_1425,0,0,0,0,0,0,0,0,0,0,1,2904000.0,-20.795080000000002,30.12778,0.0,0.0,0.0,NA,0.0,0.0
SCHOOL_1426,0,0,0,0,0,0,0,0,0,0,1,8304000.0,-20.84981,30.272340000000003,0.0,0.0,0.0,NA,0.0,0.0
SCHOOL_1427,0,0,0,0,0,0,0,0,0,0,1,5712000.0,-20.848760000000006,30.1849,0.0,0.0,0.0,NA,0.0,0.0
SCHOOL_1428,0,0,0,0,0,0,0,0,0,0,1,12000000.0,-20.841769999999993,30.175670000000004,0.0,0.0,0.0,NA,0.0,0.0
SCHOOL_1429,0,0,0,0,0,0,0,0,0,0,1,7488000.0,-20.815309999999993,30.22938,0.0,0.0,0.0,NA,0.0,0.0
SCHOOL_1430,0,0,0,0,0,0,0,0,0,0,1,4092000.0,-20.81306,30.193560000000005,0.0,0.0,0.0,NA,0.0,0.0
SCHOOL_1431,0,0,0,0,0,0,0,0,0,0,1,9720000.0,-20.808299999999996,30.28221,0.0,0.0,0.0,NA,0.0,0.0
SCHOOL_1432,0,0,0,0,0,0,0,0,0,0,1,7992000.0,-20.800309999999996,30.207060000000002,0.0,0.0,0.0,NA,0.0,0.0
SCHOOL_1433,0,0,0,0,0,0,0,0,0,0,1,5772000.0,-20.763339999999992,30.29447,0.0,0.0,0.0,NA,0.0,0.0
SCHOOL_1434,0,0,0,0,0,0,0,0,0,0,1,3168000.0,-20.75465,30.178409999999996,0.0,0.0,0.0,NA,0.0,0.0
SCHOOL_1435,0,0,0,0,0,0,0,0,0,0,1,3672000.0,-20.753499999999992,30.21939,0.0,0.0,0.0,NA,0.0,0.0
SCHOOL_1436,0,0,0,0,0,0,0,0,0,0,1,8160000.0,-20.839569999999995,29.9606,0.0,0.0,0.0,NA,0.0,0.0
SCHOOL_1437,0,0,0,0,0,0,0,0,0,0,1,9156000.0,-20.834479999999996,29.9582,0.0,0.0,0.0,NA,0.0,0.0
SCHOOL_1438,0,0,0,0,0,0,0,0,0,0,1,7212000.0,-20.831409999999988,30.04017,0.0,0.0,0.0,NA,0.0,0.0
SCHOOL_1439,0,0,0,0,0,0,0,0,0,0,1,6948000.0,-20.81915,29.995250000000002,0.0,0.0,0.0,NA,0.0,0.0
SCHOOL_1440,0,0,0,0,0,0,0,0,0,0,1,5952000.0,-20.799569999999996,30.031850000000002,0.0,0.0,0.0,NA,0.0,0.0
SCHOOL_1441,0,0,0,0,0,0,0,0,0,0,1,6348000.0,-20.789519999999996,30.057520000000004,0.0,0.0,0.0,NA,0.0,0.0
SCHOOL_1442,0,0,0,0,0,0,0,0,0,0,1,8244000.0,-20.74622,30.05028,0.0,0.0,0.0,NA,0.0,0.0
SCHOOL_1443,0,0,0,0,0,0,0,0,0,0,1,4860000.0,-20.727149999999998,29.98561,0.0,0.0,0.0,NA,0.0,0.0
SCHOOL_1444,0,0,0,0,0,0,0,0,0,0,1,8844000.0,-20.705289999999994,29.95912,0.0,0.0,0.0,NA,0.0,0.0
SCHOOL_1445,0,0,0,0,0,0,0,0,0,0,1,5568000.0,-20.700619999999994,29.98219,0.0,0.0,0.0,NA,0.0,0.0
SCHOOL_1446,0,0,0,0,0,0,0,0,0,0,1,7668000.0,-20.859959999999997,30.3755,0.0,0.0,0.0,NA,0.0,0.0
SCHOOL_1447,0,0,0,0,0,0,0,0,0,0,1,6132000.0,-20.856980000000004,30.423339999999996,0.0,0.0,0.0,NA,0.0,0.0
SCHOOL_1448,0,0,0,0,0,0,0,0,0,0,1,4212000.0,-20.812959999999997,30.432049999999997,0.0,0.0,0.0,NA,0.0,0.0
SCHOOL_1449,0,0,0,0,0,0,0,0,0,0,1,3420000.0,-20.800749999999994,30.343420000000002,0.0,0.0,0.0,NA,0.0,0.0
SCHOOL_1450,0,0,0,0,0,0,0,0,0,0,1,7980000.0,-20.79638,30.352569999999996,0.0,0.0,0.0,NA,0.0,0.0
SCHOOL_1451,0,0,0,0,0,0,0,0,0,0,1,1752000.0,-20.77943,30.40505,0.0,0.0,0.0,NA,0.0,0.0
SCHOOL_1452,0,0,0,0,0,0,0,0,0,0,1,5604000.0,-20.742,30.35041,0.0,0.0,0.0,NA,0.0,0.0
SCHOOL_1453,0,0,0,0,0,0,0,0,0,0,1,8232000.0,-20.714770000000005,30.40626,0.0,0.0,0.0,NA,0.0,0.0
SCHOOL_1454,0,0,0,0,0,0,0,0,0,0,1,8448000.0,-20.687330000000003,30.338950000000004,0.0,0.0,0.0,NA,0.0,0.0
SCHOOL_1455,0,0,0,0,0,0,0,0,0,0,1,12000000.0,-20.679319999999993,30.338700000000003,0.0,0.0,0.0,NA,0.0,0.0
SCHOOL_1456,0,0,0,0,0,0,0,0,0,0,1,6000000.0,-20.742789999999992,30.28184,0.0,0.0,0.0,NA,0.0,0.0
SCHOOL_1457,0,0,0,0,0,0,0,0,0,0,1,5184000.0,-20.733760000000004,30.196830000000002,0.0,0.0,0.0,NA,0.0,0.0
SCHOOL_1458,0,0,0,0,0,0,0,0,0,0,1,4080000.0,-20.721009999999996,30.184110000000004,0.0,0.0,0.0,NA,0.0,0.0
SCHOOL_1459,0,0,0,0,0,0,0,0,0,0,1,5148000.0,-20.713939999999997,30.214770000000005,0.0,0.0,0.0,NA,0.0,0.0
SCHOOL_1460,0,0,0,0,0,0,0,0,0,0,1,4752000.0,-20.686759999999992,30.27838,0.0,0.0,0.0,NA,0.0,0.0
SCHOOL_1461,0,0,0,0,0,0,0,0,0,0,1,4944000.0,-20.66116,30.24813,0.0,0.0,0.0,NA,0.0,0.0
SCHOOL_1462,0,0,0,0,0,0,0,0,0,0,1,8196000.0,-20.65234999999999,30.2449,0.0,0.0,0.0,NA,0.0,0.0
SCHOOL_1463,0,0,0,0,0,0,0,0,0,0,1,3912000.0,-20.615829999999995,30.201479999999997,0.0,0.0,0.0,NA,0.0,0.0
SCHOOL_1464,0,0,0,0,0,0,0,0,0,0,1,6300000.0,-20.594739999999998,30.260110000000005,0.0,0.0,0.0,NA,0.0,0.0
SCHOOL_1465,0,0,0,0,0,0,0,0,0,0,1,9216000.0,-20.57594999999999,30.27621,0.0,0.0,0.0,NA,0.0,0.0
SCHOOL_1466,0,0,0,0,0,0,0,0,0,0,1,8640000.0,-20.658899999999996,30.428239999999995,0.0,0.0,0.0,NA,0.0,0.0
SCHOOL_1467,0,0,0,0,0,0,0,0,0,0,1,5304000.0,-20.638919999999995,30.39488,0.0,0.0,0.0,NA,0.0,0.0
SCHOOL_1468,0,0,0,0,0,0,0,0,0,0,1,4140000.0,-20.627850000000002,30.34002,0.0,0.0,0.0,NA,0.0,0.0
SCHOOL_1469,0,0,0,0,0,0,0,0,0,0,1,5904000.0,-20.6014,30.388970000000004,0.0,0.0,0.0,NA,0.0,0.0
SCHOOL_1470,0,0,0,0,0,0,0,0,0,0,1,5988000.0,-20.594179999999998,30.4062,0.0,0.0,0.0,NA,0.0,0.0
SCHOOL_1471,0,0,0,0,0,0,0,0,0,0,1,9000000.0,-20.590360000000004,30.38445,0.0,0.0,0.0,NA,0.0,0.0
SCHOOL_1472,0,0,0,0,0,0,0,0,0,0,1,7308000.0,-20.581529999999997,30.32318,0.0,0.0,0.0,NA,0.0,0.0
SCHOOL_1473,0,0,0,0,0,0,0,0,0,0,1,3744000.0,-20.571229999999993,30.40561,0.0,0.0,0.0,NA,0.0,0.0
SCHOOL_1474,0,0,0,0,0,0,0,0,0,0,1,6348000.0,-20.561709999999994,30.41693,0.0,0.0,0.0,NA,0.0,0.0
SCHOOL_1475,0,0,0,0,0,0,0,0,0,0,1,3564000.0,-20.552719999999994,30.41841,0.0,0.0,0.0,NA,0.0,0.0
SCHOOL_1476,0,0,0,0,0,0,0,0,0,0,1,7332000.0,-20.787499999999994,30.12737,0.0,0.0,0.0,NA,0.0,0.0
SCHOOL_1477,0,0,0,0,0,0,0,0,0,0,1,3684000.0,-20.752899999999993,30.06629,0.0,0.0,0.0,NA,0.0,0.0
SCHOOL_1478,0,0,0,0,0,0,0,0,0,0,1,7104000.0,-20.707449999999998,30.131480000000003,0.0,0.0,0.0,NA,0.0,0.0
SCHOOL_1479,0,0,0,0,0,0,0,0,0,0,1,2664000.0,-20.704250000000005,30.132730000000002,0.0,0.0,0.0,NA,0.0,0.0
SCHOOL_1480,0,0,0,0,0,0,0,0,0,0,1,4020000.0,-20.680159999999997,30.16286,0.0,0.0,0.0,NA,0.0,0.0
SCHOOL_1481,0,0,0,0,0,0,0,0,0,0,2,9084000.0,-20.643130000009656,30.13541500002189,0.0,0.0,0.0,NA,0.0,0.0
SCHOOL_1482,0,0,0,0,0,0,0,0,0,0,1,5616000.0,-20.59109,30.080750000000002,0.0,0.0,0.0,NA,0.0,0.0
SCHOOL_1483,0,0,0,0,0,0,0,0,0,0,1,4404000.0,-20.508519999999997,30.167859999999997,0.0,0.0,0.0,NA,0.0,0.0
SCHOOL_1484,0,0,0,0,0,0,0,0,0,0,1,12000000.0,-20.32427,30.078179999999996,0.0,0.0,0.0,NA,0.0,0.0
SCHOOL_1485,0,0,0,0,0,0,0,0,0,0,1,4872000.0,-20.691439999999997,30.06166,0.0,0.0,0.0,NA,0.0,0.0
SCHOOL_1486,0,0,0,0,0,0,0,0,0,0,1,6984000.0,-20.636149999999994,29.96196,0.0,0.0,0.0,NA,0.0,0.0
SCHOOL_1487,0,0,0,0,0,0,0,0,0,0,1,3552000.0,-20.623079999999998,30.04801,0.0,0.0,0.0,NA,0.0,0.0
SCHOOL_1488,0,0,0,0,0,0,0,0,0,0,1,8820000.0,-20.61555,30.053150000000002,0.0,0.0,0.0,NA,0.0,0.0
SCHOOL_1489,0,0,0,0,0,0,0,0,0,0,1,3336000.0,-20.536259999999995,29.97237,0.0,0.0,0.0,NA,0.0,0.0
SCHOOL_1490,0,0,0,0,0,0,0,0,0,0,1,2688000.0,-20.34008,29.97275,0.0,0.0,0.0,NA,0.0,0.0
SCHOOL_1491,0,0,0,0,0,0,0,0,0,0,1,12000000.0,-20.33757,30.04837,0.0,0.0,0.0,NA,0.0,0.0
SCHOOL_1492,0,0,0,0,0,0,0,0,0,0,1,12000000.0,-20.32746,30.05645,0.0,0.0,0.0,NA,0.0,0.0
SCHOOL_1493,0,0,0,0,0,0,0,0,0,0,1,6516000.0,-20.297999999999995,29.968400000000003,0.0,0.0,0.0,NA,0.0,0.0
SCHOOL_1494,0,0,0,0,0,0,0,0,0,0,1,7776000.0,-20.573709999999995,30.18605,0.0,0.0,0.0,NA,0.0,0.0
SCHOOL_1495,0,0,0,0,0,0,0,0,0,0,1,5964000.0,-20.566970000000005,30.18579,0.0,0.0,0.0,NA,0.0,0.0
SCHOOL_1496,0,0,0,0,0,0,0,0,0,0,1,5064000.0,-20.551219999999997,30.210460000000005,0.0,0.0,0.0,NA,0.0,0.0
SCHOOL_1497,0,0,0,0,0,0,0,0,0,0,1,5772000.0,-20.52628,30.294850000000004,0.0,0.0,0.0,NA,0.0,0.0
SCHOOL_1498,0,0,0,0,0,0,0,0,0,0,1,7128000.0,-20.5095,30.25412,0.0,0.0,0.0,NA,0.0,0.0
SCHOOL_1499,0,0,0,0,0,0,0,0,0,0,1,5856000.0,-20.45093,30.25604,0.0,0.0,0.0,NA,0.0,0.0
SCHOOL_1500,0,0,0,0,0,0,0,0,0,0,1,4596000.0,-20.43912,30.25114,0.0,0.0,0.0,NA,0.0,0.0
SCHOOL_1501,0,0,0,0,0,0,0,0,0,0,1,6528000.0,-20.436829999999997,30.269149999999996,0.0,0.0,0.0,NA,0.0,0.0
SCHOOL_1502,0,0,0,0,0,0,0,0,0,0,1,2160000.0,-20.429329999999997,30.25999,0.0,0.0,0.0,NA,0.0,0.0
SCHOOL_1503,0,0,0,0,0,0,0,0,0,0,1,6504000.0,-20.376010000000004,30.28366,0.0,0.0,0.0,NA,0.0,0.0
SCHOOL_1504,0,0,0,0,0,0,0,0,0,0,1,4968000.0,-20.548949999999998,30.4289,0.0,0.0,0.0,NA,0.0,0.0
SCHOOL_1505,0,0,0,0,0,0,0,0,0,0,1,5448000.0,-20.53333,30.31369,0.0,0.0,0.0,NA,0.0,0.0
SCHOOL_1506,0,0,0,0,0,0,0,0,0,0,1,5412000.0,-20.465220000000002,30.433600000000002,0.0,0.0,0.0,NA,0.0,0.0
SCHOOL_1507,0,0,0,0,0,0,0,0,0,0,1,3120000.0,-20.46505,30.3808,0.0,0.0,0.0,NA,0.0,0.0
SCHOOL_1508,0,0,0,0,0,0,0,0,0,0,1,5604000.0,-20.438860000000002,30.417599999999997,0.0,0.0,0.0,NA,0.0,0.0
SCHOOL_1509,0,0,0,0,0,0,0,0,0,0,1,2220000.0,-20.385080000000002,30.36393,0.0,0.0,0.0,NA,0.0,0.0
SCHOOL_1510,0,0,0,0,0,0,0,0,0,0,1,5664000.0,-20.381939999999993,30.359380000000005,0.0,0.0,0.0,NA,0.0,0.0
SCHOOL_1511,0,0,0,0,0,0,0,0,0,0,1,5340000.0,-20.32966,30.39709,0.0,0.0,0.0,NA,0.0,0.0
SCHOOL_1512,0,0,0,0,0,0,0,0,0,0,1,6192000.0,-20.32727999999999,30.3185,0.0,0.0,0.0,NA,0.0,0.0
SCHOOL_1513,0,0,0,0,0,0,0,0,0,0,1,4032000.0,-20.29578999999999,30.391369999999995,0.0,0.0,0.0,NA,0.0,0.0
SCHOOL_1514,0,0,0,0,0,0,0,0,0,0,1,3588000.0,-20.369659999999996,30.175210000000003,0.0,0.0,0.0,NA,0.0,0.0
SCHOOL_1515,0,0,0,0,0,0,0,0,0,0,1,5064000.0,-20.36496,30.280589999999997,0.0,0.0,0.0,NA,0.0,0.0
SCHOOL_1516,0,0,0,0,0,0,0,0,0,0,1,9228000.0,-20.34024,30.29068,0.0,0.0,0.0,NA,0.0,0.0
SCHOOL_1517,0,0,0,0,0,0,0,0,0,0,1,3576000.0,-20.301170000000003,30.2863,0.0,0.0,0.0,NA,0.0,0.0
SCHOOL_1518,0,0,0,0,0,0,0,0,0,0,1,4224000.0,-20.281969999999998,30.28094,0.0,0.0,0.0,NA,0.0,0.0
SCHOOL_1519,0,0,0,0,0,0,0,0,0,0,1,1104000.0,-20.237010000000005,30.26395,0.0,0.0,0.0,NA,0.0,0.0
SCHOOL_1520,0,0,0,0,0,0,0,0,0,0,1,4896000.0,-20.23438,30.19566,0.0,0.0,0.0,NA,0.0,0.0
SCHOOL_1521,0,0,0,0,0,0,0,0,0,0,1,6060000.0,-20.198309999999992,30.294660000000004,0.0,0.0,0.0,NA,0.0,0.0
SCHOOL_1522,0,0,0,0,0,0,0,0,0,0,1,5256000.0,-20.175290000000004,30.26373,0.0,0.0,0.0,NA,0.0,0.0
SCHOOL_1523,0,0,0,0,0,0,0,0,0,0,1,6552000.0,-20.15868999999999,30.26473,0.0,0.0,0.0,NA,0.0,0.0
SCHOOL_1524,0,0,0,0,0,0,0,0,0,0,1,4596000.0,-20.267280000000003,30.100500000000004,0.0,0.0,0.0,NA,0.0,0.0
SCHOOL_1525,0,0,0,0,0,0,0,0,0,0,1,2280000.0,-20.243079999999996,30.1142,0.0,0.0,0.0,NA,0.0,0.0
SCHOOL_1526,0,0,0,0,0,0,0,0,0,0,1,7644000.0,-20.231079999999995,30.09087,0.0,0.0,0.0,NA,0.0,0.0
SCHOOL_1527,0,0,0,0,0,0,0,0,0,0,1,4116000.0,-20.22412,30.133309999999998,0.0,0.0,0.0,NA,0.0,0.0
SCHOOL_1528,0,0,0,0,0,0,0,0,0,0,1,3264000.0,-20.218280000000007,30.11289,0.0,0.0,0.0,NA,0.0,0.0
SCHOOL_1529,0,0,0,0,0,0,0,0,0,0,1,3420000.0,-20.2105,30.099420000000002,0.0,0.0,0.0,NA,0.0,0.0
SCHOOL_1530,0,0,0,0,0,0,0,0,0,0,1,3744000.0,-20.18801,30.108419999999995,0.0,0.0,0.0,NA,0.0,0.0
SCHOOL_1531,0,0,0,0,0,0,0,0,0,0,1,3960000.0,-20.17646,30.16729,0.0,0.0,0.0,NA,0.0,0.0
SCHOOL_1532,0,0,0,0,0,0,0,0,0,0,1,9996000.0,-20.26056,30.00816,0.0,0.0,0.0,NA,0.0,0.0
SCHOOL_1533,0,0,0,0,0,0,0,0,0,0,1,3396000.0,-20.257079999999995,29.96083,0.0,0.0,0.0,NA,0.0,0.0
SCHOOL_1534,0,0,0,0,0,0,0,0,0,0,1,7920000.0,-20.247110000000003,29.989449999999998,0.0,0.0,0.0,NA,0.0,0.0
SCHOOL_1535,0,0,0,0,0,0,0,0,0,0,1,6852000.0,-20.221200000000003,29.96842,0.0,0.0,0.0,NA,0.0,0.0
SCHOOL_1536,0,0,0,0,0,0,0,0,0,0,1,6996000.0,-20.185710000000004,30.04551,0.0,0.0,0.0,NA,0.0,0.0
SCHOOL_1537,0,0,0,0,0,0,0,0,0,0,1,3876000.0,-20.183129999999995,30.06009,0.0,0.0,0.0,NA,0.0,0.0
SCHOOL_1538,0,0,0,0,0,0,0,0,0,0,1,3192000.0,-20.123139999999996,29.977160000000005,0.0,0.0,0.0,NA,0.0,0.0
SCHOOL_1539,0,0,0,0,0,0,0,0,0,0,1,2604000.0,-20.12253000000001,30.02423,0.0,0.0,0.0,NA,0.0,0.0
SCHOOL_1540,0,0,0,0,0,0,0,0,0,0,1,4200000.0,-20.26135,30.36415,0.0,0.0,0.0,NA,0.0,0.0
SCHOOL_1541,0,0,0,0,0,0,0,0,0,0,1,6996000.0,-20.254870000000004,30.30749,0.0,0.0,0.0,NA,0.0,0.0
SCHOOL_1542,0,0,0,0,0,0,0,0,0,0,1,8712000.0,-20.254400000000004,30.315230000000003,0.0,0.0,0.0,NA,0.0,0.0
SCHOOL_1543,0,0,0,0,0,0,0,0,0,0,1,2460000.0,-20.249989999999993,30.41099,0.0,0.0,0.0,NA,0.0,0.0
SCHOOL_1544,0,0,0,0,0,0,0,0,0,0,1,4212000.0,-20.21326,30.384530000000005,0.0,0.0,0.0,NA,0.0,0.0
SCHOOL_1545,0,0,0,0,0,0,0,0,0,0,1,1596000.0,-20.19188,30.427820000000004,0.0,0.0,0.0,NA,0.0,0.0
SCHOOL_1546,0,0,0,0,0,0,0,0,0,0,1,4548000.0,-20.17289,30.38675,0.0,0.0,0.0,NA,0.0,0.0
SCHOOL_1547,0,0,0,0,0,0,0,0,0,0,1,3840000.0,-20.16679,30.34295,0.0,0.0,0.0,NA,0.0,0.0
SCHOOL_1548,0,0,0,0,0,0,0,0,0,0,1,6852000.0,-20.1618,30.388690000000004,0.0,0.0,0.0,NA,0.0,0.0
SCHOOL_1549,0,0,0,0,0,0,0,0,0,0,1,7428000.0,-20.154899999999994,30.413040000000002,0.0,0.0,0.0,NA,0.0,0.0
SCHOOL_1550,0,0,0,0,0,0,0,0,0,0,1,6288000.0,-20.151099999999996,30.25325,0.0,0.0,0.0,NA,0.0,0.0
SCHOOL_1551,0,0,0,0,0,0,0,0,0,0,1,2844000.0,-20.14415,30.199580000000005,0.0,0.0,0.0,NA,0.0,0.0
SCHOOL_1552,0,0,0,0,0,0,0,0,0,0,1,5580000.0,-20.133549999999993,30.193370000000005,0.0,0.0,0.0,NA,0.0,0.0
SCHOOL_1553,0,0,0,0,0,0,0,0,0,0,2,7488000.0,-20.116530001855693,30.298364996986578,0.0,0.0,0.0,NA,0.0,0.0
SCHOOL_1554,0,0,0,0,0,0,0,0,0,0,1,5184000.0,-20.09269,30.23355,0.0,0.0,0.0,NA,0.0,0.0
SCHOOL_1555,0,0,0,0,0,0,0,0,0,0,1,7896000.0,-20.071759999999998,30.265729999999998,0.0,0.0,0.0,NA,0.0,0.0
SCHOOL_1556,0,0,0,0,0,0,0,0,0,0,1,7884000.0,-20.06335999999999,30.20793,0.0,0.0,0.0,NA,0.0,0.0
SCHOOL_1557,0,0,0,0,0,0,0,0,0,0,1,3588000.0,-20.028150000000004,30.28143,0.0,0.0,0.0,NA,0.0,0.0
SCHOOL_1558,0,0,0,0,0,0,0,0,0,0,1,3756000.0,-20.026079999999997,30.21812,0.0,0.0,0.0,NA,0.0,0.0
SCHOOL_1559,0,0,0,0,0,0,0,0,0,0,1,3720000.0,-20.104709999999997,30.369700000000005,0.0,0.0,0.0,NA,0.0,0.0
SCHOOL_1560,0,0,0,0,0,0,0,0,0,0,1,10080000.0,-20.088419999999996,30.394950000000005,0.0,0.0,0.0,NA,0.0,0.0
SCHOOL_1561,0,0,0,0,0,0,0,0,0,0,1,10092000.0,-20.07701,30.318239999999996,0.0,0.0,0.0,NA,0.0,0.0
SCHOOL_1562,0,0,0,0,0,0,0,0,0,0,2,15156000.0,-20.03177500001415,30.40301500004545,0.0,0.0,0.0,NA,0.0,0.0
SCHOOL_1563,0,0,0,0,0,0,0,0,0,0,1,6588000.0,-20.02858,30.34308,0.0,0.0,0.0,NA,0.0,0.0
SCHOOL_1564,0,0,0,0,0,0,0,0,0,0,1,5088000.0,-19.979149999999997,30.311290000000003,0.0,0.0,0.0,NA,0.0,0.0
SCHOOL_1565,0,0,0,0,0,0,0,0,0,0,1,3372000.0,-19.973429999999993,30.322950000000002,0.0,0.0,0.0,NA,0.0,0.0
SCHOOL_1566,0,0,0,0,0,0,0,0,0,0,1,2028000.0,-19.971200000000003,30.37205,0.0,0.0,0.0,NA,0.0,0.0
SCHOOL_1567,0,0,0,0,0,0,0,0,0,0,1,1908000.0,-19.967910000000003,30.383260000000003,0.0,0.0,0.0,NA,0.0,0.0
SCHOOL_1568,0,0,0,0,0,0,0,0,0,0,1,2400000.0,-20.126100000000005,30.13416,0.0,0.0,0.0,NA,0.0,0.0
SCHOOL_1569,0,0,0,0,0,0,0,0,0,0,1,4332000.0,-20.088609999999992,30.086429999999996,0.0,0.0,0.0,NA,0.0,0.0
SCHOOL_1570,0,0,0,0,0,0,0,0,0,0,1,3696000.0,-20.081350000000008,30.10377,0.0,0.0,0.0,NA,0.0,0.0
SCHOOL_1571,0,0,0,0,0,0,0,0,0,0,1,4884000.0,-20.07635,30.079,0.0,0.0,0.0,NA,0.0,0.0
SCHOOL_1572,0,0,0,0,0,0,0,0,0,0,1,8916000.0,-20.04563999999999,30.065770000000004,0.0,0.0,0.0,NA,0.0,0.0
SCHOOL_1573,0,0,0,0,0,0,0,0,0,0,1,1632000.0,-19.998080000000005,30.10729,0.0,0.0,0.0,NA,0.0,0.0
SCHOOL_1574,0,0,0,0,0,0,0,0,0,0,1,3600000.0,-19.990829999999992,30.11333,0.0,0.0,0.0,NA,0.0,0.0
SCHOOL_1575,0,0,0,0,0,0,0,0,0,0,1,5364000.0,-19.98195,30.08682,0.0,0.0,0.0,NA,0.0,0.0
SCHOOL_1576,0,0,0,0,0,0,0,0,0,0,1,5112000.0,-19.904979999999995,30.09654,0.0,0.0,0.0,NA,0.0,0.0
SCHOOL_1577,0,0,0,0,0,0,0,0,0,0,1,5940000.0,-19.899820000000002,30.091519999999996,0.0,0.0,0.0,NA,0.0,0.0
SCHOOL_1578,0,0,0,0,0,0,0,0,0,0,1,6648000.0,-20.02602,30.298790000000004,0.0,0.0,0.0,NA,0.0,0.0
SCHOOL_1579,0,0,0,0,0,0,0,0,0,0,1,1476000.0,-19.995889999999992,30.25582,0.0,0.0,0.0,NA,0.0,0.0
SCHOOL_1580,0,0,0,0,0,0,0,0,0,0,1,2940000.0,-19.954720000000005,30.26969,0.0,0.0,0.0,NA,0.0,0.0
SCHOOL_1581,0,0,0,0,0,0,0,0,0,0,1,2184000.0,-19.92973,30.275380000000002,0.0,0.0,0.0,NA,0.0,0.0
SCHOOL_1582,0,0,0,0,0,0,0,0,0,0,1,3792000.0,-19.92700999999999,30.183649999999997,0.0,0.0,0.0,NA,0.0,0.0
SCHOOL_1583,0,0,0,0,0,0,0,0,0,0,1,2820000.0,-19.89068999999999,30.29564,0.0,0.0,0.0,NA,0.0,0.0
SCHOOL_1584,0,0,0,0,0,0,0,0,0,0,1,4656000.0,-19.88723,30.17833,0.0,0.0,0.0,NA,0.0,0.0
SCHOOL_1585,0,0,0,0,0,0,0,0,0,0,1,9156000.0,-19.845780000000005,30.23485,0.0,0.0,0.0,NA,0.0,0.0
SCHOOL_1586,0,0,0,0,0,0,0,0,0,0,1,4332000.0,-19.840350000000008,30.249140000000004,0.0,0.0,0.0,NA,0.0,0.0
SCHOOL_1587,0,0,0,0,0,0,0,0,0,0,1,5388000.0,-19.826889999999995,30.183149999999998,0.0,0.0,0.0,NA,0.0,0.0
SCHOOL_1588,0,0,0,0,0,0,0,0,0,0,1,3000000.0,-21.134250000000005,31.62312,0.0,0.0,0.0,NA,0.0,0.0
SCHOOL_1589,0,0,0,0,0,0,0,0,0,0,1,7080000.0,-21.1169,31.67896,0.0,0.0,0.0,NA,0.0,0.0
SCHOOL_1590,0,0,0,0,0,0,0,0,0,0,1,5424000.0,-21.115520000000004,31.63456,0.0,0.0,0.0,NA,0.0,0.0
SCHOOL_1591,0,0,0,0,0,0,0,0,0,0,2,10500000.0,-21.09866500000077,31.623419999996848,0.0,0.0,0.0,NA,0.0,0.0
SCHOOL_1592,0,0,0,0,0,0,0,0,0,0,1,5520000.0,-21.073700000000002,31.673309999999997,0.0,0.0,0.0,NA,0.0,0.0
SCHOOL_1593,0,0,0,0,0,0,0,0,0,0,1,5904000.0,-21.070569999999996,31.654020000000003,0.0,0.0,0.0,NA,0.0,0.0
SCHOOL_1594,0,0,0,0,0,0,0,0,0,0,2,17988000.0,-21.081260000001183,31.249580000000226,0.0,0.0,0.0,NA,0.0,0.0
SCHOOL_1595,0,0,0,0,0,0,0,0,0,0,1,9936000.0,-21.046350000000004,31.302200000000003,0.0,0.0,0.0,NA,0.0,0.0
SCHOOL_1596,0,0,0,0,0,0,0,0,0,0,1,6252000.0,-21.025610000000007,31.263950000000005,0.0,0.0,0.0,NA,0.0,0.0
SCHOOL_1597,0,0,0,0,0,0,0,0,0,0,1,5580000.0,-20.990229999999997,31.276400000000002,0.0,0.0,0.0,NA,0.0,0.0
SCHOOL_1598,0,0,0,0,0,0,0,0,0,0,1,10056000.0,-20.917059999999992,31.35368,0.0,0.0,0.0,NA,0.0,0.0
SCHOOL_1599,0,0,0,0,0,0,0,0,0,0,2,14472000.0,-20.84174500001904,31.314665001427702,0.0,0.0,0.0,NA,0.0,0.0
SCHOOL_1600,0,0,0,0,0,0,0,0,0,0,1,11760000.0,-20.73958,31.30274,0.0,0.0,0.0,NA,0.0,0.0
SCHOOL_1601,0,0,0,0,0,0,0,0,0,0,1,2052000.0,-20.714240000000004,31.353709999999996,0.0,0.0,0.0,NA,0.0,0.0
SCHOOL_1602,0,0,0,0,0,0,0,0,0,0,1,3864000.0,-21.03193,31.449499999999997,0.0,0.0,0.0,NA,0.0,0.0
SCHOOL_1603,0,0,0,0,0,0,0,0,0,0,1,12000000.0,-21.020909999999994,31.46511,0.0,0.0,0.0,NA,0.0,0.0
SCHOOL_1604,0,0,0,0,0,0,0,0,0,0,1,10824000.0,-21.02001,31.405069999999995,0.0,0.0,0.0,NA,0.0,0.0
SCHOOL_1605,0,0,0,0,0,0,0,0,0,0,1,12000000.0,-21.007069999999995,31.47526,0.0,0.0,0.0,NA,0.0,0.0
SCHOOL_1606,0,0,0,0,0,0,0,0,0,0,2,14004000.0,-20.78447499999957,31.42772000003537,0.0,0.0,0.0,NA,0.0,0.0
SCHOOL_1607,0,0,0,0,0,0,0,0,0,0,1,11772000.0,-20.75994,31.47572,0.0,0.0,0.0,NA,0.0,0.0
SCHOOL_1608,0,0,0,0,0,0,0,0,0,0,1,4008000.0,-20.690100000000005,31.413409999999995,0.0,0.0,0.0,NA,0.0,0.0
SCHOOL_1609,0,0,0,0,0,0,0,0,0,0,1,1824000.0,-20.667559999999995,31.378639999999997,0.0,0.0,0.0,NA,0.0,0.0
SCHOOL_1610,0,0,0,0,0,0,0,0,0,0,1,11688000.0,-20.659160000000004,31.473250000000004,0.0,0.0,0.0,NA,0.0,0.0
SCHOOL_1611,0,0,0,0,0,0,0,0,0,0,1,9612000.0,-21.015899999999995,31.531180000000003,0.0,0.0,0.0,NA,0.0,0.0
SCHOOL_1612,0,0,0,0,0,0,0,0,0,0,1,3876000.0,-20.981160000000003,31.587289999999996,0.0,0.0,0.0,NA,0.0,0.0
SCHOOL_1613,0,0,0,0,0,0,0,0,0,0,1,9684000.0,-20.905629999999995,31.52704,0.0,0.0,0.0,NA,0.0,0.0
SCHOOL_1614,0,0,0,0,0,0,0,0,0,0,1,3132000.0,-20.90492,31.524420000000003,0.0,0.0,0.0,NA,0.0,0.0
SCHOOL_1615,0,0,0,0,0,0,0,0,0,0,1,3768000.0,-20.839580000000005,31.57856,0.0,0.0,0.0,NA,0.0,0.0
SCHOOL_1616,0,0,0,0,0,0,0,0,0,0,1,8904000.0,-20.70074,31.5565,0.0,0.0,0.0,NA,0.0,0.0
SCHOOL_1617,0,0,0,0,0,0,0,0,0,0,1,5976000.0,-20.64709,31.511680000000002,0.0,0.0,0.0,NA,0.0,0.0
SCHOOL_1618,0,0,0,0,0,0,0,0,0,0,1,11244000.0,-20.637880000000003,31.50819,0.0,0.0,0.0,NA,0.0,0.0
SCHOOL_1619,0,0,0,0,0,0,0,0,0,0,1,8568000.0,-20.625679999999992,31.5614,0.0,0.0,0.0,NA,0.0,0.0
SCHOOL_1620,0,0,0,0,0,0,0,0,0,0,1,4956000.0,-20.559550000000005,31.528109999999998,0.0,0.0,0.0,NA,0.0,0.0
SCHOOL_1621,0,0,0,0,0,0,0,0,0,0,1,3972000.0,-20.708400000000005,31.24422,0.0,0.0,0.0,NA,0.0,0.0
SCHOOL_1622,0,0,0,0,0,0,0,0,0,0,1,5184000.0,-20.690099999999997,31.35364,0.0,0.0,0.0,NA,0.0,0.0
SCHOOL_1623,0,0,0,0,0,0,0,0,0,0,1,5100000.0,-20.666879999999995,31.29474,0.0,0.0,0.0,NA,0.0,0.0
SCHOOL_1624,0,0,0,0,0,0,0,0,0,0,1,11040000.0,-20.66094,31.240109999999998,0.0,0.0,0.0,NA,0.0,0.0
SCHOOL_1625,0,0,0,0,0,0,0,0,0,0,1,8976000.0,-20.650670000000005,31.34582,0.0,0.0,0.0,NA,0.0,0.0
SCHOOL_1626,0,0,0,0,0,0,0,0,0,0,1,3852000.0,-20.650050000000007,31.34336,0.0,0.0,0.0,NA,0.0,0.0
SCHOOL_1627,0,0,0,0,0,0,0,0,0,0,1,4476000.0,-20.632379999999994,31.28245,0.0,0.0,0.0,NA,0.0,0.0
SCHOOL_1628,0,0,0,0,0,0,0,0,0,0,1,8556000.0,-20.5998,31.29056,0.0,0.0,0.0,NA,0.0,0.0
SCHOOL_1629,0,0,0,0,0,0,0,0,0,0,1,5400000.0,-20.569789999999998,31.371630000000003,0.0,0.0,0.0,NA,0.0,0.0
SCHOOL_1630,0,0,0,0,0,0,0,0,0,0,1,7104000.0,-20.550019999999996,31.30578,0.0,0.0,0.0,NA,0.0,0.0
SCHOOL_1631,0,0,0,0,0,0,0,0,0,0,1,12000000.0,-20.642379999999996,31.4399,0.0,0.0,0.0,NA,0.0,0.0
SCHOOL_1632,0,0,0,0,0,0,0,0,0,0,1,10056000.0,-20.64177,31.435179999999995,0.0,0.0,0.0,NA,0.0,0.0
SCHOOL_1633,0,0,0,0,0,0,0,0,0,0,2,15120000.0,-20.60510000000049,31.398320000003572,0.0,0.0,0.0,NA,0.0,0.0
SCHOOL_1634,0,0,0,0,0,0,0,0,0,0,1,8868000.0,-20.59466,31.46676,0.0,0.0,0.0,NA,0.0,0.0
SCHOOL_1635,0,0,0,0,0,0,0,0,0,0,1,12000000.0,-20.571789999999996,31.42403,0.0,0.0,0.0,NA,0.0,0.0
SCHOOL_1636,0,0,0,0,0,0,0,0,0,0,1,12000000.0,-20.56713999999999,31.427320000000005,0.0,0.0,0.0,NA,0.0,0.0
SCHOOL_1637,0,0,0,0,0,0,0,0,0,0,1,5580000.0,-20.50826,31.44571,0.0,0.0,0.0,NA,0.0,0.0
SCHOOL_1638,0,0,0,0,0,0,0,0,0,0,1,4512000.0,-20.501039999999996,31.40482,0.0,0.0,0.0,NA,0.0,0.0
SCHOOL_1639,0,0,0,0,0,0,0,0,0,0,1,6360000.0,-20.46898,31.450650000000003,0.0,0.0,0.0,NA,0.0,0.0
SCHOOL_1640,0,0,0,0,0,0,0,0,0,0,1,5172000.0,-20.53286999999999,31.35443,0.0,0.0,0.0,NA,0.0,0.0
SCHOOL_1641,0,0,0,0,0,0,0,0,0,0,1,3864000.0,-20.50625,31.333920000000003,0.0,0.0,0.0,NA,0.0,0.0
SCHOOL_1642,0,0,0,0,0,0,0,0,0,0,1,7812000.0,-20.48999,31.298220000000004,0.0,0.0,0.0,NA,0.0,0.0
SCHOOL_1643,0,0,0,0,0,0,0,0,0,0,1,5208000.0,-20.483769999999996,31.28928,0.0,0.0,0.0,NA,0.0,0.0
SCHOOL_1644,0,0,0,0,0,0,0,0,0,0,1,7080000.0,-20.46815,31.354209999999995,0.0,0.0,0.0,NA,0.0,0.0
SCHOOL_1645,0,0,0,0,0,0,0,0,0,0,1,7680000.0,-20.45753,31.360749999999996,0.0,0.0,0.0,NA,0.0,0.0
SCHOOL_1646,0,0,0,0,0,0,0,0,0,0,1,10020000.0,-20.449579999999997,31.24784,0.0,0.0,0.0,NA,0.0,0.0
SCHOOL_1647,0,0,0,0,0,0,0,0,0,0,1,5304000.0,-20.438559999999995,31.319930000000003,0.0,0.0,0.0,NA,0.0,0.0
SCHOOL_1648,0,0,0,0,0,0,0,0,0,0,1,8880000.0,-20.40295,31.318080000000002,0.0,0.0,0.0,NA,0.0,0.0
SCHOOL_1649,0,0,0,0,0,0,0,0,0,0,1,5148000.0,-20.399360000000005,31.37086,0.0,0.0,0.0,NA,0.0,0.0
SCHOOL_1650,0,0,0,0,0,0,0,0,0,0,1,9024000.0,-20.555600000000002,31.538600000000002,0.0,0.0,0.0,NA,0.0,0.0
SCHOOL_1651,0,0,0,0,0,0,0,0,0,0,1,5316000.0,-20.547359999999987,31.59455,0.0,0.0,0.0,NA,0.0,0.0
SCHOOL_1652,0,0,0,0,0,0,0,0,0,0,1,3480000.0,-20.52438,31.546909999999997,0.0,0.0,0.0,NA,0.0,0.0
SCHOOL_1653,0,0,0,0,0,0,0,0,0,0,1,5424000.0,-20.522870000000005,31.516519999999996,0.0,0.0,0.0,NA,0.0,0.0
SCHOOL_1654,0,0,0,0,0,0,0,0,0,0,1,10176000.0,-20.458519999999996,31.53628,0.0,0.0,0.0,NA,0.0,0.0
SCHOOL_1655,0,0,0,0,0,0,0,0,0,0,1,4980000.0,-20.4177,31.5938,0.0,0.0,0.0,NA,0.0,0.0
SCHOOL_1656,0,0,0,0,0,0,0,0,0,0,1,7320000.0,-20.404849999999996,31.544990000000002,0.0,0.0,0.0,NA,0.0,0.0
SCHOOL_1657,0,0,0,0,0,0,0,0,0,0,1,5256000.0,-20.40169,31.55362,0.0,0.0,0.0,NA,0.0,0.0
SCHOOL_1658,0,0,0,0,0,0,0,0,0,0,1,7116000.0,-20.36485,31.56727,0.0,0.0,0.0,NA,0.0,0.0
SCHOOL_1659,0,0,0,0,0,0,0,0,0,0,1,6036000.0,-20.362180000000006,31.57886,0.0,0.0,0.0,NA,0.0,0.0
SCHOOL_1660,0,0,0,0,0,0,0,0,0,0,1,5844000.0,-20.46563,31.44992,0.0,0.0,0.0,NA,0.0,0.0
SCHOOL_1661,0,0,0,0,0,0,0,0,0,0,1,3924000.0,-20.463419999999992,31.49703,0.0,0.0,0.0,NA,0.0,0.0
SCHOOL_1662,0,0,0,0,0,0,0,0,0,0,1,12000000.0,-20.43223999999999,31.4164,0.0,0.0,0.0,NA,0.0,0.0
SCHOOL_1663,0,0,0,0,0,0,0,0,0,0,1,12000000.0,-20.429749999999988,31.423360000000002,0.0,0.0,0.0,NA,0.0,0.0
SCHOOL_1664,0,0,0,0,0,0,0,0,0,0,1,7620000.0,-20.406459999999992,31.465750000000003,0.0,0.0,0.0,NA,0.0,0.0
SCHOOL_1665,0,0,0,0,0,0,0,0,0,0,1,12000000.0,-20.40036999999999,31.436900000000005,0.0,0.0,0.0,NA,0.0,0.0
SCHOOL_1666,0,0,0,0,0,0,0,0,0,0,1,12000000.0,-20.39416,31.43236,0.0,0.0,0.0,NA,0.0,0.0
SCHOOL_1667,0,0,0,0,0,0,0,0,0,0,1,11772000.0,-20.372739999999993,31.429930000000002,0.0,0.0,0.0,NA,0.0,0.0
SCHOOL_1668,0,0,0,0,0,0,0,0,0,0,1,11280000.0,-20.366900000000005,31.45789,0.0,0.0,0.0,NA,0.0,0.0
SCHOOL_1669,0,0,0,0,0,0,0,0,0,0,1,5796000.0,-20.364050000000002,31.50418,0.0,0.0,0.0,NA,0.0,0.0
SCHOOL_1670,0,0,0,0,0,0,0,0,0,0,1,10896000.0,-20.399329999999996,31.265609999999995,0.0,0.0,0.0,NA,0.0,0.0
SCHOOL_1671,0,0,0,0,0,0,0,0,0,0,1,9732000.0,-20.395999999999997,31.259129999999995,0.0,0.0,0.0,NA,0.0,0.0
SCHOOL_1672,0,0,0,0,0,0,0,0,0,0,1,2736000.0,-20.38545999999999,31.338660000000004,0.0,0.0,0.0,NA,0.0,0.0
SCHOOL_1673,0,0,0,0,0,0,0,0,0,0,1,6576000.0,-20.366030000000002,31.36603,0.0,0.0,0.0,NA,0.0,0.0
SCHOOL_1674,0,0,0,0,0,0,0,0,0,0,1,7344000.0,-20.357529999999997,31.31728,0.0,0.0,0.0,NA,0.0,0.0
SCHOOL_1675,0,0,0,0,0,0,0,0,0,0,1,8892000.0,-20.321879999999993,31.36328,0.0,0.0,0.0,NA,0.0,0.0
SCHOOL_1676,0,0,0,0,0,0,0,0,0,0,1,5484000.0,-20.31432,31.354209999999995,0.0,0.0,0.0,NA,0.0,0.0
SCHOOL_1677,0,0,0,0,0,0,0,0,0,0,1,3672000.0,-20.305870000000002,31.2408,0.0,0.0,0.0,NA,0.0,0.0
SCHOOL_1678,0,0,0,0,0,0,0,0,0,0,1,6984000.0,-20.303579999999997,31.24123,0.0,0.0,0.0,NA,0.0,0.0
SCHOOL_1679,0,0,0,0,0,0,0,0,0,0,1,6408000.0,-20.2929,31.2894,0.0,0.0,0.0,NA,0.0,0.0
SCHOOL_1680,0,0,0,0,0,0,0,0,0,0,1,5904000.0,-20.93999,32.07052,0.0,0.0,0.0,NA,0.0,0.0
SCHOOL_1681,0,0,0,0,0,0,0,0,0,0,1,5988000.0,-20.933729999999997,32.12814,0.0,0.0,0.0,NA,0.0,0.0
SCHOOL_1682,0,0,0,0,0,0,0,0,0,0,2,17064000.0,-20.93351000000077,32.14764999998243,0.0,0.0,0.0,NA,0.0,0.0
SCHOOL_1683,0,0,0,0,0,0,0,0,0,0,2,6564000.0,-20.90460000002285,32.09624499997103,0.0,0.0,0.0,NA,0.0,0.0
SCHOOL_1684,0,0,0,0,0,0,0,0,0,0,1,5964000.0,-20.87719,32.14861,0.0,0.0,0.0,NA,0.0,0.0
SCHOOL_1685,0,0,0,0,0,0,0,0,0,0,1,12000000.0,-20.865949999999998,32.1684,0.0,0.0,0.0,NA,0.0,0.0
SCHOOL_1686,0,0,0,0,0,0,0,0,0,0,1,3360000.0,-20.823699999999995,32.18088,0.0,0.0,0.0,NA,0.0,0.0
SCHOOL_1687,0,0,0,0,0,0,0,0,0,0,1,11232000.0,-20.820879999999995,32.18031,0.0,0.0,0.0,NA,0.0,0.0
SCHOOL_1688,0,0,0,0,0,0,0,0,0,0,1,2364000.0,-20.931119999999993,32.40454,0.0,0.0,0.0,NA,0.0,0.0
SCHOOL_1689,0,0,0,0,0,0,0,0,0,0,1,9468000.0,-20.883040000000005,32.38443,0.0,0.0,0.0,NA,0.0,0.0
SCHOOL_1690,0,0,0,0,0,0,0,0,0,0,1,8016000.0,-20.872430000000005,32.2148,0.0,0.0,0.0,NA,0.0,0.0
SCHOOL_1691,0,0,0,0,0,0,0,0,0,0,1,6408000.0,-20.870359999999998,32.22231,0.0,0.0,0.0,NA,0.0,0.0
SCHOOL_1692,0,0,0,0,0,0,0,0,0,0,1,12000000.0,-20.836910000000003,32.33468,0.0,0.0,0.0,NA,0.0,0.0
SCHOOL_1693,0,0,0,0,0,0,0,0,0,0,1,12000000.0,-20.902929999999998,32.46832,0.0,0.0,0.0,NA,0.0,0.0
SCHOOL_1694,0,0,0,0,0,0,0,0,0,0,1,3108000.0,-20.900509999999993,32.4842,0.0,0.0,0.0,NA,0.0,0.0
SCHOOL_1695,0,0,0,0,0,0,0,0,0,0,1,12000000.0,-20.831129999999995,32.40787,0.0,0.0,0.0,NA,0.0,0.0
SCHOOL_1696,0,0,0,0,0,0,0,0,0,0,1,10752000.0,-20.827509999999993,32.43467,0.0,0.0,0.0,NA,0.0,0.0
SCHOOL_1697,0,0,0,0,0,0,0,0,0,0,1,12000000.0,-20.743630000000003,32.44348,0.0,0.0,0.0,NA,0.0,0.0
SCHOOL_1698,0,0,0,0,0,0,0,0,0,0,1,7620000.0,-20.74255,32.45321,0.0,0.0,0.0,NA,0.0,0.0
SCHOOL_1699,0,0,0,0,0,0,0,0,0,0,1,7452000.0,-20.718300000000003,32.41012,0.0,0.0,0.0,NA,0.0,0.0
SCHOOL_1700,0,0,0,0,0,0,0,0,0,0,1,12000000.0,-20.768860000000004,32.27738,0.0,0.0,0.0,NA,0.0,0.0
SCHOOL_1701,0,0,0,0,0,0,0,0,0,0,2,5592000.0,-20.765870000004877,32.20099499996406,0.0,0.0,0.0,NA,0.0,0.0
SCHOOL_1702,0,0,0,0,0,0,0,0,0,0,1,12000000.0,-20.764149999999997,32.38182,0.0,0.0,0.0,NA,0.0,0.0
SCHOOL_1703,0,0,0,0,0,0,0,0,0,0,1,12000000.0,-20.723660000000002,32.36565,0.0,0.0,0.0,NA,0.0,0.0
SCHOOL_1704,0,0,0,0,0,0,0,0,0,0,1,8760000.0,-20.717910000000003,32.21135,0.0,0.0,0.0,NA,0.0,0.0
SCHOOL_1705,0,0,0,0,0,0,0,0,0,0,1,3396000.0,-20.71375,32.3632,0.0,0.0,0.0,NA,0.0,0.0
SCHOOL_1706,0,0,0,0,0,0,0,0,0,0,1,1608000.0,-20.70204,32.46224,0.0,0.0,0.0,NA,0.0,0.0
SCHOOL_1707,0,0,0,0,0,0,0,0,0,0,1,12000000.0,-20.698860000000003,32.47577,0.0,0.0,0.0,NA,0.0,0.0
SCHOOL_1708,0,0,0,0,0,0,0,0,0,0,1,2268000.0,-20.649450000000005,32.43196,0.0,0.0,0.0,NA,0.0,0.0
SCHOOL_1709,0,0,0,0,0,0,0,0,0,0,1,7272000.0,-20.64718999999999,32.45322,0.0,0.0,0.0,NA,0.0,0.0
SCHOOL_1710,0,0,0,0,0,0,0,0,0,0,1,6204000.0,-20.62508,32.41273,0.0,0.0,0.0,NA,0.0,0.0
SCHOOL_1711,0,0,0,0,0,0,0,0,0,0,1,7956000.0,-20.584739999999993,32.41869,0.0,0.0,0.0,NA,0.0,0.0
SCHOOL_1712,0,0,0,0,0,0,0,0,0,0,1,12000000.0,-20.71361,32.27052,0.0,0.0,0.0,NA,0.0,0.0
SCHOOL_1713,0,0,0,0,0,0,0,0,0,0,1,7320000.0,-20.658609999999996,32.26767,0.0,0.0,0.0,NA,0.0,0.0
SCHOOL_1714,0,0,0,0,0,0,0,0,0,0,1,12000000.0,-20.654629999999997,32.3352,0.0,0.0,0.0,NA,0.0,0.0
SCHOOL_1715,0,0,0,0,0,0,0,0,0,0,1,9132000.0,-20.646719999999995,32.31708,0.0,0.0,0.0,NA,0.0,0.0
SCHOOL_1716,0,0,0,0,0,0,0,0,0,0,1,4104000.0,-20.641259999999996,32.21536,0.0,0.0,0.0,NA,0.0,0.0
SCHOOL_1717,0,0,0,0,0,0,0,0,0,0,1,9156000.0,-20.601830000000003,32.27776,0.0,0.0,0.0,NA,0.0,0.0
SCHOOL_1718,0,0,0,0,0,0,0,0,0,0,1,12000000.0,-20.54119,32.37954,0.0,0.0,0.0,NA,0.0,0.0
SCHOOL_1719,0,0,0,0,0,0,0,0,0,0,1,6180000.0,-20.570699999999995,32.474900000000005,0.0,0.0,0.0,NA,0.0,0.0
SCHOOL_1720,0,0,0,0,0,0,0,0,0,0,1,5316000.0,-20.53464,32.51825,0.0,0.0,0.0,NA,0.0,0.0
SCHOOL_1721,0,0,0,0,0,0,0,0,0,0,1,7056000.0,-20.530699999999996,32.47281,0.0,0.0,0.0,NA,0.0,0.0
SCHOOL_1722,0,0,0,0,0,0,0,0,0,0,1,6000000.0,-20.516989999999993,32.45804,0.0,0.0,0.0,NA,0.0,0.0
SCHOOL_1723,0,0,0,0,0,0,0,0,0,0,1,3204000.0,-20.506500000000003,32.51031,0.0,0.0,0.0,NA,0.0,0.0
SCHOOL_1724,0,0,0,0,0,0,0,0,0,0,1,4320000.0,-20.503699999999995,32.45955,0.0,0.0,0.0,NA,0.0,0.0
SCHOOL_1725,0,0,0,0,0,0,0,0,0,0,1,6144000.0,-20.474320000000002,32.44318,0.0,0.0,0.0,NA,0.0,0.0
SCHOOL_1726,0,0,0,0,0,0,0,0,0,0,2,14892000.0,-20.46957000002859,32.51956000003639,0.0,0.0,0.0,NA,0.0,0.0
SCHOOL_1727,0,0,0,0,0,0,0,0,0,0,1,12000000.0,-20.464709999999997,32.55233,0.0,0.0,0.0,NA,0.0,0.0
SCHOOL_1728,0,0,0,0,0,0,0,0,0,0,1,12000000.0,-20.483009999999997,32.375,0.0,0.0,0.0,NA,0.0,0.0
SCHOOL_1729,0,0,0,0,0,0,0,0,0,0,1,11292000.0,-20.477300000000003,32.35585,0.0,0.0,0.0,NA,0.0,0.0
SCHOOL_1730,0,0,0,0,0,0,0,0,0,0,1,3768000.0,-20.45190999999999,32.19196,0.0,0.0,0.0,NA,0.0,0.0
SCHOOL_1731,0,0,0,0,0,0,0,0,0,0,1,12000000.0,-20.44421,32.32344,0.0,0.0,0.0,NA,0.0,0.0
SCHOOL_1732,0,0,0,0,0,0,0,0,0,0,1,12000000.0,-20.436079999999997,32.35872,0.0,0.0,0.0,NA,0.0,0.0
SCHOOL_1733,0,0,0,0,0,0,0,0,0,0,1,8652000.0,-20.435179999999995,32.36954,0.0,0.0,0.0,NA,0.0,0.0
SCHOOL_1734,0,0,0,0,0,0,0,0,0,0,1,9564000.0,-20.4553,32.51807,0.0,0.0,0.0,NA,0.0,0.0
SCHOOL_1735,0,0,0,0,0,0,0,0,0,0,1,3408000.0,-20.439480000000003,32.43788,0.0,0.0,0.0,NA,0.0,0.0
SCHOOL_1736,0,0,0,0,0,0,0,0,0,0,1,5340000.0,-20.439069999999997,32.50699,0.0,0.0,0.0,NA,0.0,0.0
SCHOOL_1737,0,0,0,0,0,0,0,0,0,0,1,6696000.0,-20.437499999999993,32.49045000000001,0.0,0.0,0.0,NA,0.0,0.0
SCHOOL_1738,0,0,0,0,0,0,0,0,0,0,1,9840000.0,-20.420439999999996,32.48346,0.0,0.0,0.0,NA,0.0,0.0
SCHOOL_1739,0,0,0,0,0,0,0,0,0,0,1,5508000.0,-20.406459999999996,32.47816,0.0,0.0,0.0,NA,0.0,0.0
SCHOOL_1740,0,0,0,0,0,0,0,0,0,0,1,7104000.0,-20.40592,32.48362,0.0,0.0,0.0,NA,0.0,0.0
SCHOOL_1741,0,0,0,0,0,0,0,0,0,0,1,10980000.0,-20.39294,32.5116,0.0,0.0,0.0,NA,0.0,0.0
SCHOOL_1742,0,0,0,0,0,0,0,0,0,0,1,1704000.0,-20.386559999999992,32.52947,0.0,0.0,0.0,NA,0.0,0.0
SCHOOL_1743,0,0,0,0,0,0,0,0,0,0,1,5628000.0,-20.360310000000002,32.48322,0.0,0.0,0.0,NA,0.0,0.0
SCHOOL_1744,0,0,0,0,0,0,0,0,0,0,1,3624000.0,-20.253400000000006,32.3922,0.0,0.0,0.0,NA,0.0,0.0
SCHOOL_1745,0,0,0,0,0,0,0,0,0,0,1,12000000.0,-20.246170000000006,32.3907,0.0,0.0,0.0,NA,0.0,0.0
SCHOOL_1746,0,0,0,0,0,0,0,0,0,0,1,12000000.0,-20.228209999999994,32.37329,0.0,0.0,0.0,NA,0.0,0.0
SCHOOL_1747,0,0,0,0,0,0,0,0,0,0,1,9444000.0,-21.063899999999997,31.63558,0.0,0.0,0.0,NA,0.0,0.0
SCHOOL_1748,0,0,0,0,0,0,0,0,0,0,1,5772000.0,-21.04011,31.61635,0.0,0.0,0.0,NA,0.0,0.0
SCHOOL_1749,0,0,0,0,0,0,0,0,0,0,1,1848000.0,-20.93725,31.667880000000004,0.0,0.0,0.0,NA,0.0,0.0
SCHOOL_1750,0,0,0,0,0,0,0,0,0,0,1,3828000.0,-20.911590000000004,31.622079999999997,0.0,0.0,0.0,NA,0.0,0.0
SCHOOL_1751,0,0,0,0,0,0,0,0,0,0,1,10140000.0,-20.811750000000004,31.7199,0.0,0.0,0.0,NA,0.0,0.0
SCHOOL_1752,0,0,0,0,0,0,0,0,0,0,1,7200000.0,-20.752850000000002,31.63423,0.0,0.0,0.0,NA,0.0,0.0
SCHOOL_1753,0,0,0,0,0,0,0,0,0,0,3,9660000.0,-20.982596666652665,31.77632333438869,0.0,0.0,0.0,NA,0.0,0.0
SCHOOL_1754,0,0,0,0,0,0,0,0,0,0,1,4212000.0,-20.916339999999998,31.753569999999996,0.0,0.0,0.0,NA,0.0,0.0
SCHOOL_1755,0,0,0,0,0,0,0,0,0,0,1,10212000.0,-20.83216,31.792149999999996,0.0,0.0,0.0,NA,0.0,0.0
SCHOOL_1756,0,0,0,0,0,0,0,0,0,0,1,6972000.0,-20.7692,31.743429999999996,0.0,0.0,0.0,NA,0.0,0.0
SCHOOL_1757,0,0,0,0,0,0,0,0,0,0,1,4752000.0,-20.67916999999999,31.75746,0.0,0.0,0.0,NA,0.0,0.0
SCHOOL_1758,0,0,0,0,0,0,0,0,0,0,2,16224000.0,-20.67641500000005,31.75430500000017,0.0,0.0,0.0,NA,0.0,0.0
SCHOOL_1759,0,0,0,0,0,0,0,0,0,0,1,7440000.0,-20.618380000000002,31.74906,0.0,0.0,0.0,NA,0.0,0.0
SCHOOL_1760,0,0,0,0,0,0,0,0,0,0,1,4452000.0,-20.974649999999997,31.847250000000003,0.0,0.0,0.0,NA,0.0,0.0
SCHOOL_1761,0,0,0,0,0,0,0,0,0,0,1,8676000.0,-20.952899999999993,31.92598,0.0,0.0,0.0,NA,0.0,0.0
SCHOOL_1762,0,0,0,0,0,0,0,0,0,0,1,12000000.0,-20.827359999999995,31.882940000000005,0.0,0.0,0.0,NA,0.0,0.0
SCHOOL_1763,0,0,0,0,0,0,0,0,0,0,1,7248000.0,-20.80206,31.841920000000002,0.0,0.0,0.0,NA,0.0,0.0
SCHOOL_1764,0,0,0,0,0,0,0,0,0,0,1,2940000.0,-20.78561,31.84943,0.0,0.0,0.0,NA,0.0,0.0
SCHOOL_1765,0,0,0,0,0,0,0,0,0,0,1,2784000.0,-20.778549999999992,31.891960000000005,0.0,0.0,0.0,NA,0.0,0.0
SCHOOL_1766,0,0,0,0,0,0,0,0,0,0,1,12000000.0,-20.64778,31.84168,0.0,0.0,0.0,NA,0.0,0.0
SCHOOL_1767,0,0,0,0,0,0,0,0,0,0,1,9144000.0,-20.605929999999994,31.87424,0.0,0.0,0.0,NA,0.0,0.0
SCHOOL_1768,0,0,0,0,0,0,0,0,0,0,1,10956000.0,-20.555809999999994,31.93668,0.0,0.0,0.0,NA,0.0,0.0
SCHOOL_1769,0,0,0,0,0,0,0,0,0,0,1,2124000.0,-20.5088,31.965690000000002,0.0,0.0,0.0,NA,0.0,0.0
SCHOOL_1770,0,0,0,0,0,0,0,0,0,0,1,5304000.0,-20.73535,31.691300000000002,0.0,0.0,0.0,NA,0.0,0.0
SCHOOL_1771,0,0,0,0,0,0,0,0,0,0,2,7680000.0,-20.699780000041496,31.61914499995494,0.0,0.0,0.0,NA,0.0,0.0
SCHOOL_1772,0,0,0,0,0,0,0,0,0,0,1,3660000.0,-20.67373,31.65038,0.0,0.0,0.0,NA,0.0,0.0
SCHOOL_1773,0,0,0,0,0,0,0,0,0,0,1,7224000.0,-20.636450000000004,31.660060000000005,0.0,0.0,0.0,NA,0.0,0.0
SCHOOL_1774,0,0,0,0,0,0,0,0,0,0,1,12000000.0,-20.617170000000005,31.719669999999997,0.0,0.0,0.0,NA,0.0,0.0
SCHOOL_1775,0,0,0,0,0,0,0,0,0,0,1,8688000.0,-20.56936,31.646799999999995,0.0,0.0,0.0,NA,0.0,0.0
SCHOOL_1776,0,0,0,0,0,0,0,0,0,0,1,11448000.0,-20.562709999999996,31.645649999999996,0.0,0.0,0.0,NA,0.0,0.0
SCHOOL_1777,0,0,0,0,0,0,0,0,0,0,1,8292000.0,-20.554809999999996,31.708500000000004,0.0,0.0,0.0,NA,0.0,0.0
SCHOOL_1778,0,0,0,0,0,0,0,0,0,0,1,8736000.0,-20.49788,31.667540000000002,0.0,0.0,0.0,NA,0.0,0.0
SCHOOL_1779,0,0,0,0,0,0,0,0,0,0,1,8100000.0,-20.542319999999997,31.803129999999996,0.0,0.0,0.0,NA,0.0,0.0
SCHOOL_1780,0,0,0,0,0,0,0,0,0,0,1,3744000.0,-20.534420000000004,31.80662,0.0,0.0,0.0,NA,0.0,0.0
SCHOOL_1781,0,0,0,0,0,0,0,0,0,0,1,3732000.0,-20.532989999999995,31.73153,0.0,0.0,0.0,NA,0.0,0.0
SCHOOL_1782,0,0,0,0,0,0,0,0,0,0,1,6924000.0,-20.50652,31.773660000000003,0.0,0.0,0.0,NA,0.0,0.0
SCHOOL_1783,0,0,0,0,0,0,0,0,0,0,2,21240000.0,-20.48972,31.74927,0.0,0.0,0.0,NA,0.0,0.0
SCHOOL_1784,0,0,0,0,0,0,0,0,0,0,1,4176000.0,-20.45626,31.787650000000003,0.0,0.0,0.0,NA,0.0,0.0
SCHOOL_1785,0,0,0,0,0,0,0,0,0,0,1,7416000.0,-20.432030000000005,31.72815,0.0,0.0,0.0,NA,0.0,0.0
SCHOOL_1786,0,0,0,0,0,0,0,0,0,0,1,6204000.0,-20.395540000000008,31.74567,0.0,0.0,0.0,NA,0.0,0.0
SCHOOL_1787,0,0,0,0,0,0,0,0,0,0,1,2136000.0,-20.39063,31.75495,0.0,0.0,0.0,NA,0.0,0.0
SCHOOL_1788,0,0,0,0,0,0,0,0,0,0,1,5796000.0,-20.497179999999993,31.923269999999995,0.0,0.0,0.0,NA,0.0,0.0
SCHOOL_1789,0,0,0,0,0,0,0,0,0,0,1,7584000.0,-20.472530000000003,31.86132,0.0,0.0,0.0,NA,0.0,0.0
SCHOOL_1790,0,0,0,0,0,0,0,0,0,0,1,12000000.0,-20.469560000000005,31.84994,0.0,0.0,0.0,NA,0.0,0.0
SCHOOL_1791,0,0,0,0,0,0,0,0,0,0,1,10284000.0,-20.45351999999999,31.97794,0.0,0.0,0.0,NA,0.0,0.0
SCHOOL_1792,0,0,0,0,0,0,0,0,0,0,1,8160000.0,-20.43466,31.89883,0.0,0.0,0.0,NA,0.0,0.0
SCHOOL_1793,0,0,0,0,0,0,0,0,0,0,1,10164000.0,-20.420469999999998,31.836890000000004,0.0,0.0,0.0,NA,0.0,0.0
SCHOOL_1794,0,0,0,0,0,0,0,0,0,0,1,7296000.0,-20.40827,31.83486,0.0,0.0,0.0,NA,0.0,0.0
SCHOOL_1795,0,0,0,0,0,0,0,0,0,0,1,3744000.0,-20.36793000000001,31.91549,0.0,0.0,0.0,NA,0.0,0.0
SCHOOL_1796,0,0,0,0,0,0,0,0,0,0,1,8040000.0,-20.303020000000004,31.93162,0.0,0.0,0.0,NA,0.0,0.0
SCHOOL_1797,0,0,0,0,0,0,0,0,0,0,1,3132000.0,-20.25294999999999,31.939110000000003,0.0,0.0,0.0,NA,0.0,0.0
SCHOOL_1798,0,0,0,0,0,0,0,0,0,0,2,15012000.0,-20.477365000436617,31.634499999630393,0.0,0.0,0.0,NA,0.0,0.0
SCHOOL_1799,0,0,0,0,0,0,0,0,0,0,1,10212000.0,-20.43641999999999,31.71187,0.0,0.0,0.0,NA,0.0,0.0
SCHOOL_1800,0,0,0,0,0,0,0,0,0,0,1,4416000.0,-20.41596,31.6422,0.0,0.0,0.0,NA,0.0,0.0
SCHOOL_1801,0,0,0,0,0,0,0,0,0,0,1,11532000.0,-20.381249999999994,31.667790000000004,0.0,0.0,0.0,NA,0.0,0.0
SCHOOL_1802,0,0,0,0,0,0,0,0,0,0,1,6288000.0,-20.378469999999997,31.68346,0.0,0.0,0.0,NA,0.0,0.0
SCHOOL_1803,0,0,0,0,0,0,0,0,0,0,1,5724000.0,-20.35699,31.6037,0.0,0.0,0.0,NA,0.0,0.0
SCHOOL_1804,0,0,0,0,0,0,0,0,0,0,1,3480000.0,-20.2762,31.718129999999995,0.0,0.0,0.0,NA,0.0,0.0
SCHOOL_1805,0,0,0,0,0,0,0,0,0,0,1,4356000.0,-20.27124999999999,31.67587,0.0,0.0,0.0,NA,0.0,0.0
SCHOOL_1806,0,0,0,0,0,0,0,0,0,0,1,7116000.0,-20.24308,31.64585,0.0,0.0,0.0,NA,0.0,0.0
SCHOOL_1807,0,0,0,0,0,0,0,0,0,0,1,4992000.0,-20.79726000000001,32.05253,0.0,0.0,0.0,NA,0.0,0.0
SCHOOL_1808,0,0,0,0,0,0,0,0,0,0,1,3432000.0,-20.75012,32.17092,0.0,0.0,0.0,NA,0.0,0.0
SCHOOL_1809,0,0,0,0,0,0,0,0,0,0,1,3300000.0,-20.48597,32.11056,0.0,0.0,0.0,NA,0.0,0.0
SCHOOL_1810,0,0,0,0,0,0,0,0,0,0,1,1428000.0,-19.949559999999998,32.11092,0.0,0.0,0.0,NA,0.0,0.0
SCHOOL_1811,0,0,0,0,0,0,0,0,0,0,1,5364000.0,-19.947209999999995,32.11133,0.0,0.0,0.0,NA,0.0,0.0
SCHOOL_1812,0,0,0,0,0,0,0,0,0,0,1,3708000.0,-19.892609999999994,32.12008,0.0,0.0,0.0,NA,0.0,0.0
SCHOOL_1813,0,0,0,0,0,0,0,0,0,0,1,4632000.0,-19.851439999999997,32.09428,0.0,0.0,0.0,NA,0.0,0.0
SCHOOL_1814,0,0,0,0,0,0,0,0,0,0,1,8892000.0,-19.834950000000003,32.08315,0.0,0.0,0.0,NA,0.0,0.0
SCHOOL_1815,0,0,0,0,0,0,0,0,0,0,1,7932000.0,-19.822669999999995,32.02405,0.0,0.0,0.0,NA,0.0,0.0
SCHOOL_1816,0,0,0,0,0,0,0,0,0,0,1,5916000.0,-19.82223000000001,32.16527,0.0,0.0,0.0,NA,0.0,0.0
SCHOOL_1817,0,0,0,0,0,0,0,0,0,0,1,3252000.0,-20.335190000000004,31.808360000000004,0.0,0.0,0.0,NA,0.0,0.0
SCHOOL_1818,0,0,0,0,0,0,0,0,0,0,1,2484000.0,-20.334039999999998,31.72108,0.0,0.0,0.0,NA,0.0,0.0
SCHOOL_1819,0,0,0,0,0,0,0,0,0,0,1,1680000.0,-20.274569999999997,31.78323,0.0,0.0,0.0,NA,0.0,0.0
SCHOOL_1820,0,0,0,0,0,0,0,0,0,0,1,3540000.0,-20.26981,31.724320000000002,0.0,0.0,0.0,NA,0.0,0.0
SCHOOL_1821,0,0,0,0,0,0,0,0,0,0,1,2724000.0,-20.263939999999998,31.83313,0.0,0.0,0.0,NA,0.0,0.0
SCHOOL_1822,0,0,0,0,0,0,0,0,0,0,1,3552000.0,-20.237919999999995,31.74553,0.0,0.0,0.0,NA,0.0,0.0
SCHOOL_1823,0,0,0,0,0,0,0,0,0,0,1,5352000.0,-20.231479999999998,31.797759999999997,0.0,0.0,0.0,NA,0.0,0.0
SCHOOL_1824,0,0,0,0,0,0,0,0,0,0,1,7716000.0,-20.222569999999994,31.803060000000002,0.0,0.0,0.0,NA,0.0,0.0
SCHOOL_1825,0,0,0,0,0,0,0,0,0,0,1,7920000.0,-20.19521999999999,31.803730000000005,0.0,0.0,0.0,NA,0.0,0.0
SCHOOL_1826,0,0,0,0,0,0,0,0,0,0,1,3624000.0,-20.174309999999995,31.777510000000003,0.0,0.0,0.0,NA,0.0,0.0
SCHOOL_1827,0,0,0,0,0,0,0,0,0,0,1,7440000.0,-20.228809999999996,31.61365,0.0,0.0,0.0,NA,0.0,0.0
SCHOOL_1828,0,0,0,0,0,0,0,0,0,0,1,4464000.0,-20.2277,31.677890000000005,0.0,0.0,0.0,NA,0.0,0.0
SCHOOL_1829,0,0,0,0,0,0,0,0,0,0,1,7092000.0,-20.224180000000008,31.6057,0.0,0.0,0.0,NA,0.0,0.0
SCHOOL_1830,0,0,0,0,0,0,0,0,0,0,1,10392000.0,-20.21057,31.70898,0.0,0.0,0.0,NA,0.0,0.0
SCHOOL_1831,0,0,0,0,0,0,0,0,0,0,1,7584000.0,-20.20465,31.6995,0.0,0.0,0.0,NA,0.0,0.0
SCHOOL_1832,0,0,0,0,0,0,0,0,0,0,1,8112000.0,-20.162659999999995,31.704600000000003,0.0,0.0,0.0,NA,0.0,0.0
SCHOOL_1833,0,0,0,0,0,0,0,0,0,0,1,11052000.0,-20.155300000000004,31.659449999999996,0.0,0.0,0.0,NA,0.0,0.0
SCHOOL_1834,0,0,0,0,0,0,0,0,0,0,1,4272000.0,-20.152210000000004,31.668840000000003,0.0,0.0,0.0,NA,0.0,0.0
SCHOOL_1835,0,0,0,0,0,0,0,0,0,0,1,6660000.0,-20.137429999999995,31.609740000000002,0.0,0.0,0.0,NA,0.0,0.0
SCHOOL_1836,0,0,0,0,0,0,0,0,0,0,1,12000000.0,-20.13455,31.71913,0.0,0.0,0.0,NA,0.0,0.0
SCHOOL_1837,0,0,0,0,0,0,0,0,0,0,1,5592000.0,-20.349810000000005,31.40256,0.0,0.0,0.0,NA,0.0,0.0
SCHOOL_1838,0,0,0,0,0,0,0,0,0,0,1,9288000.0,-20.33347999999999,31.454960000000003,0.0,0.0,0.0,NA,0.0,0.0
SCHOOL_1839,0,0,0,0,0,0,0,0,0,0,1,7860000.0,-20.32578,31.49912,0.0,0.0,0.0,NA,0.0,0.0
SCHOOL_1840,0,0,0,0,0,0,0,0,0,0,1,8868000.0,-20.32204,31.50088,0.0,0.0,0.0,NA,0.0,0.0
SCHOOL_1841,0,0,0,0,0,0,0,0,0,0,1,8616000.0,-20.307260000000003,31.417710000000003,0.0,0.0,0.0,NA,0.0,0.0
SCHOOL_1842,0,0,0,0,0,0,0,0,0,0,1,7044000.0,-20.302289999999996,31.471269999999997,0.0,0.0,0.0,NA,0.0,0.0
SCHOOL_1843,0,0,0,0,0,0,0,0,0,0,1,3648000.0,-20.282389999999996,31.39841,0.0,0.0,0.0,NA,0.0,0.0
SCHOOL_1844,0,0,0,0,0,0,0,0,0,0,1,5532000.0,-20.276960000000003,31.396099999999997,0.0,0.0,0.0,NA,0.0,0.0
SCHOOL_1845,0,0,0,0,0,0,0,0,0,0,1,9432000.0,-20.259270000000004,31.471210000000003,0.0,0.0,0.0,NA,0.0,0.0
SCHOOL_1846,0,0,0,0,0,0,0,0,0,0,1,6948000.0,-20.250000000000004,31.40198,0.0,0.0,0.0,NA,0.0,0.0
SCHOOL_1847,0,0,0,0,0,0,0,0,0,0,1,5472000.0,-20.329869999999993,31.53705,0.0,0.0,0.0,NA,0.0,0.0
SCHOOL_1848,0,0,0,0,0,0,0,0,0,0,1,1680000.0,-20.305949999999996,31.602259999999998,0.0,0.0,0.0,NA,0.0,0.0
SCHOOL_1849,0,0,0,0,0,0,0,0,0,0,1,9144000.0,-20.303530000000006,31.587560000000003,0.0,0.0,0.0,NA,0.0,0.0
SCHOOL_1850,0,0,0,0,0,0,0,0,0,0,1,4248000.0,-20.279709999999998,31.52674,0.0,0.0,0.0,NA,0.0,0.0
SCHOOL_1851,0,0,0,0,0,0,0,0,0,0,1,12000000.0,-20.279500000000002,31.52174,0.0,0.0,0.0,NA,0.0,0.0
SCHOOL_1852,0,0,0,0,0,0,0,0,0,0,1,8268000.0,-20.271280000000004,31.569049999999997,0.0,0.0,0.0,NA,0.0,0.0
SCHOOL_1853,0,0,0,0,0,0,0,0,0,0,1,8400000.0,-20.23227,31.5382,0.0,0.0,0.0,NA,0.0,0.0
SCHOOL_1854,0,0,0,0,0,0,0,0,0,0,1,8088000.0,-20.22484,31.53783,0.0,0.0,0.0,NA,0.0,0.0
SCHOOL_1855,0,0,0,0,0,0,0,0,0,0,1,7272000.0,-20.204280000000004,31.51311,0.0,0.0,0.0,NA,0.0,0.0
SCHOOL_1856,0,0,0,0,0,0,0,0,0,0,1,7332000.0,-20.19718,31.556390000000004,0.0,0.0,0.0,NA,0.0,0.0
SCHOOL_1857,0,0,0,0,0,0,0,0,0,0,1,7656000.0,-20.28101,31.364779999999996,0.0,0.0,0.0,NA,0.0,0.0
SCHOOL_1858,0,0,0,0,0,0,0,0,0,0,1,6756000.0,-20.268139999999992,31.342450000000003,0.0,0.0,0.0,NA,0.0,0.0
SCHOOL_1859,0,0,0,0,0,0,0,0,0,0,1,3264000.0,-20.263059999999996,31.3522,0.0,0.0,0.0,NA,0.0,0.0
SCHOOL_1860,0,0,0,0,0,0,0,0,0,0,1,2664000.0,-20.25205,31.28971,0.0,0.0,0.0,NA,0.0,0.0
SCHOOL_1861,0,0,0,0,0,0,0,0,0,0,1,8328000.0,-20.23851000000001,31.2523,0.0,0.0,0.0,NA,0.0,0.0
SCHOOL_1862,0,0,0,0,0,0,0,0,0,0,1,7044000.0,-20.187199999999997,31.27728,0.0,0.0,0.0,NA,0.0,0.0
SCHOOL_1863,0,0,0,0,0,0,0,0,0,0,1,5268000.0,-20.18669999999999,31.262500000000003,0.0,0.0,0.0,NA,0.0,0.0
SCHOOL_1864,0,0,0,0,0,0,0,0,0,0,2,20124000.0,-20.169700004075118,31.300194997761423,0.0,0.0,0.0,NA,0.0,0.0
SCHOOL_1865,0,0,0,0,0,0,0,0,0,0,1,2892000.0,-20.16155,31.375,0.0,0.0,0.0,NA,0.0,0.0
SCHOOL_1866,0,0,0,0,0,0,0,0,0,0,1,3912000.0,-20.249779999999998,31.48266,0.0,0.0,0.0,NA,0.0,0.0
SCHOOL_1867,0,0,0,0,0,0,0,0,0,0,1,8520000.0,-20.218379999999996,31.42428,0.0,0.0,0.0,NA,0.0,0.0
SCHOOL_1868,0,0,0,0,0,0,0,0,0,0,1,12000000.0,-20.21328,31.424250000000004,0.0,0.0,0.0,NA,0.0,0.0
SCHOOL_1869,0,0,0,0,0,0,0,0,0,0,1,6948000.0,-20.207709999999995,31.466860000000004,0.0,0.0,0.0,NA,0.0,0.0
SCHOOL_1870,0,0,0,0,0,0,0,0,0,0,1,9372000.0,-20.17655999999999,31.38135,0.0,0.0,0.0,NA,0.0,0.0
SCHOOL_1871,0,0,0,0,0,0,0,0,0,0,1,2748000.0,-20.157460000000004,31.45948,0.0,0.0,0.0,NA,0.0,0.0
SCHOOL_1872,0,0,0,0,0,0,0,0,0,0,1,9576000.0,-20.14837,31.45962,0.0,0.0,0.0,NA,0.0,0.0
SCHOOL_1873,0,0,0,0,0,0,0,0,0,0,1,5088000.0,-20.136979999999994,31.42135,0.0,0.0,0.0,NA,0.0,0.0
SCHOOL_1874,0,0,0,0,0,0,0,0,0,0,1,3408000.0,-20.128759999999996,31.383449999999996,0.0,0.0,0.0,NA,0.0,0.0
SCHOOL_1875,0,0,0,0,0,0,0,0,0,0,1,9372000.0,-20.10426,31.406610000000004,0.0,0.0,0.0,NA,0.0,0.0
SCHOOL_1876,0,0,0,0,0,0,0,0,0,0,1,9408000.0,-20.17950999999999,31.59868,0.0,0.0,0.0,NA,0.0,0.0
SCHOOL_1877,0,0,0,0,0,0,0,0,0,0,1,4164000.0,-20.143509999999996,31.58681,0.0,0.0,0.0,NA,0.0,0.0
SCHOOL_1878,0,0,0,0,0,0,0,0,0,0,1,11208000.0,-20.13818,31.59158,0.0,0.0,0.0,NA,0.0,0.0
SCHOOL_1879,0,0,0,0,0,0,0,0,0,0,1,10860000.0,-20.086230000000008,31.59883,0.0,0.0,0.0,NA,0.0,0.0
SCHOOL_1880,0,0,0,0,0,0,0,0,0,0,1,3828000.0,-20.053439999999995,31.54093,0.0,0.0,0.0,NA,0.0,0.0
SCHOOL_1881,0,0,0,0,0,0,0,0,0,0,1,6396000.0,-20.050279999999994,31.53703,0.0,0.0,0.0,NA,0.0,0.0
SCHOOL_1882,0,0,0,0,0,0,0,0,0,0,1,6300000.0,-20.04245,31.57818,0.0,0.0,0.0,NA,0.0,0.0
SCHOOL_1883,0,0,0,0,0,0,0,0,0,0,1,12000000.0,-20.00338,31.58901,0.0,0.0,0.0,NA,0.0,0.0
SCHOOL_1884,0,0,0,0,0,0,0,0,0,0,1,4488000.0,-19.99793,31.538789999999995,0.0,0.0,0.0,NA,0.0,0.0
SCHOOL_1885,0,0,0,0,0,0,0,0,0,0,1,5100000.0,-20.100869999999997,31.49879,0.0,0.0,0.0,NA,0.0,0.0
SCHOOL_1886,0,0,0,0,0,0,0,0,0,0,1,6756000.0,-20.09916,31.40801,0.0,0.0,0.0,NA,0.0,0.0
SCHOOL_1887,0,0,0,0,0,0,0,0,0,0,1,6540000.0,-20.075440000000004,31.449590000000004,0.0,0.0,0.0,NA,0.0,0.0
SCHOOL_1888,0,0,0,0,0,0,0,0,0,0,1,1452000.0,-20.06273,31.46933,0.0,0.0,0.0,NA,0.0,0.0
SCHOOL_1889,0,0,0,0,0,0,0,0,0,0,1,10644000.0,-20.021659999999994,31.49148,0.0,0.0,0.0,NA,0.0,0.0
SCHOOL_1890,0,0,0,0,0,0,0,0,0,0,1,4416000.0,-20.019149999999993,31.416939999999997,0.0,0.0,0.0,NA,0.0,0.0
SCHOOL_1891,0,0,0,0,0,0,0,0,0,0,1,6912000.0,-20.015079999999998,31.44822,0.0,0.0,0.0,NA,0.0,0.0
SCHOOL_1892,0,0,0,0,0,0,0,0,0,0,1,12000000.0,-20.011309999999995,31.50564,0.0,0.0,0.0,NA,0.0,0.0
SCHOOL_1893,0,0,0,0,0,0,0,0,0,0,1,9096000.0,-20.007949999999994,31.38845,0.0,0.0,0.0,NA,0.0,0.0
SCHOOL_1894,0,0,0,0,0,0,0,0,0,0,1,3420000.0,-20.00645,31.44484,0.0,0.0,0.0,NA,0.0,0.0
SCHOOL_1895,0,0,0,0,0,0,0,0,0,0,2,7980000.0,-20.12772000017478,31.281820000136506,0.0,0.0,0.0,NA,0.0,0.0
SCHOOL_1896,0,0,0,0,0,0,0,0,0,0,1,6492000.0,-20.0813,31.37097,0.0,0.0,0.0,NA,0.0,0.0
SCHOOL_1897,0,0,0,0,0,0,0,0,0,0,1,5436000.0,-20.079000000000008,31.33525,0.0,0.0,0.0,NA,0.0,0.0
SCHOOL_1898,0,0,0,0,0,0,0,0,0,0,1,3396000.0,-20.029449999999997,31.288,0.0,0.0,0.0,NA,0.0,0.0
SCHOOL_1899,0,0,0,0,0,0,0,0,0,0,1,5256000.0,-20.01457,31.30007,0.0,0.0,0.0,NA,0.0,0.0
SCHOOL_1900,0,0,0,0,0,0,0,0,0,0,1,12000000.0,-20.00333,31.29023,0.0,0.0,0.0,NA,0.0,0.0
SCHOOL_1901,0,0,0,0,0,0,0,0,0,0,1,5040000.0,-19.93369,31.27387,0.0,0.0,0.0,NA,0.0,0.0
SCHOOL_1902,0,0,0,0,0,0,0,0,0,0,1,3888000.0,-19.91992,31.344800000000003,0.0,0.0,0.0,NA,0.0,0.0
SCHOOL_1903,0,0,0,0,0,0,0,0,0,0,1,5952000.0,-19.894550000000006,31.28181,0.0,0.0,0.0,NA,0.0,0.0
SCHOOL_1904,0,0,0,0,0,0,0,0,0,0,1,8904000.0,-19.97971,31.427440000000004,0.0,0.0,0.0,NA,0.0,0.0
SCHOOL_1905,0,0,0,0,0,0,0,0,0,0,1,7536000.0,-19.979450000000003,31.47926,0.0,0.0,0.0,NA,0.0,0.0
SCHOOL_1906,0,0,0,0,0,0,0,0,0,0,1,10836000.0,-19.972740000000005,31.419230000000002,0.0,0.0,0.0,NA,0.0,0.0
SCHOOL_1907,0,0,0,0,0,0,0,0,0,0,1,3216000.0,-19.92703,31.463760000000004,0.0,0.0,0.0,NA,0.0,0.0
SCHOOL_1908,0,0,0,0,0,0,0,0,0,0,1,744000.0,-19.90976,31.46934,0.0,0.0,0.0,NA,0.0,0.0
SCHOOL_1909,0,0,0,0,0,0,0,0,0,0,1,6264000.0,-19.907699999999995,31.42468,0.0,0.0,0.0,NA,0.0,0.0
SCHOOL_1910,0,0,0,0,0,0,0,0,0,0,1,5964000.0,-19.877550000000003,31.37943,0.0,0.0,0.0,NA,0.0,0.0
SCHOOL_1911,0,0,0,0,0,0,0,0,0,0,1,6924000.0,-19.842689999999997,31.398170000000004,0.0,0.0,0.0,NA,0.0,0.0
SCHOOL_1912,0,0,0,0,0,0,0,0,0,0,1,3672000.0,-19.83139,31.395760000000003,0.0,0.0,0.0,NA,0.0,0.0
SCHOOL_1913,0,0,0,0,0,0,0,0,0,0,1,3396000.0,-19.821129999999997,31.432380000000002,0.0,0.0,0.0,NA,0.0,0.0
SCHOOL_1914,0,0,0,0,0,0,0,0,0,0,1,6012000.0,-19.951909999999998,31.555610000000005,0.0,0.0,0.0,NA,0.0,0.0
SCHOOL_1915,0,0,0,0,0,0,0,0,0,0,1,11868000.0,-19.94475,31.549760000000003,0.0,0.0,0.0,NA,0.0,0.0
SCHOOL_1916,0,0,0,0,0,0,0,0,0,0,1,1848000.0,-19.921739999999993,31.51861,0.0,0.0,0.0,NA,0.0,0.0
SCHOOL_1917,0,0,0,0,0,0,0,0,0,0,1,828000.0,-19.86605000000001,31.5188,0.0,0.0,0.0,NA,0.0,0.0
SCHOOL_1918,0,0,0,0,0,0,0,0,0,0,1,2400000.0,-19.82173999999999,31.588530000000002,0.0,0.0,0.0,NA,0.0,0.0
SCHOOL_1919,0,0,0,0,0,0,0,0,0,0,1,948000.0,-19.795779999999997,31.509100000000004,0.0,0.0,0.0,NA,0.0,0.0
SCHOOL_1920,0,0,0,0,0,0,0,0,0,0,1,1680000.0,-19.79105,31.51228,0.0,0.0,0.0,NA,0.0,0.0
SCHOOL_1921,0,0,0,0,0,0,0,0,0,0,1,1476000.0,-19.760990000000003,31.56829,0.0,0.0,0.0,NA,0.0,0.0
SCHOOL_1922,0,0,0,0,0,0,0,0,0,0,1,3528000.0,-19.70978,31.57819,0.0,0.0,0.0,NA,0.0,0.0
SCHOOL_1923,0,0,0,0,0,0,0,0,0,0,1,4992000.0,-19.705300000000005,31.58287,0.0,0.0,0.0,NA,0.0,0.0
SCHOOL_1924,0,0,0,0,0,0,0,0,0,0,1,7788000.0,-19.890370000000004,31.28116,0.0,0.0,0.0,NA,0.0,0.0
SCHOOL_1925,0,0,0,0,0,0,0,0,0,0,1,8136000.0,-19.885299999999994,31.364550000000005,0.0,0.0,0.0,NA,0.0,0.0
SCHOOL_1926,0,0,0,0,0,0,0,0,0,0,1,1560000.0,-19.861849999999997,31.3242,0.0,0.0,0.0,NA,0.0,0.0
SCHOOL_1927,0,0,0,0,0,0,0,0,0,0,1,3024000.0,-19.859900000000003,31.258069999999996,0.0,0.0,0.0,NA,0.0,0.0
SCHOOL_1928,0,0,0,0,0,0,0,0,0,0,1,9000000.0,-19.82489,31.25567,0.0,0.0,0.0,NA,0.0,0.0
SCHOOL_1929,0,0,0,0,0,0,0,0,0,0,1,4044000.0,-19.820089999999997,31.312120000000004,0.0,0.0,0.0,NA,0.0,0.0
SCHOOL_1930,0,0,0,0,0,0,0,0,0,0,1,4392000.0,-19.812239999999992,31.27442,0.0,0.0,0.0,NA,0.0,0.0
SCHOOL_1931,0,0,0,0,0,0,0,0,0,0,1,4104000.0,-19.793220000000005,31.2347,0.0,0.0,0.0,NA,0.0,0.0
SCHOOL_1932,0,0,0,0,0,0,0,0,0,0,1,636000.0,-19.78982999999999,31.30704,0.0,0.0,0.0,NA,0.0,0.0
SCHOOL_1933,0,0,0,0,0,0,0,0,0,0,1,3612000.0,-19.75388999999999,31.36346,0.0,0.0,0.0,NA,0.0,0.0
SCHOOL_1934,0,0,0,0,0,0,0,0,0,0,1,6312000.0,-20.372370000000004,30.966779999999996,0.0,0.0,0.0,NA,0.0,0.0
SCHOOL_1935,0,0,0,0,0,0,0,0,0,0,1,9648000.0,-20.37193,30.938899999999997,0.0,0.0,0.0,NA,0.0,0.0
SCHOOL_1936,0,0,0,0,0,0,0,0,0,0,1,5064000.0,-20.36448,30.89441,0.0,0.0,0.0,NA,0.0,0.0
SCHOOL_1937,0,0,0,0,0,0,0,0,0,0,1,3840000.0,-20.35661,30.93303,0.0,0.0,0.0,NA,0.0,0.0
SCHOOL_1938,0,0,0,0,0,0,0,0,0,0,1,5892000.0,-20.35232,30.9493,0.0,0.0,0.0,NA,0.0,0.0
SCHOOL_1939,0,0,0,0,0,0,0,0,0,0,1,6636000.0,-20.32951,30.95606,0.0,0.0,0.0,NA,0.0,0.0
SCHOOL_1940,0,0,0,0,0,0,0,0,0,0,1,6660000.0,-20.316859999999995,30.914710000000003,0.0,0.0,0.0,NA,0.0,0.0
SCHOOL_1941,0,0,0,0,0,0,0,0,0,0,1,10572000.0,-20.301769999999994,30.868720000000003,0.0,0.0,0.0,NA,0.0,0.0
SCHOOL_1942,0,0,0,0,0,0,0,0,0,0,1,8688000.0,-20.270110000000006,31.224980000000002,0.0,0.0,0.0,NA,0.0,0.0
SCHOOL_1943,0,0,0,0,0,0,0,0,0,0,1,12000000.0,-20.269229999999997,31.16533,0.0,0.0,0.0,NA,0.0,0.0
SCHOOL_1944,0,0,0,0,0,0,0,0,0,0,1,4212000.0,-20.263459999999988,31.10686,0.0,0.0,0.0,NA,0.0,0.0
SCHOOL_1945,0,0,0,0,0,0,0,0,0,0,1,12000000.0,-20.205349999999996,31.09844,0.0,0.0,0.0,NA,0.0,0.0
SCHOOL_1946,0,0,0,0,0,0,0,0,0,0,1,9516000.0,-20.202409999999993,31.166800000000002,0.0,0.0,0.0,NA,0.0,0.0
SCHOOL_1947,0,0,0,0,0,0,0,0,0,0,1,4836000.0,-20.19795,31.11664,0.0,0.0,0.0,NA,0.0,0.0
SCHOOL_1948,0,0,0,0,0,0,0,0,0,0,1,1656000.0,-20.17762999999999,31.09211,0.0,0.0,0.0,NA,0.0,0.0
SCHOOL_1949,0,0,0,0,0,0,0,0,0,0,1,5700000.0,-20.08646,31.1309,0.0,0.0,0.0,NA,0.0,0.0
SCHOOL_1950,0,0,0,0,0,0,0,0,0,0,1,4152000.0,-20.05152,31.12567,0.0,0.0,0.0,NA,0.0,0.0
SCHOOL_1951,0,0,0,0,0,0,0,0,0,0,1,3288000.0,-20.043060000000004,31.214529999999996,0.0,0.0,0.0,NA,0.0,0.0
SCHOOL_1952,0,0,0,0,0,0,0,0,0,0,1,8616000.0,-20.2749,31.000910000000005,0.0,0.0,0.0,NA,0.0,0.0
SCHOOL_1953,0,0,0,0,0,0,0,0,0,0,1,4476000.0,-20.26836,31.06602,0.0,0.0,0.0,NA,0.0,0.0
SCHOOL_1954,0,0,0,0,0,0,0,0,0,0,1,1092000.0,-20.213779999999993,31.007679999999997,0.0,0.0,0.0,NA,0.0,0.0
SCHOOL_1955,0,0,0,0,0,0,0,0,0,0,1,2628000.0,-20.09301999999999,31.08495,0.0,0.0,0.0,NA,0.0,0.0
SCHOOL_1956,0,0,0,0,0,0,0,0,0,0,1,1536000.0,-20.03954999999999,31.01368,0.0,0.0,0.0,NA,0.0,0.0
SCHOOL_1957,0,0,0,0,0,0,0,0,0,0,1,4500000.0,-20.03453,31.079560000000004,0.0,0.0,0.0,NA,0.0,0.0
SCHOOL_1958,0,0,0,0,0,0,0,0,0,0,1,2580000.0,-19.98715,31.0612,0.0,0.0,0.0,NA,0.0,0.0
SCHOOL_1959,0,0,0,0,0,0,0,0,0,0,1,4848000.0,-19.947349999999997,31.030630000000002,0.0,0.0,0.0,NA,0.0,0.0
SCHOOL_1960,0,0,0,0,0,0,0,0,0,0,1,3384000.0,-19.941739999999996,31.086010000000005,0.0,0.0,0.0,NA,0.0,0.0
SCHOOL_1961,0,0,0,0,0,0,0,0,0,0,2,10680000.0,-19.93253000000033,31.019305000001772,0.0,0.0,0.0,NA,0.0,0.0
SCHOOL_1962,0,0,0,0,0,0,0,0,0,0,1,12000000.0,-20.256529999999998,30.934,0.0,0.0,0.0,NA,0.0,0.0
SCHOOL_1963,0,0,0,0,0,0,0,0,0,0,1,9144000.0,-20.226,30.8893,0.0,0.0,0.0,NA,0.0,0.0
SCHOOL_1964,0,0,0,0,0,0,0,0,0,0,1,1188000.0,-20.1777,30.909939999999995,0.0,0.0,0.0,NA,0.0,0.0
SCHOOL_1965,0,0,0,0,0,0,0,0,0,0,1,1272000.0,-20.09387,30.94438,0.0,0.0,0.0,NA,0.0,0.0
SCHOOL_1966,0,0,0,0,0,0,0,0,0,0,1,6288000.0,-20.045549999999995,30.871,0.0,0.0,0.0,NA,0.0,0.0
SCHOOL_1967,0,0,0,0,0,0,0,0,0,0,1,2460000.0,-20.038559999999993,30.940170000000002,0.0,0.0,0.0,NA,0.0,0.0
SCHOOL_1968,0,0,0,0,0,0,0,0,0,0,1,1536000.0,-19.93260999999999,30.95452,0.0,0.0,0.0,NA,0.0,0.0
SCHOOL_1969,0,0,0,0,0,0,0,0,0,0,1,3852000.0,-19.91097,30.87056,0.0,0.0,0.0,NA,0.0,0.0
SCHOOL_1970,0,0,0,0,0,0,0,0,0,0,1,3420000.0,-19.908900000000003,30.9155,0.0,0.0,0.0,NA,0.0,0.0
SCHOOL_1971,0,0,0,0,0,0,0,0,0,0,1,5292000.0,-20.003370000000007,31.196820000000002,0.0,0.0,0.0,NA,0.0,0.0
SCHOOL_1972,0,0,0,0,0,0,0,0,0,0,1,3840000.0,-19.980049999999995,31.118180000000002,0.0,0.0,0.0,NA,0.0,0.0
SCHOOL_1973,0,0,0,0,0,0,0,0,0,0,1,8412000.0,-19.975210000000004,31.12196,0.0,0.0,0.0,NA,0.0,0.0
SCHOOL_1974,0,0,0,0,0,0,0,0,0,0,1,3864000.0,-19.959049999999998,31.20015,0.0,0.0,0.0,NA,0.0,0.0
SCHOOL_1975,0,0,0,0,0,0,0,0,0,0,1,3612000.0,-19.957329999999995,31.19491,0.0,0.0,0.0,NA,0.0,0.0
SCHOOL_1976,0,0,0,0,0,0,0,0,0,0,1,3756000.0,-19.935510000000004,31.13379,0.0,0.0,0.0,NA,0.0,0.0
SCHOOL_1977,0,0,0,0,0,0,0,0,0,0,1,6288000.0,-19.92628,31.23275,0.0,0.0,0.0,NA,0.0,0.0
SCHOOL_1978,0,0,0,0,0,0,0,0,0,0,1,7968000.0,-19.895729999999997,31.15556,0.0,0.0,0.0,NA,0.0,0.0
SCHOOL_1979,0,0,0,0,0,0,0,0,0,0,1,5256000.0,-19.886919999999993,31.171020000000002,0.0,0.0,0.0,NA,0.0,0.0
SCHOOL_1980,0,0,0,0,0,0,0,0,0,0,1,4452000.0,-19.869609999999998,31.09276,0.0,0.0,0.0,NA,0.0,0.0
SCHOOL_1981,0,0,0,0,0,0,0,0,0,0,1,3204000.0,-19.912049999999997,31.03461,0.0,0.0,0.0,NA,0.0,0.0
SCHOOL_1982,0,0,0,0,0,0,0,0,0,0,1,3660000.0,-19.90390999999999,31.041440000000005,0.0,0.0,0.0,NA,0.0,0.0
SCHOOL_1983,0,0,0,0,0,0,0,0,0,0,1,2772000.0,-19.89281,31.04406,0.0,0.0,0.0,NA,0.0,0.0
SCHOOL_1984,0,0,0,0,0,0,0,0,0,0,1,4284000.0,-19.8853,30.991709999999998,0.0,0.0,0.0,NA,0.0,0.0
SCHOOL_1985,0,0,0,0,0,0,0,0,0,0,1,3060000.0,-19.859609999999993,31.088129999999996,0.0,0.0,0.0,NA,0.0,0.0
SCHOOL_1986,0,0,0,0,0,0,0,0,0,0,1,9312000.0,-19.847209999999993,31.0285,0.0,0.0,0.0,NA,0.0,0.0
SCHOOL_1987,0,0,0,0,0,0,0,0,0,0,1,8352000.0,-19.845559999999995,31.02562,0.0,0.0,0.0,NA,0.0,0.0
SCHOOL_1988,0,0,0,0,0,0,0,0,0,0,1,3216000.0,-19.829639999999998,30.991140000000005,0.0,0.0,0.0,NA,0.0,0.0
SCHOOL_1989,0,0,0,0,0,0,0,0,0,0,1,2832000.0,-19.798080000000002,31.05572,0.0,0.0,0.0,NA,0.0,0.0
SCHOOL_1990,0,0,0,0,0,0,0,0,0,0,1,5676000.0,-19.884509999999995,30.87899,0.0,0.0,0.0,NA,0.0,0.0
SCHOOL_1991,0,0,0,0,0,0,0,0,0,0,1,2544000.0,-19.87484999999999,30.9204,0.0,0.0,0.0,NA,0.0,0.0
SCHOOL_1992,0,0,0,0,0,0,0,0,0,0,1,4836000.0,-19.866220000000002,30.880940000000002,0.0,0.0,0.0,NA,0.0,0.0
SCHOOL_1993,0,0,0,0,0,0,0,0,0,0,1,4104000.0,-19.865980000000008,30.90982,0.0,0.0,0.0,NA,0.0,0.0
SCHOOL_1994,0,0,0,0,0,0,0,0,0,0,1,2076000.0,-19.833689999999994,30.880590000000005,0.0,0.0,0.0,NA,0.0,0.0
SCHOOL_1995,0,0,0,0,0,0,0,0,0,0,1,2748000.0,-19.83165,30.91292,0.0,0.0,0.0,NA,0.0,0.0
SCHOOL_1996,0,0,0,0,0,0,0,0,0,0,1,1716000.0,-19.80342999999999,30.930929999999996,0.0,0.0,0.0,NA,0.0,0.0
SCHOOL_1997,0,0,0,0,0,0,0,0,0,0,1,3216000.0,-19.79137,30.87727,0.0,0.0,0.0,NA,0.0,0.0
SCHOOL_1998,0,0,0,0,0,0,0,0,0,0,1,4380000.0,-19.763559999999995,30.92835,0.0,0.0,0.0,NA,0.0,0.0
SCHOOL_1999,0,0,0,0,0,0,0,0,0,0,1,3756000.0,-19.76353,30.932170000000003,0.0,0.0,0.0,NA,0.0,0.0
SCHOOL_2000,0,0,0,0,0,0,0,0,0,0,1,5160000.0,-19.864200000000004,31.22158,0.0,0.0,0.0,NA,0.0,0.0
SCHOOL_2001,0,0,0,0,0,0,0,0,0,0,1,3804000.0,-19.818569999999998,31.11548,0.0,0.0,0.0,NA,0.0,0.0
SCHOOL_2002,0,0,0,0,0,0,0,0,0,0,2,10296000.0,-19.80359500152316,31.18184499981202,0.0,0.0,0.0,NA,0.0,0.0
SCHOOL_2003,0,0,0,0,0,0,0,0,0,0,1,2532000.0,-19.767499999999995,31.13072,0.0,0.0,0.0,NA,0.0,0.0
SCHOOL_2004,0,0,0,0,0,0,0,0,0,0,1,11940000.0,-19.738699999999998,31.159600000000005,0.0,0.0,0.0,NA,0.0,0.0
SCHOOL_2005,0,0,0,0,0,0,0,0,0,0,1,5760000.0,-19.736529999999995,31.154959999999996,0.0,0.0,0.0,NA,0.0,0.0
SCHOOL_2006,0,0,0,0,0,0,0,0,0,0,1,1524000.0,-19.715000000000007,31.095900000000004,0.0,0.0,0.0,NA,0.0,0.0
SCHOOL_2007,0,0,0,0,0,0,0,0,0,0,1,5364000.0,-19.677799999999994,31.19001,0.0,0.0,0.0,NA,0.0,0.0
SCHOOL_2008,0,0,0,0,0,0,0,0,0,0,2,22320000.0,-19.647100000566866,31.216115000323512,0.0,0.0,0.0,NA,0.0,0.0
SCHOOL_2009,0,0,0,0,0,0,0,0,0,0,1,3552000.0,-19.780920000000005,31.006430000000005,0.0,0.0,0.0,NA,0.0,0.0
SCHOOL_2010,0,0,0,0,0,0,0,0,0,0,1,3576000.0,-19.754329999999996,31.03132,0.0,0.0,0.0,NA,0.0,0.0
SCHOOL_2011,0,0,0,0,0,0,0,0,0,0,1,4188000.0,-19.746809999999996,31.0322,0.0,0.0,0.0,NA,0.0,0.0
SCHOOL_2012,0,0,0,0,0,0,0,0,0,0,1,4404000.0,-19.713289999999997,31.08231,0.0,0.0,0.0,NA,0.0,0.0
SCHOOL_2013,0,0,0,0,0,0,0,0,0,0,1,4344000.0,-19.664639999999995,31.02351,0.0,0.0,0.0,NA,0.0,0.0
SCHOOL_2014,0,0,0,0,0,0,0,0,0,0,1,2652000.0,-19.659139999999994,31.032179999999997,0.0,0.0,0.0,NA,0.0,0.0
SCHOOL_2015,0,0,0,0,0,0,0,0,0,0,1,4344000.0,-19.642430000000004,31.06596,0.0,0.0,0.0,NA,0.0,0.0
SCHOOL_2016,0,0,0,0,0,0,0,0,0,0,1,4044000.0,-19.613709999999998,30.99657,0.0,0.0,0.0,NA,0.0,0.0
SCHOOL_2017,0,0,0,0,0,0,0,0,0,0,2,2928000.0,-19.589035000359132,30.978110000442747,0.0,0.0,0.0,NA,0.0,0.0
SCHOOL_2018,0,0,0,0,0,0,0,0,0,0,1,4740000.0,-19.744299999999992,30.87285,0.0,0.0,0.0,NA,0.0,0.0
SCHOOL_2019,0,0,0,0,0,0,0,0,0,0,1,1140000.0,-19.74035,30.96508,0.0,0.0,0.0,NA,0.0,0.0
SCHOOL_2020,0,0,0,0,0,0,0,0,0,0,1,2772000.0,-19.738539999999997,30.888220000000004,0.0,0.0,0.0,NA,0.0,0.0
SCHOOL_2021,0,0,0,0,0,0,0,0,0,0,1,3828000.0,-19.718839999999993,30.918090000000003,0.0,0.0,0.0,NA,0.0,0.0
SCHOOL_2022,0,0,0,0,0,0,0,0,0,0,1,1212000.0,-19.700169999999996,30.94984,0.0,0.0,0.0,NA,0.0,0.0
SCHOOL_2023,0,0,0,0,0,0,0,0,0,0,1,2844000.0,-19.644430000000003,30.93451,0.0,0.0,0.0,NA,0.0,0.0
SCHOOL_2024,0,0,0,0,0,0,0,0,0,0,1,6432000.0,-19.587339999999998,30.883209999999995,0.0,0.0,0.0,NA,0.0,0.0
SCHOOL_2025,0,0,0,0,0,0,0,0,0,0,1,3108000.0,-19.57905,30.88208,0.0,0.0,0.0,NA,0.0,0.0
SCHOOL_2026,0,0,0,0,0,0,0,0,0,0,1,3132000.0,-19.552979999999998,30.865760000000005,0.0,0.0,0.0,NA,0.0,0.0
SCHOOL_2027,0,0,0,0,0,0,0,0,0,0,1,1704000.0,-19.54717,30.91292,0.0,0.0,0.0,NA,0.0,0.0
SCHOOL_2028,0,0,0,0,0,0,0,0,0,0,1,6276000.0,-20.248689999999996,31.929480000000005,0.0,0.0,0.0,NA,0.0,0.0
SCHOOL_2029,0,0,0,0,0,0,0,0,0,0,1,4740000.0,-20.22414,31.842879999999997,0.0,0.0,0.0,NA,0.0,0.0
SCHOOL_2030,0,0,0,0,0,0,0,0,0,0,1,5076000.0,-20.18162,31.976630000000004,0.0,0.0,0.0,NA,0.0,0.0
SCHOOL_2031,0,0,0,0,0,0,0,0,0,0,1,8880000.0,-20.167089999999998,31.882849999999998,0.0,0.0,0.0,NA,0.0,0.0
SCHOOL_2032,0,0,0,0,0,0,0,0,0,0,1,9408000.0,-20.146880000000003,31.85196,0.0,0.0,0.0,NA,0.0,0.0
SCHOOL_2033,0,0,0,0,0,0,0,0,0,0,1,12000000.0,-20.13514,31.842879999999997,0.0,0.0,0.0,NA,0.0,0.0
SCHOOL_2034,0,0,0,0,0,0,0,0,0,0,1,7656000.0,-20.115000000000002,31.89487,0.0,0.0,0.0,NA,0.0,0.0
SCHOOL_2035,0,0,0,0,0,0,0,0,0,0,1,8988000.0,-20.08958999999999,31.938080000000003,0.0,0.0,0.0,NA,0.0,0.0
SCHOOL_2036,0,0,0,0,0,0,0,0,0,0,1,7008000.0,-20.07737999999999,31.846720000000005,0.0,0.0,0.0,NA,0.0,0.0
SCHOOL_2037,0,0,0,0,0,0,0,0,0,0,1,12000000.0,-20.062509999999996,31.879359999999995,0.0,0.0,0.0,NA,0.0,0.0
SCHOOL_2038,0,0,0,0,0,0,0,0,0,0,1,10116000.0,-20.12295,31.739980000000003,0.0,0.0,0.0,NA,0.0,0.0
SCHOOL_2039,0,0,0,0,0,0,0,0,0,0,1,9456000.0,-20.121189999999995,31.77536,0.0,0.0,0.0,NA,0.0,0.0
SCHOOL_2040,0,0,0,0,0,0,0,0,0,0,1,9732000.0,-20.09703,31.81723,0.0,0.0,0.0,NA,0.0,0.0
SCHOOL_2041,0,0,0,0,0,0,0,0,0,0,1,6084000.0,-20.088049999999996,31.804369999999995,0.0,0.0,0.0,NA,0.0,0.0
SCHOOL_2042,0,0,0,0,0,0,0,0,0,0,1,5292000.0,-20.06854999999999,31.75743,0.0,0.0,0.0,NA,0.0,0.0
SCHOOL_2043,0,0,0,0,0,0,0,0,0,0,1,5880000.0,-20.03866,31.728640000000002,0.0,0.0,0.0,NA,0.0,0.0
SCHOOL_2044,0,0,0,0,0,0,0,0,0,0,1,4764000.0,-20.023999999999997,31.746379999999995,0.0,0.0,0.0,NA,0.0,0.0
SCHOOL_2045,0,0,0,0,0,0,0,0,0,0,1,10116000.0,-19.99447,31.825860000000002,0.0,0.0,0.0,NA,0.0,0.0
SCHOOL_2046,0,0,0,0,0,0,0,0,0,0,1,12000000.0,-19.984330000000003,31.82559,0.0,0.0,0.0,NA,0.0,0.0
SCHOOL_2047,0,0,0,0,0,0,0,0,0,0,1,4872000.0,-19.979260000000004,31.768079999999998,0.0,0.0,0.0,NA,0.0,0.0
SCHOOL_2048,0,0,0,0,0,0,0,0,0,0,1,8532000.0,-20.109650000000002,31.68972,0.0,0.0,0.0,NA,0.0,0.0
SCHOOL_2049,0,0,0,0,0,0,0,0,0,0,1,10104000.0,-20.077340000000007,31.60659,0.0,0.0,0.0,NA,0.0,0.0
SCHOOL_2050,0,0,0,0,0,0,0,0,0,0,1,9588000.0,-20.05175,31.6344,0.0,0.0,0.0,NA,0.0,0.0
SCHOOL_2051,0,0,0,0,0,0,0,0,0,0,1,5328000.0,-20.049189999999996,31.7169,0.0,0.0,0.0,NA,0.0,0.0
SCHOOL_2052,0,0,0,0,0,0,0,0,0,0,1,11568000.0,-20.0339,31.696070000000002,0.0,0.0,0.0,NA,0.0,0.0
SCHOOL_2053,0,0,0,0,0,0,0,0,0,0,1,5988000.0,-20.025579999999998,31.645790000000005,0.0,0.0,0.0,NA,0.0,0.0
SCHOOL_2054,0,0,0,0,0,0,0,0,0,0,1,7584000.0,-20.022699999999993,31.69944,0.0,0.0,0.0,NA,0.0,0.0
SCHOOL_2055,0,0,0,0,0,0,0,0,0,0,1,3924000.0,-20.020830000000004,31.650080000000003,0.0,0.0,0.0,NA,0.0,0.0
SCHOOL_2056,0,0,0,0,0,0,0,0,0,0,1,4608000.0,-19.988430000000005,31.61977,0.0,0.0,0.0,NA,0.0,0.0
SCHOOL_2057,0,0,0,0,0,0,0,0,0,0,1,9864000.0,-20.03419999999999,31.926429999999996,0.0,0.0,0.0,NA,0.0,0.0
SCHOOL_2058,0,0,0,0,0,0,0,0,0,0,1,8976000.0,-20.01101999999999,31.856249999999996,0.0,0.0,0.0,NA,0.0,0.0
SCHOOL_2059,0,0,0,0,0,0,0,0,0,0,1,3204000.0,-19.9886,31.890790000000003,0.0,0.0,0.0,NA,0.0,0.0
SCHOOL_2060,0,0,0,0,0,0,0,0,0,0,1,8868000.0,-19.979889999999994,31.897489999999998,0.0,0.0,0.0,NA,0.0,0.0
SCHOOL_2061,0,0,0,0,0,0,0,0,0,0,1,3480000.0,-19.95891,32.01100999999999,0.0,0.0,0.0,NA,0.0,0.0
SCHOOL_2062,0,0,0,0,0,0,0,0,0,0,1,7776000.0,-19.95575,31.91865,0.0,0.0,0.0,NA,0.0,0.0
SCHOOL_2063,0,0,0,0,0,0,0,0,0,0,1,10596000.0,-19.95503,32.01906,0.0,0.0,0.0,NA,0.0,0.0
SCHOOL_2064,0,0,0,0,0,0,0,0,0,0,1,12000000.0,-19.945819999999994,31.966480000000004,0.0,0.0,0.0,NA,0.0,0.0
SCHOOL_2065,0,0,0,0,0,0,0,0,0,0,1,7584000.0,-19.936629999999994,31.96693,0.0,0.0,0.0,NA,0.0,0.0
SCHOOL_2066,0,0,0,0,0,0,0,0,0,0,1,8676000.0,-19.900599999999997,31.91109,0.0,0.0,0.0,NA,0.0,0.0
SCHOOL_2067,0,0,0,0,0,0,0,0,0,0,1,3876000.0,-19.97878999999999,31.68396,0.0,0.0,0.0,NA,0.0,0.0
SCHOOL_2068,0,0,0,0,0,0,0,0,0,0,1,5544000.0,-19.959149999999998,31.62823,0.0,0.0,0.0,NA,0.0,0.0
SCHOOL_2069,0,0,0,0,0,0,0,0,0,0,1,5136000.0,-19.93777,31.67639,0.0,0.0,0.0,NA,0.0,0.0
SCHOOL_2070,0,0,0,0,0,0,0,0,0,0,1,7380000.0,-19.927199999999996,31.68616,0.0,0.0,0.0,NA,0.0,0.0
SCHOOL_2071,0,0,0,0,0,0,0,0,0,0,1,4920000.0,-19.922570000000004,31.64863,0.0,0.0,0.0,NA,0.0,0.0
SCHOOL_2072,0,0,0,0,0,0,0,0,0,0,1,4320000.0,-19.90108,31.70421,0.0,0.0,0.0,NA,0.0,0.0
SCHOOL_2073,0,0,0,0,0,0,0,0,0,0,1,5160000.0,-19.887749999999993,31.60374,0.0,0.0,0.0,NA,0.0,0.0
SCHOOL_2074,0,0,0,0,0,0,0,0,0,0,1,2736000.0,-19.881789999999995,31.641210000000004,0.0,0.0,0.0,NA,0.0,0.0
SCHOOL_2075,0,0,0,0,0,0,0,0,0,0,1,3252000.0,-19.8728,31.71371,0.0,0.0,0.0,NA,0.0,0.0
SCHOOL_2076,0,0,0,0,0,0,0,0,0,0,1,2568000.0,-19.868950000000005,31.62923,0.0,0.0,0.0,NA,0.0,0.0
SCHOOL_2077,0,0,0,0,0,0,0,0,0,0,1,4536000.0,-19.93688999999999,31.75036,0.0,0.0,0.0,NA,0.0,0.0
SCHOOL_2078,0,0,0,0,0,0,0,0,0,0,1,6636000.0,-19.927479999999996,31.82964,0.0,0.0,0.0,NA,0.0,0.0
SCHOOL_2079,0,0,0,0,0,0,0,0,0,0,1,7464000.0,-19.92364,31.82178,0.0,0.0,0.0,NA,0.0,0.0
SCHOOL_2080,0,0,0,0,0,0,0,0,0,0,1,4212000.0,-19.89257,31.81501,0.0,0.0,0.0,NA,0.0,0.0
SCHOOL_2081,0,0,0,0,0,0,0,0,0,0,1,5568000.0,-19.877579999999995,31.781949999999995,0.0,0.0,0.0,NA,0.0,0.0
SCHOOL_2082,0,0,0,0,0,0,0,0,0,0,1,4428000.0,-19.86762,31.735979999999998,0.0,0.0,0.0,NA,0.0,0.0
SCHOOL_2083,0,0,0,0,0,0,0,0,0,0,1,2664000.0,-19.828290000000003,31.74723,0.0,0.0,0.0,NA,0.0,0.0
SCHOOL_2084,0,0,0,0,0,0,0,0,0,0,1,5040000.0,-19.812780000000004,31.79566,0.0,0.0,0.0,NA,0.0,0.0
SCHOOL_2085,0,0,0,0,0,0,0,0,0,0,1,2532000.0,-19.809049999999996,31.79893,0.0,0.0,0.0,NA,0.0,0.0
SCHOOL_2086,0,0,0,0,0,0,0,0,0,0,1,5520000.0,-19.80845,31.802289999999996,0.0,0.0,0.0,NA,0.0,0.0
SCHOOL_2087,0,0,0,0,0,0,0,0,0,0,1,4584000.0,-19.892599999999998,31.8713,0.0,0.0,0.0,NA,0.0,0.0
SCHOOL_2088,0,0,0,0,0,0,0,0,0,0,1,5052000.0,-19.891119999999994,31.911470000000005,0.0,0.0,0.0,NA,0.0,0.0
SCHOOL_2089,0,0,0,0,0,0,0,0,0,0,1,5772000.0,-19.864569999999997,31.98031,0.0,0.0,0.0,NA,0.0,0.0
SCHOOL_2090,0,0,0,0,0,0,0,0,0,0,1,3408000.0,-19.807199999999998,31.926570000000005,0.0,0.0,0.0,NA,0.0,0.0
SCHOOL_2091,0,0,0,0,0,0,0,0,0,0,1,8928000.0,-19.791319999999995,31.956479999999996,0.0,0.0,0.0,NA,0.0,0.0
SCHOOL_2092,0,0,0,0,0,0,0,0,0,0,1,4812000.0,-19.786110000000004,31.893120000000003,0.0,0.0,0.0,NA,0.0,0.0
SCHOOL_2093,0,0,0,0,0,0,0,0,0,0,1,4848000.0,-19.755479999999995,31.967730000000003,0.0,0.0,0.0,NA,0.0,0.0
SCHOOL_2094,0,0,0,0,0,0,0,0,0,0,1,4428000.0,-19.740049999999993,31.96973,0.0,0.0,0.0,NA,0.0,0.0
SCHOOL_2095,0,0,0,0,0,0,0,0,0,0,1,6384000.0,-19.73564,32.01982000000001,0.0,0.0,0.0,NA,0.0,0.0
SCHOOL_2096,0,0,0,0,0,0,0,0,0,0,1,4716000.0,-19.734099999999994,31.855469999999997,0.0,0.0,0.0,NA,0.0,0.0
SCHOOL_2097,0,0,0,0,0,0,0,0,0,0,1,2760000.0,-19.841040000000003,31.65085,0.0,0.0,0.0,NA,0.0,0.0
SCHOOL_2098,0,0,0,0,0,0,0,0,0,0,1,5064000.0,-19.83515,31.64929,0.0,0.0,0.0,NA,0.0,0.0
SCHOOL_2099,0,0,0,0,0,0,0,0,0,0,1,1776000.0,-19.78791,31.646510000000003,0.0,0.0,0.0,NA,0.0,0.0
SCHOOL_2100,0,0,0,0,0,0,0,0,0,0,1,5160000.0,-19.735869999999995,31.65418,0.0,0.0,0.0,NA,0.0,0.0
SCHOOL_2101,0,0,0,0,0,0,0,0,0,0,1,4548000.0,-19.719020000000004,31.6923,0.0,0.0,0.0,NA,0.0,0.0
SCHOOL_2102,0,0,0,0,0,0,0,0,0,0,1,6024000.0,-19.709390000000003,31.62812,0.0,0.0,0.0,NA,0.0,0.0
SCHOOL_2103,0,0,0,0,0,0,0,0,0,0,1,2592000.0,-19.680749999999996,31.666200000000003,0.0,0.0,0.0,NA,0.0,0.0
SCHOOL_2104,0,0,0,0,0,0,0,0,0,0,1,7728000.0,-19.658929999999998,31.609920000000002,0.0,0.0,0.0,NA,0.0,0.0
SCHOOL_2105,0,0,0,0,0,0,0,0,0,0,1,5436000.0,-19.648340000000005,31.711200000000005,0.0,0.0,0.0,NA,0.0,0.0
SCHOOL_2106,0,0,0,0,0,0,0,0,0,0,1,3708000.0,-19.641059999999992,31.642600000000005,0.0,0.0,0.0,NA,0.0,0.0
SCHOOL_2107,0,0,0,0,0,0,0,0,0,0,1,4248000.0,-19.798650000000006,32.03567,0.0,0.0,0.0,NA,0.0,0.0
SCHOOL_2108,0,0,0,0,0,0,0,0,0,0,1,12000000.0,-19.79088,32.159110000000005,0.0,0.0,0.0,NA,0.0,0.0
SCHOOL_2109,0,0,0,0,0,0,0,0,0,0,1,11004000.0,-19.787789999999998,32.04705,0.0,0.0,0.0,NA,0.0,0.0
SCHOOL_2110,0,0,0,0,0,0,0,0,0,0,1,9936000.0,-19.75795,32.12072,0.0,0.0,0.0,NA,0.0,0.0
SCHOOL_2111,0,0,0,0,0,0,0,0,0,0,1,11772000.0,-19.72983,32.08566,0.0,0.0,0.0,NA,0.0,0.0
SCHOOL_2112,0,0,0,0,0,0,0,0,0,0,1,11520000.0,-19.712120000000002,32.09463,0.0,0.0,0.0,NA,0.0,0.0
SCHOOL_2113,0,0,0,0,0,0,0,0,0,0,1,8496000.0,-19.69735,32.03414,0.0,0.0,0.0,NA,0.0,0.0
SCHOOL_2114,0,0,0,0,0,0,0,0,0,0,1,4392000.0,-19.68974,32.12422,0.0,0.0,0.0,NA,0.0,0.0
SCHOOL_2115,0,0,0,0,0,0,0,0,0,0,1,11808000.0,-19.68734,32.15812,0.0,0.0,0.0,NA,0.0,0.0
SCHOOL_2116,0,0,0,0,0,0,0,0,0,0,1,5928000.0,-19.682059999999996,32.17071,0.0,0.0,0.0,NA,0.0,0.0
SCHOOL_2117,0,0,0,0,0,0,0,0,0,0,1,2364000.0,-19.78241999999999,31.722990000000003,0.0,0.0,0.0,NA,0.0,0.0
SCHOOL_2118,0,0,0,0,0,0,0,0,0,0,1,8184000.0,-19.773630000000004,31.728450000000002,0.0,0.0,0.0,NA,0.0,0.0
SCHOOL_2119,0,0,0,0,0,0,0,0,0,0,1,4656000.0,-19.76204,31.829790000000003,0.0,0.0,0.0,NA,0.0,0.0
SCHOOL_2120,0,0,0,0,0,0,0,0,0,0,1,7908000.0,-19.744409999999995,31.79138,0.0,0.0,0.0,NA,0.0,0.0
SCHOOL_2121,0,0,0,0,0,0,0,0,0,0,1,7356000.0,-19.736030000000003,31.769940000000002,0.0,0.0,0.0,NA,0.0,0.0
SCHOOL_2122,0,0,0,0,0,0,0,0,0,0,1,5436000.0,-19.71442,31.80707,0.0,0.0,0.0,NA,0.0,0.0
SCHOOL_2123,0,0,0,0,0,0,0,0,0,0,1,2124000.0,-19.699659999999998,31.813549999999996,0.0,0.0,0.0,NA,0.0,0.0
SCHOOL_2124,0,0,0,0,0,0,0,0,0,0,1,3684000.0,-19.69039,31.725900000000003,0.0,0.0,0.0,NA,0.0,0.0
SCHOOL_2125,0,0,0,0,0,0,0,0,0,0,1,7188000.0,-19.68771,31.8188,0.0,0.0,0.0,NA,0.0,0.0
SCHOOL_2126,0,0,0,0,0,0,0,0,0,0,1,3684000.0,-19.671039999999998,31.774960000000004,0.0,0.0,0.0,NA,0.0,0.0
SCHOOL_2127,0,0,0,0,0,0,0,0,0,0,1,6912000.0,-19.725480000000005,31.8499,0.0,0.0,0.0,NA,0.0,0.0
SCHOOL_2128,0,0,0,0,0,0,0,0,0,0,1,7440000.0,-19.70705999999999,31.932290000000002,0.0,0.0,0.0,NA,0.0,0.0
SCHOOL_2129,0,0,0,0,0,0,0,0,0,0,1,2940000.0,-19.70254,31.916099999999997,0.0,0.0,0.0,NA,0.0,0.0
SCHOOL_2130,0,0,0,0,0,0,0,0,0,0,1,3072000.0,-19.70094,31.88916,0.0,0.0,0.0,NA,0.0,0.0
SCHOOL_2131,0,0,0,0,0,0,0,0,0,0,1,7068000.0,-19.668239999999997,31.960500000000003,0.0,0.0,0.0,NA,0.0,0.0
SCHOOL_2132,0,0,0,0,0,0,0,0,0,0,1,7140000.0,-19.666650000000004,31.881110000000003,0.0,0.0,0.0,NA,0.0,0.0
SCHOOL_2133,0,0,0,0,0,0,0,0,0,0,1,4668000.0,-19.662360000000003,31.95502,0.0,0.0,0.0,NA,0.0,0.0
SCHOOL_2134,0,0,0,0,0,0,0,0,0,0,1,3192000.0,-19.644390000000005,31.87862,0.0,0.0,0.0,NA,0.0,0.0
SCHOOL_2135,0,0,0,0,0,0,0,0,0,0,1,3696000.0,-19.64368,31.91968,0.0,0.0,0.0,NA,0.0,0.0
SCHOOL_2136,0,0,0,0,0,0,0,0,0,0,1,5940000.0,-19.631839999999997,31.87037,0.0,0.0,0.0,NA,0.0,0.0
SCHOOL_2137,0,0,0,0,0,0,0,0,0,0,1,9252000.0,-19.62662,31.924190000000003,0.0,0.0,0.0,NA,0.0,0.0
SCHOOL_2138,0,0,0,0,0,0,0,0,0,0,1,12000000.0,-19.609520000000007,31.95826,0.0,0.0,0.0,NA,0.0,0.0
SCHOOL_2139,0,0,0,0,0,0,0,0,0,0,1,5856000.0,-19.59405,31.844580000000004,0.0,0.0,0.0,NA,0.0,0.0
SCHOOL_2140,0,0,0,0,0,0,0,0,0,0,1,12000000.0,-19.58461,31.968700000000002,0.0,0.0,0.0,NA,0.0,0.0
SCHOOL_2141,0,0,0,0,0,0,0,0,0,0,1,5568000.0,-19.563459999999996,31.913180000000004,0.0,0.0,0.0,NA,0.0,0.0
SCHOOL_2142,0,0,0,0,0,0,0,0,0,0,1,4572000.0,-19.5498,31.907259999999997,0.0,0.0,0.0,NA,0.0,0.0
SCHOOL_2143,0,0,0,0,0,0,0,0,0,0,1,7656000.0,-19.54705,31.9578,0.0,0.0,0.0,NA,0.0,0.0
SCHOOL_2144,0,0,0,0,0,0,0,0,0,0,2,7764000.0,-19.54370499999737,31.98181500005027,0.0,0.0,0.0,NA,0.0,0.0
SCHOOL_2145,0,0,0,0,0,0,0,0,0,0,1,7608000.0,-19.53932999999999,31.88067,0.0,0.0,0.0,NA,0.0,0.0
SCHOOL_2146,0,0,0,0,0,0,0,0,0,0,1,8052000.0,-19.601340000000004,31.63242,0.0,0.0,0.0,NA,0.0,0.0
SCHOOL_2147,0,0,0,0,0,0,0,0,0,0,1,5400000.0,-19.596430000000005,31.627660000000002,0.0,0.0,0.0,NA,0.0,0.0
SCHOOL_2148,0,0,0,0,0,0,0,0,0,0,1,6348000.0,-19.58759,31.693909999999995,0.0,0.0,0.0,NA,0.0,0.0
SCHOOL_2149,0,0,0,0,0,0,0,0,0,0,1,2544000.0,-19.567249999999998,31.61514,0.0,0.0,0.0,NA,0.0,0.0
SCHOOL_2150,0,0,0,0,0,0,0,0,0,0,2,3816000.0,-19.546845000000243,31.6621149999988,0.0,0.0,0.0,NA,0.0,0.0
SCHOOL_2151,0,0,0,0,0,0,0,0,0,0,1,2688000.0,-19.539049999999996,31.66132,0.0,0.0,0.0,NA,0.0,0.0
SCHOOL_2152,0,0,0,0,0,0,0,0,0,0,1,2364000.0,-19.538470000000004,31.69606,0.0,0.0,0.0,NA,0.0,0.0
SCHOOL_2153,0,0,0,0,0,0,0,0,0,0,2,8964000.0,-19.49905000005926,31.709959999223393,0.0,0.0,0.0,NA,0.0,0.0
SCHOOL_2154,0,0,0,0,0,0,0,0,0,0,1,6984000.0,-19.499769999999998,31.625450000000004,0.0,0.0,0.0,NA,0.0,0.0
SCHOOL_2155,0,0,0,0,0,0,0,0,0,0,1,2508000.0,-19.62202,31.814750000000004,0.0,0.0,0.0,NA,0.0,0.0
SCHOOL_2156,0,0,0,0,0,0,0,0,0,0,1,2760000.0,-19.616159999999997,31.763800000000003,0.0,0.0,0.0,NA,0.0,0.0
SCHOOL_2157,0,0,0,0,0,0,0,0,0,0,1,5196000.0,-19.606419999999993,31.767510000000005,0.0,0.0,0.0,NA,0.0,0.0
SCHOOL_2158,0,0,0,0,0,0,0,0,0,0,1,12000000.0,-19.551060000000003,31.7725,0.0,0.0,0.0,NA,0.0,0.0
SCHOOL_2159,0,0,0,0,0,0,0,0,0,0,1,6516000.0,-19.534409999999998,31.78897,0.0,0.0,0.0,NA,0.0,0.0
SCHOOL_2160,0,0,0,0,0,0,0,0,0,0,1,2460000.0,-19.520390000000003,31.827499999999997,0.0,0.0,0.0,NA,0.0,0.0
SCHOOL_2161,0,0,0,0,0,0,0,0,0,0,1,5952000.0,-19.512550000000005,31.82661,0.0,0.0,0.0,NA,0.0,0.0
SCHOOL_2162,0,0,0,0,0,0,0,0,0,0,1,6924000.0,-19.468129999999995,31.775769999999998,0.0,0.0,0.0,NA,0.0,0.0
SCHOOL_2163,0,0,0,0,0,0,0,0,0,0,2,6360000.0,-19.45596000228774,31.724325003815597,0.0,0.0,0.0,NA,0.0,0.0
SCHOOL_2164,0,0,0,0,0,0,0,0,0,0,1,2064000.0,-19.456179999999996,31.763430000000003,0.0,0.0,0.0,NA,0.0,0.0
SCHOOL_2165,0,0,0,0,0,0,0,0,0,0,1,10044000.0,-19.526910000000004,31.889920000000004,0.0,0.0,0.0,NA,0.0,0.0
SCHOOL_2166,0,0,0,0,0,0,0,0,0,0,1,8424000.0,-19.51011,31.98171,0.0,0.0,0.0,NA,0.0,0.0
SCHOOL_2167,0,0,0,0,0,0,0,0,0,0,1,12000000.0,-19.495250000000006,31.939720000000005,0.0,0.0,0.0,NA,0.0,0.0
SCHOOL_2168,0,0,0,0,0,0,0,0,0,0,1,3204000.0,-19.487239999999996,31.86535,0.0,0.0,0.0,NA,0.0,0.0
SCHOOL_2169,0,0,0,0,0,0,0,0,0,0,1,3312000.0,-19.486560000000004,31.93385,0.0,0.0,0.0,NA,0.0,0.0
SCHOOL_2170,0,0,0,0,0,0,0,0,0,0,1,6708000.0,-19.47309,31.84572,0.0,0.0,0.0,NA,0.0,0.0
SCHOOL_2171,0,0,0,0,0,0,0,0,0,0,1,3696000.0,-19.456379999999992,32.01548,0.0,0.0,0.0,NA,0.0,0.0
SCHOOL_2172,0,0,0,0,0,0,0,0,0,0,1,8352000.0,-19.440980000000003,31.866910000000004,0.0,0.0,0.0,NA,0.0,0.0
SCHOOL_2173,0,0,0,0,0,0,0,0,0,0,1,6456000.0,-19.439840000000004,31.857179999999996,0.0,0.0,0.0,NA,0.0,0.0
SCHOOL_2174,0,0,0,0,0,0,0,0,0,0,1,4344000.0,-19.39894,31.841,0.0,0.0,0.0,NA,0.0,0.0
SCHOOL_2175,0,0,0,0,0,0,0,0,0,0,1,3876000.0,-19.49255,31.626290000000004,0.0,0.0,0.0,NA,0.0,0.0
SCHOOL_2176,0,0,0,0,0,0,0,0,0,0,1,3708000.0,-19.469209999999997,31.664180000000005,0.0,0.0,0.0,NA,0.0,0.0
SCHOOL_2177,0,0,0,0,0,0,0,0,0,0,1,3528000.0,-19.445189999999997,31.674640000000004,0.0,0.0,0.0,NA,0.0,0.0
SCHOOL_2178,0,0,0,0,0,0,0,0,0,0,1,7332000.0,-19.43696,31.70654,0.0,0.0,0.0,NA,0.0,0.0
SCHOOL_2179,0,0,0,0,0,0,0,0,0,0,1,10680000.0,-19.41123,31.63623,0.0,0.0,0.0,NA,0.0,0.0
SCHOOL_2180,0,0,0,0,0,0,0,0,0,0,1,4776000.0,-19.410929999999997,31.62413,0.0,0.0,0.0,NA,0.0,0.0
SCHOOL_2181,0,0,0,0,0,0,0,0,0,0,1,4896000.0,-19.376729999999995,31.69653,0.0,0.0,0.0,NA,0.0,0.0
SCHOOL_2182,0,0,0,0,0,0,0,0,0,0,1,8412000.0,-19.364709999999995,31.62529,0.0,0.0,0.0,NA,0.0,0.0
SCHOOL_2183,0,0,0,0,0,0,0,0,0,0,1,12000000.0,-19.363159999999997,31.69564,0.0,0.0,0.0,NA,0.0,0.0
SCHOOL_2184,0,0,0,0,0,0,0,0,0,0,1,9300000.0,-19.40205999999999,31.775580000000005,0.0,0.0,0.0,NA,0.0,0.0
SCHOOL_2185,0,0,0,0,0,0,0,0,0,0,1,6084000.0,-19.391559999999995,31.753010000000003,0.0,0.0,0.0,NA,0.0,0.0
SCHOOL_2186,0,0,0,0,0,0,0,0,0,0,1,5592000.0,-19.351629999999993,31.767080000000004,0.0,0.0,0.0,NA,0.0,0.0
SCHOOL_2187,0,0,0,0,0,0,0,0,0,0,1,5532000.0,-19.350610000000003,31.80943,0.0,0.0,0.0,NA,0.0,0.0
SCHOOL_2188,0,0,0,0,0,0,0,0,0,0,1,5640000.0,-19.34524,31.82167,0.0,0.0,0.0,NA,0.0,0.0
SCHOOL_2189,0,0,0,0,0,0,0,0,0,0,1,11112000.0,-19.32389,31.731610000000003,0.0,0.0,0.0,NA,0.0,0.0
SCHOOL_2190,0,0,0,0,0,0,0,0,0,0,1,2604000.0,-19.308599999999995,31.775769999999998,0.0,0.0,0.0,NA,0.0,0.0
SCHOOL_2191,0,0,0,0,0,0,0,0,0,0,1,7788000.0,-19.29122,31.826840000000004,0.0,0.0,0.0,NA,0.0,0.0
SCHOOL_2192,0,0,0,0,0,0,0,0,0,0,1,1440000.0,-19.285440000000005,31.821459999999995,0.0,0.0,0.0,NA,0.0,0.0
SCHOOL_2193,0,0,0,0,0,0,0,0,0,0,1,8928000.0,-19.3931,31.928749999999997,0.0,0.0,0.0,NA,0.0,0.0
SCHOOL_2194,0,0,0,0,0,0,0,0,0,0,1,2232000.0,-19.38756,31.91407,0.0,0.0,0.0,NA,0.0,0.0
SCHOOL_2195,0,0,0,0,0,0,0,0,0,0,1,9648000.0,-19.38751,32.00633,0.0,0.0,0.0,NA,0.0,0.0
SCHOOL_2196,0,0,0,0,0,0,0,0,0,0,1,8916000.0,-19.373290000000004,31.98055,0.0,0.0,0.0,NA,0.0,0.0
SCHOOL_2197,0,0,0,0,0,0,0,0,0,0,1,3384000.0,-19.362229999999997,31.85052,0.0,0.0,0.0,NA,0.0,0.0
SCHOOL_2198,0,0,0,0,0,0,0,0,0,0,1,4608000.0,-19.341939999999994,32.01373,0.0,0.0,0.0,NA,0.0,0.0
SCHOOL_2199,0,0,0,0,0,0,0,0,0,0,1,4404000.0,-19.32236,31.882660000000005,0.0,0.0,0.0,NA,0.0,0.0
SCHOOL_2200,0,0,0,0,0,0,0,0,0,0,1,5100000.0,-19.31668000000001,31.93509,0.0,0.0,0.0,NA,0.0,0.0
SCHOOL_2201,0,0,0,0,0,0,0,0,0,0,1,10092000.0,-19.306560000000005,31.87564,0.0,0.0,0.0,NA,0.0,0.0
SCHOOL_2202,0,0,0,0,0,0,0,0,0,0,1,9204000.0,-19.30363,31.941840000000003,0.0,0.0,0.0,NA,0.0,0.0
SCHOOL_2203,0,0,0,0,0,0,0,0,0,0,1,2988000.0,-19.35924,31.626750000000005,0.0,0.0,0.0,NA,0.0,0.0
SCHOOL_2204,0,0,0,0,0,0,0,0,0,0,1,4320000.0,-19.32690999999999,31.71909,0.0,0.0,0.0,NA,0.0,0.0
SCHOOL_2205,0,0,0,0,0,0,0,0,0,0,1,10176000.0,-19.307960000000005,31.613860000000003,0.0,0.0,0.0,NA,0.0,0.0
SCHOOL_2206,0,0,0,0,0,0,0,0,0,0,1,12000000.0,-19.303420000000003,31.647079999999995,0.0,0.0,0.0,NA,0.0,0.0
SCHOOL_2207,0,0,0,0,0,0,0,0,0,0,1,12000000.0,-19.263349999999992,31.66911,0.0,0.0,0.0,NA,0.0,0.0
SCHOOL_2208,0,0,0,0,0,0,0,0,0,0,1,9600000.0,-19.254839999999998,31.69101,0.0,0.0,0.0,NA,0.0,0.0
SCHOOL_2209,0,0,0,0,0,0,0,0,0,0,1,8808000.0,-19.25147999999999,31.63521,0.0,0.0,0.0,NA,0.0,0.0
SCHOOL_2210,0,0,0,0,0,0,0,0,0,0,1,3708000.0,-19.18516,31.65905,0.0,0.0,0.0,NA,0.0,0.0
SCHOOL_2211,0,0,0,0,0,0,0,0,0,0,1,10176000.0,-19.1841,31.654950000000003,0.0,0.0,0.0,NA,0.0,0.0
SCHOOL_2212,0,0,0,0,0,0,0,0,0,0,1,4704000.0,-19.288720000000005,31.89157,0.0,0.0,0.0,NA,0.0,0.0
SCHOOL_2213,0,0,0,0,0,0,0,0,0,0,1,6144000.0,-19.27883999999999,32.01323,0.0,0.0,0.0,NA,0.0,0.0
SCHOOL_2214,0,0,0,0,0,0,0,0,0,0,1,5100000.0,-19.24604,31.98155,0.0,0.0,0.0,NA,0.0,0.0
SCHOOL_2215,0,0,0,0,0,0,0,0,0,0,2,9396000.0,-19.222265000002665,31.891850000018334,0.0,0.0,0.0,NA,0.0,0.0
SCHOOL_2216,0,0,0,0,0,0,0,0,0,0,1,2928000.0,-19.212310000000002,31.840610000000005,0.0,0.0,0.0,NA,0.0,0.0
SCHOOL_2217,0,0,0,0,0,0,0,0,0,0,1,6408000.0,-19.210799999999992,31.844809999999995,0.0,0.0,0.0,NA,0.0,0.0
SCHOOL_2218,0,0,0,0,0,0,0,0,0,0,2,13608000.0,-19.194944999973284,31.94065499987956,0.0,0.0,0.0,NA,0.0,0.0
SCHOOL_2219,0,0,0,0,0,0,0,0,0,0,1,3804000.0,-19.190389999999997,32.01507,0.0,0.0,0.0,NA,0.0,0.0
SCHOOL_2220,0,0,0,0,0,0,0,0,0,0,1,3204000.0,-19.759939999999997,31.45188,0.0,0.0,0.0,NA,0.0,0.0
SCHOOL_2221,0,0,0,0,0,0,0,0,0,0,1,2160000.0,-19.749069999999996,31.457379999999997,0.0,0.0,0.0,NA,0.0,0.0
SCHOOL_2222,0,0,0,0,0,0,0,0,0,0,1,2868000.0,-19.736499999999992,31.422520000000002,0.0,0.0,0.0,NA,0.0,0.0
SCHOOL_2223,0,0,0,0,0,0,0,0,0,0,1,4464000.0,-19.701949999999997,31.384090000000004,0.0,0.0,0.0,NA,0.0,0.0
SCHOOL_2224,0,0,0,0,0,0,0,0,0,0,2,7824000.0,-19.677504999999993,31.48592999999999,0.0,0.0,0.0,NA,0.0,0.0
SCHOOL_2225,0,0,0,0,0,0,0,0,0,0,1,4584000.0,-19.676619999999996,31.428289999999997,0.0,0.0,0.0,NA,0.0,0.0
SCHOOL_2226,0,0,0,0,0,0,0,0,0,0,1,8292000.0,-19.674659999999996,31.48333,0.0,0.0,0.0,NA,0.0,0.0
SCHOOL_2227,0,0,0,0,0,0,0,0,0,0,1,2616000.0,-19.673809999999996,31.38098,0.0,0.0,0.0,NA,0.0,0.0
SCHOOL_2228,0,0,0,0,0,0,0,0,0,0,1,11796000.0,-19.670949999999994,31.38013,0.0,0.0,0.0,NA,0.0,0.0
SCHOOL_2229,0,0,0,0,0,0,0,0,0,0,1,2220000.0,-19.748830000000005,31.3509,0.0,0.0,0.0,NA,0.0,0.0
SCHOOL_2230,0,0,0,0,0,0,0,0,0,0,1,2856000.0,-19.726680000000005,31.324119999999997,0.0,0.0,0.0,NA,0.0,0.0
SCHOOL_2231,0,0,0,0,0,0,0,0,0,0,1,3576000.0,-19.721499999999995,31.291900000000002,0.0,0.0,0.0,NA,0.0,0.0
SCHOOL_2232,0,0,0,0,0,0,0,0,0,0,1,3252000.0,-19.702539999999996,31.265420000000002,0.0,0.0,0.0,NA,0.0,0.0
SCHOOL_2233,0,0,0,0,0,0,0,0,0,0,1,3240000.0,-19.69671,31.258120000000005,0.0,0.0,0.0,NA,0.0,0.0
SCHOOL_2234,0,0,0,0,0,0,0,0,0,0,1,1104000.0,-19.67824999999999,31.23621,0.0,0.0,0.0,NA,0.0,0.0
SCHOOL_2235,0,0,0,0,0,0,0,0,0,0,1,4344000.0,-19.672159999999998,31.33378,0.0,0.0,0.0,NA,0.0,0.0
SCHOOL_2236,0,0,0,0,0,0,0,0,0,0,1,7128000.0,-19.65346999999999,31.28161,0.0,0.0,0.0,NA,0.0,0.0
SCHOOL_2237,0,0,0,0,0,0,0,0,0,0,1,8772000.0,-19.651389999999996,31.290120000000005,0.0,0.0,0.0,NA,0.0,0.0
SCHOOL_2238,0,0,0,0,0,0,0,0,0,0,1,3996000.0,-19.630139999999997,31.3723,0.0,0.0,0.0,NA,0.0,0.0
SCHOOL_2239,0,0,0,0,0,0,0,0,0,0,1,8688000.0,-19.63395999999999,31.43107,0.0,0.0,0.0,NA,0.0,0.0
SCHOOL_2240,0,0,0,0,0,0,0,0,0,0,1,7224000.0,-19.630789999999998,31.429950000000005,0.0,0.0,0.0,NA,0.0,0.0
SCHOOL_2241,0,0,0,0,0,0,0,0,0,0,1,4272000.0,-19.622739999999997,31.503739999999997,0.0,0.0,0.0,NA,0.0,0.0
SCHOOL_2242,0,0,0,0,0,0,0,0,0,0,1,5328000.0,-19.620630000000006,31.500850000000003,0.0,0.0,0.0,NA,0.0,0.0
SCHOOL_2243,0,0,0,0,0,0,0,0,0,0,1,3048000.0,-19.603249999999992,31.397029999999997,0.0,0.0,0.0,NA,0.0,0.0
SCHOOL_2244,0,0,0,0,0,0,0,0,0,0,1,1680000.0,-19.59961,31.402639999999998,0.0,0.0,0.0,NA,0.0,0.0
SCHOOL_2245,0,0,0,0,0,0,0,0,0,0,1,3852000.0,-19.592390000000005,31.458560000000002,0.0,0.0,0.0,NA,0.0,0.0
SCHOOL_2246,0,0,0,0,0,0,0,0,0,0,1,2592000.0,-19.560169999999996,31.432570000000002,0.0,0.0,0.0,NA,0.0,0.0
SCHOOL_2247,0,0,0,0,0,0,0,0,0,0,1,11304000.0,-19.553340000000002,31.47417,0.0,0.0,0.0,NA,0.0,0.0
SCHOOL_2248,0,0,0,0,0,0,0,0,0,0,1,7212000.0,-19.55028,31.468760000000003,0.0,0.0,0.0,NA,0.0,0.0
SCHOOL_2249,0,0,0,0,0,0,0,0,0,0,1,8724000.0,-19.691499999999994,31.59347,0.0,0.0,0.0,NA,0.0,0.0
SCHOOL_2250,0,0,0,0,0,0,0,0,0,0,1,3300000.0,-19.684949999999997,31.539490000000004,0.0,0.0,0.0,NA,0.0,0.0
SCHOOL_2251,0,0,0,0,0,0,0,0,0,0,1,5112000.0,-19.648089999999993,31.57384,0.0,0.0,0.0,NA,0.0,0.0
SCHOOL_2252,0,0,0,0,0,0,0,0,0,0,1,5964000.0,-19.638920000000002,31.56957,0.0,0.0,0.0,NA,0.0,0.0
SCHOOL_2253,0,0,0,0,0,0,0,0,0,0,1,3264000.0,-19.576719999999998,31.566720000000004,0.0,0.0,0.0,NA,0.0,0.0
SCHOOL_2254,0,0,0,0,0,0,0,0,0,0,1,3360000.0,-19.568419999999996,31.51801,0.0,0.0,0.0,NA,0.0,0.0
SCHOOL_2255,0,0,0,0,0,0,0,0,0,0,1,3804000.0,-19.542059999999992,31.588360000000005,0.0,0.0,0.0,NA,0.0,0.0
SCHOOL_2256,0,0,0,0,0,0,0,0,0,0,1,4836000.0,-19.52177,31.53724,0.0,0.0,0.0,NA,0.0,0.0
SCHOOL_2257,0,0,0,0,0,0,0,0,0,0,1,8616000.0,-19.513200000000005,31.538340000000005,0.0,0.0,0.0,NA,0.0,0.0
SCHOOL_2258,0,0,0,0,0,0,0,0,0,0,1,2868000.0,-19.467319999999994,31.551190000000002,0.0,0.0,0.0,NA,0.0,0.0
SCHOOL_2259,0,0,0,0,0,0,0,0,0,0,1,6756000.0,-19.54063,31.385110000000005,0.0,0.0,0.0,NA,0.0,0.0
SCHOOL_2260,0,0,0,0,0,0,0,0,0,0,1,5532000.0,-19.532030000000002,31.38466,0.0,0.0,0.0,NA,0.0,0.0
SCHOOL_2261,0,0,0,0,0,0,0,0,0,0,1,3216000.0,-19.49472,31.41686,0.0,0.0,0.0,NA,0.0,0.0
SCHOOL_2262,0,0,0,0,0,0,0,0,0,0,2,9504000.0,-19.4913200002418,31.47650499836142,0.0,0.0,0.0,NA,0.0,0.0
SCHOOL_2263,0,0,0,0,0,0,0,0,0,0,1,2268000.0,-19.49227,31.41143,0.0,0.0,0.0,NA,0.0,0.0
SCHOOL_2264,0,0,0,0,0,0,0,0,0,0,1,3252000.0,-19.454939999999997,31.430550000000004,0.0,0.0,0.0,NA,0.0,0.0
SCHOOL_2265,0,0,0,0,0,0,0,0,0,0,1,972000.0,-19.412830000000003,31.443730000000002,0.0,0.0,0.0,NA,0.0,0.0
SCHOOL_2266,0,0,0,0,0,0,0,0,0,0,1,1200000.0,-19.390780000000003,31.387600000000003,0.0,0.0,0.0,NA,0.0,0.0
SCHOOL_2267,0,0,0,0,0,0,0,0,0,0,1,8196000.0,-19.35728,31.43039,0.0,0.0,0.0,NA,0.0,0.0
SCHOOL_2268,0,0,0,0,0,0,0,0,0,0,1,888000.0,-19.456929999999996,31.599500000000003,0.0,0.0,0.0,NA,0.0,0.0
SCHOOL_2269,0,0,0,0,0,0,0,0,0,0,2,6396000.0,-19.429975001200397,31.508744998331277,0.0,0.0,0.0,NA,0.0,0.0
SCHOOL_2270,0,0,0,0,0,0,0,0,0,0,1,2484000.0,-19.426169999999995,31.54847,0.0,0.0,0.0,NA,0.0,0.0
SCHOOL_2271,0,0,0,0,0,0,0,0,0,0,1,6648000.0,-19.405280000000005,31.576309999999996,0.0,0.0,0.0,NA,0.0,0.0
SCHOOL_2272,0,0,0,0,0,0,0,0,0,0,1,6540000.0,-19.358559999999994,31.54145,0.0,0.0,0.0,NA,0.0,0.0
SCHOOL_2273,0,0,0,0,0,0,0,0,0,0,2,13032000.0,-19.35475,31.541259999999998,0.0,0.0,0.0,NA,0.0,0.0
SCHOOL_2274,0,0,0,0,0,0,0,0,0,0,1,6060000.0,-19.339750000000002,31.56565,0.0,0.0,0.0,NA,0.0,0.0
SCHOOL_2275,0,0,0,0,0,0,0,0,0,0,1,9576000.0,-19.32807,31.591030000000003,0.0,0.0,0.0,NA,0.0,0.0
SCHOOL_2276,0,0,0,0,0,0,0,0,0,0,1,1332000.0,-19.411390000000008,31.28018,0.0,0.0,0.0,NA,0.0,0.0
SCHOOL_2277,0,0,0,0,0,0,0,0,0,0,1,1248000.0,-19.40704,31.37268,0.0,0.0,0.0,NA,0.0,0.0
SCHOOL_2278,0,0,0,0,0,0,0,0,0,0,1,996000.0,-19.392419999999998,31.3365,0.0,0.0,0.0,NA,0.0,0.0
SCHOOL_2279,0,0,0,0,0,0,0,0,0,0,1,840000.0,-19.377559999999995,31.28101,0.0,0.0,0.0,NA,0.0,0.0
SCHOOL_2280,0,0,0,0,0,0,0,0,0,0,1,3396000.0,-19.340479999999992,31.25257,0.0,0.0,0.0,NA,0.0,0.0
SCHOOL_2281,0,0,0,0,0,0,0,0,0,0,1,7212000.0,-19.29655,31.37606,0.0,0.0,0.0,NA,0.0,0.0
SCHOOL_2282,0,0,0,0,0,0,0,0,0,0,1,12000000.0,-19.282080000000004,31.37549,0.0,0.0,0.0,NA,0.0,0.0
SCHOOL_2283,0,0,0,0,0,0,0,0,0,0,1,3312000.0,-19.257049999999996,31.25863,0.0,0.0,0.0,NA,0.0,0.0
SCHOOL_2284,0,0,0,0,0,0,0,0,0,0,1,4968000.0,-19.248460000000005,31.314060000000005,0.0,0.0,0.0,NA,0.0,0.0
SCHOOL_2285,0,0,0,0,0,0,0,0,0,0,1,3480000.0,-19.234010000000005,31.282800000000005,0.0,0.0,0.0,NA,0.0,0.0
SCHOOL_2286,0,0,0,0,0,0,0,0,0,0,1,3348000.0,-19.356139999999996,31.476729999999996,0.0,0.0,0.0,NA,0.0,0.0
SCHOOL_2287,0,0,0,0,0,0,0,0,0,0,1,7992000.0,-19.34826,31.49143,0.0,0.0,0.0,NA,0.0,0.0
SCHOOL_2288,0,0,0,0,0,0,0,0,0,0,1,5928000.0,-19.33083999999999,31.448510000000002,0.0,0.0,0.0,NA,0.0,0.0
SCHOOL_2289,0,0,0,0,0,0,0,0,0,0,1,8220000.0,-19.316499999999998,31.446430000000003,0.0,0.0,0.0,NA,0.0,0.0
SCHOOL_2290,0,0,0,0,0,0,0,0,0,0,1,5304000.0,-19.295090000000002,31.46467,0.0,0.0,0.0,NA,0.0,0.0
SCHOOL_2291,0,0,0,0,0,0,0,0,0,0,1,1800000.0,-19.250019999999996,31.482899999999997,0.0,0.0,0.0,NA,0.0,0.0
SCHOOL_2292,0,0,0,0,0,0,0,0,0,0,1,2424000.0,-19.246470000000006,31.433430000000005,0.0,0.0,0.0,NA,0.0,0.0
SCHOOL_2293,0,0,0,0,0,0,0,0,0,0,1,5700000.0,-19.223580000000005,31.397110000000005,0.0,0.0,0.0,NA,0.0,0.0
SCHOOL_2294,0,0,0,0,0,0,0,0,0,0,1,5148000.0,-19.22311,31.44561,0.0,0.0,0.0,NA,0.0,0.0
SCHOOL_2295,0,0,0,0,0,0,0,0,0,0,1,8268000.0,-19.21851,31.42154,0.0,0.0,0.0,NA,0.0,0.0
SCHOOL_2296,0,0,0,0,0,0,0,0,0,0,1,4104000.0,-19.302680000000002,31.52747,0.0,0.0,0.0,NA,0.0,0.0
SCHOOL_2297,0,0,0,0,0,0,0,0,0,0,1,4308000.0,-19.295060000000007,31.58768,0.0,0.0,0.0,NA,0.0,0.0
SCHOOL_2298,0,0,0,0,0,0,0,0,0,0,1,4284000.0,-19.26508,31.545849999999998,0.0,0.0,0.0,NA,0.0,0.0
SCHOOL_2299,0,0,0,0,0,0,0,0,0,0,1,9840000.0,-19.25493,31.54218,0.0,0.0,0.0,NA,0.0,0.0
SCHOOL_2300,0,0,0,0,0,0,0,0,0,0,1,4116000.0,-19.238169999999993,31.543520000000004,0.0,0.0,0.0,NA,0.0,0.0
SCHOOL_2301,0,0,0,0,0,0,0,0,0,0,1,4176000.0,-19.2004,31.596310000000003,0.0,0.0,0.0,NA,0.0,0.0
SCHOOL_2302,0,0,0,0,0,0,0,0,0,0,1,8928000.0,-19.19885,31.599410000000002,0.0,0.0,0.0,NA,0.0,0.0
SCHOOL_2303,0,0,0,0,0,0,0,0,0,0,1,1728000.0,-19.19232,31.527030000000003,0.0,0.0,0.0,NA,0.0,0.0
SCHOOL_2304,0,0,0,0,0,0,0,0,0,0,1,3192000.0,-19.17088,31.569580000000002,0.0,0.0,0.0,NA,0.0,0.0
SCHOOL_2305,0,0,0,0,0,0,0,0,0,0,1,8004000.0,-19.167909999999996,31.536140000000003,0.0,0.0,0.0,NA,0.0,0.0
SCHOOL_2306,0,0,0,0,0,0,0,0,0,0,1,4644000.0,-19.208359999999995,31.492239999999995,0.0,0.0,0.0,NA,0.0,0.0
SCHOOL_2307,0,0,0,0,0,0,0,0,0,0,1,6660000.0,-19.197369999999996,31.488359999999997,0.0,0.0,0.0,NA,0.0,0.0
SCHOOL_2308,0,0,0,0,0,0,0,0,0,0,1,3660000.0,-19.176709999999996,31.41503,0.0,0.0,0.0,NA,0.0,0.0
SCHOOL_2309,0,0,0,0,0,0,0,0,0,0,1,2832000.0,-19.15510999999999,31.42486,0.0,0.0,0.0,NA,0.0,0.0
SCHOOL_2310,0,0,0,0,0,0,0,0,0,0,1,4980000.0,-19.152199999999997,31.39705,0.0,0.0,0.0,NA,0.0,0.0
SCHOOL_2311,0,0,0,0,0,0,0,0,0,0,1,2604000.0,-19.147019999999998,31.504360000000002,0.0,0.0,0.0,NA,0.0,0.0
SCHOOL_2312,0,0,0,0,0,0,0,0,0,0,1,3468000.0,-19.13531,31.433280000000003,0.0,0.0,0.0,NA,0.0,0.0
SCHOOL_2313,0,0,0,0,0,0,0,0,0,0,1,4080000.0,-19.104459999999996,31.42789,0.0,0.0,0.0,NA,0.0,0.0
SCHOOL_2314,0,0,0,0,0,0,0,0,0,0,1,4056000.0,-19.09171,31.403070000000003,0.0,0.0,0.0,NA,0.0,0.0
SCHOOL_2315,0,0,0,0,0,0,0,0,0,0,1,3204000.0,-19.08992999999999,31.458390000000005,0.0,0.0,0.0,NA,0.0,0.0
SCHOOL_2316,0,0,0,0,0,0,0,0,0,0,1,12000000.0,-19.632169999999995,31.16195,0.0,0.0,0.0,NA,0.0,0.0
SCHOOL_2317,0,0,0,0,0,0,0,0,0,0,1,12000000.0,-19.62972999999999,31.16688,0.0,0.0,0.0,NA,0.0,0.0
SCHOOL_2318,0,0,0,0,0,0,0,0,0,0,1,7992000.0,-19.612989999999993,31.16442,0.0,0.0,0.0,NA,0.0,0.0
SCHOOL_2319,0,0,0,0,0,0,0,0,0,0,1,4284000.0,-19.59826,31.200480000000002,0.0,0.0,0.0,NA,0.0,0.0
SCHOOL_2320,0,0,0,0,0,0,0,0,0,0,1,2160000.0,-19.570109999999996,31.13487,0.0,0.0,0.0,NA,0.0,0.0
SCHOOL_2321,0,0,0,0,0,0,0,0,0,0,1,7152000.0,-19.566010000000006,31.14438,0.0,0.0,0.0,NA,0.0,0.0
SCHOOL_2322,0,0,0,0,0,0,0,0,0,0,1,2184000.0,-19.559389999999993,31.185060000000004,0.0,0.0,0.0,NA,0.0,0.0
SCHOOL_2323,0,0,0,0,0,0,0,0,0,0,1,4140000.0,-19.615019999999998,31.33799,0.0,0.0,0.0,NA,0.0,0.0
SCHOOL_2324,0,0,0,0,0,0,0,0,0,0,1,3660000.0,-19.612069999999992,31.24836,0.0,0.0,0.0,NA,0.0,0.0
SCHOOL_2325,0,0,0,0,0,0,0,0,0,0,1,3828000.0,-19.57762,31.237359999999995,0.0,0.0,0.0,NA,0.0,0.0
SCHOOL_2326,0,0,0,0,0,0,0,0,0,0,1,2340000.0,-19.573109999999996,31.267650000000003,0.0,0.0,0.0,NA,0.0,0.0
SCHOOL_2327,0,0,0,0,0,0,0,0,0,0,1,2280000.0,-19.557490000000005,31.35527,0.0,0.0,0.0,NA,0.0,0.0
SCHOOL_2328,0,0,0,0,0,0,0,0,0,0,1,5040000.0,-19.556310000000003,31.30993,0.0,0.0,0.0,NA,0.0,0.0
SCHOOL_2329,0,0,0,0,0,0,0,0,0,0,1,4032000.0,-19.55407,31.30963,0.0,0.0,0.0,NA,0.0,0.0
SCHOOL_2330,0,0,0,0,0,0,0,0,0,0,1,2244000.0,-19.52263,31.25795,0.0,0.0,0.0,NA,0.0,0.0
SCHOOL_2331,0,0,0,0,0,0,0,0,0,0,1,2520000.0,-19.521020000000004,31.33956,0.0,0.0,0.0,NA,0.0,0.0
SCHOOL_2332,0,0,0,0,0,0,0,0,0,0,1,1560000.0,-19.45555,31.34174,0.0,0.0,0.0,NA,0.0,0.0
SCHOOL_2333,0,0,0,0,0,0,0,0,0,0,1,5964000.0,-19.523180000000004,30.90244,0.0,0.0,0.0,NA,0.0,0.0
SCHOOL_2334,0,0,0,0,0,0,0,0,0,0,1,9084000.0,-19.51926999999999,30.88186,0.0,0.0,0.0,NA,0.0,0.0
SCHOOL_2335,0,0,0,0,0,0,0,0,0,0,1,6228000.0,-19.517389999999995,30.906059999999997,0.0,0.0,0.0,NA,0.0,0.0
SCHOOL_2336,0,0,0,0,0,0,0,0,0,0,1,3012000.0,-19.51734,30.94661,0.0,0.0,0.0,NA,0.0,0.0
SCHOOL_2337,0,0,0,0,0,0,0,0,0,0,1,2964000.0,-19.484710000000003,30.904340000000005,0.0,0.0,0.0,NA,0.0,0.0
SCHOOL_2338,0,0,0,0,0,0,0,0,0,0,1,7992000.0,-19.472899999999992,30.97033,0.0,0.0,0.0,NA,0.0,0.0
SCHOOL_2339,0,0,0,0,0,0,0,0,0,0,1,2952000.0,-19.469210000000007,30.969820000000002,0.0,0.0,0.0,NA,0.0,0.0
SCHOOL_2340,0,0,0,0,0,0,0,0,0,0,1,4332000.0,-19.466329999999996,30.95296,0.0,0.0,0.0,NA,0.0,0.0
SCHOOL_2341,0,0,0,0,0,0,0,0,0,0,1,3672000.0,-19.451069999999998,30.92858,0.0,0.0,0.0,NA,0.0,0.0
SCHOOL_2342,0,0,0,0,0,0,0,0,0,0,1,2736000.0,-19.411959999999993,30.920789999999997,0.0,0.0,0.0,NA,0.0,0.0
SCHOOL_2343,0,0,0,0,0,0,0,0,0,0,1,5676000.0,-19.55446999999999,31.18437,0.0,0.0,0.0,NA,0.0,0.0
SCHOOL_2344,0,0,0,0,0,0,0,0,0,0,1,4968000.0,-19.45129999999999,31.21067,0.0,0.0,0.0,NA,0.0,0.0
SCHOOL_2345,0,0,0,0,0,0,0,0,0,0,1,4296000.0,-19.449989999999993,31.145430000000005,0.0,0.0,0.0,NA,0.0,0.0
SCHOOL_2346,0,0,0,0,0,0,0,0,0,0,1,2616000.0,-19.445509999999995,31.21594,0.0,0.0,0.0,NA,0.0,0.0
SCHOOL_2347,0,0,0,0,0,0,0,0,0,0,1,4944000.0,-19.288149999999998,31.195359999999997,0.0,0.0,0.0,NA,0.0,0.0
SCHOOL_2348,0,0,0,0,0,0,0,0,0,0,1,11628000.0,-19.283220000000004,31.158150000000003,0.0,0.0,0.0,NA,0.0,0.0
SCHOOL_2349,0,0,0,0,0,0,0,0,0,0,1,4404000.0,-19.273520000000005,31.21953,0.0,0.0,0.0,NA,0.0,0.0
SCHOOL_2350,0,0,0,0,0,0,0,0,0,0,1,5208000.0,-19.191930000000003,31.101510000000005,0.0,0.0,0.0,NA,0.0,0.0
SCHOOL_2351,0,0,0,0,0,0,0,0,0,0,1,2652000.0,-19.177999999999994,31.156100000000002,0.0,0.0,0.0,NA,0.0,0.0
SCHOOL_2352,0,0,0,0,0,0,0,0,0,0,1,2004000.0,-19.17521,31.157280000000004,0.0,0.0,0.0,NA,0.0,0.0
SCHOOL_2353,0,0,0,0,0,0,0,0,0,0,1,6384000.0,-19.53465999999999,31.06562,0.0,0.0,0.0,NA,0.0,0.0
SCHOOL_2354,0,0,0,0,0,0,0,0,0,0,1,2832000.0,-19.51973,31.041489999999996,0.0,0.0,0.0,NA,0.0,0.0
SCHOOL_2355,0,0,0,0,0,0,0,0,0,0,1,4476000.0,-19.37147999999999,31.01058,0.0,0.0,0.0,NA,0.0,0.0
SCHOOL_2356,0,0,0,0,0,0,0,0,0,0,1,1440000.0,-19.33912,31.08972,0.0,0.0,0.0,NA,0.0,0.0
SCHOOL_2357,0,0,0,0,0,0,0,0,0,0,1,4020000.0,-19.286630000000002,31.04882,0.0,0.0,0.0,NA,0.0,0.0
SCHOOL_2358,0,0,0,0,0,0,0,0,0,0,2,3900000.0,-19.210920000011654,30.97570000003453,0.0,0.0,0.0,NA,0.0,0.0
SCHOOL_2359,0,0,0,0,0,0,0,0,0,0,1,972000.0,-19.168709999999997,31.024170000000005,0.0,0.0,0.0,NA,0.0,0.0
SCHOOL_2360,0,0,0,0,0,0,0,0,0,0,1,648000.0,-19.118659999999995,31.02808,0.0,0.0,0.0,NA,0.0,0.0
SCHOOL_2361,0,0,0,0,0,0,0,0,0,0,1,840000.0,-19.11116,31.03406,0.0,0.0,0.0,NA,0.0,0.0
SCHOOL_2362,0,0,0,0,0,0,0,0,0,0,1,3360000.0,-19.403290000000002,30.911290000000005,0.0,0.0,0.0,NA,0.0,0.0
SCHOOL_2363,0,0,0,0,0,0,0,0,0,0,1,8340000.0,-19.33977,30.91937,0.0,0.0,0.0,NA,0.0,0.0
SCHOOL_2364,0,0,0,0,0,0,0,0,0,0,1,4872000.0,-19.17036,30.92891,0.0,0.0,0.0,NA,0.0,0.0
SCHOOL_2365,0,0,0,0,0,0,0,0,0,0,1,1176000.0,-19.145059999999994,30.892340000000004,0.0,0.0,0.0,NA,0.0,0.0
SCHOOL_2366,0,0,0,0,0,0,0,0,0,0,1,2580000.0,-19.11824,30.91005,0.0,0.0,0.0,NA,0.0,0.0
SCHOOL_2367,0,0,0,0,0,0,0,0,0,0,1,1392000.0,-19.118179999999995,30.914899999999996,0.0,0.0,0.0,NA,0.0,0.0
SCHOOL_2368,0,0,0,0,0,0,0,0,0,0,1,2436000.0,-19.090399999999995,30.907070000000004,0.0,0.0,0.0,NA,0.0,0.0
SCHOOL_2369,0,0,0,0,0,0,0,0,0,0,1,12000000.0,-19.017699999999998,30.87009,0.0,0.0,0.0,NA,0.0,0.0
SCHOOL_2370,0,0,0,0,0,0,0,0,0,0,1,12000000.0,-18.992829999999998,30.88574,0.0,0.0,0.0,NA,0.0,0.0
SCHOOL_2371,0,0,0,0,0,0,0,0,0,0,1,1056000.0,-19.14311,31.2276,0.0,0.0,0.0,NA,0.0,0.0
SCHOOL_2372,0,0,0,0,0,0,0,0,0,0,1,2472000.0,-19.123299999999997,31.124509999999994,0.0,0.0,0.0,NA,0.0,0.0
SCHOOL_2373,0,0,0,0,0,0,0,0,0,0,1,5352000.0,-19.119200000000003,31.09205,0.0,0.0,0.0,NA,0.0,0.0
SCHOOL_2374,0,0,0,0,0,0,0,0,0,0,1,2112000.0,-19.109030000000008,31.19963,0.0,0.0,0.0,NA,0.0,0.0
SCHOOL_2375,0,0,0,0,0,0,0,0,0,0,1,1944000.0,-19.10312,31.201789999999995,0.0,0.0,0.0,NA,0.0,0.0
SCHOOL_2376,0,0,0,0,0,0,0,0,0,0,1,9036000.0,-19.102680000000007,31.11766,0.0,0.0,0.0,NA,0.0,0.0
SCHOOL_2377,0,0,0,0,0,0,0,0,0,0,1,3840000.0,-19.091039999999996,31.229590000000005,0.0,0.0,0.0,NA,0.0,0.0
SCHOOL_2378,0,0,0,0,0,0,0,0,0,0,1,1704000.0,-19.07906,31.111479999999997,0.0,0.0,0.0,NA,0.0,0.0
SCHOOL_2379,0,0,0,0,0,0,0,0,0,0,1,6612000.0,-19.066199999999995,31.14808,0.0,0.0,0.0,NA,0.0,0.0
SCHOOL_2380,0,0,0,0,0,0,0,0,0,0,1,9000000.0,-19.050019999999996,31.141490000000005,0.0,0.0,0.0,NA,0.0,0.0
SCHOOL_2381,0,0,0,0,0,0,0,0,0,0,1,4680000.0,-19.043059999999997,31.11713,0.0,0.0,0.0,NA,0.0,0.0
SCHOOL_2382,0,0,0,0,0,0,0,0,0,0,1,1716000.0,-19.040399999999998,31.16073,0.0,0.0,0.0,NA,0.0,0.0
SCHOOL_2383,0,0,0,0,0,0,0,0,0,0,1,3156000.0,-19.00893,31.22443,0.0,0.0,0.0,NA,0.0,0.0
SCHOOL_2384,0,0,0,0,0,0,0,0,0,0,1,1944000.0,-19.006049999999995,31.18325,0.0,0.0,0.0,NA,0.0,0.0
SCHOOL_2385,0,0,0,0,0,0,0,0,0,0,1,8400000.0,-18.982879999999994,31.185530000000004,0.0,0.0,0.0,NA,0.0,0.0
SCHOOL_2386,0,0,0,0,0,0,0,0,0,0,1,3672000.0,-18.979679999999995,31.228179999999995,0.0,0.0,0.0,NA,0.0,0.0
SCHOOL_2387,0,0,0,0,0,0,0,0,0,0,1,2568000.0,-18.96046,31.174230000000005,0.0,0.0,0.0,NA,0.0,0.0
SCHOOL_2388,0,0,0,0,0,0,0,0,0,0,1,1224000.0,-18.957509999999992,31.1044,0.0,0.0,0.0,NA,0.0,0.0
SCHOOL_2389,0,0,0,0,0,0,0,0,0,0,1,4836000.0,-18.882900000000003,31.1786,0.0,0.0,0.0,NA,0.0,0.0
SCHOOL_2390,0,0,0,0,0,0,0,0,0,0,1,1512000.0,-18.87674,31.11338,0.0,0.0,0.0,NA,0.0,0.0
SCHOOL_2391,0,0,0,0,0,0,0,0,0,0,1,2208000.0,-19.076659999999997,31.065579999999997,0.0,0.0,0.0,NA,0.0,0.0
SCHOOL_2392,0,0,0,0,0,0,0,0,0,0,1,2472000.0,-19.07369,31.05896,0.0,0.0,0.0,NA,0.0,0.0
SCHOOL_2393,0,0,0,0,0,0,0,0,0,0,1,4284000.0,-19.01066000000001,31.055500000000002,0.0,0.0,0.0,NA,0.0,0.0
SCHOOL_2394,0,0,0,0,0,0,0,0,0,0,1,1812000.0,-19.007529999999992,31.06373,0.0,0.0,0.0,NA,0.0,0.0
SCHOOL_2395,0,0,0,0,0,0,0,0,0,0,1,2736000.0,-18.9015,31.00583,0.0,0.0,0.0,NA,0.0,0.0
SCHOOL_2396,0,0,0,0,0,0,0,0,0,0,1,2952000.0,-18.86689,31.044210000000003,0.0,0.0,0.0,NA,0.0,0.0
SCHOOL_2397,0,0,0,0,0,0,0,0,0,0,1,4020000.0,-18.86386,31.043379999999996,0.0,0.0,0.0,NA,0.0,0.0
SCHOOL_2398,0,0,0,0,0,0,0,0,0,0,1,3552000.0,-18.85516,30.97458,0.0,0.0,0.0,NA,0.0,0.0
SCHOOL_2399,0,0,0,0,0,0,0,0,0,0,1,2448000.0,-18.843679999999996,30.994250000000005,0.0,0.0,0.0,NA,0.0,0.0
SCHOOL_2400,0,0,0,0,0,0,0,0,0,0,1,756000.0,-18.838680000000004,31.07893,0.0,0.0,0.0,NA,0.0,0.0
SCHOOL_2401,0,0,0,0,0,0,0,0,0,0,1,1668000.0,-18.960439999999995,30.912,0.0,0.0,0.0,NA,0.0,0.0
SCHOOL_2402,0,0,0,0,0,0,0,0,0,0,1,4740000.0,-18.950980000000005,30.95553,0.0,0.0,0.0,NA,0.0,0.0
SCHOOL_2403,0,0,0,0,0,0,0,0,0,0,1,3576000.0,-18.923109999999994,30.95716,0.0,0.0,0.0,NA,0.0,0.0
SCHOOL_2404,0,0,0,0,0,0,0,0,0,0,1,3900000.0,-18.842630000000003,30.9082,0.0,0.0,0.0,NA,0.0,0.0
SCHOOL_2405,0,0,0,0,0,0,0,0,0,0,2,9000000.0,-18.673120000000505,30.94020999999864,0.0,0.0,0.0,NA,0.0,0.0
SCHOOL_2406,0,0,0,0,0,0,0,0,0,0,1,1164000.0,-18.673100000000005,30.894610000000004,0.0,0.0,0.0,NA,0.0,0.0
SCHOOL_2407,0,0,0,0,0,0,0,0,0,0,2,2676000.0,-18.618410000000438,30.92457500000094,0.0,0.0,0.0,NA,0.0,0.0
SCHOOL_2408,0,0,0,0,0,0,0,0,0,0,1,924000.0,-18.551869999999997,30.948070000000005,0.0,0.0,0.0,NA,0.0,0.0
SCHOOL_2409,0,0,0,0,0,0,0,0,0,0,1,3564000.0,-19.267789999999994,31.760940000000005,0.0,0.0,0.0,NA,0.0,0.0
SCHOOL_2410,0,0,0,0,0,0,0,0,0,0,1,4956000.0,-19.247099999999996,31.752639999999996,0.0,0.0,0.0,NA,0.0,0.0
SCHOOL_2411,0,0,0,0,0,0,0,0,0,0,1,8304000.0,-19.216759999999997,31.772880000000004,0.0,0.0,0.0,NA,0.0,0.0
SCHOOL_2412,0,0,0,0,0,0,0,0,0,0,1,5748000.0,-19.21015999999999,31.767610000000005,0.0,0.0,0.0,NA,0.0,0.0
SCHOOL_2413,0,0,0,0,0,0,0,0,0,0,1,4848000.0,-19.187419999999996,31.805850000000003,0.0,0.0,0.0,NA,0.0,0.0
SCHOOL_2414,0,0,0,0,0,0,0,0,0,0,1,11688000.0,-19.16774,31.761669999999995,0.0,0.0,0.0,NA,0.0,0.0
SCHOOL_2415,0,0,0,0,0,0,0,0,0,0,2,15636000.0,-19.159980001203593,31.752139999352984,0.0,0.0,0.0,NA,0.0,0.0
SCHOOL_2416,0,0,0,0,0,0,0,0,0,0,1,10080000.0,-19.122570000000003,31.74094,0.0,0.0,0.0,NA,0.0,0.0
SCHOOL_2417,0,0,0,0,0,0,0,0,0,0,1,7104000.0,-19.12057,31.811680000000003,0.0,0.0,0.0,NA,0.0,0.0
SCHOOL_2418,0,0,0,0,0,0,0,0,0,0,1,5064000.0,-19.156780000000005,31.65413,0.0,0.0,0.0,NA,0.0,0.0
SCHOOL_2419,0,0,0,0,0,0,0,0,0,0,1,2028000.0,-19.153560000000006,31.667360000000002,0.0,0.0,0.0,NA,0.0,0.0
SCHOOL_2420,0,0,0,0,0,0,0,0,0,0,1,4128000.0,-19.148180000000007,31.69751,0.0,0.0,0.0,NA,0.0,0.0
SCHOOL_2421,0,0,0,0,0,0,0,0,0,0,1,3924000.0,-19.113910000000004,31.69735,0.0,0.0,0.0,NA,0.0,0.0
SCHOOL_2422,0,0,0,0,0,0,0,0,0,0,1,6660000.0,-19.07644,31.639389999999995,0.0,0.0,0.0,NA,0.0,0.0
SCHOOL_2423,0,0,0,0,0,0,0,0,0,0,1,3684000.0,-19.070729999999998,31.626700000000003,0.0,0.0,0.0,NA,0.0,0.0
SCHOOL_2424,0,0,0,0,0,0,0,0,0,0,2,5184000.0,-19.06810999991707,31.691165000143545,0.0,0.0,0.0,NA,0.0,0.0
SCHOOL_2425,0,0,0,0,0,0,0,0,0,0,2,4332000.0,-19.018035,31.629199999999983,0.0,0.0,0.0,NA,0.0,0.0
SCHOOL_2426,0,0,0,0,0,0,0,0,0,0,1,8640000.0,-19.156150000000004,31.948880000000003,0.0,0.0,0.0,NA,0.0,0.0
SCHOOL_2427,0,0,0,0,0,0,0,0,0,0,1,2640000.0,-19.136370000000003,31.88771,0.0,0.0,0.0,NA,0.0,0.0
SCHOOL_2428,0,0,0,0,0,0,0,0,0,0,1,6600000.0,-19.127730000000003,31.89102,0.0,0.0,0.0,NA,0.0,0.0
SCHOOL_2429,0,0,0,0,0,0,0,0,0,0,1,1452000.0,-19.05824,31.91519,0.0,0.0,0.0,NA,0.0,0.0
SCHOOL_2430,0,0,0,0,0,0,0,0,0,0,1,624000.0,-19.055439999999994,31.85608,0.0,0.0,0.0,NA,0.0,0.0
SCHOOL_2431,0,0,0,0,0,0,0,0,0,0,1,672000.0,-19.012169999999998,31.964680000000005,0.0,0.0,0.0,NA,0.0,0.0
SCHOOL_2432,0,0,0,0,0,0,0,0,0,0,1,624000.0,-19.007540000000006,31.894109999999998,0.0,0.0,0.0,NA,0.0,0.0
SCHOOL_2433,0,0,0,0,0,0,0,0,0,0,1,7464000.0,-19.006130000000002,32.01992,0.0,0.0,0.0,NA,0.0,0.0
SCHOOL_2434,0,0,0,0,0,0,0,0,0,0,1,2004000.0,-18.999379999999995,32.0185,0.0,0.0,0.0,NA,0.0,0.0
SCHOOL_2435,0,0,0,0,0,0,0,0,0,0,2,5736000.0,-18.98530000114789,31.92258999930219,0.0,0.0,0.0,NA,0.0,0.0
SCHOOL_2436,0,0,0,0,0,0,0,0,0,0,1,2712000.0,-19.11884999999999,31.82936,0.0,0.0,0.0,NA,0.0,0.0
SCHOOL_2437,0,0,0,0,0,0,0,0,0,0,1,7176000.0,-19.10785999999999,31.74165,0.0,0.0,0.0,NA,0.0,0.0
SCHOOL_2438,0,0,0,0,0,0,0,0,0,0,1,7416000.0,-19.07078,31.791499999999996,0.0,0.0,0.0,NA,0.0,0.0
SCHOOL_2439,0,0,0,0,0,0,0,0,0,0,1,3564000.0,-19.052280000000007,31.773109999999996,0.0,0.0,0.0,NA,0.0,0.0
SCHOOL_2440,0,0,0,0,0,0,0,0,0,0,1,5220000.0,-19.04186,31.733930000000004,0.0,0.0,0.0,NA,0.0,0.0
SCHOOL_2441,0,0,0,0,0,0,0,0,0,0,1,996000.0,-19.026990000000005,31.829890000000002,0.0,0.0,0.0,NA,0.0,0.0
SCHOOL_2442,0,0,0,0,0,0,0,0,0,0,1,1080000.0,-19.0084,31.7498,0.0,0.0,0.0,NA,0.0,0.0
SCHOOL_2443,0,0,0,0,0,0,0,0,0,0,1,840000.0,-18.99715,31.799830000000004,0.0,0.0,0.0,NA,0.0,0.0
SCHOOL_2444,0,0,0,0,0,0,0,0,0,0,1,996000.0,-18.989019999999996,31.79727,0.0,0.0,0.0,NA,0.0,0.0
SCHOOL_2445,0,0,0,0,0,0,0,0,0,0,1,1080000.0,-18.96332,31.75191,0.0,0.0,0.0,NA,0.0,0.0
SCHOOL_2446,0,0,0,0,0,0,0,0,0,0,1,4476000.0,-19.012330000000006,32.10076,0.0,0.0,0.0,NA,0.0,0.0
SCHOOL_2447,0,0,0,0,0,0,0,0,0,0,1,3948000.0,-18.976679999999998,32.1329,0.0,0.0,0.0,NA,0.0,0.0
SCHOOL_2448,0,0,0,0,0,0,0,0,0,0,1,11268000.0,-18.976319999999998,32.1478,0.0,0.0,0.0,NA,0.0,0.0
SCHOOL_2449,0,0,0,0,0,0,0,0,0,0,1,3600000.0,-18.94493,32.03405,0.0,0.0,0.0,NA,0.0,0.0
SCHOOL_2450,0,0,0,0,0,0,0,0,0,0,1,10836000.0,-18.934110000000004,32.09009,0.0,0.0,0.0,NA,0.0,0.0
SCHOOL_2451,0,0,0,0,0,0,0,0,0,0,1,2652000.0,-18.929239999999997,32.05778,0.0,0.0,0.0,NA,0.0,0.0
SCHOOL_2452,0,0,0,0,0,0,0,0,0,0,1,4560000.0,-18.925920000000005,32.09094,0.0,0.0,0.0,NA,0.0,0.0
SCHOOL_2453,0,0,0,0,0,0,0,0,0,0,1,6036000.0,-18.911369999999998,32.11266,0.0,0.0,0.0,NA,0.0,0.0
SCHOOL_2454,0,0,0,0,0,0,0,0,0,0,2,9312000.0,-18.902665000000265,32.15099499999878,0.0,0.0,0.0,NA,0.0,0.0
SCHOOL_2455,0,0,0,0,0,0,0,0,0,0,1,1716000.0,-19.013910000000003,31.679600000000004,0.0,0.0,0.0,NA,0.0,0.0
SCHOOL_2456,0,0,0,0,0,0,0,0,0,0,1,5004000.0,-19.0083,31.679820000000003,0.0,0.0,0.0,NA,0.0,0.0
SCHOOL_2457,0,0,0,0,0,0,0,0,0,0,1,804000.0,-18.963709999999995,31.704699999999995,0.0,0.0,0.0,NA,0.0,0.0
SCHOOL_2458,0,0,0,0,0,0,0,0,0,0,1,1140000.0,-18.963130000000003,31.708879999999997,0.0,0.0,0.0,NA,0.0,0.0
SCHOOL_2459,0,0,0,0,0,0,0,0,0,0,1,3504000.0,-18.961579999999994,31.635099999999998,0.0,0.0,0.0,NA,0.0,0.0
SCHOOL_2460,0,0,0,0,0,0,0,0,0,0,1,1320000.0,-18.942770000000003,31.7183,0.0,0.0,0.0,NA,0.0,0.0
SCHOOL_2461,0,0,0,0,0,0,0,0,0,0,1,3480000.0,-18.909179999999992,31.619340000000005,0.0,0.0,0.0,NA,0.0,0.0
SCHOOL_2462,0,0,0,0,0,0,0,0,0,0,1,2892000.0,-18.909110000000002,31.68778,0.0,0.0,0.0,NA,0.0,0.0
SCHOOL_2463,0,0,0,0,0,0,0,0,0,0,1,7512000.0,-18.87064000000001,31.71968,0.0,0.0,0.0,NA,0.0,0.0
SCHOOL_2464,0,0,0,0,0,0,0,0,0,0,1,1644000.0,-18.84345,31.60671,0.0,0.0,0.0,NA,0.0,0.0
SCHOOL_2465,0,0,0,0,0,0,0,0,0,0,1,624000.0,-18.954700000000003,31.8768,0.0,0.0,0.0,NA,0.0,0.0
SCHOOL_2466,0,0,0,0,0,0,0,0,0,0,1,5196000.0,-18.912339999999997,31.86017,0.0,0.0,0.0,NA,0.0,0.0
SCHOOL_2467,0,0,0,0,0,0,0,0,0,0,1,4704000.0,-18.908580000000004,31.951389999999996,0.0,0.0,0.0,NA,0.0,0.0
SCHOOL_2468,0,0,0,0,0,0,0,0,0,0,1,3588000.0,-18.90716,31.903910000000003,0.0,0.0,0.0,NA,0.0,0.0
SCHOOL_2469,0,0,0,0,0,0,0,0,0,0,1,5652000.0,-18.897119999999994,31.91025,0.0,0.0,0.0,NA,0.0,0.0
SCHOOL_2470,0,0,0,0,0,0,0,0,0,0,1,4272000.0,-18.896869999999996,32.01219,0.0,0.0,0.0,NA,0.0,0.0
SCHOOL_2471,0,0,0,0,0,0,0,0,0,0,1,2100000.0,-18.864799999999995,31.991040000000005,0.0,0.0,0.0,NA,0.0,0.0
SCHOOL_2472,0,0,0,0,0,0,0,0,0,0,1,3468000.0,-18.861170000000005,31.992849999999997,0.0,0.0,0.0,NA,0.0,0.0
SCHOOL_2473,0,0,0,0,0,0,0,0,0,0,1,3300000.0,-18.860759999999996,31.939440000000005,0.0,0.0,0.0,NA,0.0,0.0
SCHOOL_2474,0,0,0,0,0,0,0,0,0,0,1,5112000.0,-18.907779999999995,31.81579,0.0,0.0,0.0,NA,0.0,0.0
SCHOOL_2475,0,0,0,0,0,0,0,0,0,0,1,3564000.0,-18.90245,31.816740000000003,0.0,0.0,0.0,NA,0.0,0.0
SCHOOL_2476,0,0,0,0,0,0,0,0,0,0,1,1428000.0,-18.89625,31.74911,0.0,0.0,0.0,NA,0.0,0.0
SCHOOL_2477,0,0,0,0,0,0,0,0,0,0,1,1956000.0,-18.89443,31.746390000000005,0.0,0.0,0.0,NA,0.0,0.0
SCHOOL_2478,0,0,0,0,0,0,0,0,0,0,1,4932000.0,-18.864709999999995,31.720960000000005,0.0,0.0,0.0,NA,0.0,0.0
SCHOOL_2479,0,0,0,0,0,0,0,0,0,0,1,3612000.0,-18.853679999999997,31.83381,0.0,0.0,0.0,NA,0.0,0.0
SCHOOL_2480,0,0,0,0,0,0,0,0,0,0,1,2640000.0,-18.84615,31.79011,0.0,0.0,0.0,NA,0.0,0.0
SCHOOL_2481,0,0,0,0,0,0,0,0,0,0,1,8316000.0,-18.844859999999997,31.80568,0.0,0.0,0.0,NA,0.0,0.0
SCHOOL_2482,0,0,0,0,0,0,0,0,0,0,1,4080000.0,-18.818450000000002,31.82575,0.0,0.0,0.0,NA,0.0,0.0
SCHOOL_2483,0,0,0,0,0,0,0,0,0,0,1,3300000.0,-18.81344,31.826439999999998,0.0,0.0,0.0,NA,0.0,0.0
SCHOOL_2484,0,0,0,0,0,0,0,0,0,0,1,5208000.0,-18.872660000000003,32.04584,0.0,0.0,0.0,NA,0.0,0.0
SCHOOL_2485,0,0,0,0,0,0,0,0,0,0,1,7608000.0,-18.87189,32.0416,0.0,0.0,0.0,NA,0.0,0.0
SCHOOL_2486,0,0,0,0,0,0,0,0,0,0,1,2916000.0,-18.87065,32.0917,0.0,0.0,0.0,NA,0.0,0.0
SCHOOL_2487,0,0,0,0,0,0,0,0,0,0,2,14952000.0,-18.824975000165292,32.095760000642336,0.0,0.0,0.0,NA,0.0,0.0
SCHOOL_2488,0,0,0,0,0,0,0,0,0,0,1,6828000.0,-18.82471,32.05793,0.0,0.0,0.0,NA,0.0,0.0
SCHOOL_2489,0,0,0,0,0,0,0,0,0,0,1,10512000.0,-18.798289999999998,32.09142,0.0,0.0,0.0,NA,0.0,0.0
SCHOOL_2490,0,0,0,0,0,0,0,0,0,0,1,4488000.0,-18.79047999999999,32.09217,0.0,0.0,0.0,NA,0.0,0.0
SCHOOL_2491,0,0,0,0,0,0,0,0,0,0,1,5784000.0,-18.79007,32.15254,0.0,0.0,0.0,NA,0.0,0.0
SCHOOL_2492,0,0,0,0,0,0,0,0,0,0,1,2892000.0,-18.76514,32.03251,0.0,0.0,0.0,NA,0.0,0.0
SCHOOL_2493,0,0,0,0,0,0,0,0,0,0,1,2880000.0,-18.855610000000002,31.89049,0.0,0.0,0.0,NA,0.0,0.0
SCHOOL_2494,0,0,0,0,0,0,0,0,0,0,1,1584000.0,-18.83908,31.94479,0.0,0.0,0.0,NA,0.0,0.0
SCHOOL_2495,0,0,0,0,0,0,0,0,0,0,1,6072000.0,-18.82507,31.946420000000003,0.0,0.0,0.0,NA,0.0,0.0
SCHOOL_2496,0,0,0,0,0,0,0,0,0,0,1,2220000.0,-18.823060000000005,31.89556,0.0,0.0,0.0,NA,0.0,0.0
SCHOOL_2497,0,0,0,0,0,0,0,0,0,0,1,2316000.0,-18.816969999999994,31.971110000000003,0.0,0.0,0.0,NA,0.0,0.0
SCHOOL_2498,0,0,0,0,0,0,0,0,0,0,1,2952000.0,-18.768420000000003,31.87812,0.0,0.0,0.0,NA,0.0,0.0
SCHOOL_2499,0,0,0,0,0,0,0,0,0,0,1,6144000.0,-18.76633,31.95106,0.0,0.0,0.0,NA,0.0,0.0
SCHOOL_2500,0,0,0,0,0,0,0,0,0,0,1,2628000.0,-18.74557,31.90336,0.0,0.0,0.0,NA,0.0,0.0
SCHOOL_2501,0,0,0,0,0,0,0,0,0,0,1,4380000.0,-18.72704,31.991490000000002,0.0,0.0,0.0,NA,0.0,0.0
SCHOOL_2502,0,0,0,0,0,0,0,0,0,0,1,3432000.0,-18.71991,32.00708,0.0,0.0,0.0,NA,0.0,0.0
SCHOOL_2503,0,0,0,0,0,0,0,0,0,0,1,11472000.0,-20.411709999999992,32.70248000000001,0.0,0.0,0.0,NA,0.0,0.0
SCHOOL_2504,0,0,0,0,0,0,0,0,0,0,1,4836000.0,-20.395949999999996,32.6759,0.0,0.0,0.0,NA,0.0,0.0
SCHOOL_2505,0,0,0,0,0,0,0,0,0,0,1,7392000.0,-20.365409999999994,32.71553,0.0,0.0,0.0,NA,0.0,0.0
SCHOOL_2506,0,0,0,0,0,0,0,0,0,0,1,3348000.0,-20.35969,32.76141,0.0,0.0,0.0,NA,0.0,0.0
SCHOOL_2507,0,0,0,0,0,0,0,0,0,0,1,1140000.0,-20.321359999999988,32.76576,0.0,0.0,0.0,NA,0.0,0.0
SCHOOL_2508,0,0,0,0,0,0,0,0,0,0,1,11352000.0,-20.315450000000002,32.71957,0.0,0.0,0.0,NA,0.0,0.0
SCHOOL_2509,0,0,0,0,0,0,0,0,0,0,1,12000000.0,-20.3016,32.76127000000001,0.0,0.0,0.0,NA,0.0,0.0
SCHOOL_2510,0,0,0,0,0,0,0,0,0,0,1,3132000.0,-20.29424,32.83225,0.0,0.0,0.0,NA,0.0,0.0
SCHOOL_2511,0,0,0,0,0,0,0,0,0,0,1,12000000.0,-20.29009999999999,32.83291,0.0,0.0,0.0,NA,0.0,0.0
SCHOOL_2512,0,0,0,0,0,0,0,0,0,0,1,5964000.0,-20.297570000000007,32.66053,0.0,0.0,0.0,NA,0.0,0.0
SCHOOL_2513,0,0,0,0,0,0,0,0,0,0,1,4680000.0,-20.27052,32.59633,0.0,0.0,0.0,NA,0.0,0.0
SCHOOL_2514,0,0,0,0,0,0,0,0,0,0,1,4092000.0,-20.25052,32.66059,0.0,0.0,0.0,NA,0.0,0.0
SCHOOL_2515,0,0,0,0,0,0,0,0,0,0,1,10548000.0,-20.237930000000002,32.65645,0.0,0.0,0.0,NA,0.0,0.0
SCHOOL_2516,0,0,0,0,0,0,0,0,0,0,1,9384000.0,-20.205929999999995,32.6408,0.0,0.0,0.0,NA,0.0,0.0
SCHOOL_2517,0,0,0,0,0,0,0,0,0,0,1,12000000.0,-20.192959999999996,32.64278,0.0,0.0,0.0,NA,0.0,0.0
SCHOOL_2518,0,0,0,0,0,0,0,0,0,0,1,6888000.0,-20.152,32.66603,0.0,0.0,0.0,NA,0.0,0.0
SCHOOL_2519,0,0,0,0,0,0,0,0,0,0,1,11964000.0,-20.27105,32.83827,0.0,0.0,0.0,NA,0.0,0.0
SCHOOL_2520,0,0,0,0,0,0,0,0,0,0,1,8184000.0,-20.259579999999996,32.80828,0.0,0.0,0.0,NA,0.0,0.0
SCHOOL_2521,0,0,0,0,0,0,0,0,0,0,1,6492000.0,-20.250050000000005,32.79547,0.0,0.0,0.0,NA,0.0,0.0
SCHOOL_2522,0,0,0,0,0,0,0,0,0,0,1,12000000.0,-20.249940000000006,32.80022,0.0,0.0,0.0,NA,0.0,0.0
SCHOOL_2523,0,0,0,0,0,0,0,0,0,0,1,7404000.0,-20.217419999999997,32.72139,0.0,0.0,0.0,NA,0.0,0.0
SCHOOL_2524,0,0,0,0,0,0,0,0,0,0,1,1248000.0,-20.212389999999992,32.80041,0.0,0.0,0.0,NA,0.0,0.0
SCHOOL_2525,0,0,0,0,0,0,0,0,0,0,1,5484000.0,-20.19651,32.83063,0.0,0.0,0.0,NA,0.0,0.0
SCHOOL_2526,0,0,0,0,0,0,0,0,0,0,1,3396000.0,-20.192479999999993,32.79986,0.0,0.0,0.0,NA,0.0,0.0
SCHOOL_2527,0,0,0,0,0,0,0,0,0,0,1,2784000.0,-20.174040000000005,32.71954,0.0,0.0,0.0,NA,0.0,0.0
SCHOOL_2528,0,0,0,0,0,0,0,0,0,0,1,7920000.0,-20.16816,32.73016,0.0,0.0,0.0,NA,0.0,0.0
SCHOOL_2529,0,0,0,0,0,0,0,0,0,0,1,3492000.0,-20.09859,32.91996,0.0,0.0,0.0,NA,0.0,0.0
SCHOOL_2530,0,0,0,0,0,0,0,0,0,0,1,3012000.0,-20.15758,32.79106,0.0,0.0,0.0,NA,0.0,0.0
SCHOOL_2531,0,0,0,0,0,0,0,0,0,0,1,10332000.0,-20.14725,32.78635,0.0,0.0,0.0,NA,0.0,0.0
SCHOOL_2532,0,0,0,0,0,0,0,0,0,0,1,5016000.0,-20.116019999999995,32.70879,0.0,0.0,0.0,NA,0.0,0.0
SCHOOL_2533,0,0,0,0,0,0,0,0,0,0,1,792000.0,-20.108439999999998,32.69594,0.0,0.0,0.0,NA,0.0,0.0
SCHOOL_2534,0,0,0,0,0,0,0,0,0,0,1,12000000.0,-20.091309999999996,32.70814,0.0,0.0,0.0,NA,0.0,0.0
SCHOOL_2535,0,0,0,0,0,0,0,0,0,0,1,12000000.0,-20.090949999999996,32.828340000000004,0.0,0.0,0.0,NA,0.0,0.0
SCHOOL_2536,0,0,0,0,0,0,0,0,0,0,1,11352000.0,-20.078399999999988,32.80641,0.0,0.0,0.0,NA,0.0,0.0
SCHOOL_2537,0,0,0,0,0,0,0,0,0,0,1,12000000.0,-20.06733,32.68406,0.0,0.0,0.0,NA,0.0,0.0
SCHOOL_2538,0,0,0,0,0,0,0,0,0,0,1,7008000.0,-20.062929999999998,32.72653,0.0,0.0,0.0,NA,0.0,0.0
SCHOOL_2539,0,0,0,0,0,0,0,0,0,0,1,8100000.0,-20.039150000000003,32.7854,0.0,0.0,0.0,NA,0.0,0.0
SCHOOL_2540,0,0,0,0,0,0,0,0,0,0,1,12000000.0,-20.085500000000003,32.91926,0.0,0.0,0.0,NA,0.0,0.0
SCHOOL_2541,0,0,0,0,0,0,0,0,0,0,2,13896000.0,-20.07680499999949,32.84115000000092,0.0,0.0,0.0,NA,0.0,0.0
SCHOOL_2542,0,0,0,0,0,0,0,0,0,0,1,11928000.0,-20.068209999999997,32.87348,0.0,0.0,0.0,NA,0.0,0.0
SCHOOL_2543,0,0,0,0,0,0,0,0,0,0,1,9180000.0,-20.065580000000004,32.88021,0.0,0.0,0.0,NA,0.0,0.0
SCHOOL_2544,0,0,0,0,0,0,0,0,0,0,1,8136000.0,-20.046250000000004,32.8895,0.0,0.0,0.0,NA,0.0,0.0
SCHOOL_2545,0,0,0,0,0,0,0,0,0,0,1,7644000.0,-20.03845,32.89629,0.0,0.0,0.0,NA,0.0,0.0
SCHOOL_2546,0,0,0,0,0,0,0,0,0,0,1,10956000.0,-20.035329999999995,32.88845,0.0,0.0,0.0,NA,0.0,0.0
SCHOOL_2547,0,0,0,0,0,0,0,0,0,0,1,12000000.0,-20.13545,32.63419,0.0,0.0,0.0,NA,0.0,0.0
SCHOOL_2548,0,0,0,0,0,0,0,0,0,0,1,4932000.0,-20.083629999999992,32.56775,0.0,0.0,0.0,NA,0.0,0.0
SCHOOL_2549,0,0,0,0,0,0,0,0,0,0,1,5436000.0,-20.058609999999998,32.584770000000006,0.0,0.0,0.0,NA,0.0,0.0
SCHOOL_2550,0,0,0,0,0,0,0,0,0,0,1,3552000.0,-20.05713,32.59474,0.0,0.0,0.0,NA,0.0,0.0
SCHOOL_2551,0,0,0,0,0,0,0,0,0,0,1,4824000.0,-20.01657,32.62937,0.0,0.0,0.0,NA,0.0,0.0
SCHOOL_2552,0,0,0,0,0,0,0,0,0,0,1,2988000.0,-20.014729999999993,32.59617,0.0,0.0,0.0,NA,0.0,0.0
SCHOOL_2553,0,0,0,0,0,0,0,0,0,0,1,8412000.0,-19.98935,32.57939,0.0,0.0,0.0,NA,0.0,0.0
SCHOOL_2554,0,0,0,0,0,0,0,0,0,0,1,5184000.0,-19.98436999999999,32.57893,0.0,0.0,0.0,NA,0.0,0.0
SCHOOL_2555,0,0,0,0,0,0,0,0,0,0,1,3240000.0,-19.910669999999996,32.65567,0.0,0.0,0.0,NA,0.0,0.0
SCHOOL_2556,0,0,0,0,0,0,0,0,0,0,1,2724000.0,-19.844510000000003,32.59015,0.0,0.0,0.0,NA,0.0,0.0
SCHOOL_2557,0,0,0,0,0,0,0,0,0,0,1,6084000.0,-20.031909999999993,32.72578,0.0,0.0,0.0,NA,0.0,0.0
SCHOOL_2558,0,0,0,0,0,0,0,0,0,0,1,5508000.0,-20.023400000000002,32.81018,0.0,0.0,0.0,NA,0.0,0.0
SCHOOL_2559,0,0,0,0,0,0,0,0,0,0,1,1800000.0,-20.000730000000004,32.8152,0.0,0.0,0.0,NA,0.0,0.0
SCHOOL_2560,0,0,0,0,0,0,0,0,0,0,1,2484000.0,-19.985350000000004,32.82528,0.0,0.0,0.0,NA,0.0,0.0
SCHOOL_2561,0,0,0,0,0,0,0,0,0,0,1,672000.0,-19.979479999999995,32.76875,0.0,0.0,0.0,NA,0.0,0.0
SCHOOL_2562,0,0,0,0,0,0,0,0,0,0,1,3504000.0,-19.97333,32.69014,0.0,0.0,0.0,NA,0.0,0.0
SCHOOL_2563,0,0,0,0,0,0,0,0,0,0,1,1488000.0,-19.95164000000001,32.68384,0.0,0.0,0.0,NA,0.0,0.0
SCHOOL_2564,0,0,0,0,0,0,0,0,0,0,1,8424000.0,-19.938579999999998,32.83599,0.0,0.0,0.0,NA,0.0,0.0
SCHOOL_2565,0,0,0,0,0,0,0,0,0,0,1,5664000.0,-19.935690000000005,32.733070000000005,0.0,0.0,0.0,NA,0.0,0.0
SCHOOL_2566,0,0,0,0,0,0,0,0,0,0,1,12000000.0,-19.91351999999999,32.83986,0.0,0.0,0.0,NA,0.0,0.0
SCHOOL_2567,0,0,0,0,0,0,0,0,0,0,1,8964000.0,-20.02995999999999,32.9765,0.0,0.0,0.0,NA,0.0,0.0
SCHOOL_2568,0,0,0,0,0,0,0,0,0,0,1,12000000.0,-20.023190000000003,32.93726,0.0,0.0,0.0,NA,0.0,0.0
SCHOOL_2569,0,0,0,0,0,0,0,0,0,0,1,12000000.0,-19.953649999999996,32.84411,0.0,0.0,0.0,NA,0.0,0.0
SCHOOL_2570,0,0,0,0,0,0,0,0,0,0,1,3000000.0,-19.917300000000004,32.89598,0.0,0.0,0.0,NA,0.0,0.0
SCHOOL_2571,0,0,0,0,0,0,0,0,0,0,1,3516000.0,-19.891200000000005,32.97858,0.0,0.0,0.0,NA,0.0,0.0
SCHOOL_2572,0,0,0,0,0,0,0,0,0,0,1,3432000.0,-19.844650000000005,32.87145,0.0,0.0,0.0,NA,0.0,0.0
SCHOOL_2573,0,0,0,0,0,0,0,0,0,0,1,5784000.0,-19.790589999999995,32.87013,0.0,0.0,0.0,NA,0.0,0.0
SCHOOL_2574,0,0,0,0,0,0,0,0,0,0,1,3828000.0,-19.902300000000004,32.82852,0.0,0.0,0.0,NA,0.0,0.0
SCHOOL_2575,0,0,0,0,0,0,0,0,0,0,2,8520000.0,-19.877405000000078,32.71207999999738,0.0,0.0,0.0,NA,0.0,0.0
SCHOOL_2576,0,0,0,0,0,0,0,0,0,0,1,4644000.0,-19.844700000000003,32.70506,0.0,0.0,0.0,NA,0.0,0.0
SCHOOL_2577,0,0,0,0,0,0,0,0,0,0,1,2736000.0,-19.832299999999996,32.73247,0.0,0.0,0.0,NA,0.0,0.0
SCHOOL_2578,0,0,0,0,0,0,0,0,0,0,1,4428000.0,-19.815450000000002,32.7914,0.0,0.0,0.0,NA,0.0,0.0
SCHOOL_2579,0,0,0,0,0,0,0,0,0,0,1,11064000.0,-19.806350000000005,32.70511,0.0,0.0,0.0,NA,0.0,0.0
SCHOOL_2580,0,0,0,0,0,0,0,0,0,0,1,9420000.0,-19.795120000000008,32.72384,0.0,0.0,0.0,NA,0.0,0.0
SCHOOL_2581,0,0,0,0,0,0,0,0,0,0,1,708000.0,-19.785250000000005,32.763,0.0,0.0,0.0,NA,0.0,0.0
SCHOOL_2582,0,0,0,0,0,0,0,0,0,0,1,1128000.0,-19.685990000000004,32.80184,0.0,0.0,0.0,NA,0.0,0.0
SCHOOL_2583,0,0,0,0,0,0,0,0,0,0,1,12000000.0,-20.313859999999995,32.5598,0.0,0.0,0.0,NA,0.0,0.0
SCHOOL_2584,0,0,0,0,0,0,0,0,0,0,1,7512000.0,-20.24939999999999,32.54010000000001,0.0,0.0,0.0,NA,0.0,0.0
SCHOOL_2585,0,0,0,0,0,0,0,0,0,0,1,8676000.0,-20.11727999999999,32.43221,0.0,0.0,0.0,NA,0.0,0.0
SCHOOL_2586,0,0,0,0,0,0,0,0,0,0,1,6168000.0,-20.114579999999997,32.41014,0.0,0.0,0.0,NA,0.0,0.0
SCHOOL_2587,0,0,0,0,0,0,0,0,0,0,1,4908000.0,-20.11380000000001,32.52277,0.0,0.0,0.0,NA,0.0,0.0
SCHOOL_2588,0,0,0,0,0,0,0,0,0,0,1,3552000.0,-20.087079999999997,32.4881,0.0,0.0,0.0,NA,0.0,0.0
SCHOOL_2589,0,0,0,0,0,0,0,0,0,0,1,12000000.0,-20.076560000000004,32.42801,0.0,0.0,0.0,NA,0.0,0.0
SCHOOL_2590,0,0,0,0,0,0,0,0,0,0,1,6312000.0,-20.050200000000004,32.42587,0.0,0.0,0.0,NA,0.0,0.0
SCHOOL_2591,0,0,0,0,0,0,0,0,0,0,1,4608000.0,-20.046639999999996,32.54165,0.0,0.0,0.0,NA,0.0,0.0
SCHOOL_2592,0,0,0,0,0,0,0,0,0,0,1,2508000.0,-19.991699999999998,32.44258000000001,0.0,0.0,0.0,NA,0.0,0.0
SCHOOL_2593,0,0,0,0,0,0,0,0,0,0,1,3996000.0,-20.04708,32.35799,0.0,0.0,0.0,NA,0.0,0.0
SCHOOL_2594,0,0,0,0,0,0,0,0,0,0,1,4380000.0,-20.020650000000003,32.39201,0.0,0.0,0.0,NA,0.0,0.0
SCHOOL_2595,0,0,0,0,0,0,0,0,0,0,1,12000000.0,-19.976390000000002,32.39429,0.0,0.0,0.0,NA,0.0,0.0
SCHOOL_2596,0,0,0,0,0,0,0,0,0,0,1,12000000.0,-19.96931,32.32914,0.0,0.0,0.0,NA,0.0,0.0
SCHOOL_2597,0,0,0,0,0,0,0,0,0,0,1,7584000.0,-19.96665999999999,32.33333,0.0,0.0,0.0,NA,0.0,0.0
SCHOOL_2598,0,0,0,0,0,0,0,0,0,0,1,3048000.0,-19.959829999999997,32.26593,0.0,0.0,0.0,NA,0.0,0.0
SCHOOL_2599,0,0,0,0,0,0,0,0,0,0,1,7740000.0,-19.94515,32.31017,0.0,0.0,0.0,NA,0.0,0.0
SCHOOL_2600,0,0,0,0,0,0,0,0,0,0,1,6312000.0,-19.961719999999996,32.44889,0.0,0.0,0.0,NA,0.0,0.0
SCHOOL_2601,0,0,0,0,0,0,0,0,0,0,1,1080000.0,-19.951539999999994,32.53953,0.0,0.0,0.0,NA,0.0,0.0
SCHOOL_2602,0,0,0,0,0,0,0,0,0,0,1,7800000.0,-19.92348999999999,32.456889999999994,0.0,0.0,0.0,NA,0.0,0.0
SCHOOL_2603,0,0,0,0,0,0,0,0,0,0,1,1908000.0,-19.904359999999997,32.5312,0.0,0.0,0.0,NA,0.0,0.0
SCHOOL_2604,0,0,0,0,0,0,0,0,0,0,1,2964000.0,-19.887959999999985,32.44248,0.0,0.0,0.0,NA,0.0,0.0
SCHOOL_2605,0,0,0,0,0,0,0,0,0,0,1,2796000.0,-19.84907,32.53857,0.0,0.0,0.0,NA,0.0,0.0
SCHOOL_2606,0,0,0,0,0,0,0,0,0,0,1,4140000.0,-19.84671,32.54546,0.0,0.0,0.0,NA,0.0,0.0
SCHOOL_2607,0,0,0,0,0,0,0,0,0,0,1,3396000.0,-19.83468,32.42947,0.0,0.0,0.0,NA,0.0,0.0
SCHOOL_2608,0,0,0,0,0,0,0,0,0,0,1,1512000.0,-19.820330000000002,32.51964,0.0,0.0,0.0,NA,0.0,0.0
SCHOOL_2609,0,0,0,0,0,0,0,0,0,0,1,7296000.0,-19.92646999999999,32.31175,0.0,0.0,0.0,NA,0.0,0.0
SCHOOL_2610,0,0,0,0,0,0,0,0,0,0,1,8568000.0,-19.921709999999994,32.37498,0.0,0.0,0.0,NA,0.0,0.0
SCHOOL_2611,0,0,0,0,0,0,0,0,0,0,1,3156000.0,-19.89598,32.23105,0.0,0.0,0.0,NA,0.0,0.0
SCHOOL_2612,0,0,0,0,0,0,0,0,0,0,1,8220000.0,-19.888349999999996,32.22197,0.0,0.0,0.0,NA,0.0,0.0
SCHOOL_2613,0,0,0,0,0,0,0,0,0,0,1,9312000.0,-19.88543,32.29043,0.0,0.0,0.0,NA,0.0,0.0
SCHOOL_2614,0,0,0,0,0,0,0,0,0,0,1,9240000.0,-19.86111,32.39933,0.0,0.0,0.0,NA,0.0,0.0
SCHOOL_2615,0,0,0,0,0,0,0,0,0,0,1,6408000.0,-19.850340000000003,32.21202,0.0,0.0,0.0,NA,0.0,0.0
SCHOOL_2616,0,0,0,0,0,0,0,0,0,0,1,4152000.0,-19.849930000000004,32.30766,0.0,0.0,0.0,NA,0.0,0.0
SCHOOL_2617,0,0,0,0,0,0,0,0,0,0,1,3264000.0,-19.82739,32.35266,0.0,0.0,0.0,NA,0.0,0.0
SCHOOL_2618,0,0,0,0,0,0,0,0,0,0,1,5592000.0,-19.798649999999988,32.30079,0.0,0.0,0.0,NA,0.0,0.0
SCHOOL_2619,0,0,0,0,0,0,0,0,0,0,1,1116000.0,-19.773429999999998,32.55948,0.0,0.0,0.0,NA,0.0,0.0
SCHOOL_2620,0,0,0,0,0,0,0,0,0,0,1,5364000.0,-19.74537,32.44204,0.0,0.0,0.0,NA,0.0,0.0
SCHOOL_2621,0,0,0,0,0,0,0,0,0,0,1,6480000.0,-19.711579999999998,32.47427,0.0,0.0,0.0,NA,0.0,0.0
SCHOOL_2622,0,0,0,0,0,0,0,0,0,0,2,10596000.0,-19.657129999999995,32.46756,0.0,0.0,0.0,NA,0.0,0.0
SCHOOL_2623,0,0,0,0,0,0,0,0,0,0,1,6252000.0,-19.655669999999994,32.42424,0.0,0.0,0.0,NA,0.0,0.0
SCHOOL_2624,0,0,0,0,0,0,0,0,0,0,1,7344000.0,-19.814179999999993,32.62731,0.0,0.0,0.0,NA,0.0,0.0
SCHOOL_2625,0,0,0,0,0,0,0,0,0,0,1,6360000.0,-19.813369999999995,32.63448,0.0,0.0,0.0,NA,0.0,0.0
SCHOOL_2626,0,0,0,0,0,0,0,0,0,0,1,5292000.0,-19.746629999999996,32.59093,0.0,0.0,0.0,NA,0.0,0.0
SCHOOL_2627,0,0,0,0,0,0,0,0,0,0,1,3372000.0,-19.73558,32.599500000000006,0.0,0.0,0.0,NA,0.0,0.0
SCHOOL_2628,0,0,0,0,0,0,0,0,0,0,1,4824000.0,-19.73317999999999,32.6545,0.0,0.0,0.0,NA,0.0,0.0
SCHOOL_2629,0,0,0,0,0,0,0,0,0,0,1,4296000.0,-19.719409999999996,32.63192,0.0,0.0,0.0,NA,0.0,0.0
SCHOOL_2630,0,0,0,0,0,0,0,0,0,0,1,2064000.0,-19.67473,32.56796000000001,0.0,0.0,0.0,NA,0.0,0.0
SCHOOL_2631,0,0,0,0,0,0,0,0,0,0,1,10524000.0,-19.65565,32.62886,0.0,0.0,0.0,NA,0.0,0.0
SCHOOL_2632,0,0,0,0,0,0,0,0,0,0,1,5016000.0,-19.65036,32.6415,0.0,0.0,0.0,NA,0.0,0.0
SCHOOL_2633,0,0,0,0,0,0,0,0,0,0,1,4188000.0,-19.56621999999999,32.60542,0.0,0.0,0.0,NA,0.0,0.0
SCHOOL_2634,0,0,0,0,0,0,0,0,0,0,1,6708000.0,-19.782580000000003,32.219,0.0,0.0,0.0,NA,0.0,0.0
SCHOOL_2635,0,0,0,0,0,0,0,0,0,0,1,2400000.0,-19.7713,32.22522,0.0,0.0,0.0,NA,0.0,0.0
SCHOOL_2636,0,0,0,0,0,0,0,0,0,0,1,8544000.0,-19.730490000000007,32.27208,0.0,0.0,0.0,NA,0.0,0.0
SCHOOL_2637,0,0,0,0,0,0,0,0,0,0,1,5160000.0,-19.655849999999994,32.23459,0.0,0.0,0.0,NA,0.0,0.0
SCHOOL_2638,0,0,0,0,0,0,0,0,0,0,1,2184000.0,-19.645960000000002,32.27136,0.0,0.0,0.0,NA,0.0,0.0
SCHOOL_2639,0,0,0,0,0,0,0,0,0,0,1,12000000.0,-19.635579999999994,32.39496,0.0,0.0,0.0,NA,0.0,0.0
SCHOOL_2640,0,0,0,0,0,0,0,0,0,0,1,6060000.0,-19.62313,32.35891,0.0,0.0,0.0,NA,0.0,0.0
SCHOOL_2641,0,0,0,0,0,0,0,0,0,0,1,6312000.0,-19.600780000000004,32.39273,0.0,0.0,0.0,NA,0.0,0.0
SCHOOL_2642,0,0,0,0,0,0,0,0,0,0,1,4668000.0,-19.600639999999995,32.32915,0.0,0.0,0.0,NA,0.0,0.0
SCHOOL_2643,0,0,0,0,0,0,0,0,0,0,1,6852000.0,-19.58686,32.27742,0.0,0.0,0.0,NA,0.0,0.0
SCHOOL_2644,0,0,0,0,0,0,0,0,0,0,1,3312000.0,-19.6501,32.1359,0.0,0.0,0.0,NA,0.0,0.0
SCHOOL_2645,0,0,0,0,0,0,0,0,0,0,1,6624000.0,-19.649110000000004,32.07137,0.0,0.0,0.0,NA,0.0,0.0
SCHOOL_2646,0,0,0,0,0,0,0,0,0,0,1,2208000.0,-19.63939,32.07027,0.0,0.0,0.0,NA,0.0,0.0
SCHOOL_2647,0,0,0,0,0,0,0,0,0,0,1,6324000.0,-19.61982999999999,32.1601,0.0,0.0,0.0,NA,0.0,0.0
SCHOOL_2648,0,0,0,0,0,0,0,0,0,0,1,9660000.0,-19.609290000000005,32.02644,0.0,0.0,0.0,NA,0.0,0.0
SCHOOL_2649,0,0,0,0,0,0,0,0,0,0,1,5916000.0,-19.587149999999998,32.07149,0.0,0.0,0.0,NA,0.0,0.0
SCHOOL_2650,0,0,0,0,0,0,0,0,0,0,1,5856000.0,-19.57544,32.10313,0.0,0.0,0.0,NA,0.0,0.0
SCHOOL_2651,0,0,0,0,0,0,0,0,0,0,1,9468000.0,-19.569919999999996,32.18356,0.0,0.0,0.0,NA,0.0,0.0
SCHOOL_2652,0,0,0,0,0,0,0,0,0,0,1,12000000.0,-19.561049999999998,32.10369,0.0,0.0,0.0,NA,0.0,0.0
SCHOOL_2653,0,0,0,0,0,0,0,0,0,0,1,2640000.0,-19.56073,32.18035,0.0,0.0,0.0,NA,0.0,0.0
SCHOOL_2654,0,0,0,0,0,0,0,0,0,0,1,912000.0,-19.654229999999995,32.53183,0.0,0.0,0.0,NA,0.0,0.0
SCHOOL_2655,0,0,0,0,0,0,0,0,0,0,1,7500000.0,-19.640359999999994,32.492360000000005,0.0,0.0,0.0,NA,0.0,0.0
SCHOOL_2656,0,0,0,0,0,0,0,0,0,0,1,5712000.0,-19.607159999999993,32.5118,0.0,0.0,0.0,NA,0.0,0.0
SCHOOL_2657,0,0,0,0,0,0,0,0,0,0,1,3324000.0,-19.58596,32.55337,0.0,0.0,0.0,NA,0.0,0.0
SCHOOL_2658,0,0,0,0,0,0,0,0,0,0,1,6132000.0,-19.56705,32.45776,0.0,0.0,0.0,NA,0.0,0.0
SCHOOL_2659,0,0,0,0,0,0,0,0,0,0,1,2232000.0,-19.566199999999995,32.41705,0.0,0.0,0.0,NA,0.0,0.0
SCHOOL_2660,0,0,0,0,0,0,0,0,0,0,1,3156000.0,-19.559360000000005,32.48411,0.0,0.0,0.0,NA,0.0,0.0
SCHOOL_2661,0,0,0,0,0,0,0,0,0,0,1,7620000.0,-19.555060000000005,32.42541,0.0,0.0,0.0,NA,0.0,0.0
SCHOOL_2662,0,0,0,0,0,0,0,0,0,0,1,7512000.0,-19.539819999999995,32.52826,0.0,0.0,0.0,NA,0.0,0.0
SCHOOL_2663,0,0,0,0,0,0,0,0,0,0,1,12000000.0,-19.532289999999996,32.52953000000001,0.0,0.0,0.0,NA,0.0,0.0
SCHOOL_2664,0,0,0,0,0,0,0,0,0,0,1,2832000.0,-19.561649999999997,32.32791,0.0,0.0,0.0,NA,0.0,0.0
SCHOOL_2665,0,0,0,0,0,0,0,0,0,0,1,5880000.0,-19.539359999999995,32.36356,0.0,0.0,0.0,NA,0.0,0.0
SCHOOL_2666,0,0,0,0,0,0,0,0,0,0,1,1884000.0,-19.53194,32.27132,0.0,0.0,0.0,NA,0.0,0.0
SCHOOL_2667,0,0,0,0,0,0,0,0,0,0,1,4344000.0,-19.520900000000005,32.32088000000001,0.0,0.0,0.0,NA,0.0,0.0
SCHOOL_2668,0,0,0,0,0,0,0,0,0,0,1,7092000.0,-19.52039,32.26771,0.0,0.0,0.0,NA,0.0,0.0
SCHOOL_2669,0,0,0,0,0,0,0,0,0,0,1,5136000.0,-19.51519999999999,32.35313,0.0,0.0,0.0,NA,0.0,0.0
SCHOOL_2670,0,0,0,0,0,0,0,0,0,0,1,8100000.0,-19.495510000000003,32.34588,0.0,0.0,0.0,NA,0.0,0.0
SCHOOL_2671,0,0,0,0,0,0,0,0,0,0,1,6024000.0,-19.47614,32.22689,0.0,0.0,0.0,NA,0.0,0.0
SCHOOL_2672,0,0,0,0,0,0,0,0,0,0,1,3096000.0,-19.46447,32.28726000000001,0.0,0.0,0.0,NA,0.0,0.0
SCHOOL_2673,0,0,0,0,0,0,0,0,0,0,1,9156000.0,-19.450999999999993,32.29401,0.0,0.0,0.0,NA,0.0,0.0
SCHOOL_2674,0,0,0,0,0,0,0,0,0,0,1,8016000.0,-19.78411000000001,32.94398,0.0,0.0,0.0,NA,0.0,0.0
SCHOOL_2675,0,0,0,0,0,0,0,0,0,0,1,972000.0,-19.739439999999995,32.922,0.0,0.0,0.0,NA,0.0,0.0
SCHOOL_2676,0,0,0,0,0,0,0,0,0,0,1,1932000.0,-19.717709999999997,32.843720000000005,0.0,0.0,0.0,NA,0.0,0.0
SCHOOL_2677,0,0,0,0,0,0,0,0,0,0,1,4200000.0,-19.693689999999997,32.93094,0.0,0.0,0.0,NA,0.0,0.0
SCHOOL_2678,0,0,0,0,0,0,0,0,0,0,1,12000000.0,-19.687400000000004,32.92867,0.0,0.0,0.0,NA,0.0,0.0
SCHOOL_2679,0,0,0,0,0,0,0,0,0,0,1,3852000.0,-19.68273,32.68229,0.0,0.0,0.0,NA,0.0,0.0
SCHOOL_2680,0,0,0,0,0,0,0,0,0,0,1,840000.0,-19.681790000000003,32.7986,0.0,0.0,0.0,NA,0.0,0.0
SCHOOL_2681,0,0,0,0,0,0,0,0,0,0,1,6672000.0,-19.529430000000005,32.71882,0.0,0.0,0.0,NA,0.0,0.0
SCHOOL_2682,0,0,0,0,0,0,0,0,0,0,1,9504000.0,-19.529369999999997,32.71405,0.0,0.0,0.0,NA,0.0,0.0
SCHOOL_2683,0,0,0,0,0,0,0,0,0,0,1,7800000.0,-19.526,32.78775,0.0,0.0,0.0,NA,0.0,0.0
SCHOOL_2684,0,0,0,0,0,0,0,0,0,0,1,5772000.0,-19.448409999999996,32.74139,0.0,0.0,0.0,NA,0.0,0.0
SCHOOL_2685,0,0,0,0,0,0,0,0,0,0,1,3288000.0,-19.43349,32.68049,0.0,0.0,0.0,NA,0.0,0.0
SCHOOL_2686,0,0,0,0,0,0,0,0,0,0,1,3288000.0,-19.37226,32.74604,0.0,0.0,0.0,NA,0.0,0.0
SCHOOL_2687,0,0,0,0,0,0,0,0,0,0,1,5892000.0,-19.14309,32.85065,0.0,0.0,0.0,NA,0.0,0.0
SCHOOL_2688,0,0,0,0,0,0,0,0,0,0,1,780000.0,-19.347559999999998,32.75242,0.0,0.0,0.0,NA,0.0,0.0
SCHOOL_2689,0,0,0,0,0,0,0,0,0,0,1,8376000.0,-19.329419999999995,32.71461,0.0,0.0,0.0,NA,0.0,0.0
SCHOOL_2690,0,0,0,0,0,0,0,0,0,0,1,3792000.0,-19.27556,32.82474,0.0,0.0,0.0,NA,0.0,0.0
SCHOOL_2691,0,0,0,0,0,0,0,0,0,0,1,2664000.0,-19.20549999999999,32.80966,0.0,0.0,0.0,NA,0.0,0.0
SCHOOL_2692,0,0,0,0,0,0,0,0,0,0,1,5064000.0,-19.187620000000006,32.77881,0.0,0.0,0.0,NA,0.0,0.0
SCHOOL_2693,0,0,0,0,0,0,0,0,0,0,1,12000000.0,-19.18258,32.67444,0.0,0.0,0.0,NA,0.0,0.0
SCHOOL_2694,0,0,0,0,0,0,0,0,0,0,1,4308000.0,-19.175280000000004,32.8229,0.0,0.0,0.0,NA,0.0,0.0
SCHOOL_2695,0,0,0,0,0,0,0,0,0,0,1,1224000.0,-19.135349999999992,32.731120000000004,0.0,0.0,0.0,NA,0.0,0.0
SCHOOL_2696,0,0,0,0,0,0,0,0,0,0,1,2880000.0,-19.132809999999996,32.8022,0.0,0.0,0.0,NA,0.0,0.0
SCHOOL_2697,0,0,0,0,0,0,0,0,0,0,1,4032000.0,-19.28340999999999,32.57883,0.0,0.0,0.0,NA,0.0,0.0
SCHOOL_2698,0,0,0,0,0,0,0,0,0,0,1,4044000.0,-19.25021,32.66658,0.0,0.0,0.0,NA,0.0,0.0
SCHOOL_2699,0,0,0,0,0,0,0,0,0,0,1,3840000.0,-19.2458,32.59857,0.0,0.0,0.0,NA,0.0,0.0
SCHOOL_2700,0,0,0,0,0,0,0,0,0,0,1,6240000.0,-19.239310000000007,32.66025,0.0,0.0,0.0,NA,0.0,0.0
SCHOOL_2701,0,0,0,0,0,0,0,0,0,0,1,10560000.0,-19.237179999999995,32.66627,0.0,0.0,0.0,NA,0.0,0.0
SCHOOL_2702,0,0,0,0,0,0,0,0,0,0,1,3456000.0,-19.215269999999997,32.61799,0.0,0.0,0.0,NA,0.0,0.0
SCHOOL_2703,0,0,0,0,0,0,0,0,0,0,1,6372000.0,-19.165930000000007,32.57173,0.0,0.0,0.0,NA,0.0,0.0
SCHOOL_2704,0,0,0,0,0,0,0,0,0,0,1,2112000.0,-19.1655,32.60316,0.0,0.0,0.0,NA,0.0,0.0
SCHOOL_2705,0,0,0,0,0,0,0,0,0,0,1,5544000.0,-19.150099999999995,32.59911,0.0,0.0,0.0,NA,0.0,0.0
SCHOOL_2706,0,0,0,0,0,0,0,0,0,0,1,11052000.0,-19.13351,32.58984,0.0,0.0,0.0,NA,0.0,0.0
SCHOOL_2707,0,0,0,0,0,0,0,0,0,0,1,12000000.0,-19.115529999999996,32.65528,0.0,0.0,0.0,NA,0.0,0.0
SCHOOL_2708,0,0,0,0,0,0,0,0,0,0,1,12000000.0,-19.113170000000007,32.64958,0.0,0.0,0.0,NA,0.0,0.0
SCHOOL_2709,0,0,0,0,0,0,0,0,0,0,1,10908000.0,-19.111489999999996,32.60265,0.0,0.0,0.0,NA,0.0,0.0
SCHOOL_2710,0,0,0,0,0,0,0,0,0,0,1,4860000.0,-19.09895,32.65708,0.0,0.0,0.0,NA,0.0,0.0
SCHOOL_2711,0,0,0,0,0,0,0,0,0,0,1,12000000.0,-19.094309999999997,32.60692,0.0,0.0,0.0,NA,0.0,0.0
SCHOOL_2712,0,0,0,0,0,0,0,0,0,0,1,12000000.0,-19.0352,32.65528,0.0,0.0,0.0,NA,0.0,0.0
SCHOOL_2713,0,0,0,0,0,0,0,0,0,0,1,1128000.0,-19.127039999999997,32.81215,0.0,0.0,0.0,NA,0.0,0.0
SCHOOL_2714,0,0,0,0,0,0,0,0,0,0,1,5160000.0,-19.116569999999992,32.72569,0.0,0.0,0.0,NA,0.0,0.0
SCHOOL_2715,0,0,0,0,0,0,0,0,0,0,1,1092000.0,-19.084329999999998,32.75452,0.0,0.0,0.0,NA,0.0,0.0
SCHOOL_2716,0,0,0,0,0,0,0,0,0,0,1,4368000.0,-19.08367,32.82558,0.0,0.0,0.0,NA,0.0,0.0
SCHOOL_2717,0,0,0,0,0,0,0,0,0,0,1,1116000.0,-19.03520999999999,32.72512,0.0,0.0,0.0,NA,0.0,0.0
SCHOOL_2718,0,0,0,0,0,0,0,0,0,0,1,2304000.0,-19.03268,32.76943,0.0,0.0,0.0,NA,0.0,0.0
SCHOOL_2719,0,0,0,0,0,0,0,0,0,0,1,2304000.0,-19.505280000000003,32.1223,0.0,0.0,0.0,NA,0.0,0.0
SCHOOL_2720,0,0,0,0,0,0,0,0,0,0,1,8412000.0,-19.497730000000004,32.03784,0.0,0.0,0.0,NA,0.0,0.0
SCHOOL_2721,0,0,0,0,0,0,0,0,0,0,1,5772000.0,-19.48619,32.08633,0.0,0.0,0.0,NA,0.0,0.0
SCHOOL_2722,0,0,0,0,0,0,0,0,0,0,1,9660000.0,-19.47271999999999,32.12222,0.0,0.0,0.0,NA,0.0,0.0
SCHOOL_2723,0,0,0,0,0,0,0,0,0,0,1,10116000.0,-19.457479999999997,32.02559,0.0,0.0,0.0,NA,0.0,0.0
SCHOOL_2724,0,0,0,0,0,0,0,0,0,0,1,12000000.0,-19.45717,32.10598,0.0,0.0,0.0,NA,0.0,0.0
SCHOOL_2725,0,0,0,0,0,0,0,0,0,0,1,5076000.0,-19.432369999999995,32.18973,0.0,0.0,0.0,NA,0.0,0.0
SCHOOL_2726,0,0,0,0,0,0,0,0,0,0,1,2184000.0,-19.396779999999996,32.16593,0.0,0.0,0.0,NA,0.0,0.0
SCHOOL_2727,0,0,0,0,0,0,0,0,0,0,1,12000000.0,-19.382450000000002,32.15245,0.0,0.0,0.0,NA,0.0,0.0
SCHOOL_2728,0,0,0,0,0,0,0,0,0,0,1,12000000.0,-19.381190000000007,32.04264,0.0,0.0,0.0,NA,0.0,0.0
SCHOOL_2729,0,0,0,0,0,0,0,0,0,0,1,9096000.0,-19.512199999999996,32.53281,0.0,0.0,0.0,NA,0.0,0.0
SCHOOL_2730,0,0,0,0,0,0,0,0,0,0,1,10092000.0,-19.469529999999995,32.41981,0.0,0.0,0.0,NA,0.0,0.0
SCHOOL_2731,0,0,0,0,0,0,0,0,0,0,1,3108000.0,-19.450689999999994,32.51057,0.0,0.0,0.0,NA,0.0,0.0
SCHOOL_2732,0,0,0,0,0,0,0,0,0,0,1,4980000.0,-19.422789999999996,32.43422,0.0,0.0,0.0,NA,0.0,0.0
SCHOOL_2733,0,0,0,0,0,0,0,0,0,0,1,11952000.0,-19.404580000000006,32.54563,0.0,0.0,0.0,NA,0.0,0.0
SCHOOL_2734,0,0,0,0,0,0,0,0,0,0,1,6192000.0,-19.378300000000003,32.44543,0.0,0.0,0.0,NA,0.0,0.0
SCHOOL_2735,0,0,0,0,0,0,0,0,0,0,1,7992000.0,-19.372440000000008,32.54089,0.0,0.0,0.0,NA,0.0,0.0
SCHOOL_2736,0,0,0,0,0,0,0,0,0,0,1,4644000.0,-19.35957,32.47881,0.0,0.0,0.0,NA,0.0,0.0
SCHOOL_2737,0,0,0,0,0,0,0,0,0,0,1,5832000.0,-19.350160000000002,32.43033,0.0,0.0,0.0,NA,0.0,0.0
SCHOOL_2738,0,0,0,0,0,0,0,0,0,0,1,3144000.0,-19.32531000000001,32.47273,0.0,0.0,0.0,NA,0.0,0.0
SCHOOL_2739,0,0,0,0,0,0,0,0,0,0,1,12000000.0,-19.542759999999998,32.64132,0.0,0.0,0.0,NA,0.0,0.0
SCHOOL_2740,0,0,0,0,0,0,0,0,0,0,1,12000000.0,-19.53494999999999,32.6481,0.0,0.0,0.0,NA,0.0,0.0
SCHOOL_2741,0,0,0,0,0,0,0,0,0,0,1,7560000.0,-19.52931999999999,32.64306,0.0,0.0,0.0,NA,0.0,0.0
SCHOOL_2742,0,0,0,0,0,0,0,0,0,0,1,5964000.0,-19.5232,32.59119,0.0,0.0,0.0,NA,0.0,0.0
SCHOOL_2743,0,0,0,0,0,0,0,0,0,0,1,3996000.0,-19.517980000000005,32.56987,0.0,0.0,0.0,NA,0.0,0.0
SCHOOL_2744,0,0,0,0,0,0,0,0,0,0,1,6612000.0,-19.38461,32.56086,0.0,0.0,0.0,NA,0.0,0.0
SCHOOL_2745,0,0,0,0,0,0,0,0,0,0,1,9624000.0,-19.37624,32.60172,0.0,0.0,0.0,NA,0.0,0.0
SCHOOL_2746,0,0,0,0,0,0,0,0,0,0,1,10920000.0,-19.326800000000006,32.61309,0.0,0.0,0.0,NA,0.0,0.0
SCHOOL_2747,0,0,0,0,0,0,0,0,0,0,1,6444000.0,-19.313540000000007,32.62632,0.0,0.0,0.0,NA,0.0,0.0
SCHOOL_2748,0,0,0,0,0,0,0,0,0,0,1,3732000.0,-19.28481,32.63261,0.0,0.0,0.0,NA,0.0,0.0
SCHOOL_2749,0,0,0,0,0,0,0,0,0,0,1,6912000.0,-19.437320000000007,32.35946,0.0,0.0,0.0,NA,0.0,0.0
SCHOOL_2750,0,0,0,0,0,0,0,0,0,0,1,7872000.0,-19.436859999999996,32.40456,0.0,0.0,0.0,NA,0.0,0.0
SCHOOL_2751,0,0,0,0,0,0,0,0,0,0,1,9576000.0,-19.429069999999992,32.20767,0.0,0.0,0.0,NA,0.0,0.0
SCHOOL_2752,0,0,0,0,0,0,0,0,0,0,1,7860000.0,-19.421169999999996,32.40383,0.0,0.0,0.0,NA,0.0,0.0
SCHOOL_2753,0,0,0,0,0,0,0,0,0,0,1,5064000.0,-19.40909999999999,32.4044,0.0,0.0,0.0,NA,0.0,0.0
SCHOOL_2754,0,0,0,0,0,0,0,0,0,0,1,6732000.0,-19.406599999999997,32.34047,0.0,0.0,0.0,NA,0.0,0.0
SCHOOL_2755,0,0,0,0,0,0,0,0,0,0,1,5952000.0,-19.40656999999999,32.2572,0.0,0.0,0.0,NA,0.0,0.0
SCHOOL_2756,0,0,0,0,0,0,0,0,0,0,1,7380000.0,-19.40281,32.35645,0.0,0.0,0.0,NA,0.0,0.0
SCHOOL_2757,0,0,0,0,0,0,0,0,0,0,1,4704000.0,-19.388819999999996,32.264289999999995,0.0,0.0,0.0,NA,0.0,0.0
SCHOOL_2758,0,0,0,0,0,0,0,0,0,0,1,3984000.0,-19.37897,32.34282,0.0,0.0,0.0,NA,0.0,0.0
SCHOOL_2759,0,0,0,0,0,0,0,0,0,0,1,4488000.0,-19.367820000000002,32.37015,0.0,0.0,0.0,NA,0.0,0.0
SCHOOL_2760,0,0,0,0,0,0,0,0,0,0,1,9684000.0,-19.366739999999997,32.22268,0.0,0.0,0.0,NA,0.0,0.0
SCHOOL_2761,0,0,0,0,0,0,0,0,0,0,1,5376000.0,-19.36627,32.2885,0.0,0.0,0.0,NA,0.0,0.0
SCHOOL_2762,0,0,0,0,0,0,0,0,0,0,1,3324000.0,-19.362709999999996,32.37653,0.0,0.0,0.0,NA,0.0,0.0
SCHOOL_2763,0,0,0,0,0,0,0,0,0,0,1,9564000.0,-19.34443,32.35796,0.0,0.0,0.0,NA,0.0,0.0
SCHOOL_2764,0,0,0,0,0,0,0,0,0,0,1,1524000.0,-19.326520000000002,32.21447,0.0,0.0,0.0,NA,0.0,0.0
SCHOOL_2765,0,0,0,0,0,0,0,0,0,0,1,4848000.0,-19.32570000000001,32.28671,0.0,0.0,0.0,NA,0.0,0.0
SCHOOL_2766,0,0,0,0,0,0,0,0,0,0,1,6852000.0,-19.322260000000004,32.38778,0.0,0.0,0.0,NA,0.0,0.0
SCHOOL_2767,0,0,0,0,0,0,0,0,0,0,1,9876000.0,-19.321810000000003,32.28362,0.0,0.0,0.0,NA,0.0,0.0
SCHOOL_2768,0,0,0,0,0,0,0,0,0,0,1,4800000.0,-19.31746999999999,32.20869,0.0,0.0,0.0,NA,0.0,0.0
SCHOOL_2769,0,0,0,0,0,0,0,0,0,0,1,6828000.0,-19.313929999999992,32.24678,0.0,0.0,0.0,NA,0.0,0.0
SCHOOL_2770,0,0,0,0,0,0,0,0,0,0,1,9288000.0,-19.309379999999994,32.37411,0.0,0.0,0.0,NA,0.0,0.0
SCHOOL_2771,0,0,0,0,0,0,0,0,0,0,1,5172000.0,-19.291699999999995,32.2625,0.0,0.0,0.0,NA,0.0,0.0
SCHOOL_2772,0,0,0,0,0,0,0,0,0,0,1,5280000.0,-19.29144,32.25627,0.0,0.0,0.0,NA,0.0,0.0
SCHOOL_2773,0,0,0,0,0,0,0,0,0,0,1,4332000.0,-19.287279999999996,32.30451,0.0,0.0,0.0,NA,0.0,0.0
SCHOOL_2774,0,0,0,0,0,0,0,0,0,0,1,2652000.0,-19.283939999999998,32.31561,0.0,0.0,0.0,NA,0.0,0.0
SCHOOL_2775,0,0,0,0,0,0,0,0,0,0,1,8028000.0,-19.277659999999994,32.35176,0.0,0.0,0.0,NA,0.0,0.0
SCHOOL_2776,0,0,0,0,0,0,0,0,0,0,1,10284000.0,-19.27478999999999,32.29415,0.0,0.0,0.0,NA,0.0,0.0
SCHOOL_2777,0,0,0,0,0,0,0,0,0,0,1,5136000.0,-19.267019999999995,32.1962,0.0,0.0,0.0,NA,0.0,0.0
SCHOOL_2778,0,0,0,0,0,0,0,0,0,0,1,7308000.0,-19.26246,32.30246,0.0,0.0,0.0,NA,0.0,0.0
SCHOOL_2779,0,0,0,0,0,0,0,0,0,0,1,12000000.0,-19.35406,32.1758,0.0,0.0,0.0,NA,0.0,0.0
SCHOOL_2780,0,0,0,0,0,0,0,0,0,0,1,4644000.0,-19.33353,32.09513,0.0,0.0,0.0,NA,0.0,0.0
SCHOOL_2781,0,0,0,0,0,0,0,0,0,0,1,6000000.0,-19.326159999999994,32.05699,0.0,0.0,0.0,NA,0.0,0.0
SCHOOL_2782,0,0,0,0,0,0,0,0,0,0,1,9204000.0,-19.310530000000007,32.15256,0.0,0.0,0.0,NA,0.0,0.0
SCHOOL_2783,0,0,0,0,0,0,0,0,0,0,1,12000000.0,-19.292539999999995,32.14945,0.0,0.0,0.0,NA,0.0,0.0
SCHOOL_2784,0,0,0,0,0,0,0,0,0,0,1,1200000.0,-19.263519999999996,32.11132,0.0,0.0,0.0,NA,0.0,0.0
SCHOOL_2785,0,0,0,0,0,0,0,0,0,0,1,2052000.0,-19.260540000000002,32.09158,0.0,0.0,0.0,NA,0.0,0.0
SCHOOL_2786,0,0,0,0,0,0,0,0,0,0,1,5736000.0,-19.252290000000002,32.1612,0.0,0.0,0.0,NA,0.0,0.0
SCHOOL_2787,0,0,0,0,0,0,0,0,0,0,1,1932000.0,-19.239569999999997,32.12043,0.0,0.0,0.0,NA,0.0,0.0
SCHOOL_2788,0,0,0,0,0,0,0,0,0,0,1,1068000.0,-19.216949999999997,32.14227,0.0,0.0,0.0,NA,0.0,0.0
SCHOOL_2789,0,0,0,0,0,0,0,0,0,0,1,4332000.0,-19.319789999999994,32.44425,0.0,0.0,0.0,NA,0.0,0.0
SCHOOL_2790,0,0,0,0,0,0,0,0,0,0,1,7944000.0,-19.308019999999996,32.49013,0.0,0.0,0.0,NA,0.0,0.0
SCHOOL_2791,0,0,0,0,0,0,0,0,0,0,1,7944000.0,-19.30741,32.43501,0.0,0.0,0.0,NA,0.0,0.0
SCHOOL_2792,0,0,0,0,0,0,0,0,0,0,1,6876000.0,-19.30418,32.54345,0.0,0.0,0.0,NA,0.0,0.0
SCHOOL_2793,0,0,0,0,0,0,0,0,0,0,1,4608000.0,-19.297279999999997,32.4439,0.0,0.0,0.0,NA,0.0,0.0
SCHOOL_2794,0,0,0,0,0,0,0,0,0,0,1,7572000.0,-19.296949999999995,32.49876,0.0,0.0,0.0,NA,0.0,0.0
SCHOOL_2795,0,0,0,0,0,0,0,0,0,0,1,5748000.0,-19.271149999999995,32.50112,0.0,0.0,0.0,NA,0.0,0.0
SCHOOL_2796,0,0,0,0,0,0,0,0,0,0,1,7152000.0,-19.271079999999994,32.55638,0.0,0.0,0.0,NA,0.0,0.0
SCHOOL_2797,0,0,0,0,0,0,0,0,0,0,1,7740000.0,-19.25535,32.55615,0.0,0.0,0.0,NA,0.0,0.0
SCHOOL_2798,0,0,0,0,0,0,0,0,0,0,1,2808000.0,-19.2308,32.50016,0.0,0.0,0.0,NA,0.0,0.0
SCHOOL_2799,0,0,0,0,0,0,0,0,0,0,1,9972000.0,-19.257729999999995,32.39979,0.0,0.0,0.0,NA,0.0,0.0
SCHOOL_2800,0,0,0,0,0,0,0,0,0,0,1,11472000.0,-19.256979999999995,32.30645,0.0,0.0,0.0,NA,0.0,0.0
SCHOOL_2801,0,0,0,0,0,0,0,0,0,0,1,10296000.0,-19.249319999999994,32.26165,0.0,0.0,0.0,NA,0.0,0.0
SCHOOL_2802,0,0,0,0,0,0,0,0,0,0,1,9804000.0,-19.238739999999996,32.26188,0.0,0.0,0.0,NA,0.0,0.0
SCHOOL_2803,0,0,0,0,0,0,0,0,0,0,1,5976000.0,-19.237579999999994,32.39384,0.0,0.0,0.0,NA,0.0,0.0
SCHOOL_2804,0,0,0,0,0,0,0,0,0,0,1,3024000.0,-19.22280999999999,32.397870000000005,0.0,0.0,0.0,NA,0.0,0.0
SCHOOL_2805,0,0,0,0,0,0,0,0,0,0,1,2964000.0,-19.210709999999995,32.23131,0.0,0.0,0.0,NA,0.0,0.0
SCHOOL_2806,0,0,0,0,0,0,0,0,0,0,1,5736000.0,-19.206239999999998,32.36791,0.0,0.0,0.0,NA,0.0,0.0
SCHOOL_2807,0,0,0,0,0,0,0,0,0,0,1,2928000.0,-19.201960000000003,32.25958,0.0,0.0,0.0,NA,0.0,0.0
SCHOOL_2808,0,0,0,0,0,0,0,0,0,0,1,6600000.0,-19.198849999999993,32.24627,0.0,0.0,0.0,NA,0.0,0.0
SCHOOL_2809,0,0,0,0,0,0,0,0,0,0,1,6264000.0,-19.230689999999992,32.47776,0.0,0.0,0.0,NA,0.0,0.0
SCHOOL_2810,0,0,0,0,0,0,0,0,0,0,1,11904000.0,-19.224679999999996,32.46025,0.0,0.0,0.0,NA,0.0,0.0
SCHOOL_2811,0,0,0,0,0,0,0,0,0,0,1,6984000.0,-19.211709999999997,32.4591,0.0,0.0,0.0,NA,0.0,0.0
SCHOOL_2812,0,0,0,0,0,0,0,0,0,0,1,4224000.0,-19.207699999999992,32.54843,0.0,0.0,0.0,NA,0.0,0.0
SCHOOL_2813,0,0,0,0,0,0,0,0,0,0,1,4236000.0,-19.200850000000003,32.48267,0.0,0.0,0.0,NA,0.0,0.0
SCHOOL_2814,0,0,0,0,0,0,0,0,0,0,2,18348000.0,-19.166569999999997,32.42690999999992,0.0,0.0,0.0,NA,0.0,0.0
SCHOOL_2815,0,0,0,0,0,0,0,0,0,0,1,4416000.0,-19.159089999999996,32.51534,0.0,0.0,0.0,NA,0.0,0.0
SCHOOL_2816,0,0,0,0,0,0,0,0,0,0,1,3552000.0,-19.158909999999995,32.50907,0.0,0.0,0.0,NA,0.0,0.0
SCHOOL_2817,0,0,0,0,0,0,0,0,0,0,1,2664000.0,-19.149299999999997,32.44329,0.0,0.0,0.0,NA,0.0,0.0
SCHOOL_2818,0,0,0,0,0,0,0,0,0,0,1,3864000.0,-18.927710000000005,32.65176,0.0,0.0,0.0,NA,0.0,0.0
SCHOOL_2819,0,0,0,0,0,0,0,0,0,0,1,4200000.0,-18.90638999999999,32.57938,0.0,0.0,0.0,NA,0.0,0.0
SCHOOL_2820,0,0,0,0,0,0,0,0,0,0,1,1728000.0,-18.905429999999996,32.6324,0.0,0.0,0.0,NA,0.0,0.0
SCHOOL_2821,0,0,0,0,0,0,0,0,0,0,1,9576000.0,-18.88704,32.65491000000001,0.0,0.0,0.0,NA,0.0,0.0
SCHOOL_2822,0,0,0,0,0,0,0,0,0,0,1,12000000.0,-18.885150000000003,32.58609,0.0,0.0,0.0,NA,0.0,0.0
SCHOOL_2823,0,0,0,0,0,0,0,0,0,0,1,12000000.0,-18.881750000000007,32.59082,0.0,0.0,0.0,NA,0.0,0.0
SCHOOL_2824,0,0,0,0,0,0,0,0,0,0,1,3012000.0,-18.92857,32.71669,0.0,0.0,0.0,NA,0.0,0.0
SCHOOL_2825,0,0,0,0,0,0,0,0,0,0,1,4284000.0,-18.918919999999996,32.67237000000001,0.0,0.0,0.0,NA,0.0,0.0
SCHOOL_2826,0,0,0,0,0,0,0,0,0,0,1,3996000.0,-18.87321,32.70644,0.0,0.0,0.0,NA,0.0,0.0
SCHOOL_2827,0,0,0,0,0,0,0,0,0,0,1,12000000.0,-18.85731,32.68171,0.0,0.0,0.0,NA,0.0,0.0
SCHOOL_2828,0,0,0,0,0,0,0,0,0,0,1,12000000.0,-18.84578,32.67998,0.0,0.0,0.0,NA,0.0,0.0
SCHOOL_2829,0,0,0,0,0,0,0,0,0,0,1,12000000.0,-18.826500000000003,32.67906,0.0,0.0,0.0,NA,0.0,0.0
SCHOOL_2830,0,0,0,0,0,0,0,0,0,0,2,6900000.0,-18.815810000000063,32.681485000000016,0.0,0.0,0.0,NA,0.0,0.0
SCHOOL_2831,0,0,0,0,0,0,0,0,0,0,1,8328000.0,-18.79834,32.56181,0.0,0.0,0.0,NA,0.0,0.0
SCHOOL_2832,0,0,0,0,0,0,0,0,0,0,1,3120000.0,-18.790359999999993,32.56169,0.0,0.0,0.0,NA,0.0,0.0
SCHOOL_2833,0,0,0,0,0,0,0,0,0,0,1,2460000.0,-18.76969,32.65977,0.0,0.0,0.0,NA,0.0,0.0
SCHOOL_2834,0,0,0,0,0,0,0,0,0,0,1,5736000.0,-18.75857999999999,32.66201,0.0,0.0,0.0,NA,0.0,0.0
SCHOOL_2835,0,0,0,0,0,0,0,0,0,0,1,11640000.0,-18.750630000000005,32.58507,0.0,0.0,0.0,NA,0.0,0.0
SCHOOL_2836,0,0,0,0,0,0,0,0,0,0,1,7572000.0,-18.71785,32.65639,0.0,0.0,0.0,NA,0.0,0.0
SCHOOL_2837,0,0,0,0,0,0,0,0,0,0,1,7980000.0,-18.712219999999995,32.63823,0.0,0.0,0.0,NA,0.0,0.0
SCHOOL_2838,0,0,0,0,0,0,0,0,0,0,1,9864000.0,-18.706349999999997,32.5766,0.0,0.0,0.0,NA,0.0,0.0
SCHOOL_2839,0,0,0,0,0,0,0,0,0,0,1,4044000.0,-18.69645,32.5765,0.0,0.0,0.0,NA,0.0,0.0
SCHOOL_2840,0,0,0,0,0,0,0,0,0,0,1,3372000.0,-18.690969999999997,32.92655,0.0,0.0,0.0,NA,0.0,0.0
SCHOOL_2841,0,0,0,0,0,0,0,0,0,0,1,1500000.0,-18.773689999999995,32.78933,0.0,0.0,0.0,NA,0.0,0.0
SCHOOL_2842,0,0,0,0,0,0,0,0,0,0,1,4344000.0,-18.739649999999994,32.71822,0.0,0.0,0.0,NA,0.0,0.0
SCHOOL_2843,0,0,0,0,0,0,0,0,0,0,1,840000.0,-18.719879999999996,32.8084,0.0,0.0,0.0,NA,0.0,0.0
SCHOOL_2844,0,0,0,0,0,0,0,0,0,0,1,840000.0,-18.718989999999998,32.74907,0.0,0.0,0.0,NA,0.0,0.0
SCHOOL_2845,0,0,0,0,0,0,0,0,0,0,1,9648000.0,-18.71174,32.67378,0.0,0.0,0.0,NA,0.0,0.0
SCHOOL_2846,0,0,0,0,0,0,0,0,0,0,1,2088000.0,-18.649440000000002,32.73862,0.0,0.0,0.0,NA,0.0,0.0
SCHOOL_2847,0,0,0,0,0,0,0,0,0,0,1,3276000.0,-18.628950000000003,32.70292,0.0,0.0,0.0,NA,0.0,0.0
SCHOOL_2848,0,0,0,0,0,0,0,0,0,0,1,10548000.0,-18.6251,32.77809,0.0,0.0,0.0,NA,0.0,0.0
SCHOOL_2849,0,0,0,0,0,0,0,0,0,0,1,12000000.0,-18.476440000000004,32.9928,0.0,0.0,0.0,NA,0.0,0.0
SCHOOL_2850,0,0,0,0,0,0,0,0,0,0,1,3228000.0,-18.4367,33.01403,0.0,0.0,0.0,NA,0.0,0.0
SCHOOL_2851,0,0,0,0,0,0,0,0,0,0,1,2352000.0,-18.659669999999995,32.66268,0.0,0.0,0.0,NA,0.0,0.0
SCHOOL_2852,0,0,0,0,0,0,0,0,0,0,1,6456000.0,-18.6546,32.66683,0.0,0.0,0.0,NA,0.0,0.0
SCHOOL_2853,0,0,0,0,0,0,0,0,0,0,1,3384000.0,-18.653399999999998,32.56282,0.0,0.0,0.0,NA,0.0,0.0
SCHOOL_2854,0,0,0,0,0,0,0,0,0,0,1,10932000.0,-18.649159999999995,32.59652,0.0,0.0,0.0,NA,0.0,0.0
SCHOOL_2855,0,0,0,0,0,0,0,0,0,0,1,11124000.0,-18.64368,32.61629,0.0,0.0,0.0,NA,0.0,0.0
SCHOOL_2856,0,0,0,0,0,0,0,0,0,0,1,1356000.0,-18.63871,32.6351,0.0,0.0,0.0,NA,0.0,0.0
SCHOOL_2857,0,0,0,0,0,0,0,0,0,0,1,5076000.0,-18.605279999999997,32.5919,0.0,0.0,0.0,NA,0.0,0.0
SCHOOL_2858,0,0,0,0,0,0,0,0,0,0,1,1332000.0,-18.601649999999996,32.56098,0.0,0.0,0.0,NA,0.0,0.0
SCHOOL_2859,0,0,0,0,0,0,0,0,0,0,1,12000000.0,-18.598009999999995,32.66169,0.0,0.0,0.0,NA,0.0,0.0
SCHOOL_2860,0,0,0,0,0,0,0,0,0,0,1,12000000.0,-18.59754,32.65513,0.0,0.0,0.0,NA,0.0,0.0
SCHOOL_2861,0,0,0,0,0,0,0,0,0,0,1,3024000.0,-18.653380000000002,32.84524,0.0,0.0,0.0,NA,0.0,0.0
SCHOOL_2862,0,0,0,0,0,0,0,0,0,0,1,2544000.0,-18.63188999999999,32.84313,0.0,0.0,0.0,NA,0.0,0.0
SCHOOL_2863,0,0,0,0,0,0,0,0,0,0,1,7308000.0,-18.61874,32.84954,0.0,0.0,0.0,NA,0.0,0.0
SCHOOL_2864,0,0,0,0,0,0,0,0,0,0,1,1428000.0,-18.59936,32.86459,0.0,0.0,0.0,NA,0.0,0.0
SCHOOL_2865,0,0,0,0,0,0,0,0,0,0,1,7932000.0,-18.59,32.85949,0.0,0.0,0.0,NA,0.0,0.0
SCHOOL_2866,0,0,0,0,0,0,0,0,0,0,1,2208000.0,-18.578029999999988,32.8616,0.0,0.0,0.0,NA,0.0,0.0
SCHOOL_2867,0,0,0,0,0,0,0,0,0,0,1,8160000.0,-18.561059999999998,32.86653,0.0,0.0,0.0,NA,0.0,0.0
SCHOOL_2868,0,0,0,0,0,0,0,0,0,0,1,11832000.0,-18.529039999999995,32.88057,0.0,0.0,0.0,NA,0.0,0.0
SCHOOL_2869,0,0,0,0,0,0,0,0,0,0,1,5616000.0,-18.613579999999992,32.77413,0.0,0.0,0.0,NA,0.0,0.0
SCHOOL_2870,0,0,0,0,0,0,0,0,0,0,2,9252000.0,-18.611445000079033,32.72899500040849,0.0,0.0,0.0,NA,0.0,0.0
SCHOOL_2871,0,0,0,0,0,0,0,0,0,0,1,6528000.0,-18.577050000000003,32.71296,0.0,0.0,0.0,NA,0.0,0.0
SCHOOL_2872,0,0,0,0,0,0,0,0,0,0,1,4968000.0,-18.570070000000005,32.78799,0.0,0.0,0.0,NA,0.0,0.0
SCHOOL_2873,0,0,0,0,0,0,0,0,0,0,1,12000000.0,-18.56786,32.8132,0.0,0.0,0.0,NA,0.0,0.0
SCHOOL_2874,0,0,0,0,0,0,0,0,0,0,1,1704000.0,-18.56687,32.72895,0.0,0.0,0.0,NA,0.0,0.0
SCHOOL_2875,0,0,0,0,0,0,0,0,0,0,1,4056000.0,-18.562470000000005,32.76263,0.0,0.0,0.0,NA,0.0,0.0
SCHOOL_2876,0,0,0,0,0,0,0,0,0,0,1,12000000.0,-18.55496,32.77785,0.0,0.0,0.0,NA,0.0,0.0
SCHOOL_2877,0,0,0,0,0,0,0,0,0,0,1,6492000.0,-18.54693,32.810880000000004,0.0,0.0,0.0,NA,0.0,0.0
SCHOOL_2878,0,0,0,0,0,0,0,0,0,0,1,3828000.0,-18.498760000000004,32.88492,0.0,0.0,0.0,NA,0.0,0.0
SCHOOL_2879,0,0,0,0,0,0,0,0,0,0,1,5556000.0,-18.495669999999997,32.92079,0.0,0.0,0.0,NA,0.0,0.0
SCHOOL_2880,0,0,0,0,0,0,0,0,0,0,1,12000000.0,-18.483489999999996,32.89151,0.0,0.0,0.0,NA,0.0,0.0
SCHOOL_2881,0,0,0,0,0,0,0,0,0,0,1,6372000.0,-18.47245,32.84335,0.0,0.0,0.0,NA,0.0,0.0
SCHOOL_2882,0,0,0,0,0,0,0,0,0,0,1,5172000.0,-18.45811000000001,32.87411,0.0,0.0,0.0,NA,0.0,0.0
SCHOOL_2883,0,0,0,0,0,0,0,0,0,0,1,8052000.0,-18.546559999999996,32.79206,0.0,0.0,0.0,NA,0.0,0.0
SCHOOL_2884,0,0,0,0,0,0,0,0,0,0,1,5844000.0,-18.536600000000004,32.74283,0.0,0.0,0.0,NA,0.0,0.0
SCHOOL_2885,0,0,0,0,0,0,0,0,0,0,1,10968000.0,-18.53497000000001,32.81897,0.0,0.0,0.0,NA,0.0,0.0
SCHOOL_2886,0,0,0,0,0,0,0,0,0,0,1,3252000.0,-18.526610000000005,32.67737,0.0,0.0,0.0,NA,0.0,0.0
SCHOOL_2887,0,0,0,0,0,0,0,0,0,0,1,12000000.0,-18.491969999999988,32.83868,0.0,0.0,0.0,NA,0.0,0.0
SCHOOL_2888,0,0,0,0,0,0,0,0,0,0,1,840000.0,-18.482170000000004,32.68033,0.0,0.0,0.0,NA,0.0,0.0
SCHOOL_2889,0,0,0,0,0,0,0,0,0,0,1,4860000.0,-18.47994,32.83766,0.0,0.0,0.0,NA,0.0,0.0
SCHOOL_2890,0,0,0,0,0,0,0,0,0,0,1,2880000.0,-18.372239999999998,32.70388,0.0,0.0,0.0,NA,0.0,0.0
SCHOOL_2891,0,0,0,0,0,0,0,0,0,0,1,2136000.0,-18.333199999999998,32.71144,0.0,0.0,0.0,NA,0.0,0.0
SCHOOL_2892,0,0,0,0,0,0,0,0,0,0,1,6156000.0,-18.396899999999995,33.02171,0.0,0.0,0.0,NA,0.0,0.0
SCHOOL_2893,0,0,0,0,0,0,0,0,0,0,1,6420000.0,-18.38129999999999,33.02389,0.0,0.0,0.0,NA,0.0,0.0
SCHOOL_2894,0,0,0,0,0,0,0,0,0,0,1,12000000.0,-18.344240000000003,33.0016,0.0,0.0,0.0,NA,0.0,0.0
SCHOOL_2895,0,0,0,0,0,0,0,0,0,0,1,9132000.0,-18.34313,33.00405,0.0,0.0,0.0,NA,0.0,0.0
SCHOOL_2896,0,0,0,0,0,0,0,0,0,0,1,12000000.0,-18.451849999999997,32.93078,0.0,0.0,0.0,NA,0.0,0.0
SCHOOL_2897,0,0,0,0,0,0,0,0,0,0,1,10956000.0,-18.41587,32.90999,0.0,0.0,0.0,NA,0.0,0.0
SCHOOL_2898,0,0,0,0,0,0,0,0,0,0,1,10080000.0,-18.407429999999994,32.97015,0.0,0.0,0.0,NA,0.0,0.0
SCHOOL_2899,0,0,0,0,0,0,0,0,0,0,1,5640000.0,-18.402669999999997,32.92041,0.0,0.0,0.0,NA,0.0,0.0
SCHOOL_2900,0,0,0,0,0,0,0,0,0,0,1,12000000.0,-18.40140999999999,32.98341,0.0,0.0,0.0,NA,0.0,0.0
SCHOOL_2901,0,0,0,0,0,0,0,0,0,0,1,4920000.0,-18.39645,32.91964,0.0,0.0,0.0,NA,0.0,0.0
SCHOOL_2902,0,0,0,0,0,0,0,0,0,0,1,2784000.0,-18.3951,32.94072,0.0,0.0,0.0,NA,0.0,0.0
SCHOOL_2903,0,0,0,0,0,0,0,0,0,0,1,2736000.0,-18.1935,32.92905,0.0,0.0,0.0,NA,0.0,0.0
SCHOOL_2904,0,0,0,0,0,0,0,0,0,0,1,6372000.0,-18.192110000000003,32.9649,0.0,0.0,0.0,NA,0.0,0.0
SCHOOL_2905,0,0,0,0,0,0,0,0,0,0,1,1596000.0,-18.538179999999993,32.60563,0.0,0.0,0.0,NA,0.0,0.0
SCHOOL_2906,0,0,0,0,0,0,0,0,0,0,1,7032000.0,-18.525229999999997,32.61076,0.0,0.0,0.0,NA,0.0,0.0
SCHOOL_2907,0,0,0,0,0,0,0,0,0,0,1,11040000.0,-18.4493,32.596,0.0,0.0,0.0,NA,0.0,0.0
SCHOOL_2908,0,0,0,0,0,0,0,0,0,0,1,4272000.0,-18.38662,32.59002,0.0,0.0,0.0,NA,0.0,0.0
SCHOOL_2909,0,0,0,0,0,0,0,0,0,0,1,2664000.0,-18.277419999999996,32.60268,0.0,0.0,0.0,NA,0.0,0.0
SCHOOL_2910,0,0,0,0,0,0,0,0,0,0,1,2736000.0,-18.22047,32.64457,0.0,0.0,0.0,NA,0.0,0.0
SCHOOL_2911,0,0,0,0,0,0,0,0,0,0,1,1992000.0,-18.103760000000005,32.59623,0.0,0.0,0.0,NA,0.0,0.0
SCHOOL_2912,0,0,0,0,0,0,0,0,0,0,1,3432000.0,-18.081649999999993,32.6287,0.0,0.0,0.0,NA,0.0,0.0
SCHOOL_2913,0,0,0,0,0,0,0,0,0,0,1,4584000.0,-18.079649999999994,32.60801,0.0,0.0,0.0,NA,0.0,0.0
SCHOOL_2914,0,0,0,0,0,0,0,0,0,0,1,7044000.0,-18.28447,32.99389,0.0,0.0,0.0,NA,0.0,0.0
SCHOOL_2915,0,0,0,0,0,0,0,0,0,0,1,2232000.0,-18.264549999999996,32.99468,0.0,0.0,0.0,NA,0.0,0.0
SCHOOL_2916,0,0,0,0,0,0,0,0,0,0,1,6144000.0,-18.22816999999999,32.71377,0.0,0.0,0.0,NA,0.0,0.0
SCHOOL_2917,0,0,0,0,0,0,0,0,0,0,1,6264000.0,-18.22456,32.73707,0.0,0.0,0.0,NA,0.0,0.0
SCHOOL_2918,0,0,0,0,0,0,0,0,0,0,1,12000000.0,-18.2115,32.73219,0.0,0.0,0.0,NA,0.0,0.0
SCHOOL_2919,0,0,0,0,0,0,0,0,0,0,1,3048000.0,-18.191879999999998,32.71121,0.0,0.0,0.0,NA,0.0,0.0
SCHOOL_2920,0,0,0,0,0,0,0,0,0,0,1,5664000.0,-18.152319999999996,32.74424,0.0,0.0,0.0,NA,0.0,0.0
SCHOOL_2921,0,0,0,0,0,0,0,0,0,0,1,6804000.0,-18.13555,32.74271,0.0,0.0,0.0,NA,0.0,0.0
SCHOOL_2922,0,0,0,0,0,0,0,0,0,0,1,6372000.0,-18.132699999999996,32.75399,0.0,0.0,0.0,NA,0.0,0.0
SCHOOL_2923,0,0,0,0,0,0,0,0,0,0,1,2856000.0,-18.055639999999997,32.68895,0.0,0.0,0.0,NA,0.0,0.0
SCHOOL_2924,0,0,0,0,0,0,0,0,0,0,1,6240000.0,-18.189810000000005,32.93186,0.0,0.0,0.0,NA,0.0,0.0
SCHOOL_2925,0,0,0,0,0,0,0,0,0,0,1,2484000.0,-18.184779999999996,32.89433,0.0,0.0,0.0,NA,0.0,0.0
SCHOOL_2926,0,0,0,0,0,0,0,0,0,0,1,4896000.0,-18.154029999999995,32.8861,0.0,0.0,0.0,NA,0.0,0.0
SCHOOL_2927,0,0,0,0,0,0,0,0,0,0,1,9300000.0,-18.13737999999999,32.96163,0.0,0.0,0.0,NA,0.0,0.0
SCHOOL_2928,0,0,0,0,0,0,0,0,0,0,1,7728000.0,-18.095799999999997,32.93951,0.0,0.0,0.0,NA,0.0,0.0
SCHOOL_2929,0,0,0,0,0,0,0,0,0,0,1,4428000.0,-18.08714,32.85461,0.0,0.0,0.0,NA,0.0,0.0
SCHOOL_2930,0,0,0,0,0,0,0,0,0,0,1,10524000.0,-18.074449999999988,32.88438,0.0,0.0,0.0,NA,0.0,0.0
SCHOOL_2931,0,0,0,0,0,0,0,0,0,0,1,3708000.0,-18.0667,32.94217,0.0,0.0,0.0,NA,0.0,0.0
SCHOOL_2932,0,0,0,0,0,0,0,0,0,0,1,7200000.0,-18.058759999999996,32.89019,0.0,0.0,0.0,NA,0.0,0.0
SCHOOL_2933,0,0,0,0,0,0,0,0,0,0,1,10380000.0,-18.036090000000005,32.88389,0.0,0.0,0.0,NA,0.0,0.0
SCHOOL_2934,0,0,0,0,0,0,0,0,0,0,1,7680000.0,-18.063679999999998,32.5929,0.0,0.0,0.0,NA,0.0,0.0
SCHOOL_2935,0,0,0,0,0,0,0,0,0,0,1,5784000.0,-18.024519999999995,32.66794,0.0,0.0,0.0,NA,0.0,0.0
SCHOOL_2936,0,0,0,0,0,0,0,0,0,0,1,4320000.0,-18.020509999999998,32.60094,0.0,0.0,0.0,NA,0.0,0.0
SCHOOL_2937,0,0,0,0,0,0,0,0,0,0,1,7008000.0,-18.01568,32.66654,0.0,0.0,0.0,NA,0.0,0.0
SCHOOL_2938,0,0,0,0,0,0,0,0,0,0,1,3756000.0,-17.978579999999997,32.65032,0.0,0.0,0.0,NA,0.0,0.0
SCHOOL_2939,0,0,0,0,0,0,0,0,0,0,1,1356000.0,-17.96313,32.65655,0.0,0.0,0.0,NA,0.0,0.0
SCHOOL_2940,0,0,0,0,0,0,0,0,0,0,1,2736000.0,-17.87038,32.66841,0.0,0.0,0.0,NA,0.0,0.0
SCHOOL_2941,0,0,0,0,0,0,0,0,0,0,1,5460000.0,-17.85629,32.666,0.0,0.0,0.0,NA,0.0,0.0
SCHOOL_2942,0,0,0,0,0,0,0,0,0,0,1,2544000.0,-17.851179999999996,32.61772,0.0,0.0,0.0,NA,0.0,0.0
SCHOOL_2943,0,0,0,0,0,0,0,0,0,0,1,2904000.0,-17.804469999999995,32.57535,0.0,0.0,0.0,NA,0.0,0.0
SCHOOL_2944,0,0,0,0,0,0,0,0,0,0,1,3972000.0,-18.01999,32.9193,0.0,0.0,0.0,NA,0.0,0.0
SCHOOL_2945,0,0,0,0,0,0,0,0,0,0,1,8592000.0,-17.964669999999998,32.89509,0.0,0.0,0.0,NA,0.0,0.0
SCHOOL_2946,0,0,0,0,0,0,0,0,0,0,1,7380000.0,-17.95095999999999,32.87969,0.0,0.0,0.0,NA,0.0,0.0
SCHOOL_2947,0,0,0,0,0,0,0,0,0,0,1,5292000.0,-17.920650000000002,32.89524,0.0,0.0,0.0,NA,0.0,0.0
SCHOOL_2948,0,0,0,0,0,0,0,0,0,0,1,2364000.0,-17.917399999999994,32.92724,0.0,0.0,0.0,NA,0.0,0.0
SCHOOL_2949,0,0,0,0,0,0,0,0,0,0,1,12000000.0,-17.90914,32.94351,0.0,0.0,0.0,NA,0.0,0.0
SCHOOL_2950,0,0,0,0,0,0,0,0,0,0,1,7884000.0,-17.88457,32.88805,0.0,0.0,0.0,NA,0.0,0.0
SCHOOL_2951,0,0,0,0,0,0,0,0,0,0,1,9732000.0,-17.87285,32.94241,0.0,0.0,0.0,NA,0.0,0.0
SCHOOL_2952,0,0,0,0,0,0,0,0,0,0,1,4344000.0,-17.869109999999996,32.88407,0.0,0.0,0.0,NA,0.0,0.0
SCHOOL_2953,0,0,0,0,0,0,0,0,0,0,1,2724000.0,-17.847089999999998,32.86465,0.0,0.0,0.0,NA,0.0,0.0
SCHOOL_2954,0,0,0,0,0,0,0,0,0,0,1,4236000.0,-18.02999000000001,32.711450000000006,0.0,0.0,0.0,NA,0.0,0.0
SCHOOL_2955,0,0,0,0,0,0,0,0,0,0,1,8736000.0,-17.9869,32.74583,0.0,0.0,0.0,NA,0.0,0.0
SCHOOL_2956,0,0,0,0,0,0,0,0,0,0,1,1440000.0,-17.982309999999995,32.82289,0.0,0.0,0.0,NA,0.0,0.0
SCHOOL_2957,0,0,0,0,0,0,0,0,0,0,1,6336000.0,-17.98091,32.74658,0.0,0.0,0.0,NA,0.0,0.0
SCHOOL_2958,0,0,0,0,0,0,0,0,0,0,1,7020000.0,-17.97824,32.81961,0.0,0.0,0.0,NA,0.0,0.0
SCHOOL_2959,0,0,0,0,0,0,0,0,0,0,1,9876000.0,-17.968069999999994,32.71391,0.0,0.0,0.0,NA,0.0,0.0
SCHOOL_2960,0,0,0,0,0,0,0,0,0,0,1,3756000.0,-17.919289999999997,32.68879,0.0,0.0,0.0,NA,0.0,0.0
SCHOOL_2961,0,0,0,0,0,0,0,0,0,0,1,3324000.0,-17.89988,32.83664,0.0,0.0,0.0,NA,0.0,0.0
SCHOOL_2962,0,0,0,0,0,0,0,0,0,0,1,5904000.0,-17.831550000000004,32.67874,0.0,0.0,0.0,NA,0.0,0.0
SCHOOL_2963,0,0,0,0,0,0,0,0,0,0,1,2100000.0,-17.81895,32.7633,0.0,0.0,0.0,NA,0.0,0.0
SCHOOL_2964,0,0,0,0,0,0,0,0,0,0,1,12000000.0,-17.79606,32.99113,0.0,0.0,0.0,NA,0.0,0.0
SCHOOL_2965,0,0,0,0,0,0,0,0,0,0,1,3360000.0,-17.774359999999998,32.98898,0.0,0.0,0.0,NA,0.0,0.0
SCHOOL_2966,0,0,0,0,0,0,0,0,0,0,1,5268000.0,-17.812759999999997,32.95576,0.0,0.0,0.0,NA,0.0,0.0
SCHOOL_2967,0,0,0,0,0,0,0,0,0,0,1,3888000.0,-17.806770000000004,32.91527,0.0,0.0,0.0,NA,0.0,0.0
SCHOOL_2968,0,0,0,0,0,0,0,0,0,0,1,3888000.0,-17.80490999999999,32.84845,0.0,0.0,0.0,NA,0.0,0.0
SCHOOL_2969,0,0,0,0,0,0,0,0,0,0,1,5856000.0,-17.772629999999996,32.88714,0.0,0.0,0.0,NA,0.0,0.0
SCHOOL_2970,0,0,0,0,0,0,0,0,0,0,1,2448000.0,-17.750759999999996,32.94437,0.0,0.0,0.0,NA,0.0,0.0
SCHOOL_2971,0,0,0,0,0,0,0,0,0,0,1,4932000.0,-17.74982,32.95527,0.0,0.0,0.0,NA,0.0,0.0
SCHOOL_2972,0,0,0,0,0,0,0,0,0,0,1,6168000.0,-17.725710000000003,32.97611,0.0,0.0,0.0,NA,0.0,0.0
SCHOOL_2973,0,0,0,0,0,0,0,0,0,0,1,10776000.0,-17.671189999999992,32.96889,0.0,0.0,0.0,NA,0.0,0.0
SCHOOL_2974,0,0,0,0,0,0,0,0,0,0,1,5748000.0,-17.637410000000003,32.90245,0.0,0.0,0.0,NA,0.0,0.0
SCHOOL_2975,0,0,0,0,0,0,0,0,0,0,1,4680000.0,-17.631310000000003,32.93602,0.0,0.0,0.0,NA,0.0,0.0
SCHOOL_2976,0,0,0,0,0,0,0,0,0,0,1,4908000.0,-17.75196,32.7825,0.0,0.0,0.0,NA,0.0,0.0
SCHOOL_2977,0,0,0,0,0,0,0,0,0,0,1,4452000.0,-17.72399,32.82334,0.0,0.0,0.0,NA,0.0,0.0
SCHOOL_2978,0,0,0,0,0,0,0,0,0,0,1,7728000.0,-17.64762,32.70886,0.0,0.0,0.0,NA,0.0,0.0
SCHOOL_2979,0,0,0,0,0,0,0,0,0,0,1,9024000.0,-17.60559,32.7793,0.0,0.0,0.0,NA,0.0,0.0
SCHOOL_2980,0,0,0,0,0,0,0,0,0,0,1,4056000.0,-17.601680000000005,32.69126000000001,0.0,0.0,0.0,NA,0.0,0.0
SCHOOL_2981,0,0,0,0,0,0,0,0,0,0,1,9864000.0,-17.59502,32.76795,0.0,0.0,0.0,NA,0.0,0.0
SCHOOL_2982,0,0,0,0,0,0,0,0,0,0,1,1440000.0,-17.578989999999994,32.81797,0.0,0.0,0.0,NA,0.0,0.0
SCHOOL_2983,0,0,0,0,0,0,0,0,0,0,1,7044000.0,-17.572079999999996,32.77389,0.0,0.0,0.0,NA,0.0,0.0
SCHOOL_2984,0,0,0,0,0,0,0,0,0,0,1,4368000.0,-17.56726,32.77264,0.0,0.0,0.0,NA,0.0,0.0
SCHOOL_2985,0,0,0,0,0,0,0,0,0,0,1,4248000.0,-17.53414,32.8131,0.0,0.0,0.0,NA,0.0,0.0
SCHOOL_2986,0,0,0,0,0,0,0,0,0,0,1,1656000.0,-17.331320000000005,32.43808,0.0,0.0,0.0,NA,0.0,0.0
SCHOOL_2987,0,0,0,0,0,0,0,0,0,0,1,6504000.0,-17.32867999999999,32.43774,0.0,0.0,0.0,NA,0.0,0.0
SCHOOL_2988,0,0,0,0,0,0,0,0,0,0,1,3636000.0,-17.326720000000005,32.49133,0.0,0.0,0.0,NA,0.0,0.0
SCHOOL_2989,0,0,0,0,0,0,0,0,0,0,1,10320000.0,-17.286169999999995,32.55822,0.0,0.0,0.0,NA,0.0,0.0
SCHOOL_2990,0,0,0,0,0,0,0,0,0,0,1,1608000.0,-17.28371999999999,32.55556,0.0,0.0,0.0,NA,0.0,0.0
SCHOOL_2991,0,0,0,0,0,0,0,0,0,0,1,3240000.0,-17.276680000000002,32.53546,0.0,0.0,0.0,NA,0.0,0.0
SCHOOL_2992,0,0,0,0,0,0,0,0,0,0,2,14100000.0,-17.24451000302774,32.424919997109214,0.0,0.0,0.0,NA,0.0,0.0
SCHOOL_2993,0,0,0,0,0,0,0,0,0,0,1,8376000.0,-17.265439999999998,32.31371,0.0,0.0,0.0,NA,0.0,0.0
SCHOOL_2994,0,0,0,0,0,0,0,0,0,0,1,11976000.0,-17.261299999999995,32.24958,0.0,0.0,0.0,NA,0.0,0.0
SCHOOL_2995,0,0,0,0,0,0,0,0,0,0,1,5172000.0,-17.26021,32.25683,0.0,0.0,0.0,NA,0.0,0.0
SCHOOL_2996,0,0,0,0,0,0,0,0,0,0,1,3324000.0,-17.2269,32.36174,0.0,0.0,0.0,NA,0.0,0.0
SCHOOL_2997,0,0,0,0,0,0,0,0,0,0,1,9720000.0,-17.22419,32.36133,0.0,0.0,0.0,NA,0.0,0.0
SCHOOL_2998,0,0,0,0,0,0,0,0,0,0,1,4824000.0,-17.215000000000003,32.21066,0.0,0.0,0.0,NA,0.0,0.0
SCHOOL_2999,0,0,0,0,0,0,0,0,0,0,1,2520000.0,-17.20564,32.28297,0.0,0.0,0.0,NA,0.0,0.0
SCHOOL_3000,0,0,0,0,0,0,0,0,0,0,1,4608000.0,-17.180419999999998,32.26275,0.0,0.0,0.0,NA,0.0,0.0
SCHOOL_3001,0,0,0,0,0,0,0,0,0,0,1,5664000.0,-17.178479999999993,32.392,0.0,0.0,0.0,NA,0.0,0.0
SCHOOL_3002,0,0,0,0,0,0,0,0,0,0,1,1308000.0,-17.1622,32.30317,0.0,0.0,0.0,NA,0.0,0.0
SCHOOL_3003,0,0,0,0,0,0,0,0,0,0,2,7644000.0,-17.27178500000046,32.19038500000055,0.0,0.0,0.0,NA,0.0,0.0
SCHOOL_3004,0,0,0,0,0,0,0,0,0,0,1,5352000.0,-17.235859999999995,32.10627,0.0,0.0,0.0,NA,0.0,0.0
SCHOOL_3005,0,0,0,0,0,0,0,0,0,0,1,12000000.0,-17.23143,32.10455,0.0,0.0,0.0,NA,0.0,0.0
SCHOOL_3006,0,0,0,0,0,0,0,0,0,0,1,3744000.0,-17.1936,32.0766,0.0,0.0,0.0,NA,0.0,0.0
SCHOOL_3007,0,0,0,0,0,0,0,0,0,0,1,7236000.0,-17.18169,32.15013,0.0,0.0,0.0,NA,0.0,0.0
SCHOOL_3008,0,0,0,0,0,0,0,0,0,0,1,3816000.0,-17.179450000000003,32.14561,0.0,0.0,0.0,NA,0.0,0.0
SCHOOL_3009,0,0,0,0,0,0,0,0,0,0,1,10620000.0,-17.160509999999995,32.06038,0.0,0.0,0.0,NA,0.0,0.0
SCHOOL_3010,0,0,0,0,0,0,0,0,0,0,1,4104000.0,-17.142769999999995,32.10863,0.0,0.0,0.0,NA,0.0,0.0
SCHOOL_3011,0,0,0,0,0,0,0,0,0,0,1,4548000.0,-17.128289999999996,32.0263,0.0,0.0,0.0,NA,0.0,0.0
SCHOOL_3012,0,0,0,0,0,0,0,0,0,0,1,6948000.0,-17.12055,32.15197,0.0,0.0,0.0,NA,0.0,0.0
SCHOOL_3013,0,0,0,0,0,0,0,0,0,0,1,7416000.0,-17.232999999999997,32.4915,0.0,0.0,0.0,NA,0.0,0.0
SCHOOL_3014,0,0,0,0,0,0,0,0,0,0,1,2196000.0,-17.23292,32.49853,0.0,0.0,0.0,NA,0.0,0.0
SCHOOL_3015,0,0,0,0,0,0,0,0,0,0,1,3048000.0,-17.15195,32.53358,0.0,0.0,0.0,NA,0.0,0.0
SCHOOL_3016,0,0,0,0,0,0,0,0,0,0,1,7020000.0,-17.139250000000004,32.45915,0.0,0.0,0.0,NA,0.0,0.0
SCHOOL_3017,0,0,0,0,0,0,0,0,0,0,1,6060000.0,-17.134159999999994,32.54832,0.0,0.0,0.0,NA,0.0,0.0
SCHOOL_3018,0,0,0,0,0,0,0,0,0,0,1,4368000.0,-17.08723,32.51085,0.0,0.0,0.0,NA,0.0,0.0
SCHOOL_3019,0,0,0,0,0,0,0,0,0,0,1,9060000.0,-17.0822,32.49566,0.0,0.0,0.0,NA,0.0,0.0
SCHOOL_3020,0,0,0,0,0,0,0,0,0,0,1,3936000.0,-17.049679999999995,32.45886,0.0,0.0,0.0,NA,0.0,0.0
SCHOOL_3021,0,0,0,0,0,0,0,0,0,0,1,7500000.0,-17.045439999999992,32.50395,0.0,0.0,0.0,NA,0.0,0.0
SCHOOL_3022,0,0,0,0,0,0,0,0,0,0,1,7200000.0,-17.002629999999996,32.42099,0.0,0.0,0.0,NA,0.0,0.0
SCHOOL_3023,0,0,0,0,0,0,0,0,0,0,1,4572000.0,-17.14753,32.31477,0.0,0.0,0.0,NA,0.0,0.0
SCHOOL_3024,0,0,0,0,0,0,0,0,0,0,1,5124000.0,-17.134799999999995,32.38761,0.0,0.0,0.0,NA,0.0,0.0
SCHOOL_3025,0,0,0,0,0,0,0,0,0,0,1,10596000.0,-17.134209999999996,32.3843,0.0,0.0,0.0,NA,0.0,0.0
SCHOOL_3026,0,0,0,0,0,0,0,0,0,0,1,9660000.0,-17.12034,32.25332,0.0,0.0,0.0,NA,0.0,0.0
SCHOOL_3027,0,0,0,0,0,0,0,0,0,0,1,3132000.0,-17.12014,32.24611,0.0,0.0,0.0,NA,0.0,0.0
SCHOOL_3028,0,0,0,0,0,0,0,0,0,0,1,3564000.0,-17.088970000000007,32.33893,0.0,0.0,0.0,NA,0.0,0.0
SCHOOL_3029,0,0,0,0,0,0,0,0,0,0,1,9036000.0,-17.079639999999998,32.33693,0.0,0.0,0.0,NA,0.0,0.0
SCHOOL_3030,0,0,0,0,0,0,0,0,0,0,1,3384000.0,-17.051979999999993,32.26113,0.0,0.0,0.0,NA,0.0,0.0
SCHOOL_3031,0,0,0,0,0,0,0,0,0,0,1,2112000.0,-17.049949999999995,32.25311,0.0,0.0,0.0,NA,0.0,0.0
SCHOOL_3032,0,0,0,0,0,0,0,0,0,0,1,6684000.0,-17.04305,32.22218,0.0,0.0,0.0,NA,0.0,0.0
SCHOOL_3033,0,0,0,0,0,0,0,0,0,0,1,5292000.0,-17.03583,32.3014,0.0,0.0,0.0,NA,0.0,0.0
SCHOOL_3034,0,0,0,0,0,0,0,0,0,0,1,4392000.0,-16.99702,32.275,0.0,0.0,0.0,NA,0.0,0.0
SCHOOL_3035,0,0,0,0,0,0,0,0,0,0,1,3600000.0,-16.9965,32.28334,0.0,0.0,0.0,NA,0.0,0.0
SCHOOL_3036,0,0,0,0,0,0,0,0,0,0,1,4236000.0,-16.97633,32.30302,0.0,0.0,0.0,NA,0.0,0.0
SCHOOL_3037,0,0,0,0,0,0,0,0,0,0,1,5376000.0,-16.959129999999995,32.35913,0.0,0.0,0.0,NA,0.0,0.0
SCHOOL_3038,0,0,0,0,0,0,0,0,0,0,1,2616000.0,-16.918670000000002,32.40707,0.0,0.0,0.0,NA,0.0,0.0
SCHOOL_3039,0,0,0,0,0,0,0,0,0,0,1,6504000.0,-16.909529999999997,32.25493,0.0,0.0,0.0,NA,0.0,0.0
SCHOOL_3040,0,0,0,0,0,0,0,0,0,0,1,9276000.0,-16.856799999999996,32.26013,0.0,0.0,0.0,NA,0.0,0.0
SCHOOL_3041,0,0,0,0,0,0,0,0,0,0,1,3948000.0,-16.856789999999997,32.27462,0.0,0.0,0.0,NA,0.0,0.0
SCHOOL_3042,0,0,0,0,0,0,0,0,0,0,1,6468000.0,-16.852050000000002,32.26201,0.0,0.0,0.0,NA,0.0,0.0
SCHOOL_3043,0,0,0,0,0,0,0,0,0,0,1,4440000.0,-17.035790000000002,32.56557,0.0,0.0,0.0,NA,0.0,0.0
SCHOOL_3044,0,0,0,0,0,0,0,0,0,0,1,7560000.0,-16.98795,32.57414,0.0,0.0,0.0,NA,0.0,0.0
SCHOOL_3045,0,0,0,0,0,0,0,0,0,0,1,6468000.0,-16.98312,32.63599,0.0,0.0,0.0,NA,0.0,0.0
SCHOOL_3046,0,0,0,0,0,0,0,0,0,0,1,7812000.0,-16.918930000000003,32.5785,0.0,0.0,0.0,NA,0.0,0.0
SCHOOL_3047,0,0,0,0,0,0,0,0,0,0,1,9336000.0,-16.907329999999998,32.63615,0.0,0.0,0.0,NA,0.0,0.0
SCHOOL_3048,0,0,0,0,0,0,0,0,0,0,1,5496000.0,-16.86523,32.6319,0.0,0.0,0.0,NA,0.0,0.0
SCHOOL_3049,0,0,0,0,0,0,0,0,0,0,2,6288000.0,-16.66793000006557,32.59420500070341,0.0,0.0,0.0,NA,0.0,0.0
SCHOOL_3050,0,0,0,0,0,0,0,0,0,0,1,2508000.0,-16.654699999999995,32.56686,0.0,0.0,0.0,NA,0.0,0.0
SCHOOL_3051,0,0,0,0,0,0,0,0,0,0,1,4416000.0,-16.93161,32.1585,0.0,0.0,0.0,NA,0.0,0.0
SCHOOL_3052,0,0,0,0,0,0,0,0,0,0,1,3180000.0,-16.927979999999998,32.1598,0.0,0.0,0.0,NA,0.0,0.0
SCHOOL_3053,0,0,0,0,0,0,0,0,0,0,1,7920000.0,-16.89686,32.17814,0.0,0.0,0.0,NA,0.0,0.0
SCHOOL_3054,0,0,0,0,0,0,0,0,0,0,1,10200000.0,-16.89491,32.06077,0.0,0.0,0.0,NA,0.0,0.0
SCHOOL_3055,0,0,0,0,0,0,0,0,0,0,1,6396000.0,-16.89218,32.13631,0.0,0.0,0.0,NA,0.0,0.0
SCHOOL_3056,0,0,0,0,0,0,0,0,0,0,1,6804000.0,-16.88167,32.09435,0.0,0.0,0.0,NA,0.0,0.0
SCHOOL_3057,0,0,0,0,0,0,0,0,0,0,1,4428000.0,-16.879459999999998,32.10105,0.0,0.0,0.0,NA,0.0,0.0
SCHOOL_3058,0,0,0,0,0,0,0,0,0,0,1,1788000.0,-16.87823,32.18339,0.0,0.0,0.0,NA,0.0,0.0
SCHOOL_3059,0,0,0,0,0,0,0,0,0,0,1,5088000.0,-16.829689999999996,32.10904,0.0,0.0,0.0,NA,0.0,0.0
SCHOOL_3060,0,0,0,0,0,0,0,0,0,0,1,4560000.0,-16.746510000000004,32.05093,0.0,0.0,0.0,NA,0.0,0.0
SCHOOL_3061,0,0,0,0,0,0,0,0,0,0,1,2808000.0,-17.002569999999988,32.42669,0.0,0.0,0.0,NA,0.0,0.0
SCHOOL_3062,0,0,0,0,0,0,0,0,0,0,1,9576000.0,-16.9216,32.51865,0.0,0.0,0.0,NA,0.0,0.0
SCHOOL_3063,0,0,0,0,0,0,0,0,0,0,1,4008000.0,-16.921109999999995,32.52392,0.0,0.0,0.0,NA,0.0,0.0
SCHOOL_3064,0,0,0,0,0,0,0,0,0,0,1,8028000.0,-16.91342,32.41794,0.0,0.0,0.0,NA,0.0,0.0
SCHOOL_3065,0,0,0,0,0,0,0,0,0,0,1,2964000.0,-16.864479999999993,32.50287,0.0,0.0,0.0,NA,0.0,0.0
SCHOOL_3066,0,0,0,0,0,0,0,0,0,0,1,6120000.0,-16.860079999999993,32.55833,0.0,0.0,0.0,NA,0.0,0.0
SCHOOL_3067,0,0,0,0,0,0,0,0,0,0,1,9060000.0,-16.851089999999992,32.51563,0.0,0.0,0.0,NA,0.0,0.0
SCHOOL_3068,0,0,0,0,0,0,0,0,0,0,1,4260000.0,-16.78103,32.45727,0.0,0.0,0.0,NA,0.0,0.0
SCHOOL_3069,0,0,0,0,0,0,0,0,0,0,1,3096000.0,-16.851100000000002,32.20789,0.0,0.0,0.0,NA,0.0,0.0
SCHOOL_3070,0,0,0,0,0,0,0,0,0,0,1,6972000.0,-16.81945,32.31136,0.0,0.0,0.0,NA,0.0,0.0
SCHOOL_3071,0,0,0,0,0,0,0,0,0,0,1,3480000.0,-16.803010000000004,32.19432,0.0,0.0,0.0,NA,0.0,0.0
SCHOOL_3072,0,0,0,0,0,0,0,0,0,0,1,1884000.0,-16.790049999999997,32.30911,0.0,0.0,0.0,NA,0.0,0.0
SCHOOL_3073,0,0,0,0,0,0,0,0,0,0,1,1128000.0,-16.789839999999995,32.38574,0.0,0.0,0.0,NA,0.0,0.0
SCHOOL_3074,0,0,0,0,0,0,0,0,0,0,1,4572000.0,-16.787390000000002,32.38855,0.0,0.0,0.0,NA,0.0,0.0
SCHOOL_3075,0,0,0,0,0,0,0,0,0,0,1,5328000.0,-16.744750000000003,32.27028,0.0,0.0,0.0,NA,0.0,0.0
SCHOOL_3076,0,0,0,0,0,0,0,0,0,0,1,2808000.0,-16.713130000000003,32.37655,0.0,0.0,0.0,NA,0.0,0.0
SCHOOL_3077,0,0,0,0,0,0,0,0,0,0,1,3612000.0,-16.699749999999998,32.27031,0.0,0.0,0.0,NA,0.0,0.0
SCHOOL_3078,0,0,0,0,0,0,0,0,0,0,1,1572000.0,-16.698299999999996,32.27645,0.0,0.0,0.0,NA,0.0,0.0
SCHOOL_3079,0,0,0,0,0,0,0,0,0,0,1,3528000.0,-17.724400000000003,32.64306,0.0,0.0,0.0,NA,0.0,0.0
SCHOOL_3080,0,0,0,0,0,0,0,0,0,0,1,3864000.0,-17.717919999999985,32.63367,0.0,0.0,0.0,NA,0.0,0.0
SCHOOL_3081,0,0,0,0,0,0,0,0,0,0,1,8976000.0,-17.707870000000003,32.65562,0.0,0.0,0.0,NA,0.0,0.0
SCHOOL_3082,0,0,0,0,0,0,0,0,0,0,2,5928000.0,-17.45424500000003,32.62261500000014,0.0,0.0,0.0,NA,0.0,0.0
SCHOOL_3083,0,0,0,0,0,0,0,0,0,0,1,3552000.0,-17.39569,32.64906,0.0,0.0,0.0,NA,0.0,0.0
SCHOOL_3084,0,0,0,0,0,0,0,0,0,0,1,2676000.0,-17.368249999999996,32.61521,0.0,0.0,0.0,NA,0.0,0.0
SCHOOL_3085,0,0,0,0,0,0,0,0,0,0,1,8184000.0,-17.366359999999997,32.61111,0.0,0.0,0.0,NA,0.0,0.0
SCHOOL_3086,0,0,0,0,0,0,0,0,0,0,1,5124000.0,-17.335499999999996,32.63212,0.0,0.0,0.0,NA,0.0,0.0
SCHOOL_3087,0,0,0,0,0,0,0,0,0,0,1,4452000.0,-17.285499999999995,32.61503,0.0,0.0,0.0,NA,0.0,0.0
SCHOOL_3088,0,0,0,0,0,0,0,0,0,0,1,7020000.0,-17.630579999999995,32.92394,0.0,0.0,0.0,NA,0.0,0.0
SCHOOL_3089,0,0,0,0,0,0,0,0,0,0,1,4848000.0,-17.610370000000003,32.8489,0.0,0.0,0.0,NA,0.0,0.0
SCHOOL_3090,0,0,0,0,0,0,0,0,0,0,1,5604000.0,-17.580359999999995,32.97123,0.0,0.0,0.0,NA,0.0,0.0
SCHOOL_3091,0,0,0,0,0,0,0,0,0,0,1,6012000.0,-17.55896,32.88935,0.0,0.0,0.0,NA,0.0,0.0
SCHOOL_3092,0,0,0,0,0,0,0,0,0,0,1,5856000.0,-17.523389999999996,32.84996,0.0,0.0,0.0,NA,0.0,0.0
SCHOOL_3093,0,0,0,0,0,0,0,0,0,0,1,11736000.0,-17.519799999999993,32.85901,0.0,0.0,0.0,NA,0.0,0.0
SCHOOL_3094,0,0,0,0,0,0,0,0,0,0,1,11016000.0,-17.461109999999994,32.89224000000001,0.0,0.0,0.0,NA,0.0,0.0
SCHOOL_3095,0,0,0,0,0,0,0,0,0,0,1,4416000.0,-17.33297,32.98303,0.0,0.0,0.0,NA,0.0,0.0
SCHOOL_3096,0,0,0,0,0,0,0,0,0,0,1,4092000.0,-17.322719999999997,32.97666,0.0,0.0,0.0,NA,0.0,0.0
SCHOOL_3097,0,0,0,0,0,0,0,0,0,0,1,6132000.0,-17.31659,32.92564,0.0,0.0,0.0,NA,0.0,0.0
SCHOOL_3098,0,0,0,0,0,0,0,0,0,0,1,3636000.0,-17.51443,32.76816000000001,0.0,0.0,0.0,NA,0.0,0.0
SCHOOL_3099,0,0,0,0,0,0,0,0,0,0,1,3408000.0,-17.471309999999992,32.72362,0.0,0.0,0.0,NA,0.0,0.0
SCHOOL_3100,0,0,0,0,0,0,0,0,0,0,1,5052000.0,-17.457260000000005,32.78259,0.0,0.0,0.0,NA,0.0,0.0
SCHOOL_3101,0,0,0,0,0,0,0,0,0,0,1,12000000.0,-17.44739,32.78145,0.0,0.0,0.0,NA,0.0,0.0
SCHOOL_3102,0,0,0,0,0,0,0,0,0,0,1,3828000.0,-17.41486,32.68202,0.0,0.0,0.0,NA,0.0,0.0
SCHOOL_3103,0,0,0,0,0,0,0,0,0,0,2,14712000.0,-17.21596000032116,32.71268499841306,0.0,0.0,0.0,NA,0.0,0.0
SCHOOL_3104,0,0,0,0,0,0,0,0,0,0,1,3636000.0,-17.207029999999996,32.7919,0.0,0.0,0.0,NA,0.0,0.0
SCHOOL_3105,0,0,0,0,0,0,0,0,0,0,1,9516000.0,-17.20554999999999,32.78903,0.0,0.0,0.0,NA,0.0,0.0
SCHOOL_3106,0,0,0,0,0,0,0,0,0,0,1,8748000.0,-17.183879999999995,32.82845,0.0,0.0,0.0,NA,0.0,0.0
SCHOOL_3107,0,0,0,0,0,0,0,0,0,0,1,8172000.0,-17.40786,33.00201,0.0,0.0,0.0,NA,0.0,0.0
SCHOOL_3108,0,0,0,0,0,0,0,0,0,0,1,12000000.0,-17.280110000000004,32.60656000000001,0.0,0.0,0.0,NA,0.0,0.0
SCHOOL_3109,0,0,0,0,0,0,0,0,0,0,1,9600000.0,-17.236549999999994,32.65375,0.0,0.0,0.0,NA,0.0,0.0
SCHOOL_3110,0,0,0,0,0,0,0,0,0,0,1,4488000.0,-17.23401,32.65911,0.0,0.0,0.0,NA,0.0,0.0
SCHOOL_3111,0,0,0,0,0,0,0,0,0,0,1,6720000.0,-17.223590000000005,32.56812,0.0,0.0,0.0,NA,0.0,0.0
SCHOOL_3112,0,0,0,0,0,0,0,0,0,0,1,3228000.0,-17.17786,32.62515,0.0,0.0,0.0,NA,0.0,0.0
SCHOOL_3113,0,0,0,0,0,0,0,0,0,0,1,11100000.0,-17.173450000000006,32.62828,0.0,0.0,0.0,NA,0.0,0.0
SCHOOL_3114,0,0,0,0,0,0,0,0,0,0,1,7500000.0,-17.088780000000007,32.62831,0.0,0.0,0.0,NA,0.0,0.0
SCHOOL_3115,0,0,0,0,0,0,0,0,0,0,1,3036000.0,-17.079879999999996,32.62509,0.0,0.0,0.0,NA,0.0,0.0
SCHOOL_3116,0,0,0,0,0,0,0,0,0,0,1,3084000.0,-17.06934,32.66752,0.0,0.0,0.0,NA,0.0,0.0
SCHOOL_3117,0,0,0,0,0,0,0,0,0,0,1,7872000.0,-17.03627,32.5603,0.0,0.0,0.0,NA,0.0,0.0
SCHOOL_3118,0,0,0,0,0,0,0,0,0,0,1,7200000.0,-17.1165,32.7052,0.0,0.0,0.0,NA,0.0,0.0
SCHOOL_3119,0,0,0,0,0,0,0,0,0,0,1,2880000.0,-17.090059999999998,32.778560000000006,0.0,0.0,0.0,NA,0.0,0.0
SCHOOL_3120,0,0,0,0,0,0,0,0,0,0,1,12000000.0,-17.072899999999994,32.7788,0.0,0.0,0.0,NA,0.0,0.0
SCHOOL_3121,0,0,0,0,0,0,0,0,0,0,1,7848000.0,-17.017809999999997,32.74676,0.0,0.0,0.0,NA,0.0,0.0
SCHOOL_3122,0,0,0,0,0,0,0,0,0,0,1,12000000.0,-16.97626,32.67083,0.0,0.0,0.0,NA,0.0,0.0
SCHOOL_3123,0,0,0,0,0,0,0,0,0,0,1,12000000.0,-16.972900000000003,32.74866,0.0,0.0,0.0,NA,0.0,0.0
SCHOOL_3124,0,0,0,0,0,0,0,0,0,0,1,7656000.0,-16.956500000000002,32.71231,0.0,0.0,0.0,NA,0.0,0.0
SCHOOL_3125,0,0,0,0,0,0,0,0,0,0,1,1848000.0,-17.24021,32.95474,0.0,0.0,0.0,NA,0.0,0.0
SCHOOL_3126,0,0,0,0,0,0,0,0,0,0,1,4128000.0,-17.216979999999996,32.92785,0.0,0.0,0.0,NA,0.0,0.0
SCHOOL_3127,0,0,0,0,0,0,0,0,0,0,1,1956000.0,-17.200099999999992,32.9265,0.0,0.0,0.0,NA,0.0,0.0
SCHOOL_3128,0,0,0,0,0,0,0,0,0,0,1,7464000.0,-17.18387,32.86873,0.0,0.0,0.0,NA,0.0,0.0
SCHOOL_3129,0,0,0,0,0,0,0,0,0,0,1,2928000.0,-17.183529999999998,32.87393,0.0,0.0,0.0,NA,0.0,0.0
SCHOOL_3130,0,0,0,0,0,0,0,0,0,0,1,5772000.0,-17.00826,32.8573,0.0,0.0,0.0,NA,0.0,0.0
SCHOOL_3131,0,0,0,0,0,0,0,0,0,0,1,6540000.0,-16.818349999999995,32.887910000000005,0.0,0.0,0.0,NA,0.0,0.0
SCHOOL_3132,0,0,0,0,0,0,0,0,0,0,1,840000.0,-16.794980000000002,32.92701,0.0,0.0,0.0,NA,0.0,0.0
SCHOOL_3133,0,0,0,0,0,0,0,0,0,0,1,12000000.0,-16.956110000000006,32.83438,0.0,0.0,0.0,NA,0.0,0.0
SCHOOL_3134,0,0,0,0,0,0,0,0,0,0,1,7992000.0,-16.95036,32.71291,0.0,0.0,0.0,NA,0.0,0.0
SCHOOL_3135,0,0,0,0,0,0,0,0,0,0,1,5088000.0,-16.886679999999995,32.74961,0.0,0.0,0.0,NA,0.0,0.0
SCHOOL_3136,0,0,0,0,0,0,0,0,0,0,1,8820000.0,-16.859179999999995,32.67025,0.0,0.0,0.0,NA,0.0,0.0
SCHOOL_3137,0,0,0,0,0,0,0,0,0,0,2,6972000.0,-16.837635000116258,32.76195999948887,0.0,0.0,0.0,NA,0.0,0.0
SCHOOL_3138,0,0,0,0,0,0,0,0,0,0,1,3048000.0,-16.743399999999994,32.80501,0.0,0.0,0.0,NA,0.0,0.0
SCHOOL_3139,0,0,0,0,0,0,0,0,0,0,1,1296000.0,-16.78245,32.89485,0.0,0.0,0.0,NA,0.0,0.0
SCHOOL_3140,0,0,0,0,0,0,0,0,0,0,2,7152000.0,-16.599380003064358,32.5770299975509,0.0,0.0,0.0,NA,0.0,0.0
SCHOOL_3141,0,0,0,0,0,0,0,0,0,0,1,11988000.0,-18.46908,28.18259,0.0,0.0,0.0,NA,0.0,0.0
SCHOOL_3142,0,0,0,0,0,0,0,0,0,0,1,3228000.0,-18.431649999999998,28.12499,0.0,0.0,0.0,NA,0.0,0.0
SCHOOL_3143,0,0,0,0,0,0,0,0,0,0,1,5940000.0,-18.34319,28.1278,0.0,0.0,0.0,NA,0.0,0.0
SCHOOL_3144,0,0,0,0,0,0,0,0,0,0,1,4044000.0,-18.321870000000008,28.11997,0.0,0.0,0.0,NA,0.0,0.0
SCHOOL_3145,0,0,0,0,0,0,0,0,0,0,1,3216000.0,-18.308629999999997,28.15315,0.0,0.0,0.0,NA,0.0,0.0
SCHOOL_3146,0,0,0,0,0,0,0,0,0,0,1,5640000.0,-18.30614999999999,28.088420000000003,0.0,0.0,0.0,NA,0.0,0.0
SCHOOL_3147,0,0,0,0,0,0,0,0,0,0,1,8844000.0,-17.79104,28.14079,0.0,0.0,0.0,NA,0.0,0.0
SCHOOL_3148,0,0,0,0,0,0,0,0,0,0,1,7140000.0,-17.751749999999998,28.19286,0.0,0.0,0.0,NA,0.0,0.0
SCHOOL_3149,0,0,0,0,0,0,0,0,0,0,1,3144000.0,-17.505700000000004,28.07547,0.0,0.0,0.0,NA,0.0,0.0
SCHOOL_3150,0,0,0,0,0,0,0,0,0,0,1,3612000.0,-17.493019999999998,28.11506,0.0,0.0,0.0,NA,0.0,0.0
SCHOOL_3151,0,0,0,0,0,0,0,0,0,0,1,8112000.0,-18.446780000000004,28.292130000000004,0.0,0.0,0.0,NA,0.0,0.0
SCHOOL_3152,0,0,0,0,0,0,0,0,0,0,1,1152000.0,-18.432,28.23637,0.0,0.0,0.0,NA,0.0,0.0
SCHOOL_3153,0,0,0,0,0,0,0,0,0,0,1,3096000.0,-18.383279999999996,28.25665,0.0,0.0,0.0,NA,0.0,0.0
SCHOOL_3154,0,0,0,0,0,0,0,0,0,0,1,6396000.0,-18.35163,28.23601,0.0,0.0,0.0,NA,0.0,0.0
SCHOOL_3155,0,0,0,0,0,0,0,0,0,0,1,5544000.0,-18.333419999999997,28.19574,0.0,0.0,0.0,NA,0.0,0.0
SCHOOL_3156,0,0,0,0,0,0,0,0,0,0,1,6600000.0,-18.312309999999997,28.258490000000002,0.0,0.0,0.0,NA,0.0,0.0
SCHOOL_3157,0,0,0,0,0,0,0,0,0,0,1,4236000.0,-18.23851,28.22482,0.0,0.0,0.0,NA,0.0,0.0
SCHOOL_3158,0,0,0,0,0,0,0,0,0,0,1,12000000.0,-17.74993,28.20476,0.0,0.0,0.0,NA,0.0,0.0
SCHOOL_3159,0,0,0,0,0,0,0,0,0,0,1,4272000.0,-17.676980000000004,28.21711,0.0,0.0,0.0,NA,0.0,0.0
SCHOOL_3160,0,0,0,0,0,0,0,0,0,0,1,6528000.0,-17.473370000000003,28.28045,0.0,0.0,0.0,NA,0.0,0.0
SCHOOL_3161,0,0,0,0,0,0,0,0,0,0,1,4140000.0,-18.098019999999998,27.99289,0.0,0.0,0.0,NA,0.0,0.0
SCHOOL_3162,0,0,0,0,0,0,0,0,0,0,1,3624000.0,-18.074759999999994,28.03354,0.0,0.0,0.0,NA,0.0,0.0
SCHOOL_3163,0,0,0,0,0,0,0,0,0,0,1,6048000.0,-18.06454999999999,27.901390000000003,0.0,0.0,0.0,NA,0.0,0.0
SCHOOL_3164,0,0,0,0,0,0,0,0,0,0,1,6996000.0,-18.04696,27.98063,0.0,0.0,0.0,NA,0.0,0.0
SCHOOL_3165,0,0,0,0,0,0,0,0,0,0,1,4776000.0,-17.54687,27.90673,0.0,0.0,0.0,NA,0.0,0.0
SCHOOL_3166,0,0,0,0,0,0,0,0,0,0,1,2520000.0,-17.54022,28.00953,0.0,0.0,0.0,NA,0.0,0.0
SCHOOL_3167,0,0,0,0,0,0,0,0,0,0,1,3624000.0,-17.537639999999993,27.95988,0.0,0.0,0.0,NA,0.0,0.0
SCHOOL_3168,0,0,0,0,0,0,0,0,0,0,1,4956000.0,-17.51573,28.03707,0.0,0.0,0.0,NA,0.0,0.0
SCHOOL_3169,0,0,0,0,0,0,0,0,0,0,1,8256000.0,-17.482240000000004,27.95962,0.0,0.0,0.0,NA,0.0,0.0
SCHOOL_3170,0,0,0,0,0,0,0,0,0,0,1,7968000.0,-17.481009999999998,27.94828,0.0,0.0,0.0,NA,0.0,0.0
SCHOOL_3171,0,0,0,0,0,0,0,0,0,0,1,10488000.0,-18.036389999999997,28.46835,0.0,0.0,0.0,NA,0.0,0.0
SCHOOL_3172,0,0,0,0,0,0,0,0,0,0,1,10320000.0,-17.64445,28.45781,0.0,0.0,0.0,NA,0.0,0.0
SCHOOL_3173,0,0,0,0,0,0,0,0,0,0,1,2928000.0,-17.63118,28.422730000000005,0.0,0.0,0.0,NA,0.0,0.0
SCHOOL_3174,0,0,0,0,0,0,0,0,0,0,1,3888000.0,-17.595210000000005,28.44118,0.0,0.0,0.0,NA,0.0,0.0
SCHOOL_3175,0,0,0,0,0,0,0,0,0,0,1,12000000.0,-17.556670000000004,28.30903,0.0,0.0,0.0,NA,0.0,0.0
SCHOOL_3176,0,0,0,0,0,0,0,0,0,0,1,6960000.0,-17.537779999999998,28.32462,0.0,0.0,0.0,NA,0.0,0.0
SCHOOL_3177,0,0,0,0,0,0,0,0,0,0,1,3876000.0,-17.44803,28.34541,0.0,0.0,0.0,NA,0.0,0.0
SCHOOL_3178,0,0,0,0,0,0,0,0,0,0,1,1644000.0,-17.25654,28.34437,0.0,0.0,0.0,NA,0.0,0.0
SCHOOL_3179,0,0,0,0,0,0,0,0,0,0,1,7680000.0,-17.472239999999996,28.050620000000002,0.0,0.0,0.0,NA,0.0,0.0
SCHOOL_3180,0,0,0,0,0,0,0,0,0,0,1,2520000.0,-17.456090000000003,28.17288,0.0,0.0,0.0,NA,0.0,0.0
SCHOOL_3181,0,0,0,0,0,0,0,0,0,0,1,6720000.0,-17.45063,28.10013,0.0,0.0,0.0,NA,0.0,0.0
SCHOOL_3182,0,0,0,0,0,0,0,0,0,0,1,11088000.0,-17.406499999999998,28.13216,0.0,0.0,0.0,NA,0.0,0.0
SCHOOL_3183,0,0,0,0,0,0,0,0,0,0,2,16704000.0,-17.392879999999995,28.16879,0.0,0.0,0.0,NA,0.0,0.0
SCHOOL_3184,0,0,0,0,0,0,0,0,0,0,1,2784000.0,-17.19243,28.07903,0.0,0.0,0.0,NA,0.0,0.0
SCHOOL_3185,0,0,0,0,0,0,0,0,0,0,1,4308000.0,-17.151389999999996,28.11152,0.0,0.0,0.0,NA,0.0,0.0
SCHOOL_3186,0,0,0,0,0,0,0,0,0,0,1,2568000.0,-17.07604999999999,28.13561,0.0,0.0,0.0,NA,0.0,0.0
SCHOOL_3187,0,0,0,0,0,0,0,0,0,0,1,6372000.0,-17.03958999999999,28.09258,0.0,0.0,0.0,NA,0.0,0.0
SCHOOL_3188,0,0,0,0,0,0,0,0,0,0,1,5700000.0,-17.466539999999995,28.19987,0.0,0.0,0.0,NA,0.0,0.0
SCHOOL_3189,0,0,0,0,0,0,0,0,0,0,1,1716000.0,-17.442460000000004,28.296400000000002,0.0,0.0,0.0,NA,0.0,0.0
SCHOOL_3190,0,0,0,0,0,0,0,0,0,0,1,4884000.0,-17.413699999999995,28.2178,0.0,0.0,0.0,NA,0.0,0.0
SCHOOL_3191,0,0,0,0,0,0,0,0,0,0,1,3912000.0,-17.394410000000008,28.27994,0.0,0.0,0.0,NA,0.0,0.0
SCHOOL_3192,0,0,0,0,0,0,0,0,0,0,1,3264000.0,-17.19186,28.19823,0.0,0.0,0.0,NA,0.0,0.0
SCHOOL_3193,0,0,0,0,0,0,0,0,0,0,1,2880000.0,-17.191429999999997,28.23978,0.0,0.0,0.0,NA,0.0,0.0
SCHOOL_3194,0,0,0,0,0,0,0,0,0,0,1,5112000.0,-17.191349999999996,28.24563,0.0,0.0,0.0,NA,0.0,0.0
SCHOOL_3195,0,0,0,0,0,0,0,0,0,0,1,2856000.0,-17.16255,28.26607,0.0,0.0,0.0,NA,0.0,0.0
SCHOOL_3196,0,0,0,0,0,0,0,0,0,0,1,6732000.0,-16.97696,28.271250000000002,0.0,0.0,0.0,NA,0.0,0.0
SCHOOL_3197,0,0,0,0,0,0,0,0,0,0,1,2076000.0,-16.975630000000002,28.26921,0.0,0.0,0.0,NA,0.0,0.0
SCHOOL_3198,0,0,0,0,0,0,0,0,0,0,1,2760000.0,-17.479819999999993,27.94265,0.0,0.0,0.0,NA,0.0,0.0
SCHOOL_3199,0,0,0,0,0,0,0,0,0,0,1,7572000.0,-17.470589999999998,28.0322,0.0,0.0,0.0,NA,0.0,0.0
SCHOOL_3200,0,0,0,0,0,0,0,0,0,0,1,2124000.0,-17.25686,28.00509,0.0,0.0,0.0,NA,0.0,0.0
SCHOOL_3201,0,0,0,0,0,0,0,0,0,0,1,5592000.0,-17.199010000000005,28.04339,0.0,0.0,0.0,NA,0.0,0.0
SCHOOL_3202,0,0,0,0,0,0,0,0,0,0,1,2400000.0,-17.13067,28.01079,0.0,0.0,0.0,NA,0.0,0.0
SCHOOL_3203,0,0,0,0,0,0,0,0,0,0,1,1272000.0,-17.11244,28.02051,0.0,0.0,0.0,NA,0.0,0.0
SCHOOL_3204,0,0,0,0,0,0,0,0,0,0,1,5784000.0,-17.10787,27.988580000000002,0.0,0.0,0.0,NA,0.0,0.0
SCHOOL_3205,0,0,0,0,0,0,0,0,0,0,1,5064000.0,-16.960460000000005,28.22106,0.0,0.0,0.0,NA,0.0,0.0
SCHOOL_3206,0,0,0,0,0,0,0,0,0,0,1,8544000.0,-16.930059999999997,28.29508,0.0,0.0,0.0,NA,0.0,0.0
SCHOOL_3207,0,0,0,0,0,0,0,0,0,0,1,5220000.0,-16.923959999999997,28.29468,0.0,0.0,0.0,NA,0.0,0.0
SCHOOL_3208,0,0,0,0,0,0,0,0,0,0,2,2676000.0,-16.841880000000003,28.29731,0.0,0.0,0.0,NA,0.0,0.0
SCHOOL_3209,0,0,0,0,0,0,0,0,0,0,2,8316000.0,-17.28356500000008,29.31805499999987,0.0,0.0,0.0,NA,0.0,0.0
SCHOOL_3210,0,0,0,0,0,0,0,0,0,0,1,3300000.0,-17.25731,29.4285,0.0,0.0,0.0,NA,0.0,0.0
SCHOOL_3211,0,0,0,0,0,0,0,0,0,0,1,3636000.0,-17.23134,29.35844,0.0,0.0,0.0,NA,0.0,0.0
SCHOOL_3212,0,0,0,0,0,0,0,0,0,0,1,5688000.0,-17.21736,29.31735,0.0,0.0,0.0,NA,0.0,0.0
SCHOOL_3213,0,0,0,0,0,0,0,0,0,0,2,10212000.0,-17.216544999999996,29.425779999999996,0.0,0.0,0.0,NA,0.0,0.0
SCHOOL_3214,0,0,0,0,0,0,0,0,0,0,1,5952000.0,-17.202969999999997,29.3782,0.0,0.0,0.0,NA,0.0,0.0
SCHOOL_3215,0,0,0,0,0,0,0,0,0,0,1,8760000.0,-17.1961,29.38059,0.0,0.0,0.0,NA,0.0,0.0
SCHOOL_3216,0,0,0,0,0,0,0,0,0,0,1,6336000.0,-17.145239999999998,29.307790000000004,0.0,0.0,0.0,NA,0.0,0.0
SCHOOL_3217,0,0,0,0,0,0,0,0,0,0,2,12768000.0,-17.13250500000049,29.355530000004226,0.0,0.0,0.0,NA,0.0,0.0
SCHOOL_3218,0,0,0,0,0,0,0,0,0,0,1,1968000.0,-17.263209999999997,29.207810000000002,0.0,0.0,0.0,NA,0.0,0.0
SCHOOL_3219,0,0,0,0,0,0,0,0,0,0,2,5952000.0,-17.214095000000007,29.19814999999999,0.0,0.0,0.0,NA,0.0,0.0
SCHOOL_3220,0,0,0,0,0,0,0,0,0,0,1,1740000.0,-17.18976,29.126539999999995,0.0,0.0,0.0,NA,0.0,0.0
SCHOOL_3221,0,0,0,0,0,0,0,0,0,0,1,6768000.0,-17.189690000000002,29.130000000000003,0.0,0.0,0.0,NA,0.0,0.0
SCHOOL_3222,0,0,0,0,0,0,0,0,0,0,1,6192000.0,-17.168689999999998,29.104170000000003,0.0,0.0,0.0,NA,0.0,0.0
SCHOOL_3223,0,0,0,0,0,0,0,0,0,0,1,4488000.0,-17.168009999999992,29.23887,0.0,0.0,0.0,NA,0.0,0.0
SCHOOL_3224,0,0,0,0,0,0,0,0,0,0,1,11280000.0,-17.148139999999994,29.18586,0.0,0.0,0.0,NA,0.0,0.0
SCHOOL_3225,0,0,0,0,0,0,0,0,0,0,1,6408000.0,-17.145360000000004,29.19622,0.0,0.0,0.0,NA,0.0,0.0
SCHOOL_3226,0,0,0,0,0,0,0,0,0,0,1,3408000.0,-17.144460000000002,29.11197,0.0,0.0,0.0,NA,0.0,0.0
SCHOOL_3227,0,0,0,0,0,0,0,0,0,0,1,12000000.0,-17.128309999999995,29.46959,0.0,0.0,0.0,NA,0.0,0.0
SCHOOL_3228,0,0,0,0,0,0,0,0,0,0,1,1284000.0,-17.12667,29.417910000000003,0.0,0.0,0.0,NA,0.0,0.0
SCHOOL_3229,0,0,0,0,0,0,0,0,0,0,1,7416000.0,-17.112309999999997,29.414530000000003,0.0,0.0,0.0,NA,0.0,0.0
SCHOOL_3230,0,0,0,0,0,0,0,0,0,0,1,7716000.0,-17.100060000000003,29.4188,0.0,0.0,0.0,NA,0.0,0.0
SCHOOL_3231,0,0,0,0,0,0,0,0,0,0,1,7344000.0,-17.09309,29.44606,0.0,0.0,0.0,NA,0.0,0.0
SCHOOL_3232,0,0,0,0,0,0,0,0,0,0,1,7884000.0,-17.088770000000004,29.32229,0.0,0.0,0.0,NA,0.0,0.0
SCHOOL_3233,0,0,0,0,0,0,0,0,0,0,1,4584000.0,-17.08757,29.367260000000005,0.0,0.0,0.0,NA,0.0,0.0
SCHOOL_3234,0,0,0,0,0,0,0,0,0,0,1,4944000.0,-17.077249999999996,29.471710000000005,0.0,0.0,0.0,NA,0.0,0.0
SCHOOL_3235,0,0,0,0,0,0,0,0,0,0,1,5472000.0,-17.063179999999996,29.44338,0.0,0.0,0.0,NA,0.0,0.0
SCHOOL_3236,0,0,0,0,0,0,0,0,0,0,1,3444000.0,-17.14737,29.48515,0.0,0.0,0.0,NA,0.0,0.0
SCHOOL_3237,0,0,0,0,0,0,0,0,0,0,1,12000000.0,-17.14106,29.621030000000005,0.0,0.0,0.0,NA,0.0,0.0
SCHOOL_3238,0,0,0,0,0,0,0,0,0,0,1,9804000.0,-17.12696,29.506510000000002,0.0,0.0,0.0,NA,0.0,0.0
SCHOOL_3239,0,0,0,0,0,0,0,0,0,0,1,2388000.0,-17.126859999999997,29.500400000000003,0.0,0.0,0.0,NA,0.0,0.0
SCHOOL_3240,0,0,0,0,0,0,0,0,0,0,1,4824000.0,-17.126249999999995,29.549400000000002,0.0,0.0,0.0,NA,0.0,0.0
SCHOOL_3241,0,0,0,0,0,0,0,0,0,0,1,5496000.0,-17.116160000000004,29.624540000000003,0.0,0.0,0.0,NA,0.0,0.0
SCHOOL_3242,0,0,0,0,0,0,0,0,0,0,1,7080000.0,-17.065790000000003,29.502760000000002,0.0,0.0,0.0,NA,0.0,0.0
SCHOOL_3243,0,0,0,0,0,0,0,0,0,0,1,4788000.0,-17.059039999999992,29.50827,0.0,0.0,0.0,NA,0.0,0.0
SCHOOL_3244,0,0,0,0,0,0,0,0,0,0,1,3876000.0,-17.05579,29.58458,0.0,0.0,0.0,NA,0.0,0.0
SCHOOL_3245,0,0,0,0,0,0,0,0,0,0,1,4824000.0,-17.008549999999993,29.50317,0.0,0.0,0.0,NA,0.0,0.0
SCHOOL_3246,0,0,0,0,0,0,0,0,0,0,1,4620000.0,-17.168750000000003,29.028629999999996,0.0,0.0,0.0,NA,0.0,0.0
SCHOOL_3247,0,0,0,0,0,0,0,0,0,0,1,2316000.0,-17.10741,28.98631,0.0,0.0,0.0,NA,0.0,0.0
SCHOOL_3248,0,0,0,0,0,0,0,0,0,0,1,4812000.0,-17.102289999999996,28.991880000000002,0.0,0.0,0.0,NA,0.0,0.0
SCHOOL_3249,0,0,0,0,0,0,0,0,0,0,1,2448000.0,-17.085029999999993,29.047630000000005,0.0,0.0,0.0,NA,0.0,0.0
SCHOOL_3250,0,0,0,0,0,0,0,0,0,0,1,3780000.0,-17.060769999999998,28.97446,0.0,0.0,0.0,NA,0.0,0.0
SCHOOL_3251,0,0,0,0,0,0,0,0,0,0,1,6888000.0,-17.02565,29.030489999999997,0.0,0.0,0.0,NA,0.0,0.0
SCHOOL_3252,0,0,0,0,0,0,0,0,0,0,1,3216000.0,-17.017709999999997,29.03121,0.0,0.0,0.0,NA,0.0,0.0
SCHOOL_3253,0,0,0,0,0,0,0,0,0,0,1,2700000.0,-16.997689999999995,29.001340000000003,0.0,0.0,0.0,NA,0.0,0.0
SCHOOL_3254,0,0,0,0,0,0,0,0,0,0,1,4728000.0,-16.968550000000004,29.08338,0.0,0.0,0.0,NA,0.0,0.0
SCHOOL_3255,0,0,0,0,0,0,0,0,0,0,1,8784000.0,-16.945609999999995,28.931689999999996,0.0,0.0,0.0,NA,0.0,0.0
SCHOOL_3256,0,0,0,0,0,0,0,0,0,0,1,3480000.0,-17.113400000000002,29.147370000000002,0.0,0.0,0.0,NA,0.0,0.0
SCHOOL_3257,0,0,0,0,0,0,0,0,0,0,2,9708000.0,-17.10144500000255,29.255494999991818,0.0,0.0,0.0,NA,0.0,0.0
SCHOOL_3258,0,0,0,0,0,0,0,0,0,0,1,5268000.0,-17.074609999999996,29.10977,0.0,0.0,0.0,NA,0.0,0.0
SCHOOL_3259,0,0,0,0,0,0,0,0,0,0,1,4920000.0,-17.07279,29.299110000000002,0.0,0.0,0.0,NA,0.0,0.0
SCHOOL_3260,0,0,0,0,0,0,0,0,0,0,1,9096000.0,-17.03364,29.12996,0.0,0.0,0.0,NA,0.0,0.0
SCHOOL_3261,0,0,0,0,0,0,0,0,0,0,1,7248000.0,-17.032429999999998,29.208300000000005,0.0,0.0,0.0,NA,0.0,0.0
SCHOOL_3262,0,0,0,0,0,0,0,0,0,0,1,4584000.0,-17.029349999999994,29.13074,0.0,0.0,0.0,NA,0.0,0.0
SCHOOL_3263,0,0,0,0,0,0,0,0,0,0,1,2760000.0,-16.98556,29.209979999999998,0.0,0.0,0.0,NA,0.0,0.0
SCHOOL_3264,0,0,0,0,0,0,0,0,0,0,2,12612000.0,-16.98316500000021,29.293900000000292,0.0,0.0,0.0,NA,0.0,0.0
SCHOOL_3265,0,0,0,0,0,0,0,0,0,0,1,3564000.0,-17.034259999999996,29.462620000000005,0.0,0.0,0.0,NA,0.0,0.0
SCHOOL_3266,0,0,0,0,0,0,0,0,0,0,1,3408000.0,-17.022700000000004,29.44884,0.0,0.0,0.0,NA,0.0,0.0
SCHOOL_3267,0,0,0,0,0,0,0,0,0,0,2,8064000.0,-17.020640000049696,29.320350000053917,0.0,0.0,0.0,NA,0.0,0.0
SCHOOL_3268,0,0,0,0,0,0,0,0,0,0,1,3456000.0,-17.02052000000001,29.45101,0.0,0.0,0.0,NA,0.0,0.0
SCHOOL_3269,0,0,0,0,0,0,0,0,0,0,1,3660000.0,-16.999349999999996,29.470260000000003,0.0,0.0,0.0,NA,0.0,0.0
SCHOOL_3270,0,0,0,0,0,0,0,0,0,0,1,5196000.0,-16.98744,29.39257,0.0,0.0,0.0,NA,0.0,0.0
SCHOOL_3271,0,0,0,0,0,0,0,0,0,0,1,5436000.0,-16.970809999999997,29.3631,0.0,0.0,0.0,NA,0.0,0.0
SCHOOL_3272,0,0,0,0,0,0,0,0,0,0,1,3576000.0,-16.963849999999997,29.479810000000004,0.0,0.0,0.0,NA,0.0,0.0
SCHOOL_3273,0,0,0,0,0,0,0,0,0,0,1,4740000.0,-16.946739999999995,29.40758,0.0,0.0,0.0,NA,0.0,0.0
SCHOOL_3274,0,0,0,0,0,0,0,0,0,0,1,4512000.0,-16.973109999999995,29.21701,0.0,0.0,0.0,NA,0.0,0.0
SCHOOL_3275,0,0,0,0,0,0,0,0,0,0,1,12000000.0,-16.971900000000005,29.21275,0.0,0.0,0.0,NA,0.0,0.0
SCHOOL_3276,0,0,0,0,0,0,0,0,0,0,1,4776000.0,-16.967390000000005,29.24495,0.0,0.0,0.0,NA,0.0,0.0
SCHOOL_3277,0,0,0,0,0,0,0,0,0,0,2,7140000.0,-16.965080000204473,29.15821999968631,0.0,0.0,0.0,NA,0.0,0.0
SCHOOL_3278,0,0,0,0,0,0,0,0,0,0,2,9180000.0,-16.921445,29.278549999999996,0.0,0.0,0.0,NA,0.0,0.0
SCHOOL_3279,0,0,0,0,0,0,0,0,0,0,1,5604000.0,-16.911699999999993,29.173479999999998,0.0,0.0,0.0,NA,0.0,0.0
SCHOOL_3280,0,0,0,0,0,0,0,0,0,0,1,5856000.0,-16.89873,29.21375,0.0,0.0,0.0,NA,0.0,0.0
SCHOOL_3281,0,0,0,0,0,0,0,0,0,0,1,5736000.0,-16.942779999999992,29.35323,0.0,0.0,0.0,NA,0.0,0.0
SCHOOL_3282,0,0,0,0,0,0,0,0,0,0,1,2928000.0,-16.937100000000004,29.35243,0.0,0.0,0.0,NA,0.0,0.0
SCHOOL_3283,0,0,0,0,0,0,0,0,0,0,1,3696000.0,-16.908820000000002,29.41711,0.0,0.0,0.0,NA,0.0,0.0
SCHOOL_3284,0,0,0,0,0,0,0,0,0,0,1,4152000.0,-16.890500000000003,29.43147,0.0,0.0,0.0,NA,0.0,0.0
SCHOOL_3285,0,0,0,0,0,0,0,0,0,0,1,7740000.0,-16.885099999999998,29.34744,0.0,0.0,0.0,NA,0.0,0.0
SCHOOL_3286,0,0,0,0,0,0,0,0,0,0,1,5880000.0,-16.88069,29.449010000000005,0.0,0.0,0.0,NA,0.0,0.0
SCHOOL_3287,0,0,0,0,0,0,0,0,0,0,1,4260000.0,-16.879949999999997,29.399120000000003,0.0,0.0,0.0,NA,0.0,0.0
SCHOOL_3288,0,0,0,0,0,0,0,0,0,0,1,2748000.0,-16.87907,29.348720000000004,0.0,0.0,0.0,NA,0.0,0.0
SCHOOL_3289,0,0,0,0,0,0,0,0,0,0,1,5100000.0,-16.859029999999994,29.426310000000004,0.0,0.0,0.0,NA,0.0,0.0
SCHOOL_3290,0,0,0,0,0,0,0,0,0,0,1,3636000.0,-16.85344,29.38236,0.0,0.0,0.0,NA,0.0,0.0
SCHOOL_3291,0,0,0,0,0,0,0,0,0,0,1,3372000.0,-16.953259999999997,29.59829,0.0,0.0,0.0,NA,0.0,0.0
SCHOOL_3292,0,0,0,0,0,0,0,0,0,0,1,8544000.0,-16.947409999999994,29.61276,0.0,0.0,0.0,NA,0.0,0.0
SCHOOL_3293,0,0,0,0,0,0,0,0,0,0,1,9120000.0,-16.941759999999995,29.49657,0.0,0.0,0.0,NA,0.0,0.0
SCHOOL_3294,0,0,0,0,0,0,0,0,0,0,1,5892000.0,-16.90799,29.48348,0.0,0.0,0.0,NA,0.0,0.0
SCHOOL_3295,0,0,0,0,0,0,0,0,0,0,1,7116000.0,-16.872020000000003,29.594240000000003,0.0,0.0,0.0,NA,0.0,0.0
SCHOOL_3296,0,0,0,0,0,0,0,0,0,0,1,2388000.0,-16.86535,29.520529999999997,0.0,0.0,0.0,NA,0.0,0.0
SCHOOL_3297,0,0,0,0,0,0,0,0,0,0,1,7668000.0,-16.85596,29.544690000000003,0.0,0.0,0.0,NA,0.0,0.0
SCHOOL_3298,0,0,0,0,0,0,0,0,0,0,1,2928000.0,-16.853420000000003,29.59881,0.0,0.0,0.0,NA,0.0,0.0
SCHOOL_3299,0,0,0,0,0,0,0,0,0,0,1,5676000.0,-16.829629999999998,29.6026,0.0,0.0,0.0,NA,0.0,0.0
SCHOOL_3300,0,0,0,0,0,0,0,0,0,0,1,6120000.0,-16.809149999999992,29.521,0.0,0.0,0.0,NA,0.0,0.0
SCHOOL_3301,0,0,0,0,0,0,0,0,0,0,1,4476000.0,-17.507799999999996,28.58166,0.0,0.0,0.0,NA,0.0,0.0
SCHOOL_3302,0,0,0,0,0,0,0,0,0,0,1,12000000.0,-17.489,28.52666,0.0,0.0,0.0,NA,0.0,0.0
SCHOOL_3303,0,0,0,0,0,0,0,0,0,0,1,4224000.0,-17.48077,28.6344,0.0,0.0,0.0,NA,0.0,0.0
SCHOOL_3304,0,0,0,0,0,0,0,0,0,0,1,4068000.0,-17.468329999999998,28.57707,0.0,0.0,0.0,NA,0.0,0.0
SCHOOL_3305,0,0,0,0,0,0,0,0,0,0,1,9612000.0,-17.44945,28.68701,0.0,0.0,0.0,NA,0.0,0.0
SCHOOL_3306,0,0,0,0,0,0,0,0,0,0,1,12000000.0,-17.41365,28.723110000000002,0.0,0.0,0.0,NA,0.0,0.0
SCHOOL_3307,0,0,0,0,0,0,0,0,0,0,1,5892000.0,-17.38028,28.624990000000004,0.0,0.0,0.0,NA,0.0,0.0
SCHOOL_3308,0,0,0,0,0,0,0,0,0,0,1,7812000.0,-17.370189999999994,28.71939,0.0,0.0,0.0,NA,0.0,0.0
SCHOOL_3309,0,0,0,0,0,0,0,0,0,0,1,1980000.0,-17.361450000000005,28.55028,0.0,0.0,0.0,NA,0.0,0.0
SCHOOL_3310,0,0,0,0,0,0,0,0,0,0,1,3228000.0,-17.323660000000004,28.65803,0.0,0.0,0.0,NA,0.0,0.0
SCHOOL_3311,0,0,0,0,0,0,0,0,0,0,1,5352000.0,-17.505500000000005,29.064900000000005,0.0,0.0,0.0,NA,0.0,0.0
SCHOOL_3312,0,0,0,0,0,0,0,0,0,0,1,5556000.0,-17.46669,28.979900000000004,0.0,0.0,0.0,NA,0.0,0.0
SCHOOL_3313,0,0,0,0,0,0,0,0,0,0,1,4080000.0,-17.44848,28.936499999999995,0.0,0.0,0.0,NA,0.0,0.0
SCHOOL_3314,0,0,0,0,0,0,0,0,0,0,1,2232000.0,-17.43855,28.952899999999996,0.0,0.0,0.0,NA,0.0,0.0
SCHOOL_3315,0,0,0,0,0,0,0,0,0,0,1,3180000.0,-17.438440000000003,28.98632,0.0,0.0,0.0,NA,0.0,0.0
SCHOOL_3316,0,0,0,0,0,0,0,0,0,0,1,8988000.0,-17.37562,29.069400000000005,0.0,0.0,0.0,NA,0.0,0.0
SCHOOL_3317,0,0,0,0,0,0,0,0,0,0,1,3660000.0,-17.362549999999995,29.070210000000003,0.0,0.0,0.0,NA,0.0,0.0
SCHOOL_3318,0,0,0,0,0,0,0,0,0,0,1,1416000.0,-17.33601000000001,28.9669,0.0,0.0,0.0,NA,0.0,0.0
SCHOOL_3319,0,0,0,0,0,0,0,0,0,0,1,5172000.0,-17.291400000000003,28.96788,0.0,0.0,0.0,NA,0.0,0.0
SCHOOL_3320,0,0,0,0,0,0,0,0,0,0,1,3312000.0,-17.26466,28.91368,0.0,0.0,0.0,NA,0.0,0.0
SCHOOL_3321,0,0,0,0,0,0,0,0,0,0,2,11976000.0,-17.34925500007934,28.770889999846244,0.0,0.0,0.0,NA,0.0,0.0
SCHOOL_3322,0,0,0,0,0,0,0,0,0,0,1,6084000.0,-17.340359999999997,28.87594,0.0,0.0,0.0,NA,0.0,0.0
SCHOOL_3323,0,0,0,0,0,0,0,0,0,0,1,3528000.0,-17.27534,28.79688,0.0,0.0,0.0,NA,0.0,0.0
SCHOOL_3324,0,0,0,0,0,0,0,0,0,0,1,8340000.0,-17.261759999999992,28.766859999999998,0.0,0.0,0.0,NA,0.0,0.0
SCHOOL_3325,0,0,0,0,0,0,0,0,0,0,1,5628000.0,-17.23519,28.849140000000002,0.0,0.0,0.0,NA,0.0,0.0
SCHOOL_3326,0,0,0,0,0,0,0,0,0,0,1,3876000.0,-17.21165,28.772680000000005,0.0,0.0,0.0,NA,0.0,0.0
SCHOOL_3327,0,0,0,0,0,0,0,0,0,0,1,5544000.0,-17.20726,28.77088,0.0,0.0,0.0,NA,0.0,0.0
SCHOOL_3328,0,0,0,0,0,0,0,0,0,0,1,3144000.0,-17.172729999999994,28.87812,0.0,0.0,0.0,NA,0.0,0.0
SCHOOL_3329,0,0,0,0,0,0,0,0,0,0,1,5844000.0,-17.15703,28.77001,0.0,0.0,0.0,NA,0.0,0.0
SCHOOL_3330,0,0,0,0,0,0,0,0,0,0,1,6612000.0,-17.143320000000003,28.825479999999995,0.0,0.0,0.0,NA,0.0,0.0
SCHOOL_3331,0,0,0,0,0,0,0,0,0,0,1,2400000.0,-17.29145,28.57324,0.0,0.0,0.0,NA,0.0,0.0
SCHOOL_3332,0,0,0,0,0,0,0,0,0,0,1,1632000.0,-17.246999999999993,28.69769,0.0,0.0,0.0,NA,0.0,0.0
SCHOOL_3333,0,0,0,0,0,0,0,0,0,0,2,6792000.0,-17.238175000973506,28.4992149996617,0.0,0.0,0.0,NA,0.0,0.0
SCHOOL_3334,0,0,0,0,0,0,0,0,0,0,1,7368000.0,-17.22964,28.58227,0.0,0.0,0.0,NA,0.0,0.0
SCHOOL_3335,0,0,0,0,0,0,0,0,0,0,1,2832000.0,-17.195960000000003,28.65464,0.0,0.0,0.0,NA,0.0,0.0
SCHOOL_3336,0,0,0,0,0,0,0,0,0,0,1,2652000.0,-17.19091999999999,28.60305,0.0,0.0,0.0,NA,0.0,0.0
SCHOOL_3337,0,0,0,0,0,0,0,0,0,0,1,3228000.0,-17.17711,28.699599999999997,0.0,0.0,0.0,NA,0.0,0.0
SCHOOL_3338,0,0,0,0,0,0,0,0,0,0,1,6432000.0,-17.149700000000003,28.640760000000004,0.0,0.0,0.0,NA,0.0,0.0
SCHOOL_3339,0,0,0,0,0,0,0,0,0,0,1,2844000.0,-17.22789,28.38626,0.0,0.0,0.0,NA,0.0,0.0
SCHOOL_3340,0,0,0,0,0,0,0,0,0,0,1,1728000.0,-17.185970000000005,28.36308,0.0,0.0,0.0,NA,0.0,0.0
SCHOOL_3341,0,0,0,0,0,0,0,0,0,0,1,2976000.0,-17.139889999999998,28.35639,0.0,0.0,0.0,NA,0.0,0.0
SCHOOL_3342,0,0,0,0,0,0,0,0,0,0,1,5028000.0,-17.136300000000006,28.36244,0.0,0.0,0.0,NA,0.0,0.0
SCHOOL_3343,0,0,0,0,0,0,0,0,0,0,1,1992000.0,-17.101010000000002,28.37599,0.0,0.0,0.0,NA,0.0,0.0
SCHOOL_3344,0,0,0,0,0,0,0,0,0,0,1,3552000.0,-16.908980000000003,28.35316,0.0,0.0,0.0,NA,0.0,0.0
SCHOOL_3345,0,0,0,0,0,0,0,0,0,0,1,840000.0,-16.818960000000004,28.44553,0.0,0.0,0.0,NA,0.0,0.0
SCHOOL_3346,0,0,0,0,0,0,0,0,0,0,1,4896000.0,-17.129639999999995,28.75183,0.0,0.0,0.0,NA,0.0,0.0
SCHOOL_3347,0,0,0,0,0,0,0,0,0,0,1,4488000.0,-16.917459999999995,28.997860000000003,0.0,0.0,0.0,NA,0.0,0.0
SCHOOL_3348,0,0,0,0,0,0,0,0,0,0,1,5880000.0,-16.901879999999995,29.077680000000004,0.0,0.0,0.0,NA,0.0,0.0
SCHOOL_3349,0,0,0,0,0,0,0,0,0,0,1,2040000.0,-16.89852,29.079079999999998,0.0,0.0,0.0,NA,0.0,0.0
SCHOOL_3350,0,0,0,0,0,0,0,0,0,0,1,4512000.0,-16.897259999999996,29.00576,0.0,0.0,0.0,NA,0.0,0.0
SCHOOL_3351,0,0,0,0,0,0,0,0,0,0,1,4068000.0,-16.861019999999996,29.05206,0.0,0.0,0.0,NA,0.0,0.0
SCHOOL_3352,0,0,0,0,0,0,0,0,0,0,1,6408000.0,-16.781509999999997,28.959900000000005,0.0,0.0,0.0,NA,0.0,0.0
SCHOOL_3353,0,0,0,0,0,0,0,0,0,0,1,1812000.0,-16.552119999999995,28.96385,0.0,0.0,0.0,NA,0.0,0.0
SCHOOL_3354,0,0,0,0,0,0,0,0,0,0,1,11604000.0,-16.84345,29.422560000000004,0.0,0.0,0.0,NA,0.0,0.0
SCHOOL_3355,0,0,0,0,0,0,0,0,0,0,1,1224000.0,-16.84035,29.424959999999995,0.0,0.0,0.0,NA,0.0,0.0
SCHOOL_3356,0,0,0,0,0,0,0,0,0,0,1,4320000.0,-16.83298,29.338150000000002,0.0,0.0,0.0,NA,0.0,0.0
SCHOOL_3357,0,0,0,0,0,0,0,0,0,0,1,4512000.0,-16.832900000000002,29.430340000000005,0.0,0.0,0.0,NA,0.0,0.0
SCHOOL_3358,0,0,0,0,0,0,0,0,0,0,2,19488000.0,-16.832420000001157,29.34201500013401,0.0,0.0,0.0,NA,0.0,0.0
SCHOOL_3359,0,0,0,0,0,0,0,0,0,0,1,3744000.0,-16.800009999999997,29.42961,0.0,0.0,0.0,NA,0.0,0.0
SCHOOL_3360,0,0,0,0,0,0,0,0,0,0,2,8148000.0,-16.79867000003587,29.3037900001023,0.0,0.0,0.0,NA,0.0,0.0
SCHOOL_3361,0,0,0,0,0,0,0,0,0,0,1,4752000.0,-16.878659999999996,29.19618,0.0,0.0,0.0,NA,0.0,0.0
SCHOOL_3362,0,0,0,0,0,0,0,0,0,0,1,3144000.0,-16.872099999999996,29.1412,0.0,0.0,0.0,NA,0.0,0.0
SCHOOL_3363,0,0,0,0,0,0,0,0,0,0,1,4332000.0,-16.85421,29.251930000000005,0.0,0.0,0.0,NA,0.0,0.0
SCHOOL_3364,0,0,0,0,0,0,0,0,0,0,1,2496000.0,-16.84508,29.1695,0.0,0.0,0.0,NA,0.0,0.0
SCHOOL_3365,0,0,0,0,0,0,0,0,0,0,1,10956000.0,-16.840809999999994,29.262330000000002,0.0,0.0,0.0,NA,0.0,0.0
SCHOOL_3366,0,0,0,0,0,0,0,0,0,0,1,7368000.0,-16.806019999999997,29.10604,0.0,0.0,0.0,NA,0.0,0.0
SCHOOL_3367,0,0,0,0,0,0,0,0,0,0,1,1788000.0,-16.801100000000005,29.10596,0.0,0.0,0.0,NA,0.0,0.0
SCHOOL_3368,0,0,0,0,0,0,0,0,0,0,1,7464000.0,-16.77092,29.22379,0.0,0.0,0.0,NA,0.0,0.0
SCHOOL_3369,0,0,0,0,0,0,0,0,0,0,1,12000000.0,-16.760529999999996,29.15256,0.0,0.0,0.0,NA,0.0,0.0
SCHOOL_3370,0,0,0,0,0,0,0,0,0,0,1,3540000.0,-16.755670000000006,29.178600000000003,0.0,0.0,0.0,NA,0.0,0.0
SCHOOL_3371,0,0,0,0,0,0,0,0,0,0,1,4656000.0,-16.799199999999995,29.57955,0.0,0.0,0.0,NA,0.0,0.0
SCHOOL_3372,0,0,0,0,0,0,0,0,0,0,1,2388000.0,-16.79571,29.575639999999996,0.0,0.0,0.0,NA,0.0,0.0
SCHOOL_3373,0,0,0,0,0,0,0,0,0,0,1,4044000.0,-16.791189999999993,29.65374,0.0,0.0,0.0,NA,0.0,0.0
SCHOOL_3374,0,0,0,0,0,0,0,0,0,0,1,1032000.0,-16.786049999999996,29.623580000000004,0.0,0.0,0.0,NA,0.0,0.0
SCHOOL_3375,0,0,0,0,0,0,0,0,0,0,2,11700000.0,-16.748435001784873,29.512444999560323,0.0,0.0,0.0,NA,0.0,0.0
SCHOOL_3376,0,0,0,0,0,0,0,0,0,0,1,1920000.0,-16.73013,29.614430000000002,0.0,0.0,0.0,NA,0.0,0.0
SCHOOL_3377,0,0,0,0,0,0,0,0,0,0,2,8700000.0,-16.71355,29.605650000000004,0.0,0.0,0.0,NA,0.0,0.0
SCHOOL_3378,0,0,0,0,0,0,0,0,0,0,1,3552000.0,-16.641369999999995,29.618119999999998,0.0,0.0,0.0,NA,0.0,0.0
SCHOOL_3379,0,0,0,0,0,0,0,0,0,0,2,14196000.0,-16.77938000228324,29.396695000161674,0.0,0.0,0.0,NA,0.0,0.0
SCHOOL_3380,0,0,0,0,0,0,0,0,0,0,1,4404000.0,-16.757549999999995,29.46621,0.0,0.0,0.0,NA,0.0,0.0
SCHOOL_3381,0,0,0,0,0,0,0,0,0,0,1,4416000.0,-16.74844999999999,29.352510000000002,0.0,0.0,0.0,NA,0.0,0.0
SCHOOL_3382,0,0,0,0,0,0,0,0,0,0,1,9516000.0,-16.741200000000006,29.41331,0.0,0.0,0.0,NA,0.0,0.0
SCHOOL_3383,0,0,0,0,0,0,0,0,0,0,1,5580000.0,-16.72408,29.356410000000004,0.0,0.0,0.0,NA,0.0,0.0
SCHOOL_3384,0,0,0,0,0,0,0,0,0,0,1,10524000.0,-16.718409999999995,29.3356,0.0,0.0,0.0,NA,0.0,0.0
SCHOOL_3385,0,0,0,0,0,0,0,0,0,0,1,5520000.0,-16.66229,29.31212,0.0,0.0,0.0,NA,0.0,0.0
SCHOOL_3386,0,0,0,0,0,0,0,0,0,0,1,2544000.0,-16.61201,29.449010000000005,0.0,0.0,0.0,NA,0.0,0.0
SCHOOL_3387,0,0,0,0,0,0,0,0,0,0,1,4992000.0,-16.601660000000003,29.44826,0.0,0.0,0.0,NA,0.0,0.0
SCHOOL_3388,0,0,0,0,0,0,0,0,0,0,1,2280000.0,-16.62574,29.57792,0.0,0.0,0.0,NA,0.0,0.0
SCHOOL_3389,0,0,0,0,0,0,0,0,0,0,1,12000000.0,-16.60066,29.554760000000005,0.0,0.0,0.0,NA,0.0,0.0
SCHOOL_3390,0,0,0,0,0,0,0,0,0,0,1,3564000.0,-16.583229999999997,29.48547,0.0,0.0,0.0,NA,0.0,0.0
SCHOOL_3391,0,0,0,0,0,0,0,0,0,0,1,3840000.0,-16.563530000000004,29.580940000000002,0.0,0.0,0.0,NA,0.0,0.0
SCHOOL_3392,0,0,0,0,0,0,0,0,0,0,1,5124000.0,-16.532330000000005,29.62,0.0,0.0,0.0,NA,0.0,0.0
SCHOOL_3393,0,0,0,0,0,0,0,0,0,0,1,1380000.0,-16.532029999999992,29.520460000000003,0.0,0.0,0.0,NA,0.0,0.0
SCHOOL_3394,0,0,0,0,0,0,0,0,0,0,1,2832000.0,-16.46891,29.595140000000004,0.0,0.0,0.0,NA,0.0,0.0
SCHOOL_3395,0,0,0,0,0,0,0,0,0,0,1,10068000.0,-16.4633,29.659189999999995,0.0,0.0,0.0,NA,0.0,0.0
SCHOOL_3396,0,0,0,0,0,0,0,0,0,0,1,3336000.0,-16.40684,29.55718,0.0,0.0,0.0,NA,0.0,0.0
SCHOOL_3397,0,0,0,0,0,0,0,0,0,0,1,4944000.0,-16.389039999999994,29.6436,0.0,0.0,0.0,NA,0.0,0.0
SCHOOL_3398,0,0,0,0,0,0,0,0,0,0,1,2268000.0,-16.74077,29.21223,0.0,0.0,0.0,NA,0.0,0.0
SCHOOL_3399,0,0,0,0,0,0,0,0,0,0,1,3876000.0,-16.716199999999994,29.24884,0.0,0.0,0.0,NA,0.0,0.0
SCHOOL_3400,0,0,0,0,0,0,0,0,0,0,1,7644000.0,-16.56653,29.215800000000005,0.0,0.0,0.0,NA,0.0,0.0
SCHOOL_3401,0,0,0,0,0,0,0,0,0,0,1,1224000.0,-16.309419999999996,29.25996,0.0,0.0,0.0,NA,0.0,0.0
SCHOOL_3402,0,0,0,0,0,0,0,0,0,0,1,840000.0,-16.223349999999996,29.15225,0.0,0.0,0.0,NA,0.0,0.0
SCHOOL_3403,0,0,0,0,0,0,0,0,0,0,2,2340000.0,-16.587699999999998,29.34633,0.0,0.0,0.0,NA,0.0,0.0
SCHOOL_3404,0,0,0,0,0,0,0,0,0,0,1,7200000.0,-16.490929999999995,29.457140000000003,0.0,0.0,0.0,NA,0.0,0.0
SCHOOL_3405,0,0,0,0,0,0,0,0,0,0,1,7788000.0,-16.461310000000005,29.45948,0.0,0.0,0.0,NA,0.0,0.0
SCHOOL_3406,0,0,0,0,0,0,0,0,0,0,1,4860000.0,-16.40343,29.437940000000005,0.0,0.0,0.0,NA,0.0,0.0
SCHOOL_3407,0,0,0,0,0,0,0,0,0,0,1,12000000.0,-16.376099999999997,29.42471,0.0,0.0,0.0,NA,0.0,0.0
SCHOOL_3408,0,0,0,0,0,0,0,0,0,0,1,5340000.0,-16.35117,29.473820000000003,0.0,0.0,0.0,NA,0.0,0.0
SCHOOL_3409,0,0,0,0,0,0,0,0,0,0,1,2412000.0,-16.36622,29.58883,0.0,0.0,0.0,NA,0.0,0.0
SCHOOL_3410,0,0,0,0,0,0,0,0,0,0,1,11016000.0,-16.361120000000007,29.49937,0.0,0.0,0.0,NA,0.0,0.0
SCHOOL_3411,0,0,0,0,0,0,0,0,0,0,1,1992000.0,-16.338770000000004,29.661880000000004,0.0,0.0,0.0,NA,0.0,0.0
SCHOOL_3412,0,0,0,0,0,0,0,0,0,0,1,1656000.0,-16.33596,29.491349999999997,0.0,0.0,0.0,NA,0.0,0.0
SCHOOL_3413,0,0,0,0,0,0,0,0,0,0,1,10836000.0,-16.32572,29.66258,0.0,0.0,0.0,NA,0.0,0.0
SCHOOL_3414,0,0,0,0,0,0,0,0,0,0,1,6204000.0,-20.177090000000003,28.71151,0.0,0.0,0.0,NA,0.0,0.0
SCHOOL_3415,0,0,0,0,0,0,0,0,0,0,1,2400000.0,-20.16816,28.713800000000003,0.0,0.0,0.0,NA,0.0,0.0
SCHOOL_3416,0,0,0,0,0,0,0,0,0,0,1,12000000.0,-20.166610000000002,28.683150000000005,0.0,0.0,0.0,NA,0.0,0.0
SCHOOL_3417,0,0,0,0,0,0,0,0,0,0,1,12000000.0,-20.18299,28.4933,0.0,0.0,0.0,NA,0.0,0.0
SCHOOL_3418,0,0,0,0,0,0,0,0,0,0,1,3336000.0,-20.16033,28.42053,0.0,0.0,0.0,NA,0.0,0.0
SCHOOL_3419,0,0,0,0,0,0,0,0,0,0,1,1116000.0,-20.155069999999995,28.36531,0.0,0.0,0.0,NA,0.0,0.0
SCHOOL_3420,0,0,0,0,0,0,0,0,0,0,1,2664000.0,-20.23101999999999,28.8112,0.0,0.0,0.0,NA,0.0,0.0
SCHOOL_3421,0,0,0,0,0,0,0,0,0,0,1,10404000.0,-20.191959999999998,28.791610000000002,0.0,0.0,0.0,NA,0.0,0.0
SCHOOL_3422,0,0,0,0,0,0,0,0,0,0,1,9384000.0,-20.146719999999988,28.80777,0.0,0.0,0.0,NA,0.0,0.0
SCHOOL_3423,0,0,0,0,0,0,0,0,0,0,1,6612000.0,-20.129099999999998,28.776199999999996,0.0,0.0,0.0,NA,0.0,0.0
SCHOOL_3424,0,0,0,0,0,0,0,0,0,0,1,2160000.0,-20.048559999999995,28.740250000000003,0.0,0.0,0.0,NA,0.0,0.0
SCHOOL_3425,0,0,0,0,0,0,0,0,0,0,2,14964000.0,-20.031550000000003,28.84449,0.0,0.0,0.0,NA,0.0,0.0
SCHOOL_3426,0,0,0,0,0,0,0,0,0,0,1,8076000.0,-20.536399999999997,29.569809999999997,0.0,0.0,0.0,NA,0.0,0.0
SCHOOL_3427,0,0,0,0,0,0,0,0,0,0,1,1332000.0,-20.53622,29.631670000000003,0.0,0.0,0.0,NA,0.0,0.0
SCHOOL_3428,0,0,0,0,0,0,0,0,0,0,1,1176000.0,-20.46871,29.653319999999997,0.0,0.0,0.0,NA,0.0,0.0
SCHOOL_3429,0,0,0,0,0,0,0,0,0,0,1,1716000.0,-20.464229999999997,29.66051,0.0,0.0,0.0,NA,0.0,0.0
SCHOOL_3430,0,0,0,0,0,0,0,0,0,0,1,4932000.0,-20.46365,29.638900000000003,0.0,0.0,0.0,NA,0.0,0.0
SCHOOL_3431,0,0,0,0,0,0,0,0,0,0,1,5052000.0,-20.463500000000003,29.48362,0.0,0.0,0.0,NA,0.0,0.0
SCHOOL_3432,0,0,0,0,0,0,0,0,0,0,1,4272000.0,-20.42489,29.539919999999995,0.0,0.0,0.0,NA,0.0,0.0
SCHOOL_3433,0,0,0,0,0,0,0,0,0,0,1,1728000.0,-20.405609999999996,29.60109,0.0,0.0,0.0,NA,0.0,0.0
SCHOOL_3434,0,0,0,0,0,0,0,0,0,0,1,816000.0,-20.369379999999996,29.64481,0.0,0.0,0.0,NA,0.0,0.0
SCHOOL_3435,0,0,0,0,0,0,0,0,0,0,1,2640000.0,-20.33564000000001,29.626250000000002,0.0,0.0,0.0,NA,0.0,0.0
SCHOOL_3436,0,0,0,0,0,0,0,0,0,0,1,10032000.0,-20.49051,29.41384,0.0,0.0,0.0,NA,0.0,0.0
SCHOOL_3437,0,0,0,0,0,0,0,0,0,0,1,3168000.0,-20.485970000000002,29.42937,0.0,0.0,0.0,NA,0.0,0.0
SCHOOL_3438,0,0,0,0,0,0,0,0,0,0,1,1428000.0,-20.46519,29.35453,0.0,0.0,0.0,NA,0.0,0.0
SCHOOL_3439,0,0,0,0,0,0,0,0,0,0,1,3228000.0,-20.46487,29.351959999999995,0.0,0.0,0.0,NA,0.0,0.0
SCHOOL_3440,0,0,0,0,0,0,0,0,0,0,1,3300000.0,-20.36851,29.37075,0.0,0.0,0.0,NA,0.0,0.0
SCHOOL_3441,0,0,0,0,0,0,0,0,0,0,1,3348000.0,-20.330170000000003,29.3333,0.0,0.0,0.0,NA,0.0,0.0
SCHOOL_3442,0,0,0,0,0,0,0,0,0,0,1,4692000.0,-20.32704,29.43657,0.0,0.0,0.0,NA,0.0,0.0
SCHOOL_3443,0,0,0,0,0,0,0,0,0,0,1,1080000.0,-20.150170000000003,29.398590000000002,0.0,0.0,0.0,NA,0.0,0.0
SCHOOL_3444,0,0,0,0,0,0,0,0,0,0,1,2424000.0,-20.088300000000004,29.45753,0.0,0.0,0.0,NA,0.0,0.0
SCHOOL_3445,0,0,0,0,0,0,0,0,0,0,1,3828000.0,-20.051609999999997,29.38497,0.0,0.0,0.0,NA,0.0,0.0
SCHOOL_3446,0,0,0,0,0,0,0,0,0,0,1,5148000.0,-20.47321,29.197450000000003,0.0,0.0,0.0,NA,0.0,0.0
SCHOOL_3447,0,0,0,0,0,0,0,0,0,0,1,2160000.0,-20.453909999999997,29.1348,0.0,0.0,0.0,NA,0.0,0.0
SCHOOL_3448,0,0,0,0,0,0,0,0,0,0,1,1920000.0,-20.294419999999995,29.174629999999997,0.0,0.0,0.0,NA,0.0,0.0
SCHOOL_3449,0,0,0,0,0,0,0,0,0,0,1,3120000.0,-20.21393000000001,29.11405,0.0,0.0,0.0,NA,0.0,0.0
SCHOOL_3450,0,0,0,0,0,0,0,0,0,0,1,3684000.0,-20.20207999999999,29.215520000000005,0.0,0.0,0.0,NA,0.0,0.0
SCHOOL_3451,0,0,0,0,0,0,0,0,0,0,1,6732000.0,-20.155319999999996,29.10901,0.0,0.0,0.0,NA,0.0,0.0
SCHOOL_3452,0,0,0,0,0,0,0,0,0,0,1,3192000.0,-20.13606,29.17904,0.0,0.0,0.0,NA,0.0,0.0
SCHOOL_3453,0,0,0,0,0,0,0,0,0,0,1,6864000.0,-20.097119999999997,29.197260000000004,0.0,0.0,0.0,NA,0.0,0.0
SCHOOL_3454,0,0,0,0,0,0,0,0,0,0,1,840000.0,-20.070000000000004,29.223940000000002,0.0,0.0,0.0,NA,0.0,0.0
SCHOOL_3455,0,0,0,0,0,0,0,0,0,0,1,1008000.0,-20.014060000000004,29.263690000000004,0.0,0.0,0.0,NA,0.0,0.0
SCHOOL_3456,0,0,0,0,0,0,0,0,0,0,1,4944000.0,-20.289150000000006,28.941739999999996,0.0,0.0,0.0,NA,0.0,0.0
SCHOOL_3457,0,0,0,0,0,0,0,0,0,0,1,3180000.0,-20.248279999999998,29.04557,0.0,0.0,0.0,NA,0.0,0.0
SCHOOL_3458,0,0,0,0,0,0,0,0,0,0,1,3540000.0,-20.231660000000005,29.09302,0.0,0.0,0.0,NA,0.0,0.0
SCHOOL_3459,0,0,0,0,0,0,0,0,0,0,1,1128000.0,-20.214030000000005,28.97145,0.0,0.0,0.0,NA,0.0,0.0
SCHOOL_3460,0,0,0,0,0,0,0,0,0,0,1,4272000.0,-20.20833,28.931920000000005,0.0,0.0,0.0,NA,0.0,0.0
SCHOOL_3461,0,0,0,0,0,0,0,0,0,0,1,4884000.0,-20.201019999999996,28.96793,0.0,0.0,0.0,NA,0.0,0.0
SCHOOL_3462,0,0,0,0,0,0,0,0,0,0,1,1740000.0,-20.16278,29.00247,0.0,0.0,0.0,NA,0.0,0.0
SCHOOL_3463,0,0,0,0,0,0,0,0,0,0,1,1800000.0,-20.119799999999998,28.930940000000003,0.0,0.0,0.0,NA,0.0,0.0
SCHOOL_3464,0,0,0,0,0,0,0,0,0,0,1,1812000.0,-20.096730000000004,29.019080000000002,0.0,0.0,0.0,NA,0.0,0.0
SCHOOL_3465,0,0,0,0,0,0,0,0,0,0,1,1644000.0,-20.034269999999992,28.94295,0.0,0.0,0.0,NA,0.0,0.0
SCHOOL_3466,0,0,0,0,0,0,0,0,0,0,1,6252000.0,-20.30823,29.586619999999996,0.0,0.0,0.0,NA,0.0,0.0
SCHOOL_3467,0,0,0,0,0,0,0,0,0,0,1,840000.0,-20.167009999999998,29.504620000000003,0.0,0.0,0.0,NA,0.0,0.0
SCHOOL_3468,0,0,0,0,0,0,0,0,0,0,1,1176000.0,-20.149300000000004,29.486070000000005,0.0,0.0,0.0,NA,0.0,0.0
SCHOOL_3469,0,0,0,0,0,0,0,0,0,0,1,1344000.0,-20.14014999999999,29.48746,0.0,0.0,0.0,NA,0.0,0.0
SCHOOL_3470,0,0,0,0,0,0,0,0,0,0,1,4692000.0,-20.125849999999996,29.589499999999997,0.0,0.0,0.0,NA,0.0,0.0
SCHOOL_3471,0,0,0,0,0,0,0,0,0,0,1,4836000.0,-19.97866,29.567260000000005,0.0,0.0,0.0,NA,0.0,0.0
SCHOOL_3472,0,0,0,0,0,0,0,0,0,0,1,1128000.0,-19.835539999999995,29.553180000000005,0.0,0.0,0.0,NA,0.0,0.0
SCHOOL_3473,0,0,0,0,0,0,0,0,0,0,2,1812000.0,-19.822225000001048,29.61968000003228,0.0,0.0,0.0,NA,0.0,0.0
SCHOOL_3474,0,0,0,0,0,0,0,0,0,0,1,2676000.0,-19.72601,29.498700000000003,0.0,0.0,0.0,NA,0.0,0.0
SCHOOL_3475,0,0,0,0,0,0,0,0,0,0,1,1140000.0,-19.940429999999996,29.442849999999996,0.0,0.0,0.0,NA,0.0,0.0
SCHOOL_3476,0,0,0,0,0,0,0,0,0,0,1,2964000.0,-19.780549999999998,29.348760000000002,0.0,0.0,0.0,NA,0.0,0.0
SCHOOL_3477,0,0,0,0,0,0,0,0,0,0,1,1896000.0,-19.668139999999994,29.319080000000003,0.0,0.0,0.0,NA,0.0,0.0
SCHOOL_3478,0,0,0,0,0,0,0,0,0,0,1,5424000.0,-19.61113,29.4474,0.0,0.0,0.0,NA,0.0,0.0
SCHOOL_3479,0,0,0,0,0,0,0,0,0,0,1,1548000.0,-19.610049999999998,29.44499,0.0,0.0,0.0,NA,0.0,0.0
SCHOOL_3480,0,0,0,0,0,0,0,0,0,0,1,1524000.0,-19.551019999999994,29.33342,0.0,0.0,0.0,NA,0.0,0.0
SCHOOL_3481,0,0,0,0,0,0,0,0,0,0,1,840000.0,-19.50648,29.42314,0.0,0.0,0.0,NA,0.0,0.0
SCHOOL_3482,0,0,0,0,0,0,0,0,0,0,1,2652000.0,-19.40164,29.47214,0.0,0.0,0.0,NA,0.0,0.0
SCHOOL_3483,0,0,0,0,0,0,0,0,0,0,1,2316000.0,-19.399039999999996,29.475409999999997,0.0,0.0,0.0,NA,0.0,0.0
SCHOOL_3484,0,0,0,0,0,0,0,0,0,0,1,4296000.0,-19.373189999999997,29.42258,0.0,0.0,0.0,NA,0.0,0.0
SCHOOL_3485,0,0,0,0,0,0,0,0,0,0,1,6600000.0,-19.87249,29.118770000000005,0.0,0.0,0.0,NA,0.0,0.0
SCHOOL_3486,0,0,0,0,0,0,0,0,0,0,1,5160000.0,-19.773369999999996,29.144420000000004,0.0,0.0,0.0,NA,0.0,0.0
SCHOOL_3487,0,0,0,0,0,0,0,0,0,0,1,3012000.0,-19.761319999999998,29.2199,0.0,0.0,0.0,NA,0.0,0.0
SCHOOL_3488,0,0,0,0,0,0,0,0,0,0,1,7596000.0,-19.7255,29.17334,0.0,0.0,0.0,NA,0.0,0.0
SCHOOL_3489,0,0,0,0,0,0,0,0,0,0,1,4224000.0,-19.428040000000003,29.28246,0.0,0.0,0.0,NA,0.0,0.0
SCHOOL_3490,0,0,0,0,0,0,0,0,0,0,1,4008000.0,-19.366030000000002,29.136040000000005,0.0,0.0,0.0,NA,0.0,0.0
SCHOOL_3491,0,0,0,0,0,0,0,0,0,0,1,5172000.0,-19.35441,29.207280000000004,0.0,0.0,0.0,NA,0.0,0.0
SCHOOL_3492,0,0,0,0,0,0,0,0,0,0,1,5064000.0,-19.264099999999992,29.269890000000004,0.0,0.0,0.0,NA,0.0,0.0
SCHOOL_3493,0,0,0,0,0,0,0,0,0,0,1,8100000.0,-19.253620000000005,29.27416,0.0,0.0,0.0,NA,0.0,0.0
SCHOOL_3494,0,0,0,0,0,0,0,0,0,0,1,6036000.0,-19.245120000000004,29.23887,0.0,0.0,0.0,NA,0.0,0.0
SCHOOL_3495,0,0,0,0,0,0,0,0,0,0,1,3012000.0,-19.62742,28.96664,0.0,0.0,0.0,NA,0.0,0.0
SCHOOL_3496,0,0,0,0,0,0,0,0,0,0,1,684000.0,-19.597789999999996,29.08061,0.0,0.0,0.0,NA,0.0,0.0
SCHOOL_3497,0,0,0,0,0,0,0,0,0,0,1,1596000.0,-19.51099,29.02231,0.0,0.0,0.0,NA,0.0,0.0
SCHOOL_3498,0,0,0,0,0,0,0,0,0,0,1,6264000.0,-19.43407,28.950260000000004,0.0,0.0,0.0,NA,0.0,0.0
SCHOOL_3499,0,0,0,0,0,0,0,0,0,0,1,2868000.0,-19.317380000000004,28.95502,0.0,0.0,0.0,NA,0.0,0.0
SCHOOL_3500,0,0,0,0,0,0,0,0,0,0,1,2328000.0,-19.31542,29.011169999999996,0.0,0.0,0.0,NA,0.0,0.0
SCHOOL_3501,0,0,0,0,0,0,0,0,0,0,1,4836000.0,-19.265069999999994,28.93883,0.0,0.0,0.0,NA,0.0,0.0
SCHOOL_3502,0,0,0,0,0,0,0,0,0,0,1,8520000.0,-19.199330000000003,28.95477,0.0,0.0,0.0,NA,0.0,0.0
SCHOOL_3503,0,0,0,0,0,0,0,0,0,0,1,4764000.0,-19.194270000000003,28.957710000000002,0.0,0.0,0.0,NA,0.0,0.0
SCHOOL_3504,0,0,0,0,0,0,0,0,0,0,1,5460000.0,-19.139729999999997,28.97924,0.0,0.0,0.0,NA,0.0,0.0
SCHOOL_3505,0,0,0,0,0,0,0,0,0,0,2,13080000.0,-19.34098500309362,29.442369998727507,0.0,0.0,0.0,NA,0.0,0.0
SCHOOL_3506,0,0,0,0,0,0,0,0,0,0,1,3924000.0,-19.32023999999999,29.381560000000004,0.0,0.0,0.0,NA,0.0,0.0
SCHOOL_3507,0,0,0,0,0,0,0,0,0,0,1,7512000.0,-19.29266,29.431960000000004,0.0,0.0,0.0,NA,0.0,0.0
SCHOOL_3508,0,0,0,0,0,0,0,0,0,0,1,5256000.0,-19.289659999999998,29.32231,0.0,0.0,0.0,NA,0.0,0.0
SCHOOL_3509,0,0,0,0,0,0,0,0,0,0,1,7896000.0,-19.28716,29.435659999999995,0.0,0.0,0.0,NA,0.0,0.0
SCHOOL_3510,0,0,0,0,0,0,0,0,0,0,1,4764000.0,-19.28133,29.3783,0.0,0.0,0.0,NA,0.0,0.0
SCHOOL_3511,0,0,0,0,0,0,0,0,0,0,1,6516000.0,-19.28005,29.3729,0.0,0.0,0.0,NA,0.0,0.0
SCHOOL_3512,0,0,0,0,0,0,0,0,0,0,2,9732000.0,-19.271250001145436,29.474895002488125,0.0,0.0,0.0,NA,0.0,0.0
SCHOOL_3513,0,0,0,0,0,0,0,0,0,0,1,7944000.0,-19.355529999999995,29.578429999999997,0.0,0.0,0.0,NA,0.0,0.0
SCHOOL_3514,0,0,0,0,0,0,0,0,0,0,1,3048000.0,-19.348220000000005,29.53595,0.0,0.0,0.0,NA,0.0,0.0
SCHOOL_3515,0,0,0,0,0,0,0,0,0,0,1,6924000.0,-19.316839999999992,29.500039999999995,0.0,0.0,0.0,NA,0.0,0.0
SCHOOL_3516,0,0,0,0,0,0,0,0,0,0,1,1764000.0,-19.27587,29.609960000000004,0.0,0.0,0.0,NA,0.0,0.0
SCHOOL_3517,0,0,0,0,0,0,0,0,0,0,2,14424000.0,-19.199050000425146,29.65025999945326,0.0,0.0,0.0,NA,0.0,0.0
SCHOOL_3518,0,0,0,0,0,0,0,0,0,0,1,1476000.0,-19.136900000000004,29.553440000000002,0.0,0.0,0.0,NA,0.0,0.0
SCHOOL_3519,0,0,0,0,0,0,0,0,0,0,1,1488000.0,-19.13361,29.638,0.0,0.0,0.0,NA,0.0,0.0
SCHOOL_3520,0,0,0,0,0,0,0,0,0,0,1,3012000.0,-19.060789999999997,29.53379,0.0,0.0,0.0,NA,0.0,0.0
SCHOOL_3521,0,0,0,0,0,0,0,0,0,0,1,2136000.0,-19.043979999999994,29.64124,0.0,0.0,0.0,NA,0.0,0.0
SCHOOL_3522,0,0,0,0,0,0,0,0,0,0,1,4500000.0,-20.119479999999996,28.683600000000002,0.0,0.0,0.0,NA,0.0,0.0
SCHOOL_3523,0,0,0,0,0,0,0,0,0,0,1,5976000.0,-20.084570000000003,28.57791,0.0,0.0,0.0,NA,0.0,0.0
SCHOOL_3524,0,0,0,0,0,0,0,0,0,0,1,7728000.0,-20.10659999999999,28.47163,0.0,0.0,0.0,NA,0.0,0.0
SCHOOL_3525,0,0,0,0,0,0,0,0,0,0,1,12000000.0,-20.102580000000007,28.32306,0.0,0.0,0.0,NA,0.0,0.0
SCHOOL_3526,0,0,0,0,0,0,0,0,0,0,1,2040000.0,-20.096550000000004,28.45034,0.0,0.0,0.0,NA,0.0,0.0
SCHOOL_3527,0,0,0,0,0,0,0,0,0,0,1,3144000.0,-20.06539,28.38481,0.0,0.0,0.0,NA,0.0,0.0
SCHOOL_3528,0,0,0,0,0,0,0,0,0,0,1,2700000.0,-20.006369999999993,28.47713,0.0,0.0,0.0,NA,0.0,0.0
SCHOOL_3529,0,0,0,0,0,0,0,0,0,0,1,2892000.0,-20.002749999999992,28.475110000000004,0.0,0.0,0.0,NA,0.0,0.0
SCHOOL_3530,0,0,0,0,0,0,0,0,0,0,1,1848000.0,-19.9732,28.34394,0.0,0.0,0.0,NA,0.0,0.0
SCHOOL_3531,0,0,0,0,0,0,0,0,0,0,1,3684000.0,-20.027269999999998,28.88493,0.0,0.0,0.0,NA,0.0,0.0
SCHOOL_3532,0,0,0,0,0,0,0,0,0,0,1,5304000.0,-20.011120000000002,28.82199,0.0,0.0,0.0,NA,0.0,0.0
SCHOOL_3533,0,0,0,0,0,0,0,0,0,0,1,12000000.0,-20.00843,28.8223,0.0,0.0,0.0,NA,0.0,0.0
SCHOOL_3534,0,0,0,0,0,0,0,0,0,0,2,8604000.0,-19.985445001792144,28.862549997677718,0.0,0.0,0.0,NA,0.0,0.0
SCHOOL_3535,0,0,0,0,0,0,0,0,0,0,1,5160000.0,-19.971650000000004,28.82379,0.0,0.0,0.0,NA,0.0,0.0
SCHOOL_3536,0,0,0,0,0,0,0,0,0,0,2,11940000.0,-19.939785000193538,28.8546149995691,0.0,0.0,0.0,NA,0.0,0.0
SCHOOL_3537,0,0,0,0,0,0,0,0,0,0,1,2712000.0,-19.938489999999994,28.83907,0.0,0.0,0.0,NA,0.0,0.0
SCHOOL_3538,0,0,0,0,0,0,0,0,0,0,1,1140000.0,-19.916060000000005,28.882039999999996,0.0,0.0,0.0,NA,0.0,0.0
SCHOOL_3539,0,0,0,0,0,0,0,0,0,0,1,3792000.0,-20.080789999999997,28.652829999999998,0.0,0.0,0.0,NA,0.0,0.0
SCHOOL_3540,0,0,0,0,0,0,0,0,0,0,1,2868000.0,-20.057029999999997,28.56163,0.0,0.0,0.0,NA,0.0,0.0
SCHOOL_3541,0,0,0,0,0,0,0,0,0,0,1,1392000.0,-20.01175,28.62747,0.0,0.0,0.0,NA,0.0,0.0
SCHOOL_3542,0,0,0,0,0,0,0,0,0,0,1,1380000.0,-19.938880000000008,28.690410000000004,0.0,0.0,0.0,NA,0.0,0.0
SCHOOL_3543,0,0,0,0,0,0,0,0,0,0,1,3888000.0,-19.90515,28.55431,0.0,0.0,0.0,NA,0.0,0.0
SCHOOL_3544,0,0,0,0,0,0,0,0,0,0,1,1404000.0,-19.865870000000008,28.650350000000003,0.0,0.0,0.0,NA,0.0,0.0
SCHOOL_3545,0,0,0,0,0,0,0,0,0,0,1,2748000.0,-19.85898,28.65232,0.0,0.0,0.0,NA,0.0,0.0
SCHOOL_3546,0,0,0,0,0,0,0,0,0,0,1,3900000.0,-20.003609999999995,29.05879,0.0,0.0,0.0,NA,0.0,0.0
SCHOOL_3547,0,0,0,0,0,0,0,0,0,0,2,15972000.0,-19.994750000462606,28.917889999393484,0.0,0.0,0.0,NA,0.0,0.0
SCHOOL_3548,0,0,0,0,0,0,0,0,0,0,1,2052000.0,-19.936939999999996,28.99782,0.0,0.0,0.0,NA,0.0,0.0
SCHOOL_3549,0,0,0,0,0,0,0,0,0,0,1,2496000.0,-19.893089999999994,28.96004,0.0,0.0,0.0,NA,0.0,0.0
SCHOOL_3550,0,0,0,0,0,0,0,0,0,0,1,2028000.0,-19.86298,28.99702,0.0,0.0,0.0,NA,0.0,0.0
SCHOOL_3551,0,0,0,0,0,0,0,0,0,0,1,6348000.0,-19.859970000000004,28.998290000000004,0.0,0.0,0.0,NA,0.0,0.0
SCHOOL_3552,0,0,0,0,0,0,0,0,0,0,1,5724000.0,-19.801810000000007,28.954470000000004,0.0,0.0,0.0,NA,0.0,0.0
SCHOOL_3553,0,0,0,0,0,0,0,0,0,0,1,3516000.0,-19.797730000000005,28.96297,0.0,0.0,0.0,NA,0.0,0.0
SCHOOL_3554,0,0,0,0,0,0,0,0,0,0,1,948000.0,-19.679099999999995,28.91471,0.0,0.0,0.0,NA,0.0,0.0
SCHOOL_3555,0,0,0,0,0,0,0,0,0,0,1,2520000.0,-19.899399999999993,28.80359,0.0,0.0,0.0,NA,0.0,0.0
SCHOOL_3556,0,0,0,0,0,0,0,0,0,0,1,876000.0,-19.892090000000003,28.89781,0.0,0.0,0.0,NA,0.0,0.0
SCHOOL_3557,0,0,0,0,0,0,0,0,0,0,2,4596000.0,-19.84054000005884,28.828080000060968,0.0,0.0,0.0,NA,0.0,0.0
SCHOOL_3558,0,0,0,0,0,0,0,0,0,0,1,4176000.0,-19.80111000000001,28.74052,0.0,0.0,0.0,NA,0.0,0.0
SCHOOL_3559,0,0,0,0,0,0,0,0,0,0,1,6096000.0,-19.708049999999997,28.79141,0.0,0.0,0.0,NA,0.0,0.0
SCHOOL_3560,0,0,0,0,0,0,0,0,0,0,1,7920000.0,-19.66953,28.87451,0.0,0.0,0.0,NA,0.0,0.0
SCHOOL_3561,0,0,0,0,0,0,0,0,0,0,1,3108000.0,-19.839889999999993,28.50238,0.0,0.0,0.0,NA,0.0,0.0
SCHOOL_3562,0,0,0,0,0,0,0,0,0,0,1,720000.0,-19.81218,28.60171,0.0,0.0,0.0,NA,0.0,0.0
SCHOOL_3563,0,0,0,0,0,0,0,0,0,0,1,1656000.0,-19.745340000000002,28.54923,0.0,0.0,0.0,NA,0.0,0.0
SCHOOL_3564,0,0,0,0,0,0,0,0,0,0,1,1140000.0,-19.631629999999987,28.51618,0.0,0.0,0.0,NA,0.0,0.0
SCHOOL_3565,0,0,0,0,0,0,0,0,0,0,1,1788000.0,-19.563779999999998,28.62592,0.0,0.0,0.0,NA,0.0,0.0
SCHOOL_3566,0,0,0,0,0,0,0,0,0,0,1,1596000.0,-19.536649999999995,28.6934,0.0,0.0,0.0,NA,0.0,0.0
SCHOOL_3567,0,0,0,0,0,0,0,0,0,0,1,1692000.0,-19.536220000000004,28.5266,0.0,0.0,0.0,NA,0.0,0.0
SCHOOL_3568,0,0,0,0,0,0,0,0,0,0,1,3180000.0,-19.51755,28.56243,0.0,0.0,0.0,NA,0.0,0.0
SCHOOL_3569,0,0,0,0,0,0,0,0,0,0,1,3540000.0,-19.470990000000008,28.6296,0.0,0.0,0.0,NA,0.0,0.0
SCHOOL_3570,0,0,0,0,0,0,0,0,0,0,1,2664000.0,-19.450079999999996,28.51605,0.0,0.0,0.0,NA,0.0,0.0
SCHOOL_3571,0,0,0,0,0,0,0,0,0,0,1,2952000.0,-19.497319999999995,28.32748,0.0,0.0,0.0,NA,0.0,0.0
SCHOOL_3572,0,0,0,0,0,0,0,0,0,0,1,4452000.0,-19.473270000000003,28.42078,0.0,0.0,0.0,NA,0.0,0.0
SCHOOL_3573,0,0,0,0,0,0,0,0,0,0,1,1824000.0,-19.42959,28.4656,0.0,0.0,0.0,NA,0.0,0.0
SCHOOL_3574,0,0,0,0,0,0,0,0,0,0,1,6696000.0,-19.426940000000002,28.46492,0.0,0.0,0.0,NA,0.0,0.0
SCHOOL_3575,0,0,0,0,0,0,0,0,0,0,1,2508000.0,-19.415779999999994,28.3925,0.0,0.0,0.0,NA,0.0,0.0
SCHOOL_3576,0,0,0,0,0,0,0,0,0,0,1,6792000.0,-19.392250000000004,28.48729,0.0,0.0,0.0,NA,0.0,0.0
SCHOOL_3577,0,0,0,0,0,0,0,0,0,0,1,6540000.0,-19.39214,28.32109,0.0,0.0,0.0,NA,0.0,0.0
SCHOOL_3578,0,0,0,0,0,0,0,0,0,0,1,9780000.0,-19.36808999999999,28.39629,0.0,0.0,0.0,NA,0.0,0.0
SCHOOL_3579,0,0,0,0,0,0,0,0,0,0,1,6768000.0,-19.353360000000002,28.40663,0.0,0.0,0.0,NA,0.0,0.0
SCHOOL_3580,0,0,0,0,0,0,0,0,0,0,1,3828000.0,-19.31779,28.47386,0.0,0.0,0.0,NA,0.0,0.0
SCHOOL_3581,0,0,0,0,0,0,0,0,0,0,2,6696000.0,-19.581235000172615,28.78444999899257,0.0,0.0,0.0,NA,0.0,0.0
SCHOOL_3582,0,0,0,0,0,0,0,0,0,0,1,2640000.0,-19.55452,28.86969,0.0,0.0,0.0,NA,0.0,0.0
SCHOOL_3583,0,0,0,0,0,0,0,0,0,0,2,5352000.0,-19.476765001139782,28.749354999762712,0.0,0.0,0.0,NA,0.0,0.0
SCHOOL_3584,0,0,0,0,0,0,0,0,0,0,1,3936000.0,-19.23515,28.75658,0.0,0.0,0.0,NA,0.0,0.0
SCHOOL_3585,0,0,0,0,0,0,0,0,0,0,1,5484000.0,-19.211560000000002,28.83787,0.0,0.0,0.0,NA,0.0,0.0
SCHOOL_3586,0,0,0,0,0,0,0,0,0,0,1,3900000.0,-19.159840000000003,28.82216,0.0,0.0,0.0,NA,0.0,0.0
SCHOOL_3587,0,0,0,0,0,0,0,0,0,0,1,3804000.0,-19.155469999999998,28.79997,0.0,0.0,0.0,NA,0.0,0.0
SCHOOL_3588,0,0,0,0,0,0,0,0,0,0,1,1632000.0,-19.132079999999995,28.736650000000004,0.0,0.0,0.0,NA,0.0,0.0
SCHOOL_3589,0,0,0,0,0,0,0,0,0,0,1,3840000.0,-19.392139999999998,28.628760000000003,0.0,0.0,0.0,NA,0.0,0.0
SCHOOL_3590,0,0,0,0,0,0,0,0,0,0,1,3408000.0,-19.374349999999996,28.51935,0.0,0.0,0.0,NA,0.0,0.0
SCHOOL_3591,0,0,0,0,0,0,0,0,0,0,1,2592000.0,-19.35255,28.60566,0.0,0.0,0.0,NA,0.0,0.0
SCHOOL_3592,0,0,0,0,0,0,0,0,0,0,1,3792000.0,-19.335490000000004,28.54215,0.0,0.0,0.0,NA,0.0,0.0
SCHOOL_3593,0,0,0,0,0,0,0,0,0,0,2,6768000.0,-19.272849999999995,28.65226,0.0,0.0,0.0,NA,0.0,0.0
SCHOOL_3594,0,0,0,0,0,0,0,0,0,0,1,1728000.0,-19.255529999999993,28.58657,0.0,0.0,0.0,NA,0.0,0.0
SCHOOL_3595,0,0,0,0,0,0,0,0,0,0,1,1524000.0,-19.22137,28.705799999999996,0.0,0.0,0.0,NA,0.0,0.0
SCHOOL_3596,0,0,0,0,0,0,0,0,0,0,1,960000.0,-19.20867999999999,28.54176,0.0,0.0,0.0,NA,0.0,0.0
SCHOOL_3597,0,0,0,0,0,0,0,0,0,0,1,2280000.0,-19.129240000000006,28.661200000000004,0.0,0.0,0.0,NA,0.0,0.0
SCHOOL_3598,0,0,0,0,0,0,0,0,0,0,1,9936000.0,-19.31082,28.40217,0.0,0.0,0.0,NA,0.0,0.0
SCHOOL_3599,0,0,0,0,0,0,0,0,0,0,1,8640000.0,-19.290349999999997,28.489580000000004,0.0,0.0,0.0,NA,0.0,0.0
SCHOOL_3600,0,0,0,0,0,0,0,0,0,0,1,5772000.0,-19.269359999999995,28.44714,0.0,0.0,0.0,NA,0.0,0.0
SCHOOL_3601,0,0,0,0,0,0,0,0,0,0,1,2760000.0,-19.26745,28.4831,0.0,0.0,0.0,NA,0.0,0.0
SCHOOL_3602,0,0,0,0,0,0,0,0,0,0,1,1620000.0,-19.2596,28.41651,0.0,0.0,0.0,NA,0.0,0.0
SCHOOL_3603,0,0,0,0,0,0,0,0,0,0,1,2616000.0,-19.066840000000003,28.47092,0.0,0.0,0.0,NA,0.0,0.0
SCHOOL_3604,0,0,0,0,0,0,0,0,0,0,1,3612000.0,-19.050769999999993,28.41401,0.0,0.0,0.0,NA,0.0,0.0
SCHOOL_3605,0,0,0,0,0,0,0,0,0,0,1,4932000.0,-19.0017,28.48292,0.0,0.0,0.0,NA,0.0,0.0
SCHOOL_3606,0,0,0,0,0,0,0,0,0,0,1,5796000.0,-18.98641,28.48367,0.0,0.0,0.0,NA,0.0,0.0
SCHOOL_3607,0,0,0,0,0,0,0,0,0,0,1,2292000.0,-18.98016,28.45785,0.0,0.0,0.0,NA,0.0,0.0
SCHOOL_3608,0,0,0,0,0,0,0,0,0,0,1,4476000.0,-19.100529999999992,28.81517,0.0,0.0,0.0,NA,0.0,0.0
SCHOOL_3609,0,0,0,0,0,0,0,0,0,0,1,9696000.0,-19.086829999999992,28.7648,0.0,0.0,0.0,NA,0.0,0.0
SCHOOL_3610,0,0,0,0,0,0,0,0,0,0,1,5832000.0,-19.086049999999997,28.809039999999996,0.0,0.0,0.0,NA,0.0,0.0
SCHOOL_3611,0,0,0,0,0,0,0,0,0,0,1,7116000.0,-19.06743,28.77377,0.0,0.0,0.0,NA,0.0,0.0
SCHOOL_3612,0,0,0,0,0,0,0,0,0,0,1,2892000.0,-19.021289999999993,28.85088,0.0,0.0,0.0,NA,0.0,0.0
SCHOOL_3613,0,0,0,0,0,0,0,0,0,0,1,12000000.0,-19.01885,28.89364,0.0,0.0,0.0,NA,0.0,0.0
SCHOOL_3614,0,0,0,0,0,0,0,0,0,0,1,3480000.0,-19.00883,28.7829,0.0,0.0,0.0,NA,0.0,0.0
SCHOOL_3615,0,0,0,0,0,0,0,0,0,0,1,10488000.0,-18.994830000000004,28.89976,0.0,0.0,0.0,NA,0.0,0.0
SCHOOL_3616,0,0,0,0,0,0,0,0,0,0,1,7872000.0,-18.980999999999998,28.856940000000005,0.0,0.0,0.0,NA,0.0,0.0
SCHOOL_3617,0,0,0,0,0,0,0,0,0,0,1,2460000.0,-19.086920000000006,28.53445,0.0,0.0,0.0,NA,0.0,0.0
SCHOOL_3618,0,0,0,0,0,0,0,0,0,0,1,4488000.0,-19.083710000000004,28.711030000000004,0.0,0.0,0.0,NA,0.0,0.0
SCHOOL_3619,0,0,0,0,0,0,0,0,0,0,1,8556000.0,-19.043100000000003,28.59211,0.0,0.0,0.0,NA,0.0,0.0
SCHOOL_3620,0,0,0,0,0,0,0,0,0,0,2,6324000.0,-19.04254,28.61525,0.0,0.0,0.0,NA,0.0,0.0
SCHOOL_3621,0,0,0,0,0,0,0,0,0,0,1,7152000.0,-19.034480000000002,28.53758,0.0,0.0,0.0,NA,0.0,0.0
SCHOOL_3622,0,0,0,0,0,0,0,0,0,0,1,5988000.0,-18.97054999999999,28.666479999999996,0.0,0.0,0.0,NA,0.0,0.0
SCHOOL_3623,0,0,0,0,0,0,0,0,0,0,1,5268000.0,-18.941929999999996,28.58759,0.0,0.0,0.0,NA,0.0,0.0
SCHOOL_3624,0,0,0,0,0,0,0,0,0,0,1,8220000.0,-18.891829999999995,28.56091,0.0,0.0,0.0,NA,0.0,0.0
SCHOOL_3625,0,0,0,0,0,0,0,0,0,0,1,2856000.0,-18.887960000000003,28.69493,0.0,0.0,0.0,NA,0.0,0.0
SCHOOL_3626,0,0,0,0,0,0,0,0,0,0,1,6072000.0,-18.972580000000004,28.893230000000003,0.0,0.0,0.0,NA,0.0,0.0
SCHOOL_3627,0,0,0,0,0,0,0,0,0,0,1,8652000.0,-18.965580000000003,28.85334,0.0,0.0,0.0,NA,0.0,0.0
SCHOOL_3628,0,0,0,0,0,0,0,0,0,0,1,4488000.0,-18.9415,28.73245,0.0,0.0,0.0,NA,0.0,0.0
SCHOOL_3629,0,0,0,0,0,0,0,0,0,0,1,6156000.0,-18.940480000000008,28.72929,0.0,0.0,0.0,NA,0.0,0.0
SCHOOL_3630,0,0,0,0,0,0,0,0,0,0,1,2448000.0,-18.93787,28.894250000000003,0.0,0.0,0.0,NA,0.0,0.0
SCHOOL_3631,0,0,0,0,0,0,0,0,0,0,1,4992000.0,-18.88115,28.74108,0.0,0.0,0.0,NA,0.0,0.0
SCHOOL_3632,0,0,0,0,0,0,0,0,0,0,1,5304000.0,-18.878260000000008,28.87355,0.0,0.0,0.0,NA,0.0,0.0
SCHOOL_3633,0,0,0,0,0,0,0,0,0,0,1,2940000.0,-18.85575,28.826990000000002,0.0,0.0,0.0,NA,0.0,0.0
SCHOOL_3634,0,0,0,0,0,0,0,0,0,0,1,6456000.0,-18.8463,28.820050000000002,0.0,0.0,0.0,NA,0.0,0.0
SCHOOL_3635,0,0,0,0,0,0,0,0,0,0,1,4524000.0,-18.78347,28.904829999999997,0.0,0.0,0.0,NA,0.0,0.0
SCHOOL_3636,0,0,0,0,0,0,0,0,0,0,1,4632000.0,-18.97648999999999,28.37047,0.0,0.0,0.0,NA,0.0,0.0
SCHOOL_3637,0,0,0,0,0,0,0,0,0,0,1,8712000.0,-18.94026,28.4402,0.0,0.0,0.0,NA,0.0,0.0
SCHOOL_3638,0,0,0,0,0,0,0,0,0,0,1,3612000.0,-18.92097,28.34864,0.0,0.0,0.0,NA,0.0,0.0
SCHOOL_3639,0,0,0,0,0,0,0,0,0,0,2,10368000.0,-18.87665500018357,28.4446950014634,0.0,0.0,0.0,NA,0.0,0.0
SCHOOL_3640,0,0,0,0,0,0,0,0,0,0,1,4656000.0,-18.83629,28.35518,0.0,0.0,0.0,NA,0.0,0.0
SCHOOL_3641,0,0,0,0,0,0,0,0,0,0,1,3180000.0,-18.811360000000004,28.41838,0.0,0.0,0.0,NA,0.0,0.0
SCHOOL_3642,0,0,0,0,0,0,0,0,0,0,1,6108000.0,-18.786969999999997,28.37784,0.0,0.0,0.0,NA,0.0,0.0
SCHOOL_3643,0,0,0,0,0,0,0,0,0,0,1,3024000.0,-18.78095,28.48249,0.0,0.0,0.0,NA,0.0,0.0
SCHOOL_3644,0,0,0,0,0,0,0,0,0,0,1,4632000.0,-18.779230000000002,28.40914,0.0,0.0,0.0,NA,0.0,0.0
SCHOOL_3645,0,0,0,0,0,0,0,0,0,0,1,3960000.0,-18.883360000000007,28.640870000000003,0.0,0.0,0.0,NA,0.0,0.0
SCHOOL_3646,0,0,0,0,0,0,0,0,0,0,1,3252000.0,-18.882269999999995,28.65632,0.0,0.0,0.0,NA,0.0,0.0
SCHOOL_3647,0,0,0,0,0,0,0,0,0,0,1,4356000.0,-18.864520000000002,28.59431,0.0,0.0,0.0,NA,0.0,0.0
SCHOOL_3648,0,0,0,0,0,0,0,0,0,0,1,5160000.0,-18.817629999999998,28.68767,0.0,0.0,0.0,NA,0.0,0.0
SCHOOL_3649,0,0,0,0,0,0,0,0,0,0,1,2076000.0,-18.7881,28.57829,0.0,0.0,0.0,NA,0.0,0.0
SCHOOL_3650,0,0,0,0,0,0,0,0,0,0,1,5340000.0,-18.787339999999997,28.660030000000003,0.0,0.0,0.0,NA,0.0,0.0
SCHOOL_3651,0,0,0,0,0,0,0,0,0,0,1,4032000.0,-18.78353,28.58519,0.0,0.0,0.0,NA,0.0,0.0
SCHOOL_3652,0,0,0,0,0,0,0,0,0,0,1,2676000.0,-18.78314,28.52955,0.0,0.0,0.0,NA,0.0,0.0
SCHOOL_3653,0,0,0,0,0,0,0,0,0,0,1,3960000.0,-18.779749999999993,28.71809,0.0,0.0,0.0,NA,0.0,0.0
SCHOOL_3654,0,0,0,0,0,0,0,0,0,0,1,2604000.0,-18.77279,28.668610000000005,0.0,0.0,0.0,NA,0.0,0.0
SCHOOL_3655,0,0,0,0,0,0,0,0,0,0,1,2640000.0,-18.75136,28.67431,0.0,0.0,0.0,NA,0.0,0.0
SCHOOL_3656,0,0,0,0,0,0,0,0,0,0,1,1920000.0,-18.734070000000003,28.55218,0.0,0.0,0.0,NA,0.0,0.0
SCHOOL_3657,0,0,0,0,0,0,0,0,0,0,1,6468000.0,-18.730119999999996,28.582880000000003,0.0,0.0,0.0,NA,0.0,0.0
SCHOOL_3658,0,0,0,0,0,0,0,0,0,0,1,3576000.0,-18.72476,28.722140000000003,0.0,0.0,0.0,NA,0.0,0.0
SCHOOL_3659,0,0,0,0,0,0,0,0,0,0,1,2352000.0,-18.711819999999996,28.66622,0.0,0.0,0.0,NA,0.0,0.0
SCHOOL_3660,0,0,0,0,0,0,0,0,0,0,1,4428000.0,-18.70904000000001,28.6304,0.0,0.0,0.0,NA,0.0,0.0
SCHOOL_3661,0,0,0,0,0,0,0,0,0,0,1,6132000.0,-18.677740000000007,28.560870000000005,0.0,0.0,0.0,NA,0.0,0.0
SCHOOL_3662,0,0,0,0,0,0,0,0,0,0,1,4356000.0,-18.66495,28.60969,0.0,0.0,0.0,NA,0.0,0.0
SCHOOL_3663,0,0,0,0,0,0,0,0,0,0,1,2532000.0,-18.65267,28.656149999999997,0.0,0.0,0.0,NA,0.0,0.0
SCHOOL_3664,0,0,0,0,0,0,0,0,0,0,1,7392000.0,-18.65152,28.71063,0.0,0.0,0.0,NA,0.0,0.0
SCHOOL_3665,0,0,0,0,0,0,0,0,0,0,1,2820000.0,-18.764510000000005,28.738329999999998,0.0,0.0,0.0,NA,0.0,0.0
SCHOOL_3666,0,0,0,0,0,0,0,0,0,0,1,3984000.0,-18.75162,28.845960000000005,0.0,0.0,0.0,NA,0.0,0.0
SCHOOL_3667,0,0,0,0,0,0,0,0,0,0,1,5448000.0,-18.751449999999995,28.73512,0.0,0.0,0.0,NA,0.0,0.0
SCHOOL_3668,0,0,0,0,0,0,0,0,0,0,1,4188000.0,-18.73657,28.89989,0.0,0.0,0.0,NA,0.0,0.0
SCHOOL_3669,0,0,0,0,0,0,0,0,0,0,1,3516000.0,-18.735439999999997,28.78729,0.0,0.0,0.0,NA,0.0,0.0
SCHOOL_3670,0,0,0,0,0,0,0,0,0,0,1,1464000.0,-18.707889999999992,28.88996,0.0,0.0,0.0,NA,0.0,0.0
SCHOOL_3671,0,0,0,0,0,0,0,0,0,0,1,3696000.0,-18.659699999999994,28.77066,0.0,0.0,0.0,NA,0.0,0.0
SCHOOL_3672,0,0,0,0,0,0,0,0,0,0,1,6492000.0,-18.65417,28.77028,0.0,0.0,0.0,NA,0.0,0.0
SCHOOL_3673,0,0,0,0,0,0,0,0,0,0,1,7440000.0,-18.64337,28.866840000000003,0.0,0.0,0.0,NA,0.0,0.0
SCHOOL_3674,0,0,0,0,0,0,0,0,0,0,1,1560000.0,-18.632789999999993,28.854750000000003,0.0,0.0,0.0,NA,0.0,0.0
SCHOOL_3675,0,0,0,0,0,0,0,0,0,0,1,5088000.0,-20.014449999999997,28.303070000000005,0.0,0.0,0.0,NA,0.0,0.0
SCHOOL_3676,0,0,0,0,0,0,0,0,0,0,1,5976000.0,-19.86154,28.2635,0.0,0.0,0.0,NA,0.0,0.0
SCHOOL_3677,0,0,0,0,0,0,0,0,0,0,1,4200000.0,-19.851519999999994,28.27525,0.0,0.0,0.0,NA,0.0,0.0
SCHOOL_3678,0,0,0,0,0,0,0,0,0,0,1,3564000.0,-19.81328,28.23584,0.0,0.0,0.0,NA,0.0,0.0
SCHOOL_3679,0,0,0,0,0,0,0,0,0,0,1,1500000.0,-19.679849999999995,28.21818,0.0,0.0,0.0,NA,0.0,0.0
SCHOOL_3680,0,0,0,0,0,0,0,0,0,0,1,1200000.0,-19.61193,28.22,0.0,0.0,0.0,NA,0.0,0.0
SCHOOL_3681,0,0,0,0,0,0,0,0,0,0,1,4836000.0,-19.49799,28.26959,0.0,0.0,0.0,NA,0.0,0.0
SCHOOL_3682,0,0,0,0,0,0,0,0,0,0,1,5316000.0,-19.46087,28.19984,0.0,0.0,0.0,NA,0.0,0.0
SCHOOL_3683,0,0,0,0,0,0,0,0,0,0,1,2496000.0,-19.36938,28.22676,0.0,0.0,0.0,NA,0.0,0.0
SCHOOL_3684,0,0,0,0,0,0,0,0,0,0,1,1356000.0,-19.294809999999995,28.24535,0.0,0.0,0.0,NA,0.0,0.0
SCHOOL_3685,0,0,0,0,0,0,0,0,0,0,1,3336000.0,-19.662039999999998,28.07197,0.0,0.0,0.0,NA,0.0,0.0
SCHOOL_3686,0,0,0,0,0,0,0,0,0,0,1,2712000.0,-19.659049999999997,28.07236,0.0,0.0,0.0,NA,0.0,0.0
SCHOOL_3687,0,0,0,0,0,0,0,0,0,0,1,1836000.0,-19.585610000000003,28.0468,0.0,0.0,0.0,NA,0.0,0.0
SCHOOL_3688,0,0,0,0,0,0,0,0,0,0,1,1944000.0,-19.436489999999996,28.12154,0.0,0.0,0.0,NA,0.0,0.0
SCHOOL_3689,0,0,0,0,0,0,0,0,0,0,1,5460000.0,-19.430169999999997,28.10146,0.0,0.0,0.0,NA,0.0,0.0
SCHOOL_3690,0,0,0,0,0,0,0,0,0,0,2,6468000.0,-19.29970500086111,28.127735000999003,0.0,0.0,0.0,NA,0.0,0.0
SCHOOL_3691,0,0,0,0,0,0,0,0,0,0,1,3060000.0,-19.247180000000004,28.11241,0.0,0.0,0.0,NA,0.0,0.0
SCHOOL_3692,0,0,0,0,0,0,0,0,0,0,1,3588000.0,-19.22701,28.06368,0.0,0.0,0.0,NA,0.0,0.0
SCHOOL_3693,0,0,0,0,0,0,0,0,0,0,1,3540000.0,-19.222069999999995,28.1819,0.0,0.0,0.0,NA,0.0,0.0
SCHOOL_3694,0,0,0,0,0,0,0,0,0,0,1,3900000.0,-19.170569999999987,28.11489,0.0,0.0,0.0,NA,0.0,0.0
SCHOOL_3695,0,0,0,0,0,0,0,0,0,0,1,6660000.0,-19.14347,28.17603,0.0,0.0,0.0,NA,0.0,0.0
SCHOOL_3696,0,0,0,0,0,0,0,0,0,0,1,3792000.0,-19.13207999999999,28.09051,0.0,0.0,0.0,NA,0.0,0.0
SCHOOL_3697,0,0,0,0,0,0,0,0,0,0,1,5640000.0,-19.108430000000002,28.15095,0.0,0.0,0.0,NA,0.0,0.0
SCHOOL_3698,0,0,0,0,0,0,0,0,0,0,1,2856000.0,-19.0159,28.18047,0.0,0.0,0.0,NA,0.0,0.0
SCHOOL_3699,0,0,0,0,0,0,0,0,0,0,1,3480000.0,-19.0125,28.10331,0.0,0.0,0.0,NA,0.0,0.0
SCHOOL_3700,0,0,0,0,0,0,0,0,0,0,1,4452000.0,-19.007460000000002,28.11313,0.0,0.0,0.0,NA,0.0,0.0
SCHOOL_3701,0,0,0,0,0,0,0,0,0,0,1,7056000.0,-18.99855,28.04708,0.0,0.0,0.0,NA,0.0,0.0
SCHOOL_3702,0,0,0,0,0,0,0,0,0,0,1,2796000.0,-18.961230000000004,28.17223,0.0,0.0,0.0,NA,0.0,0.0
SCHOOL_3703,0,0,0,0,0,0,0,0,0,0,2,5064000.0,-18.946640003048515,28.106204998219543,0.0,0.0,0.0,NA,0.0,0.0
SCHOOL_3704,0,0,0,0,0,0,0,0,0,0,1,3456000.0,-19.185799999999997,27.96686,0.0,0.0,0.0,NA,0.0,0.0
SCHOOL_3705,0,0,0,0,0,0,0,0,0,0,1,2316000.0,-19.152099999999994,27.89971,0.0,0.0,0.0,NA,0.0,0.0
SCHOOL_3706,0,0,0,0,0,0,0,0,0,0,1,11004000.0,-19.088259999999995,27.9497,0.0,0.0,0.0,NA,0.0,0.0
SCHOOL_3707,0,0,0,0,0,0,0,0,0,0,1,5004000.0,-19.082599999999996,27.945,0.0,0.0,0.0,NA,0.0,0.0
SCHOOL_3708,0,0,0,0,0,0,0,0,0,0,1,4104000.0,-19.058780000000002,27.91574,0.0,0.0,0.0,NA,0.0,0.0
SCHOOL_3709,0,0,0,0,0,0,0,0,0,0,1,4788000.0,-18.998069999999995,27.9424,0.0,0.0,0.0,NA,0.0,0.0
SCHOOL_3710,0,0,0,0,0,0,0,0,0,0,1,4992000.0,-18.93955,28.03878,0.0,0.0,0.0,NA,0.0,0.0
SCHOOL_3711,0,0,0,0,0,0,0,0,0,0,1,3396000.0,-18.93012999999999,27.94824,0.0,0.0,0.0,NA,0.0,0.0
SCHOOL_3712,0,0,0,0,0,0,0,0,0,0,1,5052000.0,-18.828249999999997,28.016870000000004,0.0,0.0,0.0,NA,0.0,0.0
SCHOOL_3713,0,0,0,0,0,0,0,0,0,0,1,3912000.0,-18.82305,27.91709,0.0,0.0,0.0,NA,0.0,0.0
SCHOOL_3714,0,0,0,0,0,0,0,0,0,0,1,3036000.0,-19.282519999999998,28.21981,0.0,0.0,0.0,NA,0.0,0.0
SCHOOL_3715,0,0,0,0,0,0,0,0,0,0,1,3636000.0,-19.03576,28.293170000000003,0.0,0.0,0.0,NA,0.0,0.0
SCHOOL_3716,0,0,0,0,0,0,0,0,0,0,1,5556000.0,-19.02283,28.21974,0.0,0.0,0.0,NA,0.0,0.0
SCHOOL_3717,0,0,0,0,0,0,0,0,0,0,1,3036000.0,-18.981529999999996,28.301620000000003,0.0,0.0,0.0,NA,0.0,0.0
SCHOOL_3718,0,0,0,0,0,0,0,0,0,0,1,2808000.0,-18.974400000000003,28.233750000000004,0.0,0.0,0.0,NA,0.0,0.0
SCHOOL_3719,0,0,0,0,0,0,0,0,0,0,1,3696000.0,-18.89897,28.24748,0.0,0.0,0.0,NA,0.0,0.0
SCHOOL_3720,0,0,0,0,0,0,0,0,0,0,1,4260000.0,-18.81313,28.23398,0.0,0.0,0.0,NA,0.0,0.0
SCHOOL_3721,0,0,0,0,0,0,0,0,0,0,1,4920000.0,-18.79029,28.29502,0.0,0.0,0.0,NA,0.0,0.0
SCHOOL_3722,0,0,0,0,0,0,0,0,0,0,1,4416000.0,-18.727860000000003,28.19908,0.0,0.0,0.0,NA,0.0,0.0
SCHOOL_3723,0,0,0,0,0,0,0,0,0,0,1,5388000.0,-18.72368,28.2122,0.0,0.0,0.0,NA,0.0,0.0
SCHOOL_3724,0,0,0,0,0,0,0,0,0,0,1,4200000.0,-18.94544,28.11858,0.0,0.0,0.0,NA,0.0,0.0
SCHOOL_3725,0,0,0,0,0,0,0,0,0,0,1,6312000.0,-18.849909999999998,28.17402,0.0,0.0,0.0,NA,0.0,0.0
SCHOOL_3726,0,0,0,0,0,0,0,0,0,0,1,10884000.0,-18.838170000000005,28.0917,0.0,0.0,0.0,NA,0.0,0.0
SCHOOL_3727,0,0,0,0,0,0,0,0,0,0,1,6156000.0,-18.837179999999993,28.121780000000005,0.0,0.0,0.0,NA,0.0,0.0
SCHOOL_3728,0,0,0,0,0,0,0,0,0,0,1,2484000.0,-18.79995,28.049580000000002,0.0,0.0,0.0,NA,0.0,0.0
SCHOOL_3729,0,0,0,0,0,0,0,0,0,0,1,2628000.0,-18.784900000000007,28.08895,0.0,0.0,0.0,NA,0.0,0.0
SCHOOL_3730,0,0,0,0,0,0,0,0,0,0,1,4356000.0,-18.77124,28.08087,0.0,0.0,0.0,NA,0.0,0.0
SCHOOL_3731,0,0,0,0,0,0,0,0,0,0,1,2976000.0,-18.75853,28.14892,0.0,0.0,0.0,NA,0.0,0.0
SCHOOL_3732,0,0,0,0,0,0,0,0,0,0,1,2544000.0,-18.71707,28.15266,0.0,0.0,0.0,NA,0.0,0.0
SCHOOL_3733,0,0,0,0,0,0,0,0,0,0,1,4872000.0,-18.70751,28.11361,0.0,0.0,0.0,NA,0.0,0.0
SCHOOL_3734,0,0,0,0,0,0,0,0,0,0,1,3000000.0,-18.699589999999997,28.149530000000002,0.0,0.0,0.0,NA,0.0,0.0
SCHOOL_3735,0,0,0,0,0,0,0,0,0,0,1,3816000.0,-18.591419999999996,28.08558,0.0,0.0,0.0,NA,0.0,0.0
SCHOOL_3736,0,0,0,0,0,0,0,0,0,0,1,5172000.0,-18.57169,28.12323,0.0,0.0,0.0,NA,0.0,0.0
SCHOOL_3737,0,0,0,0,0,0,0,0,0,0,1,5364000.0,-18.564659999999996,28.06296,0.0,0.0,0.0,NA,0.0,0.0
SCHOOL_3738,0,0,0,0,0,0,0,0,0,0,1,3588000.0,-18.554719999999996,28.05851,0.0,0.0,0.0,NA,0.0,0.0
SCHOOL_3739,0,0,0,0,0,0,0,0,0,0,1,5724000.0,-18.51696,28.1182,0.0,0.0,0.0,NA,0.0,0.0
SCHOOL_3740,0,0,0,0,0,0,0,0,0,0,1,3996000.0,-18.51533999999999,28.05671,0.0,0.0,0.0,NA,0.0,0.0
SCHOOL_3741,0,0,0,0,0,0,0,0,0,0,1,4380000.0,-18.493250000000003,28.049600000000005,0.0,0.0,0.0,NA,0.0,0.0
SCHOOL_3742,0,0,0,0,0,0,0,0,0,0,1,11244000.0,-18.491270000000004,28.06111,0.0,0.0,0.0,NA,0.0,0.0
SCHOOL_3743,0,0,0,0,0,0,0,0,0,0,1,5064000.0,-18.81018999999999,27.97663,0.0,0.0,0.0,NA,0.0,0.0
SCHOOL_3744,0,0,0,0,0,0,0,0,0,0,1,8496000.0,-18.77814,27.8955,0.0,0.0,0.0,NA,0.0,0.0
SCHOOL_3745,0,0,0,0,0,0,0,0,0,0,1,3612000.0,-18.769709999999996,27.89473,0.0,0.0,0.0,NA,0.0,0.0
SCHOOL_3746,0,0,0,0,0,0,0,0,0,0,1,5352000.0,-18.70495,28.03985,0.0,0.0,0.0,NA,0.0,0.0
SCHOOL_3747,0,0,0,0,0,0,0,0,0,0,1,4200000.0,-18.63437,27.89261,0.0,0.0,0.0,NA,0.0,0.0
SCHOOL_3748,0,0,0,0,0,0,0,0,0,0,1,2028000.0,-18.58492,27.92829,0.0,0.0,0.0,NA,0.0,0.0
SCHOOL_3749,0,0,0,0,0,0,0,0,0,0,1,2784000.0,-18.564829999999994,27.963150000000002,0.0,0.0,0.0,NA,0.0,0.0
SCHOOL_3750,0,0,0,0,0,0,0,0,0,0,1,3708000.0,-18.537929999999996,27.95287,0.0,0.0,0.0,NA,0.0,0.0
SCHOOL_3751,0,0,0,0,0,0,0,0,0,0,1,2412000.0,-18.47243,27.89754,0.0,0.0,0.0,NA,0.0,0.0
SCHOOL_3752,0,0,0,0,0,0,0,0,0,0,1,4488000.0,-18.357579999999995,27.90902,0.0,0.0,0.0,NA,0.0,0.0
SCHOOL_3753,0,0,0,0,0,0,0,0,0,0,1,3312000.0,-18.662569999999995,28.2445,0.0,0.0,0.0,NA,0.0,0.0
SCHOOL_3754,0,0,0,0,0,0,0,0,0,0,1,2256000.0,-18.590099999999996,28.26204,0.0,0.0,0.0,NA,0.0,0.0
SCHOOL_3755,0,0,0,0,0,0,0,0,0,0,1,7428000.0,-18.582249999999995,28.268930000000005,0.0,0.0,0.0,NA,0.0,0.0
SCHOOL_3756,0,0,0,0,0,0,0,0,0,0,1,5544000.0,-18.551199999999998,28.29955,0.0,0.0,0.0,NA,0.0,0.0
SCHOOL_3757,0,0,0,0,0,0,0,0,0,0,1,1956000.0,-18.548849999999998,28.30291,0.0,0.0,0.0,NA,0.0,0.0
SCHOOL_3758,0,0,0,0,0,0,0,0,0,0,3,23904000.0,-18.535933333464083,28.222953333253333,0.0,0.0,0.0,NA,0.0,0.0
SCHOOL_3759,0,0,0,0,0,0,0,0,0,0,1,5988000.0,-18.48218,28.23413,0.0,0.0,0.0,NA,0.0,0.0
SCHOOL_3760,0,0,0,0,0,0,0,0,0,0,1,3720000.0,-18.447429999999994,28.29743,0.0,0.0,0.0,NA,0.0,0.0
SCHOOL_3761,0,0,0,0,0,0,0,0,0,0,1,1668000.0,-18.355590000000003,27.98289,0.0,0.0,0.0,NA,0.0,0.0
SCHOOL_3762,0,0,0,0,0,0,0,0,0,0,1,4632000.0,-18.31469,27.98025,0.0,0.0,0.0,NA,0.0,0.0
SCHOOL_3763,0,0,0,0,0,0,0,0,0,0,1,4608000.0,-18.296270000000003,27.962500000000002,0.0,0.0,0.0,NA,0.0,0.0
SCHOOL_3764,0,0,0,0,0,0,0,0,0,0,1,5760000.0,-18.274180000000005,27.93006,0.0,0.0,0.0,NA,0.0,0.0
SCHOOL_3765,0,0,0,0,0,0,0,0,0,0,1,4308000.0,-18.26619,27.89026,0.0,0.0,0.0,NA,0.0,0.0
SCHOOL_3766,0,0,0,0,0,0,0,0,0,0,1,2832000.0,-18.241850000000003,27.91544,0.0,0.0,0.0,NA,0.0,0.0
SCHOOL_3767,0,0,0,0,0,0,0,0,0,0,1,4968000.0,-18.207750000000008,27.95542,0.0,0.0,0.0,NA,0.0,0.0
SCHOOL_3768,0,0,0,0,0,0,0,0,0,0,1,4668000.0,-18.171129999999994,28.02946,0.0,0.0,0.0,NA,0.0,0.0
SCHOOL_3769,0,0,0,0,0,0,0,0,0,0,1,3444000.0,-18.169359999999998,27.94217,0.0,0.0,0.0,NA,0.0,0.0
SCHOOL_3770,0,0,0,0,0,0,0,0,0,0,1,5076000.0,-18.110279999999996,27.94713,0.0,0.0,0.0,NA,0.0,0.0
SCHOOL_3771,0,0,0,0,0,0,0,0,0,0,1,4008000.0,-19.257599999999996,29.40313,0.0,0.0,0.0,NA,0.0,0.0
SCHOOL_3772,0,0,0,0,0,0,0,0,0,0,1,9024000.0,-19.23275,29.36098,0.0,0.0,0.0,NA,0.0,0.0
SCHOOL_3773,0,0,0,0,0,0,0,0,0,0,1,5316000.0,-19.216270000000005,29.356640000000002,0.0,0.0,0.0,NA,0.0,0.0
SCHOOL_3774,0,0,0,0,0,0,0,0,0,0,1,4536000.0,-19.215849999999996,29.430620000000005,0.0,0.0,0.0,NA,0.0,0.0
SCHOOL_3775,0,0,0,0,0,0,0,0,0,0,1,3840000.0,-19.208989999999996,29.465419999999998,0.0,0.0,0.0,NA,0.0,0.0
SCHOOL_3776,0,0,0,0,0,0,0,0,0,0,1,9780000.0,-19.202059999999996,29.32666,0.0,0.0,0.0,NA,0.0,0.0
SCHOOL_3777,0,0,0,0,0,0,0,0,0,0,2,11400000.0,-19.16408500000132,29.403315000003747,0.0,0.0,0.0,NA,0.0,0.0
SCHOOL_3778,0,0,0,0,0,0,0,0,0,0,1,2916000.0,-19.083239999999996,29.34222,0.0,0.0,0.0,NA,0.0,0.0
SCHOOL_3779,0,0,0,0,0,0,0,0,0,0,1,12000000.0,-19.05848,29.33115,0.0,0.0,0.0,NA,0.0,0.0
SCHOOL_3780,0,0,0,0,0,0,0,0,0,0,1,3312000.0,-19.18031,29.145260000000004,0.0,0.0,0.0,NA,0.0,0.0
SCHOOL_3781,0,0,0,0,0,0,0,0,0,0,1,11448000.0,-19.17961,29.15684,0.0,0.0,0.0,NA,0.0,0.0
SCHOOL_3782,0,0,0,0,0,0,0,0,0,0,1,4908000.0,-19.17731,29.234540000000003,0.0,0.0,0.0,NA,0.0,0.0
SCHOOL_3783,0,0,0,0,0,0,0,0,0,0,1,2400000.0,-19.16986,29.297409999999996,0.0,0.0,0.0,NA,0.0,0.0
SCHOOL_3784,0,0,0,0,0,0,0,0,0,0,1,3756000.0,-19.142549999999986,29.198510000000002,0.0,0.0,0.0,NA,0.0,0.0
SCHOOL_3785,0,0,0,0,0,0,0,0,0,0,1,7164000.0,-19.140029999999996,29.195000000000004,0.0,0.0,0.0,NA,0.0,0.0
SCHOOL_3786,0,0,0,0,0,0,0,0,0,0,1,840000.0,-19.089949999999995,29.27518,0.0,0.0,0.0,NA,0.0,0.0
SCHOOL_3787,0,0,0,0,0,0,0,0,0,0,1,1068000.0,-19.086639999999992,29.255900000000004,0.0,0.0,0.0,NA,0.0,0.0
SCHOOL_3788,0,0,0,0,0,0,0,0,0,0,1,5520000.0,-19.065009999999997,29.15231,0.0,0.0,0.0,NA,0.0,0.0
SCHOOL_3789,0,0,0,0,0,0,0,0,0,0,1,2652000.0,-19.06231,29.243590000000005,0.0,0.0,0.0,NA,0.0,0.0
SCHOOL_3790,0,0,0,0,0,0,0,0,0,0,1,3060000.0,-19.099829999999997,28.98127,0.0,0.0,0.0,NA,0.0,0.0
SCHOOL_3791,0,0,0,0,0,0,0,0,0,0,1,1788000.0,-19.07792,29.073469999999997,0.0,0.0,0.0,NA,0.0,0.0
SCHOOL_3792,0,0,0,0,0,0,0,0,0,0,1,3276000.0,-19.076779999999992,28.989179999999998,0.0,0.0,0.0,NA,0.0,0.0
SCHOOL_3793,0,0,0,0,0,0,0,0,0,0,1,3612000.0,-19.070619999999998,28.982450000000004,0.0,0.0,0.0,NA,0.0,0.0
SCHOOL_3794,0,0,0,0,0,0,0,0,0,0,1,4740000.0,-19.068440000000002,29.07548,0.0,0.0,0.0,NA,0.0,0.0
SCHOOL_3795,0,0,0,0,0,0,0,0,0,0,1,5232000.0,-19.001700000000003,29.068750000000005,0.0,0.0,0.0,NA,0.0,0.0
SCHOOL_3796,0,0,0,0,0,0,0,0,0,0,1,3780000.0,-18.960130000000003,29.031780000000005,0.0,0.0,0.0,NA,0.0,0.0
SCHOOL_3797,0,0,0,0,0,0,0,0,0,0,1,2880000.0,-18.953770000000002,29.083239999999996,0.0,0.0,0.0,NA,0.0,0.0
SCHOOL_3798,0,0,0,0,0,0,0,0,0,0,1,5376000.0,-18.926750000000002,29.07032,0.0,0.0,0.0,NA,0.0,0.0
SCHOOL_3799,0,0,0,0,0,0,0,0,0,0,1,2232000.0,-18.92063,28.936210000000003,0.0,0.0,0.0,NA,0.0,0.0
SCHOOL_3800,0,0,0,0,0,0,0,0,0,0,1,5280000.0,-19.040050000000004,29.18792,0.0,0.0,0.0,NA,0.0,0.0
SCHOOL_3801,0,0,0,0,0,0,0,0,0,0,1,8052000.0,-19.014260000000004,29.130210000000005,0.0,0.0,0.0,NA,0.0,0.0
SCHOOL_3802,0,0,0,0,0,0,0,0,0,0,1,8916000.0,-19.010819999999995,29.135740000000002,0.0,0.0,0.0,NA,0.0,0.0
SCHOOL_3803,0,0,0,0,0,0,0,0,0,0,1,8988000.0,-18.981429999999996,29.28433,0.0,0.0,0.0,NA,0.0,0.0
SCHOOL_3804,0,0,0,0,0,0,0,0,0,0,1,3924000.0,-18.97899,29.25065,0.0,0.0,0.0,NA,0.0,0.0
SCHOOL_3805,0,0,0,0,0,0,0,0,0,0,1,5220000.0,-18.970889999999994,29.14195,0.0,0.0,0.0,NA,0.0,0.0
SCHOOL_3806,0,0,0,0,0,0,0,0,0,0,1,6852000.0,-18.970569999999995,29.17992,0.0,0.0,0.0,NA,0.0,0.0
SCHOOL_3807,0,0,0,0,0,0,0,0,0,0,1,9468000.0,-18.958359999999992,29.26344,0.0,0.0,0.0,NA,0.0,0.0
SCHOOL_3808,0,0,0,0,0,0,0,0,0,0,1,3828000.0,-18.953689999999995,29.159529999999997,0.0,0.0,0.0,NA,0.0,0.0
SCHOOL_3809,0,0,0,0,0,0,0,0,0,0,1,6228000.0,-18.953480000000003,29.12428,0.0,0.0,0.0,NA,0.0,0.0
SCHOOL_3810,0,0,0,0,0,0,0,0,0,0,1,9780000.0,-18.999740000000003,29.3039,0.0,0.0,0.0,NA,0.0,0.0
SCHOOL_3811,0,0,0,0,0,0,0,0,0,0,1,6492000.0,-18.99296,29.37674,0.0,0.0,0.0,NA,0.0,0.0
SCHOOL_3812,0,0,0,0,0,0,0,0,0,0,1,2340000.0,-18.95544,29.35111,0.0,0.0,0.0,NA,0.0,0.0
SCHOOL_3813,0,0,0,0,0,0,0,0,0,0,1,6192000.0,-18.88954,29.39572,0.0,0.0,0.0,NA,0.0,0.0
SCHOOL_3814,0,0,0,0,0,0,0,0,0,0,1,1800000.0,-18.887659999999993,29.31499,0.0,0.0,0.0,NA,0.0,0.0
SCHOOL_3815,0,0,0,0,0,0,0,0,0,0,1,12000000.0,-18.822470000000003,29.32874,0.0,0.0,0.0,NA,0.0,0.0
SCHOOL_3816,0,0,0,0,0,0,0,0,0,0,1,6252000.0,-18.806720000000002,29.46988,0.0,0.0,0.0,NA,0.0,0.0
SCHOOL_3817,0,0,0,0,0,0,0,0,0,0,1,3672000.0,-18.778039999999994,29.379249999999995,0.0,0.0,0.0,NA,0.0,0.0
SCHOOL_3818,0,0,0,0,0,0,0,0,0,0,1,6600000.0,-18.76319999999999,29.417660000000005,0.0,0.0,0.0,NA,0.0,0.0
SCHOOL_3819,0,0,0,0,0,0,0,0,0,0,1,6036000.0,-18.744959999999995,29.425160000000005,0.0,0.0,0.0,NA,0.0,0.0
SCHOOL_3820,0,0,0,0,0,0,0,0,0,0,1,4164000.0,-18.907549999999997,29.07329,0.0,0.0,0.0,NA,0.0,0.0
SCHOOL_3821,0,0,0,0,0,0,0,0,0,0,1,8040000.0,-18.903109999999998,28.977580000000003,0.0,0.0,0.0,NA,0.0,0.0
SCHOOL_3822,0,0,0,0,0,0,0,0,0,0,1,2556000.0,-18.9002,28.969110000000004,0.0,0.0,0.0,NA,0.0,0.0
SCHOOL_3823,0,0,0,0,0,0,0,0,0,0,1,2736000.0,-18.882429999999992,28.989710000000002,0.0,0.0,0.0,NA,0.0,0.0
SCHOOL_3824,0,0,0,0,0,0,0,0,0,0,1,6756000.0,-18.85506,29.0291,0.0,0.0,0.0,NA,0.0,0.0
SCHOOL_3825,0,0,0,0,0,0,0,0,0,0,1,1908000.0,-18.842979999999997,28.959010000000003,0.0,0.0,0.0,NA,0.0,0.0
SCHOOL_3826,0,0,0,0,0,0,0,0,0,0,1,5532000.0,-18.841839999999994,29.000590000000003,0.0,0.0,0.0,NA,0.0,0.0
SCHOOL_3827,0,0,0,0,0,0,0,0,0,0,1,3156000.0,-18.81929999999999,29.049899999999997,0.0,0.0,0.0,NA,0.0,0.0
SCHOOL_3828,0,0,0,0,0,0,0,0,0,0,1,5808000.0,-18.80896,28.96765,0.0,0.0,0.0,NA,0.0,0.0
SCHOOL_3829,0,0,0,0,0,0,0,0,0,0,1,2352000.0,-18.802399999999995,28.964430000000004,0.0,0.0,0.0,NA,0.0,0.0
SCHOOL_3830,0,0,0,0,0,0,0,0,0,0,1,3348000.0,-18.937370000000005,29.193880000000004,0.0,0.0,0.0,NA,0.0,0.0
SCHOOL_3831,0,0,0,0,0,0,0,0,0,0,1,3840000.0,-18.914249999999996,29.12459,0.0,0.0,0.0,NA,0.0,0.0
SCHOOL_3832,0,0,0,0,0,0,0,0,0,0,1,3624000.0,-18.900479999999998,29.291250000000005,0.0,0.0,0.0,NA,0.0,0.0
SCHOOL_3833,0,0,0,0,0,0,0,0,0,0,1,4764000.0,-18.898329999999994,29.129880000000004,0.0,0.0,0.0,NA,0.0,0.0
SCHOOL_3834,0,0,0,0,0,0,0,0,0,0,1,5280000.0,-18.86158999999999,29.12717,0.0,0.0,0.0,NA,0.0,0.0
SCHOOL_3835,0,0,0,0,0,0,0,0,0,0,1,3444000.0,-18.83471,29.181380000000004,0.0,0.0,0.0,NA,0.0,0.0
SCHOOL_3836,0,0,0,0,0,0,0,0,0,0,1,2808000.0,-18.827629999999996,29.271660000000004,0.0,0.0,0.0,NA,0.0,0.0
SCHOOL_3837,0,0,0,0,0,0,0,0,0,0,1,11760000.0,-18.82074,29.269749999999995,0.0,0.0,0.0,NA,0.0,0.0
SCHOOL_3838,0,0,0,0,0,0,0,0,0,0,1,7992000.0,-18.753090000000004,29.283260000000002,0.0,0.0,0.0,NA,0.0,0.0
SCHOOL_3839,0,0,0,0,0,0,0,0,0,0,1,3612000.0,-18.751880000000003,29.23424,0.0,0.0,0.0,NA,0.0,0.0
SCHOOL_3840,0,0,0,0,0,0,0,0,0,0,1,1932000.0,-18.96655,29.62405,0.0,0.0,0.0,NA,0.0,0.0
SCHOOL_3841,0,0,0,0,0,0,0,0,0,0,1,840000.0,-18.84815,29.56051,0.0,0.0,0.0,NA,0.0,0.0
SCHOOL_3842,0,0,0,0,0,0,0,0,0,0,1,1428000.0,-18.82145999999999,29.605130000000003,0.0,0.0,0.0,NA,0.0,0.0
SCHOOL_3843,0,0,0,0,0,0,0,0,0,0,1,1368000.0,-18.760229999999996,29.600360000000002,0.0,0.0,0.0,NA,0.0,0.0
SCHOOL_3844,0,0,0,0,0,0,0,0,0,0,1,3360000.0,-18.69785999999999,29.544470000000004,0.0,0.0,0.0,NA,0.0,0.0
SCHOOL_3845,0,0,0,0,0,0,0,0,0,0,1,3696000.0,-18.657009999999996,29.504160000000002,0.0,0.0,0.0,NA,0.0,0.0
SCHOOL_3846,0,0,0,0,0,0,0,0,0,0,1,5616000.0,-18.647209999999998,29.49443,0.0,0.0,0.0,NA,0.0,0.0
SCHOOL_3847,0,0,0,0,0,0,0,0,0,0,1,4224000.0,-18.64138,29.60849,0.0,0.0,0.0,NA,0.0,0.0
SCHOOL_3848,0,0,0,0,0,0,0,0,0,0,1,4308000.0,-18.60072,29.492580000000004,0.0,0.0,0.0,NA,0.0,0.0
SCHOOL_3849,0,0,0,0,0,0,0,0,0,0,1,4488000.0,-18.56802999999999,29.488150000000005,0.0,0.0,0.0,NA,0.0,0.0
SCHOOL_3850,0,0,0,0,0,0,0,0,0,0,1,2340000.0,-18.772639999999992,29.072039999999998,0.0,0.0,0.0,NA,0.0,0.0
SCHOOL_3851,0,0,0,0,0,0,0,0,0,0,1,3936000.0,-18.748009999999997,28.98631,0.0,0.0,0.0,NA,0.0,0.0
SCHOOL_3852,0,0,0,0,0,0,0,0,0,0,1,7200000.0,-18.71239,29.00718,0.0,0.0,0.0,NA,0.0,0.0
SCHOOL_3853,0,0,0,0,0,0,0,0,0,0,1,6072000.0,-18.707699999999996,29.09587,0.0,0.0,0.0,NA,0.0,0.0
SCHOOL_3854,0,0,0,0,0,0,0,0,0,0,1,2880000.0,-18.704789999999996,29.088,0.0,0.0,0.0,NA,0.0,0.0
SCHOOL_3855,0,0,0,0,0,0,0,0,0,0,1,2784000.0,-18.69944999999999,29.01081,0.0,0.0,0.0,NA,0.0,0.0
SCHOOL_3856,0,0,0,0,0,0,0,0,0,0,1,7044000.0,-18.672680000000007,28.929920000000003,0.0,0.0,0.0,NA,0.0,0.0
SCHOOL_3857,0,0,0,0,0,0,0,0,0,0,1,2592000.0,-18.6703,28.95685,0.0,0.0,0.0,NA,0.0,0.0
SCHOOL_3858,0,0,0,0,0,0,0,0,0,0,1,2784000.0,-18.65678,29.09178,0.0,0.0,0.0,NA,0.0,0.0
SCHOOL_3859,0,0,0,0,0,0,0,0,0,0,1,2088000.0,-18.654619999999998,29.02805,0.0,0.0,0.0,NA,0.0,0.0
SCHOOL_3860,0,0,0,0,0,0,0,0,0,0,1,8208000.0,-18.743,29.43333,0.0,0.0,0.0,NA,0.0,0.0
SCHOOL_3861,0,0,0,0,0,0,0,0,0,0,1,5460000.0,-18.738780000000002,29.314089999999997,0.0,0.0,0.0,NA,0.0,0.0
SCHOOL_3862,0,0,0,0,0,0,0,0,0,0,1,6984000.0,-18.720099999999995,29.35274,0.0,0.0,0.0,NA,0.0,0.0
SCHOOL_3863,0,0,0,0,0,0,0,0,0,0,2,22356000.0,-18.699140000120764,29.3836300000922,0.0,0.0,0.0,NA,0.0,0.0
SCHOOL_3864,0,0,0,0,0,0,0,0,0,0,1,8808000.0,-18.699049999999996,29.36096,0.0,0.0,0.0,NA,0.0,0.0
SCHOOL_3865,0,0,0,0,0,0,0,0,0,0,1,9696000.0,-18.69634,29.445290000000004,0.0,0.0,0.0,NA,0.0,0.0
SCHOOL_3866,0,0,0,0,0,0,0,0,0,0,1,8700000.0,-18.692559999999997,29.37095,0.0,0.0,0.0,NA,0.0,0.0
SCHOOL_3867,0,0,0,0,0,0,0,0,0,0,1,4152000.0,-18.68387999999999,29.37566,0.0,0.0,0.0,NA,0.0,0.0
SCHOOL_3868,0,0,0,0,0,0,0,0,0,0,1,8520000.0,-18.68016,29.31369,0.0,0.0,0.0,NA,0.0,0.0
SCHOOL_3869,0,0,0,0,0,0,0,0,0,0,1,5604000.0,-18.75609,28.4725,0.0,0.0,0.0,NA,0.0,0.0
SCHOOL_3870,0,0,0,0,0,0,0,0,0,0,1,2460000.0,-18.724159999999998,28.35535,0.0,0.0,0.0,NA,0.0,0.0
SCHOOL_3871,0,0,0,0,0,0,0,0,0,0,1,4344000.0,-18.7037,28.40255,0.0,0.0,0.0,NA,0.0,0.0
SCHOOL_3872,0,0,0,0,0,0,0,0,0,0,1,3612000.0,-18.67944,28.44757,0.0,0.0,0.0,NA,0.0,0.0
SCHOOL_3873,0,0,0,0,0,0,0,0,0,0,1,6840000.0,-18.678719999999995,28.49246,0.0,0.0,0.0,NA,0.0,0.0
SCHOOL_3874,0,0,0,0,0,0,0,0,0,0,1,3024000.0,-18.669679999999993,28.4572,0.0,0.0,0.0,NA,0.0,0.0
SCHOOL_3875,0,0,0,0,0,0,0,0,0,0,1,1620000.0,-18.651940000000003,28.43461,0.0,0.0,0.0,NA,0.0,0.0
SCHOOL_3876,0,0,0,0,0,0,0,0,0,0,1,1524000.0,-18.571309999999993,28.44521,0.0,0.0,0.0,NA,0.0,0.0
SCHOOL_3877,0,0,0,0,0,0,0,0,0,0,1,7200000.0,-18.569230000000005,28.47421,0.0,0.0,0.0,NA,0.0,0.0
SCHOOL_3878,0,0,0,0,0,0,0,0,0,0,1,5844000.0,-18.551149999999996,28.330970000000004,0.0,0.0,0.0,NA,0.0,0.0
SCHOOL_3879,0,0,0,0,0,0,0,0,0,0,1,6396000.0,-18.64663,28.656339999999997,0.0,0.0,0.0,NA,0.0,0.0
SCHOOL_3880,0,0,0,0,0,0,0,0,0,0,1,3624000.0,-18.6167,28.71143,0.0,0.0,0.0,NA,0.0,0.0
SCHOOL_3881,0,0,0,0,0,0,0,0,0,0,1,3300000.0,-18.615450000000003,28.58112,0.0,0.0,0.0,NA,0.0,0.0
SCHOOL_3882,0,0,0,0,0,0,0,0,0,0,1,5208000.0,-18.592189999999995,28.50031,0.0,0.0,0.0,NA,0.0,0.0
SCHOOL_3883,0,0,0,0,0,0,0,0,0,0,1,5856000.0,-18.58021,28.60107,0.0,0.0,0.0,NA,0.0,0.0
SCHOOL_3884,0,0,0,0,0,0,0,0,0,0,1,7536000.0,-18.57891,28.594880000000003,0.0,0.0,0.0,NA,0.0,0.0
SCHOOL_3885,0,0,0,0,0,0,0,0,0,0,1,5076000.0,-18.567220000000002,28.710539999999998,0.0,0.0,0.0,NA,0.0,0.0
SCHOOL_3886,0,0,0,0,0,0,0,0,0,0,1,3936000.0,-18.552579999999992,28.57858,0.0,0.0,0.0,NA,0.0,0.0
SCHOOL_3887,0,0,0,0,0,0,0,0,0,0,1,11472000.0,-18.543889999999998,28.52345,0.0,0.0,0.0,NA,0.0,0.0
SCHOOL_3888,0,0,0,0,0,0,0,0,0,0,1,3732000.0,-18.540509999999994,28.63898,0.0,0.0,0.0,NA,0.0,0.0
SCHOOL_3889,0,0,0,0,0,0,0,0,0,0,1,3588000.0,-18.543379999999996,28.4106,0.0,0.0,0.0,NA,0.0,0.0
SCHOOL_3890,0,0,0,0,0,0,0,0,0,0,1,4644000.0,-18.54226,28.4813,0.0,0.0,0.0,NA,0.0,0.0
SCHOOL_3891,0,0,0,0,0,0,0,0,0,0,1,3240000.0,-18.514949999999992,28.35288,0.0,0.0,0.0,NA,0.0,0.0
SCHOOL_3892,0,0,0,0,0,0,0,0,0,0,1,12000000.0,-18.49357,28.33515,0.0,0.0,0.0,NA,0.0,0.0
SCHOOL_3893,0,0,0,0,0,0,0,0,0,0,1,11472000.0,-18.493419999999997,28.44363,0.0,0.0,0.0,NA,0.0,0.0
SCHOOL_3894,0,0,0,0,0,0,0,0,0,0,1,6780000.0,-18.46161,28.44103,0.0,0.0,0.0,NA,0.0,0.0
SCHOOL_3895,0,0,0,0,0,0,0,0,0,0,1,5808000.0,-18.457279999999994,28.368360000000003,0.0,0.0,0.0,NA,0.0,0.0
SCHOOL_3896,0,0,0,0,0,0,0,0,0,0,1,11412000.0,-18.451880000000003,28.49453,0.0,0.0,0.0,NA,0.0,0.0
SCHOOL_3897,0,0,0,0,0,0,0,0,0,0,1,3720000.0,-18.433359999999997,28.48551,0.0,0.0,0.0,NA,0.0,0.0
SCHOOL_3898,0,0,0,0,0,0,0,0,0,0,1,8628000.0,-18.413360000000008,28.47332,0.0,0.0,0.0,NA,0.0,0.0
SCHOOL_3899,0,0,0,0,0,0,0,0,0,0,1,3096000.0,-18.631280000000007,28.98318,0.0,0.0,0.0,NA,0.0,0.0
SCHOOL_3900,0,0,0,0,0,0,0,0,0,0,1,4896000.0,-18.60451,28.925760000000004,0.0,0.0,0.0,NA,0.0,0.0
SCHOOL_3901,0,0,0,0,0,0,0,0,0,0,1,7356000.0,-18.604170000000003,29.054480000000005,0.0,0.0,0.0,NA,0.0,0.0
SCHOOL_3902,0,0,0,0,0,0,0,0,0,0,1,9012000.0,-18.543210000000002,28.92338,0.0,0.0,0.0,NA,0.0,0.0
SCHOOL_3903,0,0,0,0,0,0,0,0,0,0,1,8328000.0,-18.312320000000003,28.91626,0.0,0.0,0.0,NA,0.0,0.0
SCHOOL_3904,0,0,0,0,0,0,0,0,0,0,1,3852000.0,-18.30945999999999,28.92757,0.0,0.0,0.0,NA,0.0,0.0
SCHOOL_3905,0,0,0,0,0,0,0,0,0,0,1,9864000.0,-18.292339999999996,28.97794,0.0,0.0,0.0,NA,0.0,0.0
SCHOOL_3906,0,0,0,0,0,0,0,0,0,0,1,2736000.0,-18.2742,29.003109999999996,0.0,0.0,0.0,NA,0.0,0.0
SCHOOL_3907,0,0,0,0,0,0,0,0,0,0,1,12000000.0,-18.272610000000004,29.01282,0.0,0.0,0.0,NA,0.0,0.0
SCHOOL_3908,0,0,0,0,0,0,0,0,0,0,1,12000000.0,-18.251830000000005,29.05333,0.0,0.0,0.0,NA,0.0,0.0
SCHOOL_3909,0,0,0,0,0,0,0,0,0,0,1,1656000.0,-18.568839999999998,28.72504,0.0,0.0,0.0,NA,0.0,0.0
SCHOOL_3910,0,0,0,0,0,0,0,0,0,0,1,4284000.0,-18.56565999999999,28.86241,0.0,0.0,0.0,NA,0.0,0.0
SCHOOL_3911,0,0,0,0,0,0,0,0,0,0,1,12000000.0,-18.55389,28.793009999999995,0.0,0.0,0.0,NA,0.0,0.0
SCHOOL_3912,0,0,0,0,0,0,0,0,0,0,1,4464000.0,-18.553799999999995,28.747480000000003,0.0,0.0,0.0,NA,0.0,0.0
SCHOOL_3913,0,0,0,0,0,0,0,0,0,0,1,4128000.0,-18.553219999999996,28.85774,0.0,0.0,0.0,NA,0.0,0.0
SCHOOL_3914,0,0,0,0,0,0,0,0,0,0,1,3684000.0,-18.54664,28.801400000000005,0.0,0.0,0.0,NA,0.0,0.0
SCHOOL_3915,0,0,0,0,0,0,0,0,0,0,1,5736000.0,-18.355299999999996,28.75463,0.0,0.0,0.0,NA,0.0,0.0
SCHOOL_3916,0,0,0,0,0,0,0,0,0,0,1,12000000.0,-18.353490000000004,28.87006,0.0,0.0,0.0,NA,0.0,0.0
SCHOOL_3917,0,0,0,0,0,0,0,0,0,0,1,5808000.0,-18.337790000000005,28.88456,0.0,0.0,0.0,NA,0.0,0.0
SCHOOL_3918,0,0,0,0,0,0,0,0,0,0,1,9948000.0,-18.30037,28.86769,0.0,0.0,0.0,NA,0.0,0.0
SCHOOL_3919,0,0,0,0,0,0,0,0,0,0,1,5532000.0,-18.536880000000004,28.5343,0.0,0.0,0.0,NA,0.0,0.0
SCHOOL_3920,0,0,0,0,0,0,0,0,0,0,1,3444000.0,-18.441419999999997,28.49713,0.0,0.0,0.0,NA,0.0,0.0
SCHOOL_3921,0,0,0,0,0,0,0,0,0,0,1,3780000.0,-18.416459999999997,28.52208,0.0,0.0,0.0,NA,0.0,0.0
SCHOOL_3922,0,0,0,0,0,0,0,0,0,0,1,8916000.0,-18.413029999999992,28.58105,0.0,0.0,0.0,NA,0.0,0.0
SCHOOL_3923,0,0,0,0,0,0,0,0,0,0,1,10260000.0,-18.395179999999996,28.51647,0.0,0.0,0.0,NA,0.0,0.0
SCHOOL_3924,0,0,0,0,0,0,0,0,0,0,1,10152000.0,-18.388879999999993,28.54396,0.0,0.0,0.0,NA,0.0,0.0
SCHOOL_3925,0,0,0,0,0,0,0,0,0,0,1,4776000.0,-18.373570000000004,28.61552,0.0,0.0,0.0,NA,0.0,0.0
SCHOOL_3926,0,0,0,0,0,0,0,0,0,0,1,6684000.0,-18.372300000000003,28.70818,0.0,0.0,0.0,NA,0.0,0.0
SCHOOL_3927,0,0,0,0,0,0,0,0,0,0,1,7212000.0,-18.339229999999997,28.65641,0.0,0.0,0.0,NA,0.0,0.0
SCHOOL_3928,0,0,0,0,0,0,0,0,0,0,1,3048000.0,-18.33216,28.665210000000002,0.0,0.0,0.0,NA,0.0,0.0
SCHOOL_3929,0,0,0,0,0,0,0,0,0,0,1,3564000.0,-18.403620000000004,28.36066,0.0,0.0,0.0,NA,0.0,0.0
SCHOOL_3930,0,0,0,0,0,0,0,0,0,0,1,5448000.0,-18.39955,28.39893,0.0,0.0,0.0,NA,0.0,0.0
SCHOOL_3931,0,0,0,0,0,0,0,0,0,0,1,3132000.0,-18.384529999999998,28.35475,0.0,0.0,0.0,NA,0.0,0.0
SCHOOL_3932,0,0,0,0,0,0,0,0,0,0,1,5868000.0,-18.373419999999996,28.34702,0.0,0.0,0.0,NA,0.0,0.0
SCHOOL_3933,0,0,0,0,0,0,0,0,0,0,1,3792000.0,-18.345280000000002,28.49278,0.0,0.0,0.0,NA,0.0,0.0
SCHOOL_3934,0,0,0,0,0,0,0,0,0,0,1,6180000.0,-18.307689999999997,28.39281,0.0,0.0,0.0,NA,0.0,0.0
SCHOOL_3935,0,0,0,0,0,0,0,0,0,0,1,5448000.0,-18.29653,28.34271,0.0,0.0,0.0,NA,0.0,0.0
SCHOOL_3936,0,0,0,0,0,0,0,0,0,0,1,6972000.0,-18.270429999999994,28.48961,0.0,0.0,0.0,NA,0.0,0.0
SCHOOL_3937,0,0,0,0,0,0,0,0,0,0,1,8832000.0,-18.254510000000003,28.40781,0.0,0.0,0.0,NA,0.0,0.0
SCHOOL_3938,0,0,0,0,0,0,0,0,0,0,1,6768000.0,-18.254210000000004,28.35971,0.0,0.0,0.0,NA,0.0,0.0
SCHOOL_3939,0,0,0,0,0,0,0,0,0,0,1,5016000.0,-18.330520000000007,28.54216,0.0,0.0,0.0,NA,0.0,0.0
SCHOOL_3940,0,0,0,0,0,0,0,0,0,0,1,4776000.0,-18.318670000000004,28.51573,0.0,0.0,0.0,NA,0.0,0.0
SCHOOL_3941,0,0,0,0,0,0,0,0,0,0,1,8472000.0,-18.30999,28.50363,0.0,0.0,0.0,NA,0.0,0.0
SCHOOL_3942,0,0,0,0,0,0,0,0,0,0,1,4104000.0,-18.303209999999993,28.56588,0.0,0.0,0.0,NA,0.0,0.0
SCHOOL_3943,0,0,0,0,0,0,0,0,0,0,1,5436000.0,-18.254769999999994,28.59108,0.0,0.0,0.0,NA,0.0,0.0
SCHOOL_3944,0,0,0,0,0,0,0,0,0,0,1,4140000.0,-18.253589999999996,28.67403,0.0,0.0,0.0,NA,0.0,0.0
SCHOOL_3945,0,0,0,0,0,0,0,0,0,0,1,4260000.0,-18.200649999999996,28.718910000000005,0.0,0.0,0.0,NA,0.0,0.0
SCHOOL_3946,0,0,0,0,0,0,0,0,0,0,1,6336000.0,-18.181379999999997,28.72101,0.0,0.0,0.0,NA,0.0,0.0
SCHOOL_3947,0,0,0,0,0,0,0,0,0,0,1,8088000.0,-18.156999999999993,28.53798,0.0,0.0,0.0,NA,0.0,0.0
SCHOOL_3948,0,0,0,0,0,0,0,0,0,0,1,5520000.0,-18.14738,28.52009,0.0,0.0,0.0,NA,0.0,0.0
SCHOOL_3949,0,0,0,0,0,0,0,0,0,0,1,12000000.0,-18.24165,28.960250000000002,0.0,0.0,0.0,NA,0.0,0.0
SCHOOL_3950,0,0,0,0,0,0,0,0,0,0,1,6300000.0,-18.23864,29.05593,0.0,0.0,0.0,NA,0.0,0.0
SCHOOL_3951,0,0,0,0,0,0,0,0,0,0,1,12000000.0,-18.226010000000002,28.96426,0.0,0.0,0.0,NA,0.0,0.0
SCHOOL_3952,0,0,0,0,0,0,0,0,0,0,1,12000000.0,-18.21077,28.988870000000002,0.0,0.0,0.0,NA,0.0,0.0
SCHOOL_3953,0,0,0,0,0,0,0,0,0,0,1,10464000.0,-18.189279999999993,28.95269,0.0,0.0,0.0,NA,0.0,0.0
SCHOOL_3954,0,0,0,0,0,0,0,0,0,0,1,4224000.0,-18.16756,28.98923,0.0,0.0,0.0,NA,0.0,0.0
SCHOOL_3955,0,0,0,0,0,0,0,0,0,0,1,6732000.0,-18.29269,28.78443,0.0,0.0,0.0,NA,0.0,0.0
SCHOOL_3956,0,0,0,0,0,0,0,0,0,0,1,5328000.0,-18.2654,28.83509,0.0,0.0,0.0,NA,0.0,0.0
SCHOOL_3957,0,0,0,0,0,0,0,0,0,0,1,9492000.0,-18.196319999999996,28.871989999999997,0.0,0.0,0.0,NA,0.0,0.0
SCHOOL_3958,0,0,0,0,0,0,0,0,0,0,1,9876000.0,-18.183590000000002,28.87287,0.0,0.0,0.0,NA,0.0,0.0
SCHOOL_3959,0,0,0,0,0,0,0,0,0,0,1,12000000.0,-18.174099999999996,28.87336,0.0,0.0,0.0,NA,0.0,0.0
SCHOOL_3960,0,0,0,0,0,0,0,0,0,0,1,6624000.0,-18.160410000000002,28.80099,0.0,0.0,0.0,NA,0.0,0.0
SCHOOL_3961,0,0,0,0,0,0,0,0,0,0,1,4092000.0,-18.082609999999995,28.78042,0.0,0.0,0.0,NA,0.0,0.0
SCHOOL_3962,0,0,0,0,0,0,0,0,0,0,1,5760000.0,-18.040470000000003,28.88013,0.0,0.0,0.0,NA,0.0,0.0
SCHOOL_3963,0,0,0,0,0,0,0,0,0,0,1,12000000.0,-18.00822,28.73955,0.0,0.0,0.0,NA,0.0,0.0
SCHOOL_3964,0,0,0,0,0,0,0,0,0,0,1,9252000.0,-18.007919999999995,28.85496,0.0,0.0,0.0,NA,0.0,0.0
SCHOOL_3965,0,0,0,0,0,0,0,0,0,0,1,9192000.0,-18.75127,29.226769999999995,0.0,0.0,0.0,NA,0.0,0.0
SCHOOL_3966,0,0,0,0,0,0,0,0,0,0,1,3504000.0,-18.740349999999992,29.163490000000003,0.0,0.0,0.0,NA,0.0,0.0
SCHOOL_3967,0,0,0,0,0,0,0,0,0,0,1,5292000.0,-18.664529999999996,29.19664,0.0,0.0,0.0,NA,0.0,0.0
SCHOOL_3968,0,0,0,0,0,0,0,0,0,0,1,3804000.0,-18.663210000000003,29.204499999999996,0.0,0.0,0.0,NA,0.0,0.0
SCHOOL_3969,0,0,0,0,0,0,0,0,0,0,1,3444000.0,-18.65989,29.21883,0.0,0.0,0.0,NA,0.0,0.0
SCHOOL_3970,0,0,0,0,0,0,0,0,0,0,1,6024000.0,-18.63564,29.13712,0.0,0.0,0.0,NA,0.0,0.0
SCHOOL_3971,0,0,0,0,0,0,0,0,0,0,1,5112000.0,-18.62413,29.297180000000004,0.0,0.0,0.0,NA,0.0,0.0
SCHOOL_3972,0,0,0,0,0,0,0,0,0,0,1,6708000.0,-18.613669999999992,29.223129999999998,0.0,0.0,0.0,NA,0.0,0.0
SCHOOL_3973,0,0,0,0,0,0,0,0,0,0,1,7524000.0,-18.446600000000007,29.215060000000005,0.0,0.0,0.0,NA,0.0,0.0
SCHOOL_3974,0,0,0,0,0,0,0,0,0,0,1,6540000.0,-18.414740000000002,29.245800000000003,0.0,0.0,0.0,NA,0.0,0.0
SCHOOL_3975,0,0,0,0,0,0,0,0,0,0,1,3816000.0,-18.639809999999994,29.406470000000002,0.0,0.0,0.0,NA,0.0,0.0
SCHOOL_3976,0,0,0,0,0,0,0,0,0,0,1,4848000.0,-18.6294,29.30942,0.0,0.0,0.0,NA,0.0,0.0
SCHOOL_3977,0,0,0,0,0,0,0,0,0,0,1,5364000.0,-18.600950000000005,29.45524,0.0,0.0,0.0,NA,0.0,0.0
SCHOOL_3978,0,0,0,0,0,0,0,0,0,0,1,1764000.0,-18.55812,29.401539999999997,0.0,0.0,0.0,NA,0.0,0.0
SCHOOL_3979,0,0,0,0,0,0,0,0,0,0,1,4896000.0,-18.54234,29.404,0.0,0.0,0.0,NA,0.0,0.0
SCHOOL_3980,0,0,0,0,0,0,0,0,0,0,1,5244000.0,-18.51398,29.432370000000002,0.0,0.0,0.0,NA,0.0,0.0
SCHOOL_3981,0,0,0,0,0,0,0,0,0,0,1,5040000.0,-18.506049999999995,29.328760000000003,0.0,0.0,0.0,NA,0.0,0.0
SCHOOL_3982,0,0,0,0,0,0,0,0,0,0,1,6960000.0,-18.483530000000002,29.426720000000003,0.0,0.0,0.0,NA,0.0,0.0
SCHOOL_3983,0,0,0,0,0,0,0,0,0,0,1,11616000.0,-18.458729999999996,29.44921,0.0,0.0,0.0,NA,0.0,0.0
SCHOOL_3984,0,0,0,0,0,0,0,0,0,0,1,9120000.0,-18.445179999999997,29.467849999999995,0.0,0.0,0.0,NA,0.0,0.0
SCHOOL_3985,0,0,0,0,0,0,0,0,0,0,1,3948000.0,-18.54736,29.514850000000003,0.0,0.0,0.0,NA,0.0,0.0
SCHOOL_3986,0,0,0,0,0,0,0,0,0,0,1,10020000.0,-18.545059999999992,29.515230000000003,0.0,0.0,0.0,NA,0.0,0.0
SCHOOL_3987,0,0,0,0,0,0,0,0,0,0,1,10716000.0,-18.526869999999995,29.621909999999996,0.0,0.0,0.0,NA,0.0,0.0
SCHOOL_3988,0,0,0,0,0,0,0,0,0,0,1,4128000.0,-18.49618999999999,29.630749999999995,0.0,0.0,0.0,NA,0.0,0.0
SCHOOL_3989,0,0,0,0,0,0,0,0,0,0,1,8220000.0,-18.48974,29.4983,0.0,0.0,0.0,NA,0.0,0.0
SCHOOL_3990,0,0,0,0,0,0,0,0,0,0,1,2580000.0,-18.483480000000004,29.49285,0.0,0.0,0.0,NA,0.0,0.0
SCHOOL_3991,0,0,0,0,0,0,0,0,0,0,1,6480000.0,-18.460819999999995,29.52355,0.0,0.0,0.0,NA,0.0,0.0
SCHOOL_3992,0,0,0,0,0,0,0,0,0,0,1,4560000.0,-18.420459999999995,29.51498,0.0,0.0,0.0,NA,0.0,0.0
SCHOOL_3993,0,0,0,0,0,0,0,0,0,0,1,2064000.0,-18.418929999999996,29.51295,0.0,0.0,0.0,NA,0.0,0.0
SCHOOL_3994,0,0,0,0,0,0,0,0,0,0,1,2256000.0,-18.28045,29.625100000000003,0.0,0.0,0.0,NA,0.0,0.0
SCHOOL_3995,0,0,0,0,0,0,0,0,0,0,1,12000000.0,-18.445150000000005,29.470500000000005,0.0,0.0,0.0,NA,0.0,0.0
SCHOOL_3996,0,0,0,0,0,0,0,0,0,0,1,3648000.0,-18.42809999999999,29.43871,0.0,0.0,0.0,NA,0.0,0.0
SCHOOL_3997,0,0,0,0,0,0,0,0,0,0,1,2232000.0,-18.407459999999993,29.423950000000005,0.0,0.0,0.0,NA,0.0,0.0
SCHOOL_3998,0,0,0,0,0,0,0,0,0,0,1,7188000.0,-18.401899999999998,29.4254,0.0,0.0,0.0,NA,0.0,0.0
SCHOOL_3999,0,0,0,0,0,0,0,0,0,0,1,12000000.0,-18.39733,29.36991,0.0,0.0,0.0,NA,0.0,0.0
SCHOOL_4000,0,0,0,0,0,0,0,0,0,0,1,7260000.0,-18.377800000000004,29.3341,0.0,0.0,0.0,NA,0.0,0.0
SCHOOL_4001,0,0,0,0,0,0,0,0,0,0,1,4704000.0,-18.375990000000005,29.479940000000003,0.0,0.0,0.0,NA,0.0,0.0
SCHOOL_4002,0,0,0,0,0,0,0,0,0,0,1,11976000.0,-18.362029999999997,29.34607,0.0,0.0,0.0,NA,0.0,0.0
SCHOOL_4003,0,0,0,0,0,0,0,0,0,0,1,7572000.0,-18.32159,29.33254,0.0,0.0,0.0,NA,0.0,0.0
SCHOOL_4004,0,0,0,0,0,0,0,0,0,0,1,1728000.0,-18.31923,29.45418,0.0,0.0,0.0,NA,0.0,0.0
SCHOOL_4005,0,0,0,0,0,0,0,0,0,0,1,9000000.0,-18.406799999999997,29.25679,0.0,0.0,0.0,NA,0.0,0.0
SCHOOL_4006,0,0,0,0,0,0,0,0,0,0,1,12000000.0,-18.388309999999997,29.27812,0.0,0.0,0.0,NA,0.0,0.0
SCHOOL_4007,0,0,0,0,0,0,0,0,0,0,1,12000000.0,-18.387450000000005,29.188800000000004,0.0,0.0,0.0,NA,0.0,0.0
SCHOOL_4008,0,0,0,0,0,0,0,0,0,0,1,5088000.0,-18.386819999999997,29.19618,0.0,0.0,0.0,NA,0.0,0.0
SCHOOL_4009,0,0,0,0,0,0,0,0,0,0,1,5292000.0,-18.375560000000004,29.140709999999995,0.0,0.0,0.0,NA,0.0,0.0
SCHOOL_4010,0,0,0,0,0,0,0,0,0,0,1,11952000.0,-18.354719999999997,29.13929,0.0,0.0,0.0,NA,0.0,0.0
SCHOOL_4011,0,0,0,0,0,0,0,0,0,0,1,12000000.0,-18.313279999999995,29.113199999999996,0.0,0.0,0.0,NA,0.0,0.0
SCHOOL_4012,0,0,0,0,0,0,0,0,0,0,1,10956000.0,-18.30607,29.11003,0.0,0.0,0.0,NA,0.0,0.0
SCHOOL_4013,0,0,0,0,0,0,0,0,0,0,1,2784000.0,-18.306049999999992,29.2927,0.0,0.0,0.0,NA,0.0,0.0
SCHOOL_4014,0,0,0,0,0,0,0,0,0,0,1,5688000.0,-18.287460000000003,29.289930000000002,0.0,0.0,0.0,NA,0.0,0.0
SCHOOL_4015,0,0,0,0,0,0,0,0,0,0,1,6336000.0,-18.312900000000003,29.442629999999998,0.0,0.0,0.0,NA,0.0,0.0
SCHOOL_4016,0,0,0,0,0,0,0,0,0,0,1,3708000.0,-18.31144,29.39951,0.0,0.0,0.0,NA,0.0,0.0
SCHOOL_4017,0,0,0,0,0,0,0,0,0,0,1,6000000.0,-18.26673,29.321310000000004,0.0,0.0,0.0,NA,0.0,0.0
SCHOOL_4018,0,0,0,0,0,0,0,0,0,0,1,4092000.0,-18.236049999999995,29.42813,0.0,0.0,0.0,NA,0.0,0.0
SCHOOL_4019,0,0,0,0,0,0,0,0,0,0,1,5496000.0,-18.15781,29.303660000000004,0.0,0.0,0.0,NA,0.0,0.0
SCHOOL_4020,0,0,0,0,0,0,0,0,0,0,1,6372000.0,-18.142849999999996,29.374890000000004,0.0,0.0,0.0,NA,0.0,0.0
SCHOOL_4021,0,0,0,0,0,0,0,0,0,0,1,3840000.0,-18.11463999999999,29.444240000000004,0.0,0.0,0.0,NA,0.0,0.0
SCHOOL_4022,0,0,0,0,0,0,0,0,0,0,1,3456000.0,-18.103880000000004,29.329469999999997,0.0,0.0,0.0,NA,0.0,0.0
SCHOOL_4023,0,0,0,0,0,0,0,0,0,0,1,5412000.0,-18.096400000000003,29.39451,0.0,0.0,0.0,NA,0.0,0.0
SCHOOL_4024,0,0,0,0,0,0,0,0,0,0,1,5352000.0,-18.065070000000006,29.37052,0.0,0.0,0.0,NA,0.0,0.0
SCHOOL_4025,0,0,0,0,0,0,0,0,0,0,1,9756000.0,-18.281540000000003,29.24393,0.0,0.0,0.0,NA,0.0,0.0
SCHOOL_4026,0,0,0,0,0,0,0,0,0,0,1,8292000.0,-18.25281,29.10223,0.0,0.0,0.0,NA,0.0,0.0
SCHOOL_4027,0,0,0,0,0,0,0,0,0,0,1,8604000.0,-18.23480999999999,29.2036,0.0,0.0,0.0,NA,0.0,0.0
SCHOOL_4028,0,0,0,0,0,0,0,0,0,0,1,6600000.0,-18.21859,29.26535,0.0,0.0,0.0,NA,0.0,0.0
SCHOOL_4029,0,0,0,0,0,0,0,0,0,0,1,7560000.0,-18.20491,29.256879999999995,0.0,0.0,0.0,NA,0.0,0.0
SCHOOL_4030,0,0,0,0,0,0,0,0,0,0,1,9228000.0,-18.14719,29.17805,0.0,0.0,0.0,NA,0.0,0.0
SCHOOL_4031,0,0,0,0,0,0,0,0,0,0,1,11160000.0,-18.14352999999999,29.23939,0.0,0.0,0.0,NA,0.0,0.0
SCHOOL_4032,0,0,0,0,0,0,0,0,0,0,1,6816000.0,-18.141589999999994,29.102770000000003,0.0,0.0,0.0,NA,0.0,0.0
SCHOOL_4033,0,0,0,0,0,0,0,0,0,0,1,2292000.0,-18.11243,29.17071,0.0,0.0,0.0,NA,0.0,0.0
SCHOOL_4034,0,0,0,0,0,0,0,0,0,0,1,9480000.0,-18.090349999999997,29.29292,0.0,0.0,0.0,NA,0.0,0.0
SCHOOL_4035,0,0,0,0,0,0,0,0,0,0,1,4920000.0,-18.267610000000005,29.531660000000002,0.0,0.0,0.0,NA,0.0,0.0
SCHOOL_4036,0,0,0,0,0,0,0,0,0,0,2,9168000.0,-18.200899999999997,29.53658,0.0,0.0,0.0,NA,0.0,0.0
SCHOOL_4037,0,0,0,0,0,0,0,0,0,0,1,3624000.0,-18.196599999999997,29.664200000000005,0.0,0.0,0.0,NA,0.0,0.0
SCHOOL_4038,0,0,0,0,0,0,0,0,0,0,1,4656000.0,-18.17431,29.590400000000002,0.0,0.0,0.0,NA,0.0,0.0
SCHOOL_4039,0,0,0,0,0,0,0,0,0,0,1,4560000.0,-18.170230000000004,29.49191,0.0,0.0,0.0,NA,0.0,0.0
SCHOOL_4040,0,0,0,0,0,0,0,0,0,0,1,984000.0,-18.169010000000004,29.487810000000003,0.0,0.0,0.0,NA,0.0,0.0
SCHOOL_4041,0,0,0,0,0,0,0,0,0,0,1,8064000.0,-18.10754,29.64047,0.0,0.0,0.0,NA,0.0,0.0
SCHOOL_4042,0,0,0,0,0,0,0,0,0,0,1,2076000.0,-18.105989999999995,29.63333,0.0,0.0,0.0,NA,0.0,0.0
SCHOOL_4043,0,0,0,0,0,0,0,0,0,0,1,2532000.0,-18.08411999999999,29.503289999999996,0.0,0.0,0.0,NA,0.0,0.0
SCHOOL_4044,0,0,0,0,0,0,0,0,0,0,1,2784000.0,-18.15101,29.05361,0.0,0.0,0.0,NA,0.0,0.0
SCHOOL_4045,0,0,0,0,0,0,0,0,0,0,1,2568000.0,-18.145230000000005,28.986940000000004,0.0,0.0,0.0,NA,0.0,0.0
SCHOOL_4046,0,0,0,0,0,0,0,0,0,0,1,6072000.0,-18.143349999999998,28.925,0.0,0.0,0.0,NA,0.0,0.0
SCHOOL_4047,0,0,0,0,0,0,0,0,0,0,1,3396000.0,-18.116130000000002,29.0639,0.0,0.0,0.0,NA,0.0,0.0
SCHOOL_4048,0,0,0,0,0,0,0,0,0,0,1,6240000.0,-18.07181,28.978050000000003,0.0,0.0,0.0,NA,0.0,0.0
SCHOOL_4049,0,0,0,0,0,0,0,0,0,0,1,3876000.0,-18.066319999999997,28.98534,0.0,0.0,0.0,NA,0.0,0.0
SCHOOL_4050,0,0,0,0,0,0,0,0,0,0,1,8676000.0,-18.0494,29.05779,0.0,0.0,0.0,NA,0.0,0.0
SCHOOL_4051,0,0,0,0,0,0,0,0,0,0,1,6924000.0,-18.046349999999997,29.078469999999996,0.0,0.0,0.0,NA,0.0,0.0
SCHOOL_4052,0,0,0,0,0,0,0,0,0,0,1,2484000.0,-18.04541,29.099020000000003,0.0,0.0,0.0,NA,0.0,0.0
SCHOOL_4053,0,0,0,0,0,0,0,0,0,0,1,3072000.0,-18.02871,28.96579,0.0,0.0,0.0,NA,0.0,0.0
SCHOOL_4054,0,0,0,0,0,0,0,0,0,0,1,12000000.0,-18.0892,29.16739,0.0,0.0,0.0,NA,0.0,0.0
SCHOOL_4055,0,0,0,0,0,0,0,0,0,0,1,11148000.0,-18.07342,29.1106,0.0,0.0,0.0,NA,0.0,0.0
SCHOOL_4056,0,0,0,0,0,0,0,0,0,0,1,7464000.0,-18.07115,29.155550000000005,0.0,0.0,0.0,NA,0.0,0.0
SCHOOL_4057,0,0,0,0,0,0,0,0,0,0,1,12000000.0,-17.970470000000002,29.255299999999995,0.0,0.0,0.0,NA,0.0,0.0
SCHOOL_4058,0,0,0,0,0,0,0,0,0,0,1,11004000.0,-17.965580000000003,29.25269,0.0,0.0,0.0,NA,0.0,0.0
SCHOOL_4059,0,0,0,0,0,0,0,0,0,0,1,4392000.0,-17.960010000000008,29.151799999999998,0.0,0.0,0.0,NA,0.0,0.0
SCHOOL_4060,0,0,0,0,0,0,0,0,0,0,1,3144000.0,-17.891860000000005,29.169010000000004,0.0,0.0,0.0,NA,0.0,0.0
SCHOOL_4061,0,0,0,0,0,0,0,0,0,0,1,4068000.0,-17.886279999999996,29.2613,0.0,0.0,0.0,NA,0.0,0.0
SCHOOL_4062,0,0,0,0,0,0,0,0,0,0,1,1968000.0,-17.82315,29.13819,0.0,0.0,0.0,NA,0.0,0.0
SCHOOL_4063,0,0,0,0,0,0,0,0,0,0,1,2652000.0,-17.82182,29.19608,0.0,0.0,0.0,NA,0.0,0.0
SCHOOL_4064,0,0,0,0,0,0,0,0,0,0,1,4656000.0,-18.22652,28.35005,0.0,0.0,0.0,NA,0.0,0.0
SCHOOL_4065,0,0,0,0,0,0,0,0,0,0,1,6816000.0,-18.19694,28.30931,0.0,0.0,0.0,NA,0.0,0.0
SCHOOL_4066,0,0,0,0,0,0,0,0,0,0,1,8340000.0,-18.15641,28.37782,0.0,0.0,0.0,NA,0.0,0.0
SCHOOL_4067,0,0,0,0,0,0,0,0,0,0,1,5604000.0,-18.14773,28.400810000000003,0.0,0.0,0.0,NA,0.0,0.0
SCHOOL_4068,0,0,0,0,0,0,0,0,0,0,1,4416000.0,-18.141529999999996,28.3829,0.0,0.0,0.0,NA,0.0,0.0
SCHOOL_4069,0,0,0,0,0,0,0,0,0,0,1,7296000.0,-18.127019999999998,28.49074,0.0,0.0,0.0,NA,0.0,0.0
SCHOOL_4070,0,0,0,0,0,0,0,0,0,0,1,2496000.0,-18.1127,28.36933,0.0,0.0,0.0,NA,0.0,0.0
SCHOOL_4071,0,0,0,0,0,0,0,0,0,0,1,6132000.0,-18.092439999999996,28.36826,0.0,0.0,0.0,NA,0.0,0.0
SCHOOL_4072,0,0,0,0,0,0,0,0,0,0,1,7824000.0,-18.05147,28.42299,0.0,0.0,0.0,NA,0.0,0.0
SCHOOL_4073,0,0,0,0,0,0,0,0,0,0,1,7488000.0,-18.037220000000005,28.46478,0.0,0.0,0.0,NA,0.0,0.0
SCHOOL_4074,0,0,0,0,0,0,0,0,0,0,1,8544000.0,-18.145049999999998,28.60724,0.0,0.0,0.0,NA,0.0,0.0
SCHOOL_4075,0,0,0,0,0,0,0,0,0,0,1,12000000.0,-18.130359999999992,28.62546,0.0,0.0,0.0,NA,0.0,0.0
SCHOOL_4076,0,0,0,0,0,0,0,0,0,0,1,7764000.0,-18.096049999999995,28.52668,0.0,0.0,0.0,NA,0.0,0.0
SCHOOL_4077,0,0,0,0,0,0,0,0,0,0,1,10200000.0,-18.048410000000004,28.72473,0.0,0.0,0.0,NA,0.0,0.0
SCHOOL_4078,0,0,0,0,0,0,0,0,0,0,1,4476000.0,-18.03292,28.61603,0.0,0.0,0.0,NA,0.0,0.0
SCHOOL_4079,0,0,0,0,0,0,0,0,0,0,1,7272000.0,-17.962219999999995,28.58502,0.0,0.0,0.0,NA,0.0,0.0
SCHOOL_4080,0,0,0,0,0,0,0,0,0,0,1,8820000.0,-17.953599999999994,28.53275,0.0,0.0,0.0,NA,0.0,0.0
SCHOOL_4081,0,0,0,0,0,0,0,0,0,0,1,4716000.0,-17.95220999999999,28.60157,0.0,0.0,0.0,NA,0.0,0.0
SCHOOL_4082,0,0,0,0,0,0,0,0,0,0,1,6096000.0,-17.9359,28.58837,0.0,0.0,0.0,NA,0.0,0.0
SCHOOL_4083,0,0,0,0,0,0,0,0,0,0,1,3588000.0,-17.929309999999997,28.53172,0.0,0.0,0.0,NA,0.0,0.0
SCHOOL_4084,0,0,0,0,0,0,0,0,0,0,1,3132000.0,-17.999699999999997,28.84061,0.0,0.0,0.0,NA,0.0,0.0
SCHOOL_4085,0,0,0,0,0,0,0,0,0,0,1,5364000.0,-17.99248,28.73493,0.0,0.0,0.0,NA,0.0,0.0
SCHOOL_4086,0,0,0,0,0,0,0,0,0,0,1,9024000.0,-17.977649999999993,28.753220000000002,0.0,0.0,0.0,NA,0.0,0.0
SCHOOL_4087,0,0,0,0,0,0,0,0,0,0,1,10488000.0,-17.971359999999994,28.73088,0.0,0.0,0.0,NA,0.0,0.0
SCHOOL_4088,0,0,0,0,0,0,0,0,0,0,1,4740000.0,-17.96808,28.865160000000003,0.0,0.0,0.0,NA,0.0,0.0
SCHOOL_4089,0,0,0,0,0,0,0,0,0,0,1,5652000.0,-17.9514,28.888519999999996,0.0,0.0,0.0,NA,0.0,0.0
SCHOOL_4090,0,0,0,0,0,0,0,0,0,0,1,8316000.0,-17.940710000000003,28.816910000000004,0.0,0.0,0.0,NA,0.0,0.0
SCHOOL_4091,0,0,0,0,0,0,0,0,0,0,2,8664000.0,-17.89365,28.78966,0.0,0.0,0.0,NA,0.0,0.0
SCHOOL_4092,0,0,0,0,0,0,0,0,0,0,1,12000000.0,-17.8619,28.74219,0.0,0.0,0.0,NA,0.0,0.0
SCHOOL_4093,0,0,0,0,0,0,0,0,0,0,1,2340000.0,-17.94811,29.031359999999996,0.0,0.0,0.0,NA,0.0,0.0
SCHOOL_4094,0,0,0,0,0,0,0,0,0,0,1,7080000.0,-17.902649999999994,29.02845,0.0,0.0,0.0,NA,0.0,0.0
SCHOOL_4095,0,0,0,0,0,0,0,0,0,0,1,12000000.0,-17.887289999999997,28.953089999999996,0.0,0.0,0.0,NA,0.0,0.0
SCHOOL_4096,0,0,0,0,0,0,0,0,0,0,1,8904000.0,-17.869519999999998,28.92019,0.0,0.0,0.0,NA,0.0,0.0
SCHOOL_4097,0,0,0,0,0,0,0,0,0,0,1,9948000.0,-17.860089999999992,29.04149,0.0,0.0,0.0,NA,0.0,0.0
SCHOOL_4098,0,0,0,0,0,0,0,0,0,0,1,5232000.0,-17.857800000000005,29.073650000000004,0.0,0.0,0.0,NA,0.0,0.0
SCHOOL_4099,0,0,0,0,0,0,0,0,0,0,1,4668000.0,-17.84938999999999,29.05277,0.0,0.0,0.0,NA,0.0,0.0
SCHOOL_4100,0,0,0,0,0,0,0,0,0,0,1,7548000.0,-17.83744,29.0545,0.0,0.0,0.0,NA,0.0,0.0
SCHOOL_4101,0,0,0,0,0,0,0,0,0,0,1,9564000.0,-17.90918999999999,28.57494,0.0,0.0,0.0,NA,0.0,0.0
SCHOOL_4102,0,0,0,0,0,0,0,0,0,0,1,5016000.0,-17.891279999999995,28.58265,0.0,0.0,0.0,NA,0.0,0.0
SCHOOL_4103,0,0,0,0,0,0,0,0,0,0,1,8316000.0,-17.882019999999997,28.63494,0.0,0.0,0.0,NA,0.0,0.0
SCHOOL_4104,0,0,0,0,0,0,0,0,0,0,1,12000000.0,-17.881410000000002,28.676580000000005,0.0,0.0,0.0,NA,0.0,0.0
SCHOOL_4105,0,0,0,0,0,0,0,0,0,0,1,12000000.0,-17.869089999999996,28.699130000000004,0.0,0.0,0.0,NA,0.0,0.0
SCHOOL_4106,0,0,0,0,0,0,0,0,0,0,1,4080000.0,-17.862569999999995,28.57042,0.0,0.0,0.0,NA,0.0,0.0
SCHOOL_4107,0,0,0,0,0,0,0,0,0,0,1,5280000.0,-17.845980000000004,28.53905,0.0,0.0,0.0,NA,0.0,0.0
SCHOOL_4108,0,0,0,0,0,0,0,0,0,0,1,12000000.0,-17.84091,28.689610000000002,0.0,0.0,0.0,NA,0.0,0.0
SCHOOL_4109,0,0,0,0,0,0,0,0,0,0,1,6684000.0,-17.798910000000003,28.61745,0.0,0.0,0.0,NA,0.0,0.0
SCHOOL_4110,0,0,0,0,0,0,0,0,0,0,2,5784000.0,-17.760910000000003,28.6936,0.0,0.0,0.0,NA,0.0,0.0
SCHOOL_4111,0,0,0,0,0,0,0,0,0,0,1,1992000.0,-17.85313,28.90661,0.0,0.0,0.0,NA,0.0,0.0
SCHOOL_4112,0,0,0,0,0,0,0,0,0,0,1,7524000.0,-17.85136,28.8984,0.0,0.0,0.0,NA,0.0,0.0
SCHOOL_4113,0,0,0,0,0,0,0,0,0,0,1,11472000.0,-17.84741,28.86053,0.0,0.0,0.0,NA,0.0,0.0
SCHOOL_4114,0,0,0,0,0,0,0,0,0,0,1,7680000.0,-17.83275,28.81733,0.0,0.0,0.0,NA,0.0,0.0
SCHOOL_4115,0,0,0,0,0,0,0,0,0,0,1,9288000.0,-17.822079999999996,28.83722,0.0,0.0,0.0,NA,0.0,0.0
SCHOOL_4116,0,0,0,0,0,0,0,0,0,0,1,4476000.0,-17.819210000000005,28.81157,0.0,0.0,0.0,NA,0.0,0.0
SCHOOL_4117,0,0,0,0,0,0,0,0,0,0,1,8316000.0,-17.783459999999998,28.80824,0.0,0.0,0.0,NA,0.0,0.0
SCHOOL_4118,0,0,0,0,0,0,0,0,0,0,1,5412000.0,-17.76029,28.772539999999996,0.0,0.0,0.0,NA,0.0,0.0
SCHOOL_4119,0,0,0,0,0,0,0,0,0,0,1,5040000.0,-17.734889999999996,28.877850000000002,0.0,0.0,0.0,NA,0.0,0.0
SCHOOL_4120,0,0,0,0,0,0,0,0,0,0,1,5772000.0,-17.73007000000001,28.777620000000002,0.0,0.0,0.0,NA,0.0,0.0
SCHOOL_4121,0,0,0,0,0,0,0,0,0,0,2,22584000.0,-17.758079999999996,28.999449999999996,0.0,0.0,0.0,NA,0.0,0.0
SCHOOL_4122,0,0,0,0,0,0,0,0,0,0,1,12000000.0,-17.73271,29.02656,0.0,0.0,0.0,NA,0.0,0.0
SCHOOL_4123,0,0,0,0,0,0,0,0,0,0,1,1908000.0,-17.716250000000002,28.92703,0.0,0.0,0.0,NA,0.0,0.0
SCHOOL_4124,0,0,0,0,0,0,0,0,0,0,1,7764000.0,-17.674909999999997,28.99548,0.0,0.0,0.0,NA,0.0,0.0
SCHOOL_4125,0,0,0,0,0,0,0,0,0,0,1,7380000.0,-17.660349999999998,29.015600000000003,0.0,0.0,0.0,NA,0.0,0.0
SCHOOL_4126,0,0,0,0,0,0,0,0,0,0,1,6996000.0,-17.635509999999996,29.02425,0.0,0.0,0.0,NA,0.0,0.0
SCHOOL_4127,0,0,0,0,0,0,0,0,0,0,1,5868000.0,-17.626669999999997,29.03094,0.0,0.0,0.0,NA,0.0,0.0
SCHOOL_4128,0,0,0,0,0,0,0,0,0,0,1,7956000.0,-17.6925,28.55358,0.0,0.0,0.0,NA,0.0,0.0
SCHOOL_4129,0,0,0,0,0,0,0,0,0,0,1,5568000.0,-17.631080000000004,28.50778,0.0,0.0,0.0,NA,0.0,0.0
SCHOOL_4130,0,0,0,0,0,0,0,0,0,0,1,12000000.0,-17.617969999999996,28.54297,0.0,0.0,0.0,NA,0.0,0.0
SCHOOL_4131,0,0,0,0,0,0,0,0,0,0,1,10296000.0,-17.58104,28.71111,0.0,0.0,0.0,NA,0.0,0.0
SCHOOL_4132,0,0,0,0,0,0,0,0,0,0,1,10068000.0,-17.577919999999995,28.63251,0.0,0.0,0.0,NA,0.0,0.0
SCHOOL_4133,0,0,0,0,0,0,0,0,0,0,1,1224000.0,-17.532530000000005,28.57193,0.0,0.0,0.0,NA,0.0,0.0
SCHOOL_4134,0,0,0,0,0,0,0,0,0,0,1,12000000.0,-17.52263999999999,28.61307,0.0,0.0,0.0,NA,0.0,0.0
SCHOOL_4135,0,0,0,0,0,0,0,0,0,0,1,1260000.0,-17.517199999999995,28.514,0.0,0.0,0.0,NA,0.0,0.0
SCHOOL_4136,0,0,0,0,0,0,0,0,0,0,1,6792000.0,-17.514499999999998,28.62438,0.0,0.0,0.0,NA,0.0,0.0
SCHOOL_4137,0,0,0,0,0,0,0,0,0,0,1,7164000.0,-17.70745,28.87749,0.0,0.0,0.0,NA,0.0,0.0
SCHOOL_4138,0,0,0,0,0,0,0,0,0,0,1,10548000.0,-17.67508,28.764999999999997,0.0,0.0,0.0,NA,0.0,0.0
SCHOOL_4139,0,0,0,0,0,0,0,0,0,0,1,2976000.0,-17.659269999999996,28.7456,0.0,0.0,0.0,NA,0.0,0.0
SCHOOL_4140,0,0,0,0,0,0,0,0,0,0,1,7068000.0,-17.64485,28.725899999999996,0.0,0.0,0.0,NA,0.0,0.0
SCHOOL_4141,0,0,0,0,0,0,0,0,0,0,1,4260000.0,-17.60443,28.866800000000005,0.0,0.0,0.0,NA,0.0,0.0
SCHOOL_4142,0,0,0,0,0,0,0,0,0,0,1,7068000.0,-17.590019999999996,28.86264,0.0,0.0,0.0,NA,0.0,0.0
SCHOOL_4143,0,0,0,0,0,0,0,0,0,0,1,10356000.0,-17.565629999999995,28.86577,0.0,0.0,0.0,NA,0.0,0.0
SCHOOL_4144,0,0,0,0,0,0,0,0,0,0,1,3780000.0,-17.52458,28.734889999999996,0.0,0.0,0.0,NA,0.0,0.0
SCHOOL_4145,0,0,0,0,0,0,0,0,0,0,1,9240000.0,-17.516290000000005,28.78728,0.0,0.0,0.0,NA,0.0,0.0
SCHOOL_4146,0,0,0,0,0,0,0,0,0,0,1,6552000.0,-17.512279999999997,28.84353,0.0,0.0,0.0,NA,0.0,0.0
SCHOOL_4147,0,0,0,0,0,0,0,0,0,0,1,3948000.0,-17.487709999999996,28.9067,0.0,0.0,0.0,NA,0.0,0.0
SCHOOL_4148,0,0,0,0,0,0,0,0,0,0,1,4008000.0,-17.468109999999992,28.728259999999995,0.0,0.0,0.0,NA,0.0,0.0
SCHOOL_4149,0,0,0,0,0,0,0,0,0,0,1,6564000.0,-17.467030000000005,28.88391,0.0,0.0,0.0,NA,0.0,0.0
SCHOOL_4150,0,0,0,0,0,0,0,0,0,0,1,3804000.0,-17.45885,28.90753,0.0,0.0,0.0,NA,0.0,0.0
SCHOOL_4151,0,0,0,0,0,0,0,0,0,0,1,6456000.0,-17.4426,28.906779999999998,0.0,0.0,0.0,NA,0.0,0.0
SCHOOL_4152,0,0,0,0,0,0,0,0,0,0,1,1440000.0,-17.427129999999995,28.83681,0.0,0.0,0.0,NA,0.0,0.0
SCHOOL_4153,0,0,0,0,0,0,0,0,0,0,1,3600000.0,-17.407329999999995,28.884540000000005,0.0,0.0,0.0,NA,0.0,0.0
SCHOOL_4154,0,0,0,0,0,0,0,0,0,0,1,4848000.0,-17.40116,28.73148,0.0,0.0,0.0,NA,0.0,0.0
SCHOOL_4155,0,0,0,0,0,0,0,0,0,0,1,4356000.0,-17.34948,28.883989999999997,0.0,0.0,0.0,NA,0.0,0.0
SCHOOL_4156,0,0,0,0,0,0,0,0,0,0,1,11232000.0,-17.97433,29.377909999999996,0.0,0.0,0.0,NA,0.0,0.0
SCHOOL_4157,0,0,0,0,0,0,0,0,0,0,1,5652000.0,-17.97275,29.33684,0.0,0.0,0.0,NA,0.0,0.0
SCHOOL_4158,0,0,0,0,0,0,0,0,0,0,1,6684000.0,-17.968699999999995,29.381530000000005,0.0,0.0,0.0,NA,0.0,0.0
SCHOOL_4159,0,0,0,0,0,0,0,0,0,0,1,4080000.0,-17.94541999999999,29.454979999999995,0.0,0.0,0.0,NA,0.0,0.0
SCHOOL_4160,0,0,0,0,0,0,0,0,0,0,1,11820000.0,-17.940980000000003,29.314589999999995,0.0,0.0,0.0,NA,0.0,0.0
SCHOOL_4161,0,0,0,0,0,0,0,0,0,0,1,4296000.0,-17.928949999999997,29.409729999999996,0.0,0.0,0.0,NA,0.0,0.0
SCHOOL_4162,0,0,0,0,0,0,0,0,0,0,1,6216000.0,-17.928449999999994,29.34995,0.0,0.0,0.0,NA,0.0,0.0
SCHOOL_4163,0,0,0,0,0,0,0,0,0,0,1,1812000.0,-17.888349999999992,29.393,0.0,0.0,0.0,NA,0.0,0.0
SCHOOL_4164,0,0,0,0,0,0,0,0,0,0,1,5052000.0,-17.88545,29.391480000000005,0.0,0.0,0.0,NA,0.0,0.0
SCHOOL_4165,0,0,0,0,0,0,0,0,0,0,1,4284000.0,-18.07694,29.50464,0.0,0.0,0.0,NA,0.0,0.0
SCHOOL_4166,0,0,0,0,0,0,0,0,0,0,1,2808000.0,-17.94131,29.507379999999998,0.0,0.0,0.0,NA,0.0,0.0
SCHOOL_4167,0,0,0,0,0,0,0,0,0,0,1,1632000.0,-17.938530000000004,29.500220000000002,0.0,0.0,0.0,NA,0.0,0.0
SCHOOL_4168,0,0,0,0,0,0,0,0,0,0,1,6336000.0,-17.91083,29.505140000000004,0.0,0.0,0.0,NA,0.0,0.0
SCHOOL_4169,0,0,0,0,0,0,0,0,0,0,1,2568000.0,-17.80691,29.48246,0.0,0.0,0.0,NA,0.0,0.0
SCHOOL_4170,0,0,0,0,0,0,0,0,0,0,1,888000.0,-17.78512,29.50868,0.0,0.0,0.0,NA,0.0,0.0
SCHOOL_4171,0,0,0,0,0,0,0,0,0,0,1,4068000.0,-17.73218,29.51136,0.0,0.0,0.0,NA,0.0,0.0
SCHOOL_4172,0,0,0,0,0,0,0,0,0,0,1,4272000.0,-17.688319999999997,29.654520000000005,0.0,0.0,0.0,NA,0.0,0.0
SCHOOL_4173,0,0,0,0,0,0,0,0,0,0,1,1092000.0,-17.681269999999998,29.65522,0.0,0.0,0.0,NA,0.0,0.0
SCHOOL_4174,0,0,0,0,0,0,0,0,0,0,1,2100000.0,-17.644769999999998,29.61151,0.0,0.0,0.0,NA,0.0,0.0
SCHOOL_4175,0,0,0,0,0,0,0,0,0,0,1,1920000.0,-17.87985,29.43706,0.0,0.0,0.0,NA,0.0,0.0
SCHOOL_4176,0,0,0,0,0,0,0,0,0,0,1,4188000.0,-17.878459999999993,29.321900000000003,0.0,0.0,0.0,NA,0.0,0.0
SCHOOL_4177,0,0,0,0,0,0,0,0,0,0,1,5844000.0,-17.871290000000002,29.322929999999996,0.0,0.0,0.0,NA,0.0,0.0
SCHOOL_4178,0,0,0,0,0,0,0,0,0,0,1,2448000.0,-17.84128000000001,29.345570000000002,0.0,0.0,0.0,NA,0.0,0.0
SCHOOL_4179,0,0,0,0,0,0,0,0,0,0,1,1596000.0,-17.81837999999999,29.36338,0.0,0.0,0.0,NA,0.0,0.0
SCHOOL_4180,0,0,0,0,0,0,0,0,0,0,1,2496000.0,-17.817609999999995,29.37398,0.0,0.0,0.0,NA,0.0,0.0
SCHOOL_4181,0,0,0,0,0,0,0,0,0,0,1,5448000.0,-17.754369999999998,29.40942,0.0,0.0,0.0,NA,0.0,0.0
SCHOOL_4182,0,0,0,0,0,0,0,0,0,0,1,5208000.0,-17.731440000000003,29.367210000000004,0.0,0.0,0.0,NA,0.0,0.0
SCHOOL_4183,0,0,0,0,0,0,0,0,0,0,1,1524000.0,-17.73115,29.420740000000002,0.0,0.0,0.0,NA,0.0,0.0
SCHOOL_4184,0,0,0,0,0,0,0,0,0,0,2,5688000.0,-17.716810000014295,29.349520000019286,0.0,0.0,0.0,NA,0.0,0.0
SCHOOL_4185,0,0,0,0,0,0,0,0,0,0,1,5856000.0,-17.779320000000002,29.221049999999998,0.0,0.0,0.0,NA,0.0,0.0
SCHOOL_4186,0,0,0,0,0,0,0,0,0,0,1,3996000.0,-17.739109999999997,29.2621,0.0,0.0,0.0,NA,0.0,0.0
SCHOOL_4187,0,0,0,0,0,0,0,0,0,0,1,996000.0,-17.710629999999995,29.12174,0.0,0.0,0.0,NA,0.0,0.0
SCHOOL_4188,0,0,0,0,0,0,0,0,0,0,1,1032000.0,-17.676589999999997,29.19254,0.0,0.0,0.0,NA,0.0,0.0
SCHOOL_4189,0,0,0,0,0,0,0,0,0,0,1,2268000.0,-17.618959999999994,29.2985,0.0,0.0,0.0,NA,0.0,0.0
SCHOOL_4190,0,0,0,0,0,0,0,0,0,0,1,9540000.0,-17.609619999999996,29.125,0.0,0.0,0.0,NA,0.0,0.0
SCHOOL_4191,0,0,0,0,0,0,0,0,0,0,1,4488000.0,-17.596630000000008,29.144109999999998,0.0,0.0,0.0,NA,0.0,0.0
SCHOOL_4192,0,0,0,0,0,0,0,0,0,0,1,2232000.0,-17.59271,29.301250000000003,0.0,0.0,0.0,NA,0.0,0.0
SCHOOL_4193,0,0,0,0,0,0,0,0,0,0,1,5328000.0,-17.577869999999997,29.259320000000002,0.0,0.0,0.0,NA,0.0,0.0
SCHOOL_4194,0,0,0,0,0,0,0,0,0,0,1,8712000.0,-17.51698,29.166230000000002,0.0,0.0,0.0,NA,0.0,0.0
SCHOOL_4195,0,0,0,0,0,0,0,0,0,0,1,4116000.0,-17.663299999999996,29.41944,0.0,0.0,0.0,NA,0.0,0.0
SCHOOL_4196,0,0,0,0,0,0,0,0,0,0,1,2904000.0,-17.65034,29.4645,0.0,0.0,0.0,NA,0.0,0.0
SCHOOL_4197,0,0,0,0,0,0,0,0,0,0,1,1860000.0,-17.640509999999995,29.43828,0.0,0.0,0.0,NA,0.0,0.0
SCHOOL_4198,0,0,0,0,0,0,0,0,0,0,1,2892000.0,-17.623960000000007,29.42795,0.0,0.0,0.0,NA,0.0,0.0
SCHOOL_4199,0,0,0,0,0,0,0,0,0,0,1,5880000.0,-17.574289999999994,29.42816,0.0,0.0,0.0,NA,0.0,0.0
SCHOOL_4200,0,0,0,0,0,0,0,0,0,0,1,9816000.0,-17.532059999999998,29.35466,0.0,0.0,0.0,NA,0.0,0.0
SCHOOL_4201,0,0,0,0,0,0,0,0,0,0,1,2400000.0,-17.46431,29.416390000000003,0.0,0.0,0.0,NA,0.0,0.0
SCHOOL_4202,0,0,0,0,0,0,0,0,0,0,1,2496000.0,-17.44351,29.368970000000004,0.0,0.0,0.0,NA,0.0,0.0
SCHOOL_4203,0,0,0,0,0,0,0,0,0,0,1,3492000.0,-17.43625,29.31609,0.0,0.0,0.0,NA,0.0,0.0
SCHOOL_4204,0,0,0,0,0,0,0,0,0,0,1,3660000.0,-17.592669999999995,29.06368,0.0,0.0,0.0,NA,0.0,0.0
SCHOOL_4205,0,0,0,0,0,0,0,0,0,0,1,12000000.0,-17.576099999999993,28.928529999999995,0.0,0.0,0.0,NA,0.0,0.0
SCHOOL_4206,0,0,0,0,0,0,0,0,0,0,1,4524000.0,-17.573409999999996,28.984280000000002,0.0,0.0,0.0,NA,0.0,0.0
SCHOOL_4207,0,0,0,0,0,0,0,0,0,0,1,4968000.0,-17.57126999999999,29.056630000000002,0.0,0.0,0.0,NA,0.0,0.0
SCHOOL_4208,0,0,0,0,0,0,0,0,0,0,1,6552000.0,-17.56785,28.980130000000003,0.0,0.0,0.0,NA,0.0,0.0
SCHOOL_4209,0,0,0,0,0,0,0,0,0,0,1,2280000.0,-17.54547,29.098659999999995,0.0,0.0,0.0,NA,0.0,0.0
SCHOOL_4210,0,0,0,0,0,0,0,0,0,0,1,2292000.0,-17.541589999999996,29.01707,0.0,0.0,0.0,NA,0.0,0.0
SCHOOL_4211,0,0,0,0,0,0,0,0,0,0,1,6768000.0,-17.533339999999995,29.085749999999997,0.0,0.0,0.0,NA,0.0,0.0
SCHOOL_4212,0,0,0,0,0,0,0,0,0,0,1,7692000.0,-17.516639999999995,28.97923,0.0,0.0,0.0,NA,0.0,0.0
SCHOOL_4213,0,0,0,0,0,0,0,0,0,0,1,9120000.0,-17.516260000000003,29.067200000000003,0.0,0.0,0.0,NA,0.0,0.0
SCHOOL_4214,0,0,0,0,0,0,0,0,0,0,2,9624000.0,-17.62347000004006,29.518859999847873,0.0,0.0,0.0,NA,0.0,0.0
SCHOOL_4215,0,0,0,0,0,0,0,0,0,0,1,1692000.0,-17.60641,29.659059999999997,0.0,0.0,0.0,NA,0.0,0.0
SCHOOL_4216,0,0,0,0,0,0,0,0,0,0,1,3576000.0,-17.59339,29.48305,0.0,0.0,0.0,NA,0.0,0.0
SCHOOL_4217,0,0,0,0,0,0,0,0,0,0,1,7080000.0,-17.541419999999995,29.50126,0.0,0.0,0.0,NA,0.0,0.0
SCHOOL_4218,0,0,0,0,0,0,0,0,0,0,1,1956000.0,-17.536329999999992,29.504779999999997,0.0,0.0,0.0,NA,0.0,0.0
SCHOOL_4219,0,0,0,0,0,0,0,0,0,0,1,4620000.0,-17.526179999999993,29.596850000000003,0.0,0.0,0.0,NA,0.0,0.0
SCHOOL_4220,0,0,0,0,0,0,0,0,0,0,1,4320000.0,-17.479929999999992,29.49191,0.0,0.0,0.0,NA,0.0,0.0
SCHOOL_4221,0,0,0,0,0,0,0,0,0,0,1,11364000.0,-17.473869999999998,29.60219,0.0,0.0,0.0,NA,0.0,0.0
SCHOOL_4222,0,0,0,0,0,0,0,0,0,0,1,4956000.0,-17.471849999999996,29.604229999999998,0.0,0.0,0.0,NA,0.0,0.0
SCHOOL_4223,0,0,0,0,0,0,0,0,0,0,1,3156000.0,-17.51531,29.17508,0.0,0.0,0.0,NA,0.0,0.0
SCHOOL_4224,0,0,0,0,0,0,0,0,0,0,1,7032000.0,-17.443169999999995,29.26496,0.0,0.0,0.0,NA,0.0,0.0
SCHOOL_4225,0,0,0,0,0,0,0,0,0,0,1,9456000.0,-17.427489999999995,29.157850000000003,0.0,0.0,0.0,NA,0.0,0.0
SCHOOL_4226,0,0,0,0,0,0,0,0,0,0,1,3492000.0,-17.362689999999997,29.254380000000005,0.0,0.0,0.0,NA,0.0,0.0
SCHOOL_4227,0,0,0,0,0,0,0,0,0,0,1,1812000.0,-17.32362,29.179150000000003,0.0,0.0,0.0,NA,0.0,0.0
SCHOOL_4228,0,0,0,0,0,0,0,0,0,0,1,6684000.0,-17.31899,29.155069999999995,0.0,0.0,0.0,NA,0.0,0.0
SCHOOL_4229,0,0,0,0,0,0,0,0,0,0,1,4908000.0,-17.315439999999995,29.20243,0.0,0.0,0.0,NA,0.0,0.0
SCHOOL_4230,0,0,0,0,0,0,0,0,0,0,1,3780000.0,-17.31263,29.244050000000005,0.0,0.0,0.0,NA,0.0,0.0
SCHOOL_4231,0,0,0,0,0,0,0,0,0,0,1,6336000.0,-17.291469999999993,29.182570000000002,0.0,0.0,0.0,NA,0.0,0.0
SCHOOL_4232,0,0,0,0,0,0,0,0,0,0,1,2544000.0,-17.28942,29.18372,0.0,0.0,0.0,NA,0.0,0.0
SCHOOL_4233,0,0,0,0,0,0,0,0,0,0,1,4260000.0,-17.43233,29.36001,0.0,0.0,0.0,NA,0.0,0.0
SCHOOL_4234,0,0,0,0,0,0,0,0,0,0,1,1716000.0,-17.40377000000001,29.34408,0.0,0.0,0.0,NA,0.0,0.0
SCHOOL_4235,0,0,0,0,0,0,0,0,0,0,1,8208000.0,-17.38973,29.36654,0.0,0.0,0.0,NA,0.0,0.0
SCHOOL_4236,0,0,0,0,0,0,0,0,0,0,1,2988000.0,-17.387,29.40494,0.0,0.0,0.0,NA,0.0,0.0
SCHOOL_4237,0,0,0,0,0,0,0,0,0,0,1,4056000.0,-17.351729999999996,29.30244,0.0,0.0,0.0,NA,0.0,0.0
SCHOOL_4238,0,0,0,0,0,0,0,0,0,0,1,3096000.0,-17.322429999999997,29.348879999999998,0.0,0.0,0.0,NA,0.0,0.0
SCHOOL_4239,0,0,0,0,0,0,0,0,0,0,1,6972000.0,-17.31436,29.348970000000005,0.0,0.0,0.0,NA,0.0,0.0
SCHOOL_4240,0,0,0,0,0,0,0,0,0,0,1,8244000.0,-17.306509999999992,29.4013,0.0,0.0,0.0,NA,0.0,0.0
SCHOOL_4241,0,0,0,0,0,0,0,0,0,0,1,2568000.0,-17.3043,29.403390000000005,0.0,0.0,0.0,NA,0.0,0.0
SCHOOL_4242,0,0,0,0,0,0,0,0,0,0,2,4680000.0,-17.41759000000093,29.556804999997276,0.0,0.0,0.0,NA,0.0,0.0
SCHOOL_4243,0,0,0,0,0,0,0,0,0,0,2,8592000.0,-17.333935000000732,29.501175000006533,0.0,0.0,0.0,NA,0.0,0.0
SCHOOL_4244,0,0,0,0,0,0,0,0,0,0,2,11676000.0,-17.23637500000328,29.595290000005726,0.0,0.0,0.0,NA,0.0,0.0
SCHOOL_4245,0,0,0,0,0,0,0,0,0,0,1,2136000.0,-17.234289999999998,29.593280000000004,0.0,0.0,0.0,NA,0.0,0.0
SCHOOL_4246,0,0,0,0,0,0,0,0,0,0,2,6384000.0,-17.223015000038917,29.492540000029937,0.0,0.0,0.0,NA,0.0,0.0
SCHOOL_4247,0,0,0,0,0,0,0,0,0,0,1,3648000.0,-17.200379999999996,29.57798,0.0,0.0,0.0,NA,0.0,0.0
SCHOOL_4248,0,0,0,0,0,0,0,0,0,0,1,3744000.0,-20.457169999999994,30.772610000000004,0.0,0.0,0.0,NA,0.0,0.0
SCHOOL_4249,0,0,0,0,0,0,0,0,0,0,1,3240000.0,-20.431749999999994,30.725280000000005,0.0,0.0,0.0,NA,0.0,0.0
SCHOOL_4250,0,0,0,0,0,0,0,0,0,0,1,4116000.0,-20.42073999999999,30.849499999999995,0.0,0.0,0.0,NA,0.0,0.0
SCHOOL_4251,0,0,0,0,0,0,0,0,0,0,1,1248000.0,-20.40154,30.720550000000003,0.0,0.0,0.0,NA,0.0,0.0
SCHOOL_4252,0,0,0,0,0,0,0,0,0,0,1,7644000.0,-20.400970000000004,30.857420000000005,0.0,0.0,0.0,NA,0.0,0.0
SCHOOL_4253,0,0,0,0,0,0,0,0,0,0,1,3636000.0,-20.38424,30.792860000000005,0.0,0.0,0.0,NA,0.0,0.0
SCHOOL_4254,0,0,0,0,0,0,0,0,0,0,1,3516000.0,-20.38271999999999,30.834,0.0,0.0,0.0,NA,0.0,0.0
SCHOOL_4255,0,0,0,0,0,0,0,0,0,0,1,4032000.0,-20.347849999999998,30.75278,0.0,0.0,0.0,NA,0.0,0.0
SCHOOL_4256,0,0,0,0,0,0,0,0,0,0,1,4788000.0,-20.34698,30.76091,0.0,0.0,0.0,NA,0.0,0.0
SCHOOL_4257,0,0,0,0,0,0,0,0,0,0,1,3276000.0,-20.335199999999993,30.85968,0.0,0.0,0.0,NA,0.0,0.0
SCHOOL_4258,0,0,0,0,0,0,0,0,0,0,1,5460000.0,-20.452710000000003,30.64104,0.0,0.0,0.0,NA,0.0,0.0
SCHOOL_4259,0,0,0,0,0,0,0,0,0,0,1,4176000.0,-20.434040000000003,30.67773,0.0,0.0,0.0,NA,0.0,0.0
SCHOOL_4260,0,0,0,0,0,0,0,0,0,0,1,9324000.0,-20.421450000000007,30.63357,0.0,0.0,0.0,NA,0.0,0.0
SCHOOL_4261,0,0,0,0,0,0,0,0,0,0,1,6672000.0,-20.407190000000003,30.64087,0.0,0.0,0.0,NA,0.0,0.0
SCHOOL_4262,0,0,0,0,0,0,0,0,0,0,1,4608000.0,-20.366250000000004,30.599850000000004,0.0,0.0,0.0,NA,0.0,0.0
SCHOOL_4263,0,0,0,0,0,0,0,0,0,0,1,7728000.0,-20.358580000000007,30.644820000000003,0.0,0.0,0.0,NA,0.0,0.0
SCHOOL_4264,0,0,0,0,0,0,0,0,0,0,1,6048000.0,-20.316970000000005,30.578110000000002,0.0,0.0,0.0,NA,0.0,0.0
SCHOOL_4265,0,0,0,0,0,0,0,0,0,0,1,9276000.0,-20.305529999999997,30.59204,0.0,0.0,0.0,NA,0.0,0.0
SCHOOL_4266,0,0,0,0,0,0,0,0,0,0,1,9708000.0,-20.242030000000003,30.64582,0.0,0.0,0.0,NA,0.0,0.0
SCHOOL_4267,0,0,0,0,0,0,0,0,0,0,1,8172000.0,-20.225640000000002,30.71014,0.0,0.0,0.0,NA,0.0,0.0
SCHOOL_4268,0,0,0,0,0,0,0,0,0,0,1,2784000.0,-20.358759999999993,30.494340000000005,0.0,0.0,0.0,NA,0.0,0.0
SCHOOL_4269,0,0,0,0,0,0,0,0,0,0,1,7560000.0,-20.34453,30.57428,0.0,0.0,0.0,NA,0.0,0.0
SCHOOL_4270,0,0,0,0,0,0,0,0,0,0,1,11520000.0,-20.3433,30.5509,0.0,0.0,0.0,NA,0.0,0.0
SCHOOL_4271,0,0,0,0,0,0,0,0,0,0,1,3732000.0,-20.337079999999993,30.460949999999997,0.0,0.0,0.0,NA,0.0,0.0
SCHOOL_4272,0,0,0,0,0,0,0,0,0,0,1,6144000.0,-20.314709999999998,30.54463,0.0,0.0,0.0,NA,0.0,0.0
SCHOOL_4273,0,0,0,0,0,0,0,0,0,0,1,4116000.0,-20.312849999999997,30.44645,0.0,0.0,0.0,NA,0.0,0.0
SCHOOL_4274,0,0,0,0,0,0,0,0,0,0,1,4572000.0,-20.27647,30.468,0.0,0.0,0.0,NA,0.0,0.0
SCHOOL_4275,0,0,0,0,0,0,0,0,0,0,1,3444000.0,-20.246789999999997,30.57103,0.0,0.0,0.0,NA,0.0,0.0
SCHOOL_4276,0,0,0,0,0,0,0,0,0,0,1,3288000.0,-20.332540000000005,30.80563,0.0,0.0,0.0,NA,0.0,0.0
SCHOOL_4277,0,0,0,0,0,0,0,0,0,0,1,3036000.0,-20.304990000000004,30.75232,0.0,0.0,0.0,NA,0.0,0.0
SCHOOL_4278,0,0,0,0,0,0,0,0,0,0,1,3084000.0,-20.291849999999997,30.78113,0.0,0.0,0.0,NA,0.0,0.0
SCHOOL_4279,0,0,0,0,0,0,0,0,0,0,1,5868000.0,-20.291159999999998,30.84238,0.0,0.0,0.0,NA,0.0,0.0
SCHOOL_4280,0,0,0,0,0,0,0,0,0,0,1,6048000.0,-20.28958,30.82423,0.0,0.0,0.0,NA,0.0,0.0
SCHOOL_4281,0,0,0,0,0,0,0,0,0,0,1,9072000.0,-20.282919999999994,30.74897,0.0,0.0,0.0,NA,0.0,0.0
SCHOOL_4282,0,0,0,0,0,0,0,0,0,0,1,7704000.0,-20.262570000000004,30.742090000000005,0.0,0.0,0.0,NA,0.0,0.0
SCHOOL_4283,0,0,0,0,0,0,0,0,0,0,1,6072000.0,-20.221929999999997,30.84926,0.0,0.0,0.0,NA,0.0,0.0
SCHOOL_4284,0,0,0,0,0,0,0,0,0,0,1,2484000.0,-20.189620000000005,30.811750000000004,0.0,0.0,0.0,NA,0.0,0.0
SCHOOL_4285,0,0,0,0,0,0,0,0,0,0,1,12000000.0,-20.172769999999993,30.82736,0.0,0.0,0.0,NA,0.0,0.0
SCHOOL_4286,0,0,0,0,0,0,0,0,0,0,2,6576000.0,-20.241684999987786,30.518060000238407,0.0,0.0,0.0,NA,0.0,0.0
SCHOOL_4287,0,0,0,0,0,0,0,0,0,0,1,4956000.0,-20.234979999999997,30.45764,0.0,0.0,0.0,NA,0.0,0.0
SCHOOL_4288,0,0,0,0,0,0,0,0,0,0,1,5484000.0,-20.228400000000004,30.469100000000005,0.0,0.0,0.0,NA,0.0,0.0
SCHOOL_4289,0,0,0,0,0,0,0,0,0,0,1,2040000.0,-20.186900000000005,30.57208,0.0,0.0,0.0,NA,0.0,0.0
SCHOOL_4290,0,0,0,0,0,0,0,0,0,0,1,3492000.0,-20.17096,30.458629999999996,0.0,0.0,0.0,NA,0.0,0.0
SCHOOL_4291,0,0,0,0,0,0,0,0,0,0,1,5760000.0,-20.07929,30.462430000000005,0.0,0.0,0.0,NA,0.0,0.0
SCHOOL_4292,0,0,0,0,0,0,0,0,0,0,2,9816000.0,-20.040305000308734,30.481289998333782,0.0,0.0,0.0,NA,0.0,0.0
SCHOOL_4293,0,0,0,0,0,0,0,0,0,0,1,6036000.0,-20.032619999999998,30.470750000000002,0.0,0.0,0.0,NA,0.0,0.0
SCHOOL_4294,0,0,0,0,0,0,0,0,0,0,1,5172000.0,-20.20735,30.71409,0.0,0.0,0.0,NA,0.0,0.0
SCHOOL_4295,0,0,0,0,0,0,0,0,0,0,1,7380000.0,-20.19183999999999,30.594510000000003,0.0,0.0,0.0,NA,0.0,0.0
SCHOOL_4296,0,0,0,0,0,0,0,0,0,0,1,6564000.0,-20.045060000000007,30.687390000000004,0.0,0.0,0.0,NA,0.0,0.0
SCHOOL_4297,0,0,0,0,0,0,0,0,0,0,3,16824000.0,-20.044345001263444,30.680104999188178,0.0,0.0,0.0,NA,0.0,0.0
SCHOOL_4298,0,0,0,0,0,0,0,0,0,0,1,3768000.0,-19.965850000000007,30.698969999999996,0.0,0.0,0.0,NA,0.0,0.0
SCHOOL_4299,0,0,0,0,0,0,0,0,0,0,1,7824000.0,-19.960940000000004,30.696479999999998,0.0,0.0,0.0,NA,0.0,0.0
SCHOOL_4300,0,0,0,0,0,0,0,0,0,0,1,3612000.0,-19.89984,30.65008,0.0,0.0,0.0,NA,0.0,0.0
SCHOOL_4301,0,0,0,0,0,0,0,0,0,0,1,840000.0,-19.877939999999995,30.57671,0.0,0.0,0.0,NA,0.0,0.0
SCHOOL_4302,0,0,0,0,0,0,0,0,0,0,1,5124000.0,-20.052229999999998,30.8468,0.0,0.0,0.0,NA,0.0,0.0
SCHOOL_4303,0,0,0,0,0,0,0,0,0,0,1,1488000.0,-20.040380000000006,30.73107,0.0,0.0,0.0,NA,0.0,0.0
SCHOOL_4304,0,0,0,0,0,0,0,0,0,0,1,10800000.0,-19.955539999999996,30.77145,0.0,0.0,0.0,NA,0.0,0.0
SCHOOL_4305,0,0,0,0,0,0,0,0,0,0,1,12000000.0,-19.95297,30.82184,0.0,0.0,0.0,NA,0.0,0.0
SCHOOL_4306,0,0,0,0,0,0,0,0,0,0,1,1620000.0,-19.94915,30.830140000000004,0.0,0.0,0.0,NA,0.0,0.0
SCHOOL_4307,0,0,0,0,0,0,0,0,0,0,1,12000000.0,-19.946409999999997,30.75886,0.0,0.0,0.0,NA,0.0,0.0
SCHOOL_4308,0,0,0,0,0,0,0,0,0,0,1,2880000.0,-19.94225,30.837400000000002,0.0,0.0,0.0,NA,0.0,0.0
SCHOOL_4309,0,0,0,0,0,0,0,0,0,0,2,8184000.0,-19.89974999999637,30.75925500032539,0.0,0.0,0.0,NA,0.0,0.0
SCHOOL_4310,0,0,0,0,0,0,0,0,0,0,1,732000.0,-19.85699,30.84039,0.0,0.0,0.0,NA,0.0,0.0
SCHOOL_4311,0,0,0,0,0,0,0,0,0,0,1,2040000.0,-19.808809999999998,30.732320000000005,0.0,0.0,0.0,NA,0.0,0.0
SCHOOL_4312,0,0,0,0,0,0,0,0,0,0,1,1332000.0,-19.808560000000007,30.729690000000005,0.0,0.0,0.0,NA,0.0,0.0
SCHOOL_4313,0,0,0,0,0,0,0,0,0,0,1,744000.0,-19.785959999999992,30.821330000000003,0.0,0.0,0.0,NA,0.0,0.0
SCHOOL_4314,0,0,0,0,0,0,0,0,0,0,2,7620000.0,-19.97169000307059,30.558969997338536,0.0,0.0,0.0,NA,0.0,0.0
SCHOOL_4315,0,0,0,0,0,0,0,0,0,0,1,840000.0,-19.924230000000005,30.50237,0.0,0.0,0.0,NA,0.0,0.0
SCHOOL_4316,0,0,0,0,0,0,0,0,0,0,1,864000.0,-19.872249999999994,30.527530000000002,0.0,0.0,0.0,NA,0.0,0.0
SCHOOL_4317,0,0,0,0,0,0,0,0,0,0,1,1368000.0,-19.867800000000003,30.522229999999997,0.0,0.0,0.0,NA,0.0,0.0
SCHOOL_4318,0,0,0,0,0,0,0,0,0,0,1,3516000.0,-19.822929999999996,30.53539,0.0,0.0,0.0,NA,0.0,0.0
SCHOOL_4319,0,0,0,0,0,0,0,0,0,0,1,6084000.0,-19.818579999999997,30.51969,0.0,0.0,0.0,NA,0.0,0.0
SCHOOL_4320,0,0,0,0,0,0,0,0,0,0,1,5424000.0,-19.77594999999999,30.50906,0.0,0.0,0.0,NA,0.0,0.0
SCHOOL_4321,0,0,0,0,0,0,0,0,0,0,1,2628000.0,-19.76535,30.531759999999995,0.0,0.0,0.0,NA,0.0,0.0
SCHOOL_4322,0,0,0,0,0,0,0,0,0,0,1,3828000.0,-19.737219999999997,30.570020000000003,0.0,0.0,0.0,NA,0.0,0.0
SCHOOL_4323,0,0,0,0,0,0,0,0,0,0,1,11328000.0,-20.49572999999999,29.814760000000003,0.0,0.0,0.0,NA,0.0,0.0
SCHOOL_4324,0,0,0,0,0,0,0,0,0,0,1,2172000.0,-20.492289999999997,29.80458,0.0,0.0,0.0,NA,0.0,0.0
SCHOOL_4325,0,0,0,0,0,0,0,0,0,0,1,4512000.0,-20.484919999999995,29.904700000000002,0.0,0.0,0.0,NA,0.0,0.0
SCHOOL_4326,0,0,0,0,0,0,0,0,0,0,1,12000000.0,-20.47378,29.903610000000004,0.0,0.0,0.0,NA,0.0,0.0
SCHOOL_4327,0,0,0,0,0,0,0,0,0,0,1,12000000.0,-20.45580999999999,29.815970000000004,0.0,0.0,0.0,NA,0.0,0.0
SCHOOL_4328,0,0,0,0,0,0,0,0,0,0,1,7356000.0,-20.42935,29.819450000000003,0.0,0.0,0.0,NA,0.0,0.0
SCHOOL_4329,0,0,0,0,0,0,0,0,0,0,1,3084000.0,-20.393129999999996,29.847940000000005,0.0,0.0,0.0,NA,0.0,0.0
SCHOOL_4330,0,0,0,0,0,0,0,0,0,0,1,7380000.0,-20.37178,29.860010000000003,0.0,0.0,0.0,NA,0.0,0.0
SCHOOL_4331,0,0,0,0,0,0,0,0,0,0,1,9876000.0,-20.334350000000004,29.89681,0.0,0.0,0.0,NA,0.0,0.0
SCHOOL_4332,0,0,0,0,0,0,0,0,0,0,1,3012000.0,-20.32053,29.88614,0.0,0.0,0.0,NA,0.0,0.0
SCHOOL_4333,0,0,0,0,0,0,0,0,0,0,1,3300000.0,-20.31089,29.92562,0.0,0.0,0.0,NA,0.0,0.0
SCHOOL_4334,0,0,0,0,0,0,0,0,0,0,1,3924000.0,-20.30154999999999,29.91988,0.0,0.0,0.0,NA,0.0,0.0
SCHOOL_4335,0,0,0,0,0,0,0,0,0,0,1,2316000.0,-20.275190000000002,29.79987,0.0,0.0,0.0,NA,0.0,0.0
SCHOOL_4336,0,0,0,0,0,0,0,0,0,0,1,3768000.0,-20.252,29.8689,0.0,0.0,0.0,NA,0.0,0.0
SCHOOL_4337,0,0,0,0,0,0,0,0,0,0,1,4740000.0,-20.20784,29.92544,0.0,0.0,0.0,NA,0.0,0.0
SCHOOL_4338,0,0,0,0,0,0,0,0,0,0,1,3468000.0,-20.20259,29.880820000000003,0.0,0.0,0.0,NA,0.0,0.0
SCHOOL_4339,0,0,0,0,0,0,0,0,0,0,1,6816000.0,-20.196840000000005,29.91882,0.0,0.0,0.0,NA,0.0,0.0
SCHOOL_4340,0,0,0,0,0,0,0,0,0,0,1,7548000.0,-20.15762,29.90261,0.0,0.0,0.0,NA,0.0,0.0
SCHOOL_4341,0,0,0,0,0,0,0,0,0,0,1,3372000.0,-20.127050000000004,29.861310000000003,0.0,0.0,0.0,NA,0.0,0.0
SCHOOL_4342,0,0,0,0,0,0,0,0,0,0,1,7188000.0,-20.112179999999995,29.93137,0.0,0.0,0.0,NA,0.0,0.0
SCHOOL_4343,0,0,0,0,0,0,0,0,0,0,1,5340000.0,-20.110969999999988,29.956420000000005,0.0,0.0,0.0,NA,0.0,0.0
SCHOOL_4344,0,0,0,0,0,0,0,0,0,0,1,5712000.0,-20.086220000000004,30.048470000000002,0.0,0.0,0.0,NA,0.0,0.0
SCHOOL_4345,0,0,0,0,0,0,0,0,0,0,1,2820000.0,-20.044040000000003,30.014969999999998,0.0,0.0,0.0,NA,0.0,0.0
SCHOOL_4346,0,0,0,0,0,0,0,0,0,0,1,2808000.0,-20.02924,29.98065,0.0,0.0,0.0,NA,0.0,0.0
SCHOOL_4347,0,0,0,0,0,0,0,0,0,0,1,6444000.0,-20.020329999999998,29.9756,0.0,0.0,0.0,NA,0.0,0.0
SCHOOL_4348,0,0,0,0,0,0,0,0,0,0,1,4308000.0,-20.01812999999999,29.9922,0.0,0.0,0.0,NA,0.0,0.0
SCHOOL_4349,0,0,0,0,0,0,0,0,0,0,1,4632000.0,-20.001559999999998,30.052930000000003,0.0,0.0,0.0,NA,0.0,0.0
SCHOOL_4350,0,0,0,0,0,0,0,0,0,0,1,7308000.0,-19.996029999999998,30.034970000000005,0.0,0.0,0.0,NA,0.0,0.0
SCHOOL_4351,0,0,0,0,0,0,0,0,0,0,1,2880000.0,-19.9667,30.00934,0.0,0.0,0.0,NA,0.0,0.0
SCHOOL_4352,0,0,0,0,0,0,0,0,0,0,1,7920000.0,-19.92941,30.05111,0.0,0.0,0.0,NA,0.0,0.0
SCHOOL_4353,0,0,0,0,0,0,0,0,0,0,1,6672000.0,-20.233359999999994,29.692959999999996,0.0,0.0,0.0,NA,0.0,0.0
SCHOOL_4354,0,0,0,0,0,0,0,0,0,0,1,5688000.0,-20.16791,29.766699999999997,0.0,0.0,0.0,NA,0.0,0.0
SCHOOL_4355,0,0,0,0,0,0,0,0,0,0,2,14592000.0,-20.100290000302792,29.701754999852565,0.0,0.0,0.0,NA,0.0,0.0
SCHOOL_4356,0,0,0,0,0,0,0,0,0,0,2,13020000.0,-20.033620000000102,29.77451000000156,0.0,0.0,0.0,NA,0.0,0.0
SCHOOL_4357,0,0,0,0,0,0,0,0,0,0,1,7692000.0,-20.031229999999997,29.69612,0.0,0.0,0.0,NA,0.0,0.0
SCHOOL_4358,0,0,0,0,0,0,0,0,0,0,1,1980000.0,-19.90512,29.723990000000004,0.0,0.0,0.0,NA,0.0,0.0
SCHOOL_4359,0,0,0,0,0,0,0,0,0,0,1,1404000.0,-19.712749999999996,29.78984,0.0,0.0,0.0,NA,0.0,0.0
SCHOOL_4360,0,0,0,0,0,0,0,0,0,0,1,4008000.0,-19.694899999999997,29.6708,0.0,0.0,0.0,NA,0.0,0.0
SCHOOL_4361,0,0,0,0,0,0,0,0,0,0,1,5448000.0,-20.076239999999995,29.93036,0.0,0.0,0.0,NA,0.0,0.0
SCHOOL_4362,0,0,0,0,0,0,0,0,0,0,1,5160000.0,-20.026929999999997,29.87459,0.0,0.0,0.0,NA,0.0,0.0
SCHOOL_4363,0,0,0,0,0,0,0,0,0,0,1,10224000.0,-19.936810000000005,29.803199999999997,0.0,0.0,0.0,NA,0.0,0.0
SCHOOL_4364,0,0,0,0,0,0,0,0,0,0,3,13896000.0,-19.911293333334584,29.885150000053102,0.0,0.0,0.0,NA,0.0,0.0
SCHOOL_4365,0,0,0,0,0,0,0,0,0,0,1,2892000.0,-19.81822,29.81447,0.0,0.0,0.0,NA,0.0,0.0
SCHOOL_4366,0,0,0,0,0,0,0,0,0,0,1,2856000.0,-19.744440000000004,29.91668,0.0,0.0,0.0,NA,0.0,0.0
SCHOOL_4367,0,0,0,0,0,0,0,0,0,0,1,3300000.0,-19.617049999999995,29.863760000000003,0.0,0.0,0.0,NA,0.0,0.0
SCHOOL_4368,0,0,0,0,0,0,0,0,0,0,1,10140000.0,-19.532690000000002,29.931829999999998,0.0,0.0,0.0,NA,0.0,0.0
SCHOOL_4369,0,0,0,0,0,0,0,0,0,0,1,3240000.0,-19.86377,30.012180000000004,0.0,0.0,0.0,NA,0.0,0.0
SCHOOL_4370,0,0,0,0,0,0,0,0,0,0,1,3420000.0,-19.840820000000008,29.963120000000004,0.0,0.0,0.0,NA,0.0,0.0
SCHOOL_4371,0,0,0,0,0,0,0,0,0,0,1,2268000.0,-19.84025,29.966099999999997,0.0,0.0,0.0,NA,0.0,0.0
SCHOOL_4372,0,0,0,0,0,0,0,0,0,0,1,4500000.0,-19.79257,29.986790000000003,0.0,0.0,0.0,NA,0.0,0.0
SCHOOL_4373,0,0,0,0,0,0,0,0,0,0,1,7524000.0,-19.748779999999996,30.02122,0.0,0.0,0.0,NA,0.0,0.0
SCHOOL_4374,0,0,0,0,0,0,0,0,0,0,1,7308000.0,-19.682130000000004,29.946400000000004,0.0,0.0,0.0,NA,0.0,0.0
SCHOOL_4375,0,0,0,0,0,0,0,0,0,0,1,11592000.0,-19.680030000000002,30.015009999999997,0.0,0.0,0.0,NA,0.0,0.0
SCHOOL_4376,0,0,0,0,0,0,0,0,0,0,2,15816000.0,-19.675155001485074,30.00968499854809,0.0,0.0,0.0,NA,0.0,0.0
SCHOOL_4377,0,0,0,0,0,0,0,0,0,0,1,7548000.0,-19.670560000000002,30.03868,0.0,0.0,0.0,NA,0.0,0.0
SCHOOL_4378,0,0,0,0,0,0,0,0,0,0,1,5184000.0,-19.67016,29.968609999999998,0.0,0.0,0.0,NA,0.0,0.0
SCHOOL_4379,0,0,0,0,0,0,0,0,0,0,1,2688000.0,-19.660579999999992,29.97476,0.0,0.0,0.0,NA,0.0,0.0
SCHOOL_4380,0,0,0,0,0,0,0,0,0,0,1,12000000.0,-19.647100000000002,30.006790000000002,0.0,0.0,0.0,NA,0.0,0.0
SCHOOL_4381,0,0,0,0,0,0,0,0,0,0,1,4284000.0,-19.559209999999997,30.04564,0.0,0.0,0.0,NA,0.0,0.0
SCHOOL_4382,0,0,0,0,0,0,0,0,0,0,2,3468000.0,-19.55612500000178,29.943495000012657,0.0,0.0,0.0,NA,0.0,0.0
SCHOOL_4383,0,0,0,0,0,0,0,0,0,0,1,4092000.0,-19.445390000000003,30.05282,0.0,0.0,0.0,NA,0.0,0.0
SCHOOL_4384,0,0,0,0,0,0,0,0,0,0,2,9576000.0,-19.442095000000055,29.977825000000152,0.0,0.0,0.0,NA,0.0,0.0
SCHOOL_4385,0,0,0,0,0,0,0,0,0,0,1,1236000.0,-19.639779999999984,29.762,0.0,0.0,0.0,NA,0.0,0.0
SCHOOL_4386,0,0,0,0,0,0,0,0,0,0,1,4644000.0,-19.588839999999998,29.729640000000003,0.0,0.0,0.0,NA,0.0,0.0
SCHOOL_4387,0,0,0,0,0,0,0,0,0,0,1,12000000.0,-19.52781,29.93449,0.0,0.0,0.0,NA,0.0,0.0
SCHOOL_4388,0,0,0,0,0,0,0,0,0,0,1,10872000.0,-19.514530000000008,29.848969999999998,0.0,0.0,0.0,NA,0.0,0.0
SCHOOL_4389,0,0,0,0,0,0,0,0,0,0,1,5520000.0,-19.497779999999995,29.844930000000005,0.0,0.0,0.0,NA,0.0,0.0
SCHOOL_4390,0,0,0,0,0,0,0,0,0,0,1,12000000.0,-19.496039999999997,29.83537,0.0,0.0,0.0,NA,0.0,0.0
SCHOOL_4391,0,0,0,0,0,0,0,0,0,0,2,5508000.0,-19.606729999999995,29.543030000000005,0.0,0.0,0.0,NA,0.0,0.0
SCHOOL_4392,0,0,0,0,0,0,0,0,0,0,1,1956000.0,-19.547860000000004,29.640449999999998,0.0,0.0,0.0,NA,0.0,0.0
SCHOOL_4393,0,0,0,0,0,0,0,0,0,0,1,840000.0,-19.468649999999993,29.533890000000003,0.0,0.0,0.0,NA,0.0,0.0
SCHOOL_4394,0,0,0,0,0,0,0,0,0,0,1,4428000.0,-19.443179999999998,29.60985,0.0,0.0,0.0,NA,0.0,0.0
SCHOOL_4395,0,0,0,0,0,0,0,0,0,0,1,10212000.0,-19.383540000000004,29.527880000000003,0.0,0.0,0.0,NA,0.0,0.0
SCHOOL_4396,0,0,0,0,0,0,0,0,0,0,1,8532000.0,-19.38256,29.53069,0.0,0.0,0.0,NA,0.0,0.0
SCHOOL_4397,0,0,0,0,0,0,0,0,0,0,1,9420000.0,-19.3761,29.5268,0.0,0.0,0.0,NA,0.0,0.0
SCHOOL_4398,0,0,0,0,0,0,0,0,0,0,1,3840000.0,-19.374220000000005,29.59627,0.0,0.0,0.0,NA,0.0,0.0
SCHOOL_4399,0,0,0,0,0,0,0,0,0,0,1,5928000.0,-19.367169999999998,29.597929999999998,0.0,0.0,0.0,NA,0.0,0.0
SCHOOL_4400,0,0,0,0,0,0,0,0,0,0,1,4260000.0,-19.84111,30.61512,0.0,0.0,0.0,NA,0.0,0.0
SCHOOL_4401,0,0,0,0,0,0,0,0,0,0,1,2808000.0,-19.83781,30.577200000000005,0.0,0.0,0.0,NA,0.0,0.0
SCHOOL_4402,0,0,0,0,0,0,0,0,0,0,1,5424000.0,-19.83577999999999,30.615139999999997,0.0,0.0,0.0,NA,0.0,0.0
SCHOOL_4403,0,0,0,0,0,0,0,0,0,0,1,3192000.0,-19.834079999999993,30.665869999999998,0.0,0.0,0.0,NA,0.0,0.0
SCHOOL_4404,0,0,0,0,0,0,0,0,0,0,1,3552000.0,-19.784870000000005,30.57874,0.0,0.0,0.0,NA,0.0,0.0
SCHOOL_4405,0,0,0,0,0,0,0,0,0,0,1,3828000.0,-19.780060000000002,30.607820000000004,0.0,0.0,0.0,NA,0.0,0.0
SCHOOL_4406,0,0,0,0,0,0,0,0,0,0,1,4236000.0,-19.779329999999998,30.683580000000003,0.0,0.0,0.0,NA,0.0,0.0
SCHOOL_4407,0,0,0,0,0,0,0,0,0,0,1,3600000.0,-19.77073,30.67708,0.0,0.0,0.0,NA,0.0,0.0
SCHOOL_4408,0,0,0,0,0,0,0,0,0,0,1,8856000.0,-19.732900000000008,30.62728,0.0,0.0,0.0,NA,0.0,0.0
SCHOOL_4409,0,0,0,0,0,0,0,0,0,0,1,3948000.0,-19.714109999999994,30.6687,0.0,0.0,0.0,NA,0.0,0.0
SCHOOL_4410,0,0,0,0,0,0,0,0,0,0,1,2232000.0,-19.73417,30.46888,0.0,0.0,0.0,NA,0.0,0.0
SCHOOL_4411,0,0,0,0,0,0,0,0,0,0,1,3852000.0,-19.71721,30.535690000000002,0.0,0.0,0.0,NA,0.0,0.0
SCHOOL_4412,0,0,0,0,0,0,0,0,0,0,1,1752000.0,-19.705139999999997,30.484420000000004,0.0,0.0,0.0,NA,0.0,0.0
SCHOOL_4413,0,0,0,0,0,0,0,0,0,0,1,5292000.0,-19.68928,30.503430000000005,0.0,0.0,0.0,NA,0.0,0.0
SCHOOL_4414,0,0,0,0,0,0,0,0,0,0,1,4140000.0,-19.661840000000005,30.542130000000004,0.0,0.0,0.0,NA,0.0,0.0
SCHOOL_4415,0,0,0,0,0,0,0,0,0,0,1,5340000.0,-19.659579999999995,30.488030000000002,0.0,0.0,0.0,NA,0.0,0.0
SCHOOL_4416,0,0,0,0,0,0,0,0,0,0,1,2592000.0,-19.648530000000004,30.48652,0.0,0.0,0.0,NA,0.0,0.0
SCHOOL_4417,0,0,0,0,0,0,0,0,0,0,1,4152000.0,-19.629860000000008,30.46038,0.0,0.0,0.0,NA,0.0,0.0
SCHOOL_4418,0,0,0,0,0,0,0,0,0,0,1,2124000.0,-19.61192,30.57376,0.0,0.0,0.0,NA,0.0,0.0
SCHOOL_4419,0,0,0,0,0,0,0,0,0,0,1,3588000.0,-19.609109999999994,30.52216,0.0,0.0,0.0,NA,0.0,0.0
SCHOOL_4420,0,0,0,0,0,0,0,0,0,0,1,612000.0,-19.78592,30.82544,0.0,0.0,0.0,NA,0.0,0.0
SCHOOL_4421,0,0,0,0,0,0,0,0,0,0,1,648000.0,-19.764349999999997,30.73411,0.0,0.0,0.0,NA,0.0,0.0
SCHOOL_4422,0,0,0,0,0,0,0,0,0,0,1,840000.0,-19.74609,30.81614,0.0,0.0,0.0,NA,0.0,0.0
SCHOOL_4423,0,0,0,0,0,0,0,0,0,0,1,4260000.0,-19.696730000000002,30.81099,0.0,0.0,0.0,NA,0.0,0.0
SCHOOL_4424,0,0,0,0,0,0,0,0,0,0,1,2712000.0,-19.69334,30.74559,0.0,0.0,0.0,NA,0.0,0.0
SCHOOL_4425,0,0,0,0,0,0,0,0,0,0,1,3720000.0,-19.637789999999992,30.840460000000004,0.0,0.0,0.0,NA,0.0,0.0
SCHOOL_4426,0,0,0,0,0,0,0,0,0,0,1,4620000.0,-19.62857,30.834260000000004,0.0,0.0,0.0,NA,0.0,0.0
SCHOOL_4427,0,0,0,0,0,0,0,0,0,0,1,5076000.0,-19.624119999999994,30.836589999999998,0.0,0.0,0.0,NA,0.0,0.0
SCHOOL_4428,0,0,0,0,0,0,0,0,0,0,1,7008000.0,-19.588069999999995,30.82571,0.0,0.0,0.0,NA,0.0,0.0
SCHOOL_4429,0,0,0,0,0,0,0,0,0,0,1,4116000.0,-19.549449999999986,30.79837,0.0,0.0,0.0,NA,0.0,0.0
SCHOOL_4430,0,0,0,0,0,0,0,0,0,0,1,3708000.0,-19.690859999999994,30.58799,0.0,0.0,0.0,NA,0.0,0.0
SCHOOL_4431,0,0,0,0,0,0,0,0,0,0,1,4560000.0,-19.670830000000002,30.61447,0.0,0.0,0.0,NA,0.0,0.0
SCHOOL_4432,0,0,0,0,0,0,0,0,0,0,1,6960000.0,-19.6684,30.60777,0.0,0.0,0.0,NA,0.0,0.0
SCHOOL_4433,0,0,0,0,0,0,0,0,0,0,1,3960000.0,-19.64834,30.67429,0.0,0.0,0.0,NA,0.0,0.0
SCHOOL_4434,0,0,0,0,0,0,0,0,0,0,1,1380000.0,-19.61203,30.639020000000002,0.0,0.0,0.0,NA,0.0,0.0
SCHOOL_4435,0,0,0,0,0,0,0,0,0,0,1,3768000.0,-19.58496,30.66474,0.0,0.0,0.0,NA,0.0,0.0
SCHOOL_4436,0,0,0,0,0,0,0,0,0,0,1,2520000.0,-19.576399999999992,30.61279,0.0,0.0,0.0,NA,0.0,0.0
SCHOOL_4437,0,0,0,0,0,0,0,0,0,0,1,7116000.0,-19.572629999999993,30.582510000000003,0.0,0.0,0.0,NA,0.0,0.0
SCHOOL_4438,0,0,0,0,0,0,0,0,0,0,1,3576000.0,-19.55337,30.65863,0.0,0.0,0.0,NA,0.0,0.0
SCHOOL_4439,0,0,0,0,0,0,0,0,0,0,1,4464000.0,-19.56532,30.57157,0.0,0.0,0.0,NA,0.0,0.0
SCHOOL_4440,0,0,0,0,0,0,0,0,0,0,1,2244000.0,-19.56337,30.449070000000003,0.0,0.0,0.0,NA,0.0,0.0
SCHOOL_4441,0,0,0,0,0,0,0,0,0,0,1,4644000.0,-19.55336,30.51377,0.0,0.0,0.0,NA,0.0,0.0
SCHOOL_4442,0,0,0,0,0,0,0,0,0,0,1,5808000.0,-19.547459999999997,30.49886,0.0,0.0,0.0,NA,0.0,0.0
SCHOOL_4443,0,0,0,0,0,0,0,0,0,0,1,3492000.0,-19.539890000000003,30.47259,0.0,0.0,0.0,NA,0.0,0.0
SCHOOL_4444,0,0,0,0,0,0,0,0,0,0,1,3528000.0,-19.51561,30.48751,0.0,0.0,0.0,NA,0.0,0.0
SCHOOL_4445,0,0,0,0,0,0,0,0,0,0,1,5292000.0,-19.513040000000004,30.55753,0.0,0.0,0.0,NA,0.0,0.0
SCHOOL_4446,0,0,0,0,0,0,0,0,0,0,1,732000.0,-19.50272,30.44722,0.0,0.0,0.0,NA,0.0,0.0
SCHOOL_4447,0,0,0,0,0,0,0,0,0,0,1,3312000.0,-19.475049999999996,30.48174,0.0,0.0,0.0,NA,0.0,0.0
SCHOOL_4448,0,0,0,0,0,0,0,0,0,0,1,5004000.0,-19.469760000000004,30.493329999999997,0.0,0.0,0.0,NA,0.0,0.0
SCHOOL_4449,0,0,0,0,0,0,0,0,0,0,1,5700000.0,-19.55160999999999,30.644590000000004,0.0,0.0,0.0,NA,0.0,0.0
SCHOOL_4450,0,0,0,0,0,0,0,0,0,0,1,4416000.0,-19.52225,30.607030000000005,0.0,0.0,0.0,NA,0.0,0.0
SCHOOL_4451,0,0,0,0,0,0,0,0,0,0,1,9576000.0,-19.521779999999993,30.68551,0.0,0.0,0.0,NA,0.0,0.0
SCHOOL_4452,0,0,0,0,0,0,0,0,0,0,1,1836000.0,-19.455029999999997,30.70979,0.0,0.0,0.0,NA,0.0,0.0
SCHOOL_4453,0,0,0,0,0,0,0,0,0,0,1,5880000.0,-19.41687,30.67328,0.0,0.0,0.0,NA,0.0,0.0
SCHOOL_4454,0,0,0,0,0,0,0,0,0,0,1,4272000.0,-19.416749999999993,30.709629999999997,0.0,0.0,0.0,NA,0.0,0.0
SCHOOL_4455,0,0,0,0,0,0,0,0,0,0,1,912000.0,-19.359760000000005,30.70505,0.0,0.0,0.0,NA,0.0,0.0
SCHOOL_4456,0,0,0,0,0,0,0,0,0,0,1,2868000.0,-19.292009999999998,30.71228,0.0,0.0,0.0,NA,0.0,0.0
SCHOOL_4457,0,0,0,0,0,0,0,0,0,0,1,2664000.0,-19.241309999999988,30.667649999999995,0.0,0.0,0.0,NA,0.0,0.0
SCHOOL_4458,0,0,0,0,0,0,0,0,0,0,1,3060000.0,-19.240389999999998,30.583780000000004,0.0,0.0,0.0,NA,0.0,0.0
SCHOOL_4459,0,0,0,0,0,0,0,0,0,0,1,4440000.0,-19.45148,30.51238,0.0,0.0,0.0,NA,0.0,0.0
SCHOOL_4460,0,0,0,0,0,0,0,0,0,0,1,4260000.0,-19.44481,30.504399999999997,0.0,0.0,0.0,NA,0.0,0.0
SCHOOL_4461,0,0,0,0,0,0,0,0,0,0,1,3456000.0,-19.380849999999995,30.55778,0.0,0.0,0.0,NA,0.0,0.0
SCHOOL_4462,0,0,0,0,0,0,0,0,0,0,1,1260000.0,-19.371969999999994,30.56934,0.0,0.0,0.0,NA,0.0,0.0
SCHOOL_4463,0,0,0,0,0,0,0,0,0,0,1,3012000.0,-19.312759999999994,30.496299999999998,0.0,0.0,0.0,NA,0.0,0.0
SCHOOL_4464,0,0,0,0,0,0,0,0,0,0,1,6084000.0,-19.281749999999995,30.53271,0.0,0.0,0.0,NA,0.0,0.0
SCHOOL_4465,0,0,0,0,0,0,0,0,0,0,1,11376000.0,-19.27325,30.50802,0.0,0.0,0.0,NA,0.0,0.0
SCHOOL_4466,0,0,0,0,0,0,0,0,0,0,1,6000000.0,-19.211019999999994,30.550970000000003,0.0,0.0,0.0,NA,0.0,0.0
SCHOOL_4467,0,0,0,0,0,0,0,0,0,0,1,3864000.0,-19.520019999999995,30.847820000000002,0.0,0.0,0.0,NA,0.0,0.0
SCHOOL_4468,0,0,0,0,0,0,0,0,0,0,1,3552000.0,-19.51949,30.76404,0.0,0.0,0.0,NA,0.0,0.0
SCHOOL_4469,0,0,0,0,0,0,0,0,0,0,1,2760000.0,-19.465919999999997,30.781950000000002,0.0,0.0,0.0,NA,0.0,0.0
SCHOOL_4470,0,0,0,0,0,0,0,0,0,0,1,2832000.0,-19.42246,30.84421,0.0,0.0,0.0,NA,0.0,0.0
SCHOOL_4471,0,0,0,0,0,0,0,0,0,0,1,2736000.0,-19.410630000000005,30.782790000000002,0.0,0.0,0.0,NA,0.0,0.0
SCHOOL_4472,0,0,0,0,0,0,0,0,0,0,1,4476000.0,-19.18346,30.76403,0.0,0.0,0.0,NA,0.0,0.0
SCHOOL_4473,0,0,0,0,0,0,0,0,0,0,1,2868000.0,-19.182139999999993,30.71997,0.0,0.0,0.0,NA,0.0,0.0
SCHOOL_4474,0,0,0,0,0,0,0,0,0,0,1,3156000.0,-19.15895,30.836000000000002,0.0,0.0,0.0,NA,0.0,0.0
SCHOOL_4475,0,0,0,0,0,0,0,0,0,0,1,1932000.0,-19.13155,30.83496,0.0,0.0,0.0,NA,0.0,0.0
SCHOOL_4476,0,0,0,0,0,0,0,0,0,0,1,1956000.0,-19.077249999999996,30.774190000000004,0.0,0.0,0.0,NA,0.0,0.0
SCHOOL_4477,0,0,0,0,0,0,0,0,0,0,1,1188000.0,-19.228889999999996,30.69196,0.0,0.0,0.0,NA,0.0,0.0
SCHOOL_4478,0,0,0,0,0,0,0,0,0,0,1,3984000.0,-19.14955,30.65332,0.0,0.0,0.0,NA,0.0,0.0
SCHOOL_4479,0,0,0,0,0,0,0,0,0,0,1,3456000.0,-19.145370000000007,30.653710000000004,0.0,0.0,0.0,NA,0.0,0.0
SCHOOL_4480,0,0,0,0,0,0,0,0,0,0,1,2616000.0,-19.013169999999995,30.714960000000005,0.0,0.0,0.0,NA,0.0,0.0
SCHOOL_4481,0,0,0,0,0,0,0,0,0,0,1,708000.0,-18.951419999999995,30.57559,0.0,0.0,0.0,NA,0.0,0.0
SCHOOL_4482,0,0,0,0,0,0,0,0,0,0,1,3264000.0,-18.91595,30.62083,0.0,0.0,0.0,NA,0.0,0.0
SCHOOL_4483,0,0,0,0,0,0,0,0,0,0,2,2784000.0,-18.880290000000063,30.597829999999128,0.0,0.0,0.0,NA,0.0,0.0
SCHOOL_4484,0,0,0,0,0,0,0,0,0,0,1,1848000.0,-18.794399999999992,30.64536,0.0,0.0,0.0,NA,0.0,0.0
SCHOOL_4485,0,0,0,0,0,0,0,0,0,0,1,876000.0,-18.732029999999995,30.67551,0.0,0.0,0.0,NA,0.0,0.0
SCHOOL_4486,0,0,0,0,0,0,0,0,0,0,2,8196000.0,-19.004625000011377,30.5520850000511,0.0,0.0,0.0,NA,0.0,0.0
SCHOOL_4487,0,0,0,0,0,0,0,0,0,0,1,4464000.0,-18.927249999999997,30.52891,0.0,0.0,0.0,NA,0.0,0.0
SCHOOL_4488,0,0,0,0,0,0,0,0,0,0,1,4464000.0,-18.8657,30.438400000000005,0.0,0.0,0.0,NA,0.0,0.0
SCHOOL_4489,0,0,0,0,0,0,0,0,0,0,1,3396000.0,-18.82618,30.44323,0.0,0.0,0.0,NA,0.0,0.0
SCHOOL_4490,0,0,0,0,0,0,0,0,0,0,1,3252000.0,-18.817340000000005,30.475679999999997,0.0,0.0,0.0,NA,0.0,0.0
SCHOOL_4491,0,0,0,0,0,0,0,0,0,0,1,3648000.0,-18.782860000000003,30.46965,0.0,0.0,0.0,NA,0.0,0.0
SCHOOL_4492,0,0,0,0,0,0,0,0,0,0,1,6288000.0,-18.77307999999999,30.552400000000002,0.0,0.0,0.0,NA,0.0,0.0
SCHOOL_4493,0,0,0,0,0,0,0,0,0,0,1,7068000.0,-18.739479999999997,30.57347,0.0,0.0,0.0,NA,0.0,0.0
SCHOOL_4494,0,0,0,0,0,0,0,0,0,0,1,5688000.0,-18.730679999999996,30.571220000000004,0.0,0.0,0.0,NA,0.0,0.0
SCHOOL_4495,0,0,0,0,0,0,0,0,0,0,1,12000000.0,-19.437079999999998,29.783560000000005,0.0,0.0,0.0,NA,0.0,0.0
SCHOOL_4496,0,0,0,0,0,0,0,0,0,0,1,792000.0,-19.393379999999997,29.686340000000005,0.0,0.0,0.0,NA,0.0,0.0
SCHOOL_4497,0,0,0,0,0,0,0,0,0,0,1,1944000.0,-19.323739999999994,29.713949999999997,0.0,0.0,0.0,NA,0.0,0.0
SCHOOL_4498,0,0,0,0,0,0,0,0,0,0,1,2640000.0,-19.2767,29.672729999999998,0.0,0.0,0.0,NA,0.0,0.0
SCHOOL_4499,0,0,0,0,0,0,0,0,0,0,1,1416000.0,-19.249970000000005,29.744839999999996,0.0,0.0,0.0,NA,0.0,0.0
SCHOOL_4500,0,0,0,0,0,0,0,0,0,0,2,8544000.0,-19.40464500063989,29.948160000476417,0.0,0.0,0.0,NA,0.0,0.0
SCHOOL_4501,0,0,0,0,0,0,0,0,0,0,1,4008000.0,-19.362659999999995,30.043259999999997,0.0,0.0,0.0,NA,0.0,0.0
SCHOOL_4502,0,0,0,0,0,0,0,0,0,0,1,11796000.0,-19.358889999999995,30.00873,0.0,0.0,0.0,NA,0.0,0.0
SCHOOL_4503,0,0,0,0,0,0,0,0,0,0,1,1872000.0,-19.331029999999995,30.00275,0.0,0.0,0.0,NA,0.0,0.0
SCHOOL_4504,0,0,0,0,0,0,0,0,0,0,1,2340000.0,-19.298290000000005,30.03503,0.0,0.0,0.0,NA,0.0,0.0
SCHOOL_4505,0,0,0,0,0,0,0,0,0,0,1,3504000.0,-19.244930000000004,29.95153,0.0,0.0,0.0,NA,0.0,0.0
SCHOOL_4506,0,0,0,0,0,0,0,0,0,0,1,9012000.0,-19.24218,29.95208,0.0,0.0,0.0,NA,0.0,0.0
SCHOOL_4507,0,0,0,0,0,0,0,0,0,0,1,1884000.0,-19.214360000000006,29.99146,0.0,0.0,0.0,NA,0.0,0.0
SCHOOL_4508,0,0,0,0,0,0,0,0,0,0,2,11196000.0,-19.422435,29.82340999999999,0.0,0.0,0.0,NA,0.0,0.0
SCHOOL_4509,0,0,0,0,0,0,0,0,0,0,1,10104000.0,-19.396830000000005,29.827,0.0,0.0,0.0,NA,0.0,0.0
SCHOOL_4510,0,0,0,0,0,0,0,0,0,0,1,4332000.0,-19.395140000000005,29.83553,0.0,0.0,0.0,NA,0.0,0.0
SCHOOL_4511,0,0,0,0,0,0,0,0,0,0,1,1668000.0,-19.344770000000004,29.907739999999997,0.0,0.0,0.0,NA,0.0,0.0
SCHOOL_4512,0,0,0,0,0,0,0,0,0,0,1,3336000.0,-19.313109999999995,29.820500000000003,0.0,0.0,0.0,NA,0.0,0.0
SCHOOL_4513,0,0,0,0,0,0,0,0,0,0,1,3348000.0,-19.290409999999998,29.90347,0.0,0.0,0.0,NA,0.0,0.0
SCHOOL_4514,0,0,0,0,0,0,0,0,0,0,1,8928000.0,-19.286,29.902860000000004,0.0,0.0,0.0,NA,0.0,0.0
SCHOOL_4515,0,0,0,0,0,0,0,0,0,0,2,17448000.0,-19.228575000507448,29.90020000122679,0.0,0.0,0.0,NA,0.0,0.0
SCHOOL_4516,0,0,0,0,0,0,0,0,0,0,1,636000.0,-19.214120000000005,30.055880000000002,0.0,0.0,0.0,NA,0.0,0.0
SCHOOL_4517,0,0,0,0,0,0,0,0,0,0,1,7464000.0,-19.212300000000003,29.99365,0.0,0.0,0.0,NA,0.0,0.0
SCHOOL_4518,0,0,0,0,0,0,0,0,0,0,1,996000.0,-19.199319999999997,30.03893,0.0,0.0,0.0,NA,0.0,0.0
SCHOOL_4519,0,0,0,0,0,0,0,0,0,0,2,9984000.0,-19.18430499999753,29.987925000058954,0.0,0.0,0.0,NA,0.0,0.0
SCHOOL_4520,0,0,0,0,0,0,0,0,0,0,1,4368000.0,-19.172349999999998,29.95737,0.0,0.0,0.0,NA,0.0,0.0
SCHOOL_4521,0,0,0,0,0,0,0,0,0,0,1,5508000.0,-19.1657,29.954780000000003,0.0,0.0,0.0,NA,0.0,0.0
SCHOOL_4522,0,0,0,0,0,0,0,0,0,0,1,2844000.0,-19.149969999999993,29.987490000000005,0.0,0.0,0.0,NA,0.0,0.0
SCHOOL_4523,0,0,0,0,0,0,0,0,0,0,1,1692000.0,-18.93608,30.029049999999998,0.0,0.0,0.0,NA,0.0,0.0
SCHOOL_4524,0,0,0,0,0,0,0,0,0,0,1,2880000.0,-18.919129999999996,30.01613,0.0,0.0,0.0,NA,0.0,0.0
SCHOOL_4525,0,0,0,0,0,0,0,0,0,0,1,2760000.0,-19.183549999999997,29.808069999999997,0.0,0.0,0.0,NA,0.0,0.0
SCHOOL_4526,0,0,0,0,0,0,0,0,0,0,1,3180000.0,-19.160719999999998,29.92245,0.0,0.0,0.0,NA,0.0,0.0
SCHOOL_4527,0,0,0,0,0,0,0,0,0,0,1,960000.0,-19.126019999999997,29.83573,0.0,0.0,0.0,NA,0.0,0.0
SCHOOL_4528,0,0,0,0,0,0,0,0,0,0,1,3780000.0,-19.09786,29.929690000000004,0.0,0.0,0.0,NA,0.0,0.0
SCHOOL_4529,0,0,0,0,0,0,0,0,0,0,1,2280000.0,-19.069379999999995,29.810239999999997,0.0,0.0,0.0,NA,0.0,0.0
SCHOOL_4530,0,0,0,0,0,0,0,0,0,0,1,12000000.0,-18.987119999999997,29.79427,0.0,0.0,0.0,NA,0.0,0.0
SCHOOL_4531,0,0,0,0,0,0,0,0,0,0,1,3864000.0,-18.96486,29.88803,0.0,0.0,0.0,NA,0.0,0.0
SCHOOL_4532,0,0,0,0,0,0,0,0,0,0,1,6504000.0,-18.958860000000005,29.88576,0.0,0.0,0.0,NA,0.0,0.0
SCHOOL_4533,0,0,0,0,0,0,0,0,0,0,2,2484000.0,-18.949665000143003,29.867644999622442,0.0,0.0,0.0,NA,0.0,0.0
SCHOOL_4534,0,0,0,0,0,0,0,0,0,0,1,1872000.0,-19.136530000000004,29.73772,0.0,0.0,0.0,NA,0.0,0.0
SCHOOL_4535,0,0,0,0,0,0,0,0,0,0,1,12000000.0,-19.013549999999995,29.769830000000002,0.0,0.0,0.0,NA,0.0,0.0
SCHOOL_4536,0,0,0,0,0,0,0,0,0,0,1,2976000.0,-19.0009,29.69696,0.0,0.0,0.0,NA,0.0,0.0
SCHOOL_4537,0,0,0,0,0,0,0,0,0,0,1,10344000.0,-18.998999999999995,29.73049,0.0,0.0,0.0,NA,0.0,0.0
SCHOOL_4538,0,0,0,0,0,0,0,0,0,0,1,12000000.0,-18.9987,29.720489999999998,0.0,0.0,0.0,NA,0.0,0.0
SCHOOL_4539,0,0,0,0,0,0,0,0,0,0,1,8928000.0,-18.991769999999995,29.69139,0.0,0.0,0.0,NA,0.0,0.0
SCHOOL_4540,0,0,0,0,0,0,0,0,0,0,1,9264000.0,-18.99086,29.73328,0.0,0.0,0.0,NA,0.0,0.0
SCHOOL_4541,0,0,0,0,0,0,0,0,0,0,1,12000000.0,-18.9847,29.783650000000005,0.0,0.0,0.0,NA,0.0,0.0
SCHOOL_4542,0,0,0,0,0,0,0,0,0,0,1,12000000.0,-18.97764,29.69603,0.0,0.0,0.0,NA,0.0,0.0
SCHOOL_4543,0,0,0,0,0,0,0,0,0,0,1,5496000.0,-18.949309999999993,29.80993,0.0,0.0,0.0,NA,0.0,0.0
SCHOOL_4544,0,0,0,0,0,0,0,0,0,0,1,4968000.0,-18.92758999999999,29.84661,0.0,0.0,0.0,NA,0.0,0.0
SCHOOL_4545,0,0,0,0,0,0,0,0,0,0,1,12000000.0,-18.909509999999997,29.79146,0.0,0.0,0.0,NA,0.0,0.0
SCHOOL_4546,0,0,0,0,0,0,0,0,0,0,1,12000000.0,-18.90272,29.80144,0.0,0.0,0.0,NA,0.0,0.0
SCHOOL_4547,0,0,0,0,0,0,0,0,0,0,2,8484000.0,-18.74701000000027,29.901870000000038,0.0,0.0,0.0,NA,0.0,0.0
SCHOOL_4548,0,0,0,0,0,0,0,0,0,0,1,1692000.0,-18.92987,29.714220000000005,0.0,0.0,0.0,NA,0.0,0.0
SCHOOL_4549,0,0,0,0,0,0,0,0,0,0,1,7560000.0,-18.904139999999998,29.777800000000003,0.0,0.0,0.0,NA,0.0,0.0
SCHOOL_4550,0,0,0,0,0,0,0,0,0,0,1,1728000.0,-18.88086,29.710910000000002,0.0,0.0,0.0,NA,0.0,0.0
SCHOOL_4551,0,0,0,0,0,0,0,0,0,0,1,5472000.0,-18.860699999999994,29.70212,0.0,0.0,0.0,NA,0.0,0.0
SCHOOL_4552,0,0,0,0,0,0,0,0,0,0,1,840000.0,-18.84981,29.669750000000004,0.0,0.0,0.0,NA,0.0,0.0
SCHOOL_4553,0,0,0,0,0,0,0,0,0,0,1,7896000.0,-18.790269999999996,29.76051,0.0,0.0,0.0,NA,0.0,0.0
SCHOOL_4554,0,0,0,0,0,0,0,0,0,0,1,2244000.0,-18.771780000000003,29.76102,0.0,0.0,0.0,NA,0.0,0.0
SCHOOL_4555,0,0,0,0,0,0,0,0,0,0,1,2244000.0,-18.741519999999998,29.69523,0.0,0.0,0.0,NA,0.0,0.0
SCHOOL_4556,0,0,0,0,0,0,0,0,0,0,1,5652000.0,-18.714599999999997,29.68488,0.0,0.0,0.0,NA,0.0,0.0
SCHOOL_4557,0,0,0,0,0,0,0,0,0,0,1,2700000.0,-19.893599999999996,30.1354,0.0,0.0,0.0,NA,0.0,0.0
SCHOOL_4558,0,0,0,0,0,0,0,0,0,0,1,2520000.0,-19.8921,30.16463,0.0,0.0,0.0,NA,0.0,0.0
SCHOOL_4559,0,0,0,0,0,0,0,0,0,0,1,4104000.0,-19.865179999999995,30.082980000000003,0.0,0.0,0.0,NA,0.0,0.0
SCHOOL_4560,0,0,0,0,0,0,0,0,0,0,1,7152000.0,-19.838159999999988,30.135,0.0,0.0,0.0,NA,0.0,0.0
SCHOOL_4561,0,0,0,0,0,0,0,0,0,0,1,7932000.0,-19.829010000000004,30.13461,0.0,0.0,0.0,NA,0.0,0.0
SCHOOL_4562,0,0,0,0,0,0,0,0,0,0,1,6108000.0,-19.801309999999997,30.099449999999997,0.0,0.0,0.0,NA,0.0,0.0
SCHOOL_4563,0,0,0,0,0,0,0,0,0,0,1,12000000.0,-19.779749999999996,30.137379999999997,0.0,0.0,0.0,NA,0.0,0.0
SCHOOL_4564,0,0,0,0,0,0,0,0,0,0,1,5640000.0,-19.7786,30.1485,0.0,0.0,0.0,NA,0.0,0.0
SCHOOL_4565,0,0,0,0,0,0,0,0,0,0,1,5292000.0,-19.746600000000004,30.13638,0.0,0.0,0.0,NA,0.0,0.0
SCHOOL_4566,0,0,0,0,0,0,0,0,0,0,2,4716000.0,-19.740480000002847,30.124825000004698,0.0,0.0,0.0,NA,0.0,0.0
SCHOOL_4567,0,0,0,0,0,0,0,0,0,0,1,6624000.0,-19.82523,30.29649,0.0,0.0,0.0,NA,0.0,0.0
SCHOOL_4568,0,0,0,0,0,0,0,0,0,0,1,5760000.0,-19.815359999999995,30.293730000000004,0.0,0.0,0.0,NA,0.0,0.0
SCHOOL_4569,0,0,0,0,0,0,0,0,0,0,1,4248000.0,-19.808559999999996,30.240200000000005,0.0,0.0,0.0,NA,0.0,0.0
SCHOOL_4570,0,0,0,0,0,0,0,0,0,0,1,1884000.0,-19.792909999999992,30.207060000000002,0.0,0.0,0.0,NA,0.0,0.0
SCHOOL_4571,0,0,0,0,0,0,0,0,0,0,1,4272000.0,-19.747929999999997,30.259099999999997,0.0,0.0,0.0,NA,0.0,0.0
SCHOOL_4572,0,0,0,0,0,0,0,0,0,0,1,8268000.0,-19.74643,30.195499999999996,0.0,0.0,0.0,NA,0.0,0.0
SCHOOL_4573,0,0,0,0,0,0,0,0,0,0,1,4020000.0,-19.734839999999995,30.25179,0.0,0.0,0.0,NA,0.0,0.0
SCHOOL_4574,0,0,0,0,0,0,0,0,0,0,1,7500000.0,-19.722559999999998,30.1992,0.0,0.0,0.0,NA,0.0,0.0
SCHOOL_4575,0,0,0,0,0,0,0,0,0,0,1,4452000.0,-19.70876,30.21746,0.0,0.0,0.0,NA,0.0,0.0
SCHOOL_4576,0,0,0,0,0,0,0,0,0,0,1,4044000.0,-19.68000999999999,30.18471,0.0,0.0,0.0,NA,0.0,0.0
SCHOOL_4577,0,0,0,0,0,0,0,0,0,0,1,1656000.0,-19.879779999999993,30.374640000000003,0.0,0.0,0.0,NA,0.0,0.0
SCHOOL_4578,0,0,0,0,0,0,0,0,0,0,1,3840000.0,-19.79019999999999,30.31118,0.0,0.0,0.0,NA,0.0,0.0
SCHOOL_4579,0,0,0,0,0,0,0,0,0,0,1,1428000.0,-19.75452999999999,30.313550000000003,0.0,0.0,0.0,NA,0.0,0.0
SCHOOL_4580,0,0,0,0,0,0,0,0,0,0,1,5988000.0,-19.752320000000005,30.426060000000003,0.0,0.0,0.0,NA,0.0,0.0
SCHOOL_4581,0,0,0,0,0,0,0,0,0,0,1,4164000.0,-19.742209999999996,30.433940000000003,0.0,0.0,0.0,NA,0.0,0.0
SCHOOL_4582,0,0,0,0,0,0,0,0,0,0,1,4668000.0,-19.661669999999997,30.39227,0.0,0.0,0.0,NA,0.0,0.0
SCHOOL_4583,0,0,0,0,0,0,0,0,0,0,1,4608000.0,-19.644430000000003,30.361830000000005,0.0,0.0,0.0,NA,0.0,0.0
SCHOOL_4584,0,0,0,0,0,0,0,0,0,0,1,3924000.0,-19.572629999999993,30.348389999999995,0.0,0.0,0.0,NA,0.0,0.0
SCHOOL_4585,0,0,0,0,0,0,0,0,0,0,1,4032000.0,-19.527899999999995,30.38718,0.0,0.0,0.0,NA,0.0,0.0
SCHOOL_4586,0,0,0,0,0,0,0,0,0,0,1,1536000.0,-19.50804,30.338570000000004,0.0,0.0,0.0,NA,0.0,0.0
SCHOOL_4587,0,0,0,0,0,0,0,0,0,0,1,3816000.0,-19.730239999999988,30.076090000000004,0.0,0.0,0.0,NA,0.0,0.0
SCHOOL_4588,0,0,0,0,0,0,0,0,0,0,1,4596000.0,-19.71432,30.152690000000003,0.0,0.0,0.0,NA,0.0,0.0
SCHOOL_4589,0,0,0,0,0,0,0,0,0,0,1,7212000.0,-19.659599999999998,30.10678,0.0,0.0,0.0,NA,0.0,0.0
SCHOOL_4590,0,0,0,0,0,0,0,0,0,0,1,3012000.0,-19.655599999999996,30.10725,0.0,0.0,0.0,NA,0.0,0.0
SCHOOL_4591,0,0,0,0,0,0,0,0,0,0,1,5400000.0,-19.643959999999993,30.16506,0.0,0.0,0.0,NA,0.0,0.0
SCHOOL_4592,0,0,0,0,0,0,0,0,0,0,1,3228000.0,-19.584410000000002,30.160010000000003,0.0,0.0,0.0,NA,0.0,0.0
SCHOOL_4593,0,0,0,0,0,0,0,0,0,0,1,2952000.0,-19.559379999999997,30.11562,0.0,0.0,0.0,NA,0.0,0.0
SCHOOL_4594,0,0,0,0,0,0,0,0,0,0,2,4608000.0,-19.518065000006356,30.134455000015596,0.0,0.0,0.0,NA,0.0,0.0
SCHOOL_4595,0,0,0,0,0,0,0,0,0,0,1,2472000.0,-19.674039999999998,30.28336,0.0,0.0,0.0,NA,0.0,0.0
SCHOOL_4596,0,0,0,0,0,0,0,0,0,0,1,2172000.0,-19.66072999999999,30.239310000000003,0.0,0.0,0.0,NA,0.0,0.0
SCHOOL_4597,0,0,0,0,0,0,0,0,0,0,1,4584000.0,-19.659230000000004,30.236610000000002,0.0,0.0,0.0,NA,0.0,0.0
SCHOOL_4598,0,0,0,0,0,0,0,0,0,0,1,6024000.0,-19.639870000000002,30.17602,0.0,0.0,0.0,NA,0.0,0.0
SCHOOL_4599,0,0,0,0,0,0,0,0,0,0,1,4704000.0,-19.613,30.229020000000002,0.0,0.0,0.0,NA,0.0,0.0
SCHOOL_4600,0,0,0,0,0,0,0,0,0,0,1,6984000.0,-19.60803,30.228709999999996,0.0,0.0,0.0,NA,0.0,0.0
SCHOOL_4601,0,0,0,0,0,0,0,0,0,0,1,2232000.0,-19.56503999999999,30.216050000000003,0.0,0.0,0.0,NA,0.0,0.0
SCHOOL_4602,0,0,0,0,0,0,0,0,0,0,1,1632000.0,-19.560830000000006,30.17908,0.0,0.0,0.0,NA,0.0,0.0
SCHOOL_4603,0,0,0,0,0,0,0,0,0,0,1,2292000.0,-19.557829999999996,30.24295,0.0,0.0,0.0,NA,0.0,0.0
SCHOOL_4604,0,0,0,0,0,0,0,0,0,0,1,1740000.0,-19.557010000000002,30.17951,0.0,0.0,0.0,NA,0.0,0.0
SCHOOL_4605,0,0,0,0,0,0,0,0,0,0,1,2232000.0,-19.55104,30.24605,0.0,0.0,0.0,NA,0.0,0.0
SCHOOL_4606,0,0,0,0,0,0,0,0,0,0,1,3168000.0,-19.504530000000003,30.190819999999995,0.0,0.0,0.0,NA,0.0,0.0
SCHOOL_4607,0,0,0,0,0,0,0,0,0,0,2,6276000.0,-19.475375000040785,30.211704999738753,0.0,0.0,0.0,NA,0.0,0.0
SCHOOL_4608,0,0,0,0,0,0,0,0,0,0,1,3528000.0,-19.429530000000003,30.28966,0.0,0.0,0.0,NA,0.0,0.0
SCHOOL_4609,0,0,0,0,0,0,0,0,0,0,1,1752000.0,-19.3383,30.183310000000002,0.0,0.0,0.0,NA,0.0,0.0
SCHOOL_4610,0,0,0,0,0,0,0,0,0,0,1,6624000.0,-19.330209999999994,30.17494,0.0,0.0,0.0,NA,0.0,0.0
SCHOOL_4611,0,0,0,0,0,0,0,0,0,0,1,732000.0,-19.27199999999999,30.185819999999996,0.0,0.0,0.0,NA,0.0,0.0
SCHOOL_4612,0,0,0,0,0,0,0,0,0,0,1,2328000.0,-19.179100000000005,30.19439,0.0,0.0,0.0,NA,0.0,0.0
SCHOOL_4613,0,0,0,0,0,0,0,0,0,0,1,1596000.0,-19.103839999999998,30.20229,0.0,0.0,0.0,NA,0.0,0.0
SCHOOL_4614,0,0,0,0,0,0,0,0,0,0,1,1476000.0,-19.386330000000005,30.41987,0.0,0.0,0.0,NA,0.0,0.0
SCHOOL_4615,0,0,0,0,0,0,0,0,0,0,1,4920000.0,-19.312229999999996,30.392900000000004,0.0,0.0,0.0,NA,0.0,0.0
SCHOOL_4616,0,0,0,0,0,0,0,0,0,0,1,3840000.0,-19.298489999999997,30.323979999999995,0.0,0.0,0.0,NA,0.0,0.0
SCHOOL_4617,0,0,0,0,0,0,0,0,0,0,1,1272000.0,-19.275230000000004,30.41721,0.0,0.0,0.0,NA,0.0,0.0
SCHOOL_4618,0,0,0,0,0,0,0,0,0,0,1,3000000.0,-19.216710000000006,30.301059999999996,0.0,0.0,0.0,NA,0.0,0.0
SCHOOL_4619,0,0,0,0,0,0,0,0,0,0,1,4272000.0,-19.207660000000004,30.30671,0.0,0.0,0.0,NA,0.0,0.0
SCHOOL_4620,0,0,0,0,0,0,0,0,0,0,1,5544000.0,-19.173690000000004,30.337090000000003,0.0,0.0,0.0,NA,0.0,0.0
SCHOOL_4621,0,0,0,0,0,0,0,0,0,0,1,3180000.0,-19.171279999999996,30.33508,0.0,0.0,0.0,NA,0.0,0.0
SCHOOL_4622,0,0,0,0,0,0,0,0,0,0,2,9696000.0,-19.001410000001897,30.40646000000381,0.0,0.0,0.0,NA,0.0,0.0
SCHOOL_4623,0,0,0,0,0,0,0,0,0,0,1,4320000.0,-19.36452,30.09724,0.0,0.0,0.0,NA,0.0,0.0
SCHOOL_4624,0,0,0,0,0,0,0,0,0,0,1,2520000.0,-19.248389999999993,30.07636,0.0,0.0,0.0,NA,0.0,0.0
SCHOOL_4625,0,0,0,0,0,0,0,0,0,0,1,864000.0,-19.198689999999996,30.072060000000004,0.0,0.0,0.0,NA,0.0,0.0
SCHOOL_4626,0,0,0,0,0,0,0,0,0,0,1,1692000.0,-19.165369999999996,30.143700000000003,0.0,0.0,0.0,NA,0.0,0.0
SCHOOL_4627,0,0,0,0,0,0,0,0,0,0,1,3828000.0,-19.137010000000004,30.075079999999996,0.0,0.0,0.0,NA,0.0,0.0
SCHOOL_4628,0,0,0,0,0,0,0,0,0,0,1,3252000.0,-19.097969999999997,30.13289,0.0,0.0,0.0,NA,0.0,0.0
SCHOOL_4629,0,0,0,0,0,0,0,0,0,0,1,2712000.0,-19.082389999999997,30.09829,0.0,0.0,0.0,NA,0.0,0.0
SCHOOL_4630,0,0,0,0,0,0,0,0,0,0,1,1380000.0,-18.98534999999999,30.118430000000004,0.0,0.0,0.0,NA,0.0,0.0
SCHOOL_4631,0,0,0,0,0,0,0,0,0,0,1,1620000.0,-18.90361,30.13183,0.0,0.0,0.0,NA,0.0,0.0
SCHOOL_4632,0,0,0,0,0,0,0,0,0,0,1,7848000.0,-18.58719,30.10505,0.0,0.0,0.0,NA,0.0,0.0
SCHOOL_4633,0,0,0,0,0,0,0,0,0,0,1,5940000.0,-18.717000000000006,30.25083,0.0,0.0,0.0,NA,0.0,0.0
SCHOOL_4634,0,0,0,0,0,0,0,0,0,0,1,12000000.0,-18.687880000000007,30.278730000000003,0.0,0.0,0.0,NA,0.0,0.0
SCHOOL_4635,0,0,0,0,0,0,0,0,0,0,1,4608000.0,-18.625759999999993,30.27903,0.0,0.0,0.0,NA,0.0,0.0
SCHOOL_4636,0,0,0,0,0,0,0,0,0,0,1,4356000.0,-18.530680000000004,30.28936,0.0,0.0,0.0,NA,0.0,0.0
SCHOOL_4637,0,0,0,0,0,0,0,0,0,0,1,1800000.0,-18.45441,30.183450000000004,0.0,0.0,0.0,NA,0.0,0.0
SCHOOL_4638,0,0,0,0,0,0,0,0,0,0,1,4140000.0,-18.424599999999998,30.27899,0.0,0.0,0.0,NA,0.0,0.0
SCHOOL_4639,0,0,0,0,0,0,0,0,0,0,1,2592000.0,-18.362809999999996,30.2869,0.0,0.0,0.0,NA,0.0,0.0
SCHOOL_4640,0,0,0,0,0,0,0,0,0,0,1,5484000.0,-18.311330000000005,30.21645,0.0,0.0,0.0,NA,0.0,0.0
SCHOOL_4641,0,0,0,0,0,0,0,0,0,0,1,3912000.0,-18.297479999999993,30.29369,0.0,0.0,0.0,NA,0.0,0.0
SCHOOL_4642,0,0,0,0,0,0,0,0,0,0,1,1800000.0,-18.50988,30.09549,0.0,0.0,0.0,NA,0.0,0.0
SCHOOL_4643,0,0,0,0,0,0,0,0,0,0,1,6924000.0,-18.42873,30.16803,0.0,0.0,0.0,NA,0.0,0.0
SCHOOL_4644,0,0,0,0,0,0,0,0,0,0,2,5736000.0,-18.400770000002826,30.08742499999186,0.0,0.0,0.0,NA,0.0,0.0
SCHOOL_4645,0,0,0,0,0,0,0,0,0,0,1,7320000.0,-18.33254,30.09497,0.0,0.0,0.0,NA,0.0,0.0
SCHOOL_4646,0,0,0,0,0,0,0,0,0,0,1,2784000.0,-18.305020000000003,30.15578,0.0,0.0,0.0,NA,0.0,0.0
SCHOOL_4647,0,0,0,0,0,0,0,0,0,0,1,8700000.0,-18.291719999999998,30.14623,0.0,0.0,0.0,NA,0.0,0.0
SCHOOL_4648,0,0,0,0,0,0,0,0,0,0,1,7824000.0,-18.166019999999996,30.086140000000004,0.0,0.0,0.0,NA,0.0,0.0
SCHOOL_4649,0,0,0,0,0,0,0,0,0,0,1,4356000.0,-18.153399999999998,30.093930000000004,0.0,0.0,0.0,NA,0.0,0.0
SCHOOL_4650,0,0,0,0,0,0,0,0,0,0,1,2496000.0,-18.99942,30.82922,0.0,0.0,0.0,NA,0.0,0.0
SCHOOL_4651,0,0,0,0,0,0,0,0,0,0,1,2832000.0,-18.987360000000006,30.74197,0.0,0.0,0.0,NA,0.0,0.0
SCHOOL_4652,0,0,0,0,0,0,0,0,0,0,1,2472000.0,-18.939580000000003,30.801949999999998,0.0,0.0,0.0,NA,0.0,0.0
SCHOOL_4653,0,0,0,0,0,0,0,0,0,0,2,2712000.0,-18.899900000000002,30.834509999999998,0.0,0.0,0.0,NA,0.0,0.0
SCHOOL_4654,0,0,0,0,0,0,0,0,0,0,2,4248000.0,-18.795290000249327,30.722960000200523,0.0,0.0,0.0,NA,0.0,0.0
SCHOOL_4655,0,0,0,0,0,0,0,0,0,0,1,2064000.0,-18.769639999999992,30.78106,0.0,0.0,0.0,NA,0.0,0.0
SCHOOL_4656,0,0,0,0,0,0,0,0,0,0,1,2292000.0,-18.703799999999998,30.758010000000002,0.0,0.0,0.0,NA,0.0,0.0
SCHOOL_4657,0,0,0,0,0,0,0,0,0,0,1,3720000.0,-18.63994,30.7303,0.0,0.0,0.0,NA,0.0,0.0
SCHOOL_4658,0,0,0,0,0,0,0,0,0,0,1,7128000.0,-18.717469999999995,30.53309,0.0,0.0,0.0,NA,0.0,0.0
SCHOOL_4659,0,0,0,0,0,0,0,0,0,0,1,2868000.0,-18.714259999999996,30.482560000000003,0.0,0.0,0.0,NA,0.0,0.0
SCHOOL_4660,0,0,0,0,0,0,0,0,0,0,1,2196000.0,-18.707769999999993,30.524029999999996,0.0,0.0,0.0,NA,0.0,0.0
SCHOOL_4661,0,0,0,0,0,0,0,0,0,0,1,4152000.0,-18.703519999999997,30.51692,0.0,0.0,0.0,NA,0.0,0.0
SCHOOL_4662,0,0,0,0,0,0,0,0,0,0,1,2964000.0,-18.690949999999997,30.475439999999995,0.0,0.0,0.0,NA,0.0,0.0
SCHOOL_4663,0,0,0,0,0,0,0,0,0,0,1,4572000.0,-18.672749999999997,30.50894,0.0,0.0,0.0,NA,0.0,0.0
SCHOOL_4664,0,0,0,0,0,0,0,0,0,0,1,4908000.0,-18.668829999999996,30.49561,0.0,0.0,0.0,NA,0.0,0.0
SCHOOL_4665,0,0,0,0,0,0,0,0,0,0,1,4104000.0,-18.638770000000005,30.537,0.0,0.0,0.0,NA,0.0,0.0
SCHOOL_4666,0,0,0,0,0,0,0,0,0,0,1,6012000.0,-18.638169999999995,30.5481,0.0,0.0,0.0,NA,0.0,0.0
SCHOOL_4667,0,0,0,0,0,0,0,0,0,0,1,3000000.0,-18.629660000000005,30.48358,0.0,0.0,0.0,NA,0.0,0.0
SCHOOL_4668,0,0,0,0,0,0,0,0,0,0,1,3732000.0,-18.697169999999996,30.59776,0.0,0.0,0.0,NA,0.0,0.0
SCHOOL_4669,0,0,0,0,0,0,0,0,0,0,1,3588000.0,-18.691609999999997,30.660669999999996,0.0,0.0,0.0,NA,0.0,0.0
SCHOOL_4670,0,0,0,0,0,0,0,0,0,0,1,8064000.0,-18.68891,30.597150000000003,0.0,0.0,0.0,NA,0.0,0.0
SCHOOL_4671,0,0,0,0,0,0,0,0,0,0,1,10620000.0,-18.664229999999996,30.614520000000002,0.0,0.0,0.0,NA,0.0,0.0
SCHOOL_4672,0,0,0,0,0,0,0,0,0,0,1,7224000.0,-18.654089999999997,30.672380000000004,0.0,0.0,0.0,NA,0.0,0.0
SCHOOL_4673,0,0,0,0,0,0,0,0,0,0,1,6288000.0,-18.64606,30.64843,0.0,0.0,0.0,NA,0.0,0.0
SCHOOL_4674,0,0,0,0,0,0,0,0,0,0,1,4128000.0,-18.6171,30.688500000000005,0.0,0.0,0.0,NA,0.0,0.0
SCHOOL_4675,0,0,0,0,0,0,0,0,0,0,1,2532000.0,-18.607129999999998,30.657560000000004,0.0,0.0,0.0,NA,0.0,0.0
SCHOOL_4676,0,0,0,0,0,0,0,0,0,0,1,1332000.0,-18.600970000000004,30.60405,0.0,0.0,0.0,NA,0.0,0.0
SCHOOL_4677,0,0,0,0,0,0,0,0,0,0,1,3924000.0,-18.92483,30.389930000000003,0.0,0.0,0.0,NA,0.0,0.0
SCHOOL_4678,0,0,0,0,0,0,0,0,0,0,2,6816000.0,-18.804450000118308,30.359725000059107,0.0,0.0,0.0,NA,0.0,0.0
SCHOOL_4679,0,0,0,0,0,0,0,0,0,0,1,5568000.0,-18.592909999999996,30.418650000000003,0.0,0.0,0.0,NA,0.0,0.0
SCHOOL_4680,0,0,0,0,0,0,0,0,0,0,1,2676000.0,-18.554930000000002,30.434030000000003,0.0,0.0,0.0,NA,0.0,0.0
SCHOOL_4681,0,0,0,0,0,0,0,0,0,0,1,4224000.0,-18.50111,30.34914,0.0,0.0,0.0,NA,0.0,0.0
SCHOOL_4682,0,0,0,0,0,0,0,0,0,0,1,6264000.0,-18.500830000000008,30.345379999999995,0.0,0.0,0.0,NA,0.0,0.0
SCHOOL_4683,0,0,0,0,0,0,0,0,0,0,1,1908000.0,-18.44882,30.356220000000004,0.0,0.0,0.0,NA,0.0,0.0
SCHOOL_4684,0,0,0,0,0,0,0,0,0,0,1,2736000.0,-18.339580000000005,30.383699999999997,0.0,0.0,0.0,NA,0.0,0.0
SCHOOL_4685,0,0,0,0,0,0,0,0,0,0,1,1200000.0,-18.287649999999996,30.37449,0.0,0.0,0.0,NA,0.0,0.0
SCHOOL_4686,0,0,0,0,0,0,0,0,0,0,1,4464000.0,-18.63301,30.825149999999997,0.0,0.0,0.0,NA,0.0,0.0
SCHOOL_4687,0,0,0,0,0,0,0,0,0,0,1,5280000.0,-18.600289999999994,30.72442,0.0,0.0,0.0,NA,0.0,0.0
SCHOOL_4688,0,0,0,0,0,0,0,0,0,0,2,4020000.0,-18.599535000003222,30.862939999995717,0.0,0.0,0.0,NA,0.0,0.0
SCHOOL_4689,0,0,0,0,0,0,0,0,0,0,1,1776000.0,-18.59075,30.79297,0.0,0.0,0.0,NA,0.0,0.0
SCHOOL_4690,0,0,0,0,0,0,0,0,0,0,1,6432000.0,-18.56168,30.75532,0.0,0.0,0.0,NA,0.0,0.0
SCHOOL_4691,0,0,0,0,0,0,0,0,0,0,1,3780000.0,-18.5305,30.737820000000003,0.0,0.0,0.0,NA,0.0,0.0
SCHOOL_4692,0,0,0,0,0,0,0,0,0,0,2,8016000.0,-18.52300500000005,30.798499999999297,0.0,0.0,0.0,NA,0.0,0.0
SCHOOL_4693,0,0,0,0,0,0,0,0,0,0,1,5364000.0,-18.600540000000002,30.573900000000002,0.0,0.0,0.0,NA,0.0,0.0
SCHOOL_4694,0,0,0,0,0,0,0,0,0,0,1,3780000.0,-18.60018,30.46958,0.0,0.0,0.0,NA,0.0,0.0
SCHOOL_4695,0,0,0,0,0,0,0,0,0,0,1,3732000.0,-18.597350000000002,30.518849999999997,0.0,0.0,0.0,NA,0.0,0.0
SCHOOL_4696,0,0,0,0,0,0,0,0,0,0,1,2856000.0,-18.58777999999999,30.46837,0.0,0.0,0.0,NA,0.0,0.0
SCHOOL_4697,0,0,0,0,0,0,0,0,0,0,1,5196000.0,-18.54623,30.484989999999996,0.0,0.0,0.0,NA,0.0,0.0
SCHOOL_4698,0,0,0,0,0,0,0,0,0,0,1,1356000.0,-18.52214,30.534220000000005,0.0,0.0,0.0,NA,0.0,0.0
SCHOOL_4699,0,0,0,0,0,0,0,0,0,0,1,4020000.0,-18.48115,30.487280000000002,0.0,0.0,0.0,NA,0.0,0.0
SCHOOL_4700,0,0,0,0,0,0,0,0,0,0,1,9792000.0,-18.476819999999996,30.47932,0.0,0.0,0.0,NA,0.0,0.0
SCHOOL_4701,0,0,0,0,0,0,0,0,0,0,1,4464000.0,-18.47078,30.553240000000002,0.0,0.0,0.0,NA,0.0,0.0
SCHOOL_4702,0,0,0,0,0,0,0,0,0,0,1,840000.0,-18.443869999999993,30.434460000000005,0.0,0.0,0.0,NA,0.0,0.0
SCHOOL_4703,0,0,0,0,0,0,0,0,0,0,1,5340000.0,-18.57087,30.68133,0.0,0.0,0.0,NA,0.0,0.0
SCHOOL_4704,0,0,0,0,0,0,0,0,0,0,1,3540000.0,-18.570749999999997,30.63327,0.0,0.0,0.0,NA,0.0,0.0
SCHOOL_4705,0,0,0,0,0,0,0,0,0,0,1,6984000.0,-18.566180000000003,30.6819,0.0,0.0,0.0,NA,0.0,0.0
SCHOOL_4706,0,0,0,0,0,0,0,0,0,0,1,3084000.0,-18.56439,30.634240000000002,0.0,0.0,0.0,NA,0.0,0.0
SCHOOL_4707,0,0,0,0,0,0,0,0,0,0,1,2652000.0,-18.556949999999993,30.575500000000005,0.0,0.0,0.0,NA,0.0,0.0
SCHOOL_4708,0,0,0,0,0,0,0,0,0,0,1,7056000.0,-18.524810000000006,30.693180000000005,0.0,0.0,0.0,NA,0.0,0.0
SCHOOL_4709,0,0,0,0,0,0,0,0,0,0,1,4692000.0,-18.510680000000004,30.644359999999995,0.0,0.0,0.0,NA,0.0,0.0
SCHOOL_4710,0,0,0,0,0,0,0,0,0,0,1,3864000.0,-18.478240000000007,30.60647,0.0,0.0,0.0,NA,0.0,0.0
SCHOOL_4711,0,0,0,0,0,0,0,0,0,0,1,1992000.0,-18.47131,30.63826,0.0,0.0,0.0,NA,0.0,0.0
SCHOOL_4712,0,0,0,0,0,0,0,0,0,0,1,7476000.0,-18.471239999999995,30.59816,0.0,0.0,0.0,NA,0.0,0.0
SCHOOL_4713,0,0,0,0,0,0,0,0,0,0,1,3900000.0,-18.469389999999994,30.690250000000002,0.0,0.0,0.0,NA,0.0,0.0
SCHOOL_4714,0,0,0,0,0,0,0,0,0,0,1,3480000.0,-18.466360000000005,30.697250000000004,0.0,0.0,0.0,NA,0.0,0.0
SCHOOL_4715,0,0,0,0,0,0,0,0,0,0,1,4152000.0,-18.420159999999996,30.605900000000002,0.0,0.0,0.0,NA,0.0,0.0
SCHOOL_4716,0,0,0,0,0,0,0,0,0,0,1,2976000.0,-18.414109999999994,30.60483,0.0,0.0,0.0,NA,0.0,0.0
SCHOOL_4717,0,0,0,0,0,0,0,0,0,0,1,2688000.0,-18.40255,30.641430000000003,0.0,0.0,0.0,NA,0.0,0.0
SCHOOL_4718,0,0,0,0,0,0,0,0,0,0,1,3204000.0,-18.386549999999996,30.615269999999995,0.0,0.0,0.0,NA,0.0,0.0
SCHOOL_4719,0,0,0,0,0,0,0,0,0,0,1,2340000.0,-18.377169999999996,30.69182,0.0,0.0,0.0,NA,0.0,0.0
SCHOOL_4720,0,0,0,0,0,0,0,0,0,0,1,2892000.0,-18.345849999999995,30.650610000000004,0.0,0.0,0.0,NA,0.0,0.0
SCHOOL_4721,0,0,0,0,0,0,0,0,0,0,1,4272000.0,-18.31852,30.64465,0.0,0.0,0.0,NA,0.0,0.0
SCHOOL_4722,0,0,0,0,0,0,0,0,0,0,1,3300000.0,-18.424219999999995,30.441110000000002,0.0,0.0,0.0,NA,0.0,0.0
SCHOOL_4723,0,0,0,0,0,0,0,0,0,0,1,7116000.0,-18.41507,30.49058,0.0,0.0,0.0,NA,0.0,0.0
SCHOOL_4724,0,0,0,0,0,0,0,0,0,0,1,4536000.0,-18.40535,30.53604,0.0,0.0,0.0,NA,0.0,0.0
SCHOOL_4725,0,0,0,0,0,0,0,0,0,0,1,804000.0,-18.397789999999997,30.538600000000002,0.0,0.0,0.0,NA,0.0,0.0
SCHOOL_4726,0,0,0,0,0,0,0,0,0,0,1,4464000.0,-18.358769999999993,30.5624,0.0,0.0,0.0,NA,0.0,0.0
SCHOOL_4727,0,0,0,0,0,0,0,0,0,0,1,2616000.0,-18.34591,30.496050000000004,0.0,0.0,0.0,NA,0.0,0.0
SCHOOL_4728,0,0,0,0,0,0,0,0,0,0,1,5112000.0,-18.33734999999999,30.49608,0.0,0.0,0.0,NA,0.0,0.0
SCHOOL_4729,0,0,0,0,0,0,0,0,0,0,1,5076000.0,-18.31759,30.53893,0.0,0.0,0.0,NA,0.0,0.0
SCHOOL_4730,0,0,0,0,0,0,0,0,0,0,1,4104000.0,-18.31223,30.541899999999995,0.0,0.0,0.0,NA,0.0,0.0
SCHOOL_4731,0,0,0,0,0,0,0,0,0,0,1,4140000.0,-18.282909999999998,30.5695,0.0,0.0,0.0,NA,0.0,0.0
SCHOOL_4732,0,0,0,0,0,0,0,0,0,0,1,3264000.0,-18.518749999999997,30.740799999999997,0.0,0.0,0.0,NA,0.0,0.0
SCHOOL_4733,0,0,0,0,0,0,0,0,0,0,1,5352000.0,-18.45619999999999,30.747220000000002,0.0,0.0,0.0,NA,0.0,0.0
SCHOOL_4734,0,0,0,0,0,0,0,0,0,0,1,5400000.0,-18.393680000000003,30.747189999999996,0.0,0.0,0.0,NA,0.0,0.0
SCHOOL_4735,0,0,0,0,0,0,0,0,0,0,1,3900000.0,-18.38733,30.755529999999997,0.0,0.0,0.0,NA,0.0,0.0
SCHOOL_4736,0,0,0,0,0,0,0,0,0,0,1,9180000.0,-18.35211,30.72518,0.0,0.0,0.0,NA,0.0,0.0
SCHOOL_4737,0,0,0,0,0,0,0,0,0,0,1,2628000.0,-18.30122,30.799650000000003,0.0,0.0,0.0,NA,0.0,0.0
SCHOOL_4738,0,0,0,0,0,0,0,0,0,0,1,5160000.0,-18.254659999999998,30.778810000000004,0.0,0.0,0.0,NA,0.0,0.0
SCHOOL_4739,0,0,0,0,0,0,0,0,0,0,1,3444000.0,-18.18111,30.745290000000004,0.0,0.0,0.0,NA,0.0,0.0
SCHOOL_4740,0,0,0,0,0,0,0,0,0,0,1,4224000.0,-18.910369999999993,29.936820000000004,0.0,0.0,0.0,NA,0.0,0.0
SCHOOL_4741,0,0,0,0,0,0,0,0,0,0,1,3192000.0,-18.874319999999997,29.96457,0.0,0.0,0.0,NA,0.0,0.0
SCHOOL_4742,0,0,0,0,0,0,0,0,0,0,2,9768000.0,-18.77795000087238,29.99469499979406,0.0,0.0,0.0,NA,0.0,0.0
SCHOOL_4743,0,0,0,0,0,0,0,0,0,0,1,6048000.0,-18.47504999999999,30.04315,0.0,0.0,0.0,NA,0.0,0.0
SCHOOL_4744,0,0,0,0,0,0,0,0,0,0,1,6588000.0,-18.426770000000005,29.948710000000002,0.0,0.0,0.0,NA,0.0,0.0
SCHOOL_4745,0,0,0,0,0,0,0,0,0,0,1,3924000.0,-18.388009999999998,30.040159999999997,0.0,0.0,0.0,NA,0.0,0.0
SCHOOL_4746,0,0,0,0,0,0,0,0,0,0,1,7500000.0,-18.30424,29.97333,0.0,0.0,0.0,NA,0.0,0.0
SCHOOL_4747,0,0,0,0,0,0,0,0,0,0,2,6876000.0,-18.655560000233915,29.791415000271343,0.0,0.0,0.0,NA,0.0,0.0
SCHOOL_4748,0,0,0,0,0,0,0,0,0,0,1,9672000.0,-18.62173,29.88354,0.0,0.0,0.0,NA,0.0,0.0
SCHOOL_4749,0,0,0,0,0,0,0,0,0,0,1,4092000.0,-18.613730000000004,29.88723,0.0,0.0,0.0,NA,0.0,0.0
SCHOOL_4750,0,0,0,0,0,0,0,0,0,0,1,2436000.0,-18.517979999999998,29.82585,0.0,0.0,0.0,NA,0.0,0.0
SCHOOL_4751,0,0,0,0,0,0,0,0,0,0,1,7164000.0,-18.51465,29.82493,0.0,0.0,0.0,NA,0.0,0.0
SCHOOL_4752,0,0,0,0,0,0,0,0,0,0,1,6360000.0,-18.501289999999994,29.888360000000002,0.0,0.0,0.0,NA,0.0,0.0
SCHOOL_4753,0,0,0,0,0,0,0,0,0,0,1,2136000.0,-18.495360000000005,29.8814,0.0,0.0,0.0,NA,0.0,0.0
SCHOOL_4754,0,0,0,0,0,0,0,0,0,0,1,7440000.0,-18.41726,29.8071,0.0,0.0,0.0,NA,0.0,0.0
SCHOOL_4755,0,0,0,0,0,0,0,0,0,0,1,7800000.0,-18.661449999999995,29.78123,0.0,0.0,0.0,NA,0.0,0.0
SCHOOL_4756,0,0,0,0,0,0,0,0,0,0,1,5184000.0,-18.597040000000003,29.736950000000004,0.0,0.0,0.0,NA,0.0,0.0
SCHOOL_4757,0,0,0,0,0,0,0,0,0,0,1,6696000.0,-18.578129999999998,29.678969999999996,0.0,0.0,0.0,NA,0.0,0.0
SCHOOL_4758,0,0,0,0,0,0,0,0,0,0,1,3984000.0,-18.505079999999992,29.76584,0.0,0.0,0.0,NA,0.0,0.0
SCHOOL_4759,0,0,0,0,0,0,0,0,0,0,1,12000000.0,-18.501540000000006,29.77239,0.0,0.0,0.0,NA,0.0,0.0
SCHOOL_4760,0,0,0,0,0,0,0,0,0,0,1,7008000.0,-18.443030000000004,29.66955,0.0,0.0,0.0,NA,0.0,0.0
SCHOOL_4761,0,0,0,0,0,0,0,0,0,0,1,6552000.0,-18.360560000000003,29.69496,0.0,0.0,0.0,NA,0.0,0.0
SCHOOL_4762,0,0,0,0,0,0,0,0,0,0,1,7164000.0,-18.33949,29.77089,0.0,0.0,0.0,NA,0.0,0.0
SCHOOL_4763,0,0,0,0,0,0,0,0,0,0,1,3864000.0,-18.26943,29.70442,0.0,0.0,0.0,NA,0.0,0.0
SCHOOL_4764,0,0,0,0,0,0,0,0,0,0,1,7956000.0,-18.238060000000004,29.728249999999996,0.0,0.0,0.0,NA,0.0,0.0
SCHOOL_4765,0,0,0,0,0,0,0,0,0,0,1,840000.0,-18.401860000000003,29.891660000000005,0.0,0.0,0.0,NA,0.0,0.0
SCHOOL_4766,0,0,0,0,0,0,0,0,0,0,1,12000000.0,-18.380119999999998,29.867150000000002,0.0,0.0,0.0,NA,0.0,0.0
SCHOOL_4767,0,0,0,0,0,0,0,0,0,0,1,4884000.0,-18.378930000000004,29.854709999999997,0.0,0.0,0.0,NA,0.0,0.0
SCHOOL_4768,0,0,0,0,0,0,0,0,0,0,1,2988000.0,-18.34635,29.87739,0.0,0.0,0.0,NA,0.0,0.0
SCHOOL_4769,0,0,0,0,0,0,0,0,0,0,1,6384000.0,-18.32319,29.93212,0.0,0.0,0.0,NA,0.0,0.0
SCHOOL_4770,0,0,0,0,0,0,0,0,0,0,1,8532000.0,-18.32154,29.89266,0.0,0.0,0.0,NA,0.0,0.0
SCHOOL_4771,0,0,0,0,0,0,0,0,0,0,2,17964000.0,-18.24128,29.803660000000004,0.0,0.0,0.0,NA,0.0,0.0
SCHOOL_4772,0,0,0,0,0,0,0,0,0,0,1,2772000.0,-18.22859999999999,29.88915,0.0,0.0,0.0,NA,0.0,0.0
SCHOOL_4773,0,0,0,0,0,0,0,0,0,0,1,12000000.0,-18.22218,29.791510000000002,0.0,0.0,0.0,NA,0.0,0.0
SCHOOL_4774,0,0,0,0,0,0,0,0,0,0,1,12000000.0,-18.19719999999999,29.88551,0.0,0.0,0.0,NA,0.0,0.0
SCHOOL_4775,0,0,0,0,0,0,0,0,0,0,1,4584000.0,-18.127799999999993,29.86554,0.0,0.0,0.0,NA,0.0,0.0
SCHOOL_4776,0,0,0,0,0,0,0,0,0,0,1,2628000.0,-18.12581,29.920360000000002,0.0,0.0,0.0,NA,0.0,0.0
SCHOOL_4777,0,0,0,0,0,0,0,0,0,0,1,9396000.0,-18.091960000000004,29.846499999999995,0.0,0.0,0.0,NA,0.0,0.0
SCHOOL_4778,0,0,0,0,0,0,0,0,0,0,1,8076000.0,-18.08791,29.84735,0.0,0.0,0.0,NA,0.0,0.0
SCHOOL_4779,0,0,0,0,0,0,0,0,0,0,1,9444000.0,-18.086120000000005,29.918890000000005,0.0,0.0,0.0,NA,0.0,0.0
SCHOOL_4780,0,0,0,0,0,0,0,0,0,0,1,12000000.0,-18.085809999999995,29.84548,0.0,0.0,0.0,NA,0.0,0.0
SCHOOL_4781,0,0,0,0,0,0,0,0,0,0,1,3840000.0,-18.07693,29.85698,0.0,0.0,0.0,NA,0.0,0.0
SCHOOL_4782,0,0,0,0,0,0,0,0,0,0,1,4392000.0,-18.06548,29.8941,0.0,0.0,0.0,NA,0.0,0.0
SCHOOL_4783,0,0,0,0,0,0,0,0,0,0,2,13092000.0,-18.255070000004114,29.996524999994076,0.0,0.0,0.0,NA,0.0,0.0
SCHOOL_4784,0,0,0,0,0,0,0,0,0,0,1,4524000.0,-18.243509999999993,29.94327,0.0,0.0,0.0,NA,0.0,0.0
SCHOOL_4785,0,0,0,0,0,0,0,0,0,0,1,5388000.0,-18.143910000000005,30.042100000000005,0.0,0.0,0.0,NA,0.0,0.0
SCHOOL_4786,0,0,0,0,0,0,0,0,0,0,1,2436000.0,-18.081839999999996,30.009630000000005,0.0,0.0,0.0,NA,0.0,0.0
SCHOOL_4787,0,0,0,0,0,0,0,0,0,0,1,7752000.0,-18.06028999999999,30.046119999999995,0.0,0.0,0.0,NA,0.0,0.0
SCHOOL_4788,0,0,0,0,0,0,0,0,0,0,2,10416000.0,-18.051549999999995,29.996700000000004,0.0,0.0,0.0,NA,0.0,0.0
SCHOOL_4789,0,0,0,0,0,0,0,0,0,0,1,3912000.0,-18.020480000000003,30.037429999999997,0.0,0.0,0.0,NA,0.0,0.0
SCHOOL_4790,0,0,0,0,0,0,0,0,0,0,1,2424000.0,-18.016459999999995,30.01636,0.0,0.0,0.0,NA,0.0,0.0
SCHOOL_4791,0,0,0,0,0,0,0,0,0,0,1,6012000.0,-18.16525,29.778760000000002,0.0,0.0,0.0,NA,0.0,0.0
SCHOOL_4792,0,0,0,0,0,0,0,0,0,0,1,6516000.0,-18.072899999999997,29.73759,0.0,0.0,0.0,NA,0.0,0.0
SCHOOL_4793,0,0,0,0,0,0,0,0,0,0,1,2628000.0,-18.063519999999997,29.7273,0.0,0.0,0.0,NA,0.0,0.0
SCHOOL_4794,0,0,0,0,0,0,0,0,0,0,1,6996000.0,-18.004549999999988,29.7762,0.0,0.0,0.0,NA,0.0,0.0
SCHOOL_4795,0,0,0,0,0,0,0,0,0,0,1,1464000.0,-17.921120000000002,29.754479999999997,0.0,0.0,0.0,NA,0.0,0.0
SCHOOL_4796,0,0,0,0,0,0,0,0,0,0,1,4980000.0,-17.861999999999995,29.6957,0.0,0.0,0.0,NA,0.0,0.0
SCHOOL_4797,0,0,0,0,0,0,0,0,0,0,1,4668000.0,-17.76434,29.692800000000002,0.0,0.0,0.0,NA,0.0,0.0
SCHOOL_4798,0,0,0,0,0,0,0,0,0,0,1,5124000.0,-17.75960999999999,29.69359,0.0,0.0,0.0,NA,0.0,0.0
SCHOOL_4799,0,0,0,0,0,0,0,0,0,0,1,2388000.0,-17.679789999999997,29.701510000000003,0.0,0.0,0.0,NA,0.0,0.0
SCHOOL_4800,0,0,0,0,0,0,0,0,0,0,1,1752000.0,-17.63439,29.78436,0.0,0.0,0.0,NA,0.0,0.0
SCHOOL_4801,0,0,0,0,0,0,0,0,0,0,1,7236000.0,-18.036889999999993,29.838080000000005,0.0,0.0,0.0,NA,0.0,0.0
SCHOOL_4802,0,0,0,0,0,0,0,0,0,0,1,8856000.0,-17.94063999999999,29.88118,0.0,0.0,0.0,NA,0.0,0.0
SCHOOL_4803,0,0,0,0,0,0,0,0,0,0,1,3780000.0,-17.838949999999993,29.801840000000002,0.0,0.0,0.0,NA,0.0,0.0
SCHOOL_4804,0,0,0,0,0,0,0,0,0,0,1,840000.0,-17.816389999999995,29.932180000000002,0.0,0.0,0.0,NA,0.0,0.0
SCHOOL_4805,0,0,0,0,0,0,0,0,0,0,1,4908000.0,-17.772489999999998,29.82759,0.0,0.0,0.0,NA,0.0,0.0
SCHOOL_4806,0,0,0,0,0,0,0,0,0,0,1,1896000.0,-17.770139999999998,29.805330000000005,0.0,0.0,0.0,NA,0.0,0.0
SCHOOL_4807,0,0,0,0,0,0,0,0,0,0,1,2388000.0,-17.756699999999995,29.91762,0.0,0.0,0.0,NA,0.0,0.0
SCHOOL_4808,0,0,0,0,0,0,0,0,0,0,1,840000.0,-17.7483,29.91045,0.0,0.0,0.0,NA,0.0,0.0
SCHOOL_4809,0,0,0,0,0,0,0,0,0,0,1,1848000.0,-17.73676999999999,29.83577,0.0,0.0,0.0,NA,0.0,0.0
SCHOOL_4810,0,0,0,0,0,0,0,0,0,0,1,4884000.0,-17.70835999999999,29.79686,0.0,0.0,0.0,NA,0.0,0.0
SCHOOL_4811,0,0,0,0,0,0,0,0,0,0,1,3024000.0,-18.27715,30.37166,0.0,0.0,0.0,NA,0.0,0.0
SCHOOL_4812,0,0,0,0,0,0,0,0,0,0,1,1728000.0,-18.225230000000007,30.30829,0.0,0.0,0.0,NA,0.0,0.0
SCHOOL_4813,0,0,0,0,0,0,0,0,0,0,1,2940000.0,-18.180369999999996,30.36101,0.0,0.0,0.0,NA,0.0,0.0
SCHOOL_4814,0,0,0,0,0,0,0,0,0,0,2,5508000.0,-18.162305003326907,30.313345001557472,0.0,0.0,0.0,NA,0.0,0.0
SCHOOL_4815,0,0,0,0,0,0,0,0,0,0,1,5772000.0,-18.147,30.4012,0.0,0.0,0.0,NA,0.0,0.0
SCHOOL_4816,0,0,0,0,0,0,0,0,0,0,1,2496000.0,-18.083679999999994,30.34408,0.0,0.0,0.0,NA,0.0,0.0
SCHOOL_4817,0,0,0,0,0,0,0,0,0,0,1,6144000.0,-18.050590000000003,30.407670000000003,0.0,0.0,0.0,NA,0.0,0.0
SCHOOL_4818,0,0,0,0,0,0,0,0,0,0,1,4560000.0,-18.012410000000003,30.36051,0.0,0.0,0.0,NA,0.0,0.0
SCHOOL_4819,0,0,0,0,0,0,0,0,0,0,1,2244000.0,-17.96178,30.42226,0.0,0.0,0.0,NA,0.0,0.0
SCHOOL_4820,0,0,0,0,0,0,0,0,0,0,1,6012000.0,-18.2535,30.17073,0.0,0.0,0.0,NA,0.0,0.0
SCHOOL_4821,0,0,0,0,0,0,0,0,0,0,1,2928000.0,-18.120879999999996,30.23521,0.0,0.0,0.0,NA,0.0,0.0
SCHOOL_4822,0,0,0,0,0,0,0,0,0,0,1,3324000.0,-18.095330000000008,30.20211,0.0,0.0,0.0,NA,0.0,0.0
SCHOOL_4823,0,0,0,0,0,0,0,0,0,0,1,2784000.0,-18.061160000000005,30.26703,0.0,0.0,0.0,NA,0.0,0.0
SCHOOL_4824,0,0,0,0,0,0,0,0,0,0,1,2052000.0,-17.990669999999998,30.238720000000004,0.0,0.0,0.0,NA,0.0,0.0
SCHOOL_4825,0,0,0,0,0,0,0,0,0,0,1,3276000.0,-17.930679999999988,30.28667,0.0,0.0,0.0,NA,0.0,0.0
SCHOOL_4826,0,0,0,0,0,0,0,0,0,0,1,1668000.0,-17.92419,30.29117,0.0,0.0,0.0,NA,0.0,0.0
SCHOOL_4827,0,0,0,0,0,0,0,0,0,0,1,3708000.0,-17.887729999999998,30.19203,0.0,0.0,0.0,NA,0.0,0.0
SCHOOL_4828,0,0,0,0,0,0,0,0,0,0,1,2352000.0,-17.886899999999997,30.266350000000003,0.0,0.0,0.0,NA,0.0,0.0
SCHOOL_4829,0,0,0,0,0,0,0,0,0,0,1,3264000.0,-17.879729999999995,30.19315,0.0,0.0,0.0,NA,0.0,0.0
SCHOOL_4830,0,0,0,0,0,0,0,0,0,0,1,2292000.0,-18.105040000000002,30.1663,0.0,0.0,0.0,NA,0.0,0.0
SCHOOL_4831,0,0,0,0,0,0,0,0,0,0,1,9060000.0,-18.07645,30.08231,0.0,0.0,0.0,NA,0.0,0.0
SCHOOL_4832,0,0,0,0,0,0,0,0,0,0,1,4932000.0,-18.072500000000005,30.082670000000004,0.0,0.0,0.0,NA,0.0,0.0
SCHOOL_4833,0,0,0,0,0,0,0,0,0,0,1,9192000.0,-18.03974999999999,30.168139999999998,0.0,0.0,0.0,NA,0.0,0.0
SCHOOL_4834,0,0,0,0,0,0,0,0,0,0,1,5640000.0,-17.98695999999999,30.095509999999997,0.0,0.0,0.0,NA,0.0,0.0
SCHOOL_4835,0,0,0,0,0,0,0,0,0,0,1,2280000.0,-17.98502,30.114399999999996,0.0,0.0,0.0,NA,0.0,0.0
SCHOOL_4836,0,0,0,0,0,0,0,0,0,0,1,3876000.0,-17.95163,30.12256,0.0,0.0,0.0,NA,0.0,0.0
SCHOOL_4837,0,0,0,0,0,0,0,0,0,0,1,6408000.0,-17.897329999999997,30.100910000000002,0.0,0.0,0.0,NA,0.0,0.0
SCHOOL_4838,0,0,0,0,0,0,0,0,0,0,1,1992000.0,-17.950920000000004,30.308240000000005,0.0,0.0,0.0,NA,0.0,0.0
SCHOOL_4839,0,0,0,0,0,0,0,0,0,0,1,840000.0,-17.948710000000002,30.353670000000005,0.0,0.0,0.0,NA,0.0,0.0
SCHOOL_4840,0,0,0,0,0,0,0,0,0,0,1,9948000.0,-17.930499999999995,30.366180000000004,0.0,0.0,0.0,NA,0.0,0.0
SCHOOL_4841,0,0,0,0,0,0,0,0,0,0,1,1236000.0,-17.89153,30.41556,0.0,0.0,0.0,NA,0.0,0.0
SCHOOL_4842,0,0,0,0,0,0,0,0,0,0,1,648000.0,-17.88650000000001,30.313700000000004,0.0,0.0,0.0,NA,0.0,0.0
SCHOOL_4843,0,0,0,0,0,0,0,0,0,0,1,7788000.0,-17.88562,30.350850000000005,0.0,0.0,0.0,NA,0.0,0.0
SCHOOL_4844,0,0,0,0,0,0,0,0,0,0,1,1020000.0,-17.87647,30.33229,0.0,0.0,0.0,NA,0.0,0.0
SCHOOL_4845,0,0,0,0,0,0,0,0,0,0,1,4104000.0,-17.85731,30.429940000000002,0.0,0.0,0.0,NA,0.0,0.0
SCHOOL_4846,0,0,0,0,0,0,0,0,0,0,1,5148000.0,-17.84416999999999,30.315289999999997,0.0,0.0,0.0,NA,0.0,0.0
SCHOOL_4847,0,0,0,0,0,0,0,0,0,0,1,4824000.0,-17.843200000000003,30.37246,0.0,0.0,0.0,NA,0.0,0.0
SCHOOL_4848,0,0,0,0,0,0,0,0,0,0,1,2148000.0,-17.858369999999997,30.252299999999998,0.0,0.0,0.0,NA,0.0,0.0
SCHOOL_4849,0,0,0,0,0,0,0,0,0,0,1,10572000.0,-17.83788,30.23405,0.0,0.0,0.0,NA,0.0,0.0
SCHOOL_4850,0,0,0,0,0,0,0,0,0,0,1,4404000.0,-17.829800000000002,30.24088,0.0,0.0,0.0,NA,0.0,0.0
SCHOOL_4851,0,0,0,0,0,0,0,0,0,0,1,3276000.0,-17.81257,30.25602,0.0,0.0,0.0,NA,0.0,0.0
SCHOOL_4852,0,0,0,0,0,0,0,0,0,0,1,5088000.0,-17.78789,30.293450000000004,0.0,0.0,0.0,NA,0.0,0.0
SCHOOL_4853,0,0,0,0,0,0,0,0,0,0,1,2652000.0,-17.78054,30.24782,0.0,0.0,0.0,NA,0.0,0.0
SCHOOL_4854,0,0,0,0,0,0,0,0,0,0,1,7260000.0,-17.772159999999992,30.250160000000005,0.0,0.0,0.0,NA,0.0,0.0
SCHOOL_4855,0,0,0,0,0,0,0,0,0,0,1,7848000.0,-17.7644,30.179460000000002,0.0,0.0,0.0,NA,0.0,0.0
SCHOOL_4856,0,0,0,0,0,0,0,0,0,0,1,5328000.0,-17.752159999999996,30.26008,0.0,0.0,0.0,NA,0.0,0.0
SCHOOL_4857,0,0,0,0,0,0,0,0,0,0,1,4044000.0,-17.74637,30.258810000000004,0.0,0.0,0.0,NA,0.0,0.0
SCHOOL_4858,0,0,0,0,0,0,0,0,0,0,2,10740000.0,-17.86282500006813,30.131754999815925,0.0,0.0,0.0,NA,0.0,0.0
SCHOOL_4859,0,0,0,0,0,0,0,0,0,0,1,2688000.0,-17.820159999999998,30.069270000000003,0.0,0.0,0.0,NA,0.0,0.0
SCHOOL_4860,0,0,0,0,0,0,0,0,0,0,1,4056000.0,-17.814689999999995,30.06936,0.0,0.0,0.0,NA,0.0,0.0
SCHOOL_4861,0,0,0,0,0,0,0,0,0,0,1,7068000.0,-17.7942,30.16537,0.0,0.0,0.0,NA,0.0,0.0
SCHOOL_4862,0,0,0,0,0,0,0,0,0,0,1,2412000.0,-17.791729999999998,30.1146,0.0,0.0,0.0,NA,0.0,0.0
SCHOOL_4863,0,0,0,0,0,0,0,0,0,0,1,4116000.0,-17.775530000000003,30.167390000000005,0.0,0.0,0.0,NA,0.0,0.0
SCHOOL_4864,0,0,0,0,0,0,0,0,0,0,1,5352000.0,-17.739029999999993,30.079440000000005,0.0,0.0,0.0,NA,0.0,0.0
SCHOOL_4865,0,0,0,0,0,0,0,0,0,0,1,5268000.0,-17.735870000000002,30.126399999999997,0.0,0.0,0.0,NA,0.0,0.0
SCHOOL_4866,0,0,0,0,0,0,0,0,0,0,1,3552000.0,-17.72722,30.120569999999997,0.0,0.0,0.0,NA,0.0,0.0
SCHOOL_4867,0,0,0,0,0,0,0,0,0,0,1,3144000.0,-17.837399999999995,30.31912,0.0,0.0,0.0,NA,0.0,0.0
SCHOOL_4868,0,0,0,0,0,0,0,0,0,0,1,8328000.0,-17.824250000000003,30.37222,0.0,0.0,0.0,NA,0.0,0.0
SCHOOL_4869,0,0,0,0,0,0,0,0,0,0,1,6996000.0,-17.809919999999995,30.342609999999997,0.0,0.0,0.0,NA,0.0,0.0
SCHOOL_4870,0,0,0,0,0,0,0,0,0,0,1,4008000.0,-17.803140000000003,30.34644,0.0,0.0,0.0,NA,0.0,0.0
SCHOOL_4871,0,0,0,0,0,0,0,0,0,0,1,11352000.0,-17.800610000000002,30.394020000000005,0.0,0.0,0.0,NA,0.0,0.0
SCHOOL_4872,0,0,0,0,0,0,0,0,0,0,1,4932000.0,-17.76863,30.41827,0.0,0.0,0.0,NA,0.0,0.0
SCHOOL_4873,0,0,0,0,0,0,0,0,0,0,1,4932000.0,-17.758149999999997,30.337989999999998,0.0,0.0,0.0,NA,0.0,0.0
SCHOOL_4874,0,0,0,0,0,0,0,0,0,0,3,17892000.0,-17.740690000158818,30.423763332822375,0.0,0.0,0.0,NA,0.0,0.0
SCHOOL_4875,0,0,0,0,0,0,0,0,0,0,2,8484000.0,-17.732045000017198,30.293914999937307,0.0,0.0,0.0,NA,0.0,0.0
SCHOOL_4876,0,0,0,0,0,0,0,0,0,0,1,9192000.0,-17.7043,30.18978,0.0,0.0,0.0,NA,0.0,0.0
SCHOOL_4877,0,0,0,0,0,0,0,0,0,0,1,5112000.0,-17.701929999999997,30.21095,0.0,0.0,0.0,NA,0.0,0.0
SCHOOL_4878,0,0,0,0,0,0,0,0,0,0,1,5724000.0,-17.699189999999998,30.219900000000003,0.0,0.0,0.0,NA,0.0,0.0
SCHOOL_4879,0,0,0,0,0,0,0,0,0,0,1,4224000.0,-17.698890000000002,30.179520000000004,0.0,0.0,0.0,NA,0.0,0.0
SCHOOL_4880,0,0,0,0,0,0,0,0,0,0,1,3540000.0,-17.69648,30.269019999999998,0.0,0.0,0.0,NA,0.0,0.0
SCHOOL_4881,0,0,0,0,0,0,0,0,0,0,1,5364000.0,-17.67093,30.231120000000004,0.0,0.0,0.0,NA,0.0,0.0
SCHOOL_4882,0,0,0,0,0,0,0,0,0,0,1,7332000.0,-17.645699999999998,30.24705,0.0,0.0,0.0,NA,0.0,0.0
SCHOOL_4883,0,0,0,0,0,0,0,0,0,0,1,6444000.0,-17.631209999999996,30.170770000000005,0.0,0.0,0.0,NA,0.0,0.0
SCHOOL_4884,0,0,0,0,0,0,0,0,0,0,1,4032000.0,-17.629099999999994,30.17529,0.0,0.0,0.0,NA,0.0,0.0
SCHOOL_4885,0,0,0,0,0,0,0,0,0,0,1,6684000.0,-17.617279999999994,30.218000000000004,0.0,0.0,0.0,NA,0.0,0.0
SCHOOL_4886,0,0,0,0,0,0,0,0,0,0,1,2232000.0,-17.583759999999998,30.18168,0.0,0.0,0.0,NA,0.0,0.0
SCHOOL_4887,0,0,0,0,0,0,0,0,0,0,1,1428000.0,-17.580630000000003,30.188450000000003,0.0,0.0,0.0,NA,0.0,0.0
SCHOOL_4888,0,0,0,0,0,0,0,0,0,0,1,6480000.0,-17.574829999999995,30.27651,0.0,0.0,0.0,NA,0.0,0.0
SCHOOL_4889,0,0,0,0,0,0,0,0,0,0,1,2196000.0,-17.54591,30.192450000000004,0.0,0.0,0.0,NA,0.0,0.0
SCHOOL_4890,0,0,0,0,0,0,0,0,0,0,1,4200000.0,-17.532400000000003,30.239839999999997,0.0,0.0,0.0,NA,0.0,0.0
SCHOOL_4891,0,0,0,0,0,0,0,0,0,0,1,9012000.0,-18.30775999999999,30.683270000000004,0.0,0.0,0.0,NA,0.0,0.0
SCHOOL_4892,0,0,0,0,0,0,0,0,0,0,1,1824000.0,-18.30539,30.68977,0.0,0.0,0.0,NA,0.0,0.0
SCHOOL_4893,0,0,0,0,0,0,0,0,0,0,1,3996000.0,-18.299129999999998,30.69306,0.0,0.0,0.0,NA,0.0,0.0
SCHOOL_4894,0,0,0,0,0,0,0,0,0,0,1,5052000.0,-18.29135,30.643209999999996,0.0,0.0,0.0,NA,0.0,0.0
SCHOOL_4895,0,0,0,0,0,0,0,0,0,0,1,3240000.0,-18.273460000000004,30.664939999999998,0.0,0.0,0.0,NA,0.0,0.0
SCHOOL_4896,0,0,0,0,0,0,0,0,0,0,1,9048000.0,-18.26911,30.6603,0.0,0.0,0.0,NA,0.0,0.0
SCHOOL_4897,0,0,0,0,0,0,0,0,0,0,1,4368000.0,-18.240740000000002,30.640040000000003,0.0,0.0,0.0,NA,0.0,0.0
SCHOOL_4898,0,0,0,0,0,0,0,0,0,0,1,5532000.0,-18.219239999999996,30.682840000000002,0.0,0.0,0.0,NA,0.0,0.0
SCHOOL_4899,0,0,0,0,0,0,0,0,0,0,1,8772000.0,-18.21363,30.593499999999995,0.0,0.0,0.0,NA,0.0,0.0
SCHOOL_4900,0,0,0,0,0,0,0,0,0,0,1,2100000.0,-18.2133,30.68037,0.0,0.0,0.0,NA,0.0,0.0
SCHOOL_4901,0,0,0,0,0,0,0,0,0,0,1,3480000.0,-18.20809,30.62278,0.0,0.0,0.0,NA,0.0,0.0
SCHOOL_4902,0,0,0,0,0,0,0,0,0,0,1,3396000.0,-18.207920000000005,30.59633,0.0,0.0,0.0,NA,0.0,0.0
SCHOOL_4903,0,0,0,0,0,0,0,0,0,0,1,2436000.0,-18.202609999999996,30.62322,0.0,0.0,0.0,NA,0.0,0.0
SCHOOL_4904,0,0,0,0,0,0,0,0,0,0,1,2664000.0,-18.18288,30.703369999999996,0.0,0.0,0.0,NA,0.0,0.0
SCHOOL_4905,0,0,0,0,0,0,0,0,0,0,1,3384000.0,-18.181739999999994,30.59766,0.0,0.0,0.0,NA,0.0,0.0
SCHOOL_4906,0,0,0,0,0,0,0,0,0,0,1,8328000.0,-18.177349999999997,30.603000000000005,0.0,0.0,0.0,NA,0.0,0.0
SCHOOL_4907,0,0,0,0,0,0,0,0,0,0,1,2808000.0,-18.17667000000001,30.664780000000004,0.0,0.0,0.0,NA,0.0,0.0
SCHOOL_4908,0,0,0,0,0,0,0,0,0,0,1,5688000.0,-18.167229999999993,30.635660000000005,0.0,0.0,0.0,NA,0.0,0.0
SCHOOL_4909,0,0,0,0,0,0,0,0,0,0,1,1608000.0,-18.154399999999995,30.628280000000004,0.0,0.0,0.0,NA,0.0,0.0
SCHOOL_4910,0,0,0,0,0,0,0,0,0,0,1,3540000.0,-18.27467,30.51473,0.0,0.0,0.0,NA,0.0,0.0
SCHOOL_4911,0,0,0,0,0,0,0,0,0,0,1,9168000.0,-18.273830000000004,30.479099999999995,0.0,0.0,0.0,NA,0.0,0.0
SCHOOL_4912,0,0,0,0,0,0,0,0,0,0,1,9480000.0,-18.250569999999993,30.47032,0.0,0.0,0.0,NA,0.0,0.0
SCHOOL_4913,0,0,0,0,0,0,0,0,0,0,1,3864000.0,-18.23206,30.44916,0.0,0.0,0.0,NA,0.0,0.0
SCHOOL_4914,0,0,0,0,0,0,0,0,0,0,1,8004000.0,-18.231330000000003,30.44431,0.0,0.0,0.0,NA,0.0,0.0
SCHOOL_4915,0,0,0,0,0,0,0,0,0,0,1,3048000.0,-18.17831999999999,30.55902,0.0,0.0,0.0,NA,0.0,0.0
SCHOOL_4916,0,0,0,0,0,0,0,0,0,0,1,3960000.0,-18.174609999999998,30.477799999999995,0.0,0.0,0.0,NA,0.0,0.0
SCHOOL_4917,0,0,0,0,0,0,0,0,0,0,1,4428000.0,-18.14364,30.56874,0.0,0.0,0.0,NA,0.0,0.0
SCHOOL_4918,0,0,0,0,0,0,0,0,0,0,1,9756000.0,-18.141730000000003,30.56284,0.0,0.0,0.0,NA,0.0,0.0
SCHOOL_4919,0,0,0,0,0,0,0,0,0,0,2,13620000.0,-18.06781500246273,30.451660001586518,0.0,0.0,0.0,NA,0.0,0.0
SCHOOL_4920,0,0,0,0,0,0,0,0,0,0,1,5004000.0,-18.175109999999997,30.74804,0.0,0.0,0.0,NA,0.0,0.0
SCHOOL_4921,0,0,0,0,0,0,0,0,0,0,1,1572000.0,-18.16222,30.76699,0.0,0.0,0.0,NA,0.0,0.0
SCHOOL_4922,0,0,0,0,0,0,0,0,0,0,1,5772000.0,-18.134399999999996,30.748330000000003,0.0,0.0,0.0,NA,0.0,0.0
SCHOOL_4923,0,0,0,0,0,0,0,0,0,0,1,1776000.0,-18.129330000000003,30.75449,0.0,0.0,0.0,NA,0.0,0.0
SCHOOL_4924,0,0,0,0,0,0,0,0,0,0,1,2796000.0,-18.10618,30.78509,0.0,0.0,0.0,NA,0.0,0.0
SCHOOL_4925,0,0,0,0,0,0,0,0,0,0,1,3744000.0,-18.10079,30.785950000000003,0.0,0.0,0.0,NA,0.0,0.0
SCHOOL_4926,0,0,0,0,0,0,0,0,0,0,1,4728000.0,-18.09821,30.74369,0.0,0.0,0.0,NA,0.0,0.0
SCHOOL_4927,0,0,0,0,0,0,0,0,0,0,1,5292000.0,-18.080859999999994,30.77806,0.0,0.0,0.0,NA,0.0,0.0
SCHOOL_4928,0,0,0,0,0,0,0,0,0,0,1,7680000.0,-18.062320000000003,30.77338,0.0,0.0,0.0,NA,0.0,0.0
SCHOOL_4929,0,0,0,0,0,0,0,0,0,0,1,4944000.0,-18.056800000000003,30.77737,0.0,0.0,0.0,NA,0.0,0.0
SCHOOL_4930,0,0,0,0,0,0,0,0,0,0,1,9612000.0,-18.13919,30.702030000000004,0.0,0.0,0.0,NA,0.0,0.0
SCHOOL_4931,0,0,0,0,0,0,0,0,0,0,1,4320000.0,-18.13303000000001,30.70211,0.0,0.0,0.0,NA,0.0,0.0
SCHOOL_4932,0,0,0,0,0,0,0,0,0,0,1,4188000.0,-18.084699999999994,30.65922,0.0,0.0,0.0,NA,0.0,0.0
SCHOOL_4933,0,0,0,0,0,0,0,0,0,0,1,9648000.0,-18.08103,30.659459999999996,0.0,0.0,0.0,NA,0.0,0.0
SCHOOL_4934,0,0,0,0,0,0,0,0,0,0,1,12000000.0,-17.910829999999997,30.661469999999998,0.0,0.0,0.0,NA,0.0,0.0
SCHOOL_4935,0,0,0,0,0,0,0,0,0,0,1,7416000.0,-17.905839999999998,30.585,0.0,0.0,0.0,NA,0.0,0.0
SCHOOL_4936,0,0,0,0,0,0,0,0,0,0,1,12000000.0,-17.901179999999997,30.6883,0.0,0.0,0.0,NA,0.0,0.0
SCHOOL_4937,0,0,0,0,0,0,0,0,0,0,1,2508000.0,-18.04660000000001,30.83872,0.0,0.0,0.0,NA,0.0,0.0
SCHOOL_4938,0,0,0,0,0,0,0,0,0,0,1,3228000.0,-18.016450000000003,30.838299999999997,0.0,0.0,0.0,NA,0.0,0.0
SCHOOL_4939,0,0,0,0,0,0,0,0,0,0,1,2436000.0,-18.003670000000003,30.784300000000005,0.0,0.0,0.0,NA,0.0,0.0
SCHOOL_4940,0,0,0,0,0,0,0,0,0,0,1,4380000.0,-17.992470000000004,30.71892,0.0,0.0,0.0,NA,0.0,0.0
SCHOOL_4941,0,0,0,0,0,0,0,0,0,0,1,1584000.0,-17.98767999999999,30.79135,0.0,0.0,0.0,NA,0.0,0.0
SCHOOL_4942,0,0,0,0,0,0,0,0,0,0,1,1560000.0,-17.98219,30.77448,0.0,0.0,0.0,NA,0.0,0.0
SCHOOL_4943,0,0,0,0,0,0,0,0,0,0,1,840000.0,-17.96991,30.774230000000003,0.0,0.0,0.0,NA,0.0,0.0
SCHOOL_4944,0,0,0,0,0,0,0,0,0,0,1,1032000.0,-17.91604,30.78593,0.0,0.0,0.0,NA,0.0,0.0
SCHOOL_4945,0,0,0,0,0,0,0,0,0,0,1,3204000.0,-17.90566,30.73494,0.0,0.0,0.0,NA,0.0,0.0
SCHOOL_4946,0,0,0,0,0,0,0,0,0,0,1,9552000.0,-17.895430000000005,30.819940000000003,0.0,0.0,0.0,NA,0.0,0.0
SCHOOL_4947,0,0,0,0,0,0,0,0,0,0,1,2160000.0,-18.04438999999999,30.55257,0.0,0.0,0.0,NA,0.0,0.0
SCHOOL_4948,0,0,0,0,0,0,0,0,0,0,1,3996000.0,-17.99379,30.56795,0.0,0.0,0.0,NA,0.0,0.0
SCHOOL_4949,0,0,0,0,0,0,0,0,0,0,1,1776000.0,-17.949669999999998,30.555430000000005,0.0,0.0,0.0,NA,0.0,0.0
SCHOOL_4950,0,0,0,0,0,0,0,0,0,0,1,3840000.0,-17.945589999999996,30.53905,0.0,0.0,0.0,NA,0.0,0.0
SCHOOL_4951,0,0,0,0,0,0,0,0,0,0,1,5100000.0,-17.91858999999999,30.5267,0.0,0.0,0.0,NA,0.0,0.0
SCHOOL_4952,0,0,0,0,0,0,0,0,0,0,1,2460000.0,-17.753150000000005,30.569980000000005,0.0,0.0,0.0,NA,0.0,0.0
SCHOOL_4953,0,0,0,0,0,0,0,0,0,0,1,2736000.0,-17.702269999999995,30.546130000000005,0.0,0.0,0.0,NA,0.0,0.0
SCHOOL_4954,0,0,0,0,0,0,0,0,0,0,1,6444000.0,-17.69742,30.54948,0.0,0.0,0.0,NA,0.0,0.0
SCHOOL_4955,0,0,0,0,0,0,0,0,0,0,1,1308000.0,-17.890639999999998,30.73024,0.0,0.0,0.0,NA,0.0,0.0
SCHOOL_4956,0,0,0,0,0,0,0,0,0,0,1,1524000.0,-17.863799999999998,30.775770000000005,0.0,0.0,0.0,NA,0.0,0.0
SCHOOL_4957,0,0,0,0,0,0,0,0,0,0,1,6228000.0,-17.8607,30.791030000000003,0.0,0.0,0.0,NA,0.0,0.0
SCHOOL_4958,0,0,0,0,0,0,0,0,0,0,2,16668000.0,-17.825725000448216,30.84931500017927,0.0,0.0,0.0,NA,0.0,0.0
SCHOOL_4959,0,0,0,0,0,0,0,0,0,0,2,6024000.0,-17.761700000000143,30.742875000002115,0.0,0.0,0.0,NA,0.0,0.0
SCHOOL_4960,0,0,0,0,0,0,0,0,0,0,1,8304000.0,-17.75302,30.77319,0.0,0.0,0.0,NA,0.0,0.0
SCHOOL_4961,0,0,0,0,0,0,0,0,0,0,1,4920000.0,-17.68093,30.80681,0.0,0.0,0.0,NA,0.0,0.0
SCHOOL_4962,0,0,0,0,0,0,0,0,0,0,1,12000000.0,-17.678959999999993,30.80975,0.0,0.0,0.0,NA,0.0,0.0
SCHOOL_4963,0,0,0,0,0,0,0,0,0,0,1,8820000.0,-17.881499999999996,30.62052,0.0,0.0,0.0,NA,0.0,0.0
SCHOOL_4964,0,0,0,0,0,0,0,0,0,0,1,8628000.0,-17.77751,30.65739,0.0,0.0,0.0,NA,0.0,0.0
SCHOOL_4965,0,0,0,0,0,0,0,0,0,0,1,3684000.0,-17.715489999999996,30.66276,0.0,0.0,0.0,NA,0.0,0.0
SCHOOL_4966,0,0,0,0,0,0,0,0,0,0,1,2976000.0,-17.71028,30.60835,0.0,0.0,0.0,NA,0.0,0.0
SCHOOL_4967,0,0,0,0,0,0,0,0,0,0,1,5916000.0,-17.674779999999995,30.709940000000003,0.0,0.0,0.0,NA,0.0,0.0
SCHOOL_4968,0,0,0,0,0,0,0,0,0,0,2,6288000.0,-17.674880000001213,30.437660000006257,0.0,0.0,0.0,NA,0.0,0.0
SCHOOL_4969,0,0,0,0,0,0,0,0,0,0,2,8448000.0,-17.646624999999663,30.48840000000579,0.0,0.0,0.0,NA,0.0,0.0
SCHOOL_4970,0,0,0,0,0,0,0,0,0,0,1,5184000.0,-17.542460000000002,30.45883,0.0,0.0,0.0,NA,0.0,0.0
SCHOOL_4971,0,0,0,0,0,0,0,0,0,0,1,10428000.0,-17.539330000000003,30.45934,0.0,0.0,0.0,NA,0.0,0.0
SCHOOL_4972,0,0,0,0,0,0,0,0,0,0,1,3960000.0,-17.53878,30.44266,0.0,0.0,0.0,NA,0.0,0.0
SCHOOL_4973,0,0,0,0,0,0,0,0,0,0,1,6180000.0,-17.49903,30.55962,0.0,0.0,0.0,NA,0.0,0.0
SCHOOL_4974,0,0,0,0,0,0,0,0,0,0,1,6132000.0,-17.49153,30.492480000000004,0.0,0.0,0.0,NA,0.0,0.0
SCHOOL_4975,0,0,0,0,0,0,0,0,0,0,2,8988000.0,-17.466855002043825,30.520194999229123,0.0,0.0,0.0,NA,0.0,0.0
SCHOOL_4976,0,0,0,0,0,0,0,0,0,0,1,5460000.0,-17.752030000000005,31.221410000000002,0.0,0.0,0.0,NA,0.0,0.0
SCHOOL_4977,0,0,0,0,0,0,0,0,0,0,1,12000000.0,-17.76095,30.9301,0.0,0.0,0.0,NA,0.0,0.0
SCHOOL_4978,0,0,0,0,0,0,0,0,0,0,1,2832000.0,-17.7447,30.92469,0.0,0.0,0.0,NA,0.0,0.0
SCHOOL_4979,0,0,0,0,0,0,0,0,0,0,2,16332000.0,-17.70723,30.891940000000005,0.0,0.0,0.0,NA,0.0,0.0
SCHOOL_4980,0,0,0,0,0,0,0,0,0,0,1,12000000.0,-17.677139999999998,30.92534,0.0,0.0,0.0,NA,0.0,0.0
SCHOOL_4981,0,0,0,0,0,0,0,0,0,0,1,1428000.0,-17.628219999999995,30.88312,0.0,0.0,0.0,NA,0.0,0.0
SCHOOL_4982,0,0,0,0,0,0,0,0,0,0,1,4560000.0,-17.627509999999997,30.94105,0.0,0.0,0.0,NA,0.0,0.0
SCHOOL_4983,0,0,0,0,0,0,0,0,0,0,1,8976000.0,-17.616229999999998,30.872900000000005,0.0,0.0,0.0,NA,0.0,0.0
SCHOOL_4984,0,0,0,0,0,0,0,0,0,0,1,3588000.0,-17.685659999999988,31.027259999999995,0.0,0.0,0.0,NA,0.0,0.0
SCHOOL_4985,0,0,0,0,0,0,0,0,0,0,1,6696000.0,-17.68003,31.012520000000002,0.0,0.0,0.0,NA,0.0,0.0
SCHOOL_4986,0,0,0,0,0,0,0,0,0,0,1,4752000.0,-17.67757,30.991409999999995,0.0,0.0,0.0,NA,0.0,0.0
SCHOOL_4987,0,0,0,0,0,0,0,0,0,0,1,6252000.0,-17.675489999999996,31.007300000000004,0.0,0.0,0.0,NA,0.0,0.0
SCHOOL_4988,0,0,0,0,0,0,0,0,0,0,1,3324000.0,-17.6534,31.0422,0.0,0.0,0.0,NA,0.0,0.0
SCHOOL_4989,0,0,0,0,0,0,0,0,0,0,1,4740000.0,-17.63445,31.043800000000005,0.0,0.0,0.0,NA,0.0,0.0
SCHOOL_4990,0,0,0,0,0,0,0,0,0,0,1,7248000.0,-17.612249999999996,30.9969,0.0,0.0,0.0,NA,0.0,0.0
SCHOOL_4991,0,0,0,0,0,0,0,0,0,0,2,9612000.0,-17.58712000333175,30.979749999368913,0.0,0.0,0.0,NA,0.0,0.0
SCHOOL_4992,0,0,0,0,0,0,0,0,0,0,1,12000000.0,-17.69043,31.15342,0.0,0.0,0.0,NA,0.0,0.0
SCHOOL_4993,0,0,0,0,0,0,0,0,0,0,1,7728000.0,-17.662819999999996,31.22283,0.0,0.0,0.0,NA,0.0,0.0
SCHOOL_4994,0,0,0,0,0,0,0,0,0,0,1,11820000.0,-17.653549999999996,31.116690000000002,0.0,0.0,0.0,NA,0.0,0.0
SCHOOL_4995,0,0,0,0,0,0,0,0,0,0,1,1512000.0,-17.643149999999995,31.10441,0.0,0.0,0.0,NA,0.0,0.0
SCHOOL_4996,0,0,0,0,0,0,0,0,0,0,1,6276000.0,-17.56814999999999,31.128509999999995,0.0,0.0,0.0,NA,0.0,0.0
SCHOOL_4997,0,0,0,0,0,0,0,0,0,0,1,12000000.0,-17.5541,31.11187,0.0,0.0,0.0,NA,0.0,0.0
SCHOOL_4998,0,0,0,0,0,0,0,0,0,0,1,6336000.0,-17.549599999999998,31.150700000000004,0.0,0.0,0.0,NA,0.0,0.0
SCHOOL_4999,0,0,0,0,0,0,0,0,0,0,1,4680000.0,-17.533609999999992,31.12955,0.0,0.0,0.0,NA,0.0,0.0
SCHOOL_5000,0,0,0,0,0,0,0,0,0,0,1,5400000.0,-17.528259999999996,31.18383,0.0,0.0,0.0,NA,0.0,0.0
SCHOOL_5001,0,0,0,0,0,0,0,0,0,0,1,6336000.0,-17.518559999999997,31.14183,0.0,0.0,0.0,NA,0.0,0.0
SCHOOL_5002,0,0,0,0,0,0,0,0,0,0,1,12000000.0,-17.51337,31.15851,0.0,0.0,0.0,NA,0.0,0.0
SCHOOL_5003,0,0,0,0,0,0,0,0,0,0,1,8028000.0,-17.513029999999997,31.22322,0.0,0.0,0.0,NA,0.0,0.0
SCHOOL_5004,0,0,0,0,0,0,0,0,0,0,1,4056000.0,-17.502509999999997,31.2097,0.0,0.0,0.0,NA,0.0,0.0
SCHOOL_5005,0,0,0,0,0,0,0,0,0,0,1,5988000.0,-17.499759999999995,31.14315,0.0,0.0,0.0,NA,0.0,0.0
SCHOOL_5006,0,0,0,0,0,0,0,0,0,0,1,2268000.0,-17.49171,31.160880000000002,0.0,0.0,0.0,NA,0.0,0.0
SCHOOL_5007,0,0,0,0,0,0,0,0,0,0,1,3636000.0,-17.480179999999997,31.17073,0.0,0.0,0.0,NA,0.0,0.0
SCHOOL_5008,0,0,0,0,0,0,0,0,0,0,1,4992000.0,-17.467329999999997,31.212,0.0,0.0,0.0,NA,0.0,0.0
SCHOOL_5009,0,0,0,0,0,0,0,0,0,0,1,1728000.0,-17.604780000000005,30.871720000000003,0.0,0.0,0.0,NA,0.0,0.0
SCHOOL_5010,0,0,0,0,0,0,0,0,0,0,1,2832000.0,-17.55193,30.94585,0.0,0.0,0.0,NA,0.0,0.0
SCHOOL_5011,0,0,0,0,0,0,0,0,0,0,1,12000000.0,-17.52583,30.871130000000004,0.0,0.0,0.0,NA,0.0,0.0
SCHOOL_5012,0,0,0,0,0,0,0,0,0,0,1,6576000.0,-17.517139999999998,30.945659999999997,0.0,0.0,0.0,NA,0.0,0.0
SCHOOL_5013,0,0,0,0,0,0,0,0,0,0,1,7680000.0,-17.47115000000001,30.92183,0.0,0.0,0.0,NA,0.0,0.0
SCHOOL_5014,0,0,0,0,0,0,0,0,0,0,1,12000000.0,-17.464940000000002,30.959369999999996,0.0,0.0,0.0,NA,0.0,0.0
SCHOOL_5015,0,0,0,0,0,0,0,0,0,0,1,7884000.0,-17.417840000000005,30.946809999999996,0.0,0.0,0.0,NA,0.0,0.0
SCHOOL_5016,0,0,0,0,0,0,0,0,0,0,1,8904000.0,-17.383749999999996,30.95343,0.0,0.0,0.0,NA,0.0,0.0
SCHOOL_5017,0,0,0,0,0,0,0,0,0,0,1,12000000.0,-17.368189999999995,30.94235,0.0,0.0,0.0,NA,0.0,0.0
SCHOOL_5018,0,0,0,0,0,0,0,0,0,0,1,11220000.0,-17.358559999999997,30.96995,0.0,0.0,0.0,NA,0.0,0.0
SCHOOL_5019,0,0,0,0,0,0,0,0,0,0,1,10236000.0,-17.573200000000003,31.06051,0.0,0.0,0.0,NA,0.0,0.0
SCHOOL_5020,0,0,0,0,0,0,0,0,0,0,1,4788000.0,-17.431300000000004,31.087199999999996,0.0,0.0,0.0,NA,0.0,0.0
SCHOOL_5021,0,0,0,0,0,0,0,0,0,0,1,2532000.0,-17.417420000000003,31.01108,0.0,0.0,0.0,NA,0.0,0.0
SCHOOL_5022,0,0,0,0,0,0,0,0,0,0,1,8472000.0,-17.41128,31.05676,0.0,0.0,0.0,NA,0.0,0.0
SCHOOL_5023,0,0,0,0,0,0,0,0,0,0,1,1224000.0,-17.376579999999993,31.02267,0.0,0.0,0.0,NA,0.0,0.0
SCHOOL_5024,0,0,0,0,0,0,0,0,0,0,1,2736000.0,-17.354599999999994,31.009230000000002,0.0,0.0,0.0,NA,0.0,0.0
SCHOOL_5025,0,0,0,0,0,0,0,0,0,0,1,2364000.0,-17.329689999999996,31.010590000000004,0.0,0.0,0.0,NA,0.0,0.0
SCHOOL_5026,0,0,0,0,0,0,0,0,0,0,1,8892000.0,-17.32038,31.025730000000003,0.0,0.0,0.0,NA,0.0,0.0
SCHOOL_5027,0,0,0,0,0,0,0,0,0,0,1,8016000.0,-17.320240000000002,30.98815,0.0,0.0,0.0,NA,0.0,0.0
SCHOOL_5028,0,0,0,0,0,0,0,0,0,0,1,5628000.0,-17.317809999999998,31.06131,0.0,0.0,0.0,NA,0.0,0.0
SCHOOL_5029,0,0,0,0,0,0,0,0,0,0,1,4800000.0,-17.43896,31.149909999999995,0.0,0.0,0.0,NA,0.0,0.0
SCHOOL_5030,0,0,0,0,0,0,0,0,0,0,1,9240000.0,-17.435850000000002,31.150110000000005,0.0,0.0,0.0,NA,0.0,0.0
SCHOOL_5031,0,0,0,0,0,0,0,0,0,0,1,4644000.0,-17.355630000000005,31.0914,0.0,0.0,0.0,NA,0.0,0.0
SCHOOL_5032,0,0,0,0,0,0,0,0,0,0,1,5580000.0,-17.33827,31.17958,0.0,0.0,0.0,NA,0.0,0.0
SCHOOL_5033,0,0,0,0,0,0,0,0,0,0,1,6156000.0,-17.314349999999997,31.191609999999997,0.0,0.0,0.0,NA,0.0,0.0
SCHOOL_5034,0,0,0,0,0,0,0,0,0,0,1,3648000.0,-17.3135,31.195580000000003,0.0,0.0,0.0,NA,0.0,0.0
SCHOOL_5035,0,0,0,0,0,0,0,0,0,0,1,12000000.0,-17.287459999999996,31.12029,0.0,0.0,0.0,NA,0.0,0.0
SCHOOL_5036,0,0,0,0,0,0,0,0,0,0,1,2856000.0,-17.28536,31.198089999999997,0.0,0.0,0.0,NA,0.0,0.0
SCHOOL_5037,0,0,0,0,0,0,0,0,0,0,1,12000000.0,-17.283570000000005,31.19296,0.0,0.0,0.0,NA,0.0,0.0
SCHOOL_5038,0,0,0,0,0,0,0,0,0,0,1,7752000.0,-17.220319999999997,31.1554,0.0,0.0,0.0,NA,0.0,0.0
SCHOOL_5039,0,0,0,0,0,0,0,0,0,0,1,6108000.0,-17.28859,31.05456,0.0,0.0,0.0,NA,0.0,0.0
SCHOOL_5040,0,0,0,0,0,0,0,0,0,0,1,3408000.0,-17.283159999999995,31.07753,0.0,0.0,0.0,NA,0.0,0.0
SCHOOL_5041,0,0,0,0,0,0,0,0,0,0,2,18588000.0,-17.135080001119626,31.057900001582706,0.0,0.0,0.0,NA,0.0,0.0
SCHOOL_5042,0,0,0,0,0,0,0,0,0,0,1,1860000.0,-19.23085,31.2845,0.0,0.0,0.0,NA,0.0,0.0
SCHOOL_5043,0,0,0,0,0,0,0,0,0,0,1,6708000.0,-19.221559999999997,31.35322,0.0,0.0,0.0,NA,0.0,0.0
SCHOOL_5044,0,0,0,0,0,0,0,0,0,0,1,2340000.0,-19.20411,31.344060000000002,0.0,0.0,0.0,NA,0.0,0.0
SCHOOL_5045,0,0,0,0,0,0,0,0,0,0,1,8160000.0,-19.18473,31.328680000000002,0.0,0.0,0.0,NA,0.0,0.0
SCHOOL_5046,0,0,0,0,0,0,0,0,0,0,1,2988000.0,-19.14016,31.3469,0.0,0.0,0.0,NA,0.0,0.0
SCHOOL_5047,0,0,0,0,0,0,0,0,0,0,1,1740000.0,-19.137079999999997,31.370730000000002,0.0,0.0,0.0,NA,0.0,0.0
SCHOOL_5048,0,0,0,0,0,0,0,0,0,0,1,3912000.0,-19.092459999999996,31.26068,0.0,0.0,0.0,NA,0.0,0.0
SCHOOL_5049,0,0,0,0,0,0,0,0,0,0,1,6096000.0,-19.09085,31.30695,0.0,0.0,0.0,NA,0.0,0.0
SCHOOL_5050,0,0,0,0,0,0,0,0,0,0,1,1428000.0,-19.06638,31.31264,0.0,0.0,0.0,NA,0.0,0.0
SCHOOL_5051,0,0,0,0,0,0,0,0,0,0,1,10968000.0,-19.051799999999997,31.3086,0.0,0.0,0.0,NA,0.0,0.0
SCHOOL_5052,0,0,0,0,0,0,0,0,0,0,1,4440000.0,-19.14926,31.55124,0.0,0.0,0.0,NA,0.0,0.0
SCHOOL_5053,0,0,0,0,0,0,0,0,0,0,1,5124000.0,-19.144199999999994,31.600959999999997,0.0,0.0,0.0,NA,0.0,0.0
SCHOOL_5054,0,0,0,0,0,0,0,0,0,0,1,3600000.0,-19.138830000000002,31.598500000000005,0.0,0.0,0.0,NA,0.0,0.0
SCHOOL_5055,0,0,0,0,0,0,0,0,0,0,1,3588000.0,-19.114659999999997,31.5249,0.0,0.0,0.0,NA,0.0,0.0
SCHOOL_5056,0,0,0,0,0,0,0,0,0,0,1,2688000.0,-19.101629999999993,31.58181,0.0,0.0,0.0,NA,0.0,0.0
SCHOOL_5057,0,0,0,0,0,0,0,0,0,0,1,4848000.0,-19.096099999999993,31.52334,0.0,0.0,0.0,NA,0.0,0.0
SCHOOL_5058,0,0,0,0,0,0,0,0,0,0,1,3360000.0,-19.065579999999994,31.519659999999995,0.0,0.0,0.0,NA,0.0,0.0
SCHOOL_5059,0,0,0,0,0,0,0,0,0,0,1,5076000.0,-19.062140000000003,31.516050000000003,0.0,0.0,0.0,NA,0.0,0.0
SCHOOL_5060,0,0,0,0,0,0,0,0,0,0,1,4284000.0,-19.04393,31.599780000000003,0.0,0.0,0.0,NA,0.0,0.0
SCHOOL_5061,0,0,0,0,0,0,0,0,0,0,1,3336000.0,-19.034419999999997,31.561390000000003,0.0,0.0,0.0,NA,0.0,0.0
SCHOOL_5062,0,0,0,0,0,0,0,0,0,0,1,1860000.0,-19.061690000000002,31.47165,0.0,0.0,0.0,NA,0.0,0.0
SCHOOL_5063,0,0,0,0,0,0,0,0,0,0,1,768000.0,-19.04655,31.46091,0.0,0.0,0.0,NA,0.0,0.0
SCHOOL_5064,0,0,0,0,0,0,0,0,0,0,1,2220000.0,-19.04213,31.466,0.0,0.0,0.0,NA,0.0,0.0
SCHOOL_5065,0,0,0,0,0,0,0,0,0,0,1,4164000.0,-19.036769999999997,31.45125,0.0,0.0,0.0,NA,0.0,0.0
SCHOOL_5066,0,0,0,0,0,0,0,0,0,0,1,2736000.0,-19.021710000000006,31.50616,0.0,0.0,0.0,NA,0.0,0.0
SCHOOL_5067,0,0,0,0,0,0,0,0,0,0,1,1404000.0,-19.014220000000005,31.40328,0.0,0.0,0.0,NA,0.0,0.0
SCHOOL_5068,0,0,0,0,0,0,0,0,0,0,1,3204000.0,-19.00816,31.40346,0.0,0.0,0.0,NA,0.0,0.0
SCHOOL_5069,0,0,0,0,0,0,0,0,0,0,1,2028000.0,-18.98928,31.44215,0.0,0.0,0.0,NA,0.0,0.0
SCHOOL_5070,0,0,0,0,0,0,0,0,0,0,1,4704000.0,-18.983979999999995,31.44306,0.0,0.0,0.0,NA,0.0,0.0
SCHOOL_5071,0,0,0,0,0,0,0,0,0,0,1,2364000.0,-18.958459999999995,31.50144,0.0,0.0,0.0,NA,0.0,0.0
SCHOOL_5072,0,0,0,0,0,0,0,0,0,0,1,5292000.0,-19.049549999999993,31.36076,0.0,0.0,0.0,NA,0.0,0.0
SCHOOL_5073,0,0,0,0,0,0,0,0,0,0,1,4536000.0,-19.046539999999997,31.34905,0.0,0.0,0.0,NA,0.0,0.0
SCHOOL_5074,0,0,0,0,0,0,0,0,0,0,1,2928000.0,-19.03429999999999,31.33878,0.0,0.0,0.0,NA,0.0,0.0
SCHOOL_5075,0,0,0,0,0,0,0,0,0,0,1,4416000.0,-19.03134,31.25634,0.0,0.0,0.0,NA,0.0,0.0
SCHOOL_5076,0,0,0,0,0,0,0,0,0,0,1,1104000.0,-19.015879999999996,31.253259999999997,0.0,0.0,0.0,NA,0.0,0.0
SCHOOL_5077,0,0,0,0,0,0,0,0,0,0,1,840000.0,-19.00753,31.2428,0.0,0.0,0.0,NA,0.0,0.0
SCHOOL_5078,0,0,0,0,0,0,0,0,0,0,1,1872000.0,-18.98353,31.2515,0.0,0.0,0.0,NA,0.0,0.0
SCHOOL_5079,0,0,0,0,0,0,0,0,0,0,1,1440000.0,-18.98066,31.3469,0.0,0.0,0.0,NA,0.0,0.0
SCHOOL_5080,0,0,0,0,0,0,0,0,0,0,1,1440000.0,-18.9799,31.283180000000005,0.0,0.0,0.0,NA,0.0,0.0
SCHOOL_5081,0,0,0,0,0,0,0,0,0,0,1,4224000.0,-18.95025,31.3161,0.0,0.0,0.0,NA,0.0,0.0
SCHOOL_5082,0,0,0,0,0,0,0,0,0,0,1,1032000.0,-19.034369999999992,31.570620000000005,0.0,0.0,0.0,NA,0.0,0.0
SCHOOL_5083,0,0,0,0,0,0,0,0,0,0,1,1620000.0,-19.00072999999999,31.58628,0.0,0.0,0.0,NA,0.0,0.0
SCHOOL_5084,0,0,0,0,0,0,0,0,0,0,1,1740000.0,-18.987159999999996,31.52922,0.0,0.0,0.0,NA,0.0,0.0
SCHOOL_5085,0,0,0,0,0,0,0,0,0,0,1,1944000.0,-18.95834,31.515309999999996,0.0,0.0,0.0,NA,0.0,0.0
SCHOOL_5086,0,0,0,0,0,0,0,0,0,0,1,3732000.0,-18.958160000000003,31.50937,0.0,0.0,0.0,NA,0.0,0.0
SCHOOL_5087,0,0,0,0,0,0,0,0,0,0,1,3984000.0,-18.944789999999998,31.59697,0.0,0.0,0.0,NA,0.0,0.0
SCHOOL_5088,0,0,0,0,0,0,0,0,0,0,1,4884000.0,-18.938829999999992,31.593350000000004,0.0,0.0,0.0,NA,0.0,0.0
SCHOOL_5089,0,0,0,0,0,0,0,0,0,0,1,1428000.0,-18.875769999999996,31.60204,0.0,0.0,0.0,NA,0.0,0.0
SCHOOL_5090,0,0,0,0,0,0,0,0,0,0,1,5148000.0,-18.871419999999993,31.567500000000003,0.0,0.0,0.0,NA,0.0,0.0
SCHOOL_5091,0,0,0,0,0,0,0,0,0,0,1,3708000.0,-18.865420000000004,31.56442,0.0,0.0,0.0,NA,0.0,0.0
SCHOOL_5092,0,0,0,0,0,0,0,0,0,0,1,6072000.0,-18.94764,31.459309999999995,0.0,0.0,0.0,NA,0.0,0.0
SCHOOL_5093,0,0,0,0,0,0,0,0,0,0,1,4080000.0,-18.930139999999998,31.459580000000003,0.0,0.0,0.0,NA,0.0,0.0
SCHOOL_5094,0,0,0,0,0,0,0,0,0,0,1,1836000.0,-18.92589,31.50255,0.0,0.0,0.0,NA,0.0,0.0
SCHOOL_5095,0,0,0,0,0,0,0,0,0,0,1,2472000.0,-18.906089999999995,31.4195,0.0,0.0,0.0,NA,0.0,0.0
SCHOOL_5096,0,0,0,0,0,0,0,0,0,0,1,9396000.0,-18.88005,31.461629999999996,0.0,0.0,0.0,NA,0.0,0.0
SCHOOL_5097,0,0,0,0,0,0,0,0,0,0,1,4284000.0,-18.874610000000004,31.46354,0.0,0.0,0.0,NA,0.0,0.0
SCHOOL_5098,0,0,0,0,0,0,0,0,0,0,1,4992000.0,-18.868119999999998,31.39832,0.0,0.0,0.0,NA,0.0,0.0
SCHOOL_5099,0,0,0,0,0,0,0,0,0,0,1,2796000.0,-18.862369999999988,31.396740000000005,0.0,0.0,0.0,NA,0.0,0.0
SCHOOL_5100,0,0,0,0,0,0,0,0,0,0,1,840000.0,-18.858809999999995,31.49663,0.0,0.0,0.0,NA,0.0,0.0
SCHOOL_5101,0,0,0,0,0,0,0,0,0,0,1,2292000.0,-18.847870000000004,31.501450000000002,0.0,0.0,0.0,NA,0.0,0.0
SCHOOL_5102,0,0,0,0,0,0,0,0,0,0,1,2460000.0,-18.94453,31.31741,0.0,0.0,0.0,NA,0.0,0.0
SCHOOL_5103,0,0,0,0,0,0,0,0,0,0,1,3504000.0,-18.941649999999996,31.35678,0.0,0.0,0.0,NA,0.0,0.0
SCHOOL_5104,0,0,0,0,0,0,0,0,0,0,1,4212000.0,-18.934609999999992,31.247050000000005,0.0,0.0,0.0,NA,0.0,0.0
SCHOOL_5105,0,0,0,0,0,0,0,0,0,0,1,10704000.0,-18.884229999999995,31.2516,0.0,0.0,0.0,NA,0.0,0.0
SCHOOL_5106,0,0,0,0,0,0,0,0,0,0,2,1848000.0,-18.882895000000328,31.28065999999975,0.0,0.0,0.0,NA,0.0,0.0
SCHOOL_5107,0,0,0,0,0,0,0,0,0,0,1,744000.0,-18.809910000000002,31.25303,0.0,0.0,0.0,NA,0.0,0.0
SCHOOL_5108,0,0,0,0,0,0,0,0,0,0,1,840000.0,-18.791669999999996,31.33228,0.0,0.0,0.0,NA,0.0,0.0
SCHOOL_5109,0,0,0,0,0,0,0,0,0,0,1,996000.0,-18.710430000000002,31.27005,0.0,0.0,0.0,NA,0.0,0.0
SCHOOL_5110,0,0,0,0,0,0,0,0,0,0,1,1416000.0,-18.708399999999997,31.26685,0.0,0.0,0.0,NA,0.0,0.0
SCHOOL_5111,0,0,0,0,0,0,0,0,0,0,1,10536000.0,-18.83086,31.44179,0.0,0.0,0.0,NA,0.0,0.0
SCHOOL_5112,0,0,0,0,0,0,0,0,0,0,1,5184000.0,-18.828349999999997,31.443149999999996,0.0,0.0,0.0,NA,0.0,0.0
SCHOOL_5113,0,0,0,0,0,0,0,0,0,0,1,2604000.0,-18.825580000000002,31.387239999999995,0.0,0.0,0.0,NA,0.0,0.0
SCHOOL_5114,0,0,0,0,0,0,0,0,0,0,1,4824000.0,-18.817169999999997,31.389469999999996,0.0,0.0,0.0,NA,0.0,0.0
SCHOOL_5115,0,0,0,0,0,0,0,0,0,0,1,6768000.0,-18.792629999999996,31.49209,0.0,0.0,0.0,NA,0.0,0.0
SCHOOL_5116,0,0,0,0,0,0,0,0,0,0,1,3672000.0,-18.79245,31.48828,0.0,0.0,0.0,NA,0.0,0.0
SCHOOL_5117,0,0,0,0,0,0,0,0,0,0,1,840000.0,-18.774800000000003,31.38594,0.0,0.0,0.0,NA,0.0,0.0
SCHOOL_5118,0,0,0,0,0,0,0,0,0,0,1,3732000.0,-18.77439,31.40749,0.0,0.0,0.0,NA,0.0,0.0
SCHOOL_5119,0,0,0,0,0,0,0,0,0,0,1,1452000.0,-18.770399999999995,31.490120000000005,0.0,0.0,0.0,NA,0.0,0.0
SCHOOL_5120,0,0,0,0,0,0,0,0,0,0,1,4056000.0,-18.76914,31.40986,0.0,0.0,0.0,NA,0.0,0.0
SCHOOL_5121,0,0,0,0,0,0,0,0,0,0,1,1776000.0,-18.82873,31.55878,0.0,0.0,0.0,NA,0.0,0.0
SCHOOL_5122,0,0,0,0,0,0,0,0,0,0,1,4692000.0,-18.825999999999993,31.5609,0.0,0.0,0.0,NA,0.0,0.0
SCHOOL_5123,0,0,0,0,0,0,0,0,0,0,1,840000.0,-18.791569999999993,31.542000000000005,0.0,0.0,0.0,NA,0.0,0.0
SCHOOL_5124,0,0,0,0,0,0,0,0,0,0,1,6648000.0,-18.744289999999996,31.539250000000003,0.0,0.0,0.0,NA,0.0,0.0
SCHOOL_5125,0,0,0,0,0,0,0,0,0,0,1,3000000.0,-18.736739999999998,31.53588,0.0,0.0,0.0,NA,0.0,0.0
SCHOOL_5126,0,0,0,0,0,0,0,0,0,0,1,2748000.0,-18.719210000000004,31.514990000000004,0.0,0.0,0.0,NA,0.0,0.0
SCHOOL_5127,0,0,0,0,0,0,0,0,0,0,1,4824000.0,-18.692780000000003,31.567229999999995,0.0,0.0,0.0,NA,0.0,0.0
SCHOOL_5128,0,0,0,0,0,0,0,0,0,0,1,7380000.0,-18.68676,31.57046,0.0,0.0,0.0,NA,0.0,0.0
SCHOOL_5129,0,0,0,0,0,0,0,0,0,0,1,4896000.0,-18.67103,31.51617,0.0,0.0,0.0,NA,0.0,0.0
SCHOOL_5130,0,0,0,0,0,0,0,0,0,0,1,1392000.0,-18.64231,31.5316,0.0,0.0,0.0,NA,0.0,0.0
SCHOOL_5131,0,0,0,0,0,0,0,0,0,0,1,3696000.0,-18.76675,31.398080000000004,0.0,0.0,0.0,NA,0.0,0.0
SCHOOL_5132,0,0,0,0,0,0,0,0,0,0,1,3252000.0,-18.76445,31.47912,0.0,0.0,0.0,NA,0.0,0.0
SCHOOL_5133,0,0,0,0,0,0,0,0,0,0,1,1164000.0,-18.760099999999998,31.476570000000002,0.0,0.0,0.0,NA,0.0,0.0
SCHOOL_5134,0,0,0,0,0,0,0,0,0,0,1,2220000.0,-18.747409999999995,31.450559999999996,0.0,0.0,0.0,NA,0.0,0.0
SCHOOL_5135,0,0,0,0,0,0,0,0,0,0,1,1116000.0,-18.71673999999999,31.39486,0.0,0.0,0.0,NA,0.0,0.0
SCHOOL_5136,0,0,0,0,0,0,0,0,0,0,1,1332000.0,-18.68543,31.406649999999996,0.0,0.0,0.0,NA,0.0,0.0
SCHOOL_5137,0,0,0,0,0,0,0,0,0,0,1,3948000.0,-18.6542,31.45513,0.0,0.0,0.0,NA,0.0,0.0
SCHOOL_5138,0,0,0,0,0,0,0,0,0,0,1,3228000.0,-18.642929999999996,31.451980000000002,0.0,0.0,0.0,NA,0.0,0.0
SCHOOL_5139,0,0,0,0,0,0,0,0,0,0,1,4728000.0,-18.60188,31.48961,0.0,0.0,0.0,NA,0.0,0.0
SCHOOL_5140,0,0,0,0,0,0,0,0,0,0,1,2748000.0,-18.53344,31.417810000000003,0.0,0.0,0.0,NA,0.0,0.0
SCHOOL_5141,0,0,0,0,0,0,0,0,0,0,1,5688000.0,-19.18463,32.29693,0.0,0.0,0.0,NA,0.0,0.0
SCHOOL_5142,0,0,0,0,0,0,0,0,0,0,1,4392000.0,-19.175869999999996,32.32883,0.0,0.0,0.0,NA,0.0,0.0
SCHOOL_5143,0,0,0,0,0,0,0,0,0,0,1,2184000.0,-19.167969999999993,32.20697,0.0,0.0,0.0,NA,0.0,0.0
SCHOOL_5144,0,0,0,0,0,0,0,0,0,0,1,4320000.0,-19.160929999999997,32.24439,0.0,0.0,0.0,NA,0.0,0.0
SCHOOL_5145,0,0,0,0,0,0,0,0,0,0,1,6288000.0,-19.160059999999998,32.19706000000001,0.0,0.0,0.0,NA,0.0,0.0
SCHOOL_5146,0,0,0,0,0,0,0,0,0,0,1,4884000.0,-19.155989999999996,32.30718,0.0,0.0,0.0,NA,0.0,0.0
SCHOOL_5147,0,0,0,0,0,0,0,0,0,0,1,5868000.0,-19.15534,32.31748,0.0,0.0,0.0,NA,0.0,0.0
SCHOOL_5148,0,0,0,0,0,0,0,0,0,0,1,6684000.0,-19.15287,32.38343,0.0,0.0,0.0,NA,0.0,0.0
SCHOOL_5149,0,0,0,0,0,0,0,0,0,0,1,7788000.0,-19.152299999999997,32.27868,0.0,0.0,0.0,NA,0.0,0.0
SCHOOL_5150,0,0,0,0,0,0,0,0,0,0,1,8460000.0,-19.13362,32.38083,0.0,0.0,0.0,NA,0.0,0.0
SCHOOL_5151,0,0,0,0,0,0,0,0,0,0,1,6480000.0,-19.209159999999994,32.16587,0.0,0.0,0.0,NA,0.0,0.0
SCHOOL_5152,0,0,0,0,0,0,0,0,0,0,2,13452000.0,-19.197135000000074,32.06865000000081,0.0,0.0,0.0,NA,0.0,0.0
SCHOOL_5153,0,0,0,0,0,0,0,0,0,0,1,10248000.0,-19.19578,32.17455,0.0,0.0,0.0,NA,0.0,0.0
SCHOOL_5154,0,0,0,0,0,0,0,0,0,0,1,744000.0,-19.17717,32.16217,0.0,0.0,0.0,NA,0.0,0.0
SCHOOL_5155,0,0,0,0,0,0,0,0,0,0,1,12000000.0,-19.101930000000003,32.11167,0.0,0.0,0.0,NA,0.0,0.0
SCHOOL_5156,0,0,0,0,0,0,0,0,0,0,1,4404000.0,-19.099920000000004,32.12791,0.0,0.0,0.0,NA,0.0,0.0
SCHOOL_5157,0,0,0,0,0,0,0,0,0,0,1,12000000.0,-19.068199999999994,32.04882,0.0,0.0,0.0,NA,0.0,0.0
SCHOOL_5158,0,0,0,0,0,0,0,0,0,0,1,3744000.0,-19.064430000000005,32.04988,0.0,0.0,0.0,NA,0.0,0.0
SCHOOL_5159,0,0,0,0,0,0,0,0,0,0,1,1200000.0,-19.016269999999995,32.10188999999999,0.0,0.0,0.0,NA,0.0,0.0
SCHOOL_5160,0,0,0,0,0,0,0,0,0,0,1,5436000.0,-19.116299999999992,32.366980000000005,0.0,0.0,0.0,NA,0.0,0.0
SCHOOL_5161,0,0,0,0,0,0,0,0,0,0,1,5940000.0,-19.078330000000005,32.28112,0.0,0.0,0.0,NA,0.0,0.0
SCHOOL_5162,0,0,0,0,0,0,0,0,0,0,1,1344000.0,-19.074699999999996,32.22407,0.0,0.0,0.0,NA,0.0,0.0
SCHOOL_5163,0,0,0,0,0,0,0,0,0,0,1,8904000.0,-19.052309999999995,32.2163,0.0,0.0,0.0,NA,0.0,0.0
SCHOOL_5164,0,0,0,0,0,0,0,0,0,0,1,1812000.0,-19.042900000000003,32.271710000000006,0.0,0.0,0.0,NA,0.0,0.0
SCHOOL_5165,0,0,0,0,0,0,0,0,0,0,1,6912000.0,-19.0316,32.2462,0.0,0.0,0.0,NA,0.0,0.0
SCHOOL_5166,0,0,0,0,0,0,0,0,0,0,1,9492000.0,-19.030240000000003,32.19381,0.0,0.0,0.0,NA,0.0,0.0
SCHOOL_5167,0,0,0,0,0,0,0,0,0,0,2,9468000.0,-18.993609999862358,32.3298150001133,0.0,0.0,0.0,NA,0.0,0.0
SCHOOL_5168,0,0,0,0,0,0,0,0,0,0,1,2832000.0,-18.994530000000008,32.19333,0.0,0.0,0.0,NA,0.0,0.0
SCHOOL_5169,0,0,0,0,0,0,0,0,0,0,1,3840000.0,-19.14144,32.50541,0.0,0.0,0.0,NA,0.0,0.0
SCHOOL_5170,0,0,0,0,0,0,0,0,0,0,1,3612000.0,-19.11166,32.43081,0.0,0.0,0.0,NA,0.0,0.0
SCHOOL_5171,0,0,0,0,0,0,0,0,0,0,1,8340000.0,-19.10978,32.51928,0.0,0.0,0.0,NA,0.0,0.0
SCHOOL_5172,0,0,0,0,0,0,0,0,0,0,1,8592000.0,-19.076829999999998,32.50629,0.0,0.0,0.0,NA,0.0,0.0
SCHOOL_5173,0,0,0,0,0,0,0,0,0,0,1,4476000.0,-19.055959999999995,32.42755,0.0,0.0,0.0,NA,0.0,0.0
SCHOOL_5174,0,0,0,0,0,0,0,0,0,0,1,12000000.0,-19.05580999999999,32.556,0.0,0.0,0.0,NA,0.0,0.0
SCHOOL_5175,0,0,0,0,0,0,0,0,0,0,1,12000000.0,-19.04541,32.4998,0.0,0.0,0.0,NA,0.0,0.0
SCHOOL_5176,0,0,0,0,0,0,0,0,0,0,1,4944000.0,-18.95883,32.46727,0.0,0.0,0.0,NA,0.0,0.0
SCHOOL_5177,0,0,0,0,0,0,0,0,0,0,1,2076000.0,-18.933349999999994,32.45701,0.0,0.0,0.0,NA,0.0,0.0
SCHOOL_5178,0,0,0,0,0,0,0,0,0,0,1,4032000.0,-18.863279999999992,32.42041,0.0,0.0,0.0,NA,0.0,0.0
SCHOOL_5179,0,0,0,0,0,0,0,0,0,0,1,6528000.0,-18.95296,32.37339000000001,0.0,0.0,0.0,NA,0.0,0.0
SCHOOL_5180,0,0,0,0,0,0,0,0,0,0,1,4692000.0,-18.952389999999994,32.31654,0.0,0.0,0.0,NA,0.0,0.0
SCHOOL_5181,0,0,0,0,0,0,0,0,0,0,2,13092000.0,-18.940130000000273,32.22284000000007,0.0,0.0,0.0,NA,0.0,0.0
SCHOOL_5182,0,0,0,0,0,0,0,0,0,0,1,8172000.0,-18.910319999999995,32.37598,0.0,0.0,0.0,NA,0.0,0.0
SCHOOL_5183,0,0,0,0,0,0,0,0,0,0,1,5736000.0,-18.89936,32.26485,0.0,0.0,0.0,NA,0.0,0.0
SCHOOL_5184,0,0,0,0,0,0,0,0,0,0,1,1164000.0,-18.870130000000003,32.2008,0.0,0.0,0.0,NA,0.0,0.0
SCHOOL_5185,0,0,0,0,0,0,0,0,0,0,1,3732000.0,-18.861969999999996,32.25643,0.0,0.0,0.0,NA,0.0,0.0
SCHOOL_5186,0,0,0,0,0,0,0,0,0,0,1,9540000.0,-18.859540000000003,32.26075,0.0,0.0,0.0,NA,0.0,0.0
SCHOOL_5187,0,0,0,0,0,0,0,0,0,0,2,9252000.0,-18.853804999999838,32.501095000000035,0.0,0.0,0.0,NA,0.0,0.0
SCHOOL_5188,0,0,0,0,0,0,0,0,0,0,1,3048000.0,-18.84968,32.49323,0.0,0.0,0.0,NA,0.0,0.0
SCHOOL_5189,0,0,0,0,0,0,0,0,0,0,1,2652000.0,-18.821259999999995,32.42031000000001,0.0,0.0,0.0,NA,0.0,0.0
SCHOOL_5190,0,0,0,0,0,0,0,0,0,0,1,5184000.0,-18.81834,32.41656,0.0,0.0,0.0,NA,0.0,0.0
SCHOOL_5191,0,0,0,0,0,0,0,0,0,0,1,4416000.0,-18.815749999999998,32.41997,0.0,0.0,0.0,NA,0.0,0.0
SCHOOL_5192,0,0,0,0,0,0,0,0,0,0,2,4716000.0,-18.792870000004864,32.52316500001405,0.0,0.0,0.0,NA,0.0,0.0
SCHOOL_5193,0,0,0,0,0,0,0,0,0,0,1,2688000.0,-18.792269999999988,32.47565,0.0,0.0,0.0,NA,0.0,0.0
SCHOOL_5194,0,0,0,0,0,0,0,0,0,0,1,768000.0,-18.748930000000005,32.52231,0.0,0.0,0.0,NA,0.0,0.0
SCHOOL_5195,0,0,0,0,0,0,0,0,0,0,2,4536000.0,-18.802030000000066,32.33312500000002,0.0,0.0,0.0,NA,0.0,0.0
SCHOOL_5196,0,0,0,0,0,0,0,0,0,0,2,21324000.0,-18.767815001102196,32.22409500007428,0.0,0.0,0.0,NA,0.0,0.0
SCHOOL_5197,0,0,0,0,0,0,0,0,0,0,1,7380000.0,-18.75181999999999,32.36751,0.0,0.0,0.0,NA,0.0,0.0
SCHOOL_5198,0,0,0,0,0,0,0,0,0,0,1,2400000.0,-18.72868,32.27341,0.0,0.0,0.0,NA,0.0,0.0
SCHOOL_5199,0,0,0,0,0,0,0,0,0,0,1,1872000.0,-18.715469999999996,32.39932,0.0,0.0,0.0,NA,0.0,0.0
SCHOOL_5200,0,0,0,0,0,0,0,0,0,0,1,4428000.0,-18.693809999999996,32.3804,0.0,0.0,0.0,NA,0.0,0.0
SCHOOL_5201,0,0,0,0,0,0,0,0,0,0,1,5340000.0,-18.68548,32.312520000000006,0.0,0.0,0.0,NA,0.0,0.0
SCHOOL_5202,0,0,0,0,0,0,0,0,0,0,1,4176000.0,-18.67156,32.23237,0.0,0.0,0.0,NA,0.0,0.0
SCHOOL_5203,0,0,0,0,0,0,0,0,0,0,1,2616000.0,-18.746360000000003,32.44775,0.0,0.0,0.0,NA,0.0,0.0
SCHOOL_5204,0,0,0,0,0,0,0,0,0,0,1,2316000.0,-18.741219999999995,32.50653,0.0,0.0,0.0,NA,0.0,0.0
SCHOOL_5205,0,0,0,0,0,0,0,0,0,0,1,9924000.0,-18.71521,32.43994,0.0,0.0,0.0,NA,0.0,0.0
SCHOOL_5206,0,0,0,0,0,0,0,0,0,0,1,8856000.0,-18.70394,32.42439,0.0,0.0,0.0,NA,0.0,0.0
SCHOOL_5207,0,0,0,0,0,0,0,0,0,0,1,1488000.0,-18.68647,32.48978,0.0,0.0,0.0,NA,0.0,0.0
SCHOOL_5208,0,0,0,0,0,0,0,0,0,0,2,1800000.0,-18.673960001260102,32.48941500035499,0.0,0.0,0.0,NA,0.0,0.0
SCHOOL_5209,0,0,0,0,0,0,0,0,0,0,1,5400000.0,-18.672969999999992,32.43743,0.0,0.0,0.0,NA,0.0,0.0
SCHOOL_5210,0,0,0,0,0,0,0,0,0,0,1,1572000.0,-18.656009999999995,32.4235,0.0,0.0,0.0,NA,0.0,0.0
SCHOOL_5211,0,0,0,0,0,0,0,0,0,0,1,3300000.0,-18.655189999999994,32.4962,0.0,0.0,0.0,NA,0.0,0.0
SCHOOL_5212,0,0,0,0,0,0,0,0,0,0,1,5496000.0,-18.669419999999995,32.35725,0.0,0.0,0.0,NA,0.0,0.0
SCHOOL_5213,0,0,0,0,0,0,0,0,0,0,1,3840000.0,-18.669049999999995,32.40463,0.0,0.0,0.0,NA,0.0,0.0
SCHOOL_5214,0,0,0,0,0,0,0,0,0,0,1,4560000.0,-18.662090000000003,32.3467,0.0,0.0,0.0,NA,0.0,0.0
SCHOOL_5215,0,0,0,0,0,0,0,0,0,0,1,4140000.0,-18.658230000000007,32.30759,0.0,0.0,0.0,NA,0.0,0.0
SCHOOL_5216,0,0,0,0,0,0,0,0,0,0,1,5208000.0,-18.657,32.32068,0.0,0.0,0.0,NA,0.0,0.0
SCHOOL_5217,0,0,0,0,0,0,0,0,0,0,1,3720000.0,-18.62427,32.3931,0.0,0.0,0.0,NA,0.0,0.0
SCHOOL_5218,0,0,0,0,0,0,0,0,0,0,1,5268000.0,-18.616859999999996,32.26889,0.0,0.0,0.0,NA,0.0,0.0
SCHOOL_5219,0,0,0,0,0,0,0,0,0,0,1,3744000.0,-18.608409999999996,32.26603,0.0,0.0,0.0,NA,0.0,0.0
SCHOOL_5220,0,0,0,0,0,0,0,0,0,0,1,5736000.0,-18.596749999999997,32.35598,0.0,0.0,0.0,NA,0.0,0.0
SCHOOL_5221,0,0,0,0,0,0,0,0,0,0,1,3132000.0,-18.595559999999992,32.35827,0.0,0.0,0.0,NA,0.0,0.0
SCHOOL_5222,0,0,0,0,0,0,0,0,0,0,1,5304000.0,-18.629959999999993,32.52573,0.0,0.0,0.0,NA,0.0,0.0
SCHOOL_5223,0,0,0,0,0,0,0,0,0,0,1,2820000.0,-18.627219999999998,32.49213,0.0,0.0,0.0,NA,0.0,0.0
SCHOOL_5224,0,0,0,0,0,0,0,0,0,0,1,3624000.0,-18.6231,32.51835,0.0,0.0,0.0,NA,0.0,0.0
SCHOOL_5225,0,0,0,0,0,0,0,0,0,0,1,6816000.0,-18.612019999999998,32.41524,0.0,0.0,0.0,NA,0.0,0.0
SCHOOL_5226,0,0,0,0,0,0,0,0,0,0,1,7836000.0,-18.61094,32.41281,0.0,0.0,0.0,NA,0.0,0.0
SCHOOL_5227,0,0,0,0,0,0,0,0,0,0,1,2892000.0,-18.59377999999999,32.5451,0.0,0.0,0.0,NA,0.0,0.0
SCHOOL_5228,0,0,0,0,0,0,0,0,0,0,1,2016000.0,-18.58584,32.46983,0.0,0.0,0.0,NA,0.0,0.0
SCHOOL_5229,0,0,0,0,0,0,0,0,0,0,2,4104000.0,-18.556135000021214,32.42807499999775,0.0,0.0,0.0,NA,0.0,0.0
SCHOOL_5230,0,0,0,0,0,0,0,0,0,0,1,1104000.0,-18.54625,32.54104,0.0,0.0,0.0,NA,0.0,0.0
SCHOOL_5231,0,0,0,0,0,0,0,0,0,0,1,3312000.0,-18.838610000000003,31.60607,0.0,0.0,0.0,NA,0.0,0.0
SCHOOL_5232,0,0,0,0,0,0,0,0,0,0,1,2148000.0,-18.8324,31.656849999999995,0.0,0.0,0.0,NA,0.0,0.0
SCHOOL_5233,0,0,0,0,0,0,0,0,0,0,1,2952000.0,-18.823279999999997,31.716910000000002,0.0,0.0,0.0,NA,0.0,0.0
SCHOOL_5234,0,0,0,0,0,0,0,0,0,0,1,3936000.0,-18.796270000000003,31.664260000000002,0.0,0.0,0.0,NA,0.0,0.0
SCHOOL_5235,0,0,0,0,0,0,0,0,0,0,1,1380000.0,-18.7896,31.666119999999996,0.0,0.0,0.0,NA,0.0,0.0
SCHOOL_5236,0,0,0,0,0,0,0,0,0,0,1,2604000.0,-18.745709999999995,31.60866,0.0,0.0,0.0,NA,0.0,0.0
SCHOOL_5237,0,0,0,0,0,0,0,0,0,0,1,1680000.0,-18.745020000000007,31.613959999999995,0.0,0.0,0.0,NA,0.0,0.0
SCHOOL_5238,0,0,0,0,0,0,0,0,0,0,1,9684000.0,-18.730349999999998,31.6857,0.0,0.0,0.0,NA,0.0,0.0
SCHOOL_5239,0,0,0,0,0,0,0,0,0,0,1,8592000.0,-18.727280000000007,31.68678,0.0,0.0,0.0,NA,0.0,0.0
SCHOOL_5240,0,0,0,0,0,0,0,0,0,0,2,23964000.0,-18.692310000000273,31.684620000000063,0.0,0.0,0.0,NA,0.0,0.0
SCHOOL_5241,0,0,0,0,0,0,0,0,0,0,1,7488000.0,-18.764989999999994,32.07449,0.0,0.0,0.0,NA,0.0,0.0
SCHOOL_5242,0,0,0,0,0,0,0,0,0,0,1,2412000.0,-18.76428,32.05189,0.0,0.0,0.0,NA,0.0,0.0
SCHOOL_5243,0,0,0,0,0,0,0,0,0,0,1,5472000.0,-18.751649999999998,32.11964,0.0,0.0,0.0,NA,0.0,0.0
SCHOOL_5244,0,0,0,0,0,0,0,0,0,0,2,8400000.0,-18.727220000344932,32.16952999985294,0.0,0.0,0.0,NA,0.0,0.0
SCHOOL_5245,0,0,0,0,0,0,0,0,0,0,1,5076000.0,-18.727320000000002,32.0319,0.0,0.0,0.0,NA,0.0,0.0
SCHOOL_5246,0,0,0,0,0,0,0,0,0,0,1,12000000.0,-18.72411,32.14403,0.0,0.0,0.0,NA,0.0,0.0
SCHOOL_5247,0,0,0,0,0,0,0,0,0,0,1,3672000.0,-18.723429999999993,32.10067,0.0,0.0,0.0,NA,0.0,0.0
SCHOOL_5248,0,0,0,0,0,0,0,0,0,0,1,12000000.0,-18.722039999999993,32.16247,0.0,0.0,0.0,NA,0.0,0.0
SCHOOL_5249,0,0,0,0,0,0,0,0,0,0,1,3168000.0,-18.71372,32.07076,0.0,0.0,0.0,NA,0.0,0.0
SCHOOL_5250,0,0,0,0,0,0,0,0,0,0,1,1812000.0,-18.78457,31.7409,0.0,0.0,0.0,NA,0.0,0.0
SCHOOL_5251,0,0,0,0,0,0,0,0,0,0,1,1464000.0,-18.78371,31.746809999999996,0.0,0.0,0.0,NA,0.0,0.0
SCHOOL_5252,0,0,0,0,0,0,0,0,0,0,1,6468000.0,-18.77518,31.81843,0.0,0.0,0.0,NA,0.0,0.0
SCHOOL_5253,0,0,0,0,0,0,0,0,0,0,1,4512000.0,-18.77053,31.82494,0.0,0.0,0.0,NA,0.0,0.0
SCHOOL_5254,0,0,0,0,0,0,0,0,0,0,1,8472000.0,-18.736449999999998,31.80118,0.0,0.0,0.0,NA,0.0,0.0
SCHOOL_5255,0,0,0,0,0,0,0,0,0,0,1,9300000.0,-18.73566,31.784670000000002,0.0,0.0,0.0,NA,0.0,0.0
SCHOOL_5256,0,0,0,0,0,0,0,0,0,0,1,2196000.0,-18.726049999999994,31.75081,0.0,0.0,0.0,NA,0.0,0.0
SCHOOL_5257,0,0,0,0,0,0,0,0,0,0,1,5088000.0,-18.68872999999999,31.773759999999996,0.0,0.0,0.0,NA,0.0,0.0
SCHOOL_5258,0,0,0,0,0,0,0,0,0,0,1,3660000.0,-18.671060000000004,31.82401,0.0,0.0,0.0,NA,0.0,0.0
SCHOOL_5259,0,0,0,0,0,0,0,0,0,0,1,8196000.0,-18.668499999999998,31.73441,0.0,0.0,0.0,NA,0.0,0.0
SCHOOL_5260,0,0,0,0,0,0,0,0,0,0,1,3672000.0,-18.718999999999998,31.863650000000003,0.0,0.0,0.0,NA,0.0,0.0
SCHOOL_5261,0,0,0,0,0,0,0,0,0,0,1,11808000.0,-18.715629999999997,31.85582,0.0,0.0,0.0,NA,0.0,0.0
SCHOOL_5262,0,0,0,0,0,0,0,0,0,0,1,8748000.0,-18.70733999999999,31.9529,0.0,0.0,0.0,NA,0.0,0.0
SCHOOL_5263,0,0,0,0,0,0,0,0,0,0,1,11124000.0,-18.698139999999995,31.94988,0.0,0.0,0.0,NA,0.0,0.0
SCHOOL_5264,0,0,0,0,0,0,0,0,0,0,1,6972000.0,-18.665150000000004,31.974360000000004,0.0,0.0,0.0,NA,0.0,0.0
SCHOOL_5265,0,0,0,0,0,0,0,0,0,0,1,3516000.0,-18.66107,32.01223,0.0,0.0,0.0,NA,0.0,0.0
SCHOOL_5266,0,0,0,0,0,0,0,0,0,0,1,1020000.0,-18.64802999999999,31.942540000000005,0.0,0.0,0.0,NA,0.0,0.0
SCHOOL_5267,0,0,0,0,0,0,0,0,0,0,2,14820000.0,-18.643349999999995,32.01441,0.0,0.0,0.0,NA,0.0,0.0
SCHOOL_5268,0,0,0,0,0,0,0,0,0,0,1,2736000.0,-18.636709999999994,32.00192,0.0,0.0,0.0,NA,0.0,0.0
SCHOOL_5269,0,0,0,0,0,0,0,0,0,0,1,1992000.0,-18.700759999999995,32.02458,0.0,0.0,0.0,NA,0.0,0.0
SCHOOL_5270,0,0,0,0,0,0,0,0,0,0,1,7560000.0,-18.69898999999999,32.10721,0.0,0.0,0.0,NA,0.0,0.0
SCHOOL_5271,0,0,0,0,0,0,0,0,0,0,1,1104000.0,-18.674850000000003,32.1606,0.0,0.0,0.0,NA,0.0,0.0
SCHOOL_5272,0,0,0,0,0,0,0,0,0,0,1,4320000.0,-18.664569999999998,32.03296,0.0,0.0,0.0,NA,0.0,0.0
SCHOOL_5273,0,0,0,0,0,0,0,0,0,0,1,3648000.0,-18.66357,32.0658,0.0,0.0,0.0,NA,0.0,0.0
SCHOOL_5274,0,0,0,0,0,0,0,0,0,0,2,7092000.0,-18.649659999999756,32.11408499999899,0.0,0.0,0.0,NA,0.0,0.0
SCHOOL_5275,0,0,0,0,0,0,0,0,0,0,1,3492000.0,-18.62808,32.0434,0.0,0.0,0.0,NA,0.0,0.0
SCHOOL_5276,0,0,0,0,0,0,0,0,0,0,1,5772000.0,-18.628970000000002,31.86869,0.0,0.0,0.0,NA,0.0,0.0
SCHOOL_5277,0,0,0,0,0,0,0,0,0,0,1,2232000.0,-18.626609999999996,31.872330000000005,0.0,0.0,0.0,NA,0.0,0.0
SCHOOL_5278,0,0,0,0,0,0,0,0,0,0,1,4284000.0,-18.614149999999995,31.978060000000003,0.0,0.0,0.0,NA,0.0,0.0
SCHOOL_5279,0,0,0,0,0,0,0,0,0,0,1,5604000.0,-18.61024,31.94057,0.0,0.0,0.0,NA,0.0,0.0
SCHOOL_5280,0,0,0,0,0,0,0,0,0,0,1,3912000.0,-18.60718,31.89129,0.0,0.0,0.0,NA,0.0,0.0
SCHOOL_5281,0,0,0,0,0,0,0,0,0,0,1,2748000.0,-18.602590000000003,31.84413,0.0,0.0,0.0,NA,0.0,0.0
SCHOOL_5282,0,0,0,0,0,0,0,0,0,0,2,13320000.0,-18.578580001453815,31.91753499708049,0.0,0.0,0.0,NA,0.0,0.0
SCHOOL_5283,0,0,0,0,0,0,0,0,0,0,1,4296000.0,-18.575129999999998,32.00336,0.0,0.0,0.0,NA,0.0,0.0
SCHOOL_5284,0,0,0,0,0,0,0,0,0,0,1,6396000.0,-18.561509999999995,31.96217,0.0,0.0,0.0,NA,0.0,0.0
SCHOOL_5285,0,0,0,0,0,0,0,0,0,0,1,4824000.0,-18.663919999999994,31.73173,0.0,0.0,0.0,NA,0.0,0.0
SCHOOL_5286,0,0,0,0,0,0,0,0,0,0,1,6540000.0,-18.661909999999992,31.832150000000002,0.0,0.0,0.0,NA,0.0,0.0
SCHOOL_5287,0,0,0,0,0,0,0,0,0,0,1,3216000.0,-18.617130000000003,31.804230000000004,0.0,0.0,0.0,NA,0.0,0.0
SCHOOL_5288,0,0,0,0,0,0,0,0,0,0,1,2940000.0,-18.59693,31.741780000000002,0.0,0.0,0.0,NA,0.0,0.0
SCHOOL_5289,0,0,0,0,0,0,0,0,0,0,1,4356000.0,-18.590539999999997,31.77637,0.0,0.0,0.0,NA,0.0,0.0
SCHOOL_5290,0,0,0,0,0,0,0,0,0,0,1,5388000.0,-18.56227,31.81857,0.0,0.0,0.0,NA,0.0,0.0
SCHOOL_5291,0,0,0,0,0,0,0,0,0,0,1,4608000.0,-18.560349999999996,31.823189999999997,0.0,0.0,0.0,NA,0.0,0.0
SCHOOL_5292,0,0,0,0,0,0,0,0,0,0,1,1680000.0,-18.540319999999998,31.73498,0.0,0.0,0.0,NA,0.0,0.0
SCHOOL_5293,0,0,0,0,0,0,0,0,0,0,1,1692000.0,-18.515549999999998,31.80389,0.0,0.0,0.0,NA,0.0,0.0
SCHOOL_5294,0,0,0,0,0,0,0,0,0,0,1,3300000.0,-18.51066,31.80351,0.0,0.0,0.0,NA,0.0,0.0
SCHOOL_5295,0,0,0,0,0,0,0,0,0,0,1,3228000.0,-18.55165,31.965460000000004,0.0,0.0,0.0,NA,0.0,0.0
SCHOOL_5296,0,0,0,0,0,0,0,0,0,0,1,8196000.0,-18.54666,31.865330000000004,0.0,0.0,0.0,NA,0.0,0.0
SCHOOL_5297,0,0,0,0,0,0,0,0,0,0,1,2856000.0,-18.533810000000006,31.92983,0.0,0.0,0.0,NA,0.0,0.0
SCHOOL_5298,0,0,0,0,0,0,0,0,0,0,1,2460000.0,-18.521749999999997,31.892460000000003,0.0,0.0,0.0,NA,0.0,0.0
SCHOOL_5299,0,0,0,0,0,0,0,0,0,0,1,8136000.0,-18.505229999999997,31.98114,0.0,0.0,0.0,NA,0.0,0.0
SCHOOL_5300,0,0,0,0,0,0,0,0,0,0,1,3312000.0,-18.499880000000005,31.93409,0.0,0.0,0.0,NA,0.0,0.0
SCHOOL_5301,0,0,0,0,0,0,0,0,0,0,1,4908000.0,-18.482799999999994,31.89899,0.0,0.0,0.0,NA,0.0,0.0
SCHOOL_5302,0,0,0,0,0,0,0,0,0,0,1,1500000.0,-18.458909999999996,31.87688,0.0,0.0,0.0,NA,0.0,0.0
SCHOOL_5303,0,0,0,0,0,0,0,0,0,0,1,2196000.0,-18.429060000000003,31.91917,0.0,0.0,0.0,NA,0.0,0.0
SCHOOL_5304,0,0,0,0,0,0,0,0,0,0,1,3564000.0,-18.386509999999998,31.93586,0.0,0.0,0.0,NA,0.0,0.0
SCHOOL_5305,0,0,0,0,0,0,0,0,0,0,1,5316000.0,-18.478949999999998,32.03994,0.0,0.0,0.0,NA,0.0,0.0
SCHOOL_5306,0,0,0,0,0,0,0,0,0,0,2,5268000.0,-18.37987500010061,32.06390000009561,0.0,0.0,0.0,NA,0.0,0.0
SCHOOL_5307,0,0,0,0,0,0,0,0,0,0,1,5892000.0,-18.376469999999994,32.13248,0.0,0.0,0.0,NA,0.0,0.0
SCHOOL_5308,0,0,0,0,0,0,0,0,0,0,2,16092000.0,-18.31775499998886,32.12970500003082,0.0,0.0,0.0,NA,0.0,0.0
SCHOOL_5309,0,0,0,0,0,0,0,0,0,0,1,4680000.0,-18.446829999999995,31.687600000000003,0.0,0.0,0.0,NA,0.0,0.0
SCHOOL_5310,0,0,0,0,0,0,0,0,0,0,1,3432000.0,-18.394609999999997,31.697809999999997,0.0,0.0,0.0,NA,0.0,0.0
SCHOOL_5311,0,0,0,0,0,0,0,0,0,0,3,13392000.0,-18.381706666878053,31.612253333571292,0.0,0.0,0.0,NA,0.0,0.0
SCHOOL_5312,0,0,0,0,0,0,0,0,0,0,1,1104000.0,-18.374609999999986,31.7132,0.0,0.0,0.0,NA,0.0,0.0
SCHOOL_5313,0,0,0,0,0,0,0,0,0,0,2,10500000.0,-18.350705001049217,31.685844998777593,0.0,0.0,0.0,NA,0.0,0.0
SCHOOL_5314,0,0,0,0,0,0,0,0,0,0,1,3168000.0,-18.327359999999995,31.649020000000004,0.0,0.0,0.0,NA,0.0,0.0
SCHOOL_5315,0,0,0,0,0,0,0,0,0,0,1,6924000.0,-18.315050000000003,31.65313,0.0,0.0,0.0,NA,0.0,0.0
SCHOOL_5316,0,0,0,0,0,0,0,0,0,0,1,684000.0,-18.86084,31.133700000000005,0.0,0.0,0.0,NA,0.0,0.0
SCHOOL_5317,0,0,0,0,0,0,0,0,0,0,1,2004000.0,-18.782079999999997,31.19336,0.0,0.0,0.0,NA,0.0,0.0
SCHOOL_5318,0,0,0,0,0,0,0,0,0,0,1,1392000.0,-18.722480000000004,31.209250000000004,0.0,0.0,0.0,NA,0.0,0.0
SCHOOL_5319,0,0,0,0,0,0,0,0,0,0,1,744000.0,-18.615649999999995,31.22945,0.0,0.0,0.0,NA,0.0,0.0
SCHOOL_5320,0,0,0,0,0,0,0,0,0,0,2,10704000.0,-18.50206,31.20415,0.0,0.0,0.0,NA,0.0,0.0
SCHOOL_5321,0,0,0,0,0,0,0,0,0,0,1,720000.0,-18.4725,31.21981,0.0,0.0,0.0,NA,0.0,0.0
SCHOOL_5322,0,0,0,0,0,0,0,0,0,0,1,5544000.0,-18.406220000000005,31.10498,0.0,0.0,0.0,NA,0.0,0.0
SCHOOL_5323,0,0,0,0,0,0,0,0,0,0,1,936000.0,-18.4009,31.23123,0.0,0.0,0.0,NA,0.0,0.0
SCHOOL_5324,0,0,0,0,0,0,0,0,0,0,1,1284000.0,-18.39745,31.1483,0.0,0.0,0.0,NA,0.0,0.0
SCHOOL_5325,0,0,0,0,0,0,0,0,0,0,1,1008000.0,-18.8277,31.0836,0.0,0.0,0.0,NA,0.0,0.0
SCHOOL_5326,0,0,0,0,0,0,0,0,0,0,1,2580000.0,-18.805910000000004,31.02943,0.0,0.0,0.0,NA,0.0,0.0
SCHOOL_5327,0,0,0,0,0,0,0,0,0,0,1,2484000.0,-18.519320000000004,31.00987,0.0,0.0,0.0,NA,0.0,0.0
SCHOOL_5328,0,0,0,0,0,0,0,0,0,0,1,3012000.0,-18.51251,30.98311,0.0,0.0,0.0,NA,0.0,0.0
SCHOOL_5329,0,0,0,0,0,0,0,0,0,0,1,1116000.0,-18.51058999999999,31.015210000000003,0.0,0.0,0.0,NA,0.0,0.0
SCHOOL_5330,0,0,0,0,0,0,0,0,0,0,1,2808000.0,-18.40236,31.03155,0.0,0.0,0.0,NA,0.0,0.0
SCHOOL_5331,0,0,0,0,0,0,0,0,0,0,1,3156000.0,-18.400099999999995,31.04075,0.0,0.0,0.0,NA,0.0,0.0
SCHOOL_5332,0,0,0,0,0,0,0,0,0,0,1,3936000.0,-18.339850000000006,31.01725,0.0,0.0,0.0,NA,0.0,0.0
SCHOOL_5333,0,0,0,0,0,0,0,0,0,0,1,6516000.0,-18.315760000000004,31.048210000000005,0.0,0.0,0.0,NA,0.0,0.0
SCHOOL_5334,0,0,0,0,0,0,0,0,0,0,1,5184000.0,-18.28655,31.06764,0.0,0.0,0.0,NA,0.0,0.0
SCHOOL_5335,0,0,0,0,0,0,0,0,0,0,1,3948000.0,-18.363989999999994,31.23409,0.0,0.0,0.0,NA,0.0,0.0
SCHOOL_5336,0,0,0,0,0,0,0,0,0,0,1,9876000.0,-18.359730000000003,31.23265,0.0,0.0,0.0,NA,0.0,0.0
SCHOOL_5337,0,0,0,0,0,0,0,0,0,0,1,6516000.0,-18.35575,31.158200000000004,0.0,0.0,0.0,NA,0.0,0.0
SCHOOL_5338,0,0,0,0,0,0,0,0,0,0,2,12384000.0,-18.34035000003923,31.11126999964397,0.0,0.0,0.0,NA,0.0,0.0
SCHOOL_5339,0,0,0,0,0,0,0,0,0,0,1,3024000.0,-18.331579999999988,31.156850000000002,0.0,0.0,0.0,NA,0.0,0.0
SCHOOL_5340,0,0,0,0,0,0,0,0,0,0,1,12000000.0,-18.32017,31.17393,0.0,0.0,0.0,NA,0.0,0.0
SCHOOL_5341,0,0,0,0,0,0,0,0,0,0,1,2820000.0,-18.303900000000002,31.155330000000003,0.0,0.0,0.0,NA,0.0,0.0
SCHOOL_5342,0,0,0,0,0,0,0,0,0,0,1,5328000.0,-18.28425,31.221380000000003,0.0,0.0,0.0,NA,0.0,0.0
SCHOOL_5343,0,0,0,0,0,0,0,0,0,0,1,5136000.0,-18.489530000000002,30.95031,0.0,0.0,0.0,NA,0.0,0.0
SCHOOL_5344,0,0,0,0,0,0,0,0,0,0,1,2028000.0,-18.480540000000005,30.94988,0.0,0.0,0.0,NA,0.0,0.0
SCHOOL_5345,0,0,0,0,0,0,0,0,0,0,1,5064000.0,-18.441399999999998,30.89581,0.0,0.0,0.0,NA,0.0,0.0
SCHOOL_5346,0,0,0,0,0,0,0,0,0,0,2,6036000.0,-18.374540000040565,30.878369999993595,0.0,0.0,0.0,NA,0.0,0.0
SCHOOL_5347,0,0,0,0,0,0,0,0,0,0,1,5376000.0,-18.183159999999997,30.9013,0.0,0.0,0.0,NA,0.0,0.0
SCHOOL_5348,0,0,0,0,0,0,0,0,0,0,1,4932000.0,-18.120790000000003,30.87939,0.0,0.0,0.0,NA,0.0,0.0
SCHOOL_5349,0,0,0,0,0,0,0,0,0,0,1,4248000.0,-18.062269999999998,30.908939999999998,0.0,0.0,0.0,NA,0.0,0.0
SCHOOL_5350,0,0,0,0,0,0,0,0,0,0,1,3360000.0,-18.01001000000001,30.95069,0.0,0.0,0.0,NA,0.0,0.0
SCHOOL_5351,0,0,0,0,0,0,0,0,0,0,1,7488000.0,-18.006810000000005,30.947400000000002,0.0,0.0,0.0,NA,0.0,0.0
SCHOOL_5352,0,0,0,0,0,0,0,0,0,0,1,4152000.0,-18.276970000000002,31.15081,0.0,0.0,0.0,NA,0.0,0.0
SCHOOL_5353,0,0,0,0,0,0,0,0,0,0,2,6180000.0,-18.266125000397025,31.103199998618805,0.0,0.0,0.0,NA,0.0,0.0
SCHOOL_5354,0,0,0,0,0,0,0,0,0,0,1,4992000.0,-18.24703,31.142490000000002,0.0,0.0,0.0,NA,0.0,0.0
SCHOOL_5355,0,0,0,0,0,0,0,0,0,0,1,3612000.0,-18.230240000000002,31.14679,0.0,0.0,0.0,NA,0.0,0.0
SCHOOL_5356,0,0,0,0,0,0,0,0,0,0,1,9216000.0,-18.219759999999997,31.18697,0.0,0.0,0.0,NA,0.0,0.0
SCHOOL_5357,0,0,0,0,0,0,0,0,0,0,2,7392000.0,-18.20480500000232,31.21675499971034,0.0,0.0,0.0,NA,0.0,0.0
SCHOOL_5358,0,0,0,0,0,0,0,0,0,0,1,5184000.0,-18.20463,31.11815,0.0,0.0,0.0,NA,0.0,0.0
SCHOOL_5359,0,0,0,0,0,0,0,0,0,0,1,10752000.0,-18.202659999999998,31.116780000000002,0.0,0.0,0.0,NA,0.0,0.0
SCHOOL_5360,0,0,0,0,0,0,0,0,0,0,1,2616000.0,-18.284509999999997,31.070470000000004,0.0,0.0,0.0,NA,0.0,0.0
SCHOOL_5361,0,0,0,0,0,0,0,0,0,0,2,3576000.0,-18.277515000029325,31.015060000050322,0.0,0.0,0.0,NA,0.0,0.0
SCHOOL_5362,0,0,0,0,0,0,0,0,0,0,1,3000000.0,-18.242199999999993,31.072099999999995,0.0,0.0,0.0,NA,0.0,0.0
SCHOOL_5363,0,0,0,0,0,0,0,0,0,0,1,3768000.0,-18.204679999999993,31.083449999999996,0.0,0.0,0.0,NA,0.0,0.0
SCHOOL_5364,0,0,0,0,0,0,0,0,0,0,1,4968000.0,-18.20137,31.0882,0.0,0.0,0.0,NA,0.0,0.0
SCHOOL_5365,0,0,0,0,0,0,0,0,0,0,1,3180000.0,-18.14532,31.04326,0.0,0.0,0.0,NA,0.0,0.0
SCHOOL_5366,0,0,0,0,0,0,0,0,0,0,1,7800000.0,-18.123429999999995,31.03809,0.0,0.0,0.0,NA,0.0,0.0
SCHOOL_5367,0,0,0,0,0,0,0,0,0,0,1,9732000.0,-18.068259999999995,31.086040000000004,0.0,0.0,0.0,NA,0.0,0.0
SCHOOL_5368,0,0,0,0,0,0,0,0,0,0,1,12000000.0,-18.041099999999997,31.01343,0.0,0.0,0.0,NA,0.0,0.0
SCHOOL_5369,0,0,0,0,0,0,0,0,0,0,1,2844000.0,-18.16897,31.15047,0.0,0.0,0.0,NA,0.0,0.0
SCHOOL_5370,0,0,0,0,0,0,0,0,0,0,1,6444000.0,-18.168,31.158520000000003,0.0,0.0,0.0,NA,0.0,0.0
SCHOOL_5371,0,0,0,0,0,0,0,0,0,0,1,5772000.0,-18.16474,31.151299999999996,0.0,0.0,0.0,NA,0.0,0.0
SCHOOL_5372,0,0,0,0,0,0,0,0,0,0,1,7224000.0,-18.155810000000002,31.229530000000004,0.0,0.0,0.0,NA,0.0,0.0
SCHOOL_5373,0,0,0,0,0,0,0,0,0,0,1,3732000.0,-18.153999999999993,31.1742,0.0,0.0,0.0,NA,0.0,0.0
SCHOOL_5374,0,0,0,0,0,0,0,0,0,0,1,1680000.0,-18.145429999999998,31.108749999999997,0.0,0.0,0.0,NA,0.0,0.0
SCHOOL_5375,0,0,0,0,0,0,0,0,0,0,1,2568000.0,-18.14436,31.227260000000005,0.0,0.0,0.0,NA,0.0,0.0
SCHOOL_5376,0,0,0,0,0,0,0,0,0,0,1,3000000.0,-18.125259999999997,31.176040000000004,0.0,0.0,0.0,NA,0.0,0.0
SCHOOL_5377,0,0,0,0,0,0,0,0,0,0,1,7512000.0,-18.122650000000007,31.178250000000002,0.0,0.0,0.0,NA,0.0,0.0
SCHOOL_5378,0,0,0,0,0,0,0,0,0,0,1,1716000.0,-18.116450000000004,31.11668,0.0,0.0,0.0,NA,0.0,0.0
SCHOOL_5379,0,0,0,0,0,0,0,0,0,0,1,6192000.0,-18.101760000000002,31.13825,0.0,0.0,0.0,NA,0.0,0.0
SCHOOL_5380,0,0,0,0,0,0,0,0,0,0,1,6204000.0,-18.101309999999994,31.232970000000005,0.0,0.0,0.0,NA,0.0,0.0
SCHOOL_5381,0,0,0,0,0,0,0,0,0,0,1,8916000.0,-18.09955,31.203029999999995,0.0,0.0,0.0,NA,0.0,0.0
SCHOOL_5382,0,0,0,0,0,0,0,0,0,0,1,6180000.0,-18.076599999999992,31.119109999999996,0.0,0.0,0.0,NA,0.0,0.0
SCHOOL_5383,0,0,0,0,0,0,0,0,0,0,1,7620000.0,-18.061679999999992,31.16681,0.0,0.0,0.0,NA,0.0,0.0
SCHOOL_5384,0,0,0,0,0,0,0,0,0,0,1,12000000.0,-18.05165,31.18756,0.0,0.0,0.0,NA,0.0,0.0
SCHOOL_5385,0,0,0,0,0,0,0,0,0,0,1,8268000.0,-18.05051,31.19423,0.0,0.0,0.0,NA,0.0,0.0
SCHOOL_5386,0,0,0,0,0,0,0,0,0,0,1,12000000.0,-18.044430000000002,31.12998,0.0,0.0,0.0,NA,0.0,0.0
SCHOOL_5387,0,0,0,0,0,0,0,0,0,0,1,12000000.0,-18.031149999999997,31.179230000000004,0.0,0.0,0.0,NA,0.0,0.0
SCHOOL_5388,0,0,0,0,0,0,0,0,0,0,1,4896000.0,-18.01439,31.22295,0.0,0.0,0.0,NA,0.0,0.0
SCHOOL_5389,0,0,0,0,0,0,0,0,0,0,1,2304000.0,-18.691189999999995,31.61617,0.0,0.0,0.0,NA,0.0,0.0
SCHOOL_5390,0,0,0,0,0,0,0,0,0,0,1,4080000.0,-18.647179999999995,31.61557,0.0,0.0,0.0,NA,0.0,0.0
SCHOOL_5391,0,0,0,0,0,0,0,0,0,0,2,11148000.0,-18.64236000000051,31.652169999989844,0.0,0.0,0.0,NA,0.0,0.0
SCHOOL_5392,0,0,0,0,0,0,0,0,0,0,1,4392000.0,-18.636679999999995,31.69906,0.0,0.0,0.0,NA,0.0,0.0
SCHOOL_5393,0,0,0,0,0,0,0,0,0,0,1,1716000.0,-18.568500000000004,31.60541,0.0,0.0,0.0,NA,0.0,0.0
SCHOOL_5394,0,0,0,0,0,0,0,0,0,0,1,4368000.0,-18.545209999999994,31.658209999999997,0.0,0.0,0.0,NA,0.0,0.0
SCHOOL_5395,0,0,0,0,0,0,0,0,0,0,1,4620000.0,-18.47538,31.627409999999998,0.0,0.0,0.0,NA,0.0,0.0
SCHOOL_5396,0,0,0,0,0,0,0,0,0,0,1,9720000.0,-18.47326,31.625550000000004,0.0,0.0,0.0,NA,0.0,0.0
SCHOOL_5397,0,0,0,0,0,0,0,0,0,0,1,1248000.0,-18.665629999999993,31.352279999999997,0.0,0.0,0.0,NA,0.0,0.0
SCHOOL_5398,0,0,0,0,0,0,0,0,0,0,1,840000.0,-18.651030000000002,31.30518,0.0,0.0,0.0,NA,0.0,0.0
SCHOOL_5399,0,0,0,0,0,0,0,0,0,0,1,2676000.0,-18.60826,31.299379999999996,0.0,0.0,0.0,NA,0.0,0.0
SCHOOL_5400,0,0,0,0,0,0,0,0,0,0,1,2520000.0,-18.598749999999995,31.37407,0.0,0.0,0.0,NA,0.0,0.0
SCHOOL_5401,0,0,0,0,0,0,0,0,0,0,1,1788000.0,-18.57763,31.35886,0.0,0.0,0.0,NA,0.0,0.0
SCHOOL_5402,0,0,0,0,0,0,0,0,0,0,2,5952000.0,-18.56975999999999,31.308799999999998,0.0,0.0,0.0,NA,0.0,0.0
SCHOOL_5403,0,0,0,0,0,0,0,0,0,0,1,1404000.0,-18.550610000000002,31.242780000000003,0.0,0.0,0.0,NA,0.0,0.0
SCHOOL_5404,0,0,0,0,0,0,0,0,0,0,1,3372000.0,-18.496790000000004,31.376440000000002,0.0,0.0,0.0,NA,0.0,0.0
SCHOOL_5405,0,0,0,0,0,0,0,0,0,0,1,2892000.0,-18.445149999999998,31.32339,0.0,0.0,0.0,NA,0.0,0.0
SCHOOL_5406,0,0,0,0,0,0,0,0,0,0,1,9360000.0,-18.635449999999995,31.57384,0.0,0.0,0.0,NA,0.0,0.0
SCHOOL_5407,0,0,0,0,0,0,0,0,0,0,1,12000000.0,-18.612219999999997,31.55346,0.0,0.0,0.0,NA,0.0,0.0
SCHOOL_5408,0,0,0,0,0,0,0,0,0,0,1,9192000.0,-18.603670000000005,31.565920000000002,0.0,0.0,0.0,NA,0.0,0.0
SCHOOL_5409,0,0,0,0,0,0,0,0,0,0,1,4164000.0,-18.529879999999995,31.513450000000002,0.0,0.0,0.0,NA,0.0,0.0
SCHOOL_5410,0,0,0,0,0,0,0,0,0,0,1,5208000.0,-18.46304,31.515,0.0,0.0,0.0,NA,0.0,0.0
SCHOOL_5411,0,0,0,0,0,0,0,0,0,0,1,8712000.0,-18.462379999999996,31.51001,0.0,0.0,0.0,NA,0.0,0.0
SCHOOL_5412,0,0,0,0,0,0,0,0,0,0,1,2352000.0,-18.39948,31.55095,0.0,0.0,0.0,NA,0.0,0.0
SCHOOL_5413,0,0,0,0,0,0,0,0,0,0,1,5952000.0,-18.33212,31.53873,0.0,0.0,0.0,NA,0.0,0.0
SCHOOL_5414,0,0,0,0,0,0,0,0,0,0,1,2880000.0,-18.24959,31.53242,0.0,0.0,0.0,NA,0.0,0.0
SCHOOL_5415,0,0,0,0,0,0,0,0,0,0,1,3828000.0,-18.239919999999998,31.55521,0.0,0.0,0.0,NA,0.0,0.0
SCHOOL_5416,0,0,0,0,0,0,0,0,0,0,1,2892000.0,-18.42448,31.282750000000004,0.0,0.0,0.0,NA,0.0,0.0
SCHOOL_5417,0,0,0,0,0,0,0,0,0,0,1,1260000.0,-18.418420000000005,31.346250000000005,0.0,0.0,0.0,NA,0.0,0.0
SCHOOL_5418,0,0,0,0,0,0,0,0,0,0,1,3696000.0,-18.35386,31.34081,0.0,0.0,0.0,NA,0.0,0.0
SCHOOL_5419,0,0,0,0,0,0,0,0,0,0,1,4740000.0,-18.34051,31.28717,0.0,0.0,0.0,NA,0.0,0.0
SCHOOL_5420,0,0,0,0,0,0,0,0,0,0,1,4488000.0,-18.318910000000002,31.28749,0.0,0.0,0.0,NA,0.0,0.0
SCHOOL_5421,0,0,0,0,0,0,0,0,0,0,1,4356000.0,-18.31288,31.318080000000002,0.0,0.0,0.0,NA,0.0,0.0
SCHOOL_5422,0,0,0,0,0,0,0,0,0,0,1,4716000.0,-18.303099999999993,31.30311,0.0,0.0,0.0,NA,0.0,0.0
SCHOOL_5423,0,0,0,0,0,0,0,0,0,0,1,5592000.0,-18.291789999999992,31.26614,0.0,0.0,0.0,NA,0.0,0.0
SCHOOL_5424,0,0,0,0,0,0,0,0,0,0,1,1416000.0,-18.273389999999996,31.25787,0.0,0.0,0.0,NA,0.0,0.0
SCHOOL_5425,0,0,0,0,0,0,0,0,0,0,1,1860000.0,-18.263069999999995,31.250789999999995,0.0,0.0,0.0,NA,0.0,0.0
SCHOOL_5426,0,0,0,0,0,0,0,0,0,0,1,3024000.0,-18.491019999999995,31.45268,0.0,0.0,0.0,NA,0.0,0.0
SCHOOL_5427,0,0,0,0,0,0,0,0,0,0,1,1776000.0,-18.3771,31.48155,0.0,0.0,0.0,NA,0.0,0.0
SCHOOL_5428,0,0,0,0,0,0,0,0,0,0,1,3648000.0,-18.328630000000004,31.46576,0.0,0.0,0.0,NA,0.0,0.0
SCHOOL_5429,0,0,0,0,0,0,0,0,0,0,1,9300000.0,-18.262729999999998,31.38175,0.0,0.0,0.0,NA,0.0,0.0
SCHOOL_5430,0,0,0,0,0,0,0,0,0,0,1,12000000.0,-18.25729,31.38217,0.0,0.0,0.0,NA,0.0,0.0
SCHOOL_5431,0,0,0,0,0,0,0,0,0,0,1,5028000.0,-18.180130000000002,31.49491,0.0,0.0,0.0,NA,0.0,0.0
SCHOOL_5432,0,0,0,0,0,0,0,0,0,0,1,2904000.0,-18.1775,31.429959999999998,0.0,0.0,0.0,NA,0.0,0.0
SCHOOL_5433,0,0,0,0,0,0,0,0,0,0,1,5376000.0,-18.152429999999995,31.45888,0.0,0.0,0.0,NA,0.0,0.0
SCHOOL_5434,0,0,0,0,0,0,0,0,0,0,1,5376000.0,-18.147249999999996,31.443760000000005,0.0,0.0,0.0,NA,0.0,0.0
SCHOOL_5435,0,0,0,0,0,0,0,0,0,0,2,11856000.0,-18.14374500154411,31.458754996630727,0.0,0.0,0.0,NA,0.0,0.0
SCHOOL_5436,0,0,0,0,0,0,0,0,0,0,1,1680000.0,-18.25478,31.328050000000005,0.0,0.0,0.0,NA,0.0,0.0
SCHOOL_5437,0,0,0,0,0,0,0,0,0,0,1,1104000.0,-18.24121,31.24245,0.0,0.0,0.0,NA,0.0,0.0
SCHOOL_5438,0,0,0,0,0,0,0,0,0,0,1,2760000.0,-18.239010000000004,31.287009999999995,0.0,0.0,0.0,NA,0.0,0.0
SCHOOL_5439,0,0,0,0,0,0,0,0,0,0,1,6576000.0,-18.237109999999998,31.28478,0.0,0.0,0.0,NA,0.0,0.0
SCHOOL_5440,0,0,0,0,0,0,0,0,0,0,2,8724000.0,-18.21777999999816,31.346760000055504,0.0,0.0,0.0,NA,0.0,0.0
SCHOOL_5441,0,0,0,0,0,0,0,0,0,0,1,3072000.0,-18.197190000000003,31.304270000000002,0.0,0.0,0.0,NA,0.0,0.0
SCHOOL_5442,0,0,0,0,0,0,0,0,0,0,1,11028000.0,-18.19221,31.376279999999998,0.0,0.0,0.0,NA,0.0,0.0
SCHOOL_5443,0,0,0,0,0,0,0,0,0,0,1,2124000.0,-18.191159999999996,31.296120000000002,0.0,0.0,0.0,NA,0.0,0.0
SCHOOL_5444,0,0,0,0,0,0,0,0,0,0,1,2028000.0,-18.182759999999995,31.24794,0.0,0.0,0.0,NA,0.0,0.0
SCHOOL_5445,0,0,0,0,0,0,0,0,0,0,1,8688000.0,-18.222199999999997,31.55967,0.0,0.0,0.0,NA,0.0,0.0
SCHOOL_5446,0,0,0,0,0,0,0,0,0,0,1,2820000.0,-18.221899999999998,31.524850000000004,0.0,0.0,0.0,NA,0.0,0.0
SCHOOL_5447,0,0,0,0,0,0,0,0,0,0,1,5628000.0,-18.202690000000004,31.52326,0.0,0.0,0.0,NA,0.0,0.0
SCHOOL_5448,0,0,0,0,0,0,0,0,0,0,1,11352000.0,-18.199700000000004,31.51731,0.0,0.0,0.0,NA,0.0,0.0
SCHOOL_5449,0,0,0,0,0,0,0,0,0,0,1,5904000.0,-18.159429999999993,31.58692,0.0,0.0,0.0,NA,0.0,0.0
SCHOOL_5450,0,0,0,0,0,0,0,0,0,0,1,2268000.0,-18.110970000000002,31.56369,0.0,0.0,0.0,NA,0.0,0.0
SCHOOL_5451,0,0,0,0,0,0,0,0,0,0,1,1572000.0,-18.07004,31.57899,0.0,0.0,0.0,NA,0.0,0.0
SCHOOL_5452,0,0,0,0,0,0,0,0,0,0,1,5220000.0,-18.069619999999997,31.556029999999996,0.0,0.0,0.0,NA,0.0,0.0
SCHOOL_5453,0,0,0,0,0,0,0,0,0,0,1,2460000.0,-18.174249999999997,31.276120000000002,0.0,0.0,0.0,NA,0.0,0.0
SCHOOL_5454,0,0,0,0,0,0,0,0,0,0,1,10572000.0,-18.16783,31.322390000000002,0.0,0.0,0.0,NA,0.0,0.0
SCHOOL_5455,0,0,0,0,0,0,0,0,0,0,1,5700000.0,-18.161449999999995,31.33266,0.0,0.0,0.0,NA,0.0,0.0
SCHOOL_5456,0,0,0,0,0,0,0,0,0,0,1,6444000.0,-18.146039999999996,31.307470000000002,0.0,0.0,0.0,NA,0.0,0.0
SCHOOL_5457,0,0,0,0,0,0,0,0,0,0,1,5640000.0,-18.11406,31.25192,0.0,0.0,0.0,NA,0.0,0.0
SCHOOL_5458,0,0,0,0,0,0,0,0,0,0,1,4248000.0,-18.073649999999997,31.3485,0.0,0.0,0.0,NA,0.0,0.0
SCHOOL_5459,0,0,0,0,0,0,0,0,0,0,2,7032000.0,-18.07338500000003,31.257445000000143,0.0,0.0,0.0,NA,0.0,0.0
SCHOOL_5460,0,0,0,0,0,0,0,0,0,0,1,2532000.0,-18.071620000000003,31.34104,0.0,0.0,0.0,NA,0.0,0.0
SCHOOL_5461,0,0,0,0,0,0,0,0,0,0,1,3624000.0,-18.082930000000005,31.43447,0.0,0.0,0.0,NA,0.0,0.0
SCHOOL_5462,0,0,0,0,0,0,0,0,0,0,1,2304000.0,-17.993849999999995,31.501229999999996,0.0,0.0,0.0,NA,0.0,0.0
SCHOOL_5463,0,0,0,0,0,0,0,0,0,0,2,18456000.0,-17.993154999999973,31.433540000001056,0.0,0.0,0.0,NA,0.0,0.0
SCHOOL_5464,0,0,0,0,0,0,0,0,0,0,1,2244000.0,-17.90996,31.484979999999997,0.0,0.0,0.0,NA,0.0,0.0
SCHOOL_5465,0,0,0,0,0,0,0,0,0,0,1,2436000.0,-17.891169999999992,31.42303,0.0,0.0,0.0,NA,0.0,0.0
SCHOOL_5466,0,0,0,0,0,0,0,0,0,0,1,7608000.0,-17.851550000000003,31.49232,0.0,0.0,0.0,NA,0.0,0.0
SCHOOL_5467,0,0,0,0,0,0,0,0,0,0,1,3900000.0,-17.842709999999997,31.494619999999998,0.0,0.0,0.0,NA,0.0,0.0
SCHOOL_5468,0,0,0,0,0,0,0,0,0,0,1,5016000.0,-17.83716,31.420969999999997,0.0,0.0,0.0,NA,0.0,0.0
SCHOOL_5469,0,0,0,0,0,0,0,0,0,0,1,1200000.0,-18.614749999999994,32.14836,0.0,0.0,0.0,NA,0.0,0.0
SCHOOL_5470,0,0,0,0,0,0,0,0,0,0,1,7320000.0,-18.598879999999998,32.05238,0.0,0.0,0.0,NA,0.0,0.0
SCHOOL_5471,0,0,0,0,0,0,0,0,0,0,1,3276000.0,-18.59528999999999,32.18558,0.0,0.0,0.0,NA,0.0,0.0
SCHOOL_5472,0,0,0,0,0,0,0,0,0,0,1,2880000.0,-18.563249999999996,32.05069,0.0,0.0,0.0,NA,0.0,0.0
SCHOOL_5473,0,0,0,0,0,0,0,0,0,0,1,12000000.0,-18.546149999999997,32.10433,0.0,0.0,0.0,NA,0.0,0.0
SCHOOL_5474,0,0,0,0,0,0,0,0,0,0,1,9132000.0,-18.54362,32.03212,0.0,0.0,0.0,NA,0.0,0.0
SCHOOL_5475,0,0,0,0,0,0,0,0,0,0,1,10620000.0,-18.54349999999999,32.1045,0.0,0.0,0.0,NA,0.0,0.0
SCHOOL_5476,0,0,0,0,0,0,0,0,0,0,1,1380000.0,-18.58296,32.38061,0.0,0.0,0.0,NA,0.0,0.0
SCHOOL_5477,0,0,0,0,0,0,0,0,0,0,1,5544000.0,-18.577759999999998,32.27498,0.0,0.0,0.0,NA,0.0,0.0
SCHOOL_5478,0,0,0,0,0,0,0,0,0,0,1,1824000.0,-18.550049999999995,32.34312,0.0,0.0,0.0,NA,0.0,0.0
SCHOOL_5479,0,0,0,0,0,0,0,0,0,0,1,8136000.0,-18.548259999999996,32.29287,0.0,0.0,0.0,NA,0.0,0.0
SCHOOL_5480,0,0,0,0,0,0,0,0,0,0,1,3456000.0,-18.544800000000002,32.32767,0.0,0.0,0.0,NA,0.0,0.0
SCHOOL_5481,0,0,0,0,0,0,0,0,0,0,1,5700000.0,-18.520790000000005,32.37064,0.0,0.0,0.0,NA,0.0,0.0
SCHOOL_5482,0,0,0,0,0,0,0,0,0,0,1,4332000.0,-18.50912,32.28423,0.0,0.0,0.0,NA,0.0,0.0
SCHOOL_5483,0,0,0,0,0,0,0,0,0,0,2,14748000.0,-18.490355000002186,32.21358000000151,0.0,0.0,0.0,NA,0.0,0.0
SCHOOL_5484,0,0,0,0,0,0,0,0,0,0,1,6600000.0,-18.46314,32.31554,0.0,0.0,0.0,NA,0.0,0.0
SCHOOL_5485,0,0,0,0,0,0,0,0,0,0,1,5688000.0,-18.529050000000005,32.50473,0.0,0.0,0.0,NA,0.0,0.0
SCHOOL_5486,0,0,0,0,0,0,0,0,0,0,1,1524000.0,-18.497429999999994,32.45794,0.0,0.0,0.0,NA,0.0,0.0
SCHOOL_5487,0,0,0,0,0,0,0,0,0,0,1,3720000.0,-18.487149999999993,32.48549,0.0,0.0,0.0,NA,0.0,0.0
SCHOOL_5488,0,0,0,0,0,0,0,0,0,0,1,4476000.0,-18.47573999999999,32.48991,0.0,0.0,0.0,NA,0.0,0.0
SCHOOL_5489,0,0,0,0,0,0,0,0,0,0,1,1668000.0,-18.470279999999992,32.5389,0.0,0.0,0.0,NA,0.0,0.0
SCHOOL_5490,0,0,0,0,0,0,0,0,0,0,2,7980000.0,-18.46262500000147,32.49709500000119,0.0,0.0,0.0,NA,0.0,0.0
SCHOOL_5491,0,0,0,0,0,0,0,0,0,0,1,4140000.0,-18.45587,32.55246,0.0,0.0,0.0,NA,0.0,0.0
SCHOOL_5492,0,0,0,0,0,0,0,0,0,0,1,4584000.0,-18.438649999999996,32.53901,0.0,0.0,0.0,NA,0.0,0.0
SCHOOL_5493,0,0,0,0,0,0,0,0,0,0,1,6324000.0,-18.418159999999997,32.45492,0.0,0.0,0.0,NA,0.0,0.0
SCHOOL_5494,0,0,0,0,0,0,0,0,0,0,1,1836000.0,-18.46122,32.306760000000004,0.0,0.0,0.0,NA,0.0,0.0
SCHOOL_5495,0,0,0,0,0,0,0,0,0,0,1,1284000.0,-18.455729999999996,32.36119,0.0,0.0,0.0,NA,0.0,0.0
SCHOOL_5496,0,0,0,0,0,0,0,0,0,0,1,2172000.0,-18.435360000000006,32.40355,0.0,0.0,0.0,NA,0.0,0.0
SCHOOL_5497,0,0,0,0,0,0,0,0,0,0,1,1176000.0,-18.434870000000004,32.24886,0.0,0.0,0.0,NA,0.0,0.0
SCHOOL_5498,0,0,0,0,0,0,0,0,0,0,1,4080000.0,-18.42179999999999,32.1931,0.0,0.0,0.0,NA,0.0,0.0
SCHOOL_5499,0,0,0,0,0,0,0,0,0,0,1,3180000.0,-18.418609999999997,32.37872,0.0,0.0,0.0,NA,0.0,0.0
SCHOOL_5500,0,0,0,0,0,0,0,0,0,0,1,7092000.0,-18.414289999999998,32.36096,0.0,0.0,0.0,NA,0.0,0.0
SCHOOL_5501,0,0,0,0,0,0,0,0,0,0,1,3468000.0,-18.372109999999996,32.24586,0.0,0.0,0.0,NA,0.0,0.0
SCHOOL_5502,0,0,0,0,0,0,0,0,0,0,1,3864000.0,-18.370079999999998,32.36611,0.0,0.0,0.0,NA,0.0,0.0
SCHOOL_5503,0,0,0,0,0,0,0,0,0,0,2,6408000.0,-18.36878500133316,32.309139999583365,0.0,0.0,0.0,NA,0.0,0.0
SCHOOL_5504,0,0,0,0,0,0,0,0,0,0,1,3948000.0,-18.32668,32.2617,0.0,0.0,0.0,NA,0.0,0.0
SCHOOL_5505,0,0,0,0,0,0,0,0,0,0,2,5808000.0,-18.294335000606594,32.38623000049456,0.0,0.0,0.0,NA,0.0,0.0
SCHOOL_5506,0,0,0,0,0,0,0,0,0,0,1,5928000.0,-18.270639999999997,32.25392,0.0,0.0,0.0,NA,0.0,0.0
SCHOOL_5507,0,0,0,0,0,0,0,0,0,0,1,10584000.0,-18.238069999999997,32.20244,0.0,0.0,0.0,NA,0.0,0.0
SCHOOL_5508,0,0,0,0,0,0,0,0,0,0,1,4332000.0,-18.228809999999996,32.25695,0.0,0.0,0.0,NA,0.0,0.0
SCHOOL_5509,0,0,0,0,0,0,0,0,0,0,1,6444000.0,-18.226369999999996,32.26861,0.0,0.0,0.0,NA,0.0,0.0
SCHOOL_5510,0,0,0,0,0,0,0,0,0,0,1,6888000.0,-18.21387,32.37747,0.0,0.0,0.0,NA,0.0,0.0
SCHOOL_5511,0,0,0,0,0,0,0,0,0,0,1,2832000.0,-18.209129999999988,32.3776,0.0,0.0,0.0,NA,0.0,0.0
SCHOOL_5512,0,0,0,0,0,0,0,0,0,0,1,3288000.0,-18.401509999999995,32.42598,0.0,0.0,0.0,NA,0.0,0.0
SCHOOL_5513,0,0,0,0,0,0,0,0,0,0,1,7236000.0,-18.399399999999993,32.43931,0.0,0.0,0.0,NA,0.0,0.0
SCHOOL_5514,0,0,0,0,0,0,0,0,0,0,1,4644000.0,-18.39661,32.51164,0.0,0.0,0.0,NA,0.0,0.0
SCHOOL_5515,0,0,0,0,0,0,0,0,0,0,1,1680000.0,-18.38973,32.45038,0.0,0.0,0.0,NA,0.0,0.0
SCHOOL_5516,0,0,0,0,0,0,0,0,0,0,1,2736000.0,-18.377989999999997,32.53284,0.0,0.0,0.0,NA,0.0,0.0
SCHOOL_5517,0,0,0,0,0,0,0,0,0,0,1,3888000.0,-18.34765,32.43648,0.0,0.0,0.0,NA,0.0,0.0
SCHOOL_5518,0,0,0,0,0,0,0,0,0,0,1,3636000.0,-18.34205,32.52103,0.0,0.0,0.0,NA,0.0,0.0
SCHOOL_5519,0,0,0,0,0,0,0,0,0,0,1,3816000.0,-18.282330000000005,32.54322,0.0,0.0,0.0,NA,0.0,0.0
SCHOOL_5520,0,0,0,0,0,0,0,0,0,0,1,1692000.0,-18.27692,32.55446,0.0,0.0,0.0,NA,0.0,0.0
SCHOOL_5521,0,0,0,0,0,0,0,0,0,0,1,2472000.0,-18.14333,32.47915,0.0,0.0,0.0,NA,0.0,0.0
SCHOOL_5522,0,0,0,0,0,0,0,0,0,0,1,3936000.0,-18.20499,32.3029,0.0,0.0,0.0,NA,0.0,0.0
SCHOOL_5523,0,0,0,0,0,0,0,0,0,0,1,4812000.0,-18.190329999999996,32.20007,0.0,0.0,0.0,NA,0.0,0.0
SCHOOL_5524,0,0,0,0,0,0,0,0,0,0,1,3648000.0,-18.18692,32.20335,0.0,0.0,0.0,NA,0.0,0.0
SCHOOL_5525,0,0,0,0,0,0,0,0,0,0,1,5940000.0,-18.185779999999994,32.25725,0.0,0.0,0.0,NA,0.0,0.0
SCHOOL_5526,0,0,0,0,0,0,0,0,0,0,1,5244000.0,-18.16245,32.34065,0.0,0.0,0.0,NA,0.0,0.0
SCHOOL_5527,0,0,0,0,0,0,0,0,0,0,1,5028000.0,-18.14681999999999,32.28401,0.0,0.0,0.0,NA,0.0,0.0
SCHOOL_5528,0,0,0,0,0,0,0,0,0,0,1,1980000.0,-18.145999999999997,32.29036,0.0,0.0,0.0,NA,0.0,0.0
SCHOOL_5529,0,0,0,0,0,0,0,0,0,0,1,5088000.0,-18.130279999999996,32.213,0.0,0.0,0.0,NA,0.0,0.0
SCHOOL_5530,0,0,0,0,0,0,0,0,0,0,1,1632000.0,-18.088209999999993,32.30627,0.0,0.0,0.0,NA,0.0,0.0
SCHOOL_5531,0,0,0,0,0,0,0,0,0,0,1,6144000.0,-18.08191,32.23278,0.0,0.0,0.0,NA,0.0,0.0
SCHOOL_5532,0,0,0,0,0,0,0,0,0,0,1,2172000.0,-18.127899999999997,32.53294,0.0,0.0,0.0,NA,0.0,0.0
SCHOOL_5533,0,0,0,0,0,0,0,0,0,0,1,6132000.0,-18.11266,32.54723,0.0,0.0,0.0,NA,0.0,0.0
SCHOOL_5534,0,0,0,0,0,0,0,0,0,0,2,7080000.0,-18.105575000014632,32.4091900001082,0.0,0.0,0.0,NA,0.0,0.0
SCHOOL_5535,0,0,0,0,0,0,0,0,0,0,1,3984000.0,-18.076479999999997,32.50617,0.0,0.0,0.0,NA,0.0,0.0
SCHOOL_5536,0,0,0,0,0,0,0,0,0,0,1,3900000.0,-18.052789999999995,32.45836,0.0,0.0,0.0,NA,0.0,0.0
SCHOOL_5537,0,0,0,0,0,0,0,0,0,0,2,6888000.0,-18.032220000061226,32.50333500008908,0.0,0.0,0.0,NA,0.0,0.0
SCHOOL_5538,0,0,0,0,0,0,0,0,0,0,1,3444000.0,-18.012329999999995,32.49988,0.0,0.0,0.0,NA,0.0,0.0
SCHOOL_5539,0,0,0,0,0,0,0,0,0,0,1,5976000.0,-18.006530000000005,32.54571,0.0,0.0,0.0,NA,0.0,0.0
SCHOOL_5540,0,0,0,0,0,0,0,0,0,0,1,5376000.0,-18.09841000000001,32.05689,0.0,0.0,0.0,NA,0.0,0.0
SCHOOL_5541,0,0,0,0,0,0,0,0,0,0,1,5712000.0,-18.098180000000003,32.164,0.0,0.0,0.0,NA,0.0,0.0
SCHOOL_5542,0,0,0,0,0,0,0,0,0,0,2,7656000.0,-18.07539000000219,32.188565000004566,0.0,0.0,0.0,NA,0.0,0.0
SCHOOL_5543,0,0,0,0,0,0,0,0,0,0,1,5724000.0,-18.053369999999994,32.17892,0.0,0.0,0.0,NA,0.0,0.0
SCHOOL_5544,0,0,0,0,0,0,0,0,0,0,1,7536000.0,-18.031720000000004,32.097460000000005,0.0,0.0,0.0,NA,0.0,0.0
SCHOOL_5545,0,0,0,0,0,0,0,0,0,0,1,7320000.0,-18.03053,32.11049,0.0,0.0,0.0,NA,0.0,0.0
SCHOOL_5546,0,0,0,0,0,0,0,0,0,0,1,6720000.0,-18.029259999999997,32.15956,0.0,0.0,0.0,NA,0.0,0.0
SCHOOL_5547,0,0,0,0,0,0,0,0,0,0,1,6708000.0,-18.025949999999995,32.15628,0.0,0.0,0.0,NA,0.0,0.0
SCHOOL_5548,0,0,0,0,0,0,0,0,0,0,1,6852000.0,-17.999039999999997,32.18371,0.0,0.0,0.0,NA,0.0,0.0
SCHOOL_5549,0,0,0,0,0,0,0,0,0,0,2,3324000.0,-18.06168999999314,32.35132000005101,0.0,0.0,0.0,NA,0.0,0.0
SCHOOL_5550,0,0,0,0,0,0,0,0,0,0,1,7836000.0,-18.01321999999999,32.26687,0.0,0.0,0.0,NA,0.0,0.0
SCHOOL_5551,0,0,0,0,0,0,0,0,0,0,1,7080000.0,-18.007529999999992,32.38874,0.0,0.0,0.0,NA,0.0,0.0
SCHOOL_5552,0,0,0,0,0,0,0,0,0,0,1,3252000.0,-18.005349999999996,32.39456,0.0,0.0,0.0,NA,0.0,0.0
SCHOOL_5553,0,0,0,0,0,0,0,0,0,0,2,8484000.0,-17.955380000127246,32.23775000007687,0.0,0.0,0.0,NA,0.0,0.0
SCHOOL_5554,0,0,0,0,0,0,0,0,0,0,1,3972000.0,-17.930800000000005,32.4028,0.0,0.0,0.0,NA,0.0,0.0
SCHOOL_5555,0,0,0,0,0,0,0,0,0,0,1,2400000.0,-17.924899999999997,32.35421,0.0,0.0,0.0,NA,0.0,0.0
SCHOOL_5556,0,0,0,0,0,0,0,0,0,0,1,7692000.0,-17.876469999999998,32.19377,0.0,0.0,0.0,NA,0.0,0.0
SCHOOL_5557,0,0,0,0,0,0,0,0,0,0,1,5328000.0,-18.42593,31.757910000000003,0.0,0.0,0.0,NA,0.0,0.0
SCHOOL_5558,0,0,0,0,0,0,0,0,0,0,1,1404000.0,-18.42208,31.74322,0.0,0.0,0.0,NA,0.0,0.0
SCHOOL_5559,0,0,0,0,0,0,0,0,0,0,1,2364000.0,-18.42074,31.810960000000005,0.0,0.0,0.0,NA,0.0,0.0
SCHOOL_5560,0,0,0,0,0,0,0,0,0,0,1,7476000.0,-18.383950000000002,31.78025,0.0,0.0,0.0,NA,0.0,0.0
SCHOOL_5561,0,0,0,0,0,0,0,0,0,0,1,4656000.0,-18.366269999999997,31.747550000000004,0.0,0.0,0.0,NA,0.0,0.0
SCHOOL_5562,0,0,0,0,0,0,0,0,0,0,1,7236000.0,-18.350679999999997,31.741690000000002,0.0,0.0,0.0,NA,0.0,0.0
SCHOOL_5563,0,0,0,0,0,0,0,0,0,0,2,10020000.0,-18.30843000020407,31.72946500083847,0.0,0.0,0.0,NA,0.0,0.0
SCHOOL_5564,0,0,0,0,0,0,0,0,0,0,1,1224000.0,-18.29817,31.77826,0.0,0.0,0.0,NA,0.0,0.0
SCHOOL_5565,0,0,0,0,0,0,0,0,0,0,1,2904000.0,-18.26324,31.821459999999995,0.0,0.0,0.0,NA,0.0,0.0
SCHOOL_5566,0,0,0,0,0,0,0,0,0,0,1,5796000.0,-18.336419999999997,31.92446,0.0,0.0,0.0,NA,0.0,0.0
SCHOOL_5567,0,0,0,0,0,0,0,0,0,0,1,2292000.0,-18.3221,31.84701,0.0,0.0,0.0,NA,0.0,0.0
SCHOOL_5568,0,0,0,0,0,0,0,0,0,0,1,6276000.0,-18.28547,31.881110000000003,0.0,0.0,0.0,NA,0.0,0.0
SCHOOL_5569,0,0,0,0,0,0,0,0,0,0,1,4272000.0,-18.27867000000001,31.84547,0.0,0.0,0.0,NA,0.0,0.0
SCHOOL_5570,0,0,0,0,0,0,0,0,0,0,2,9996000.0,-18.238235000151743,31.963915000420844,0.0,0.0,0.0,NA,0.0,0.0
SCHOOL_5571,0,0,0,0,0,0,0,0,0,0,2,10932000.0,-18.177375000112644,31.96901500011556,0.0,0.0,0.0,NA,0.0,0.0
SCHOOL_5572,0,0,0,0,0,0,0,0,0,0,1,5208000.0,-18.14751,31.84677,0.0,0.0,0.0,NA,0.0,0.0
SCHOOL_5573,0,0,0,0,0,0,0,0,0,0,1,10080000.0,-18.142819999999997,31.9051,0.0,0.0,0.0,NA,0.0,0.0
SCHOOL_5574,0,0,0,0,0,0,0,0,0,0,1,5628000.0,-18.28486,32.03655,0.0,0.0,0.0,NA,0.0,0.0
SCHOOL_5575,0,0,0,0,0,0,0,0,0,0,1,840000.0,-18.28333,32.164,0.0,0.0,0.0,NA,0.0,0.0
SCHOOL_5576,0,0,0,0,0,0,0,0,0,0,1,12000000.0,-18.272470000000002,32.04822,0.0,0.0,0.0,NA,0.0,0.0
SCHOOL_5577,0,0,0,0,0,0,0,0,0,0,2,7644000.0,-18.215095000122545,32.09131999985654,0.0,0.0,0.0,NA,0.0,0.0
SCHOOL_5578,0,0,0,0,0,0,0,0,0,0,1,4932000.0,-18.214740000000003,32.15036,0.0,0.0,0.0,NA,0.0,0.0
SCHOOL_5579,0,0,0,0,0,0,0,0,0,0,1,7008000.0,-18.16848,32.10081,0.0,0.0,0.0,NA,0.0,0.0
SCHOOL_5580,0,0,0,0,0,0,0,0,0,0,1,5760000.0,-18.145580000000002,32.14667,0.0,0.0,0.0,NA,0.0,0.0
SCHOOL_5581,0,0,0,0,0,0,0,0,0,0,1,2892000.0,-18.138610000000003,32.14351,0.0,0.0,0.0,NA,0.0,0.0
SCHOOL_5582,0,0,0,0,0,0,0,0,0,0,1,5904000.0,-18.255009999999995,31.645929999999996,0.0,0.0,0.0,NA,0.0,0.0
SCHOOL_5583,0,0,0,0,0,0,0,0,0,0,1,10896000.0,-18.20682,31.617060000000002,0.0,0.0,0.0,NA,0.0,0.0
SCHOOL_5584,0,0,0,0,0,0,0,0,0,0,1,4740000.0,-18.1777,31.634050000000002,0.0,0.0,0.0,NA,0.0,0.0
SCHOOL_5585,0,0,0,0,0,0,0,0,0,0,1,2412000.0,-18.172930000000004,31.63205,0.0,0.0,0.0,NA,0.0,0.0
SCHOOL_5586,0,0,0,0,0,0,0,0,0,0,1,4476000.0,-18.1544,31.672749999999997,0.0,0.0,0.0,NA,0.0,0.0
SCHOOL_5587,0,0,0,0,0,0,0,0,0,0,1,3324000.0,-18.1509,31.673390000000005,0.0,0.0,0.0,NA,0.0,0.0
SCHOOL_5588,0,0,0,0,0,0,0,0,0,0,1,4824000.0,-18.11521,31.715300000000003,0.0,0.0,0.0,NA,0.0,0.0
SCHOOL_5589,0,0,0,0,0,0,0,0,0,0,1,7188000.0,-18.102029999999996,31.646110000000004,0.0,0.0,0.0,NA,0.0,0.0
SCHOOL_5590,0,0,0,0,0,0,0,0,0,0,1,4104000.0,-18.101890000000004,31.6542,0.0,0.0,0.0,NA,0.0,0.0
SCHOOL_5591,0,0,0,0,0,0,0,0,0,0,1,9444000.0,-18.016429999999996,31.64015,0.0,0.0,0.0,NA,0.0,0.0
SCHOOL_5592,0,0,0,0,0,0,0,0,0,0,1,8316000.0,-18.23566,31.790719999999997,0.0,0.0,0.0,NA,0.0,0.0
SCHOOL_5593,0,0,0,0,0,0,0,0,0,0,1,4896000.0,-18.182589999999998,31.73457,0.0,0.0,0.0,NA,0.0,0.0
SCHOOL_5594,0,0,0,0,0,0,0,0,0,0,1,840000.0,-18.11965,31.757229999999996,0.0,0.0,0.0,NA,0.0,0.0
SCHOOL_5595,0,0,0,0,0,0,0,0,0,0,2,7416000.0,-18.067285000016533,31.79370000006582,0.0,0.0,0.0,NA,0.0,0.0
SCHOOL_5596,0,0,0,0,0,0,0,0,0,0,1,3876000.0,-18.038350000000005,31.7243,0.0,0.0,0.0,NA,0.0,0.0
SCHOOL_5597,0,0,0,0,0,0,0,0,0,0,4,18888000.0,-17.957876668803742,31.832986668236956,0.0,0.0,0.0,NA,0.0,0.0
SCHOOL_5598,0,0,0,0,0,0,0,0,0,0,1,12000000.0,-18.136369999999992,31.84265,0.0,0.0,0.0,NA,0.0,0.0
SCHOOL_5599,0,0,0,0,0,0,0,0,0,0,1,12000000.0,-18.136059999999993,31.84919,0.0,0.0,0.0,NA,0.0,0.0
SCHOOL_5600,0,0,0,0,0,0,0,0,0,0,1,5448000.0,-18.128259999999997,31.960750000000004,0.0,0.0,0.0,NA,0.0,0.0
SCHOOL_5601,0,0,0,0,0,0,0,0,0,0,1,2904000.0,-18.09584,31.86547,0.0,0.0,0.0,NA,0.0,0.0
SCHOOL_5602,0,0,0,0,0,0,0,0,0,0,1,9876000.0,-18.05176,31.98223,0.0,0.0,0.0,NA,0.0,0.0
SCHOOL_5603,0,0,0,0,0,0,0,0,0,0,1,2676000.0,-18.034670000000002,31.996690000000005,0.0,0.0,0.0,NA,0.0,0.0
SCHOOL_5604,0,0,0,0,0,0,0,0,0,0,1,9108000.0,-18.017959999999988,31.87605,0.0,0.0,0.0,NA,0.0,0.0
SCHOOL_5605,0,0,0,0,0,0,0,0,0,0,2,4188000.0,-18.001265000046438,31.83869500001606,0.0,0.0,0.0,NA,0.0,0.0
SCHOOL_5606,0,0,0,0,0,0,0,0,0,0,1,4296000.0,-17.94196,31.990119999999997,0.0,0.0,0.0,NA,0.0,0.0
SCHOOL_5607,0,0,0,0,0,0,0,0,0,0,1,3588000.0,-17.96833,31.61713,0.0,0.0,0.0,NA,0.0,0.0
SCHOOL_5608,0,0,0,0,0,0,0,0,0,0,1,2580000.0,-17.96293,31.67439,0.0,0.0,0.0,NA,0.0,0.0
SCHOOL_5609,0,0,0,0,0,0,0,0,0,0,1,3744000.0,-17.91594999999999,31.67558,0.0,0.0,0.0,NA,0.0,0.0
SCHOOL_5610,0,0,0,0,0,0,0,0,0,0,1,12000000.0,-17.892179999999996,31.70309,0.0,0.0,0.0,NA,0.0,0.0
SCHOOL_5611,0,0,0,0,0,0,0,0,0,0,1,6576000.0,-17.892039999999994,31.71007,0.0,0.0,0.0,NA,0.0,0.0
SCHOOL_5612,0,0,0,0,0,0,0,0,0,0,1,12000000.0,-17.875859999999992,31.648529999999997,0.0,0.0,0.0,NA,0.0,0.0
SCHOOL_5613,0,0,0,0,0,0,0,0,0,0,1,4248000.0,-17.824199999999998,31.648130000000002,0.0,0.0,0.0,NA,0.0,0.0
SCHOOL_5614,0,0,0,0,0,0,0,0,0,0,1,5952000.0,-17.81173,31.698309999999996,0.0,0.0,0.0,NA,0.0,0.0
SCHOOL_5615,0,0,0,0,0,0,0,0,0,0,1,8880000.0,-17.777429999999995,31.6433,0.0,0.0,0.0,NA,0.0,0.0
SCHOOL_5616,0,0,0,0,0,0,0,0,0,0,1,3600000.0,-17.776730000000004,31.64786,0.0,0.0,0.0,NA,0.0,0.0
SCHOOL_5617,0,0,0,0,0,0,0,0,0,0,1,5448000.0,-17.99509,32.12247,0.0,0.0,0.0,NA,0.0,0.0
SCHOOL_5618,0,0,0,0,0,0,0,0,0,0,1,5376000.0,-17.95817,32.13562,0.0,0.0,0.0,NA,0.0,0.0
SCHOOL_5619,0,0,0,0,0,0,0,0,0,0,1,4632000.0,-17.95063,32.17001,0.0,0.0,0.0,NA,0.0,0.0
SCHOOL_5620,0,0,0,0,0,0,0,0,0,0,1,3612000.0,-17.92216,32.09287,0.0,0.0,0.0,NA,0.0,0.0
SCHOOL_5621,0,0,0,0,0,0,0,0,0,0,1,3420000.0,-17.89889,32.03752,0.0,0.0,0.0,NA,0.0,0.0
SCHOOL_5622,0,0,0,0,0,0,0,0,0,0,1,2436000.0,-17.844410000000003,32.09831,0.0,0.0,0.0,NA,0.0,0.0
SCHOOL_5623,0,0,0,0,0,0,0,0,0,0,1,11100000.0,-17.82617,32.12001,0.0,0.0,0.0,NA,0.0,0.0
SCHOOL_5624,0,0,0,0,0,0,0,0,0,0,1,5004000.0,-17.801800000000004,32.04728,0.0,0.0,0.0,NA,0.0,0.0
SCHOOL_5625,0,0,0,0,0,0,0,0,0,0,1,6312000.0,-17.747190000000003,32.06429,0.0,0.0,0.0,NA,0.0,0.0
SCHOOL_5626,0,0,0,0,0,0,0,0,0,0,1,12000000.0,-17.746180000000003,32.06048,0.0,0.0,0.0,NA,0.0,0.0
SCHOOL_5627,0,0,0,0,0,0,0,0,0,0,1,1212000.0,-17.908559999999998,32.01986,0.0,0.0,0.0,NA,0.0,0.0
SCHOOL_5628,0,0,0,0,0,0,0,0,0,0,1,8064000.0,-17.886190000000003,31.916040000000002,0.0,0.0,0.0,NA,0.0,0.0
SCHOOL_5629,0,0,0,0,0,0,0,0,0,0,1,2784000.0,-17.882649999999998,31.9326,0.0,0.0,0.0,NA,0.0,0.0
SCHOOL_5630,0,0,0,0,0,0,0,0,0,0,2,15468000.0,-17.86140500000251,31.937665000011272,0.0,0.0,0.0,NA,0.0,0.0
SCHOOL_5631,0,0,0,0,0,0,0,0,0,0,1,6348000.0,-17.829409999999996,31.96458,0.0,0.0,0.0,NA,0.0,0.0
SCHOOL_5632,0,0,0,0,0,0,0,0,0,0,2,14280000.0,-17.808619999963142,32.016494999892416,0.0,0.0,0.0,NA,0.0,0.0
SCHOOL_5633,0,0,0,0,0,0,0,0,0,0,1,2952000.0,-17.808540000000004,31.915299999999995,0.0,0.0,0.0,NA,0.0,0.0
SCHOOL_5634,0,0,0,0,0,0,0,0,0,0,1,6816000.0,-17.77375,31.973309999999998,0.0,0.0,0.0,NA,0.0,0.0
SCHOOL_5635,0,0,0,0,0,0,0,0,0,0,1,8988000.0,-17.9333,31.72654,0.0,0.0,0.0,NA,0.0,0.0
SCHOOL_5636,0,0,0,0,0,0,0,0,0,0,1,11160000.0,-17.896510000000003,31.75215,0.0,0.0,0.0,NA,0.0,0.0
SCHOOL_5637,0,0,0,0,0,0,0,0,0,0,1,2856000.0,-17.895880000000002,31.77566,0.0,0.0,0.0,NA,0.0,0.0
SCHOOL_5638,0,0,0,0,0,0,0,0,0,0,1,5520000.0,-17.82415,31.76086,0.0,0.0,0.0,NA,0.0,0.0
SCHOOL_5639,0,0,0,0,0,0,0,0,0,0,1,11508000.0,-17.82244,31.75873,0.0,0.0,0.0,NA,0.0,0.0
SCHOOL_5640,0,0,0,0,0,0,0,0,0,0,1,12000000.0,-17.785980000000002,31.7436,0.0,0.0,0.0,NA,0.0,0.0
SCHOOL_5641,0,0,0,0,0,0,0,0,0,0,1,8304000.0,-17.771529999999995,31.79208,0.0,0.0,0.0,NA,0.0,0.0
SCHOOL_5642,0,0,0,0,0,0,0,0,0,0,1,4344000.0,-17.76894,31.79845,0.0,0.0,0.0,NA,0.0,0.0
SCHOOL_5643,0,0,0,0,0,0,0,0,0,0,1,6396000.0,-17.71833000000001,31.803629999999995,0.0,0.0,0.0,NA,0.0,0.0
SCHOOL_5644,0,0,0,0,0,0,0,0,0,0,1,5736000.0,-17.716529999999995,31.72973,0.0,0.0,0.0,NA,0.0,0.0
SCHOOL_5645,0,0,0,0,0,0,0,0,0,0,1,10284000.0,-18.010839999999998,31.33442,0.0,0.0,0.0,NA,0.0,0.0
SCHOOL_5646,0,0,0,0,0,0,0,0,0,0,1,3900000.0,-18.01061,31.33771,0.0,0.0,0.0,NA,0.0,0.0
SCHOOL_5647,0,0,0,0,0,0,0,0,0,0,1,1812000.0,-17.94814999999999,31.343430000000005,0.0,0.0,0.0,NA,0.0,0.0
SCHOOL_5648,0,0,0,0,0,0,0,0,0,0,1,6876000.0,-17.945799999999988,31.23827,0.0,0.0,0.0,NA,0.0,0.0
SCHOOL_5649,0,0,0,0,0,0,0,0,0,0,2,12228000.0,-17.923994999981677,31.29826000063124,0.0,0.0,0.0,NA,0.0,0.0
SCHOOL_5650,0,0,0,0,0,0,0,0,0,0,2,21492000.0,-17.903815000230022,31.283874999875188,0.0,0.0,0.0,NA,0.0,0.0
SCHOOL_5651,0,0,0,0,0,0,0,0,0,0,1,12000000.0,-17.973629999999993,31.0,0.0,0.0,0.0,NA,0.0,0.0
SCHOOL_5652,0,0,0,0,0,0,0,0,0,0,2,17136000.0,-17.95822000001312,30.98258499999078,0.0,0.0,0.0,NA,0.0,0.0
SCHOOL_5653,0,0,0,0,0,0,0,0,0,0,1,6864000.0,-17.94267,31.03192,0.0,0.0,0.0,NA,0.0,0.0
SCHOOL_5654,0,0,0,0,0,0,0,0,0,0,1,3372000.0,-17.995449999999998,30.883600000000005,0.0,0.0,0.0,NA,0.0,0.0
SCHOOL_5655,0,0,0,0,0,0,0,0,0,0,1,12000000.0,-17.941179999999996,30.940930000000005,0.0,0.0,0.0,NA,0.0,0.0
SCHOOL_5656,0,0,0,0,0,0,0,0,0,0,1,10764000.0,-17.954339999999995,31.18241,0.0,0.0,0.0,NA,0.0,0.0
SCHOOL_5657,0,0,0,0,0,0,0,0,0,0,1,11904000.0,-17.94553,31.09343,0.0,0.0,0.0,NA,0.0,0.0
SCHOOL_5658,0,0,0,0,0,0,0,0,0,0,1,5508000.0,-17.94223,31.09536,0.0,0.0,0.0,NA,0.0,0.0
SCHOOL_5659,0,0,0,0,0,0,0,0,0,0,1,7320000.0,-17.90876,31.13596,0.0,0.0,0.0,NA,0.0,0.0
SCHOOL_5660,0,0,0,0,0,0,0,0,0,0,1,12000000.0,-17.79498,31.195450000000005,0.0,0.0,0.0,NA,0.0,0.0
SCHOOL_5661,0,0,0,0,0,0,0,0,0,0,2,14424000.0,-17.769475000004586,30.904915000016743,0.0,0.0,0.0,NA,0.0,0.0
SCHOOL_5662,0,0,0,0,0,0,0,0,0,0,1,5688000.0,-17.792859999999994,31.228140000000003,0.0,0.0,0.0,NA,0.0,0.0
SCHOOL_5663,0,0,0,0,0,0,0,0,0,0,1,7968000.0,-17.788959999999996,31.22738,0.0,0.0,0.0,NA,0.0,0.0
SCHOOL_5664,0,0,0,0,0,0,0,0,0,0,1,7236000.0,-17.77369,31.23173,0.0,0.0,0.0,NA,0.0,0.0
SCHOOL_5665,0,0,0,0,0,0,0,0,0,0,1,10956000.0,-17.774369999999994,31.23497,0.0,0.0,0.0,NA,0.0,0.0
SCHOOL_5666,0,0,0,0,0,0,0,0,0,0,1,8448000.0,-17.773419999999998,31.313550000000003,0.0,0.0,0.0,NA,0.0,0.0
SCHOOL_5667,0,0,0,0,0,0,0,0,0,0,1,2628000.0,-17.742460000000005,31.314259999999997,0.0,0.0,0.0,NA,0.0,0.0
SCHOOL_5668,0,0,0,0,0,0,0,0,0,0,1,6540000.0,-17.735179999999996,31.312240000000003,0.0,0.0,0.0,NA,0.0,0.0
SCHOOL_5669,0,0,0,0,0,0,0,0,0,0,1,4248000.0,-17.730009999999996,31.253350000000005,0.0,0.0,0.0,NA,0.0,0.0
SCHOOL_5670,0,0,0,0,0,0,0,0,0,0,1,804000.0,-17.71529,31.27815,0.0,0.0,0.0,NA,0.0,0.0
SCHOOL_5671,0,0,0,0,0,0,0,0,0,0,1,5592000.0,-17.706530000000004,31.25746,0.0,0.0,0.0,NA,0.0,0.0
SCHOOL_5672,0,0,0,0,0,0,0,0,0,0,1,4992000.0,-17.68783,31.310960000000005,0.0,0.0,0.0,NA,0.0,0.0
SCHOOL_5673,0,0,0,0,0,0,0,0,0,0,2,14916000.0,-17.686940000139572,31.290760001263944,0.0,0.0,0.0,NA,0.0,0.0
SCHOOL_5674,0,0,0,0,0,0,0,0,0,0,1,3864000.0,-18.03945,31.519249999999996,0.0,0.0,0.0,NA,0.0,0.0
SCHOOL_5675,0,0,0,0,0,0,0,0,0,0,1,5712000.0,-17.91803,31.535030000000003,0.0,0.0,0.0,NA,0.0,0.0
SCHOOL_5676,0,0,0,0,0,0,0,0,0,0,1,12000000.0,-17.886139999999994,31.570810000000005,0.0,0.0,0.0,NA,0.0,0.0
SCHOOL_5677,0,0,0,0,0,0,0,0,0,0,1,3228000.0,-17.885050000000007,31.57712,0.0,0.0,0.0,NA,0.0,0.0
SCHOOL_5678,0,0,0,0,0,0,0,0,0,0,2,21660000.0,-17.87523499991695,31.520820000279098,0.0,0.0,0.0,NA,0.0,0.0
SCHOOL_5679,0,0,0,0,0,0,0,0,0,0,1,4608000.0,-17.82098,31.55553,0.0,0.0,0.0,NA,0.0,0.0
SCHOOL_5680,0,0,0,0,0,0,0,0,0,0,1,4704000.0,-17.81912,31.517299999999995,0.0,0.0,0.0,NA,0.0,0.0
SCHOOL_5681,0,0,0,0,0,0,0,0,0,0,1,12000000.0,-17.80596,31.600179999999998,0.0,0.0,0.0,NA,0.0,0.0
SCHOOL_5682,0,0,0,0,0,0,0,0,0,0,1,6384000.0,-17.803500000000003,31.601550000000003,0.0,0.0,0.0,NA,0.0,0.0
SCHOOL_5683,0,0,0,0,0,0,0,0,0,0,1,12000000.0,-17.89467,31.25563,0.0,0.0,0.0,NA,0.0,0.0
SCHOOL_5684,0,0,0,0,0,0,0,0,0,0,1,12000000.0,-17.86765,31.358019999999996,0.0,0.0,0.0,NA,0.0,0.0
SCHOOL_5685,0,0,0,0,0,0,0,0,0,0,1,12000000.0,-17.865109999999998,31.36135,0.0,0.0,0.0,NA,0.0,0.0
SCHOOL_5686,0,0,0,0,0,0,0,0,0,0,1,4128000.0,-17.86457,31.29096,0.0,0.0,0.0,NA,0.0,0.0
SCHOOL_5687,0,0,0,0,0,0,0,0,0,0,1,3972000.0,-17.831419999999998,31.309579999999997,0.0,0.0,0.0,NA,0.0,0.0
SCHOOL_5688,0,0,0,0,0,0,0,0,0,0,1,9588000.0,-17.783160000000002,31.33905,0.0,0.0,0.0,NA,0.0,0.0
SCHOOL_5689,0,0,0,0,0,0,0,0,0,0,1,12000000.0,-17.779159999999997,31.31636,0.0,0.0,0.0,NA,0.0,0.0
SCHOOL_5690,0,0,0,0,0,0,0,0,0,0,1,6672000.0,-17.777159999999995,31.56363,0.0,0.0,0.0,NA,0.0,0.0
SCHOOL_5691,0,0,0,0,0,0,0,0,0,0,1,12000000.0,-17.750450000000004,31.58329,0.0,0.0,0.0,NA,0.0,0.0
SCHOOL_5692,0,0,0,0,0,0,0,0,0,0,1,4848000.0,-17.738749999999992,31.56168,0.0,0.0,0.0,NA,0.0,0.0
SCHOOL_5693,0,0,0,0,0,0,0,0,0,0,1,9372000.0,-17.73652,31.57015,0.0,0.0,0.0,NA,0.0,0.0
SCHOOL_5694,0,0,0,0,0,0,0,0,0,0,1,7104000.0,-17.73423,31.56444,0.0,0.0,0.0,NA,0.0,0.0
SCHOOL_5695,0,0,0,0,0,0,0,0,0,0,1,12000000.0,-17.681329999999996,31.555980000000005,0.0,0.0,0.0,NA,0.0,0.0
SCHOOL_5696,0,0,0,0,0,0,0,0,0,0,1,12000000.0,-17.681020000000004,31.560700000000004,0.0,0.0,0.0,NA,0.0,0.0
SCHOOL_5697,0,0,0,0,0,0,0,0,0,0,1,8112000.0,-17.64520999999999,31.5241,0.0,0.0,0.0,NA,0.0,0.0
SCHOOL_5698,0,0,0,0,0,0,0,0,0,0,1,8136000.0,-17.645029999999995,31.521,0.0,0.0,0.0,NA,0.0,0.0
SCHOOL_5699,0,0,0,0,0,0,0,0,0,0,1,6096000.0,-17.63145,31.56652,0.0,0.0,0.0,NA,0.0,0.0
SCHOOL_5700,0,0,0,0,0,0,0,0,0,0,1,11724000.0,-17.71714,31.463330000000003,0.0,0.0,0.0,NA,0.0,0.0
SCHOOL_5701,0,0,0,0,0,0,0,0,0,0,1,12000000.0,-17.678239999999995,31.48747,0.0,0.0,0.0,NA,0.0,0.0
SCHOOL_5702,0,0,0,0,0,0,0,0,0,0,1,6504000.0,-17.66958,31.41348,0.0,0.0,0.0,NA,0.0,0.0
SCHOOL_5703,0,0,0,0,0,0,0,0,0,0,1,3924000.0,-17.632529999999996,31.441199999999995,0.0,0.0,0.0,NA,0.0,0.0
SCHOOL_5704,0,0,0,0,0,0,0,0,0,0,1,10284000.0,-17.624780000000005,31.485,0.0,0.0,0.0,NA,0.0,0.0
SCHOOL_5705,0,0,0,0,0,0,0,0,0,0,1,8280000.0,-17.598000000000003,31.41084,0.0,0.0,0.0,NA,0.0,0.0
SCHOOL_5706,0,0,0,0,0,0,0,0,0,0,1,5760000.0,-17.573659999999993,31.506680000000003,0.0,0.0,0.0,NA,0.0,0.0
SCHOOL_5707,0,0,0,0,0,0,0,0,0,0,1,8352000.0,-17.565449999999995,31.442080000000004,0.0,0.0,0.0,NA,0.0,0.0
SCHOOL_5708,0,0,0,0,0,0,0,0,0,0,2,12144000.0,-17.74823000026819,31.681185000309906,0.0,0.0,0.0,NA,0.0,0.0
SCHOOL_5709,0,0,0,0,0,0,0,0,0,0,1,3816000.0,-17.719280000000005,31.66176,0.0,0.0,0.0,NA,0.0,0.0
SCHOOL_5710,0,0,0,0,0,0,0,0,0,0,1,11016000.0,-17.711829999999992,31.626450000000002,0.0,0.0,0.0,NA,0.0,0.0
SCHOOL_5711,0,0,0,0,0,0,0,0,0,0,1,8064000.0,-17.69215,31.66493,0.0,0.0,0.0,NA,0.0,0.0
SCHOOL_5712,0,0,0,0,0,0,0,0,0,0,2,10884000.0,-17.621730000208128,31.632620000423525,0.0,0.0,0.0,NA,0.0,0.0
SCHOOL_5713,0,0,0,0,0,0,0,0,0,0,1,12000000.0,-17.621449999999996,31.6264,0.0,0.0,0.0,NA,0.0,0.0
SCHOOL_5714,0,0,0,0,0,0,0,0,0,0,1,3216000.0,-17.585110000000004,31.68305,0.0,0.0,0.0,NA,0.0,0.0
SCHOOL_5715,0,0,0,0,0,0,0,0,0,0,1,9972000.0,-17.574009999999994,31.66849,0.0,0.0,0.0,NA,0.0,0.0
SCHOOL_5716,0,0,0,0,0,0,0,0,0,0,1,1836000.0,-17.6682,31.26248,0.0,0.0,0.0,NA,0.0,0.0
SCHOOL_5717,0,0,0,0,0,0,0,0,0,0,1,12000000.0,-17.628460000000004,31.275280000000002,0.0,0.0,0.0,NA,0.0,0.0
SCHOOL_5718,0,0,0,0,0,0,0,0,0,0,1,10620000.0,-17.597800000000003,31.35646,0.0,0.0,0.0,NA,0.0,0.0
SCHOOL_5719,0,0,0,0,0,0,0,0,0,0,1,11268000.0,-17.5912,31.264179999999996,0.0,0.0,0.0,NA,0.0,0.0
SCHOOL_5720,0,0,0,0,0,0,0,0,0,0,1,5268000.0,-17.590480000000003,31.329769999999996,0.0,0.0,0.0,NA,0.0,0.0
SCHOOL_5721,0,0,0,0,0,0,0,0,0,0,1,7176000.0,-17.5847,31.26047,0.0,0.0,0.0,NA,0.0,0.0
SCHOOL_5722,0,0,0,0,0,0,0,0,0,0,1,3504000.0,-17.562659999999997,31.33263,0.0,0.0,0.0,NA,0.0,0.0
SCHOOL_5723,0,0,0,0,0,0,0,0,0,0,2,20868000.0,-17.55053500016481,31.374964999918735,0.0,0.0,0.0,NA,0.0,0.0
SCHOOL_5724,0,0,0,0,0,0,0,0,0,0,1,4536000.0,-17.596660000000004,31.520710000000008,0.0,0.0,0.0,NA,0.0,0.0
SCHOOL_5725,0,0,0,0,0,0,0,0,0,0,1,1896000.0,-17.58192,31.57967,0.0,0.0,0.0,NA,0.0,0.0
SCHOOL_5726,0,0,0,0,0,0,0,0,0,0,1,5916000.0,-17.5818,31.57453,0.0,0.0,0.0,NA,0.0,0.0
SCHOOL_5727,0,0,0,0,0,0,0,0,0,0,1,3192000.0,-17.56181,31.5463,0.0,0.0,0.0,NA,0.0,0.0
SCHOOL_5728,0,0,0,0,0,0,0,0,0,0,1,5952000.0,-17.524680000000004,31.5257,0.0,0.0,0.0,NA,0.0,0.0
SCHOOL_5729,0,0,0,0,0,0,0,0,0,0,1,8412000.0,-17.513230000000004,31.56151,0.0,0.0,0.0,NA,0.0,0.0
SCHOOL_5730,0,0,0,0,0,0,0,0,0,0,1,4884000.0,-17.478360000000006,31.54022,0.0,0.0,0.0,NA,0.0,0.0
SCHOOL_5731,0,0,0,0,0,0,0,0,0,0,1,3984000.0,-17.477009999999993,31.581480000000003,0.0,0.0,0.0,NA,0.0,0.0
SCHOOL_5732,0,0,0,0,0,0,0,0,0,0,1,2184000.0,-17.442539999999997,31.514060000000004,0.0,0.0,0.0,NA,0.0,0.0
SCHOOL_5733,0,0,0,0,0,0,0,0,0,0,1,5256000.0,-17.437729999999995,31.50807,0.0,0.0,0.0,NA,0.0,0.0
SCHOOL_5734,0,0,0,0,0,0,0,0,0,0,1,4260000.0,-17.50472999999999,31.280359999999998,0.0,0.0,0.0,NA,0.0,0.0
SCHOOL_5735,0,0,0,0,0,0,0,0,0,0,2,11100000.0,-17.502320000000037,31.327440000000895,0.0,0.0,0.0,NA,0.0,0.0
SCHOOL_5736,0,0,0,0,0,0,0,0,0,0,1,8220000.0,-17.461340000000003,31.35117,0.0,0.0,0.0,NA,0.0,0.0
SCHOOL_5737,0,0,0,0,0,0,0,0,0,0,1,7440000.0,-17.439380000000003,31.2528,0.0,0.0,0.0,NA,0.0,0.0
SCHOOL_5738,0,0,0,0,0,0,0,0,0,0,1,3624000.0,-17.427909999999994,31.24511,0.0,0.0,0.0,NA,0.0,0.0
SCHOOL_5739,0,0,0,0,0,0,0,0,0,0,1,12000000.0,-17.410379999999993,31.371319999999997,0.0,0.0,0.0,NA,0.0,0.0
SCHOOL_5740,0,0,0,0,0,0,0,0,0,0,1,5904000.0,-17.559299999999997,31.484329999999996,0.0,0.0,0.0,NA,0.0,0.0
SCHOOL_5741,0,0,0,0,0,0,0,0,0,0,1,6612000.0,-17.5333,31.43426,0.0,0.0,0.0,NA,0.0,0.0
SCHOOL_5742,0,0,0,0,0,0,0,0,0,0,1,12000000.0,-17.530280000000005,31.4792,0.0,0.0,0.0,NA,0.0,0.0
SCHOOL_5743,0,0,0,0,0,0,0,0,0,0,1,7872000.0,-17.490959999999994,31.380159999999997,0.0,0.0,0.0,NA,0.0,0.0
SCHOOL_5744,0,0,0,0,0,0,0,0,0,0,1,6336000.0,-17.4618,31.45271,0.0,0.0,0.0,NA,0.0,0.0
SCHOOL_5745,0,0,0,0,0,0,0,0,0,0,1,12000000.0,-17.367549999999998,31.43247,0.0,0.0,0.0,NA,0.0,0.0
SCHOOL_5746,0,0,0,0,0,0,0,0,0,0,1,12000000.0,-17.366030000000002,31.438050000000004,0.0,0.0,0.0,NA,0.0,0.0
SCHOOL_5747,0,0,0,0,0,0,0,0,0,0,2,8244000.0,-17.287655000415633,31.48446499844669,0.0,0.0,0.0,NA,0.0,0.0
SCHOOL_5748,0,0,0,0,0,0,0,0,0,0,1,6012000.0,-17.39176,31.258750000000003,0.0,0.0,0.0,NA,0.0,0.0
SCHOOL_5749,0,0,0,0,0,0,0,0,0,0,1,5316000.0,-17.39003,31.273660000000003,0.0,0.0,0.0,NA,0.0,0.0
SCHOOL_5750,0,0,0,0,0,0,0,0,0,0,1,8196000.0,-17.383660000000003,31.30518,0.0,0.0,0.0,NA,0.0,0.0
SCHOOL_5751,0,0,0,0,0,0,0,0,0,0,1,12000000.0,-17.382470000000005,31.294569999999997,0.0,0.0,0.0,NA,0.0,0.0
SCHOOL_5752,0,0,0,0,0,0,0,0,0,0,1,2004000.0,-18.001609999999996,32.425900000000006,0.0,0.0,0.0,NA,0.0,0.0
SCHOOL_5753,0,0,0,0,0,0,0,0,0,0,1,6216000.0,-17.979610000000005,32.48259,0.0,0.0,0.0,NA,0.0,0.0
SCHOOL_5754,0,0,0,0,0,0,0,0,0,0,1,4092000.0,-17.92429,32.48961,0.0,0.0,0.0,NA,0.0,0.0
SCHOOL_5755,0,0,0,0,0,0,0,0,0,0,1,6084000.0,-17.913399999999996,32.45749,0.0,0.0,0.0,NA,0.0,0.0
SCHOOL_5756,0,0,0,0,0,0,0,0,0,0,1,7644000.0,-17.90558,32.44804,0.0,0.0,0.0,NA,0.0,0.0
SCHOOL_5757,0,0,0,0,0,0,0,0,0,0,1,2820000.0,-17.86928,32.55597,0.0,0.0,0.0,NA,0.0,0.0
SCHOOL_5758,0,0,0,0,0,0,0,0,0,0,1,6120000.0,-17.866069999999997,32.49018,0.0,0.0,0.0,NA,0.0,0.0
SCHOOL_5759,0,0,0,0,0,0,0,0,0,0,1,3360000.0,-17.857149999999997,32.49496,0.0,0.0,0.0,NA,0.0,0.0
SCHOOL_5760,0,0,0,0,0,0,0,0,0,0,2,2088000.0,-17.8277850003063,32.55917000006057,0.0,0.0,0.0,NA,0.0,0.0
SCHOOL_5761,0,0,0,0,0,0,0,0,0,0,1,10272000.0,-17.869199999999992,32.2613,0.0,0.0,0.0,NA,0.0,0.0
SCHOOL_5762,0,0,0,0,0,0,0,0,0,0,1,5496000.0,-17.866199999999996,32.263,0.0,0.0,0.0,NA,0.0,0.0
SCHOOL_5763,0,0,0,0,0,0,0,0,0,0,1,2256000.0,-17.842769999999998,32.37201,0.0,0.0,0.0,NA,0.0,0.0
SCHOOL_5764,0,0,0,0,0,0,0,0,0,0,1,3672000.0,-17.82592,32.2414,0.0,0.0,0.0,NA,0.0,0.0
SCHOOL_5765,0,0,0,0,0,0,0,0,0,0,1,2556000.0,-17.82096,32.31156,0.0,0.0,0.0,NA,0.0,0.0
SCHOOL_5766,0,0,0,0,0,0,0,0,0,0,1,5184000.0,-17.80235,32.20023,0.0,0.0,0.0,NA,0.0,0.0
SCHOOL_5767,0,0,0,0,0,0,0,0,0,0,1,8196000.0,-17.78211,32.35404,0.0,0.0,0.0,NA,0.0,0.0
SCHOOL_5768,0,0,0,0,0,0,0,0,0,0,1,3972000.0,-17.781559999999995,32.35862,0.0,0.0,0.0,NA,0.0,0.0
SCHOOL_5769,0,0,0,0,0,0,0,0,0,0,2,8748000.0,-17.77054500001068,32.249200000057364,0.0,0.0,0.0,NA,0.0,0.0
SCHOOL_5770,0,0,0,0,0,0,0,0,0,0,1,2412000.0,-17.826059999999995,32.46112,0.0,0.0,0.0,NA,0.0,0.0
SCHOOL_5771,0,0,0,0,0,0,0,0,0,0,1,2904000.0,-17.820820000000005,32.48961,0.0,0.0,0.0,NA,0.0,0.0
SCHOOL_5772,0,0,0,0,0,0,0,0,0,0,1,8436000.0,-17.7143,32.49304,0.0,0.0,0.0,NA,0.0,0.0
SCHOOL_5773,0,0,0,0,0,0,0,0,0,0,1,3768000.0,-17.714260000000003,32.50431,0.0,0.0,0.0,NA,0.0,0.0
SCHOOL_5774,0,0,0,0,0,0,0,0,0,0,1,3852000.0,-17.678359999999998,32.51136,0.0,0.0,0.0,NA,0.0,0.0
SCHOOL_5775,0,0,0,0,0,0,0,0,0,0,1,1140000.0,-17.66745,32.48949,0.0,0.0,0.0,NA,0.0,0.0
SCHOOL_5776,0,0,0,0,0,0,0,0,0,0,2,6168000.0,-17.629030000042057,32.5012250001117,0.0,0.0,0.0,NA,0.0,0.0
SCHOOL_5777,0,0,0,0,0,0,0,0,0,0,1,840000.0,-17.617979999999996,32.43234,0.0,0.0,0.0,NA,0.0,0.0
SCHOOL_5778,0,0,0,0,0,0,0,0,0,0,1,7212000.0,-17.57973999999999,32.53398,0.0,0.0,0.0,NA,0.0,0.0
SCHOOL_5779,0,0,0,0,0,0,0,0,0,0,1,5172000.0,-17.730479999999993,32.3752,0.0,0.0,0.0,NA,0.0,0.0
SCHOOL_5780,0,0,0,0,0,0,0,0,0,0,1,1440000.0,-17.720630000000007,32.21749,0.0,0.0,0.0,NA,0.0,0.0
SCHOOL_5781,0,0,0,0,0,0,0,0,0,0,1,6204000.0,-17.70443,32.25992,0.0,0.0,0.0,NA,0.0,0.0
SCHOOL_5782,0,0,0,0,0,0,0,0,0,0,1,4200000.0,-17.668119999999988,32.32249,0.0,0.0,0.0,NA,0.0,0.0
SCHOOL_5783,0,0,0,0,0,0,0,0,0,0,1,2520000.0,-17.66733,32.31927,0.0,0.0,0.0,NA,0.0,0.0
SCHOOL_5784,0,0,0,0,0,0,0,0,0,0,1,7596000.0,-17.627370000000003,32.36054,0.0,0.0,0.0,NA,0.0,0.0
SCHOOL_5785,0,0,0,0,0,0,0,0,0,0,1,3012000.0,-17.61603,32.23769,0.0,0.0,0.0,NA,0.0,0.0
SCHOOL_5786,0,0,0,0,0,0,0,0,0,0,1,5952000.0,-17.614099999999997,32.23329,0.0,0.0,0.0,NA,0.0,0.0
SCHOOL_5787,0,0,0,0,0,0,0,0,0,0,1,3660000.0,-17.583240000000007,32.29286,0.0,0.0,0.0,NA,0.0,0.0
SCHOOL_5788,0,0,0,0,0,0,0,0,0,0,1,4308000.0,-17.568259999999995,32.20913,0.0,0.0,0.0,NA,0.0,0.0
SCHOOL_5789,0,0,0,0,0,0,0,0,0,0,1,3924000.0,-17.739889999999995,32.15763,0.0,0.0,0.0,NA,0.0,0.0
SCHOOL_5790,0,0,0,0,0,0,0,0,0,0,1,5364000.0,-17.689230000000002,32.05677,0.0,0.0,0.0,NA,0.0,0.0
SCHOOL_5791,0,0,0,0,0,0,0,0,0,0,1,6048000.0,-17.67061,32.12978,0.0,0.0,0.0,NA,0.0,0.0
SCHOOL_5792,0,0,0,0,0,0,0,0,0,0,1,3168000.0,-17.666029999999996,32.1304,0.0,0.0,0.0,NA,0.0,0.0
SCHOOL_5793,0,0,0,0,0,0,0,0,0,0,1,3936000.0,-17.646009999999997,32.17451,0.0,0.0,0.0,NA,0.0,0.0
SCHOOL_5794,0,0,0,0,0,0,0,0,0,0,1,4416000.0,-17.63026,32.08863,0.0,0.0,0.0,NA,0.0,0.0
SCHOOL_5795,0,0,0,0,0,0,0,0,0,0,1,4140000.0,-17.575500000000005,32.14241,0.0,0.0,0.0,NA,0.0,0.0
SCHOOL_5796,0,0,0,0,0,0,0,0,0,0,1,8148000.0,-17.569839999999992,32.14426,0.0,0.0,0.0,NA,0.0,0.0
SCHOOL_5797,0,0,0,0,0,0,0,0,0,0,1,6912000.0,-17.539440000000003,32.0769,0.0,0.0,0.0,NA,0.0,0.0
SCHOOL_5798,0,0,0,0,0,0,0,0,0,0,1,3804000.0,-17.51142,32.13248,0.0,0.0,0.0,NA,0.0,0.0
SCHOOL_5799,0,0,0,0,0,0,0,0,0,0,1,5604000.0,-17.523929999999996,32.28901,0.0,0.0,0.0,NA,0.0,0.0
SCHOOL_5800,0,0,0,0,0,0,0,0,0,0,1,840000.0,-17.515859999999993,32.31383,0.0,0.0,0.0,NA,0.0,0.0
SCHOOL_5801,0,0,0,0,0,0,0,0,0,0,1,1152000.0,-17.5158,32.35529,0.0,0.0,0.0,NA,0.0,0.0
SCHOOL_5802,0,0,0,0,0,0,0,0,0,0,1,2976000.0,-17.46827,32.24862,0.0,0.0,0.0,NA,0.0,0.0
SCHOOL_5803,0,0,0,0,0,0,0,0,0,0,1,1260000.0,-17.461070000000007,32.30586,0.0,0.0,0.0,NA,0.0,0.0
SCHOOL_5804,0,0,0,0,0,0,0,0,0,0,1,6960000.0,-17.443920000000002,32.38828,0.0,0.0,0.0,NA,0.0,0.0
SCHOOL_5805,0,0,0,0,0,0,0,0,0,0,1,3132000.0,-17.441529999999997,32.38471,0.0,0.0,0.0,NA,0.0,0.0
SCHOOL_5806,0,0,0,0,0,0,0,0,0,0,1,8676000.0,-17.415630000000004,32.32049,0.0,0.0,0.0,NA,0.0,0.0
SCHOOL_5807,0,0,0,0,0,0,0,0,0,0,1,4956000.0,-17.414769999999994,32.31508,0.0,0.0,0.0,NA,0.0,0.0
SCHOOL_5808,0,0,0,0,0,0,0,0,0,0,1,840000.0,-17.548880000000004,32.42495,0.0,0.0,0.0,NA,0.0,0.0
SCHOOL_5809,0,0,0,0,0,0,0,0,0,0,1,840000.0,-17.54853,32.43418,0.0,0.0,0.0,NA,0.0,0.0
SCHOOL_5810,0,0,0,0,0,0,0,0,0,0,1,948000.0,-17.518619999999995,32.51556,0.0,0.0,0.0,NA,0.0,0.0
SCHOOL_5811,0,0,0,0,0,0,0,0,0,0,1,5436000.0,-17.514719999999997,32.51795,0.0,0.0,0.0,NA,0.0,0.0
SCHOOL_5812,0,0,0,0,0,0,0,0,0,0,1,3540000.0,-17.44314,32.43835,0.0,0.0,0.0,NA,0.0,0.0
SCHOOL_5813,0,0,0,0,0,0,0,0,0,0,1,4140000.0,-17.378330000000002,32.43469,0.0,0.0,0.0,NA,0.0,0.0
SCHOOL_5814,0,0,0,0,0,0,0,0,0,0,2,15108000.0,-17.37354500254287,32.48318499766884,0.0,0.0,0.0,NA,0.0,0.0
SCHOOL_5815,0,0,0,0,0,0,0,0,0,0,1,5952000.0,-17.357050000000005,32.46238,0.0,0.0,0.0,NA,0.0,0.0
SCHOOL_5816,0,0,0,0,0,0,0,0,0,0,1,4956000.0,-17.354779999999998,32.4607,0.0,0.0,0.0,NA,0.0,0.0
SCHOOL_5817,0,0,0,0,0,0,0,0,0,0,1,4020000.0,-17.40729,32.38132,0.0,0.0,0.0,NA,0.0,0.0
SCHOOL_5818,0,0,0,0,0,0,0,0,0,0,1,12000000.0,-17.40567,32.24356,0.0,0.0,0.0,NA,0.0,0.0
SCHOOL_5819,0,0,0,0,0,0,0,0,0,0,1,12000000.0,-17.397910000000003,32.22813,0.0,0.0,0.0,NA,0.0,0.0
SCHOOL_5820,0,0,0,0,0,0,0,0,0,0,1,12000000.0,-17.396919999999998,32.23026,0.0,0.0,0.0,NA,0.0,0.0
SCHOOL_5821,0,0,0,0,0,0,0,0,0,0,1,12000000.0,-17.379350000000006,32.2891,0.0,0.0,0.0,NA,0.0,0.0
SCHOOL_5822,0,0,0,0,0,0,0,0,0,0,1,12000000.0,-17.37781,32.29944,0.0,0.0,0.0,NA,0.0,0.0
SCHOOL_5823,0,0,0,0,0,0,0,0,0,0,1,5160000.0,-17.35926,32.20607,0.0,0.0,0.0,NA,0.0,0.0
SCHOOL_5824,0,0,0,0,0,0,0,0,0,0,2,17892000.0,-17.358150000665923,32.38940500147658,0.0,0.0,0.0,NA,0.0,0.0
SCHOOL_5825,0,0,0,0,0,0,0,0,0,0,1,7728000.0,-17.353759999999998,32.38982,0.0,0.0,0.0,NA,0.0,0.0
SCHOOL_5826,0,0,0,0,0,0,0,0,0,0,1,7164000.0,-17.39051999999999,32.14554,0.0,0.0,0.0,NA,0.0,0.0
SCHOOL_5827,0,0,0,0,0,0,0,0,0,0,1,4020000.0,-17.389910000000004,32.06876,0.0,0.0,0.0,NA,0.0,0.0
SCHOOL_5828,0,0,0,0,0,0,0,0,0,0,1,9108000.0,-17.38762,32.06994,0.0,0.0,0.0,NA,0.0,0.0
SCHOOL_5829,0,0,0,0,0,0,0,0,0,0,1,6228000.0,-17.379670000000004,32.17548,0.0,0.0,0.0,NA,0.0,0.0
SCHOOL_5830,0,0,0,0,0,0,0,0,0,0,1,4452000.0,-17.34178,32.04918,0.0,0.0,0.0,NA,0.0,0.0
SCHOOL_5831,0,0,0,0,0,0,0,0,0,0,1,3648000.0,-17.330139999999997,32.1356,0.0,0.0,0.0,NA,0.0,0.0
SCHOOL_5832,0,0,0,0,0,0,0,0,0,0,1,2820000.0,-17.29874,32.11888,0.0,0.0,0.0,NA,0.0,0.0
SCHOOL_5833,0,0,0,0,0,0,0,0,0,0,1,5532000.0,-17.292959999999997,32.12625,0.0,0.0,0.0,NA,0.0,0.0
SCHOOL_5834,0,0,0,0,0,0,0,0,0,0,1,3504000.0,-17.289809999999996,32.08456,0.0,0.0,0.0,NA,0.0,0.0
SCHOOL_5835,0,0,0,0,0,0,0,0,0,0,1,2160000.0,-17.348719999999997,32.35214,0.0,0.0,0.0,NA,0.0,0.0
SCHOOL_5836,0,0,0,0,0,0,0,0,0,0,1,6072000.0,-17.33365999999999,32.34353,0.0,0.0,0.0,NA,0.0,0.0
SCHOOL_5837,0,0,0,0,0,0,0,0,0,0,2,6108000.0,-17.321630002027895,32.247094997655935,0.0,0.0,0.0,NA,0.0,0.0
SCHOOL_5838,0,0,0,0,0,0,0,0,0,0,1,3696000.0,-17.293859999999995,32.28645,0.0,0.0,0.0,NA,0.0,0.0
SCHOOL_5839,0,0,0,0,0,0,0,0,0,0,1,3384000.0,-17.27299,32.22491,0.0,0.0,0.0,NA,0.0,0.0
SCHOOL_5840,0,0,0,0,0,0,0,0,0,0,1,11184000.0,-17.271039999999996,32.24749,0.0,0.0,0.0,NA,0.0,0.0
SCHOOL_5841,0,0,0,0,0,0,0,0,0,0,1,4848000.0,-17.270760000000003,32.37259,0.0,0.0,0.0,NA,0.0,0.0
SCHOOL_5842,0,0,0,0,0,0,0,0,0,0,1,11340000.0,-17.268680000000003,32.37146,0.0,0.0,0.0,NA,0.0,0.0
SCHOOL_5843,0,0,0,0,0,0,0,0,0,0,1,2916000.0,-17.267699999999994,32.3113,0.0,0.0,0.0,NA,0.0,0.0
SCHOOL_5844,0,0,0,0,0,0,0,0,0,0,1,6432000.0,-17.773279999999993,31.97801,0.0,0.0,0.0,NA,0.0,0.0
SCHOOL_5845,0,0,0,0,0,0,0,0,0,0,1,4032000.0,-17.76816,31.900060000000003,0.0,0.0,0.0,NA,0.0,0.0
SCHOOL_5846,0,0,0,0,0,0,0,0,0,0,1,7284000.0,-17.755969999999998,32.01185,0.0,0.0,0.0,NA,0.0,0.0
SCHOOL_5847,0,0,0,0,0,0,0,0,0,0,1,2892000.0,-17.744309999999995,31.93913,0.0,0.0,0.0,NA,0.0,0.0
SCHOOL_5848,0,0,0,0,0,0,0,0,0,0,1,7512000.0,-17.721979999999995,31.875750000000004,0.0,0.0,0.0,NA,0.0,0.0
SCHOOL_5849,0,0,0,0,0,0,0,0,0,0,1,6132000.0,-17.712929999999997,31.98508,0.0,0.0,0.0,NA,0.0,0.0
SCHOOL_5850,0,0,0,0,0,0,0,0,0,0,1,3288000.0,-17.710049999999995,31.986250000000002,0.0,0.0,0.0,NA,0.0,0.0
SCHOOL_5851,0,0,0,0,0,0,0,0,0,0,1,2592000.0,-17.69701,31.933409999999995,0.0,0.0,0.0,NA,0.0,0.0
SCHOOL_5852,0,0,0,0,0,0,0,0,0,0,2,7260000.0,-17.694330001078544,31.934774997007523,0.0,0.0,0.0,NA,0.0,0.0
SCHOOL_5853,0,0,0,0,0,0,0,0,0,0,1,12000000.0,-17.716109999999997,31.800200000000004,0.0,0.0,0.0,NA,0.0,0.0
SCHOOL_5854,0,0,0,0,0,0,0,0,0,0,1,1452000.0,-17.682720000000003,31.764450000000004,0.0,0.0,0.0,NA,0.0,0.0
SCHOOL_5855,0,0,0,0,0,0,0,0,0,0,1,10452000.0,-17.6798,31.75581,0.0,0.0,0.0,NA,0.0,0.0
SCHOOL_5856,0,0,0,0,0,0,0,0,0,0,1,12000000.0,-17.64842,31.79387,0.0,0.0,0.0,NA,0.0,0.0
SCHOOL_5857,0,0,0,0,0,0,0,0,0,0,1,12000000.0,-17.647500000000004,31.81046,0.0,0.0,0.0,NA,0.0,0.0
SCHOOL_5858,0,0,0,0,0,0,0,0,0,0,1,3324000.0,-17.63001,31.777410000000003,0.0,0.0,0.0,NA,0.0,0.0
SCHOOL_5859,0,0,0,0,0,0,0,0,0,0,1,9960000.0,-17.629199999999997,31.7346,0.0,0.0,0.0,NA,0.0,0.0
SCHOOL_5860,0,0,0,0,0,0,0,0,0,0,1,12000000.0,-17.62595,31.735179999999996,0.0,0.0,0.0,NA,0.0,0.0
SCHOOL_5861,0,0,0,0,0,0,0,0,0,0,1,6072000.0,-17.682769999999994,31.88429,0.0,0.0,0.0,NA,0.0,0.0
SCHOOL_5862,0,0,0,0,0,0,0,0,0,0,1,8436000.0,-17.674280000000003,31.837630000000004,0.0,0.0,0.0,NA,0.0,0.0
SCHOOL_5863,0,0,0,0,0,0,0,0,0,0,1,5376000.0,-17.6641,31.978460000000002,0.0,0.0,0.0,NA,0.0,0.0
SCHOOL_5864,0,0,0,0,0,0,0,0,0,0,1,5916000.0,-17.625060000000005,31.91375,0.0,0.0,0.0,NA,0.0,0.0
SCHOOL_5865,0,0,0,0,0,0,0,0,0,0,1,4980000.0,-17.623009999999997,31.91078,0.0,0.0,0.0,NA,0.0,0.0
SCHOOL_5866,0,0,0,0,0,0,0,0,0,0,1,12000000.0,-17.61780999999999,31.86246,0.0,0.0,0.0,NA,0.0,0.0
SCHOOL_5867,0,0,0,0,0,0,0,0,0,0,1,7512000.0,-17.61114,32.01301,0.0,0.0,0.0,NA,0.0,0.0
SCHOOL_5868,0,0,0,0,0,0,0,0,0,0,1,5328000.0,-17.610700000000005,32.01938,0.0,0.0,0.0,NA,0.0,0.0
SCHOOL_5869,0,0,0,0,0,0,0,0,0,0,1,3648000.0,-17.589679999999998,31.9344,0.0,0.0,0.0,NA,0.0,0.0
SCHOOL_5870,0,0,0,0,0,0,0,0,0,0,1,6972000.0,-17.58496,31.99798,0.0,0.0,0.0,NA,0.0,0.0
SCHOOL_5871,0,0,0,0,0,0,0,0,0,0,1,5616000.0,-17.585589999999996,31.758809999999997,0.0,0.0,0.0,NA,0.0,0.0
SCHOOL_5872,0,0,0,0,0,0,0,0,0,0,1,12000000.0,-17.57346,31.79966,0.0,0.0,0.0,NA,0.0,0.0
SCHOOL_5873,0,0,0,0,0,0,0,0,0,0,1,3036000.0,-17.554229999999997,31.737500000000004,0.0,0.0,0.0,NA,0.0,0.0
SCHOOL_5874,0,0,0,0,0,0,0,0,0,0,1,2604000.0,-17.53519,31.792429999999996,0.0,0.0,0.0,NA,0.0,0.0
SCHOOL_5875,0,0,0,0,0,0,0,0,0,0,1,4896000.0,-17.53273,31.78673,0.0,0.0,0.0,NA,0.0,0.0
SCHOOL_5876,0,0,0,0,0,0,0,0,0,0,1,9384000.0,-17.527880000000003,31.742360000000005,0.0,0.0,0.0,NA,0.0,0.0
SCHOOL_5877,0,0,0,0,0,0,0,0,0,0,1,5700000.0,-17.51168,31.77638,0.0,0.0,0.0,NA,0.0,0.0
SCHOOL_5878,0,0,0,0,0,0,0,0,0,0,1,4944000.0,-17.485159999999997,31.734650000000002,0.0,0.0,0.0,NA,0.0,0.0
SCHOOL_5879,0,0,0,0,0,0,0,0,0,0,1,12000000.0,-17.449680000000004,31.784580000000002,0.0,0.0,0.0,NA,0.0,0.0
SCHOOL_5880,0,0,0,0,0,0,0,0,0,0,1,5088000.0,-17.44748,31.780200000000004,0.0,0.0,0.0,NA,0.0,0.0
SCHOOL_5881,0,0,0,0,0,0,0,0,0,0,1,3312000.0,-17.552100000000003,31.894479999999998,0.0,0.0,0.0,NA,0.0,0.0
SCHOOL_5882,0,0,0,0,0,0,0,0,0,0,1,1404000.0,-17.529499999999995,31.873800000000003,0.0,0.0,0.0,NA,0.0,0.0
SCHOOL_5883,0,0,0,0,0,0,0,0,0,0,1,3024000.0,-17.52117,31.91214,0.0,0.0,0.0,NA,0.0,0.0
SCHOOL_5884,0,0,0,0,0,0,0,0,0,0,1,3516000.0,-17.50685,31.95779,0.0,0.0,0.0,NA,0.0,0.0
SCHOOL_5885,0,0,0,0,0,0,0,0,0,0,1,8916000.0,-17.49375,31.962310000000002,0.0,0.0,0.0,NA,0.0,0.0
SCHOOL_5886,0,0,0,0,0,0,0,0,0,0,1,5256000.0,-17.492329999999992,32.00726,0.0,0.0,0.0,NA,0.0,0.0
SCHOOL_5887,0,0,0,0,0,0,0,0,0,0,1,1740000.0,-17.476200000000002,31.856120000000004,0.0,0.0,0.0,NA,0.0,0.0
SCHOOL_5888,0,0,0,0,0,0,0,0,0,0,1,4344000.0,-17.459679999999995,31.861630000000005,0.0,0.0,0.0,NA,0.0,0.0
SCHOOL_5889,0,0,0,0,0,0,0,0,0,0,1,5868000.0,-17.45467,31.91177,0.0,0.0,0.0,NA,0.0,0.0
SCHOOL_5890,0,0,0,0,0,0,0,0,0,0,1,672000.0,-17.451369999999997,31.916690000000003,0.0,0.0,0.0,NA,0.0,0.0
SCHOOL_5891,0,0,0,0,0,0,0,0,0,0,1,1716000.0,-17.544499999999996,31.652920000000005,0.0,0.0,0.0,NA,0.0,0.0
SCHOOL_5892,0,0,0,0,0,0,0,0,0,0,1,7296000.0,-17.516120000000004,31.71375,0.0,0.0,0.0,NA,0.0,0.0
SCHOOL_5893,0,0,0,0,0,0,0,0,0,0,1,9456000.0,-17.50078,31.6786,0.0,0.0,0.0,NA,0.0,0.0
SCHOOL_5894,0,0,0,0,0,0,0,0,0,0,1,6852000.0,-17.498649999999994,31.61524,0.0,0.0,0.0,NA,0.0,0.0
SCHOOL_5895,0,0,0,0,0,0,0,0,0,0,1,6648000.0,-17.492860000000004,31.650080000000003,0.0,0.0,0.0,NA,0.0,0.0
SCHOOL_5896,0,0,0,0,0,0,0,0,0,0,1,10440000.0,-17.491459999999993,31.6441,0.0,0.0,0.0,NA,0.0,0.0
SCHOOL_5897,0,0,0,0,0,0,0,0,0,0,1,4824000.0,-17.44466,31.645360000000004,0.0,0.0,0.0,NA,0.0,0.0
SCHOOL_5898,0,0,0,0,0,0,0,0,0,0,1,5604000.0,-17.420329999999996,31.68212,0.0,0.0,0.0,NA,0.0,0.0
SCHOOL_5899,0,0,0,0,0,0,0,0,0,0,1,3072000.0,-17.390829999999998,31.7056,0.0,0.0,0.0,NA,0.0,0.0
SCHOOL_5900,0,0,0,0,0,0,0,0,0,0,1,8532000.0,-17.38786,31.707859999999997,0.0,0.0,0.0,NA,0.0,0.0
SCHOOL_5901,0,0,0,0,0,0,0,0,0,0,1,2844000.0,-17.510569999999994,32.06951,0.0,0.0,0.0,NA,0.0,0.0
SCHOOL_5902,0,0,0,0,0,0,0,0,0,0,1,1956000.0,-17.483049999999995,32.06359,0.0,0.0,0.0,NA,0.0,0.0
SCHOOL_5903,0,0,0,0,0,0,0,0,0,0,1,4860000.0,-17.467739999999996,32.18214,0.0,0.0,0.0,NA,0.0,0.0
SCHOOL_5904,0,0,0,0,0,0,0,0,0,0,1,2052000.0,-17.45355,32.17958,0.0,0.0,0.0,NA,0.0,0.0
SCHOOL_5905,0,0,0,0,0,0,0,0,0,0,1,840000.0,-17.447779999999998,32.0778,0.0,0.0,0.0,NA,0.0,0.0
SCHOOL_5906,0,0,0,0,0,0,0,0,0,0,1,900000.0,-17.430839999999996,32.13424,0.0,0.0,0.0,NA,0.0,0.0
SCHOOL_5907,0,0,0,0,0,0,0,0,0,0,1,7344000.0,-17.42831,32.0238,0.0,0.0,0.0,NA,0.0,0.0
SCHOOL_5908,0,0,0,0,0,0,0,0,0,0,1,3936000.0,-17.39208,32.10421,0.0,0.0,0.0,NA,0.0,0.0
SCHOOL_5909,0,0,0,0,0,0,0,0,0,0,1,4692000.0,-17.391749999999988,32.13796,0.0,0.0,0.0,NA,0.0,0.0
SCHOOL_5910,0,0,0,0,0,0,0,0,0,0,1,3000000.0,-17.39083,32.02388,0.0,0.0,0.0,NA,0.0,0.0
SCHOOL_5911,0,0,0,0,0,0,0,0,0,0,1,7416000.0,-17.421630000000004,32.01941,0.0,0.0,0.0,NA,0.0,0.0
SCHOOL_5912,0,0,0,0,0,0,0,0,0,0,1,10788000.0,-17.41979999999999,31.836430000000004,0.0,0.0,0.0,NA,0.0,0.0
SCHOOL_5913,0,0,0,0,0,0,0,0,0,0,1,7404000.0,-17.416089999999997,31.971769999999996,0.0,0.0,0.0,NA,0.0,0.0
SCHOOL_5914,0,0,0,0,0,0,0,0,0,0,1,4596000.0,-17.410930000000004,31.9295,0.0,0.0,0.0,NA,0.0,0.0
SCHOOL_5915,0,0,0,0,0,0,0,0,0,0,1,3096000.0,-17.405309999999997,31.977030000000003,0.0,0.0,0.0,NA,0.0,0.0
SCHOOL_5916,0,0,0,0,0,0,0,0,0,0,2,10704000.0,-17.390865000002066,32.01891499999161,0.0,0.0,0.0,NA,0.0,0.0
SCHOOL_5917,0,0,0,0,0,0,0,0,0,0,1,4080000.0,-17.380529999999997,31.94796,0.0,0.0,0.0,NA,0.0,0.0
SCHOOL_5918,0,0,0,0,0,0,0,0,0,0,1,8940000.0,-17.36901,31.90305,0.0,0.0,0.0,NA,0.0,0.0
SCHOOL_5919,0,0,0,0,0,0,0,0,0,0,1,10812000.0,-17.36789999999999,31.89291,0.0,0.0,0.0,NA,0.0,0.0
SCHOOL_5920,0,0,0,0,0,0,0,0,0,0,2,16452000.0,-17.404630000223978,31.79331499929987,0.0,0.0,0.0,NA,0.0,0.0
SCHOOL_5921,0,0,0,0,0,0,0,0,0,0,1,5388000.0,-17.3855,31.736259999999998,0.0,0.0,0.0,NA,0.0,0.0
SCHOOL_5922,0,0,0,0,0,0,0,0,0,0,1,8124000.0,-17.369349999999997,31.82107,0.0,0.0,0.0,NA,0.0,0.0
SCHOOL_5923,0,0,0,0,0,0,0,0,0,0,1,5196000.0,-17.34731,31.77383,0.0,0.0,0.0,NA,0.0,0.0
SCHOOL_5924,0,0,0,0,0,0,0,0,0,0,1,3600000.0,-17.34361,31.72881,0.0,0.0,0.0,NA,0.0,0.0
SCHOOL_5925,0,0,0,0,0,0,0,0,0,0,2,12924000.0,-17.322760000000002,31.81195,0.0,0.0,0.0,NA,0.0,0.0
SCHOOL_5926,0,0,0,0,0,0,0,0,0,0,1,9552000.0,-17.276979999999995,31.82326,0.0,0.0,0.0,NA,0.0,0.0
SCHOOL_5927,0,0,0,0,0,0,0,0,0,0,1,7704000.0,-17.25313,31.792480000000005,0.0,0.0,0.0,NA,0.0,0.0
SCHOOL_5928,0,0,0,0,0,0,0,0,0,0,1,8652000.0,-17.367209999999996,31.95385,0.0,0.0,0.0,NA,0.0,0.0
SCHOOL_5929,0,0,0,0,0,0,0,0,0,0,1,8952000.0,-17.32248,31.866440000000004,0.0,0.0,0.0,NA,0.0,0.0
SCHOOL_5930,0,0,0,0,0,0,0,0,0,0,2,15000000.0,-17.315410000000004,32.01555,0.0,0.0,0.0,NA,0.0,0.0
SCHOOL_5931,0,0,0,0,0,0,0,0,0,0,2,15852000.0,-17.310549999999996,31.936280000000004,0.0,0.0,0.0,NA,0.0,0.0
SCHOOL_5932,0,0,0,0,0,0,0,0,0,0,1,8232000.0,-17.25886,31.85663,0.0,0.0,0.0,NA,0.0,0.0
SCHOOL_5933,0,0,0,0,0,0,0,0,0,0,1,6612000.0,-17.24899999999999,31.98744,0.0,0.0,0.0,NA,0.0,0.0
SCHOOL_5934,0,0,0,0,0,0,0,0,0,0,1,2604000.0,-17.222120000000004,31.93769,0.0,0.0,0.0,NA,0.0,0.0
SCHOOL_5935,0,0,0,0,0,0,0,0,0,0,1,10668000.0,-17.2192,31.92376,0.0,0.0,0.0,NA,0.0,0.0
SCHOOL_5936,0,0,0,0,0,0,0,0,0,0,1,4704000.0,-17.406889999999997,31.59351,0.0,0.0,0.0,NA,0.0,0.0
SCHOOL_5937,0,0,0,0,0,0,0,0,0,0,1,9804000.0,-17.359369999999995,31.54627,0.0,0.0,0.0,NA,0.0,0.0
SCHOOL_5938,0,0,0,0,0,0,0,0,0,0,1,4236000.0,-17.32003,31.50983,0.0,0.0,0.0,NA,0.0,0.0
SCHOOL_5939,0,0,0,0,0,0,0,0,0,0,2,24000000.0,-17.2975550005758,31.57593500087413,0.0,0.0,0.0,NA,0.0,0.0
SCHOOL_5940,0,0,0,0,0,0,0,0,0,0,1,6828000.0,-17.25914999999999,31.519670000000005,0.0,0.0,0.0,NA,0.0,0.0
SCHOOL_5941,0,0,0,0,0,0,0,0,0,0,1,5964000.0,-17.227209999999992,31.57378,0.0,0.0,0.0,NA,0.0,0.0
SCHOOL_5942,0,0,0,0,0,0,0,0,0,0,1,5352000.0,-17.20383,31.6005,0.0,0.0,0.0,NA,0.0,0.0
SCHOOL_5943,0,0,0,0,0,0,0,0,0,0,1,7176000.0,-17.300679999999993,31.26856,0.0,0.0,0.0,NA,0.0,0.0
SCHOOL_5944,0,0,0,0,0,0,0,0,0,0,1,7584000.0,-17.29738999999999,31.344120000000004,0.0,0.0,0.0,NA,0.0,0.0
SCHOOL_5945,0,0,0,0,0,0,0,0,0,0,1,9744000.0,-17.26281,31.291780000000003,0.0,0.0,0.0,NA,0.0,0.0
SCHOOL_5946,0,0,0,0,0,0,0,0,0,0,1,3660000.0,-17.222169999999995,31.344030000000004,0.0,0.0,0.0,NA,0.0,0.0
SCHOOL_5947,0,0,0,0,0,0,0,0,0,0,1,7728000.0,-17.284109999999995,31.65706,0.0,0.0,0.0,NA,0.0,0.0
SCHOOL_5948,0,0,0,0,0,0,0,0,0,0,1,8412000.0,-17.252179999999996,31.649770000000004,0.0,0.0,0.0,NA,0.0,0.0
SCHOOL_5949,0,0,0,0,0,0,0,0,0,0,1,2472000.0,-17.24974,31.65457,0.0,0.0,0.0,NA,0.0,0.0
SCHOOL_5950,0,0,0,0,0,0,0,0,0,0,1,8568000.0,-17.157790000000002,31.659220000000005,0.0,0.0,0.0,NA,0.0,0.0
SCHOOL_5951,0,0,0,0,0,0,0,0,0,0,1,8316000.0,-17.157729999999997,31.61326,0.0,0.0,0.0,NA,0.0,0.0
SCHOOL_5952,0,0,0,0,0,0,0,0,0,0,1,12000000.0,-17.157149999999994,31.61096,0.0,0.0,0.0,NA,0.0,0.0
SCHOOL_5953,0,0,0,0,0,0,0,0,0,0,1,4284000.0,-17.11136,31.69468,0.0,0.0,0.0,NA,0.0,0.0
SCHOOL_5954,0,0,0,0,0,0,0,0,0,0,1,5112000.0,-17.074999999999996,31.61425,0.0,0.0,0.0,NA,0.0,0.0
SCHOOL_5955,0,0,0,0,0,0,0,0,0,0,1,10800000.0,-17.073609999999995,31.667450000000002,0.0,0.0,0.0,NA,0.0,0.0
SCHOOL_5956,0,0,0,0,0,0,0,0,0,0,1,5724000.0,-17.060409999999997,31.652180000000005,0.0,0.0,0.0,NA,0.0,0.0
SCHOOL_5957,0,0,0,0,0,0,0,0,0,0,1,7656000.0,-17.26632,31.42009,0.0,0.0,0.0,NA,0.0,0.0
SCHOOL_5958,0,0,0,0,0,0,0,0,0,0,1,2364000.0,-17.26516,31.448049999999995,0.0,0.0,0.0,NA,0.0,0.0
SCHOOL_5959,0,0,0,0,0,0,0,0,0,0,1,7140000.0,-17.255659999999995,31.45943,0.0,0.0,0.0,NA,0.0,0.0
SCHOOL_5960,0,0,0,0,0,0,0,0,0,0,1,5088000.0,-17.24750999999999,31.39393,0.0,0.0,0.0,NA,0.0,0.0
SCHOOL_5961,0,0,0,0,0,0,0,0,0,0,1,1944000.0,-17.207879999999996,31.40331,0.0,0.0,0.0,NA,0.0,0.0
SCHOOL_5962,0,0,0,0,0,0,0,0,0,0,1,6756000.0,-17.19156,31.392780000000002,0.0,0.0,0.0,NA,0.0,0.0
SCHOOL_5963,0,0,0,0,0,0,0,0,0,0,1,11580000.0,-17.15928999999999,31.483119999999996,0.0,0.0,0.0,NA,0.0,0.0
SCHOOL_5964,0,0,0,0,0,0,0,0,0,0,1,6228000.0,-17.1012,31.457599999999996,0.0,0.0,0.0,NA,0.0,0.0
SCHOOL_5965,0,0,0,0,0,0,0,0,0,0,1,1596000.0,-17.091630000000002,31.50486,0.0,0.0,0.0,NA,0.0,0.0
SCHOOL_5966,0,0,0,0,0,0,0,0,0,0,1,6528000.0,-17.076769999999996,31.45789,0.0,0.0,0.0,NA,0.0,0.0
SCHOOL_5967,0,0,0,0,0,0,0,0,0,0,2,7980000.0,-17.199860000167437,31.56414499877866,0.0,0.0,0.0,NA,0.0,0.0
SCHOOL_5968,0,0,0,0,0,0,0,0,0,0,1,3372000.0,-17.096939999999996,31.584510000000005,0.0,0.0,0.0,NA,0.0,0.0
SCHOOL_5969,0,0,0,0,0,0,0,0,0,0,1,6360000.0,-17.08388,31.52791,0.0,0.0,0.0,NA,0.0,0.0
SCHOOL_5970,0,0,0,0,0,0,0,0,0,0,1,12000000.0,-17.0336,31.535409999999995,0.0,0.0,0.0,NA,0.0,0.0
SCHOOL_5971,0,0,0,0,0,0,0,0,0,0,1,4248000.0,-17.012529999999998,31.5338,0.0,0.0,0.0,NA,0.0,0.0
SCHOOL_5972,0,0,0,0,0,0,0,0,0,0,1,2832000.0,-16.973620000000004,31.514529999999997,0.0,0.0,0.0,NA,0.0,0.0
SCHOOL_5973,0,0,0,0,0,0,0,0,0,0,1,10416000.0,-16.96728999999999,31.520049999999998,0.0,0.0,0.0,NA,0.0,0.0
SCHOOL_5974,0,0,0,0,0,0,0,0,0,0,1,9096000.0,-17.06799,31.46161,0.0,0.0,0.0,NA,0.0,0.0
SCHOOL_5975,0,0,0,0,0,0,0,0,0,0,1,12000000.0,-17.05853,31.39635,0.0,0.0,0.0,NA,0.0,0.0
SCHOOL_5976,0,0,0,0,0,0,0,0,0,0,1,3312000.0,-17.048299999999998,31.382460000000002,0.0,0.0,0.0,NA,0.0,0.0
SCHOOL_5977,0,0,0,0,0,0,0,0,0,0,1,9516000.0,-17.01456,31.45707,0.0,0.0,0.0,NA,0.0,0.0
SCHOOL_5978,0,0,0,0,0,0,0,0,0,0,1,12000000.0,-16.982259999999997,31.462980000000005,0.0,0.0,0.0,NA,0.0,0.0
SCHOOL_5979,0,0,0,0,0,0,0,0,0,0,1,12000000.0,-16.952479999999998,31.39636,0.0,0.0,0.0,NA,0.0,0.0
SCHOOL_5980,0,0,0,0,0,0,0,0,0,0,1,2208000.0,-16.950940000000003,31.41009,0.0,0.0,0.0,NA,0.0,0.0
SCHOOL_5981,0,0,0,0,0,0,0,0,0,0,1,5532000.0,-16.946589999999997,31.454950000000004,0.0,0.0,0.0,NA,0.0,0.0
SCHOOL_5982,0,0,0,0,0,0,0,0,0,0,1,6888000.0,-16.938679999999998,31.48831,0.0,0.0,0.0,NA,0.0,0.0
SCHOOL_5983,0,0,0,0,0,0,0,0,0,0,2,16560000.0,-16.894210000782515,31.4213599997683,0.0,0.0,0.0,NA,0.0,0.0
SCHOOL_5984,0,0,0,0,0,0,0,0,0,0,1,2172000.0,-16.872480000000007,31.495490000000004,0.0,0.0,0.0,NA,0.0,0.0
SCHOOL_5985,0,0,0,0,0,0,0,0,0,0,1,7464000.0,-16.870329999999996,31.490659999999995,0.0,0.0,0.0,NA,0.0,0.0
SCHOOL_5986,0,0,0,0,0,0,0,0,0,0,1,9384000.0,-16.86793,31.38848,0.0,0.0,0.0,NA,0.0,0.0
SCHOOL_5987,0,0,0,0,0,0,0,0,0,0,2,20352000.0,-16.79205500000009,31.448904999999865,0.0,0.0,0.0,NA,0.0,0.0
SCHOOL_5988,0,0,0,0,0,0,0,0,0,0,1,5064000.0,-16.87253,31.53705,0.0,0.0,0.0,NA,0.0,0.0
SCHOOL_5989,0,0,0,0,0,0,0,0,0,0,1,4284000.0,-16.80435,31.594479999999997,0.0,0.0,0.0,NA,0.0,0.0
SCHOOL_5990,0,0,0,0,0,0,0,0,0,0,1,12000000.0,-16.771250000000006,31.59343,0.0,0.0,0.0,NA,0.0,0.0
SCHOOL_5991,0,0,0,0,0,0,0,0,0,0,1,7188000.0,-16.732670000000002,31.526880000000002,0.0,0.0,0.0,NA,0.0,0.0
SCHOOL_5992,0,0,0,0,0,0,0,0,0,0,1,10536000.0,-16.713349999999995,31.559180000000005,0.0,0.0,0.0,NA,0.0,0.0
SCHOOL_5993,0,0,0,0,0,0,0,0,0,0,1,6924000.0,-16.713300000000004,31.56416,0.0,0.0,0.0,NA,0.0,0.0
SCHOOL_5994,0,0,0,0,0,0,0,0,0,0,2,9180000.0,-16.696509999999773,31.526664999998484,0.0,0.0,0.0,NA,0.0,0.0
SCHOOL_5995,0,0,0,0,0,0,0,0,0,0,1,9432000.0,-16.87093,31.26956,0.0,0.0,0.0,NA,0.0,0.0
SCHOOL_5996,0,0,0,0,0,0,0,0,0,0,1,4884000.0,-16.85916,31.24378,0.0,0.0,0.0,NA,0.0,0.0
SCHOOL_5997,0,0,0,0,0,0,0,0,0,0,1,1656000.0,-16.79512,31.355789999999995,0.0,0.0,0.0,NA,0.0,0.0
SCHOOL_5998,0,0,0,0,0,0,0,0,0,0,1,2124000.0,-16.749630000000003,31.287150000000004,0.0,0.0,0.0,NA,0.0,0.0
SCHOOL_5999,0,0,0,0,0,0,0,0,0,0,1,4632000.0,-16.745959999999997,31.306849999999997,0.0,0.0,0.0,NA,0.0,0.0
SCHOOL_6000,0,0,0,0,0,0,0,0,0,0,1,6756000.0,-16.703000000000003,31.334169999999997,0.0,0.0,0.0,NA,0.0,0.0
SCHOOL_6001,0,0,0,0,0,0,0,0,0,0,1,8580000.0,-16.7004,31.261859999999995,0.0,0.0,0.0,NA,0.0,0.0
SCHOOL_6002,0,0,0,0,0,0,0,0,0,0,1,5364000.0,-16.64717999999999,31.2726,0.0,0.0,0.0,NA,0.0,0.0
SCHOOL_6003,0,0,0,0,0,0,0,0,0,0,1,12000000.0,-16.779909999999994,31.50463,0.0,0.0,0.0,NA,0.0,0.0
SCHOOL_6004,0,0,0,0,0,0,0,0,0,0,1,4380000.0,-16.7785,31.428130000000003,0.0,0.0,0.0,NA,0.0,0.0
SCHOOL_6005,0,0,0,0,0,0,0,0,0,0,1,3300000.0,-16.77751999999999,31.5009,0.0,0.0,0.0,NA,0.0,0.0
SCHOOL_6006,0,0,0,0,0,0,0,0,0,0,1,5976000.0,-16.72886,31.42205,0.0,0.0,0.0,NA,0.0,0.0
SCHOOL_6007,0,0,0,0,0,0,0,0,0,0,1,2820000.0,-16.684789999999992,31.401920000000004,0.0,0.0,0.0,NA,0.0,0.0
SCHOOL_6008,0,0,0,0,0,0,0,0,0,0,1,6384000.0,-16.65146,31.39454,0.0,0.0,0.0,NA,0.0,0.0
SCHOOL_6009,0,0,0,0,0,0,0,0,0,0,2,9192000.0,-16.625330002592335,31.46607000078881,0.0,0.0,0.0,NA,0.0,0.0
SCHOOL_6010,0,0,0,0,0,0,0,0,0,0,1,3708000.0,-16.600019999999997,31.404990000000005,0.0,0.0,0.0,NA,0.0,0.0
SCHOOL_6011,0,0,0,0,0,0,0,0,0,0,1,8784000.0,-16.58788,31.42951,0.0,0.0,0.0,NA,0.0,0.0
SCHOOL_6012,0,0,0,0,0,0,0,0,0,0,1,4392000.0,-17.328430000000004,30.9403,0.0,0.0,0.0,NA,0.0,0.0
SCHOOL_6013,0,0,0,0,0,0,0,0,0,0,1,4536000.0,-17.300369999999997,30.917440000000003,0.0,0.0,0.0,NA,0.0,0.0
SCHOOL_6014,0,0,0,0,0,0,0,0,0,0,1,3552000.0,-17.253070000000005,30.914769999999997,0.0,0.0,0.0,NA,0.0,0.0
SCHOOL_6015,0,0,0,0,0,0,0,0,0,0,1,5220000.0,-17.23201999999999,30.86514,0.0,0.0,0.0,NA,0.0,0.0
SCHOOL_6016,0,0,0,0,0,0,0,0,0,0,1,4560000.0,-17.18424,30.92055,0.0,0.0,0.0,NA,0.0,0.0
SCHOOL_6017,0,0,0,0,0,0,0,0,0,0,1,6312000.0,-17.13121999999999,30.901899999999998,0.0,0.0,0.0,NA,0.0,0.0
SCHOOL_6018,0,0,0,0,0,0,0,0,0,0,1,3168000.0,-17.130650000000003,30.871509999999997,0.0,0.0,0.0,NA,0.0,0.0
SCHOOL_6019,0,0,0,0,0,0,0,0,0,0,2,11880000.0,-17.097475000000003,30.87912999999999,0.0,0.0,0.0,NA,0.0,0.0
SCHOOL_6020,0,0,0,0,0,0,0,0,0,0,1,1200000.0,-17.089309999999998,30.89729,0.0,0.0,0.0,NA,0.0,0.0
SCHOOL_6021,0,0,0,0,0,0,0,0,0,0,1,2664000.0,-17.181349999999995,31.15442,0.0,0.0,0.0,NA,0.0,0.0
SCHOOL_6022,0,0,0,0,0,0,0,0,0,0,1,4320000.0,-17.15420999999999,31.16815,0.0,0.0,0.0,NA,0.0,0.0
SCHOOL_6023,0,0,0,0,0,0,0,0,0,0,1,9936000.0,-17.14343,31.112430000000003,0.0,0.0,0.0,NA,0.0,0.0
SCHOOL_6024,0,0,0,0,0,0,0,0,0,0,1,10896000.0,-17.060909999999996,31.09731,0.0,0.0,0.0,NA,0.0,0.0
SCHOOL_6025,0,0,0,0,0,0,0,0,0,0,1,11400000.0,-17.025579999999998,31.137710000000002,0.0,0.0,0.0,NA,0.0,0.0
SCHOOL_6026,0,0,0,0,0,0,0,0,0,0,1,6984000.0,-17.022259999999992,31.138760000000005,0.0,0.0,0.0,NA,0.0,0.0
SCHOOL_6027,0,0,0,0,0,0,0,0,0,0,1,3360000.0,-17.02121,31.091280000000005,0.0,0.0,0.0,NA,0.0,0.0
SCHOOL_6028,0,0,0,0,0,0,0,0,0,0,1,5628000.0,-17.1322,30.98385,0.0,0.0,0.0,NA,0.0,0.0
SCHOOL_6029,0,0,0,0,0,0,0,0,0,0,1,9216000.0,-17.121729999999996,31.01771,0.0,0.0,0.0,NA,0.0,0.0
SCHOOL_6030,0,0,0,0,0,0,0,0,0,0,1,9060000.0,-17.08626,30.983900000000002,0.0,0.0,0.0,NA,0.0,0.0
SCHOOL_6031,0,0,0,0,0,0,0,0,0,0,2,17796000.0,-17.0564600035333,31.038849999494825,0.0,0.0,0.0,NA,0.0,0.0
SCHOOL_6032,0,0,0,0,0,0,0,0,0,0,1,4152000.0,-17.056600000000003,31.02782,0.0,0.0,0.0,NA,0.0,0.0
SCHOOL_6033,0,0,0,0,0,0,0,0,0,0,1,10644000.0,-17.212979999999998,31.2813,0.0,0.0,0.0,NA,0.0,0.0
SCHOOL_6034,0,0,0,0,0,0,0,0,0,0,1,2556000.0,-17.095879999999998,31.240179999999995,0.0,0.0,0.0,NA,0.0,0.0
SCHOOL_6035,0,0,0,0,0,0,0,0,0,0,1,10980000.0,-17.09003,31.239710000000002,0.0,0.0,0.0,NA,0.0,0.0
SCHOOL_6036,0,0,0,0,0,0,0,0,0,0,1,1944000.0,-17.0615,31.31629,0.0,0.0,0.0,NA,0.0,0.0
SCHOOL_6037,0,0,0,0,0,0,0,0,0,0,1,10212000.0,-17.059959999999993,31.31385,0.0,0.0,0.0,NA,0.0,0.0
SCHOOL_6038,0,0,0,0,0,0,0,0,0,0,1,7512000.0,-17.009549999999994,31.33011,0.0,0.0,0.0,NA,0.0,0.0
SCHOOL_6039,0,0,0,0,0,0,0,0,0,0,1,5724000.0,-16.9906,31.247519999999998,0.0,0.0,0.0,NA,0.0,0.0
SCHOOL_6040,0,0,0,0,0,0,0,0,0,0,1,3168000.0,-16.94974,31.324770000000004,0.0,0.0,0.0,NA,0.0,0.0
SCHOOL_6041,0,0,0,0,0,0,0,0,0,0,1,5664000.0,-16.905759999999997,31.30713,0.0,0.0,0.0,NA,0.0,0.0
SCHOOL_6042,0,0,0,0,0,0,0,0,0,0,1,1944000.0,-16.886189999999996,31.288820000000005,0.0,0.0,0.0,NA,0.0,0.0
SCHOOL_6043,0,0,0,0,0,0,0,0,0,0,1,7464000.0,-17.042830000000002,31.07435,0.0,0.0,0.0,NA,0.0,0.0
SCHOOL_6044,0,0,0,0,0,0,0,0,0,0,1,12000000.0,-17.038460000000004,31.065299999999997,0.0,0.0,0.0,NA,0.0,0.0
SCHOOL_6045,0,0,0,0,0,0,0,0,0,0,1,12000000.0,-17.02933,31.063499999999998,0.0,0.0,0.0,NA,0.0,0.0
SCHOOL_6046,0,0,0,0,0,0,0,0,0,0,1,12000000.0,-17.01965999999999,31.08843,0.0,0.0,0.0,NA,0.0,0.0
SCHOOL_6047,0,0,0,0,0,0,0,0,0,0,1,5664000.0,-17.01918,31.05828,0.0,0.0,0.0,NA,0.0,0.0
SCHOOL_6048,0,0,0,0,0,0,0,0,0,0,1,10656000.0,-17.004199999999994,31.03505,0.0,0.0,0.0,NA,0.0,0.0
SCHOOL_6049,0,0,0,0,0,0,0,0,0,0,1,8664000.0,-16.982249999999997,31.022100000000002,0.0,0.0,0.0,NA,0.0,0.0
SCHOOL_6050,0,0,0,0,0,0,0,0,0,0,1,4992000.0,-16.938779999999998,31.08148,0.0,0.0,0.0,NA,0.0,0.0
SCHOOL_6051,0,0,0,0,0,0,0,0,0,0,1,2796000.0,-16.901280000000003,31.023890000000005,0.0,0.0,0.0,NA,0.0,0.0
SCHOOL_6052,0,0,0,0,0,0,0,0,0,0,1,7752000.0,-16.898499999999995,31.017720000000004,0.0,0.0,0.0,NA,0.0,0.0
SCHOOL_6053,0,0,0,0,0,0,0,0,0,0,1,2544000.0,-17.006530000000005,31.174499999999995,0.0,0.0,0.0,NA,0.0,0.0
SCHOOL_6054,0,0,0,0,0,0,0,0,0,0,1,6720000.0,-16.985400000000002,31.1248,0.0,0.0,0.0,NA,0.0,0.0
SCHOOL_6055,0,0,0,0,0,0,0,0,0,0,1,8964000.0,-16.985149999999997,31.169030000000003,0.0,0.0,0.0,NA,0.0,0.0
SCHOOL_6056,0,0,0,0,0,0,0,0,0,0,1,1200000.0,-16.973919999999996,31.22763,0.0,0.0,0.0,NA,0.0,0.0
SCHOOL_6057,0,0,0,0,0,0,0,0,0,0,1,12000000.0,-16.970490000000005,31.104470000000003,0.0,0.0,0.0,NA,0.0,0.0
SCHOOL_6058,0,0,0,0,0,0,0,0,0,0,1,5124000.0,-16.958159999999996,31.09074,0.0,0.0,0.0,NA,0.0,0.0
SCHOOL_6059,0,0,0,0,0,0,0,0,0,0,1,4908000.0,-16.94326,31.219359999999998,0.0,0.0,0.0,NA,0.0,0.0
SCHOOL_6060,0,0,0,0,0,0,0,0,0,0,1,5112000.0,-16.936749999999996,31.14325,0.0,0.0,0.0,NA,0.0,0.0
SCHOOL_6061,0,0,0,0,0,0,0,0,0,0,1,5304000.0,-16.912609999999994,31.204160000000005,0.0,0.0,0.0,NA,0.0,0.0
SCHOOL_6062,0,0,0,0,0,0,0,0,0,0,1,6084000.0,-16.910520000000005,31.1136,0.0,0.0,0.0,NA,0.0,0.0
SCHOOL_6063,0,0,0,0,0,0,0,0,0,0,1,6504000.0,-17.028639999999996,30.939210000000003,0.0,0.0,0.0,NA,0.0,0.0
SCHOOL_6064,0,0,0,0,0,0,0,0,0,0,1,8316000.0,-16.96653,30.938710000000004,0.0,0.0,0.0,NA,0.0,0.0
SCHOOL_6065,0,0,0,0,0,0,0,0,0,0,1,4716000.0,-16.963199999999997,30.89884,0.0,0.0,0.0,NA,0.0,0.0
SCHOOL_6066,0,0,0,0,0,0,0,0,0,0,1,3144000.0,-16.950629999999997,30.95925,0.0,0.0,0.0,NA,0.0,0.0
SCHOOL_6067,0,0,0,0,0,0,0,0,0,0,1,2556000.0,-16.888010000000005,30.89527,0.0,0.0,0.0,NA,0.0,0.0
SCHOOL_6068,0,0,0,0,0,0,0,0,0,0,1,11184000.0,-16.878909999999998,30.90719,0.0,0.0,0.0,NA,0.0,0.0
SCHOOL_6069,0,0,0,0,0,0,0,0,0,0,2,8928000.0,-16.802505000024095,30.95929000003157,0.0,0.0,0.0,NA,0.0,0.0
SCHOOL_6070,0,0,0,0,0,0,0,0,0,0,2,14532000.0,-16.70233500191437,30.886304997406597,0.0,0.0,0.0,NA,0.0,0.0
SCHOOL_6071,0,0,0,0,0,0,0,0,0,0,1,4824000.0,-16.9102,31.19206,0.0,0.0,0.0,NA,0.0,0.0
SCHOOL_6072,0,0,0,0,0,0,0,0,0,0,1,10980000.0,-16.90022,31.12964,0.0,0.0,0.0,NA,0.0,0.0
SCHOOL_6073,0,0,0,0,0,0,0,0,0,0,1,2736000.0,-16.886820000000004,31.231050000000003,0.0,0.0,0.0,NA,0.0,0.0
SCHOOL_6074,0,0,0,0,0,0,0,0,0,0,1,5904000.0,-16.880559999999996,31.12886,0.0,0.0,0.0,NA,0.0,0.0
SCHOOL_6075,0,0,0,0,0,0,0,0,0,0,1,5544000.0,-16.845629999999996,31.20903,0.0,0.0,0.0,NA,0.0,0.0
SCHOOL_6076,0,0,0,0,0,0,0,0,0,0,1,6336000.0,-16.83723,31.15025,0.0,0.0,0.0,NA,0.0,0.0
SCHOOL_6077,0,0,0,0,0,0,0,0,0,0,1,4704000.0,-16.8168,31.19996,0.0,0.0,0.0,NA,0.0,0.0
SCHOOL_6078,0,0,0,0,0,0,0,0,0,0,1,4476000.0,-16.773860000000003,31.123410000000003,0.0,0.0,0.0,NA,0.0,0.0
SCHOOL_6079,0,0,0,0,0,0,0,0,0,0,1,3720000.0,-16.89622,31.0856,0.0,0.0,0.0,NA,0.0,0.0
SCHOOL_6080,0,0,0,0,0,0,0,0,0,0,1,4440000.0,-16.850719999999995,31.049020000000002,0.0,0.0,0.0,NA,0.0,0.0
SCHOOL_6081,0,0,0,0,0,0,0,0,0,0,1,4416000.0,-16.78966,31.04283,0.0,0.0,0.0,NA,0.0,0.0
SCHOOL_6082,0,0,0,0,0,0,0,0,0,0,1,2844000.0,-16.784370000000003,30.994090000000003,0.0,0.0,0.0,NA,0.0,0.0
SCHOOL_6083,0,0,0,0,0,0,0,0,0,0,1,1080000.0,-16.774,30.988950000000003,0.0,0.0,0.0,NA,0.0,0.0
SCHOOL_6084,0,0,0,0,0,0,0,0,0,0,1,3744000.0,-16.70231,31.001,0.0,0.0,0.0,NA,0.0,0.0
SCHOOL_6085,0,0,0,0,0,0,0,0,0,0,1,3348000.0,-16.69656,31.060300000000005,0.0,0.0,0.0,NA,0.0,0.0
SCHOOL_6086,0,0,0,0,0,0,0,0,0,0,1,3288000.0,-16.669649999999997,31.00543,0.0,0.0,0.0,NA,0.0,0.0
SCHOOL_6087,0,0,0,0,0,0,0,0,0,0,1,2436000.0,-16.66753,30.997660000000003,0.0,0.0,0.0,NA,0.0,0.0
SCHOOL_6088,0,0,0,0,0,0,0,0,0,0,1,6276000.0,-16.629880000000004,30.978629999999995,0.0,0.0,0.0,NA,0.0,0.0
SCHOOL_6089,0,0,0,0,0,0,0,0,0,0,1,7584000.0,-16.73136,31.19008,0.0,0.0,0.0,NA,0.0,0.0
SCHOOL_6090,0,0,0,0,0,0,0,0,0,0,1,12000000.0,-16.72171,31.11348,0.0,0.0,0.0,NA,0.0,0.0
SCHOOL_6091,0,0,0,0,0,0,0,0,0,0,1,7068000.0,-16.68213,31.1295,0.0,0.0,0.0,NA,0.0,0.0
SCHOOL_6092,0,0,0,0,0,0,0,0,0,0,1,4764000.0,-16.613479999999992,31.19101,0.0,0.0,0.0,NA,0.0,0.0
SCHOOL_6093,0,0,0,0,0,0,0,0,0,0,1,5400000.0,-16.60711,31.1488,0.0,0.0,0.0,NA,0.0,0.0
SCHOOL_6094,0,0,0,0,0,0,0,0,0,0,1,8220000.0,-16.589999999999996,31.19374,0.0,0.0,0.0,NA,0.0,0.0
SCHOOL_6095,0,0,0,0,0,0,0,0,0,0,1,6972000.0,-16.587179999999993,31.221199999999996,0.0,0.0,0.0,NA,0.0,0.0
SCHOOL_6096,0,0,0,0,0,0,0,0,0,0,1,2712000.0,-16.58026,31.20856,0.0,0.0,0.0,NA,0.0,0.0
SCHOOL_6097,0,0,0,0,0,0,0,0,0,0,1,7092000.0,-16.50444999999999,31.202760000000005,0.0,0.0,0.0,NA,0.0,0.0
SCHOOL_6098,0,0,0,0,0,0,0,0,0,0,1,12000000.0,-17.2094,31.84723,0.0,0.0,0.0,NA,0.0,0.0
SCHOOL_6099,0,0,0,0,0,0,0,0,0,0,1,5544000.0,-17.207879999999996,31.8496,0.0,0.0,0.0,NA,0.0,0.0
SCHOOL_6100,0,0,0,0,0,0,0,0,0,0,1,2952000.0,-17.15588,31.85715,0.0,0.0,0.0,NA,0.0,0.0
SCHOOL_6101,0,0,0,0,0,0,0,0,0,0,1,3720000.0,-17.147199999999998,31.92157,0.0,0.0,0.0,NA,0.0,0.0
SCHOOL_6102,0,0,0,0,0,0,0,0,0,0,1,3696000.0,-17.128600000000002,31.84721,0.0,0.0,0.0,NA,0.0,0.0
SCHOOL_6103,0,0,0,0,0,0,0,0,0,0,1,4860000.0,-17.10742,31.85822,0.0,0.0,0.0,NA,0.0,0.0
SCHOOL_6104,0,0,0,0,0,0,0,0,0,0,1,3060000.0,-17.090910000000004,31.85828,0.0,0.0,0.0,NA,0.0,0.0
SCHOOL_6105,0,0,0,0,0,0,0,0,0,0,2,10332000.0,-17.08239500001732,31.931970000053155,0.0,0.0,0.0,NA,0.0,0.0
SCHOOL_6106,0,0,0,0,0,0,0,0,0,0,1,2400000.0,-17.11944,32.1548,0.0,0.0,0.0,NA,0.0,0.0
SCHOOL_6107,0,0,0,0,0,0,0,0,0,0,1,3948000.0,-17.092,32.13013,0.0,0.0,0.0,NA,0.0,0.0
SCHOOL_6108,0,0,0,0,0,0,0,0,0,0,1,3456000.0,-17.02991,32.05451,0.0,0.0,0.0,NA,0.0,0.0
SCHOOL_6109,0,0,0,0,0,0,0,0,0,0,1,7524000.0,-17.014880000000005,32.15855,0.0,0.0,0.0,NA,0.0,0.0
SCHOOL_6110,0,0,0,0,0,0,0,0,0,0,1,11304000.0,-17.013159999999996,32.03776,0.0,0.0,0.0,NA,0.0,0.0
SCHOOL_6111,0,0,0,0,0,0,0,0,0,0,1,10332000.0,-17.013159999999996,32.07263,0.0,0.0,0.0,NA,0.0,0.0
SCHOOL_6112,0,0,0,0,0,0,0,0,0,0,1,3120000.0,-17.005399999999995,32.0312,0.0,0.0,0.0,NA,0.0,0.0
SCHOOL_6113,0,0,0,0,0,0,0,0,0,0,1,6636000.0,-16.968090000000004,32.17488,0.0,0.0,0.0,NA,0.0,0.0
SCHOOL_6114,0,0,0,0,0,0,0,0,0,0,1,3648000.0,-16.946580000000004,32.07465,0.0,0.0,0.0,NA,0.0,0.0
SCHOOL_6115,0,0,0,0,0,0,0,0,0,0,1,2952000.0,-16.94651,32.02465,0.0,0.0,0.0,NA,0.0,0.0
SCHOOL_6116,0,0,0,0,0,0,0,0,0,0,1,5004000.0,-17.020669999999996,31.618540000000003,0.0,0.0,0.0,NA,0.0,0.0
SCHOOL_6117,0,0,0,0,0,0,0,0,0,0,1,5160000.0,-16.999589999999998,31.68139,0.0,0.0,0.0,NA,0.0,0.0
SCHOOL_6118,0,0,0,0,0,0,0,0,0,0,2,18408000.0,-16.96378500264295,31.623744999358784,0.0,0.0,0.0,NA,0.0,0.0
SCHOOL_6119,0,0,0,0,0,0,0,0,0,0,1,1692000.0,-16.933089999999993,31.66031,0.0,0.0,0.0,NA,0.0,0.0
SCHOOL_6120,0,0,0,0,0,0,0,0,0,0,1,8016000.0,-16.926719999999996,31.71265,0.0,0.0,0.0,NA,0.0,0.0
SCHOOL_6121,0,0,0,0,0,0,0,0,0,0,1,9432000.0,-16.900509999999997,31.619840000000003,0.0,0.0,0.0,NA,0.0,0.0
SCHOOL_6122,0,0,0,0,0,0,0,0,0,0,1,6660000.0,-16.89858,31.624379999999995,0.0,0.0,0.0,NA,0.0,0.0
SCHOOL_6123,0,0,0,0,0,0,0,0,0,0,1,9144000.0,-16.803549999999994,31.63294,0.0,0.0,0.0,NA,0.0,0.0
SCHOOL_6124,0,0,0,0,0,0,0,0,0,0,1,3960000.0,-17.070299999999996,32.00636,0.0,0.0,0.0,NA,0.0,0.0
SCHOOL_6125,0,0,0,0,0,0,0,0,0,0,1,2976000.0,-17.049130000000005,31.91351,0.0,0.0,0.0,NA,0.0,0.0
SCHOOL_6126,0,0,0,0,0,0,0,0,0,0,1,3864000.0,-17.03302,31.95646,0.0,0.0,0.0,NA,0.0,0.0
SCHOOL_6127,0,0,0,0,0,0,0,0,0,0,1,12000000.0,-17.00553,31.97883,0.0,0.0,0.0,NA,0.0,0.0
SCHOOL_6128,0,0,0,0,0,0,0,0,0,0,1,1080000.0,-16.77751,31.902200000000004,0.0,0.0,0.0,NA,0.0,0.0
SCHOOL_6129,0,0,0,0,0,0,0,0,0,0,1,1068000.0,-16.769879999999997,31.88865,0.0,0.0,0.0,NA,0.0,0.0
SCHOOL_6130,0,0,0,0,0,0,0,0,0,0,1,2424000.0,-16.68806,31.90255,0.0,0.0,0.0,NA,0.0,0.0
SCHOOL_6131,0,0,0,0,0,0,0,0,0,0,1,816000.0,-16.684930000000005,31.9704,0.0,0.0,0.0,NA,0.0,0.0
SCHOOL_6132,0,0,0,0,0,0,0,0,0,0,1,4560000.0,-16.674160000000004,31.98616,0.0,0.0,0.0,NA,0.0,0.0
SCHOOL_6133,0,0,0,0,0,0,0,0,0,0,1,2160000.0,-16.78278,31.722459999999998,0.0,0.0,0.0,NA,0.0,0.0
SCHOOL_6134,0,0,0,0,0,0,0,0,0,0,1,1704000.0,-16.733699999999992,31.76948,0.0,0.0,0.0,NA,0.0,0.0
SCHOOL_6135,0,0,0,0,0,0,0,0,0,0,1,3084000.0,-16.72443,31.77953,0.0,0.0,0.0,NA,0.0,0.0
SCHOOL_6136,0,0,0,0,0,0,0,0,0,0,1,2760000.0,-16.68918,31.805449999999997,0.0,0.0,0.0,NA,0.0,0.0
SCHOOL_6137,0,0,0,0,0,0,0,0,0,0,1,7476000.0,-16.652269999999998,31.807280000000002,0.0,0.0,0.0,NA,0.0,0.0
SCHOOL_6138,0,0,0,0,0,0,0,0,0,0,1,5892000.0,-16.648750000000003,31.73968,0.0,0.0,0.0,NA,0.0,0.0
SCHOOL_6139,0,0,0,0,0,0,0,0,0,0,1,5436000.0,-16.639399999999995,31.7523,0.0,0.0,0.0,NA,0.0,0.0
SCHOOL_6140,0,0,0,0,0,0,0,0,0,0,1,7308000.0,-16.570320000000002,31.818310000000004,0.0,0.0,0.0,NA,0.0,0.0
SCHOOL_6141,0,0,0,0,0,0,0,0,0,0,1,8064000.0,-16.57025,31.78578,0.0,0.0,0.0,NA,0.0,0.0
SCHOOL_6142,0,0,0,0,0,0,0,0,0,0,1,4368000.0,-16.56953,31.7894,0.0,0.0,0.0,NA,0.0,0.0
SCHOOL_6143,0,0,0,0,0,0,0,0,0,0,1,8208000.0,-16.73466,31.697159999999997,0.0,0.0,0.0,NA,0.0,0.0
SCHOOL_6144,0,0,0,0,0,0,0,0,0,0,1,12000000.0,-16.732500000000005,31.66721,0.0,0.0,0.0,NA,0.0,0.0
SCHOOL_6145,0,0,0,0,0,0,0,0,0,0,1,7452000.0,-16.729689999999994,31.698640000000005,0.0,0.0,0.0,NA,0.0,0.0
SCHOOL_6146,0,0,0,0,0,0,0,0,0,0,1,4896000.0,-16.702089999999995,31.707819999999998,0.0,0.0,0.0,NA,0.0,0.0
SCHOOL_6147,0,0,0,0,0,0,0,0,0,0,1,5520000.0,-16.678450000000005,31.6901,0.0,0.0,0.0,NA,0.0,0.0
SCHOOL_6148,0,0,0,0,0,0,0,0,0,0,1,8160000.0,-16.664500000000007,31.617240000000002,0.0,0.0,0.0,NA,0.0,0.0
SCHOOL_6149,0,0,0,0,0,0,0,0,0,0,1,3468000.0,-16.6245,31.627400000000005,0.0,0.0,0.0,NA,0.0,0.0
SCHOOL_6150,0,0,0,0,0,0,0,0,0,0,1,8472000.0,-16.596999999999994,31.60922,0.0,0.0,0.0,NA,0.0,0.0
SCHOOL_6151,0,0,0,0,0,0,0,0,0,0,1,2508000.0,-16.663690000000003,31.914700000000003,0.0,0.0,0.0,NA,0.0,0.0
SCHOOL_6152,0,0,0,0,0,0,0,0,0,0,1,1596000.0,-16.659119999999998,31.91075,0.0,0.0,0.0,NA,0.0,0.0
SCHOOL_6153,0,0,0,0,0,0,0,0,0,0,1,8460000.0,-16.638709999999996,32.01095,0.0,0.0,0.0,NA,0.0,0.0
SCHOOL_6154,0,0,0,0,0,0,0,0,0,0,2,11004000.0,-16.62416999999957,31.8590050000056,0.0,0.0,0.0,NA,0.0,0.0
SCHOOL_6155,0,0,0,0,0,0,0,0,0,0,1,8388000.0,-16.622569999999996,31.86172,0.0,0.0,0.0,NA,0.0,0.0
SCHOOL_6156,0,0,0,0,0,0,0,0,0,0,1,948000.0,-16.618610000000007,31.941370000000003,0.0,0.0,0.0,NA,0.0,0.0
SCHOOL_6157,0,0,0,0,0,0,0,0,0,0,1,6336000.0,-16.60858,32.00466,0.0,0.0,0.0,NA,0.0,0.0
SCHOOL_6158,0,0,0,0,0,0,0,0,0,0,1,3648000.0,-16.60598,32.00518,0.0,0.0,0.0,NA,0.0,0.0
SCHOOL_6159,0,0,0,0,0,0,0,0,0,0,1,5556000.0,-16.592129999999994,31.97363,0.0,0.0,0.0,NA,0.0,0.0
SCHOOL_6160,0,0,0,0,0,0,0,0,0,0,1,2412000.0,-16.573399999999992,31.94636,0.0,0.0,0.0,NA,0.0,0.0
SCHOOL_6161,0,0,0,0,0,0,0,0,0,0,1,4020000.0,-16.568110000000008,31.936809999999998,0.0,0.0,0.0,NA,0.0,0.0
SCHOOL_6162,0,0,0,0,0,0,0,0,0,0,1,6624000.0,-16.560179999999995,31.896310000000003,0.0,0.0,0.0,NA,0.0,0.0
SCHOOL_6163,0,0,0,0,0,0,0,0,0,0,1,1560000.0,-16.557199999999998,31.905120000000004,0.0,0.0,0.0,NA,0.0,0.0
SCHOOL_6164,0,0,0,0,0,0,0,0,0,0,1,5820000.0,-16.51758,31.949309999999997,0.0,0.0,0.0,NA,0.0,0.0
SCHOOL_6165,0,0,0,0,0,0,0,0,0,0,1,4680000.0,-16.49937,31.87768,0.0,0.0,0.0,NA,0.0,0.0
SCHOOL_6166,0,0,0,0,0,0,0,0,0,0,1,2400000.0,-16.470169999999996,31.90336,0.0,0.0,0.0,NA,0.0,0.0
SCHOOL_6167,0,0,0,0,0,0,0,0,0,0,1,4920000.0,-16.46462,31.907609999999995,0.0,0.0,0.0,NA,0.0,0.0
SCHOOL_6168,0,0,0,0,0,0,0,0,0,0,1,3840000.0,-16.46282,31.99694,0.0,0.0,0.0,NA,0.0,0.0
SCHOOL_6169,0,0,0,0,0,0,0,0,0,0,1,4572000.0,-16.522029999999994,31.78584,0.0,0.0,0.0,NA,0.0,0.0
SCHOOL_6170,0,0,0,0,0,0,0,0,0,0,1,5100000.0,-16.506039999999995,31.721009999999996,0.0,0.0,0.0,NA,0.0,0.0
SCHOOL_6171,0,0,0,0,0,0,0,0,0,0,1,12000000.0,-16.466059999999995,31.7666,0.0,0.0,0.0,NA,0.0,0.0
SCHOOL_6172,0,0,0,0,0,0,0,0,0,0,1,6912000.0,-16.4131,31.79333,0.0,0.0,0.0,NA,0.0,0.0
SCHOOL_6173,0,0,0,0,0,0,0,0,0,0,1,10452000.0,-16.55638,31.699239999999996,0.0,0.0,0.0,NA,0.0,0.0
SCHOOL_6174,0,0,0,0,0,0,0,0,0,0,1,4944000.0,-16.55449,31.649089999999998,0.0,0.0,0.0,NA,0.0,0.0
SCHOOL_6175,0,0,0,0,0,0,0,0,0,0,1,3768000.0,-16.55191,31.71751,0.0,0.0,0.0,NA,0.0,0.0
SCHOOL_6176,0,0,0,0,0,0,0,0,0,0,1,8832000.0,-16.49898,31.65568,0.0,0.0,0.0,NA,0.0,0.0
SCHOOL_6177,0,0,0,0,0,0,0,0,0,0,1,8760000.0,-16.242190000000008,31.68964,0.0,0.0,0.0,NA,0.0,0.0
SCHOOL_6178,0,0,0,0,0,0,0,0,0,0,1,7836000.0,-16.65698,31.57873,0.0,0.0,0.0,NA,0.0,0.0
SCHOOL_6179,0,0,0,0,0,0,0,0,0,0,1,7644000.0,-16.63788,31.559779999999996,0.0,0.0,0.0,NA,0.0,0.0
SCHOOL_6180,0,0,0,0,0,0,0,0,0,0,1,7200000.0,-16.611779999999996,31.58813,0.0,0.0,0.0,NA,0.0,0.0
SCHOOL_6181,0,0,0,0,0,0,0,0,0,0,2,8184000.0,-16.579829999999998,31.52053,0.0,0.0,0.0,NA,0.0,0.0
SCHOOL_6182,0,0,0,0,0,0,0,0,0,0,1,9480000.0,-16.578359999999996,31.57803,0.0,0.0,0.0,NA,0.0,0.0
SCHOOL_6183,0,0,0,0,0,0,0,0,0,0,1,12000000.0,-16.563779999999998,31.57911,0.0,0.0,0.0,NA,0.0,0.0
SCHOOL_6184,0,0,0,0,0,0,0,0,0,0,1,12000000.0,-16.513459999999988,31.54791,0.0,0.0,0.0,NA,0.0,0.0
SCHOOL_6185,0,0,0,0,0,0,0,0,0,0,1,3012000.0,-16.490869999999994,31.602880000000003,0.0,0.0,0.0,NA,0.0,0.0
SCHOOL_6186,0,0,0,0,0,0,0,0,0,0,1,4740000.0,-16.608630000000005,31.27725,0.0,0.0,0.0,NA,0.0,0.0
SCHOOL_6187,0,0,0,0,0,0,0,0,0,0,1,4320000.0,-16.60092,31.35106,0.0,0.0,0.0,NA,0.0,0.0
SCHOOL_6188,0,0,0,0,0,0,0,0,0,0,1,7296000.0,-16.556069999999995,31.3696,0.0,0.0,0.0,NA,0.0,0.0
SCHOOL_6189,0,0,0,0,0,0,0,0,0,0,1,8760000.0,-16.532130000000006,31.30115,0.0,0.0,0.0,NA,0.0,0.0
SCHOOL_6190,0,0,0,0,0,0,0,0,0,0,1,6060000.0,-16.529559999999993,31.305760000000003,0.0,0.0,0.0,NA,0.0,0.0
SCHOOL_6191,0,0,0,0,0,0,0,0,0,0,1,9588000.0,-16.491359999999997,31.368530000000003,0.0,0.0,0.0,NA,0.0,0.0
SCHOOL_6192,0,0,0,0,0,0,0,0,0,0,1,6804000.0,-16.47851,31.318500000000004,0.0,0.0,0.0,NA,0.0,0.0
SCHOOL_6193,0,0,0,0,0,0,0,0,0,0,1,9888000.0,-16.475919999999995,31.270000000000003,0.0,0.0,0.0,NA,0.0,0.0
SCHOOL_6194,0,0,0,0,0,0,0,0,0,0,1,9192000.0,-16.47244,31.286879999999996,0.0,0.0,0.0,NA,0.0,0.0
SCHOOL_6195,0,0,0,0,0,0,0,0,0,0,1,12000000.0,-16.471719999999998,31.293630000000004,0.0,0.0,0.0,NA,0.0,0.0
SCHOOL_6196,0,0,0,0,0,0,0,0,0,0,2,10104000.0,-16.51706500004132,31.485495000021857,0.0,0.0,0.0,NA,0.0,0.0
SCHOOL_6197,0,0,0,0,0,0,0,0,0,0,2,13620000.0,-16.486865000181666,31.415360001463362,0.0,0.0,0.0,NA,0.0,0.0
SCHOOL_6198,0,0,0,0,0,0,0,0,0,0,2,4944000.0,-16.435604999975073,31.399889999934626,0.0,0.0,0.0,NA,0.0,0.0
SCHOOL_6199,0,0,0,0,0,0,0,0,0,0,1,1200000.0,-16.388919999999995,31.435,0.0,0.0,0.0,NA,0.0,0.0
SCHOOL_6200,0,0,0,0,0,0,0,0,0,0,1,7404000.0,-16.319359999999993,31.45817,0.0,0.0,0.0,NA,0.0,0.0
SCHOOL_6201,0,0,0,0,0,0,0,0,0,0,1,2064000.0,-16.24775,31.39118,0.0,0.0,0.0,NA,0.0,0.0
SCHOOL_6202,0,0,0,0,0,0,0,0,0,0,1,12000000.0,-16.46321,31.354390000000002,0.0,0.0,0.0,NA,0.0,0.0
SCHOOL_6203,0,0,0,0,0,0,0,0,0,0,1,3960000.0,-16.412249999999993,31.27635,0.0,0.0,0.0,NA,0.0,0.0
SCHOOL_6204,0,0,0,0,0,0,0,0,0,0,1,3480000.0,-16.397630000000003,31.34566,0.0,0.0,0.0,NA,0.0,0.0
SCHOOL_6205,0,0,0,0,0,0,0,0,0,0,1,3540000.0,-16.36645,31.260380000000005,0.0,0.0,0.0,NA,0.0,0.0
SCHOOL_6206,0,0,0,0,0,0,0,0,0,0,1,4584000.0,-16.34038,31.35841,0.0,0.0,0.0,NA,0.0,0.0
SCHOOL_6207,0,0,0,0,0,0,0,0,0,0,1,4140000.0,-16.33522,31.279709999999998,0.0,0.0,0.0,NA,0.0,0.0
SCHOOL_6208,0,0,0,0,0,0,0,0,0,0,1,9768000.0,-16.31616,31.367220000000003,0.0,0.0,0.0,NA,0.0,0.0
SCHOOL_6209,0,0,0,0,0,0,0,0,0,0,1,6204000.0,-16.279329999999998,31.25386,0.0,0.0,0.0,NA,0.0,0.0
SCHOOL_6210,0,0,0,0,0,0,0,0,0,0,1,4512000.0,-16.26298,31.33345,0.0,0.0,0.0,NA,0.0,0.0
SCHOOL_6211,0,0,0,0,0,0,0,0,0,0,1,4764000.0,-16.235649999999993,31.28003,0.0,0.0,0.0,NA,0.0,0.0
SCHOOL_6212,0,0,0,0,0,0,0,0,0,0,1,5004000.0,-16.401870000000002,31.52623,0.0,0.0,0.0,NA,0.0,0.0
SCHOOL_6213,0,0,0,0,0,0,0,0,0,0,1,3972000.0,-16.399299999999997,31.58749,0.0,0.0,0.0,NA,0.0,0.0
SCHOOL_6214,0,0,0,0,0,0,0,0,0,0,1,12000000.0,-16.327809999999992,31.562789999999996,0.0,0.0,0.0,NA,0.0,0.0
SCHOOL_6215,0,0,0,0,0,0,0,0,0,0,1,3324000.0,-16.313219999999994,31.58036,0.0,0.0,0.0,NA,0.0,0.0
SCHOOL_6216,0,0,0,0,0,0,0,0,0,0,1,2712000.0,-16.257019999999997,31.58484,0.0,0.0,0.0,NA,0.0,0.0
SCHOOL_6217,0,0,0,0,0,0,0,0,0,0,1,9600000.0,-16.24935,31.540980000000005,0.0,0.0,0.0,NA,0.0,0.0
SCHOOL_6218,0,0,0,0,0,0,0,0,0,0,1,9480000.0,-16.230749999999997,31.538100000000004,0.0,0.0,0.0,NA,0.0,0.0
SCHOOL_6219,0,0,0,0,0,0,0,0,0,0,1,5136000.0,-16.19167,31.274930000000005,0.0,0.0,0.0,NA,0.0,0.0
SCHOOL_6220,0,0,0,0,0,0,0,0,0,0,1,7452000.0,-16.18434,31.361240000000002,0.0,0.0,0.0,NA,0.0,0.0
SCHOOL_6221,0,0,0,0,0,0,0,0,0,0,1,3072000.0,-16.17545,31.318230000000003,0.0,0.0,0.0,NA,0.0,0.0
SCHOOL_6222,0,0,0,0,0,0,0,0,0,0,1,8736000.0,-16.111379999999997,31.257840000000005,0.0,0.0,0.0,NA,0.0,0.0
SCHOOL_6223,0,0,0,0,0,0,0,0,0,0,1,9168000.0,-16.085479999999997,31.339900000000004,0.0,0.0,0.0,NA,0.0,0.0
SCHOOL_6224,0,0,0,0,0,0,0,0,0,0,1,3276000.0,-16.02626,31.2579,0.0,0.0,0.0,NA,0.0,0.0
SCHOOL_6225,0,0,0,0,0,0,0,0,0,0,1,7320000.0,-16.52849,31.05966,0.0,0.0,0.0,NA,0.0,0.0
SCHOOL_6226,0,0,0,0,0,0,0,0,0,0,1,5592000.0,-16.486929999999997,31.06883,0.0,0.0,0.0,NA,0.0,0.0
SCHOOL_6227,0,0,0,0,0,0,0,0,0,0,1,8880000.0,-16.403039999999997,30.998560000000005,0.0,0.0,0.0,NA,0.0,0.0
SCHOOL_6228,0,0,0,0,0,0,0,0,0,0,1,5136000.0,-16.393459999999997,30.995250000000002,0.0,0.0,0.0,NA,0.0,0.0
SCHOOL_6229,0,0,0,0,0,0,0,0,0,0,1,6960000.0,-16.369749999999996,31.01812,0.0,0.0,0.0,NA,0.0,0.0
SCHOOL_6230,0,0,0,0,0,0,0,0,0,0,1,3384000.0,-16.339069999999996,30.982029999999998,0.0,0.0,0.0,NA,0.0,0.0
SCHOOL_6231,0,0,0,0,0,0,0,0,0,0,1,3384000.0,-16.304010000000005,31.08686,0.0,0.0,0.0,NA,0.0,0.0
SCHOOL_6232,0,0,0,0,0,0,0,0,0,0,1,7704000.0,-16.25459,31.05117,0.0,0.0,0.0,NA,0.0,0.0
SCHOOL_6233,0,0,0,0,0,0,0,0,0,0,1,8328000.0,-16.194500000000005,30.993450000000003,0.0,0.0,0.0,NA,0.0,0.0
SCHOOL_6234,0,0,0,0,0,0,0,0,0,0,1,2208000.0,-16.470700000000004,31.225780000000004,0.0,0.0,0.0,NA,0.0,0.0
SCHOOL_6235,0,0,0,0,0,0,0,0,0,0,1,1176000.0,-16.407359999999994,31.20898,0.0,0.0,0.0,NA,0.0,0.0
SCHOOL_6236,0,0,0,0,0,0,0,0,0,0,1,5880000.0,-16.405289999999997,31.188030000000005,0.0,0.0,0.0,NA,0.0,0.0
SCHOOL_6237,0,0,0,0,0,0,0,0,0,0,1,4704000.0,-16.405039999999996,31.110130000000005,0.0,0.0,0.0,NA,0.0,0.0
SCHOOL_6238,0,0,0,0,0,0,0,0,0,0,1,7416000.0,-16.35878,31.150799999999997,0.0,0.0,0.0,NA,0.0,0.0
SCHOOL_6239,0,0,0,0,0,0,0,0,0,0,1,6624000.0,-16.307229999999997,31.1733,0.0,0.0,0.0,NA,0.0,0.0
SCHOOL_6240,0,0,0,0,0,0,0,0,0,0,1,8640000.0,-16.271789999999992,31.125129999999995,0.0,0.0,0.0,NA,0.0,0.0
SCHOOL_6241,0,0,0,0,0,0,0,0,0,0,1,7200000.0,-16.223029999999998,31.22803,0.0,0.0,0.0,NA,0.0,0.0
SCHOOL_6242,0,0,0,0,0,0,0,0,0,0,1,3912000.0,-16.208830000000003,31.162330000000004,0.0,0.0,0.0,NA,0.0,0.0
SCHOOL_6243,0,0,0,0,0,0,0,0,0,0,1,7680000.0,-16.171580000000006,31.19293,0.0,0.0,0.0,NA,0.0,0.0
SCHOOL_6244,0,0,0,0,0,0,0,0,0,0,1,3276000.0,-16.14016,31.21618,0.0,0.0,0.0,NA,0.0,0.0
SCHOOL_6245,0,0,0,0,0,0,0,0,0,0,1,7188000.0,-16.13099,31.16495,0.0,0.0,0.0,NA,0.0,0.0
SCHOOL_6246,0,0,0,0,0,0,0,0,0,0,1,9600000.0,-16.125929999999997,31.15199,0.0,0.0,0.0,NA,0.0,0.0
SCHOOL_6247,0,0,0,0,0,0,0,0,0,0,1,5760000.0,-16.11269,31.1194,0.0,0.0,0.0,NA,0.0,0.0
SCHOOL_6248,0,0,0,0,0,0,0,0,0,0,1,2664000.0,-16.108149999999995,31.117089999999997,0.0,0.0,0.0,NA,0.0,0.0
SCHOOL_6249,0,0,0,0,0,0,0,0,0,0,1,6660000.0,-16.01591000000001,31.1994,0.0,0.0,0.0,NA,0.0,0.0
SCHOOL_6250,0,0,0,0,0,0,0,0,0,0,1,5400000.0,-16.00816,31.151949999999996,0.0,0.0,0.0,NA,0.0,0.0
SCHOOL_6251,0,0,0,0,0,0,0,0,0,0,1,3564000.0,-16.39695,30.950180000000003,0.0,0.0,0.0,NA,0.0,0.0
SCHOOL_6252,0,0,0,0,0,0,0,0,0,0,1,2748000.0,-16.330559999999995,30.973299999999995,0.0,0.0,0.0,NA,0.0,0.0
SCHOOL_6253,0,0,0,0,0,0,0,0,0,0,1,8388000.0,-16.316669999999995,30.884750000000004,0.0,0.0,0.0,NA,0.0,0.0
SCHOOL_6254,0,0,0,0,0,0,0,0,0,0,1,2964000.0,-16.309069999999995,30.88501,0.0,0.0,0.0,NA,0.0,0.0
SCHOOL_6255,0,0,0,0,0,0,0,0,0,0,1,10356000.0,-16.27624,30.971519999999998,0.0,0.0,0.0,NA,0.0,0.0
SCHOOL_6256,0,0,0,0,0,0,0,0,0,0,1,8424000.0,-16.137559999999997,30.893279999999997,0.0,0.0,0.0,NA,0.0,0.0
SCHOOL_6257,0,0,0,0,0,0,0,0,0,0,1,4692000.0,-16.08013,30.94401,0.0,0.0,0.0,NA,0.0,0.0
SCHOOL_6258,0,0,0,0,0,0,0,0,0,0,1,6204000.0,-16.15781,31.044640000000005,0.0,0.0,0.0,NA,0.0,0.0
SCHOOL_6259,0,0,0,0,0,0,0,0,0,0,1,2412000.0,-16.148060000000008,31.0877,0.0,0.0,0.0,NA,0.0,0.0
SCHOOL_6260,0,0,0,0,0,0,0,0,0,0,2,13908000.0,-16.02113,31.057450000000003,0.0,0.0,0.0,NA,0.0,0.0
SCHOOL_6261,0,0,0,0,0,0,0,0,0,0,1,3120000.0,-16.746100000000006,32.1654,0.0,0.0,0.0,NA,0.0,0.0
SCHOOL_6262,0,0,0,0,0,0,0,0,0,0,1,5532000.0,-16.736679999999996,32.10275,0.0,0.0,0.0,NA,0.0,0.0
SCHOOL_6263,0,0,0,0,0,0,0,0,0,0,1,8172000.0,-16.730909999999998,32.10836,0.0,0.0,0.0,NA,0.0,0.0
SCHOOL_6264,0,0,0,0,0,0,0,0,0,0,2,7056000.0,-16.710830000000005,32.16636,0.0,0.0,0.0,NA,0.0,0.0
SCHOOL_6265,0,0,0,0,0,0,0,0,0,0,1,3984000.0,-16.68590999999999,32.10213,0.0,0.0,0.0,NA,0.0,0.0
SCHOOL_6266,0,0,0,0,0,0,0,0,0,0,1,3588000.0,-16.66656,32.16003,0.0,0.0,0.0,NA,0.0,0.0
SCHOOL_6267,0,0,0,0,0,0,0,0,0,0,2,17844000.0,-16.66185500015141,32.04833500264597,0.0,0.0,0.0,NA,0.0,0.0
SCHOOL_6268,0,0,0,0,0,0,0,0,0,0,1,4272000.0,-16.65185,32.09896,0.0,0.0,0.0,NA,0.0,0.0
SCHOOL_6269,0,0,0,0,0,0,0,0,0,0,1,4176000.0,-16.673359999999995,32.23666,0.0,0.0,0.0,NA,0.0,0.0
SCHOOL_6270,0,0,0,0,0,0,0,0,0,0,1,7680000.0,-16.657029999999995,32.32623,0.0,0.0,0.0,NA,0.0,0.0
SCHOOL_6271,0,0,0,0,0,0,0,0,0,0,1,2496000.0,-16.619909999999997,32.34426,0.0,0.0,0.0,NA,0.0,0.0
SCHOOL_6272,0,0,0,0,0,0,0,0,0,0,1,4020000.0,-16.614559999999997,32.30066,0.0,0.0,0.0,NA,0.0,0.0
SCHOOL_6273,0,0,0,0,0,0,0,0,0,0,1,3648000.0,-16.605700000000002,32.3458,0.0,0.0,0.0,NA,0.0,0.0
SCHOOL_6274,0,0,0,0,0,0,0,0,0,0,2,8256000.0,-16.588340000952094,32.22536500014941,0.0,0.0,0.0,NA,0.0,0.0
SCHOOL_6275,0,0,0,0,0,0,0,0,0,0,1,7536000.0,-16.570949999999996,32.37525,0.0,0.0,0.0,NA,0.0,0.0
SCHOOL_6276,0,0,0,0,0,0,0,0,0,0,1,2784000.0,-16.547860000000004,32.2798,0.0,0.0,0.0,NA,0.0,0.0
SCHOOL_6277,0,0,0,0,0,0,0,0,0,0,1,3696000.0,-16.63448,32.18538,0.0,0.0,0.0,NA,0.0,0.0
SCHOOL_6278,0,0,0,0,0,0,0,0,0,0,1,6228000.0,-16.63179999999999,32.18415,0.0,0.0,0.0,NA,0.0,0.0
SCHOOL_6279,0,0,0,0,0,0,0,0,0,0,1,5220000.0,-16.600579999999997,32.05913,0.0,0.0,0.0,NA,0.0,0.0
SCHOOL_6280,0,0,0,0,0,0,0,0,0,0,1,7392000.0,-16.582149999999995,32.09416,0.0,0.0,0.0,NA,0.0,0.0
SCHOOL_6281,0,0,0,0,0,0,0,0,0,0,2,9948000.0,-16.578279999999992,32.1629,0.0,0.0,0.0,NA,0.0,0.0
SCHOOL_6282,0,0,0,0,0,0,0,0,0,0,1,4692000.0,-16.570060000000005,32.06938,0.0,0.0,0.0,NA,0.0,0.0
SCHOOL_6283,0,0,0,0,0,0,0,0,0,0,1,7764000.0,-16.561609999999998,32.05563,0.0,0.0,0.0,NA,0.0,0.0
SCHOOL_6284,0,0,0,0,0,0,0,0,0,0,1,3840000.0,-16.53715,32.10011,0.0,0.0,0.0,NA,0.0,0.0
SCHOOL_6285,0,0,0,0,0,0,0,0,0,0,1,1548000.0,-16.505709999999993,32.14545,0.0,0.0,0.0,NA,0.0,0.0
SCHOOL_6286,0,0,0,0,0,0,0,0,0,0,1,2724000.0,-16.481549999999995,32.07393,0.0,0.0,0.0,NA,0.0,0.0
SCHOOL_6287,0,0,0,0,0,0,0,0,0,0,1,3768000.0,-16.447810000000004,32.11571,0.0,0.0,0.0,NA,0.0,0.0
SCHOOL_6288,0,0,0,0,0,0,0,0,0,0,1,2604000.0,-16.647229999999993,32.4937,0.0,0.0,0.0,NA,0.0,0.0
SCHOOL_6289,0,0,0,0,0,0,0,0,0,0,1,5376000.0,-16.610660000000003,32.52486,0.0,0.0,0.0,NA,0.0,0.0
SCHOOL_6290,0,0,0,0,0,0,0,0,0,0,1,1728000.0,-16.56651,32.54858,0.0,0.0,0.0,NA,0.0,0.0
SCHOOL_6291,0,0,0,0,0,0,0,0,0,0,1,1584000.0,-16.52243,32.4232,0.0,0.0,0.0,NA,0.0,0.0
SCHOOL_6292,0,0,0,0,0,0,0,0,0,0,1,6024000.0,-16.545110000000005,32.20435,0.0,0.0,0.0,NA,0.0,0.0
SCHOOL_6293,0,0,0,0,0,0,0,0,0,0,1,7188000.0,-16.54105,32.28908,0.0,0.0,0.0,NA,0.0,0.0
SCHOOL_6294,0,0,0,0,0,0,0,0,0,0,1,12000000.0,-16.53975,32.20246,0.0,0.0,0.0,NA,0.0,0.0
SCHOOL_6295,0,0,0,0,0,0,0,0,0,0,1,3204000.0,-16.519410000000004,32.33548,0.0,0.0,0.0,NA,0.0,0.0
SCHOOL_6296,0,0,0,0,0,0,0,0,0,0,1,3156000.0,-16.48755,32.22718,0.0,0.0,0.0,NA,0.0,0.0
SCHOOL_6297,0,0,0,0,0,0,0,0,0,0,1,3672000.0,-16.462780000000002,31.85247,0.0,0.0,0.0,NA,0.0,0.0
SCHOOL_6298,0,0,0,0,0,0,0,0,0,0,1,1596000.0,-16.42836,31.9741,0.0,0.0,0.0,NA,0.0,0.0
SCHOOL_6299,0,0,0,0,0,0,0,0,0,0,1,8256000.0,-16.38803,31.855749999999997,0.0,0.0,0.0,NA,0.0,0.0
SCHOOL_6300,0,0,0,0,0,0,0,0,0,0,1,10356000.0,-16.320820000000005,31.7555,0.0,0.0,0.0,NA,0.0,0.0
SCHOOL_6301,0,0,0,0,0,0,0,0,0,0,1,12000000.0,-16.22594,31.726150000000004,0.0,0.0,0.0,NA,0.0,0.0
SCHOOL_6302,0,0,0,0,0,0,0,0,0,0,1,1596000.0,-17.953760000000003,29.9397,0.0,0.0,0.0,NA,0.0,0.0
SCHOOL_6303,0,0,0,0,0,0,0,0,0,0,1,5664000.0,-17.949599999999997,29.935710000000004,0.0,0.0,0.0,NA,0.0,0.0
SCHOOL_6304,0,0,0,0,0,0,0,0,0,0,1,6672000.0,-17.895190000000003,30.03688,0.0,0.0,0.0,NA,0.0,0.0
SCHOOL_6305,0,0,0,0,0,0,0,0,0,0,1,1944000.0,-17.88971,30.01252,0.0,0.0,0.0,NA,0.0,0.0
SCHOOL_6306,0,0,0,0,0,0,0,0,0,0,1,624000.0,-17.81413,29.94236,0.0,0.0,0.0,NA,0.0,0.0
SCHOOL_6307,0,0,0,0,0,0,0,0,0,0,1,1620000.0,-17.780050000000003,29.99493,0.0,0.0,0.0,NA,0.0,0.0
SCHOOL_6308,0,0,0,0,0,0,0,0,0,0,1,6720000.0,-17.729920000000007,30.04101,0.0,0.0,0.0,NA,0.0,0.0
SCHOOL_6309,0,0,0,0,0,0,0,0,0,0,1,4536000.0,-17.72122,30.04436,0.0,0.0,0.0,NA,0.0,0.0
SCHOOL_6310,0,0,0,0,0,0,0,0,0,0,1,5616000.0,-17.712439999999997,29.97541,0.0,0.0,0.0,NA,0.0,0.0
SCHOOL_6311,0,0,0,0,0,0,0,0,0,0,1,1368000.0,-17.71171,29.978599999999997,0.0,0.0,0.0,NA,0.0,0.0
SCHOOL_6312,0,0,0,0,0,0,0,0,0,0,1,3744000.0,-17.681110000000004,30.033899999999996,0.0,0.0,0.0,NA,0.0,0.0
SCHOOL_6313,0,0,0,0,0,0,0,0,0,0,1,1584000.0,-17.619199999999996,29.94153,0.0,0.0,0.0,NA,0.0,0.0
SCHOOL_6314,0,0,0,0,0,0,0,0,0,0,1,972000.0,-17.60532999999999,29.992080000000005,0.0,0.0,0.0,NA,0.0,0.0
SCHOOL_6315,0,0,0,0,0,0,0,0,0,0,1,780000.0,-17.604129999999998,30.04373,0.0,0.0,0.0,NA,0.0,0.0
SCHOOL_6316,0,0,0,0,0,0,0,0,0,0,1,1236000.0,-17.569360000000007,30.044000000000004,0.0,0.0,0.0,NA,0.0,0.0
SCHOOL_6317,0,0,0,0,0,0,0,0,0,0,1,4080000.0,-17.505429999999993,29.95926,0.0,0.0,0.0,NA,0.0,0.0
SCHOOL_6318,0,0,0,0,0,0,0,0,0,0,1,6732000.0,-17.474579999999992,30.04802,0.0,0.0,0.0,NA,0.0,0.0
SCHOOL_6319,0,0,0,0,0,0,0,0,0,0,1,1392000.0,-17.473279999999995,30.045150000000003,0.0,0.0,0.0,NA,0.0,0.0
SCHOOL_6320,0,0,0,0,0,0,0,0,0,0,1,3204000.0,-17.463709999999995,29.979620000000004,0.0,0.0,0.0,NA,0.0,0.0
SCHOOL_6321,0,0,0,0,0,0,0,0,0,0,1,1632000.0,-17.438540000000003,29.989169999999998,0.0,0.0,0.0,NA,0.0,0.0
SCHOOL_6322,0,0,0,0,0,0,0,0,0,0,1,7500000.0,-17.689460000000004,29.80181,0.0,0.0,0.0,NA,0.0,0.0
SCHOOL_6323,0,0,0,0,0,0,0,0,0,0,1,5580000.0,-17.681489999999997,29.890640000000005,0.0,0.0,0.0,NA,0.0,0.0
SCHOOL_6324,0,0,0,0,0,0,0,0,0,0,1,1872000.0,-17.663279999999993,29.89758,0.0,0.0,0.0,NA,0.0,0.0
SCHOOL_6325,0,0,0,0,0,0,0,0,0,0,2,5736000.0,-17.580435000006137,29.91794000002108,0.0,0.0,0.0,NA,0.0,0.0
SCHOOL_6326,0,0,0,0,0,0,0,0,0,0,1,2004000.0,-17.54718,29.81961,0.0,0.0,0.0,NA,0.0,0.0
SCHOOL_6327,0,0,0,0,0,0,0,0,0,0,1,7788000.0,-17.53646,29.823669999999996,0.0,0.0,0.0,NA,0.0,0.0
SCHOOL_6328,0,0,0,0,0,0,0,0,0,0,1,7224000.0,-17.509019999999996,29.924029999999995,0.0,0.0,0.0,NA,0.0,0.0
SCHOOL_6329,0,0,0,0,0,0,0,0,0,0,1,9372000.0,-17.342409999999997,29.864759999999997,0.0,0.0,0.0,NA,0.0,0.0
SCHOOL_6330,0,0,0,0,0,0,0,0,0,0,1,2100000.0,-17.2719,29.86431,0.0,0.0,0.0,NA,0.0,0.0
SCHOOL_6331,0,0,0,0,0,0,0,0,0,0,1,612000.0,-17.61943,29.73017,0.0,0.0,0.0,NA,0.0,0.0
SCHOOL_6332,0,0,0,0,0,0,0,0,0,0,1,3876000.0,-17.57472,29.68589,0.0,0.0,0.0,NA,0.0,0.0
SCHOOL_6333,0,0,0,0,0,0,0,0,0,0,1,5412000.0,-17.457530000000006,29.75111,0.0,0.0,0.0,NA,0.0,0.0
SCHOOL_6334,0,0,0,0,0,0,0,0,0,0,2,14844000.0,-17.44876000000006,29.699445000000004,0.0,0.0,0.0,NA,0.0,0.0
SCHOOL_6335,0,0,0,0,0,0,0,0,0,0,2,17532000.0,-17.395470000407656,29.767700000314722,0.0,0.0,0.0,NA,0.0,0.0
SCHOOL_6336,0,0,0,0,0,0,0,0,0,0,1,11460000.0,-17.357989999999997,29.694389999999995,0.0,0.0,0.0,NA,0.0,0.0
SCHOOL_6337,0,0,0,0,0,0,0,0,0,0,2,9096000.0,-17.30068500000107,29.742779999999602,0.0,0.0,0.0,NA,0.0,0.0
SCHOOL_6338,0,0,0,0,0,0,0,0,0,0,1,8400000.0,-17.41198,30.002810000000004,0.0,0.0,0.0,NA,0.0,0.0
SCHOOL_6339,0,0,0,0,0,0,0,0,0,0,1,3168000.0,-17.3618,29.93535,0.0,0.0,0.0,NA,0.0,0.0
SCHOOL_6340,0,0,0,0,0,0,0,0,0,0,1,6000000.0,-17.340090000000004,30.009330000000002,0.0,0.0,0.0,NA,0.0,0.0
SCHOOL_6341,0,0,0,0,0,0,0,0,0,0,1,3156000.0,-17.306360000000005,29.973670000000002,0.0,0.0,0.0,NA,0.0,0.0
SCHOOL_6342,0,0,0,0,0,0,0,0,0,0,1,8580000.0,-17.283279999999998,29.95291,0.0,0.0,0.0,NA,0.0,0.0
SCHOOL_6343,0,0,0,0,0,0,0,0,0,0,1,4788000.0,-17.215159999999997,29.944490000000002,0.0,0.0,0.0,NA,0.0,0.0
SCHOOL_6344,0,0,0,0,0,0,0,0,0,0,1,1344000.0,-17.14042,30.01873,0.0,0.0,0.0,NA,0.0,0.0
SCHOOL_6345,0,0,0,0,0,0,0,0,0,0,2,7956000.0,-17.27188000000006,29.856745000000004,0.0,0.0,0.0,NA,0.0,0.0
SCHOOL_6346,0,0,0,0,0,0,0,0,0,0,1,6000000.0,-17.210190000000004,29.821159999999995,0.0,0.0,0.0,NA,0.0,0.0
SCHOOL_6347,0,0,0,0,0,0,0,0,0,0,1,4860000.0,-17.209809999999994,29.852380000000004,0.0,0.0,0.0,NA,0.0,0.0
SCHOOL_6348,0,0,0,0,0,0,0,0,0,0,1,4464000.0,-17.185239999999997,29.88334,0.0,0.0,0.0,NA,0.0,0.0
SCHOOL_6349,0,0,0,0,0,0,0,0,0,0,1,1692000.0,-17.111639999999994,29.899119999999996,0.0,0.0,0.0,NA,0.0,0.0
SCHOOL_6350,0,0,0,0,0,0,0,0,0,0,1,2184000.0,-17.11118,29.795410000000004,0.0,0.0,0.0,NA,0.0,0.0
SCHOOL_6351,0,0,0,0,0,0,0,0,0,0,1,4932000.0,-17.0918,29.82021,0.0,0.0,0.0,NA,0.0,0.0
SCHOOL_6352,0,0,0,0,0,0,0,0,0,0,1,7572000.0,-17.083109999999998,29.928579999999997,0.0,0.0,0.0,NA,0.0,0.0
SCHOOL_6353,0,0,0,0,0,0,0,0,0,0,1,4596000.0,-17.070739999999994,29.82384,0.0,0.0,0.0,NA,0.0,0.0
SCHOOL_6354,0,0,0,0,0,0,0,0,0,0,1,5604000.0,-17.121110000000005,30.00983,0.0,0.0,0.0,NA,0.0,0.0
SCHOOL_6355,0,0,0,0,0,0,0,0,0,0,2,12564000.0,-17.05741500065912,29.98804499821605,0.0,0.0,0.0,NA,0.0,0.0
SCHOOL_6356,0,0,0,0,0,0,0,0,0,0,1,3780000.0,-17.03007,30.049499999999995,0.0,0.0,0.0,NA,0.0,0.0
SCHOOL_6357,0,0,0,0,0,0,0,0,0,0,1,5460000.0,-17.013220000000008,29.95981,0.0,0.0,0.0,NA,0.0,0.0
SCHOOL_6358,0,0,0,0,0,0,0,0,0,0,1,4356000.0,-16.994569999999996,29.98788,0.0,0.0,0.0,NA,0.0,0.0
SCHOOL_6359,0,0,0,0,0,0,0,0,0,0,1,6432000.0,-16.959609999999994,30.056900000000002,0.0,0.0,0.0,NA,0.0,0.0
SCHOOL_6360,0,0,0,0,0,0,0,0,0,0,1,2016000.0,-16.947679999999995,29.95463,0.0,0.0,0.0,NA,0.0,0.0
SCHOOL_6361,0,0,0,0,0,0,0,0,0,0,1,2100000.0,-16.932400000000005,30.05764,0.0,0.0,0.0,NA,0.0,0.0
SCHOOL_6362,0,0,0,0,0,0,0,0,0,0,1,4200000.0,-16.916749999999993,30.04379,0.0,0.0,0.0,NA,0.0,0.0
SCHOOL_6363,0,0,0,0,0,0,0,0,0,0,1,5064000.0,-17.19873000000001,29.76128,0.0,0.0,0.0,NA,0.0,0.0
SCHOOL_6364,0,0,0,0,0,0,0,0,0,0,1,1824000.0,-17.19623,29.762050000000002,0.0,0.0,0.0,NA,0.0,0.0
SCHOOL_6365,0,0,0,0,0,0,0,0,0,0,1,4560000.0,-17.132780000000004,29.78308,0.0,0.0,0.0,NA,0.0,0.0
SCHOOL_6366,0,0,0,0,0,0,0,0,0,0,1,4656000.0,-17.107199999999995,29.72035,0.0,0.0,0.0,NA,0.0,0.0
SCHOOL_6367,0,0,0,0,0,0,0,0,0,0,1,2412000.0,-17.08854,29.73424,0.0,0.0,0.0,NA,0.0,0.0
SCHOOL_6368,0,0,0,0,0,0,0,0,0,0,1,2892000.0,-16.968640000000004,29.703960000000002,0.0,0.0,0.0,NA,0.0,0.0
SCHOOL_6369,0,0,0,0,0,0,0,0,0,0,1,2424000.0,-16.90317,29.76509,0.0,0.0,0.0,NA,0.0,0.0
SCHOOL_6370,0,0,0,0,0,0,0,0,0,0,1,6480000.0,-16.89459,29.75019,0.0,0.0,0.0,NA,0.0,0.0
SCHOOL_6371,0,0,0,0,0,0,0,0,0,0,1,4680000.0,-17.05484999999999,29.90093,0.0,0.0,0.0,NA,0.0,0.0
SCHOOL_6372,0,0,0,0,0,0,0,0,0,0,1,11064000.0,-17.029910000000005,29.877660000000002,0.0,0.0,0.0,NA,0.0,0.0
SCHOOL_6373,0,0,0,0,0,0,0,0,0,0,1,4428000.0,-16.97207999999999,29.89383,0.0,0.0,0.0,NA,0.0,0.0
SCHOOL_6374,0,0,0,0,0,0,0,0,0,0,1,7524000.0,-16.97147,29.80905,0.0,0.0,0.0,NA,0.0,0.0
SCHOOL_6375,0,0,0,0,0,0,0,0,0,0,1,7020000.0,-16.94637,29.92679,0.0,0.0,0.0,NA,0.0,0.0
SCHOOL_6376,0,0,0,0,0,0,0,0,0,0,1,2196000.0,-16.890399999999993,29.901040000000002,0.0,0.0,0.0,NA,0.0,0.0
SCHOOL_6377,0,0,0,0,0,0,0,0,0,0,1,2772000.0,-16.839730000000003,29.853129999999997,0.0,0.0,0.0,NA,0.0,0.0
SCHOOL_6378,0,0,0,0,0,0,0,0,0,0,1,12000000.0,-16.836779999999997,29.850200000000005,0.0,0.0,0.0,NA,0.0,0.0
SCHOOL_6379,0,0,0,0,0,0,0,0,0,0,1,12000000.0,-16.83518,29.88473,0.0,0.0,0.0,NA,0.0,0.0
SCHOOL_6380,0,0,0,0,0,0,0,0,0,0,1,7608000.0,-16.806289999999997,29.924269999999996,0.0,0.0,0.0,NA,0.0,0.0
SCHOOL_6381,0,0,0,0,0,0,0,0,0,0,2,15012000.0,-16.815785000002155,29.718539999991588,0.0,0.0,0.0,NA,0.0,0.0
SCHOOL_6382,0,0,0,0,0,0,0,0,0,0,1,3432000.0,-16.79344,29.77139,0.0,0.0,0.0,NA,0.0,0.0
SCHOOL_6383,0,0,0,0,0,0,0,0,0,0,1,2736000.0,-16.757529999999992,29.70218,0.0,0.0,0.0,NA,0.0,0.0
SCHOOL_6384,0,0,0,0,0,0,0,0,0,0,1,2700000.0,-16.742949999999997,29.777,0.0,0.0,0.0,NA,0.0,0.0
SCHOOL_6385,0,0,0,0,0,0,0,0,0,0,1,4740000.0,-16.704670000000004,29.717670000000002,0.0,0.0,0.0,NA,0.0,0.0
SCHOOL_6386,0,0,0,0,0,0,0,0,0,0,1,6588000.0,-16.67693,29.77171,0.0,0.0,0.0,NA,0.0,0.0
SCHOOL_6387,0,0,0,0,0,0,0,0,0,0,1,10488000.0,-17.737909999999996,30.42084,0.0,0.0,0.0,NA,0.0,0.0
SCHOOL_6388,0,0,0,0,0,0,0,0,0,0,1,3492000.0,-17.706420000000005,30.374859999999998,0.0,0.0,0.0,NA,0.0,0.0
SCHOOL_6389,0,0,0,0,0,0,0,0,0,0,1,3072000.0,-17.665879999999994,30.34606,0.0,0.0,0.0,NA,0.0,0.0
SCHOOL_6390,0,0,0,0,0,0,0,0,0,0,1,3732000.0,-17.63573,30.35116,0.0,0.0,0.0,NA,0.0,0.0
SCHOOL_6391,0,0,0,0,0,0,0,0,0,0,1,7440000.0,-17.585269999999998,30.41395,0.0,0.0,0.0,NA,0.0,0.0
SCHOOL_6392,0,0,0,0,0,0,0,0,0,0,1,3504000.0,-17.578830000000004,30.326020000000003,0.0,0.0,0.0,NA,0.0,0.0
SCHOOL_6393,0,0,0,0,0,0,0,0,0,0,1,4476000.0,-17.469329999999996,30.31133,0.0,0.0,0.0,NA,0.0,0.0
SCHOOL_6394,0,0,0,0,0,0,0,0,0,0,1,8772000.0,-17.4595,30.37111,0.0,0.0,0.0,NA,0.0,0.0
SCHOOL_6395,0,0,0,0,0,0,0,0,0,0,1,7368000.0,-17.425699999999996,30.31962,0.0,0.0,0.0,NA,0.0,0.0
SCHOOL_6396,0,0,0,0,0,0,0,0,0,0,1,3300000.0,-17.4232,30.401130000000002,0.0,0.0,0.0,NA,0.0,0.0
SCHOOL_6397,0,0,0,0,0,0,0,0,0,0,1,4800000.0,-17.681969999999996,30.125659999999996,0.0,0.0,0.0,NA,0.0,0.0
SCHOOL_6398,0,0,0,0,0,0,0,0,0,0,1,2376000.0,-17.672049999999995,30.09078,0.0,0.0,0.0,NA,0.0,0.0
SCHOOL_6399,0,0,0,0,0,0,0,0,0,0,1,4224000.0,-17.66528,30.093930000000004,0.0,0.0,0.0,NA,0.0,0.0
SCHOOL_6400,0,0,0,0,0,0,0,0,0,0,1,2628000.0,-17.65033,30.062940000000005,0.0,0.0,0.0,NA,0.0,0.0
SCHOOL_6401,0,0,0,0,0,0,0,0,0,0,1,6192000.0,-17.630430000000004,30.111050000000002,0.0,0.0,0.0,NA,0.0,0.0
SCHOOL_6402,0,0,0,0,0,0,0,0,0,0,1,3936000.0,-17.57156,30.1114,0.0,0.0,0.0,NA,0.0,0.0
SCHOOL_6403,0,0,0,0,0,0,0,0,0,0,1,2676000.0,-17.551580000000005,30.124870000000005,0.0,0.0,0.0,NA,0.0,0.0
SCHOOL_6404,0,0,0,0,0,0,0,0,0,0,2,14052000.0,-17.478914999999994,30.14232999999999,0.0,0.0,0.0,NA,0.0,0.0
SCHOOL_6405,0,0,0,0,0,0,0,0,0,0,1,7284000.0,-17.510600000000004,30.294420000000002,0.0,0.0,0.0,NA,0.0,0.0
SCHOOL_6406,0,0,0,0,0,0,0,0,0,0,1,8988000.0,-17.495760000000004,30.236959999999996,0.0,0.0,0.0,NA,0.0,0.0
SCHOOL_6407,0,0,0,0,0,0,0,0,0,0,1,2436000.0,-17.481590000000004,30.27329,0.0,0.0,0.0,NA,0.0,0.0
SCHOOL_6408,0,0,0,0,0,0,0,0,0,0,1,3144000.0,-17.465020000000003,30.228430000000003,0.0,0.0,0.0,NA,0.0,0.0
SCHOOL_6409,0,0,0,0,0,0,0,0,0,0,1,4800000.0,-17.350289999999998,30.191059999999997,0.0,0.0,0.0,NA,0.0,0.0
SCHOOL_6410,0,0,0,0,0,0,0,0,0,0,1,11340000.0,-17.338380000000004,30.24907,0.0,0.0,0.0,NA,0.0,0.0
SCHOOL_6411,0,0,0,0,0,0,0,0,0,0,1,4032000.0,-17.329689999999996,30.175450000000005,0.0,0.0,0.0,NA,0.0,0.0
SCHOOL_6412,0,0,0,0,0,0,0,0,0,0,1,11016000.0,-17.32789,30.194990000000004,0.0,0.0,0.0,NA,0.0,0.0
SCHOOL_6413,0,0,0,0,0,0,0,0,0,0,1,4308000.0,-17.296160000000004,30.21373,0.0,0.0,0.0,NA,0.0,0.0
SCHOOL_6414,0,0,0,0,0,0,0,0,0,0,1,4596000.0,-17.26172999999999,30.28329,0.0,0.0,0.0,NA,0.0,0.0
SCHOOL_6415,0,0,0,0,0,0,0,0,0,0,1,5796000.0,-17.366439999999997,30.30112,0.0,0.0,0.0,NA,0.0,0.0
SCHOOL_6416,0,0,0,0,0,0,0,0,0,0,1,1812000.0,-17.343609999999998,30.32789,0.0,0.0,0.0,NA,0.0,0.0
SCHOOL_6417,0,0,0,0,0,0,0,0,0,0,1,5292000.0,-17.301659999999995,30.32109,0.0,0.0,0.0,NA,0.0,0.0
SCHOOL_6418,0,0,0,0,0,0,0,0,0,0,1,6036000.0,-17.27832,30.38852,0.0,0.0,0.0,NA,0.0,0.0
SCHOOL_6419,0,0,0,0,0,0,0,0,0,0,1,5952000.0,-17.2238,30.36759,0.0,0.0,0.0,NA,0.0,0.0
SCHOOL_6420,0,0,0,0,0,0,0,0,0,0,1,9096000.0,-17.147529999999996,30.312350000000002,0.0,0.0,0.0,NA,0.0,0.0
SCHOOL_6421,0,0,0,0,0,0,0,0,0,0,1,5532000.0,-17.361399999999993,30.122460000000004,0.0,0.0,0.0,NA,0.0,0.0
SCHOOL_6422,0,0,0,0,0,0,0,0,0,0,2,10968000.0,-17.249565002535,30.12029999986111,0.0,0.0,0.0,NA,0.0,0.0
SCHOOL_6423,0,0,0,0,0,0,0,0,0,0,1,4884000.0,-17.185959999999998,30.08918,0.0,0.0,0.0,NA,0.0,0.0
SCHOOL_6424,0,0,0,0,0,0,0,0,0,0,1,5208000.0,-17.178769999999993,30.139,0.0,0.0,0.0,NA,0.0,0.0
SCHOOL_6425,0,0,0,0,0,0,0,0,0,0,1,3156000.0,-17.14103,30.06703,0.0,0.0,0.0,NA,0.0,0.0
SCHOOL_6426,0,0,0,0,0,0,0,0,0,0,1,8496000.0,-17.137649999999997,30.08588,0.0,0.0,0.0,NA,0.0,0.0
SCHOOL_6427,0,0,0,0,0,0,0,0,0,0,1,3216000.0,-17.11802,30.149099999999997,0.0,0.0,0.0,NA,0.0,0.0
SCHOOL_6428,0,0,0,0,0,0,0,0,0,0,1,4440000.0,-17.047059999999995,30.118330000000004,0.0,0.0,0.0,NA,0.0,0.0
SCHOOL_6429,0,0,0,0,0,0,0,0,0,0,1,8784000.0,-17.2478,30.29918,0.0,0.0,0.0,NA,0.0,0.0
SCHOOL_6430,0,0,0,0,0,0,0,0,0,0,1,5712000.0,-17.15897,30.26676,0.0,0.0,0.0,NA,0.0,0.0
SCHOOL_6431,0,0,0,0,0,0,0,0,0,0,1,1860000.0,-17.110569999999996,30.291600000000003,0.0,0.0,0.0,NA,0.0,0.0
SCHOOL_6432,0,0,0,0,0,0,0,0,0,0,1,5556000.0,-17.100060000000006,30.18956,0.0,0.0,0.0,NA,0.0,0.0
SCHOOL_6433,0,0,0,0,0,0,0,0,0,0,1,2076000.0,-17.07287,30.18399,0.0,0.0,0.0,NA,0.0,0.0
SCHOOL_6434,0,0,0,0,0,0,0,0,0,0,1,7296000.0,-17.058680000000003,30.29512,0.0,0.0,0.0,NA,0.0,0.0
SCHOOL_6435,0,0,0,0,0,0,0,0,0,0,1,1944000.0,-17.05858,30.256960000000003,0.0,0.0,0.0,NA,0.0,0.0
SCHOOL_6436,0,0,0,0,0,0,0,0,0,0,2,12336000.0,-16.96273000000006,30.19425500000001,0.0,0.0,0.0,NA,0.0,0.0
SCHOOL_6437,0,0,0,0,0,0,0,0,0,0,1,2904000.0,-17.13095,30.334459999999996,0.0,0.0,0.0,NA,0.0,0.0
SCHOOL_6438,0,0,0,0,0,0,0,0,0,0,1,3336000.0,-17.116369999999996,30.427270000000004,0.0,0.0,0.0,NA,0.0,0.0
SCHOOL_6439,0,0,0,0,0,0,0,0,0,0,1,2676000.0,-17.07939,30.414439999999995,0.0,0.0,0.0,NA,0.0,0.0
SCHOOL_6440,0,0,0,0,0,0,0,0,0,0,1,8148000.0,-17.042000000000005,30.432329999999997,0.0,0.0,0.0,NA,0.0,0.0
SCHOOL_6441,0,0,0,0,0,0,0,0,0,0,1,12000000.0,-17.036210000000004,30.431300000000004,0.0,0.0,0.0,NA,0.0,0.0
SCHOOL_6442,0,0,0,0,0,0,0,0,0,0,2,10980000.0,-16.952315000059883,30.396565000051325,0.0,0.0,0.0,NA,0.0,0.0
SCHOOL_6443,0,0,0,0,0,0,0,0,0,0,2,9444000.0,-16.88555000095153,30.417590001375054,0.0,0.0,0.0,NA,0.0,0.0
SCHOOL_6444,0,0,0,0,0,0,0,0,0,0,1,7956000.0,-16.825419999999998,30.343480000000003,0.0,0.0,0.0,NA,0.0,0.0
SCHOOL_6445,0,0,0,0,0,0,0,0,0,0,1,3132000.0,-17.007909999999995,30.0991,0.0,0.0,0.0,NA,0.0,0.0
SCHOOL_6446,0,0,0,0,0,0,0,0,0,0,1,10848000.0,-16.917339999999992,30.16006,0.0,0.0,0.0,NA,0.0,0.0
SCHOOL_6447,0,0,0,0,0,0,0,0,0,0,1,12000000.0,-16.912519999999997,30.14647,0.0,0.0,0.0,NA,0.0,0.0
SCHOOL_6448,0,0,0,0,0,0,0,0,0,0,1,10572000.0,-16.90813,30.1533,0.0,0.0,0.0,NA,0.0,0.0
SCHOOL_6449,0,0,0,0,0,0,0,0,0,0,1,4368000.0,-16.870910000000002,30.15151,0.0,0.0,0.0,NA,0.0,0.0
SCHOOL_6450,0,0,0,0,0,0,0,0,0,0,2,11508000.0,-16.782330000000968,30.11178000000017,0.0,0.0,0.0,NA,0.0,0.0
SCHOOL_6451,0,0,0,0,0,0,0,0,0,0,1,6024000.0,-16.732540000000007,30.12045,0.0,0.0,0.0,NA,0.0,0.0
SCHOOL_6452,0,0,0,0,0,0,0,0,0,0,1,4596000.0,-16.701060000000002,30.15124,0.0,0.0,0.0,NA,0.0,0.0
SCHOOL_6453,0,0,0,0,0,0,0,0,0,0,2,6180000.0,-16.673529999993775,30.084975000061615,0.0,0.0,0.0,NA,0.0,0.0
SCHOOL_6454,0,0,0,0,0,0,0,0,0,0,1,3300000.0,-16.945119999999996,30.289950000000005,0.0,0.0,0.0,NA,0.0,0.0
SCHOOL_6455,0,0,0,0,0,0,0,0,0,0,2,5196000.0,-16.927035000517755,30.24337500192462,0.0,0.0,0.0,NA,0.0,0.0
SCHOOL_6456,0,0,0,0,0,0,0,0,0,0,1,5460000.0,-16.876560000000005,30.273459999999996,0.0,0.0,0.0,NA,0.0,0.0
SCHOOL_6457,0,0,0,0,0,0,0,0,0,0,1,8064000.0,-16.875770000000003,30.17513,0.0,0.0,0.0,NA,0.0,0.0
SCHOOL_6458,0,0,0,0,0,0,0,0,0,0,1,2232000.0,-16.83273,30.203429999999997,0.0,0.0,0.0,NA,0.0,0.0
SCHOOL_6459,0,0,0,0,0,0,0,0,0,0,1,3816000.0,-16.760489999999997,30.243210000000005,0.0,0.0,0.0,NA,0.0,0.0
SCHOOL_6460,0,0,0,0,0,0,0,0,0,0,1,5256000.0,-16.692639999999997,30.273170000000004,0.0,0.0,0.0,NA,0.0,0.0
SCHOOL_6461,0,0,0,0,0,0,0,0,0,0,2,8856000.0,-16.665420000006826,30.215375000004183,0.0,0.0,0.0,NA,0.0,0.0
SCHOOL_6462,0,0,0,0,0,0,0,0,0,0,1,2724000.0,-17.674890000000005,30.859910000000003,0.0,0.0,0.0,NA,0.0,0.0
SCHOOL_6463,0,0,0,0,0,0,0,0,0,0,1,6252000.0,-17.660039999999995,30.74754,0.0,0.0,0.0,NA,0.0,0.0
SCHOOL_6464,0,0,0,0,0,0,0,0,0,0,1,1260000.0,-17.645830000000004,30.85959,0.0,0.0,0.0,NA,0.0,0.0
SCHOOL_6465,0,0,0,0,0,0,0,0,0,0,1,2220000.0,-17.57346,30.812860000000004,0.0,0.0,0.0,NA,0.0,0.0
SCHOOL_6466,0,0,0,0,0,0,0,0,0,0,1,7668000.0,-17.44578,30.798789999999997,0.0,0.0,0.0,NA,0.0,0.0
SCHOOL_6467,0,0,0,0,0,0,0,0,0,0,1,4896000.0,-17.4334,30.85494,0.0,0.0,0.0,NA,0.0,0.0
SCHOOL_6468,0,0,0,0,0,0,0,0,0,0,1,2748000.0,-17.42651,30.822870000000005,0.0,0.0,0.0,NA,0.0,0.0
SCHOOL_6469,0,0,0,0,0,0,0,0,0,0,1,3504000.0,-17.39447,30.82543,0.0,0.0,0.0,NA,0.0,0.0
SCHOOL_6470,0,0,0,0,0,0,0,0,0,0,1,3552000.0,-17.393660000000004,30.77436,0.0,0.0,0.0,NA,0.0,0.0
SCHOOL_6471,0,0,0,0,0,0,0,0,0,0,1,4080000.0,-17.346059999999994,30.84624,0.0,0.0,0.0,NA,0.0,0.0
SCHOOL_6472,0,0,0,0,0,0,0,0,0,0,1,5292000.0,-17.66434,30.715180000000004,0.0,0.0,0.0,NA,0.0,0.0
SCHOOL_6473,0,0,0,0,0,0,0,0,0,0,1,4476000.0,-17.556929999999998,30.69355,0.0,0.0,0.0,NA,0.0,0.0
SCHOOL_6474,0,0,0,0,0,0,0,0,0,0,1,3192000.0,-17.394760000000005,30.58978,0.0,0.0,0.0,NA,0.0,0.0
SCHOOL_6475,0,0,0,0,0,0,0,0,0,0,1,4380000.0,-17.367660000000004,30.704070000000005,0.0,0.0,0.0,NA,0.0,0.0
SCHOOL_6476,0,0,0,0,0,0,0,0,0,0,1,5352000.0,-17.363799999999998,30.60649,0.0,0.0,0.0,NA,0.0,0.0
SCHOOL_6477,0,0,0,0,0,0,0,0,0,0,1,2664000.0,-17.32755999999999,30.69556,0.0,0.0,0.0,NA,0.0,0.0
SCHOOL_6478,0,0,0,0,0,0,0,0,0,0,1,7416000.0,-17.293029999999998,30.67583,0.0,0.0,0.0,NA,0.0,0.0
SCHOOL_6479,0,0,0,0,0,0,0,0,0,0,1,4080000.0,-17.272350000000003,30.678929999999998,0.0,0.0,0.0,NA,0.0,0.0
SCHOOL_6480,0,0,0,0,0,0,0,0,0,0,1,1476000.0,-17.269189999999995,30.71257,0.0,0.0,0.0,NA,0.0,0.0
SCHOOL_6481,0,0,0,0,0,0,0,0,0,0,1,11472000.0,-17.23793,30.598239999999997,0.0,0.0,0.0,NA,0.0,0.0
SCHOOL_6482,0,0,0,0,0,0,0,0,0,0,1,4032000.0,-17.442449999999997,30.488600000000005,0.0,0.0,0.0,NA,0.0,0.0
SCHOOL_6483,0,0,0,0,0,0,0,0,0,0,1,4800000.0,-17.41458,30.575039999999998,0.0,0.0,0.0,NA,0.0,0.0
SCHOOL_6484,0,0,0,0,0,0,0,0,0,0,1,3468000.0,-17.40537,30.45809,0.0,0.0,0.0,NA,0.0,0.0
SCHOOL_6485,0,0,0,0,0,0,0,0,0,0,1,6348000.0,-17.358499999999996,30.50528,0.0,0.0,0.0,NA,0.0,0.0
SCHOOL_6486,0,0,0,0,0,0,0,0,0,0,1,3588000.0,-17.340630000000004,30.57254,0.0,0.0,0.0,NA,0.0,0.0
SCHOOL_6487,0,0,0,0,0,0,0,0,0,0,1,4056000.0,-17.309079999999994,30.480240000000002,0.0,0.0,0.0,NA,0.0,0.0
SCHOOL_6488,0,0,0,0,0,0,0,0,0,0,1,5664000.0,-17.263960000000004,30.49852,0.0,0.0,0.0,NA,0.0,0.0
SCHOOL_6489,0,0,0,0,0,0,0,0,0,0,1,2304000.0,-17.246090000000002,30.50977,0.0,0.0,0.0,NA,0.0,0.0
SCHOOL_6490,0,0,0,0,0,0,0,0,0,0,1,4524000.0,-17.230370000000004,30.45491,0.0,0.0,0.0,NA,0.0,0.0
SCHOOL_6491,0,0,0,0,0,0,0,0,0,0,1,2760000.0,-17.30524,30.758259999999996,0.0,0.0,0.0,NA,0.0,0.0
SCHOOL_6492,0,0,0,0,0,0,0,0,0,0,1,3864000.0,-17.292740000000002,30.86314,0.0,0.0,0.0,NA,0.0,0.0
SCHOOL_6493,0,0,0,0,0,0,0,0,0,0,1,3336000.0,-17.27537,30.802999999999997,0.0,0.0,0.0,NA,0.0,0.0
SCHOOL_6494,0,0,0,0,0,0,0,0,0,0,1,3048000.0,-17.258039999999998,30.84688,0.0,0.0,0.0,NA,0.0,0.0
SCHOOL_6495,0,0,0,0,0,0,0,0,0,0,1,5076000.0,-17.255839999999996,30.739369999999997,0.0,0.0,0.0,NA,0.0,0.0
SCHOOL_6496,0,0,0,0,0,0,0,0,0,0,1,4320000.0,-17.22951000000001,30.75275,0.0,0.0,0.0,NA,0.0,0.0
SCHOOL_6497,0,0,0,0,0,0,0,0,0,0,1,2832000.0,-17.15646,30.755710000000004,0.0,0.0,0.0,NA,0.0,0.0
SCHOOL_6498,0,0,0,0,0,0,0,0,0,0,1,5820000.0,-17.1244,30.851910000000004,0.0,0.0,0.0,NA,0.0,0.0
SCHOOL_6499,0,0,0,0,0,0,0,0,0,0,1,7584000.0,-17.10307999999999,30.78528,0.0,0.0,0.0,NA,0.0,0.0
SCHOOL_6500,0,0,0,0,0,0,0,0,0,0,1,7404000.0,-17.071410000000004,30.77662,0.0,0.0,0.0,NA,0.0,0.0
SCHOOL_6501,0,0,0,0,0,0,0,0,0,0,1,4956000.0,-17.236400000000003,30.593929999999997,0.0,0.0,0.0,NA,0.0,0.0
SCHOOL_6502,0,0,0,0,0,0,0,0,0,0,1,3192000.0,-17.196400000000004,30.62636,0.0,0.0,0.0,NA,0.0,0.0
SCHOOL_6503,0,0,0,0,0,0,0,0,0,0,1,5472000.0,-17.14748,30.6635,0.0,0.0,0.0,NA,0.0,0.0
SCHOOL_6504,0,0,0,0,0,0,0,0,0,0,1,3252000.0,-17.144550000000002,30.613550000000004,0.0,0.0,0.0,NA,0.0,0.0
SCHOOL_6505,0,0,0,0,0,0,0,0,0,0,1,4608000.0,-17.143210000000003,30.680729999999997,0.0,0.0,0.0,NA,0.0,0.0
SCHOOL_6506,0,0,0,0,0,0,0,0,0,0,1,7836000.0,-17.137329999999995,30.66815,0.0,0.0,0.0,NA,0.0,0.0
SCHOOL_6507,0,0,0,0,0,0,0,0,0,0,1,8172000.0,-17.109119999999997,30.68871,0.0,0.0,0.0,NA,0.0,0.0
SCHOOL_6508,0,0,0,0,0,0,0,0,0,0,1,2460000.0,-17.095360000000003,30.693590000000004,0.0,0.0,0.0,NA,0.0,0.0
SCHOOL_6509,0,0,0,0,0,0,0,0,0,0,1,4692000.0,-17.08171,30.707360000000005,0.0,0.0,0.0,NA,0.0,0.0
SCHOOL_6510,0,0,0,0,0,0,0,0,0,0,1,6372000.0,-17.076239999999995,30.603919999999995,0.0,0.0,0.0,NA,0.0,0.0
SCHOOL_6511,0,0,0,0,0,0,0,0,0,0,1,4644000.0,-17.186959999999992,30.500219999999995,0.0,0.0,0.0,NA,0.0,0.0
SCHOOL_6512,0,0,0,0,0,0,0,0,0,0,1,2892000.0,-17.159699999999997,30.442839999999997,0.0,0.0,0.0,NA,0.0,0.0
SCHOOL_6513,0,0,0,0,0,0,0,0,0,0,2,7692000.0,-17.1219050010266,30.53938999874765,0.0,0.0,0.0,NA,0.0,0.0
SCHOOL_6514,0,0,0,0,0,0,0,0,0,0,1,4068000.0,-17.118160000000003,30.505670000000002,0.0,0.0,0.0,NA,0.0,0.0
SCHOOL_6515,0,0,0,0,0,0,0,0,0,0,1,2856000.0,-17.117960000000004,30.471550000000004,0.0,0.0,0.0,NA,0.0,0.0
SCHOOL_6516,0,0,0,0,0,0,0,0,0,0,1,7512000.0,-17.112970000000004,30.47482,0.0,0.0,0.0,NA,0.0,0.0
SCHOOL_6517,0,0,0,0,0,0,0,0,0,0,1,1512000.0,-17.078449999999997,30.49023,0.0,0.0,0.0,NA,0.0,0.0
SCHOOL_6518,0,0,0,0,0,0,0,0,0,0,1,2316000.0,-17.07720000000001,30.472799999999996,0.0,0.0,0.0,NA,0.0,0.0
SCHOOL_6519,0,0,0,0,0,0,0,0,0,0,1,4104000.0,-17.000940000000003,30.5576,0.0,0.0,0.0,NA,0.0,0.0
SCHOOL_6520,0,0,0,0,0,0,0,0,0,0,1,12000000.0,-17.04674,30.85375,0.0,0.0,0.0,NA,0.0,0.0
SCHOOL_6521,0,0,0,0,0,0,0,0,0,0,1,4332000.0,-17.04369,30.863539999999997,0.0,0.0,0.0,NA,0.0,0.0
SCHOOL_6522,0,0,0,0,0,0,0,0,0,0,1,720000.0,-17.03879,30.72444,0.0,0.0,0.0,NA,0.0,0.0
SCHOOL_6523,0,0,0,0,0,0,0,0,0,0,1,12000000.0,-17.03018,30.84341,0.0,0.0,0.0,NA,0.0,0.0
SCHOOL_6524,0,0,0,0,0,0,0,0,0,0,1,2700000.0,-16.97198,30.718690000000002,0.0,0.0,0.0,NA,0.0,0.0
SCHOOL_6525,0,0,0,0,0,0,0,0,0,0,1,10740000.0,-16.970010000000006,30.71588,0.0,0.0,0.0,NA,0.0,0.0
SCHOOL_6526,0,0,0,0,0,0,0,0,0,0,1,9264000.0,-16.962210000000002,30.824810000000003,0.0,0.0,0.0,NA,0.0,0.0
SCHOOL_6527,0,0,0,0,0,0,0,0,0,0,1,5712000.0,-16.830049999999993,30.727360000000004,0.0,0.0,0.0,NA,0.0,0.0
SCHOOL_6528,0,0,0,0,0,0,0,0,0,0,1,7056000.0,-17.000769999999996,30.59757,0.0,0.0,0.0,NA,0.0,0.0
SCHOOL_6529,0,0,0,0,0,0,0,0,0,0,1,3264000.0,-16.97485,30.582290000000004,0.0,0.0,0.0,NA,0.0,0.0
SCHOOL_6530,0,0,0,0,0,0,0,0,0,0,1,3132000.0,-16.969000000000005,30.58247,0.0,0.0,0.0,NA,0.0,0.0
SCHOOL_6531,0,0,0,0,0,0,0,0,0,0,1,2052000.0,-16.92436,30.616280000000003,0.0,0.0,0.0,NA,0.0,0.0
SCHOOL_6532,0,0,0,0,0,0,0,0,0,0,1,2340000.0,-16.897199999999998,30.687950000000004,0.0,0.0,0.0,NA,0.0,0.0
SCHOOL_6533,0,0,0,0,0,0,0,0,0,0,1,2160000.0,-16.88715,30.6122,0.0,0.0,0.0,NA,0.0,0.0
SCHOOL_6534,0,0,0,0,0,0,0,0,0,0,1,10500000.0,-16.8788,30.713840000000005,0.0,0.0,0.0,NA,0.0,0.0
SCHOOL_6535,0,0,0,0,0,0,0,0,0,0,1,9336000.0,-16.861779999999996,30.67318,0.0,0.0,0.0,NA,0.0,0.0
SCHOOL_6536,0,0,0,0,0,0,0,0,0,0,1,12000000.0,-16.858359999999998,30.667610000000003,0.0,0.0,0.0,NA,0.0,0.0
SCHOOL_6537,0,0,0,0,0,0,0,0,0,0,1,5508000.0,-16.84941000000001,30.592060000000004,0.0,0.0,0.0,NA,0.0,0.0
SCHOOL_6538,0,0,0,0,0,0,0,0,0,0,2,9516000.0,-16.976015000004985,30.505199999970962,0.0,0.0,0.0,NA,0.0,0.0
SCHOOL_6539,0,0,0,0,0,0,0,0,0,0,1,4032000.0,-16.94063,30.539370000000005,0.0,0.0,0.0,NA,0.0,0.0
SCHOOL_6540,0,0,0,0,0,0,0,0,0,0,1,7704000.0,-16.92055,30.45708,0.0,0.0,0.0,NA,0.0,0.0
SCHOOL_6541,0,0,0,0,0,0,0,0,0,0,1,4956000.0,-16.87374,30.551500000000004,0.0,0.0,0.0,NA,0.0,0.0
SCHOOL_6542,0,0,0,0,0,0,0,0,0,0,1,2376000.0,-16.84601,30.553529999999995,0.0,0.0,0.0,NA,0.0,0.0
SCHOOL_6543,0,0,0,0,0,0,0,0,0,0,1,816000.0,-16.831530000000008,30.46397,0.0,0.0,0.0,NA,0.0,0.0
SCHOOL_6544,0,0,0,0,0,0,0,0,0,0,1,1008000.0,-16.810750000000002,30.4575,0.0,0.0,0.0,NA,0.0,0.0
SCHOOL_6545,0,0,0,0,0,0,0,0,0,0,1,1692000.0,-16.798980000000004,30.509859999999996,0.0,0.0,0.0,NA,0.0,0.0
SCHOOL_6546,0,0,0,0,0,0,0,0,0,0,1,6432000.0,-16.79626,30.510350000000003,0.0,0.0,0.0,NA,0.0,0.0
SCHOOL_6547,0,0,0,0,0,0,0,0,0,0,1,5316000.0,-16.847830000000002,30.598829999999996,0.0,0.0,0.0,NA,0.0,0.0
SCHOOL_6548,0,0,0,0,0,0,0,0,0,0,1,10560000.0,-16.810049999999993,30.63868,0.0,0.0,0.0,NA,0.0,0.0
SCHOOL_6549,0,0,0,0,0,0,0,0,0,0,1,8268000.0,-16.77259,30.66676,0.0,0.0,0.0,NA,0.0,0.0
SCHOOL_6550,0,0,0,0,0,0,0,0,0,0,1,9300000.0,-16.772230000000008,30.664100000000005,0.0,0.0,0.0,NA,0.0,0.0
SCHOOL_6551,0,0,0,0,0,0,0,0,0,0,1,7296000.0,-16.762759999999997,30.700200000000002,0.0,0.0,0.0,NA,0.0,0.0
SCHOOL_6552,0,0,0,0,0,0,0,0,0,0,1,3984000.0,-16.760879999999993,30.61039,0.0,0.0,0.0,NA,0.0,0.0
SCHOOL_6553,0,0,0,0,0,0,0,0,0,0,1,6072000.0,-16.743249999999996,30.714999999999996,0.0,0.0,0.0,NA,0.0,0.0
SCHOOL_6554,0,0,0,0,0,0,0,0,0,0,1,5796000.0,-16.67883,30.667709999999996,0.0,0.0,0.0,NA,0.0,0.0
SCHOOL_6555,0,0,0,0,0,0,0,0,0,0,1,10680000.0,-16.671680000000002,30.611790000000003,0.0,0.0,0.0,NA,0.0,0.0
SCHOOL_6556,0,0,0,0,0,0,0,0,0,0,1,12000000.0,-16.79066,30.78438,0.0,0.0,0.0,NA,0.0,0.0
SCHOOL_6557,0,0,0,0,0,0,0,0,0,0,1,5076000.0,-16.790409999999998,30.76972,0.0,0.0,0.0,NA,0.0,0.0
SCHOOL_6558,0,0,0,0,0,0,0,0,0,0,1,3648000.0,-16.756860000000007,30.854399999999995,0.0,0.0,0.0,NA,0.0,0.0
SCHOOL_6559,0,0,0,0,0,0,0,0,0,0,1,11088000.0,-16.73021,30.785730000000004,0.0,0.0,0.0,NA,0.0,0.0
SCHOOL_6560,0,0,0,0,0,0,0,0,0,0,1,10908000.0,-16.70014999999999,30.7656,0.0,0.0,0.0,NA,0.0,0.0
SCHOOL_6561,0,0,0,0,0,0,0,0,0,0,1,5484000.0,-16.63633,30.772150000000003,0.0,0.0,0.0,NA,0.0,0.0
SCHOOL_6562,0,0,0,0,0,0,0,0,0,0,1,6324000.0,-16.63346,30.8273,0.0,0.0,0.0,NA,0.0,0.0
SCHOOL_6563,0,0,0,0,0,0,0,0,0,0,1,3912000.0,-16.64955,30.626619999999996,0.0,0.0,0.0,NA,0.0,0.0
SCHOOL_6564,0,0,0,0,0,0,0,0,0,0,1,3768000.0,-16.640859999999996,30.65286,0.0,0.0,0.0,NA,0.0,0.0
SCHOOL_6565,0,0,0,0,0,0,0,0,0,0,1,5088000.0,-16.63675,30.59815,0.0,0.0,0.0,NA,0.0,0.0
SCHOOL_6566,0,0,0,0,0,0,0,0,0,0,1,6072000.0,-16.601070000000004,30.601550000000003,0.0,0.0,0.0,NA,0.0,0.0
SCHOOL_6567,0,0,0,0,0,0,0,0,0,0,1,2808000.0,-16.546709999999997,30.62867,0.0,0.0,0.0,NA,0.0,0.0
SCHOOL_6568,0,0,0,0,0,0,0,0,0,0,1,11748000.0,-16.541699999999995,30.62759,0.0,0.0,0.0,NA,0.0,0.0
SCHOOL_6569,0,0,0,0,0,0,0,0,0,0,1,5268000.0,-16.515789999999996,30.696199999999997,0.0,0.0,0.0,NA,0.0,0.0
SCHOOL_6570,0,0,0,0,0,0,0,0,0,0,1,1068000.0,-16.740210000000005,30.558480000000003,0.0,0.0,0.0,NA,0.0,0.0
SCHOOL_6571,0,0,0,0,0,0,0,0,0,0,1,840000.0,-16.635110000000005,30.44651,0.0,0.0,0.0,NA,0.0,0.0
SCHOOL_6572,0,0,0,0,0,0,0,0,0,0,1,4872000.0,-16.63151,30.547410000000003,0.0,0.0,0.0,NA,0.0,0.0
SCHOOL_6573,0,0,0,0,0,0,0,0,0,0,1,6876000.0,-16.63036,30.45592,0.0,0.0,0.0,NA,0.0,0.0
SCHOOL_6574,0,0,0,0,0,0,0,0,0,0,1,6924000.0,-16.579940000000004,30.455469999999995,0.0,0.0,0.0,NA,0.0,0.0
SCHOOL_6575,0,0,0,0,0,0,0,0,0,0,1,2040000.0,-16.56969,30.54652,0.0,0.0,0.0,NA,0.0,0.0
SCHOOL_6576,0,0,0,0,0,0,0,0,0,0,1,11724000.0,-16.566119999999998,30.49803,0.0,0.0,0.0,NA,0.0,0.0
SCHOOL_6577,0,0,0,0,0,0,0,0,0,0,1,3960000.0,-16.56557,30.492549999999998,0.0,0.0,0.0,NA,0.0,0.0
SCHOOL_6578,0,0,0,0,0,0,0,0,0,0,1,5808000.0,-16.561149999999998,30.552180000000003,0.0,0.0,0.0,NA,0.0,0.0
SCHOOL_6579,0,0,0,0,0,0,0,0,0,0,1,1896000.0,-16.44551,30.467210000000005,0.0,0.0,0.0,NA,0.0,0.0
SCHOOL_6580,0,0,0,0,0,0,0,0,0,0,1,6564000.0,-16.614509999999996,30.718809999999998,0.0,0.0,0.0,NA,0.0,0.0
SCHOOL_6581,0,0,0,0,0,0,0,0,0,0,2,4116000.0,-16.611015001749383,30.79203000078445,0.0,0.0,0.0,NA,0.0,0.0
SCHOOL_6582,0,0,0,0,0,0,0,0,0,0,1,7032000.0,-16.58235000000001,30.776080000000004,0.0,0.0,0.0,NA,0.0,0.0
SCHOOL_6583,0,0,0,0,0,0,0,0,0,0,1,4176000.0,-16.54097,30.717870000000005,0.0,0.0,0.0,NA,0.0,0.0
SCHOOL_6584,0,0,0,0,0,0,0,0,0,0,1,5172000.0,-16.535799999999995,30.80227,0.0,0.0,0.0,NA,0.0,0.0
SCHOOL_6585,0,0,0,0,0,0,0,0,0,0,1,3336000.0,-16.516880000000004,30.76426,0.0,0.0,0.0,NA,0.0,0.0
SCHOOL_6586,0,0,0,0,0,0,0,0,0,0,1,11208000.0,-16.511599999999994,30.76138,0.0,0.0,0.0,NA,0.0,0.0
SCHOOL_6587,0,0,0,0,0,0,0,0,0,0,1,3996000.0,-16.49215999999999,30.723610000000004,0.0,0.0,0.0,NA,0.0,0.0
SCHOOL_6588,0,0,0,0,0,0,0,0,0,0,1,3384000.0,-16.440979999999996,30.50561,0.0,0.0,0.0,NA,0.0,0.0
SCHOOL_6589,0,0,0,0,0,0,0,0,0,0,1,7008000.0,-16.31836,30.51729,0.0,0.0,0.0,NA,0.0,0.0
SCHOOL_6590,0,0,0,0,0,0,0,0,0,0,1,6528000.0,-16.309430000000003,30.5718,0.0,0.0,0.0,NA,0.0,0.0
SCHOOL_6591,0,0,0,0,0,0,0,0,0,0,1,6144000.0,-16.29223,30.49195,0.0,0.0,0.0,NA,0.0,0.0
SCHOOL_6592,0,0,0,0,0,0,0,0,0,0,1,10992000.0,-16.236559999999994,30.45559,0.0,0.0,0.0,NA,0.0,0.0
SCHOOL_6593,0,0,0,0,0,0,0,0,0,0,1,7584000.0,-16.20321,30.55443,0.0,0.0,0.0,NA,0.0,0.0
SCHOOL_6594,0,0,0,0,0,0,0,0,0,0,1,12000000.0,-16.170019999999997,30.5594,0.0,0.0,0.0,NA,0.0,0.0
SCHOOL_6595,0,0,0,0,0,0,0,0,0,0,1,852000.0,-16.487540000000003,30.65911,0.0,0.0,0.0,NA,0.0,0.0
SCHOOL_6596,0,0,0,0,0,0,0,0,0,0,1,9672000.0,-16.361169999999998,30.60237,0.0,0.0,0.0,NA,0.0,0.0
SCHOOL_6597,0,0,0,0,0,0,0,0,0,0,1,3576000.0,-16.276949999999996,30.66921,0.0,0.0,0.0,NA,0.0,0.0
SCHOOL_6598,0,0,0,0,0,0,0,0,0,0,1,5988000.0,-16.222469999999994,30.58908,0.0,0.0,0.0,NA,0.0,0.0
SCHOOL_6599,0,0,0,0,0,0,0,0,0,0,1,3972000.0,-16.088889999999996,30.6976,0.0,0.0,0.0,NA,0.0,0.0
SCHOOL_6600,0,0,0,0,0,0,0,0,0,0,1,5520000.0,-16.16539,30.53877,0.0,0.0,0.0,NA,0.0,0.0
SCHOOL_6601,0,0,0,0,0,0,0,0,0,0,2,18504000.0,-16.09750000000037,30.56890000000273,0.0,0.0,0.0,NA,0.0,0.0
SCHOOL_6602,0,0,0,0,0,0,0,0,0,0,1,7308000.0,-16.008419999999997,30.55846,0.0,0.0,0.0,NA,0.0,0.0
SCHOOL_6603,0,0,0,0,0,0,0,0,0,0,1,2808000.0,-16.37914,30.85527,0.0,0.0,0.0,NA,0.0,0.0
SCHOOL_6604,0,0,0,0,0,0,0,0,0,0,2,12108000.0,-16.320264999997974,30.79459500001451,0.0,0.0,0.0,NA,0.0,0.0
SCHOOL_6605,0,0,0,0,0,0,0,0,0,0,1,2760000.0,-16.779209999999992,30.35153,0.0,0.0,0.0,NA,0.0,0.0
SCHOOL_6606,0,0,0,0,0,0,0,0,0,0,1,4044000.0,-16.759069999999987,30.39888,0.0,0.0,0.0,NA,0.0,0.0
SCHOOL_6607,0,0,0,0,0,0,0,0,0,0,1,6492000.0,-16.54097,30.404750000000003,0.0,0.0,0.0,NA,0.0,0.0
SCHOOL_6608,0,0,0,0,0,0,0,0,0,0,1,9468000.0,-16.528879999999994,30.37373,0.0,0.0,0.0,NA,0.0,0.0
SCHOOL_6609,0,0,0,0,0,0,0,0,0,0,1,12000000.0,-16.497679999999995,30.43132,0.0,0.0,0.0,NA,0.0,0.0
SCHOOL_6610,0,0,0,0,0,0,0,0,0,0,1,5340000.0,-16.48329,30.412879999999998,0.0,0.0,0.0,NA,0.0,0.0
SCHOOL_6611,0,0,0,0,0,0,0,0,0,0,2,12120000.0,-16.31376000161486,30.31463499754491,0.0,0.0,0.0,NA,0.0,0.0
SCHOOL_6612,0,0,0,0,0,0,0,0,0,0,1,3576000.0,-16.291460000000008,30.393740000000005,0.0,0.0,0.0,NA,0.0,0.0
SCHOOL_6613,0,0,0,0,0,0,0,0,0,0,1,6204000.0,-16.264799999999997,30.372190000000003,0.0,0.0,0.0,NA,0.0,0.0
SCHOOL_6614,0,0,0,0,0,0,0,0,0,0,1,8016000.0,-16.264,30.30821,0.0,0.0,0.0,NA,0.0,0.0
SCHOOL_6615,0,0,0,0,0,0,0,0,0,0,2,16596000.0,-16.25325000220104,30.410419999846283,0.0,0.0,0.0,NA,0.0,0.0
SCHOOL_6616,0,0,0,0,0,0,0,0,0,0,1,3720000.0,-16.106959999999997,30.415510000000005,0.0,0.0,0.0,NA,0.0,0.0
SCHOOL_6617,0,0,0,0,0,0,0,0,0,0,1,4212000.0,-16.104070000000004,30.305400000000002,0.0,0.0,0.0,NA,0.0,0.0
SCHOOL_6618,0,0,0,0,0,0,0,0,0,0,1,2412000.0,-16.09775,30.36197,0.0,0.0,0.0,NA,0.0,0.0
SCHOOL_6619,0,0,0,0,0,0,0,0,0,0,1,3132000.0,-16.066269999999996,30.350850000000005,0.0,0.0,0.0,NA,0.0,0.0
SCHOOL_6620,0,0,0,0,0,0,0,0,0,0,1,3744000.0,-16.038979999999988,30.394950000000005,0.0,0.0,0.0,NA,0.0,0.0
SCHOOL_6621,0,0,0,0,0,0,0,0,0,0,1,7032000.0,-15.702200000000003,30.400139999999997,0.0,0.0,0.0,NA,0.0,0.0
SCHOOL_6622,0,0,0,0,0,0,0,0,0,0,1,3036000.0,-16.62637,30.203790000000005,0.0,0.0,0.0,NA,0.0,0.0
SCHOOL_6623,0,0,0,0,0,0,0,0,0,0,1,6888000.0,-16.59853,30.208299999999998,0.0,0.0,0.0,NA,0.0,0.0
SCHOOL_6624,0,0,0,0,0,0,0,0,0,0,1,5472000.0,-16.657279999999997,30.13068,0.0,0.0,0.0,NA,0.0,0.0
SCHOOL_6625,0,0,0,0,0,0,0,0,0,0,1,2556000.0,-16.655769999999997,30.1285,0.0,0.0,0.0,NA,0.0,0.0
SCHOOL_6626,0,0,0,0,0,0,0,0,0,0,1,2772000.0,-16.61749,30.069209999999998,0.0,0.0,0.0,NA,0.0,0.0
SCHOOL_6627,0,0,0,0,0,0,0,0,0,0,1,5052000.0,-16.439529999999998,30.072280000000003,0.0,0.0,0.0,NA,0.0,0.0
SCHOOL_6628,0,0,0,0,0,0,0,0,0,0,2,6780000.0,-16.158980000331237,30.160549998576307,0.0,0.0,0.0,NA,0.0,0.0
SCHOOL_6629,0,0,0,0,0,0,0,0,0,0,1,12000000.0,-16.722690000000004,29.834309999999995,0.0,0.0,0.0,NA,0.0,0.0
SCHOOL_6630,0,0,0,0,0,0,0,0,0,0,2,5940000.0,-16.718980000000002,29.903839999999995,0.0,0.0,0.0,NA,0.0,0.0
SCHOOL_6631,0,0,0,0,0,0,0,0,0,0,1,2400000.0,-16.704049999999995,29.82003,0.0,0.0,0.0,NA,0.0,0.0
SCHOOL_6632,0,0,0,0,0,0,0,0,0,0,1,8652000.0,-16.69428,29.811510000000002,0.0,0.0,0.0,NA,0.0,0.0
SCHOOL_6633,0,0,0,0,0,0,0,0,0,0,1,3972000.0,-16.66814,29.88441,0.0,0.0,0.0,NA,0.0,0.0
SCHOOL_6634,0,0,0,0,0,0,0,0,0,0,1,11688000.0,-16.64432,29.87185,0.0,0.0,0.0,NA,0.0,0.0
SCHOOL_6635,0,0,0,0,0,0,0,0,0,0,1,6000000.0,-16.610870000000002,29.80405,0.0,0.0,0.0,NA,0.0,0.0
SCHOOL_6636,0,0,0,0,0,0,0,0,0,0,1,2736000.0,-16.60966,29.91855,0.0,0.0,0.0,NA,0.0,0.0
SCHOOL_6637,0,0,0,0,0,0,0,0,0,0,2,6000000.0,-16.608590000421945,29.811750000508166,0.0,0.0,0.0,NA,0.0,0.0
SCHOOL_6638,0,0,0,0,0,0,0,0,0,0,1,8820000.0,-16.590879999999995,29.90915,0.0,0.0,0.0,NA,0.0,0.0
SCHOOL_6639,0,0,0,0,0,0,0,0,0,0,1,5340000.0,-16.58316,29.867980000000003,0.0,0.0,0.0,NA,0.0,0.0
SCHOOL_6640,0,0,0,0,0,0,0,0,0,0,1,4812000.0,-16.558359999999997,29.887269999999997,0.0,0.0,0.0,NA,0.0,0.0
SCHOOL_6641,0,0,0,0,0,0,0,0,0,0,1,6804000.0,-16.550820000000005,29.79732,0.0,0.0,0.0,NA,0.0,0.0
SCHOOL_6642,0,0,0,0,0,0,0,0,0,0,1,6024000.0,-16.550809999999995,29.830000000000002,0.0,0.0,0.0,NA,0.0,0.0
SCHOOL_6643,0,0,0,0,0,0,0,0,0,0,1,12000000.0,-16.525419999999993,29.84784,0.0,0.0,0.0,NA,0.0,0.0
SCHOOL_6644,0,0,0,0,0,0,0,0,0,0,1,3168000.0,-16.49641,29.87231,0.0,0.0,0.0,NA,0.0,0.0
SCHOOL_6645,0,0,0,0,0,0,0,0,0,0,1,10452000.0,-16.494049999999998,29.85243,0.0,0.0,0.0,NA,0.0,0.0
SCHOOL_6646,0,0,0,0,0,0,0,0,0,0,1,3816000.0,-16.46001,29.92933,0.0,0.0,0.0,NA,0.0,0.0
SCHOOL_6647,0,0,0,0,0,0,0,0,0,0,1,9360000.0,-16.67268,29.77278,0.0,0.0,0.0,NA,0.0,0.0
SCHOOL_6648,0,0,0,0,0,0,0,0,0,0,1,7788000.0,-16.65962,29.68028,0.0,0.0,0.0,NA,0.0,0.0
SCHOOL_6649,0,0,0,0,0,0,0,0,0,0,1,6228000.0,-16.62516,29.76677,0.0,0.0,0.0,NA,0.0,0.0
SCHOOL_6650,0,0,0,0,0,0,0,0,0,0,1,7740000.0,-16.592700000000004,29.70218,0.0,0.0,0.0,NA,0.0,0.0
SCHOOL_6651,0,0,0,0,0,0,0,0,0,0,1,2796000.0,-16.572089999999996,29.67548,0.0,0.0,0.0,NA,0.0,0.0
SCHOOL_6652,0,0,0,0,0,0,0,0,0,0,1,8052000.0,-16.569050000000008,29.674939999999996,0.0,0.0,0.0,NA,0.0,0.0
SCHOOL_6653,0,0,0,0,0,0,0,0,0,0,1,4188000.0,-16.531319999999994,29.77763,0.0,0.0,0.0,NA,0.0,0.0
SCHOOL_6654,0,0,0,0,0,0,0,0,0,0,1,1020000.0,-16.45847,29.71207,0.0,0.0,0.0,NA,0.0,0.0
SCHOOL_6655,0,0,0,0,0,0,0,0,0,0,1,3840000.0,-16.436499999999995,29.67043,0.0,0.0,0.0,NA,0.0,0.0
SCHOOL_6656,0,0,0,0,0,0,0,0,0,0,2,9576000.0,-16.39178000000006,29.70317500000001,0.0,0.0,0.0,NA,0.0,0.0
SCHOOL_6657,0,0,0,0,0,0,0,0,0,0,1,4848000.0,-16.84173,29.95697,0.0,0.0,0.0,NA,0.0,0.0
SCHOOL_6658,0,0,0,0,0,0,0,0,0,0,1,2520000.0,-16.559350000000006,29.94282,0.0,0.0,0.0,NA,0.0,0.0
SCHOOL_6659,0,0,0,0,0,0,0,0,0,0,1,2676000.0,-16.50108,29.946780000000004,0.0,0.0,0.0,NA,0.0,0.0
SCHOOL_6660,0,0,0,0,0,0,0,0,0,0,1,8016000.0,-16.463010000000004,29.966190000000005,0.0,0.0,0.0,NA,0.0,0.0
SCHOOL_6661,0,0,0,0,0,0,0,0,0,0,1,1584000.0,-16.381850000000007,29.75269,0.0,0.0,0.0,NA,0.0,0.0
SCHOOL_6662,0,0,0,0,0,0,0,0,0,0,1,5760000.0,-16.381379999999993,29.750070000000004,0.0,0.0,0.0,NA,0.0,0.0
SPARSE_1,0,14,61,0,0,0,0,0,0,0,0,0.0,-16.004166266650003,28.90416583105003,0.0,378.68609619140625,378.68609619140625,OM,-0.5640000104904175,0.14073498966764345
SPARSE_2,0,0,54,7,0,0,0,0,0,0,0,0.0,-16.004166266650003,30.56249915775003,0.0,303.8067932128906,303.8067932128906,NA,0.0010000000474974513,0.25001066645311615
SPARSE_3,0,6,113,0,0,0,0,0,0,0,0,0.0,-16.020832933250002,31.06249915575003,0.0,594.3406372070312,594.3406372070312,NA,-0.5220000147819519,0.06222808363357036
SPARSE_4,0,59,386,188,6,0,0,0,0,0,0,0.0,-16.045832933150002,28.85833249790003,0.0,3196.32958984375,799.0823974609375,OM,0.029999999329447746,0.5424549343466735
SPARSE_5,0,1,75,0,0,0,0,0,0,0,0,0.0,-16.095832932950003,30.57083249105003,0.0,380.9017028808594,380.9017028808594,NA,-0.45399999618530273,0.09114823206130222
SPARSE_6,0,0,72,0,0,0,0,0,0,0,0,0.0,-16.112499599550002,30.56249915775003,0.0,360.6875915527344,360.6875915527344,NA,-0.4259999990463257,0.09114823206130222
SPARSE_7,0,1,61,0,0,0,0,0,0,0,0,0.0,-16.14583293275,31.08749915565003,0.0,311.6448974609375,311.6448974609375,NA,-0.4880000054836273,0.03274650176974982
SPARSE_8,0,6,63,0,0,0,0,0,0,0,0,0.0,-16.162499599350003,31.06249915575003,0.0,342.79986572265625,342.79986572265625,NA,-0.5509999990463257,0.03274650176974982
SPARSE_9,1,73,292,87,2,0,0,0,0,0,0,0.0,-16.172916265975,30.55833249110003,0.0,2277.5048828125,569.376220703125,NA,-0.15700000524520874,0.5424549343466735
SPARSE_10,0,4,59,0,0,0,0,0,0,0,0,0.0,-16.179166265950002,31.03749915585003,0.0,313.8766784667969,313.8766784667969,NA,-0.5350000262260437,0.03274650176974982
SPARSE_11,0,10,39,12,0,0,0,0,0,0,0,0.0,-16.187499599250003,30.55416582445003,0.0,304.91943359375,304.91943359375,NA,-0.15700000524520874,0.5424549343466735
SPARSE_12,0,2,61,139,23,0,0,0,0,0,0,0.0,-16.19583293255,31.68749915325003,0.0,1120.6038818359375,1120.6038818359375,NA,0.628000020980835,0.5424549343466735
SPARSE_13,0,48,25,0,0,0,0,0,0,0,0,0.0,-16.270832932250002,30.93749915625003,0.0,363.1169128417969,363.1169128417969,NA,-0.7289999723434448,0.04737613478336095
SPARSE_14,1,25,42,5,0,0,0,0,0,0,0,0.0,-16.279166265550003,30.97083248945003,0.0,363.84521484375,363.84521484375,NA,-0.48899999260902405,0.5424549343466735
SPARSE_15,3,35,32,2,0,0,0,0,0,0,0,0.0,-16.28749959885,31.537499153850028,0.0,361.4737548828125,361.4737548828125,NA,-0.7210000157356262,0.5424549343466735
SPARSE_16,0,22,124,1,0,0,0,0,0,0,0,0.0,-16.320832932050003,31.44999915420003,0.0,731.3138427734375,365.65692138671875,NA,-0.40700000524520874,0.27152900633585775
SPARSE_17,0,55,30,0,0,0,0,0,0,0,0,0.0,-16.320832932050003,31.52083248725003,0.0,422.1459655761719,422.1459655761719,NA,-0.7910000085830688,0.27152900633585775
SPARSE_18,2,32,36,3,0,0,0,0,0,0,0,0.0,-16.37916626515,31.70416581985003,0.0,366.2904968261719,366.2904968261719,NA,-0.6449999809265137,0.5424549343466735
SPARSE_19,0,0,76,0,0,0,0,0,0,0,0,0.0,-16.387499598450002,29.38749916245003,0.0,379.86944580078125,379.86944580078125,NA,-0.3269999921321869,0.14073498966764345
SPARSE_20,0,0,293,98,0,0,0,0,0,0,0,0.0,-16.391666265100003,30.99583248935003,0.0,1955.9029541015625,977.9514770507812,NA,0.13699999451637268,0.2556840466763671
SPARSE_21,0,13,49,0,0,0,0,0,0,0,0,0.0,-16.40416626505,29.41249916235003,0.0,313.47967529296875,313.47967529296875,NA,-0.5770000219345093,0.14073498966764345
SPARSE_22,3,35,31,2,0,0,0,0,0,0,0,0.0,-16.454166264850002,29.58749916165003,0.0,358.0740661621094,358.0740661621094,NA,-0.7329999804496765,0.5424549343466735
SPARSE_23,1,27,40,2,0,0,0,0,0,0,0,0.0,-16.479166264750003,31.25416582165003,0.0,348.0855407714844,348.0855407714844,NA,-0.5600000023841858,0.4772970789867935
SPARSE_24,0,21,40,0,0,0,0,0,0,0,0,0.0,-16.479166264750003,31.84583248595003,0.0,309.7855529785156,309.7855529785156,NA,-0.6209999918937683,0.17103313060172431
SPARSE_25,0,2,71,0,0,0,0,0,0,0,0,0.0,-16.48749959805,29.47083249545003,0.0,365.69610595703125,365.69610595703125,NA,-0.2800000011920929,0.20576807412607545
SPARSE_26,0,1,67,0,0,0,0,0,0,0,0,0.0,-16.48749959805,31.37083248785003,0.0,343.272705078125,343.272705078125,NA,-0.26600000262260437,0.1951614697530258
SPARSE_27,0,0,7,42,18,0,0,0,0,0,0,0.0,-16.520832931250002,28.76249916495003,0.0,341.1551818847656,341.1551818847656,NA,0.9860000014305115,0.5424549343466735
SPARSE_28,0,9,40,14,0,0,0,0,0,0,0,0.0,-16.529166264550003,30.50416582465003,0.0,314.5845642089844,314.5845642089844,NA,-0.10700000077486038,0.5424549343466735
SPARSE_29,1,30,97,24,0,0,0,0,0,0,0,0.0,-16.5416662645,28.870832497850028,0.0,759.69189453125,379.845947265625,OM,-0.2290000021457672,0.5424549343466735
SPARSE_30,2,30,35,3,0,0,0,0,0,0,0,0.0,-16.53749959785,32.204165817850026,0.0,349.4682922363281,349.4682922363281,NA,-0.6269999742507935,0.5424549343466735
SPARSE_31,0,2,30,33,2,0,0,0,0,0,0,0.0,-16.554166264450004,31.59583248695003,0.0,334.20050048828125,334.20050048828125,NA,0.3400000035762787,0.5424549343466735
SPARSE_32,0,15,43,10,0,0,0,0,0,0,0,0.0,-16.56249959775,29.83749916065003,0.0,336.9037170410156,336.9037170410156,NA,-0.27000001072883606,0.5424549343466735
SPARSE_33,0,0,57,95,0,0,0,0,0,0,0,0.0,-16.56249959775,31.579165820350028,0.0,759.4932861328125,759.4932861328125,NA,0.3400000035762787,2.5288108933826254e-09
SPARSE_34,1,40,111,23,0,0,0,0,0,0,0,0.0,-16.566666264400002,31.787499152850028,0.0,875.145263671875,437.5726318359375,NA,-0.2919999957084656,0.5424549343466735
SPARSE_35,1,20,39,6,0,0,0,0,0,0,0,0.0,-16.57916626435,32.09583248495003,0.0,327.59478759765625,327.59478759765625,NA,-0.4320000112056732,0.5424549343466735
SPARSE_36,0,0,67,5,0,0,0,0,0,0,0,0.0,-16.60416626425,29.44583249555003,0.0,360.8719787597656,360.8719787597656,NA,0.010999999940395355,0.20576807412607545
SPARSE_37,2,30,27,2,0,0,0,0,0,0,0,0.0,-16.62916626415,30.14583249275003,0.0,302.1039733886719,302.1039733886719,NA,-0.7260000109672546,0.5424549343466735
SPARSE_38,0,10,103,3,0,0,0,0,0,0,0,0.0,-16.65416626405,30.69583249055003,0.0,578.6950073242188,578.6950073242188,NA,-0.2800000011920929,0.29698483882604326
SPARSE_39,0,1,74,24,0,0,0,0,0,0,0,0.0,-16.65416626405,31.82916581935003,0.0,499.0292663574219,499.0292663574219,NA,0.07500000298023224,0.33870416024235495
SPARSE_40,0,35,33,0,0,0,0,0,0,0,0,0.0,-16.67083293065,30.72083249045003,0.0,338.5088195800781,338.5088195800781,NA,-0.699999988079071,0.29698483882604326
SPARSE_41,0,14,56,1,0,0,0,0,0,0,0,0.0,-16.67083293065,31.74583248635003,0.0,359.94769287109375,359.94769287109375,NA,-0.40400001406669617,0.33870416024235495
SPARSE_42,1,24,35,4,0,0,0,0,0,0,0,0.0,-16.679166263950002,30.64583249075003,0.0,319.8065490722656,319.8065490722656,NA,-0.5360000133514404,0.5424549343466735
SPARSE_43,1,29,51,7,0,0,0,0,0,0,0,0.0,-16.712499597150003,31.56249915375003,0.0,442.6699523925781,442.6699523925781,NA,-0.4699999988079071,0.5424549343466735
SPARSE_44,0,17,47,10,0,0,0,0,0,0,0,0.0,-16.74583293035,31.69583248655003,0.0,369.45013427734375,369.45013427734375,NA,-0.3009999990463257,0.5424549343466735
SPARSE_45,3,34,30,2,0,0,0,0,0,0,0,0.0,-16.74583293035,32.27916581755003,0.0,341.87725830078125,341.87725830078125,NA,-0.7459999918937683,0.5424549343466735
SPARSE_46,0,74,16,0,0,0,0,0,0,0,0,0.0,-16.76249959695,31.46249915415003,0.0,452.6612548828125,452.6612548828125,NA,-0.8809999823570251,0.21206437163512193
SPARSE_47,0,5,56,0,0,0,0,0,0,0,0,0.0,-16.76249959695,31.49583248735003,0.0,307.1351013183594,307.1351013183594,NA,-0.3919999897480011,0.21672332867761668
SPARSE_48,0,0,63,0,0,0,0,0,0,0,0,0.0,-16.76249959695,31.66249915335003,0.0,313.59857177734375,313.59857177734375,NA,-0.24199999868869781,0.050204582391475544
SPARSE_49,0,1,80,0,0,0,0,0,0,0,0,0.0,-16.770832930250002,30.66249915735003,0.0,407.0796813964844,407.0796813964844,NA,-0.4690000116825104,0.025106435113462274
SPARSE_50,0,5,77,0,0,0,0,0,0,0,0,0.0,-16.779166263550003,30.35416582525003,0.0,413.2206726074219,413.2206726074219,NA,-0.38100001215934753,0.20435386296607272
SPARSE_51,0,26,79,0,0,0,0,0,0,0,0,0.0,-16.779166263550003,31.50416582065003,0.0,524.6925048828125,524.6925048828125,NA,-0.5410000085830688,0.21672332867761668
SPARSE_52,0,8,60,6,0,0,0,0,0,0,0,0.0,-16.78749959685,30.22083249245003,0.0,369.6457214355469,369.6457214355469,NA,-0.23000000417232513,0.3754736820125623
SPARSE_53,0,22,43,0,0,0,0,0,0,0,0,0.0,-16.78749959685,31.445832487550028,0.0,324.14703369140625,324.14703369140625,NA,-0.5979999899864197,0.21206437163512193
SPARSE_54,0,0,74,2,0,0,0,0,0,0,0,0.0,-16.78749959685,31.537499153850028,0.0,382.39044189453125,382.39044189453125,NA,-0.11400000005960464,0.21672332867761668
SPARSE_55,0,18,54,12,0,0,0,0,0,0,0,0.0,-16.795832930150002,29.96249916015003,0.0,422.6515808105469,422.6515808105469,NA,-0.27000001072883606,0.5424549343466735
SPARSE_56,1,63,282,95,2,0,0,0,0,0,0,0.0,-16.8083329301,29.712499161150028,0.0,2210.11767578125,1105.058837890625,NA,-0.1120000034570694,0.5424549343466735
SPARSE_57,0,13,137,0,0,0,0,0,0,0,0,0.0,-16.80416626345,31.32083248805003,0.0,755.0722045898438,755.0722045898438,NA,-0.40299999713897705,0.21206437163512193
SPARSE_58,0,3,67,0,0,0,0,0,0,0,0,0.0,-16.80416626345,31.395832487750027,0.0,353.3846740722656,353.3846740722656,NA,-0.335999995470047,0.21206437163512193
SPARSE_59,1,25,32,3,0,0,0,0,0,0,0,0.0,-16.82916626335,31.03749915585003,0.0,305.537353515625,305.537353515625,NA,-0.593999981880188,0.5424549343466735
SPARSE_60,1,22,38,5,0,0,0,0,0,0,0,0.0,-16.83749959665,28.29583250015003,0.0,326.19305419921875,326.19305419921875,OM,-0.4830000102519989,0.5424549343466735
SPARSE_61,0,0,36,184,6,0,0,0,0,0,0,0.0,-16.83749959665,29.42916582895003,0.0,1128.5614013671875,1128.5614013671875,NA,0.6489999890327454,0.3396866145058385
SPARSE_62,1,28,54,8,0,0,0,0,0,0,0,0.0,-16.85416626325,28.42916583295003,0.0,456.7021484375,456.7021484375,OM,-0.4300000071525574,0.5424549343466735
SPARSE_63,0,17,94,39,1,0,0,0,0,0,0,0.0,-16.85416626325,30.670832490650028,0.0,755.0479736328125,755.0479736328125,NA,-0.032999999821186066,0.5424549343466735
SPARSE_64,0,1,100,52,0,0,0,0,0,0,0,0.0,-16.862499596550002,29.42499916230003,0.0,766.1456298828125,383.07281494140625,NA,0.1679999977350235,0.3396866145058385
SPARSE_65,0,3,190,47,0,0,0,0,0,0,0,0.0,-16.87916626315,29.91249916035003,0.0,1200.763916015625,400.254638671875,NA,0.03500000014901161,0.31900100424336353
SPARSE_66,0,28,32,0,0,0,0,0,0,0,0,0.0,-16.870832929850003,30.25416582565003,0.0,301.98480224609375,301.98480224609375,NA,-0.6700000166893005,0.20435386296607272
SPARSE_67,0,0,65,0,0,0,0,0,0,0,0,0.0,-16.870832929850003,30.74583249035003,0.0,322.8573913574219,322.8573913574219,NA,-0.25,0.049497469625436503
SPARSE_68,2,176,130,1,0,0,0,0,0,0,0,0.0,-16.884721818683335,30.16805471488336,0.0,1541.9896240234375,513.9965209960938,NA,-0.7609999775886536,0.3754736820125623
SPARSE_69,0,130,111,0,0,0,0,0,0,0,0,0.0,-16.887499596450002,31.54583248715003,0.0,1205.5772705078125,401.8591003417969,NA,-0.7139999866485596,0.2566797521298227
SPARSE_70,0,27,88,22,0,0,0,0,0,0,0,0.0,-16.891666263100003,31.42499915430003,0.0,690.1513061523438,345.0756530761719,NA,-0.23199999332427979,0.5424549343466735
SPARSE_71,0,17,40,7,0,0,0,0,0,0,0,0.0,-16.89583292975,31.62083248685003,0.0,322.4460754394531,322.4460754394531,NA,-0.3630000054836273,0.5424549343466735
SPARSE_72,0,31,45,0,0,0,0,0,0,0,0,0.0,-16.90416626305,29.96249916015003,0.0,382.2525329589844,382.2525329589844,NA,-0.6140000224113464,0.31900100424336353
SPARSE_73,0,14,51,0,0,0,0,0,0,0,0,0.0,-16.90416626305,30.09583249295003,0.0,323.8888244628906,323.8888244628906,NA,-0.5440000295639038,0.1831406165406908
SPARSE_74,0,0,104,60,0,0,0,0,0,0,0,0.0,-16.9249995963,31.52499915390003,0.0,817.3019409179688,408.6509704589844,NA,0.2460000067949295,0.18177275554620717
SPARSE_75,0,17,40,7,0,0,0,0,0,0,0,0.0,-16.92083292965,32.62916581615003,0.0,325.4400329589844,325.4400329589844,NA,-0.34700000286102295,0.5424549343466735
SPARSE_76,0,0,72,5,0,0,0,0,0,0,0,0.0,-16.92916626295,31.54583248715003,0.0,386.3033752441406,386.3033752441406,NA,0.035999998450279236,0.18177275554620717
SPARSE_77,0,53,19,0,0,0,0,0,0,0,0,0.0,-16.937499596250003,30.08749915965003,0.0,358.45098876953125,358.45098876953125,NA,-0.8029999732971191,0.1831406165406908
SPARSE_78,0,18,51,11,0,0,0,0,0,0,0,0.0,-16.94583292955,32.07916581835003,0.0,404.51531982421875,404.51531982421875,NA,-0.2840000092983246,0.5424549343466735
SPARSE_79,1,124,50,0,0,0,0,0,0,0,0,0.0,-16.954166262850002,29.941665826900028,0.0,874.0870361328125,437.04351806640625,NA,-0.8679999709129333,0.31900100424336353
SPARSE_80,0,2,168,0,0,0,0,0,0,0,0,0.0,-16.958332929500003,31.60416582025003,0.0,850.3851318359375,425.19256591796875,NA,-0.26899999380111694,0.17960299640377536
SPARSE_81,1,26,35,3,0,0,0,0,0,0,0,0.0,-16.962499596150003,29.47916582875003,0.0,325.4251403808594,325.4251403808594,NA,-0.5730000138282776,0.5424549343466735
SPARSE_82,0,18,60,15,0,0,0,0,0,0,0,0.0,-16.962499596150003,30.87916582315003,0.0,464.40350341796875,464.40350341796875,NA,-0.22699999809265137,0.5424549343466735
SPARSE_83,0,45,70,0,0,0,0,0,0,0,0,0.0,-16.962499596150003,31.62083248685003,0.0,575.3289794921875,575.3289794921875,NA,-0.6399999856948853,0.17960299640377536
SPARSE_84,0,0,60,0,0,0,0,0,0,0,0,0.0,-16.97083292945,30.712499157150027,0.0,301.84307861328125,301.84307861328125,NA,-0.18000000715255737,0.049497469625436503
SPARSE_85,0,0,60,0,0,0,0,0,0,0,0,0.0,-16.97083292945,30.93749915625003,0.0,301.5268859863281,301.5268859863281,NA,-0.29499998688697815,0.135540768542655
SPARSE_86,0,18,42,7,0,0,0,0,0,0,0,0.0,-16.979166262750002,31.46249915415003,0.0,335.82281494140625,335.82281494140625,NA,-0.3619999885559082,0.5424549343466735
SPARSE_87,0,0,122,0,0,0,0,0,0,0,0,0.0,-16.979166262750002,31.64583248675003,0.0,612.3209228515625,612.3209228515625,NA,-0.21199999749660492,0.17960299640377536
SPARSE_88,0,0,18,56,12,0,0,0,0,0,0,0.0,-16.98749959605,29.212499163150028,0.0,433.4742126464844,433.4742126464844,NA,0.7369999885559082,0.5424549343466735
SPARSE_89,0,0,79,0,0,0,0,0,0,0,0,0.0,-16.98749959605,31.02083248925003,0.0,393.5446472167969,393.5446472167969,NA,-0.28600001335144043,0.135540768542655
SPARSE_90,1,21,46,8,0,0,0,0,0,0,0,0.0,-16.98749959605,31.170832488650028,0.0,376.92352294921875,376.92352294921875,NA,-0.3720000088214874,0.5424549343466735
SPARSE_91,0,15,42,8,0,0,0,0,0,0,0,0.0,-16.98749959605,31.32083248805003,0.0,329.39044189453125,329.39044189453125,NA,-0.3050000071525574,0.5424549343466735
SPARSE_92,0,0,176,1,0,0,0,0,0,0,0,0.0,-16.9916662627,31.60833248690003,0.0,883.1550903320312,441.5775451660156,NA,-0.17100000381469727,0.17960299640377536
SPARSE_93,0,16,95,41,1,0,0,0,0,0,0,0.0,-16.98749959605,32.69166581590003,0.0,769.8826293945312,384.9413146972656,NA,-0.014000000432133675,0.5424549343466735
SPARSE_94,0,9,160,0,0,0,0,0,0,0,0,0.0,-17.004166262650003,31.57083248705003,0.0,843.258056640625,843.258056640625,NA,-0.39399999380111694,0.17960299640377536
SPARSE_95,0,0,147,0,0,0,0,0,0,0,0,0.0,-17.004166262650003,31.63749915345003,0.0,739.7758178710938,739.7758178710938,NA,-0.1809999942779541,0.17960299640377536
SPARSE_96,0,13,36,12,0,0,0,0,0,0,0,0.0,-17.01249959595,30.84583248995003,0.0,307.1504821777344,307.1504821777344,NA,-0.210999995470047,0.6075850390241937
SPARSE_97,0,0,46,35,0,0,0,0,0,0,0,0.0,-17.01249959595,31.32916582135003,0.0,407.95086669921875,407.95086669921875,NA,0.25,0.34209647460342213
SPARSE_98,1,34,120,32,0,0,0,0,0,0,0,0.0,-17.01249959595,31.45833248750003,0.0,937.879638671875,468.9398193359375,NA,-0.20200000703334808,0.5424549343466735
SPARSE_99,0,85,59,0,0,0,0,0,0,0,0,0.0,-17.024999595900002,29.88333249380003,0.0,726.4462890625,363.22314453125,NA,-0.7609999775886536,0.31900100424336353
SPARSE_100,0,0,61,1,0,0,0,0,0,0,0,0.0,-17.020832929250002,30.94583248955003,0.0,308.8965759277344,308.8965759277344,NA,0.012000000104308128,0.135540768542655
SPARSE_101,0,0,76,0,0,0,0,0,0,0,0,0.0,-17.020832929250002,31.13749915545003,0.0,380.37164306640625,380.37164306640625,NA,-0.164000004529953,0.18243354634296877
SPARSE_102,0,4,53,5,0,0,0,0,0,0,0,0.0,-17.020832929250002,31.31249915475003,0.0,311.3019104003906,311.3019104003906,NA,-0.17900000512599945,0.34209647460342213
SPARSE_103,0,15,251,286,23,0,0,0,0,0,0,0.0,-17.0333329292,30.437499158250027,0.0,2876.9423828125,719.235595703125,NA,0.35899999737739563,0.5424549343466735
SPARSE_104,12,244,501,118,3,0,0,0,0,0,0,0.0,-17.029166262550003,30.84166582330003,0.0,4387.22607421875,2193.613037109375,NA,-0.35499998927116394,0.6075850390241937
SPARSE_105,0,45,21,0,0,0,0,0,0,0,0,0.0,-17.03749959585,29.95416582685003,0.0,331.54815673828125,331.54815673828125,NA,-0.8460000157356262,0.31900100424336353
SPARSE_106,0,12,55,2,0,0,0,0,0,0,0,0.0,-17.03749959585,31.31249915475003,0.0,342.0786437988281,342.0786437988281,NA,-0.36800000071525574,0.34209647460342213
SPARSE_107,1,22,43,6,0,0,0,0,0,0,0,0.0,-17.045832929150002,29.72083249445003,0.0,363.1930847167969,363.1930847167969,NA,-0.4309999942779541,0.5424549343466735
SPARSE_108,0,7,68,3,0,0,0,0,0,0,0,0.0,-17.045832929150002,29.895832493750028,0.0,390.1000671386719,390.1000671386719,NA,-0.26499998569488525,0.31900100424336353
SPARSE_109,0,13,37,12,0,0,0,0,0,0,0,0.0,-17.045832929150002,30.87083248985003,0.0,313.2375183105469,313.2375183105469,NA,-0.21299999952316284,0.6075850390241937
SPARSE_110,0,0,79,0,0,0,0,0,0,0,0,0.0,-17.045832929150002,30.95416582285003,0.0,394.25067138671875,394.25067138671875,NA,-0.16300000250339508,0.135540768542655
SPARSE_111,0,0,61,0,0,0,0,0,0,0,0,0.0,-17.06249959575,30.46249915815003,0.0,306.96929931640625,306.96929931640625,NA,-0.32199999690055847,0.023671365992211767
SPARSE_112,0,1,62,0,0,0,0,0,0,0,0,0.0,-17.06249959575,31.22083248845003,0.0,317.0342712402344,317.0342712402344,NA,-0.3400000035762787,0.1626345520864732
SPARSE_113,0,8,82,62,3,0,0,0,0,0,0,0.0,-17.06249959575,31.65416582005003,0.0,775.5062866210938,775.5062866210938,NA,0.19699999690055847,0.5424549343466735
SPARSE_114,0,21,107,2,0,0,0,0,0,0,0,0.0,-17.070832929050002,29.91249916035003,0.0,648.7676391601562,648.7676391601562,NA,-0.3720000088214874,0.31900100424336353
SPARSE_115,0,0,80,0,0,0,0,0,0,0,0,0.0,-17.07916626235,30.49583249135003,0.0,401.3768615722656,401.3768615722656,NA,-0.3630000054836273,0.023671365992211767
SPARSE_116,0,0,65,0,0,0,0,0,0,0,0,0.0,-17.07916626235,30.987499156050028,0.0,328.2388000488281,328.2388000488281,NA,-0.061000000685453415,0.135540768542655
SPARSE_117,0,0,65,11,0,0,0,0,0,0,0,0.0,-17.07916626235,31.54583248715003,0.0,379.1077880859375,379.1077880859375,NA,0.017000000923871994,0.2705087894614858
SPARSE_118,0,22,66,15,0,0,0,0,0,0,0,0.0,-17.08749959565,29.32083249605003,0.0,518.1104736328125,518.1104736328125,NA,-0.2669999897480011,0.5424549343466735
SPARSE_119,0,0,100,0,0,0,0,0,0,0,0,0.0,-17.08749959565,30.47916582475003,0.0,498.3612060546875,498.3612060546875,NA,-0.3630000054836273,0.023671365992211767
SPARSE_120,0,16,58,3,0,0,0,0,0,0,0,0.0,-17.08749959565,30.72083249045003,0.0,381.07391357421875,381.07391357421875,NA,-0.3720000088214874,0.38430575467900674
SPARSE_121,0,20,39,0,0,0,0,0,0,0,0,0.0,-17.08749959565,31.27916582155003,0.0,301.5277404785156,301.5277404785156,NA,-0.546999990940094,0.34209647460342213
SPARSE_122,0,7,40,17,0,0,0,0,0,0,0,0.0,-17.095832928950003,30.87916582315003,0.0,326.9176940917969,326.9176940917969,NA,-0.01899999938905239,0.5424549343466735
SPARSE_123,0,15,49,0,0,0,0,0,0,0,0,0.0,-17.095832928950003,31.17916582195003,0.0,322.5093078613281,322.5093078613281,NA,-0.5699999928474426,0.1626345520864732
SPARSE_124,0,0,60,0,0,0,0,0,0,0,0,0.0,-17.095832928950003,31.40416582105003,0.0,302.7015075683594,302.7015075683594,NA,-0.32600000500679016,0.130481149962424
SPARSE_125,0,0,87,0,0,0,0,0,0,0,0,0.0,-17.10416626225,31.42083248765003,0.0,437.05145263671875,437.05145263671875,NA,-0.32600000500679016,0.130481149962424
SPARSE_126,0,45,44,0,0,0,0,0,0,0,0,0.0,-17.112499595550002,29.77083249425003,0.0,444.8313293457031,444.8313293457031,NA,-0.6909999847412109,0.31900100424336353
SPARSE_127,0,0,60,0,0,0,0,0,0,0,0,0.0,-17.112499595550002,29.91249916035003,0.0,302.56585693359375,302.56585693359375,NA,-0.17299999296665192,0.17300385516031883
SPARSE_128,0,0,67,0,0,0,0,0,0,0,0,0.0,-17.112499595550002,30.47083249145003,0.0,333.8921813964844,333.8921813964844,NA,-0.02500000037252903,0.11019490253191269
SPARSE_129,0,4,327,259,2,0,0,0,0,0,0,0.0,-17.120832928850003,30.68749915725003,0.0,2955.865234375,985.2883911132812,NA,0.25099998712539673,0.38430575467900674
SPARSE_130,0,8,72,0,0,0,0,0,0,0,0,0.0,-17.112499595550002,32.45416581685003,0.0,399.10833740234375,399.10833740234375,NA,-0.4580000042915344,0.17819091172499568
SPARSE_131,0,10,47,16,0,0,0,0,0,0,0,0.0,-17.120832928850003,29.61249916155003,0.0,367.39556884765625,367.39556884765625,NA,-0.09600000083446503,0.5424549343466735
SPARSE_132,0,33,61,2,0,0,0,0,0,0,0,0.0,-17.120832928850003,30.53749915785003,0.0,485.32177734375,485.32177734375,NA,-0.5170000195503235,0.42214276092812975
SPARSE_133,0,6,59,43,2,0,0,0,0,0,0,0.0,-17.12916626215,28.36249916655003,0.0,547.1177978515625,547.1177978515625,NA,0.1860000044107437,0.5424549343466735
SPARSE_134,4,34,27,2,0,0,0,0,0,0,0,0.0,-17.12916626215,30.33749915865003,0.0,332.742919921875,332.742919921875,NA,-0.777999997138977,0.5706351698044393
SPARSE_135,0,27,105,31,1,0,0,0,0,0,0,0.0,-17.1333329288,31.058332489100028,0.0,818.993408203125,409.4967041015625,NA,-0.16300000250339508,0.5424549343466735
SPARSE_136,0,7,62,0,0,0,0,0,0,0,0,0.0,-17.137499595450002,30.08749915965003,0.0,347.2379150390625,347.2379150390625,NA,-0.46700000762939453,0.17300385516031883
SPARSE_137,0,9,69,0,0,0,0,0,0,0,0,0.0,-17.145832928750004,30.06249915975003,0.0,388.4066162109375,388.4066162109375,NA,-0.4779999852180481,0.17300385516031883
SPARSE_138,0,2,141,89,0,0,0,0,0,0,0,0.0,-17.151388484283334,30.676388046183362,0.0,1164.964599609375,388.321533203125,NA,0.19599999487400055,0.38430575467900674
SPARSE_139,0,0,70,0,0,0,0,0,0,0,0,0.0,-17.145832928750004,31.52083248725003,0.0,348.8900451660156,348.8900451660156,NA,-0.30300000309944153,0.10960155192685184
SPARSE_140,0,0,71,0,0,0,0,0,0,0,0,0.0,-17.145832928750004,31.62916582015003,0.0,354.8509216308594,354.8509216308594,NA,-0.1469999998807907,0.12303658692283612
SPARSE_141,0,0,133,0,0,0,0,0,0,0,0,0.0,-17.158332928700002,31.61666582020003,0.0,663.827392578125,331.9136962890625,NA,-0.32100000977516174,0.12303658692283612
SPARSE_142,0,2,59,2,0,0,0,0,0,0,0,0.0,-17.15416626205,31.66249915335003,0.0,316.8572082519531,316.8572082519531,NA,-0.17800000309944153,0.2705087894614858
SPARSE_143,0,0,79,0,0,0,0,0,0,0,0,0.0,-17.15416626205,32.39583248375003,0.0,398.3796081542969,398.3796081542969,NA,-0.20600000023841858,0.17819091172499568
SPARSE_144,0,1,82,0,0,0,0,0,0,0,0,0.0,-17.162499595350003,31.52916582055003,0.0,416.6627502441406,416.6627502441406,NA,-0.4580000042915344,0.10960155192685184
SPARSE_145,0,0,155,1,0,0,0,0,0,0,0,0.0,-17.1749995953,31.25416582165003,0.0,778.72314453125,389.361572265625,NA,0.04100000113248825,0.08273149247159539
SPARSE_146,0,5,58,1,0,0,0,0,0,0,0,0.0,-17.17083292865,31.67916581995003,0.0,316.2902526855469,316.2902526855469,NA,-0.2930000126361847,0.2705087894614858
SPARSE_147,0,14,79,41,2,0,0,0,0,0,0,0.0,-17.183332928600002,30.37916582515003,0.0,676.97607421875,338.488037109375,NA,0.028999999165534973,0.5706351698044393
SPARSE_148,0,3,54,24,0,0,0,0,0,0,0,0.0,-17.17916626195,30.53749915785003,0.0,403.17218017578125,403.17218017578125,NA,0.07999999821186066,0.42214276092812975
SPARSE_149,0,27,38,0,0,0,0,0,0,0,0,0.0,-17.17916626195,31.65416582005003,0.0,326.5072326660156,326.5072326660156,NA,-0.628000020980835,0.2705087894614858
SPARSE_150,0,0,89,0,0,0,0,0,0,0,0,0.0,-17.187499595250003,30.50416582465003,0.0,444.94415283203125,444.94415283203125,NA,-0.23199999332427979,0.11019490253191269
SPARSE_151,0,11,62,0,0,0,0,0,0,0,0,0.0,-17.187499595250003,31.395832487750027,0.0,365.492431640625,365.492431640625,NA,-0.5519999861717224,0.130481149962424
SPARSE_152,1,25,35,4,0,0,0,0,0,0,0,0.0,-17.187499595250003,32.87083248185003,0.0,323.0786437988281,323.0786437988281,NA,-0.5550000071525574,0.5424549343466735
SPARSE_153,0,6,51,7,0,0,0,0,0,0,0,0.0,-17.19583292855,31.29583248815003,0.0,322.7285461425781,322.7285461425781,NA,-0.17299999296665192,0.3918622316598365
SPARSE_154,0,74,184,2,0,0,0,0,0,0,0,0.0,-17.20694403961667,31.098610266716697,0.0,1304.049072265625,434.6830139160156,NA,-0.49399998784065247,0.3401183531527723
SPARSE_155,2,82,178,29,0,0,0,0,0,0,0,0.0,-17.209721817383336,31.606943598016695,0.0,1456.6015625,485.5338439941406,NA,-0.3889999985694885,0.5424549343466735
SPARSE_156,0,5,56,1,0,0,0,0,0,0,0,0.0,-17.204166261850002,32.78749914885003,0.0,309.74114990234375,309.74114990234375,NA,-0.27900001406669617,0.2824222580877849
SPARSE_157,0,0,81,0,0,0,0,0,0,0,0,0.0,-17.212499595150003,31.27916582155003,0.0,404.5537414550781,404.5537414550781,NA,-0.07599999755620956,0.08273149247159539
SPARSE_158,0,0,77,0,0,0,0,0,0,0,0,0.0,-17.22083292845,30.55416582445003,0.0,385.9178771972656,385.9178771972656,NA,-0.26100000739097595,0.11019490253191269
SPARSE_159,0,11,48,15,0,0,0,0,0,0,0,0.0,-17.22083292845,31.84583248595003,0.0,375.0133972167969,375.0133972167969,NA,-0.1289999932050705,0.5424549343466735
SPARSE_160,0,51,21,0,0,0,0,0,0,0,0,0.0,-17.22083292845,32.71249914915003,0.0,360.7964172363281,360.7964172363281,NA,-0.8420000076293945,0.2824222580877849
SPARSE_161,0,150,327,9,0,0,0,0,0,0,0,0.0,-17.2416662617,30.59999915760003,0.0,2430.783935546875,607.6959838867188,NA,-0.49799999594688416,0.38430575467900674
SPARSE_162,0,0,51,20,0,0,0,0,0,0,0,0.0,-17.24583292835,30.40416582505003,0.0,353.4853210449219,353.4853210449219,NA,0.13699999451637268,0.29769197865035907
SPARSE_163,0,33,55,0,0,0,0,0,0,0,0,0.0,-17.24583292835,32.63749914945003,0.0,443.68328857421875,443.68328857421875,NA,-0.6000000238418579,0.2824222580877849
SPARSE_164,0,11,50,9,0,0,0,0,0,0,0,0.0,-17.254166261650003,30.77083249025003,0.0,347.0006408691406,347.0006408691406,NA,-0.2199999988079071,0.4560838814517559
SPARSE_165,0,1,68,0,0,0,0,0,0,0,0,0.0,-17.254166261650003,31.09583248895003,0.0,343.7870178222656,343.7870178222656,NA,-0.44600000977516174,0.09536141311140346
SPARSE_166,0,0,64,0,0,0,0,0,0,0,0,0.0,-17.254166261650003,31.11249915555003,0.0,320.3885498046875,320.3885498046875,NA,-0.44600000977516174,0.09536141311140346
SPARSE_167,2,39,42,3,0,0,0,0,0,0,0,0.0,-17.26249959495,30.11249915955003,0.0,431.5185241699219,431.5185241699219,NA,-0.6549999713897705,0.5424549343466735
SPARSE_168,0,29,40,1,0,0,0,0,0,0,0,0.0,-17.26249959495,31.36249915455003,0.0,353.4717102050781,353.4717102050781,NA,-0.609000027179718,0.3918622316598365
SPARSE_169,0,0,79,0,0,0,0,0,0,0,0,0.0,-17.27083292825,30.47083249145003,0.0,394.128662109375,394.128662109375,NA,-0.23899999260902405,0.11019490253191269
SPARSE_170,0,1,80,117,5,0,0,0,0,0,0,0.0,-17.27083292825,30.68333249060003,0.0,1020.2208251953125,510.11041259765625,NA,0.42500001192092896,0.4560838814517559
SPARSE_171,0,23,42,0,0,0,0,0,0,0,0,0.0,-17.27083292825,31.04583248915003,0.0,323.3451232910156,323.3451232910156,NA,-0.6499999761581421,0.09536141311140346
SPARSE_172,0,1,49,29,0,0,0,0,0,0,0,0.0,-17.27083292825,31.34583248795003,0.0,395.9480895996094,395.9480895996094,NA,0.17299999296665192,0.3918622316598365
SPARSE_173,0,0,65,0,0,0,0,0,0,0,0,0.0,-17.27083292825,31.579165820350028,0.0,322.5188293457031,322.5188293457031,NA,-0.28700000047683716,3.371748041020976e-10
SPARSE_174,0,10,49,17,0,0,0,0,0,0,0,0.0,-17.27083292825,32.24583248435003,0.0,382.6980895996094,382.6980895996094,NA,-0.09399999678134918,0.5424549343466735
SPARSE_175,0,18,82,28,1,0,0,0,0,0,0,0.0,-17.279166261550003,32.51666581660003,0.0,642.5782470703125,321.28912353515625,NA,-0.10300000011920929,0.5424549343466735
SPARSE_176,0,13,624,0,0,0,0,0,0,0,0,0.0,-17.283332928200004,32.616665816200026,0.0,3185.029296875,530.8381958007812,NA,-0.3540000021457672,0.16453338975613466
SPARSE_177,0,23,129,0,0,0,0,0,0,0,0,0.0,-17.28749959485,31.04999915580003,0.0,764.0560302734375,382.02801513671875,NA,-0.5860000252723694,0.09536141311140346
SPARSE_178,0,0,75,30,0,0,0,0,0,0,0,0.0,-17.28749959485,31.31249915475003,0.0,524.9290771484375,524.9290771484375,NA,0.23499999940395355,0.12869343156284704
SPARSE_179,0,1,64,0,0,0,0,0,0,0,0,0.0,-17.28749959485,31.37916582115003,0.0,325.6839904785156,325.6839904785156,NA,-0.4830000102519989,0.10253049085848212
SPARSE_180,0,5,347,1369,396,0,0,0,0,0,0,0.0,-17.297023404335715,31.563689629935745,0.0,10620.43359375,1517.204833984375,NA,0.8349999785423279,0.5424549343466735
SPARSE_181,0,2,72,0,0,0,0,0,0,0,0,0.0,-17.28749959485,32.56249914975003,0.0,368.154296875,368.154296875,NA,-0.3610000014305115,0.16453338975613466
SPARSE_182,0,8,143,0,0,0,0,0,0,0,0,0.0,-17.28749959485,32.57916581635003,0.0,754.6074829101562,754.6074829101562,NA,-0.42500001192092896,0.16453338975613466
SPARSE_183,0,0,62,0,0,0,0,0,0,0,0,0.0,-17.295832928150002,30.212499159150028,0.0,313.7227783203125,313.7227783203125,NA,-0.06700000166893005,0.14919952762720104
SPARSE_184,0,3,63,0,0,0,0,0,0,0,0,0.0,-17.295832928150002,30.40416582505003,0.0,331.19647216796875,331.19647216796875,NA,-0.31200000643730164,0.22451503616317914
SPARSE_185,0,5,64,0,0,0,0,0,0,0,0,0.0,-17.295832928150002,30.49583249135003,0.0,341.92816162109375,341.92816162109375,NA,-0.35600000619888306,0.22451503616317914
SPARSE_186,0,2,111,0,0,0,0,0,0,0,0,0.0,-17.295832928150002,30.99583248935003,0.0,565.8541259765625,565.8541259765625,NA,-0.2809999883174896,0.18879750332755024
SPARSE_187,0,0,64,0,0,0,0,0,0,0,0,0.0,-17.295832928150002,31.43749915425003,0.0,318.0592346191406,318.0592346191406,NA,-0.33799999952316284,0.10253049085848212
SPARSE_188,0,0,79,3,0,0,0,0,0,0,0,0.0,-17.295832928150002,31.61249915355003,0.0,411.93365478515625,411.93365478515625,NA,-0.004999999888241291,0.17606958843642498
SPARSE_189,0,10,41,12,0,0,0,0,0,0,0,0.0,-17.295832928150002,31.82083248605003,0.0,323.00006103515625,323.00006103515625,NA,-0.15800000727176666,0.5424549343466735
SPARSE_190,0,16,44,0,0,0,0,0,0,0,0,0.0,-17.295832928150002,32.59583248295003,0.0,300.8641357421875,300.8641357421875,NA,-0.5839999914169312,0.16453338975613466
SPARSE_191,0,214,55,0,0,0,0,0,0,0,0,0.0,-17.29861070591667,32.662499149350026,0.0,1343.4251708984375,447.8083801269531,NA,-0.824999988079071,0.16453338975613466
SPARSE_192,0,0,80,320,0,0,0,0,0,0,0,0.0,-17.3083329281,31.29999915480003,0.0,1998.199462890625,499.54986572265625,NA,0.4169999957084656,0.12869343156284704
SPARSE_193,0,75,165,6,0,0,0,0,0,0,0,0.0,-17.3166662614,31.51249915395003,0.0,1232.4000244140625,616.2000122070312,NA,-0.4869999885559082,0.39828130333332534
SPARSE_194,1,30,50,6,0,0,0,0,0,0,0,0.0,-17.31249959475,32.01249915195003,0.0,432.3620910644531,432.3620910644531,NA,-0.48899999260902405,0.5424549343466735
SPARSE_195,0,14,54,0,0,0,0,0,0,0,0,0.0,-17.31249959475,32.60416581625003,0.0,340.6072692871094,340.6072692871094,NA,-0.5559999942779541,0.16453338975613466
SPARSE_196,0,15,51,0,0,0,0,0,0,0,0,0.0,-17.320832928050002,30.987499156050028,0.0,329.2276306152344,329.2276306152344,NA,-0.5479999780654907,0.18879750332755024
SPARSE_197,0,47,171,0,0,0,0,0,0,0,0,0.0,-17.320832928050002,31.033332489200028,0.0,1090.1209716796875,545.0604858398438,NA,-0.609000027179718,0.09536141311140346
SPARSE_198,0,12,81,0,0,0,0,0,0,0,0,0.0,-17.320832928050002,31.05416582245003,0.0,467.8975830078125,467.8975830078125,NA,-0.43299999833106995,0.22641708950618789
SPARSE_199,0,0,15,143,21,0,0,0,0,0,0,0.0,-17.324999594700003,31.37499915450003,0.0,893.5517578125,446.77587890625,NA,0.8489999771118164,0.38768156030378853
SPARSE_200,0,0,78,0,0,0,0,0,0,0,0,0.0,-17.329166261350004,30.13749915945003,0.0,388.7185974121094,388.7185974121094,NA,-0.27799999713897705,0.14919952762720104
SPARSE_201,0,0,55,216,2,0,0,0,0,0,0,0.0,-17.33749959465,30.24583249235003,0.0,1361.7974853515625,453.9324951171875,NA,0.5580000281333923,0.29769197865035907
SPARSE_202,0,55,321,0,0,0,0,0,0,0,0,0.0,-17.334721816883334,31.00416582265003,0.0,1878.3529052734375,626.1176147460938,NA,-0.44999998807907104,0.22641708950618789
SPARSE_203,0,1,46,21,0,0,0,0,0,0,0,0.0,-17.329166261350004,31.27916582155003,0.0,341.01953125,341.01953125,NA,0.11699999868869781,0.38768156030378853
SPARSE_204,0,9,163,41,0,0,0,0,0,0,0,0.0,-17.329166261350004,31.304165821450027,0.0,1067.033203125,1067.033203125,NA,-0.028999999165534973,0.38768156030378853
SPARSE_205,0,32,35,0,0,0,0,0,0,0,0,0.0,-17.329166261350004,31.537499153850028,0.0,341.91473388671875,341.91473388671875,NA,-0.6669999957084656,0.39828130333332534
SPARSE_206,0,4,119,52,0,0,0,0,0,0,0,0.0,-17.33749959465,31.49999915400003,0.0,878.7276611328125,439.36383056640625,NA,0.0949999988079071,0.39828130333332534
SPARSE_207,0,35,116,0,0,0,0,0,0,0,0,0.0,-17.33749959465,32.63749914945003,0.0,758.0150146484375,758.0150146484375,NA,-0.5680000185966492,0.16453338975613466
SPARSE_208,0,12,424,3,0,0,0,0,0,0,0,0.0,-17.35416626125,31.08416582233003,0.0,2195.0458984375,439.0091857910156,NA,-0.25699999928474426,0.22641708950618789
SPARSE_209,0,2,71,0,0,0,0,0,0,0,0,0.0,-17.345832927950003,31.47916582075003,0.0,368.3558044433594,368.3558044433594,NA,-0.5040000081062317,0.010606612675978826
SPARSE_210,0,0,58,8,0,0,0,0,0,0,0,0.0,-17.35416626125,30.37916582515003,0.0,332.103759765625,332.103759765625,NA,0.05299999937415123,0.22451503616317914
SPARSE_211,0,1,68,2,0,0,0,0,0,0,0,0.0,-17.35416626125,31.04583248915003,0.0,352.9183044433594,352.9183044433594,NA,-0.14399999380111694,0.22641708950618789
SPARSE_212,2,52,97,13,0,0,0,0,0,0,0,0.0,-17.35416626125,32.387499150450026,0.0,822.5859985351562,822.5859985351562,NA,-0.4440000057220459,0.5424549343466735
SPARSE_213,0,4,235,852,226,0,0,0,0,0,0,0.0,-17.37765110964091,30.948105216813666,0.0,6603.0029296875,600.2730102539062,NA,0.8029999732971191,0.5424549343466735
SPARSE_214,0,50,85,2,0,0,0,0,0,0,0,0.0,-17.366666261200002,31.28333248820003,0.0,685.4453735351562,342.7226867675781,NA,-0.5559999942779541,0.38678740553689855
SPARSE_215,0,10,46,16,0,0,0,0,0,0,0,0.0,-17.362499594550002,31.895832485750027,0.0,358.06878662109375,358.06878662109375,NA,-0.10700000077486038,0.5424549343466735
SPARSE_216,0,19,72,21,0,0,0,0,0,0,0,0.0,-17.370832927850003,31.80416581945003,0.0,564.9047241210938,564.9047241210938,NA,-0.1679999977350235,0.5424549343466735
SPARSE_217,1,20,36,5,0,0,0,0,0,0,0,0.0,-17.370832927850003,32.479165816750026,0.0,308.6595764160156,308.6595764160156,NA,-0.4480000138282776,0.5424549343466735
SPARSE_218,0,5,38,21,1,0,0,0,0,0,0,0.0,-17.37916626115,32.295832484150026,0.0,320.3817443847656,320.3817443847656,NA,0.07599999755620956,0.5424549343466735
SPARSE_219,0,0,344,0,0,0,0,0,0,0,0,0.0,-17.39027737221667,30.384721380683363,0.0,1720.5716552734375,573.5238647460938,NA,-0.19699999690055847,2.191636128532841e-09
SPARSE_220,0,2,96,0,0,0,0,0,0,0,0,0.0,-17.387499594450002,31.45416582085003,0.0,491.41241455078125,491.41241455078125,NA,-0.48899999260902405,0.010606612675978826
SPARSE_221,0,0,139,0,0,0,0,0,0,0,0,0.0,-17.395832927750003,30.59583249095003,0.0,693.0651245117188,693.0651245117188,NA,-0.04800000041723251,0.023334523652715523
SPARSE_222,0,23,431,117,0,0,0,0,0,0,0,0.0,-17.398610705516667,31.30972137698336,0.0,2856.184326171875,952.0614624023438,NA,-0.008999999612569809,0.38678740553689855
SPARSE_223,0,0,16,139,28,0,0,0,0,0,0,0.0,-17.395832927750003,32.22499915110003,0.0,917.4755249023438,458.7377624511719,NA,0.8820000290870667,0.42339810132278693
SPARSE_224,0,0,36,304,61,0,0,0,0,0,0,0.0,-17.398610705516667,32.2486102621167,0.0,2002.1151123046875,667.3717041015625,NA,0.8769999742507935,0.42339810132278693
SPARSE_225,0,5,39,24,1,0,0,0,0,0,0,0.0,-17.40416626105,28.89583249775003,0.0,344.6349182128906,344.6349182128906,NA,0.11400000005960464,0.5424549343466735
SPARSE_226,0,0,138,1,0,0,0,0,0,0,0,0.0,-17.40416626105,30.18333249260003,0.0,694.4215087890625,347.21075439453125,NA,0.05299999937415123,0.03290896516314169
SPARSE_227,1,31,79,15,0,0,0,0,0,0,0,0.0,-17.40416626105,30.87916582315003,0.0,631.0794677734375,631.0794677734375,NA,-0.32199999690055847,0.5424549343466735
SPARSE_228,0,0,59,13,0,0,0,0,0,0,0,0.0,-17.40416626105,30.99583248935003,0.0,357.0886535644531,357.0886535644531,NA,0.09799999743700027,0.22641708950618789
SPARSE_229,0,0,68,0,0,0,0,0,0,0,0,0.0,-17.412499594350002,31.05416582245003,0.0,338.2840576171875,338.2840576171875,NA,-0.2199999988079071,0.11815808492256594
SPARSE_230,0,0,30,37,1,0,0,0,0,0,0,0.0,-17.412499594350002,32.204165817850026,0.0,342.88116455078125,342.88116455078125,NA,0.36500000953674316,0.42339810132278693
SPARSE_231,0,27,117,39,1,0,0,0,0,0,0,0.0,-17.4249995943,32.020832485250025,0.0,919.24169921875,459.620849609375,NA,-0.11699999868869781,0.5424549343466735
SPARSE_232,0,4,55,18,0,0,0,0,0,0,0,0.0,-17.42083292765,32.23749915105003,0.0,382.4839782714844,382.4839782714844,NA,-0.0010000000474974513,0.42339810132278693
SPARSE_233,0,3,43,14,0,0,0,0,0,0,0,0.0,-17.42083292765,32.25416581765003,0.0,301.76080322265625,301.76080322265625,NA,-0.0010000000474974513,0.42339810132278693
SPARSE_234,0,0,239,1,0,0,0,0,0,0,0,0.0,-17.437499594250003,31.033332489200028,0.0,1199.431884765625,599.7159423828125,NA,0.009999999776482582,0.11815808492256594
SPARSE_235,0,0,73,0,0,0,0,0,0,0,0,0.0,-17.44583292755,30.487499158050028,0.0,367.4536437988281,367.4536437988281,NA,-0.08100000023841858,0.023334523652715523
SPARSE_236,0,3,1064,19,0,0,0,0,0,0,0,0.0,-17.47321387982143,30.923213442021456,0.0,5432.01171875,776.0016479492188,NA,-0.125,0.20495933936802077
SPARSE_237,0,0,68,0,0,0,0,0,0,0,0,0.0,-17.462499594150003,31.00416582265003,0.0,341.6087341308594,341.6087341308594,NA,-0.15199999511241913,0.11815808492256594
SPARSE_238,0,17,100,43,1,0,0,0,0,0,0,0.0,-17.4666662608,32.78333248220003,0.0,806.2308959960938,403.1154479980469,NA,-0.01600000075995922,0.5424549343466735
SPARSE_239,3,32,27,2,0,0,0,0,0,0,0,0.0,-17.479166260750002,29.054165830450028,0.0,312.0549011230469,312.0549011230469,NA,-0.7570000290870667,0.5424549343466735
SPARSE_240,1,24,32,3,0,0,0,0,0,0,0,0.0,-17.479166260750002,29.22083249645003,0.0,300.7892150878906,300.7892150878906,NA,-0.5759999752044678,0.5424549343466735
SPARSE_241,1,19,41,6,0,0,0,0,0,0,0,0.0,-17.48749959405,27.95416583485003,0.0,333.6920471191406,333.6920471191406,NA,-0.39500001072883606,0.5424549343466735
SPARSE_242,0,0,135,2,0,0,0,0,0,0,0,0.0,-17.48749959405,30.93749915625003,0.0,690.74169921875,690.74169921875,NA,-0.125,0.20495933936802077
SPARSE_243,1,36,128,34,1,0,0,0,0,0,0,0.0,-17.499999594000002,30.49166582470003,0.0,996.5325317382812,498.2662658691406,NA,-0.20200000703334808,0.5424549343466735
SPARSE_244,3,35,31,2,0,0,0,0,0,0,0,0.0,-17.49583292735,31.54583248715003,0.0,356.4435119628906,356.4435119628906,NA,-0.7390000224113464,0.5424549343466735
SPARSE_245,0,3,151,459,102,0,0,0,0,0,0,0.0,-17.508332927300003,30.97083248945003,0.0,3586.352783203125,597.7254638671875,NA,0.7360000014305115,0.5424549343466735
SPARSE_246,1,23,36,4,0,0,0,0,0,0,0,0.0,-17.504166260650003,31.67916581995003,0.0,320.29669189453125,320.29669189453125,NA,-0.5019999742507935,0.5424549343466735
SPARSE_247,2,29,34,3,0,0,0,0,0,0,0,0.0,-17.51249959395,28.029165834550028,0.0,334.158935546875,334.158935546875,NA,-0.6259999871253967,0.5424549343466735
SPARSE_248,0,1,66,0,0,0,0,0,0,0,0,0.0,-17.51249959395,30.29583249215003,0.0,333.120361328125,333.120361328125,NA,-0.4560000002384186,0.08980256407667724
SPARSE_249,0,4,73,1,0,0,0,0,0,0,0,0.0,-17.52083292725,28.52083249925003,0.0,386.52142333984375,386.52142333984375,NA,-0.26899999380111694,0.25455845134240074
SPARSE_250,0,32,177,0,0,0,0,0,0,0,0,0.0,-17.52083292725,30.84166582330003,0.0,1045.5703125,522.78515625,NA,-0.47999998927116394,0.20495933936802077
SPARSE_251,0,7,39,17,0,0,0,0,0,0,0,0.0,-17.52083292725,31.14583248875003,0.0,319.34515380859375,319.34515380859375,NA,-0.013000000268220901,0.5424549343466735
SPARSE_252,0,0,66,0,0,0,0,0,0,0,0,0.0,-17.52083292725,31.47916582075003,0.0,332.2007751464844,332.2007751464844,NA,-0.19300000369548798,0.1340857931415359
SPARSE_253,1,27,38,4,0,0,0,0,0,0,0,0.0,-17.529166260550003,28.60416583225003,0.0,352.4759826660156,352.4759826660156,NA,-0.5630000233650208,0.5424549343466735
SPARSE_254,0,10,59,0,0,0,0,0,0,0,0,0.0,-17.53749959385,30.26249915895003,0.0,343.55047607421875,343.55047607421875,NA,-0.5830000042915344,0.08980256407667724
SPARSE_255,0,1,80,0,0,0,0,0,0,0,0,0.0,-17.53749959385,30.28749915885003,0.0,405.8105773925781,405.8105773925781,NA,-0.46399998664855957,0.016970554993457013
SPARSE_256,0,0,62,10,0,0,0,0,0,0,0,0.0,-17.53749959385,30.45416582485003,0.0,360.2635192871094,360.2635192871094,NA,0.1420000046491623,0.15126577166330296
SPARSE_257,0,12,53,18,0,0,0,0,0,0,0,0.0,-17.545832927150002,28.60416583225003,0.0,416.3726806640625,416.3726806640625,NA,-0.11100000143051147,0.5424549343466735
SPARSE_258,0,1,74,7,0,0,0,0,0,0,0,0.0,-17.545832927150002,31.212499155150027,0.0,409.1448669433594,409.1448669433594,NA,-0.08100000023841858,0.28173983261962976
SPARSE_259,0,2,88,6,0,0,0,0,0,0,0,0.0,-17.554166260450003,31.37083248785003,0.0,480.5665283203125,480.5665283203125,NA,-0.11699999868869781,0.28142848972423296
SPARSE_260,0,0,36,31,0,0,0,0,0,0,0,0.0,-17.554166260450003,31.38749915445003,0.0,331.9919738769531,331.9919738769531,NA,0.2809999883174896,0.28142848972423296
SPARSE_261,0,0,55,9,0,0,0,0,0,0,0,0.0,-17.56249959375,30.47083249145003,0.0,320.57550048828125,320.57550048828125,NA,0.1420000046491623,0.15126577166330296
SPARSE_262,0,4,177,5,0,0,0,0,0,0,0,0.0,-17.56249959375,31.09166582230003,0.0,926.3875122070312,463.1937561035156,NA,-0.17900000512599945,0.24954826437634406
SPARSE_263,0,45,81,0,0,0,0,0,0,0,0,0.0,-17.5666662604,31.13333248880003,0.0,629.2698364257812,314.6349182128906,NA,-0.5960000157356262,0.24954826437634406
SPARSE_264,0,33,40,0,0,0,0,0,0,0,0,0.0,-17.570832927050002,28.31249916675003,0.0,365.8865051269531,365.8865051269531,NA,-0.6600000262260437,0.21885232292958973
SPARSE_265,0,0,27,41,0,0,0,0,0,0,0,0.0,-17.57916626035,31.20416582185003,0.0,341.82794189453125,341.82794189453125,NA,0.3499999940395355,0.16383019239788435
SPARSE_266,0,0,62,0,0,0,0,0,0,0,0,0.0,-17.58749959365,30.40416582505003,0.0,311.7705383300781,311.7705383300781,NA,-0.4399999976158142,0.016970554993457013
SPARSE_267,0,8,129,4,0,0,0,0,0,0,0,0.0,-17.591666260300002,30.97083248945003,0.0,703.8904418945312,351.9452209472656,NA,-0.2329999953508377,0.287085344900956
SPARSE_268,0,1,78,3,0,0,0,0,0,0,0,0.0,-17.58749959365,31.12916582215003,0.0,407.3980407714844,407.3980407714844,NA,-0.15000000596046448,0.24954826437634406
SPARSE_269,0,35,51,0,0,0,0,0,0,0,0,0.0,-17.595832926950003,28.52083249925003,0.0,432.5777587890625,432.5777587890625,NA,-0.6290000081062317,0.25455845134240074
SPARSE_270,2,30,27,2,0,0,0,0,0,0,0,0.0,-17.595832926950003,28.85416583125003,0.0,305.3761291503906,305.3761291503906,NA,-0.734000027179718,0.5424549343466735
SPARSE_271,0,0,21,40,0,0,0,0,0,0,0,0.0,-17.595832926950003,31.00416582265003,0.0,301.6835632324219,301.6835632324219,NA,0.4099999964237213,0.2541770093545427
SPARSE_272,4,59,67,5,0,0,0,0,0,0,0,0.0,-17.599999593600003,31.262499154950028,0.0,676.5598754882812,338.2799377441406,NA,-0.6399999856948853,0.5424549343466735
SPARSE_273,0,9,41,15,0,0,0,0,0,0,0,0.0,-17.595832926950003,31.41249915435003,0.0,324.46075439453125,324.46075439453125,NA,-0.09200000017881393,0.5424549343466735
SPARSE_274,0,0,167,15,0,0,0,0,0,0,0,0.0,-17.60416626025,31.13749915545003,0.0,907.6438598632812,907.6438598632812,NA,0.07900000363588333,0.16383019239788435
SPARSE_275,1,30,52,6,0,0,0,0,0,0,0,0.0,-17.60416626025,32.77916581555003,0.0,447.6471252441406,447.6471252441406,NA,-0.47999998927116394,0.5424549343466735
SPARSE_276,0,14,44,10,0,0,0,0,0,0,0,0.0,-17.61249959355,29.145832496750028,0.0,341.88604736328125,341.88604736328125,NA,-0.25600001215934753,0.5424549343466735
SPARSE_277,0,0,47,22,0,0,0,0,0,0,0,0.0,-17.61249959355,30.92916582295003,0.0,345.9920349121094,345.9920349121094,NA,0.17299999296665192,0.287085344900956
SPARSE_278,0,0,57,4,0,0,0,0,0,0,0,0.0,-17.61249959355,31.18749915525003,0.0,305.93109130859375,305.93109130859375,NA,0.054999999701976776,0.16383019239788435
SPARSE_279,0,0,61,0,0,0,0,0,0,0,0,0.0,-17.620832926850003,30.46249915815003,0.0,306.1474304199219,306.1474304199219,NA,-0.11999999731779099,0.15126577166330296
SPARSE_280,0,17,43,0,0,0,0,0,0,0,0,0.0,-17.637499593450002,30.77916582355003,0.0,304.13568115234375,304.13568115234375,NA,-0.5080000162124634,0.3186021129543441
SPARSE_281,0,2,74,2,0,0,0,0,0,0,0,0.0,-17.637499593450002,31.04583248915003,0.0,391.45489501953125,391.45489501953125,NA,-0.18199999630451202,0.2541770093545427
SPARSE_282,0,0,54,8,0,0,0,0,0,0,0,0.0,-17.637499593450002,31.34583248795003,0.0,308.98797607421875,308.98797607421875,NA,0.03799999877810478,0.2326778948063226
SPARSE_283,0,0,0,1133,0,0,0,0,0,0,0,0.0,-17.6499995934,31.78888804173336,0.0,5665.9150390625,944.3191528320312,NA,0.8759999871253967,9.103719278981149e-09
SPARSE_284,0,3,95,33,0,0,0,0,0,0,0,0.0,-17.65416626005,31.124999155500028,0.0,653.0984497070312,326.5492248535156,NA,0.06499999761581421,0.3665792415070147
SPARSE_285,0,1,76,2,0,0,0,0,0,0,0,0.0,-17.662499593350002,30.487499158050028,0.0,395.2411193847656,395.2411193847656,NA,-0.16899999976158142,0.2396587850112704
SPARSE_286,0,0,17,121,9,0,0,0,0,0,0,0.0,-17.666666260000003,31.08333248900003,0.0,739.2730712890625,369.63653564453125,NA,0.7440000176429749,0.3665792415070147
SPARSE_287,0,0,50,17,0,0,0,0,0,0,0,0.0,-17.662499593350002,31.22083248845003,0.0,334.7009582519531,334.7009582519531,NA,0.13099999725818634,0.2614523567330222
SPARSE_288,0,12,261,24,0,0,0,0,0,0,0,0.0,-17.67083292665,30.716665823800028,0.0,1487.6885986328125,743.8442993164062,NA,-0.13699999451637268,0.3186021129543441
SPARSE_289,0,0,127,169,0,0,0,0,0,0,0,0.0,-17.6749995933,30.804165823450028,0.0,1481.519775390625,740.7598876953125,NA,0.367000013589859,0.3186021129543441
SPARSE_290,0,1,61,1,0,0,0,0,0,0,0,0.0,-17.67083292665,31.37083248785003,0.0,317.00653076171875,317.00653076171875,NA,-0.15299999713897705,0.2326778948063226
SPARSE_291,0,10,232,514,115,0,0,0,0,0,0,0.0,-17.67749959329,31.47416582077003,0.0,4359.416015625,871.8831787109375,NA,0.6579999923706055,0.5899177175172011
SPARSE_292,0,9,63,34,1,0,0,0,0,0,0,0.0,-17.67083292665,31.56249915375003,0.0,533.851806640625,533.851806640625,NA,0.0689999982714653,0.5424549343466735
SPARSE_293,0,0,47,159,0,0,0,0,0,0,0,0.0,-17.67916625995,30.85833248990003,0.0,1027.9296875,513.96484375,NA,0.382999986410141,0.08317851425895655
SPARSE_294,0,0,73,18,0,0,0,0,0,0,0,0.0,-17.67916625995,30.987499156050028,0.0,453.68212890625,453.68212890625,NA,0.09000000357627869,0.2541770093545427
SPARSE_295,0,29,54,0,0,0,0,0,0,0,0,0.0,-17.687499593250003,28.23749916705003,0.0,415.46868896484375,415.46868896484375,NA,-0.6499999761581421,0.09828784157340574
SPARSE_296,0,6,123,11,0,0,0,0,0,0,0,0.0,-17.687499593250003,30.74166582370003,0.0,698.8261108398438,349.4130554199219,NA,-0.1379999965429306,0.3186021129543441
SPARSE_297,0,0,675,209,0,0,0,0,0,0,0,0.0,-17.704166259850002,30.94999915620003,0.0,4421.83740234375,552.7296752929688,NA,0.2370000034570694,0.08317851425895655
SPARSE_298,0,3,171,92,0,0,0,0,0,0,0,0.0,-17.693749593225,31.16041582202503,0.0,1333.1248779296875,333.2812194824219,NA,0.16500000655651093,0.3665792415070147
SPARSE_299,0,21,156,1,0,0,0,0,0,0,0,0.0,-17.687499593250003,31.28333248820003,0.0,888.7942504882812,444.3971252441406,NA,-0.38100001215934753,0.2614523567330222
SPARSE_300,0,6,47,25,1,0,0,0,0,0,0,0.0,-17.687499593250003,31.56249915375003,0.0,395.1278991699219,395.1278991699219,NA,0.0689999982714653,0.5424549343466735
SPARSE_301,0,0,80,10,0,0,0,0,0,0,0,0.0,-17.69583292655,30.87083248985003,0.0,449.42236328125,449.42236328125,NA,0.18700000643730164,0.08317851425895655
SPARSE_302,0,0,884,437,0,0,0,0,0,0,0,0.0,-17.71736070424167,30.895138045308364,0.0,6606.87255859375,550.5726928710938,NA,0.26499998569488525,0.08317851425895655
SPARSE_303,0,0,50,113,0,0,0,0,0,0,0,0.0,-17.6999995932,31.04999915580003,0.0,813.8160400390625,406.90802001953125,NA,0.43700000643730164,0.2541770093545427
SPARSE_304,0,7,172,4,0,0,0,0,0,0,0,0.0,-17.6999995932,31.24999915500003,0.0,911.115234375,455.5576171875,NA,-0.21699999272823334,0.2614523567330222
SPARSE_305,0,9,59,0,0,0,0,0,0,0,0,0.0,-17.69583292655,31.33749915465003,0.0,336.5884704589844,336.5884704589844,NA,-0.42500001192092896,0.2326778948063226
SPARSE_306,0,9,45,17,0,0,0,0,0,0,0,0.0,-17.704166259850002,30.17916582595003,0.0,360.4338073730469,360.4338073730469,NA,-0.07199999690055847,0.5424549343466735
SPARSE_307,0,0,70,11,0,0,0,0,0,0,0,0.0,-17.704166259850002,31.00416582265003,0.0,409.0225524902344,409.0225524902344,NA,0.03400000184774399,0.2541770093545427
SPARSE_308,0,0,21,336,1,0,0,0,0,0,0,0.0,-17.70694403761667,31.081943600116695,0.0,1790.09912109375,596.69970703125,NA,0.6710000038146973,0.23263812831297584
SPARSE_309,0,0,15,54,0,0,0,0,0,0,0,0.0,-17.712499593150003,30.20416582585003,0.0,344.9410705566406,344.9410705566406,NA,0.3959999978542328,0.10960155260120144
SPARSE_310,0,1,65,0,0,0,0,0,0,0,0,0.0,-17.729166259750002,28.17916583395003,0.0,331.8924560546875,331.8924560546875,NA,-0.45899999141693115,0.10535891646594175
SPARSE_311,1,42,21,0,0,0,0,0,0,0,0,0.0,-17.729166259750002,28.570832499050027,0.0,319.3203430175781,319.3203430175781,NA,-0.843999981880188,0.3549675913430049
SPARSE_312,0,1,304,203,0,0,0,0,0,0,0,0.0,-17.739582926375,30.91458248967503,0.0,2544.44921875,636.1123046875,NA,0.22499999403953552,0.33160347183821076
SPARSE_313,0,1,82,5,0,0,0,0,0,0,0,0.0,-17.729166259750002,31.00416582265003,0.0,437.7013854980469,437.7013854980469,NA,-0.0989999994635582,0.2541770093545427
SPARSE_314,0,0,66,6,0,0,0,0,0,0,0,0.0,-17.737499593050003,30.420832491650028,0.0,359.4377746582031,359.4377746582031,NA,-0.028999999165534973,0.2396587850112704
SPARSE_315,0,16,149,102,5,0,0,0,0,0,0,0.0,-17.752082926325002,27.412499170350028,0.0,1359.31494140625,339.8287353515625,OM,0.1589999943971634,0.5424549343466735
SPARSE_316,0,7,65,3,0,0,0,0,0,0,0,0.0,-17.74583292635,30.64583249075003,0.0,372.6972351074219,372.6972351074219,NA,-0.25699999928474426,0.3186021129543441
SPARSE_317,0,19,149,85,3,0,0,0,0,0,0,0.0,-17.754166259650003,31.581943598116695,0.0,1285.3115234375,428.4371643066406,NA,0.09000000357627869,0.5424549343466735
SPARSE_318,0,3,72,0,0,0,0,0,0,0,0,0.0,-17.754166259650003,28.19583250055003,0.0,374.2743225097656,374.2743225097656,NA,-0.5109999775886536,0.09828784157340574
SPARSE_319,0,4,48,18,0,0,0,0,0,0,0,0.0,-17.754166259650003,30.77916582355003,0.0,350.44158935546875,350.44158935546875,NA,0.03099999949336052,0.44285022220527115
SPARSE_320,0,0,48,24,0,0,0,0,0,0,0,0.0,-17.754166259650003,30.94583248955003,0.0,358.0247802734375,358.0247802734375,NA,0.16200000047683716,0.33160347183821076
SPARSE_321,0,5,68,44,1,0,0,0,0,0,0,0.0,-17.76249959295,30.92916582295003,0.0,589.654296875,589.654296875,NA,0.16300000250339508,0.4843906811834658
SPARSE_322,0,1,92,40,0,0,0,0,0,0,0,0.0,-17.77083292625,30.90416582305003,0.0,664.1675415039062,664.1675415039062,NA,0.13899999856948853,0.33160347183821076
SPARSE_323,0,0,68,0,0,0,0,0,0,0,0,0.0,-17.77083292625,31.79583248615003,0.0,339.795654296875,339.795654296875,NA,-0.15700000524520874,0.11823845689902032
SPARSE_324,0,1,50,12,0,0,0,0,0,0,0,0.0,-17.779166259550003,30.86249915655003,0.0,314.6158447265625,314.6158447265625,NA,0.010999999940395355,0.33160347183821076
SPARSE_325,0,4,110,179,21,0,0,0,0,0,0,0.0,-17.783332926200003,30.92916582295003,0.0,1573.3564453125,786.67822265625,NA,0.49900001287460327,0.5424549343466735
SPARSE_326,0,21,135,65,2,0,0,0,0,0,0,0.0,-17.779166259550003,31.31666582140003,0.0,1115.0498046875,557.52490234375,NA,0.026000000536441803,0.5424549343466735
SPARSE_327,0,0,54,24,0,0,0,0,0,0,0,0.0,-17.78749959285,30.87916582315003,0.0,393.2914123535156,393.2914123535156,NA,0.1420000046491623,0.33160347183821076
SPARSE_328,0,2,51,72,7,0,0,0,0,0,0,0.0,-17.7916662595,31.22916582175003,0.0,667.6934204101562,333.8467102050781,NA,0.4399999976158142,0.5424549343466735
SPARSE_329,0,4,38,24,1,0,0,0,0,0,0,0.0,-17.78749959285,31.41249915435003,0.0,335.0499572753906,335.0499572753906,NA,0.1379999965429306,0.5424549343466735
SPARSE_330,0,0,54,108,1,0,0,0,0,0,0,0.0,-17.795832926150002,31.19166582190003,0.0,814.8289184570312,407.4144592285156,NA,0.4620000123977661,0.35257622875985983
SPARSE_331,0,0,194,0,0,0,0,0,0,0,0,0.0,-17.804166259450003,30.38333249180003,0.0,968.8998413085938,484.4499206542969,NA,-0.12399999797344208,0.11172287130103396
SPARSE_332,0,1,63,28,0,0,0,0,0,0,0,0.0,-17.804166259450003,30.88749915645003,0.0,458.641845703125,458.641845703125,NA,0.1420000046491623,0.33160347183821076
SPARSE_333,2,35,44,4,0,0,0,0,0,0,0,0.0,-17.81249959275,28.479165832750027,0.0,420.0257263183594,420.0257263183594,NA,-0.5989999771118164,0.5424549343466735
SPARSE_334,0,9,51,9,0,0,0,0,0,0,0,0.0,-17.820832926050002,30.670832490650028,0.0,342.0018005371094,342.0018005371094,NA,-0.1889999955892563,0.44285022220527115
SPARSE_335,0,0,9,58,28,0,0,0,0,0,0,0.0,-17.820832926050002,30.99583248935003,0.0,478.4276428222656,478.4276428222656,NA,1.0360000133514404,0.5424549343466735
SPARSE_336,0,1,576,800,3,0,0,0,0,0,0,0.0,-17.833653438819233,31.293909411234644,0.0,6901.43603515625,530.8796997070312,NA,0.37700000405311584,0.33037389788595356
SPARSE_337,1,19,39,6,0,0,0,0,0,0,0,0.0,-17.829166259350004,28.81249916475003,0.0,320.8672180175781,320.8672180175781,NA,-0.414000004529953,0.5424549343466735
SPARSE_338,0,0,76,1,0,0,0,0,0,0,0,0.0,-17.829166259350004,30.37083249185003,0.0,384.55108642578125,384.55108642578125,NA,0.03400000184774399,0.11172287130103396
SPARSE_339,0,0,40,27,0,0,0,0,0,0,0,0.0,-17.829166259350004,30.82083249005003,0.0,338.5581359863281,338.5581359863281,NA,0.2280000001192093,0.33160347183821076
SPARSE_340,0,1,64,6,0,0,0,0,0,0,0,0.0,-17.829166259350004,31.34583248795003,0.0,351.6996154785156,351.6996154785156,NA,-0.054999999701976776,0.2589740934272374
SPARSE_341,0,7,68,0,0,0,0,0,0,0,0,0.0,-17.829166259350004,31.37916582115003,0.0,375.2377624511719,375.2377624511719,NA,-0.34599998593330383,0.2589740934272374
SPARSE_342,0,0,12,148,11,0,0,0,0,0,0,0.0,-17.8583329259,30.78749915685003,0.0,849.138916015625,424.5694580078125,NA,0.8029999732971191,0.33160347183821076
SPARSE_343,0,13,133,101,5,0,0,0,0,0,0,0.0,-17.866666259200002,30.64999915740003,0.0,1260.135009765625,630.0675048828125,NA,0.19900000095367432,0.5424549343466735
SPARSE_344,0,0,17,59,6,0,0,0,0,0,0,0.0,-17.86249959255,30.73749915705003,0.0,413.61962890625,413.61962890625,NA,0.6639999747276306,0.44285022220527115
SPARSE_345,0,1,52,36,0,0,0,0,0,0,0,0.0,-17.86249959255,31.17916582195003,0.0,443.3027648925781,443.3027648925781,NA,0.21699999272823334,0.38890873479451665
SPARSE_346,0,3,62,103,12,0,0,0,0,0,0,0.0,-17.86249959255,31.37083248785003,0.0,902.5366821289062,902.5366821289062,NA,0.5040000081062317,0.5424549343466735
SPARSE_347,0,0,66,0,0,0,0,0,0,0,0,0.0,-17.86249959255,31.93749915225003,0.0,328.2152099609375,328.2152099609375,NA,-0.2619999945163727,0.11823845689902032
SPARSE_348,0,4,185,41,0,0,0,0,0,0,0,0.0,-17.870832925850003,30.808332490100028,0.0,1153.748779296875,576.8743896484375,NA,0.004000000189989805,0.33160347183821076
SPARSE_349,0,73,1061,89,0,0,0,0,0,0,0,0.0,-17.88083292581,31.26749915493003,0.0,6111.513671875,611.1513671875,NA,-0.17299999296665192,0.33037389788595356
SPARSE_350,1,32,54,7,0,0,0,0,0,0,0,0.0,-17.870832925850003,32.26249915095003,0.0,470.2838134765625,470.2838134765625,NA,-0.4880000054836273,0.5424549343466735
SPARSE_351,0,3,36,28,1,0,0,0,0,0,0,0.0,-17.870832925850003,32.88749914845003,0.0,344.1221923828125,344.1221923828125,NA,0.20800000429153442,0.5424549343466735
SPARSE_352,0,0,58,34,0,0,0,0,0,0,0,0.0,-17.87916625915,30.77083249025003,0.0,462.1064147949219,462.1064147949219,NA,0.19599999487400055,0.33160347183821076
SPARSE_353,0,1,41,182,58,0,0,0,0,0,0,0.0,-17.887499592450002,30.63749915745003,0.0,1417.049072265625,1417.049072265625,NA,0.875,0.5424549343466735
SPARSE_354,0,5,71,2,0,0,0,0,0,0,0,0.0,-17.895832925750003,30.58749915765003,0.0,388.94476318359375,388.94476318359375,NA,-0.25,0.2856711284725972
SPARSE_355,0,0,9,307,55,0,0,0,0,0,0,0.0,-17.895832925750003,30.90416582305003,0.0,1854.3511962890625,1854.3511962890625,NA,0.9649999737739563,0.33160347183821076
SPARSE_356,0,0,235,1052,22,0,0,0,0,0,0,0.0,-17.91098444084091,31.29583248815003,0.0,6547.3701171875,595.2154541015625,NA,0.6119999885559082,0.33037389788595356
SPARSE_357,0,12,75,0,0,0,0,0,0,0,0,0.0,-17.90416625905,29.029165830550028,0.0,434.1210632324219,434.1210632324219,NA,-0.5580000281333923,0.12116656608043987
SPARSE_358,0,1,60,0,0,0,0,0,0,0,0,0.0,-17.90416625905,29.08749916365003,0.0,308.3020324707031,308.3020324707031,NA,-0.4480000138282776,0.12116656608043987
SPARSE_359,0,0,17,109,7,0,0,0,0,0,0,0.0,-17.90416625905,31.08749915565003,0.0,660.9295654296875,660.9295654296875,NA,0.718999981880188,0.3618132554032961
SPARSE_360,0,36,44,0,0,0,0,0,0,0,0,0.0,-17.912499592350002,30.61249915755003,0.0,403.1100769042969,403.1100769042969,NA,-0.6539999842643738,0.2856711284725972
SPARSE_361,0,10,180,220,19,0,0,0,0,0,0,0.0,-17.916666259000003,30.65833249070003,0.0,2147.111328125,536.77783203125,NA,0.38499999046325684,0.5424549343466735
SPARSE_362,0,0,240,1015,39,0,0,0,0,0,0,0.0,-17.931018110794447,31.078239896427807,0.0,6469.91357421875,718.8792724609375,NA,0.6320000290870667,0.3618132554032961
SPARSE_363,0,0,217,1052,47,0,0,0,0,0,0,0.0,-17.92797578276429,31.13154677452146,0.0,6585.25146484375,940.7501831054688,NA,0.6610000133514404,0.3618132554032961
SPARSE_364,1,89,443,165,4,0,0,0,0,0,0,0.0,-17.916666259000003,31.22916582175003,0.0,3510.44970703125,877.6124267578125,NA,-0.07400000095367432,0.5424549343466735
SPARSE_365,0,7,99,8,0,0,0,0,0,0,0,0.0,-17.920832925650004,30.87916582315003,0.0,570.6973876953125,570.6973876953125,NA,-0.18000000715255737,0.33160347183821076
SPARSE_366,0,10,364,114,0,0,0,0,0,0,0,0.0,-17.937499592250003,30.934721378483363,0.0,2440.6435546875,813.5478515625,NA,0.04600000008940697,0.3618132554032961
SPARSE_367,0,8,40,15,0,0,0,0,0,0,0,0.0,-17.92916625895,31.170832488650028,0.0,317.67974853515625,317.67974853515625,NA,-0.06800000369548798,0.5424549343466735
SPARSE_368,0,1,245,153,0,0,0,0,0,0,0,0.0,-17.940832925570003,31.305832488110028,0.0,1996.283203125,399.25665283203125,NA,0.210999995470047,0.33037389788595356
SPARSE_369,0,0,10,894,562,0,0,0,0,0,0,0.0,-17.947916258875,30.97916582275003,0.0,7336.1455078125,1834.036376953125,NA,1.2050000429153442,0.3618132554032961
SPARSE_370,0,4,424,326,1,0,0,0,0,0,0,0.0,-17.9499995922,31.02916582255003,0.0,3776.0078125,944.001953125,NA,0.24799999594688416,0.3618132554032961
SPARSE_371,3,78,122,14,0,0,0,0,0,0,0,0.0,-17.95416625885,28.72916583175003,0.0,1086.8885498046875,1086.8885498046875,NA,-0.515999972820282,0.5424549343466735
SPARSE_372,0,9,388,141,0,0,0,0,0,0,0,0.0,-17.962499592150003,31.10833248890003,0.0,2691.34716796875,1345.673583984375,NA,0.07800000160932541,0.3618132554032961
SPARSE_373,1,33,34,1,0,0,0,0,0,0,0,0.0,-17.97083292545,29.895832493750028,0.0,344.1246032714844,344.1246032714844,NA,-0.675000011920929,0.4717077451725266
SPARSE_374,0,5,844,842,5,0,0,0,0,0,0,0.0,-17.97777736986667,30.977776933866696,0.0,8477.5263671875,1412.9210205078125,NA,0.30799999833106995,0.3618132554032961
SPARSE_375,0,0,86,91,1,0,0,0,0,0,0,0.0,-17.97083292545,31.06666582240003,0.0,894.096435546875,447.0482177734375,NA,0.32199999690055847,0.3618132554032961
SPARSE_376,0,10,65,23,0,0,0,0,0,0,0,0.0,-17.979166258750002,29.24583249635003,0.0,492.962158203125,492.962158203125,NA,-0.04500000178813934,0.49851028200092146
SPARSE_377,0,0,23,487,96,0,0,0,0,0,0,0.0,-17.979166258750002,31.02499915590003,0.0,3028.36181640625,1514.180908203125,NA,0.9490000009536743,0.3618132554032961
SPARSE_378,3,148,438,97,1,0,0,0,0,0,0,0.0,-17.99416625869,31.09583248895003,0.0,3438.1669921875,687.6334228515625,NA,-0.27000001072883606,0.5424549343466735
SPARSE_379,0,0,62,0,0,0,0,0,0,0,0,0.0,-17.99583292535,30.88749915645003,0.0,312.51318359375,312.51318359375,NA,-0.04100000113248825,0.1345263300602671
SPARSE_380,0,0,15,44,9,0,0,0,0,0,0,0.0,-18.004166258650002,31.32916582135003,0.0,344.79302978515625,344.79302978515625,NA,0.7229999899864197,0.5424549343466735
SPARSE_381,0,12,44,12,0,0,0,0,0,0,0,0.0,-18.012499591950004,31.72916581975003,0.0,344.7557678222656,344.7557678222656,NA,-0.18000000715255737,0.5424549343466735
SPARSE_382,2,27,29,2,0,0,0,0,0,0,0,0.0,-18.02083292525,29.09583249695003,0.0,300.8135070800781,300.8135070800781,NA,-0.6620000004768372,0.5424549343466735
SPARSE_383,0,0,64,0,0,0,0,0,0,0,0,0.0,-18.02083292525,31.87916581915003,0.0,318.8422546386719,318.8422546386719,NA,-0.026000000536441803,0.11823845689902032
SPARSE_384,0,0,66,4,0,0,0,0,0,0,0,0.0,-18.029166258550003,30.14583249275003,0.0,348.53955078125,348.53955078125,NA,0.06199999898672104,0.158391918606465
SPARSE_385,1,37,99,20,0,0,0,0,0,0,0,0.0,-18.033332925200003,32.17083248465003,0.0,788.75830078125,394.379150390625,NA,-0.3100000023841858,0.5424549343466735
SPARSE_386,0,0,66,0,0,0,0,0,0,0,0,0.0,-18.045832925150002,30.15416582605003,0.0,331.00677490234375,331.00677490234375,NA,-0.16200000047683716,0.158391918606465
SPARSE_387,0,0,100,0,0,0,0,0,0,0,0,0.0,-18.045832925150002,31.12916582215003,0.0,499.8587951660156,499.8587951660156,NA,0.04100000113248825,0.08838834684752833
SPARSE_388,0,0,53,13,0,0,0,0,0,0,0,0.0,-18.054166258450003,30.91249915635003,0.0,328.7569274902344,328.7569274902344,NA,0.19099999964237213,0.1345263300602671
SPARSE_389,0,4,52,15,0,0,0,0,0,0,0,0.0,-18.054166258450003,31.18749915525003,0.0,358.244873046875,358.244873046875,NA,-0.019999999552965164,0.41507166034708953
SPARSE_390,1,25,53,9,0,0,0,0,0,0,0,0.0,-18.06249959175,28.779165831550028,0.0,436.2861328125,436.2861328125,NA,-0.3880000114440918,0.5424549343466735
SPARSE_391,0,6,52,18,0,0,0,0,0,0,0,0.0,-18.06249959175,29.895832493750028,0.0,380.4246826171875,380.4246826171875,NA,-0.03200000151991844,0.4717077451725266
SPARSE_392,0,17,44,8,0,0,0,0,0,0,0,0.0,-18.06249959175,30.02083249325003,0.0,349.2278747558594,349.2278747558594,NA,-0.32899999618530273,0.5424549343466735
SPARSE_393,0,0,66,0,0,0,0,0,0,0,0,0.0,-18.06249959175,30.895832489750028,0.0,329.8643493652344,329.8643493652344,NA,-0.0430000014603138,0.1345263300602671
SPARSE_394,0,2,233,656,73,0,0,0,0,0,0,0.0,-18.079166258350003,29.84722138283336,0.0,4822.111328125,803.6852416992188,NA,0.6359999775886536,0.4717077451725266
SPARSE_395,0,8,44,19,1,0,0,0,0,0,0,0.0,-18.070832925050002,30.44583249155003,0.0,355.2110595703125,355.2110595703125,NA,-0.014000000432133675,0.5424549343466735
SPARSE_396,0,12,51,16,0,0,0,0,0,0,0,0.0,-18.08749959165,30.66249915735003,0.0,395.12115478515625,395.12115478515625,NA,-0.13300000131130219,0.5424549343466735
SPARSE_397,0,0,8,40,16,0,0,0,0,0,0,0.0,-18.095832924950003,25.84583250995003,0.0,320.56170654296875,320.56170654296875,NA,0.949999988079071,0.5424549343466735
SPARSE_398,0,62,12,0,0,0,0,0,0,0,0,0.0,-18.095832924950003,29.345832495950027,0.0,374.2996826171875,374.2996826171875,NA,-0.9100000262260437,0.22882672816291255
SPARSE_399,0,6,52,31,1,0,0,0,0,0,0,0.0,-18.095832924950003,31.20416582185003,0.0,452.7307434082031,452.7307434082031,NA,0.10700000077486038,0.5424549343466735
SPARSE_400,0,20,57,12,0,0,0,0,0,0,0,0.0,-18.104166258250004,25.862499176550028,0.0,447.4752502441406,447.4752502441406,NA,-0.27399998903274536,0.5424549343466735
SPARSE_401,0,5,45,16,0,0,0,0,0,0,0,0.0,-18.104166258250004,29.829165827350028,0.0,335.26348876953125,335.26348876953125,NA,-0.014000000432133675,0.4717077451725266
SPARSE_402,0,0,18,46,2,0,0,0,0,0,0,0.0,-18.104166258250004,31.13749915545003,0.0,329.7605895996094,329.7605895996094,NA,0.5669999718666077,0.41507166034708953
SPARSE_403,0,26,66,0,0,0,0,0,0,0,0,0.0,-18.11249959155,29.26249916295003,0.0,462.1317138671875,462.1317138671875,NA,-0.5569999814033508,0.22882672816291255
SPARSE_404,0,7,81,0,0,0,0,0,0,0,0,0.0,-18.11249959155,29.32083249605003,0.0,439.18109130859375,439.18109130859375,NA,-0.3630000054836273,0.22882672816291255
SPARSE_405,0,1,23,41,5,0,0,0,0,0,0,0.0,-18.11249959155,30.10416582625003,0.0,355.1561584472656,355.1561584472656,NA,0.527999997138977,0.5424549343466735
SPARSE_406,0,2,31,30,2,0,0,0,0,0,0,0.0,-18.11249959155,31.395832487750027,0.0,330.96929931640625,330.96929931640625,NA,0.2939999997615814,0.5424549343466735
SPARSE_407,0,0,65,0,0,0,0,0,0,0,0,0.0,-18.11249959155,31.445832487550028,0.0,323.8463439941406,323.8463439941406,NA,-0.1899999976158142,0.08356035631497785
SPARSE_408,0,50,72,0,0,0,0,0,0,0,0,0.0,-18.120832924850003,31.03749915585003,0.0,611.1815185546875,611.1815185546875,NA,-0.6389999985694885,0.22264285149058471
SPARSE_409,0,5,50,39,2,0,0,0,0,0,0,0.0,-18.120832924850003,31.23749915505003,0.0,477.7578125,477.7578125,NA,0.20800000429153442,0.5424549343466735
SPARSE_410,0,7,95,0,0,0,0,0,0,0,0,0.0,-18.12916625815,31.07083248905003,0.0,511.1883850097656,511.1883850097656,NA,-0.36399999260902405,0.22264285149058471
SPARSE_411,2,27,30,2,0,0,0,0,0,0,0,0.0,-18.137499591450002,26.070832509050028,0.0,305.6621398925781,305.6621398925781,NA,-0.6439999938011169,0.5424549343466735
SPARSE_412,0,0,121,370,0,0,0,0,0,0,0,0.0,-18.143055146983336,31.843054708183363,0.0,2456.81884765625,818.9396362304688,NA,0.4779999852180481,0.24784335627500736
SPARSE_413,0,0,49,16,0,0,0,0,0,0,0,0.0,-18.137499591450002,31.86249915255003,0.0,326.3086242675781,326.3086242675781,NA,0.14000000059604645,0.24784335627500736
SPARSE_414,0,0,63,6,0,0,0,0,0,0,0,0.0,-18.145832924750003,31.04583248915003,0.0,344.5653991699219,344.5653991699219,NA,0.008999999612569809,0.22264285149058471
SPARSE_415,0,0,114,0,0,0,0,0,0,0,0,0.0,-18.145832924750003,31.46249915415003,0.0,570.6699829101562,570.6699829101562,NA,-0.023000000044703484,0.08356035631497785
SPARSE_416,0,1,20,35,4,0,0,0,0,0,0,0.0,-18.15416625805,29.987499160050028,0.0,302.34503173828125,302.34503173828125,NA,0.5299999713897705,0.5424549343466735
SPARSE_417,0,16,40,8,0,0,0,0,0,0,0,0.0,-18.15416625805,30.579165824350028,0.0,320.04052734375,320.04052734375,NA,-0.3319999873638153,0.5424549343466735
SPARSE_418,2,30,31,2,0,0,0,0,0,0,0,0.0,-18.162499591350002,29.56249916175003,0.0,327.5624694824219,327.5624694824219,NA,-0.6759999990463257,0.5424549343466735
SPARSE_419,0,0,228,0,0,0,0,0,0,0,0,0.0,-18.162499591350002,31.58333248700003,0.0,1140.393310546875,570.1966552734375,NA,-0.1120000034570694,0.08356035631497785
SPARSE_420,0,11,42,13,0,0,0,0,0,0,0,0.0,-18.162499591350002,31.62083248685003,0.0,329.1092834472656,329.1092834472656,NA,-0.1599999964237213,0.5424549343466735
SPARSE_421,0,7,105,0,0,0,0,0,0,0,0,0.0,-18.17083292465,31.05416582245003,0.0,560.5127563476562,560.5127563476562,NA,-0.348599997907877,0.22264285149058471
SPARSE_422,0,3,138,1,0,0,0,0,0,0,0,0.0,-18.183332924600002,30.97499915610003,0.0,711.806640625,355.9033203125,NA,-0.24400000274181366,0.22264285149058471
SPARSE_423,1,27,49,6,0,0,0,0,0,0,0,0.0,-18.187499591250003,31.87916581915003,0.0,413.8075866699219,413.8075866699219,NA,-0.4569999873638153,0.5424549343466735
SPARSE_424,1,24,33,3,0,0,0,0,0,0,0,0.0,-18.187499591250003,32.19583248455003,0.0,306.2394104003906,306.2394104003906,NA,-0.5740000009536743,0.5424549343466735
SPARSE_425,1,21,35,4,0,0,0,0,0,0,0,0.0,-18.195832924550004,30.16249915935003,0.0,302.9197082519531,302.9197082519531,NA,-0.4950000047683716,0.5424549343466735
SPARSE_426,0,0,5,45,31,0,0,0,0,0,0,0.0,-18.20416625785,28.92916583095003,0.0,410.8289794921875,410.8289794921875,NA,1.1579999923706055,0.5424549343466735
SPARSE_427,1,26,54,8,0,0,0,0,0,0,0,0.0,-18.20416625785,31.08749915565003,0.0,444.688720703125,444.688720703125,NA,-0.41200000047683716,0.5424549343466735
SPARSE_428,2,83,177,28,0,0,0,0,0,0,0,0.0,-18.2166662578,28.962499164150028,0.0,1452.0599365234375,726.0299682617188,NA,-0.3959999978542328,0.5424549343466735
SPARSE_429,1,60,287,104,2,0,0,0,0,0,0,0.0,-18.2166662578,29.799999160800027,0.0,2267.89453125,1133.947265625,NA,-0.0860000029206276,0.5424549343466735
SPARSE_430,0,13,49,0,0,0,0,0,0,0,0,0.0,-18.212499591150003,31.012499155950028,0.0,309.2168273925781,309.2168273925781,NA,-0.5049999952316284,0.22264285149058471
SPARSE_431,2,42,69,8,0,0,0,0,0,0,0,0.0,-18.22083292445,32.24583248435003,0.0,602.4739990234375,602.4739990234375,NA,-0.49399998784065247,0.5424549343466735
SPARSE_432,0,5,95,93,5,0,0,0,0,0,0,0.0,-18.22083292445,32.73749914905003,0.0,991.6980590820312,991.6980590820312,NA,0.29899999499320984,0.5131929515253594
SPARSE_433,0,17,53,13,0,0,0,0,0,0,0,0.0,-18.229166257750002,31.17916582195003,0.0,413.0529479980469,413.0529479980469,NA,-0.2409999966621399,0.5424549343466735
SPARSE_434,0,29,86,9,0,0,0,0,0,0,0,0.0,-18.237499591050003,28.962499164150028,0.0,621.1657104492188,621.1657104492188,NA,-0.36500000953674316,0.4532554485950383
SPARSE_435,0,2,42,27,1,0,0,0,0,0,0,0.0,-18.237499591050003,29.78749916085003,0.0,361.0050048828125,361.0050048828125,NA,0.17399999499320984,0.4717077451725266
SPARSE_436,0,2,61,0,0,0,0,0,0,0,0,0.0,-18.237499591050003,29.88749916045003,0.0,315.49560546875,315.49560546875,NA,-0.37400001287460327,0.16969090073706797
SPARSE_437,0,0,9,53,13,0,0,0,0,0,0,0.0,-18.237499591050003,31.55416582045003,0.0,376.14447021484375,376.14447021484375,NA,0.8629999756813049,0.47049998864531517
SPARSE_438,0,0,8,163,166,0,0,0,0,0,0,0.0,-18.237499591050003,32.72499914910003,0.0,1734.0787353515625,867.0393676757812,NA,1.319000005722046,0.5131929515253594
SPARSE_439,1,15,51,26,2,0,0,0,0,0,0,0.0,-18.24583292435,29.987499160050028,0.0,472.5240173339844,472.5240173339844,NA,-0.041999999433755875,0.658606356213819
SPARSE_440,0,1,34,44,2,0,0,0,0,0,0,0.0,-18.24583292435,31.60416582025003,0.0,406.3573913574219,406.3573913574219,NA,0.39249998703598976,0.47049998864531517
SPARSE_441,0,7,117,0,0,0,0,0,0,0,0,0.0,-18.254166257650002,29.88749916045003,0.0,620.6053466796875,620.6053466796875,NA,-0.4230000078678131,0.16969090073706797
SPARSE_442,0,16,52,13,0,0,0,0,0,0,0,0.0,-18.254166257650002,31.38749915445003,0.0,403.4199523925781,403.4199523925781,NA,-0.2329999953508377,0.5424549343466735
SPARSE_443,1,14,44,22,1,0,0,0,0,0,0,0.0,-18.26249959095,29.99583249335003,0.0,405.5745544433594,405.5745544433594,NA,-0.0689999982714653,0.658606356213819
SPARSE_444,0,0,86,0,0,0,0,0,0,0,0,0.0,-18.279166257550003,29.845832493950027,0.0,432.79608154296875,432.79608154296875,NA,-0.2549999952316284,0.16969090073706797
SPARSE_445,0,5,56,42,2,0,0,0,0,0,0,0.0,-18.279166257550003,32.05416581845003,0.0,528.6312866210938,528.6312866210938,NA,0.1979999989271164,0.5424549343466735
SPARSE_446,0,6,62,47,2,0,0,0,0,0,0,0.0,-18.28749959085,32.03749915185003,0.0,584.3436279296875,584.3436279296875,NA,0.1979999989271164,0.5424549343466735
SPARSE_447,0,14,84,38,1,0,0,0,0,0,0,0.0,-18.2916662575,33.00416581465003,0.0,682.77392578125,341.386962890625,NA,0.0020000000949949026,0.5424549343466735
SPARSE_448,0,25,53,0,0,0,0,0,0,0,0,0.0,-18.29583292415,30.02083249325003,0.0,387.8004455566406,387.8004455566406,NA,-0.5799999833106995,0.22606304092332039
SPARSE_449,0,1,36,32,1,0,0,0,0,0,0,0.0,-18.304166257450003,29.07083249705003,0.0,352.8487854003906,352.8487854003906,NA,0.2759999930858612,0.4532554485950383
SPARSE_450,0,8,40,16,0,0,0,0,0,0,0,0.0,-18.31249959075,27.06249917175003,0.0,322.85205078125,322.85205078125,NA,-0.052000001072883606,0.5424549343466735
SPARSE_451,0,13,93,27,0,0,0,0,0,0,0,0.0,-18.31249959075,31.55416582045003,0.0,666.0300903320312,666.0300903320312,NA,-0.07800000160932541,0.47049998864531517
SPARSE_452,0,0,69,1,0,0,0,0,0,0,0,0.0,-18.320832924050002,29.845832493950027,0.0,349.2963562011719,349.2963562011719,NA,-0.041999999433755875,0.16969090073706797
SPARSE_453,0,0,42,206,74,0,0,0,0,0,0,0.0,-18.324999590700003,29.87499916050003,0.0,1618.080078125,809.0400390625,NA,0.9179999828338623,0.5424549343466735
SPARSE_454,0,10,41,13,0,0,0,0,0,0,0,0.0,-18.320832924050002,31.50416582065003,0.0,322.3944396972656,322.3944396972656,NA,-0.12600000202655792,0.5424549343466735
SPARSE_455,1,20,41,6,0,0,0,0,0,0,0,0.0,-18.329166257350003,29.09583249695003,0.0,343.2215881347656,343.2215881347656,NA,-0.40799999237060547,0.5424549343466735
SPARSE_456,0,0,17,82,30,0,0,0,0,0,0,0.0,-18.33749959065,29.86249916055003,0.0,648.604736328125,648.604736328125,NA,0.9179999828338623,0.5424549343466735
SPARSE_457,0,29,41,0,0,0,0,0,0,0,0,0.0,-18.33749959065,30.08749915965003,0.0,347.2703552246094,347.2703552246094,NA,-0.6399999856948853,0.22606304092332039
SPARSE_458,0,0,64,0,0,0,0,0,0,0,0,0.0,-18.345832923950002,33.029165814550026,0.0,319.5777587890625,319.5777587890625,NA,-0.4259999990463257,0.028991384097794635
SPARSE_459,0,25,437,536,46,0,0,0,0,0,0,0.0,-18.36944403496667,26.433332507600028,0.0,5220.42041015625,870.070068359375,NA,0.3880000114440918,0.5424549343466735
SPARSE_460,0,14,59,19,0,0,0,0,0,0,0,0.0,-18.36249959055,32.92916581495003,0.0,464.9834899902344,464.9834899902344,NA,-0.1289999932050705,0.5424549343466735
SPARSE_461,0,1,46,102,16,0,0,0,0,0,0,0.0,-18.374999590500003,29.845832493950027,0.0,830.3140869140625,415.15704345703125,NA,0.6159999966621399,0.5424549343466735
SPARSE_462,0,2,125,0,0,0,0,0,0,0,0,0.0,-18.370832923850003,33.03749914785003,0.0,633.1988525390625,633.1988525390625,NA,-0.46700000762939453,0.028991384097794635
SPARSE_463,0,0,4,66,0,0,0,0,0,0,0,0.0,-18.37916625715,26.47083250745003,0.0,348.921142578125,348.921142578125,NA,0.5680000185966492,0.16223543624141423
SPARSE_464,0,0,58,47,0,0,0,0,0,0,0,0.0,-18.37916625715,26.48749917405003,0.0,525.6084594726562,525.6084594726562,NA,0.28700000047683716,0.16223543624141423
SPARSE_465,0,0,157,0,0,0,0,0,0,0,0,0.0,-18.37916625715,32.937499148250026,0.0,784.4627075195312,784.4627075195312,NA,-0.35600000619888306,0.09970205800176453
SPARSE_466,0,2,33,35,3,0,0,0,0,0,0,0.0,-18.387499590450002,26.62083250685003,0.0,361.35699462890625,361.35699462890625,NA,0.3310000002384186,0.5424549343466735
SPARSE_467,0,0,274,729,0,0,0,0,0,0,0,0.0,-18.387499590450002,29.87083249385003,0.0,5013.93798828125,1671.3126220703125,NA,0.36899998784065247,0.0870172372792954
SPARSE_468,0,14,51,0,0,0,0,0,0,0,0,0.0,-18.387499590450002,30.05416582645003,0.0,321.12872314453125,321.12872314453125,NA,-0.5070000290870667,0.22606304092332039
SPARSE_469,0,2,62,0,0,0,0,0,0,0,0,0.0,-18.387499590450002,32.91249914835003,0.0,318.59210205078125,318.59210205078125,NA,-0.4970000088214874,0.09970205800176453
SPARSE_470,3,60,88,9,0,0,0,0,0,0,0,0.0,-18.391666257100002,33.00416581465003,0.0,799.715576171875,399.8577880859375,NA,-0.5370000004768372,0.5424549343466735
SPARSE_471,0,0,223,2,0,0,0,0,0,0,0,0.0,-18.40416625705,32.95972137038336,0.0,1122.802734375,374.267578125,NA,-0.11999999731779099,0.17848342570445622
SPARSE_472,0,0,186,27,0,0,0,0,0,0,0,0.0,-18.40416625705,29.891665827100027,0.0,1065.547607421875,532.7738037109375,NA,0.19499999284744263,0.0870172372792954
SPARSE_473,0,5,77,0,0,0,0,0,0,0,0,0.0,-18.40416625705,30.08749915965003,0.0,409.852294921875,409.852294921875,NA,-0.3330000042915344,0.22606304092332039
SPARSE_474,0,0,63,1,0,0,0,0,0,0,0,0.0,-18.40416625705,32.92916581495003,0.0,316.3748779296875,316.3748779296875,NA,-0.09700000286102295,0.17848342570445622
SPARSE_475,0,8,97,85,5,0,0,0,0,0,0,0.0,-18.44583292355,29.44583249555003,0.0,973.9412231445312,973.9412231445312,NA,0.2590000033378601,0.5424549343466735
SPARSE_476,1,30,57,8,0,0,0,0,0,0,0,0.0,-18.44583292355,29.47083249545003,0.0,480.477294921875,480.477294921875,NA,-0.4440000057220459,0.5424549343466735
SPARSE_477,0,1,251,11,0,0,0,0,0,0,0,0.0,-18.4499995902,29.937499160250027,0.0,1317.2860107421875,658.6430053710938,NA,-0.07999999821186066,0.22606304092332039
SPARSE_478,0,8,80,57,3,0,0,0,0,0,0,0.0,-18.44583292355,32.59583248295003,0.0,741.04638671875,741.04638671875,NA,0.17399999499320984,0.5424549343466735
SPARSE_479,3,84,162,23,0,0,0,0,0,0,0,0.0,-18.459721812383336,28.381943610916696,0.0,1358.574462890625,452.858154296875,NA,-0.4350000023841858,0.5424549343466735
SPARSE_480,1,24,36,4,0,0,0,0,0,0,0,0.0,-18.45416625685,29.37083249585003,0.0,327.02655029296875,327.02655029296875,NA,-0.5239999890327454,0.5424549343466735
SPARSE_481,0,9,55,0,0,0,0,0,0,0,0,0.0,-18.45416625685,32.87916581515003,0.0,319.8846435546875,319.8846435546875,NA,-0.5820000171661377,0.009848855066321752
SPARSE_482,0,13,121,12,0,0,0,0,0,0,0,0.0,-18.466666256800004,29.42499916230003,0.0,726.5623779296875,363.28118896484375,NA,-0.19599999487400055,0.3609325870651297
SPARSE_483,0,19,57,0,0,0,0,0,0,0,0,0.0,-18.47083292345,29.61249916155003,0.0,380.5065002441406,380.5065002441406,NA,-0.5440000295639038,0.21115634888769136
SPARSE_484,0,7,55,0,0,0,0,0,0,0,0,0.0,-18.47083292345,32.89583248175003,0.0,310.85552978515625,310.85552978515625,NA,-0.5680000185966492,0.009848855066321752
SPARSE_485,0,2,33,37,3,0,0,0,0,0,0,0.0,-18.487499590050003,26.92083250565003,0.0,375.31549072265625,375.31549072265625,NA,0.3479999899864197,0.5424549343466735
SPARSE_486,0,17,53,1,0,0,0,0,0,0,0,0.0,-18.487499590050003,29.487499162050028,0.0,356.5712890625,356.5712890625,NA,-0.43299999833106995,0.3609325870651297
SPARSE_487,0,23,74,18,0,0,0,0,0,0,0,0.0,-18.487499590050003,29.895832493750028,0.0,579.9924926757812,579.9924926757812,NA,-0.2370000034570694,0.5424549343466735
SPARSE_488,0,9,40,13,0,0,0,0,0,0,0,0.0,-18.487499590050003,32.22083248445003,0.0,314.033935546875,314.033935546875,NA,-0.1289999932050705,0.5424549343466735
SPARSE_489,0,17,94,38,1,0,0,0,0,0,0,0.0,-18.4916662567,32.83749914865003,0.0,751.781005859375,375.8905029296875,NA,-0.041999999433755875,0.5424549343466735
SPARSE_490,0,10,55,0,0,0,0,0,0,0,0,0.0,-18.487499590050003,32.92916581495003,0.0,322.7164611816406,322.7164611816406,NA,-0.5870000123977661,0.009848855066321752
SPARSE_491,0,3,754,15,0,0,0,0,0,0,0,0.0,-18.502499589990002,29.77416582757003,0.0,3862.43603515625,772.4871826171875,NA,-0.12800000607967377,0.21115634888769136
SPARSE_492,0,5,58,0,0,0,0,0,0,0,0,0.0,-18.504166256650002,29.62916582815003,0.0,319.4208984375,319.4208984375,NA,-0.39899998903274536,0.21115634888769136
SPARSE_493,0,0,37,33,0,0,0,0,0,0,0,0.0,-18.512499589950004,32.12083248485003,0.0,350.32806396484375,350.32806396484375,NA,0.2939999997615814,0.21496045456862728
SPARSE_494,0,0,59,3,0,0,0,0,0,0,0,0.0,-18.52083292325,29.61249916155003,0.0,311.0546875,311.0546875,NA,-0.04100000113248825,0.20932271322231208
SPARSE_495,0,15,42,5,0,0,0,0,0,0,0,0.0,-18.52083292325,29.82083249405003,0.0,310.66259765625,310.66259765625,NA,-0.3610000014305115,0.4791635147519799
SPARSE_496,0,19,54,0,0,0,0,0,0,0,0,0.0,-18.529166256550003,29.63749916145003,0.0,363.8976745605469,363.8976745605469,NA,-0.5540000200271606,0.20932271322231208
SPARSE_497,0,0,12,45,13,0,0,0,0,0,0,0.0,-18.529166256550003,32.14583248475003,0.0,348.03582763671875,348.03582763671875,NA,0.824999988079071,0.5424549343466735
SPARSE_498,0,10,60,27,1,0,0,0,0,0,0,0.0,-18.529166256550003,32.65416581605003,0.0,484.6456604003906,484.6456604003906,NA,-0.003000000026077032,0.5424549343466735
SPARSE_499,0,24,48,0,0,0,0,0,0,0,0,0.0,-18.53749958985,29.67916582795003,0.0,358.4884948730469,358.4884948730469,NA,-0.5979999899864197,0.20932271322231208
SPARSE_500,2,48,75,8,0,0,0,0,0,0,0,0.0,-18.5416662565,31.86249915255003,0.0,669.6705322265625,334.83526611328125,NA,-0.5180000066757202,0.5424549343466735
SPARSE_501,0,0,5,55,0,0,0,0,0,0,0,0.0,-18.54583292315,32.10416581825003,0.0,302.806396484375,302.806396484375,NA,0.5979999899864197,0.21496045456862728
SPARSE_502,0,11,42,12,0,0,0,0,0,0,0,0.0,-18.54583292315,32.78749914885003,0.0,326.22662353515625,326.22662353515625,NA,-0.17299999296665192,0.5424549343466735
SPARSE_503,3,42,40,3,0,0,0,0,0,0,0,0.0,-18.554166256450003,28.52083249925003,0.0,439.2674255371094,439.2674255371094,NA,-0.7009999752044678,0.5424549343466735
SPARSE_504,0,13,48,0,0,0,0,0,0,0,0,0.0,-18.554166256450003,29.62916582815003,0.0,306.7674865722656,306.7674865722656,NA,-0.5239999890327454,0.20932271322231208
SPARSE_505,0,42,54,0,0,0,0,0,0,0,0,0.0,-18.554166256450003,29.67083249465003,0.0,476.98675537109375,476.98675537109375,NA,-0.6549999713897705,0.20932271322231208
SPARSE_506,0,0,93,0,0,0,0,0,0,0,0,0.0,-18.554166256450003,31.63749915345003,0.0,464.89093017578125,464.89093017578125,NA,-0.05999999865889549,0.11038720412500701
SPARSE_507,0,18,53,0,0,0,0,0,0,0,0,0.0,-18.56249958975,29.69583249455003,0.0,355.63311767578125,355.63311767578125,NA,-0.550000011920929,0.20932271322231208
SPARSE_508,0,0,82,41,0,0,0,0,0,0,0,0.0,-18.56249958975,32.64166581610003,0.0,615.9287109375,307.96435546875,NA,0.22200000286102295,0.19929291674756713
SPARSE_509,0,13,56,3,0,0,0,0,0,0,0,0.0,-18.570832923050002,30.33749915865003,0.0,364.9574279785156,364.9574279785156,NA,-0.3370000123977661,0.38778934143159577
SPARSE_510,0,0,13,42,10,0,0,0,0,0,0,0.0,-18.570832923050002,30.67916582395003,0.0,327.18341064453125,327.18341064453125,NA,0.7649999856948853,0.5424549343466735
SPARSE_511,0,0,105,0,0,0,0,0,0,0,0,0.0,-18.570832923050002,31.60416582025003,0.0,522.9993896484375,522.9993896484375,NA,-0.10599999874830246,0.11038720412500701
SPARSE_512,0,9,43,16,0,0,0,0,0,0,0,0.0,-18.570832923050002,32.79583248215003,0.0,341.8441467285156,341.8441467285156,NA,-0.08100000023841858,0.5424549343466735
SPARSE_513,0,2,89,56,0,0,0,0,0,0,0,0.0,-18.5916662563,30.33749915865003,0.0,735.796630859375,367.8983154296875,NA,0.19200000166893005,0.38778934143159577
SPARSE_514,0,0,60,1,0,0,0,0,0,0,0,0.0,-18.58749958965,32.662499149350026,0.0,304.83837890625,304.83837890625,NA,-0.13099999725818634,0.19929291674756713
SPARSE_515,0,0,66,0,0,0,0,0,0,0,0,0.0,-18.595832922950002,31.60416582025003,0.0,331.597412109375,331.597412109375,NA,-0.27000001072883606,0.11038720412500701
SPARSE_516,0,9,136,0,0,0,0,0,0,0,0,0.0,-18.6083329229,29.68749916125003,0.0,723.4627685546875,361.73138427734375,NA,-0.3610000014305115,0.20932271322231208
SPARSE_517,0,12,85,26,0,0,0,0,0,0,0,0.0,-18.604166256250004,29.82083249405003,0.0,619.0835571289062,619.0835571289062,NA,-0.0689999982714653,0.4791635147519799
SPARSE_518,0,23,297,270,17,0,0,0,0,0,0,0.0,-18.620832922850003,26.864165839210028,0.0,3039.76416015625,607.9528198242188,NA,0.2709999978542328,0.5424549343466735
SPARSE_519,0,3,169,312,24,0,0,0,0,0,0,0.0,-18.620832922850003,29.895832493750028,0.0,2537.06396484375,507.41278076171875,NA,0.5080000162124634,0.4791635147519799
SPARSE_520,0,6,206,429,65,0,0,0,0,0,0,0.0,-18.620832922850003,31.57083248705003,0.0,3537.35009765625,707.4700317382812,NA,0.5920000076293945,0.5424549343466735
SPARSE_521,0,5,88,55,1,0,0,0,0,0,0,0.0,-18.616666256200002,32.07916581835003,0.0,748.76708984375,374.383544921875,NA,0.1599999964237213,0.4723473323614246
SPARSE_522,1,18,39,6,0,0,0,0,0,0,0,0.0,-18.61249958955,32.41249915035003,0.0,317.61004638671875,317.61004638671875,NA,-0.38600000739097595,0.5424549343466735
SPARSE_523,0,1,90,112,1,0,0,0,0,0,0,0.0,-18.65416625605,30.340276936416696,0.0,1022.8642578125,340.9547424316406,NA,0.36399999260902405,0.38778934143159577
SPARSE_524,0,0,35,104,10,0,0,0,0,0,0,0.0,-18.6583329227,29.77916582755003,0.0,746.6558837890625,373.32794189453125,NA,0.6349999904632568,0.4526127855883514
SPARSE_525,0,15,48,12,0,0,0,0,0,0,0,0.0,-18.65416625605,32.62083248285003,0.0,375.2658386230469,375.2658386230469,NA,-0.23199999332427979,0.5424549343466735
SPARSE_526,0,0,12,76,7,0,0,0,0,0,0,0.0,-18.67916625595,30.26249915895003,0.0,477.7666015625,477.7666015625,NA,0.753000020980835,0.38778934143159577
SPARSE_527,0,0,74,4,0,0,0,0,0,0,0,0.0,-18.687499589250002,31.68749915325003,0.0,390.69000244140625,390.69000244140625,NA,-0.01899999938905239,0.20435385901480566
SPARSE_528,0,2,53,21,0,0,0,0,0,0,0,0.0,-18.695832922550004,30.28749915885003,0.0,380.8751525878906,380.8751525878906,NA,0.08500000089406967,0.38778934143159577
SPARSE_529,0,21,307,322,23,0,0,0,0,0,0,0.0,-18.716666255800003,32.16666581800003,0.0,3368.0185546875,842.004638671875,NA,0.3269999921321869,0.5424549343466735
SPARSE_530,0,17,65,19,0,0,0,0,0,0,0,0.0,-18.72083292245,27.55416583645003,0.0,509.48638916015625,509.48638916015625,NA,-0.1599999964237213,0.5424549343466735
SPARSE_531,0,4,125,0,0,0,0,0,0,0,0,0.0,-18.729166255750002,31.68749915325003,0.0,644.2675170898438,644.2675170898438,NA,-0.30799999833106995,0.20435385901480566
SPARSE_532,0,1,28,61,10,0,0,0,0,0,0,0.0,-18.737499589050003,31.80416581945003,0.0,495.40557861328125,495.40557861328125,NA,0.6069999933242798,0.5424549343466735
SPARSE_533,1,27,38,4,0,0,0,0,0,0,0,0.0,-18.762499588950003,32.37916581715003,0.0,350.71649169921875,350.71649169921875,NA,-0.5609999895095825,0.5424549343466735
SPARSE_534,3,89,157,20,0,0,0,0,0,0,0,0.0,-18.833332922000004,32.67291581597503,0.0,1347.382568359375,336.84564208984375,NA,-0.4690000116825104,0.5424549343466735
SPARSE_535,0,13,51,7,0,0,0,0,0,0,0,0.0,-18.83749958865,29.77083249425003,0.0,355.4658508300781,355.4658508300781,NA,-0.27000001072883606,0.4526127855883514
SPARSE_536,0,17,81,29,1,0,0,0,0,0,0,0.0,-18.86249958855,29.845832493950027,0.0,639.6702880859375,639.6702880859375,NA,-0.09578179778224738,0.5424549343466735
SPARSE_537,0,0,752,37,0,0,0,0,0,0,0,0.0,-18.868055144083336,32.669443593766694,0.0,3941.96923828125,656.994873046875,NA,0.14100000262260437,0.041012195163281084
SPARSE_538,0,17,77,26,1,0,0,0,0,0,0,0.0,-18.879166255150004,29.712499161150028,0.0,604.6058349609375,604.6058349609375,NA,-0.11100000143051147,0.5424549343466735
SPARSE_539,0,0,107,0,0,0,0,0,0,0,0,0.0,-18.879166255150004,32.50416581665003,0.0,534.72705078125,534.72705078125,NA,-0.2669999897480011,0.07071069497739416
SPARSE_540,0,8,52,25,1,0,0,0,0,0,0,0.0,-18.88749958845,32.58749914965003,0.0,427.1444091796875,427.1444091796875,NA,0.028999999165534973,0.5424549343466735
SPARSE_541,0,2,49,30,0,0,0,0,0,0,0,0.0,-18.895832921750003,29.78749916085003,0.0,410.9078063964844,410.9078063964844,NA,0.16500000655651093,0.4526127855883514
SPARSE_542,0,6,37,18,1,0,0,0,0,0,0,0.0,-18.895832921750003,32.60416581625003,0.0,305.8402099609375,305.8402099609375,NA,0.028999999165534973,0.5424549343466735
SPARSE_543,0,15,108,58,2,0,0,0,0,0,0,0.0,-18.92916625495,29.86249916055003,0.0,912.0211791992188,912.0211791992188,NA,0.06800000369548798,0.5424549343466735
SPARSE_544,0,0,1,200,0,0,0,0,0,0,0,0.0,-18.937499588250002,27.77499916890003,0.0,1005.06103515625,502.530517578125,NA,0.5789999961853027,2.697398275807517e-09
SPARSE_545,1,20,39,6,0,0,0,0,0,0,0,0.0,-18.937499588250002,32.08749915165003,0.0,327.500244140625,327.500244140625,NA,-0.43299999833106995,0.5424549343466735
SPARSE_546,0,0,27,153,0,0,0,0,0,0,0,0.0,-18.9499995882,29.78749916085003,0.0,902.540771484375,451.2703857421875,NA,0.41200000047683716,0.03323401230944676
SPARSE_547,0,0,6,89,0,0,0,0,0,0,0,0.0,-18.95416625485,29.81249916075003,0.0,478.57403564453125,478.57403564453125,NA,0.45899999141693115,0.03323401230944676
SPARSE_548,0,0,143,0,0,0,0,0,0,0,0,0.0,-18.962499588150003,32.39583248375003,0.0,713.87353515625,713.87353515625,NA,-0.367000013589859,0.07071069497739416
SPARSE_549,1,14,42,33,6,0,0,0,0,0,0,0.0,-18.962499588150003,32.57916581635003,0.0,481.0176696777344,481.0176696777344,NA,0.13099999725818634,0.7969093557999369
SPARSE_550,0,2,40,47,4,0,0,0,0,0,0,0.0,-18.97083292145,32.59583248295003,0.0,470.7343444824219,470.7343444824219,NA,0.36899998784065247,0.5424549343466735
SPARSE_551,0,32,205,98,3,0,0,0,0,0,0,0.0,-18.987499588050003,29.298610273916694,0.0,1692.57958984375,564.1931762695312,NA,0.02199999988079071,0.5424549343466735
SPARSE_552,1,22,52,9,0,0,0,0,0,0,0,0.0,-18.97916625475,32.52916581655003,0.0,419.4902038574219,419.4902038574219,NA,-0.36000001430511475,0.5424549343466735
SPARSE_553,2,101,347,90,1,0,0,0,0,0,0,0.0,-18.993451968978572,32.416070578907174,0.0,2703.196044921875,386.1708679199219,NA,-0.21199999749660492,0.5424549343466735
SPARSE_554,0,1,10,36,33,0,0,0,0,0,0,0.0,-18.987499588050003,32.58749914965003,0.0,426.9130554199219,426.9130554199219,NA,1.2580000162124634,0.7969093557999369
SPARSE_555,0,0,167,0,0,0,0,0,0,0,0,0.0,-18.99583292135,29.145832496750028,0.0,837.4236450195312,837.4236450195312,NA,-0.23199999332427979,0.13647160404855663
SPARSE_556,0,0,21,142,148,0,0,0,0,0,0,0.0,-18.999999588,30.90416582305003,0.0,1661.78369140625,830.891845703125,NA,1.3389999866485596,0.6772318655529546
SPARSE_557,0,14,67,52,6,0,0,0,0,0,0,0.0,-19.024999587900002,30.89166582310003,0.0,699.97998046875,349.989990234375,NA,0.16599999368190765,0.6772318655529546
SPARSE_558,0,13,137,102,5,0,0,0,0,0,0,0.0,-19.034721810083337,32.61249914955003,0.0,1288.076416015625,429.3587951660156,NA,0.1940000057220459,0.5424549343466735
SPARSE_559,0,0,154,0,0,0,0,0,0,0,0,0.0,-19.054166254450003,31.78333248620003,0.0,769.5033569335938,384.7516784667969,NA,-0.2460000067949295,0.038183769808702535
SPARSE_560,1,21,35,4,0,0,0,0,0,0,0,0.0,-19.054166254450003,32.570832483050026,0.0,303.2153015136719,303.2153015136719,NA,-0.48500001430511475,0.5424549343466735
SPARSE_561,0,0,62,0,0,0,0,0,0,0,0,0.0,-19.070832921050002,31.77083248625003,0.0,310.3774719238281,310.3774719238281,NA,-0.30000001192092896,0.038183769808702535
SPARSE_562,0,5,243,683,140,0,0,0,0,0,0,0.0,-19.102499587590003,32.62416581617003,0.0,5365.93603515625,1073.187255859375,NA,0.7059999704360962,0.5424549343466735
SPARSE_563,2,34,43,4,0,0,0,0,0,0,0,0.0,-19.104166254250003,32.12916581815003,0.0,413.9247741699219,413.9247741699219,NA,-0.6050000190734863,0.5424549343466735
SPARSE_564,0,5,51,35,2,0,0,0,0,0,0,0.0,-19.11249958755,27.97083250145003,0.0,465.64453125,465.64453125,NA,0.16500000655651093,0.5424549343466735
SPARSE_565,0,0,234,0,0,0,0,0,0,0,0,0.0,-19.118055143083335,32.651388038283365,0.0,1167.92919921875,389.3097229003906,NA,-0.1979999989271164,0.024041629801699337
SPARSE_566,0,0,165,80,0,0,0,0,0,0,0,0.0,-19.120832920850003,32.67916581595003,0.0,1225.4293212890625,408.4764404296875,NA,0.17499999701976776,0.2957739838402047
SPARSE_567,0,1,24,55,9,0,0,0,0,0,0,0.0,-19.15416625405,31.73749915305003,0.0,444.63519287109375,444.63519287109375,NA,0.6290000081062317,0.5424549343466735
SPARSE_568,1,35,96,20,0,0,0,0,0,0,0,0.0,-19.24583292035,32.48333248340003,0.0,758.7068481445312,379.3534240722656,NA,-0.29499998688697815,0.5424549343466735
SPARSE_569,0,0,117,49,0,0,0,0,0,0,0,0.0,-19.254166253650002,32.26249915095003,0.0,827.5161743164062,827.5161743164062,NA,0.23199999332427979,0.14142135044211784
SPARSE_570,0,16,73,26,1,0,0,0,0,0,0,0.0,-19.262499586950003,32.02916581855003,0.0,577.2910766601562,577.2910766601562,NA,-0.09578179778224738,0.5424549343466735
SPARSE_571,0,0,117,3,0,0,0,0,0,0,0,0.0,-19.262499586950003,32.30416581745003,0.0,601.2025146484375,601.2025146484375,NA,0.03200000151991844,0.14142135044211784
SPARSE_572,0,0,0,524,0,0,0,0,0,0,0,0.0,-19.27083292025,31.64166582010003,0.0,2619.39794921875,1309.698974609375,NA,0.9020000100135803,7.080670532873199e-09
SPARSE_573,0,0,27,149,59,0,0,0,0,0,0,0.0,-19.279166253550002,30.533332491200028,0.0,1186.969970703125,593.4849853515625,NA,0.9570000171661377,0.5424549343466735
SPARSE_574,0,13,57,18,0,0,0,0,0,0,0,0.0,-19.279166253550002,31.87083248585003,0.0,447.5611267089844,447.5611267089844,NA,-0.13199999928474426,0.5424549343466735
SPARSE_575,0,11,51,1,0,0,0,0,0,0,0,0.0,-19.31249958675,32.15416581805003,0.0,312.0809326171875,312.0809326171875,NA,-0.3930000066757202,0.3097163947215231
SPARSE_576,14,153,119,6,0,0,0,0,0,0,0,0.0,-19.334721808883337,30.181943603716697,0.0,1462.193115234375,487.397705078125,NA,-0.7839999794960022,0.5424549343466735
SPARSE_577,0,2,34,46,4,0,0,0,0,0,0,0.0,-19.329166253350003,31.43749915425003,0.0,428.3065185546875,428.3065185546875,NA,0.4269999861717224,0.5424549343466735
SPARSE_578,0,18,48,10,0,0,0,0,0,0,0,0.0,-19.33749958665,31.579165820350028,0.0,380.6160888671875,380.6160888671875,NA,-0.30300000309944153,0.5424549343466735
SPARSE_579,3,34,33,3,0,0,0,0,0,0,0,0.0,-19.345832919950002,29.754165827650027,0.0,370.5268249511719,370.5268249511719,NA,-0.7009999752044678,0.5902787302260203
SPARSE_580,0,10,367,45,0,0,0,0,0,0,0,0.0,-19.352082919925003,32.181249151275026,0.0,2108.510498046875,527.1276245117188,NA,-0.07800000160932541,0.3097163947215231
SPARSE_581,0,0,228,0,0,0,0,0,0,0,0,0.0,-19.3583329199,30.01249915995003,0.0,1142.487060546875,571.2435302734375,NA,-0.14800000190734863,0.158391918606465
SPARSE_582,0,63,44,0,0,0,0,0,0,0,0,0.0,-19.354166253250003,32.09583248495003,0.0,538.2322998046875,538.2322998046875,NA,-0.7559999823570251,0.3097163947215231
SPARSE_583,1,20,43,7,0,0,0,0,0,0,0,0.0,-19.354166253250003,32.36249915055003,0.0,354.4036865234375,354.4036865234375,NA,-0.3889999985694885,0.5424549343466735
SPARSE_584,1,31,93,18,0,0,0,0,0,0,0,0.0,-19.366666253200002,29.59583249495003,0.0,710.601806640625,355.3009033203125,NA,-0.28999999165534973,0.5225519060706494
SPARSE_585,0,14,343,30,0,0,0,0,0,0,0,0.0,-19.36249958655,32.204165817850026,0.0,1933.911865234375,644.6372680664062,NA,-0.13199999928474426,0.3097163947215231
SPARSE_586,0,16,55,14,0,0,0,0,0,0,0,0.0,-19.370832919850002,30.18749915925003,0.0,429.73248291015625,429.73248291015625,NA,-0.2070000022649765,0.5424549343466735
SPARSE_587,0,4,97,142,13,0,0,0,0,0,0,0.0,-19.381944030916667,29.52638805078336,0.0,1276.012451171875,425.3374938964844,NA,0.4490000009536743,0.5225519060706494
SPARSE_588,0,0,56,4,0,0,0,0,0,0,0,0.0,-19.40416625305,29.94583249355003,0.0,302.8186340332031,302.8186340332031,NA,0.07599999755620956,0.158391918606465
SPARSE_589,0,10,51,28,1,0,0,0,0,0,0,0.0,-19.412499586350002,29.63749916145003,0.0,449.07293701171875,449.07293701171875,NA,0.03700000047683716,0.5902787302260203
SPARSE_590,0,0,0,157,0,0,0,0,0,0,0,0.0,-19.420832919650003,29.83333249400003,0.0,786.3192138671875,393.15960693359375,NA,1.0110000371932983,0.10040917675265607
SPARSE_591,0,8,119,170,24,0,0,0,0,0,0,0.0,-19.4333329196,29.77916582755003,0.0,1604.00244140625,802.001220703125,NA,0.4659999907016754,0.5902787302260203
SPARSE_592,0,0,0,252,0,0,0,0,0,0,0,0.0,-19.42916625295,29.80833249410003,0.0,1257.958984375,628.9794921875,NA,0.8690000176429749,0.10040917675265607
SPARSE_593,0,0,0,53,18,0,0,0,0,0,0,0.0,-19.42916625295,29.87916582715003,0.0,353.8668518066406,353.8668518066406,NA,1.1660000085830688,0.21920310823697592
SPARSE_594,0,1,157,1478,988,0,0,0,0,0,0,0.0,-19.49226149079286,29.84940392250717,0.0,13330.8251953125,1904.403564453125,NA,1.156000018119812,0.5424549343466735
SPARSE_595,0,0,0,175,0,0,0,0,0,0,0,0.0,-19.499999586,29.799999160800027,0.0,877.2576904296875,438.62884521484375,NA,0.7540000081062317,5.73197139496944e-09
SPARSE_596,1,21,35,4,0,0,0,0,0,0,0,0.0,-19.52083291925,30.69583249055003,0.0,309.1717834472656,309.1717834472656,NA,-0.4860000014305115,0.5424549343466735
SPARSE_597,0,0,15,39,7,0,0,0,0,0,0,0.0,-19.529166252550002,29.937499160250027,0.0,309.4628601074219,309.4628601074219,NA,0.6650000214576721,0.5424549343466735
SPARSE_598,0,10,80,46,2,0,0,0,0,0,0,0.0,-19.529166252550002,32.68749914925003,0.0,690.3359985351562,690.3359985351562,NA,0.08799999952316284,0.5424549343466735
SPARSE_599,0,0,72,0,0,0,0,0,0,0,0,0.0,-19.57083291905,32.22916581775003,0.0,357.95635986328125,357.95635986328125,NA,-0.27250000089406967,0.06950000673532486
SPARSE_600,0,13,48,14,0,0,0,0,0,0,0,0.0,-19.57083291905,32.39583248375003,0.0,372.9319152832031,372.9319152832031,NA,-0.17100000381469727,0.5424549343466735
SPARSE_601,0,0,83,0,0,0,0,0,0,0,0,0.0,-19.579166252350003,32.35416581725003,0.0,417.415771484375,417.415771484375,NA,-0.2029999941587448,0.06950000673532486
SPARSE_602,3,129,313,57,1,0,0,0,0,0,0,0.0,-19.614582918875,30.00208249332503,0.0,2514.923828125,628.73095703125,NA,-0.34299999475479126,0.5424549343466735
SPARSE_603,0,0,45,55,0,0,0,0,0,0,0,0.0,-19.620832918850002,29.97916582675003,0.0,497.8816223144531,497.8816223144531,NA,0.3409999907016754,0.2705623741828131
SPARSE_604,0,8,45,20,1,0,0,0,0,0,0,0.0,-19.620832918850002,30.09583249295003,0.0,364.3087463378906,364.3087463378906,NA,-0.014000000432133675,0.5424549343466735
SPARSE_605,1,31,97,23,0,0,0,0,0,0,0,0.0,-19.6333329188,30.83749915665003,0.0,760.2459716796875,380.12298583984375,NA,-0.24699999392032623,0.5424549343466735
SPARSE_606,0,0,590,370,0,0,0,0,0,0,0,0.0,-19.639582918775,31.15624915537503,0.0,4799.26220703125,599.9077758789062,NA,0.23100000619888306,0.2658721453428696
SPARSE_607,0,4,64,0,0,0,0,0,0,0,0,0.0,-19.63749958545,28.88749916445003,0.0,340.74981689453125,340.74981689453125,NA,-0.3330000042915344,0.23405234760732033
SPARSE_608,0,5,130,211,24,0,0,0,0,0,0,0.0,-19.651388474283337,29.993054715583362,0.0,1851.368408203125,617.122802734375,NA,0.4970000088214874,0.5424549343466735
SPARSE_609,0,32,132,41,1,0,0,0,0,0,0,0.0,-19.645832918750003,31.216665821800028,0.0,1033.1773681640625,516.5886840820312,NA,-0.14100000262260437,0.5424549343466735
SPARSE_610,0,0,195,200,0,0,0,0,0,0,0,0.0,-19.654166252050004,29.941665826900028,0.0,1975.462890625,987.7314453125,NA,0.31299999356269836,0.2705623741828131
SPARSE_611,0,47,507,396,21,0,0,0,0,0,0,0.0,-19.672684770494445,29.953239900927805,0.0,4854.36328125,539.3737182617188,NA,0.21199999749660492,0.5424549343466735
SPARSE_612,0,5,147,120,3,0,0,0,0,0,0,0.0,-19.656944029816668,32.4736102612167,0.0,1374.1353759765625,458.0451354980469,NA,0.2460000067949295,0.4518412379829446
SPARSE_613,11,27,26,10,1,0,0,0,0,0,0,0.0,-19.66249958535,27.70416583585003,0.0,381.8311767578125,381.8311767578125,NA,-0.734000027179718,0.9715647365692793
SPARSE_614,0,0,87,0,0,0,0,0,0,0,0,0.0,-19.66249958535,32.44583248355003,0.0,433.8329162597656,433.8329162597656,NA,-0.34200000762939453,0.06950000673532486
SPARSE_615,0,1,60,73,2,0,0,0,0,0,0,0.0,-19.670832918650003,28.845832497950028,0.0,681.6796875,681.6796875,NA,0.3619999885559082,0.43293863315020054
SPARSE_616,0,0,18,111,49,0,0,0,0,0,0,0.0,-19.6749995853,30.01249915995003,0.0,899.072265625,449.5361328125,NA,0.9980000257492065,0.5424549343466735
SPARSE_617,0,17,43,8,0,0,0,0,0,0,0,0.0,-19.670832918650003,31.60416582025003,0.0,341.78631591796875,341.78631591796875,NA,-0.328000009059906,0.5424549343466735
SPARSE_618,1,28,38,4,0,0,0,0,0,0,0,0.0,-19.67916625195,32.16249915135003,0.0,352.3468017578125,352.3468017578125,NA,-0.5680000185966492,0.5424549343466735
SPARSE_619,0,7,70,19,0,0,0,0,0,0,0,0.0,-19.687499585250002,29.22083249645003,0.0,485.3057556152344,485.3057556152344,NA,-0.061000000685453415,0.4391133132874087
SPARSE_620,1,57,148,29,0,0,0,0,0,0,0,0.0,-19.687499585250002,29.99583249335003,0.0,1175.8724365234375,1175.8724365234375,NA,-0.31700000166893005,0.5424549343466735
SPARSE_621,0,20,53,11,0,0,0,0,0,0,0,0.0,-19.695832918550003,28.72916583175003,0.0,420.6210632324219,420.6210632324219,NA,-0.3059999942779541,0.5424549343466735
SPARSE_622,0,18,164,109,5,0,0,0,0,0,0,0.0,-19.70416625185,32.92499914830003,0.0,1475.24462890625,368.8111572265625,NA,0.14900000393390656,0.5424549343466735
SPARSE_623,0,5,151,99,1,0,0,0,0,0,0,0.0,-19.71527736291667,28.793054720383363,0.0,1286.469970703125,428.8233337402344,NA,0.1889999955892563,0.43293863315020054
SPARSE_624,0,25,41,2,0,0,0,0,0,0,0,0.0,-19.712499585150002,28.83749916465003,0.0,338.4322509765625,338.4322509765625,NA,-0.5479999780654907,0.43293863315020054
SPARSE_625,0,1,23,57,10,0,0,0,0,0,0,0.0,-19.72083291845,30.20416582585003,0.0,453.6936340332031,453.6936340332031,NA,0.6620000004768372,0.5424549343466735
SPARSE_626,0,8,41,17,0,0,0,0,0,0,0,0.0,-19.72083291845,32.07083248505003,0.0,331.2328796386719,331.2328796386719,NA,-0.039000000804662704,0.5424549343466735
SPARSE_627,0,2,61,55,2,0,0,0,0,0,0,0.0,-19.762499584950003,32.42916581695003,0.0,594.9677124023438,594.9677124023438,NA,0.2750000059604645,0.4660128736037757
SPARSE_628,0,0,20,47,3,0,0,0,0,0,0,0.0,-19.779166251550002,29.36249916255003,0.0,352.22174072265625,352.22174072265625,NA,0.5600000023841858,0.4391133132874087
SPARSE_629,0,1,27,37,2,0,0,0,0,0,0,0.0,-19.779166251550002,32.41249915035003,0.0,332.9850769042969,332.9850769042969,NA,0.41499999165534973,0.4660128736037757
SPARSE_630,1,39,72,10,0,0,0,0,0,0,0,0.0,-19.804166251450003,32.70416581585003,0.0,608.935791015625,608.935791015625,NA,-0.45100000500679016,0.5424549343466735
SPARSE_631,0,0,53,298,0,0,0,0,0,0,0,0.0,-19.804166251450003,32.87083248185003,0.0,1756.470458984375,585.4901733398438,NA,0.5099999904632568,0.1958468871448969
SPARSE_632,0,1,64,3,0,0,0,0,0,0,0,0.0,-19.81249958475,30.029165826550027,0.0,341.34124755859375,341.34124755859375,NA,-0.14100000262260437,0.2705623741828131
SPARSE_633,0,0,1,64,0,0,0,0,0,0,0,0.0,-19.829166251350003,32.83749914865003,0.0,325.4900817871094,325.4900817871094,NA,0.7760000228881836,0.1958468871448969
SPARSE_634,0,6,43,25,1,0,0,0,0,0,0,0.0,-19.845832917950002,32.79583248215003,0.0,370.6616516113281,370.6616516113281,NA,0.09000000357627869,0.5424549343466735
SPARSE_635,2,94,307,76,1,0,0,0,0,0,0,0.0,-19.926388473183337,32.8236102598167,0.0,2399.489990234375,799.8300170898438,NA,-0.23000000417232513,0.5424549343466735
SPARSE_636,0,13,59,21,0,0,0,0,0,0,0,0.0,-19.937499584250002,30.03749915985003,0.0,467.8172912597656,467.8172912597656,NA,-0.0949999988079071,0.5424549343466735
SPARSE_637,0,13,470,912,103,0,0,0,0,0,0,0.0,-19.962499584150002,32.32202296023574,0.0,7489.57763671875,534.9698486328125,NA,0.546999990940094,0.516187942679747
SPARSE_638,0,0,98,32,0,0,0,0,0,0,0,0.0,-19.945832917550003,30.83333249000003,0.0,649.9158935546875,324.95794677734375,NA,0.1379999965429306,0.2453660550947807
SPARSE_639,0,3,105,2,0,0,0,0,0,0,0,0.0,-19.95416625085,30.77916582355003,0.0,550.26708984375,550.26708984375,NA,-0.20900000631809235,0.2453660550947807
SPARSE_640,0,10,43,11,0,0,0,0,0,0,0,0.0,-19.95416625085,32.25416581765003,0.0,320.0561828613281,320.0561828613281,NA,-0.18299999833106995,0.516187942679747
SPARSE_641,0,4,38,26,1,0,0,0,0,0,0,0.0,-19.962499584150002,31.42916582095003,0.0,344.09600830078125,344.09600830078125,NA,0.15299999713897705,0.5424549343466735
SPARSE_642,0,1,90,138,3,0,0,0,0,0,0,0.0,-19.962499584150002,32.36666581720003,0.0,1161.123046875,580.5615234375,NA,0.42100000381469727,0.40445890427856274
SPARSE_643,0,11,55,5,0,0,0,0,0,0,0,0.0,-19.970832917450004,32.39583248375003,0.0,359.482177734375,359.482177734375,NA,-0.2840000092983246,0.40445890427856274
SPARSE_644,0,0,63,0,0,0,0,0,0,0,0,0.0,-19.97916625075,27.86249916855003,0.0,313.9601745605469,313.9601745605469,NA,-0.35600000619888306,0.06717514336978504
SPARSE_645,0,0,59,6,0,0,0,0,0,0,0,0.0,-19.987499584050003,28.79583249815003,0.0,326.1108703613281,326.1108703613281,NA,0.15299999713897705,0.11737972384357898
SPARSE_646,0,16,41,8,0,0,0,0,0,0,0,0.0,-19.987499584050003,31.82083248605003,0.0,325.7059326171875,325.7059326171875,NA,-0.32600000500679016,0.5424549343466735
SPARSE_647,0,16,50,12,0,0,0,0,0,0,0,0.0,-19.987499584050003,32.57916581635003,0.0,394.8417663574219,394.8417663574219,NA,-0.25,0.5424549343466735
SPARSE_648,0,14,61,21,0,0,0,0,0,0,0,0.0,-19.99583291735,32.68749914925003,0.0,482.0296325683594,482.0296325683594,NA,-0.11400000005960464,0.5424549343466735
SPARSE_649,0,1,69,0,0,0,0,0,0,0,0,0.0,-20.00416625065,27.89583250175003,0.0,349.25653076171875,349.25653076171875,NA,-0.45100000500679016,0.06717514336978504
SPARSE_650,0,0,34,29,0,0,0,0,0,0,0,0.0,-20.012499583950003,28.62916583215003,0.0,315.547119140625,315.547119140625,NA,0.2849999964237213,0.24086863361773447
SPARSE_651,0,16,169,152,11,0,0,0,0,0,0,0.0,-20.02083291725,28.847915831275028,0.0,1741.107666015625,435.27691650390625,NA,0.2630000114440918,0.5656854333786078
SPARSE_652,0,3,68,226,101,0,0,0,0,0,0,0.0,-20.01916625059,30.50749915797003,0.0,2018.0966796875,403.61932373046875,NA,0.9089999794960022,0.6438850763876979
SPARSE_653,1,35,57,7,0,0,0,0,0,0,0,0.0,-20.012499583950003,31.50416582065003,0.0,498.8683776855469,498.8683776855469,NA,-0.5019999742507935,0.5424549343466735
SPARSE_654,0,5,77,32,0,0,0,0,0,0,0,0.0,-20.012499583950003,32.94583248155003,0.0,573.0990600585938,573.0990600585938,NA,0.05700000002980232,0.4382891018295744
SPARSE_655,0,0,75,0,0,0,0,0,0,0,0,0.0,-20.02083291725,28.82083249805003,0.0,374.5329284667969,374.5329284667969,NA,-0.013000000268220901,0.11737972384357898
SPARSE_656,0,13,76,33,1,0,0,0,0,0,0,0.0,-20.02083291725,31.68749915325003,0.0,614.3151245117188,614.3151245117188,NA,-0.014000000432133675,0.5424549343466735
SPARSE_657,0,1,28,36,2,0,0,0,0,0,0,0.0,-20.02083291725,32.35416581725003,0.0,334.1426696777344,334.1426696777344,NA,0.39500001072883606,0.4829539391368447
SPARSE_658,1,36,32,1,0,0,0,0,0,0,0,0.0,-20.02083291725,33.00416581465003,0.0,347.38421630859375,347.38421630859375,NA,-0.7250000238418579,0.4382891018295744
SPARSE_659,2,28,40,5,0,0,0,0,0,0,0,0.0,-20.029166250550002,28.87916583115003,0.0,373.0205078125,373.0205078125,NA,-0.5370000004768372,0.5656854333786078
SPARSE_660,0,0,151,0,0,0,0,0,0,0,0,0.0,-20.029166250550002,32.86249914855003,0.0,752.9201049804688,752.9201049804688,NA,-0.1850000023841858,0.034648228737805556
SPARSE_661,2,71,74,2,0,0,0,0,0,0,0,0.0,-20.033332917200003,32.937499148250026,0.0,742.5113525390625,371.25567626953125,NA,-0.6769999861717224,0.4382891018295744
SPARSE_662,2,34,65,17,1,0,0,0,0,0,0,0.0,-20.03749958385,30.47083249145003,0.0,595.3006591796875,595.3006591796875,NA,-0.3630000054836273,0.6438850763876979
SPARSE_663,1,21,34,4,0,0,0,0,0,0,0,0.0,-20.03749958385,32.97083248145003,0.0,300.85577392578125,300.85577392578125,NA,-0.49799999594688416,0.5424549343466735
SPARSE_664,0,1,142,0,0,0,0,0,0,0,0,0.0,-20.049999583800002,30.487499158050028,0.0,714.5584716796875,357.27923583984375,NA,-0.42899999022483826,0.030405600526153428
SPARSE_665,0,10,96,126,22,0,0,0,0,0,0,0.0,-20.054166250450002,30.52638804678336,0.0,1270.99365234375,423.66455078125,NA,0.44699999690055847,0.6438850763876979
SPARSE_666,0,0,36,96,0,0,0,0,0,0,0,0.0,-20.04583291715,30.87083248985003,0.0,660.47412109375,660.47412109375,NA,0.4359999895095825,0.2116467126131561
SPARSE_667,0,0,79,0,0,0,0,0,0,0,0,0.0,-20.04583291715,32.88749914845003,0.0,394.89996337890625,394.89996337890625,NA,-0.23399999737739563,0.034648228737805556
SPARSE_668,0,1,129,3,0,0,0,0,0,0,0,0.0,-20.054166250450002,32.90833248170003,0.0,664.0784912109375,332.03924560546875,NA,-0.1599999964237213,0.22847539910685435
SPARSE_669,0,0,0,421,7,0,0,0,0,0,0,0.0,-20.062499583750004,28.508332499300028,0.0,2141.420654296875,1070.7103271484375,NA,1.003999948501587,0.1456640333393059
SPARSE_670,0,0,18,43,0,0,0,0,0,0,0,0.0,-20.062499583750004,30.87083248985003,0.0,304.97918701171875,304.97918701171875,NA,0.4269999861717224,0.2116467126131561
SPARSE_671,0,25,43,0,0,0,0,0,0,0,0,0.0,-20.07083291705,32.87083248185003,0.0,337.3692626953125,337.3692626953125,NA,-0.609000027179718,0.22847539910685435
SPARSE_672,0,8,162,1,0,0,0,0,0,0,0,0.0,-20.074999583700002,32.91249914835003,0.0,855.8235473632812,427.9117736816406,NA,-0.3109999895095825,0.22847539910685435
SPARSE_673,1,19,36,5,0,0,0,0,0,0,0,0.0,-20.079166250350003,29.18749916325003,0.0,302.25653076171875,302.25653076171875,NA,-0.4300000071525574,0.5424549343466735
SPARSE_674,0,2,47,74,8,0,0,0,0,0,0,0.0,-20.079166250350003,30.79583249015003,0.0,659.5772094726562,659.5772094726562,NA,0.48100000619888306,0.5424549343466735
SPARSE_675,0,6,73,68,4,0,0,0,0,0,0,0.0,-20.08749958365,31.61666582020003,0.0,755.674560546875,377.8372802734375,NA,0.28200000524520874,0.5424549343466735
SPARSE_676,1,30,48,6,0,0,0,0,0,0,0,0.0,-20.08749958365,31.854165819250028,0.0,424.3345031738281,424.3345031738281,NA,-0.503000020980835,0.5424549343466735
SPARSE_677,0,0,0,86,5,0,0,0,0,0,0,0.0,-20.095832916950002,28.595832498950028,0.0,457.43603515625,457.43603515625,NA,0.9269999861717224,0.24086863361773447
SPARSE_678,0,0,0,214,70,0,0,0,0,0,0,0.0,-20.101388472483336,28.615276943316694,0.0,1419.1473388671875,473.0491027832031,NA,1.1629999876022339,0.21783971590273907
SPARSE_679,0,16,308,406,38,0,0,0,0,0,0,0.0,-20.11111069466667,28.693054720783362,0.0,3840.38427734375,640.0640258789062,NA,0.41499999165534973,0.5424549343466735
SPARSE_680,0,3,217,0,0,0,0,0,0,0,0,0.0,-20.095832916950002,30.533332491200028,0.0,1103.8330078125,551.91650390625,NA,-0.47200000286102295,0.030405600526153428
SPARSE_681,0,0,75,0,0,0,0,0,0,0,0,0.0,-20.095832916950002,32.570832483050026,0.0,376.3383483886719,376.3383483886719,NA,-0.09799999743700027,0.16051323271229107
SPARSE_682,3,34,27,1,0,0,0,0,0,0,0,0.0,-20.095832916950002,32.92083248165003,0.0,323.2915954589844,323.2915954589844,NA,-0.7789999842643738,0.5424549343466735
SPARSE_683,0,0,21,64,3,0,0,0,0,0,0,0.0,-20.104166250250003,28.47083249945003,0.0,442.2405090332031,442.2405090332031,NA,0.5879999995231628,0.39888009991439394
SPARSE_684,0,1,33,64,9,0,0,0,0,0,0,0.0,-20.104166250250003,30.86249915655003,0.0,535.6964721679688,535.6964721679688,NA,0.5630000233650208,0.5424549343466735
SPARSE_685,0,5,44,30,1,0,0,0,0,0,0,0.0,-20.104166250250003,32.72916581575003,0.0,397.39398193359375,397.39398193359375,NA,0.16200000047683716,0.5424549343466735
SPARSE_686,0,2,62,104,13,0,0,0,0,0,0,0.0,-20.1166662502,30.37083249185003,0.0,905.4754028320312,452.7377014160156,NA,0.5099999904632568,0.5424549343466735
SPARSE_687,0,0,1,90,1,0,0,0,0,0,0,0.0,-20.11249958355,30.82916582335003,0.0,458.50091552734375,458.50091552734375,NA,0.7979999780654907,0.2116467126131561
SPARSE_688,0,1,63,26,0,0,0,0,0,0,0,0.0,-20.11249958355,32.44583248355003,0.0,449.24310302734375,449.24310302734375,NA,0.12700000405311584,0.3266388658709715
SPARSE_689,0,10,46,17,0,0,0,0,0,0,0,0.0,-20.11249958355,32.80416581545003,0.0,365.2585144042969,365.2585144042969,NA,-0.0820000022649765,0.5424549343466735
SPARSE_690,0,51,56,0,0,0,0,0,0,0,0,0.0,-20.120832916850002,32.41249915035003,0.0,540.7066040039062,540.7066040039062,NA,-0.6690000295639038,0.3266388658709715
SPARSE_691,0,18,205,133,4,0,0,0,0,0,0,0.0,-20.131944027916667,28.776388053783364,0.0,1801.0838623046875,600.3612670898438,NA,0.15199999511241913,0.5119453250048069
SPARSE_692,0,0,57,9,0,0,0,0,0,0,0,0.0,-20.12916625015,32.62083248285003,0.0,327.6252746582031,327.6252746582031,NA,0.1289999932050705,0.16051323271229107
SPARSE_693,0,19,153,22,0,0,0,0,0,0,0,0.0,-20.13749958345,28.45833249950003,0.0,970.60693359375,485.303466796875,NA,-0.17800000309944153,0.39888009991439394
SPARSE_694,1,27,47,6,0,0,0,0,0,0,0,0.0,-20.13749958345,31.84583248595003,0.0,402.1028747558594,402.1028747558594,NA,-0.4729999899864197,0.5424549343466735
SPARSE_695,2,33,46,5,0,0,0,0,0,0,0,0.0,-20.145832916750003,30.08749915965003,0.0,427.9417419433594,427.9417419433594,NA,-0.5569999814033508,0.5424549343466735
SPARSE_696,0,2,56,9,0,0,0,0,0,0,0,0.0,-20.154166250050004,32.387499150450026,0.0,333.01043701171875,333.01043701171875,NA,-0.050999999046325684,0.3266388658709715
SPARSE_697,0,0,83,0,0,0,0,0,0,0,0,0.0,-20.154166250050004,32.78749914885003,0.0,414.98919677734375,414.98919677734375,NA,-0.28999999165534973,0.07343250295100702
SPARSE_698,1,31,42,3,0,0,0,0,0,0,0,0.0,-20.16249958335,28.804165831450028,0.0,385.6177673339844,385.6177673339844,NA,-0.5720000267028809,0.5119453250048069
SPARSE_699,0,0,24,126,0,0,0,0,0,0,0,0.0,-20.170832916650003,28.44999916620003,0.0,754.7701416015625,377.38507080078125,NA,0.41200000047683716,0.10486181355850917
SPARSE_700,0,0,28,37,0,0,0,0,0,0,0,0.0,-20.170832916650003,28.687499165250028,0.0,325.78106689453125,325.78106689453125,NA,0.36399999260902405,0.29415641574739454
SPARSE_701,0,7,40,19,1,0,0,0,0,0,0,0.0,-20.170832916650003,31.61249915355003,0.0,329.4861145019531,329.4861145019531,NA,0.007000000216066837,0.5424549343466735
SPARSE_702,0,1,74,451,199,0,0,0,0,0,0,0.0,-20.189582916575002,28.485415832725028,0.0,3651.03759765625,912.7593994140625,NA,0.9950000047683716,0.5424549343466735
SPARSE_703,3,84,140,17,0,0,0,0,0,0,0,0.0,-20.17916624995,31.31666582140003,0.0,1224.20361328125,612.101806640625,NA,-0.4869999885559082,0.5424549343466735
SPARSE_704,0,16,65,20,0,0,0,0,0,0,0,0.0,-20.17916624995,32.60416581625003,0.0,510.9217529296875,510.9217529296875,NA,-0.14399999380111694,0.5424549343466735
SPARSE_705,0,0,83,0,0,0,0,0,0,0,0,0.0,-20.187499583250002,30.05416582645003,0.0,413.9000549316406,413.9000549316406,NA,-0.328000009059906,0.12869344209955916
SPARSE_706,0,0,45,387,237,0,0,0,0,0,0,0.0,-20.201388472083334,32.64305470498336,0.0,3392.45849609375,1130.8194580078125,NA,1.1230000257492065,0.5424549343466735
SPARSE_707,0,0,172,180,0,0,0,0,0,0,0,0.0,-20.206944027616668,30.70972137938336,0.0,1761.652099609375,587.2173461914062,NA,0.31200000643730164,0.11950104146866689
SPARSE_708,0,16,50,12,0,0,0,0,0,0,0,0.0,-20.20416624985,31.71249915315003,0.0,388.7681884765625,388.7681884765625,NA,-0.24300000071525574,0.5424549343466735
SPARSE_709,0,13,132,99,5,0,0,0,0,0,0,0.0,-20.21527736091667,28.768054720483363,0.0,1241.9923095703125,413.9974365234375,NA,0.1940000057220459,0.5424549343466735
SPARSE_710,0,5,519,215,0,0,0,0,0,0,0,0.0,-20.233928154492858,32.387499150450026,0.0,3689.918701171875,527.1312255859375,NA,0.1289999932050705,0.3266388658709715
SPARSE_711,0,0,0,130,0,0,0,0,0,0,0,0.0,-20.22083291645,28.529165832550028,0.0,651.1467895507812,651.1467895507812,NA,0.8259999752044678,0.06293252105869174
SPARSE_712,1,27,49,6,0,0,0,0,0,0,0,0.0,-20.22083291645,31.395832487750027,0.0,417.6462097167969,417.6462097167969,NA,-0.4650000035762787,0.5424549343466735
SPARSE_713,0,0,0,66,0,0,0,0,0,0,0,0.0,-20.22916624975,28.62916583215003,0.0,333.7823181152344,333.7823181152344,NA,0.7699999809265137,0.18032082240528957
SPARSE_714,0,0,90,0,0,0,0,0,0,0,0,0.0,-20.22916624975,30.66249915735003,0.0,448.76251220703125,448.76251220703125,NA,-0.33399999141693115,0.11242998478356943
SPARSE_715,0,4,98,0,0,0,0,0,0,0,0,0.0,-20.22916624975,30.67916582395003,0.0,508.67840576171875,508.67840576171875,NA,-0.49300000071525574,0.11242998478356943
SPARSE_716,0,0,63,0,0,0,0,0,0,0,0,0.0,-20.237499583050003,32.81249914875003,0.0,312.5813903808594,312.5813903808594,NA,-0.3370000123977661,0.07343250295100702
SPARSE_717,0,10,69,0,0,0,0,0,0,0,0,0.0,-20.245832916350004,31.945832485550028,0.0,396.30419921875,396.30419921875,NA,-0.5450000166893005,0.12445079281448279
SPARSE_718,0,26,124,3,0,0,0,0,0,0,0,0.0,-20.2666662496,32.35416581725003,0.0,760.4467163085938,380.2233581542969,NA,-0.37599998712539673,0.3266388658709715
SPARSE_719,0,0,75,0,0,0,0,0,0,0,0,0.0,-20.262499582950003,32.81249914875003,0.0,379.3499755859375,379.3499755859375,NA,-0.4339999854564667,0.07343250295100702
SPARSE_720,0,0,77,0,0,0,0,0,0,0,0,0.0,-20.27083291625,30.029165826550027,0.0,382.62957763671875,382.62957763671875,NA,-0.1459999978542328,0.12869344209955916
SPARSE_721,0,11,275,476,59,0,0,0,0,0,0,0.0,-20.29916624947,28.94249916423003,0.0,4101.4951171875,820.2990112304688,NA,0.5210000276565552,0.5424549343466735
SPARSE_722,0,12,43,11,0,0,0,0,0,0,0,0.0,-20.287499582850003,30.74583249035003,0.0,338.169189453125,338.169189453125,NA,-0.20399999618530273,0.5424549343466735
SPARSE_723,0,0,0,320,0,0,0,0,0,0,0,0.0,-20.308332916100003,30.512499157950028,0.0,1602.295166015625,801.1475830078125,NA,0.8140000104904175,7.417845376227606e-09
SPARSE_724,0,67,749,600,32,0,0,0,0,0,0,0.0,-20.335416249325,30.07187415971253,0.0,7243.447265625,905.430908203125,NA,0.22200000286102295,0.5424549343466735
SPARSE_725,0,4,54,47,3,0,0,0,0,0,0,0.0,-20.329166249350003,29.829165827350028,0.0,541.5963745117188,541.5963745117188,NA,0.2549999952316284,0.5424549343466735
SPARSE_726,0,1,43,161,45,0,0,0,0,0,0,0.0,-20.334721804883337,30.040276937616696,0.0,1251.70068359375,417.2335510253906,NA,0.8190000057220459,0.5424549343466735
SPARSE_727,0,17,43,8,0,0,0,0,0,0,0,0.0,-20.329166249350003,30.304165825450028,0.0,342.8528137207031,342.8528137207031,NA,-0.3199999928474426,0.5424549343466735
SPARSE_728,0,27,36,0,0,0,0,0,0,0,0,0.0,-20.329166249350003,32.32916581735003,0.0,315.0479736328125,315.0479736328125,NA,-0.6320000290870667,0.3266388658709715
SPARSE_729,0,0,237,0,0,0,0,0,0,0,0,0.0,-20.33194402711667,32.609721371783365,0.0,1184.332763671875,394.777587890625,NA,-0.30399999022483826,0.0323316117709943
SPARSE_730,0,3,33,29,2,0,0,0,0,0,0,0.0,-20.337499582650004,31.46249915415003,0.0,332.1739196777344,332.1739196777344,NA,0.2529999911785126,0.5424549343466735
SPARSE_731,0,63,114,1,0,0,0,0,0,0,0,0.0,-20.34583291595,32.30416581745003,0.0,886.1372680664062,886.1372680664062,NA,-0.5659999847412109,0.3266388658709715
SPARSE_732,0,2,61,21,0,0,0,0,0,0,0,0.0,-20.354166249250003,31.47083248745003,0.0,417.051513671875,417.051513671875,NA,0.06199999898672104,0.36557420658994144
SPARSE_733,0,23,62,1,0,0,0,0,0,0,0,0.0,-20.36249958255,32.35416581725003,0.0,430.1622619628906,430.1622619628906,NA,-0.49000000953674316,0.3266388658709715
SPARSE_734,0,14,52,15,0,0,0,0,0,0,0,0.0,-20.395832915750002,30.12916582615003,0.0,407.6122131347656,407.6122131347656,NA,-0.17800000309944153,0.5424549343466735
SPARSE_735,0,34,115,0,0,0,0,0,0,0,0,0.0,-20.4083329157,29.77916582755003,0.0,750.45947265625,375.229736328125,NA,-0.4779999852180481,0.28204430942637665
SPARSE_736,0,39,25,0,0,0,0,0,0,0,0,0.0,-20.40416624905,31.93749915225003,0.0,318.9022521972656,318.9022521972656,NA,-0.7210000157356262,0.12445079281448279
SPARSE_737,0,11,42,12,0,0,0,0,0,0,0,0.0,-20.40416624905,32.59583248295003,0.0,324.81512451171875,324.81512451171875,NA,-0.16099999845027924,0.5424549343466735
SPARSE_738,0,0,78,0,0,0,0,0,0,0,0,0.0,-20.41249958235,32.49583248335003,0.0,389.9078369140625,389.9078369140625,NA,-0.30399999022483826,0.0323316117709943
SPARSE_739,0,24,49,0,0,0,0,0,0,0,0,0.0,-20.420832915650003,32.345832483950026,0.0,371.00848388671875,371.00848388671875,NA,-0.5360000133514404,0.3394112644104369
SPARSE_740,0,0,59,72,0,0,0,0,0,0,0,0.0,-20.420832915650003,32.708332482500026,0.0,656.572265625,328.2861328125,NA,0.3440000116825104,0.2951225809152044
SPARSE_741,0,52,45,0,0,0,0,0,0,0,0,0.0,-20.429166248950004,29.87916582715003,0.0,485.1913757324219,485.1913757324219,NA,-0.7170000076293945,0.28204430942637665
SPARSE_742,0,3,123,13,0,0,0,0,0,0,0,0.0,-20.429166248950004,32.67916581595003,0.0,690.0031127929688,690.0031127929688,NA,-0.08399999886751175,0.2951225809152044
SPARSE_743,0,2,42,35,1,0,0,0,0,0,0,0.0,-20.437499582250002,29.27083249625003,0.0,400.6161193847656,400.6161193847656,NA,0.25,0.4797780651622153
SPARSE_744,0,3,57,0,0,0,0,0,0,0,0,0.0,-20.437499582250002,31.71249915315003,0.0,300.2928466796875,300.2928466796875,NA,-0.44699999690055847,0.14778531119884225
SPARSE_745,0,0,60,0,0,0,0,0,0,0,0,0.0,-20.437499582250002,32.48749915005003,0.0,301.9104309082031,301.9104309082031,NA,-0.24799999594688416,0.0323316117709943
SPARSE_746,1,20,41,6,0,0,0,0,0,0,0,0.0,-20.45416624885,32.204165817850026,0.0,341.7402038574219,341.7402038574219,NA,-0.4050000011920929,0.5424549343466735
SPARSE_747,0,16,40,7,0,0,0,0,0,0,0,0.0,-20.462499582150002,31.86249915255003,0.0,320.45855712890625,320.45855712890625,NA,-0.3409999907016754,0.5424549343466735
SPARSE_748,0,44,22,0,0,0,0,0,0,0,0,0.0,-20.462499582150002,32.345832483950026,0.0,330.627685546875,330.627685546875,NA,-0.7979999780654907,0.2531768103560345
SPARSE_749,8,236,644,188,5,0,0,0,0,0,0,0.0,-20.476388470983334,29.906943604816696,0.0,5410.31005859375,1803.4366455078125,NA,-0.23999999463558197,0.596124427037068
SPARSE_750,0,6,67,0,0,0,0,0,0,0,0,0.0,-20.487499582050003,29.42916582895003,0.0,369.2017517089844,369.2017517089844,NA,-0.5519999861717224,0.07159841333690088
SPARSE_751,1,57,7,0,0,0,0,0,0,0,0,0.0,-20.487499582050003,29.86249916055003,0.0,322.1007080078125,322.1007080078125,NA,-1.0399999618530273,0.28204430942637665
SPARSE_752,1,30,48,6,0,0,0,0,0,0,0,0.0,-20.487499582050003,30.670832490650028,0.0,419.83953857421875,419.83953857421875,NA,-0.503000020980835,0.5424549343466735
SPARSE_753,0,0,307,0,0,0,0,0,0,0,0,0.0,-20.491666248700003,31.74999915300003,0.0,1537.7626953125,384.440673828125,NA,-0.23800000548362732,0.14778531119884225
SPARSE_754,1,77,362,127,3,0,0,0,0,0,0,0.0,-20.501388470883334,27.793054724383364,0.0,2852.2177734375,950.7392578125,NA,-0.09578179778224738,0.5424549343466735
SPARSE_755,0,0,64,0,0,0,0,0,0,0,0,0.0,-20.49583291535,29.38749916245003,0.0,321.2496643066406,321.2496643066406,NA,-0.4099999964237213,0.07159841333690088
SPARSE_756,0,2,59,0,0,0,0,0,0,0,0,0.0,-20.49583291535,29.41249916235003,0.0,305.19622802734375,305.19622802734375,NA,-0.4970000088214874,0.07159841333690088
SPARSE_757,0,11,45,13,0,0,0,0,0,0,0,0.0,-20.50416624865,32.51249914995003,0.0,350.4312744140625,350.4312744140625,NA,-0.16099999845027924,0.5424549343466735
SPARSE_758,0,20,103,39,1,0,0,0,0,0,0,0.0,-20.50416624865,32.662499149350026,0.0,815.895263671875,815.895263671875,NA,-0.06499999761581421,0.5424549343466735
SPARSE_759,1,36,101,22,0,0,0,0,0,0,0,0.0,-20.512499581950003,27.81249916875003,0.0,796.91162109375,796.91162109375,NA,-0.28299999237060547,0.5424549343466735
SPARSE_760,0,0,30,353,173,0,0,0,0,0,0,0.0,-20.533332915200003,29.28749916285003,0.0,2794.224853515625,1397.1124267578125,NA,1.0809999704360962,0.4797780651622153
SPARSE_761,0,5,83,3,0,0,0,0,0,0,0,0.0,-20.529166248550002,32.67916581595003,0.0,457.48284912109375,457.48284912109375,NA,-0.22200000286102295,0.2951225809152044
SPARSE_762,1,27,65,12,0,0,0,0,0,0,0,0.0,-20.54583291515,27.78749916885003,0.0,521.8119506835938,521.8119506835938,NA,-0.3490000069141388,0.5424549343466735
SPARSE_763,1,22,62,18,0,0,0,0,0,0,0,0.0,-20.54583291515,29.91249916035003,0.0,518.87109375,518.87109375,NA,-0.2329999953508377,0.596124427037068
SPARSE_764,1,20,43,7,0,0,0,0,0,0,0,0.0,-20.562499581750004,30.94583248955003,0.0,351.2182312011719,351.2182312011719,NA,-0.38600000739097595,0.5424549343466735
SPARSE_765,2,30,35,3,0,0,0,0,0,0,0,0.0,-20.562499581750004,31.670832486650028,0.0,346.91473388671875,346.91473388671875,NA,-0.628000020980835,0.5424549343466735
SPARSE_766,0,25,43,0,0,0,0,0,0,0,0,0.0,-20.57083291505,29.29583249615003,0.0,336.6016845703125,336.6016845703125,NA,-0.5809999704360962,0.3095108919039838
SPARSE_767,0,1,57,9,0,0,0,0,0,0,0,0.0,-20.58749958165,29.29583249615003,0.0,339.0730285644531,339.0730285644531,NA,-0.03099999949336052,0.3095108919039838
SPARSE_768,0,7,41,18,1,0,0,0,0,0,0,0.0,-20.604166248250003,30.37916582515003,0.0,332.783935546875,332.783935546875,NA,0.0,0.5424549343466735
SPARSE_769,1,36,59,7,0,0,0,0,0,0,0,0.0,-20.604166248250003,31.395832487750027,0.0,515.2708129882812,515.2708129882812,NA,-0.49900001287460327,0.5424549343466735
SPARSE_770,0,0,89,0,0,0,0,0,0,0,0,0.0,-20.604166248250003,32.27916581755003,0.0,443.250244140625,443.250244140625,NA,-0.22300000488758087,0.07283199500617282
SPARSE_771,0,2,56,168,53,0,0,0,0,0,0,0.0,-20.620832914850002,30.04999915980003,0.0,1401.25341796875,700.626708984375,NA,0.7960000038146973,0.596124427037068
SPARSE_772,1,24,41,5,0,0,0,0,0,0,0,0.0,-20.629166248150003,29.845832493950027,0.0,356.4869079589844,356.4869079589844,NA,-0.4740000069141388,0.5424549343466735
SPARSE_773,0,31,62,0,0,0,0,0,0,0,0,0.0,-20.645832914750002,29.28749916285003,0.0,464.69976806640625,464.69976806640625,NA,-0.5519999861717224,0.3095108919039838
SPARSE_774,3,46,54,5,0,0,0,0,0,0,0,0.0,-20.70416624785,31.07083248905003,0.0,536.1534423828125,536.1534423828125,NA,-0.6209999918937683,0.5424549343466735
SPARSE_775,10,55,63,15,1,0,0,0,0,0,0,0.0,-20.7083329145,32.31666581740003,0.0,726.0834350585938,363.0417175292969,NA,-0.6050000190734863,0.7499453412693652
SPARSE_776,0,15,39,8,0,0,0,0,0,0,0,0.0,-20.70416624785,32.47083248345003,0.0,312.6171569824219,312.6171569824219,NA,-0.3179999887943268,0.5424549343466735
SPARSE_777,8,42,16,0,0,0,0,0,0,0,0,0.0,-20.712499581150002,28.88749916445003,0.0,331.5599060058594,331.5599060058594,NA,-1.0520000457763672,0.5424549343466735
SPARSE_778,1,20,35,5,0,0,0,0,0,0,0,0.0,-20.720832914450003,31.12916582215003,0.0,300.44580078125,300.44580078125,NA,-0.46299999952316284,0.5424549343466735
SPARSE_779,11,39,29,5,0,0,0,0,0,0,0,0.0,-20.720832914450003,32.36249915055003,0.0,419.3592834472656,419.3592834472656,NA,-0.8820000290870667,0.7499453412693652
SPARSE_780,0,0,67,0,0,0,0,0,0,0,0,0.0,-20.737499581050002,30.90416582305003,0.0,336.86639404296875,336.86639404296875,NA,-0.19900000095367432,0.19902345539446092
SPARSE_781,0,18,61,0,0,0,0,0,0,0,0,0.0,-20.737499581050002,30.92083248965003,0.0,395.76019287109375,395.76019287109375,NA,-0.6140000224113464,0.09930551994502529
SPARSE_782,1,25,37,4,0,0,0,0,0,0,0,0.0,-20.75416624765,30.487499158050028,0.0,331.663818359375,331.663818359375,NA,-0.5350000262260437,0.5424549343466735
SPARSE_783,1,19,40,6,0,0,0,0,0,0,0,0.0,-20.75416624765,31.18749915525003,0.0,329.78094482421875,329.78094482421875,NA,-0.3889999985694885,0.5424549343466735
SPARSE_784,0,30,78,0,0,0,0,0,0,0,0,0.0,-20.77083291425,30.90416582305003,0.0,539.3200073242188,539.3200073242188,NA,-0.5730000138282776,0.19902345539446092
SPARSE_785,0,0,68,0,0,0,0,0,0,0,0,0.0,-20.77083291425,30.97916582275003,0.0,340.01397705078125,340.01397705078125,NA,-0.382999986410141,0.09930551994502529
SPARSE_786,0,2,22,48,23,0,0,0,0,0,0,0.0,-20.77083291425,32.21249915115003,0.0,484.958984375,484.958984375,NA,0.8289999961853027,0.7499453412693652
SPARSE_787,0,2,103,0,0,0,0,0,0,0,0,0.0,-20.77083291425,32.39583248375003,0.0,524.824462890625,524.824462890625,NA,-0.48500001430511475,0.09729509239877468
SPARSE_788,0,0,62,2,0,0,0,0,0,0,0,0.0,-20.779166247550002,31.90416581905003,0.0,317.1061706542969,317.1061706542969,NA,0.08799999952316284,0.11264102425294825
SPARSE_789,0,0,69,0,0,0,0,0,0,0,0,0.0,-20.787499580850003,32.46249915015003,0.0,346.38226318359375,346.38226318359375,NA,-0.2919999957084656,0.09729509239877468
SPARSE_790,0,0,72,0,0,0,0,0,0,0,0,0.0,-20.79583291415,31.00416582265003,0.0,362.6208190917969,362.6208190917969,NA,-0.43299999833106995,0.09930551994502529
SPARSE_791,0,14,63,0,0,0,0,0,0,0,0,0.0,-20.804166247450002,30.86249915655003,0.0,381.4033508300781,381.4033508300781,NA,-0.5040000081062317,0.19902345539446092
SPARSE_792,0,0,85,0,0,0,0,0,0,0,0,0.0,-20.804166247450002,30.90416582305003,0.0,423.795654296875,423.795654296875,NA,-0.28299999237060547,0.08414571943666631
SPARSE_793,0,0,86,0,0,0,0,0,0,0,0,0.0,-20.81249958075,30.029165826550027,0.0,429.65283203125,429.65283203125,NA,-0.17100000381469727,0.04384062313096425
SPARSE_794,0,0,77,0,0,0,0,0,0,0,0,0.0,-20.81249958075,30.987499156050028,0.0,383.9708251953125,383.9708251953125,NA,-0.4020000100135803,0.08414571943666631
SPARSE_795,0,0,118,7,0,0,0,0,0,0,0,0.0,-20.82083291405,31.84583248595003,0.0,625.4464721679688,625.4464721679688,NA,0.12800000607967377,0.11264102425294825
SPARSE_796,1,23,39,5,0,0,0,0,0,0,0,0.0,-20.82083291405,32.17916581795003,0.0,342.5050964355469,342.5050964355469,NA,-0.4880000054836273,0.5424549343466735
SPARSE_797,0,0,307,0,0,0,0,0,0,0,0,0.0,-20.83194402511667,31.884721374683362,0.0,1533.218505859375,511.0728454589844,NA,-0.08399999886751175,0.11264102425294825
SPARSE_798,0,0,63,0,0,0,0,0,0,0,0,0.0,-20.829166247350003,32.45416581685003,0.0,314.273681640625,314.273681640625,NA,-0.4099999964237213,0.09729509239877468
SPARSE_799,0,15,59,17,0,0,0,0,0,0,0,0.0,-20.837499580650004,29.94583249355003,0.0,459.8074645996094,459.8074645996094,NA,-0.1679999977350235,0.5424549343466735
SPARSE_800,0,17,67,19,0,0,0,0,0,0,0,0.0,-20.84583291395,29.92916582695003,0.0,520.03857421875,520.03857421875,NA,-0.1679999977350235,0.5424549343466735
SPARSE_801,0,11,55,20,0,0,0,0,0,0,0,0.0,-20.84583291395,30.18749915925003,0.0,432.9410400390625,432.9410400390625,NA,-0.08500000089406967,0.5424549343466735
SPARSE_802,0,7,44,21,1,0,0,0,0,0,0,0.0,-20.84583291395,31.22083248845003,0.0,366.1308898925781,366.1308898925781,NA,0.02800000086426735,0.5424549343466735
SPARSE_803,0,1,310,415,4,0,0,0,0,0,0,0.0,-20.868055136083335,28.915276942116694,0.0,3651.04736328125,608.5078735351562,NA,0.37599998712539673,0.3620386680900023
SPARSE_804,0,6,279,1,0,0,0,0,0,0,0,0.0,-20.870832913850002,32.23749915105003,0.0,1429.7415771484375,1429.7415771484375,NA,-0.2529999911785126,0.21505882829321632
SPARSE_805,0,8,158,127,4,0,0,0,0,0,0,0.0,-20.895832913750002,30.77916582355003,0.0,1482.3294677734375,494.1098327636719,NA,0.2370000034570694,0.4822468221561208
SPARSE_806,0,10,116,95,5,0,0,0,0,0,0,0.0,-20.91249958035,30.22916582575003,0.0,1132.17578125,377.3919372558594,NA,0.2329999953508377,0.5424549343466735
SPARSE_807,0,90,32,0,0,0,0,0,0,0,0,0.0,-20.920832913650003,32.345832483950026,0.0,611.37841796875,611.37841796875,NA,-0.847000002861023,0.24767027856735316
SPARSE_808,0,1,23,40,5,0,0,0,0,0,0,0.0,-20.929166246950004,28.99583249735003,0.0,341.3843078613281,341.3843078613281,NA,0.5189999938011169,0.5424549343466735
SPARSE_809,0,0,14,92,44,0,0,0,0,0,0,0.0,-20.929166246950004,29.01249916395003,0.0,756.55126953125,756.55126953125,NA,1.031000018119812,0.5424549343466735
SPARSE_810,0,2,97,271,56,0,0,0,0,0,0,0.0,-20.943055135783336,30.643054712983364,0.0,2133.7568359375,711.2522583007812,NA,0.7059999704360962,0.5424549343466735
SPARSE_811,1,43,105,19,0,0,0,0,0,0,0,0.0,-20.93749958025,32.07499915170003,0.0,845.635986328125,422.8179931640625,NA,-0.34200000762939453,0.5424549343466735
SPARSE_812,0,0,66,2,0,0,0,0,0,0,0,0.0,-20.93749958025,32.14583248475003,0.0,338.7320251464844,338.7320251464844,NA,-0.09578179778224738,0.2074642633877864
SPARSE_813,0,24,49,5,0,0,0,0,0,0,0,0.0,-20.945832913550003,30.75416582365003,0.0,389.1997985839844,389.1997985839844,NA,-0.4449999928474426,0.4822468221561208
SPARSE_814,0,15,48,0,0,0,0,0,0,0,0,0.0,-20.945832913550003,32.32916581735003,0.0,314.09893798828125,314.09893798828125,NA,-0.5149999856948853,0.24767027856735316
SPARSE_815,0,0,1,76,0,0,0,0,0,0,0,0.0,-20.95416624685,29.02083249725003,0.0,385.1747741699219,385.1747741699219,NA,0.7009999752044678,0.16475586619229926
SPARSE_816,0,15,62,20,0,0,0,0,0,0,0,0.0,-20.970832913450003,28.74583249835003,0.0,484.3321228027344,484.3321228027344,NA,-0.1340000033378601,0.5424549343466735
SPARSE_817,0,8,100,13,0,0,0,0,0,0,0,0.0,-20.970832913450003,28.79583249815003,0.0,602.0327758789062,602.0327758789062,NA,-0.13600000739097595,0.3620386680900023
SPARSE_818,1,37,78,12,0,0,0,0,0,0,0,0.0,-20.97916624675,32.10416581825003,0.0,645.9299926757812,645.9299926757812,NA,-0.39899998903274536,0.5424549343466735
SPARSE_819,0,0,72,358,0,0,0,0,0,0,0,0.0,-21.001388468883334,29.20972138538336,0.0,2145.86865234375,715.28955078125,NA,0.46799999475479126,0.16475586619229926
SPARSE_820,0,3,152,455,100,0,0,0,0,0,0,0.0,-21.00583291331,31.44916582087003,0.0,3556.08544921875,711.2171020507812,NA,0.7300000190734863,0.5424549343466735
SPARSE_821,0,15,140,1,0,0,0,0,0,0,0,0.0,-21.00416624665,32.14999915140003,0.0,778.9796142578125,389.48980712890625,NA,-0.33500000834465027,0.2672863570507814
SPARSE_822,0,18,415,0,0,0,0,0,0,0,0,0.0,-21.009166246630002,32.19916581787003,0.0,2167.221435546875,433.44427490234375,NA,-0.367000013589859,0.18535370863931194
SPARSE_823,0,14,63,21,0,0,0,0,0,0,0,0.0,-21.012499579950003,31.52916582055003,0.0,496.0277099609375,496.0277099609375,NA,-0.10899999737739563,0.5424549343466735
SPARSE_824,0,0,52,91,0,0,0,0,0,0,0,0.0,-21.020832913250004,31.47499915410003,0.0,715.9818725585938,357.9909362792969,NA,0.41200000047683716,0.3003579807426081
SPARSE_825,0,0,46,34,0,0,0,0,0,0,0,0.0,-21.037499579850003,31.52083248725003,0.0,399.3304443359375,399.3304443359375,NA,0.2540000081062317,0.3003579807426081
SPARSE_826,0,2,95,10,0,0,0,0,0,0,0,0.0,-21.037499579850003,31.62083248685003,0.0,534.6180419921875,534.6180419921875,NA,-0.0820000022649765,0.29189776048557525
SPARSE_827,0,0,106,108,0,0,0,0,0,0,0,0.0,-21.054166246450002,31.48333248740003,0.0,1070.434326171875,535.2171630859375,NA,0.3109999895095825,0.3003579807426081
SPARSE_828,0,33,29,0,0,0,0,0,0,0,0,0.0,-21.054166246450002,32.13749915145003,0.0,308.5059509277344,308.5059509277344,NA,-0.7129999995231628,0.2672863570507814
SPARSE_829,0,2,42,65,7,0,0,0,0,0,0,0.0,-21.062499579750003,28.462499166150028,0.0,581.7473754882812,581.7473754882812,NA,0.47600001096725464,0.5424549343466735
SPARSE_830,1,45,174,51,1,0,0,0,0,0,0,0.0,-21.068055135283334,29.365276940316697,0.0,1357.682861328125,452.5609436035156,NA,-0.16300000250339508,0.5424549343466735
SPARSE_831,0,0,41,106,0,0,0,0,0,0,0,0.0,-21.062499579750003,31.59166582030003,0.0,738.1405639648438,369.0702819824219,NA,0.48100000619888306,0.29189776048557525
SPARSE_832,0,0,71,1,0,0,0,0,0,0,0,0.0,-21.07083291305,31.43749915425003,0.0,358.856201171875,358.856201171875,NA,0.06499999761581421,0.10677312960684637
SPARSE_833,0,0,123,90,0,0,0,0,0,0,0,0.0,-21.07083291305,31.64583248675003,0.0,1067.0238037109375,1067.0238037109375,NA,0.25200000405311584,0.29189776048557525
SPARSE_834,0,3,40,41,3,0,0,0,0,0,0,0.0,-21.079166246350002,31.62916582015003,0.0,432.0483703613281,432.0483703613281,NA,0.32100000977516174,0.5424549343466735
SPARSE_835,0,0,15,116,2,0,0,0,0,0,0,0.0,-21.08749957965,31.74583248635003,0.0,662.4103393554688,662.4103393554688,NA,0.6610000133514404,0.29189776048557525
SPARSE_836,0,9,51,0,0,0,0,0,0,0,0,0.0,-21.08749957965,32.27916581755003,0.0,301.7640380859375,301.7640380859375,NA,-0.49900001287460327,0.18535370863931194
SPARSE_837,0,11,92,6,0,0,0,0,0,0,0,0.0,-21.104166246250003,31.71249915315003,0.0,541.883544921875,541.883544921875,NA,-0.2540000081062317,0.34478833508981854
SPARSE_838,0,0,52,12,0,0,0,0,0,0,0,0.0,-21.112499579550004,31.354165821250028,0.0,321.7917785644531,321.7917785644531,NA,0.2160000056028366,0.10677312960684637
SPARSE_839,0,1,129,72,0,0,0,0,0,0,0,0.0,-21.112499579550004,31.75416581965003,0.0,1013.4041137695312,1013.4041137695312,NA,0.1809999942779541,0.34478833508981854
SPARSE_840,0,0,32,108,2,0,0,0,0,0,0,0.0,-21.129166246150003,31.64583248675003,0.0,711.9102172851562,711.9102172851562,NA,0.5709999799728394,0.34478833508981854
SPARSE_841,0,2,65,17,0,0,0,0,0,0,0,0.0,-21.18749957925,31.65416582005003,0.0,414.9491882324219,414.9491882324219,NA,0.019999999552965164,0.34478833508981854
SPARSE_842,0,35,29,0,0,0,0,0,0,0,0,0.0,-21.18749957925,31.82083248605003,0.0,320.8895263671875,320.8895263671875,NA,-0.7009999752044678,0.08909543689641604
SPARSE_843,0,0,15,51,13,0,0,0,0,0,0,0.0,-21.245832912350004,30.73749915705003,0.0,398.6894836425781,398.6894836425781,NA,0.7820000052452087,0.5522503997820305
SPARSE_844,1,74,14,0,0,0,0,0,0,0,0,0.0,-21.245832912350004,32.387499150450026,0.0,443.2900695800781,443.2900695800781,NA,-0.9700000286102295,0.2870853659743802
SPARSE_845,0,30,61,0,0,0,0,0,0,0,0,0.0,-21.262499578950003,32.41249915035003,0.0,454.3447570800781,454.3447570800781,NA,-0.5640000104904175,0.2870853659743802
SPARSE_846,0,27,49,2,0,0,0,0,0,0,0,0.0,-21.312499578750003,30.487499158050028,0.0,394.0489501953125,394.0489501953125,NA,-0.5189999938011169,0.44595589687178805
SPARSE_847,0,0,28,69,5,0,0,0,0,0,0,0.0,-21.36249957855,30.58749915765003,0.0,513.1821899414062,513.1821899414062,NA,0.5699999928474426,0.44595589687178805
SPARSE_848,0,3,46,20,0,0,0,0,0,0,0,0.0,-21.36249957855,30.62916582415003,0.0,349.9305725097656,349.9305725097656,NA,0.06800000369548798,0.44595589687178805
SPARSE_849,0,3,57,28,0,0,0,0,0,0,0,0.0,-21.370832911850002,30.65416582405003,0.0,441.4464416503906,441.4464416503906,NA,0.09700000286102295,0.44595589687178805
SPARSE_850,1,21,37,5,0,0,0,0,0,0,0,0.0,-21.379166245150003,29.17916582995003,0.0,319.50421142578125,319.50421142578125,NA,-0.47600001096725464,0.5424549343466735
SPARSE_851,0,20,114,53,2,0,0,0,0,0,0,0.0,-21.424999578300003,30.73333249040003,0.0,942.8323974609375,471.41619873046875,NA,0.0010000000474974513,0.5522503997820305
SPARSE_852,1,19,40,6,0,0,0,0,0,0,0,0.0,-21.50416624465,30.79583249015003,0.0,329.04583740234375,329.04583740234375,NA,-0.3970000147819519,0.5424549343466735
SPARSE_853,0,22,39,0,0,0,0,0,0,0,0,0.0,-21.54583291115,29.01249916395003,0.0,306.02447509765625,306.02447509765625,NA,-0.6349999904632568,0.15627058869557076
SPARSE_854,0,3,66,0,0,0,0,0,0,0,0,0.0,-21.562499577750003,28.98749916405003,0.0,345.71343994140625,345.71343994140625,NA,-0.414000004529953,0.15627058869557076
SPARSE_855,0,18,107,48,1,0,0,0,0,0,0,0.0,-21.608332910900003,29.49583249535003,0.0,872.9561767578125,436.47808837890625,AY,-0.0020000000949949026,0.5424549343466735
SPARSE_856,0,14,43,10,0,0,0,0,0,0,0,0.0,-21.695832910550003,29.20416582985003,0.0,336.3153076171875,336.3153076171875,NA,-0.25200000405311584,0.5424549343466735
SPARSE_857,0,0,81,0,0,0,0,0,0,0,0,0.0,-21.91249957635,30.28749915885003,0.0,406.6839294433594,406.6839294433594,AY,-0.4000000059604645,0.038183759271990414
SPARSE_858,0,1,82,0,0,0,0,0,0,0,0,0.0,-21.929166242950004,30.03749915985003,0.0,411.7168273925781,411.7168273925781,AY,-0.45399999618530273,0.038183759271990414
SPARSE_859,0,13,42,10,0,0,0,0,0,0,0,0.0,-22.070832909050004,31.67916581995003,0.0,326.8943786621094,326.8943786621094,NA,-0.2409999966621399,0.5424549343466735
SPARSE_860,1,72,269,76,1,0,0,0,0,0,0,0.0,-22.083332909000003,30.11666582620003,0.0,2096.189453125,524.04736328125,AY,-0.17900000512599945,0.5424549343466735
SPARSE_861,0,1,327,3,0,0,0,0,0,0,0,0.0,-22.112499575550004,29.63749916145003,0.0,1656.2486572265625,1656.2486572265625,AY,-0.15800000727176666,0.20081832189517573
SPARSE_862,0,7,58,0,0,0,0,0,0,0,0,0.0,-22.129166242150003,29.62916582815003,0.0,323.95208740234375,323.95208740234375,AY,-0.44200000166893005,0.20081832189517573
SPARSE_863,0,10,47,17,0,0,0,0,0,0,0,0.0,-22.170832908650002,29.83749916065003,0.0,372.1393127441406,372.1393127441406,AY,-0.09578179778224738,0.5424549343466735
SPARSE_864,0,4,88,132,14,0,0,0,0,0,0,0.0,-22.170832908650002,29.987499160050028,0.0,1189.829833984375,1189.829833984375,AY,0.46799999475479126,0.5424549343466735
SPARSE_865,0,9,193,291,31,0,0,0,0,0,0,0.0,-22.18749957525,29.97916582675003,0.0,2621.99951171875,2621.99951171875,AY,0.46799999475479126,0.5424549343466735
SPARSE_866,0,7,37,16,0,0,0,0,0,0,0,0.0,-22.21249957515,30.00416582665003,0.0,301.97430419921875,301.97430419921875,AY,-0.02500000037252903,0.5424549343466735
