cat,h_tier1,h_tier2,h_tier3,h_tier4,h_tier5,hospital_1,hospital_2,hospital_3,hospital_4,hospital_5,schools,school_total_demand,lat,lon,distance_grid_km,pop_sum,density,cooling,rwi,rwi_std
GHSL_1,0,0,17,191,6,0,1,0,0,0,2,12408099.999999998,-22.42157793104224,18.491768683574122,2.89,1068.1445941925,4984.99381250235,AY,0.35,0.0011547011578127426
GHSL_2,0,0,16,143,3,0,0,0,0,0,2,6875600.0,-23.504473628019824,18.798513909104283,1.32,810.889489293098,3029.30151931433,AY,0.317,0.3872834970766038
GHSL_3,0,0,0,196,123,0,0,0,0,0,2,7017300.0,-25.928800636975,19.133261811688328,0.56,1597.81902843714,3831.81057593297,AY,0.845,0.3452554627304468
GHSL_4,0,0,0,116,52,1,1,0,0,0,0,0.0,-17.788224936270055,15.704001647418727,0.65,843.84289598465,2517.31091590094,NA,0.784,0.3561722839659703
GHSL_5,0,0,0,114,48,0,0,0,0,0,0,0.0,-17.930736812169997,15.986140158857964,1.78,811.602062106133,9935.14582086097,NA,0.77,0.5205278124453289
GHSL_6,0,0,6,1657,694,0,1,0,0,0,5,42447900.0,-17.918874326357344,15.988190608957467,0.24,11784.761793375,3378.35446791324,NA,0.77,0.5087146425982105
GHSL_7,0,0,0,115,238,0,0,0,0,0,3,13797600.0,-22.553405833155942,17.05637917868775,1.88,1769.3296380043,6563.13620886954,AY,1.068,0.09859614440090415
GHSL_8,0,0,0,2538,5698,0,0,0,1,0,21,74547300.0,-22.575467085356028,17.06628467430032,1.71,41281.4235174656,3322.99568097299,AY,1.083,0.5087146425982105
GHSL_9,0,0,279,2129,40,0,0,0,0,0,2,24000000.0,-17.78890732359164,15.721595414214764,1.69,12239.4797323942,3240.28315479902,NA,0.291,0.5087146425982105
GHSL_11,0,0,172,45253,18337,0,6,0,0,0,48,345148900.0,-22.51815365465233,17.042002759982758,1.52,318823.744915806,11861.656195637,AY,0.764,0.5087146425982105
GHSL_12,0,0,0,27,134,0,0,0,0,0,0,0.0,-17.39634837639796,15.896307291388448,0.12,812.954126119614,2918.39563946128,NA,1.224,0.635208889552088
GHSL_13,0,0,52,122,0,0,0,0,0,0,0,0.0,-17.43776479962064,14.433070713236685,0.37,870.803529918194,2214.83826231584,NA,0.089,0.167845909687332
GHSL_14,0,0,0,142,63,0,0,0,0,0,0,0.0,-17.44316486048931,15.884599786701921,0.4,1024.29524445534,1812.33776282441,NA,0.78,0.5087146425982105
GHSL_15,0,0,68,247,2,0,0,0,0,0,2,12704600.0,-17.487329410076267,16.32270885008544,0.83,1582.72047162056,3067.84066046896,NA,0.167,0.5904341440833286
GHSL_16,0,0,28,178,3,0,0,0,0,0,0,0.0,-17.496275568336767,24.305352657498435,4.12,1042.97431111336,3980.08880477377,NA,0.261,0.4992239776157657
GHSL_17,0,0,223,333,1,1,0,0,0,0,4,31065699.999999996,-17.503738401674088,14.984030483231976,0.42,2783.75948184729,1827.75423769512,NA,0.004,0.5411601676423891
GHSL_18,0,0,40,139,1,1,1,0,0,0,1,10215000.0,-17.576329232783888,17.22172076580355,1.44,896.877989292145,1588.05518984382,NA,0.159,3.961803761751141e-09
GHSL_19,0,0,1,117,41,0,0,0,0,0,4,23028000.0,-17.655940462597336,15.470030355031465,0.07,794.991385936737,2067.30754571981,NA,0.738,0.6391267339525107
GHSL_20,0,0,4,420,99,0,0,0,0,0,0,0.0,-17.77006408254048,15.702667682614196,1.91,2612.80446875095,5509.82789988982,NA,0.668,0.5087146425982105
GHSL_21,0,0,49,285,4,0,0,0,0,0,1,3564100.0,-17.797174791336786,15.708697973826622,1.25,1691.40973639488,2028.21214367197,NA,0.245,0.3561722839659703
GHSL_22,0,0,31,112,1,0,0,0,0,0,0,0.0,-17.875800133263827,19.624483456619227,0.37,716.943963527679,631.163759325297,NA,0.166,0.39171929451988674
GHSL_23,0,0,9,625,97,0,0,0,0,0,2,19449900.0,-17.90402996764311,19.812894231271258,1.93,3655.41977572441,2471.9326032611,NA,0.598,0.4512892683864034
GHSL_24,0,0,0,172,108,0,0,0,0,0,0,0.0,-17.90208765738185,15.991017710584362,0.64,1401.83268022537,2723.53884755566,NA,0.844,0.5205278124453289
GHSL_25,0,0,0,120,75,0,0,0,0,0,2,12489400.0,-17.904912034053424,15.976177879214832,1.18,973.079255580902,1952.52373854948,NA,0.844,0.5205278124453289
GHSL_26,0,0,113,56,0,0,0,0,0,0,0,0.0,-17.917660657241196,19.810242937264807,0.5,846.382974565029,750.7556833054,NA,-0.203,0.4512892683864034
GHSL_27,0,0,1,260,98,0,1,0,0,0,0,0.0,-18.620088431966195,17.166980225481517,0.04,1795.398442626,3502.38419710979,NA,0.751,0.5087146425982105
GHSL_28,0,0,1,301,136,0,0,0,0,0,4,20377900.0,-19.25637848020124,17.719515387278506,2.11,2193.99470931292,2255.77877297435,NA,0.784,0.21133542498622515
GHSL_29,0,0,19,660,59,0,0,0,0,0,2,14594000.0,-19.63306461004124,17.33719731675356,0.58,3692.16198593378,6430.35507506184,NA,0.511,0.4035678344469706
GHSL_30,0,0,0,92,49,0,0,0,0,0,1,840000.0,-19.63552987501161,14.841004225819058,0.24,705.68666601181,2358.42866265782,AY,0.816,0.5939696963442138
GHSL_31,0,0,0,51,191,0,0,0,0,0,1,7776600.0,-20.474921464430704,16.646282737903277,1.97,1215.62605142593,1542.25381866591,NA,1.176,0.1946438804433646
GHSL_32,0,0,1,175,43,0,0,0,0,0,2,7769200.0,-20.88165260083441,16.193766536621975,0.49,1100.02949309349,3188.99043065724,NA,0.676,0.1946438804433646
GHSL_33,0,0,78,917,29,0,1,0,0,0,2,18325199.999999996,-21.072372988852617,17.36644722362741,0.43,5114.80644011497,4948.76596758066,NA,0.359,0.5087146425982105
GHSL_34,0,0,86,84,0,0,1,0,0,0,2,5912300.0,-21.229753703046214,14.905274609473704,0.37,850.371229410172,2213.40170906779,AY,-0.076,0.5000679920935746
GHSL_35,0,0,7,625,125,0,1,0,0,0,1,5786600.0,-21.93046532486555,15.867878827119615,2.5,3781.69439038634,5585.77396694968,AY,0.64,0.321787661400228
GHSL_36,0,0,0,133,196,0,0,0,0,0,2,10602900.0,-21.96623364819703,16.887627792034102,0.53,1646.6548730135,3231.18714698837,NA,1.006,0.39537207211425346
GHSL_37,0,0,213,282,0,0,1,0,0,0,2,6126800.0,-21.982156338734747,15.595398554215254,1.83,2478.39794170856,3891.18601443389,AY,-0.018,0.321787661400228
GHSL_38,0,0,1,196,93,0,0,0,0,0,0,0.0,-21.990087698625565,16.91549760643759,1.93,1445.8618144989,2136.68370733635,AY,0.792,0.39537207211425346
GHSL_39,0,0,1,379,249,0,0,0,0,0,0,0.0,-22.01233308691499,16.925714289635586,1.3,3144.89287626743,4877.62856420592,AY,0.853,0.39537207211425346
GHSL_40,0,0,162,628,5,0,0,0,0,0,2,8728200.0,-22.115353307739007,14.290464510662083,0.85,3973.25983786583,5549.73853360876,AY,0.178,0.3729682730017665
GHSL_41,0,0,60,197,1,0,0,0,0,0,0,0.0,-22.383186604734146,17.069264573101712,0.22,1294.60651385784,3261.38434023893,AY,0.148,0.23733167874459618
GHSL_42,0,0,5,312,49,1,0,0,0,0,1,5001200.0,-22.454904174000312,18.972535337909434,1.52,1827.68162751198,1935.79094775988,NA,0.601,0.30068588085844744
GHSL_43,0,0,0,281,244,0,0,0,0,0,6,14180600.0,-22.548179552127888,17.092600923891247,1.2,2626.7563938573,1707.6530976965,AY,0.906,0.5087146425982105
GHSL_44,0,0,0,15,232,0,1,0,0,0,0,0.0,-22.55973777669637,17.099535731877705,1.8,1283.84463092685,1779.31425872593,AY,1.404,0.5087146425982105
GHSL_45,0,0,0,11,178,0,0,0,0,0,1,10797000.0,-22.571590668114787,17.113798783314472,3.11,988.061089038849,1806.21928104407,AY,1.404,0.18513498305200643
GHSL_46,0,0,0,143,146,0,1,0,0,0,6,5982900.0,-22.57484123136728,17.085538745165284,0.23,1445.44012546539,1642.53066502281,AY,0.936,0.5087146425982105
GHSL_47,0,0,0,45,211,0,0,0,0,0,2,10494199.999999998,-22.59493115182159,17.088777264992057,0.7,1287.45755541325,2662.86418926969,AY,1.214,0.18513498305200643
GHSL_48,0,0,0,128,262,0,1,0,0,0,0,0.0,-22.609721321933495,17.099001705854587,1.84,1953.72743338346,2004.03266124606,AY,1.067,0.18513498305200643
GHSL_49,0,0,0,282,443,0,1,0,0,0,0,0.0,-22.621370345895087,17.100200595392575,2.07,3633.29934722185,2996.40687135077,NA,1.017,0.18513498305200643
GHSL_50,0,0,0,14,847,0,0,0,0,0,2,19806600.0,-22.63083799971142,17.081987767067158,0.25,4940.99350440502,4987.84711114459,NA,1.593,0.5087146425982105
GHSL_51,0,0,0,117,120,0,0,0,0,0,2,5231600.0,-22.67003011331942,14.526989356320628,1.2,1184.49479085207,2265.40799602292,NA,0.936,0.2849362481799518
GHSL_52,0,0,52,805,34,0,1,0,0,0,3,16571099.999999998,-22.679364126468105,14.532971877595585,1.07,4456.05387753248,2259.00008898633,NA,0.401,0.2849362481799518
GHSL_53,0,0,0,319,453,0,0,0,0,0,2,10973600.0,-22.953478661982228,14.511911833893686,1.44,3862.49903024733,2873.8404415465,NA,0.998,0.5087146425982105
GHSL_54,0,0,0,96,515,0,0,0,0,0,5,15366400.0,-22.962341649403466,14.495377682349314,3.24,3088.50450447947,2077.96396269103,NA,1.236,0.5084097618489614
GHSL_55,0,0,0,21,111,0,0,0,0,0,2,4298800.0,-22.96747761129285,14.50114833619478,2.71,664.326655447483,1909.85230854507,NA,1.236,0.5087146425982105
GHSL_56,0,0,0,48,256,0,0,0,0,0,0,0.0,-22.976635480582797,14.487803842428194,4.3,1537.10340851545,1851.87603808976,NA,1.236,0.5087146425982105
GHSL_57,0,0,40,306,6,0,1,0,0,0,1,2310600.0,-24.350973523518228,18.388060213510016,0.02,1761.27763682604,4791.01982068558,AY,0.29,0.48827437621821057
GHSL_58,0,0,0,145,65,1,0,0,0,0,1,12000000.0,-24.623336429472165,17.964070903576275,1.7,1054.67904853821,1826.06272579637,AY,0.783,0.5087146425982105
GHSL_59,0,0,54,552,15,0,0,0,0,0,2,8798300.0,-24.638395842277642,17.978282441780337,0.44,3101.25005424023,4846.2304932793,AY,0.338,0.5087146425982105
GHSL_60,0,0,39,306,6,0,0,0,0,0,1,6975800.0,-24.832245042413728,16.9896375846296,0.38,1753.71327233315,3409.74890854028,NA,0.294,0.1220000071134724
GHSL_61,0,14,174,6,0,0,0,0,0,0,1,1953000.0,-24.84558662921337,18.808123889563074,0.44,971.562109023333,3562.48939946954,AY,-0.634,0.48827437621821057
GHSL_62,0,0,21,294,11,0,0,0,0,0,1,3553300.0,-25.12276351019256,17.769363593489366,1.23,1627.86992394924,1744.99391556175,AY,0.388,0.1220000071134724
GHSL_63,0,0,0,89,193,0,0,0,0,0,1,2868600.0,-26.57128976067539,18.13938828091669,1.37,1414.58657306433,3070.24910592596,AY,1.077,0.3266879244783927
GHSL_64,0,0,9,198,12,0,0,0,0,0,1,1357400.0,-26.57963377982287,18.12473181218143,0.02,1091.98629438877,1823.13396337635,AY,0.447,0.3266879244783927
GHSL_65,0,0,1,164,68,0,0,0,0,0,2,4963800.0,-26.63568848047625,15.168343689167234,0.83,1165.70396137238,3616.6184129615,NA,0.768,0.3029519191792318
GHSL_66,0,0,2,661,274,1,0,0,0,0,5,21556800.0,-26.646005027392466,15.166577540767566,0.07,4683.00763124228,4730.57262064862,NA,0.768,0.3029519191792318
GHSL_67,0,0,2,414,172,0,0,0,0,0,0,0.0,-26.644748811682483,15.177876694546224,0.74,2936.67837052792,9333.63327080965,NA,0.768,0.3029519191792318
GHSL_68,0,0,46,271,4,0,0,0,0,0,2,3465600.0,-26.797491333490044,19.6549835220658,0.52,1603.03709197044,4101.26563707695,AY,0.247,0.3452554627304468
GHSL_69,0,0,0,359,301,0,0,0,0,0,0,0.0,-27.950863143440017,16.747766019032735,0.02,3300.40289636701,6043.7223127404,AY,0.899,0.2590896860090061
GHSL_70,0,0,0,143,73,0,1,0,0,0,0,0.0,-27.96575107833399,16.760156602572163,0.47,1084.41166114807,1932.38755482999,AY,0.807,0.2590896860090061
GHSL_71,0,0,0,284,284,0,0,0,0,0,2,4565600.0,-28.010694678500812,18.739696531594536,0.48,2840.19139456749,4625.86956345075,AY,0.932,0.42544001131696035
GHSL_72,0,0,327,385,0,0,1,0,0,0,1,6243800.0,-28.36752166580582,17.41486629067133,0.34,3561.90461996198,2757.18461871306,AY,-0.04,0.5087146425982105
GHSL_73,0,0,1,190,89,0,1,0,0,0,3,10606699.999999998,-28.553253863974728,16.422091058925172,8.06,1399.76544159651,1953.84000670404,NA,0.791,0.2590896860090061
GHSL_74,0,0,132,129,0,0,0,0,0,0,0,0.0,-28.717680331746198,17.62255058636947,0.04,1304.08477783203,2839.33309844523,AY,-0.075,0.42544001131696035
GHSL_75,0,0,0,111,555,0,1,0,0,0,1,12000000.0,-17.402216347469455,15.888884842001772,0.22,3359.75732350349,5858.23668899146,NA,1.224,0.5087146425982105
GHSL_76,0,0,3,813,372,1,1,0,0,0,5,43233900.0,-18.055865225527853,13.841261684177228,0.13,5937.29746615887,2432.58387370654,AY,0.786,0.31623659697969386
GHSL_77,0,0,0,184,194,1,0,0,0,0,3,22834800.0,-19.56330750286504,18.101380399695508,1.22,1887.35702455044,1555.12543725031,NA,0.942,0.5246214490838804
GHSL_78,0,0,18,633,59,0,1,0,0,0,2,9629400.0,-24.13320245961594,19.10349013226785,0.63,3547.24923110008,3593.20634019113,AY,0.517,0.48827437621821057
GHSL_79,0,0,0,1386,3093,0,2,0,0,0,9,81610700.0,-17.506127486737512,24.28485901935656,2.08,22449.2718968391,4727.03954471649,NA,1.082,0.4992239776157657
GHSL_80,0,0,15,930,135,0,0,0,0,0,0,0.0,-17.527085827430867,24.276415904991236,1.77,5400.3580557704,6051.61467191822,NA,0.587,0.4992239776157657
GHSL_81,0,0,5,2032,1036,0,2,0,0,0,17,74184600.0,-17.770682088888943,15.764578339178632,1.22,15370.4043586254,4253.26204679888,NA,0.806,0.34971797839861835
GHSL_82,0,0,6,2016,912,0,1,0,0,0,8,69452700.0,-17.779285101383778,15.688091580337856,1.01,14668.5699409246,3891.75926284556,NA,0.784,0.5087146425982105
GHSL_83,0,0,9,6828,5150,1,5,0,0,0,20,136659000.0,-17.922470628021408,19.770126593214634,1.09,59949.409196496,3721.25997771931,NA,0.879,0.5087146425982105
GHSL_84,0,0,9,2788,1247,0,1,0,0,0,10,72028800.0,-19.24845669224808,17.70279178050129,1.38,20222.5416315198,5828.6862054093,NA,0.782,0.21133542498622515
GHSL_85,0,0,0,952,1456,0,0,0,0,0,1,12000000.0,-19.58377952507854,18.096880407775092,0.46,12051.9831559509,6233.9381760626,NA,1.012,0.5246214490838804
GHSL_86,0,0,0,628,1166,0,0,0,0,0,3,24922100.000000004,-20.11498846709549,16.169005542054396,1.49,8988.84966960549,5688.59810297079,NA,1.048,1.551004028215478e-08
GHSL_87,0,0,63,1327,76,1,0,0,0,0,5,14930000.0,-20.380111356304504,14.962546051341532,0.85,7331.64584881067,4296.68997889125,AY,0.444,0.13653936835687636
GHSL_88,0,0,0,1440,5107,1,2,0,0,0,8,70166700.0,-20.46538378453739,16.668710889060304,1.73,32913.8539742604,6392.94278443355,NA,1.165,0.1946438804433646
GHSL_89,0,0,4,793,269,0,0,0,0,0,2,7389800.0,-21.43977766419305,15.94260307112678,2.1,5331.2238663435,4276.62519881621,AY,0.732,0.022627415986445167
GHSL_90,0,0,222,3462,147,0,1,0,0,0,5,51189900.0,-21.985011976096537,16.896325545258193,1.19,19150.2016409934,7709.59784869334,NA,0.401,0.39537207211425346
GHSL_91,0,0,2,764,429,0,0,0,0,0,4,13584599.999999998,-22.41699103670725,14.975049067833226,1.05,5976.04534733295,5619.07023940317,AY,0.824,0.3729682730017665
GHSL_92,0,0,1,1842,1973,0,0,0,0,0,5,55379500.0,-22.43417160316923,18.989076201038554,1.59,19092.2865142822,5999.45653579076,NA,0.945,0.30068588085844744
GHSL_93,0,0,0,962,2281,0,0,0,0,0,3,32041700.0,-22.55439008746039,17.021167943550747,1.61,16258.5989661142,5298.50972800732,AY,1.093,0.5087146425982105
GHSL_94,0,0,0,401,926,0,0,0,0,0,2,16602000.0,-22.57282865094411,17.044542820910277,3.94,6653.6868391037,5278.37408986575,NA,1.088,0.09859614440090415
GHSL_95,0,0,0,575,1319,0,0,0,0,0,0,0.0,-22.64483462461075,14.565706484166991,0.53,9493.42697630823,7679.88103016596,AY,1.087,0.2849362481799518
GHSL_96,0,0,848,5832,96,1,3,0,0,0,13,85611800.0,-23.317376612236632,17.084382884405258,2.68,33879.7314134054,3833.22945673155,AY,0.274,0.5087146425982105
GHSL_97,0,0,0,527,1176,0,0,0,0,0,2,7097800.0,-24.636947165576004,17.966388527752294,0.32,8537.1808809936,8966.79209914101,AY,1.082,0.5087146425982105
GHSL_98,0,0,2,1567,1409,0,1,0,0,0,5,34787700.0,-26.584953171852003,18.15086094768284,1.39,14893.2238305509,5145.52199469076,AY,0.912,0.3266879244783927
GHSL_99,0,0,0,2606,7758,0,2,0,0,0,12,95892000.0,-22.652891258172115,14.540689757589503,1.29,52032.2774417475,8250.23195360978,AY,1.134,0.5087146425982105
GHSL_100,0,0,118,11630,2423,0,3,0,0,0,8,87852600.0,-22.939568134324674,14.531729864349927,1.08,70856.598323524,13139.8577308177,NA,0.647,0.5087146425982105
SCHOOL_1,0,0,0,0,0,0,0,0,0,0,1,969100.0,-28.444200000000002,18.7367,0.0,0.0,0.0,NA,0.0,0.0
SCHOOL_2,0,0,0,0,0,0,0,0,0,0,1,1026400.0000000001,-28.129444,18.594444,0.0,0.0,0.0,NA,0.0,0.0
SCHOOL_3,0,0,0,0,0,0,0,0,0,0,1,8862500.0,-28.019199999999994,18.7531,0.0,0.0,0.0,NA,0.0,0.0
SCHOOL_4,0,0,0,0,0,0,0,0,0,0,1,2640200.0,-28.743599999999997,17.6189,0.0,0.0,0.0,NA,0.0,0.0
SCHOOL_5,0,0,0,0,0,0,0,0,0,0,2,14725400.0,-27.954199999999993,16.7611,0.0,0.0,0.0,NA,0.0,0.0
SCHOOL_6,0,0,0,0,0,0,0,0,0,0,1,1893200.0,-27.73446,18.376560000000005,0.0,0.0,0.0,NA,0.0,0.0
SCHOOL_7,0,0,0,0,0,0,0,0,0,0,1,1197500.0,-26.697199999999995,17.3189,0.0,0.0,0.0,NA,0.0,0.0
SCHOOL_8,0,0,0,0,0,0,0,0,0,0,1,853000.0,-26.587199999999992,18.1644,0.0,0.0,0.0,NA,0.0,0.0
SCHOOL_9,0,0,0,0,0,0,0,0,0,0,2,9743300.0,-26.581899999999994,18.1403,0.0,0.0,0.0,NA,0.0,0.0
SCHOOL_10,0,0,0,0,0,0,0,0,0,0,2,7774299.999999999,-28.006315002974368,18.7501500037087,0.0,0.0,0.0,NA,0.0,0.0
SCHOOL_11,0,0,0,0,0,0,0,0,0,0,1,840000.0,-26.136500000000005,18.64128,0.0,0.0,0.0,NA,0.0,0.0
SCHOOL_12,0,0,0,0,0,0,0,0,0,0,1,1647200.0,-26.05544999999999,18.51667,0.0,0.0,0.0,NA,0.0,0.0
SCHOOL_13,0,0,0,0,0,0,0,0,0,0,1,907200.0,-25.93359999999999,19.1214,0.0,0.0,0.0,NA,0.0,0.0
SCHOOL_14,0,0,0,0,0,0,0,0,0,0,1,2515400.0,-24.862221999999996,18.811667,0.0,0.0,0.0,NA,0.0,0.0
SCHOOL_15,0,0,0,0,0,0,0,0,0,0,1,3094100.0,-24.86111099999999,18.794722,0.0,0.0,0.0,NA,0.0,0.0
SCHOOL_16,0,0,0,0,0,0,0,0,0,0,2,5981400.0,-26.5156,17.1586,0.0,0.0,0.0,NA,0.0,0.0
SCHOOL_17,0,0,0,0,0,0,0,0,0,0,1,840000.0,-26.511899999999997,17.1472,0.0,0.0,0.0,NA,0.0,0.0
SCHOOL_18,0,0,0,0,0,0,0,0,0,0,1,1771700.0,-26.4986,17.1558,0.0,0.0,0.0,NA,0.0,0.0
SCHOOL_19,0,0,0,0,0,0,0,0,0,0,1,708200.0,-26.459722000000003,17.818333,0.0,0.0,0.0,NA,0.0,0.0
SCHOOL_20,0,0,0,0,0,0,0,0,0,0,1,747100.0,-26.141099999999994,18.275,0.0,0.0,0.0,NA,0.0,0.0
SCHOOL_21,0,0,0,0,0,0,0,0,0,0,1,840000.0,-26.001900000000003,17.7686,0.0,0.0,0.0,NA,0.0,0.0
SCHOOL_22,0,0,0,0,0,0,0,0,0,0,3,3581800.0,-25.998930000704068,17.77308499782669,0.0,0.0,0.0,NA,0.0,0.0
SCHOOL_23,0,0,0,0,0,0,0,0,0,0,1,1994400.0,-28.1322,19.8408,0.0,0.0,0.0,NA,0.0,0.0
SCHOOL_24,0,0,0,0,0,0,0,0,0,0,1,3681100.0,-26.79639999999999,19.6464,0.0,0.0,0.0,NA,0.0,0.0
SCHOOL_25,0,0,0,0,0,0,0,0,0,0,1,1899500.0,-23.70844,19.91287,0.0,0.0,0.0,NA,0.0,0.0
SCHOOL_26,0,0,0,0,0,0,0,0,0,0,2,2540000.0,-23.704167,19.352778,0.0,0.0,0.0,NA,0.0,0.0
SCHOOL_27,0,0,0,0,0,0,0,0,0,0,1,840000.0,-23.666388999999995,19.899167,0.0,0.0,0.0,NA,0.0,0.0
SCHOOL_28,0,0,0,0,0,0,0,0,0,0,1,5911200.0,-23.66333,19.419169,0.0,0.0,0.0,NA,0.0,0.0
SCHOOL_29,0,0,0,0,0,0,0,0,0,0,1,11211700.0,-23.661111,19.408611,0.0,0.0,0.0,NA,0.0,0.0
SCHOOL_30,0,0,0,0,0,0,0,0,0,0,1,5156300.0,-23.507778,19.893888999999998,0.0,0.0,0.0,NA,0.0,0.0
SCHOOL_31,0,0,0,0,0,0,0,0,0,0,1,5380600.0,-23.146389,19.556389,0.0,0.0,0.0,NA,0.0,0.0
SCHOOL_32,0,0,0,0,0,0,0,0,0,0,1,840000.0,-22.539167000000003,19.810556,0.0,0.0,0.0,NA,0.0,0.0
SCHOOL_33,0,0,0,0,0,0,0,0,0,0,1,3506900.0,-23.502499999999994,18.789444,0.0,0.0,0.0,NA,0.0,0.0
SCHOOL_34,0,0,0,0,0,0,0,0,0,0,1,2836600.0,-22.762220000000003,19.202778,0.0,0.0,0.0,NA,0.0,0.0
SCHOOL_35,0,0,0,0,0,0,0,0,0,0,1,1532500.0,-22.558888999999997,18.963332999999995,0.0,0.0,0.0,NA,0.0,0.0
SCHOOL_36,0,0,0,0,0,0,0,0,0,0,1,2211100.0,-22.545833000000002,18.948333,0.0,0.0,0.0,NA,0.0,0.0
SCHOOL_37,0,0,0,0,0,0,0,0,0,0,1,1237800.0,-22.454999999999995,18.993611,0.0,0.0,0.0,NA,0.0,0.0
SCHOOL_38,0,0,0,0,0,0,0,0,0,0,1,2501200.0,-22.453332999999994,18.963888999999998,0.0,0.0,0.0,NA,0.0,0.0
SCHOOL_39,0,0,0,0,0,0,0,0,0,0,1,3259700.0,-22.44476,18.978530000000003,0.0,0.0,0.0,NA,0.0,0.0
SCHOOL_40,0,0,0,0,0,0,0,0,0,0,1,1620600.0,-26.66027800000001,16.267778,0.0,0.0,0.0,NA,0.0,0.0
SCHOOL_41,0,0,0,0,0,0,0,0,0,0,1,1654300.0,-24.214167,16.513889,0.0,0.0,0.0,NA,0.0,0.0
SCHOOL_42,0,0,0,0,0,0,0,0,0,0,1,3668000.0,-23.968332999999998,16.557778,0.0,0.0,0.0,NA,0.0,0.0
SCHOOL_43,0,0,0,0,0,0,0,0,0,0,1,840000.0,-23.794722000000004,16.633889,0.0,0.0,0.0,NA,0.0,0.0
SCHOOL_44,0,0,0,0,0,0,0,0,0,0,1,1982800.0,-23.791259999999998,16.62934,0.0,0.0,0.0,NA,0.0,0.0
SCHOOL_45,0,0,0,0,0,0,0,0,0,0,2,5131000.0,-25.888150001346784,18.123049996898068,0.0,0.0,0.0,NA,0.0,0.0
SCHOOL_46,0,0,0,0,0,0,0,0,0,0,1,1227800.0,-25.762499999999992,17.709722,0.0,0.0,0.0,NA,0.0,0.0
SCHOOL_47,0,0,0,0,0,0,0,0,0,0,1,1467600.0,-25.66719999999999,17.40888,0.0,0.0,0.0,NA,0.0,0.0
SCHOOL_48,0,0,0,0,0,0,0,0,0,0,1,1781800.0,-25.353369999999995,18.30784,0.0,0.0,0.0,NA,0.0,0.0
SCHOOL_49,0,0,0,0,0,0,0,0,0,0,1,2589700.0,-25.127960000000005,17.76443,0.0,0.0,0.0,NA,0.0,0.0
SCHOOL_50,0,0,0,0,0,0,0,0,0,0,1,7072900.0,-25.126919999999995,17.78061,0.0,0.0,0.0,NA,0.0,0.0
SCHOOL_51,0,0,0,0,0,0,0,0,0,0,2,1676600.0,-25.11472200176601,17.76624999856216,0.0,0.0,0.0,NA,0.0,0.0
SCHOOL_52,0,0,0,0,0,0,0,0,0,0,1,1054800.0,-25.009722,18.155278,0.0,0.0,0.0,NA,0.0,0.0
SCHOOL_53,0,0,0,0,0,0,0,0,0,0,1,826100.0,-24.959166999999987,17.251389,0.0,0.0,0.0,NA,0.0,0.0
SCHOOL_54,0,0,0,0,0,0,0,0,0,0,1,5430800.0,-24.844509999999996,16.98376,0.0,0.0,0.0,NA,0.0,0.0
SCHOOL_55,0,0,0,0,0,0,0,0,0,0,2,13184400.0,-24.62833300000001,17.968889,0.0,0.0,0.0,NA,0.0,0.0
SCHOOL_56,0,0,0,0,0,0,0,0,0,0,1,840000.0,-24.436110999999997,18.499444,0.0,0.0,0.0,NA,0.0,0.0
SCHOOL_57,0,0,0,0,0,0,0,0,0,0,1,840000.0,-24.38138899999999,18.476667,0.0,0.0,0.0,NA,0.0,0.0
SCHOOL_58,0,0,0,0,0,0,0,0,0,0,2,5043000.0,-24.346479999999993,18.40269,0.0,0.0,0.0,NA,0.0,0.0
SCHOOL_59,0,0,0,0,0,0,0,0,0,0,1,1222700.0,-24.342777999999996,18.398333,0.0,0.0,0.0,NA,0.0,0.0
SCHOOL_60,0,0,0,0,0,0,0,0,0,0,1,840000.0,-24.145278000000005,19.052778000000004,0.0,0.0,0.0,NA,0.0,0.0
SCHOOL_61,0,0,0,0,0,0,0,0,0,0,2,4996400.0,-24.138219000204316,19.112126999265932,0.0,0.0,0.0,NA,0.0,0.0
SCHOOL_62,0,0,0,0,0,0,0,0,0,0,1,4678600.0,-24.624879999999997,17.97153,0.0,0.0,0.0,NA,0.0,0.0
SCHOOL_63,0,0,0,0,0,0,0,0,0,0,1,1501000.0,-24.074444,17.5834167,0.0,0.0,0.0,NA,0.0,0.0
SCHOOL_64,0,0,0,0,0,0,0,0,0,0,1,1501000.0,-24.066943999999996,17.583611,0.0,0.0,0.0,NA,0.0,0.0
SCHOOL_65,0,0,0,0,0,0,0,0,0,0,1,840000.0,-24.054444000000004,17.403889000000003,0.0,0.0,0.0,NA,0.0,0.0
SCHOOL_66,0,0,0,0,0,0,0,0,0,0,1,1415600.0,-24.051943999999995,17.128611,0.0,0.0,0.0,NA,0.0,0.0
SCHOOL_67,0,0,0,0,0,0,0,0,0,0,1,652600.0,-24.04805599999999,17.1225,0.0,0.0,0.0,NA,0.0,0.0
SCHOOL_68,0,0,0,0,0,0,0,0,0,0,1,1449400.0,-24.045000000000005,17.128889,0.0,0.0,0.0,NA,0.0,0.0
SCHOOL_69,0,0,0,0,0,0,0,0,0,0,2,3698600.0,-23.926111,17.513889,0.0,0.0,0.0,NA,0.0,0.0
SCHOOL_70,0,0,0,0,0,0,0,0,0,0,2,6695799.999999999,-23.92216999999999,18.05311,0.0,0.0,0.0,NA,0.0,0.0
SCHOOL_71,0,0,0,0,0,0,0,0,0,0,1,977300.0,-23.916111,18.054444,0.0,0.0,0.0,NA,0.0,0.0
SCHOOL_72,0,0,0,0,0,0,0,0,0,0,1,604900.0,-23.849167000000005,16.887778,0.0,0.0,0.0,NA,0.0,0.0
SCHOOL_73,0,0,0,0,0,0,0,0,0,0,1,840000.0,-23.784999999999997,17.059722,0.0,0.0,0.0,NA,0.0,0.0
SCHOOL_74,0,0,0,0,0,0,0,0,0,0,1,840000.0,-23.73305599999999,17.201111,0.0,0.0,0.0,NA,0.0,0.0
SCHOOL_75,0,0,0,0,0,0,0,0,0,0,1,840000.0,-23.72826999999999,16.99117,0.0,0.0,0.0,NA,0.0,0.0
SCHOOL_76,0,0,0,0,0,0,0,0,0,0,1,681000.0,-23.726699999999997,17.4312,0.0,0.0,0.0,NA,0.0,0.0
SCHOOL_77,0,0,0,0,0,0,0,0,0,0,1,840000.0,-23.524999999999995,17.05,0.0,0.0,0.0,NA,0.0,0.0
SCHOOL_78,0,0,0,0,0,0,0,0,0,0,1,607300.0,-23.480021,17.953894,0.0,0.0,0.0,NA,0.0,0.0
SCHOOL_79,0,0,0,0,0,0,0,0,0,0,1,615200.0,-23.221389999999992,17.18417,0.0,0.0,0.0,NA,0.0,0.0
SCHOOL_80,0,0,0,0,0,0,0,0,0,0,1,840000.0,-23.208037000000008,16.769006,0.0,0.0,0.0,NA,0.0,0.0
SCHOOL_81,0,0,0,0,0,0,0,0,0,0,1,840000.0,-23.203180000000003,17.60132,0.0,0.0,0.0,NA,0.0,0.0
SCHOOL_82,0,0,0,0,0,0,0,0,0,0,1,840000.0,-23.194971,16.92276,0.0,0.0,0.0,NA,0.0,0.0
SCHOOL_83,0,0,0,0,0,0,0,0,0,0,1,840000.0,-23.150338000000012,17.195881,0.0,0.0,0.0,NA,0.0,0.0
SCHOOL_84,0,0,0,0,0,0,0,0,0,0,1,840000.0,-22.952667999999992,17.514779,0.0,0.0,0.0,NA,0.0,0.0
SCHOOL_85,0,0,0,0,0,0,0,0,0,0,1,4137000.0,-22.949043000000003,17.663104,0.0,0.0,0.0,NA,0.0,0.0
SCHOOL_86,0,0,0,0,0,0,0,0,0,0,1,4289500.0,-22.945046000000005,17.201127,0.0,0.0,0.0,NA,0.0,0.0
SCHOOL_87,0,0,0,0,0,0,0,0,0,0,1,5830700.0,-22.940784999999998,17.201152,0.0,0.0,0.0,NA,0.0,0.0
SCHOOL_88,0,0,0,0,0,0,0,0,0,0,1,840000.0,-22.862104000000006,17.182678,0.0,0.0,0.0,NA,0.0,0.0
SCHOOL_89,0,0,0,0,0,0,0,0,0,0,1,907300.0,-22.753802000000004,17.13624,0.0,0.0,0.0,NA,0.0,0.0
SCHOOL_90,0,0,0,0,0,0,0,0,0,0,1,1300400.0,-22.615364999999994,17.066257,0.0,0.0,0.0,NA,0.0,0.0
SCHOOL_91,0,0,0,0,0,0,0,0,0,0,1,1522300.0,-22.610551,16.783594000000004,0.0,0.0,0.0,NA,0.0,0.0
SCHOOL_92,0,0,0,0,0,0,0,0,0,0,1,1778400.0,-24.673639999999995,15.80807,0.0,0.0,0.0,NA,0.0,0.0
SCHOOL_93,0,0,0,0,0,0,0,0,0,0,1,4615100.0,-21.999440000000003,15.58722,0.0,0.0,0.0,NA,0.0,0.0
SCHOOL_94,0,0,0,0,0,0,0,0,0,0,1,1519300.0,-21.584439999999997,15.45806,0.0,0.0,0.0,NA,0.0,0.0
SCHOOL_95,0,0,0,0,0,0,0,0,0,0,1,840000.0,-21.351389999999995,15.44028,0.0,0.0,0.0,NA,0.0,0.0
SCHOOL_96,0,0,0,0,0,0,0,0,0,0,1,2319500.0,-21.05221999999999,15.50639,0.0,0.0,0.0,NA,0.0,0.0
SCHOOL_97,0,0,0,0,0,0,0,0,0,0,1,864100.0,-20.984722,15.655556,0.0,0.0,0.0,NA,0.0,0.0
SCHOOL_98,0,0,0,0,0,0,0,0,0,0,1,975500.0,-20.893611,15.558056,0.0,0.0,0.0,NA,0.0,0.0
SCHOOL_99,0,0,0,0,0,0,0,0,0,0,1,3462100.0,-20.86472,15.578610000000001,0.0,0.0,0.0,NA,0.0,0.0
SCHOOL_100,0,0,0,0,0,0,0,0,0,0,1,840000.0,-23.754722,16.415556000000002,0.0,0.0,0.0,NA,0.0,0.0
SCHOOL_101,0,0,0,0,0,0,0,0,0,0,1,1430200.0,-23.31653499999999,16.449982,0.0,0.0,0.0,NA,0.0,0.0
SCHOOL_102,0,0,0,0,0,0,0,0,0,0,1,4441300.0,-22.358889,16.129267,0.0,0.0,0.0,NA,0.0,0.0
SCHOOL_103,0,0,0,0,0,0,0,0,0,0,1,3001700.0,-22.354722000000002,16.123333,0.0,0.0,0.0,NA,0.0,0.0
SCHOOL_104,0,0,0,0,0,0,0,0,0,0,1,1643400.0,-21.9405,15.852889999999999,0.0,0.0,0.0,NA,0.0,0.0
SCHOOL_105,0,0,0,0,0,0,0,0,0,0,2,7576900.0,-21.9379,15.854220000000002,0.0,0.0,0.0,NA,0.0,0.0
SCHOOL_106,0,0,0,0,0,0,0,0,0,0,1,3319400.0,-22.600394000000005,17.096351,0.0,0.0,0.0,NA,0.0,0.0
SCHOOL_107,0,0,0,0,0,0,0,0,0,0,1,3683900.0,-22.585443000000005,17.094728,0.0,0.0,0.0,NA,0.0,0.0
SCHOOL_108,0,0,0,0,0,0,0,0,0,0,1,12000000.0,-22.569651000000004,17.105001,0.0,0.0,0.0,NA,0.0,0.0
SCHOOL_109,0,0,0,0,0,0,0,0,0,0,1,1269100.0,-22.565556,17.110000000000003,0.0,0.0,0.0,NA,0.0,0.0
SCHOOL_110,0,0,0,0,0,0,0,0,0,0,1,3205000.0,-22.563326000000004,17.088738,0.0,0.0,0.0,NA,0.0,0.0
SCHOOL_111,0,0,0,0,0,0,0,0,0,0,1,6208800.0,-22.54829,17.064348,0.0,0.0,0.0,NA,0.0,0.0
SCHOOL_112,0,0,0,0,0,0,0,0,0,0,1,10063100.0,-22.526892999999998,17.022253,0.0,0.0,0.0,NA,0.0,0.0
SCHOOL_113,0,0,0,0,0,0,0,0,0,0,1,1003200.0,-26.6531,15.155300000000002,0.0,0.0,0.0,NA,0.0,0.0
SCHOOL_114,0,0,0,0,0,0,0,0,0,0,2,2631300.0,-26.633500001736166,15.175100004263399,0.0,0.0,0.0,NA,0.0,0.0
SCHOOL_115,0,0,0,0,0,0,0,0,0,0,1,1189600.0,-21.845829999999996,15.206390000000003,0.0,0.0,0.0,NA,0.0,0.0
SCHOOL_116,0,0,0,0,0,0,0,0,0,0,1,1581000.0,-20.970833000000002,15.276389,0.0,0.0,0.0,NA,0.0,0.0
SCHOOL_117,0,0,0,0,0,0,0,0,0,0,1,840000.0,-23.274439999999995,14.764170000000002,0.0,0.0,0.0,NA,0.0,0.0
SCHOOL_118,0,0,0,0,0,0,0,0,0,0,1,2181700.0,-20.950333999999998,14.834987,0.0,0.0,0.0,NA,0.0,0.0
SCHOOL_119,0,0,0,0,0,0,0,0,0,0,1,2689800.0,-21.365278,15.37444,0.0,0.0,0.0,NA,0.0,0.0
SCHOOL_120,0,0,0,0,0,0,0,0,0,0,1,2298200.0,-21.35805599999999,15.379444,0.0,0.0,0.0,NA,0.0,0.0
SCHOOL_121,0,0,0,0,0,0,0,0,0,0,1,2391100.0,-20.676390000000005,15.375280000000002,0.0,0.0,0.0,NA,0.0,0.0
SCHOOL_122,0,0,0,0,0,0,0,0,0,0,1,791200.0,-18.323331999999997,15.39548,0.0,0.0,0.0,NA,0.0,0.0
SCHOOL_123,0,0,0,0,0,0,0,0,0,0,1,2477400.0,-18.061156999999998,15.373984999999998,0.0,0.0,0.0,NA,0.0,0.0
SCHOOL_124,0,0,0,0,0,0,0,0,0,0,1,1659800.0,-18.060975999999997,15.323975,0.0,0.0,0.0,NA,0.0,0.0
SCHOOL_125,0,0,0,0,0,0,0,0,0,0,2,2109899.9999999995,-18.007866999999997,15.329132,0.0,0.0,0.0,NA,0.0,0.0
SCHOOL_126,0,0,0,0,0,0,0,0,0,0,1,2380100.0,-17.954634000000002,15.316326,0.0,0.0,0.0,NA,0.0,0.0
SCHOOL_127,0,0,0,0,0,0,0,0,0,0,2,1632700.0,-17.9142,15.347589999999999,0.0,0.0,0.0,NA,0.0,0.0
SCHOOL_128,0,0,0,0,0,0,0,0,0,0,1,8616200.0,-20.370559999999994,14.96667,0.0,0.0,0.0,NA,0.0,0.0
SCHOOL_129,0,0,0,0,0,0,0,0,0,0,1,12000000.0,-20.370075,14.958635,0.0,0.0,0.0,NA,0.0,0.0
SCHOOL_130,0,0,0,0,0,0,0,0,0,0,1,5919400.0,-20.212306999999992,15.015086999999998,0.0,0.0,0.0,NA,0.0,0.0
SCHOOL_131,0,0,0,0,0,0,0,0,0,0,2,17898200.0,-19.625587,14.847917,0.0,0.0,0.0,NA,0.0,0.0
SCHOOL_132,0,0,0,0,0,0,0,0,0,0,2,1923900.0,-18.467219999999998,14.82972,0.0,0.0,0.0,NA,0.0,0.0
SCHOOL_133,0,0,0,0,0,0,0,0,0,0,1,812900.0,-19.938756999999992,15.676326,0.0,0.0,0.0,NA,0.0,0.0
SCHOOL_134,0,0,0,0,0,0,0,0,0,0,1,2725900.0,-19.84917,15.470560000000003,0.0,0.0,0.0,NA,0.0,0.0
SCHOOL_135,0,0,0,0,0,0,0,0,0,0,2,7051200.0,-18.17225499999999,15.440199000000002,0.0,0.0,0.0,NA,0.0,0.0
SCHOOL_136,0,0,0,0,0,0,0,0,0,0,1,840000.0,-18.136413,15.46713,0.0,0.0,0.0,NA,0.0,0.0
SCHOOL_137,0,0,0,0,0,0,0,0,0,0,1,1522400.0,-18.119939999999996,15.553830000000001,0.0,0.0,0.0,NA,0.0,0.0
SCHOOL_138,0,0,0,0,0,0,0,0,0,0,1,1476700.0,-18.113996,15.413930999999998,0.0,0.0,0.0,NA,0.0,0.0
SCHOOL_139,0,0,0,0,0,0,0,0,0,0,1,647200.0,-18.06611,15.65028,0.0,0.0,0.0,NA,0.0,0.0
SCHOOL_140,0,0,0,0,0,0,0,0,0,0,1,1839600.0,-18.053481,15.700406,0.0,0.0,0.0,NA,0.0,0.0
SCHOOL_141,0,0,0,0,0,0,0,0,0,0,1,840000.0,-18.032779999999995,15.65806,0.0,0.0,0.0,NA,0.0,0.0
SCHOOL_142,0,0,0,0,0,0,0,0,0,0,1,840000.0,-18.347945000000003,15.028659,0.0,0.0,0.0,NA,0.0,0.0
SCHOOL_143,0,0,0,0,0,0,0,0,0,0,1,1103300.0,-18.27398,14.957293999999997,0.0,0.0,0.0,NA,0.0,0.0
SCHOOL_144,0,0,0,0,0,0,0,0,0,0,1,840000.0,-18.214176000000005,14.875905000000001,0.0,0.0,0.0,NA,0.0,0.0
SCHOOL_145,0,0,0,0,0,0,0,0,0,0,1,840000.0,-18.175000000000004,15.00472,0.0,0.0,0.0,NA,0.0,0.0
SCHOOL_146,0,0,0,0,0,0,0,0,0,0,1,1263200.0,-18.111282,14.809777,0.0,0.0,0.0,NA,0.0,0.0
SCHOOL_147,0,0,0,0,0,0,0,0,0,0,3,19971199.999999996,-18.009105001009036,15.039094999772985,0.0,0.0,0.0,NA,0.0,0.0
SCHOOL_148,0,0,0,0,0,0,0,0,0,0,1,1538900.0,-18.007316999999997,14.996998,0.0,0.0,0.0,NA,0.0,0.0
SCHOOL_149,0,0,0,0,0,0,0,0,0,0,2,2171000.0,-18.346375999999996,15.192975999999998,0.0,0.0,0.0,NA,0.0,0.0
SCHOOL_150,0,0,0,0,0,0,0,0,0,0,1,1075600.0,-18.096836999999994,15.140186,0.0,0.0,0.0,NA,0.0,0.0
SCHOOL_151,0,0,0,0,0,0,0,0,0,0,1,2463700.0,-18.062100999999995,15.256554999999999,0.0,0.0,0.0,NA,0.0,0.0
SCHOOL_152,0,0,0,0,0,0,0,0,0,0,2,3000300.0,-18.041927,15.283842000000002,0.0,0.0,0.0,NA,0.0,0.0
SCHOOL_153,0,0,0,0,0,0,0,0,0,0,1,2110700.0,-18.032703999999995,15.135518,0.0,0.0,0.0,NA,0.0,0.0
SCHOOL_154,0,0,0,0,0,0,0,0,0,0,2,3145899.9999999995,-18.031109999999998,15.201109999999998,0.0,0.0,0.0,NA,0.0,0.0
SCHOOL_155,0,0,0,0,0,0,0,0,0,0,2,7431100.0,-17.995255000000004,15.252789,0.0,0.0,0.0,NA,0.0,0.0
SCHOOL_156,0,0,0,0,0,0,0,0,0,0,1,840000.0,-18.029937999999998,15.739333,0.0,0.0,0.0,NA,0.0,0.0
SCHOOL_157,0,0,0,0,0,0,0,0,0,0,2,5884200.0,-18.02527999999999,15.79528,0.0,0.0,0.0,NA,0.0,0.0
SCHOOL_158,0,0,0,0,0,0,0,0,0,0,1,859100.0,-18.019960000000005,15.61068,0.0,0.0,0.0,NA,0.0,0.0
SCHOOL_159,0,0,0,0,0,0,0,0,0,0,2,1959000.0,-17.987780000000004,15.6925,0.0,0.0,0.0,NA,0.0,0.0
SCHOOL_160,0,0,0,0,0,0,0,0,0,0,2,2406800.0,-17.977184,15.409873,0.0,0.0,0.0,NA,0.0,0.0
SCHOOL_161,0,0,0,0,0,0,0,0,0,0,1,1528700.0,-17.974754999999995,15.629991,0.0,0.0,0.0,NA,0.0,0.0
SCHOOL_162,0,0,0,0,0,0,0,0,0,0,1,2863200.0,-17.96971999999999,15.8,0.0,0.0,0.0,NA,0.0,0.0
SCHOOL_163,0,0,0,0,0,0,0,0,0,0,2,9106500.0,-17.980084500352422,15.149236498458203,0.0,0.0,0.0,NA,0.0,0.0
SCHOOL_164,0,0,0,0,0,0,0,0,0,0,1,1343200.0,-17.969550000000005,15.279856,0.0,0.0,0.0,NA,0.0,0.0
SCHOOL_165,0,0,0,0,0,0,0,0,0,0,2,6533200.0,-17.945559999999997,15.107779999999998,0.0,0.0,0.0,NA,0.0,0.0
SCHOOL_166,0,0,0,0,0,0,0,0,0,0,2,3275200.0,-17.936109999999996,15.241670000000001,0.0,0.0,0.0,NA,0.0,0.0
SCHOOL_167,0,0,0,0,0,0,0,0,0,0,1,876800.0,-17.928819,15.168031999999998,0.0,0.0,0.0,NA,0.0,0.0
SCHOOL_168,0,0,0,0,0,0,0,0,0,0,1,840000.0,-17.903017999999996,15.127348000000001,0.0,0.0,0.0,NA,0.0,0.0
SCHOOL_169,0,0,0,0,0,0,0,0,0,0,1,2272200.0,-17.997220000000002,15.08278,0.0,0.0,0.0,NA,0.0,0.0
SCHOOL_170,0,0,0,0,0,0,0,0,0,0,1,767000.0,-17.993771999999996,14.716003,0.0,0.0,0.0,NA,0.0,0.0
SCHOOL_171,0,0,0,0,0,0,0,0,0,0,1,1340400.0,-17.962632000000006,14.980165000000001,0.0,0.0,0.0,NA,0.0,0.0
SCHOOL_172,0,0,0,0,0,0,0,0,0,0,2,3614700.0,-17.953399501328303,15.027931997521032,0.0,0.0,0.0,NA,0.0,0.0
SCHOOL_173,0,0,0,0,0,0,0,0,0,0,2,1680000.0,-17.934809500557215,15.062530002256764,0.0,0.0,0.0,NA,0.0,0.0
SCHOOL_174,0,0,0,0,0,0,0,0,0,0,2,6748799.999999999,-17.896653999999998,14.98816,0.0,0.0,0.0,NA,0.0,0.0
SCHOOL_175,0,0,0,0,0,0,0,0,0,0,3,17962200.0,-17.889299001466924,15.066477998188486,0.0,0.0,0.0,NA,0.0,0.0
SCHOOL_176,0,0,0,0,0,0,0,0,0,0,1,1573600.0,-22.37416699999999,19.399167,0.0,0.0,0.0,NA,0.0,0.0
SCHOOL_177,0,0,0,0,0,0,0,0,0,0,1,1412400.0,-22.353056,19.938056,0.0,0.0,0.0,NA,0.0,0.0
SCHOOL_178,0,0,0,0,0,0,0,0,0,0,1,1435300.0,-22.089721999999995,19.889722,0.0,0.0,0.0,NA,0.0,0.0
SCHOOL_179,0,0,0,0,0,0,0,0,0,0,1,3089300.0,-21.855833,20.215833,0.0,0.0,0.0,NA,0.0,0.0
SCHOOL_180,0,0,0,0,0,0,0,0,0,0,1,8425000.0,-21.601667,19.4175,0.0,0.0,0.0,NA,0.0,0.0
SCHOOL_181,0,0,0,0,0,0,0,0,0,0,1,5271100.0,-21.523610999999995,19.472778,0.0,0.0,0.0,NA,0.0,0.0
SCHOOL_182,0,0,0,0,0,0,0,0,0,0,1,5255000.0,-21.898055999999997,20.839722,0.0,0.0,0.0,NA,0.0,0.0
SCHOOL_183,0,0,0,0,0,0,0,0,0,0,1,5957300.0,-21.84638899999999,20.749444,0.0,0.0,0.0,NA,0.0,0.0
SCHOOL_184,0,0,0,0,0,0,0,0,0,0,1,2465500.0,-20.613055999999997,20.846943999999997,0.0,0.0,0.0,NA,0.0,0.0
SCHOOL_185,0,0,0,0,0,0,0,0,0,0,2,8468500.0,-20.235463,20.813183,0.0,0.0,0.0,NA,0.0,0.0
SCHOOL_186,0,0,0,0,0,0,0,0,0,0,1,3151700.0,-22.089166999999996,19.050278,0.0,0.0,0.0,NA,0.0,0.0
SCHOOL_187,0,0,0,0,0,0,0,0,0,0,2,4750800.0,-21.695694500115394,19.103055500735483,0.0,0.0,0.0,NA,0.0,0.0
SCHOOL_188,0,0,0,0,0,0,0,0,0,0,1,2198400.0,-21.185556000000002,19.155833000000005,0.0,0.0,0.0,NA,0.0,0.0
SCHOOL_189,0,0,0,0,0,0,0,0,0,0,1,10443000.0,-21.140833000000004,18.782778,0.0,0.0,0.0,NA,0.0,0.0
SCHOOL_190,0,0,0,0,0,0,0,0,0,0,1,6129800.0,-21.140556,18.778611,0.0,0.0,0.0,NA,0.0,0.0
SCHOOL_191,0,0,0,0,0,0,0,0,0,0,1,6129800.0,-21.139721999999992,18.775832999999995,0.0,0.0,0.0,NA,0.0,0.0
SCHOOL_192,0,0,0,0,0,0,0,0,0,0,1,4616400.0,-19.642189,18.595326,0.0,0.0,0.0,NA,0.0,0.0
SCHOOL_193,0,0,0,0,0,0,0,0,0,0,1,2598200.0,-19.440494,19.224082,0.0,0.0,0.0,NA,0.0,0.0
SCHOOL_194,0,0,0,0,0,0,0,0,0,0,1,3061300.0,-19.238349999999997,19.245559,0.0,0.0,0.0,NA,0.0,0.0
SCHOOL_195,0,0,0,0,0,0,0,0,0,0,1,5074200.0,-21.429999999999996,19.902499999999996,0.0,0.0,0.0,NA,0.0,0.0
SCHOOL_196,0,0,0,0,0,0,0,0,0,0,1,2515800.0,-21.300000000000004,19.449722,0.0,0.0,0.0,NA,0.0,0.0
SCHOOL_197,0,0,0,0,0,0,0,0,0,0,1,970400.0,-19.994852000000005,20.668425,0.0,0.0,0.0,NA,0.0,0.0
SCHOOL_198,0,0,0,0,0,0,0,0,0,0,1,840000.0,-19.805484999999997,20.388584,0.0,0.0,0.0,NA,0.0,0.0
SCHOOL_199,0,0,0,0,0,0,0,0,0,0,1,840000.0,-19.738516,20.408207,0.0,0.0,0.0,NA,0.0,0.0
SCHOOL_200,0,0,0,0,0,0,0,0,0,0,2,8850800.0,-19.590073999999994,20.501805,0.0,0.0,0.0,NA,0.0,0.0
SCHOOL_201,0,0,0,0,0,0,0,0,0,0,1,840000.0,-19.551771999999993,19.698983000000002,0.0,0.0,0.0,NA,0.0,0.0
SCHOOL_202,0,0,0,0,0,0,0,0,0,0,1,2141000.0,-19.520318000000003,19.734648,0.0,0.0,0.0,NA,0.0,0.0
SCHOOL_203,0,0,0,0,0,0,0,0,0,0,1,657100.0,-19.50277000000001,19.63447,0.0,0.0,0.0,NA,0.0,0.0
SCHOOL_204,0,0,0,0,0,0,0,0,0,0,1,840000.0,-19.623932,20.836202999999998,0.0,0.0,0.0,NA,0.0,0.0
SCHOOL_205,0,0,0,0,0,0,0,0,0,0,1,840000.0,-18.29055599999999,20.889167,0.0,0.0,0.0,NA,0.0,0.0
SCHOOL_206,0,0,0,0,0,0,0,0,0,0,1,840000.0,-18.269444,21.369167,0.0,0.0,0.0,NA,0.0,0.0
SCHOOL_207,0,0,0,0,0,0,0,0,0,0,1,840000.0,-18.253611000000006,20.805832999999996,0.0,0.0,0.0,NA,0.0,0.0
SCHOOL_208,0,0,0,0,0,0,0,0,0,0,1,840000.0,-18.248611000000004,21.039722,0.0,0.0,0.0,NA,0.0,0.0
SCHOOL_209,0,0,0,0,0,0,0,0,0,0,1,840000.0,-18.244580999999993,21.280796999999996,0.0,0.0,0.0,NA,0.0,0.0
SCHOOL_210,0,0,0,0,0,0,0,0,0,0,1,1217300.0,-19.451589000000002,20.105998,0.0,0.0,0.0,NA,0.0,0.0
SCHOOL_211,0,0,0,0,0,0,0,0,0,0,1,840000.0,-19.38741199999999,20.581708,0.0,0.0,0.0,NA,0.0,0.0
SCHOOL_212,0,0,0,0,0,0,0,0,0,0,1,840000.0,-19.19149,19.44028,0.0,0.0,0.0,NA,0.0,0.0
SCHOOL_213,0,0,0,0,0,0,0,0,0,0,1,840000.0,-18.991666999999996,19.734722,0.0,0.0,0.0,NA,0.0,0.0
SCHOOL_214,0,0,0,0,0,0,0,0,0,0,1,660800.0,-18.95255299999999,19.726810999999998,0.0,0.0,0.0,NA,0.0,0.0
SCHOOL_215,0,0,0,0,0,0,0,0,0,0,1,840000.0,-18.79610999999999,19.70889,0.0,0.0,0.0,NA,0.0,0.0
SCHOOL_216,0,0,0,0,0,0,0,0,0,0,1,877000.0,-18.687780000000004,19.74722,0.0,0.0,0.0,NA,0.0,0.0
SCHOOL_217,0,0,0,0,0,0,0,0,0,0,1,840000.0,-18.62361,19.51972,0.0,0.0,0.0,NA,0.0,0.0
SCHOOL_218,0,0,0,0,0,0,0,0,0,0,1,685200.0,-18.532551000000005,19.72683,0.0,0.0,0.0,NA,0.0,0.0
SCHOOL_219,0,0,0,0,0,0,0,0,0,0,1,640100.0,-18.500280000000004,19.74778,0.0,0.0,0.0,NA,0.0,0.0
SCHOOL_220,0,0,0,0,0,0,0,0,0,0,1,840000.0,-22.118888999999996,19.050278,0.0,0.0,0.0,NA,0.0,0.0
SCHOOL_221,0,0,0,0,0,0,0,0,0,0,1,840000.0,-22.108889,18.994722,0.0,0.0,0.0,NA,0.0,0.0
SCHOOL_222,0,0,0,0,0,0,0,0,0,0,1,4654400.0,-22.092222,19.049999999999997,0.0,0.0,0.0,NA,0.0,0.0
SCHOOL_223,0,0,0,0,0,0,0,0,0,0,1,3365400.0,-22.417744000000003,17.097236,0.0,0.0,0.0,NA,0.0,0.0
SCHOOL_224,0,0,0,0,0,0,0,0,0,0,1,2595000.0,-22.290278000000004,17.973611,0.0,0.0,0.0,NA,0.0,0.0
SCHOOL_225,0,0,0,0,0,0,0,0,0,0,1,2019500.0,-22.229167000000004,18.040556,0.0,0.0,0.0,NA,0.0,0.0
SCHOOL_226,0,0,0,0,0,0,0,0,0,0,1,900400.0,-22.052506,17.367365,0.0,0.0,0.0,NA,0.0,0.0
SCHOOL_227,0,0,0,0,0,0,0,0,0,0,1,12000000.0,-21.98037,16.91142,0.0,0.0,0.0,NA,0.0,0.0
SCHOOL_228,0,0,0,0,0,0,0,0,0,0,1,4385800.0,-21.977073999999995,17.209735,0.0,0.0,0.0,NA,0.0,0.0
SCHOOL_229,0,0,0,0,0,0,0,0,0,0,1,5484400.0,-21.253114,17.934988,0.0,0.0,0.0,NA,0.0,0.0
SCHOOL_230,0,0,0,0,0,0,0,0,0,0,1,840000.0,-21.23345000000001,17.85596,0.0,0.0,0.0,NA,0.0,0.0
SCHOOL_231,0,0,0,0,0,0,0,0,0,0,1,6940300.0,-21.428059999999995,15.95361,0.0,0.0,0.0,NA,0.0,0.0
SCHOOL_232,0,0,0,0,0,0,0,0,0,0,1,942700.0,-21.423610999999998,15.947778,0.0,0.0,0.0,NA,0.0,0.0
SCHOOL_233,0,0,0,0,0,0,0,0,0,0,1,942700.0,-21.421666999999992,15.944167000000002,0.0,0.0,0.0,NA,0.0,0.0
SCHOOL_234,0,0,0,0,0,0,0,0,0,0,1,840000.0,-21.415559999999992,15.94972,0.0,0.0,0.0,NA,0.0,0.0
SCHOOL_235,0,0,0,0,0,0,0,0,0,0,1,850700.0,-21.342219999999998,16.07889,0.0,0.0,0.0,NA,0.0,0.0
SCHOOL_236,0,0,0,0,0,0,0,0,0,0,1,859800.0,-21.022686,16.459778,0.0,0.0,0.0,NA,0.0,0.0
SCHOOL_237,0,0,0,0,0,0,0,0,0,0,1,2060400.0,-20.893280999999995,16.184048,0.0,0.0,0.0,NA,0.0,0.0
SCHOOL_238,0,0,0,0,0,0,0,0,0,0,1,3432600.0,-20.464865000000003,16.639828,0.0,0.0,0.0,NA,0.0,0.0
SCHOOL_239,0,0,0,0,0,0,0,0,0,0,2,10561099.999999998,-20.990038999999992,18.230724,0.0,0.0,0.0,NA,0.0,0.0
SCHOOL_240,0,0,0,0,0,0,0,0,0,0,1,2590400.0,-20.709939999999996,17.66672,0.0,0.0,0.0,NA,0.0,0.0
SCHOOL_241,0,0,0,0,0,0,0,0,0,0,1,6432100.0,-20.589308,17.456217999999996,0.0,0.0,0.0,NA,0.0,0.0
SCHOOL_242,0,0,0,0,0,0,0,0,0,0,1,7667500.0,-20.58568,17.457563,0.0,0.0,0.0,NA,0.0,0.0
SCHOOL_243,0,0,0,0,0,0,0,0,0,0,2,5575100.0,-20.573569500085775,17.52053849938538,0.0,0.0,0.0,NA,0.0,0.0
SCHOOL_244,0,0,0,0,0,0,0,0,0,0,2,6053400.0,-20.402686999999997,18.21461,0.0,0.0,0.0,NA,0.0,0.0
SCHOOL_245,0,0,0,0,0,0,0,0,0,0,2,6979000.0,-20.115549999999992,18.18528,0.0,0.0,0.0,NA,0.0,0.0
SCHOOL_246,0,0,0,0,0,0,0,0,0,0,1,4069100.0,-19.801397,16.694416,0.0,0.0,0.0,NA,0.0,0.0
SCHOOL_247,0,0,0,0,0,0,0,0,0,0,1,3724400.0,-19.713874,17.712169,0.0,0.0,0.0,NA,0.0,0.0
SCHOOL_248,0,0,0,0,0,0,0,0,0,0,1,840000.0,-19.70786,17.71221,0.0,0.0,0.0,NA,0.0,0.0
SCHOOL_249,0,0,0,0,0,0,0,0,0,0,1,11599900.0,-19.646293999999994,17.34241,0.0,0.0,0.0,NA,0.0,0.0
SCHOOL_250,0,0,0,0,0,0,0,0,0,0,1,840000.0,-19.582929999999994,18.0168,0.0,0.0,0.0,NA,0.0,0.0
SCHOOL_251,0,0,0,0,0,0,0,0,0,0,1,12000000.0,-19.568420999999997,18.11306,0.0,0.0,0.0,NA,0.0,0.0
SCHOOL_252,0,0,0,0,0,0,0,0,0,0,1,2178700.0,-19.557802000000002,18.10363,0.0,0.0,0.0,NA,0.0,0.0
SCHOOL_253,0,0,0,0,0,0,0,0,0,0,1,1620400.0,-19.503886000000005,18.043672,0.0,0.0,0.0,NA,0.0,0.0
SCHOOL_254,0,0,0,0,0,0,0,0,0,0,1,8289700.000000001,-19.253875,17.712308,0.0,0.0,0.0,NA,0.0,0.0
SCHOOL_255,0,0,0,0,0,0,0,0,0,0,1,4504200.0,-20.109439999999992,16.15333,0.0,0.0,0.0,NA,0.0,0.0
SCHOOL_256,0,0,0,0,0,0,0,0,0,0,1,10531000.0,-20.108783999999996,16.149539,0.0,0.0,0.0,NA,0.0,0.0
SCHOOL_257,0,0,0,0,0,0,0,0,0,0,1,7532600.0,-20.10721999999999,16.15222,0.0,0.0,0.0,NA,0.0,0.0
SCHOOL_258,0,0,0,0,0,0,0,0,0,0,1,6098400.0,-19.329570000000004,15.938730000000001,0.0,0.0,0.0,NA,0.0,0.0
SCHOOL_259,0,0,0,0,0,0,0,0,0,0,1,850100.0,-18.452619999999996,16.4217,0.0,0.0,0.0,NA,0.0,0.0
SCHOOL_260,0,0,0,0,0,0,0,0,0,0,1,3852700.0,-18.446395,16.325944,0.0,0.0,0.0,NA,0.0,0.0
SCHOOL_261,0,0,0,0,0,0,0,0,0,0,1,2933300.0,-18.444696999999994,16.482598,0.0,0.0,0.0,NA,0.0,0.0
SCHOOL_262,0,0,0,0,0,0,0,0,0,0,1,745300.0,-19.241644999999988,17.728954,0.0,0.0,0.0,NA,0.0,0.0
SCHOOL_263,0,0,0,0,0,0,0,0,0,0,1,5363000.0,-19.16211799999999,17.761455999999995,0.0,0.0,0.0,NA,0.0,0.0
SCHOOL_264,0,0,0,0,0,0,0,0,0,0,1,799600.0,-18.984087,17.89083,0.0,0.0,0.0,NA,0.0,0.0
SCHOOL_265,0,0,0,0,0,0,0,0,0,0,1,1114200.0,-18.902865,18.294792,0.0,0.0,0.0,NA,0.0,0.0
SCHOOL_266,0,0,0,0,0,0,0,0,0,0,1,840000.0,-17.856111,24.777778000000005,0.0,0.0,0.0,NA,0.0,0.0
SCHOOL_267,0,0,0,0,0,0,0,0,0,0,2,2999200.0,-18.278889,23.796389,0.0,0.0,0.0,NA,0.0,0.0
SCHOOL_268,0,0,0,0,0,0,0,0,0,0,2,3301700.0,-18.248055999999995,23.746110999999996,0.0,0.0,0.0,NA,0.0,0.0
SCHOOL_269,0,0,0,0,0,0,0,0,0,0,1,1330100.0,-18.26611,23.63861,0.0,0.0,0.0,NA,0.0,0.0
SCHOOL_270,0,0,0,0,0,0,0,0,0,0,1,1375300.0,-18.263059999999996,23.637499999999992,0.0,0.0,0.0,NA,0.0,0.0
SCHOOL_271,0,0,0,0,0,0,0,0,0,0,1,840000.0,-18.256388999999995,23.693611000000004,0.0,0.0,0.0,NA,0.0,0.0
SCHOOL_272,0,0,0,0,0,0,0,0,0,0,1,622400.0,-18.249166999999996,23.636944000000003,0.0,0.0,0.0,NA,0.0,0.0
SCHOOL_273,0,0,0,0,0,0,0,0,0,0,1,804400.0,-18.24389,23.588060000000002,0.0,0.0,0.0,NA,0.0,0.0
SCHOOL_274,0,0,0,0,0,0,0,0,0,0,2,3162899.9999999995,-18.231110999999995,23.557778,0.0,0.0,0.0,NA,0.0,0.0
SCHOOL_275,0,0,0,0,0,0,0,0,0,0,1,966200.0,-18.22416,23.518889,0.0,0.0,0.0,NA,0.0,0.0
SCHOOL_276,0,0,0,0,0,0,0,0,0,0,2,4417400.0,-18.04833299999999,23.344722,0.0,0.0,0.0,NA,0.0,0.0
SCHOOL_277,0,0,0,0,0,0,0,0,0,0,1,1092500.0,-18.241666999999996,23.846111,0.0,0.0,0.0,NA,0.0,0.0
SCHOOL_278,0,0,0,0,0,0,0,0,0,0,2,3280399.9999999995,-18.206111000000003,23.876111,0.0,0.0,0.0,NA,0.0,0.0
SCHOOL_279,0,0,0,0,0,0,0,0,0,0,1,1680100.0,-18.178889,23.894166999999996,0.0,0.0,0.0,NA,0.0,0.0
SCHOOL_280,0,0,0,0,0,0,0,0,0,0,2,1680000.0,-18.13917,23.95167,0.0,0.0,0.0,NA,0.0,0.0
SCHOOL_281,0,0,0,0,0,0,0,0,0,0,2,5915300.0,-18.074440000000003,24.02222,0.0,0.0,0.0,NA,0.0,0.0
SCHOOL_282,0,0,0,0,0,0,0,0,0,0,1,1302700.0,-18.038889,24.036111,0.0,0.0,0.0,NA,0.0,0.0
SCHOOL_283,0,0,0,0,0,0,0,0,0,0,1,1055300.0,-17.998059999999995,24.07444,0.0,0.0,0.0,NA,0.0,0.0
SCHOOL_284,0,0,0,0,0,0,0,0,0,0,1,1528900.0,-17.988329999999998,24.11778,0.0,0.0,0.0,NA,0.0,0.0
SCHOOL_285,0,0,0,0,0,0,0,0,0,0,1,1260100.0,-17.981666999999998,24.118611,0.0,0.0,0.0,NA,0.0,0.0
SCHOOL_286,0,0,0,0,0,0,0,0,0,0,1,840000.0,-17.979167000000004,24.472222,0.0,0.0,0.0,NA,0.0,0.0
SCHOOL_287,0,0,0,0,0,0,0,0,0,0,1,840000.0,-17.967779999999998,24.58806,0.0,0.0,0.0,NA,0.0,0.0
SCHOOL_288,0,0,0,0,0,0,0,0,0,0,2,1889800.0,-17.963329999999996,24.52139,0.0,0.0,0.0,NA,0.0,0.0
SCHOOL_289,0,0,0,0,0,0,0,0,0,0,2,3714800.0,-17.940555999999994,24.145277999999998,0.0,0.0,0.0,NA,0.0,0.0
SCHOOL_290,0,0,0,0,0,0,0,0,0,0,1,3129800.0,-17.933056000000004,24.672222,0.0,0.0,0.0,NA,0.0,0.0
SCHOOL_291,0,0,0,0,0,0,0,0,0,0,2,1874400.0,-17.929720000000003,24.63167,0.0,0.0,0.0,NA,0.0,0.0
SCHOOL_292,0,0,0,0,0,0,0,0,0,0,1,840000.0,-17.920832999999995,24.709722,0.0,0.0,0.0,NA,0.0,0.0
SCHOOL_293,0,0,0,0,0,0,0,0,0,0,1,840000.0,-17.91861099999999,24.71,0.0,0.0,0.0,NA,0.0,0.0
SCHOOL_294,0,0,0,0,0,0,0,0,0,0,2,2670700.0,-17.965556,23.446111,0.0,0.0,0.0,NA,0.0,0.0
SCHOOL_295,0,0,0,0,0,0,0,0,0,0,1,1344100.0,-17.956110999999996,23.324443999999996,0.0,0.0,0.0,NA,0.0,0.0
SCHOOL_296,0,0,0,0,0,0,0,0,0,0,1,719000.0,-17.950278,23.486389,0.0,0.0,0.0,NA,0.0,0.0
SCHOOL_297,0,0,0,0,0,0,0,0,0,0,2,5026300.0,-17.856789999747097,23.363445001089506,0.0,0.0,0.0,NA,0.0,0.0
SCHOOL_298,0,0,0,0,0,0,0,0,0,0,2,3673700.0,-17.855169999999998,23.705200000000005,0.0,0.0,0.0,NA,0.0,0.0
SCHOOL_299,0,0,0,0,0,0,0,0,0,0,1,2830100.0,-17.831389000000005,23.41,0.0,0.0,0.0,NA,0.0,0.0
SCHOOL_300,0,0,0,0,0,0,0,0,0,0,1,649400.0,-17.910832999999997,24.153611,0.0,0.0,0.0,NA,0.0,0.0
SCHOOL_301,0,0,0,0,0,0,0,0,0,0,2,3607200.0,-17.889443999999994,24.399722,0.0,0.0,0.0,NA,0.0,0.0
SCHOOL_302,0,0,0,0,0,0,0,0,0,0,2,2077199.9999999998,-17.878611,24.187778,0.0,0.0,0.0,NA,0.0,0.0
SCHOOL_303,0,0,0,0,0,0,0,0,0,0,2,2471300.0,-17.86361,24.479167,0.0,0.0,0.0,NA,0.0,0.0
SCHOOL_304,0,0,0,0,0,0,0,0,0,0,1,1170600.0,-17.862499999999997,24.170833,0.0,0.0,0.0,NA,0.0,0.0
SCHOOL_305,0,0,0,0,0,0,0,0,0,0,1,772000.0,-17.834999999999997,24.398889,0.0,0.0,0.0,NA,0.0,0.0
SCHOOL_306,0,0,0,0,0,0,0,0,0,0,1,840000.0,-17.830549999999995,24.689169999999997,0.0,0.0,0.0,NA,0.0,0.0
SCHOOL_307,0,0,0,0,0,0,0,0,0,0,2,1758100.0,-17.824999999999996,24.83694,0.0,0.0,0.0,NA,0.0,0.0
SCHOOL_308,0,0,0,0,0,0,0,0,0,0,1,1400600.0,-17.819443999999997,25.092777999999996,0.0,0.0,0.0,NA,0.0,0.0
SCHOOL_309,0,0,0,0,0,0,0,0,0,0,2,2755500.0,-17.791669999999993,25.024999999999995,0.0,0.0,0.0,NA,0.0,0.0
SCHOOL_310,0,0,0,0,0,0,0,0,0,0,1,840000.0,-17.78833,24.93278,0.0,0.0,0.0,NA,0.0,0.0
SCHOOL_311,0,0,0,0,0,0,0,0,0,0,2,4332400.0,-17.817778000000004,23.778611,0.0,0.0,0.0,NA,0.0,0.0
SCHOOL_312,0,0,0,0,0,0,0,0,0,0,1,1088600.0,-17.796944000000003,24.319999999999997,0.0,0.0,0.0,NA,0.0,0.0
SCHOOL_313,0,0,0,0,0,0,0,0,0,0,2,4738400.0,-17.796388999999998,24.203889,0.0,0.0,0.0,NA,0.0,0.0
SCHOOL_314,0,0,0,0,0,0,0,0,0,0,2,6473900.0,-17.789999999999996,24.615833,0.0,0.0,0.0,NA,0.0,0.0
SCHOOL_315,0,0,0,0,0,0,0,0,0,0,2,6745900.0,-17.785555500237525,23.823471999170028,0.0,0.0,0.0,NA,0.0,0.0
SCHOOL_316,0,0,0,0,0,0,0,0,0,0,2,3198100.0000000005,-17.776269999999993,24.36719,0.0,0.0,0.0,NA,0.0,0.0
SCHOOL_317,0,0,0,0,0,0,0,0,0,0,1,840000.0,-17.775556000000005,24.559722,0.0,0.0,0.0,NA,0.0,0.0
SCHOOL_318,0,0,0,0,0,0,0,0,0,0,2,3119600.0,-17.771110000000004,24.505278,0.0,0.0,0.0,NA,0.0,0.0
SCHOOL_319,0,0,0,0,0,0,0,0,0,0,2,2770900.0,-17.764719999999993,24.695830000000004,0.0,0.0,0.0,NA,0.0,0.0
SCHOOL_320,0,0,0,0,0,0,0,0,0,0,2,1680000.0,-17.759167,23.840832999999996,0.0,0.0,0.0,NA,0.0,0.0
SCHOOL_321,0,0,0,0,0,0,0,0,0,0,1,1067000.0,-17.746943999999992,24.554167,0.0,0.0,0.0,NA,0.0,0.0
SCHOOL_322,0,0,0,0,0,0,0,0,0,0,2,6042000.0,-17.745832999999998,23.891944,0.0,0.0,0.0,NA,0.0,0.0
SCHOOL_323,0,0,0,0,0,0,0,0,0,0,2,1680000.0,-17.74222199999999,23.957778000000005,0.0,0.0,0.0,NA,0.0,0.0
SCHOOL_324,0,0,0,0,0,0,0,0,0,0,1,840000.0,-17.730278,24.259444,0.0,0.0,0.0,NA,0.0,0.0
SCHOOL_325,0,0,0,0,0,0,0,0,0,0,2,3988700.0,-17.718609999999998,24.63167,0.0,0.0,0.0,NA,0.0,0.0
SCHOOL_326,0,0,0,0,0,0,0,0,0,0,1,3531100.0,-17.711943999999995,24.532500000000002,0.0,0.0,0.0,NA,0.0,0.0
SCHOOL_327,0,0,0,0,0,0,0,0,0,0,2,4469800.0,-17.709444501771717,24.530138499436394,0.0,0.0,0.0,NA,0.0,0.0
SCHOOL_328,0,0,0,0,0,0,0,0,0,0,2,4979000.0,-17.701943999999994,24.013889,0.0,0.0,0.0,NA,0.0,0.0
SCHOOL_329,0,0,0,0,0,0,0,0,0,0,1,1432700.0,-17.77722199999999,25.188610999999998,0.0,0.0,0.0,NA,0.0,0.0
SCHOOL_330,0,0,0,0,0,0,0,0,0,0,1,2140600.0,-17.766389000000007,25.178889,0.0,0.0,0.0,NA,0.0,0.0
SCHOOL_331,0,0,0,0,0,0,0,0,0,0,2,1680000.0,-17.69,24.903035999999997,0.0,0.0,0.0,NA,0.0,0.0
SCHOOL_332,0,0,0,0,0,0,0,0,0,0,1,840000.0,-17.676943999999995,25.029999989999997,0.0,0.0,0.0,NA,0.0,0.0
SCHOOL_333,0,0,0,0,0,0,0,0,0,0,2,2172400.0,-17.64667,24.87556,0.0,0.0,0.0,NA,0.0,0.0
SCHOOL_334,0,0,0,0,0,0,0,0,0,0,2,8123299.999999999,-17.796667000000003,23.390278000000002,0.0,0.0,0.0,NA,0.0,0.0
SCHOOL_335,0,0,0,0,0,0,0,0,0,0,1,831000.0,-17.773610999999992,23.396666999999997,0.0,0.0,0.0,NA,0.0,0.0
SCHOOL_336,0,0,0,0,0,0,0,0,0,0,2,2341200.0,-17.752500000000005,23.396667000000004,0.0,0.0,0.0,NA,0.0,0.0
SCHOOL_337,0,0,0,0,0,0,0,0,0,0,1,1123400.0,-17.736666999999997,23.417778,0.0,0.0,0.0,NA,0.0,0.0
SCHOOL_338,0,0,0,0,0,0,0,0,0,0,2,2960500.0,-17.693332999999996,23.4175,0.0,0.0,0.0,NA,0.0,0.0
SCHOOL_339,0,0,0,0,0,0,0,0,0,0,1,840000.0,-17.661943999999995,23.438611,0.0,0.0,0.0,NA,0.0,0.0
SCHOOL_340,0,0,0,0,0,0,0,0,0,0,1,1332100.0,-17.681110999999994,24.084999999999997,0.0,0.0,0.0,NA,0.0,0.0
SCHOOL_341,0,0,0,0,0,0,0,0,0,0,2,3247500.0,-17.664722000000005,24.134722,0.0,0.0,0.0,NA,0.0,0.0
SCHOOL_342,0,0,0,0,0,0,0,0,0,0,1,955600.0,-17.659167,24.288609999999995,0.0,0.0,0.0,NA,0.0,0.0
SCHOOL_343,0,0,0,0,0,0,0,0,0,0,1,1714800.0,-17.632777999999995,24.411389000000003,0.0,0.0,0.0,NA,0.0,0.0
SCHOOL_344,0,0,0,0,0,0,0,0,0,0,1,1222300.0,-17.609444,24.213056,0.0,0.0,0.0,NA,0.0,0.0
SCHOOL_345,0,0,0,0,0,0,0,0,0,0,2,3086100.0,-17.599439999999998,24.585560000000005,0.0,0.0,0.0,NA,0.0,0.0
SCHOOL_346,0,0,0,0,0,0,0,0,0,0,2,5523000.0,-17.576111,24.241389,0.0,0.0,0.0,NA,0.0,0.0
SCHOOL_347,0,0,0,0,0,0,0,0,0,0,2,3186500.0,-17.644444000000004,25.024167,0.0,0.0,0.0,NA,0.0,0.0
SCHOOL_348,0,0,0,0,0,0,0,0,0,0,2,3108600.0,-17.578611,24.917222,0.0,0.0,0.0,NA,0.0,0.0
SCHOOL_349,0,0,0,0,0,0,0,0,0,0,2,1589500.0,-17.555000000000003,24.865833,0.0,0.0,0.0,NA,0.0,0.0
SCHOOL_350,0,0,0,0,0,0,0,0,0,0,2,3766600.0000000005,-17.550829999999998,24.814439999999998,0.0,0.0,0.0,NA,0.0,0.0
SCHOOL_351,0,0,0,0,0,0,0,0,0,0,2,3457900.0,-17.569443999999997,24.544166999999998,0.0,0.0,0.0,NA,0.0,0.0
SCHOOL_352,0,0,0,0,0,0,0,0,0,0,1,840000.0,-17.569443999999997,24.699167,0.0,0.0,0.0,NA,0.0,0.0
SCHOOL_353,0,0,0,0,0,0,0,0,0,0,2,5678400.0,-17.551667,24.443056,0.0,0.0,0.0,NA,0.0,0.0
SCHOOL_354,0,0,0,0,0,0,0,0,0,0,1,2367800.0,-17.548330000000004,24.35278,0.0,0.0,0.0,NA,0.0,0.0
SCHOOL_355,0,0,0,0,0,0,0,0,0,0,2,6493299.999999999,-17.542460000000002,24.316479999999995,0.0,0.0,0.0,NA,0.0,0.0
SCHOOL_356,0,0,0,0,0,0,0,0,0,0,2,4233000.0,-17.49971999999999,24.35556,0.0,0.0,0.0,NA,0.0,0.0
SCHOOL_357,0,0,0,0,0,0,0,0,0,0,1,3871000.0,-17.493056,24.313333,0.0,0.0,0.0,NA,0.0,0.0
SCHOOL_358,0,0,0,0,0,0,0,0,0,0,2,1680000.0,-17.49069450029354,24.310416998800175,0.0,0.0,0.0,NA,0.0,0.0
SCHOOL_359,0,0,0,0,0,0,0,0,0,0,1,973900.0,-17.47256406999999,24.23900426,0.0,0.0,0.0,NA,0.0,0.0
SCHOOL_360,0,0,0,0,0,0,0,0,0,0,2,16744099.999999998,-18.771110000000004,17.96194,0.0,0.0,0.0,NA,0.0,0.0
SCHOOL_361,0,0,0,0,0,0,0,0,0,0,1,2410000.0,-18.71667,17.39861,0.0,0.0,0.0,NA,0.0,0.0
SCHOOL_362,0,0,0,0,0,0,0,0,0,0,1,840000.0,-18.68195,17.420180000000002,0.0,0.0,0.0,NA,0.0,0.0
SCHOOL_363,0,0,0,0,0,0,0,0,0,0,2,15102099.999999998,-18.606389999999998,17.16222,0.0,0.0,0.0,NA,0.0,0.0
SCHOOL_364,0,0,0,0,0,0,0,0,0,0,1,1213600.0,-18.58657,17.71803,0.0,0.0,0.0,NA,0.0,0.0
SCHOOL_365,0,0,0,0,0,0,0,0,0,0,1,1824000.0,-18.501039999999996,18.03849,0.0,0.0,0.0,NA,0.0,0.0
SCHOOL_366,0,0,0,0,0,0,0,0,0,0,2,13671000.0,-18.48972,17.06056,0.0,0.0,0.0,NA,0.0,0.0
SCHOOL_367,0,0,0,0,0,0,0,0,0,0,1,840000.0,-18.472425999999995,17.243245,0.0,0.0,0.0,NA,0.0,0.0
SCHOOL_368,0,0,0,0,0,0,0,0,0,0,1,1260400.0,-18.464979999999997,16.94558,0.0,0.0,0.0,NA,0.0,0.0
SCHOOL_369,0,0,0,0,0,0,0,0,0,0,1,2710700.0,-18.44214,17.12272,0.0,0.0,0.0,NA,0.0,0.0
SCHOOL_370,0,0,0,0,0,0,0,0,0,0,2,8138000.0,-18.439719999999998,16.77611,0.0,0.0,0.0,NA,0.0,0.0
SCHOOL_371,0,0,0,0,0,0,0,0,0,0,1,840000.0,-18.437175,16.832097,0.0,0.0,0.0,NA,0.0,0.0
SCHOOL_372,0,0,0,0,0,0,0,0,0,0,1,3939100.0,-18.394439999999996,16.77806,0.0,0.0,0.0,NA,0.0,0.0
SCHOOL_373,0,0,0,0,0,0,0,0,0,0,1,1353700.0,-18.378329999999995,16.65944,0.0,0.0,0.0,NA,0.0,0.0
SCHOOL_374,0,0,0,0,0,0,0,0,0,0,1,1643000.0,-18.370359999999998,16.81828,0.0,0.0,0.0,NA,0.0,0.0
SCHOOL_375,0,0,0,0,0,0,0,0,0,0,1,840000.0,-18.36069,17.91859,0.0,0.0,0.0,NA,0.0,0.0
SCHOOL_376,0,0,0,0,0,0,0,0,0,0,1,1402600.0,-18.413059999999998,16.49528,0.0,0.0,0.0,NA,0.0,0.0
SCHOOL_377,0,0,0,0,0,0,0,0,0,0,2,3337100.0,-18.404839000000006,16.539187,0.0,0.0,0.0,NA,0.0,0.0
SCHOOL_378,0,0,0,0,0,0,0,0,0,0,1,726200.0,-18.399699999999996,16.61167,0.0,0.0,0.0,NA,0.0,0.0
SCHOOL_379,0,0,0,0,0,0,0,0,0,0,1,840000.0,-18.399165,16.579433,0.0,0.0,0.0,NA,0.0,0.0
SCHOOL_380,0,0,0,0,0,0,0,0,0,0,2,6821800.0,-18.387570999999998,16.621499,0.0,0.0,0.0,NA,0.0,0.0
SCHOOL_381,0,0,0,0,0,0,0,0,0,0,2,2383800.0,-18.387225999999995,16.482917,0.0,0.0,0.0,NA,0.0,0.0
SCHOOL_382,0,0,0,0,0,0,0,0,0,0,2,13853000.0,-18.382753,16.411209,0.0,0.0,0.0,NA,0.0,0.0
SCHOOL_383,0,0,0,0,0,0,0,0,0,0,1,871000.0,-18.372622,16.35023,0.0,0.0,0.0,NA,0.0,0.0
SCHOOL_384,0,0,0,0,0,0,0,0,0,0,1,840000.0,-18.372510000000002,16.53453,0.0,0.0,0.0,NA,0.0,0.0
SCHOOL_385,0,0,0,0,0,0,0,0,0,0,1,2005900.0,-18.367059,16.277209,0.0,0.0,0.0,NA,0.0,0.0
SCHOOL_386,0,0,0,0,0,0,0,0,0,0,2,18175200.0,-18.357032,16.583384,0.0,0.0,0.0,NA,0.0,0.0
SCHOOL_387,0,0,0,0,0,0,0,0,0,0,1,6109900.0,-18.353889999999996,16.58306,0.0,0.0,0.0,NA,0.0,0.0
SCHOOL_388,0,0,0,0,0,0,0,0,0,0,1,701900.0,-18.350667999999995,16.475168,0.0,0.0,0.0,NA,0.0,0.0
SCHOOL_389,0,0,0,0,0,0,0,0,0,0,2,2647600.0,-18.340175999999992,16.435708,0.0,0.0,0.0,NA,0.0,0.0
SCHOOL_390,0,0,0,0,0,0,0,0,0,0,1,1000400.0,-18.335296,16.629255,0.0,0.0,0.0,NA,0.0,0.0
SCHOOL_391,0,0,0,0,0,0,0,0,0,0,1,5004100.0,-18.327530000000003,16.54583,0.0,0.0,0.0,NA,0.0,0.0
SCHOOL_392,0,0,0,0,0,0,0,0,0,0,1,812300.0,-18.324626,16.317622,0.0,0.0,0.0,NA,0.0,0.0
SCHOOL_393,0,0,0,0,0,0,0,0,0,0,1,706400.0,-18.309963999999997,16.405557,0.0,0.0,0.0,NA,0.0,0.0
SCHOOL_394,0,0,0,0,0,0,0,0,0,0,1,1201300.0,-18.304653999999992,16.265252,0.0,0.0,0.0,NA,0.0,0.0
SCHOOL_395,0,0,0,0,0,0,0,0,0,0,2,1456100.0,-18.302648,16.622349,0.0,0.0,0.0,NA,0.0,0.0
SCHOOL_396,0,0,0,0,0,0,0,0,0,0,1,1249100.0,-18.29278,16.55028,0.0,0.0,0.0,NA,0.0,0.0
SCHOOL_397,0,0,0,0,0,0,0,0,0,0,2,1680000.0,-18.292779999999993,16.49778,0.0,0.0,0.0,NA,0.0,0.0
SCHOOL_398,0,0,0,0,0,0,0,0,0,0,2,2771500.0,-18.350279999999994,16.70278,0.0,0.0,0.0,NA,0.0,0.0
SCHOOL_399,0,0,0,0,0,0,0,0,0,0,2,4765800.0,-18.325464999999994,16.775136,0.0,0.0,0.0,NA,0.0,0.0
SCHOOL_400,0,0,0,0,0,0,0,0,0,0,1,840000.0,-18.30261,16.95378,0.0,0.0,0.0,NA,0.0,0.0
SCHOOL_401,0,0,0,0,0,0,0,0,0,0,1,840000.0,-18.296432000000003,17.185708,0.0,0.0,0.0,NA,0.0,0.0
SCHOOL_402,0,0,0,0,0,0,0,0,0,0,1,1864300.0,-18.264499999999995,16.82668,0.0,0.0,0.0,NA,0.0,0.0
SCHOOL_403,0,0,0,0,0,0,0,0,0,0,1,6363000.0,-18.258421,17.967693,0.0,0.0,0.0,NA,0.0,0.0
SCHOOL_404,0,0,0,0,0,0,0,0,0,0,1,748700.0,-18.249939,16.659323,0.0,0.0,0.0,NA,0.0,0.0
SCHOOL_405,0,0,0,0,0,0,0,0,0,0,1,840000.0,-18.241580999999996,16.729022,0.0,0.0,0.0,NA,0.0,0.0
SCHOOL_406,0,0,0,0,0,0,0,0,0,0,1,1216900.0,-18.29222,16.21639,0.0,0.0,0.0,NA,0.0,0.0
SCHOOL_407,0,0,0,0,0,0,0,0,0,0,1,1175900.0,-18.291862000000002,16.3745,0.0,0.0,0.0,NA,0.0,0.0
SCHOOL_408,0,0,0,0,0,0,0,0,0,0,1,1797400.0,-18.288845000000006,16.147829,0.0,0.0,0.0,NA,0.0,0.0
SCHOOL_409,0,0,0,0,0,0,0,0,0,0,1,2633000.0,-18.28023,16.32118,0.0,0.0,0.0,NA,0.0,0.0
SCHOOL_410,0,0,0,0,0,0,0,0,0,0,1,840000.0,-18.277848000000002,16.426144,0.0,0.0,0.0,NA,0.0,0.0
SCHOOL_411,0,0,0,0,0,0,0,0,0,0,1,4114100.0000000005,-18.253196000000003,16.233492,0.0,0.0,0.0,NA,0.0,0.0
SCHOOL_412,0,0,0,0,0,0,0,0,0,0,2,15328900.0,-18.249689,16.433805,0.0,0.0,0.0,NA,0.0,0.0
SCHOOL_413,0,0,0,0,0,0,0,0,0,0,1,2545100.0,-18.247252000000003,16.357567,0.0,0.0,0.0,NA,0.0,0.0
SCHOOL_414,0,0,0,0,0,0,0,0,0,0,2,4146100.0000000005,-18.243975000000002,16.238073,0.0,0.0,0.0,NA,0.0,0.0
SCHOOL_415,0,0,0,0,0,0,0,0,0,0,1,1718800.0,-18.243311,16.547049,0.0,0.0,0.0,NA,0.0,0.0
SCHOOL_416,0,0,0,0,0,0,0,0,0,0,1,2512100.0,-18.241979,16.24027,0.0,0.0,0.0,NA,0.0,0.0
SCHOOL_417,0,0,0,0,0,0,0,0,0,0,2,4462500.0,-18.240938,16.166122,0.0,0.0,0.0,NA,0.0,0.0
SCHOOL_418,0,0,0,0,0,0,0,0,0,0,2,3583300.0,-18.240909999999996,16.31565,0.0,0.0,0.0,NA,0.0,0.0
SCHOOL_419,0,0,0,0,0,0,0,0,0,0,2,8298600.0,-18.224428000000003,16.408877,0.0,0.0,0.0,NA,0.0,0.0
SCHOOL_420,0,0,0,0,0,0,0,0,0,0,1,2385100.0,-18.212302999999995,16.117968,0.0,0.0,0.0,NA,0.0,0.0
SCHOOL_421,0,0,0,0,0,0,0,0,0,0,1,1671100.0,-18.205379999999998,16.509857,0.0,0.0,0.0,NA,0.0,0.0
SCHOOL_422,0,0,0,0,0,0,0,0,0,0,2,1680000.0,-18.203628000000002,16.453566,0.0,0.0,0.0,NA,0.0,0.0
SCHOOL_423,0,0,0,0,0,0,0,0,0,0,1,624400.0,-18.203060000000004,16.2075,0.0,0.0,0.0,NA,0.0,0.0
SCHOOL_424,0,0,0,0,0,0,0,0,0,0,1,840000.0,-18.198693,16.235914,0.0,0.0,0.0,NA,0.0,0.0
SCHOOL_425,0,0,0,0,0,0,0,0,0,0,1,1689700.0,-18.193329999999992,16.33417,0.0,0.0,0.0,NA,0.0,0.0
SCHOOL_426,0,0,0,0,0,0,0,0,0,0,2,4129799.999999999,-18.186110000000003,16.56944,0.0,0.0,0.0,NA,0.0,0.0
SCHOOL_427,0,0,0,0,0,0,0,0,0,0,1,840000.0,-18.186089999999997,16.287983,0.0,0.0,0.0,NA,0.0,0.0
SCHOOL_428,0,0,0,0,0,0,0,0,0,0,2,2116400.0,-18.17821199999999,16.097305,0.0,0.0,0.0,NA,0.0,0.0
SCHOOL_429,0,0,0,0,0,0,0,0,0,0,1,4691600.0,-18.22639,16.73861,0.0,0.0,0.0,NA,0.0,0.0
SCHOOL_430,0,0,0,0,0,0,0,0,0,0,1,840000.0,-18.225830000000002,18.13682,0.0,0.0,0.0,NA,0.0,0.0
SCHOOL_431,0,0,0,0,0,0,0,0,0,0,1,2666300.0,-18.21848,17.00179,0.0,0.0,0.0,NA,0.0,0.0
SCHOOL_432,0,0,0,0,0,0,0,0,0,0,1,840000.0,-18.207972,17.898056,0.0,0.0,0.0,NA,0.0,0.0
SCHOOL_433,0,0,0,0,0,0,0,0,0,0,1,840000.0,-18.199774,17.356981,0.0,0.0,0.0,NA,0.0,0.0
SCHOOL_434,0,0,0,0,0,0,0,0,0,0,2,2923899.9999999995,-18.192849,16.645518,0.0,0.0,0.0,NA,0.0,0.0
SCHOOL_435,0,0,0,0,0,0,0,0,0,0,1,2387800.0,-18.177247999999995,17.204996,0.0,0.0,0.0,NA,0.0,0.0
SCHOOL_436,0,0,0,0,0,0,0,0,0,0,1,837400.0,-18.16583,18.33617,0.0,0.0,0.0,NA,0.0,0.0
SCHOOL_437,0,0,0,0,0,0,0,0,0,0,2,8086500.0,-18.137985,16.722762,0.0,0.0,0.0,NA,0.0,0.0
SCHOOL_438,0,0,0,0,0,0,0,0,0,0,2,14876000.0,-18.791176,18.932902,0.0,0.0,0.0,NA,0.0,0.0
SCHOOL_439,0,0,0,0,0,0,0,0,0,0,2,3008100.0,-18.733664999999995,18.58763,0.0,0.0,0.0,NA,0.0,0.0
SCHOOL_440,0,0,0,0,0,0,0,0,0,0,1,840000.0,-18.65554,19.0621,0.0,0.0,0.0,NA,0.0,0.0
SCHOOL_441,0,0,0,0,0,0,0,0,0,0,1,1517300.0,-18.578483000000002,19.132553,0.0,0.0,0.0,NA,0.0,0.0
SCHOOL_442,0,0,0,0,0,0,0,0,0,0,1,859700.0,-18.571828,19.069854,0.0,0.0,0.0,NA,0.0,0.0
SCHOOL_443,0,0,0,0,0,0,0,0,0,0,1,3359600.0,-18.532187000000004,19.179895,0.0,0.0,0.0,NA,0.0,0.0
SCHOOL_444,0,0,0,0,0,0,0,0,0,0,1,2652600.0,-18.433844,19.26586,0.0,0.0,0.0,NA,0.0,0.0
SCHOOL_445,0,0,0,0,0,0,0,0,0,0,1,840000.0,-18.418545999999996,19.145852,0.0,0.0,0.0,NA,0.0,0.0
SCHOOL_446,0,0,0,0,0,0,0,0,0,0,1,840000.0,-18.46431,19.36033,0.0,0.0,0.0,NA,0.0,0.0
SCHOOL_447,0,0,0,0,0,0,0,0,0,0,1,840000.0,-18.449901,19.441259,0.0,0.0,0.0,NA,0.0,0.0
SCHOOL_448,0,0,0,0,0,0,0,0,0,0,1,840000.0,-18.4325,19.766110000000005,0.0,0.0,0.0,NA,0.0,0.0
SCHOOL_449,0,0,0,0,0,0,0,0,0,0,1,1882700.0,-18.372476,19.828813,0.0,0.0,0.0,NA,0.0,0.0
SCHOOL_450,0,0,0,0,0,0,0,0,0,0,1,1008000.0,-18.354720000000004,19.95889,0.0,0.0,0.0,NA,0.0,0.0
SCHOOL_451,0,0,0,0,0,0,0,0,0,0,1,840000.0,-18.32972199999999,20.621667,0.0,0.0,0.0,NA,0.0,0.0
SCHOOL_452,0,0,0,0,0,0,0,0,0,0,1,2415200.0,-18.32482,19.367911,0.0,0.0,0.0,NA,0.0,0.0
SCHOOL_453,0,0,0,0,0,0,0,0,0,0,1,878300.0,-18.287222,20.694444,0.0,0.0,0.0,NA,0.0,0.0
SCHOOL_454,0,0,0,0,0,0,0,0,0,0,1,1975000.0,-18.276856999999996,19.408893,0.0,0.0,0.0,NA,0.0,0.0
SCHOOL_455,0,0,0,0,0,0,0,0,0,0,1,840000.0,-18.270832999999996,20.615556,0.0,0.0,0.0,NA,0.0,0.0
SCHOOL_456,0,0,0,0,0,0,0,0,0,0,1,1217500.0,-18.406816,19.046607,0.0,0.0,0.0,NA,0.0,0.0
SCHOOL_457,0,0,0,0,0,0,0,0,0,0,1,840000.0,-18.383649999999996,19.17565,0.0,0.0,0.0,NA,0.0,0.0
SCHOOL_458,0,0,0,0,0,0,0,0,0,0,1,1015900.0,-18.378600000000002,19.316504,0.0,0.0,0.0,NA,0.0,0.0
SCHOOL_459,0,0,0,0,0,0,0,0,0,0,1,840000.0,-18.370364000000002,19.106521,0.0,0.0,0.0,NA,0.0,0.0
SCHOOL_460,0,0,0,0,0,0,0,0,0,0,1,840000.0,-18.318908,19.327292,0.0,0.0,0.0,NA,0.0,0.0
SCHOOL_461,0,0,0,0,0,0,0,0,0,0,1,840000.0,-18.3077,19.17323,0.0,0.0,0.0,NA,0.0,0.0
SCHOOL_462,0,0,0,0,0,0,0,0,0,0,1,840000.0,-18.283881999999995,19.289829,0.0,0.0,0.0,NA,0.0,0.0
SCHOOL_463,0,0,0,0,0,0,0,0,0,0,1,1237900.0,-18.275021,18.737912,0.0,0.0,0.0,NA,0.0,0.0
SCHOOL_464,0,0,0,0,0,0,0,0,0,0,1,840000.0,-18.255791999999996,19.31824,0.0,0.0,0.0,NA,0.0,0.0
SCHOOL_465,0,0,0,0,0,0,0,0,0,0,1,604600.0,-18.242089000000004,19.218433,0.0,0.0,0.0,NA,0.0,0.0
SCHOOL_466,0,0,0,0,0,0,0,0,0,0,1,952100.0,-18.266389999999998,20.07611,0.0,0.0,0.0,NA,0.0,0.0
SCHOOL_467,0,0,0,0,0,0,0,0,0,0,1,771000.0,-18.242712,19.992015,0.0,0.0,0.0,NA,0.0,0.0
SCHOOL_468,0,0,0,0,0,0,0,0,0,0,1,1192400.0,-18.226344,19.742869,0.0,0.0,0.0,NA,0.0,0.0
SCHOOL_469,0,0,0,0,0,0,0,0,0,0,1,885400.0,-18.215833,20.322222,0.0,0.0,0.0,NA,0.0,0.0
SCHOOL_470,0,0,0,0,0,0,0,0,0,0,1,843400.0,-18.199721999999998,20.229167,0.0,0.0,0.0,NA,0.0,0.0
SCHOOL_471,0,0,0,0,0,0,0,0,0,0,2,15022300.0,-18.197692,19.479912,0.0,0.0,0.0,NA,0.0,0.0
SCHOOL_472,0,0,0,0,0,0,0,0,0,0,1,840000.0,-18.196943999999995,20.692778,0.0,0.0,0.0,NA,0.0,0.0
SCHOOL_473,0,0,0,0,0,0,0,0,0,0,1,840000.0,-18.193611,20.112222,0.0,0.0,0.0,NA,0.0,0.0
SCHOOL_474,0,0,0,0,0,0,0,0,0,0,1,840000.0,-18.192736000000004,19.865239,0.0,0.0,0.0,NA,0.0,0.0
SCHOOL_475,0,0,0,0,0,0,0,0,0,0,1,840000.0,-18.238888999999997,20.875832999999997,0.0,0.0,0.0,NA,0.0,0.0
SCHOOL_476,0,0,0,0,0,0,0,0,0,0,1,840000.0,-18.236389,21.171111,0.0,0.0,0.0,NA,0.0,0.0
SCHOOL_477,0,0,0,0,0,0,0,0,0,0,1,840000.0,-18.219167000000002,20.854721999999995,0.0,0.0,0.0,NA,0.0,0.0
SCHOOL_478,0,0,0,0,0,0,0,0,0,0,1,840000.0,-18.218889,20.941944,0.0,0.0,0.0,NA,0.0,0.0
SCHOOL_479,0,0,0,0,0,0,0,0,0,0,1,840000.0,-18.217778,21.355278,0.0,0.0,0.0,NA,0.0,0.0
SCHOOL_480,0,0,0,0,0,0,0,0,0,0,2,3438899.9999999995,-18.206943999999996,20.989167,0.0,0.0,0.0,NA,0.0,0.0
SCHOOL_481,0,0,0,0,0,0,0,0,0,0,1,840000.0,-18.201389000000002,20.774167000000002,0.0,0.0,0.0,NA,0.0,0.0
SCHOOL_482,0,0,0,0,0,0,0,0,0,0,1,840000.0,-18.197777999999996,21.130277999999997,0.0,0.0,0.0,NA,0.0,0.0
SCHOOL_483,0,0,0,0,0,0,0,0,0,0,1,840000.0,-18.185833,21.075833000000003,0.0,0.0,0.0,NA,0.0,0.0
SCHOOL_484,0,0,0,0,0,0,0,0,0,0,1,840000.0,-18.246944000000003,21.518332999999995,0.0,0.0,0.0,NA,0.0,0.0
SCHOOL_485,0,0,0,0,0,0,0,0,0,0,1,840000.0,-18.195150000000005,21.44443,0.0,0.0,0.0,NA,0.0,0.0
SCHOOL_486,0,0,0,0,0,0,0,0,0,0,1,840000.0,-18.171944,21.601667,0.0,0.0,0.0,NA,0.0,0.0
SCHOOL_487,0,0,0,0,0,0,0,0,0,0,1,2110800.0,-18.146389999999997,21.673609999999996,0.0,0.0,0.0,NA,0.0,0.0
SCHOOL_488,0,0,0,0,0,0,0,0,0,0,1,698500.0,-18.137334,21.537337,0.0,0.0,0.0,NA,0.0,0.0
SCHOOL_489,0,0,0,0,0,0,0,0,0,0,1,840000.0,-18.128888999999997,21.428333,0.0,0.0,0.0,NA,0.0,0.0
SCHOOL_490,0,0,0,0,0,0,0,0,0,0,1,4755000.0,-18.124166999999996,21.568056,0.0,0.0,0.0,NA,0.0,0.0
SCHOOL_491,0,0,0,0,0,0,0,0,0,0,2,8765800.0,-18.111389999999997,21.61722,0.0,0.0,0.0,NA,0.0,0.0
SCHOOL_492,0,0,0,0,0,0,0,0,0,0,1,840000.0,-18.184166999999995,20.863611,0.0,0.0,0.0,NA,0.0,0.0
SCHOOL_493,0,0,0,0,0,0,0,0,0,0,1,840000.0,-18.175019999999996,21.15724,0.0,0.0,0.0,NA,0.0,0.0
SCHOOL_494,0,0,0,0,0,0,0,0,0,0,1,840000.0,-18.161120000000004,21.38933,0.0,0.0,0.0,NA,0.0,0.0
SCHOOL_495,0,0,0,0,0,0,0,0,0,0,1,840000.0,-18.15972199999999,21.34333,0.0,0.0,0.0,NA,0.0,0.0
SCHOOL_496,0,0,0,0,0,0,0,0,0,0,1,840000.0,-18.148333,21.311389,0.0,0.0,0.0,NA,0.0,0.0
SCHOOL_497,0,0,0,0,0,0,0,0,0,0,1,840000.0,-18.14194399999999,20.971388999999995,0.0,0.0,0.0,NA,0.0,0.0
SCHOOL_498,0,0,0,0,0,0,0,0,0,0,1,840000.0,-18.136389,20.895832999999996,0.0,0.0,0.0,NA,0.0,0.0
SCHOOL_499,0,0,0,0,0,0,0,0,0,0,1,766000.0,-18.1311111,21.106666999999998,0.0,0.0,0.0,NA,0.0,0.0
SCHOOL_500,0,0,0,0,0,0,0,0,0,0,1,840000.0,-18.127221999999996,21.025833,0.0,0.0,0.0,NA,0.0,0.0
SCHOOL_501,0,0,0,0,0,0,0,0,0,0,1,840000.0,-18.11205,21.39258,0.0,0.0,0.0,NA,0.0,0.0
SCHOOL_502,0,0,0,0,0,0,0,0,0,0,1,840000.0,-18.188610999999998,20.188889,0.0,0.0,0.0,NA,0.0,0.0
SCHOOL_503,0,0,0,0,0,0,0,0,0,0,1,816700.0,-18.186997999999996,19.383186,0.0,0.0,0.0,NA,0.0,0.0
SCHOOL_504,0,0,0,0,0,0,0,0,0,0,1,617300.0,-18.15488300000001,19.518932,0.0,0.0,0.0,NA,0.0,0.0
SCHOOL_505,0,0,0,0,0,0,0,0,0,0,1,1171000.0,-18.149976000000002,19.768269,0.0,0.0,0.0,NA,0.0,0.0
SCHOOL_506,0,0,0,0,0,0,0,0,0,0,1,840000.0,-18.145278000000005,20.640556,0.0,0.0,0.0,NA,0.0,0.0
SCHOOL_507,0,0,0,0,0,0,0,0,0,0,1,1097000.0,-18.139559999999996,20.29953,0.0,0.0,0.0,NA,0.0,0.0
SCHOOL_508,0,0,0,0,0,0,0,0,0,0,1,1013900.0,-18.1312254,20.368714,0.0,0.0,0.0,NA,0.0,0.0
SCHOOL_509,0,0,0,0,0,0,0,0,0,0,1,1282400.0,-18.127999999999997,19.90967,0.0,0.0,0.0,NA,0.0,0.0
SCHOOL_510,0,0,0,0,0,0,0,0,0,0,1,2150600.0,-18.118060000000003,19.551389999999998,0.0,0.0,0.0,NA,0.0,0.0
SCHOOL_511,0,0,0,0,0,0,0,0,0,0,1,1783400.0,-18.099800999999996,19.760625,0.0,0.0,0.0,NA,0.0,0.0
SCHOOL_512,0,0,0,0,0,0,0,0,0,0,1,3977600.0,-18.103821,21.550235,0.0,0.0,0.0,NA,0.0,0.0
SCHOOL_513,0,0,0,0,0,0,0,0,0,0,2,5395900.0,-18.099167,21.541389,0.0,0.0,0.0,NA,0.0,0.0
SCHOOL_514,0,0,0,0,0,0,0,0,0,0,2,4875000.0,-18.09556,21.56639,0.0,0.0,0.0,NA,0.0,0.0
SCHOOL_515,0,0,0,0,0,0,0,0,0,0,1,1019900.0,-18.091388999999996,21.602778,0.0,0.0,0.0,NA,0.0,0.0
SCHOOL_516,0,0,0,0,0,0,0,0,0,0,1,1951000.0,-18.090190000000003,21.5015,0.0,0.0,0.0,NA,0.0,0.0
SCHOOL_517,0,0,0,0,0,0,0,0,0,0,1,1902000.0,-18.083329999999997,21.470560000000003,0.0,0.0,0.0,NA,0.0,0.0
SCHOOL_518,0,0,0,0,0,0,0,0,0,0,2,11571300.0,-18.057500000000005,21.440278,0.0,0.0,0.0,NA,0.0,0.0
SCHOOL_519,0,0,0,0,0,0,0,0,0,0,2,14616000.0,-18.176940000000002,16.37028,0.0,0.0,0.0,NA,0.0,0.0
SCHOOL_520,0,0,0,0,0,0,0,0,0,0,1,840000.0,-18.174119000000008,16.423456,0.0,0.0,0.0,NA,0.0,0.0
SCHOOL_521,0,0,0,0,0,0,0,0,0,0,2,13247000.0,-18.17410599999999,16.255146,0.0,0.0,0.0,NA,0.0,0.0
SCHOOL_522,0,0,0,0,0,0,0,0,0,0,2,2449400.0,-18.170921999999994,16.167326,0.0,0.0,0.0,NA,0.0,0.0
SCHOOL_523,0,0,0,0,0,0,0,0,0,0,1,840000.0,-18.162627999999998,16.319595,0.0,0.0,0.0,NA,0.0,0.0
SCHOOL_524,0,0,0,0,0,0,0,0,0,0,1,3427700.0,-18.151876999999995,16.482211,0.0,0.0,0.0,NA,0.0,0.0
SCHOOL_525,0,0,0,0,0,0,0,0,0,0,1,840000.0,-18.199650000000002,18.42049,0.0,0.0,0.0,NA,0.0,0.0
SCHOOL_526,0,0,0,0,0,0,0,0,0,0,1,840000.0,-18.194947000000003,19.273746,0.0,0.0,0.0,NA,0.0,0.0
SCHOOL_527,0,0,0,0,0,0,0,0,0,0,1,840000.0,-18.184966,18.650938,0.0,0.0,0.0,NA,0.0,0.0
SCHOOL_528,0,0,0,0,0,0,0,0,0,0,1,840000.0,-18.165559999999996,19.15389,0.0,0.0,0.0,NA,0.0,0.0
SCHOOL_529,0,0,0,0,0,0,0,0,0,0,1,840000.0,-18.155680999999994,18.980503999999996,0.0,0.0,0.0,NA,0.0,0.0
SCHOOL_530,0,0,0,0,0,0,0,0,0,0,1,840000.0,-18.145746999999993,19.064697,0.0,0.0,0.0,NA,0.0,0.0
SCHOOL_531,0,0,0,0,0,0,0,0,0,0,1,840000.0,-18.107985999999997,19.313334999999995,0.0,0.0,0.0,NA,0.0,0.0
SCHOOL_532,0,0,0,0,0,0,0,0,0,0,1,840000.0,-18.100867,18.407425,0.0,0.0,0.0,NA,0.0,0.0
SCHOOL_533,0,0,0,0,0,0,0,0,0,0,1,840000.0,-18.097003999999995,19.228321,0.0,0.0,0.0,NA,0.0,0.0
SCHOOL_534,0,0,0,0,0,0,0,0,0,0,1,840000.0,-18.09306,19.12361,0.0,0.0,0.0,NA,0.0,0.0
SCHOOL_535,0,0,0,0,0,0,0,0,0,0,1,879500.0,-18.150000000000002,16.40139,0.0,0.0,0.0,NA,0.0,0.0
SCHOOL_536,0,0,0,0,0,0,0,0,0,0,1,1371400.0,-18.144921999999998,16.605232,0.0,0.0,0.0,NA,0.0,0.0
SCHOOL_537,0,0,0,0,0,0,0,0,0,0,2,7432500.0,-18.133609999999997,16.29194,0.0,0.0,0.0,NA,0.0,0.0
SCHOOL_538,0,0,0,0,0,0,0,0,0,0,1,704800.0,-18.12739,16.32703,0.0,0.0,0.0,NA,0.0,0.0
SCHOOL_539,0,0,0,0,0,0,0,0,0,0,1,2435400.0,-18.127363999999993,16.0383,0.0,0.0,0.0,NA,0.0,0.0
SCHOOL_540,0,0,0,0,0,0,0,0,0,0,2,2470300.0,-18.124704000000005,16.185271,0.0,0.0,0.0,NA,0.0,0.0
SCHOOL_541,0,0,0,0,0,0,0,0,0,0,2,1985600.0,-18.123609999999992,16.37611,0.0,0.0,0.0,NA,0.0,0.0
SCHOOL_542,0,0,0,0,0,0,0,0,0,0,1,840000.0,-18.119440000000004,16.23528,0.0,0.0,0.0,NA,0.0,0.0
SCHOOL_543,0,0,0,0,0,0,0,0,0,0,2,1680000.0,-18.118591999999996,16.239189,0.0,0.0,0.0,NA,0.0,0.0
SCHOOL_544,0,0,0,0,0,0,0,0,0,0,1,786700.0,-18.115320000000004,16.57481,0.0,0.0,0.0,NA,0.0,0.0
SCHOOL_545,0,0,0,0,0,0,0,0,0,0,1,616400.0,-18.107602,15.950181,0.0,0.0,0.0,NA,0.0,0.0
SCHOOL_546,0,0,0,0,0,0,0,0,0,0,2,4195400.0,-18.103427000000007,16.113799,0.0,0.0,0.0,NA,0.0,0.0
SCHOOL_547,0,0,0,0,0,0,0,0,0,0,1,1078600.0,-18.091405,16.172708,0.0,0.0,0.0,NA,0.0,0.0
SCHOOL_548,0,0,0,0,0,0,0,0,0,0,2,1831800.0000000002,-18.090560000000004,16.31028,0.0,0.0,0.0,NA,0.0,0.0
SCHOOL_549,0,0,0,0,0,0,0,0,0,0,1,840000.0,-18.136059999999997,17.45139,0.0,0.0,0.0,NA,0.0,0.0
SCHOOL_550,0,0,0,0,0,0,0,0,0,0,2,6568900.0,-18.111390000000007,16.81722,0.0,0.0,0.0,NA,0.0,0.0
SCHOOL_551,0,0,0,0,0,0,0,0,0,0,1,1020100.0,-18.09006,16.94503,0.0,0.0,0.0,NA,0.0,0.0
SCHOOL_552,0,0,0,0,0,0,0,0,0,0,2,4122899.9999999995,-18.079064,16.883508,0.0,0.0,0.0,NA,0.0,0.0
SCHOOL_553,0,0,0,0,0,0,0,0,0,0,2,2044000.0,-18.058118999999998,17.029936,0.0,0.0,0.0,NA,0.0,0.0
SCHOOL_554,0,0,0,0,0,0,0,0,0,0,1,5253100.0,-18.050006,16.730396,0.0,0.0,0.0,NA,0.0,0.0
SCHOOL_555,0,0,0,0,0,0,0,0,0,0,1,840000.0,-18.08752,16.61653,0.0,0.0,0.0,NA,0.0,0.0
SCHOOL_556,0,0,0,0,0,0,0,0,0,0,2,2787200.0,-18.081670000000003,16.43972,0.0,0.0,0.0,NA,0.0,0.0
SCHOOL_557,0,0,0,0,0,0,0,0,0,0,1,867800.0,-18.07583,16.06361,0.0,0.0,0.0,NA,0.0,0.0
SCHOOL_558,0,0,0,0,0,0,0,0,0,0,1,840000.0,-18.074855000000003,15.996334,0.0,0.0,0.0,NA,0.0,0.0
SCHOOL_559,0,0,0,0,0,0,0,0,0,0,2,9047400.000000002,-18.074440000000003,16.52778,0.0,0.0,0.0,NA,0.0,0.0
SCHOOL_560,0,0,0,0,0,0,0,0,0,0,1,946900.0,-18.071199999999997,15.930073999999998,0.0,0.0,0.0,NA,0.0,0.0
SCHOOL_561,0,0,0,0,0,0,0,0,0,0,1,1506800.0,-18.069439999999997,16.34139,0.0,0.0,0.0,NA,0.0,0.0
SCHOOL_562,0,0,0,0,0,0,0,0,0,0,1,840000.0,-18.06917,16.25222,0.0,0.0,0.0,NA,0.0,0.0
SCHOOL_563,0,0,0,0,0,0,0,0,0,0,1,5351600.0,-18.06722,16.24194,0.0,0.0,0.0,NA,0.0,0.0
SCHOOL_564,0,0,0,0,0,0,0,0,0,0,1,8290900.0,-18.066939999999995,16.24694,0.0,0.0,0.0,NA,0.0,0.0
SCHOOL_565,0,0,0,0,0,0,0,0,0,0,1,2136700.0,-18.065510000000003,16.38657,0.0,0.0,0.0,NA,0.0,0.0
SCHOOL_566,0,0,0,0,0,0,0,0,0,0,1,927500.0,-18.054020999999995,16.29429,0.0,0.0,0.0,NA,0.0,0.0
SCHOOL_567,0,0,0,0,0,0,0,0,0,0,1,972500.0,-18.053145000000004,16.049823,0.0,0.0,0.0,NA,0.0,0.0
SCHOOL_568,0,0,0,0,0,0,0,0,0,0,2,3034000.0,-18.052499999999995,15.858609999999999,0.0,0.0,0.0,NA,0.0,0.0
SCHOOL_569,0,0,0,0,0,0,0,0,0,0,2,1600500.0,-18.05068899999999,16.169559,0.0,0.0,0.0,NA,0.0,0.0
SCHOOL_570,0,0,0,0,0,0,0,0,0,0,1,840000.0,-18.049439999999997,15.95556,0.0,0.0,0.0,NA,0.0,0.0
SCHOOL_571,0,0,0,0,0,0,0,0,0,0,2,9396500.0,-18.041940000000004,16.00667,0.0,0.0,0.0,NA,0.0,0.0
SCHOOL_572,0,0,0,0,0,0,0,0,0,0,1,1606600.0,-18.027122000000002,16.113204,0.0,0.0,0.0,NA,0.0,0.0
SCHOOL_573,0,0,0,0,0,0,0,0,0,0,1,840000.0,-18.023930999999997,16.203507,0.0,0.0,0.0,NA,0.0,0.0
SCHOOL_574,0,0,0,0,0,0,0,0,0,0,2,2180300.0,-18.02389,16.34833,0.0,0.0,0.0,NA,0.0,0.0
SCHOOL_575,0,0,0,0,0,0,0,0,0,0,1,775200.0,-18.021799999999995,16.56529,0.0,0.0,0.0,NA,0.0,0.0
SCHOOL_576,0,0,0,0,0,0,0,0,0,0,2,2673100.0,-18.015830000000005,15.915829999999998,0.0,0.0,0.0,NA,0.0,0.0
SCHOOL_577,0,0,0,0,0,0,0,0,0,0,1,840000.0,-18.01474999999999,16.43064,0.0,0.0,0.0,NA,0.0,0.0
SCHOOL_578,0,0,0,0,0,0,0,0,0,0,2,3037400.0,-18.013037001005813,16.060255501024496,0.0,0.0,0.0,NA,0.0,0.0
SCHOOL_579,0,0,0,0,0,0,0,0,0,0,1,2173900.0,-18.011939999999996,16.48222,0.0,0.0,0.0,NA,0.0,0.0
SCHOOL_580,0,0,0,0,0,0,0,0,0,0,2,2347800.0,-18.01054,16.25964,0.0,0.0,0.0,NA,0.0,0.0
SCHOOL_581,0,0,0,0,0,0,0,0,0,0,2,4312100.0,-18.005830000000003,15.86944,0.0,0.0,0.0,NA,0.0,0.0
SCHOOL_582,0,0,0,0,0,0,0,0,0,0,1,884800.0,-18.00282,16.297591,0.0,0.0,0.0,NA,0.0,0.0
SCHOOL_583,0,0,0,0,0,0,0,0,0,0,2,12048500.0,-18.002780000000005,16.15361,0.0,0.0,0.0,NA,0.0,0.0
SCHOOL_584,0,0,0,0,0,0,0,0,0,0,2,7784900.000000001,-18.045829999999995,16.67417,0.0,0.0,0.0,NA,0.0,0.0
SCHOOL_585,0,0,0,0,0,0,0,0,0,0,1,646300.0,-18.04503,17.1651,0.0,0.0,0.0,NA,0.0,0.0
SCHOOL_586,0,0,0,0,0,0,0,0,0,0,1,840000.0,-18.027918999999997,18.119628000000002,0.0,0.0,0.0,NA,0.0,0.0
SCHOOL_587,0,0,0,0,0,0,0,0,0,0,1,840000.0,-18.026842,18.39806,0.0,0.0,0.0,NA,0.0,0.0
SCHOOL_588,0,0,0,0,0,0,0,0,0,0,1,769200.0,-18.014124999999996,16.643397000000004,0.0,0.0,0.0,NA,0.0,0.0
SCHOOL_589,0,0,0,0,0,0,0,0,0,0,1,840000.0,-17.997919999999993,16.80706,0.0,0.0,0.0,NA,0.0,0.0
SCHOOL_590,0,0,0,0,0,0,0,0,0,0,1,1381700.0,-17.993695999999996,16.932844,0.0,0.0,0.0,NA,0.0,0.0
SCHOOL_591,0,0,0,0,0,0,0,0,0,0,1,1285600.0,-17.9798,16.99692,0.0,0.0,0.0,NA,0.0,0.0
SCHOOL_592,0,0,0,0,0,0,0,0,0,0,1,1579700.0,-17.963250000000002,17.19611,0.0,0.0,0.0,NA,0.0,0.0
SCHOOL_593,0,0,0,0,0,0,0,0,0,0,1,840000.0,-18.093028,20.108881,0.0,0.0,0.0,NA,0.0,0.0
SCHOOL_594,0,0,0,0,0,0,0,0,0,0,1,840000.0,-18.074641000000003,19.361494,0.0,0.0,0.0,NA,0.0,0.0
SCHOOL_595,0,0,0,0,0,0,0,0,0,0,1,3384500.0,-18.073241999999993,19.599242,0.0,0.0,0.0,NA,0.0,0.0
SCHOOL_596,0,0,0,0,0,0,0,0,0,0,1,840000.0,-18.068059999999996,19.44,0.0,0.0,0.0,NA,0.0,0.0
SCHOOL_597,0,0,0,0,0,0,0,0,0,0,1,840000.0,-18.064477000000004,20.052094,0.0,0.0,0.0,NA,0.0,0.0
SCHOOL_598,0,0,0,0,0,0,0,0,0,0,1,751200.0,-18.051390000000005,19.875279999999997,0.0,0.0,0.0,NA,0.0,0.0
SCHOOL_599,0,0,0,0,0,0,0,0,0,0,1,840000.0,-18.049709999999997,19.57808,0.0,0.0,0.0,NA,0.0,0.0
SCHOOL_600,0,0,0,0,0,0,0,0,0,0,1,974800.0,-18.049462000000002,19.958145,0.0,0.0,0.0,NA,0.0,0.0
SCHOOL_601,0,0,0,0,0,0,0,0,0,0,1,983800.0,-18.049444,20.361944,0.0,0.0,0.0,NA,0.0,0.0
SCHOOL_602,0,0,0,0,0,0,0,0,0,0,1,1749700.0,-18.046943999999996,20.615556,0.0,0.0,0.0,NA,0.0,0.0
SCHOOL_603,0,0,0,0,0,0,0,0,0,0,1,840000.0,-18.084721999999996,21.327222,0.0,0.0,0.0,NA,0.0,0.0
SCHOOL_604,0,0,0,0,0,0,0,0,0,0,1,840000.0,-18.070090000000004,20.993388,0.0,0.0,0.0,NA,0.0,0.0
SCHOOL_605,0,0,0,0,0,0,0,0,0,0,1,840000.0,-18.055000000000003,21.390556,0.0,0.0,0.0,NA,0.0,0.0
SCHOOL_606,0,0,0,0,0,0,0,0,0,0,1,840000.0,-18.054444,21.290278,0.0,0.0,0.0,NA,0.0,0.0
SCHOOL_607,0,0,0,0,0,0,0,0,0,0,1,1642000.0,-18.053610999999997,20.77,0.0,0.0,0.0,NA,0.0,0.0
SCHOOL_608,0,0,0,0,0,0,0,0,0,0,1,840000.0,-18.051644999999994,21.111925999999997,0.0,0.0,0.0,NA,0.0,0.0
SCHOOL_609,0,0,0,0,0,0,0,0,0,0,1,840000.0,-18.041110999999994,20.807222,0.0,0.0,0.0,NA,0.0,0.0
SCHOOL_610,0,0,0,0,0,0,0,0,0,0,1,840000.0,-18.036944000000002,21.172222,0.0,0.0,0.0,NA,0.0,0.0
SCHOOL_611,0,0,0,0,0,0,0,0,0,0,1,840000.0,-18.031667,20.789722,0.0,0.0,0.0,NA,0.0,0.0
SCHOOL_612,0,0,0,0,0,0,0,0,0,0,1,620000.0,-18.088870000000004,18.83516,0.0,0.0,0.0,NA,0.0,0.0
SCHOOL_613,0,0,0,0,0,0,0,0,0,0,1,840000.0,-18.079835000000003,18.631335,0.0,0.0,0.0,NA,0.0,0.0
SCHOOL_614,0,0,0,0,0,0,0,0,0,0,1,840000.0,-18.063298999999997,18.461656,0.0,0.0,0.0,NA,0.0,0.0
SCHOOL_615,0,0,0,0,0,0,0,0,0,0,1,1096000.0,-18.06111,18.73167,0.0,0.0,0.0,NA,0.0,0.0
SCHOOL_616,0,0,0,0,0,0,0,0,0,0,1,840000.0,-18.037035,19.037027999999996,0.0,0.0,0.0,NA,0.0,0.0
SCHOOL_617,0,0,0,0,0,0,0,0,0,0,1,840000.0,-18.034413,18.966348,0.0,0.0,0.0,NA,0.0,0.0
SCHOOL_618,0,0,0,0,0,0,0,0,0,0,1,840000.0,-18.009235,19.164097,0.0,0.0,0.0,NA,0.0,0.0
SCHOOL_619,0,0,0,0,0,0,0,0,0,0,1,605600.0,-18.008889999999997,18.918330000000005,0.0,0.0,0.0,NA,0.0,0.0
SCHOOL_620,0,0,0,0,0,0,0,0,0,0,1,840000.0,-18.00638,19.31568,0.0,0.0,0.0,NA,0.0,0.0
SCHOOL_621,0,0,0,0,0,0,0,0,0,0,1,627000.0,-17.99694,18.84139,0.0,0.0,0.0,NA,0.0,0.0
SCHOOL_622,0,0,0,0,0,0,0,0,0,0,2,14619500.0,-18.045308000000006,19.756396,0.0,0.0,0.0,NA,0.0,0.0
SCHOOL_623,0,0,0,0,0,0,0,0,0,0,2,6516500.0,-18.04028,20.701389999999996,0.0,0.0,0.0,NA,0.0,0.0
SCHOOL_624,0,0,0,0,0,0,0,0,0,0,1,840000.0,-18.040279999999996,19.517779999999995,0.0,0.0,0.0,NA,0.0,0.0
SCHOOL_625,0,0,0,0,0,0,0,0,0,0,2,9361700.0,-18.028329999999997,19.655,0.0,0.0,0.0,NA,0.0,0.0
SCHOOL_626,0,0,0,0,0,0,0,0,0,0,1,840000.0,-18.021788999999995,20.056341,0.0,0.0,0.0,NA,0.0,0.0
SCHOOL_627,0,0,0,0,0,0,0,0,0,0,1,1479600.0,-18.019443999999996,20.703610999999995,0.0,0.0,0.0,NA,0.0,0.0
SCHOOL_628,0,0,0,0,0,0,0,0,0,0,1,840000.0,-18.017221999999993,20.556667,0.0,0.0,0.0,NA,0.0,0.0
SCHOOL_629,0,0,0,0,0,0,0,0,0,0,2,7422099.999999999,-18.030278,20.8872222,0.0,0.0,0.0,NA,0.0,0.0
SCHOOL_630,0,0,0,0,0,0,0,0,0,0,1,840000.0,-18.028610999999998,21.233056,0.0,0.0,0.0,NA,0.0,0.0
SCHOOL_631,0,0,0,0,0,0,0,0,0,0,1,2821700.0,-18.025556,20.774722,0.0,0.0,0.0,NA,0.0,0.0
SCHOOL_632,0,0,0,0,0,0,0,0,0,0,2,5171799.999999999,-18.018889999999995,20.730560000000004,0.0,0.0,0.0,NA,0.0,0.0
SCHOOL_633,0,0,0,0,0,0,0,0,0,0,2,5092300.0,-18.018610999999996,21.399167,0.0,0.0,0.0,NA,0.0,0.0
SCHOOL_634,0,0,0,0,0,0,0,0,0,0,1,1885000.0,-18.014722,20.911389,0.0,0.0,0.0,NA,0.0,0.0
SCHOOL_635,0,0,0,0,0,0,0,0,0,0,1,3288100.0,-18.006667000000007,21.364443999999995,0.0,0.0,0.0,NA,0.0,0.0
SCHOOL_636,0,0,0,0,0,0,0,0,0,0,1,840000.0,-18.01247999999999,19.35501,0.0,0.0,0.0,NA,0.0,0.0
SCHOOL_637,0,0,0,0,0,0,0,0,0,0,1,864000.0,-18.010500000000004,20.39567,0.0,0.0,0.0,NA,0.0,0.0
SCHOOL_638,0,0,0,0,0,0,0,0,0,0,1,2488700.0,-18.008056,20.644444,0.0,0.0,0.0,NA,0.0,0.0
SCHOOL_639,0,0,0,0,0,0,0,0,0,0,2,7488900.0,-18.00722,20.67417,0.0,0.0,0.0,NA,0.0,0.0
SCHOOL_640,0,0,0,0,0,0,0,0,0,0,2,6976700.0,-18.003056,20.617778,0.0,0.0,0.0,NA,0.0,0.0
SCHOOL_641,0,0,0,0,0,0,0,0,0,0,1,840000.0,-17.998059999999995,19.83,0.0,0.0,0.0,NA,0.0,0.0
SCHOOL_642,0,0,0,0,0,0,0,0,0,0,1,3532100.0,-17.994722000000003,20.577222,0.0,0.0,0.0,NA,0.0,0.0
SCHOOL_643,0,0,0,0,0,0,0,0,0,0,1,2408600.0,-17.994325000000003,19.746922,0.0,0.0,0.0,NA,0.0,0.0
SCHOOL_644,0,0,0,0,0,0,0,0,0,0,1,2377300.0,-18.003056,21.336944000000003,0.0,0.0,0.0,NA,0.0,0.0
SCHOOL_645,0,0,0,0,0,0,0,0,0,0,2,4939400.0,-17.999166999999996,20.9525,0.0,0.0,0.0,NA,0.0,0.0
SCHOOL_646,0,0,0,0,0,0,0,0,0,0,1,840000.0,-17.991388999999998,21.34333,0.0,0.0,0.0,NA,0.0,0.0
SCHOOL_647,0,0,0,0,0,0,0,0,0,0,1,1626200.0,-17.987778000000002,20.976389,0.0,0.0,0.0,NA,0.0,0.0
SCHOOL_648,0,0,0,0,0,0,0,0,0,0,1,882400.0,-17.985,21.08222,0.0,0.0,0.0,NA,0.0,0.0
SCHOOL_649,0,0,0,0,0,0,0,0,0,0,1,2229800.0,-17.979721999999995,21.282778,0.0,0.0,0.0,NA,0.0,0.0
SCHOOL_650,0,0,0,0,0,0,0,0,0,0,1,1392000.0,-17.974167,21.000278,0.0,0.0,0.0,NA,0.0,0.0
SCHOOL_651,0,0,0,0,0,0,0,0,0,0,1,1392200.0,-17.993332999999993,20.504167,0.0,0.0,0.0,NA,0.0,0.0
SCHOOL_652,0,0,0,0,0,0,0,0,0,0,1,840000.0,-17.988297999999993,20.322703,0.0,0.0,0.0,NA,0.0,0.0
SCHOOL_653,0,0,0,0,0,0,0,0,0,0,1,1461600.0,-17.984452000000005,19.69852,0.0,0.0,0.0,NA,0.0,0.0
SCHOOL_654,0,0,0,0,0,0,0,0,0,0,2,1680000.0,-17.98305999999999,20.53722,0.0,0.0,0.0,NA,0.0,0.0
SCHOOL_655,0,0,0,0,0,0,0,0,0,0,1,840000.0,-17.978610000000003,20.08722,0.0,0.0,0.0,NA,0.0,0.0
SCHOOL_656,0,0,0,0,0,0,0,0,0,0,1,1576200.0,-17.976854,20.460289,0.0,0.0,0.0,NA,0.0,0.0
SCHOOL_657,0,0,0,0,0,0,0,0,0,0,1,840000.0,-17.975518000000005,20.188435,0.0,0.0,0.0,NA,0.0,0.0
SCHOOL_658,0,0,0,0,0,0,0,0,0,0,1,6211300.0,-17.956790999999996,19.744439,0.0,0.0,0.0,NA,0.0,0.0
SCHOOL_659,0,0,0,0,0,0,0,0,0,0,2,8487500.0,-17.965278,21.233056000000005,0.0,0.0,0.0,NA,0.0,0.0
SCHOOL_660,0,0,0,0,0,0,0,0,0,0,2,6767400.0,-17.961388999999997,21.039166999999996,0.0,0.0,0.0,NA,0.0,0.0
SCHOOL_661,0,0,0,0,0,0,0,0,0,0,1,1223300.0,-17.961111000000002,21.063889000000003,0.0,0.0,0.0,NA,0.0,0.0
SCHOOL_662,0,0,0,0,0,0,0,0,0,0,1,1347100.0,-17.955555999999998,21.096111,0.0,0.0,0.0,NA,0.0,0.0
SCHOOL_663,0,0,0,0,0,0,0,0,0,0,2,7437000.0,-17.954720000000002,21.16194,0.0,0.0,0.0,NA,0.0,0.0
SCHOOL_664,0,0,0,0,0,0,0,0,0,0,1,1724500.0,-17.942778,21.135,0.0,0.0,0.0,NA,0.0,0.0
SCHOOL_665,0,0,0,0,0,0,0,0,0,0,1,840000.0,-17.954999999999995,19.892219999999995,0.0,0.0,0.0,NA,0.0,0.0
SCHOOL_666,0,0,0,0,0,0,0,0,0,0,1,840000.0,-17.953782,19.561133,0.0,0.0,0.0,NA,0.0,0.0
SCHOOL_667,0,0,0,0,0,0,0,0,0,0,1,840000.0,-17.95282999999999,20.288,0.0,0.0,0.0,NA,0.0,0.0
SCHOOL_668,0,0,0,0,0,0,0,0,0,0,2,12773300.000000002,-17.952499999999993,20.469444,0.0,0.0,0.0,NA,0.0,0.0
SCHOOL_669,0,0,0,0,0,0,0,0,0,0,1,1564000.0,-17.943547999999993,20.381088,0.0,0.0,0.0,NA,0.0,0.0
SCHOOL_670,0,0,0,0,0,0,0,0,0,0,1,840000.0,-17.94328999999999,19.972692,0.0,0.0,0.0,NA,0.0,0.0
SCHOOL_671,0,0,0,0,0,0,0,0,0,0,1,840000.0,-17.939170000000004,19.71028,0.0,0.0,0.0,NA,0.0,0.0
SCHOOL_672,0,0,0,0,0,0,0,0,0,0,1,840000.0,-17.932774000000002,19.422551,0.0,0.0,0.0,NA,0.0,0.0
SCHOOL_673,0,0,0,0,0,0,0,0,0,0,1,1063600.0,-17.993493000000004,16.208316,0.0,0.0,0.0,NA,0.0,0.0
SCHOOL_674,0,0,0,0,0,0,0,0,0,0,1,1609400.0,-17.98528,15.84722,0.0,0.0,0.0,NA,0.0,0.0
SCHOOL_675,0,0,0,0,0,0,0,0,0,0,3,6207500.0,-17.984148500545466,16.015626001456518,0.0,0.0,0.0,NA,0.0,0.0
SCHOOL_676,0,0,0,0,0,0,0,0,0,0,1,840000.0,-17.983622,16.531899,0.0,0.0,0.0,NA,0.0,0.0
SCHOOL_677,0,0,0,0,0,0,0,0,0,0,1,891000.0,-17.98271,15.93393,0.0,0.0,0.0,NA,0.0,0.0
SCHOOL_678,0,0,0,0,0,0,0,0,0,0,2,1680000.0,-17.980015,16.098833,0.0,0.0,0.0,NA,0.0,0.0
SCHOOL_679,0,0,0,0,0,0,0,0,0,0,2,5771400.0,-17.979819000000003,15.973801,0.0,0.0,0.0,NA,0.0,0.0
SCHOOL_680,0,0,0,0,0,0,0,0,0,0,1,840000.0,-17.977780000000003,16.34139,0.0,0.0,0.0,NA,0.0,0.0
SCHOOL_681,0,0,0,0,0,0,0,0,0,0,1,2101100.0,-17.964439999999996,15.895280000000001,0.0,0.0,0.0,NA,0.0,0.0
SCHOOL_682,0,0,0,0,0,0,0,0,0,0,4,6961000.0,-17.96,16.42,0.0,0.0,0.0,NA,0.0,0.0
SCHOOL_683,0,0,0,0,0,0,0,0,0,0,1,2918600.0,-17.959328,16.425817,0.0,0.0,0.0,NA,0.0,0.0
SCHOOL_684,0,0,0,0,0,0,0,0,0,0,1,2657400.0,-17.95778,16.23778,0.0,0.0,0.0,NA,0.0,0.0
SCHOOL_685,0,0,0,0,0,0,0,0,0,0,1,2118800.0,-17.956670000000003,16.19444,0.0,0.0,0.0,NA,0.0,0.0
SCHOOL_686,0,0,0,0,0,0,0,0,0,0,1,840000.0,-17.996165999999988,18.713682,0.0,0.0,0.0,NA,0.0,0.0
SCHOOL_687,0,0,0,0,0,0,0,0,0,0,1,840000.0,-17.985570999999997,18.782835,0.0,0.0,0.0,NA,0.0,0.0
SCHOOL_688,0,0,0,0,0,0,0,0,0,0,1,840000.0,-17.979139999999997,18.418024,0.0,0.0,0.0,NA,0.0,0.0
SCHOOL_689,0,0,0,0,0,0,0,0,0,0,1,840000.0,-17.970004000000003,18.570618,0.0,0.0,0.0,NA,0.0,0.0
SCHOOL_690,0,0,0,0,0,0,0,0,0,0,1,840000.0,-17.965591000000003,18.866897,0.0,0.0,0.0,NA,0.0,0.0
SCHOOL_691,0,0,0,0,0,0,0,0,0,0,1,840000.0,-17.94944,19.19611,0.0,0.0,0.0,NA,0.0,0.0
SCHOOL_692,0,0,0,0,0,0,0,0,0,0,1,840000.0,-17.94278,18.475,0.0,0.0,0.0,NA,0.0,0.0
SCHOOL_693,0,0,0,0,0,0,0,0,0,0,1,840000.0,-17.932261999999994,18.760926,0.0,0.0,0.0,NA,0.0,0.0
SCHOOL_694,0,0,0,0,0,0,0,0,0,0,1,840000.0,-17.930795999999997,19.063118,0.0,0.0,0.0,NA,0.0,0.0
SCHOOL_695,0,0,0,0,0,0,0,0,0,0,1,840000.0,-17.92709199999999,19.288495,0.0,0.0,0.0,NA,0.0,0.0
SCHOOL_696,0,0,0,0,0,0,0,0,0,0,2,1680000.0,-17.95528,16.04917,0.0,0.0,0.0,NA,0.0,0.0
SCHOOL_697,0,0,0,0,0,0,0,0,0,0,2,6274500.0,-17.954134,16.483724,0.0,0.0,0.0,NA,0.0,0.0
SCHOOL_698,0,0,0,0,0,0,0,0,0,0,2,5084300.0,-17.950201999999997,16.11907,0.0,0.0,0.0,NA,0.0,0.0
SCHOOL_699,0,0,0,0,0,0,0,0,0,0,1,2349100.0,-17.947567999999997,16.202126,0.0,0.0,0.0,NA,0.0,0.0
SCHOOL_700,0,0,0,0,0,0,0,0,0,0,2,4035600.0,-17.943871501158515,16.195485999245868,0.0,0.0,0.0,NA,0.0,0.0
SCHOOL_701,0,0,0,0,0,0,0,0,0,0,2,7405200.000000001,-17.942348999999997,16.278072,0.0,0.0,0.0,NA,0.0,0.0
SCHOOL_702,0,0,0,0,0,0,0,0,0,0,2,2309400.0,-17.964720000000003,15.769440000000001,0.0,0.0,0.0,NA,0.0,0.0
SCHOOL_703,0,0,0,0,0,0,0,0,0,0,1,741100.0,-17.960559999999997,15.57722,0.0,0.0,0.0,NA,0.0,0.0
SCHOOL_704,0,0,0,0,0,0,0,0,0,0,2,6576799.999999999,-17.948978999999998,15.816001999999997,0.0,0.0,0.0,NA,0.0,0.0
SCHOOL_705,0,0,0,0,0,0,0,0,0,0,1,680600.0,-17.947219999999998,15.73222,0.0,0.0,0.0,NA,0.0,0.0
SCHOOL_706,0,0,0,0,0,0,0,0,0,0,1,840000.0,-17.917379999999994,15.780345999999998,0.0,0.0,0.0,NA,0.0,0.0
SCHOOL_707,0,0,0,0,0,0,0,0,0,0,1,1579300.0,-17.911390000000004,15.483060000000002,0.0,0.0,0.0,NA,0.0,0.0
SCHOOL_708,0,0,0,0,0,0,0,0,0,0,2,1680000.0,-17.910559999999993,15.816389999999998,0.0,0.0,0.0,NA,0.0,0.0
SCHOOL_709,0,0,0,0,0,0,0,0,0,0,2,2973600.0000000005,-17.938350000000003,15.91179,0.0,0.0,0.0,NA,0.0,0.0
SCHOOL_710,0,0,0,0,0,0,0,0,0,0,2,2835100.0,-17.937779999999997,15.99778,0.0,0.0,0.0,NA,0.0,0.0
SCHOOL_711,0,0,0,0,0,0,0,0,0,0,1,840000.0,-17.933573,16.220614,0.0,0.0,0.0,NA,0.0,0.0
SCHOOL_712,0,0,0,0,0,0,0,0,0,0,1,4295800.0,-17.932220000000004,15.869169999999999,0.0,0.0,0.0,NA,0.0,0.0
SCHOOL_713,0,0,0,0,0,0,0,0,0,0,3,18204900.0,-17.930740000814108,16.026070002926613,0.0,0.0,0.0,NA,0.0,0.0
SCHOOL_714,0,0,0,0,0,0,0,0,0,0,1,725800.0,-17.931043,16.093089,0.0,0.0,0.0,NA,0.0,0.0
SCHOOL_715,0,0,0,0,0,0,0,0,0,0,2,6724700.000000001,-17.92973400037934,15.866610498395538,0.0,0.0,0.0,NA,0.0,0.0
SCHOOL_716,0,0,0,0,0,0,0,0,0,0,2,1940000.0,-17.925808999999994,16.016064,0.0,0.0,0.0,NA,0.0,0.0
SCHOOL_717,0,0,0,0,0,0,0,0,0,0,2,7796700.000000001,-17.924719999999994,16.00306,0.0,0.0,0.0,NA,0.0,0.0
SCHOOL_718,0,0,0,0,0,0,0,0,0,0,2,7609400.0,-17.921944000248004,15.960283998624432,0.0,0.0,0.0,NA,0.0,0.0
SCHOOL_719,0,0,0,0,0,0,0,0,0,0,1,3885200.0,-17.91902999999999,16.03622,0.0,0.0,0.0,NA,0.0,0.0
SCHOOL_720,0,0,0,0,0,0,0,0,0,0,1,964100.0,-17.9182,16.59288,0.0,0.0,0.0,NA,0.0,0.0
SCHOOL_721,0,0,0,0,0,0,0,0,0,0,1,1303900.0,-17.918019999999995,16.53527,0.0,0.0,0.0,NA,0.0,0.0
SCHOOL_722,0,0,0,0,0,0,0,0,0,0,1,3885200.0,-17.916929999999997,16.04013,0.0,0.0,0.0,NA,0.0,0.0
SCHOOL_723,0,0,0,0,0,0,0,0,0,0,1,1193600.0,-17.916900000000002,16.24671,0.0,0.0,0.0,NA,0.0,0.0
SCHOOL_724,0,0,0,0,0,0,0,0,0,0,1,1121600.0,-17.91139,16.124720000000003,0.0,0.0,0.0,NA,0.0,0.0
SCHOOL_725,0,0,0,0,0,0,0,0,0,0,1,9619600.0,-17.91124,15.97112,0.0,0.0,0.0,NA,0.0,0.0
SCHOOL_726,0,0,0,0,0,0,0,0,0,0,1,1869200.0,-17.911081999999997,16.314028,0.0,0.0,0.0,NA,0.0,0.0
SCHOOL_727,0,0,0,0,0,0,0,0,0,0,1,1861300.0,-17.95666,16.69331,0.0,0.0,0.0,NA,0.0,0.0
SCHOOL_728,0,0,0,0,0,0,0,0,0,0,2,12908800.0,-17.92972,16.85944,0.0,0.0,0.0,NA,0.0,0.0
SCHOOL_729,0,0,0,0,0,0,0,0,0,0,1,2611600.0,-17.900375999999998,17.019698,0.0,0.0,0.0,NA,0.0,0.0
SCHOOL_730,0,0,0,0,0,0,0,0,0,0,1,1570000.0,-17.897830000000003,17.11378,0.0,0.0,0.0,NA,0.0,0.0
SCHOOL_731,0,0,0,0,0,0,0,0,0,0,1,840000.0,-17.89727999999999,16.70325,0.0,0.0,0.0,NA,0.0,0.0
SCHOOL_732,0,0,0,0,0,0,0,0,0,0,1,840000.0,-17.890166999999998,18.283437,0.0,0.0,0.0,NA,0.0,0.0
SCHOOL_733,0,0,0,0,0,0,0,0,0,0,2,2590100.0000000005,-17.8767,16.64721,0.0,0.0,0.0,NA,0.0,0.0
SCHOOL_734,0,0,0,0,0,0,0,0,0,0,1,840000.0,-17.864532999999998,18.238847,0.0,0.0,0.0,NA,0.0,0.0
SCHOOL_735,0,0,0,0,0,0,0,0,0,0,1,7889400.0,-17.910469999999993,16.03697,0.0,0.0,0.0,NA,0.0,0.0
SCHOOL_736,0,0,0,0,0,0,0,0,0,0,1,3415300.0,-17.910279999999997,15.89944,0.0,0.0,0.0,NA,0.0,0.0
SCHOOL_737,0,0,0,0,0,0,0,0,0,0,1,1354000.0,-17.907915,16.185998,0.0,0.0,0.0,NA,0.0,0.0
SCHOOL_738,0,0,0,0,0,0,0,0,0,0,2,5296800.0,-17.90111,16.44139,0.0,0.0,0.0,NA,0.0,0.0
SCHOOL_739,0,0,0,0,0,0,0,0,0,0,2,4077700.0,-17.897562000000004,16.219187000000005,0.0,0.0,0.0,NA,0.0,0.0
SCHOOL_740,0,0,0,0,0,0,0,0,0,0,1,840000.0,-17.918171000000005,18.978981,0.0,0.0,0.0,NA,0.0,0.0
SCHOOL_741,0,0,0,0,0,0,0,0,0,0,1,840000.0,-17.917787,18.879686,0.0,0.0,0.0,NA,0.0,0.0
SCHOOL_742,0,0,0,0,0,0,0,0,0,0,1,840000.0,-17.90167,18.677219999999995,0.0,0.0,0.0,NA,0.0,0.0
SCHOOL_743,0,0,0,0,0,0,0,0,0,0,1,633400.0,-17.891669999999998,18.51361,0.0,0.0,0.0,NA,0.0,0.0
SCHOOL_744,0,0,0,0,0,0,0,0,0,0,1,694800.0,-17.89028,18.58,0.0,0.0,0.0,NA,0.0,0.0
SCHOOL_745,0,0,0,0,0,0,0,0,0,0,1,1198300.0,-17.887499999999996,18.43056,0.0,0.0,0.0,NA,0.0,0.0
SCHOOL_746,0,0,0,0,0,0,0,0,0,0,1,840000.0,-17.887442,18.627518000000002,0.0,0.0,0.0,NA,0.0,0.0
SCHOOL_747,0,0,0,0,0,0,0,0,0,0,1,1016600.0,-17.875419,18.75543,0.0,0.0,0.0,NA,0.0,0.0
SCHOOL_748,0,0,0,0,0,0,0,0,0,0,1,840000.0,-17.867473999999998,18.886407999999996,0.0,0.0,0.0,NA,0.0,0.0
SCHOOL_749,0,0,0,0,0,0,0,0,0,0,1,1069200.0,-17.863043999999995,18.837273,0.0,0.0,0.0,NA,0.0,0.0
SCHOOL_750,0,0,0,0,0,0,0,0,0,0,2,1392800.0,-17.895830000000004,16.10083,0.0,0.0,0.0,NA,0.0,0.0
SCHOOL_751,0,0,0,0,0,0,0,0,0,0,1,2989100.0,-17.890829999999998,16.04722,0.0,0.0,0.0,NA,0.0,0.0
SCHOOL_752,0,0,0,0,0,0,0,0,0,0,2,6172799.999999999,-17.89056,15.868610000000002,0.0,0.0,0.0,NA,0.0,0.0
SCHOOL_753,0,0,0,0,0,0,0,0,0,0,1,3391800.0,-17.888005999999994,16.070744,0.0,0.0,0.0,NA,0.0,0.0
SCHOOL_754,0,0,0,0,0,0,0,0,0,0,1,743000.0,-17.881110000000007,16.02889,0.0,0.0,0.0,NA,0.0,0.0
SCHOOL_755,0,0,0,0,0,0,0,0,0,0,1,8198299.999999999,-17.87944,15.91667,0.0,0.0,0.0,NA,0.0,0.0
SCHOOL_756,0,0,0,0,0,0,0,0,0,0,2,2305700.0,-17.878609999999995,16.40028,0.0,0.0,0.0,NA,0.0,0.0
SCHOOL_757,0,0,0,0,0,0,0,0,0,0,1,5308600.0,-17.87639,15.91611,0.0,0.0,0.0,NA,0.0,0.0
SCHOOL_758,0,0,0,0,0,0,0,0,0,0,3,9169700.0,-17.875615001536865,15.992520000583836,0.0,0.0,0.0,NA,0.0,0.0
SCHOOL_759,0,0,0,0,0,0,0,0,0,0,2,2598899.9999999995,-17.875260000000004,16.16178,0.0,0.0,0.0,NA,0.0,0.0
SCHOOL_760,0,0,0,0,0,0,0,0,0,0,1,1161100.0,-17.87163,16.19793,0.0,0.0,0.0,NA,0.0,0.0
SCHOOL_761,0,0,0,0,0,0,0,0,0,0,2,7602900.000000001,-17.870376999999998,15.832567,0.0,0.0,0.0,NA,0.0,0.0
SCHOOL_762,0,0,0,0,0,0,0,0,0,0,2,2193200.0,-17.880829999999996,15.63972,0.0,0.0,0.0,NA,0.0,0.0
SCHOOL_763,0,0,0,0,0,0,0,0,0,0,1,1338500.0,-17.862799999999993,15.765280000000002,0.0,0.0,0.0,NA,0.0,0.0
SCHOOL_764,0,0,0,0,0,0,0,0,0,0,2,1894600.0,-17.858880000000003,15.79007,0.0,0.0,0.0,NA,0.0,0.0
SCHOOL_765,0,0,0,0,0,0,0,0,0,0,2,1760500.0,-17.855559999999997,15.671940000000001,0.0,0.0,0.0,NA,0.0,0.0
SCHOOL_766,0,0,0,0,0,0,0,0,0,0,3,7196000.0,-17.848986500204347,15.724733500729721,0.0,0.0,0.0,NA,0.0,0.0
SCHOOL_767,0,0,0,0,0,0,0,0,0,0,2,1595200.0,-17.866229999999995,15.859899,0.0,0.0,0.0,NA,0.0,0.0
SCHOOL_768,0,0,0,0,0,0,0,0,0,0,2,3398400.0,-17.863060000000004,16.2875,0.0,0.0,0.0,NA,0.0,0.0
SCHOOL_769,0,0,0,0,0,0,0,0,0,0,2,6819600.0,-17.858889999999995,16.10611,0.0,0.0,0.0,NA,0.0,0.0
SCHOOL_770,0,0,0,0,0,0,0,0,0,0,1,1706800.0,-17.856553399999996,15.94113,0.0,0.0,0.0,NA,0.0,0.0
SCHOOL_771,0,0,0,0,0,0,0,0,0,0,1,840000.0,-17.850279999999998,16.06694,0.0,0.0,0.0,NA,0.0,0.0
SCHOOL_772,0,0,0,0,0,0,0,0,0,0,1,5877000.0,-17.848609999999997,15.90222,0.0,0.0,0.0,NA,0.0,0.0
SCHOOL_773,0,0,0,0,0,0,0,0,0,0,2,3460200.0,-17.845719999999993,16.22005,0.0,0.0,0.0,NA,0.0,0.0
SCHOOL_774,0,0,0,0,0,0,0,0,0,0,2,4438800.0,-17.841210999999998,16.525109,0.0,0.0,0.0,NA,0.0,0.0
SCHOOL_775,0,0,0,0,0,0,0,0,0,0,2,4921400.0,-17.838159999999995,15.961010000000002,0.0,0.0,0.0,NA,0.0,0.0
SCHOOL_776,0,0,0,0,0,0,0,0,0,0,1,7710000.0,-17.836721899999997,15.876506,0.0,0.0,0.0,NA,0.0,0.0
SCHOOL_777,0,0,0,0,0,0,0,0,0,0,1,6156100.0,-17.83639,15.86333,0.0,0.0,0.0,NA,0.0,0.0
SCHOOL_778,0,0,0,0,0,0,0,0,0,0,2,2775200.0,-17.835559999999994,16.17194,0.0,0.0,0.0,NA,0.0,0.0
SCHOOL_779,0,0,0,0,0,0,0,0,0,0,1,1503400.0,-17.833889999999997,16.26944,0.0,0.0,0.0,NA,0.0,0.0
SCHOOL_780,0,0,0,0,0,0,0,0,0,0,1,840000.0,-17.86433,18.1715,0.0,0.0,0.0,NA,0.0,0.0
SCHOOL_781,0,0,0,0,0,0,0,0,0,0,1,845500.0,-17.858279999999997,16.82211,0.0,0.0,0.0,NA,0.0,0.0
SCHOOL_782,0,0,0,0,0,0,0,0,0,0,1,1460900.0,-17.857930000000003,16.89634,0.0,0.0,0.0,NA,0.0,0.0
SCHOOL_783,0,0,0,0,0,0,0,0,0,0,2,1954100.0,-17.840300000000003,16.7299,0.0,0.0,0.0,NA,0.0,0.0
SCHOOL_784,0,0,0,0,0,0,0,0,0,0,1,840000.0,-17.831359,18.106434000000004,0.0,0.0,0.0,NA,0.0,0.0
SCHOOL_785,0,0,0,0,0,0,0,0,0,0,2,3116000.0,-17.8231,16.965977,0.0,0.0,0.0,NA,0.0,0.0
SCHOOL_786,0,0,0,0,0,0,0,0,0,0,1,1391000.0,-17.81611,17.12306,0.0,0.0,0.0,NA,0.0,0.0
SCHOOL_787,0,0,0,0,0,0,0,0,0,0,1,840000.0,-17.80806,18.27639,0.0,0.0,0.0,NA,0.0,0.0
SCHOOL_788,0,0,0,0,0,0,0,0,0,0,2,7512700.0,-17.836769,19.006845,0.0,0.0,0.0,NA,0.0,0.0
SCHOOL_789,0,0,0,0,0,0,0,0,0,0,1,840000.0,-17.833158,18.978862,0.0,0.0,0.0,NA,0.0,0.0
SCHOOL_790,0,0,0,0,0,0,0,0,0,0,1,1549400.0,-17.83278,19.19667,0.0,0.0,0.0,NA,0.0,0.0
SCHOOL_791,0,0,0,0,0,0,0,0,0,0,1,3248400.0,-17.826669999999993,18.9275,0.0,0.0,0.0,NA,0.0,0.0
SCHOOL_792,0,0,0,0,0,0,0,0,0,0,1,840000.0,-17.817174999999995,18.556518,0.0,0.0,0.0,NA,0.0,0.0
SCHOOL_793,0,0,0,0,0,0,0,0,0,0,2,1680000.0,-17.815984,18.886804,0.0,0.0,0.0,NA,0.0,0.0
SCHOOL_794,0,0,0,0,0,0,0,0,0,0,2,7931500.0,-17.837779999999995,15.81306,0.0,0.0,0.0,NA,0.0,0.0
SCHOOL_795,0,0,0,0,0,0,0,0,0,0,2,3493600.0,-17.83556,15.517780000000002,0.0,0.0,0.0,NA,0.0,0.0
SCHOOL_796,0,0,0,0,0,0,0,0,0,0,2,1680000.0,-17.830948000000003,15.77439,0.0,0.0,0.0,NA,0.0,0.0
SCHOOL_797,0,0,0,0,0,0,0,0,0,0,1,1539600.0,-17.821939999999994,15.749170000000001,0.0,0.0,0.0,NA,0.0,0.0
SCHOOL_798,0,0,0,0,0,0,0,0,0,0,2,3950600.0000000005,-17.817274000000005,15.439194,0.0,0.0,0.0,NA,0.0,0.0
SCHOOL_799,0,0,0,0,0,0,0,0,0,0,2,4239500.0,-17.826768999999995,16.012011000000005,0.0,0.0,0.0,NA,0.0,0.0
SCHOOL_800,0,0,0,0,0,0,0,0,0,0,2,5366300.0,-17.823889999999995,16.59306,0.0,0.0,0.0,NA,0.0,0.0
SCHOOL_801,0,0,0,0,0,0,0,0,0,0,1,1946000.0,-17.821400000000004,15.846390000000001,0.0,0.0,0.0,NA,0.0,0.0
SCHOOL_802,0,0,0,0,0,0,0,0,0,0,1,840000.0,-17.817062,15.931604000000002,0.0,0.0,0.0,NA,0.0,0.0
SCHOOL_803,0,0,0,0,0,0,0,0,0,0,1,729700.0,-17.815640999999996,16.499657,0.0,0.0,0.0,NA,0.0,0.0
SCHOOL_804,0,0,0,0,0,0,0,0,0,0,1,4222400.0,-17.81294,15.925749999999999,0.0,0.0,0.0,NA,0.0,0.0
SCHOOL_805,0,0,0,0,0,0,0,0,0,0,1,1359600.0,-17.812110999999998,16.192312,0.0,0.0,0.0,NA,0.0,0.0
SCHOOL_806,0,0,0,0,0,0,0,0,0,0,1,957600.0,-17.80971,16.139301,0.0,0.0,0.0,NA,0.0,0.0
SCHOOL_807,0,0,0,0,0,0,0,0,0,0,2,1680000.0,-17.908982999999992,15.698076,0.0,0.0,0.0,NA,0.0,0.0
SCHOOL_808,0,0,0,0,0,0,0,0,0,0,1,1679500.0,-17.907749,15.705002,0.0,0.0,0.0,NA,0.0,0.0
SCHOOL_809,0,0,0,0,0,0,0,0,0,0,2,11427599.999999998,-17.9025,15.75278,0.0,0.0,0.0,NA,0.0,0.0
SCHOOL_810,0,0,0,0,0,0,0,0,0,0,1,1060600.0,-17.898794,15.506202,0.0,0.0,0.0,NA,0.0,0.0
SCHOOL_811,0,0,0,0,0,0,0,0,0,0,1,1119500.0,-17.891346999999996,15.419292999999998,0.0,0.0,0.0,NA,0.0,0.0
SCHOOL_812,0,0,0,0,0,0,0,0,0,0,2,3066600.0,-17.891109999999994,15.55861,0.0,0.0,0.0,NA,0.0,0.0
SCHOOL_813,0,0,0,0,0,0,0,0,0,0,1,1736800.0,-17.884183999999994,15.707754999999999,0.0,0.0,0.0,NA,0.0,0.0
SCHOOL_814,0,0,0,0,0,0,0,0,0,0,1,1468100.0,-17.889570000000006,15.006891000000001,0.0,0.0,0.0,NA,0.0,0.0
SCHOOL_815,0,0,0,0,0,0,0,0,0,0,1,3249000.0,-17.887779999999996,14.957779999999998,0.0,0.0,0.0,NA,0.0,0.0
SCHOOL_816,0,0,0,0,0,0,0,0,0,0,1,1164700.0,-17.883610000000004,15.02528,0.0,0.0,0.0,NA,0.0,0.0
SCHOOL_817,0,0,0,0,0,0,0,0,0,0,1,1585300.0,-17.881272999999993,15.068462,0.0,0.0,0.0,NA,0.0,0.0
SCHOOL_818,0,0,0,0,0,0,0,0,0,0,1,2986700.0,-17.879201,15.061685,0.0,0.0,0.0,NA,0.0,0.0
SCHOOL_819,0,0,0,0,0,0,0,0,0,0,1,1854600.0,-17.87523,14.9161,0.0,0.0,0.0,NA,0.0,0.0
SCHOOL_820,0,0,0,0,0,0,0,0,0,0,1,2724000.0,-17.84895399999999,14.838053,0.0,0.0,0.0,NA,0.0,0.0
SCHOOL_821,0,0,0,0,0,0,0,0,0,0,2,4061300.0,-17.847395999999993,15.066393,0.0,0.0,0.0,NA,0.0,0.0
SCHOOL_822,0,0,0,0,0,0,0,0,0,0,2,10320400.0,-17.877385,15.187151,0.0,0.0,0.0,NA,0.0,0.0
SCHOOL_823,0,0,0,0,0,0,0,0,0,0,2,3508500.0,-17.868060000000003,15.27528,0.0,0.0,0.0,NA,0.0,0.0
SCHOOL_824,0,0,0,0,0,0,0,0,0,0,1,2977900.0,-17.862499999999997,15.217499999999998,0.0,0.0,0.0,NA,0.0,0.0
SCHOOL_825,0,0,0,0,0,0,0,0,0,0,2,1652400.0,-17.848637999999998,15.111221,0.0,0.0,0.0,NA,0.0,0.0
SCHOOL_826,0,0,0,0,0,0,0,0,0,0,1,840000.0,-17.829999999999995,15.23472,0.0,0.0,0.0,NA,0.0,0.0
SCHOOL_827,0,0,0,0,0,0,0,0,0,0,2,5750299.999999999,-17.828528999999993,15.164104000000002,0.0,0.0,0.0,NA,0.0,0.0
SCHOOL_828,0,0,0,0,0,0,0,0,0,0,1,2653400.0,-17.84306,15.07028,0.0,0.0,0.0,NA,0.0,0.0
SCHOOL_829,0,0,0,0,0,0,0,0,0,0,2,1680000.0,-17.841375000037306,14.950529999910984,0.0,0.0,0.0,NA,0.0,0.0
SCHOOL_830,0,0,0,0,0,0,0,0,0,0,2,15725500.0,-17.84111,14.90556,0.0,0.0,0.0,NA,0.0,0.0
SCHOOL_831,0,0,0,0,0,0,0,0,0,0,1,4831900.0,-17.813182999999995,14.989688,0.0,0.0,0.0,NA,0.0,0.0
SCHOOL_832,0,0,0,0,0,0,0,0,0,0,2,3243700.0,-17.808069999999994,14.814399999999997,0.0,0.0,0.0,NA,0.0,0.0
SCHOOL_833,0,0,0,0,0,0,0,0,0,0,1,840000.0,-17.805061999999996,14.917675,0.0,0.0,0.0,NA,0.0,0.0
SCHOOL_834,0,0,0,0,0,0,0,0,0,0,1,840000.0,-17.89627,15.347677,0.0,0.0,0.0,NA,0.0,0.0
SCHOOL_835,0,0,0,0,0,0,0,0,0,0,2,13104400.0,-17.86311999999999,15.362910000000001,0.0,0.0,0.0,NA,0.0,0.0
SCHOOL_836,0,0,0,0,0,0,0,0,0,0,1,840000.0,-17.815289,15.335822,0.0,0.0,0.0,NA,0.0,0.0
SCHOOL_837,0,0,0,0,0,0,0,0,0,0,2,1614600.0,-17.766389999999998,15.34806,0.0,0.0,0.0,NA,0.0,0.0
SCHOOL_838,0,0,0,0,0,0,0,0,0,0,1,622000.0,-17.714398000000003,15.351053,0.0,0.0,0.0,NA,0.0,0.0
SCHOOL_839,0,0,0,0,0,0,0,0,0,0,2,1680000.0,-17.657893,15.346134,0.0,0.0,0.0,NA,0.0,0.0
SCHOOL_840,0,0,0,0,0,0,0,0,0,0,1,691900.0,-17.802418999999997,14.916917000000002,0.0,0.0,0.0,NA,0.0,0.0
SCHOOL_841,0,0,0,0,0,0,0,0,0,0,2,2198399.9999999995,-17.801408000000002,15.040005,0.0,0.0,0.0,NA,0.0,0.0
SCHOOL_842,0,0,0,0,0,0,0,0,0,0,2,1703000.0,-17.792225,14.733966,0.0,0.0,0.0,NA,0.0,0.0
SCHOOL_843,0,0,0,0,0,0,0,0,0,0,1,1353000.0,-17.77604,14.883070000000002,0.0,0.0,0.0,NA,0.0,0.0
SCHOOL_844,0,0,0,0,0,0,0,0,0,0,1,2290300.0,-17.771843,14.758221000000002,0.0,0.0,0.0,NA,0.0,0.0
SCHOOL_845,0,0,0,0,0,0,0,0,0,0,1,840000.0,-17.770309999999995,14.80612,0.0,0.0,0.0,NA,0.0,0.0
SCHOOL_846,0,0,0,0,0,0,0,0,0,0,1,1498100.0,-17.76803,15.0083,0.0,0.0,0.0,NA,0.0,0.0
SCHOOL_847,0,0,0,0,0,0,0,0,0,0,1,1593500.0,-17.767654999999998,15.084404000000001,0.0,0.0,0.0,NA,0.0,0.0
SCHOOL_848,0,0,0,0,0,0,0,0,0,0,1,5193400.0,-17.818971,15.284752,0.0,0.0,0.0,NA,0.0,0.0
SCHOOL_849,0,0,0,0,0,0,0,0,0,0,1,1366600.0,-17.78926699999999,15.205589,0.0,0.0,0.0,NA,0.0,0.0
SCHOOL_850,0,0,0,0,0,0,0,0,0,0,2,5782400.0,-17.762581,15.252601,0.0,0.0,0.0,NA,0.0,0.0
SCHOOL_851,0,0,0,0,0,0,0,0,0,0,2,4447400.0,-17.754790000000003,15.15227,0.0,0.0,0.0,NA,0.0,0.0
SCHOOL_852,0,0,0,0,0,0,0,0,0,0,1,1426100.0,-17.727784000000003,15.177638,0.0,0.0,0.0,NA,0.0,0.0
SCHOOL_853,0,0,0,0,0,0,0,0,0,0,1,808300.0,-17.709376000000002,15.247160000000001,0.0,0.0,0.0,NA,0.0,0.0
SCHOOL_854,0,0,0,0,0,0,0,0,0,0,2,9587700.0,-17.698064,15.283465,0.0,0.0,0.0,NA,0.0,0.0
SCHOOL_855,0,0,0,0,0,0,0,0,0,0,1,1209200.0,-17.75708,15.815810000000003,0.0,0.0,0.0,NA,0.0,0.0
SCHOOL_856,0,0,0,0,0,0,0,0,0,0,1,870500.0,-17.753609999999995,15.54472,0.0,0.0,0.0,NA,0.0,0.0
SCHOOL_857,0,0,0,0,0,0,0,0,0,0,2,1680000.0,-17.750981000121328,15.650782000161872,0.0,0.0,0.0,NA,0.0,0.0
SCHOOL_858,0,0,0,0,0,0,0,0,0,0,2,2707600.0000000005,-17.74944,15.41528,0.0,0.0,0.0,NA,0.0,0.0
SCHOOL_859,0,0,0,0,0,0,0,0,0,0,1,1644100.0,-17.749229999999997,15.73918,0.0,0.0,0.0,NA,0.0,0.0
SCHOOL_860,0,0,0,0,0,0,0,0,0,0,1,2535000.0,-17.745559999999998,15.708329999999998,0.0,0.0,0.0,NA,0.0,0.0
SCHOOL_861,0,0,0,0,0,0,0,0,0,0,2,6304300.0,-17.74222,15.712779999999999,0.0,0.0,0.0,NA,0.0,0.0
SCHOOL_862,0,0,0,0,0,0,0,0,0,0,1,4340500.0,-17.758797000000005,14.69519,0.0,0.0,0.0,NA,0.0,0.0
SCHOOL_863,0,0,0,0,0,0,0,0,0,0,1,3797200.0,-17.746844000000003,14.896049,0.0,0.0,0.0,NA,0.0,0.0
SCHOOL_864,0,0,0,0,0,0,0,0,0,0,2,6419800.0,-17.744379500616127,14.886614997727861,0.0,0.0,0.0,NA,0.0,0.0
SCHOOL_865,0,0,0,0,0,0,0,0,0,0,2,3140500.0,-17.741720000000008,15.016370000000002,0.0,0.0,0.0,NA,0.0,0.0
SCHOOL_866,0,0,0,0,0,0,0,0,0,0,2,3749500.0,-17.74111,14.968890000000002,0.0,0.0,0.0,NA,0.0,0.0
SCHOOL_867,0,0,0,0,0,0,0,0,0,0,1,10232300.0,-17.737443000000003,14.897519,0.0,0.0,0.0,NA,0.0,0.0
SCHOOL_868,0,0,0,0,0,0,0,0,0,0,1,942700.0,-17.730004999999995,15.017789000000002,0.0,0.0,0.0,NA,0.0,0.0
SCHOOL_869,0,0,0,0,0,0,0,0,0,0,2,1680000.0,-17.719079999999998,14.8272,0.0,0.0,0.0,NA,0.0,0.0
SCHOOL_870,0,0,0,0,0,0,0,0,0,0,1,840000.0,-17.71571,14.66488,0.0,0.0,0.0,NA,0.0,0.0
SCHOOL_871,0,0,0,0,0,0,0,0,0,0,2,2690200.0,-17.706289,15.075963000000002,0.0,0.0,0.0,NA,0.0,0.0
SCHOOL_872,0,0,0,0,0,0,0,0,0,0,2,1903300.0,-17.705573,14.738077,0.0,0.0,0.0,NA,0.0,0.0
SCHOOL_873,0,0,0,0,0,0,0,0,0,0,1,1001300.0,-17.701400000000007,15.020560000000001,0.0,0.0,0.0,NA,0.0,0.0
SCHOOL_874,0,0,0,0,0,0,0,0,0,0,1,840000.0,-17.695300000000003,14.85355,0.0,0.0,0.0,NA,0.0,0.0
SCHOOL_875,0,0,0,0,0,0,0,0,0,0,2,8251500.0,-17.685399999999998,14.653680000000001,0.0,0.0,0.0,NA,0.0,0.0
SCHOOL_876,0,0,0,0,0,0,0,0,0,0,1,1721300.0,-17.80694,15.88222,0.0,0.0,0.0,NA,0.0,0.0
SCHOOL_877,0,0,0,0,0,0,0,0,0,0,1,10355900.0,-17.804968999999996,16.086768,0.0,0.0,0.0,NA,0.0,0.0
SCHOOL_878,0,0,0,0,0,0,0,0,0,0,1,954400.0,-17.80119,16.10402,0.0,0.0,0.0,NA,0.0,0.0
SCHOOL_879,0,0,0,0,0,0,0,0,0,0,1,1851100.0,-17.800559999999997,16.03389,0.0,0.0,0.0,NA,0.0,0.0
SCHOOL_880,0,0,0,0,0,0,0,0,0,0,1,3410000.0,-17.794954,16.072339,0.0,0.0,0.0,NA,0.0,0.0
SCHOOL_881,0,0,0,0,0,0,0,0,0,0,1,6499400.0,-17.790560000000003,16.076110000000003,0.0,0.0,0.0,NA,0.0,0.0
SCHOOL_882,0,0,0,0,0,0,0,0,0,0,1,3400000.0,-17.78694,16.07389,0.0,0.0,0.0,NA,0.0,0.0
SCHOOL_883,0,0,0,0,0,0,0,0,0,0,2,6925100.0,-17.784719999999993,16.45056,0.0,0.0,0.0,NA,0.0,0.0
SCHOOL_884,0,0,0,0,0,0,0,0,0,0,2,2274700.0,-17.784439999999996,16.39028,0.0,0.0,0.0,NA,0.0,0.0
SCHOOL_885,0,0,0,0,0,0,0,0,0,0,1,840000.0,-17.809720000000002,18.51,0.0,0.0,0.0,NA,0.0,0.0
SCHOOL_886,0,0,0,0,0,0,0,0,0,0,1,1749100.0,-17.805464999999998,18.718407,0.0,0.0,0.0,NA,0.0,0.0
SCHOOL_887,0,0,0,0,0,0,0,0,0,0,2,11388500.0,-17.804296000000004,18.596926,0.0,0.0,0.0,NA,0.0,0.0
SCHOOL_888,0,0,0,0,0,0,0,0,0,0,1,2935600.0,-17.803111000000005,18.848985,0.0,0.0,0.0,NA,0.0,0.0
SCHOOL_889,0,0,0,0,0,0,0,0,0,0,1,948400.0,-17.799438,18.424805,0.0,0.0,0.0,NA,0.0,0.0
SCHOOL_890,0,0,0,0,0,0,0,0,0,0,1,2130700.0,-17.787081,18.823888,0.0,0.0,0.0,NA,0.0,0.0
SCHOOL_891,0,0,0,0,0,0,0,0,0,0,3,15814500.0,-17.774534999999684,18.791630500062656,0.0,0.0,0.0,NA,0.0,0.0
SCHOOL_892,0,0,0,0,0,0,0,0,0,0,1,4540300.0,-17.795749999999998,15.49149,0.0,0.0,0.0,NA,0.0,0.0
SCHOOL_893,0,0,0,0,0,0,0,0,0,0,1,9846600.0,-17.794169999999994,15.77861,0.0,0.0,0.0,NA,0.0,0.0
SCHOOL_894,0,0,0,0,0,0,0,0,0,0,2,10956700.0,-17.793609999999994,15.700560000000001,0.0,0.0,0.0,NA,0.0,0.0
SCHOOL_895,0,0,0,0,0,0,0,0,0,0,3,8487800.0,-17.790692500026356,15.562708999820526,0.0,0.0,0.0,NA,0.0,0.0
SCHOOL_896,0,0,0,0,0,0,0,0,0,0,1,4156800.0,-17.790690000000005,15.641464000000001,0.0,0.0,0.0,NA,0.0,0.0
SCHOOL_897,0,0,0,0,0,0,0,0,0,0,1,2815800.0,-17.78722,15.62444,0.0,0.0,0.0,NA,0.0,0.0
SCHOOL_898,0,0,0,0,0,0,0,0,0,0,1,4248400.0,-17.78689,15.767,0.0,0.0,0.0,NA,0.0,0.0
SCHOOL_899,0,0,0,0,0,0,0,0,0,0,1,1912600.0,-17.784481,15.758909,0.0,0.0,0.0,NA,0.0,0.0
SCHOOL_900,0,0,0,0,0,0,0,0,0,0,1,4509100.0,-17.781109999999998,15.76583,0.0,0.0,0.0,NA,0.0,0.0
SCHOOL_901,0,0,0,0,0,0,0,0,0,0,1,12000000.0,-17.780830000000005,15.74222,0.0,0.0,0.0,NA,0.0,0.0
SCHOOL_902,0,0,0,0,0,0,0,0,0,0,2,14138600.0,-17.783610000000003,15.973890000000003,0.0,0.0,0.0,NA,0.0,0.0
SCHOOL_903,0,0,0,0,0,0,0,0,0,0,1,8023000.0,-17.780284999999996,15.842566000000001,0.0,0.0,0.0,NA,0.0,0.0
SCHOOL_904,0,0,0,0,0,0,0,0,0,0,1,3963400.0,-17.778060000000004,15.84303,0.0,0.0,0.0,NA,0.0,0.0
SCHOOL_905,0,0,0,0,0,0,0,0,0,0,2,3998000.0,-17.771939999999994,16.23,0.0,0.0,0.0,NA,0.0,0.0
SCHOOL_906,0,0,0,0,0,0,0,0,0,0,2,11750900.0,-17.771129,15.892474,0.0,0.0,0.0,NA,0.0,0.0
SCHOOL_907,0,0,0,0,0,0,0,0,0,0,2,2459800.0,-17.77,16.01528,0.0,0.0,0.0,NA,0.0,0.0
SCHOOL_908,0,0,0,0,0,0,0,0,0,0,1,732700.0,-17.795025999999996,18.349749,0.0,0.0,0.0,NA,0.0,0.0
SCHOOL_909,0,0,0,0,0,0,0,0,0,0,1,1296100.0,-17.789995999999995,17.431859,0.0,0.0,0.0,NA,0.0,0.0
SCHOOL_910,0,0,0,0,0,0,0,0,0,0,1,1273400.0,-17.76778,17.29944,0.0,0.0,0.0,NA,0.0,0.0
SCHOOL_911,0,0,0,0,0,0,0,0,0,0,2,3741600.0,-17.76647,16.72288,0.0,0.0,0.0,NA,0.0,0.0
SCHOOL_912,0,0,0,0,0,0,0,0,0,0,1,1514400.0,-17.763024,17.064381,0.0,0.0,0.0,NA,0.0,0.0
SCHOOL_913,0,0,0,0,0,0,0,0,0,0,1,1415500.0,-17.75528,18.21806,0.0,0.0,0.0,NA,0.0,0.0
SCHOOL_914,0,0,0,0,0,0,0,0,0,0,1,840000.0,-17.75520299999999,18.272633,0.0,0.0,0.0,NA,0.0,0.0
SCHOOL_915,0,0,0,0,0,0,0,0,0,0,2,2262000.0,-17.726061999999995,16.818097,0.0,0.0,0.0,NA,0.0,0.0
SCHOOL_916,0,0,0,0,0,0,0,0,0,0,1,603400.0,-17.768059999999995,15.94944,0.0,0.0,0.0,NA,0.0,0.0
SCHOOL_917,0,0,0,0,0,0,0,0,0,0,2,2340100.0,-17.757129999999997,16.16305,0.0,0.0,0.0,NA,0.0,0.0
SCHOOL_918,0,0,0,0,0,0,0,0,0,0,1,1523900.0,-17.756879999999995,16.04109,0.0,0.0,0.0,NA,0.0,0.0
SCHOOL_919,0,0,0,0,0,0,0,0,0,0,1,741200.0,-17.753149999999998,15.990700000000002,0.0,0.0,0.0,NA,0.0,0.0
SCHOOL_920,0,0,0,0,0,0,0,0,0,0,1,1516100.0,-17.749170000000003,16.34111,0.0,0.0,0.0,NA,0.0,0.0
SCHOOL_921,0,0,0,0,0,0,0,0,0,0,1,856300.0,-17.743610000000004,16.40972,0.0,0.0,0.0,NA,0.0,0.0
SCHOOL_922,0,0,0,0,0,0,0,0,0,0,1,1880000.0,-17.740266000000002,16.584312,0.0,0.0,0.0,NA,0.0,0.0
SCHOOL_923,0,0,0,0,0,0,0,0,0,0,2,1680000.0,-17.737629999999992,15.91776,0.0,0.0,0.0,NA,0.0,0.0
SCHOOL_924,0,0,0,0,0,0,0,0,0,0,1,1634300.0,-17.76983999999999,18.459622,0.0,0.0,0.0,NA,0.0,0.0
SCHOOL_925,0,0,0,0,0,0,0,0,0,0,1,840000.0,-17.764863999999992,18.400423,0.0,0.0,0.0,NA,0.0,0.0
SCHOOL_926,0,0,0,0,0,0,0,0,0,0,1,840000.0,-17.763923000000005,18.570589,0.0,0.0,0.0,NA,0.0,0.0
SCHOOL_927,0,0,0,0,0,0,0,0,0,0,1,2348400.0,-17.738006000000002,18.729854,0.0,0.0,0.0,NA,0.0,0.0
SCHOOL_928,0,0,0,0,0,0,0,0,0,0,1,1009700.0,-17.736109999999996,18.49639,0.0,0.0,0.0,NA,0.0,0.0
SCHOOL_929,0,0,0,0,0,0,0,0,0,0,1,4039400.0,-17.72512499999999,18.713072,0.0,0.0,0.0,NA,0.0,0.0
SCHOOL_930,0,0,0,0,0,0,0,0,0,0,1,1165400.0,-17.706322,18.687451,0.0,0.0,0.0,NA,0.0,0.0
SCHOOL_931,0,0,0,0,0,0,0,0,0,0,1,2377200.0,-17.929721999999998,19.873056,0.0,0.0,0.0,NA,0.0,0.0
SCHOOL_932,0,0,0,0,0,0,0,0,0,0,1,1682300.0,-17.92,20.43383,0.0,0.0,0.0,NA,0.0,0.0
SCHOOL_933,0,0,0,0,0,0,0,0,0,0,2,4584700.0,-17.919856,19.684944999999995,0.0,0.0,0.0,NA,0.0,0.0
SCHOOL_934,0,0,0,0,0,0,0,0,0,0,2,1680000.0,-17.919721999999993,19.941389,0.0,0.0,0.0,NA,0.0,0.0
SCHOOL_935,0,0,0,0,0,0,0,0,0,0,3,36000000.0,-17.917499000603883,19.725416499402257,0.0,0.0,0.0,NA,0.0,0.0
SCHOOL_936,0,0,0,0,0,0,0,0,0,0,2,9807300.0,-17.91611,19.83306,0.0,0.0,0.0,NA,0.0,0.0
SCHOOL_937,0,0,0,0,0,0,0,0,0,0,2,11536800.0,-17.912578499978586,20.030360500110383,0.0,0.0,0.0,NA,0.0,0.0
SCHOOL_938,0,0,0,0,0,0,0,0,0,0,1,1594700.0,-17.912541000000008,20.086394,0.0,0.0,0.0,NA,0.0,0.0
SCHOOL_939,0,0,0,0,0,0,0,0,0,0,1,3869200.0,-17.91222,19.98806,0.0,0.0,0.0,NA,0.0,0.0
SCHOOL_940,0,0,0,0,0,0,0,0,0,0,1,2105600.0,-17.909153,20.062861,0.0,0.0,0.0,NA,0.0,0.0
SCHOOL_941,0,0,0,0,0,0,0,0,0,0,1,840000.0,-17.90695999999999,20.032619999999998,0.0,0.0,0.0,NA,0.0,0.0
SCHOOL_942,0,0,0,0,0,0,0,0,0,0,2,4578400.0,-17.905559999999998,20.13778,0.0,0.0,0.0,NA,0.0,0.0
SCHOOL_943,0,0,0,0,0,0,0,0,0,0,2,5984700.0,-17.905398999999996,20.395774,0.0,0.0,0.0,NA,0.0,0.0
SCHOOL_944,0,0,0,0,0,0,0,0,0,0,2,8289700.000000001,-17.903097,19.704541999999996,0.0,0.0,0.0,NA,0.0,0.0
SCHOOL_945,0,0,0,0,0,0,0,0,0,0,1,2307800.0,-17.898713000000008,20.357431,0.0,0.0,0.0,NA,0.0,0.0
SCHOOL_946,0,0,0,0,0,0,0,0,0,0,2,1680000.0,-17.89870599999999,20.360601,0.0,0.0,0.0,NA,0.0,0.0
SCHOOL_947,0,0,0,0,0,0,0,0,0,0,1,2488300.0,-17.895830000000004,19.69861,0.0,0.0,0.0,NA,0.0,0.0
SCHOOL_948,0,0,0,0,0,0,0,0,0,0,1,4948400.0,-17.895559999999996,19.90278,0.0,0.0,0.0,NA,0.0,0.0
SCHOOL_949,0,0,0,0,0,0,0,0,0,0,1,2201500.0,-17.895559999999996,20.172220000000003,0.0,0.0,0.0,NA,0.0,0.0
SCHOOL_950,0,0,0,0,0,0,0,0,0,0,3,12111400.0,-17.894305502624995,19.878749999867477,0.0,0.0,0.0,NA,0.0,0.0
SCHOOL_951,0,0,0,0,0,0,0,0,0,0,1,1393600.0,-17.893056000000005,19.849444,0.0,0.0,0.0,NA,0.0,0.0
SCHOOL_952,0,0,0,0,0,0,0,0,0,0,2,8512500.0,-17.892785999999997,20.25651,0.0,0.0,0.0,NA,0.0,0.0
SCHOOL_953,0,0,0,0,0,0,0,0,0,0,2,11124900.0,-17.888396000000004,19.629936,0.0,0.0,0.0,NA,0.0,0.0
SCHOOL_954,0,0,0,0,0,0,0,0,0,0,1,2021300.0,-17.88833299999999,19.953611,0.0,0.0,0.0,NA,0.0,0.0
SCHOOL_955,0,0,0,0,0,0,0,0,0,0,1,3778600.0,-17.88694,19.57056,0.0,0.0,0.0,NA,0.0,0.0
SCHOOL_956,0,0,0,0,0,0,0,0,0,0,1,3198200.0,-17.886669999999995,20.31167,0.0,0.0,0.0,NA,0.0,0.0
SCHOOL_957,0,0,0,0,0,0,0,0,0,0,1,2854600.0,-17.885516999999997,19.499388,0.0,0.0,0.0,NA,0.0,0.0
SCHOOL_958,0,0,0,0,0,0,0,0,0,0,1,840000.0,-17.883813999999997,19.434625000000004,0.0,0.0,0.0,NA,0.0,0.0
SCHOOL_959,0,0,0,0,0,0,0,0,0,0,1,4217400.0,-17.880057,19.666057,0.0,0.0,0.0,NA,0.0,0.0
SCHOOL_960,0,0,0,0,0,0,0,0,0,0,2,7346799.999999999,-17.876175999999997,19.535875,0.0,0.0,0.0,NA,0.0,0.0
SCHOOL_961,0,0,0,0,0,0,0,0,0,0,1,2110000.0,-17.875478,19.502807999999998,0.0,0.0,0.0,NA,0.0,0.0
SCHOOL_962,0,0,0,0,0,0,0,0,0,0,1,840000.0,-17.871217,19.487392,0.0,0.0,0.0,NA,0.0,0.0
SCHOOL_963,0,0,0,0,0,0,0,0,0,0,2,6567799.999999999,-17.867220000000003,19.36333,0.0,0.0,0.0,NA,0.0,0.0
SCHOOL_964,0,0,0,0,0,0,0,0,0,0,1,840000.0,-17.863909999999997,19.624559,0.0,0.0,0.0,NA,0.0,0.0
SCHOOL_965,0,0,0,0,0,0,0,0,0,0,1,2789200.0,-17.861937000000008,19.327498,0.0,0.0,0.0,NA,0.0,0.0
SCHOOL_966,0,0,0,0,0,0,0,0,0,0,1,1351800.0,-17.858609999999995,19.15972,0.0,0.0,0.0,NA,0.0,0.0
SCHOOL_967,0,0,0,0,0,0,0,0,0,0,2,4621800.0,-17.851867,19.295708,0.0,0.0,0.0,NA,0.0,0.0
SCHOOL_968,0,0,0,0,0,0,0,0,0,0,1,840000.0,-17.851389999999995,18.78306,0.0,0.0,0.0,NA,0.0,0.0
SCHOOL_969,0,0,0,0,0,0,0,0,0,0,2,12162700.0,-17.848007,19.250698,0.0,0.0,0.0,NA,0.0,0.0
SCHOOL_970,0,0,0,0,0,0,0,0,0,0,1,6115000.0,-17.8425,19.13028,0.0,0.0,0.0,NA,0.0,0.0
SCHOOL_971,0,0,0,0,0,0,0,0,0,0,1,840000.0,-17.839654,19.039176999999995,0.0,0.0,0.0,NA,0.0,0.0
SCHOOL_972,0,0,0,0,0,0,0,0,0,0,1,1589900.0,-18.029999999999998,22.193889999999996,0.0,0.0,0.0,NA,0.0,0.0
SCHOOL_973,0,0,0,0,0,0,0,0,0,0,1,2201900.0,-18.029444000000005,21.419167,0.0,0.0,0.0,NA,0.0,0.0
SCHOOL_974,0,0,0,0,0,0,0,0,0,0,1,1384300.0,-17.95109,22.558070000000004,0.0,0.0,0.0,NA,0.0,0.0
SCHOOL_975,0,0,0,0,0,0,0,0,0,0,2,2646400.0,-17.851388999999998,22.913332999999998,0.0,0.0,0.0,NA,0.0,0.0
SCHOOL_976,0,0,0,0,0,0,0,0,0,0,1,840000.0,-17.847778000000005,22.985556,0.0,0.0,0.0,NA,0.0,0.0
SCHOOL_977,0,0,0,0,0,0,0,0,0,0,2,3469399.9999999995,-17.737499999999994,16.29528,0.0,0.0,0.0,NA,0.0,0.0
SCHOOL_978,0,0,0,0,0,0,0,0,0,0,1,5183500.0,-17.72969,15.83937,0.0,0.0,0.0,NA,0.0,0.0
SCHOOL_979,0,0,0,0,0,0,0,0,0,0,2,1680000.0,-17.725279999999994,16.06667,0.0,0.0,0.0,NA,0.0,0.0
SCHOOL_980,0,0,0,0,0,0,0,0,0,0,1,1105800.0,-17.722745000000007,16.023732000000003,0.0,0.0,0.0,NA,0.0,0.0
SCHOOL_981,0,0,0,0,0,0,0,0,0,0,2,1680000.0,-17.721927,15.88043,0.0,0.0,0.0,NA,0.0,0.0
SCHOOL_982,0,0,0,0,0,0,0,0,0,0,2,14430700.0,-17.720829999999996,16.23056,0.0,0.0,0.0,NA,0.0,0.0
SCHOOL_983,0,0,0,0,0,0,0,0,0,0,1,840000.0,-17.733679000000006,15.785513,0.0,0.0,0.0,NA,0.0,0.0
SCHOOL_984,0,0,0,0,0,0,0,0,0,0,1,659500.0,-17.732779999999998,15.501389999999999,0.0,0.0,0.0,NA,0.0,0.0
SCHOOL_985,0,0,0,0,0,0,0,0,0,0,2,1526500.0,-17.72971999999999,15.58417,0.0,0.0,0.0,NA,0.0,0.0
SCHOOL_986,0,0,0,0,0,0,0,0,0,0,1,5082500.0,-17.72722,15.49889,0.0,0.0,0.0,NA,0.0,0.0
SCHOOL_987,0,0,0,0,0,0,0,0,0,0,1,3061800.0,-17.724734999999992,15.497808,0.0,0.0,0.0,NA,0.0,0.0
SCHOOL_988,0,0,0,0,0,0,0,0,0,0,2,1953100.0000000002,-17.718889999999995,15.627779999999998,0.0,0.0,0.0,NA,0.0,0.0
SCHOOL_989,0,0,0,0,0,0,0,0,0,0,2,1680000.0,-17.712389999999996,15.529311,0.0,0.0,0.0,NA,0.0,0.0
SCHOOL_990,0,0,0,0,0,0,0,0,0,0,1,840000.0,-17.725558999999997,18.356265,0.0,0.0,0.0,NA,0.0,0.0
SCHOOL_991,0,0,0,0,0,0,0,0,0,0,1,2322600.0,-17.725149999999992,17.16129,0.0,0.0,0.0,NA,0.0,0.0
SCHOOL_992,0,0,0,0,0,0,0,0,0,0,1,840000.0,-17.717576,18.067674,0.0,0.0,0.0,NA,0.0,0.0
SCHOOL_993,0,0,0,0,0,0,0,0,0,0,1,1331500.0,-17.712348000000002,16.77374,0.0,0.0,0.0,NA,0.0,0.0
SCHOOL_994,0,0,0,0,0,0,0,0,0,0,2,3829900.0,-17.707776,16.969191,0.0,0.0,0.0,NA,0.0,0.0
SCHOOL_995,0,0,0,0,0,0,0,0,0,0,1,840000.0,-17.70554,18.286366,0.0,0.0,0.0,NA,0.0,0.0
SCHOOL_996,0,0,0,0,0,0,0,0,0,0,1,3156400.0,-17.699592999999993,17.485298,0.0,0.0,0.0,NA,0.0,0.0
SCHOOL_997,0,0,0,0,0,0,0,0,0,0,1,1497700.0,-17.699379,18.319349,0.0,0.0,0.0,NA,0.0,0.0
SCHOOL_998,0,0,0,0,0,0,0,0,0,0,1,1955500.0,-17.69758,16.65065,0.0,0.0,0.0,NA,0.0,0.0
SCHOOL_999,0,0,0,0,0,0,0,0,0,0,2,5236700.0,-17.72,16.14111,0.0,0.0,0.0,NA,0.0,0.0
SCHOOL_1000,0,0,0,0,0,0,0,0,0,0,2,1480100.0,-17.719720000000002,15.968609999999998,0.0,0.0,0.0,NA,0.0,0.0
SCHOOL_1001,0,0,0,0,0,0,0,0,0,0,1,1588000.0,-17.717500000000005,16.10361,0.0,0.0,0.0,NA,0.0,0.0
SCHOOL_1002,0,0,0,0,0,0,0,0,0,0,2,3773100.0,-17.71472,15.99389,0.0,0.0,0.0,NA,0.0,0.0
SCHOOL_1003,0,0,0,0,0,0,0,0,0,0,1,3017000.0,-17.69967,16.2723,0.0,0.0,0.0,NA,0.0,0.0
SCHOOL_1004,0,0,0,0,0,0,0,0,0,0,1,799600.0,-17.699439999999996,15.928060000000002,0.0,0.0,0.0,NA,0.0,0.0
SCHOOL_1005,0,0,0,0,0,0,0,0,0,0,1,715200.0,-17.696781000000005,16.504432,0.0,0.0,0.0,NA,0.0,0.0
SCHOOL_1006,0,0,0,0,0,0,0,0,0,0,2,14147700.0,-17.695860000000003,15.891858000000001,0.0,0.0,0.0,NA,0.0,0.0
SCHOOL_1007,0,0,0,0,0,0,0,0,0,0,1,1701400.0,-17.684425,15.978083000000002,0.0,0.0,0.0,NA,0.0,0.0
SCHOOL_1008,0,0,0,0,0,0,0,0,0,0,2,15443400.0,-17.683059999999994,16.06139,0.0,0.0,0.0,NA,0.0,0.0
SCHOOL_1009,0,0,0,0,0,0,0,0,0,0,2,3821100.0000000005,-17.681669999999997,16.02083,0.0,0.0,0.0,NA,0.0,0.0
SCHOOL_1010,0,0,0,0,0,0,0,0,0,0,1,2441200.0,-17.68097999999999,16.13313,0.0,0.0,0.0,NA,0.0,0.0
SCHOOL_1011,0,0,0,0,0,0,0,0,0,0,2,1525100.0,-17.677446000000003,16.458798,0.0,0.0,0.0,NA,0.0,0.0
SCHOOL_1012,0,0,0,0,0,0,0,0,0,0,2,3089800.0,-17.691125999999997,17.391449,0.0,0.0,0.0,NA,0.0,0.0
SCHOOL_1013,0,0,0,0,0,0,0,0,0,0,1,1172800.0,-17.687679999999997,16.87578,0.0,0.0,0.0,NA,0.0,0.0
SCHOOL_1014,0,0,0,0,0,0,0,0,0,0,2,4132000.0,-17.685045000000002,17.059787,0.0,0.0,0.0,NA,0.0,0.0
SCHOOL_1015,0,0,0,0,0,0,0,0,0,0,2,10803300.0,-17.67773399998514,18.22979500015071,0.0,0.0,0.0,NA,0.0,0.0
SCHOOL_1016,0,0,0,0,0,0,0,0,0,0,1,3270000.0,-17.657257000000005,17.354331,0.0,0.0,0.0,NA,0.0,0.0
SCHOOL_1017,0,0,0,0,0,0,0,0,0,0,1,691800.0,-17.656578,17.260322,0.0,0.0,0.0,NA,0.0,0.0
SCHOOL_1018,0,0,0,0,0,0,0,0,0,0,2,8953700.0,-17.654927999999998,17.546083,0.0,0.0,0.0,NA,0.0,0.0
SCHOOL_1019,0,0,0,0,0,0,0,0,0,0,2,9645400.0,-17.666880999999997,15.850134000000002,0.0,0.0,0.0,NA,0.0,0.0
SCHOOL_1020,0,0,0,0,0,0,0,0,0,0,2,4289900.0,-17.666507,15.971505000000002,0.0,0.0,0.0,NA,0.0,0.0
SCHOOL_1021,0,0,0,0,0,0,0,0,0,0,2,3950000.0,-17.66556,16.10528,0.0,0.0,0.0,NA,0.0,0.0
SCHOOL_1022,0,0,0,0,0,0,0,0,0,0,1,1463000.0,-17.665179999999996,16.35066,0.0,0.0,0.0,NA,0.0,0.0
SCHOOL_1023,0,0,0,0,0,0,0,0,0,0,1,959500.0,-17.663939,16.564974,0.0,0.0,0.0,NA,0.0,0.0
SCHOOL_1024,0,0,0,0,0,0,0,0,0,0,2,18573000.0,-17.661389999999997,15.946670000000001,0.0,0.0,0.0,NA,0.0,0.0
SCHOOL_1025,0,0,0,0,0,0,0,0,0,0,1,840000.0,-17.698609999999995,18.45889,0.0,0.0,0.0,NA,0.0,0.0
SCHOOL_1026,0,0,0,0,0,0,0,0,0,0,2,4396100.0,-17.683059999999998,18.66167,0.0,0.0,0.0,NA,0.0,0.0
SCHOOL_1027,0,0,0,0,0,0,0,0,0,0,1,840000.0,-17.666044,18.432688000000002,0.0,0.0,0.0,NA,0.0,0.0
SCHOOL_1028,0,0,0,0,0,0,0,0,0,0,2,3319100.0000000005,-17.65361,18.62861,0.0,0.0,0.0,NA,0.0,0.0
SCHOOL_1029,0,0,0,0,0,0,0,0,0,0,1,3336800.0,-17.63972,18.595,0.0,0.0,0.0,NA,0.0,0.0
SCHOOL_1030,0,0,0,0,0,0,0,0,0,0,2,10213800.0,-17.638770999988665,18.60653150009603,0.0,0.0,0.0,NA,0.0,0.0
SCHOOL_1031,0,0,0,0,0,0,0,0,0,0,2,5657200.0,-17.653659999999995,16.17186,0.0,0.0,0.0,NA,0.0,0.0
SCHOOL_1032,0,0,0,0,0,0,0,0,0,0,1,4813600.0,-17.650683,15.915972,0.0,0.0,0.0,NA,0.0,0.0
SCHOOL_1033,0,0,0,0,0,0,0,0,0,0,1,1486300.0,-17.6493,16.23066,0.0,0.0,0.0,NA,0.0,0.0
SCHOOL_1034,0,0,0,0,0,0,0,0,0,0,1,5996900.0,-17.644440000000003,15.923610000000002,0.0,0.0,0.0,NA,0.0,0.0
SCHOOL_1035,0,0,0,0,0,0,0,0,0,0,4,9734300.0,-17.641153334452156,15.881561336447124,0.0,0.0,0.0,NA,0.0,0.0
SCHOOL_1036,0,0,0,0,0,0,0,0,0,0,1,2445500.0,-17.639750000000003,16.11268,0.0,0.0,0.0,NA,0.0,0.0
SCHOOL_1037,0,0,0,0,0,0,0,0,0,0,2,3771500.0,-17.638610000000007,16.04444,0.0,0.0,0.0,NA,0.0,0.0
SCHOOL_1038,0,0,0,0,0,0,0,0,0,0,2,17491000.0,-17.63722,16.29556,0.0,0.0,0.0,NA,0.0,0.0
SCHOOL_1039,0,0,0,0,0,0,0,0,0,0,2,6953000.0,-17.63507,15.97797,0.0,0.0,0.0,NA,0.0,0.0
SCHOOL_1040,0,0,0,0,0,0,0,0,0,0,2,3180300.0,-17.63221999999999,16.39444,0.0,0.0,0.0,NA,0.0,0.0
SCHOOL_1041,0,0,0,0,0,0,0,0,0,0,1,3406300.0,-17.631390000000007,16.01694,0.0,0.0,0.0,NA,0.0,0.0
SCHOOL_1042,0,0,0,0,0,0,0,0,0,0,1,3787600.0,-22.12227,14.287920000000002,0.0,0.0,0.0,NA,0.0,0.0
SCHOOL_1043,0,0,0,0,0,0,0,0,0,0,2,6501900.0,-20.216481999999992,14.07227,0.0,0.0,0.0,NA,0.0,0.0
SCHOOL_1044,0,0,0,0,0,0,0,0,0,0,1,2863900.0,-19.798889999999993,14.54583,0.0,0.0,0.0,NA,0.0,0.0
SCHOOL_1045,0,0,0,0,0,0,0,0,0,0,1,4717400.0,-19.686939999999996,14.3125,0.0,0.0,0.0,NA,0.0,0.0
SCHOOL_1046,0,0,0,0,0,0,0,0,0,0,2,1680000.0,-19.204980000013496,14.283594499874994,0.0,0.0,0.0,NA,0.0,0.0
SCHOOL_1047,0,0,0,0,0,0,0,0,0,0,1,1233100.0,-19.140118999999995,13.982703,0.0,0.0,0.0,NA,0.0,0.0
SCHOOL_1048,0,0,0,0,0,0,0,0,0,0,2,8324000.0,-19.06222000000001,14.347780000000002,0.0,0.0,0.0,NA,0.0,0.0
SCHOOL_1049,0,0,0,0,0,0,0,0,0,0,1,2446600.0,-18.918059999999993,14.10639,0.0,0.0,0.0,NA,0.0,0.0
SCHOOL_1050,0,0,0,0,0,0,0,0,0,0,1,2092000.0,-18.793600000000005,14.348060000000002,0.0,0.0,0.0,NA,0.0,0.0
SCHOOL_1051,0,0,0,0,0,0,0,0,0,0,1,663000.0,-18.725331999999995,14.480469,0.0,0.0,0.0,NA,0.0,0.0
SCHOOL_1052,0,0,0,0,0,0,0,0,0,0,2,7138600.0,-18.675023000000007,13.927686,0.0,0.0,0.0,NA,0.0,0.0
SCHOOL_1053,0,0,0,0,0,0,0,0,0,0,1,2719700.0,-18.65965999999999,14.3171,0.0,0.0,0.0,NA,0.0,0.0
SCHOOL_1054,0,0,0,0,0,0,0,0,0,0,1,1910400.0,-19.180174000000004,13.816138,0.0,0.0,0.0,NA,0.0,0.0
SCHOOL_1055,0,0,0,0,0,0,0,0,0,0,2,9754300.0,-19.125509999999995,13.617809,0.0,0.0,0.0,NA,0.0,0.0
SCHOOL_1056,0,0,0,0,0,0,0,0,0,0,1,865900.0,-18.870233,13.878918,0.0,0.0,0.0,NA,0.0,0.0
SCHOOL_1057,0,0,0,0,0,0,0,0,0,0,1,1987400.0,-18.786032999999996,13.701681,0.0,0.0,0.0,NA,0.0,0.0
SCHOOL_1058,0,0,0,0,0,0,0,0,0,0,1,991900.0,-18.758299999999995,13.54083,0.0,0.0,0.0,NA,0.0,0.0
SCHOOL_1059,0,0,0,0,0,0,0,0,0,0,1,906600.0,-18.56222,13.67778,0.0,0.0,0.0,NA,0.0,0.0
SCHOOL_1060,0,0,0,0,0,0,0,0,0,0,1,5561900.0,-18.300830000000005,13.6525,0.0,0.0,0.0,NA,0.0,0.0
SCHOOL_1061,0,0,0,0,0,0,0,0,0,0,1,840000.0,-18.295150000000003,13.5342,0.0,0.0,0.0,NA,0.0,0.0
SCHOOL_1062,0,0,0,0,0,0,0,0,0,0,1,840000.0,-18.207779999999996,13.78139,0.0,0.0,0.0,NA,0.0,0.0
SCHOOL_1063,0,0,0,0,0,0,0,0,0,0,1,1433800.0,-18.63167,14.23417,0.0,0.0,0.0,NA,0.0,0.0
SCHOOL_1064,0,0,0,0,0,0,0,0,0,0,1,601800.0,-18.476940000000003,14.09806,0.0,0.0,0.0,NA,0.0,0.0
SCHOOL_1065,0,0,0,0,0,0,0,0,0,0,1,840000.0,-18.342520999999994,14.497556,0.0,0.0,0.0,NA,0.0,0.0
SCHOOL_1066,0,0,0,0,0,0,0,0,0,0,1,1493600.0,-18.313730999999997,14.520437000000001,0.0,0.0,0.0,NA,0.0,0.0
SCHOOL_1067,0,0,0,0,0,0,0,0,0,0,2,4795200.0,-18.258127999999996,13.89479,0.0,0.0,0.0,NA,0.0,0.0
SCHOOL_1068,0,0,0,0,0,0,0,0,0,0,2,3365399.9999999995,-18.201389999999996,14.00611,0.0,0.0,0.0,NA,0.0,0.0
SCHOOL_1069,0,0,0,0,0,0,0,0,0,0,2,2354900.0,-18.141670000000005,13.92583,0.0,0.0,0.0,NA,0.0,0.0
SCHOOL_1070,0,0,0,0,0,0,0,0,0,0,1,840000.0,-18.120395,13.754633,0.0,0.0,0.0,NA,0.0,0.0
SCHOOL_1071,0,0,0,0,0,0,0,0,0,0,1,840000.0,-18.069865000000004,13.394842999999998,0.0,0.0,0.0,NA,0.0,0.0
SCHOOL_1072,0,0,0,0,0,0,0,0,0,0,1,840000.0,-18.03691,13.72054,0.0,0.0,0.0,NA,0.0,0.0
SCHOOL_1073,0,0,0,0,0,0,0,0,0,0,1,1434100.0,-18.0146,13.59659,0.0,0.0,0.0,NA,0.0,0.0
SCHOOL_1074,0,0,0,0,0,0,0,0,0,0,1,1560700.0,-18.01396799999999,13.655899,0.0,0.0,0.0,NA,0.0,0.0
SCHOOL_1075,0,0,0,0,0,0,0,0,0,0,2,8771300.0,-18.114999999999995,14.31597,0.0,0.0,0.0,NA,0.0,0.0
SCHOOL_1076,0,0,0,0,0,0,0,0,0,0,1,840000.0,-18.041513999999996,14.555069,0.0,0.0,0.0,NA,0.0,0.0
SCHOOL_1077,0,0,0,0,0,0,0,0,0,0,1,840000.0,-17.974072999999994,14.027687,0.0,0.0,0.0,NA,0.0,0.0
SCHOOL_1078,0,0,0,0,0,0,0,0,0,0,1,2563900.0,-17.709501999999997,14.312042,0.0,0.0,0.0,NA,0.0,0.0
SCHOOL_1079,0,0,0,0,0,0,0,0,0,0,1,1435900.0,-17.6506,14.20833,0.0,0.0,0.0,NA,0.0,0.0
SCHOOL_1080,0,0,0,0,0,0,0,0,0,0,1,3331000.0,-17.62435999999999,14.11427,0.0,0.0,0.0,NA,0.0,0.0
SCHOOL_1081,0,0,0,0,0,0,0,0,0,0,1,812200.0,-17.5949,14.03723,0.0,0.0,0.0,NA,0.0,0.0
SCHOOL_1082,0,0,0,0,0,0,0,0,0,0,1,840000.0,-17.583736,14.103796,0.0,0.0,0.0,NA,0.0,0.0
SCHOOL_1083,0,0,0,0,0,0,0,0,0,0,1,3244000.0,-17.49331,14.34677,0.0,0.0,0.0,NA,0.0,0.0
SCHOOL_1084,0,0,0,0,0,0,0,0,0,0,1,840000.0,-17.99731,13.7776,0.0,0.0,0.0,NA,0.0,0.0
SCHOOL_1085,0,0,0,0,0,0,0,0,0,0,1,3783700.0,-17.955120999999995,13.852672,0.0,0.0,0.0,NA,0.0,0.0
SCHOOL_1086,0,0,0,0,0,0,0,0,0,0,1,1750400.0,-17.940900000000003,13.38958,0.0,0.0,0.0,NA,0.0,0.0
SCHOOL_1087,0,0,0,0,0,0,0,0,0,0,1,840000.0,-17.864836,13.866578,0.0,0.0,0.0,NA,0.0,0.0
SCHOOL_1088,0,0,0,0,0,0,0,0,0,0,2,1680000.0,-17.768020000011603,13.426920000027438,0.0,0.0,0.0,NA,0.0,0.0
SCHOOL_1089,0,0,0,0,0,0,0,0,0,0,1,1453000.0,-17.76805999999999,13.64111,0.0,0.0,0.0,NA,0.0,0.0
SCHOOL_1090,0,0,0,0,0,0,0,0,0,0,1,894400.0,-17.747809,13.877916,0.0,0.0,0.0,NA,0.0,0.0
SCHOOL_1091,0,0,0,0,0,0,0,0,0,0,1,763300.0,-17.74417,13.629123,0.0,0.0,0.0,NA,0.0,0.0
SCHOOL_1092,0,0,0,0,0,0,0,0,0,0,1,1604600.0,-17.576651999999996,13.521732,0.0,0.0,0.0,NA,0.0,0.0
SCHOOL_1093,0,0,0,0,0,0,0,0,0,0,1,840000.0,-19.990289999999998,13.03744,0.0,0.0,0.0,NA,0.0,0.0
SCHOOL_1094,0,0,0,0,0,0,0,0,0,0,1,983400.0,-18.775478999999994,12.952036,0.0,0.0,0.0,NA,0.0,0.0
SCHOOL_1095,0,0,0,0,0,0,0,0,0,0,1,1451600.0,-18.296311999999997,13.168466,0.0,0.0,0.0,NA,0.0,0.0
SCHOOL_1096,0,0,0,0,0,0,0,0,0,0,1,840000.0,-18.072634,12.755293000000002,0.0,0.0,0.0,NA,0.0,0.0
SCHOOL_1097,0,0,0,0,0,0,0,0,0,0,1,2101800.0,-17.867499999999996,13.02528,0.0,0.0,0.0,NA,0.0,0.0
SCHOOL_1098,0,0,0,0,0,0,0,0,0,0,1,916300.0,-17.836030000000008,13.105741,0.0,0.0,0.0,NA,0.0,0.0
SCHOOL_1099,0,0,0,0,0,0,0,0,0,0,1,840000.0,-17.7715,12.929110000000001,0.0,0.0,0.0,NA,0.0,0.0
SCHOOL_1100,0,0,0,0,0,0,0,0,0,0,1,840000.0,-17.727400000000003,12.96012,0.0,0.0,0.0,NA,0.0,0.0
SCHOOL_1101,0,0,0,0,0,0,0,0,0,0,1,840000.0,-17.695740000000004,13.213240000000003,0.0,0.0,0.0,NA,0.0,0.0
SCHOOL_1102,0,0,0,0,0,0,0,0,0,0,1,1418300.0,-17.628329000000004,12.846933,0.0,0.0,0.0,NA,0.0,0.0
SCHOOL_1103,0,0,0,0,0,0,0,0,0,0,1,732100.0,-17.602910999999995,13.167367,0.0,0.0,0.0,NA,0.0,0.0
SCHOOL_1104,0,0,0,0,0,0,0,0,0,0,1,1306300.0,-17.472681,13.034445,0.0,0.0,0.0,NA,0.0,0.0
SCHOOL_1105,0,0,0,0,0,0,0,0,0,0,1,1337800.0,-17.403444999999998,13.152967,0.0,0.0,0.0,NA,0.0,0.0
SCHOOL_1106,0,0,0,0,0,0,0,0,0,0,1,1027300.0,-17.346342,12.993866,0.0,0.0,0.0,NA,0.0,0.0
SCHOOL_1107,0,0,0,0,0,0,0,0,0,0,1,7456900.0,-17.0452,13.23075,0.0,0.0,0.0,NA,0.0,0.0
SCHOOL_1108,0,0,0,0,0,0,0,0,0,0,1,915400.0,-18.002176,12.594533,0.0,0.0,0.0,NA,0.0,0.0
SCHOOL_1109,0,0,0,0,0,0,0,0,0,0,1,1261700.0,-17.272946,12.43688,0.0,0.0,0.0,NA,0.0,0.0
SCHOOL_1110,0,0,0,0,0,0,0,0,0,0,2,20347100.0,-17.416109999999996,14.49556,0.0,0.0,0.0,NA,0.0,0.0
SCHOOL_1111,0,0,0,0,0,0,0,0,0,0,1,840000.0,-17.409039999999997,14.322200000000002,0.0,0.0,0.0,NA,0.0,0.0
SCHOOL_1112,0,0,0,0,0,0,0,0,0,0,1,2261200.0,-18.229127000000002,13.274433,0.0,0.0,0.0,NA,0.0,0.0
SCHOOL_1113,0,0,0,0,0,0,0,0,0,0,1,840000.0,-17.638647000000006,13.369213,0.0,0.0,0.0,NA,0.0,0.0
SCHOOL_1114,0,0,0,0,0,0,0,0,0,0,1,698800.0,-17.534665999999994,13.377907,0.0,0.0,0.0,NA,0.0,0.0
SCHOOL_1115,0,0,0,0,0,0,0,0,0,0,1,840000.0,-17.49132999999999,13.30373,0.0,0.0,0.0,NA,0.0,0.0
SCHOOL_1116,0,0,0,0,0,0,0,0,0,0,1,840000.0,-17.467072999999996,13.330906,0.0,0.0,0.0,NA,0.0,0.0
SCHOOL_1117,0,0,0,0,0,0,0,0,0,0,2,15395800.0,-17.429963,13.273685,0.0,0.0,0.0,NA,0.0,0.0
SCHOOL_1118,0,0,0,0,0,0,0,0,0,0,2,7088800.0,-17.490279999999995,13.83111,0.0,0.0,0.0,NA,0.0,0.0
SCHOOL_1119,0,0,0,0,0,0,0,0,0,0,1,840000.0,-17.47882999999999,13.67,0.0,0.0,0.0,NA,0.0,0.0
SCHOOL_1120,0,0,0,0,0,0,0,0,0,0,1,3458300.0,-17.476670000000002,13.7485,0.0,0.0,0.0,NA,0.0,0.0
SCHOOL_1121,0,0,0,0,0,0,0,0,0,0,1,938500.0,-17.407569999999993,13.49796,0.0,0.0,0.0,NA,0.0,0.0
SCHOOL_1122,0,0,0,0,0,0,0,0,0,0,1,1370600.0,-17.342781000000002,13.783612,0.0,0.0,0.0,NA,0.0,0.0
SCHOOL_1123,0,0,0,0,0,0,0,0,0,0,1,840000.0,-17.333329000000003,13.837904,0.0,0.0,0.0,NA,0.0,0.0
SCHOOL_1124,0,0,0,0,0,0,0,0,0,0,2,7755700.000000001,-17.710793000000006,15.760882,0.0,0.0,0.0,NA,0.0,0.0
SCHOOL_1125,0,0,0,0,0,0,0,0,0,0,2,2131300.0,-17.710186000000007,15.808332,0.0,0.0,0.0,NA,0.0,0.0
SCHOOL_1126,0,0,0,0,0,0,0,0,0,0,1,753500.0,-17.70972,15.43833,0.0,0.0,0.0,NA,0.0,0.0
SCHOOL_1127,0,0,0,0,0,0,0,0,0,0,2,1689300.0,-17.704614999999997,15.68503,0.0,0.0,0.0,NA,0.0,0.0
SCHOOL_1128,0,0,0,0,0,0,0,0,0,0,2,1680000.0,-17.695773,15.727124,0.0,0.0,0.0,NA,0.0,0.0
SCHOOL_1129,0,0,0,0,0,0,0,0,0,0,1,5268100.0,-17.687944,15.642473000000003,0.0,0.0,0.0,NA,0.0,0.0
SCHOOL_1130,0,0,0,0,0,0,0,0,0,0,2,4742500.0,-17.681442999999994,15.786522000000001,0.0,0.0,0.0,NA,0.0,0.0
SCHOOL_1131,0,0,0,0,0,0,0,0,0,0,1,840000.0,-17.67850599999999,15.415396,0.0,0.0,0.0,NA,0.0,0.0
SCHOOL_1132,0,0,0,0,0,0,0,0,0,0,1,2938900.0,-17.66919999999999,15.54963,0.0,0.0,0.0,NA,0.0,0.0
SCHOOL_1133,0,0,0,0,0,0,0,0,0,0,2,1680000.0,-17.66167,15.607219999999998,0.0,0.0,0.0,NA,0.0,0.0
SCHOOL_1134,0,0,0,0,0,0,0,0,0,0,2,2416500.0,-17.661390000000004,15.68972,0.0,0.0,0.0,NA,0.0,0.0
SCHOOL_1135,0,0,0,0,0,0,0,0,0,0,1,8792200.0,-17.660340999999995,15.47735,0.0,0.0,0.0,NA,0.0,0.0
SCHOOL_1136,0,0,0,0,0,0,0,0,0,0,2,8919000.0,-17.685208999999997,14.907018,0.0,0.0,0.0,NA,0.0,0.0
SCHOOL_1137,0,0,0,0,0,0,0,0,0,0,1,4920700.0,-17.677079,15.05355,0.0,0.0,0.0,NA,0.0,0.0
SCHOOL_1138,0,0,0,0,0,0,0,0,0,0,1,1603300.0,-17.664970000000004,14.95586,0.0,0.0,0.0,NA,0.0,0.0
SCHOOL_1139,0,0,0,0,0,0,0,0,0,0,2,8242400.0,-17.663599999999995,14.782790000000002,0.0,0.0,0.0,NA,0.0,0.0
SCHOOL_1140,0,0,0,0,0,0,0,0,0,0,2,3650700.0,-17.65965,15.00035,0.0,0.0,0.0,NA,0.0,0.0
SCHOOL_1141,0,0,0,0,0,0,0,0,0,0,1,1383400.0,-17.644713,14.870506,0.0,0.0,0.0,NA,0.0,0.0
SCHOOL_1142,0,0,0,0,0,0,0,0,0,0,1,749600.0,-17.6841,15.15001,0.0,0.0,0.0,NA,0.0,0.0
SCHOOL_1143,0,0,0,0,0,0,0,0,0,0,1,1290400.0,-17.667780000000004,15.225560000000002,0.0,0.0,0.0,NA,0.0,0.0
SCHOOL_1144,0,0,0,0,0,0,0,0,0,0,1,775800.0,-17.646764000000005,15.10202,0.0,0.0,0.0,NA,0.0,0.0
SCHOOL_1145,0,0,0,0,0,0,0,0,0,0,1,5594600.0,-17.645114999999997,15.287020000000002,0.0,0.0,0.0,NA,0.0,0.0
SCHOOL_1146,0,0,0,0,0,0,0,0,0,0,2,15986900.0,-17.625317,15.175204000000003,0.0,0.0,0.0,NA,0.0,0.0
SCHOOL_1147,0,0,0,0,0,0,0,0,0,0,1,2705900.0,-17.617220000000003,15.29472,0.0,0.0,0.0,NA,0.0,0.0
SCHOOL_1148,0,0,0,0,0,0,0,0,0,0,1,901400.0,-17.61471999999999,15.13805,0.0,0.0,0.0,NA,0.0,0.0
SCHOOL_1149,0,0,0,0,0,0,0,0,0,0,2,2207700.0,-17.60959,15.243896000000001,0.0,0.0,0.0,NA,0.0,0.0
SCHOOL_1150,0,0,0,0,0,0,0,0,0,0,2,13038300.0,-17.64943999999999,15.72806,0.0,0.0,0.0,NA,0.0,0.0
SCHOOL_1151,0,0,0,0,0,0,0,0,0,0,2,4057399.9999999995,-17.64604900000001,15.778793,0.0,0.0,0.0,NA,0.0,0.0
SCHOOL_1152,0,0,0,0,0,0,0,0,0,0,2,2839899.9999999995,-17.64222,15.65444,0.0,0.0,0.0,NA,0.0,0.0
SCHOOL_1153,0,0,0,0,0,0,0,0,0,0,2,5708000.0,-17.62249999999999,15.436390000000001,0.0,0.0,0.0,NA,0.0,0.0
SCHOOL_1154,0,0,0,0,0,0,0,0,0,0,2,10896800.0,-17.62034999999999,15.622940000000002,0.0,0.0,0.0,NA,0.0,0.0
SCHOOL_1155,0,0,0,0,0,0,0,0,0,0,2,6263000.0,-17.619039,15.701645,0.0,0.0,0.0,NA,0.0,0.0
SCHOOL_1156,0,0,0,0,0,0,0,0,0,0,2,1711000.0,-17.6175,15.466670000000002,0.0,0.0,0.0,NA,0.0,0.0
SCHOOL_1157,0,0,0,0,0,0,0,0,0,0,2,3575200.0,-17.611984,15.575908,0.0,0.0,0.0,NA,0.0,0.0
SCHOOL_1158,0,0,0,0,0,0,0,0,0,0,2,6559500.0,-17.611977,15.526885,0.0,0.0,0.0,NA,0.0,0.0
SCHOOL_1159,0,0,0,0,0,0,0,0,0,0,1,3749000.0,-17.646669999999997,15.39667,0.0,0.0,0.0,NA,0.0,0.0
SCHOOL_1160,0,0,0,0,0,0,0,0,0,0,2,2189700.0,-17.599899999999998,15.360860000000002,0.0,0.0,0.0,NA,0.0,0.0
SCHOOL_1161,0,0,0,0,0,0,0,0,0,0,2,1851600.0,-17.586869,15.314153,0.0,0.0,0.0,NA,0.0,0.0
SCHOOL_1162,0,0,0,0,0,0,0,0,0,0,2,7685300.0,-17.5748260000235,15.383987000091485,0.0,0.0,0.0,NA,0.0,0.0
SCHOOL_1163,0,0,0,0,0,0,0,0,0,0,1,1607300.0,-17.555729999999997,15.341430000000003,0.0,0.0,0.0,NA,0.0,0.0
SCHOOL_1164,0,0,0,0,0,0,0,0,0,0,2,5190700.0,-17.52471999999999,15.36028,0.0,0.0,0.0,NA,0.0,0.0
SCHOOL_1165,0,0,0,0,0,0,0,0,0,0,1,1970500.0,-17.569169999999996,15.586670000000002,0.0,0.0,0.0,NA,0.0,0.0
SCHOOL_1166,0,0,0,0,0,0,0,0,0,0,1,4393100.0,-17.560999999999996,15.63238,0.0,0.0,0.0,NA,0.0,0.0
SCHOOL_1167,0,0,0,0,0,0,0,0,0,0,2,8380000.0,-17.555599999999995,15.522290000000002,0.0,0.0,0.0,NA,0.0,0.0
SCHOOL_1168,0,0,0,0,0,0,0,0,0,0,2,8113600.0,-17.5525,15.700560000000001,0.0,0.0,0.0,NA,0.0,0.0
SCHOOL_1169,0,0,0,0,0,0,0,0,0,0,2,5373900.0,-17.551939999999995,15.74333,0.0,0.0,0.0,NA,0.0,0.0
SCHOOL_1170,0,0,0,0,0,0,0,0,0,0,2,4915200.0,-17.55028,15.456669999999999,0.0,0.0,0.0,NA,0.0,0.0
SCHOOL_1171,0,0,0,0,0,0,0,0,0,0,1,840000.0,-17.580289999999998,15.17942,0.0,0.0,0.0,NA,0.0,0.0
SCHOOL_1172,0,0,0,0,0,0,0,0,0,0,2,3874100.0000000005,-17.574770000000004,15.279601000000001,0.0,0.0,0.0,NA,0.0,0.0
SCHOOL_1173,0,0,0,0,0,0,0,0,0,0,2,2202600.0,-17.551761999999993,15.139746,0.0,0.0,0.0,NA,0.0,0.0
SCHOOL_1174,0,0,0,0,0,0,0,0,0,0,2,5315100.0,-17.546561,15.226818000000002,0.0,0.0,0.0,NA,0.0,0.0
SCHOOL_1175,0,0,0,0,0,0,0,0,0,0,1,1624200.0,-17.54207999999999,15.19227,0.0,0.0,0.0,NA,0.0,0.0
SCHOOL_1176,0,0,0,0,0,0,0,0,0,0,2,3715900.0,-17.520146999999998,15.272380999999998,0.0,0.0,0.0,NA,0.0,0.0
SCHOOL_1177,0,0,0,0,0,0,0,0,0,0,2,6833300.0,-17.55622300000001,14.767837,0.0,0.0,0.0,NA,0.0,0.0
SCHOOL_1178,0,0,0,0,0,0,0,0,0,0,2,4047700.0000000005,-17.550423,15.062207,0.0,0.0,0.0,NA,0.0,0.0
SCHOOL_1179,0,0,0,0,0,0,0,0,0,0,2,7281600.0,-17.550279999999994,14.82222,0.0,0.0,0.0,NA,0.0,0.0
SCHOOL_1180,0,0,0,0,0,0,0,0,0,0,1,1603800.0,-17.548906000000002,14.949869,0.0,0.0,0.0,NA,0.0,0.0
SCHOOL_1181,0,0,0,0,0,0,0,0,0,0,2,1680000.0,-17.542780000000004,14.66361,0.0,0.0,0.0,NA,0.0,0.0
SCHOOL_1182,0,0,0,0,0,0,0,0,0,0,1,1134500.0,-17.536110999999995,14.914289000000002,0.0,0.0,0.0,NA,0.0,0.0
SCHOOL_1183,0,0,0,0,0,0,0,0,0,0,1,2762000.0,-17.530499999999993,15.01047,0.0,0.0,0.0,NA,0.0,0.0
SCHOOL_1184,0,0,0,0,0,0,0,0,0,0,1,840000.0,-17.650380999999996,17.468095,0.0,0.0,0.0,NA,0.0,0.0
SCHOOL_1185,0,0,0,0,0,0,0,0,0,0,1,986900.0,-17.647331000000005,17.132987,0.0,0.0,0.0,NA,0.0,0.0
SCHOOL_1186,0,0,0,0,0,0,0,0,0,0,1,4165399.9999999995,-17.633609999999994,17.63584,0.0,0.0,0.0,NA,0.0,0.0
SCHOOL_1187,0,0,0,0,0,0,0,0,0,0,2,3450700.0,-17.63139,16.81028,0.0,0.0,0.0,NA,0.0,0.0
SCHOOL_1188,0,0,0,0,0,0,0,0,0,0,1,2762400.0,-17.631111000000004,18.137633,0.0,0.0,0.0,NA,0.0,0.0
SCHOOL_1189,0,0,0,0,0,0,0,0,0,0,1,840000.0,-17.615956999999998,18.346219,0.0,0.0,0.0,NA,0.0,0.0
SCHOOL_1190,0,0,0,0,0,0,0,0,0,0,1,1272100.0,-17.613356000000003,16.704649,0.0,0.0,0.0,NA,0.0,0.0
SCHOOL_1191,0,0,0,0,0,0,0,0,0,0,1,704800.0,-17.61306,17.13694,0.0,0.0,0.0,NA,0.0,0.0
SCHOOL_1192,0,0,0,0,0,0,0,0,0,0,2,7490299.999999999,-17.629747000000002,16.524632,0.0,0.0,0.0,NA,0.0,0.0
SCHOOL_1193,0,0,0,0,0,0,0,0,0,0,1,1039000.0,-17.626825000000004,16.47332,0.0,0.0,0.0,NA,0.0,0.0
SCHOOL_1194,0,0,0,0,0,0,0,0,0,0,1,6876800.0,-17.625859999999996,15.90493,0.0,0.0,0.0,NA,0.0,0.0
SCHOOL_1195,0,0,0,0,0,0,0,0,0,0,1,3442700.0,-17.623549999999998,16.0808,0.0,0.0,0.0,NA,0.0,0.0
SCHOOL_1196,0,0,0,0,0,0,0,0,0,0,2,1844900.0,-17.618360000000003,15.92737,0.0,0.0,0.0,NA,0.0,0.0
SCHOOL_1197,0,0,0,0,0,0,0,0,0,0,2,1680000.0,-17.61055999999999,15.840280000000002,0.0,0.0,0.0,NA,0.0,0.0
SCHOOL_1198,0,0,0,0,0,0,0,0,0,0,1,2879600.0,-17.603296999999998,15.953431000000002,0.0,0.0,0.0,NA,0.0,0.0
SCHOOL_1199,0,0,0,0,0,0,0,0,0,0,1,840000.0,-17.605829999999994,18.22861,0.0,0.0,0.0,NA,0.0,0.0
SCHOOL_1200,0,0,0,0,0,0,0,0,0,0,2,5359800.0,-17.602997999999992,16.982049,0.0,0.0,0.0,NA,0.0,0.0
SCHOOL_1201,0,0,0,0,0,0,0,0,0,0,1,840000.0,-17.594699999999992,18.067377000000004,0.0,0.0,0.0,NA,0.0,0.0
SCHOOL_1202,0,0,0,0,0,0,0,0,0,0,2,9118400.0,-17.59056,17.39694,0.0,0.0,0.0,NA,0.0,0.0
SCHOOL_1203,0,0,0,0,0,0,0,0,0,0,1,2110800.0,-17.58905,17.03337,0.0,0.0,0.0,NA,0.0,0.0
SCHOOL_1204,0,0,0,0,0,0,0,0,0,0,2,5218200.000000001,-17.586073000000003,17.089186,0.0,0.0,0.0,NA,0.0,0.0
SCHOOL_1205,0,0,0,0,0,0,0,0,0,0,1,840000.0,-17.582499999999992,18.13444,0.0,0.0,0.0,NA,0.0,0.0
SCHOOL_1206,0,0,0,0,0,0,0,0,0,0,1,5680000.0,-17.605,15.735559999999998,0.0,0.0,0.0,NA,0.0,0.0
SCHOOL_1207,0,0,0,0,0,0,0,0,0,0,1,3222100.0,-17.596389999999996,15.73694,0.0,0.0,0.0,NA,0.0,0.0
SCHOOL_1208,0,0,0,0,0,0,0,0,0,0,2,9075100.0,-17.594170000000002,15.821940000000001,0.0,0.0,0.0,NA,0.0,0.0
SCHOOL_1209,0,0,0,0,0,0,0,0,0,0,2,4288800.0,-17.592779999999998,15.66444,0.0,0.0,0.0,NA,0.0,0.0
SCHOOL_1210,0,0,0,0,0,0,0,0,0,0,1,855200.0,-17.59194,15.778890000000002,0.0,0.0,0.0,NA,0.0,0.0
SCHOOL_1211,0,0,0,0,0,0,0,0,0,0,1,1845800.0,-17.584572,15.559106000000002,0.0,0.0,0.0,NA,0.0,0.0
SCHOOL_1212,0,0,0,0,0,0,0,0,0,0,1,1990400.0,-17.572219999999998,15.59472,0.0,0.0,0.0,NA,0.0,0.0
SCHOOL_1213,0,0,0,0,0,0,0,0,0,0,2,4680200.0,-17.593330000000005,16.10833,0.0,0.0,0.0,NA,0.0,0.0
SCHOOL_1214,0,0,0,0,0,0,0,0,0,0,1,2239800.0,-17.591130999999994,16.146902,0.0,0.0,0.0,NA,0.0,0.0
SCHOOL_1215,0,0,0,0,0,0,0,0,0,0,2,6478000.0,-17.588609999999992,15.99861,0.0,0.0,0.0,NA,0.0,0.0
SCHOOL_1216,0,0,0,0,0,0,0,0,0,0,2,6968000.0,-17.586939999999995,15.871109999999998,0.0,0.0,0.0,NA,0.0,0.0
SCHOOL_1217,0,0,0,0,0,0,0,0,0,0,2,1852600.0,-17.58388999999999,16.38889,0.0,0.0,0.0,NA,0.0,0.0
SCHOOL_1218,0,0,0,0,0,0,0,0,0,0,2,1680000.0,-17.583219000000003,16.305585,0.0,0.0,0.0,NA,0.0,0.0
SCHOOL_1219,0,0,0,0,0,0,0,0,0,0,2,2839400.0,-17.583060000000003,16.18556,0.0,0.0,0.0,NA,0.0,0.0
SCHOOL_1220,0,0,0,0,0,0,0,0,0,0,1,2040700.0,-17.58027999999999,16.363890000000005,0.0,0.0,0.0,NA,0.0,0.0
SCHOOL_1221,0,0,0,0,0,0,0,0,0,0,2,3718200.0,-17.578329999999998,16.06139,0.0,0.0,0.0,NA,0.0,0.0
SCHOOL_1222,0,0,0,0,0,0,0,0,0,0,2,1726900.0,-17.577756000000004,16.591334,0.0,0.0,0.0,NA,0.0,0.0
SCHOOL_1223,0,0,0,0,0,0,0,0,0,0,2,13270300.0,-17.576410999999997,15.896291,0.0,0.0,0.0,NA,0.0,0.0
SCHOOL_1224,0,0,0,0,0,0,0,0,0,0,2,6450300.0,-17.58159,16.91036,0.0,0.0,0.0,NA,0.0,0.0
SCHOOL_1225,0,0,0,0,0,0,0,0,0,0,2,3133600.0,-17.579719999999995,16.68778,0.0,0.0,0.0,NA,0.0,0.0
SCHOOL_1226,0,0,0,0,0,0,0,0,0,0,1,2904000.0,-17.57944000000001,17.30722,0.0,0.0,0.0,NA,0.0,0.0
SCHOOL_1227,0,0,0,0,0,0,0,0,0,0,1,10262000.0,-17.578486999999996,17.212359,0.0,0.0,0.0,NA,0.0,0.0
SCHOOL_1228,0,0,0,0,0,0,0,0,0,0,1,3592900.0,-17.576840000000004,16.796833,0.0,0.0,0.0,NA,0.0,0.0
SCHOOL_1229,0,0,0,0,0,0,0,0,0,0,1,1071100.0,-17.568951999999996,17.494069000000003,0.0,0.0,0.0,NA,0.0,0.0
SCHOOL_1230,0,0,0,0,0,0,0,0,0,0,2,2454900.0,-17.56472000000001,17.21472,0.0,0.0,0.0,NA,0.0,0.0
SCHOOL_1231,0,0,0,0,0,0,0,0,0,0,1,840000.0,-17.573701999999997,15.832949999999999,0.0,0.0,0.0,NA,0.0,0.0
SCHOOL_1232,0,0,0,0,0,0,0,0,0,0,1,1224600.0,-17.573229999999995,16.22893,0.0,0.0,0.0,NA,0.0,0.0
SCHOOL_1233,0,0,0,0,0,0,0,0,0,0,2,1892600.0000000002,-17.567779999999992,16.50278,0.0,0.0,0.0,NA,0.0,0.0
SCHOOL_1234,0,0,0,0,0,0,0,0,0,0,1,6034400.0,-17.567205,15.956286000000002,0.0,0.0,0.0,NA,0.0,0.0
SCHOOL_1235,0,0,0,0,0,0,0,0,0,0,2,3014800.0,-17.56662,15.934722000000002,0.0,0.0,0.0,NA,0.0,0.0
SCHOOL_1236,0,0,0,0,0,0,0,0,0,0,2,6291300.0,-17.557869999999994,16.01089,0.0,0.0,0.0,NA,0.0,0.0
SCHOOL_1237,0,0,0,0,0,0,0,0,0,0,1,6929200.0,-17.547709999999995,15.85035,0.0,0.0,0.0,NA,0.0,0.0
SCHOOL_1238,0,0,0,0,0,0,0,0,0,0,1,1819100.0,-17.616584999999997,18.60345,0.0,0.0,0.0,NA,0.0,0.0
SCHOOL_1239,0,0,0,0,0,0,0,0,0,0,1,1132800.0,-17.592779999999998,18.59778,0.0,0.0,0.0,NA,0.0,0.0
SCHOOL_1240,0,0,0,0,0,0,0,0,0,0,1,780400.0,-17.588893999999996,18.566905,0.0,0.0,0.0,NA,0.0,0.0
SCHOOL_1241,0,0,0,0,0,0,0,0,0,0,1,1097600.0,-17.556187999999995,18.532489999999996,0.0,0.0,0.0,NA,0.0,0.0
SCHOOL_1242,0,0,0,0,0,0,0,0,0,0,2,4310400.0,-17.5325,18.52417,0.0,0.0,0.0,NA,0.0,0.0
SCHOOL_1243,0,0,0,0,0,0,0,0,0,0,1,1285200.0,-17.511500000000005,18.514,0.0,0.0,0.0,NA,0.0,0.0
SCHOOL_1244,0,0,0,0,0,0,0,0,0,0,1,702000.0,-17.563569,18.313339,0.0,0.0,0.0,NA,0.0,0.0
SCHOOL_1245,0,0,0,0,0,0,0,0,0,0,1,840000.0,-17.547431999999997,16.852887,0.0,0.0,0.0,NA,0.0,0.0
SCHOOL_1246,0,0,0,0,0,0,0,0,0,0,2,3836000.0,-17.545503999999994,17.712137,0.0,0.0,0.0,NA,0.0,0.0
SCHOOL_1247,0,0,0,0,0,0,0,0,0,0,3,5246100.0,-17.543185000032903,16.74809499993271,0.0,0.0,0.0,NA,0.0,0.0
SCHOOL_1248,0,0,0,0,0,0,0,0,0,0,1,840000.0,-17.540329999999994,18.23528,0.0,0.0,0.0,NA,0.0,0.0
SCHOOL_1249,0,0,0,0,0,0,0,0,0,0,1,840000.0,-17.53611,17.60111,0.0,0.0,0.0,NA,0.0,0.0
SCHOOL_1250,0,0,0,0,0,0,0,0,0,0,1,1472200.0,-17.547408000000008,15.98674,0.0,0.0,0.0,NA,0.0,0.0
SCHOOL_1251,0,0,0,0,0,0,0,0,0,0,2,1781200.0,-17.54333,16.26,0.0,0.0,0.0,NA,0.0,0.0
SCHOOL_1252,0,0,0,0,0,0,0,0,0,0,1,1218400.0,-17.541390000000003,16.16944,0.0,0.0,0.0,NA,0.0,0.0
SCHOOL_1253,0,0,0,0,0,0,0,0,0,0,2,1643600.0,-17.540828000000005,15.925911000000001,0.0,0.0,0.0,NA,0.0,0.0
SCHOOL_1254,0,0,0,0,0,0,0,0,0,0,2,1812900.0,-17.534999999999997,16.34278,0.0,0.0,0.0,NA,0.0,0.0
SCHOOL_1255,0,0,0,0,0,0,0,0,0,0,2,6644300.0,-17.524922,16.599257,0.0,0.0,0.0,NA,0.0,0.0
SCHOOL_1256,0,0,0,0,0,0,0,0,0,0,2,11744000.0,-17.550145000000004,15.78942,0.0,0.0,0.0,NA,0.0,0.0
SCHOOL_1257,0,0,0,0,0,0,0,0,0,0,1,1761200.0,-17.543890000000005,15.655,0.0,0.0,0.0,NA,0.0,0.0
SCHOOL_1258,0,0,0,0,0,0,0,0,0,0,1,1959200.0,-17.538059999999998,15.578330000000001,0.0,0.0,0.0,NA,0.0,0.0
SCHOOL_1259,0,0,0,0,0,0,0,0,0,0,2,2376399.9999999995,-17.526669999999996,15.61389,0.0,0.0,0.0,NA,0.0,0.0
SCHOOL_1260,0,0,0,0,0,0,0,0,0,0,2,4074500.0,-17.518610000000006,15.55722,0.0,0.0,0.0,NA,0.0,0.0
SCHOOL_1261,0,0,0,0,0,0,0,0,0,0,1,1505400.0,-17.514440000000004,15.49944,0.0,0.0,0.0,NA,0.0,0.0
SCHOOL_1262,0,0,0,0,0,0,0,0,0,0,1,840000.0,-17.51167,15.806940000000003,0.0,0.0,0.0,NA,0.0,0.0
SCHOOL_1263,0,0,0,0,0,0,0,0,0,0,2,11416200.0,-17.524590000000003,15.87823,0.0,0.0,0.0,NA,0.0,0.0
SCHOOL_1264,0,0,0,0,0,0,0,0,0,0,2,1680000.0,-17.524439999999995,16.09611,0.0,0.0,0.0,NA,0.0,0.0
SCHOOL_1265,0,0,0,0,0,0,0,0,0,0,1,12000000.0,-17.521997999999996,16.056004,0.0,0.0,0.0,NA,0.0,0.0
SCHOOL_1266,0,0,0,0,0,0,0,0,0,0,2,1348600.0,-17.521549999999987,16.20807,0.0,0.0,0.0,NA,0.0,0.0
SCHOOL_1267,0,0,0,0,0,0,0,0,0,0,1,1026400.0000000001,-17.520756000000002,16.425709,0.0,0.0,0.0,NA,0.0,0.0
SCHOOL_1268,0,0,0,0,0,0,0,0,0,0,1,5564300.0,-17.519350999999997,16.0499727,0.0,0.0,0.0,NA,0.0,0.0
SCHOOL_1269,0,0,0,0,0,0,0,0,0,0,1,840000.0,-17.519143,15.947905000000002,0.0,0.0,0.0,NA,0.0,0.0
SCHOOL_1270,0,0,0,0,0,0,0,0,0,0,2,2910600.0000000005,-17.533889999999996,17.05972,0.0,0.0,0.0,NA,0.0,0.0
SCHOOL_1271,0,0,0,0,0,0,0,0,0,0,1,2444800.0,-17.52306,17.40056,0.0,0.0,0.0,NA,0.0,0.0
SCHOOL_1272,0,0,0,0,0,0,0,0,0,0,1,840000.0,-17.517089,17.248303,0.0,0.0,0.0,NA,0.0,0.0
SCHOOL_1273,0,0,0,0,0,0,0,0,0,0,1,650500.0,-17.51028,17.04222,0.0,0.0,0.0,NA,0.0,0.0
SCHOOL_1274,0,0,0,0,0,0,0,0,0,0,2,5822099.999999999,-17.505559999999996,17.16167,0.0,0.0,0.0,NA,0.0,0.0
SCHOOL_1275,0,0,0,0,0,0,0,0,0,0,1,991700.0,-17.503827,16.685408,0.0,0.0,0.0,NA,0.0,0.0
SCHOOL_1276,0,0,0,0,0,0,0,0,0,0,1,840000.0,-17.493609999999993,16.83778,0.0,0.0,0.0,NA,0.0,0.0
SCHOOL_1277,0,0,0,0,0,0,0,0,0,0,1,1371100.0,-17.492429999999995,17.12485,0.0,0.0,0.0,NA,0.0,0.0
SCHOOL_1278,0,0,0,0,0,0,0,0,0,0,1,5564300.0,-17.51889,16.05583,0.0,0.0,0.0,NA,0.0,0.0
SCHOOL_1279,0,0,0,0,0,0,0,0,0,0,1,636100.0,-17.516914,16.378595,0.0,0.0,0.0,NA,0.0,0.0
SCHOOL_1280,0,0,0,0,0,0,0,0,0,0,1,840000.0,-17.516760999999995,16.288623,0.0,0.0,0.0,NA,0.0,0.0
SCHOOL_1281,0,0,0,0,0,0,0,0,0,0,1,11542900.0,-17.515830000000005,15.94889,0.0,0.0,0.0,NA,0.0,0.0
SCHOOL_1282,0,0,0,0,0,0,0,0,0,0,1,840000.0,-17.508724,16.12434,0.0,0.0,0.0,NA,0.0,0.0
SCHOOL_1283,0,0,0,0,0,0,0,0,0,0,2,9202500.0,-17.50819,15.84243,0.0,0.0,0.0,NA,0.0,0.0
SCHOOL_1284,0,0,0,0,0,0,0,0,0,0,2,3067600.0000000005,-17.503549999999997,16.00428,0.0,0.0,0.0,NA,0.0,0.0
SCHOOL_1285,0,0,0,0,0,0,0,0,0,0,2,9402600.0,-17.50056,16.16611,0.0,0.0,0.0,NA,0.0,0.0
SCHOOL_1286,0,0,0,0,0,0,0,0,0,0,1,1111100.0,-17.509999999999994,15.670559999999998,0.0,0.0,0.0,NA,0.0,0.0
SCHOOL_1287,0,0,0,0,0,0,0,0,0,0,1,1197700.0,-17.507220000000004,15.77639,0.0,0.0,0.0,NA,0.0,0.0
SCHOOL_1288,0,0,0,0,0,0,0,0,0,0,2,13662800.000000002,-17.50561650123329,15.631147996938434,0.0,0.0,0.0,NA,0.0,0.0
SCHOOL_1289,0,0,0,0,0,0,0,0,0,0,1,3272800.0,-17.50639,15.63694,0.0,0.0,0.0,NA,0.0,0.0
SCHOOL_1290,0,0,0,0,0,0,0,0,0,0,2,5220400.0,-17.506287999999998,15.712812,0.0,0.0,0.0,NA,0.0,0.0
SCHOOL_1291,0,0,0,0,0,0,0,0,0,0,2,5657200.000000001,-17.505279999999996,15.75028,0.0,0.0,0.0,NA,0.0,0.0
SCHOOL_1292,0,0,0,0,0,0,0,0,0,0,1,1027000.0,-17.50528,15.52694,0.0,0.0,0.0,NA,0.0,0.0
SCHOOL_1293,0,0,0,0,0,0,0,0,0,0,1,840000.0,-17.49646,15.870670000000002,0.0,0.0,0.0,NA,0.0,0.0
SCHOOL_1294,0,0,0,0,0,0,0,0,0,0,2,8959000.0,-17.49528,16.25667,0.0,0.0,0.0,NA,0.0,0.0
SCHOOL_1295,0,0,0,0,0,0,0,0,0,0,2,7344400.000000001,-17.492276999999994,15.921108,0.0,0.0,0.0,NA,0.0,0.0
SCHOOL_1296,0,0,0,0,0,0,0,0,0,0,2,3790600.0000000005,-17.483889999999995,16.07278,0.0,0.0,0.0,NA,0.0,0.0
SCHOOL_1297,0,0,0,0,0,0,0,0,0,0,1,9981800.0,-17.481389999999998,16.33528,0.0,0.0,0.0,NA,0.0,0.0
SCHOOL_1298,0,0,0,0,0,0,0,0,0,0,1,840000.0,-17.48075,16.22685,0.0,0.0,0.0,NA,0.0,0.0
SCHOOL_1299,0,0,0,0,0,0,0,0,0,0,2,8947800.0,-17.476594500997063,16.343088003273543,0.0,0.0,0.0,NA,0.0,0.0
SCHOOL_1300,0,0,0,0,0,0,0,0,0,0,2,4428600.0,-17.477409,16.498556,0.0,0.0,0.0,NA,0.0,0.0
SCHOOL_1301,0,0,0,0,0,0,0,0,0,0,2,9665000.0,-17.476109999999995,16.1075,0.0,0.0,0.0,NA,0.0,0.0
SCHOOL_1302,0,0,0,0,0,0,0,0,0,0,2,5185700.000000001,-17.474719999999998,16.44194,0.0,0.0,0.0,NA,0.0,0.0
SCHOOL_1303,0,0,0,0,0,0,0,0,0,0,1,1145300.0,-17.484902999999996,16.931129,0.0,0.0,0.0,NA,0.0,0.0
SCHOOL_1304,0,0,0,0,0,0,0,0,0,0,1,840000.0,-17.482971,17.44307,0.0,0.0,0.0,NA,0.0,0.0
SCHOOL_1305,0,0,0,0,0,0,0,0,0,0,2,1680000.0,-17.480438999999997,17.108717,0.0,0.0,0.0,NA,0.0,0.0
SCHOOL_1306,0,0,0,0,0,0,0,0,0,0,2,6728000.0,-17.47278,16.87056,0.0,0.0,0.0,NA,0.0,0.0
SCHOOL_1307,0,0,0,0,0,0,0,0,0,0,1,2870800.0,-17.469854,17.497801,0.0,0.0,0.0,NA,0.0,0.0
SCHOOL_1308,0,0,0,0,0,0,0,0,0,0,1,1194100.0,-17.468401000000004,17.002923,0.0,0.0,0.0,NA,0.0,0.0
SCHOOL_1309,0,0,0,0,0,0,0,0,0,0,1,2276400.0,-17.460829999999998,17.22333,0.0,0.0,0.0,NA,0.0,0.0
SCHOOL_1310,0,0,0,0,0,0,0,0,0,0,1,2145700.0,-17.457266,17.3379,0.0,0.0,0.0,NA,0.0,0.0
SCHOOL_1311,0,0,0,0,0,0,0,0,0,0,1,1356500.0,-17.47278,15.96806,0.0,0.0,0.0,NA,0.0,0.0
SCHOOL_1312,0,0,0,0,0,0,0,0,0,0,1,7836200.0,-17.47278,15.886940000000001,0.0,0.0,0.0,NA,0.0,0.0
SCHOOL_1313,0,0,0,0,0,0,0,0,0,0,1,1378200.0,-17.47194,16.55833,0.0,0.0,0.0,NA,0.0,0.0
SCHOOL_1314,0,0,0,0,0,0,0,0,0,0,1,11294800.0,-17.470864,15.906488,0.0,0.0,0.0,NA,0.0,0.0
SCHOOL_1315,0,0,0,0,0,0,0,0,0,0,2,1676000.0,-17.468922999999997,16.154998,0.0,0.0,0.0,NA,0.0,0.0
SCHOOL_1316,0,0,0,0,0,0,0,0,0,0,1,4168600.0000000005,-17.466670000000008,15.833059999999998,0.0,0.0,0.0,NA,0.0,0.0
SCHOOL_1317,0,0,0,0,0,0,0,0,0,0,1,1758800.0,-17.465029999999995,16.025660000000002,0.0,0.0,0.0,NA,0.0,0.0
SCHOOL_1318,0,0,0,0,0,0,0,0,0,0,1,840000.0,-17.464851,16.291148,0.0,0.0,0.0,NA,0.0,0.0
SCHOOL_1319,0,0,0,0,0,0,0,0,0,0,1,4343400.0,-17.46389,15.94278,0.0,0.0,0.0,NA,0.0,0.0
SCHOOL_1320,0,0,0,0,0,0,0,0,0,0,1,3203300.0,-17.639214999999997,14.913386,0.0,0.0,0.0,NA,0.0,0.0
SCHOOL_1321,0,0,0,0,0,0,0,0,0,0,2,1767399.9999999998,-17.636109999999995,14.693329999999998,0.0,0.0,0.0,NA,0.0,0.0
SCHOOL_1322,0,0,0,0,0,0,0,0,0,0,1,840000.0,-17.62694,14.74056,0.0,0.0,0.0,NA,0.0,0.0
SCHOOL_1323,0,0,0,0,0,0,0,0,0,0,1,896600.0,-17.625279999999993,14.60596,0.0,0.0,0.0,NA,0.0,0.0
SCHOOL_1324,0,0,0,0,0,0,0,0,0,0,1,1327400.0,-17.615878,14.955538,0.0,0.0,0.0,NA,0.0,0.0
SCHOOL_1325,0,0,0,0,0,0,0,0,0,0,2,1757300.0,-17.608289999999993,15.076970000000001,0.0,0.0,0.0,NA,0.0,0.0
SCHOOL_1326,0,0,0,0,0,0,0,0,0,0,1,840000.0,-17.60722,14.67477,0.0,0.0,0.0,NA,0.0,0.0
SCHOOL_1327,0,0,0,0,0,0,0,0,0,0,2,3685400.0,-17.601880000000005,14.84526,0.0,0.0,0.0,NA,0.0,0.0
SCHOOL_1328,0,0,0,0,0,0,0,0,0,0,2,7431600.0,-17.59891,15.02961,0.0,0.0,0.0,NA,0.0,0.0
SCHOOL_1329,0,0,0,0,0,0,0,0,0,0,2,2727900.0,-17.597469999999994,14.97966,0.0,0.0,0.0,NA,0.0,0.0
SCHOOL_1330,0,0,0,0,0,0,0,0,0,0,1,3428000.0,-17.59336,14.57724,0.0,0.0,0.0,NA,0.0,0.0
SCHOOL_1331,0,0,0,0,0,0,0,0,0,0,1,840000.0,-17.590829999999997,14.6825,0.0,0.0,0.0,NA,0.0,0.0
SCHOOL_1332,0,0,0,0,0,0,0,0,0,0,1,791500.0,-17.588329999999992,14.75111,0.0,0.0,0.0,NA,0.0,0.0
SCHOOL_1333,0,0,0,0,0,0,0,0,0,0,2,15582600.0,-17.584720000000008,14.688890000000002,0.0,0.0,0.0,NA,0.0,0.0
SCHOOL_1334,0,0,0,0,0,0,0,0,0,0,1,2581700.0,-17.580278,14.933139,0.0,0.0,0.0,NA,0.0,0.0
SCHOOL_1335,0,0,0,0,0,0,0,0,0,0,2,5691900.0,-17.576562000000003,14.896195999999998,0.0,0.0,0.0,NA,0.0,0.0
SCHOOL_1336,0,0,0,0,0,0,0,0,0,0,2,4360900.0,-17.568457000000002,14.606875999999998,0.0,0.0,0.0,NA,0.0,0.0
SCHOOL_1337,0,0,0,0,0,0,0,0,0,0,1,1857800.0,-17.561377000000004,14.720457000000001,0.0,0.0,0.0,NA,0.0,0.0
SCHOOL_1338,0,0,0,0,0,0,0,0,0,0,2,6347200.0,-17.560198999999997,15.096045,0.0,0.0,0.0,NA,0.0,0.0
SCHOOL_1339,0,0,0,0,0,0,0,0,0,0,1,840000.0,-17.556637,14.861674,0.0,0.0,0.0,NA,0.0,0.0
SCHOOL_1340,0,0,0,0,0,0,0,0,0,0,1,840000.0,-17.52624,15.055891,0.0,0.0,0.0,NA,0.0,0.0
SCHOOL_1341,0,0,0,0,0,0,0,0,0,0,1,3886900.0,-17.52611,15.003610000000002,0.0,0.0,0.0,NA,0.0,0.0
SCHOOL_1342,0,0,0,0,0,0,0,0,0,0,2,4243400.0,-17.524439999999995,14.72444,0.0,0.0,0.0,NA,0.0,0.0
SCHOOL_1343,0,0,0,0,0,0,0,0,0,0,1,861500.0,-17.524198,14.56755,0.0,0.0,0.0,NA,0.0,0.0
SCHOOL_1344,0,0,0,0,0,0,0,0,0,0,1,4072300.0,-17.51611000000001,14.635,0.0,0.0,0.0,NA,0.0,0.0
SCHOOL_1345,0,0,0,0,0,0,0,0,0,0,1,1956700.0,-17.511559999999996,14.794046,0.0,0.0,0.0,NA,0.0,0.0
SCHOOL_1346,0,0,0,0,0,0,0,0,0,0,2,15024200.0,-17.507918999999998,14.874423,0.0,0.0,0.0,NA,0.0,0.0
SCHOOL_1347,0,0,0,0,0,0,0,0,0,0,1,840000.0,-17.504310999999998,14.941853000000002,0.0,0.0,0.0,NA,0.0,0.0
SCHOOL_1348,0,0,0,0,0,0,0,0,0,0,1,2387400.0,-17.4953,15.015331,0.0,0.0,0.0,NA,0.0,0.0
SCHOOL_1349,0,0,0,0,0,0,0,0,0,0,2,3683900.0,-17.495010999999998,15.006511,0.0,0.0,0.0,NA,0.0,0.0
SCHOOL_1350,0,0,0,0,0,0,0,0,0,0,1,3849000.0,-17.492132,15.014399000000001,0.0,0.0,0.0,NA,0.0,0.0
SCHOOL_1351,0,0,0,0,0,0,0,0,0,0,2,1488699.9999999998,-17.489379999999997,14.585110000000002,0.0,0.0,0.0,NA,0.0,0.0
SCHOOL_1352,0,0,0,0,0,0,0,0,0,0,1,723100.0,-17.482296999999992,14.28513,0.0,0.0,0.0,NA,0.0,0.0
SCHOOL_1353,0,0,0,0,0,0,0,0,0,0,2,1652400.0,-17.46108,14.55268,0.0,0.0,0.0,NA,0.0,0.0
SCHOOL_1354,0,0,0,0,0,0,0,0,0,0,1,3797200.0,-17.454692,14.390739000000002,0.0,0.0,0.0,NA,0.0,0.0
SCHOOL_1355,0,0,0,0,0,0,0,0,0,0,2,20203000.0,-17.440629001251423,14.355923002543982,0.0,0.0,0.0,NA,0.0,0.0
SCHOOL_1356,0,0,0,0,0,0,0,0,0,0,1,877300.0,-17.436650999999994,14.067512,0.0,0.0,0.0,NA,0.0,0.0
SCHOOL_1357,0,0,0,0,0,0,0,0,0,0,1,7943500.0,-17.4353,14.439170000000003,0.0,0.0,0.0,NA,0.0,0.0
SCHOOL_1358,0,0,0,0,0,0,0,0,0,0,2,7503400.000000001,-17.43478250072108,14.421470999470541,0.0,0.0,0.0,NA,0.0,0.0
SCHOOL_1359,0,0,0,0,0,0,0,0,0,0,2,2638200.0,-17.44953,15.072180000000001,0.0,0.0,0.0,NA,0.0,0.0
SCHOOL_1360,0,0,0,0,0,0,0,0,0,0,2,20599200.0,-17.449170000000002,14.62833,0.0,0.0,0.0,NA,0.0,0.0
SCHOOL_1361,0,0,0,0,0,0,0,0,0,0,2,20783000.0,-17.448394,14.746815,0.0,0.0,0.0,NA,0.0,0.0
SCHOOL_1362,0,0,0,0,0,0,0,0,0,0,1,840000.0,-17.44611,14.65778,0.0,0.0,0.0,NA,0.0,0.0
SCHOOL_1363,0,0,0,0,0,0,0,0,0,0,1,1678000.0,-17.44411,14.88243,0.0,0.0,0.0,NA,0.0,0.0
SCHOOL_1364,0,0,0,0,0,0,0,0,0,0,2,8372500.0,-17.43326,14.9876,0.0,0.0,0.0,NA,0.0,0.0
SCHOOL_1365,0,0,0,0,0,0,0,0,0,0,2,1680000.0,-17.432779999999994,14.581110000000002,0.0,0.0,0.0,NA,0.0,0.0
SCHOOL_1366,0,0,0,0,0,0,0,0,0,0,2,8132700.000000001,-17.430296999999992,15.029893,0.0,0.0,0.0,NA,0.0,0.0
SCHOOL_1367,0,0,0,0,0,0,0,0,0,0,2,3887000.0,-17.41978,14.823590000000001,0.0,0.0,0.0,NA,0.0,0.0
SCHOOL_1368,0,0,0,0,0,0,0,0,0,0,1,3092000.0,-17.415299999999995,14.9322,0.0,0.0,0.0,NA,0.0,0.0
SCHOOL_1369,0,0,0,0,0,0,0,0,0,0,1,2038200.0,-17.407756,15.084771000000002,0.0,0.0,0.0,NA,0.0,0.0
SCHOOL_1370,0,0,0,0,0,0,0,0,0,0,2,5857900.0,-17.406999999999996,14.87136,0.0,0.0,0.0,NA,0.0,0.0
SCHOOL_1371,0,0,0,0,0,0,0,0,0,0,1,1459700.0,-17.4068,14.79215,0.0,0.0,0.0,NA,0.0,0.0
SCHOOL_1372,0,0,0,0,0,0,0,0,0,0,1,1211300.0,-17.40056,14.75528,0.0,0.0,0.0,NA,0.0,0.0
SCHOOL_1373,0,0,0,0,0,0,0,0,0,0,1,2200700.0,-17.470070000000003,15.756498,0.0,0.0,0.0,NA,0.0,0.0
SCHOOL_1374,0,0,0,0,0,0,0,0,0,0,1,5534900.0,-17.462755999999995,15.790951000000002,0.0,0.0,0.0,NA,0.0,0.0
SCHOOL_1375,0,0,0,0,0,0,0,0,0,0,1,5570600.0,-17.461593999999995,15.461097,0.0,0.0,0.0,NA,0.0,0.0
SCHOOL_1376,0,0,0,0,0,0,0,0,0,0,2,1680000.0,-17.459999999999994,15.64222,0.0,0.0,0.0,NA,0.0,0.0
SCHOOL_1377,0,0,0,0,0,0,0,0,0,0,2,1718200.0,-17.458610000000004,15.535,0.0,0.0,0.0,NA,0.0,0.0
SCHOOL_1378,0,0,0,0,0,0,0,0,0,0,2,6150000.0,-17.45555999999999,15.74111,0.0,0.0,0.0,NA,0.0,0.0
SCHOOL_1379,0,0,0,0,0,0,0,0,0,0,1,5775600.0,-17.453051,15.787164000000002,0.0,0.0,0.0,NA,0.0,0.0
SCHOOL_1380,0,0,0,0,0,0,0,0,0,0,1,3132200.0,-17.462499999999995,16.18889,0.0,0.0,0.0,NA,0.0,0.0
SCHOOL_1381,0,0,0,0,0,0,0,0,0,0,1,7185000.0,-17.454399999999993,15.908580000000002,0.0,0.0,0.0,NA,0.0,0.0
SCHOOL_1382,0,0,0,0,0,0,0,0,0,0,2,18998699.999999996,-17.45283050107497,15.870369002087704,0.0,0.0,0.0,NA,0.0,0.0
SCHOOL_1383,0,0,0,0,0,0,0,0,0,0,2,2731500.0,-17.452219999999997,15.937780000000002,0.0,0.0,0.0,NA,0.0,0.0
SCHOOL_1384,0,0,0,0,0,0,0,0,0,0,1,5522000.0,-17.450076000000003,15.970382000000003,0.0,0.0,0.0,NA,0.0,0.0
SCHOOL_1385,0,0,0,0,0,0,0,0,0,0,1,8632700.0,-17.44760000000001,15.893340000000002,0.0,0.0,0.0,NA,0.0,0.0
SCHOOL_1386,0,0,0,0,0,0,0,0,0,0,2,3657200.0,-17.447220000000005,16.28972,0.0,0.0,0.0,NA,0.0,0.0
SCHOOL_1387,0,0,0,0,0,0,0,0,0,0,2,1441100.0,-17.44444,16.13056,0.0,0.0,0.0,NA,0.0,0.0
SCHOOL_1388,0,0,0,0,0,0,0,0,0,0,2,4525900.0,-17.441311000000002,16.636785,0.0,0.0,0.0,NA,0.0,0.0
SCHOOL_1389,0,0,0,0,0,0,0,0,0,0,2,16808600.0,-17.441281999999998,16.065165,0.0,0.0,0.0,NA,0.0,0.0
SCHOOL_1390,0,0,0,0,0,0,0,0,0,0,2,4727800.0,-17.434169999999995,16.23806,0.0,0.0,0.0,NA,0.0,0.0
SCHOOL_1391,0,0,0,0,0,0,0,0,0,0,1,1705000.0,-17.43389,16.37972,0.0,0.0,0.0,NA,0.0,0.0
SCHOOL_1392,0,0,0,0,0,0,0,0,0,0,1,5041000.0,-17.429806000000003,16.044857,0.0,0.0,0.0,NA,0.0,0.0
SCHOOL_1393,0,0,0,0,0,0,0,0,0,0,1,1628400.0,-17.451915999999994,16.770415,0.0,0.0,0.0,NA,0.0,0.0
SCHOOL_1394,0,0,0,0,0,0,0,0,0,0,2,7407000.0,-17.43667,16.70083,0.0,0.0,0.0,NA,0.0,0.0
SCHOOL_1395,0,0,0,0,0,0,0,0,0,0,1,840000.0,-17.425999999999995,18.22667,0.0,0.0,0.0,NA,0.0,0.0
SCHOOL_1396,0,0,0,0,0,0,0,0,0,0,1,840000.0,-17.425248,18.173242000000002,0.0,0.0,0.0,NA,0.0,0.0
SCHOOL_1397,0,0,0,0,0,0,0,0,0,0,1,1188000.0,-17.417810999999993,17.396749,0.0,0.0,0.0,NA,0.0,0.0
SCHOOL_1398,0,0,0,0,0,0,0,0,0,0,2,2081800.0000000002,-17.413116,16.966208,0.0,0.0,0.0,NA,0.0,0.0
SCHOOL_1399,0,0,0,0,0,0,0,0,0,0,2,6551500.0,-17.409439999999996,17.12417,0.0,0.0,0.0,NA,0.0,0.0
SCHOOL_1400,0,0,0,0,0,0,0,0,0,0,2,7113500.0,-17.428713,16.158827,0.0,0.0,0.0,NA,0.0,0.0
SCHOOL_1401,0,0,0,0,0,0,0,0,0,0,1,2918600.0,-17.428471999999992,16.032811,0.0,0.0,0.0,NA,0.0,0.0
SCHOOL_1402,0,0,0,0,0,0,0,0,0,0,1,1687100.0,-17.428144,15.851299,0.0,0.0,0.0,NA,0.0,0.0
SCHOOL_1403,0,0,0,0,0,0,0,0,0,0,1,4439600.0,-17.424999999999997,15.91056,0.0,0.0,0.0,NA,0.0,0.0
SCHOOL_1404,0,0,0,0,0,0,0,0,0,0,2,9405100.0,-17.422725,16.116819,0.0,0.0,0.0,NA,0.0,0.0
SCHOOL_1405,0,0,0,0,0,0,0,0,0,0,1,1962200.0,-17.422207999999998,16.495273,0.0,0.0,0.0,NA,0.0,0.0
SCHOOL_1406,0,0,0,0,0,0,0,0,0,0,1,3091300.0,-17.421267,16.194867,0.0,0.0,0.0,NA,0.0,0.0
SCHOOL_1407,0,0,0,0,0,0,0,0,0,0,2,8891600.0,-17.416661999999995,15.944338999999998,0.0,0.0,0.0,NA,0.0,0.0
SCHOOL_1408,0,0,0,0,0,0,0,0,0,0,2,10600700.0,-17.41613500006621,15.996515000297896,0.0,0.0,0.0,NA,0.0,0.0
SCHOOL_1409,0,0,0,0,0,0,0,0,0,0,1,2274800.0,-17.41583,16.56444,0.0,0.0,0.0,NA,0.0,0.0
SCHOOL_1410,0,0,0,0,0,0,0,0,0,0,2,24000000.0,-17.413474000000004,15.886325999999999,0.0,0.0,0.0,NA,0.0,0.0
SCHOOL_1411,0,0,0,0,0,0,0,0,0,0,2,9750800.0,-17.41173,16.438344,0.0,0.0,0.0,NA,0.0,0.0
SCHOOL_1412,0,0,0,0,0,0,0,0,0,0,1,3626300.0,-17.410196,15.863968,0.0,0.0,0.0,NA,0.0,0.0
SCHOOL_1413,0,0,0,0,0,0,0,0,0,0,1,3773000.0,-17.409469999999992,16.30634,0.0,0.0,0.0,NA,0.0,0.0
SCHOOL_1414,0,0,0,0,0,0,0,0,0,0,2,8336100.0,-17.408012999999997,15.939903,0.0,0.0,0.0,NA,0.0,0.0
SCHOOL_1415,0,0,0,0,0,0,0,0,0,0,1,3959300.0,-17.405990000000003,16.06914,0.0,0.0,0.0,NA,0.0,0.0
SCHOOL_1416,0,0,0,0,0,0,0,0,0,0,1,2535500.0,-17.403720999999997,15.935868999999999,0.0,0.0,0.0,NA,0.0,0.0
SCHOOL_1417,0,0,0,0,0,0,0,0,0,0,1,1857400.0,-17.502099999999995,15.599060000000001,0.0,0.0,0.0,NA,0.0,0.0
SCHOOL_1418,0,0,0,0,0,0,0,0,0,0,2,3875100.0,-17.498604000000004,15.419042999999999,0.0,0.0,0.0,NA,0.0,0.0
SCHOOL_1419,0,0,0,0,0,0,0,0,0,0,1,1876000.0,-17.493451999999998,15.460628000000002,0.0,0.0,0.0,NA,0.0,0.0
SCHOOL_1420,0,0,0,0,0,0,0,0,0,0,1,661100.0,-17.483609999999995,15.538060000000002,0.0,0.0,0.0,NA,0.0,0.0
SCHOOL_1421,0,0,0,0,0,0,0,0,0,0,1,2558200.0,-17.47806,15.70278,0.0,0.0,0.0,NA,0.0,0.0
SCHOOL_1422,0,0,0,0,0,0,0,0,0,0,2,15358000.0,-17.47444,15.576670000000002,0.0,0.0,0.0,NA,0.0,0.0
SCHOOL_1423,0,0,0,0,0,0,0,0,0,0,2,14142800.0,-17.47028,15.49972,0.0,0.0,0.0,NA,0.0,0.0
SCHOOL_1424,0,0,0,0,0,0,0,0,0,0,1,1911400.0,-17.505927999999994,15.160439999999998,0.0,0.0,0.0,NA,0.0,0.0
SCHOOL_1425,0,0,0,0,0,0,0,0,0,0,2,3554600.0000000005,-17.505570000000002,15.10467,0.0,0.0,0.0,NA,0.0,0.0
SCHOOL_1426,0,0,0,0,0,0,0,0,0,0,2,3734399.9999999995,-17.484618999999995,15.202495,0.0,0.0,0.0,NA,0.0,0.0
SCHOOL_1427,0,0,0,0,0,0,0,0,0,0,2,3302000.0,-17.47528,15.260279999999998,0.0,0.0,0.0,NA,0.0,0.0
SCHOOL_1428,0,0,0,0,0,0,0,0,0,0,2,1825600.0000000002,-17.467499999999998,15.28722,0.0,0.0,0.0,NA,0.0,0.0
SCHOOL_1429,0,0,0,0,0,0,0,0,0,0,1,840000.0,-17.462956,15.207813,0.0,0.0,0.0,NA,0.0,0.0
SCHOOL_1430,0,0,0,0,0,0,0,0,0,0,2,4424900.0,-17.519306,15.316382000000003,0.0,0.0,0.0,NA,0.0,0.0
SCHOOL_1431,0,0,0,0,0,0,0,0,0,0,2,2458200.0,-17.516688,15.395013,0.0,0.0,0.0,NA,0.0,0.0
SCHOOL_1432,0,0,0,0,0,0,0,0,0,0,1,2222000.0,-17.481831999999997,15.319824000000002,0.0,0.0,0.0,NA,0.0,0.0
SCHOOL_1433,0,0,0,0,0,0,0,0,0,0,2,1641900.0,-17.481669999999994,15.373890000000001,0.0,0.0,0.0,NA,0.0,0.0
SCHOOL_1434,0,0,0,0,0,0,0,0,0,0,2,8960700.0,-17.45167,15.329170000000001,0.0,0.0,0.0,NA,0.0,0.0
SCHOOL_1435,0,0,0,0,0,0,0,0,0,0,1,10900100.0,-17.44860999999999,15.33083,0.0,0.0,0.0,NA,0.0,0.0
SCHOOL_1436,0,0,0,0,0,0,0,0,0,0,1,840000.0,-17.487749999999995,15.07352,0.0,0.0,0.0,NA,0.0,0.0
SCHOOL_1437,0,0,0,0,0,0,0,0,0,0,2,2529800.0,-17.47361,14.72222,0.0,0.0,0.0,NA,0.0,0.0
SCHOOL_1438,0,0,0,0,0,0,0,0,0,0,1,840000.0,-17.467219999999998,14.81444,0.0,0.0,0.0,NA,0.0,0.0
SCHOOL_1439,0,0,0,0,0,0,0,0,0,0,1,840000.0,-17.467171999999994,14.863581999999997,0.0,0.0,0.0,NA,0.0,0.0
SCHOOL_1440,0,0,0,0,0,0,0,0,0,0,1,1222200.0,-17.460507,14.951399,0.0,0.0,0.0,NA,0.0,0.0
SCHOOL_1441,0,0,0,0,0,0,0,0,0,0,2,3191100.0,-17.459255999999996,14.916256000000002,0.0,0.0,0.0,NA,0.0,0.0
SCHOOL_1442,0,0,0,0,0,0,0,0,0,0,1,840000.0,-17.459007,15.080111,0.0,0.0,0.0,NA,0.0,0.0
SCHOOL_1443,0,0,0,0,0,0,0,0,0,0,4,15609800.0,-17.448144751836825,15.667979502937813,0.0,0.0,0.0,NA,0.0,0.0
SCHOOL_1444,0,0,0,0,0,0,0,0,0,0,1,724700.0,-17.448059999999998,15.622780000000002,0.0,0.0,0.0,NA,0.0,0.0
SCHOOL_1445,0,0,0,0,0,0,0,0,0,0,2,2720000.0,-17.446371500175225,15.414658499392354,0.0,0.0,0.0,NA,0.0,0.0
SCHOOL_1446,0,0,0,0,0,0,0,0,0,0,2,5639900.0,-17.42943,15.586101,0.0,0.0,0.0,NA,0.0,0.0
SCHOOL_1447,0,0,0,0,0,0,0,0,0,0,2,4592100.0,-17.42778,15.720829999999998,0.0,0.0,0.0,NA,0.0,0.0
SCHOOL_1448,0,0,0,0,0,0,0,0,0,0,2,13817200.0,-17.459719999999997,15.134460000000002,0.0,0.0,0.0,NA,0.0,0.0
SCHOOL_1449,0,0,0,0,0,0,0,0,0,0,1,2183000.0,-17.4586,15.17167,0.0,0.0,0.0,NA,0.0,0.0
SCHOOL_1450,0,0,0,0,0,0,0,0,0,0,1,10725100.0,-17.44971,15.242551999999998,0.0,0.0,0.0,NA,0.0,0.0
SCHOOL_1451,0,0,0,0,0,0,0,0,0,0,1,840000.0,-17.429385,15.247363000000002,0.0,0.0,0.0,NA,0.0,0.0
SCHOOL_1452,0,0,0,0,0,0,0,0,0,0,2,4154300.0,-17.42463,15.207790000000001,0.0,0.0,0.0,NA,0.0,0.0
SCHOOL_1453,0,0,0,0,0,0,0,0,0,0,1,2481400.0,-17.417270999999996,15.178329,0.0,0.0,0.0,NA,0.0,0.0
SCHOOL_1454,0,0,0,0,0,0,0,0,0,0,2,6266600.0,-17.4136,15.127780000000001,0.0,0.0,0.0,NA,0.0,0.0
SCHOOL_1455,0,0,0,0,0,0,0,0,0,0,1,710500.0,-17.425,15.777500000000002,0.0,0.0,0.0,NA,0.0,0.0
SCHOOL_1456,0,0,0,0,0,0,0,0,0,0,2,6811900.0,-17.423609999999996,15.611389999999998,0.0,0.0,0.0,NA,0.0,0.0
SCHOOL_1457,0,0,0,0,0,0,0,0,0,0,1,2859400.0,-17.421059999999997,15.758519999999999,0.0,0.0,0.0,NA,0.0,0.0
SCHOOL_1458,0,0,0,0,0,0,0,0,0,0,2,10821599.999999998,-17.420560000000002,15.55056,0.0,0.0,0.0,NA,0.0,0.0
SCHOOL_1459,0,0,0,0,0,0,0,0,0,0,2,15571800.0,-17.418755000195226,15.470000001029936,0.0,0.0,0.0,NA,0.0,0.0
SCHOOL_1460,0,0,0,0,0,0,0,0,0,0,1,3713500.0,-17.41945,15.64889,0.0,0.0,0.0,NA,0.0,0.0
SCHOOL_1461,0,0,0,0,0,0,0,0,0,0,1,4414700.0,-17.416899000000004,15.506026,0.0,0.0,0.0,NA,0.0,0.0
SCHOOL_1462,0,0,0,0,0,0,0,0,0,0,2,6161600.0,-17.415830000000003,15.81556,0.0,0.0,0.0,NA,0.0,0.0
SCHOOL_1463,0,0,0,0,0,0,0,0,0,0,1,4734000.0,-17.414199999999994,15.415460000000001,0.0,0.0,0.0,NA,0.0,0.0
SCHOOL_1464,0,0,0,0,0,0,0,0,0,0,1,3012800.0,-17.41095,15.685799999999999,0.0,0.0,0.0,NA,0.0,0.0
SCHOOL_1465,0,0,0,0,0,0,0,0,0,0,2,2745600.0,-17.412166,15.282308000000002,0.0,0.0,0.0,NA,0.0,0.0
SCHOOL_1466,0,0,0,0,0,0,0,0,0,0,2,3877900.0,-17.4076,15.24113,0.0,0.0,0.0,NA,0.0,0.0
SCHOOL_1467,0,0,0,0,0,0,0,0,0,0,1,6880800.0,-17.43639,15.3265,0.0,0.0,0.0,NA,0.0,0.0
SCHOOL_1468,0,0,0,0,0,0,0,0,0,0,1,4835300.0,-17.434642,15.376992,0.0,0.0,0.0,NA,0.0,0.0
SCHOOL_1469,0,0,0,0,0,0,0,0,0,0,2,5069900.0,-17.420122999999997,15.339672,0.0,0.0,0.0,NA,0.0,0.0
SCHOOL_1470,0,0,0,0,0,0,0,0,0,0,2,3089000.0,-17.396389999999997,16.76306,0.0,0.0,0.0,NA,0.0,0.0
SCHOOL_1471,0,0,0,0,0,0,0,0,0,0,1,1017100.0,-17.39414199999999,16.680301,0.0,0.0,0.0,NA,0.0,0.0
SCHOOL_1472,0,0,0,0,0,0,0,0,0,0,2,5051900.0,-17.393999999999995,16.871931,0.0,0.0,0.0,NA,0.0,0.0
SCHOOL_1473,0,0,0,0,0,0,0,0,0,0,1,1651100.0,-17.456312,18.465389,0.0,0.0,0.0,NA,0.0,0.0
SCHOOL_1474,0,0,0,0,0,0,0,0,0,0,2,2225200.0,-17.421390000000002,18.43972,0.0,0.0,0.0,NA,0.0,0.0
SCHOOL_1475,0,0,0,0,0,0,0,0,0,0,1,1705400.0,-17.403673,18.421565,0.0,0.0,0.0,NA,0.0,0.0
SCHOOL_1476,0,0,0,0,0,0,0,0,0,0,1,840000.0,-17.93946,21.197959999999995,0.0,0.0,0.0,NA,0.0,0.0
SPARSE_1,0,0,71,20,0,0,0,0,0,0,0,0.0,-17.004166262650003,13.245832560350026,0.0,457.22198486328125,457.22198486328125,AY,-0.29899999499320984,0.2990031710675692
SPARSE_2,0,43,223,3,0,0,0,0,0,0,0,0.0,-17.337499594650005,13.841665891300027,0.0,1340.65625,670.328125,NA,-0.7710000276565552,0.2990031710675692
SPARSE_3,0,0,0,64,0,0,0,0,0,0,0,0.0,-17.395832927750003,14.220832556450027,0.0,323.856689453125,323.856689453125,NA,0.34599998593330383,0.167845909687332
SPARSE_4,1,12,37,18,1,0,0,0,0,0,0,0.0,-17.395832927750003,15.245832552350027,0.0,343.5015869140625,343.5015869140625,NA,-0.4560000002384186,0.674579866554568
SPARSE_5,0,17,438,1371,559,0,0,0,0,0,0,0.0,-17.433680149820837,15.897915883075026,0.0,12054.00390625,502.2501525878906,NA,0.49000000953674316,0.635208889552088
SPARSE_6,0,0,60,121,0,0,0,0,0,0,0,0.0,-17.399999594400004,18.416665873000028,0.0,905.5595092773438,452.7797546386719,NA,0.050999999046325684,0.27967763962706266
SPARSE_7,0,7,59,63,9,0,0,0,0,0,0,0.0,-17.404166261050005,15.933332549600028,0.0,693.17138671875,346.585693359375,NA,-0.04100000113248825,0.635208889552088
SPARSE_8,0,0,345,385,0,0,0,0,0,0,0,0.0,-17.431944038716672,13.273610338016693,0.0,3652.962646484375,1217.6541748046875,AY,-0.05000000074505806,0.2990031710675692
SPARSE_9,0,0,0,65,0,0,0,0,0,0,0,0.0,-17.437499594250003,14.354165889250027,0.0,328.0873107910156,328.0873107910156,NA,0.40700000524520874,0.167845909687332
SPARSE_10,0,6,114,326,147,0,0,0,0,0,0,0.0,-17.445832927550004,15.331249218675026,0.0,3008.90966796875,752.2274169921875,NA,0.49799999594688416,0.674579866554568
SPARSE_11,0,0,11,53,0,0,0,0,0,0,0,0.0,-17.445832927550004,14.429165888950028,0.0,316.9974365234375,316.9974365234375,NA,0.08900000154972076,0.167845909687332
SPARSE_12,0,0,101,13,0,0,0,0,0,0,0,0.0,-17.445832927550004,15.670832550650026,0.0,567.4234619140625,567.4234619140625,NA,-0.19200000166893005,0.07353910676068749
SPARSE_13,0,0,28,335,217,0,0,0,0,0,0,0.0,-17.449999594200005,15.866665883200026,0.0,2931.900390625,732.97509765625,NA,0.7799999713897705,0.5087146425982105
SPARSE_14,0,0,37,445,521,0,0,0,0,0,0,0.0,-17.476785308378574,16.337499214650027,0.0,5282.470703125,754.638671875,NA,1.0019999742507935,0.5904341440833286
SPARSE_15,0,0,39,360,233,0,0,0,0,0,0,0.0,-17.497023403535717,14.995832553350027,0.0,3210.212890625,458.6018371582031,NA,0.7649999856948853,0.5411601676423891
SPARSE_16,0,0,32,98,15,0,0,0,0,0,0,0.0,-17.487499594050004,24.29999918280003,0.0,730.4942626953125,365.24713134765625,NA,0.30799999833106995,0.4992239776157657
SPARSE_17,0,0,5,219,398,0,0,0,0,0,0,0.0,-17.502082927325006,24.264582516275027,0.0,3283.260986328125,820.8152465820312,NA,1.1390000581741333,0.4992239776157657
SPARSE_18,0,0,95,72,0,0,0,0,0,0,0,0.0,-17.508332927300003,15.633332550800027,0.0,837.0662841796875,418.53314208984375,NA,-0.08799999952316284,0.07353910676068749
SPARSE_19,0,2,97,190,20,0,0,0,0,0,0,0.0,-17.524999593900006,15.904165883050027,0.0,1545.3853759765625,386.3463439941406,NA,0.16699999570846558,0.5087146425982105
SPARSE_20,0,6,44,26,1,0,0,0,0,0,0,0.0,-17.520832927250005,14.979165886750026,0.0,383.1550598144531,383.1550598144531,NA,-0.28200000524520874,0.5411601676423891
SPARSE_21,0,2,58,102,10,0,0,0,0,0,0,0.0,-17.524999593900006,15.008332553300026,0.0,853.701171875,426.8505859375,NA,0.12700000405311584,0.5087146425982105
SPARSE_22,0,11,170,139,6,0,0,0,0,0,0,0.0,-17.520832927250005,16.066665882400027,0.0,1626.706787109375,406.67669677734375,NA,-0.14300000667572021,0.5087146425982105
SPARSE_23,0,1,21,37,4,0,0,0,0,0,0,0.0,-17.529166260550003,15.029165886550027,0.0,313.31195068359375,313.31195068359375,NA,0.12700000405311584,0.5087146425982105
SPARSE_24,0,7,119,98,4,0,0,0,0,0,0,0.0,-17.537499593850004,24.274999182900025,0.0,1135.689208984375,567.8446044921875,NA,-0.1379999965429306,0.4992239776157657
SPARSE_25,0,0,23,48,0,0,0,0,0,0,0,0.0,-17.562499593750005,15.912499216350026,0.0,353.3387451171875,353.3387451171875,NA,0.03700000047683716,0.2368170857524444
SPARSE_26,0,0,2,190,0,0,0,0,0,0,0,0.0,-17.579166260350004,17.212499211150025,0.0,960.6421508789062,960.6421508789062,NA,0.1589999943971634,3.961803761751141e-09
SPARSE_27,0,2,56,86,7,0,0,0,0,0,0,0.0,-17.591666260300006,14.687499221250027,0.0,757.8549194335938,378.9274597167969,NA,0.07800000160932541,0.5087146425982105
SPARSE_28,0,0,125,13,0,0,0,0,0,0,0,0.0,-17.608332926900005,15.912499216350026,0.0,691.8267211914062,345.9133605957031,NA,-0.3799999952316284,0.2368170857524444
SPARSE_29,0,0,32,930,42,0,0,0,0,0,0,0.0,-17.629166260150004,18.608332538900026,0.0,5017.41650390625,836.236083984375,NA,0.4490000009536743,0.27967763962706266
SPARSE_30,0,0,33,59,0,0,0,0,0,0,0,0.0,-17.629166260150004,24.179165849950028,0.0,458.30743408203125,458.30743408203125,NA,0.003000000026077032,0.20813537316683894
SPARSE_31,0,0,156,294,0,0,0,0,0,0,0,0.0,-17.641666260100003,15.924999216300026,0.0,2248.54345703125,562.1358642578125,NA,0.023000000044703484,0.2368170857524444
SPARSE_32,0,0,55,22,0,0,0,0,0,0,0,0.0,-17.637499593450006,18.587499205650026,0.0,384.5965881347656,384.5965881347656,NA,-0.23199999332427979,0.27967763962706266
SPARSE_33,0,9,36,20,1,0,0,0,0,0,0,0.0,-17.645832926750003,15.287499218850026,0.0,328.511962890625,328.511962890625,NA,-0.36899998784065247,0.6391267339525107
SPARSE_34,0,1,38,193,131,0,0,0,0,0,0,0.0,-17.654166260050005,15.479165884750026,0.0,1862.0479736328125,465.5119934082031,NA,0.7379999756813049,0.6391267339525107
SPARSE_35,0,0,38,113,0,0,0,0,0,0,0,0.0,-17.674999593300004,18.229165873750027,0.0,757.8349609375,378.91748046875,NA,0.11699999868869781,0.27967763962706266
SPARSE_36,0,7,67,37,1,0,0,0,0,0,0,0.0,-17.679166259950005,15.295832552150026,0.0,554.511962890625,554.511962890625,NA,-0.28200000524520874,0.5087146425982105
SPARSE_37,0,0,57,11,0,0,0,0,0,0,0,0.0,-17.687499593250003,18.662499205350027,0.0,339.4186706542969,339.4186706542969,NA,-0.18700000643730164,0.119841564498884
SPARSE_38,0,0,0,84,0,0,0,0,0,0,0,0.0,-17.712499593150003,24.52916584855003,0.0,421.1015625,421.1015625,NA,0.5120000243186951,0.15132086280645135
SPARSE_39,0,3,43,39,2,0,0,0,0,0,0,0.0,-17.729166259750006,15.495832551350027,0.0,428.0603332519531,428.0603332519531,NA,-0.10899999737739563,0.5087146425982105
SPARSE_40,0,1,42,18,0,0,0,0,0,0,0,0.0,-17.729166259750006,15.837499216650027,0.0,305.39532470703125,305.39532470703125,NA,-0.25999999046325684,0.34971797839861835
SPARSE_41,0,1,61,380,199,0,0,0,0,0,0,0.0,-17.749999593000005,15.704165883850028,0.0,3241.05078125,540.1751098632812,NA,0.6679999828338623,0.5621498817709986
SPARSE_42,0,0,24,59,0,0,0,0,0,0,0,0.0,-17.737499593050003,18.729165871750027,0.0,417.91644287109375,417.91644287109375,NA,-0.004000000189989805,0.119841564498884
SPARSE_43,0,10,135,100,4,0,0,0,0,0,0,0.0,-17.745832926350005,14.887499220450026,0.0,1243.3358154296875,1243.3358154296875,NA,-0.17800000309944153,0.5087146425982105
SPARSE_44,0,11,112,98,7,0,0,0,0,0,0,0.0,-17.754166259650003,15.679165883950027,0.0,1137.5714111328125,379.1904602050781,NA,-0.12700000405311584,0.5621498817709986
SPARSE_45,0,0,3,74,102,0,0,0,0,0,0,0.0,-17.745832926350005,15.758332550300025,0.0,931.8734130859375,465.93670654296875,NA,1.0470000505447388,0.5087146425982105
SPARSE_46,0,0,59,5,0,0,0,0,0,0,0,0.0,-17.754166259650003,23.404165853050028,0.0,319.72265625,319.72265625,NA,-0.3720000088214874,0.20813537316683894
SPARSE_47,0,0,309,46,0,0,0,0,0,0,0,0.0,-17.774999592900006,23.827082518025026,0.0,1781.1923828125,445.298095703125,NA,-0.33399999141693115,0.2340523384851618
SPARSE_48,0,0,0,43,43,0,0,0,0,0,0,0.0,-17.770832926250005,15.712499217150027,0.0,432.14923095703125,432.14923095703125,NA,0.9359999895095825,0.3561722839659703
SPARSE_49,0,0,0,32,33,0,0,0,0,0,0,0.0,-17.770832926250005,15.729165883750026,0.0,324.9913330078125,324.9913330078125,NA,0.9359999895095825,0.3561722839659703
SPARSE_50,0,1,697,1308,14,0,0,0,0,0,0,0.0,-17.806481074255558,15.784258476122249,0.0,10100.43359375,561.1351928710938,NA,0.06800000369548798,0.34971797839861835
SPARSE_51,0,5,24,27,6,0,0,0,0,0,0,0.0,-17.779166259550003,25.17083251265003,0.0,309.8883972167969,309.8883972167969,NA,-0.008999999612569809,0.7467047963995672
SPARSE_52,0,0,51,15,0,0,0,0,0,0,0,0.0,-17.787499592850004,16.079165882350026,0.0,327.0196838378906,327.0196838378906,NA,-0.1469999998807907,0.0692964653781452
SPARSE_53,0,0,378,41,0,0,0,0,0,0,0,0.0,-17.804166259450003,23.392499186430026,0.0,2093.162109375,418.6324157714844,NA,-0.3409999907016754,0.20813537316683894
SPARSE_54,0,0,12,52,2,0,0,0,0,0,0,0.0,-17.795832926150005,15.695832550550026,0.0,331.7718505859375,331.7718505859375,NA,0.24500000476837158,0.3561722839659703
SPARSE_55,0,0,4,24,29,0,0,0,0,0,0,0.0,-17.804166259450003,25.145832512750026,0.0,318.2255554199219,318.2255554199219,NA,1.0470000505447388,0.7467047963995672
SPARSE_56,0,2,60,100,10,0,0,0,0,0,0,0.0,-17.833332926000004,15.845832549950027,0.0,860.6002197265625,430.30010986328125,NA,0.11599999666213989,0.5205278124453289
SPARSE_57,0,0,9,73,0,0,0,0,0,0,0,0.0,-17.829166259350004,18.92083253765003,0.0,409.94287109375,409.94287109375,NA,0.07999999821186066,0.119841564498884
SPARSE_58,0,0,25,107,3,0,0,0,0,0,0,0.0,-17.837499592650005,15.866665883200026,0.0,675.8272705078125,337.91363525390625,NA,0.24699999392032623,0.34971797839861835
SPARSE_59,0,0,37,92,1,0,0,0,0,0,0,0.0,-17.849999592600003,15.908332549700027,0.0,650.2990112304688,325.1495056152344,NA,0.12700000405311584,0.34971797839861835
SPARSE_60,0,0,23,126,5,0,0,0,0,0,0,0.0,-17.866666259200002,15.929165882950027,0.0,770.963134765625,385.4815673828125,NA,0.2939999997615814,0.34971797839861835
SPARSE_61,0,0,68,5,0,0,0,0,0,0,0,0.0,-17.862499592550005,23.362499186550025,0.0,365.0208435058594,365.0208435058594,NA,-0.35899999737739563,0.2002531697021997
SPARSE_62,0,0,16,366,413,0,0,0,0,0,0,0.0,-17.887499592450006,15.068451600678598,0.0,4094.28271484375,584.8975219726562,NA,0.9750000238418579,0.5087146425982105
SPARSE_63,0,87,752,405,11,0,0,0,0,0,0,0.0,-17.89356019848637,15.964014367659118,0.0,6279.24658203125,570.840576171875,NA,-0.2980000078678131,0.5205278124453289
SPARSE_64,0,13,45,2,0,0,0,0,0,0,0,0.0,-17.879166259150004,19.504165868650027,0.0,304.6830139160156,304.6830139160156,NA,-0.7580000162124634,0.39171929451988674
SPARSE_65,0,1,55,33,0,0,0,0,0,0,0,0.0,-17.879166259150004,19.545832535150026,0.0,446.7673034667969,446.7673034667969,NA,-0.1940000057220459,0.39171929451988674
SPARSE_66,0,1,32,37,2,0,0,0,0,0,0,0.0,-17.879166259150004,19.78749920085003,0.0,360.0692138671875,360.0692138671875,NA,-0.020999999716877937,0.5087146425982105
SPARSE_67,0,9,259,226,5,0,0,0,0,0,0,0.0,-17.891666259100003,19.865276978316693,0.0,2491.0263671875,415.1710510253906,NA,-0.1120000034570694,0.4512892683864034
SPARSE_68,0,0,164,1,0,0,0,0,0,0,0,0.0,-17.891666259100003,20.170832532650024,0.0,820.77587890625,410.387939453125,NA,-0.3400000035762787,0.040999993681907654
SPARSE_69,0,10,893,882,9,0,0,0,0,0,0,0.0,-17.908711713577276,19.70492344360457,0.0,8970.0546875,815.4595336914062,NA,-0.07400000095367432,0.39171929451988674
SPARSE_70,0,0,75,0,0,0,0,0,0,0,0,0.0,-17.895832925750003,20.254165865650027,0.0,374.02728271484375,374.02728271484375,NA,-0.421999990940094,0.040999993681907654
SPARSE_71,0,0,673,955,0,0,0,0,0,0,0,0.0,-17.925832925630004,16.030832549210025,0.0,8137.9580078125,542.530517578125,NA,-0.04899999871850014,0.0692964653781452
SPARSE_72,0,0,453,0,0,0,0,0,0,0,0,0.0,-17.909166259030005,20.034165866530028,0.0,2267.279052734375,453.455810546875,NA,-0.38099999725818634,0.040999993681907654
SPARSE_73,0,0,0,62,0,0,0,0,0,0,0,0.0,-17.912499592350002,24.71249918115003,0.0,312.50634765625,312.50634765625,NA,0.2980000078678131,0.15132086280645135
SPARSE_74,0,6,46,13,0,0,0,0,0,0,0,0.0,-17.920832925650004,19.829165867350028,0.0,321.7496337890625,321.7496337890625,NA,-0.45500001311302185,0.4512892683864034
SPARSE_75,0,0,11,66,94,0,0,0,0,0,0,0.0,-17.929166258950005,19.754165867650027,0.0,975.5037231445312,975.5037231445312,NA,1.1759999990463257,0.784552663791853
SPARSE_76,28,201,338,139,13,0,0,0,0,0,0,0.0,-17.938888481133336,19.79166586750003,0.0,3600.5703125,600.0950317382812,NA,-0.699999988079071,0.784552663791853
SPARSE_77,7,116,444,414,91,0,0,0,0,0,0,0.0,-17.95297578266429,19.73868967723574,0.0,5385.3974609375,769.3424682617188,NA,-0.12300000339746475,0.784552663791853
SPARSE_78,0,0,26,42,0,0,0,0,0,0,0,0.0,-17.937499592250003,24.145832516750026,0.0,341.4237365722656,341.4237365722656,NA,-0.003000000026077032,0.2340523384851618
SPARSE_79,0,0,9,51,17,0,0,0,0,0,0,0.0,-17.945832925550004,16.195832548550026,0.0,382.3173522949219,382.3173522949219,NA,0.5400000214576721,0.5087146425982105
SPARSE_80,0,1,52,10,0,0,0,0,0,0,0,0.0,-17.954166258850005,13.854165891250027,0.0,311.5884094238281,311.5884094238281,AY,-0.3733333411316077,0.2990031710675692
SPARSE_81,0,7,63,23,0,0,0,0,0,0,0,0.0,-17.954166258850005,21.162499195350026,0.0,469.9897155761719,469.9897155761719,NA,-0.39100000262260437,0.47766483785147357
SPARSE_82,0,7,43,16,0,0,0,0,0,0,0,0.0,-17.962499592150003,16.420832547650026,0.0,325.6815490722656,325.6815490722656,NA,-0.4259999990463257,0.5087146425982105
SPARSE_83,0,13,50,11,0,0,0,0,0,0,0,0.0,-17.979166258750006,15.145832552750026,0.0,369.3201904296875,369.3201904296875,NA,-0.5960000157356262,0.5087146425982105
SPARSE_84,0,3,45,32,1,0,0,0,0,0,0,0.0,-17.995832925350005,21.345832527950027,0.0,402.7798156738281,402.7798156738281,NA,-0.18799999356269836,0.47766483785147357
SPARSE_85,0,0,423,3,0,0,0,0,0,0,0,0.0,-18.005832925310003,20.677499197290025,0.0,2130.056640625,426.0113220214844,NA,-0.3760000020265579,0.12300001084804535
SPARSE_86,0,7,95,54,1,0,0,0,0,0,0,0.0,-18.020832925250005,21.420832527650028,0.0,785.8896484375,785.8896484375,NA,-0.25200000405311584,0.47766483785147357
SPARSE_87,0,0,69,5,0,0,0,0,0,0,0,0.0,-18.029166258550003,20.779165863550027,0.0,370.64678955078125,370.64678955078125,NA,-0.2529999911785126,0.12300001084804535
SPARSE_88,0,0,28,49,0,0,0,0,0,0,0,0.0,-18.037499591850004,13.845832557950025,0.0,384.37005615234375,384.37005615234375,AY,0.03799999877810478,0.31623659697969386
SPARSE_89,0,0,147,0,0,0,0,0,0,0,0,0.0,-18.041666258500005,20.70416586385003,0.0,733.4214477539062,366.7107238769531,NA,-0.49900001287460327,0.12300001084804535
SPARSE_90,0,1,73,187,20,0,0,0,0,0,0,0.0,-18.059721813983337,21.440276972016694,0.0,1403.610595703125,467.8702087402344,NA,0.23399999737739563,0.47766483785147357
SPARSE_91,0,0,4,140,18,0,0,0,0,0,0,0.0,-18.066666258400005,13.824999224700026,0.0,814.130615234375,407.0653076171875,AY,0.5490000247955322,0.31623659697969386
SPARSE_92,0,0,25,250,10,0,0,0,0,0,0,0.0,-18.066666258400005,13.854165891250027,0.0,1424.708740234375,712.3543701171875,AY,0.35600000619888306,0.31623659697969386
SPARSE_93,0,0,70,157,0,0,0,0,0,0,0,0.0,-18.07361070281667,24.01805473948336,0.0,1133.215576171875,377.738525390625,NA,0.028999999165534973,0.2002531697021997
SPARSE_94,0,0,28,452,285,0,0,0,0,0,0,0.0,-18.098957924937505,21.55104086046253,0.0,3857.34912109375,482.16864013671875,NA,0.7829999923706055,0.47766483785147357
SPARSE_95,0,14,61,15,0,0,0,0,0,0,0,0.0,-18.237499591050003,16.237499215050025,0.0,455.4017333984375,455.4017333984375,NA,-0.5600000023841858,0.5087146425982105
SPARSE_96,0,0,55,12,0,0,0,0,0,0,0,0.0,-18.254166257650006,23.645832518750026,0.0,338.8121643066406,338.8121643066406,NA,-0.25099998712539673,0.2002531697021997
SPARSE_97,0,0,0,572,179,0,0,0,0,0,0,0.0,-18.360118638178577,16.58273730890717,0.0,3757.1201171875,536.7314453125,NA,0.8610000014305115,0.07424622551157901
SPARSE_98,0,6,30,39,12,0,0,0,0,0,0,0.0,-18.370832923850003,19.829165867350028,0.0,437.9659423828125,437.9659423828125,NA,0.11766666918992996,0.784552663791853
SPARSE_99,0,0,12,63,0,0,0,0,0,0,0,0.0,-18.529166256550003,19.179165869950026,0.0,375.2006530761719,375.2006530761719,NA,0.050999999046325684,0.119841564498884
SPARSE_100,0,0,20,87,21,0,0,0,0,0,0,0.0,-18.770832922250005,17.962499208150028,0.0,644.7263793945312,644.7263793945312,NA,0.4359999895095825,0.5087146425982105
SPARSE_101,0,1,46,102,13,0,0,0,0,0,0,0.0,-19.183332920600005,13.812499224750027,0.0,808.2350463867188,404.1175231933594,AY,0.21299999952316284,0.5087146425982105
SPARSE_102,0,0,0,25,43,0,0,0,0,0,0,0.0,-19.179166253950005,15.920832549650026,0.0,339.9979248046875,339.9979248046875,NA,0.9660000205039978,0.07424622551157901
SPARSE_103,0,0,0,60,555,0,0,0,0,0,0,0.0,-19.232499587070002,17.712499209150025,0.0,3078.423095703125,615.6846313476562,NA,1.2059999704360962,0.21133542498622515
SPARSE_104,0,0,0,50,16,0,0,0,0,0,0,0.0,-19.262499586950003,17.729165875750027,0.0,327.5999450683594,327.5999450683594,NA,0.7839999794960022,0.21133542498622515
SPARSE_105,0,4,65,62,3,0,0,0,0,0,0,0.0,-19.554166252450003,18.10416587425003,0.0,675.7338256835938,675.7338256835938,NA,-0.09000000357627869,0.5246214490838804
SPARSE_106,0,0,17,265,252,0,0,0,0,0,0,0.0,-19.579166252350003,18.114165874210027,0.0,2739.678466796875,547.9356689453125,NA,0.9139999747276306,0.5246214490838804
SPARSE_107,0,3,126,359,91,0,0,0,0,0,0,0.0,-19.595832918950006,20.506249197975027,0.0,2905.9873046875,726.496826171875,NA,0.3630000054836273,0.5699280615902599
SPARSE_108,0,5,55,61,7,0,0,0,0,0,0,0.0,-19.620832918850006,14.845832553950027,0.0,639.8297729492188,639.8297729492188,AY,-0.024000000208616257,0.5939696963442138
SPARSE_109,0,0,39,124,0,0,0,0,0,0,0,0.0,-19.641666252100006,18.595832538950027,0.0,814.0320434570312,407.0160217285156,NA,0.08100000023841858,0.21270402413377643
SPARSE_110,0,3,126,80,1,0,0,0,0,0,0,0.0,-19.645832918750003,17.341665877300027,0.0,1049.85205078125,524.926025390625,NA,-0.18799999356269836,0.4035678344469706
SPARSE_111,0,0,20,44,5,0,0,0,0,0,0,0.0,-19.687499585250006,14.312499222750027,0.0,347.5935974121094,347.5935974121094,AY,0.21299999952316284,0.5087146425982105
SPARSE_112,0,1,46,29,0,0,0,0,0,0,0,0.0,-19.712499585150006,17.712499209150025,0.0,382.65863037109375,382.65863037109375,NA,-0.18799999356269836,0.4035678344469706
SPARSE_113,0,0,0,169,1200,0,0,0,0,0,0,0.0,-20.107499583570004,16.152499215390026,0.0,6840.96728515625,1368.1934814453125,NA,1.0479999780654907,1.551004028215478e-08
SPARSE_114,0,0,1,63,0,0,0,0,0,0,0,0.0,-20.112499583550004,18.187499207250028,0.0,322.3074951171875,322.3074951171875,NA,0.3930000066757202,0.21270402413377643
SPARSE_115,0,0,4,92,0,0,0,0,0,0,0,0.0,-20.212499583150006,15.012499219950026,0.0,479.64190673828125,479.64190673828125,AY,0.1720000058412552,0.13653936835687636
SPARSE_116,0,11,48,20,1,0,0,0,0,0,0,0.0,-20.237499583050003,20.812499196750025,0.0,393.6226806640625,393.6226806640625,NA,-0.4429999887943268,0.5699280615902599
SPARSE_117,0,0,0,79,0,0,0,0,0,0,0,0.0,-20.370832915850006,14.970832553450027,0.0,393.68670654296875,393.68670654296875,AY,0.32899999618530273,0.13653936835687636
SPARSE_118,0,0,0,295,358,0,0,0,0,0,0,0.0,-20.458332915500005,16.637499213450027,0.0,3264.2978515625,816.074462890625,NA,0.9559999704360962,0.1946438804433646
SPARSE_119,0,0,0,13,101,0,0,0,0,0,0,0.0,-20.454166248850004,16.670832546650026,0.0,569.2498779296875,569.2498779296875,NA,1.1649999618530273,0.1946438804433646
SPARSE_120,0,0,21,785,2,0,0,0,0,0,0,0.0,-20.589166248310004,17.457499210170027,0.0,4041.108642578125,808.2217407226562,NA,0.34200000762939453,0.21270402413377643
SPARSE_121,0,0,0,27,80,0,0,0,0,0,0,0.0,-20.895832913750006,16.18749921525003,0.0,537.0458984375,537.0458984375,NA,1.0604999661445618,0.1946438804433646
SPARSE_122,0,0,51,58,0,0,0,0,0,0,0,0.0,-20.987499580050006,18.229165873750027,0.0,543.5567626953125,543.5567626953125,NA,-0.05400000140070915,0.21270402413377643
SPARSE_123,0,0,6,59,29,0,0,0,0,0,0,0.0,-21.054166246450002,15.504165884650027,0.0,469.7921142578125,469.7921142578125,AY,0.6859999895095825,0.5000679920935746
SPARSE_124,0,0,39,219,69,0,0,0,0,0,0,0.0,-21.137499579450004,18.78333253820003,0.0,1642.122314453125,821.0611572265625,NA,0.5260000228881836,0.5087146425982105
SPARSE_125,0,0,2,35,29,0,0,0,0,0,0,0.0,-21.220832912450003,14.862499220550026,0.0,331.0243835449219,331.0243835449219,AY,0.8659999966621399,0.5000679920935746
SPARSE_126,0,0,0,579,28,0,0,0,0,0,0,0.0,-21.417499578330006,15.955832549510028,0.0,3034.19140625,606.8382568359375,AY,0.7639999985694885,0.022627415986445167
SPARSE_127,0,0,0,79,0,0,0,0,0,0,0,0.0,-21.695832910550003,19.10416587025003,0.0,393.4165954589844,393.4165954589844,NA,0.35199999809265137,0.0011547011578127426
SPARSE_128,0,0,20,79,17,0,0,0,0,0,0,0.0,-21.845832909950005,20.754165863650027,0.0,586.1676025390625,586.1676025390625,NA,0.4050000011920929,0.5087146425982105
SPARSE_129,0,0,5,341,81,0,0,0,0,0,0,0.0,-21.937499576250005,15.854165883250026,0.0,2135.869384765625,711.9564819335938,AY,0.6489999890327454,0.321787661400228
SPARSE_130,0,0,0,123,917,0,0,0,0,0,0,0.0,-21.96944402056667,16.908332545700027,0.0,5751.265625,958.5442504882812,NA,1.4240000247955322,0.39537207211425346
SPARSE_131,0,0,7,244,36,0,0,0,0,0,0,0.0,-22.001388464883338,15.590276995416692,0.0,1435.505126953125,478.501708984375,AY,0.5600000023841858,0.321787661400228
SPARSE_132,0,0,0,8,58,0,0,0,0,0,0,0.0,-22.079166242350006,16.937499212250025,0.0,364.56231689453125,364.56231689453125,AY,1.4240000247955322,0.39537207211425346
SPARSE_133,0,0,0,72,0,0,0,0,0,0,0,0.0,-22.087499575650003,19.045832537150027,0.0,361.8166809082031,361.8166809082031,NA,0.3479999899864197,0.12232949978208098
SPARSE_134,0,0,248,715,21,0,0,0,0,0,0,0.0,-22.120832908850005,14.28273731810717,0.0,4924.37255859375,703.4818115234375,AY,0.17800000309944153,0.3729682730017665
SPARSE_135,0,0,0,72,0,0,0,0,0,0,0,0.0,-22.279166241550005,19.995832533350026,0.0,358.8727111816406,358.8727111816406,NA,0.5210000276565552,0.12232949978208098
SPARSE_136,0,0,20,61,0,0,0,0,0,0,0,0.0,-22.287499574850003,17.970832541450026,0.0,403.6474609375,403.6474609375,AY,0.0949999988079071,0.23733167874459618
SPARSE_137,0,0,60,135,1,0,0,0,0,0,0,0.0,-22.356944019016673,16.123610326616692,0.0,977.6776123046875,325.8925476074219,AY,0.09099999815225601,0.321787661400228
SPARSE_138,0,0,0,65,0,0,0,0,0,0,0,0.0,-22.412499574350004,18.495832539350026,0.0,325.25701904296875,325.25701904296875,AY,0.3499999940395355,0.0011547011578127426
SPARSE_139,0,0,16,50,0,0,0,0,0,0,0,0.0,-22.420832907650006,18.995832537350026,0.0,329.74578857421875,329.74578857421875,NA,0.14300000667572021,0.30068588085844744
SPARSE_140,0,0,4,78,4,0,0,0,0,0,0,0.0,-22.429166240950003,18.937499204250027,0.0,428.81317138671875,428.81317138671875,NA,0.4180000126361847,0.30068588085844744
SPARSE_141,0,1,157,1231,535,0,0,0,0,0,0,0.0,-22.45892814559286,17.069046830771455,0.0,9669.8837890625,690.7059936523438,AY,0.6389999985694885,0.5087146425982105
SPARSE_142,0,0,5,761,208,0,0,0,0,0,0,0.0,-22.450594812292863,18.973213489821454,0.0,4868.10107421875,695.4429931640625,NA,0.6930000185966492,0.30068588085844744
SPARSE_143,0,3,296,1231,288,0,0,0,0,0,0,0.0,-22.51527735171667,16.999999212000027,0.0,9108.2373046875,1518.03955078125,AY,0.4259999990463257,0.5087146425982105
SPARSE_144,0,1,125,755,256,0,0,0,0,0,0,0.0,-22.514880526321434,17.077975402164313,0.0,5702.4736328125,814.6390991210938,AY,0.5529999732971191,0.5087146425982105
SPARSE_145,0,0,10,168,143,0,0,0,0,0,0,0.0,-22.533332907200005,17.024999211900028,0.0,1634.4970703125,817.24853515625,AY,0.8759999871253967,0.5087146425982105
SPARSE_146,0,0,0,21,977,0,0,0,0,0,0,0.0,-22.579166240350006,17.09722143383336,0.0,4993.6796875,832.2799682617188,AY,1.3079999685287476,0.18513498305200643
SPARSE_147,0,0,0,62,55,0,0,0,0,0,0,0.0,-22.579166240350006,17.120832544850025,0.0,582.8980712890625,582.8980712890625,AY,0.9190000295639038,0.18513498305200643
SPARSE_148,0,0,0,103,109,0,0,0,0,0,0,0.0,-22.587499573650003,17.079165878350025,0.0,1061.3497314453125,1061.3497314453125,AY,0.9359999895095825,0.09859614440090415
SPARSE_149,0,0,0,2,890,0,0,0,0,0,0,0.0,-22.615832906870004,17.082499211670026,0.0,4458.8359375,891.7672119140625,NA,1.2139999866485596,0.09859614440090415
SPARSE_150,0,0,0,6,86,0,0,0,0,0,0,0.0,-22.612499573550004,17.05416587845003,0.0,457.6134033203125,457.6134033203125,NA,1.0829999446868896,0.09859614440090415
SPARSE_151,0,0,6,503,62,0,0,0,0,0,0,0.0,-22.629166240150006,14.524999221900027,0.0,2858.610595703125,1429.3052978515625,AY,0.5799999833106995,0.2849362481799518
SPARSE_152,0,0,2,132,16,0,0,0,0,0,0,0.0,-22.637499573450004,14.545832555150026,0.0,747.1713256835938,747.1713256835938,AY,0.5799999833106995,0.2849362481799518
SPARSE_153,0,0,3,368,69,0,0,0,0,0,0,0.0,-22.667499573330005,14.564165888410027,0.0,2196.18115234375,439.2362365722656,AY,0.6449999809265137,0.2849362481799518
SPARSE_154,0,0,24,186,2,0,0,0,0,0,0,0.0,-22.670832906650006,14.599999221600026,0.0,1060.9833984375,530.49169921875,AY,0.2720000147819519,0.2849362481799518
SPARSE_155,0,0,15,596,24,0,0,0,0,0,0,0.0,-22.829166239350005,14.542499221830028,0.0,3175.67919921875,635.1358642578125,NA,0.45899999141693115,0.26600327706223037
SPARSE_156,0,0,0,82,175,0,0,0,0,0,0,0.0,-22.920832905650006,14.543054777383361,0.0,1286.831298828125,428.9437561035156,NA,1.0579999685287476,0.26600327706223037
SPARSE_157,0,0,20,108,33,0,0,0,0,0,0,0.0,-22.937499572250005,14.512499221950026,0.0,804.2173461914062,804.2173461914062,NA,0.5170000195503235,0.5084097618489614
SPARSE_158,0,0,0,68,3,0,0,0,0,0,0,0.0,-22.945832905550006,17.204165877850027,0.0,358.4488220214844,358.4488220214844,NA,0.5299999713897705,0.23733167874459618
SPARSE_159,0,0,0,22,51,0,0,0,0,0,0,0.0,-22.954166238850004,14.487499222050026,0.0,396.90216064453125,396.90216064453125,NA,1.2359999418258667,0.5087146425982105
SPARSE_160,0,0,14,160,2,0,0,0,0,0,0,0.0,-22.966666238800006,14.516665888600027,0.0,877.529541015625,438.7647705078125,NA,0.30000001192092896,0.26600327706223037
SPARSE_161,0,0,12,265,6,0,0,0,0,0,0,0.0,-22.98194401651667,14.65138811028336,0.0,1414.1600341796875,471.3866882324219,NA,0.3919999897480011,0.26600327706223037
SPARSE_162,0,0,1,64,5,0,0,0,0,0,0,0.0,-22.995832905350007,14.595832554950027,0.0,352.84613037109375,352.84613037109375,NA,0.5522499904036522,0.26600327706223037
SPARSE_163,0,0,1,65,5,0,0,0,0,0,0,0.0,-23.029166238550005,14.462499222150026,0.0,353.7099914550781,353.7099914550781,NA,0.5522499904036522,0.26600327706223037
SPARSE_164,0,2,37,45,3,0,0,0,0,0,0,0.0,-23.295832904150004,17.095832544950028,0.0,432.0930480957031,432.0930480957031,AY,-0.00800000037997961,0.5087146425982105
SPARSE_165,0,1,30,57,6,0,0,0,0,0,0,0.0,-23.304166237450005,17.070832545050028,0.0,467.8003845214844,467.8003845214844,AY,0.15199999511241913,0.5087146425982105
SPARSE_166,0,2,38,46,3,0,0,0,0,0,0,0.0,-23.312499570750006,17.187499211250028,0.0,444.9729919433594,444.9729919433594,AY,-0.00800000037997961,0.5087146425982105
SPARSE_167,0,0,12,61,4,0,0,0,0,0,0,0.0,-23.504166236650004,18.78749920485003,0.0,385.5019836425781,385.5019836425781,AY,0.31700000166893005,0.3872834970766038
SPARSE_168,0,8,61,7,0,0,0,0,0,0,0,0.0,-23.504166236650004,19.895832533750028,0.0,377.5606994628906,377.5606994628906,AY,-0.5770000219345093,0.3872834970766038
SPARSE_169,0,0,32,30,0,0,0,0,0,0,0,0.0,-23.645832902750005,19.370832535850028,0.0,309.130615234375,309.130615234375,AY,-0.0860000029206276,0.3872834970766038
SPARSE_170,0,0,15,59,3,0,0,0,0,0,0,0.0,-23.662499569350004,19.412499202350027,0.0,383.1968994140625,383.1968994140625,AY,0.2639999985694885,0.3872834970766038
SPARSE_171,0,0,89,61,0,0,0,0,0,0,0,0.0,-23.729166235750004,17.195832544550026,0.0,750.7830810546875,750.7830810546875,AY,-0.13199999456992373,0.25465760786750424
SPARSE_172,0,3,267,16,0,0,0,0,0,0,0,0.0,-23.79027734661667,16.63472143568336,0.0,1426.3001708984375,475.4333801269531,AY,-0.4779999852180481,0.25465760786750424
SPARSE_173,0,0,29,75,9,0,0,0,0,0,0,0.0,-23.920832901650005,18.054165874450028,0.0,563.74609375,563.74609375,AY,0.24499999731779099,0.48827437621821057
SPARSE_174,0,0,125,192,0,0,0,0,0,0,0,0.0,-23.966666234800005,16.558332547100026,0.0,1584.873291015625,396.21832275390625,AY,-0.0020000000949949026,0.25465760786750424
SPARSE_175,0,1,1111,360,0,0,0,0,0,0,0,0.0,-24.04702337733572,17.12559444959288,0.0,7360.755859375,1051.5364990234375,AY,-0.24699999392032623,0.25465760786750424
SPARSE_176,0,0,105,622,1,0,0,0,0,0,0,0.0,-24.07361067881667,17.58472143188336,0.0,3646.412841796875,1215.470947265625,AY,0.19900000095367432,0.25465760786750424
SPARSE_177,0,0,4,42,20,0,0,0,0,0,0,0.0,-24.137499567450003,19.120832536850028,0.0,330.2539978027344,330.2539978027344,AY,0.6899999976158142,0.48827437621821057
SPARSE_178,0,3,48,33,1,0,0,0,0,0,0,0.0,-24.345832899950004,18.404165873050026,0.0,425.49737548828125,425.49737548828125,AY,-0.20000000298023224,0.48827437621821057
SPARSE_179,0,0,0,135,0,0,0,0,0,0,0,0.0,-24.845832897950004,16.979165878750027,0.0,674.1134643554688,674.1134643554688,NA,0.5360000133514404,0.1220000071134724
SPARSE_180,0,0,20,145,155,0,0,0,0,0,0,0.0,-25.883332893800002,18.124999207500025,0.0,1702.8577880859375,425.7144470214844,AY,0.9679999947547913,0.6635739043102441
SPARSE_181,1,20,84,54,5,0,0,0,0,0,0,0.0,-25.995832893350006,17.766665875600026,0.0,817.9324340820312,408.9662170410156,AY,-0.3059999942779541,0.6635739043102441
SPARSE_182,0,17,136,158,27,0,0,0,0,0,0,0.0,-26.50972178018334,17.154165878050026,0.0,1699.7943115234375,566.5980834960938,AY,0.008999999612569809,0.6635739043102441
SPARSE_183,0,0,44,69,0,0,0,0,0,0,0,0.0,-26.629166224150005,15.179165885950027,0.0,562.2935791015625,562.2935791015625,NA,0.014000000432133675,0.3029519191792318
SPARSE_184,0,0,1,298,132,0,0,0,0,0,0,0.0,-26.649999557400005,15.154165886050027,0.0,2158.07666015625,1079.038330078125,NA,0.7789999842643738,0.3029519191792318
SPARSE_185,0,0,1,54,8,0,0,0,0,0,0,0.0,-26.662499557350003,16.262499214950026,0.0,314.3467102050781,314.3467102050781,NA,0.5910000205039978,0.3029519191792318
SPARSE_186,0,0,12,52,2,0,0,0,0,0,0,0.0,-26.795832890150002,19.645832534750028,0.0,325.1405334472656,325.1405334472656,AY,0.24699999392032623,0.3452554627304468
SPARSE_187,0,0,0,61,50,0,0,0,0,0,0,0.0,-27.954166218850006,16.762499212950026,0.0,557.120849609375,557.120849609375,AY,0.8989999890327454,0.2590896860090061
SPARSE_188,0,0,32,344,88,0,0,0,0,0,0,0.0,-28.018055107483338,18.75138809388336,0.0,2321.216552734375,773.7388305664062,AY,0.5580000281333923,0.42544001131696035
SPARSE_189,0,0,30,37,1,0,0,0,0,0,0,0.0,-28.120832884850003,19.83749920065003,0.0,343.54547119140625,343.54547119140625,AY,-0.012000000104308128,0.42544001131696035
SPARSE_190,0,0,21,48,2,0,0,0,0,0,0,0.0,-28.445832883550004,18.737499205050028,0.0,356.5671081542969,356.5671081542969,AY,0.15600000321865082,0.42544001131696035
SPARSE_191,0,0,0,279,116,0,0,0,0,0,0,0.0,-28.548610660916673,16.434721436483358,0.0,1976.011962890625,658.670654296875,NA,0.7910000085830688,0.2590896860090061
SPARSE_192,0,0,17,107,0,0,0,0,0,0,0,0.0,-28.554166216450007,16.412499214350028,0.0,623.333984375,623.333984375,NA,0.2150000035762787,0.2590896860090061
